{"type": "FeatureCollection", "features": [{"type": "Feature", "properties": {"fips": "15003002003", "gap_national": -30.3, "gap_stratum": -26.3, "burden": 32.5, "capacity": 58.0, "svi": 0.77, "top_decile_gap": 0.0, "stratum": "metropolitan", "scored": 1}, "geometry": {"type": "Polygon", "coordinates": [[[-157.8271, 21.2828], [-157.8243, 21.2804], [-157.8279, 21.2782], [-157.8298, 21.2801], [-157.8271, 21.2828]]]}}, {"type": "Feature", "properties": {"fips": "15003011105", "gap_national": -52.7, "gap_stratum": -52.5, "burden": 13.7, "capacity": 58.9, "svi": 0.15, "top_decile_gap": 0.0, "stratum": "metropolitan", "scored": 1}, "geometry": {"type": "Polygon", "coordinates": [[[-157.7392, 21.397], [-157.7337, 21.3938], [-157.7303, 21.3972], [-157.7271, 21.3966], [-157.7301, 21.3888], [-157.7395, 21.3888], [-157.7443, 21.3938], [-157.7392, 21.397]]]}}, {"type": "Feature", "properties": {"fips": "15003010601", "gap_national": -25.0, "gap_stratum": -19.9, "burden": 37.6, "capacity": 58.5, "svi": 0.44, "top_decile_gap": 0.0, "stratum": "metropolitan", "scored": 1}, "geometry": {"type": "Polygon", "coordinates": [[[-157.7994, 21.4116], [-157.7802, 21.4119], [-157.7982, 21.403], [-157.802, 21.4035], [-157.7994, 21.4116]]]}}, {"type": "Feature", "properties": {"fips": "15003010903", "gap_national": -33.1, "gap_stratum": -32.0, "burden": 21.8, "capacity": 51.7, "svi": 0.6, "top_decile_gap": 0.0, "stratum": "metropolitan", "scored": 1}, "geometry": {"type": "Polygon", "coordinates": [[[-157.7543, 21.4092], [-157.7523, 21.4077], [-157.7434, 21.3946], [-157.7472, 21.3916], [-157.756, 21.407], [-157.7543, 21.4092]]]}}, {"type": "Feature", "properties": {"fips": "15003004900", "gap_national": -31.2, "gap_stratum": -25.7, "burden": 36.9, "capacity": 62.0, "svi": 0.85, "top_decile_gap": 0.0, "stratum": "metropolitan", "scored": 1}, "geometry": {"type": "Polygon", "coordinates": [[[-157.8586, 21.329], [-157.8538, 21.3265], [-157.86, 21.3216], [-157.8629, 21.3267], [-157.8586, 21.329]]]}}, {"type": "Feature", "properties": {"fips": "15003001400", "gap_national": -52.8, "gap_stratum": -48.0, "burden": 28.1, "capacity": 69.9, "svi": 0.18, "top_decile_gap": 0.0, "stratum": "metropolitan", "scored": 1}, "geometry": {"type": "Polygon", "coordinates": [[[-157.8089, 21.2816], [-157.8016, 21.2779], [-157.805, 21.272], [-157.8098, 21.2768], [-157.8089, 21.2816]]]}}, {"type": "Feature", "properties": {"fips": "15007940000", "gap_national": 41.6, "gap_stratum": 20.3, "burden": 63.7, "capacity": 31.5, "svi": 0.43, "top_decile_gap": 0.0, "stratum": "micropolitan", "scored": 1}, "geometry": {"type": "Polygon", "coordinates": [[[-159.4867, 22.0743], [-159.4822, 22.0768], [-159.482, 22.0793], [-159.4716, 22.0889], [-159.4648, 22.0916], [-159.4522, 22.1043], [-159.4488, 22.1041], [-159.4401, 22.1173], [-159.4351, 22.118], [-159.4264, 22.1148], [-159.4206, 22.119], [-159.418, 22.125], [-159.4123, 22.1291], [-159.4122, 22.1327], [-159.4255, 22.1527], [-159.4128, 22.1537], [-159.3993, 22.1506], [-159.3924, 22.1568], [-159.3839, 22.1606], [-159.3759, 22.1588], [-159.3726, 22.1751], [-159.3703, 22.1738], [-159.3571, 22.1838], [-159.3551, 22.1827], [-159.3521, 22.1849], [-159.3488, 22.1922], [-159.3357, 22.2042], [-159.3316, 22.2], [-159.3335, 22.1954], [-159.3318, 22.193], [-159.3285, 22.195], [-159.3123, 22.1831], [-159.3126, 22.1729], [-159.3028, 22.16], [-159.3064, 22.1503], [-159.3028, 22.1472], [-159.2964, 22.1496], [-159.2933, 22.1443], [-159.293, 22.123], [-159.2967, 22.1151], [-159.2946, 22.1109], [-159.2966, 22.1051], [-159.3039, 22.0991], [-159.3048, 22.0921], [-159.3106, 22.0934], [-159.3102, 22.0975], [-159.3186, 22.0993], [-159.3228, 22.1043], [-159.3267, 22.1053], [-159.3314, 22.1028], [-159.3393, 22.1057], [-159.3399, 22.1082], [-159.3494, 22.0987], [-159.3689, 22.0961], [-159.366, 22.0933], [-159.3724, 22.0912], [-159.3716, 22.0881], [-159.3742, 22.0861], [-159.3838, 22.083], [-159.3886, 22.0854], [-159.4045, 22.0761], [-159.4183, 22.0627], [-159.4205, 22.0656], [-159.4244, 22.0625], [-159.4281, 22.0649], [-159.4376, 22.0638], [-159.443, 22.0666], [-159.4606, 22.06], [-159.4721, 22.0645], [-159.4869, 22.0663], [-159.4912, 22.0657], [-159.4932, 22.0597], [-159.5011, 22.0718], [-159.5, 22.0745], [-159.4867, 22.0743]]]}}, {"type": "Feature", "properties": {"fips": "15001020202", "gap_national": 21.1, "gap_stratum": -4.6, "burden": 47.1, "capacity": 32.6, "svi": 0.52, "top_decile_gap": 0.0, "stratum": "micropolitan", "scored": 1}, "geometry": {"type": "Polygon", "coordinates": [[[-155.3894, 19.7265], [-155.3431, 19.7773], [-155.3434, 19.781], [-155.3384, 19.7863], [-155.3345, 19.7997], [-155.3133, 19.8003], [-155.2998, 19.7948], [-155.2896, 19.7955], [-155.2712, 19.7903], [-155.2639, 19.7844], [-155.2573, 19.7852], [-155.2383, 19.7719], [-155.2118, 19.7699], [-155.1996, 19.7655], [-155.1895, 19.7679], [-155.1701, 19.7646], [-155.1541, 19.765], [-155.1428, 19.76], [-155.1277, 19.7645], [-155.1174, 19.7627], [-155.1074, 19.764], [-155.0902, 19.7565], [-155.0899, 19.7343], [-155.0932, 19.7342], [-155.0934, 19.7321], [-155.0905, 19.7263], [-155.0971, 19.7249], [-155.1034, 19.7201], [-155.1202, 19.7199], [-155.1278, 19.7161], [-155.1342, 19.7152], [-155.1331, 19.7167], [-155.136, 19.7137], [-155.1426, 19.7159], [-155.1496, 19.7137], [-155.1471, 19.7117], [-155.1514, 19.7091], [-155.1513, 19.705], [-155.1632, 19.6867], [-155.171, 19.6893], [-155.1819, 19.6889], [-155.1843, 19.6882], [-155.1844, 19.6819], [-155.1812, 19.6792], [-155.1841, 19.6774], [-155.1929, 19.6828], [-155.2026, 19.6761], [-155.1828, 19.6754], [-155.1787, 19.6626], [-155.1623, 19.6666], [-155.1461, 19.6661], [-155.1426, 19.6595], [-155.1354, 19.6626], [-155.1507, 19.6442], [-155.1366, 19.621], [-155.1298, 19.6228], [-155.1198, 19.6302], [-155.1213, 19.6329], [-155.1238, 19.6304], [-155.1254, 19.6378], [-155.121, 19.643], [-155.1175, 19.6434], [-155.1176, 19.6467], [-155.1095, 19.6477], [-155.1045, 19.6411], [-155.0942, 19.6451], [-155.0936, 19.6431], [-155.0883, 19.6435], [-155.0821, 19.6389], [-155.0702, 19.6534], [-155.0643, 19.6574], [-155.0609, 19.6639], [-155.0494, 19.6468], [-155.128, 19.5899], [-155.1369, 19.5993], [-155.1479, 19.592], [-155.2073, 19.5645], [-155.221, 19.5622], [-155.2582, 19.5438], [-155.2996, 19.5196], [-155.3402, 19.5581], [-155.3483, 19.5737], [-155.3902, 19.6846], [-155.3969, 19.6906], [-155.3894, 19.7265]]]}}, {"type": "Feature", "properties": {"fips": "15009030706", "gap_national": -1.9, "gap_stratum": -19.0, "burden": 31.3, "capacity": 36.5, "svi": 0.5, "top_decile_gap": 0.0, "stratum": "micropolitan", "scored": 1}, "geometry": {"type": "MultiPolygon", "coordinates": [[[[-156.4651, 20.7849], [-156.462, 20.7857], [-156.455, 20.779], [-156.4537, 20.7744], [-156.4569, 20.7729], [-156.458, 20.7752], [-156.4606, 20.7748], [-156.4613, 20.7785], [-156.4729, 20.7895], [-156.4651, 20.7849]]], [[[-156.4867, 20.797], [-156.4846, 20.7938], [-156.4884, 20.7951], [-156.4867, 20.797]]]]}}, {"type": "Feature", "properties": {"fips": "15003980000", "gap_national": null, "gap_stratum": null, "burden": null, "capacity": null, "svi": null, "top_decile_gap": null, "stratum": null, "scored": 0}, "geometry": {"type": "Polygon", "coordinates": [[[-157.699, 21.2731], [-157.6888, 21.2895], [-157.677, 21.2951], [-157.6761, 21.289], [-157.6692, 21.2865], [-157.6858, 21.2758], [-157.6893, 21.269], [-157.6933, 21.273], [-157.696, 21.2717], [-157.696, 21.2672], [-157.6915, 21.2643], [-157.7062, 21.2595], [-157.708, 21.2634], [-157.699, 21.2731]]]}}, {"type": "Feature", "properties": {"fips": "15003003604", "gap_national": -39.0, "gap_stratum": -30.7, "burden": 46.5, "capacity": 76.0, "svi": 0.77, "top_decile_gap": 0.0, "stratum": "metropolitan", "scored": 1}, "geometry": {"type": "Polygon", "coordinates": [[[-157.8369, 21.2941], [-157.8357, 21.2906], [-157.8425, 21.2931], [-157.8415, 21.2955], [-157.8369, 21.2941]]]}}, {"type": "Feature", "properties": {"fips": "15003005100", "gap_national": -9.4, "gap_stratum": -2.1, "burden": 65.4, "capacity": 69.8, "svi": 0.82, "top_decile_gap": 0.0, "stratum": "metropolitan", "scored": 1}, "geometry": {"type": "Polygon", "coordinates": [[[-157.8574, 21.3184], [-157.8558, 21.3165], [-157.8601, 21.3121], [-157.8621, 21.3143], [-157.8574, 21.3184]]]}}, {"type": "Feature", "properties": {"fips": "15003010602", "gap_national": -48.4, "gap_stratum": -41.6, "burden": 36.2, "capacity": 73.8, "svi": 0.28, "top_decile_gap": 0.0, "stratum": "metropolitan", "scored": 1}, "geometry": {"type": "Polygon", "coordinates": [[[-157.802, 21.4035], [-157.7904, 21.4058], [-157.7922, 21.4026], [-157.7909, 21.3984], [-157.7972, 21.3936], [-157.7907, 21.3848], [-157.803, 21.3871], [-157.802, 21.4035]]]}}, {"type": "Feature", "properties": {"fips": "15003001700", "gap_national": -65.8, "gap_stratum": -60.2, "burden": 29.5, "capacity": 83.4, "svi": 0.43, "top_decile_gap": 0.0, "stratum": "metropolitan", "scored": 1}, "geometry": {"type": "Polygon", "coordinates": [[[-157.8163, 21.274], [-157.8151, 21.2691], [-157.81, 21.2681], [-157.8164, 21.2602], [-157.8105, 21.2558], [-157.8149, 21.2561], [-157.8211, 21.2606], [-157.8232, 21.2714], [-157.8163, 21.274]]]}}, {"type": "Feature", "properties": {"fips": "15007040302", "gap_national": -1.6, "gap_stratum": -21.8, "burden": 36.2, "capacity": 40.8, "svi": 0.44, "top_decile_gap": 0.0, "stratum": "micropolitan", "scored": 1}, "geometry": {"type": "Polygon", "coordinates": [[[-159.3207, 22.0723], [-159.3238, 22.074], [-159.3225, 22.0772], [-159.3251, 22.0803], [-159.3227, 22.0808], [-159.3233, 22.0855], [-159.3204, 22.0849], [-159.3146, 22.0972], [-159.3112, 22.0983], [-159.3117, 22.0945], [-159.3061, 22.0935], [-159.305, 22.0904], [-159.3166, 22.0754], [-159.3195, 22.0593], [-159.326, 22.0673], [-159.3207, 22.0723]]]}}, {"type": "Feature", "properties": {"fips": "15003003408", "gap_national": -20.2, "gap_stratum": -16.3, "burden": 35.0, "capacity": 53.2, "svi": 0.71, "top_decile_gap": 0.0, "stratum": "metropolitan", "scored": 1}, "geometry": {"type": "Polygon", "coordinates": [[[-157.8412, 21.3072], [-157.8395, 21.3063], [-157.8423, 21.3034], [-157.8442, 21.3043], [-157.8412, 21.3072]]]}}, {"type": "Feature", "properties": {"fips": "15003007508", "gap_national": -34.3, "gap_stratum": -30.5, "burden": 30.5, "capacity": 59.1, "svi": 0.6, "top_decile_gap": 0.0, "stratum": "metropolitan", "scored": 1}, "geometry": {"type": "Polygon", "coordinates": [[[-157.9254, 21.373], [-157.9043, 21.3665], [-157.919, 21.3641], [-157.9263, 21.3564], [-157.9288, 21.365], [-157.9254, 21.373]]]}}, {"type": "Feature", "properties": {"fips": "15003011401", "gap_national": -9.8, "gap_stratum": -10.0, "burden": 10.0, "capacity": 22.4, "svi": 0.24, "top_decile_gap": 0.0, "stratum": "metropolitan", "scored": 1}, "geometry": {"type": "Polygon", "coordinates": [[[-157.9772, 21.389], [-157.9638, 21.3887], [-157.9619, 21.3816], [-157.9677, 21.3691], [-157.9734, 21.3715], [-157.9789, 21.3798], [-157.9772, 21.389]]]}}, {"type": "Feature", "properties": {"fips": "15003008008", "gap_national": -12.6, "gap_stratum": -11.5, "burden": 20.8, "capacity": 35.6, "svi": 0.3, "top_decile_gap": 0.0, "stratum": "metropolitan", "scored": 1}, "geometry": {"type": "Polygon", "coordinates": [[[-157.9796, 21.4038], [-157.971, 21.4037], [-157.9724, 21.4014], [-157.9762, 21.4023], [-157.9774, 21.3987], [-157.984, 21.3997], [-157.9796, 21.4038]]]}}, {"type": "Feature", "properties": {"fips": "15003004802", "gap_national": -10.9, "gap_stratum": -4.4, "burden": 50.2, "capacity": 58.7, "svi": 0.71, "top_decile_gap": 0.0, "stratum": "metropolitan", "scored": 1}, "geometry": {"type": "Polygon", "coordinates": [[[-157.8586, 21.3357], [-157.86, 21.3313], [-157.8571, 21.3296], [-157.8629, 21.3267], [-157.8658, 21.3325], [-157.8586, 21.3357]]]}}, {"type": "Feature", "properties": {"fips": "15003008935", "gap_national": -18.3, "gap_stratum": -17.9, "burden": 18.1, "capacity": 37.7, "svi": 0.6, "top_decile_gap": 0.0, "stratum": "metropolitan", "scored": 1}, "geometry": {"type": "Polygon", "coordinates": [[[-158.0277, 21.3979], [-158.0242, 21.397], [-158.0344, 21.3881], [-158.0379, 21.3964], [-158.0277, 21.3979]]]}}, {"type": "Feature", "properties": {"fips": "15003008010", "gap_national": -42.3, "gap_stratum": -33.9, "burden": 47.2, "capacity": 80.0, "svi": 0.4, "top_decile_gap": 0.0, "stratum": "metropolitan", "scored": 1}, "geometry": {"type": "Polygon", "coordinates": [[[-157.9676, 21.4104], [-157.9635, 21.4095], [-157.9667, 21.402], [-157.9734, 21.4045], [-157.9676, 21.4104]]]}}, {"type": "Feature", "properties": {"fips": "15003002403", "gap_national": -17.4, "gap_stratum": -14.1, "burden": 32.8, "capacity": 49.6, "svi": 0.59, "top_decile_gap": 0.0, "stratum": "metropolitan", "scored": 1}, "geometry": {"type": "Polygon", "coordinates": [[[-157.8301, 21.2949], [-157.8274, 21.2939], [-157.8291, 21.291], [-157.8301, 21.2949]]]}}, {"type": "Feature", "properties": {"fips": "15003003802", "gap_national": -50.1, "gap_stratum": -51.6, "burden": 7.4, "capacity": 53.9, "svi": 0.16, "top_decile_gap": 0.0, "stratum": "metropolitan", "scored": 1}, "geometry": {"type": "Polygon", "coordinates": [[[-157.8547, 21.3036], [-157.8502, 21.302], [-157.8543, 21.2975], [-157.8571, 21.3028], [-157.8547, 21.3036]]]}}, {"type": "Feature", "properties": {"fips": "15003003410", "gap_national": 49.5, "gap_stratum": 52.8, "burden": 74.7, "capacity": 35.6, "svi": 0.89, "top_decile_gap": 0.0, "stratum": "metropolitan", "scored": 1}, "geometry": {"type": "Polygon", "coordinates": [[[-157.8378, 21.3055], [-157.8363, 21.3046], [-157.8384, 21.3023], [-157.8405, 21.3028], [-157.8378, 21.3055]]]}}, {"type": "Feature", "properties": {"fips": "15003009508", "gap_national": -3.8, "gap_stratum": -3.6, "burden": 10.2, "capacity": 16.3, "svi": 0.09, "top_decile_gap": 0.0, "stratum": "metropolitan", "scored": 1}, "geometry": {"type": "Polygon", "coordinates": [[[-158.0695, 21.5026], [-158.0664, 21.4998], [-158.0738, 21.4918], [-158.0815, 21.4922], [-158.0695, 21.5026]]]}}, {"type": "Feature", "properties": {"fips": "15009030712", "gap_national": -13.6, "gap_stratum": -22.8, "burden": 21.4, "capacity": 36.8, "svi": 0.55, "top_decile_gap": 0.0, "stratum": "micropolitan", "scored": 1}, "geometry": {"type": "Polygon", "coordinates": [[[-156.4508, 20.7646], [-156.4488, 20.7586], [-156.4574, 20.7585], [-156.4584, 20.7655], [-156.4508, 20.7646]]]}}, {"type": "Feature", "properties": {"fips": "15003008939", "gap_national": -16.5, "gap_stratum": -16.3, "burden": 16.6, "capacity": 34.8, "svi": 0.46, "top_decile_gap": 0.0, "stratum": "metropolitan", "scored": 1}, "geometry": {"type": "Polygon", "coordinates": [[[-158.0142, 21.4739], [-158.019, 21.4625], [-158.0235, 21.4624], [-158.0263, 21.4784], [-158.0142, 21.4739]]]}}, {"type": "Feature", "properties": {"fips": "15001021015", "gap_national": -6.4, "gap_stratum": -25.3, "burden": 34.4, "capacity": 42.9, "svi": 0.28, "top_decile_gap": 0.0, "stratum": "micropolitan", "scored": 1}, "geometry": {"type": "Polygon", "coordinates": [[[-154.9469, 19.6047], [-154.9297, 19.5938], [-154.9297, 19.5889], [-154.9734, 19.5406], [-154.9897, 19.5574], [-154.9469, 19.6047]]]}}, {"type": "Feature", "properties": {"fips": "15001020702", "gap_national": -22.5, "gap_stratum": -49.6, "burden": 41.4, "capacity": 59.6, "svi": 0.37, "top_decile_gap": 0.0, "stratum": "micropolitan", "scored": 1}, "geometry": {"type": "Polygon", "coordinates": [[[-155.0805, 19.6838], [-155.0797, 19.6737], [-155.1058, 19.6719], [-155.1068, 19.6819], [-155.0805, 19.6838]]]}}, {"type": "Feature", "properties": {"fips": "15003008702", "gap_national": -15.6, "gap_stratum": -9.3, "burden": 46.9, "capacity": 59.3, "svi": 0.91, "top_decile_gap": 0.0, "stratum": "metropolitan", "scored": 1}, "geometry": {"type": "Polygon", "coordinates": [[[-158.0128, 21.3873], [-158.0069, 21.3858], [-158.0046, 21.3904], [-157.9988, 21.394], [-158.0009, 21.381], [-158.0107, 21.379], [-158.0106, 21.3827], [-158.0133, 21.384], [-158.0128, 21.3873]]]}}, {"type": "Feature", "properties": {"fips": "15003008302", "gap_national": -19.9, "gap_stratum": -15.6, "burden": 36.2, "capacity": 54.1, "svi": 0.53, "top_decile_gap": 0.0, "stratum": "metropolitan", "scored": 1}, "geometry": {"type": "Polygon", "coordinates": [[[-157.9994, 21.3318], [-157.9949, 21.3287], [-158.0046, 21.3183], [-158.0033, 21.3126], [-158.0099, 21.3122], [-158.0129, 21.3166], [-157.9994, 21.3318]]]}}, {"type": "Feature", "properties": {"fips": "15003010904", "gap_national": -22.3, "gap_stratum": -18.5, "burden": 33.7, "capacity": 53.7, "svi": 0.19, "top_decile_gap": 0.0, "stratum": "metropolitan", "scored": 1}, "geometry": {"type": "Polygon", "coordinates": [[[-157.7494, 21.4154], [-157.7477, 21.4195], [-157.7454, 21.4118], [-157.7468, 21.4099], [-157.7434, 21.4041], [-157.7487, 21.4015], [-157.7543, 21.4092], [-157.7494, 21.4154]]]}}, {"type": "Feature", "properties": {"fips": "15003005800", "gap_national": 15.2, "gap_stratum": 20.6, "burden": 60.1, "capacity": 49.0, "svi": 0.84, "top_decile_gap": 0.0, "stratum": "metropolitan", "scored": 1}, "geometry": {"type": "Polygon", "coordinates": [[[-157.8755, 21.3309], [-157.8715, 21.3285], [-157.8794, 21.3215], [-157.8815, 21.3249], [-157.8755, 21.3309]]]}}, {"type": "Feature", "properties": {"fips": "15003000800", "gap_national": -58.2, "gap_stratum": -52.0, "burden": 31.7, "capacity": 77.8, "svi": 0.4, "top_decile_gap": 0.0, "stratum": "metropolitan", "scored": 1}, "geometry": {"type": "Polygon", "coordinates": [[[-157.7983, 21.2824], [-157.7919, 21.279], [-157.7941, 21.2784], [-157.7915, 21.2789], [-157.7991, 21.2677], [-157.805, 21.272], [-157.7983, 21.2824]]]}}, {"type": "Feature", "properties": {"fips": "15003010901", "gap_national": -58.1, "gap_stratum": -55.2, "burden": 20.5, "capacity": 67.4, "svi": 0.2, "top_decile_gap": 0.0, "stratum": "metropolitan", "scored": 1}, "geometry": {"type": "Polygon", "coordinates": [[[-157.7601, 21.4277], [-157.7438, 21.4284], [-157.7494, 21.4154], [-157.756, 21.407], [-157.7658, 21.4066], [-157.7601, 21.4277]]]}}, {"type": "Feature", "properties": {"fips": "15003006302", "gap_national": 78.2, "gap_stratum": 77.3, "burden": 93.4, "capacity": 25.2, "svi": 0.98, "top_decile_gap": 1.0, "stratum": "metropolitan", "scored": 1}, "geometry": {"type": "Polygon", "coordinates": [[[-157.8642, 21.3546], [-157.861, 21.3514], [-157.8712, 21.344], [-157.8746, 21.3478], [-157.8642, 21.3546]]]}}, {"type": "Feature", "properties": {"fips": "15003007804", "gap_national": -53.7, "gap_stratum": -46.0, "burden": 42.3, "capacity": 87.0, "svi": 0.2, "top_decile_gap": 0.0, "stratum": "metropolitan", "scored": 1}, "geometry": {"type": "Polygon", "coordinates": [[[-157.957, 21.4051], [-157.9517, 21.4078], [-157.962, 21.3944], [-157.9631, 21.3974], [-157.957, 21.4051]]]}}, {"type": "Feature", "properties": {"fips": "15009030901", "gap_national": 30.2, "gap_stratum": 36.5, "burden": 54.5, "capacity": 32.0, "svi": 0.81, "top_decile_gap": 0.0, "stratum": "metropolitan", "scored": 1}, "geometry": {"type": "Polygon", "coordinates": [[[-156.4998, 20.8954], [-156.4969, 20.8899], [-156.5127, 20.8836], [-156.5149, 20.8867], [-156.4998, 20.8954]]]}}, {"type": "Feature", "properties": {"fips": "15009031404", "gap_national": 31.4, "gap_stratum": 5.3, "burden": 52.4, "capacity": 28.8, "svi": 0.72, "top_decile_gap": 0.0, "stratum": "micropolitan", "scored": 1}, "geometry": {"type": "Polygon", "coordinates": [[[-156.6864, 20.8857], [-156.682, 20.8839], [-156.6636, 20.8554], [-156.6736, 20.8613], [-156.6798, 20.8747], [-156.6893, 20.8819], [-156.6864, 20.8857]]]}}, {"type": "Feature", "properties": {"fips": "15003000114", "gap_national": -76.1, "gap_stratum": -71.7, "burden": 25.0, "capacity": 90.8, "svi": 0.16, "top_decile_gap": 0.0, "stratum": "metropolitan", "scored": 1}, "geometry": {"type": "MultiPolygon", "coordinates": [[[[-157.7087, 21.2691], [-157.7105, 21.2807], [-157.7032, 21.2752], [-157.698, 21.2749], [-157.7073, 21.2652], [-157.7064, 21.2595], [-157.7115, 21.262], [-157.7087, 21.2691]]], [[[-157.7155, 21.2821], [-157.7189, 21.284], [-157.7186, 21.2852], [-157.7155, 21.2821]]]]}}, {"type": "Feature", "properties": {"fips": "15003000402", "gap_national": -71.0, "gap_stratum": -65.6, "burden": 30.5, "capacity": 93.6, "svi": 0.17, "top_decile_gap": 0.0, "stratum": "metropolitan", "scored": 1}, "geometry": {"type": "Polygon", "coordinates": [[[-157.7721, 21.2863], [-157.7624, 21.3028], [-157.7574, 21.2807], [-157.7597, 21.2767], [-157.7662, 21.2759], [-157.7783, 21.2776], [-157.7721, 21.2863]]]}}, {"type": "Feature", "properties": {"fips": "15003005500", "gap_national": 10.6, "gap_stratum": 16.3, "burden": 53.9, "capacity": 47.2, "svi": 0.96, "top_decile_gap": 0.0, "stratum": "metropolitan", "scored": 1}, "geometry": {"type": "Polygon", "coordinates": [[[-157.862, 21.3251], [-157.86, 21.3216], [-157.8622, 21.3199], [-157.867, 21.3216], [-157.862, 21.3251]]]}}, {"type": "Feature", "properties": {"fips": "15003001803", "gap_national": -20.5, "gap_stratum": -13.5, "burden": 47.2, "capacity": 62.8, "svi": 0.66, "top_decile_gap": 0.0, "stratum": "metropolitan", "scored": 1}, "geometry": {"type": "Polygon", "coordinates": [[[-157.822, 21.2791], [-157.8176, 21.2752], [-157.8199, 21.2766], [-157.8218, 21.2746], [-157.822, 21.2791]]]}}, {"type": "Feature", "properties": {"fips": "15003008930", "gap_national": -73.2, "gap_stratum": -69.2, "burden": 21.7, "capacity": 81.5, "svi": 0.07, "top_decile_gap": 0.0, "stratum": "metropolitan", "scored": 1}, "geometry": {"type": "Polygon", "coordinates": [[[-157.9927, 21.4712], [-157.9884, 21.4686], [-157.9944, 21.46], [-158.0039, 21.4654], [-157.9927, 21.4712]]]}}, {"type": "Feature", "properties": {"fips": "15003001804", "gap_national": -40.5, "gap_stratum": -34.3, "burden": 36.3, "capacity": 67.8, "svi": 0.56, "top_decile_gap": 0.0, "stratum": "metropolitan", "scored": 1}, "geometry": {"type": "Polygon", "coordinates": [[[-157.8199, 21.2766], [-157.8164, 21.2738], [-157.8199, 21.272], [-157.8218, 21.2746], [-157.8199, 21.2766]]]}}, {"type": "Feature", "properties": {"fips": "15001021003", "gap_national": 46.4, "gap_stratum": 25.7, "burden": 64.9, "capacity": 28.4, "svi": 0.78, "top_decile_gap": 0.0, "stratum": "micropolitan", "scored": 1}, "geometry": {"type": "Polygon", "coordinates": [[[-155.029, 19.5503], [-155.0359, 19.5619], [-155.0307, 19.5642], [-155.0335, 19.5688], [-155.0086, 19.5828], [-154.9897, 19.5574], [-154.9734, 19.5406], [-154.9867, 19.5187], [-155.0122, 19.502], [-155.0379, 19.5454], [-155.029, 19.5503]]]}}, {"type": "Feature", "properties": {"fips": "15003008944", "gap_national": -38.7, "gap_stratum": -40.6, "burden": 6.8, "capacity": 45.7, "svi": 0.22, "top_decile_gap": 0.0, "stratum": "metropolitan", "scored": 1}, "geometry": {"type": "Polygon", "coordinates": [[[-158.006, 21.4783], [-158.0009, 21.4754], [-158.0085, 21.4707], [-158.0146, 21.4752], [-158.006, 21.4783]]]}}, {"type": "Feature", "properties": {"fips": "15003003411", "gap_national": -39.3, "gap_stratum": -34.0, "burden": 33.6, "capacity": 64.9, "svi": 0.52, "top_decile_gap": 0.0, "stratum": "metropolitan", "scored": 1}, "geometry": {"type": "Polygon", "coordinates": [[[-157.8449, 21.3092], [-157.8452, 21.3068], [-157.8482, 21.3068], [-157.8449, 21.3092]]]}}, {"type": "Feature", "properties": {"fips": "15001021511", "gap_national": -27.5, "gap_stratum": -47.6, "burden": 32.7, "capacity": 56.4, "svi": 0.4, "top_decile_gap": 0.0, "stratum": "micropolitan", "scored": 1}, "geometry": {"type": "Polygon", "coordinates": [[[-155.9491, 19.6012], [-155.9434, 19.5705], [-155.9293, 19.5429], [-155.9569, 19.5904], [-155.9614, 19.6021], [-155.9491, 19.6012]]]}}, {"type": "Feature", "properties": {"fips": "15003008938", "gap_national": -2.2, "gap_stratum": 1.0, "burden": 30.9, "capacity": 36.5, "svi": 0.98, "top_decile_gap": 0.0, "stratum": "metropolitan", "scored": 1}, "geometry": {"type": "Polygon", "coordinates": [[[-158.017, 21.3852], [-158.0153, 21.3816], [-158.0208, 21.379], [-158.0245, 21.3814], [-158.017, 21.3852]]]}}, {"type": "Feature", "properties": {"fips": "15003001601", "gap_national": -24.7, "gap_stratum": -20.5, "burden": 34.5, "capacity": 55.9, "svi": 0.52, "top_decile_gap": 0.0, "stratum": "metropolitan", "scored": 1}, "geometry": {"type": "Polygon", "coordinates": [[[-157.8135, 21.2779], [-157.8113, 21.2696], [-157.8151, 21.2691], [-157.8163, 21.274], [-157.8135, 21.2779]]]}}, {"type": "Feature", "properties": {"fips": "15003003409", "gap_national": -31.9, "gap_stratum": -31.4, "burden": 19.5, "capacity": 49.1, "svi": 0.38, "top_decile_gap": 0.0, "stratum": "metropolitan", "scored": 1}, "geometry": {"type": "Polygon", "coordinates": [[[-157.8395, 21.3063], [-157.8378, 21.3055], [-157.8405, 21.3028], [-157.8422, 21.3036], [-157.8395, 21.3063]]]}}, {"type": "Feature", "properties": {"fips": "15003000122", "gap_national": -55.4, "gap_stratum": -47.8, "burden": 41.5, "capacity": 88.1, "svi": 0.11, "top_decile_gap": 0.0, "stratum": "metropolitan", "scored": 1}, "geometry": {"type": "Polygon", "coordinates": [[[-157.6957, 21.2895], [-157.6909, 21.2887], [-157.6813, 21.2935], [-157.6888, 21.2895], [-157.698, 21.2749], [-157.7048, 21.276], [-157.6957, 21.2895]]]}}, {"type": "Feature", "properties": {"fips": "15003006814", "gap_national": -7.7, "gap_stratum": -3.2, "burden": 39.5, "capacity": 48.3, "svi": 0.76, "top_decile_gap": 0.0, "stratum": "metropolitan", "scored": 1}, "geometry": {"type": "Polygon", "coordinates": [[[-157.9128, 21.346], [-157.9085, 21.3437], [-157.9131, 21.3437], [-157.9128, 21.346]]]}}, {"type": "Feature", "properties": {"fips": "15003003605", "gap_national": 0.8, "gap_stratum": 5.8, "burden": 43.3, "capacity": 45.3, "svi": 0.58, "top_decile_gap": 0.0, "stratum": "metropolitan", "scored": 1}, "geometry": {"type": "Polygon", "coordinates": [[[-157.8412, 21.2962], [-157.8425, 21.2931], [-157.8462, 21.2948], [-157.8451, 21.2976], [-157.8412, 21.2962]]]}}, {"type": "Feature", "properties": {"fips": "15003009803", "gap_national": 68.3, "gap_stratum": 69.8, "burden": 83.4, "capacity": 26.7, "svi": 0.96, "top_decile_gap": 1.0, "stratum": "metropolitan", "scored": 1}, "geometry": {"type": "Polygon", "coordinates": [[[-158.2152, 21.4729], [-158.2087, 21.4606], [-158.2144, 21.4603], [-158.2134, 21.4633], [-158.2181, 21.4676], [-158.2194, 21.4762], [-158.2152, 21.4729]]]}}, {"type": "Feature", "properties": {"fips": "15003001501", "gap_national": -42.6, "gap_stratum": -37.5, "burden": 31.7, "capacity": 65.6, "svi": 0.62, "top_decile_gap": 0.0, "stratum": "metropolitan", "scored": 1}, "geometry": {"type": "Polygon", "coordinates": [[[-157.8134, 21.2857], [-157.8089, 21.2816], [-157.814, 21.2791], [-157.8134, 21.2857]]]}}, {"type": "Feature", "properties": {"fips": "15003008418", "gap_national": -22.7, "gap_stratum": -19.5, "burden": 31.4, "capacity": 52.2, "svi": 0.53, "top_decile_gap": 0.0, "stratum": "metropolitan", "scored": 1}, "geometry": {"type": "Polygon", "coordinates": [[[-158.0129, 21.3166], [-158.0085, 21.3117], [-157.9903, 21.314], [-158.0224, 21.3078], [-158.0129, 21.3166]]]}}, {"type": "Feature", "properties": {"fips": "15003009510", "gap_national": -12.5, "gap_stratum": -13.5, "burden": 3.3, "capacity": 20.7, "svi": 0.05, "top_decile_gap": 0.0, "stratum": "metropolitan", "scored": 1}, "geometry": {"type": "Polygon", "coordinates": [[[-158.0738, 21.4918], [-158.0733, 21.4878], [-158.0819, 21.4878], [-158.0815, 21.4922], [-158.0738, 21.4918]]]}}, {"type": "Feature", "properties": {"fips": "15003003504", "gap_national": -32.5, "gap_stratum": -23.8, "burden": 57.0, "capacity": 81.5, "svi": 0.75, "top_decile_gap": 0.0, "stratum": "metropolitan", "scored": 1}, "geometry": {"type": "Polygon", "coordinates": [[[-157.8384, 21.3023], [-157.8339, 21.3008], [-157.8361, 21.297], [-157.8402, 21.2985], [-157.8384, 21.3023]]]}}, {"type": "Feature", "properties": {"fips": "15003008629", "gap_national": 15.8, "gap_stratum": 21.4, "burden": 46.3, "capacity": 36.3, "svi": 0.37, "top_decile_gap": 0.0, "stratum": "metropolitan", "scored": 1}, "geometry": {"type": "Polygon", "coordinates": [[[-158.0592, 21.3372], [-158.0564, 21.3345], [-158.0595, 21.3325], [-158.0644, 21.3365], [-158.064, 21.3391], [-158.0592, 21.3372]]]}}, {"type": "Feature", "properties": {"fips": "15003008633", "gap_national": -16.1, "gap_stratum": -15.0, "burden": 21.4, "capacity": 38.9, "svi": 0.33, "top_decile_gap": 0.0, "stratum": "metropolitan", "scored": 1}, "geometry": {"type": "Polygon", "coordinates": [[[-158.0867, 21.3569], [-158.0824, 21.359], [-158.0824, 21.3553], [-158.0793, 21.3562], [-158.0755, 21.344], [-158.0777, 21.342], [-158.0815, 21.3475], [-158.0872, 21.349], [-158.0867, 21.3569]]]}}, {"type": "Feature", "properties": {"fips": "15003006816", "gap_national": -39.4, "gap_stratum": -36.8, "burden": 25.1, "capacity": 58.4, "svi": 0.79, "top_decile_gap": 0.0, "stratum": "metropolitan", "scored": 1}, "geometry": {"type": "Polygon", "coordinates": [[[-157.9177, 21.3493], [-157.9158, 21.3445], [-157.9222, 21.3477], [-157.9211, 21.35], [-157.9177, 21.3493]]]}}, {"type": "Feature", "properties": {"fips": "15003004201", "gap_national": -52.4, "gap_stratum": -46.1, "burden": 33.4, "capacity": 74.4, "svi": 0.54, "top_decile_gap": 0.0, "stratum": "metropolitan", "scored": 1}, "geometry": {"type": "Polygon", "coordinates": [[[-157.8588, 21.3134], [-157.8576, 21.3116], [-157.8587, 21.3106], [-157.8588, 21.3134]]]}}, {"type": "Feature", "properties": {"fips": "15003008630", "gap_national": 4.2, "gap_stratum": 8.5, "burden": 37.3, "capacity": 37.3, "svi": 0.55, "top_decile_gap": 0.0, "stratum": "metropolitan", "scored": 1}, "geometry": {"type": "Polygon", "coordinates": [[[-158.0878, 21.3628], [-158.09, 21.3701], [-158.088, 21.3716], [-158.0846, 21.3684], [-158.0848, 21.362], [-158.0881, 21.3521], [-158.0913, 21.3551], [-158.0878, 21.3628]]]}}, {"type": "Feature", "properties": {"fips": "15003008941", "gap_national": -24.9, "gap_stratum": -17.4, "burden": 47.8, "capacity": 66.3, "svi": 0.43, "top_decile_gap": 0.0, "stratum": "metropolitan", "scored": 1}, "geometry": {"type": "Polygon", "coordinates": [[[-158.0119, 21.4604], [-158.0074, 21.4596], [-158.0079, 21.4536], [-158.0112, 21.4512], [-158.0156, 21.4511], [-158.0164, 21.456], [-158.0119, 21.4604]]]}}, {"type": "Feature", "properties": {"fips": "15003008948", "gap_national": -34.6, "gap_stratum": -29.9, "burden": 33.4, "capacity": 61.5, "svi": 0.24, "top_decile_gap": 0.0, "stratum": "metropolitan", "scored": 1}, "geometry": {"type": "Polygon", "coordinates": [[[-157.9987, 21.4195], [-157.9937, 21.4085], [-157.9981, 21.4078], [-158.0035, 21.416], [-157.9987, 21.4195]]]}}, {"type": "Feature", "properties": {"fips": "15003006819", "gap_national": -9.7, "gap_stratum": -4.8, "burden": 41.9, "capacity": 51.7, "svi": 0.75, "top_decile_gap": 0.0, "stratum": "metropolitan", "scored": 1}, "geometry": {"type": "Polygon", "coordinates": [[[-157.9018, 21.346], [-157.9015, 21.3452], [-157.9105, 21.3451], [-157.9018, 21.346]]]}}, {"type": "Feature", "properties": {"fips": "15003002204", "gap_national": -37.9, "gap_stratum": -36.9, "burden": 20.2, "capacity": 53.7, "svi": 0.38, "top_decile_gap": 0.0, "stratum": "metropolitan", "scored": 1}, "geometry": {"type": "Polygon", "coordinates": [[[-157.826, 21.2875], [-157.8237, 21.2875], [-157.8262, 21.2849], [-157.826, 21.2875]]]}}, {"type": "Feature", "properties": {"fips": "15009030711", "gap_national": 10.2, "gap_stratum": -14.4, "burden": 45.2, "capacity": 39.7, "svi": 0.29, "top_decile_gap": 0.0, "stratum": "micropolitan", "scored": 1}, "geometry": {"type": "Polygon", "coordinates": [[[-156.458, 20.7752], [-156.4569, 20.7729], [-156.4534, 20.7754], [-156.4508, 20.7646], [-156.4584, 20.7655], [-156.4606, 20.7748], [-156.458, 20.7752]]]}}, {"type": "Feature", "properties": {"fips": "15009031107", "gap_national": 71.7, "gap_stratum": 76.3, "burden": 75.1, "capacity": 13.9, "svi": 0.82, "top_decile_gap": 1.0, "stratum": "metropolitan", "scored": 1}, "geometry": {"type": "Polygon", "coordinates": [[[-156.499, 20.8801], [-156.493, 20.8812], [-156.492, 20.8745], [-156.4807, 20.8697], [-156.4888, 20.8635], [-156.4824, 20.8531], [-156.4849, 20.8488], [-156.4963, 20.8518], [-156.5003, 20.8701], [-156.499, 20.8801]]]}}, {"type": "Feature", "properties": {"fips": "15007040401", "gap_national": 3.4, "gap_stratum": -14.7, "burden": 31.9, "capacity": 32.6, "svi": 0.69, "top_decile_gap": 0.0, "stratum": "micropolitan", "scored": 1}, "geometry": {"type": "Polygon", "coordinates": [[[-159.5026, 22.0331], [-159.505, 22.0389], [-159.5025, 22.0487], [-159.5061, 22.0549], [-159.5, 22.0568], [-159.5011, 22.0718], [-159.4932, 22.0597], [-159.4912, 22.0657], [-159.4869, 22.0663], [-159.4721, 22.0645], [-159.4606, 22.06], [-159.443, 22.0666], [-159.4376, 22.0638], [-159.4281, 22.0649], [-159.4244, 22.0625], [-159.4205, 22.0656], [-159.4183, 22.0627], [-159.4169, 22.0661], [-159.4128, 22.0663], [-159.4131, 22.0625], [-159.4091, 22.0591], [-159.4109, 22.0566], [-159.3957, 22.0582], [-159.3878, 22.0521], [-159.3802, 22.055], [-159.3665, 22.0453], [-159.3632, 22.0455], [-159.3642, 22.0411], [-159.3588, 22.0448], [-159.3521, 22.0442], [-159.347, 22.0488], [-159.3395, 22.0472], [-159.3352, 22.0448], [-159.3345, 22.0417], [-159.3386, 22.0234], [-159.3326, 21.9993], [-159.3351, 21.9932], [-159.3399, 21.9909], [-159.3439, 21.9937], [-159.3562, 21.9873], [-159.365, 21.9885], [-159.3652, 21.9922], [-159.3666, 21.9885], [-159.3695, 21.9887], [-159.3719, 21.99], [-159.3712, 21.9925], [-159.3759, 21.9915], [-159.3775, 21.9943], [-159.3743, 21.9861], [-159.3773, 21.9841], [-159.3765, 21.9821], [-159.379, 21.9824], [-159.3787, 21.9793], [-159.3732, 21.9758], [-159.3852, 21.9706], [-159.3864, 21.9732], [-159.3963, 21.9742], [-159.399, 21.9704], [-159.4071, 21.9783], [-159.4005, 21.9647], [-159.4015, 21.9625], [-159.3918, 21.9627], [-159.3889, 21.9649], [-159.3836, 21.959], [-159.3805, 21.9601], [-159.3783, 21.9557], [-159.3813, 21.9528], [-159.3702, 21.9513], [-159.3648, 21.9465], [-159.3619, 21.9489], [-159.3504, 21.949], [-159.3476, 21.9476], [-159.3502, 21.9414], [-159.3468, 21.9364], [-159.3541, 21.9366], [-159.3551, 21.9316], [-159.362, 21.9315], [-159.3679, 21.9258], [-159.3799, 21.9212], [-159.3853, 21.9124], [-159.3886, 21.9124], [-159.3903, 21.9073], [-159.3877, 21.903], [-159.3995, 21.9077], [-159.4, 21.9206], [-159.4046, 21.928], [-159.4256, 21.9302], [-159.4417, 21.936], [-159.4549, 21.9363], [-159.4596, 21.9408], [-159.4592, 21.9458], [-159.4529, 21.9516], [-159.4582, 21.9509], [-159.4614, 21.9577], [-159.4538, 21.963], [-159.4544, 21.9657], [-159.4682, 21.9606], [-159.4741, 21.9703], [-159.4759, 21.9785], [-159.4855, 21.9835], [-159.4907, 21.9814], [-159.497, 21.9835], [-159.499, 21.9955], [-159.5029, 21.9973], [-159.5041, 22.0117], [-159.5085, 22.0214], [-159.5026, 22.0331]]]}}, {"type": "Feature", "properties": {"fips": "15003006900", "gap_national": -12.7, "gap_stratum": -13.0, "burden": 11.1, "capacity": 26.5, "svi": 0.3, "top_decile_gap": 0.0, "stratum": "metropolitan", "scored": 1}, "geometry": {"type": "Polygon", "coordinates": [[[-157.9122, 21.3437], [-157.8991, 21.3449], [-157.9015, 21.3351], [-157.9131, 21.3368], [-157.9122, 21.3437]]]}}, {"type": "Feature", "properties": {"fips": "15003006301", "gap_national": -12.1, "gap_stratum": -6.7, "burden": 43.1, "capacity": 54.2, "svi": 0.61, "top_decile_gap": 0.0, "stratum": "metropolitan", "scored": 1}, "geometry": {"type": "Polygon", "coordinates": [[[-157.8746, 21.3478], [-157.8712, 21.344], [-157.8603, 21.3503], [-157.8716, 21.3393], [-157.8798, 21.3436], [-157.8746, 21.3478]]]}}, {"type": "Feature", "properties": {"fips": "15003003501", "gap_national": -24.6, "gap_stratum": -16.7, "burden": 50.3, "capacity": 68.0, "svi": 0.88, "top_decile_gap": 0.0, "stratum": "metropolitan", "scored": 1}, "geometry": {"type": "Polygon", "coordinates": [[[-157.8487, 21.3056], [-157.8423, 21.3034], [-157.8441, 21.2998], [-157.8502, 21.302], [-157.8487, 21.3056]]]}}, {"type": "Feature", "properties": {"fips": "15009031102", "gap_national": 1.8, "gap_stratum": 7.3, "burden": 47.9, "capacity": 48.4, "svi": 0.63, "top_decile_gap": 0.0, "stratum": "metropolitan", "scored": 1}, "geometry": {"type": "Polygon", "coordinates": [[[-156.4833, 20.8888], [-156.4787, 20.8888], [-156.4775, 20.8851], [-156.4714, 20.8837], [-156.4787, 20.8734], [-156.4856, 20.8826], [-156.4833, 20.8888]]]}}, {"type": "Feature", "properties": {"fips": "15001021502", "gap_national": 9.7, "gap_stratum": -9.4, "burden": 45.3, "capacity": 40.2, "svi": 0.56, "top_decile_gap": 0.0, "stratum": "rural", "scored": 1}, "geometry": {"type": "Polygon", "coordinates": [[[-155.973, 19.7526], [-155.9614, 19.7606], [-155.9329, 19.7686], [-155.9101, 19.7806], [-155.8512, 19.7997], [-155.8409, 19.8071], [-155.8439, 19.8129], [-155.8428, 19.816], [-155.8187, 19.8289], [-155.812, 19.8248], [-155.8077, 19.8161], [-155.8052, 19.8165], [-155.799, 19.8077], [-155.7974, 19.7994], [-155.7866, 19.7869], [-155.7804, 19.7756], [-155.7724, 19.7687], [-155.7697, 19.7699], [-155.7646, 19.7619], [-155.7624, 19.7619], [-155.765, 19.7509], [-155.7623, 19.747], [-155.7572, 19.7412], [-155.7455, 19.7361], [-155.7347, 19.7249], [-155.7369, 19.7103], [-155.7349, 19.7106], [-155.7383, 19.706], [-155.7392, 19.6956], [-155.7359, 19.6842], [-155.7259, 19.6725], [-155.7258, 19.6643], [-155.7213, 19.6619], [-155.7152, 19.6406], [-155.7035, 19.6302], [-155.6933, 19.6306], [-155.6851, 19.627], [-155.673, 19.6056], [-155.6588, 19.5949], [-155.6495, 19.582], [-155.6361, 19.574], [-155.6343, 19.5609], [-155.6175, 19.5314], [-155.5995, 19.5184], [-155.6391, 19.4479], [-155.7537, 19.4066], [-155.7737, 19.4521], [-155.7983, 19.4874], [-155.785, 19.4846], [-155.7716, 19.4855], [-155.7638, 19.4957], [-155.7608, 19.5065], [-155.7635, 19.5267], [-155.7796, 19.5237], [-155.7962, 19.5242], [-155.8124, 19.5268], [-155.8203, 19.5307], [-155.8251, 19.526], [-155.8287, 19.5278], [-155.8431, 19.5263], [-155.8544, 19.5227], [-155.8573, 19.5362], [-155.8558, 19.5486], [-155.8594, 19.551], [-155.8752, 19.5459], [-155.8874, 19.5446], [-155.8999, 19.5463], [-155.9164, 19.5384], [-155.9189, 19.5403], [-155.9286, 19.5387], [-155.9299, 19.5472], [-155.9434, 19.5705], [-155.9497, 19.6102], [-155.9632, 19.627], [-155.9627, 19.6327], [-155.949, 19.634], [-155.9581, 19.6595], [-155.9756, 19.6882], [-155.9787, 19.7305], [-155.973, 19.7526]]]}}, {"type": "Feature", "properties": {"fips": "15003002005", "gap_national": -9.3, "gap_stratum": -4.4, "burden": 41.8, "capacity": 51.3, "svi": 0.61, "top_decile_gap": 0.0, "stratum": "metropolitan", "scored": 1}, "geometry": {"type": "Polygon", "coordinates": [[[-157.8327, 21.2883], [-157.8297, 21.2856], [-157.8323, 21.2845], [-157.8348, 21.2889], [-157.8327, 21.2883]]]}}, {"type": "Feature", "properties": {"fips": "15003003603", "gap_national": 2.0, "gap_stratum": 7.5, "burden": 73.0, "capacity": 68.0, "svi": 0.85, "top_decile_gap": 0.0, "stratum": "metropolitan", "scored": 1}, "geometry": {"type": "Polygon", "coordinates": [[[-157.8402, 21.2985], [-157.8369, 21.2973], [-157.8369, 21.2941], [-157.8412, 21.2962], [-157.8402, 21.2985]]]}}, {"type": "Feature", "properties": {"fips": "15003008921", "gap_national": -29.7, "gap_stratum": -23.5, "burden": 39.9, "capacity": 63.4, "svi": 0.5, "top_decile_gap": 0.0, "stratum": "metropolitan", "scored": 1}, "geometry": {"type": "Polygon", "coordinates": [[[-157.9895, 21.4106], [-157.9876, 21.4003], [-157.9852, 21.3984], [-157.9918, 21.398], [-157.9972, 21.4079], [-157.9895, 21.4106]]]}}, {"type": "Feature", "properties": {"fips": "15003008410", "gap_national": -27.9, "gap_stratum": -29.1, "burden": 10.0, "capacity": 39.0, "svi": 0.2, "top_decile_gap": 0.0, "stratum": "metropolitan", "scored": 1}, "geometry": {"type": "Polygon", "coordinates": [[[-158.023, 21.3337], [-158.0183, 21.3254], [-158.034, 21.3192], [-158.0402, 21.3283], [-158.023, 21.3337]]]}}, {"type": "Feature", "properties": {"fips": "15003008928", "gap_national": -44.2, "gap_stratum": -43.2, "burden": 18.9, "capacity": 57.0, "svi": 0.16, "top_decile_gap": 0.0, "stratum": "metropolitan", "scored": 1}, "geometry": {"type": "Polygon", "coordinates": [[[-157.9911, 21.4862], [-157.9892, 21.4844], [-157.9856, 21.4856], [-157.9839, 21.4766], [-157.9893, 21.4739], [-157.9964, 21.4795], [-157.9968, 21.4826], [-157.9911, 21.4862]]]}}, {"type": "Feature", "properties": {"fips": "15001022102", "gap_national": 16.1, "gap_stratum": -4.3, "burden": 63.5, "capacity": 51.1, "svi": 0.56, "top_decile_gap": 0.0, "stratum": "rural", "scored": 1}, "geometry": {"type": "Polygon", "coordinates": [[[-155.5225, 19.6315], [-155.496, 19.712], [-155.4588, 19.7536], [-155.4567, 19.7531], [-155.4563, 19.7573], [-155.4633, 19.7709], [-155.4616, 19.7767], [-155.4631, 19.7821], [-155.4604, 19.7864], [-155.4622, 19.7938], [-155.4746, 19.8102], [-155.4603, 19.7981], [-155.456, 19.8015], [-155.4499, 19.8002], [-155.4435, 19.8027], [-155.4364, 19.8123], [-155.4389, 19.8191], [-155.4369, 19.8308], [-155.4273, 19.8464], [-155.4136, 19.8605], [-155.394, 19.8618], [-155.3885, 19.8677], [-155.3681, 19.8791], [-155.367, 19.8844], [-155.3609, 19.8883], [-155.3579, 19.895], [-155.3507, 19.901], [-155.3447, 19.9143], [-155.3335, 19.9256], [-155.3147, 19.9584], [-155.307, 19.9648], [-155.2942, 19.9841], [-155.2912, 19.9992], [-155.2864, 20.006], [-155.2846, 20.0198], [-155.2687, 20.0124], [-155.2619, 20.0058], [-155.2516, 20.0007], [-155.248, 19.9951], [-155.2412, 19.994], [-155.2383, 19.9874], [-155.2056, 19.9694], [-155.1969, 19.9601], [-155.1962, 19.9556], [-155.1886, 19.9548], [-155.1773, 19.9478], [-155.1284, 19.9037], [-155.1286, 19.9005], [-155.1327, 19.8973], [-155.1418, 19.8945], [-155.1467, 19.8837], [-155.1696, 19.8773], [-155.1746, 19.8709], [-155.1902, 19.8639], [-155.1943, 19.8583], [-155.2053, 19.8567], [-155.205, 19.8643], [-155.2173, 19.8638], [-155.3322, 19.8358], [-155.3354, 19.7959], [-155.3384, 19.7863], [-155.3434, 19.781], [-155.3431, 19.7773], [-155.3894, 19.7265], [-155.3969, 19.6906], [-155.3902, 19.6846], [-155.3562, 19.5925], [-155.3413, 19.5608], [-155.3417, 19.5353], [-155.3441, 19.5294], [-155.3297, 19.5041], [-155.3152, 19.4948], [-155.3107, 19.485], [-155.3044, 19.482], [-155.2995, 19.4749], [-155.3001, 19.4614], [-155.2929, 19.4544], [-155.3229, 19.4472], [-155.381, 19.5], [-155.4271, 19.5345], [-155.4815, 19.5476], [-155.5557, 19.5039], [-155.5605, 19.5063], [-155.5573, 19.5077], [-155.5225, 19.6315]]]}}, {"type": "Feature", "properties": {"fips": "15003006000", "gap_national": -12.2, "gap_stratum": -8.0, "burden": 37.4, "capacity": 49.8, "svi": 0.87, "top_decile_gap": 0.0, "stratum": "metropolitan", "scored": 1}, "geometry": {"type": "Polygon", "coordinates": [[[-157.8837, 21.3373], [-157.8755, 21.3309], [-157.8795, 21.3269], [-157.8894, 21.3334], [-157.8837, 21.3373]]]}}, {"type": "Feature", "properties": {"fips": "15003005400", "gap_national": 87.1, "gap_stratum": 86.2, "burden": 96.5, "capacity": 18.0, "svi": 1.0, "top_decile_gap": 1.0, "stratum": "metropolitan", "scored": 1}, "geometry": {"type": "Polygon", "coordinates": [[[-157.8636, 21.3218], [-157.8622, 21.3199], [-157.8646, 21.318], [-157.866, 21.3202], [-157.8636, 21.3218]]]}}, {"type": "Feature", "properties": {"fips": "15003010503", "gap_national": 24.3, "gap_stratum": 29.3, "burden": 63.6, "capacity": 45.4, "svi": 0.77, "top_decile_gap": 0.0, "stratum": "metropolitan", "scored": 1}, "geometry": {"type": "Polygon", "coordinates": [[[-157.8164, 21.4116], [-157.8073, 21.4118], [-157.8015, 21.417], [-157.7994, 21.4116], [-157.8053, 21.4106], [-157.8102, 21.4034], [-157.816, 21.4025], [-157.8187, 21.4045], [-157.8164, 21.4116]]]}}, {"type": "Feature", "properties": {"fips": "15003006813", "gap_national": -64.1, "gap_stratum": -60.2, "burden": 22.4, "capacity": 73.7, "svi": 0.36, "top_decile_gap": 0.0, "stratum": "metropolitan", "scored": 1}, "geometry": {"type": "Polygon", "coordinates": [[[-157.9198, 21.3558], [-157.9131, 21.3546], [-157.9001, 21.3604], [-157.899, 21.3544], [-157.9036, 21.3456], [-157.9087, 21.3461], [-157.9121, 21.3485], [-157.9107, 21.3504], [-157.9178, 21.3527], [-157.9209, 21.3515], [-157.9198, 21.3558]]]}}, {"type": "Feature", "properties": {"fips": "15003003801", "gap_national": -41.9, "gap_stratum": -41.0, "burden": 19.2, "capacity": 55.6, "svi": 0.72, "top_decile_gap": 0.0, "stratum": "metropolitan", "scored": 1}, "geometry": {"type": "Polygon", "coordinates": [[[-157.8583, 21.3024], [-157.8543, 21.2975], [-157.8578, 21.295], [-157.8544, 21.2933], [-157.855, 21.2867], [-157.867, 21.2935], [-157.8583, 21.3024]]]}}, {"type": "Feature", "properties": {"fips": "15003009202", "gap_national": -37.0, "gap_stratum": -31.7, "burden": 34.1, "capacity": 63.7, "svi": 0.3, "top_decile_gap": 0.0, "stratum": "metropolitan", "scored": 1}, "geometry": {"type": "Polygon", "coordinates": [[[-158.0012, 21.5119], [-157.9983, 21.5073], [-158.0116, 21.5022], [-158.0139, 21.5098], [-158.0012, 21.5119]]]}}, {"type": "Feature", "properties": {"fips": "15003008415", "gap_national": -24.9, "gap_stratum": -25.8, "burden": 11.5, "capacity": 37.6, "svi": 0.15, "top_decile_gap": 0.0, "stratum": "metropolitan", "scored": 1}, "geometry": {"type": "Polygon", "coordinates": [[[-158.0162, 21.3393], [-158.0128, 21.3362], [-158.0205, 21.3288], [-158.023, 21.3337], [-158.0162, 21.3393]]]}}, {"type": "Feature", "properties": {"fips": "15003000904", "gap_national": -25.3, "gap_stratum": -17.3, "burden": 50.9, "capacity": 69.1, "svi": 0.1, "top_decile_gap": 0.0, "stratum": "metropolitan", "scored": 1}, "geometry": {"type": "Polygon", "coordinates": [[[-157.7924, 21.2912], [-157.7853, 21.2904], [-157.7873, 21.283], [-157.7904, 21.2822], [-157.7904, 21.2844], [-157.7953, 21.2863], [-157.7924, 21.2912]]]}}, {"type": "Feature", "properties": {"fips": "15003006818", "gap_national": -52.7, "gap_stratum": -47.7, "burden": 28.7, "capacity": 70.3, "svi": 0.45, "top_decile_gap": 0.0, "stratum": "metropolitan", "scored": 1}, "geometry": {"type": "Polygon", "coordinates": [[[-157.9095, 21.3468], [-157.9105, 21.3451], [-157.9128, 21.346], [-157.9121, 21.3485], [-157.9095, 21.3468]]]}}, {"type": "Feature", "properties": {"fips": "15009031105", "gap_national": 6.0, "gap_stratum": 10.5, "burden": 38.0, "capacity": 36.5, "svi": 0.64, "top_decile_gap": 0.0, "stratum": "metropolitan", "scored": 1}, "geometry": {"type": "Polygon", "coordinates": [[[-156.4734, 20.8811], [-156.4659, 20.8766], [-156.4621, 20.8798], [-156.4604, 20.8763], [-156.4676, 20.8697], [-156.4807, 20.8697], [-156.4734, 20.8811]]]}}, {"type": "Feature", "properties": {"fips": "15003002401", "gap_national": -8.8, "gap_stratum": -4.4, "burden": 38.6, "capacity": 48.3, "svi": 0.82, "top_decile_gap": 0.0, "stratum": "metropolitan", "scored": 1}, "geometry": {"type": "Polygon", "coordinates": [[[-157.8314, 21.2918], [-157.8255, 21.2891], [-157.8269, 21.2876], [-157.832, 21.2903], [-157.8314, 21.2918]]]}}, {"type": "Feature", "properties": {"fips": "15003006401", "gap_national": -20.9, "gap_stratum": -16.5, "burden": 36.4, "capacity": 54.9, "svi": 0.7, "top_decile_gap": 0.0, "stratum": "metropolitan", "scored": 1}, "geometry": {"type": "Polygon", "coordinates": [[[-157.8716, 21.3393], [-157.8676, 21.3437], [-157.8697, 21.3362], [-157.8732, 21.3393], [-157.8716, 21.3393]]]}}, {"type": "Feature", "properties": {"fips": "15003008417", "gap_national": -17.7, "gap_stratum": -16.8, "burden": 20.9, "capacity": 39.7, "svi": 0.3, "top_decile_gap": 0.0, "stratum": "metropolitan", "scored": 1}, "geometry": {"type": "Polygon", "coordinates": [[[-158.0283, 21.3403], [-158.0303, 21.3432], [-158.0268, 21.3473], [-158.0246, 21.3392], [-158.0306, 21.3364], [-158.0318, 21.3385], [-158.0283, 21.3403]]]}}, {"type": "Feature", "properties": {"fips": "15003008801", "gap_national": -46.3, "gap_stratum": -41.2, "burden": 30.6, "capacity": 67.2, "svi": 0.76, "top_decile_gap": 0.0, "stratum": "metropolitan", "scored": 1}, "geometry": {"type": "Polygon", "coordinates": [[[-158.0042, 21.3987], [-158.0028, 21.3919], [-158.0046, 21.3899], [-158.0096, 21.3961], [-158.0042, 21.3987]]]}}, {"type": "Feature", "properties": {"fips": "15003002301", "gap_national": -0.9, "gap_stratum": 4.6, "burden": 47.0, "capacity": 49.6, "svi": 0.67, "top_decile_gap": 0.0, "stratum": "metropolitan", "scored": 1}, "geometry": {"type": "Polygon", "coordinates": [[[-157.8209, 21.2913], [-157.8149, 21.2904], [-157.8172, 21.2882], [-157.8232, 21.2889], [-157.8209, 21.2913]]]}}, {"type": "Feature", "properties": {"fips": "15003001202", "gap_national": -8.9, "gap_stratum": -3.7, "burden": 43.7, "capacity": 52.4, "svi": 0.68, "top_decile_gap": 0.0, "stratum": "metropolitan", "scored": 1}, "geometry": {"type": "Polygon", "coordinates": [[[-157.799, 21.2989], [-157.7952, 21.2944], [-157.7975, 21.2901], [-157.8035, 21.2893], [-157.799, 21.2989]]]}}, {"type": "Feature", "properties": {"fips": "15003006815", "gap_national": 13.2, "gap_stratum": 18.7, "burden": 48.3, "capacity": 40.2, "svi": 0.76, "top_decile_gap": 0.0, "stratum": "metropolitan", "scored": 1}, "geometry": {"type": "Polygon", "coordinates": [[[-157.9063, 21.3455], [-157.9014, 21.3447], [-157.9085, 21.3437], [-157.9063, 21.3455]]]}}, {"type": "Feature", "properties": {"fips": "15003009509", "gap_national": -11.0, "gap_stratum": -11.5, "burden": 7.3, "capacity": 21.6, "svi": 0.21, "top_decile_gap": 0.0, "stratum": "metropolitan", "scored": 1}, "geometry": {"type": "Polygon", "coordinates": [[[-158.0618, 21.5004], [-158.0595, 21.4982], [-158.0622, 21.4944], [-158.0606, 21.4919], [-158.0738, 21.4918], [-158.074, 21.4936], [-158.0618, 21.5004]]]}}, {"type": "Feature", "properties": {"fips": "15003003104", "gap_national": -75.0, "gap_stratum": -70.6, "burden": 25.1, "capacity": 89.2, "svi": 0.18, "top_decile_gap": 0.0, "stratum": "metropolitan", "scored": 1}, "geometry": {"type": "Polygon", "coordinates": [[[-157.7991, 21.3218], [-157.7955, 21.3203], [-157.7943, 21.3164], [-157.7988, 21.3097], [-157.8014, 21.3091], [-157.8056, 21.313], [-157.7991, 21.3218]]]}}, {"type": "Feature", "properties": {"fips": "15003003413", "gap_national": -11.7, "gap_stratum": -5.2, "burden": 49.9, "capacity": 59.0, "svi": 0.91, "top_decile_gap": 0.0, "stratum": "metropolitan", "scored": 1}, "geometry": {"type": "Polygon", "coordinates": [[[-157.8482, 21.3068], [-157.8412, 21.3072], [-157.8443, 21.3041], [-157.8482, 21.3068]]]}}, {"type": "Feature", "properties": {"fips": "15003003503", "gap_national": 31.1, "gap_stratum": 34.3, "burden": 73.7, "capacity": 49.0, "svi": 0.72, "top_decile_gap": 0.0, "stratum": "metropolitan", "scored": 1}, "geometry": {"type": "Polygon", "coordinates": [[[-157.8423, 21.3034], [-157.8384, 21.3023], [-157.8402, 21.2985], [-157.8441, 21.2998], [-157.8423, 21.3034]]]}}, {"type": "Feature", "properties": {"fips": "15001021203", "gap_national": 31.6, "gap_stratum": 13.3, "burden": 67.1, "capacity": 43.0, "svi": 0.76, "top_decile_gap": 0.0, "stratum": "micropolitan", "scored": 1}, "geometry": {"type": "Polygon", "coordinates": [[[-155.7388, 19.2048], [-155.7362, 19.25], [-155.7318, 19.2725], [-155.6913, 19.3349], [-155.6416, 19.3903], [-155.6189, 19.422], [-155.6492, 19.4372], [-155.6445, 19.4458], [-155.6391, 19.4479], [-155.5962, 19.5243], [-155.5557, 19.5039], [-155.4815, 19.5476], [-155.4271, 19.5345], [-155.381, 19.5], [-155.3229, 19.4472], [-155.2937, 19.4542], [-155.2802, 19.4335], [-155.2709, 19.4369], [-155.2576, 19.4335], [-155.2484, 19.4237], [-155.2394, 19.4225], [-155.2331, 19.4156], [-155.2406, 19.4147], [-155.2386, 19.4133], [-155.2395, 19.4087], [-155.2485, 19.4085], [-155.2531, 19.4053], [-155.2532, 19.3985], [-155.2335, 19.3722], [-155.2263, 19.3711], [-155.2219, 19.3658], [-155.2243, 19.358], [-155.2185, 19.3482], [-155.2127, 19.3454], [-155.2005, 19.3323], [-155.1914, 19.3274], [-155.1862, 19.3286], [-155.1767, 19.3202], [-155.169, 19.3168], [-155.1634, 19.3181], [-155.1454, 19.313], [-155.1288, 19.3147], [-155.1293, 19.3125], [-155.143, 19.3067], [-155.1483, 19.3066], [-155.155, 19.3008], [-155.1478, 19.2929], [-155.1333, 19.2904], [-155.1197, 19.2828], [-155.1159, 19.2837], [-155.1006, 19.294], [-155.09, 19.2992], [-155.076, 19.3147], [-155.0662, 19.3213], [-155.0578, 19.3242], [-155.0463, 19.3222], [-155.0295, 19.3313], [-155.0241, 19.3298], [-155.0219, 19.3361], [-155.0165, 19.3285], [-155.0404, 19.3205], [-155.0486, 19.3143], [-155.0712, 19.3117], [-155.0885, 19.2976], [-155.098, 19.2949], [-155.1298, 19.274], [-155.1424, 19.2733], [-155.1571, 19.2653], [-155.1847, 19.2633], [-155.1919, 19.2561], [-155.1978, 19.2581], [-155.2078, 19.2565], [-155.2329, 19.2626], [-155.2343, 19.2658], [-155.2431, 19.2687], [-155.2491, 19.2679], [-155.2625, 19.2712], [-155.2752, 19.2661], [-155.2932, 19.2639], [-155.3046, 19.2553], [-155.3108, 19.2475], [-155.3389, 19.2311], [-155.347, 19.2145], [-155.358, 19.2065], [-155.3739, 19.2], [-155.3861, 19.1986], [-155.3942, 19.1946], [-155.3992, 19.1883], [-155.4147, 19.1847], [-155.4501, 19.149], [-155.5013, 19.1349], [-155.51, 19.129], [-155.5097, 19.1216], [-155.5147, 19.1187], [-155.5174, 19.1133], [-155.5259, 19.1115], [-155.5429, 19.0858], [-155.5492, 19.0854], [-155.553, 19.0803], [-155.5631, 19.0845], [-155.5705, 19.0846], [-155.5795, 19.0707], [-155.5873, 19.0669], [-155.5862, 19.0572], [-155.5892, 19.056], [-155.5927, 19.0552], [-155.6124, 19.0683], [-155.6185, 19.0684], [-155.6256, 19.0627], [-155.6342, 19.0599], [-155.6424, 19.0627], [-155.6569, 19.0595], [-155.6688, 19.0608], [-155.6769, 19.0581], [-155.6905, 19.0591], [-155.7035, 19.0662], [-155.7149, 19.0637], [-155.7831, 19.0872], [-155.8172, 19.1031], [-155.835, 19.117], [-155.839, 19.1273], [-155.7388, 19.2048]]]}}, {"type": "Feature", "properties": {"fips": "15003940006", "gap_national": 60.5, "gap_stratum": 63.2, "burden": 78.5, "capacity": 29.5, "svi": 0.65, "top_decile_gap": 1.0, "stratum": "metropolitan", "scored": 1}, "geometry": {"type": "Polygon", "coordinates": [[[-158.1443, 21.3867], [-158.1371, 21.3888], [-158.1323, 21.3835], [-158.1397, 21.376], [-158.1353, 21.3679], [-158.1479, 21.3824], [-158.1443, 21.3867]]]}}, {"type": "Feature", "properties": {"fips": "15003000115", "gap_national": -64.1, "gap_stratum": -57.5, "burden": 36.9, "capacity": 95.6, "svi": 0.39, "top_decile_gap": 0.0, "stratum": "metropolitan", "scored": 1}, "geometry": {"type": "Polygon", "coordinates": [[[-157.7229, 21.32], [-157.715, 21.317], [-157.7083, 21.3033], [-157.7083, 21.2936], [-157.714, 21.2885], [-157.7169, 21.2926], [-157.7193, 21.2865], [-157.7193, 21.3061], [-157.7229, 21.32]]]}}, {"type": "Feature", "properties": {"fips": "15003008012", "gap_national": -43.7, "gap_stratum": -35.5, "burden": 45.5, "capacity": 79.3, "svi": 0.52, "top_decile_gap": 0.0, "stratum": "metropolitan", "scored": 1}, "geometry": {"type": "Polygon", "coordinates": [[[-157.963, 21.4107], [-157.9557, 21.4053], [-157.9631, 21.3974], [-157.9667, 21.402], [-157.963, 21.4107]]]}}, {"type": "Feature", "properties": {"fips": "15003008936", "gap_national": -37.9, "gap_stratum": -31.5, "burden": 37.6, "capacity": 67.2, "svi": 0.45, "top_decile_gap": 0.0, "stratum": "metropolitan", "scored": 1}, "geometry": {"type": "Polygon", "coordinates": [[[-158.0308, 21.3898], [-158.0295, 21.3943], [-158.0242, 21.397], [-158.0232, 21.3887], [-158.032, 21.3837], [-158.0344, 21.3881], [-158.0308, 21.3898]]]}}, {"type": "Feature", "properties": {"fips": "15003008405", "gap_national": -21.6, "gap_stratum": -20.8, "burden": 21.0, "capacity": 42.9, "svi": 0.45, "top_decile_gap": 0.0, "stratum": "metropolitan", "scored": 1}, "geometry": {"type": "Polygon", "coordinates": [[[-158.0214, 21.3503], [-158.0162, 21.3393], [-158.023, 21.3337], [-158.0267, 21.3475], [-158.0214, 21.3503]]]}}, {"type": "Feature", "properties": {"fips": "15001022000", "gap_national": 13.1, "gap_stratum": -14.8, "burden": 54.9, "capacity": 46.2, "svi": 0.65, "top_decile_gap": 0.0, "stratum": "small_town", "scored": 1}, "geometry": {"type": "Polygon", "coordinates": [[[-155.7151, 19.6801], [-155.6325, 19.7635], [-155.633, 19.7977], [-155.6363, 19.8229], [-155.6308, 19.8427], [-155.6256, 19.8447], [-155.6326, 19.8508], [-155.644, 19.8559], [-155.6379, 19.8753], [-155.621, 19.8969], [-155.6106, 19.9162], [-155.6065, 19.9304], [-155.6011, 19.9319], [-155.5831, 19.9649], [-155.5812, 19.9776], [-155.5859, 20.0094], [-155.5711, 20.0006], [-155.5623, 19.9997], [-155.5547, 19.9934], [-155.5501, 19.9843], [-155.5475, 19.971], [-155.5184, 19.9571], [-155.5001, 19.982], [-155.5027, 19.9916], [-155.4932, 20.0163], [-155.4827, 20.0237], [-155.4821, 20.0288], [-155.469, 20.0404], [-155.4561, 20.0674], [-155.4431, 20.0828], [-155.4377, 20.0855], [-155.4351, 20.0914], [-155.4021, 20.0758], [-155.3985, 20.0712], [-155.3902, 20.0669], [-155.3508, 20.0493], [-155.3455, 20.0491], [-155.3302, 20.0385], [-155.2846, 20.0198], [-155.2864, 20.006], [-155.2912, 19.9992], [-155.2942, 19.9841], [-155.307, 19.9648], [-155.3147, 19.9584], [-155.3335, 19.9256], [-155.3447, 19.9143], [-155.3507, 19.901], [-155.3579, 19.895], [-155.3609, 19.8883], [-155.367, 19.8844], [-155.3681, 19.8791], [-155.3885, 19.8677], [-155.394, 19.8618], [-155.4136, 19.8605], [-155.4273, 19.8464], [-155.4369, 19.8308], [-155.4389, 19.8191], [-155.4364, 19.8123], [-155.4435, 19.8027], [-155.4499, 19.8002], [-155.456, 19.8015], [-155.4603, 19.7981], [-155.4746, 19.8102], [-155.4622, 19.7938], [-155.4604, 19.7864], [-155.4631, 19.7821], [-155.4616, 19.7767], [-155.4633, 19.7709], [-155.4563, 19.7573], [-155.4567, 19.7531], [-155.4588, 19.7536], [-155.496, 19.712], [-155.5225, 19.6315], [-155.5573, 19.5077], [-155.5605, 19.5063], [-155.5962, 19.5243], [-155.5995, 19.5184], [-155.6175, 19.5314], [-155.6343, 19.5609], [-155.6361, 19.574], [-155.6495, 19.582], [-155.6588, 19.5949], [-155.673, 19.6056], [-155.6851, 19.627], [-155.6933, 19.6306], [-155.7035, 19.6302], [-155.7152, 19.6406], [-155.7213, 19.6619], [-155.7258, 19.6643], [-155.7258, 19.6718], [-155.7151, 19.6801]]]}}, {"type": "Feature", "properties": {"fips": "15003002600", "gap_national": -5.9, "gap_stratum": 0.8, "burden": 55.1, "capacity": 59.2, "svi": 0.85, "top_decile_gap": 0.0, "stratum": "metropolitan", "scored": 1}, "geometry": {"type": "Polygon", "coordinates": [[[-157.8339, 21.3008], [-157.8171, 21.2904], [-157.8361, 21.297], [-157.8339, 21.3008]]]}}, {"type": "Feature", "properties": {"fips": "15003001801", "gap_national": -15.1, "gap_stratum": -8.1, "burden": 51.0, "capacity": 62.1, "svi": 0.82, "top_decile_gap": 0.0, "stratum": "metropolitan", "scored": 1}, "geometry": {"type": "Polygon", "coordinates": [[[-157.8241, 21.2773], [-157.8199, 21.272], [-157.8227, 21.2715], [-157.8241, 21.2773]]]}}, {"type": "Feature", "properties": {"fips": "15007040800", "gap_national": 33.4, "gap_stratum": 8.4, "burden": 56.5, "capacity": 31.3, "svi": 0.6, "top_decile_gap": 0.0, "stratum": "micropolitan", "scored": 1}, "geometry": {"type": "Polygon", "coordinates": [[[-159.6607, 22.0158], [-159.6581, 22.0243], [-159.6518, 22.0291], [-159.6477, 22.0285], [-159.6384, 22.0386], [-159.6411, 22.0426], [-159.6378, 22.058], [-159.6421, 22.0614], [-159.6507, 22.0778], [-159.6498, 22.0826], [-159.6523, 22.0869], [-159.6576, 22.0884], [-159.6648, 22.0968], [-159.664, 22.103], [-159.6617, 22.1033], [-159.6623, 22.108], [-159.6557, 22.112], [-159.6518, 22.1232], [-159.6435, 22.1305], [-159.6422, 22.1358], [-159.6453, 22.1421], [-159.6309, 22.147], [-159.6309, 22.1513], [-159.627, 22.1511], [-159.6165, 22.1577], [-159.6068, 22.1589], [-159.6011, 22.1626], [-159.5974, 22.1607], [-159.5891, 22.1474], [-159.5846, 22.1472], [-159.5804, 22.1414], [-159.5801, 22.1358], [-159.5727, 22.1319], [-159.5643, 22.1215], [-159.5582, 22.1183], [-159.5584, 22.1163], [-159.5474, 22.1073], [-159.5372, 22.0897], [-159.5366, 22.0877], [-159.5399, 22.0862], [-159.5233, 22.0776], [-159.5187, 22.0795], [-159.5111, 22.0741], [-159.5011, 22.0718], [-159.5, 22.0568], [-159.5061, 22.0549], [-159.5026, 22.0437], [-159.511, 22.038], [-159.5112, 22.0315], [-159.5202, 22.0201], [-159.5238, 22.0197], [-159.5291, 22.014], [-159.5275, 22.0086], [-159.531, 21.9992], [-159.5306, 21.9953], [-159.5277, 21.9933], [-159.5276, 21.9872], [-159.5304, 21.981], [-159.5399, 21.9782], [-159.5445, 21.9706], [-159.5452, 21.961], [-159.552, 21.9542], [-159.5503, 21.9505], [-159.5552, 21.9443], [-159.5594, 21.9247], [-159.5679, 21.9217], [-159.5714, 21.9177], [-159.5827, 21.9152], [-159.5867, 21.9045], [-159.5975, 21.9024], [-159.5974, 21.8947], [-159.6033, 21.8922], [-159.6073, 21.8951], [-159.6081, 21.8998], [-159.6168, 21.902], [-159.6337, 21.9132], [-159.6381, 21.922], [-159.6498, 21.9338], [-159.65, 21.9392], [-159.6608, 21.9427], [-159.667, 21.9509], [-159.6552, 21.966], [-159.6547, 21.9782], [-159.6606, 21.9814], [-159.6634, 21.985], [-159.6626, 21.988], [-159.6688, 21.9914], [-159.6671, 21.9937], [-159.6695, 22.0029], [-159.6607, 22.0158]]]}}, {"type": "Feature", "properties": {"fips": "15007040204", "gap_national": -9.6, "gap_stratum": -31.4, "burden": 37.8, "capacity": 48.3, "svi": 0.32, "top_decile_gap": 0.0, "stratum": "micropolitan", "scored": 1}, "geometry": {"type": "Polygon", "coordinates": [[[-159.4045, 22.0761], [-159.3886, 22.0854], [-159.3838, 22.083], [-159.3742, 22.0861], [-159.3716, 22.0881], [-159.3724, 22.0912], [-159.366, 22.0933], [-159.3689, 22.0961], [-159.3609, 22.0957], [-159.3475, 22.0998], [-159.3309, 22.0813], [-159.347, 22.0819], [-159.3576, 22.0767], [-159.3616, 22.0734], [-159.3658, 22.0592], [-159.374, 22.0513], [-159.3802, 22.055], [-159.3878, 22.0521], [-159.3957, 22.0582], [-159.4109, 22.0566], [-159.4091, 22.0591], [-159.414, 22.0644], [-159.4045, 22.0761]]]}}, {"type": "Feature", "properties": {"fips": "15003004702", "gap_national": -51.7, "gap_stratum": -44.6, "burden": 36.7, "capacity": 77.3, "svi": 0.55, "top_decile_gap": 0.0, "stratum": "metropolitan", "scored": 1}, "geometry": {"type": "Polygon", "coordinates": [[[-157.8511, 21.3336], [-157.8462, 21.3277], [-157.8502, 21.3226], [-157.86, 21.3313], [-157.8511, 21.3336]]]}}, {"type": "Feature", "properties": {"fips": "15003981803", "gap_national": -3.5, "gap_stratum": -3.7, "burden": 4.7, "capacity": 11.4, "svi": 0.24, "top_decile_gap": 0.0, "stratum": "metropolitan", "scored": 1}, "geometry": {"type": "Polygon", "coordinates": [[[-157.7525, 21.4443], [-157.7438, 21.4415], [-157.7434, 21.4448], [-157.7384, 21.4447], [-157.7376, 21.4412], [-157.7361, 21.4419], [-157.7374, 21.4284], [-157.7601, 21.4277], [-157.7605, 21.4324], [-157.7525, 21.4443]]]}}, {"type": "Feature", "properties": {"fips": "15003002203", "gap_national": -50.2, "gap_stratum": -46.4, "burden": 25.2, "capacity": 65.7, "svi": 0.81, "top_decile_gap": 0.0, "stratum": "metropolitan", "scored": 1}, "geometry": {"type": "Polygon", "coordinates": [[[-157.826, 21.2875], [-157.828, 21.2853], [-157.8243, 21.2832], [-157.8271, 21.2834], [-157.8323, 21.2895], [-157.826, 21.2875]]]}}, {"type": "Feature", "properties": {"fips": "15003003702", "gap_national": -61.2, "gap_stratum": -56.5, "burden": 25.2, "capacity": 73.8, "svi": 0.73, "top_decile_gap": 0.0, "stratum": "metropolitan", "scored": 1}, "geometry": {"type": "Polygon", "coordinates": [[[-157.8543, 21.2975], [-157.8469, 21.2932], [-157.854, 21.2931], [-157.8568, 21.2957], [-157.8543, 21.2975]]]}}, {"type": "Feature", "properties": {"fips": "15003010905", "gap_national": -21.9, "gap_stratum": -18.6, "burden": 32.1, "capacity": 52.1, "svi": 0.63, "top_decile_gap": 0.0, "stratum": "metropolitan", "scored": 1}, "geometry": {"type": "Polygon", "coordinates": [[[-157.7434, 21.4041], [-157.7392, 21.397], [-157.7434, 21.3946], [-157.7487, 21.4015], [-157.7434, 21.4041]]]}}, {"type": "Feature", "properties": {"fips": "15003004000", "gap_national": -54.8, "gap_stratum": -48.0, "burden": 35.3, "capacity": 78.6, "svi": 0.56, "top_decile_gap": 0.0, "stratum": "metropolitan", "scored": 1}, "geometry": {"type": "Polygon", "coordinates": [[[-157.8601, 21.3121], [-157.8575, 21.3088], [-157.8625, 21.3055], [-157.8644, 21.3099], [-157.8601, 21.3121]]]}}, {"type": "Feature", "properties": {"fips": "15003008950", "gap_national": -55.3, "gap_stratum": -51.7, "burden": 23.6, "capacity": 68.0, "svi": 0.14, "top_decile_gap": 0.0, "stratum": "metropolitan", "scored": 1}, "geometry": {"type": "Polygon", "coordinates": [[[-158.0216, 21.402], [-158.0208, 21.3992], [-158.018, 21.3989], [-158.0199, 21.3968], [-158.0192, 21.3903], [-158.0248, 21.3892], [-158.02, 21.3936], [-158.0214, 21.3971], [-158.0233, 21.3957], [-158.0277, 21.3979], [-158.0216, 21.402]]]}}, {"type": "Feature", "properties": {"fips": "15003008704", "gap_national": -11.1, "gap_stratum": -5.6, "burden": 44.4, "capacity": 54.5, "svi": 0.74, "top_decile_gap": 0.0, "stratum": "metropolitan", "scored": 1}, "geometry": {"type": "Polygon", "coordinates": [[[-157.9895, 21.3938], [-157.9918, 21.398], [-157.9849, 21.3984], [-157.9784, 21.3957], [-157.9743, 21.3898], [-157.9891, 21.3884], [-157.9942, 21.3834], [-158.0009, 21.381], [-158.0006, 21.384], [-157.9895, 21.3938]]]}}, {"type": "Feature", "properties": {"fips": "15003008009", "gap_national": -14.9, "gap_stratum": -7.7, "burden": 51.7, "capacity": 62.5, "svi": 0.79, "top_decile_gap": 0.0, "stratum": "metropolitan", "scored": 1}, "geometry": {"type": "Polygon", "coordinates": [[[-157.9788, 21.4049], [-157.984, 21.3997], [-157.9803, 21.3981], [-157.9774, 21.3987], [-157.9762, 21.4023], [-157.9724, 21.4014], [-157.971, 21.4037], [-157.9667, 21.402], [-157.9702, 21.3939], [-157.9849, 21.3984], [-157.9844, 21.4013], [-157.9788, 21.4049]]]}}, {"type": "Feature", "properties": {"fips": "15003008932", "gap_national": -59.3, "gap_stratum": -53.0, "burden": 32.0, "capacity": 79.2, "svi": 0.23, "top_decile_gap": 0.0, "stratum": "metropolitan", "scored": 1}, "geometry": {"type": "Polygon", "coordinates": [[[-158.0235, 21.4474], [-158.0203, 21.4494], [-158.0194, 21.4473], [-158.0214, 21.4459], [-158.021, 21.4377], [-158.023, 21.4342], [-158.0257, 21.436], [-158.0268, 21.45], [-158.0235, 21.4474]]]}}, {"type": "Feature", "properties": {"fips": "15009030713", "gap_national": 3.6, "gap_stratum": -15.7, "burden": 34.7, "capacity": 35.1, "svi": 0.35, "top_decile_gap": 0.0, "stratum": "micropolitan", "scored": 1}, "geometry": {"type": "Polygon", "coordinates": [[[-156.4597, 20.7683], [-156.4574, 20.7585], [-156.4488, 20.7586], [-156.4461, 20.7487], [-156.4588, 20.7472], [-156.4597, 20.7683]]]}}, {"type": "Feature", "properties": {"fips": "15003007100", "gap_national": -16.5, "gap_stratum": -17.3, "burden": 8.5, "capacity": 28.2, "svi": 0.14, "top_decile_gap": 0.0, "stratum": "metropolitan", "scored": 1}, "geometry": {"type": "Polygon", "coordinates": [[[-157.9406, 21.3446], [-157.9266, 21.3387], [-157.9303, 21.3325], [-157.9451, 21.3401], [-157.9406, 21.3446]]]}}, {"type": "Feature", "properties": {"fips": "15009031402", "gap_national": 21.6, "gap_stratum": -3.5, "burden": 44.0, "capacity": 28.9, "svi": 0.47, "top_decile_gap": 0.0, "stratum": "micropolitan", "scored": 1}, "geometry": {"type": "Polygon", "coordinates": [[[-156.6846, 20.9126], [-156.6623, 20.9152], [-156.6469, 20.9106], [-156.6182, 20.9089], [-156.6039, 20.9017], [-156.5922, 20.9007], [-156.5872, 20.891], [-156.5891, 20.8842], [-156.6336, 20.8925], [-156.6508, 20.8908], [-156.6592, 20.8923], [-156.6658, 20.8904], [-156.6737, 20.884], [-156.682, 20.8839], [-156.6864, 20.8857], [-156.6851, 20.9022], [-156.6944, 20.9157], [-156.6846, 20.9126]]]}}, {"type": "Feature", "properties": {"fips": "15009031601", "gap_national": 1.1, "gap_stratum": -12.7, "burden": 36.6, "capacity": 39.1, "svi": 0.65, "top_decile_gap": 0.0, "stratum": "rural", "scored": 1}, "geometry": {"type": "Polygon", "coordinates": [[[-157.0564, 20.9105], [-157.0355, 20.9224], [-157.0015, 20.9277], [-156.987, 20.9288], [-156.9684, 20.9233], [-156.9374, 20.9234], [-156.9004, 20.9149], [-156.8825, 20.9045], [-156.8288, 20.8559], [-156.8059, 20.8217], [-156.8062, 20.8066], [-156.8299, 20.7669], [-156.8369, 20.7603], [-156.8427, 20.7576], [-156.8519, 20.7579], [-156.8666, 20.7516], [-156.8805, 20.742], [-156.8848, 20.7447], [-156.8904, 20.735], [-156.8931, 20.7357], [-156.894, 20.7394], [-156.8978, 20.74], [-156.9069, 20.7358], [-156.9185, 20.7374], [-156.9216, 20.7348], [-156.9305, 20.7361], [-156.9347, 20.7341], [-156.938, 20.7365], [-156.9633, 20.7319], [-156.9819, 20.7535], [-156.9894, 20.7793], [-156.9915, 20.7799], [-156.9922, 20.7872], [-156.9903, 20.7965], [-156.9881, 20.7972], [-156.99, 20.8004], [-156.9879, 20.8174], [-156.9918, 20.8266], [-157.0062, 20.8496], [-157.0112, 20.854], [-157.0497, 20.8702], [-157.0611, 20.8906], [-157.0602, 20.9019], [-157.0564, 20.9105]]]}}, {"type": "Feature", "properties": {"fips": "15009030903", "gap_national": 7.9, "gap_stratum": 12.3, "burden": 35.5, "capacity": 32.2, "svi": 0.54, "top_decile_gap": 0.0, "stratum": "metropolitan", "scored": 1}, "geometry": {"type": "Polygon", "coordinates": [[[-156.4978, 20.9176], [-156.4915, 20.918], [-156.4875, 20.9095], [-156.4849, 20.9102], [-156.4962, 20.8972], [-156.5038, 20.8915], [-156.5049, 20.8939], [-156.4978, 20.9176]]]}}, {"type": "Feature", "properties": {"fips": "15003008937", "gap_national": -16.9, "gap_stratum": -12.6, "burden": 37.0, "capacity": 52.7, "svi": 0.52, "top_decile_gap": 0.0, "stratum": "metropolitan", "scored": 1}, "geometry": {"type": "Polygon", "coordinates": [[[-158.0245, 21.3814], [-158.0208, 21.379], [-158.0267, 21.376], [-158.0284, 21.3794], [-158.0245, 21.3814]]]}}, {"type": "Feature", "properties": {"fips": "15003003701", "gap_national": -40.2, "gap_stratum": -35.8, "burden": 30.3, "capacity": 62.9, "svi": 0.75, "top_decile_gap": 0.0, "stratum": "metropolitan", "scored": 1}, "geometry": {"type": "Polygon", "coordinates": [[[-157.8399, 21.2919], [-157.8348, 21.2889], [-157.8402, 21.2878], [-157.842, 21.2892], [-157.8399, 21.2919]]]}}, {"type": "Feature", "properties": {"fips": "15003008005", "gap_national": -28.8, "gap_stratum": -21.0, "burden": 47.8, "capacity": 69.0, "svi": 0.22, "top_decile_gap": 0.0, "stratum": "metropolitan", "scored": 1}, "geometry": {"type": "Polygon", "coordinates": [[[-157.9644, 21.4216], [-157.965, 21.4255], [-157.9561, 21.4331], [-157.9388, 21.4345], [-157.935, 21.4398], [-157.9168, 21.4465], [-157.9057, 21.4473], [-157.9042, 21.4495], [-157.8929, 21.4504], [-157.875, 21.4563], [-157.873, 21.453], [-157.8793, 21.4446], [-157.8984, 21.4383], [-157.9117, 21.4304], [-157.9281, 21.4304], [-157.939, 21.427], [-157.9521, 21.4178], [-157.9694, 21.414], [-157.9644, 21.4216]]]}}, {"type": "Feature", "properties": {"fips": "15003006402", "gap_national": -14.1, "gap_stratum": -9.4, "burden": 39.2, "capacity": 52.4, "svi": 0.44, "top_decile_gap": 0.0, "stratum": "metropolitan", "scored": 1}, "geometry": {"type": "Polygon", "coordinates": [[[-157.8603, 21.3503], [-157.857, 21.3489], [-157.8463, 21.357], [-157.8248, 21.363], [-157.8202, 21.3623], [-157.8678, 21.3399], [-157.8676, 21.3437], [-157.8603, 21.3503]]]}}, {"type": "Feature", "properties": {"fips": "15003004600", "gap_national": -51.0, "gap_stratum": -43.3, "burden": 40.3, "capacity": 80.7, "svi": 0.24, "top_decile_gap": 0.0, "stratum": "metropolitan", "scored": 1}, "geometry": {"type": "Polygon", "coordinates": [[[-157.8464, 21.3399], [-157.8441, 21.3456], [-157.8097, 21.3693], [-157.7942, 21.3665], [-157.8071, 21.3603], [-157.808, 21.3557], [-157.8206, 21.347], [-157.8235, 21.348], [-157.8325, 21.3425], [-157.8462, 21.3277], [-157.852, 21.3348], [-157.8464, 21.3399]]]}}, {"type": "Feature", "properties": {"fips": "15003981300", "gap_national": -7.3, "gap_stratum": -6.9, "burden": 13.7, "capacity": 23.4, "svi": 0.1, "top_decile_gap": 0.0, "stratum": "metropolitan", "scored": 1}, "geometry": {"type": "Polygon", "coordinates": [[[-157.9012, 21.3411], [-157.8959, 21.3491], [-157.8838, 21.3377], [-157.8899, 21.3324], [-157.9014, 21.3354], [-157.9012, 21.3411]]]}}, {"type": "Feature", "properties": {"fips": "15003010701", "gap_national": -60.2, "gap_stratum": -54.3, "burden": 30.5, "capacity": 78.4, "svi": 0.24, "top_decile_gap": 0.0, "stratum": "metropolitan", "scored": 1}, "geometry": {"type": "Polygon", "coordinates": [[[-157.77, 21.4133], [-157.7641, 21.4214], [-157.7655, 21.4245], [-157.7637, 21.4281], [-157.7601, 21.4277], [-157.7636, 21.4102], [-157.7716, 21.3985], [-157.7822, 21.4064], [-157.7904, 21.4058], [-157.791, 21.4079], [-157.77, 21.4133]]]}}, {"type": "Feature", "properties": {"fips": "15003002500", "gap_national": -24.4, "gap_stratum": -17.6, "burden": 44.5, "capacity": 63.3, "svi": 0.77, "top_decile_gap": 0.0, "stratum": "metropolitan", "scored": 1}, "geometry": {"type": "Polygon", "coordinates": [[[-157.8301, 21.2949], [-157.8327, 21.2883], [-157.8365, 21.2922], [-157.8369, 21.2973], [-157.8301, 21.2949]]]}}, {"type": "Feature", "properties": {"fips": "15003009100", "gap_national": -6.9, "gap_stratum": -4.3, "burden": 29.0, "capacity": 38.4, "svi": 0.84, "top_decile_gap": 0.0, "stratum": "metropolitan", "scored": 1}, "geometry": {"type": "Polygon", "coordinates": [[[-158.0518, 21.5227], [-158.036, 21.5181], [-158.0285, 21.5217], [-158.0221, 21.5214], [-158.0172, 21.5271], [-158.0148, 21.5247], [-158.015, 21.5264], [-158.0106, 21.5248], [-158.0097, 21.5266], [-158.009, 21.5241], [-158.0051, 21.5243], [-158.0005, 21.5294], [-158.0002, 21.5269], [-157.9976, 21.5281], [-157.994, 21.5238], [-157.9845, 21.5252], [-157.9735, 21.5303], [-157.9594, 21.5323], [-157.9441, 21.5301], [-157.9347, 21.5335], [-157.9207, 21.5319], [-157.9143, 21.5171], [-157.9072, 21.5104], [-157.9098, 21.5083], [-157.9305, 21.5098], [-157.9378, 21.5071], [-157.9663, 21.5085], [-157.972, 21.5063], [-157.9861, 21.5084], [-157.9862, 21.5124], [-158.0016, 21.5107], [-158.0051, 21.5123], [-158.0067, 21.5101], [-158.0107, 21.5117], [-158.0154, 21.5066], [-158.0224, 21.5066], [-158.0303, 21.4994], [-158.0338, 21.5013], [-158.0395, 21.4956], [-158.0443, 21.4953], [-158.0542, 21.5032], [-158.0589, 21.504], [-158.0583, 21.5056], [-158.0619, 21.5074], [-158.0584, 21.5099], [-158.0518, 21.5227]]]}}, {"type": "Feature", "properties": {"fips": "15003001000", "gap_national": -44.3, "gap_stratum": -38.2, "burden": 34.9, "capacity": 69.4, "svi": 0.43, "top_decile_gap": 0.0, "stratum": "metropolitan", "scored": 1}, "geometry": {"type": "Polygon", "coordinates": [[[-157.7881, 21.3035], [-157.7898, 21.3094], [-157.792, 21.3082], [-157.7903, 21.3103], [-157.7923, 21.3143], [-157.781, 21.3342], [-157.7756, 21.3356], [-157.7682, 21.3322], [-157.7581, 21.3313], [-157.7723, 21.306], [-157.7813, 21.299], [-157.7899, 21.2981], [-157.7975, 21.2901], [-157.7881, 21.3035]]]}}, {"type": "Feature", "properties": {"fips": "15003002302", "gap_national": -11.0, "gap_stratum": -8.6, "burden": 28.1, "capacity": 40.8, "svi": 0.76, "top_decile_gap": 0.0, "stratum": "metropolitan", "scored": 1}, "geometry": {"type": "Polygon", "coordinates": [[[-157.8238, 21.2926], [-157.8209, 21.2913], [-157.8237, 21.2875], [-157.8269, 21.2876], [-157.8238, 21.2926]]]}}, {"type": "Feature", "properties": {"fips": "15003002206", "gap_national": 12.8, "gap_stratum": 18.3, "burden": 46.2, "capacity": 38.6, "svi": 0.74, "top_decile_gap": 0.0, "stratum": "metropolitan", "scored": 1}, "geometry": {"type": "Polygon", "coordinates": [[[-157.8199, 21.2878], [-157.8172, 21.2882], [-157.8205, 21.2848], [-157.8237, 21.2875], [-157.8199, 21.2878]]]}}, {"type": "Feature", "properties": {"fips": "15001020100", "gap_national": 0.3, "gap_stratum": -25.4, "burden": 49.0, "capacity": 50.3, "svi": 0.69, "top_decile_gap": 0.0, "stratum": "micropolitan", "scored": 1}, "geometry": {"type": "Polygon", "coordinates": [[[-155.3322, 19.8358], [-155.2173, 19.8638], [-155.205, 19.8643], [-155.2053, 19.8567], [-155.1943, 19.8583], [-155.1902, 19.8639], [-155.1746, 19.8709], [-155.1696, 19.8773], [-155.1467, 19.8837], [-155.1418, 19.8945], [-155.1286, 19.9005], [-155.1254, 19.9005], [-155.119, 19.8882], [-155.119, 19.8831], [-155.1097, 19.8787], [-155.1105, 19.8762], [-155.1051, 19.8697], [-155.0927, 19.8647], [-155.0867, 19.8534], [-155.0832, 19.8526], [-155.0808, 19.8478], [-155.0843, 19.8437], [-155.0823, 19.8359], [-155.0874, 19.8187], [-155.0926, 19.8093], [-155.0865, 19.8035], [-155.09, 19.7943], [-155.0861, 19.7835], [-155.0902, 19.7565], [-155.1074, 19.764], [-155.1174, 19.7627], [-155.1277, 19.7645], [-155.1428, 19.76], [-155.1541, 19.765], [-155.1701, 19.7646], [-155.1895, 19.7679], [-155.1996, 19.7655], [-155.2118, 19.7699], [-155.2383, 19.7719], [-155.2497, 19.7813], [-155.2573, 19.7852], [-155.2639, 19.7844], [-155.2712, 19.7903], [-155.2896, 19.7955], [-155.2998, 19.7948], [-155.3133, 19.8003], [-155.3355, 19.7995], [-155.3322, 19.8358]]]}}, {"type": "Feature", "properties": {"fips": "15001020300", "gap_national": 23.0, "gap_stratum": 5.1, "burden": 68.3, "capacity": 50.3, "svi": 0.9, "top_decile_gap": 0.0, "stratum": "micropolitan", "scored": 1}, "geometry": {"type": "Polygon", "coordinates": [[[-155.1202, 19.7199], [-155.1034, 19.7201], [-155.0971, 19.7249], [-155.0905, 19.7263], [-155.0932, 19.7342], [-155.0899, 19.7343], [-155.0871, 19.728], [-155.0826, 19.7244], [-155.097, 19.7135], [-155.0991, 19.7173], [-155.1044, 19.7153], [-155.1097, 19.7178], [-155.1209, 19.7166], [-155.1287, 19.7114], [-155.1361, 19.7126], [-155.1372, 19.7149], [-155.1202, 19.7199]]]}}, {"type": "Feature", "properties": {"fips": "15001021013", "gap_national": 17.3, "gap_stratum": -6.3, "burden": 57.8, "capacity": 45.6, "svi": 0.69, "top_decile_gap": 0.0, "stratum": "micropolitan", "scored": 1}, "geometry": {"type": "Polygon", "coordinates": [[[-155.049, 19.647], [-155.0102, 19.6932], [-155.001, 19.7102], [-154.9983, 19.7071], [-154.9905, 19.7171], [-154.9781, 19.689], [-154.9826, 19.6731], [-154.983, 19.6585], [-154.9786, 19.6525], [-154.9816, 19.6486], [-154.9796, 19.6379], [-154.96, 19.6236], [-154.95, 19.6247], [-154.9453, 19.6223], [-154.952, 19.6226], [-154.9951, 19.5964], [-155.0088, 19.5826], [-155.0335, 19.5688], [-155.0307, 19.5642], [-155.0359, 19.5619], [-155.0499, 19.5848], [-155.0656, 19.5715], [-155.0679, 19.5668], [-155.0786, 19.5622], [-155.0905, 19.5493], [-155.128, 19.5899], [-155.049, 19.647]]]}}, {"type": "Feature", "properties": {"fips": "15003008611", "gap_national": 0.2, "gap_stratum": 3.2, "burden": 28.4, "capacity": 31.8, "svi": 0.01, "top_decile_gap": 0.0, "stratum": "metropolitan", "scored": 1}, "geometry": {"type": "Polygon", "coordinates": [[[-158.1181, 21.3815], [-158.1088, 21.3835], [-158.1106, 21.3775], [-158.1126, 21.3779], [-158.1139, 21.3751], [-158.1076, 21.3754], [-158.1148, 21.3639], [-158.1108, 21.3648], [-158.11, 21.3683], [-158.0955, 21.3677], [-158.0943, 21.3701], [-158.0932, 21.3577], [-158.095, 21.3556], [-158.0912, 21.3542], [-158.0949, 21.3392], [-158.121, 21.3449], [-158.1284, 21.3489], [-158.1341, 21.368], [-158.1181, 21.3815]]]}}, {"type": "Feature", "properties": {"fips": "15003002004", "gap_national": -35.7, "gap_stratum": -32.8, "burden": 27.0, "capacity": 57.5, "svi": 0.62, "top_decile_gap": 0.0, "stratum": "metropolitan", "scored": 1}, "geometry": {"type": "Polygon", "coordinates": [[[-157.8243, 21.2804], [-157.8265, 21.283], [-157.822, 21.2791], [-157.8261, 21.2765], [-157.8279, 21.2782], [-157.8243, 21.2804]]]}}, {"type": "Feature", "properties": {"fips": "15003003404", "gap_national": -57.2, "gap_stratum": -51.0, "burden": 31.8, "capacity": 77.0, "svi": 0.64, "top_decile_gap": 0.0, "stratum": "metropolitan", "scored": 1}, "geometry": {"type": "Polygon", "coordinates": [[[-157.8381, 21.3101], [-157.8332, 21.3077], [-157.8363, 21.3046], [-157.8412, 21.3072], [-157.8381, 21.3101]]]}}, {"type": "Feature", "properties": {"fips": "15003003900", "gap_national": 37.6, "gap_stratum": 40.8, "burden": 73.2, "capacity": 43.9, "svi": 0.81, "top_decile_gap": 0.0, "stratum": "metropolitan", "scored": 1}, "geometry": {"type": "Polygon", "coordinates": [[[-157.8665, 21.3095], [-157.8644, 21.3099], [-157.8629, 21.3056], [-157.8575, 21.3088], [-157.8527, 21.305], [-157.863, 21.2994], [-157.867, 21.2935], [-157.87, 21.2963], [-157.8665, 21.3095]]]}}, {"type": "Feature", "properties": {"fips": "15003000110", "gap_national": -69.4, "gap_stratum": -64.2, "burden": 28.4, "capacity": 86.2, "svi": 0.15, "top_decile_gap": 0.0, "stratum": "metropolitan", "scored": 1}, "geometry": {"type": "Polygon", "coordinates": [[[-157.6783, 21.3202], [-157.6724, 21.3172], [-157.6604, 21.3081], [-157.6491, 21.3106], [-157.651, 21.2988], [-157.6697, 21.2862], [-157.6761, 21.289], [-157.677, 21.2951], [-157.6794, 21.2942], [-157.6772, 21.3036], [-157.6789, 21.3086], [-157.6778, 21.3162], [-157.6786, 21.3195], [-157.6821, 21.3204], [-157.6783, 21.3202]]]}}, {"type": "Feature", "properties": {"fips": "15003005000", "gap_national": -23.2, "gap_stratum": -14.9, "burden": 54.1, "capacity": 70.2, "svi": 0.92, "top_decile_gap": 0.0, "stratum": "metropolitan", "scored": 1}, "geometry": {"type": "Polygon", "coordinates": [[[-157.8538, 21.3265], [-157.8502, 21.3226], [-157.8558, 21.3165], [-157.86, 21.3216], [-157.8538, 21.3265]]]}}, {"type": "Feature", "properties": {"fips": "15003007504", "gap_national": 50.7, "gap_stratum": 51.4, "burden": 82.9, "capacity": 41.4, "svi": 0.93, "top_decile_gap": 0.0, "stratum": "metropolitan", "scored": 1}, "geometry": {"type": "Polygon", "coordinates": [[[-157.9327, 21.3739], [-157.9272, 21.3771], [-157.9254, 21.3724], [-157.9295, 21.3635], [-157.936, 21.364], [-157.9327, 21.3739]]]}}, {"type": "Feature", "properties": {"fips": "15003007302", "gap_national": -19.5, "gap_stratum": -20.6, "burden": 6.8, "capacity": 29.9, "svi": 0.14, "top_decile_gap": 0.0, "stratum": "metropolitan", "scored": 1}, "geometry": {"type": "Polygon", "coordinates": [[[-157.9697, 21.3427], [-157.9439, 21.3472], [-157.9406, 21.3446], [-157.9506, 21.334], [-157.9558, 21.3373], [-157.9604, 21.3329], [-157.9618, 21.3342], [-157.9653, 21.3292], [-157.9701, 21.3297], [-157.9697, 21.3427]]]}}, {"type": "Feature", "properties": {"fips": "15003008408", "gap_national": -38.2, "gap_stratum": -40.0, "burden": 7.5, "capacity": 45.7, "svi": 0.2, "top_decile_gap": 0.0, "stratum": "metropolitan", "scored": 1}, "geometry": {"type": "Polygon", "coordinates": [[[-158.0183, 21.3254], [-158.0166, 21.3227], [-158.0232, 21.3133], [-158.0199, 21.3105], [-158.0216, 21.307], [-158.0444, 21.3038], [-158.0449, 21.3137], [-158.0183, 21.3254]]]}}, {"type": "Feature", "properties": {"fips": "15003008909", "gap_national": -51.8, "gap_stratum": -47.5, "burden": 26.7, "capacity": 68.0, "svi": 0.15, "top_decile_gap": 0.0, "stratum": "metropolitan", "scored": 1}, "geometry": {"type": "Polygon", "coordinates": [[[-158.021, 21.4377], [-158.0214, 21.4459], [-158.0194, 21.4473], [-158.0158, 21.4432], [-158.0134, 21.4438], [-158.0138, 21.4364], [-158.0175, 21.4338], [-158.023, 21.4342], [-158.021, 21.4377]]]}}, {"type": "Feature", "properties": {"fips": "15003010000", "gap_national": -10.4, "gap_stratum": -10.6, "burden": 10.4, "capacity": 23.4, "svi": 0.39, "top_decile_gap": 0.0, "stratum": "metropolitan", "scored": 1}, "geometry": {"type": "Polygon", "coordinates": [[[-158.1027, 21.5911], [-158.1052, 21.5965], [-158.1038, 21.6006], [-158.1067, 21.603], [-158.0858, 21.6184], [-158.086, 21.6218], [-158.08, 21.6245], [-158.0682, 21.6387], [-158.0626, 21.6408], [-158.049, 21.6341], [-158.0454, 21.6357], [-158.0277, 21.6331], [-158.026, 21.635], [-158.0176, 21.6329], [-158.0164, 21.6348], [-158.0036, 21.6362], [-158.0009, 21.6341], [-157.9958, 21.6346], [-157.9819, 21.6273], [-157.979, 21.628], [-157.9721, 21.618], [-157.9667, 21.6143], [-157.9657, 21.6082], [-157.9572, 21.5979], [-157.9539, 21.5862], [-157.9431, 21.5828], [-157.9361, 21.5697], [-157.9254, 21.5622], [-157.9181, 21.5517], [-157.9214, 21.5403], [-157.9207, 21.5319], [-157.9347, 21.5335], [-157.9441, 21.5301], [-157.9612, 21.5322], [-157.994, 21.5238], [-157.9976, 21.5281], [-158.0002, 21.5269], [-158.0005, 21.5294], [-158.0036, 21.5246], [-158.009, 21.5241], [-158.0104, 21.5266], [-158.0106, 21.5248], [-158.015, 21.5264], [-158.0148, 21.5247], [-158.0172, 21.5271], [-158.0221, 21.5214], [-158.0285, 21.5217], [-158.036, 21.5181], [-158.0518, 21.5227], [-158.0584, 21.5099], [-158.0956, 21.5421], [-158.1085, 21.5593], [-158.1131, 21.562], [-158.1027, 21.5911]]]}}, {"type": "Feature", "properties": {"fips": "15003011106", "gap_national": -50.8, "gap_stratum": -44.9, "burden": 32.3, "capacity": 72.1, "svi": 0.17, "top_decile_gap": 0.0, "stratum": "metropolitan", "scored": 1}, "geometry": {"type": "Polygon", "coordinates": [[[-157.7361, 21.3702], [-157.7286, 21.3773], [-157.7276, 21.3845], [-157.73, 21.393], [-157.7287, 21.3954], [-157.7266, 21.3899], [-157.7209, 21.3929], [-157.7173, 21.3858], [-157.7201, 21.3691], [-157.7305, 21.3687], [-157.7324, 21.3648], [-157.7241, 21.3597], [-157.7297, 21.3548], [-157.736, 21.3599], [-157.7361, 21.3702]]]}}, {"type": "Feature", "properties": {"fips": "15003008407", "gap_national": -24.7, "gap_stratum": -25.1, "burden": 15.2, "capacity": 40.3, "svi": 0.06, "top_decile_gap": 0.0, "stratum": "metropolitan", "scored": 1}, "geometry": {"type": "Polygon", "coordinates": [[[-158.0187, 21.3215], [-158.0166, 21.3227], [-158.0129, 21.3166], [-158.0192, 21.3099], [-158.0232, 21.3133], [-158.0187, 21.3215]]]}}, {"type": "Feature", "properties": {"fips": "15009030709", "gap_national": 0.7, "gap_stratum": -25.4, "burden": 55.9, "capacity": 55.5, "svi": 0.73, "top_decile_gap": 0.0, "stratum": "micropolitan", "scored": 1}, "geometry": {"type": "Polygon", "coordinates": [[[-156.4519, 20.7311], [-156.4409, 20.7329], [-156.4356, 20.7131], [-156.4469, 20.7147], [-156.4482, 20.7221], [-156.4556, 20.7348], [-156.4532, 20.735], [-156.4519, 20.7311]]]}}, {"type": "Feature", "properties": {"fips": "15009031501", "gap_national": -0.6, "gap_stratum": -21.0, "burden": 36.4, "capacity": 40.3, "svi": 0.49, "top_decile_gap": 0.0, "stratum": "micropolitan", "scored": 1}, "geometry": {"type": "Polygon", "coordinates": [[[-156.6657, 21.0038], [-156.6489, 21.0059], [-156.6508, 20.995], [-156.6602, 20.986], [-156.6657, 20.9845], [-156.6691, 20.9908], [-156.6657, 21.0038]]]}}, {"type": "Feature", "properties": {"fips": "15001021101", "gap_national": 26.7, "gap_stratum": 18.6, "burden": 81.9, "capacity": 57.7, "svi": 0.58, "top_decile_gap": 0.0, "stratum": "micropolitan", "scored": 1}, "geometry": {"type": "Polygon", "coordinates": [[[-154.964, 19.3749], [-154.9582, 19.3849], [-154.9525, 19.4137], [-154.9414, 19.4474], [-154.9408, 19.4915], [-154.9073, 19.4851], [-154.9025, 19.4807], [-154.8811, 19.4907], [-154.8696, 19.4903], [-154.855, 19.4942], [-154.8484, 19.4989], [-154.8441, 19.5067], [-154.8252, 19.5094], [-154.8069, 19.5181], [-154.8117, 19.5121], [-154.8112, 19.5066], [-154.8203, 19.4789], [-154.8352, 19.4617], [-154.865, 19.4361], [-154.8857, 19.4228], [-154.8892, 19.4156], [-154.9091, 19.4065], [-154.9239, 19.3947], [-154.9286, 19.3948], [-154.934, 19.3842], [-154.9662, 19.3576], [-154.964, 19.3749]]]}}, {"type": "Feature", "properties": {"fips": "15005031900", "gap_national": 38.0, "gap_stratum": 32.4, "burden": 82.1, "capacity": 50.2, "svi": 0.37, "top_decile_gap": 0.0, "stratum": "micropolitan", "scored": 1}, "geometry": {"type": "Polygon", "coordinates": [[[-156.9982, 21.1792], [-156.989, 21.1822], [-156.9854, 21.1859], [-156.9824, 21.2012], [-156.9797, 21.2023], [-156.9823, 21.2078], [-156.9706, 21.2155], [-156.9655, 21.2136], [-156.9599, 21.2088], [-156.9482, 21.1883], [-156.9472, 21.1789], [-156.9437, 21.1762], [-156.9439, 21.1729], [-156.9338, 21.1694], [-156.9277, 21.1717], [-156.9181, 21.1686], [-156.9208, 21.1628], [-156.9171, 21.1637], [-156.907, 21.1516], [-156.896, 21.149], [-156.9003, 21.1454], [-156.9002, 21.1316], [-156.9197, 21.1301], [-156.9288, 21.1382], [-156.9351, 21.1508], [-156.9416, 21.1562], [-156.9421, 21.1602], [-156.951, 21.1535], [-156.9561, 21.1567], [-156.9589, 21.1609], [-156.9587, 21.1745], [-156.9607, 21.1794], [-156.963, 21.18], [-156.9616, 21.1761], [-156.9648, 21.1657], [-156.9599, 21.1615], [-156.9645, 21.1593], [-156.9716, 21.1657], [-156.9739, 21.1754], [-156.9793, 21.1781], [-157.0041, 21.1785], [-157.0029, 21.1761], [-157.0146, 21.1835], [-156.9982, 21.1792]]]}}, {"type": "Feature", "properties": {"fips": "15003001300", "gap_national": -41.1, "gap_stratum": -37.7, "burden": 27.0, "capacity": 61.0, "svi": 0.8, "top_decile_gap": 0.0, "stratum": "metropolitan", "scored": 1}, "geometry": {"type": "Polygon", "coordinates": [[[-157.8113, 21.289], [-157.7983, 21.2824], [-157.7992, 21.2788], [-157.8016, 21.2779], [-157.8095, 21.282], [-157.8129, 21.2877], [-157.8113, 21.289]]]}}, {"type": "Feature", "properties": {"fips": "15003008912", "gap_national": -39.7, "gap_stratum": -32.4, "burden": 40.8, "capacity": 71.1, "svi": 0.7, "top_decile_gap": 0.0, "stratum": "metropolitan", "scored": 1}, "geometry": {"type": "Polygon", "coordinates": [[[-158.0007, 21.3992], [-157.9937, 21.3978], [-158.0028, 21.3919], [-158.0042, 21.3987], [-158.0007, 21.3992]]]}}, {"type": "Feature", "properties": {"fips": "15003008609", "gap_national": -13.6, "gap_stratum": -10.0, "burden": 34.0, "capacity": 47.9, "svi": 0.47, "top_decile_gap": 0.0, "stratum": "metropolitan", "scored": 1}, "geometry": {"type": "Polygon", "coordinates": [[[-158.132, 21.3619], [-158.1298, 21.3563], [-158.1284, 21.3489], [-158.121, 21.3449], [-158.1041, 21.3411], [-158.0895, 21.3321], [-158.0908, 21.3268], [-158.1165, 21.3346], [-158.1141, 21.3374], [-158.1156, 21.3424], [-158.1202, 21.3444], [-158.1282, 21.3486], [-158.13, 21.3499], [-158.1298, 21.3551], [-158.1353, 21.3679], [-158.132, 21.3619]]]}}, {"type": "Feature", "properties": {"fips": "15007040105", "gap_national": 19.4, "gap_stratum": -3.7, "burden": 50.2, "capacity": 37.1, "svi": 0.52, "top_decile_gap": 0.0, "stratum": "rural", "scored": 1}, "geometry": {"type": "Polygon", "coordinates": [[[-159.4667, 22.0942], [-159.4662, 22.1004], [-159.4604, 22.1109], [-159.4639, 22.1168], [-159.4692, 22.1201], [-159.468, 22.1233], [-159.4704, 22.1256], [-159.4672, 22.1323], [-159.4715, 22.1442], [-159.4701, 22.1495], [-159.4723, 22.1549], [-159.4724, 22.1613], [-159.47, 22.1637], [-159.4722, 22.1689], [-159.4675, 22.1694], [-159.4648, 22.1768], [-159.466, 22.1795], [-159.4629, 22.1893], [-159.4668, 22.1893], [-159.4681, 22.1943], [-159.4649, 22.1947], [-159.4639, 22.1991], [-159.4692, 22.2012], [-159.4698, 22.2044], [-159.473, 22.2042], [-159.4758, 22.2108], [-159.4818, 22.2105], [-159.4829, 22.2121], [-159.4727, 22.2132], [-159.461, 22.208], [-159.4588, 22.2127], [-159.4596, 22.2155], [-159.4636, 22.2171], [-159.4646, 22.2195], [-159.4623, 22.2199], [-159.4643, 22.2235], [-159.4543, 22.2263], [-159.4349, 22.2234], [-159.429, 22.2176], [-159.4264, 22.2181], [-159.4242, 22.2244], [-159.4197, 22.2231], [-159.4067, 22.2257], [-159.4025, 22.2326], [-159.3897, 22.2228], [-159.3829, 22.2248], [-159.3822, 22.217], [-159.3755, 22.2178], [-159.3572, 22.2134], [-159.3498, 22.215], [-159.3357, 22.2042], [-159.3488, 22.1922], [-159.3521, 22.1849], [-159.3551, 22.1827], [-159.3571, 22.1838], [-159.3703, 22.1738], [-159.3726, 22.1751], [-159.3759, 22.1588], [-159.3839, 22.1606], [-159.3924, 22.1568], [-159.3993, 22.1506], [-159.4128, 22.1537], [-159.4255, 22.1527], [-159.413, 22.1353], [-159.4123, 22.1291], [-159.4264, 22.1148], [-159.4351, 22.118], [-159.4401, 22.1173], [-159.4488, 22.1041], [-159.4522, 22.1043], [-159.4648, 22.0916], [-159.4716, 22.0889], [-159.4808, 22.0806], [-159.4822, 22.0768], [-159.4874, 22.0749], [-159.4667, 22.0942]]]}}, {"type": "Feature", "properties": {"fips": "15003008705", "gap_national": 67.0, "gap_stratum": 70.8, "burden": 76.5, "capacity": 20.8, "svi": 0.88, "top_decile_gap": 1.0, "stratum": "metropolitan", "scored": 1}, "geometry": {"type": "Polygon", "coordinates": [[[-158.0149, 21.3792], [-158.0173, 21.3808], [-158.0153, 21.3816], [-158.017, 21.3852], [-158.0128, 21.3873], [-158.0108, 21.376], [-158.0127, 21.3731], [-158.0177, 21.3727], [-158.0165, 21.3745], [-158.0189, 21.3758], [-158.0149, 21.3792]]]}}, {"type": "Feature", "properties": {"fips": "15003005602", "gap_national": -10.3, "gap_stratum": -5.2, "burden": 42.2, "capacity": 52.3, "svi": 0.94, "top_decile_gap": 0.0, "stratum": "metropolitan", "scored": 1}, "geometry": {"type": "Polygon", "coordinates": [[[-157.8697, 21.3362], [-157.8643, 21.3291], [-157.8676, 21.3266], [-157.8643, 21.3238], [-157.867, 21.3216], [-157.8755, 21.3309], [-157.8697, 21.3362]]]}}, {"type": "Feature", "properties": {"fips": "15003000905", "gap_national": -72.5, "gap_stratum": -67.9, "burden": 24.9, "capacity": 84.9, "svi": 0.19, "top_decile_gap": 0.0, "stratum": "metropolitan", "scored": 1}, "geometry": {"type": "Polygon", "coordinates": [[[-157.7933, 21.2953], [-157.7899, 21.2981], [-157.7844, 21.2981], [-157.7853, 21.2904], [-157.7897, 21.2923], [-157.7953, 21.2863], [-157.798, 21.2866], [-157.7933, 21.2953]]]}}, {"type": "Feature", "properties": {"fips": "15003002802", "gap_national": -59.2, "gap_stratum": -56.0, "burden": 21.4, "capacity": 69.0, "svi": 0.14, "top_decile_gap": 0.0, "stratum": "metropolitan", "scored": 1}, "geometry": {"type": "Polygon", "coordinates": [[[-157.806, 21.3044], [-157.7955, 21.3081], [-157.7923, 21.3143], [-157.7903, 21.3103], [-157.799, 21.2989], [-157.8004, 21.3006], [-157.7978, 21.3043], [-157.8102, 21.2904], [-157.8124, 21.2957], [-157.806, 21.3044]]]}}, {"type": "Feature", "properties": {"fips": "15003002102", "gap_national": 3.2, "gap_stratum": 8.3, "burden": 44.9, "capacity": 44.9, "svi": 0.7, "top_decile_gap": 0.0, "stratum": "metropolitan", "scored": 1}, "geometry": {"type": "Polygon", "coordinates": [[[-157.8149, 21.2904], [-157.8131, 21.289], [-157.8142, 21.2818], [-157.8205, 21.2848], [-157.8149, 21.2904]]]}}, {"type": "Feature", "properties": {"fips": "15003003606", "gap_national": -39.1, "gap_stratum": -33.4, "burden": 34.9, "capacity": 65.7, "svi": 0.75, "top_decile_gap": 0.0, "stratum": "metropolitan", "scored": 1}, "geometry": {"type": "Polygon", "coordinates": [[[-157.8458, 21.3004], [-157.8402, 21.2985], [-157.8412, 21.2962], [-157.8451, 21.2976], [-157.8462, 21.2948], [-157.8458, 21.3004]]]}}, {"type": "Feature", "properties": {"fips": "15003008631", "gap_national": -40.3, "gap_stratum": -40.8, "burden": 14.3, "capacity": 51.2, "svi": 0.17, "top_decile_gap": 0.0, "stratum": "metropolitan", "scored": 1}, "geometry": {"type": "Polygon", "coordinates": [[[-158.1076, 21.3754], [-158.1139, 21.3751], [-158.1133, 21.3769], [-158.1106, 21.3775], [-158.1088, 21.3835], [-158.1036, 21.3884], [-158.1043, 21.3937], [-158.1001, 21.3992], [-158.1003, 21.3933], [-158.0968, 21.3908], [-158.0993, 21.3877], [-158.0995, 21.3814], [-158.1013, 21.3821], [-158.0885, 21.3678], [-158.0878, 21.3628], [-158.0912, 21.3542], [-158.095, 21.3556], [-158.0932, 21.3577], [-158.0943, 21.3701], [-158.0955, 21.3677], [-158.11, 21.3683], [-158.1108, 21.3648], [-158.1148, 21.3639], [-158.1076, 21.3754]]]}}, {"type": "Feature", "properties": {"fips": "15003010310", "gap_national": -36.0, "gap_stratum": -33.9, "burden": 24.6, "capacity": 55.8, "svi": 0.02, "top_decile_gap": 0.0, "stratum": "metropolitan", "scored": 1}, "geometry": {"type": "Polygon", "coordinates": [[[-157.8258, 21.441], [-157.8226, 21.446], [-157.8129, 21.4476], [-157.8085, 21.4429], [-157.8072, 21.4398], [-157.8095, 21.4394], [-157.8057, 21.4316], [-157.8117, 21.4374], [-157.817, 21.4344], [-157.8171, 21.4309], [-157.8105, 21.4236], [-157.8144, 21.4183], [-157.8304, 21.4396], [-157.8258, 21.441]]]}}, {"type": "Feature", "properties": {"fips": "15003010204", "gap_national": 27.0, "gap_stratum": 0.9, "burden": 52.5, "capacity": 32.8, "svi": 0.74, "top_decile_gap": 0.0, "stratum": "micropolitan", "scored": 1}, "geometry": {"type": "Polygon", "coordinates": [[[-157.9365, 21.5795], [-157.9335, 21.5826], [-157.9353, 21.5873], [-157.9325, 21.5905], [-157.9353, 21.5945], [-157.9335, 21.6012], [-157.926, 21.6068], [-157.9208, 21.6147], [-157.9127, 21.6171], [-157.9077, 21.6078], [-157.8981, 21.6026], [-157.8965, 21.5981], [-157.9002, 21.5993], [-157.9032, 21.5973], [-157.9043, 21.5901], [-157.9124, 21.5812], [-157.9151, 21.5738], [-157.9187, 21.5708], [-157.9171, 21.5704], [-157.9198, 21.5701], [-157.9227, 21.562], [-157.9268, 21.562], [-157.9349, 21.5684], [-157.9365, 21.5795]]]}}, {"type": "Feature", "properties": {"fips": "15003009401", "gap_national": -22.4, "gap_stratum": -17.3, "burden": 38.7, "capacity": 57.6, "svi": 0.45, "top_decile_gap": 0.0, "stratum": "metropolitan", "scored": 1}, "geometry": {"type": "Polygon", "coordinates": [[[-158.0443, 21.4953], [-158.0395, 21.4956], [-158.035, 21.4999], [-158.034, 21.4923], [-158.0373, 21.4898], [-158.0429, 21.4904], [-158.0504, 21.4948], [-158.0519, 21.5003], [-158.0443, 21.4953]]]}}, {"type": "Feature", "properties": {"fips": "15003982000", "gap_national": -16.6, "gap_stratum": -17.8, "burden": 4.6, "capacity": 25.8, "svi": 0.04, "top_decile_gap": 0.0, "stratum": "metropolitan", "scored": 1}, "geometry": {"type": "Polygon", "coordinates": [[[-157.8825, 21.3552], [-157.8738, 21.3574], [-157.8486, 21.3733], [-157.8369, 21.3769], [-157.8605, 21.3623], [-157.8642, 21.3546], [-157.8824, 21.3422], [-157.8805, 21.3404], [-157.8838, 21.3377], [-157.8902, 21.3429], [-157.8825, 21.3552]]]}}, {"type": "Feature", "properties": {"fips": "15003007817", "gap_national": -59.4, "gap_stratum": -53.9, "burden": 28.9, "capacity": 75.9, "svi": 0.16, "top_decile_gap": 0.0, "stratum": "metropolitan", "scored": 1}, "geometry": {"type": "Polygon", "coordinates": [[[-157.9254, 21.4008], [-157.9253, 21.3976], [-157.921, 21.3967], [-157.9412, 21.3946], [-157.9451, 21.39], [-157.9477, 21.3928], [-157.9254, 21.4008]]]}}, {"type": "Feature", "properties": {"fips": "15003007507", "gap_national": -23.4, "gap_stratum": -19.9, "burden": 32.4, "capacity": 53.4, "svi": 0.4, "top_decile_gap": 0.0, "stratum": "metropolitan", "scored": 1}, "geometry": {"type": "Polygon", "coordinates": [[[-157.8625, 21.4152], [-157.856, 21.4154], [-157.8465, 21.4201], [-157.8384, 21.4178], [-157.8365, 21.4127], [-157.8389, 21.4014], [-157.8523, 21.3969], [-157.8552, 21.3917], [-157.8761, 21.3798], [-157.9081, 21.3684], [-157.9254, 21.373], [-157.9274, 21.3791], [-157.8625, 21.4152]]]}}, {"type": "Feature", "properties": {"fips": "15003001906", "gap_national": -45.2, "gap_stratum": -36.9, "burden": 45.4, "capacity": 80.6, "svi": 0.5, "top_decile_gap": 0.0, "stratum": "metropolitan", "scored": 1}, "geometry": {"type": "Polygon", "coordinates": [[[-157.8348, 21.2889], [-157.833, 21.2857], [-157.8357, 21.2851], [-157.8374, 21.2883], [-157.8348, 21.2889]]]}}, {"type": "Feature", "properties": {"fips": "15003008943", "gap_national": -60.1, "gap_stratum": -59.4, "burden": 13.0, "capacity": 63.5, "svi": 0.01, "top_decile_gap": 0.0, "stratum": "metropolitan", "scored": 1}, "geometry": {"type": "Polygon", "coordinates": [[[-157.9991, 21.4843], [-157.9964, 21.4795], [-158.0009, 21.4754], [-158.006, 21.4783], [-157.9991, 21.4843]]]}}, {"type": "Feature", "properties": {"fips": "15003008414", "gap_national": -39.5, "gap_stratum": -41.0, "burden": 8.9, "capacity": 47.3, "svi": 0.34, "top_decile_gap": 0.0, "stratum": "metropolitan", "scored": 1}, "geometry": {"type": "Polygon", "coordinates": [[[-158.0128, 21.3362], [-157.9994, 21.3318], [-158.0059, 21.3243], [-158.0171, 21.3235], [-158.0205, 21.3288], [-158.0128, 21.3362]]]}}, {"type": "Feature", "properties": {"fips": "15003006703", "gap_national": -39.0, "gap_stratum": -34.7, "burden": 30.7, "capacity": 62.4, "svi": 0.35, "top_decile_gap": 0.0, "stratum": "metropolitan", "scored": 1}, "geometry": {"type": "Polygon", "coordinates": [[[-157.8911, 21.3675], [-157.8821, 21.367], [-157.8807, 21.3627], [-157.888, 21.3586], [-157.8894, 21.3553], [-157.8943, 21.3557], [-157.8943, 21.3513], [-157.8996, 21.36], [-157.8911, 21.3675]]]}}, {"type": "Feature", "properties": {"fips": "15003010509", "gap_national": 13.8, "gap_stratum": 19.3, "burden": 58.4, "capacity": 48.6, "svi": 0.78, "top_decile_gap": 0.0, "stratum": "metropolitan", "scored": 1}, "geometry": {"type": "Polygon", "coordinates": [[[-157.7978, 21.4218], [-157.7933, 21.4176], [-157.8007, 21.4149], [-157.802, 21.4182], [-157.7978, 21.4218]]]}}, {"type": "Feature", "properties": {"fips": "15003009301", "gap_national": 66.1, "gap_stratum": 65.6, "burden": 89.3, "capacity": 33.6, "svi": 0.97, "top_decile_gap": 1.0, "stratum": "metropolitan", "scored": 1}, "geometry": {"type": "Polygon", "coordinates": [[[-158.0283, 21.5028], [-158.0229, 21.5057], [-158.0244, 21.4981], [-158.0298, 21.4959], [-158.0283, 21.5028]]]}}, {"type": "Feature", "properties": {"fips": "15003002101", "gap_national": -5.8, "gap_stratum": 0.1, "burden": 49.5, "capacity": 54.9, "svi": 0.78, "top_decile_gap": 0.0, "stratum": "metropolitan", "scored": 1}, "geometry": {"type": "Polygon", "coordinates": [[[-157.8205, 21.2848], [-157.8142, 21.2818], [-157.8164, 21.2738], [-157.8265, 21.283], [-157.8205, 21.2848]]]}}, {"type": "Feature", "properties": {"fips": "15003001102", "gap_national": -2.4, "gap_stratum": 3.1, "burden": 47.4, "capacity": 51.0, "svi": 0.67, "top_decile_gap": 0.0, "stratum": "metropolitan", "scored": 1}, "geometry": {"type": "Polygon", "coordinates": [[[-157.792, 21.3082], [-157.7898, 21.3094], [-157.7887, 21.3062], [-157.7968, 21.2958], [-157.799, 21.2989], [-157.792, 21.3082]]]}}, {"type": "Feature", "properties": {"fips": "15003008413", "gap_national": -15.1, "gap_stratum": -10.4, "burden": 39.1, "capacity": 53.0, "svi": 0.42, "top_decile_gap": 0.0, "stratum": "metropolitan", "scored": 1}, "geometry": {"type": "Polygon", "coordinates": [[[-158.0085, 21.3246], [-158.0059, 21.3243], [-158.0129, 21.3166], [-158.0171, 21.3235], [-158.0085, 21.3246]]]}}, {"type": "Feature", "properties": {"fips": "15003001907", "gap_national": -42.2, "gap_stratum": -35.9, "burden": 36.1, "capacity": 68.9, "svi": 0.48, "top_decile_gap": 0.0, "stratum": "metropolitan", "scored": 1}, "geometry": {"type": "Polygon", "coordinates": [[[-157.8368, 21.2873], [-157.835, 21.2863], [-157.837, 21.2846], [-157.8387, 21.2856], [-157.8368, 21.2873]]]}}, {"type": "Feature", "properties": {"fips": "15003000121", "gap_national": -79.9, "gap_stratum": -76.4, "burden": 20.6, "capacity": 88.8, "svi": 0.25, "top_decile_gap": 0.0, "stratum": "metropolitan", "scored": 1}, "geometry": {"type": "Polygon", "coordinates": [[[-157.7042, 21.2839], [-157.6999, 21.2885], [-157.6968, 21.2878], [-157.7048, 21.276], [-157.7126, 21.2809], [-157.7042, 21.2839]]]}}, {"type": "Feature", "properties": {"fips": "15003000117", "gap_national": -68.2, "gap_stratum": -67.5, "burden": 9.8, "capacity": 67.0, "svi": 0.31, "top_decile_gap": 0.0, "stratum": "metropolitan", "scored": 1}, "geometry": {"type": "Polygon", "coordinates": [[[-157.704, 21.3073], [-157.7007, 21.3057], [-157.7038, 21.3013], [-157.7043, 21.2894], [-157.7011, 21.2895], [-157.7038, 21.2868], [-157.7057, 21.2867], [-157.7069, 21.3148], [-157.704, 21.3073]]]}}, {"type": "Feature", "properties": {"fips": "15003004401", "gap_national": -46.0, "gap_stratum": -39.9, "burden": 34.4, "capacity": 70.2, "svi": 0.43, "top_decile_gap": 0.0, "stratum": "metropolitan", "scored": 1}, "geometry": {"type": "Polygon", "coordinates": [[[-157.8403, 21.3225], [-157.8368, 21.3242], [-157.841, 21.3187], [-157.8469, 21.3178], [-157.8484, 21.3209], [-157.8403, 21.3225]]]}}, {"type": "Feature", "properties": {"fips": "15003010510", "gap_national": -10.3, "gap_stratum": -6.0, "burden": 37.7, "capacity": 48.7, "svi": 0.35, "top_decile_gap": 0.0, "stratum": "metropolitan", "scored": 1}, "geometry": {"type": "Polygon", "coordinates": [[[-157.7884, 21.4186], [-157.7872, 21.4137], [-157.7838, 21.4122], [-157.7994, 21.4116], [-157.8007, 21.4149], [-157.7884, 21.4186]]]}}, {"type": "Feature", "properties": {"fips": "15003980200", "gap_national": 20.9, "gap_stratum": 25.8, "burden": 32.7, "capacity": 15.8, "svi": null, "top_decile_gap": 0.0, "stratum": "metropolitan", "scored": 1}, "geometry": {"type": "Polygon", "coordinates": [[[-157.9479, 21.3166], [-157.9296, 21.3121], [-157.9285, 21.3171], [-157.9235, 21.3215], [-157.9297, 21.3227], [-157.9303, 21.3325], [-157.9266, 21.3387], [-157.9227, 21.3382], [-157.9232, 21.3353], [-157.9019, 21.3318], [-157.9039, 21.3244], [-157.9196, 21.3127], [-157.918, 21.3105], [-157.9081, 21.3104], [-157.9062, 21.3089], [-157.9067, 21.3033], [-157.9472, 21.3038], [-157.9479, 21.3166]]]}}, {"type": "Feature", "properties": {"fips": "15003940003", "gap_national": -1.2, "gap_stratum": 4.5, "burden": 49.1, "capacity": 51.4, "svi": 0.36, "top_decile_gap": 0.0, "stratum": "metropolitan", "scored": 1}, "geometry": {"type": "Polygon", "coordinates": [[[-157.7034, 21.348], [-157.6938, 21.3329], [-157.6857, 21.3266], [-157.6944, 21.3263], [-157.6932, 21.329], [-157.7096, 21.3447], [-157.7034, 21.348]]]}}, {"type": "Feature", "properties": {"fips": "15003003103", "gap_national": -61.7, "gap_stratum": -54.8, "burden": 38.5, "capacity": 93.9, "svi": 0.28, "top_decile_gap": 0.0, "stratum": "metropolitan", "scored": 1}, "geometry": {"type": "Polygon", "coordinates": [[[-157.7996, 21.3282], [-157.7989, 21.3359], [-157.7884, 21.3462], [-157.7872, 21.3411], [-157.7792, 21.3358], [-157.787, 21.3254], [-157.7901, 21.3166], [-157.7955, 21.3081], [-157.7988, 21.3068], [-157.8014, 21.3091], [-157.7943, 21.3164], [-157.7955, 21.3203], [-157.7991, 21.3218], [-157.8088, 21.3112], [-157.7996, 21.3282]]]}}, {"type": "Feature", "properties": {"fips": "15009030304", "gap_national": 20.2, "gap_stratum": 26.1, "burden": 52.6, "capacity": 38.6, "svi": 0.3, "top_decile_gap": 0.0, "stratum": "metropolitan", "scored": 1}, "geometry": {"type": "Polygon", "coordinates": [[[-156.4217, 20.7695], [-156.4216, 20.7763], [-156.4243, 20.7787], [-156.4077, 20.7805], [-156.4022, 20.8076], [-156.406, 20.8128], [-156.4063, 20.8269], [-156.3978, 20.8406], [-156.3636, 20.834], [-156.362, 20.8296], [-156.3415, 20.8196], [-156.3345, 20.8097], [-156.3237, 20.8041], [-156.3267, 20.7826], [-156.3255, 20.7747], [-156.3282, 20.7704], [-156.3262, 20.7645], [-156.3332, 20.7363], [-156.3547, 20.7063], [-156.377, 20.6932], [-156.3894, 20.7065], [-156.3978, 20.7099], [-156.4008, 20.717], [-156.4157, 20.7254], [-156.4018, 20.7572], [-156.4257, 20.7659], [-156.4217, 20.7695]]]}}, {"type": "Feature", "properties": {"fips": "15009031001", "gap_national": -25.6, "gap_stratum": -24.1, "burden": 23.9, "capacity": 48.1, "svi": 0.28, "top_decile_gap": 0.0, "stratum": "metropolitan", "scored": 1}, "geometry": {"type": "Polygon", "coordinates": [[[-156.5285, 20.886], [-156.5208, 20.8854], [-156.514, 20.8951], [-156.5156, 20.9011], [-156.5106, 20.9015], [-156.5065, 20.9059], [-156.5036, 20.9053], [-156.5037, 20.8957], [-156.5149, 20.8867], [-156.5127, 20.8836], [-156.5049, 20.8869], [-156.5048, 20.8801], [-156.4991, 20.8794], [-156.5003, 20.8701], [-156.5118, 20.8666], [-156.5274, 20.8694], [-156.5248, 20.8712], [-156.526, 20.8811], [-156.5374, 20.883], [-156.5285, 20.886]]]}}, {"type": "Feature", "properties": {"fips": "15009030307", "gap_national": -46.7, "gap_stratum": -77.0, "burden": 51.4, "capacity": 93.7, "svi": 0.21, "top_decile_gap": 0.0, "stratum": "micropolitan", "scored": 1}, "geometry": {"type": "Polygon", "coordinates": [[[-156.4475, 20.6398], [-156.4414, 20.6528], [-156.4437, 20.656], [-156.4426, 20.6658], [-156.4448, 20.6672], [-156.446, 20.7022], [-156.4347, 20.7057], [-156.4306, 20.6898], [-156.4213, 20.6873], [-156.4221, 20.6642], [-156.4192, 20.6575], [-156.4126, 20.6513], [-156.4142, 20.6447], [-156.4268, 20.6438], [-156.4257, 20.6389], [-156.4174, 20.6357], [-156.4161, 20.6248], [-156.4232, 20.6054], [-156.4172, 20.5972], [-156.4217, 20.599], [-156.4264, 20.5945], [-156.4369, 20.5997], [-156.4407, 20.6043], [-156.4369, 20.614], [-156.4393, 20.6213], [-156.4537, 20.637], [-156.4475, 20.6398]]]}}, {"type": "Feature", "properties": {"fips": "15009030305", "gap_national": -6.1, "gap_stratum": 0.4, "burden": 54.0, "capacity": 58.5, "svi": 0.42, "top_decile_gap": 0.0, "stratum": "metropolitan", "scored": 1}, "geometry": {"type": "Polygon", "coordinates": [[[-156.4142, 20.6447], [-156.4124, 20.6485], [-156.4221, 20.6642], [-156.4204, 20.6999], [-156.4109, 20.6968], [-156.3978, 20.6982], [-156.395, 20.7009], [-156.3978, 20.7099], [-156.3894, 20.7065], [-156.377, 20.6932], [-156.3547, 20.7063], [-156.3332, 20.7363], [-156.3262, 20.7645], [-156.3282, 20.7704], [-156.3255, 20.7747], [-156.3267, 20.7826], [-156.3237, 20.8041], [-156.2987, 20.7934], [-156.2882, 20.787], [-156.2695, 20.7698], [-156.2521, 20.7611], [-156.2457, 20.7734], [-156.1762, 20.737], [-156.1454, 20.7372], [-156.1449, 20.7241], [-156.139, 20.7187], [-156.1373, 20.6837], [-156.1564, 20.6823], [-156.1984, 20.672], [-156.2164, 20.665], [-156.2246, 20.6776], [-156.2298, 20.6758], [-156.2276, 20.664], [-156.2339, 20.6694], [-156.2367, 20.6698], [-156.2363, 20.6663], [-156.2384, 20.6736], [-156.2393, 20.7002], [-156.2517, 20.7065], [-156.2668, 20.7024], [-156.3055, 20.6828], [-156.3174, 20.6715], [-156.3194, 20.6219], [-156.3144, 20.5844], [-156.3324, 20.5836], [-156.3397, 20.5804], [-156.3415, 20.5831], [-156.3487, 20.5835], [-156.3503, 20.5805], [-156.3738, 20.5749], [-156.3838, 20.5808], [-156.3867, 20.5795], [-156.3986, 20.582], [-156.4022, 20.5802], [-156.4036, 20.5832], [-156.4123, 20.5829], [-156.4141, 20.5947], [-156.4232, 20.6054], [-156.4161, 20.6248], [-156.4174, 20.6357], [-156.4257, 20.6389], [-156.4268, 20.6438], [-156.4142, 20.6447]]]}}, {"type": "Feature", "properties": {"fips": "15001021606", "gap_national": 10.1, "gap_stratum": -14.8, "burden": 54.9, "capacity": 48.3, "svi": 0.83, "top_decile_gap": 0.0, "stratum": "micropolitan", "scored": 1}, "geometry": {"type": "Polygon", "coordinates": [[[-155.955, 19.6496], [-155.949, 19.634], [-155.9627, 19.6327], [-155.9632, 19.627], [-155.9756, 19.6301], [-155.9668, 19.6128], [-155.9851, 19.6289], [-155.9892, 19.6379], [-155.955, 19.6496]]]}}, {"type": "Feature", "properties": {"fips": "15001021708", "gap_national": -46.4, "gap_stratum": -69.0, "burden": 30.0, "capacity": 66.8, "svi": 0.33, "top_decile_gap": 0.0, "stratum": "small_town", "scored": 1}, "geometry": {"type": "Polygon", "coordinates": [[[-155.901, 19.9003], [-155.8985, 19.909], [-155.8882, 19.9152], [-155.8905, 19.9185], [-155.8907, 19.9286], [-155.882, 19.9355], [-155.8778, 19.9346], [-155.8783, 19.9416], [-155.8633, 19.9521], [-155.859, 19.9629], [-155.8529, 19.9684], [-155.8474, 19.969], [-155.842, 19.9731], [-155.8324, 19.9739], [-155.8311, 19.9865], [-155.8266, 19.9908], [-155.8284, 20.0005], [-155.823, 20.019], [-155.8231, 20.0276], [-155.8292, 20.0293], [-155.8271, 20.0342], [-155.8297, 20.0373], [-155.8274, 20.0385], [-155.8223, 20.0322], [-155.8095, 20.0428], [-155.7971, 20.0477], [-155.7852, 20.0584], [-155.7802, 20.0663], [-155.7696, 20.072], [-155.7711, 20.0754], [-155.7639, 20.0821], [-155.7604, 20.0714], [-155.7495, 20.0635], [-155.7435, 20.0528], [-155.7327, 20.0458], [-155.7183, 20.0405], [-155.7221, 20.0275], [-155.7314, 20.0225], [-155.7453, 20.0241], [-155.7487, 20.0221], [-155.7577, 20.0244], [-155.7984, 20.0189], [-155.8126, 20.0227], [-155.8214, 19.9665], [-155.8268, 19.9556], [-155.8034, 19.9466], [-155.8009, 19.9481], [-155.7935, 19.9434], [-155.7886, 19.9356], [-155.7869, 19.9266], [-155.7774, 19.9219], [-155.7784, 19.9157], [-155.7701, 19.9073], [-155.7445, 19.9052], [-155.7411, 19.9027], [-155.7357, 19.8872], [-155.7219, 19.8762], [-155.7418, 19.846], [-155.7701, 19.8376], [-155.7771, 19.8381], [-155.7896, 19.8337], [-155.8187, 19.8289], [-155.8257, 19.8343], [-155.8254, 19.838], [-155.8301, 19.8425], [-155.8311, 19.8488], [-155.8343, 19.8504], [-155.8357, 19.8582], [-155.8399, 19.8618], [-155.8422, 19.8612], [-155.8507, 19.8752], [-155.8504, 19.8686], [-155.8567, 19.8767], [-155.8634, 19.8775], [-155.8657, 19.8828], [-155.875, 19.885], [-155.8826, 19.8938], [-155.8903, 19.8951], [-155.892, 19.8908], [-155.8981, 19.8946], [-155.9046, 19.8937], [-155.9059, 19.897], [-155.901, 19.9003]]]}}, {"type": "Feature", "properties": {"fips": "15001021510", "gap_national": -28.6, "gap_stratum": -60.3, "burden": 50.1, "capacity": 70.8, "svi": 0.71, "top_decile_gap": 0.0, "stratum": "micropolitan", "scored": 1}, "geometry": {"type": "Polygon", "coordinates": [[[-155.9696, 19.6022], [-155.9614, 19.6021], [-155.9519, 19.5808], [-155.9293, 19.5429], [-155.9278, 19.5348], [-155.9214, 19.523], [-155.9411, 19.5174], [-155.9516, 19.5203], [-155.9548, 19.5185], [-155.9559, 19.5326], [-155.9612, 19.5508], [-155.9667, 19.554], [-155.9639, 19.56], [-155.9679, 19.5682], [-155.9664, 19.5805], [-155.9752, 19.5985], [-155.9696, 19.6022]]]}}, {"type": "Feature", "properties": {"fips": "15003008949", "gap_national": -35.3, "gap_stratum": -31.9, "burden": 28.8, "capacity": 58.5, "svi": 0.12, "top_decile_gap": 0.0, "stratum": "metropolitan", "scored": 1}, "geometry": {"type": "Polygon", "coordinates": [[[-158.0065, 21.4095], [-157.9985, 21.4047], [-158.0044, 21.4], [-158.0093, 21.401], [-158.0103, 21.4066], [-158.0065, 21.4095]]]}}, {"type": "Feature", "properties": {"fips": "15007040205", "gap_national": 8.2, "gap_stratum": -17.3, "burden": 50.8, "capacity": 46.3, "svi": 0.39, "top_decile_gap": 0.0, "stratum": "micropolitan", "scored": 1}, "geometry": {"type": "Polygon", "coordinates": [[[-159.3658, 22.0592], [-159.3616, 22.0734], [-159.3539, 22.0789], [-159.347, 22.0819], [-159.3367, 22.0801], [-159.3338, 22.0817], [-159.3225, 22.0772], [-159.3238, 22.074], [-159.3207, 22.0723], [-159.326, 22.0673], [-159.3195, 22.0593], [-159.3216, 22.0558], [-159.3327, 22.0507], [-159.3352, 22.0448], [-159.3443, 22.0493], [-159.3495, 22.0478], [-159.3521, 22.0442], [-159.3588, 22.0448], [-159.3642, 22.0411], [-159.3632, 22.0455], [-159.3665, 22.0453], [-159.3737, 22.0527], [-159.3658, 22.0592]]]}}, {"type": "Feature", "properties": {"fips": "15009030100", "gap_national": 54.2, "gap_stratum": 41.1, "burden": 76.3, "capacity": 33.1, "svi": 0.26, "top_decile_gap": 1.0, "stratum": "rural", "scored": 1}, "geometry": {"type": "Polygon", "coordinates": [[[-156.3055, 20.6828], [-156.2668, 20.7024], [-156.2517, 20.7065], [-156.2393, 20.7002], [-156.2367, 20.6671], [-156.2367, 20.6698], [-156.2339, 20.6694], [-156.2276, 20.664], [-156.2298, 20.6758], [-156.2246, 20.6776], [-156.2164, 20.665], [-156.1984, 20.672], [-156.1564, 20.6823], [-156.1373, 20.6837], [-156.139, 20.7187], [-156.1449, 20.7241], [-156.1454, 20.7372], [-156.1762, 20.737], [-156.2309, 20.7657], [-156.2357, 20.7787], [-156.23, 20.8084], [-156.2316, 20.8162], [-156.2198, 20.829], [-156.221, 20.8316], [-156.2139, 20.851], [-156.2076, 20.8587], [-156.2053, 20.8709], [-156.198, 20.8799], [-156.1985, 20.8843], [-156.1934, 20.8932], [-156.1911, 20.8876], [-156.1814, 20.8795], [-156.1668, 20.8713], [-156.1668, 20.8656], [-156.1559, 20.8595], [-156.1443, 20.8653], [-156.1442, 20.8581], [-156.1304, 20.8594], [-156.1274, 20.8411], [-156.1212, 20.838], [-156.1154, 20.8305], [-156.1161, 20.8266], [-156.1067, 20.823], [-156.0877, 20.8283], [-156.0659, 20.8162], [-156.0569, 20.8071], [-156.0386, 20.8062], [-156.0097, 20.7969], [-156.0005, 20.7915], [-156.0004, 20.7861], [-155.9879, 20.7765], [-155.9835, 20.7664], [-155.979, 20.7646], [-155.9855, 20.7624], [-155.9864, 20.7598], [-155.9839, 20.7558], [-155.9791, 20.7559], [-155.9829, 20.7501], [-155.9857, 20.7314], [-155.9834, 20.7217], [-155.9878, 20.7164], [-155.9876, 20.7082], [-155.9935, 20.7054], [-155.9986, 20.6949], [-156.0054, 20.6882], [-156.0128, 20.6821], [-156.0169, 20.6838], [-156.0285, 20.6793], [-156.0408, 20.6672], [-156.0404, 20.661], [-156.0499, 20.6506], [-156.0647, 20.6465], [-156.0787, 20.6511], [-156.0937, 20.6418], [-156.1108, 20.6397], [-156.1123, 20.6351], [-156.1193, 20.6302], [-156.1239, 20.6301], [-156.128, 20.6231], [-156.134, 20.6237], [-156.139, 20.6181], [-156.1446, 20.624], [-156.1544, 20.6263], [-156.1635, 20.6219], [-156.1667, 20.6247], [-156.1705, 20.6211], [-156.1769, 20.6226], [-156.1787, 20.627], [-156.1913, 20.6285], [-156.2133, 20.6231], [-156.2616, 20.5978], [-156.2646, 20.5987], [-156.2832, 20.5918], [-156.2908, 20.5855], [-156.2996, 20.5831], [-156.3144, 20.5844], [-156.3194, 20.6219], [-156.3174, 20.6715], [-156.3055, 20.6828]]]}}, {"type": "Feature", "properties": {"fips": "15009031405", "gap_national": 7.0, "gap_stratum": -12.6, "burden": 34.3, "capacity": 31.8, "svi": 0.79, "top_decile_gap": 0.0, "stratum": "micropolitan", "scored": 1}, "geometry": {"type": "Polygon", "coordinates": [[[-156.6737, 20.884], [-156.6658, 20.8904], [-156.6592, 20.8923], [-156.6508, 20.8908], [-156.6411, 20.8931], [-156.5891, 20.8842], [-156.5894, 20.8782], [-156.5939, 20.8724], [-156.6244, 20.8777], [-156.6406, 20.8729], [-156.6428, 20.8746], [-156.6523, 20.8668], [-156.6605, 20.8654], [-156.6672, 20.8605], [-156.674, 20.8742], [-156.682, 20.8839], [-156.6737, 20.884]]]}}, {"type": "Feature", "properties": {"fips": "15003008918", "gap_national": -47.1, "gap_stratum": -42.9, "burden": 27.8, "capacity": 65.6, "svi": 0.15, "top_decile_gap": 0.0, "stratum": "metropolitan", "scored": 1}, "geometry": {"type": "Polygon", "coordinates": [[[-158.0118, 21.4508], [-158.0085, 21.4468], [-157.9997, 21.451], [-157.9966, 21.4579], [-157.9934, 21.4566], [-157.9982, 21.4521], [-158.0013, 21.4438], [-158.0036, 21.4435], [-158.0089, 21.4282], [-158.0112, 21.4269], [-158.0134, 21.4297], [-158.0129, 21.4417], [-158.0155, 21.4507], [-158.0118, 21.4508]]]}}, {"type": "Feature", "properties": {"fips": "15003008906", "gap_national": -54.2, "gap_stratum": -49.2, "burden": 28.3, "capacity": 71.1, "svi": 0.16, "top_decile_gap": 0.0, "stratum": "metropolitan", "scored": 1}, "geometry": {"type": "Polygon", "coordinates": [[[-158.0235, 21.4624], [-158.0167, 21.4571], [-158.0134, 21.4438], [-158.0158, 21.4432], [-158.0203, 21.4494], [-158.0235, 21.4474], [-158.029, 21.4492], [-158.0235, 21.4624]]]}}, {"type": "Feature", "properties": {"fips": "15003002702", "gap_national": -45.7, "gap_stratum": -43.7, "burden": 21.6, "capacity": 59.9, "svi": 0.7, "top_decile_gap": 0.0, "stratum": "metropolitan", "scored": 1}, "geometry": {"type": "Polygon", "coordinates": [[[-157.8252, 21.3059], [-157.8216, 21.304], [-157.8212, 21.2944], [-157.8339, 21.3008], [-157.8252, 21.3059]]]}}, {"type": "Feature", "properties": {"fips": "15003000700", "gap_national": -56.6, "gap_stratum": -50.1, "burden": 33.5, "capacity": 78.3, "svi": 0.32, "top_decile_gap": 0.0, "stratum": "metropolitan", "scored": 1}, "geometry": {"type": "Polygon", "coordinates": [[[-157.7915, 21.2789], [-157.791, 21.279], [-157.7879, 21.2786], [-157.7916, 21.2652], [-157.7991, 21.2677], [-157.7915, 21.2789]]]}}, {"type": "Feature", "properties": {"fips": "15003010702", "gap_national": -42.5, "gap_stratum": -34.1, "burden": 46.5, "capacity": 79.2, "svi": 0.54, "top_decile_gap": 0.0, "stratum": "metropolitan", "scored": 1}, "geometry": {"type": "Polygon", "coordinates": [[[-157.7909, 21.3984], [-157.7922, 21.4026], [-157.7904, 21.4058], [-157.7822, 21.4064], [-157.7716, 21.3985], [-157.7753, 21.3897], [-157.7828, 21.3851], [-157.7905, 21.3846], [-157.7972, 21.3936], [-157.7909, 21.3984]]]}}, {"type": "Feature", "properties": {"fips": "15003002701", "gap_national": -14.9, "gap_stratum": -15.9, "burden": 5.9, "capacity": 24.9, "svi": 0.62, "top_decile_gap": 0.0, "stratum": "metropolitan", "scored": 1}, "geometry": {"type": "Polygon", "coordinates": [[[-157.821, 21.3009], [-157.8168, 21.3073], [-157.8139, 21.307], [-157.811, 21.3038], [-157.8139, 21.2983], [-157.8102, 21.2904], [-157.8171, 21.2904], [-157.8212, 21.2946], [-157.821, 21.3009]]]}}, {"type": "Feature", "properties": {"fips": "15003000500", "gap_national": -69.3, "gap_stratum": -63.8, "burden": 30.3, "capacity": 89.7, "svi": 0.33, "top_decile_gap": 0.0, "stratum": "metropolitan", "scored": 1}, "geometry": {"type": "Polygon", "coordinates": [[[-157.7879, 21.2786], [-157.7597, 21.2767], [-157.7755, 21.2705], [-157.7799, 21.2652], [-157.7898, 21.2598], [-157.7912, 21.2555], [-157.7927, 21.26], [-157.7879, 21.2786]]]}}, {"type": "Feature", "properties": {"fips": "15003006806", "gap_national": -53.0, "gap_stratum": -45.3, "burden": 43.1, "capacity": 87.3, "svi": 0.35, "top_decile_gap": 0.0, "stratum": "metropolitan", "scored": 1}, "geometry": {"type": "Polygon", "coordinates": [[[-157.9209, 21.3515], [-157.9178, 21.3527], [-157.9107, 21.3504], [-157.9131, 21.3437], [-157.9158, 21.3445], [-157.9177, 21.3493], [-157.9206, 21.3505], [-157.9221, 21.3534], [-157.9209, 21.3515]]]}}, {"type": "Feature", "properties": {"fips": "15003005300", "gap_national": 37.1, "gap_stratum": 41.0, "burden": 70.3, "capacity": 41.7, "svi": 0.97, "top_decile_gap": 0.0, "stratum": "metropolitan", "scored": 1}, "geometry": {"type": "Polygon", "coordinates": [[[-157.86, 21.3216], [-157.8574, 21.3184], [-157.8642, 21.3137], [-157.8646, 21.318], [-157.86, 21.3216]]]}}, {"type": "Feature", "properties": {"fips": "15003004500", "gap_national": -55.0, "gap_stratum": -47.4, "burden": 42.2, "capacity": 88.9, "svi": 0.56, "top_decile_gap": 0.0, "stratum": "metropolitan", "scored": 1}, "geometry": {"type": "Polygon", "coordinates": [[[-157.8325, 21.3425], [-157.8235, 21.348], [-157.8206, 21.347], [-157.808, 21.3557], [-157.8071, 21.3603], [-157.8006, 21.3642], [-157.7942, 21.3665], [-157.7906, 21.364], [-157.7891, 21.3532], [-157.8035, 21.345], [-157.8183, 21.3419], [-157.8341, 21.3305], [-157.8384, 21.3243], [-157.8494, 21.3198], [-157.8519, 21.3208], [-157.8325, 21.3425]]]}}, {"type": "Feature", "properties": {"fips": "15009031801", "gap_national": 54.2, "gap_stratum": 46.8, "burden": 79.5, "capacity": 35.9, "svi": 0.76, "top_decile_gap": 1.0, "stratum": "rural", "scored": 1}, "geometry": {"type": "Polygon", "coordinates": [[[-157.3009, 21.1146], [-157.2988, 21.1207], [-157.3006, 21.124], [-157.2967, 21.133], [-157.2907, 21.1389], [-157.2884, 21.1468], [-157.2772, 21.1584], [-157.2699, 21.1604], [-157.2567, 21.1711], [-157.2514, 21.1778], [-157.2524, 21.1823], [-157.2497, 21.1844], [-157.2477, 21.1968], [-157.2503, 21.2077], [-157.2603, 21.2192], [-157.2541, 21.2241], [-157.2388, 21.2178], [-157.2156, 21.218], [-157.2121, 21.2218], [-157.203, 21.2153], [-157.2005, 21.2171], [-157.1965, 21.2142], [-157.1868, 21.2033], [-157.1571, 21.2016], [-157.1545, 21.1977], [-157.1298, 21.1995], [-157.1124, 21.1952], [-157.0927, 21.1948], [-157.0601, 21.1858], [-157.035, 21.1875], [-157.0146, 21.1835], [-157.0029, 21.1761], [-157.0041, 21.1785], [-156.984, 21.1792], [-156.9739, 21.1754], [-156.9716, 21.1657], [-156.9645, 21.1593], [-156.9599, 21.1615], [-156.9648, 21.1657], [-156.9616, 21.1761], [-156.963, 21.18], [-156.9587, 21.1745], [-156.9576, 21.158], [-156.951, 21.1535], [-156.9421, 21.1602], [-156.9416, 21.1562], [-156.9369, 21.1533], [-156.9298, 21.1396], [-156.9253, 21.1359], [-156.9324, 21.1324], [-156.9463, 21.1361], [-156.9502, 21.1398], [-156.9598, 21.1371], [-156.9745, 21.1396], [-157.0026, 21.1323], [-156.9883, 21.1452], [-156.9833, 21.1435], [-156.9798, 21.1452], [-156.99, 21.1522], [-157.0045, 21.1546], [-157.0045, 21.1566], [-157.0127, 21.1557], [-157.0204, 21.1384], [-157.054, 21.1249], [-157.0631, 21.1234], [-157.0721, 21.1158], [-157.0844, 21.1106], [-157.0918, 21.1022], [-157.0956, 21.1036], [-157.1011, 21.1004], [-157.1127, 21.1007], [-157.1491, 21.0915], [-157.2161, 21.09], [-157.2424, 21.088], [-157.2497, 21.0848], [-157.2525, 21.0877], [-157.3041, 21.0952], [-157.3108, 21.1016], [-157.3009, 21.1146]]]}}, {"type": "Feature", "properties": {"fips": "15003007807", "gap_national": -21.1, "gap_stratum": -18.5, "burden": 29.1, "capacity": 49.1, "svi": 0.44, "top_decile_gap": 0.0, "stratum": "metropolitan", "scored": 1}, "geometry": {"type": "Polygon", "coordinates": [[[-157.9358, 21.3866], [-157.9336, 21.3853], [-157.9374, 21.3834], [-157.948, 21.3911], [-157.9358, 21.3866]]]}}, {"type": "Feature", "properties": {"fips": "15003008001", "gap_national": 6.8, "gap_stratum": 12.6, "burden": 63.1, "capacity": 57.1, "svi": 0.96, "top_decile_gap": 0.0, "stratum": "metropolitan", "scored": 1}, "geometry": {"type": "Polygon", "coordinates": [[[-157.9523, 21.3862], [-157.9566, 21.3752], [-157.9611, 21.3795], [-157.9638, 21.3887], [-157.9772, 21.389], [-157.9747, 21.3911], [-157.9836, 21.3982], [-157.9523, 21.3862]]]}}, {"type": "Feature", "properties": {"fips": "15003007701", "gap_national": -35.2, "gap_stratum": -31.5, "burden": 29.9, "capacity": 59.3, "svi": 0.53, "top_decile_gap": 0.0, "stratum": "metropolitan", "scored": 1}, "geometry": {"type": "Polygon", "coordinates": [[[-157.9421, 21.3807], [-157.9336, 21.3811], [-157.9218, 21.3876], [-157.9251, 21.3845], [-157.9242, 21.3826], [-157.9195, 21.3831], [-157.928, 21.3794], [-157.9255, 21.3781], [-157.9327, 21.3739], [-157.9342, 21.3771], [-157.944, 21.3674], [-157.9531, 21.3729], [-157.9421, 21.3807]]]}}, {"type": "Feature", "properties": {"fips": "15003007809", "gap_national": -67.0, "gap_stratum": -61.2, "burden": 31.4, "capacity": 88.1, "svi": 0.13, "top_decile_gap": 0.0, "stratum": "metropolitan", "scored": 1}, "geometry": {"type": "Polygon", "coordinates": [[[-157.9381, 21.405], [-157.9271, 21.4092], [-157.9134, 21.4028], [-157.9412, 21.3959], [-157.948, 21.3911], [-157.9488, 21.3949], [-157.9381, 21.405]]]}}, {"type": "Feature", "properties": {"fips": "15003005700", "gap_national": 28.4, "gap_stratum": 32.2, "burden": 70.7, "capacity": 48.5, "svi": 0.96, "top_decile_gap": 0.0, "stratum": "metropolitan", "scored": 1}, "geometry": {"type": "Polygon", "coordinates": [[[-157.8803, 21.3152], [-157.8774, 21.32], [-157.8794, 21.3215], [-157.8715, 21.3285], [-157.8642, 21.3164], [-157.87, 21.2958], [-157.8707, 21.2982], [-157.8776, 21.3012], [-157.8838, 21.3], [-157.8904, 21.3136], [-157.8803, 21.3152]]]}}, {"type": "Feature", "properties": {"fips": "15003000200", "gap_national": -63.4, "gap_stratum": -57.5, "burden": 30.6, "capacity": 81.9, "svi": 0.18, "top_decile_gap": 0.0, "stratum": "metropolitan", "scored": 1}, "geometry": {"type": "Polygon", "coordinates": [[[-157.7408, 21.2893], [-157.7426, 21.3046], [-157.7413, 21.3223], [-157.7406, 21.324], [-157.7259, 21.3241], [-157.7193, 21.3061], [-157.7191, 21.2841], [-157.7224, 21.2814], [-157.7445, 21.2804], [-157.7408, 21.2893]]]}}, {"type": "Feature", "properties": {"fips": "15007040500", "gap_national": -12.2, "gap_stratum": -38.4, "burden": 44.8, "capacity": 55.5, "svi": 0.66, "top_decile_gap": 0.0, "stratum": "micropolitan", "scored": 1}, "geometry": {"type": "Polygon", "coordinates": [[[-159.3765, 21.9821], [-159.3773, 21.9841], [-159.3743, 21.9861], [-159.3775, 21.9943], [-159.3759, 21.9915], [-159.3712, 21.9925], [-159.3719, 21.99], [-159.3695, 21.9887], [-159.3666, 21.9885], [-159.3652, 21.9922], [-159.365, 21.9885], [-159.3562, 21.9873], [-159.3439, 21.9937], [-159.3399, 21.9909], [-159.3306, 21.9941], [-159.3294, 21.9917], [-159.3338, 21.9848], [-159.3299, 21.9602], [-159.3358, 21.9551], [-159.3402, 21.9584], [-159.3478, 21.9569], [-159.3483, 21.9604], [-159.3519, 21.9601], [-159.3523, 21.9548], [-159.3586, 21.9537], [-159.3575, 21.9481], [-159.3621, 21.9483], [-159.3621, 21.9534], [-159.3572, 21.9554], [-159.3787, 21.9728], [-159.3732, 21.9758], [-159.3787, 21.9793], [-159.379, 21.9824], [-159.3765, 21.9821]]]}}, {"type": "Feature", "properties": {"fips": "15001020801", "gap_national": -19.7, "gap_stratum": -37.7, "burden": 31.8, "capacity": 50.4, "svi": 0.35, "top_decile_gap": 0.0, "stratum": "micropolitan", "scored": 1}, "geometry": {"type": "Polygon", "coordinates": [[[-155.1929, 19.6828], [-155.1841, 19.6774], [-155.1812, 19.6792], [-155.1844, 19.6819], [-155.1843, 19.6882], [-155.1819, 19.6889], [-155.171, 19.6893], [-155.1632, 19.6867], [-155.1513, 19.705], [-155.1514, 19.7091], [-155.1471, 19.7117], [-155.1496, 19.7137], [-155.1442, 19.7158], [-155.1332, 19.712], [-155.1366, 19.7011], [-155.1366, 19.6852], [-155.1306, 19.6867], [-155.1219, 19.6946], [-155.1103, 19.6927], [-155.1016, 19.6945], [-155.0929, 19.7056], [-155.0913, 19.7028], [-155.0897, 19.6832], [-155.1068, 19.6819], [-155.1058, 19.6719], [-155.1203, 19.6699], [-155.1426, 19.6595], [-155.1461, 19.6661], [-155.1623, 19.6666], [-155.1787, 19.6626], [-155.1828, 19.6754], [-155.2021, 19.6772], [-155.1929, 19.6828]]]}}, {"type": "Feature", "properties": {"fips": "15001020900", "gap_national": -22.9, "gap_stratum": -42.9, "burden": 33.7, "capacity": 54.2, "svi": 0.15, "top_decile_gap": 0.0, "stratum": "micropolitan", "scored": 1}, "geometry": {"type": "Polygon", "coordinates": [[[-155.1354, 19.6626], [-155.1203, 19.6699], [-155.0667, 19.6744], [-155.0609, 19.6639], [-155.0643, 19.6574], [-155.0702, 19.6534], [-155.0821, 19.6389], [-155.0883, 19.6435], [-155.0936, 19.6431], [-155.0942, 19.6451], [-155.1045, 19.6411], [-155.1095, 19.6477], [-155.1176, 19.6467], [-155.1175, 19.6434], [-155.121, 19.643], [-155.1254, 19.6378], [-155.1238, 19.6304], [-155.1213, 19.6329], [-155.1198, 19.6302], [-155.1298, 19.6228], [-155.1366, 19.621], [-155.1501, 19.6416], [-155.1502, 19.6455], [-155.1354, 19.6626]]]}}, {"type": "Feature", "properties": {"fips": "15001021902", "gap_national": 1.1, "gap_stratum": -20.8, "burden": 42.6, "capacity": 44.5, "svi": 0.82, "top_decile_gap": 0.0, "stratum": "small_town", "scored": 1}, "geometry": {"type": "Polygon", "coordinates": [[[-155.7098, 20.1391], [-155.7115, 20.141], [-155.7108, 20.1554], [-155.7068, 20.1627], [-155.7067, 20.1714], [-155.6988, 20.1867], [-155.6517, 20.1654], [-155.6402, 20.1554], [-155.6386, 20.1473], [-155.6343, 20.1444], [-155.6208, 20.1426], [-155.6134, 20.1373], [-155.6078, 20.138], [-155.598, 20.1245], [-155.5891, 20.1192], [-155.5777, 20.1207], [-155.5666, 20.1272], [-155.5561, 20.1292], [-155.5168, 20.1152], [-155.4968, 20.1122], [-155.4351, 20.0914], [-155.4377, 20.0855], [-155.4431, 20.0828], [-155.4561, 20.0674], [-155.469, 20.0404], [-155.4821, 20.0288], [-155.4827, 20.0237], [-155.4932, 20.0163], [-155.5027, 19.9916], [-155.5001, 19.982], [-155.5184, 19.9571], [-155.5475, 19.971], [-155.5501, 19.9843], [-155.5547, 19.9934], [-155.5623, 19.9997], [-155.5711, 20.0006], [-155.5859, 20.0094], [-155.5861, 20.0262], [-155.5852, 20.0319], [-155.5827, 20.0326], [-155.5835, 20.0374], [-155.6114, 20.0541], [-155.6203, 20.0691], [-155.6252, 20.0624], [-155.6281, 20.0644], [-155.6285, 20.0689], [-155.6409, 20.0536], [-155.6441, 20.0561], [-155.641, 20.0674], [-155.6519, 20.0637], [-155.6675, 20.0651], [-155.6717, 20.0727], [-155.6694, 20.0755], [-155.6707, 20.0804], [-155.6755, 20.0849], [-155.6796, 20.0854], [-155.6752, 20.0881], [-155.671, 20.0981], [-155.6649, 20.1007], [-155.7061, 20.1106], [-155.7141, 20.1219], [-155.7098, 20.1391]]]}}, {"type": "Feature", "properties": {"fips": "15001021800", "gap_national": -5.6, "gap_stratum": -26.1, "burden": 47.6, "capacity": 53.3, "svi": 0.54, "top_decile_gap": 0.0, "stratum": "rural", "scored": 1}, "geometry": {"type": "Polygon", "coordinates": [[[-155.9014, 20.2061], [-155.9028, 20.2133], [-155.8989, 20.2249], [-155.8994, 20.2301], [-155.8826, 20.2568], [-155.8682, 20.2651], [-155.8507, 20.268], [-155.8475, 20.265], [-155.837, 20.267], [-155.8277, 20.2607], [-155.8073, 20.2561], [-155.7976, 20.2482], [-155.7923, 20.2493], [-155.7788, 20.242], [-155.7713, 20.2464], [-155.731, 20.22], [-155.7341, 20.2106], [-155.7249, 20.2016], [-155.6988, 20.1867], [-155.7067, 20.1714], [-155.7068, 20.1627], [-155.7117, 20.1493], [-155.7098, 20.1391], [-155.7141, 20.1219], [-155.7061, 20.1106], [-155.7197, 20.1149], [-155.7295, 20.1127], [-155.7326, 20.1158], [-155.7402, 20.117], [-155.7574, 20.1093], [-155.7488, 20.1025], [-155.7507, 20.1001], [-155.7401, 20.0909], [-155.739, 20.0872], [-155.7497, 20.0776], [-155.7564, 20.0874], [-155.7711, 20.0754], [-155.7696, 20.072], [-155.7802, 20.0663], [-155.7908, 20.0525], [-155.8095, 20.0428], [-155.8229, 20.0321], [-155.8274, 20.0385], [-155.8297, 20.0373], [-155.8593, 20.0745], [-155.8645, 20.0764], [-155.8794, 20.103], [-155.8835, 20.1062], [-155.8828, 20.1118], [-155.8914, 20.1255], [-155.8927, 20.1381], [-155.896, 20.1434], [-155.8951, 20.1491], [-155.9044, 20.1961], [-155.9014, 20.2061]]]}}, {"type": "Feature", "properties": {"fips": "15003000108", "gap_national": -61.2, "gap_stratum": -54.4, "burden": 36.6, "capacity": 88.5, "svi": 0.27, "top_decile_gap": 0.0, "stratum": "metropolitan", "scored": 1}, "geometry": {"type": "Polygon", "coordinates": [[[-157.7169, 21.2926], [-157.714, 21.2885], [-157.7093, 21.2938], [-157.7057, 21.2867], [-157.6999, 21.2885], [-157.7042, 21.2839], [-157.7126, 21.2809], [-157.7191, 21.2841], [-157.7169, 21.2926]]]}}, {"type": "Feature", "properties": {"fips": "15003009704", "gap_national": 40.5, "gap_stratum": 45.5, "burden": 66.3, "capacity": 35.1, "svi": 0.82, "top_decile_gap": 0.0, "stratum": "metropolitan", "scored": 1}, "geometry": {"type": "Polygon", "coordinates": [[[-158.1703, 21.4447], [-158.1478, 21.4674], [-158.1462, 21.4631], [-158.1528, 21.4562], [-158.1489, 21.4569], [-158.1456, 21.4425], [-158.1634, 21.4396], [-158.1664, 21.4366], [-158.1637, 21.4344], [-158.174, 21.4299], [-158.1773, 21.4325], [-158.1729, 21.4403], [-158.1786, 21.4357], [-158.18, 21.4412], [-158.1763, 21.4416], [-158.1821, 21.443], [-158.1703, 21.4447]]]}}, {"type": "Feature", "properties": {"fips": "15003010305", "gap_national": -20.3, "gap_stratum": -13.7, "burden": 45.9, "capacity": 61.7, "svi": 0.45, "top_decile_gap": 0.0, "stratum": "metropolitan", "scored": 1}, "geometry": {"type": "Polygon", "coordinates": [[[-157.8433, 21.4362], [-157.842, 21.4441], [-157.8351, 21.4517], [-157.8377, 21.4568], [-157.8342, 21.4582], [-157.8337, 21.4624], [-157.8223, 21.4525], [-157.8166, 21.4546], [-157.8129, 21.4476], [-157.8226, 21.446], [-157.8258, 21.441], [-157.8307, 21.439], [-157.8332, 21.4465], [-157.8387, 21.4326], [-157.8385, 21.438], [-157.8449, 21.43], [-157.8463, 21.433], [-157.8433, 21.4362]]]}}, {"type": "Feature", "properties": {"fips": "15003000301", "gap_national": -67.4, "gap_stratum": -61.6, "burden": 31.7, "capacity": 89.3, "svi": 0.13, "top_decile_gap": 0.0, "stratum": "metropolitan", "scored": 1}, "geometry": {"type": "Polygon", "coordinates": [[[-157.759, 21.3189], [-157.7527, 21.3278], [-157.7406, 21.324], [-157.7426, 21.3046], [-157.7408, 21.2893], [-157.7443, 21.2799], [-157.7508, 21.2785], [-157.7557, 21.2875], [-157.7546, 21.3074], [-157.757, 21.306], [-157.7572, 21.2965], [-157.7618, 21.2985], [-157.763, 21.3055], [-157.759, 21.3189]]]}}, {"type": "Feature", "properties": {"fips": "15003008411", "gap_national": -24.8, "gap_stratum": -24.8, "burden": 17.4, "capacity": 42.2, "svi": 0.45, "top_decile_gap": 0.0, "stratum": "metropolitan", "scored": 1}, "geometry": {"type": "Polygon", "coordinates": [[[-158.0364, 21.3357], [-158.0337, 21.3347], [-158.0323, 21.3373], [-158.0246, 21.3392], [-158.023, 21.3337], [-158.0377, 21.3283], [-158.0402, 21.3283], [-158.0414, 21.3313], [-158.0482, 21.3319], [-158.0364, 21.3357]]]}}, {"type": "Feature", "properties": {"fips": "15003000600", "gap_national": -67.6, "gap_stratum": -61.7, "burden": 32.6, "capacity": 91.5, "svi": 0.01, "top_decile_gap": 0.0, "stratum": "metropolitan", "scored": 1}, "geometry": {"type": "Polygon", "coordinates": [[[-157.8077, 21.2697], [-157.8032, 21.2703], [-157.7934, 21.2648], [-157.7898, 21.2688], [-157.7927, 21.26], [-157.7917, 21.2555], [-157.7959, 21.2572], [-157.8105, 21.2558], [-157.8164, 21.2602], [-157.8077, 21.2697]]]}}, {"type": "Feature", "properties": {"fips": "15003007400", "gap_national": -11.0, "gap_stratum": -11.8, "burden": 4.1, "capacity": 19.6, "svi": 0.08, "top_decile_gap": 0.0, "stratum": "metropolitan", "scored": 1}, "geometry": {"type": "Polygon", "coordinates": [[[-157.9677, 21.3691], [-157.9619, 21.3816], [-157.9584, 21.3764], [-157.944, 21.3674], [-157.9342, 21.3771], [-157.9327, 21.3739], [-157.9371, 21.3651], [-157.9284, 21.364], [-157.9265, 21.3569], [-157.9328, 21.3522], [-157.9336, 21.347], [-157.9354, 21.349], [-157.9406, 21.3446], [-157.9439, 21.3472], [-157.9697, 21.3427], [-157.9699, 21.3569], [-157.9735, 21.3665], [-157.9677, 21.3691]]]}}, {"type": "Feature", "properties": {"fips": "15003980600", "gap_national": null, "gap_stratum": null, "burden": null, "capacity": null, "svi": null, "top_decile_gap": null, "stratum": null, "scored": 0}, "geometry": {"type": "Polygon", "coordinates": [[[-158.1464, 21.5051], [-158.1376, 21.5116], [-158.0939, 21.5219], [-158.0813, 21.5184], [-158.0748, 21.508], [-158.0697, 21.5049], [-158.0775, 21.4992], [-158.0813, 21.4938], [-158.0819, 21.4878], [-158.0799, 21.4881], [-158.0847, 21.4854], [-158.0917, 21.4734], [-158.0935, 21.4543], [-158.1013, 21.4602], [-158.1073, 21.4735], [-158.1174, 21.4749], [-158.1221, 21.4803], [-158.1256, 21.4788], [-158.1321, 21.4802], [-158.1324, 21.4882], [-158.1408, 21.4924], [-158.1477, 21.4997], [-158.1464, 21.5051]]]}}, {"type": "Feature", "properties": {"fips": "15003009000", "gap_national": -10.8, "gap_stratum": -11.7, "burden": 3.2, "capacity": 18.8, "svi": 0.36, "top_decile_gap": 0.0, "stratum": "metropolitan", "scored": 1}, "geometry": {"type": "Polygon", "coordinates": [[[-158.0464, 21.484], [-158.0395, 21.4887], [-158.0285, 21.4915], [-158.0235, 21.4624], [-158.029, 21.4492], [-158.0365, 21.4554], [-158.0309, 21.4616], [-158.0512, 21.4749], [-158.0464, 21.484]]]}}, {"type": "Feature", "properties": {"fips": "15003009801", "gap_national": 32.5, "gap_stratum": 35.3, "burden": 75.4, "capacity": 49.2, "svi": 0.9, "top_decile_gap": 0.0, "stratum": "metropolitan", "scored": 1}, "geometry": {"type": "Polygon", "coordinates": [[[-158.2497, 21.5616], [-158.2429, 21.5633], [-158.2255, 21.5532], [-158.222, 21.5532], [-158.2179, 21.549], [-158.2134, 21.5505], [-158.205, 21.5479], [-158.2006, 21.5436], [-158.195, 21.5446], [-158.1919, 21.5357], [-158.183, 21.5344], [-158.1763, 21.5283], [-158.1738, 21.5193], [-158.1648, 21.5158], [-158.1574, 21.5093], [-158.1425, 21.5077], [-158.149, 21.5024], [-158.1655, 21.5008], [-158.1669, 21.4917], [-158.1707, 21.488], [-158.1722, 21.4813], [-158.1908, 21.4641], [-158.1993, 21.4617], [-158.2022, 21.465], [-158.1998, 21.4707], [-158.2031, 21.473], [-158.2072, 21.4721], [-158.2108, 21.476], [-158.2204, 21.476], [-158.2311, 21.4827], [-158.2298, 21.5343], [-158.2507, 21.5574], [-158.2719, 21.5701], [-158.267, 21.5719], [-158.2497, 21.5616]]]}}, {"type": "Feature", "properties": {"fips": "15003010508", "gap_national": -39.9, "gap_stratum": -36.1, "burden": 29.0, "capacity": 61.6, "svi": 0.59, "top_decile_gap": 0.0, "stratum": "metropolitan", "scored": 1}, "geometry": {"type": "Polygon", "coordinates": [[[-157.7977, 21.4231], [-157.7923, 21.4288], [-157.7891, 21.4253], [-157.7884, 21.4186], [-157.7933, 21.4176], [-157.7978, 21.4218], [-157.802, 21.4182], [-157.8043, 21.4221], [-157.7977, 21.4231]]]}}, {"type": "Feature", "properties": {"fips": "15003981200", "gap_national": null, "gap_stratum": null, "burden": null, "capacity": null, "svi": null, "top_decile_gap": null, "stratum": null, "scored": 0}, "geometry": {"type": "MultiPolygon", "coordinates": [[[[-161.9164, 23.0609], [-161.9156, 23.0583], [-161.9258, 23.0542], [-161.9295, 23.0626], [-161.9164, 23.0609]]], [[[-166.1731, 23.7363], [-166.1697, 23.726], [-166.1723, 23.7255], [-166.175, 23.7353], [-166.1731, 23.7363]]], [[[-166.2121, 23.7873], [-166.2092, 23.7817], [-166.2119, 23.782], [-166.2149, 23.7869], [-166.2121, 23.7873]]], [[[-166.2191, 23.8613], [-166.2168, 23.8553], [-166.2204, 23.8551], [-166.2258, 23.8616], [-166.2247, 23.8648], [-166.2191, 23.8613]]], [[[-166.2452, 23.8709], [-166.2469, 23.8681], [-166.2514, 23.8699], [-166.2501, 23.8719], [-166.2452, 23.8709]]], [[[-166.2826, 23.8705], [-166.2816, 23.8678], [-166.2909, 23.865], [-166.292, 23.8672], [-166.2826, 23.8705]]], [[[-167.9977, 25.0044], [-167.9956, 25.0019], [-167.9958, 24.9982], [-167.9985, 24.9971], [-168.0021, 25.0], [-167.9977, 25.0044]]], [[[-171.7436, 25.7769], [-171.7351, 25.7818], [-171.7256, 25.7793], [-171.7255, 25.7741], [-171.7279, 25.7731], [-171.7331, 25.7573], [-171.7424, 25.7561], [-171.7458, 25.7601], [-171.7436, 25.7769]]], [[[-173.9668, 26.079], [-173.9647, 26.0765], [-173.9642, 26.0623], [-173.9699, 26.0646], [-173.9761, 26.0786], [-173.9668, 26.079]]], [[[-175.7363, 27.9295], [-175.7328, 27.9279], [-175.7395, 27.921], [-175.7413, 27.9241], [-175.7363, 27.9295]]], [[[-175.7414, 27.9149], [-175.7371, 27.9135], [-175.7407, 27.9074], [-175.7445, 27.9085], [-175.7414, 27.9149]]], [[[-175.8074, 27.7812], [-175.8075, 27.7787], [-175.812, 27.7775], [-175.8181, 27.7798], [-175.8166, 27.7825], [-175.8074, 27.7812]]], [[[-175.8578, 27.7867], [-175.857, 27.7836], [-175.8639, 27.7827], [-175.8645, 27.7863], [-175.8578, 27.7867]]], [[[-175.8952, 27.7651], [-175.8957, 27.762], [-175.905, 27.7627], [-175.9066, 27.7651], [-175.9051, 27.7668], [-175.8952, 27.7651]]], [[[-175.9303, 27.7499], [-175.9359, 27.7479], [-175.9438, 27.7569], [-175.9362, 27.76], [-175.9303, 27.7499]]], [[[-178.3078, 28.3901], [-178.298, 28.3916], [-178.2889, 28.4021], [-178.2881, 28.3924], [-178.3045, 28.3854], [-178.3347, 28.3894], [-178.333, 28.3945], [-178.3078, 28.3901]]]]}}, {"type": "Feature", "properties": {"fips": "15003011201", "gap_national": -67.3, "gap_stratum": -62.8, "burden": 23.7, "capacity": 77.7, "svi": 0.08, "top_decile_gap": 0.0, "stratum": "metropolitan", "scored": 1}, "geometry": {"type": "Polygon", "coordinates": [[[-157.7438, 21.4284], [-157.7374, 21.4284], [-157.739, 21.4242], [-157.7415, 21.4256], [-157.7445, 21.4224], [-157.7433, 21.4137], [-157.7386, 21.4043], [-157.7207, 21.3955], [-157.7209, 21.3929], [-157.7266, 21.3899], [-157.7287, 21.3954], [-157.7271, 21.3966], [-157.7303, 21.3972], [-157.7337, 21.3938], [-157.7392, 21.397], [-157.7468, 21.4099], [-157.7454, 21.4118], [-157.7482, 21.4212], [-157.7438, 21.4284]]]}}, {"type": "Feature", "properties": {"fips": "15009032000", "gap_national": -20.8, "gap_stratum": -53.7, "burden": 51.5, "capacity": 66.4, "svi": 0.5, "top_decile_gap": 0.0, "stratum": "rural", "scored": 1}, "geometry": {"type": "Polygon", "coordinates": [[[-156.6605, 20.8654], [-156.6523, 20.8668], [-156.6428, 20.8746], [-156.6406, 20.8729], [-156.6244, 20.8777], [-156.5885, 20.8714], [-156.5785, 20.8644], [-156.5714, 20.8631], [-156.5657, 20.8562], [-156.5614, 20.8556], [-156.5426, 20.8212], [-156.5331, 20.8151], [-156.5207, 20.8134], [-156.5044, 20.8175], [-156.4956, 20.8255], [-156.4837, 20.8509], [-156.482, 20.8483], [-156.4628, 20.8454], [-156.4684, 20.8099], [-156.462, 20.7857], [-156.4665, 20.7854], [-156.4846, 20.7938], [-156.4867, 20.797], [-156.4884, 20.7951], [-156.4997, 20.7965], [-156.5062, 20.7951], [-156.5154, 20.7877], [-156.5196, 20.7798], [-156.526, 20.776], [-156.5377, 20.7746], [-156.5437, 20.7801], [-156.5665, 20.7924], [-156.5837, 20.795], [-156.6081, 20.8097], [-156.6184, 20.8076], [-156.6229, 20.809], [-156.6277, 20.8139], [-156.6305, 20.8222], [-156.6405, 20.8322], [-156.6466, 20.8341], [-156.6671, 20.8605], [-156.6605, 20.8654]]]}}, {"type": "Feature", "properties": {"fips": "15009031503", "gap_national": 9.1, "gap_stratum": -16.2, "burden": 48.5, "capacity": 43.7, "svi": 0.85, "top_decile_gap": 0.0, "stratum": "micropolitan", "scored": 1}, "geometry": {"type": "Polygon", "coordinates": [[[-156.6923, 20.9471], [-156.6865, 20.956], [-156.6823, 20.9584], [-156.6783, 20.9576], [-156.6741, 20.9536], [-156.6654, 20.9507], [-156.6528, 20.9499], [-156.6174, 20.9375], [-156.6082, 20.9266], [-156.595, 20.9166], [-156.5941, 20.9081], [-156.5872, 20.8933], [-156.5922, 20.9007], [-156.6039, 20.9017], [-156.6182, 20.9089], [-156.6469, 20.9106], [-156.6623, 20.9152], [-156.6846, 20.9126], [-156.6974, 20.9164], [-156.6923, 20.9471]]]}}, {"type": "Feature", "properties": {"fips": "15009030800", "gap_national": -0.2, "gap_stratum": 3.3, "burden": 32.3, "capacity": 36.1, "svi": 0.33, "top_decile_gap": 0.0, "stratum": "metropolitan", "scored": 1}, "geometry": {"type": "Polygon", "coordinates": [[[-156.5894, 20.8782], [-156.5872, 20.891], [-156.5748, 20.8932], [-156.5814, 20.8978], [-156.583, 20.9019], [-156.5728, 20.9124], [-156.5716, 20.9173], [-156.5787, 20.926], [-156.5783, 20.9458], [-156.5815, 20.9508], [-156.5831, 20.9689], [-156.5888, 20.9885], [-156.5836, 20.9994], [-156.5843, 21.0211], [-156.5835, 21.0186], [-156.5787, 21.0169], [-156.5734, 21.0179], [-156.5693, 21.0159], [-156.5657, 21.0118], [-156.5601, 21.0139], [-156.5495, 20.9983], [-156.5457, 21.0023], [-156.5437, 21.0013], [-156.5357, 20.985], [-156.5254, 20.9873], [-156.5252, 20.9643], [-156.5209, 20.9619], [-156.516, 20.9521], [-156.5084, 20.9474], [-156.5073, 20.9368], [-156.4964, 20.9309], [-156.4915, 20.918], [-156.4978, 20.9176], [-156.5027, 20.9015], [-156.5036, 20.9053], [-156.5065, 20.9059], [-156.5106, 20.9015], [-156.5156, 20.9011], [-156.514, 20.8951], [-156.5208, 20.8854], [-156.5285, 20.886], [-156.5374, 20.883], [-156.526, 20.8811], [-156.5248, 20.8712], [-156.5274, 20.8694], [-156.5118, 20.8666], [-156.5003, 20.8701], [-156.4963, 20.8518], [-156.4849, 20.8488], [-156.4946, 20.8268], [-156.5031, 20.8184], [-156.5149, 20.8139], [-156.5331, 20.8151], [-156.545, 20.8242], [-156.5614, 20.8556], [-156.5657, 20.8562], [-156.5735, 20.8645], [-156.5785, 20.8644], [-156.5814, 20.8681], [-156.5939, 20.8724], [-156.5894, 20.8782]]]}}, {"type": "Feature", "properties": {"fips": "15007040604", "gap_national": 1.3, "gap_stratum": -24.5, "burden": 48.9, "capacity": 49.6, "svi": 0.61, "top_decile_gap": 0.0, "stratum": "micropolitan", "scored": 1}, "geometry": {"type": "Polygon", "coordinates": [[[-159.5045, 21.919], [-159.507, 21.92], [-159.5087, 21.9264], [-159.5033, 21.9233], [-159.4932, 21.9242], [-159.4863, 21.9293], [-159.4761, 21.9462], [-159.4657, 21.9508], [-159.4691, 21.9191], [-159.4658, 21.9094], [-159.4659, 21.8895], [-159.4691, 21.8792], [-159.4753, 21.8821], [-159.4827, 21.8822], [-159.4883, 21.8857], [-159.5028, 21.8853], [-159.5029, 21.9], [-159.5062, 21.9011], [-159.5097, 21.9083], [-159.5045, 21.919]]]}}, {"type": "Feature", "properties": {"fips": "15003981000", "gap_national": null, "gap_stratum": null, "burden": null, "capacity": null, "svi": null, "top_decile_gap": null, "stratum": null, "scored": 0}, "geometry": {"type": "Polygon", "coordinates": [[[-157.7634, 21.3883], [-157.7664, 21.404], [-157.7568, 21.4076], [-157.7475, 21.3924], [-157.7618, 21.3828], [-157.7607, 21.3776], [-157.7668, 21.3772], [-157.7634, 21.3883]]]}}, {"type": "Feature", "properties": {"fips": "15003008926", "gap_national": -28.7, "gap_stratum": -30.2, "burden": 8.2, "capacity": 38.6, "svi": 0.26, "top_decile_gap": 0.0, "stratum": "metropolitan", "scored": 1}, "geometry": {"type": "Polygon", "coordinates": [[[-157.9997, 21.4894], [-157.9961, 21.4853], [-157.9897, 21.4879], [-157.9838, 21.4872], [-157.9841, 21.4844], [-157.9911, 21.4862], [-157.9968, 21.4826], [-157.9991, 21.4843], [-158.0152, 21.4743], [-158.024, 21.4793], [-157.9997, 21.4894]]]}}, {"type": "Feature", "properties": {"fips": "15003981400", "gap_national": -12.8, "gap_stratum": -13.4, "burden": 7.9, "capacity": 24.0, "svi": 0.0, "top_decile_gap": 0.0, "stratum": "metropolitan", "scored": 1}, "geometry": {"type": "Polygon", "coordinates": [[[-157.8899, 21.3324], [-157.8964, 21.3255], [-157.8884, 21.3066], [-157.9046, 21.3053], [-157.9067, 21.3033], [-157.9062, 21.3089], [-157.9081, 21.3104], [-157.9196, 21.3115], [-157.9039, 21.3244], [-157.9019, 21.3318], [-157.9232, 21.3353], [-157.9227, 21.3382], [-157.8899, 21.3324]]]}}, {"type": "Feature", "properties": {"fips": "15001021512", "gap_national": -14.8, "gap_stratum": -32.2, "burden": 31.6, "capacity": 46.9, "svi": 0.39, "top_decile_gap": 0.0, "stratum": "micropolitan", "scored": 1}, "geometry": {"type": "Polygon", "coordinates": [[[-156.0313, 19.7254], [-156.0037, 19.7196], [-155.9777, 19.7174], [-155.976, 19.6907], [-155.9913, 19.6984], [-155.9964, 19.6972], [-156.005, 19.6893], [-156.0152, 19.6926], [-156.0229, 19.6904], [-156.0338, 19.7117], [-156.0313, 19.7254]]]}}, {"type": "Feature", "properties": {"fips": "15001021513", "gap_national": -10.4, "gap_stratum": -24.8, "burden": 28.1, "capacity": 40.4, "svi": 0.5, "top_decile_gap": 0.0, "stratum": "micropolitan", "scored": 1}, "geometry": {"type": "Polygon", "coordinates": [[[-156.0531, 19.7367], [-156.0545, 19.7477], [-156.0507, 19.7506], [-156.0493, 19.7719], [-156.0468, 19.7768], [-156.0363, 19.783], [-156.0383, 19.7872], [-156.0213, 19.7959], [-156.0068, 19.8099], [-156.0061, 19.8136], [-156.001, 19.8147], [-156.0015, 19.8178], [-155.9967, 19.8217], [-155.9974, 19.8254], [-155.9865, 19.8311], [-155.9862, 19.8349], [-155.9796, 19.8432], [-155.973, 19.848], [-155.9614, 19.8523], [-155.9453, 19.8534], [-155.9425, 19.8503], [-155.9371, 19.8496], [-155.9221, 19.8572], [-155.9233, 19.8705], [-155.9155, 19.8752], [-155.9124, 19.8841], [-155.9055, 19.8883], [-155.9046, 19.8937], [-155.8981, 19.8946], [-155.892, 19.8908], [-155.8903, 19.8951], [-155.8826, 19.8938], [-155.875, 19.885], [-155.8657, 19.8828], [-155.8634, 19.8775], [-155.8567, 19.8767], [-155.8504, 19.8686], [-155.8507, 19.8752], [-155.8422, 19.8612], [-155.8399, 19.8618], [-155.8357, 19.8582], [-155.8343, 19.8504], [-155.8311, 19.8488], [-155.8301, 19.8425], [-155.8254, 19.838], [-155.8257, 19.8343], [-155.8187, 19.8289], [-155.8428, 19.816], [-155.8439, 19.8129], [-155.8409, 19.8071], [-155.8512, 19.7997], [-155.9101, 19.7806], [-155.9329, 19.7686], [-155.9591, 19.7618], [-155.9718, 19.754], [-155.9787, 19.7305], [-155.9777, 19.7174], [-156.0037, 19.7196], [-156.0313, 19.7254], [-156.0338, 19.7117], [-156.0312, 19.7039], [-156.0434, 19.7018], [-156.0489, 19.7035], [-156.0495, 19.7144], [-156.0615, 19.7281], [-156.0531, 19.7367]]]}}, {"type": "Feature", "properties": {"fips": "15001021706", "gap_national": 6.5, "gap_stratum": -10.8, "burden": 42.1, "capacity": 40.0, "svi": 0.33, "top_decile_gap": 0.0, "stratum": "rural", "scored": 1}, "geometry": {"type": "Polygon", "coordinates": [[[-155.7896, 19.8337], [-155.7771, 19.8381], [-155.7701, 19.8376], [-155.7398, 19.8477], [-155.7101, 19.8949], [-155.7017, 19.9142], [-155.6968, 19.9184], [-155.6862, 19.9398], [-155.6806, 19.9457], [-155.6761, 20.0119], [-155.6715, 20.0185], [-155.6643, 20.0241], [-155.608, 20.0408], [-155.594, 20.0436], [-155.5835, 20.0374], [-155.5866, 20.0072], [-155.5838, 20.0017], [-155.5812, 19.9776], [-155.5831, 19.9649], [-155.6011, 19.9319], [-155.6065, 19.9304], [-155.6106, 19.9162], [-155.621, 19.8969], [-155.6379, 19.8753], [-155.644, 19.8559], [-155.6326, 19.8508], [-155.6256, 19.8447], [-155.6308, 19.8427], [-155.6363, 19.8229], [-155.633, 19.7977], [-155.6325, 19.7635], [-155.724, 19.6719], [-155.7359, 19.6842], [-155.7392, 19.6956], [-155.7383, 19.706], [-155.7349, 19.7106], [-155.7369, 19.7103], [-155.7347, 19.7249], [-155.7455, 19.7361], [-155.7587, 19.7425], [-155.765, 19.7509], [-155.7624, 19.7619], [-155.7646, 19.7619], [-155.7697, 19.7699], [-155.7724, 19.7687], [-155.7804, 19.7756], [-155.7866, 19.7869], [-155.7974, 19.7994], [-155.8021, 19.8123], [-155.8052, 19.8165], [-155.8077, 19.8161], [-155.812, 19.8248], [-155.8187, 19.8289], [-155.7896, 19.8337]]]}}, {"type": "Feature", "properties": {"fips": "15001021300", "gap_national": 10.2, "gap_stratum": -11.6, "burden": 60.0, "capacity": 52.3, "svi": 0.41, "top_decile_gap": 0.0, "stratum": "rural", "scored": 1}, "geometry": {"type": "Polygon", "coordinates": [[[-155.9359, 19.4887], [-155.9249, 19.4846], [-155.9167, 19.4904], [-155.9149, 19.4874], [-155.9096, 19.4886], [-155.9052, 19.486], [-155.898, 19.4885], [-155.9013, 19.4935], [-155.9063, 19.4921], [-155.9104, 19.4983], [-155.8991, 19.5031], [-155.9008, 19.5118], [-155.8939, 19.5116], [-155.8431, 19.5263], [-155.8287, 19.5278], [-155.8251, 19.526], [-155.8203, 19.5307], [-155.8124, 19.5268], [-155.7962, 19.5242], [-155.7796, 19.5237], [-155.7635, 19.5267], [-155.7608, 19.5065], [-155.7638, 19.4957], [-155.7716, 19.4855], [-155.785, 19.4846], [-155.7983, 19.4874], [-155.7737, 19.4521], [-155.7537, 19.4066], [-155.6445, 19.4458], [-155.6492, 19.4372], [-155.6189, 19.422], [-155.6416, 19.3903], [-155.6913, 19.3349], [-155.7318, 19.2725], [-155.7362, 19.25], [-155.7388, 19.2048], [-155.839, 19.1273], [-155.8925, 19.0885], [-155.9073, 19.0822], [-155.9183, 19.1148], [-155.9182, 19.1344], [-155.9103, 19.1512], [-155.9146, 19.1527], [-155.9164, 19.1566], [-155.9086, 19.1686], [-155.9078, 19.1768], [-155.9105, 19.1813], [-155.9056, 19.2026], [-155.8993, 19.2103], [-155.9022, 19.2231], [-155.8973, 19.2402], [-155.9006, 19.2475], [-155.8887, 19.289], [-155.8901, 19.3007], [-155.8877, 19.3132], [-155.8907, 19.3185], [-155.8897, 19.3242], [-155.8852, 19.3294], [-155.8852, 19.3388], [-155.8988, 19.378], [-155.9109, 19.3965], [-155.9049, 19.4103], [-155.9144, 19.4204], [-155.9131, 19.4254], [-155.9172, 19.426], [-155.9198, 19.4304], [-155.9219, 19.4532], [-155.9278, 19.4588], [-155.9225, 19.4654], [-155.9198, 19.4753], [-155.9241, 19.4814], [-155.9333, 19.4825], [-155.9338, 19.4793], [-155.94, 19.4872], [-155.9359, 19.4887]]]}}, {"type": "Feature", "properties": {"fips": "15009980000", "gap_national": null, "gap_stratum": null, "burden": null, "capacity": null, "svi": null, "top_decile_gap": null, "stratum": null, "scored": 0}, "geometry": {"type": "Polygon", "coordinates": [[[-156.6938, 20.5385], [-156.6806, 20.5494], [-156.6775, 20.555], [-156.6456, 20.5635], [-156.624, 20.5794], [-156.6138, 20.5842], [-156.6087, 20.5901], [-156.5881, 20.6001], [-156.5753, 20.6034], [-156.565, 20.602], [-156.5536, 20.5947], [-156.539, 20.5762], [-156.538, 20.5686], [-156.548, 20.5649], [-156.5479, 20.5521], [-156.5533, 20.5455], [-156.554, 20.5369], [-156.5507, 20.5342], [-156.5436, 20.5374], [-156.5393, 20.534], [-156.5336, 20.5344], [-156.5318, 20.5283], [-156.5413, 20.5202], [-156.541, 20.516], [-156.5452, 20.512], [-156.5573, 20.5183], [-156.5593, 20.5154], [-156.5674, 20.5161], [-156.5739, 20.5111], [-156.5788, 20.5113], [-156.5839, 20.508], [-156.5873, 20.5084], [-156.593, 20.5153], [-156.6033, 20.5157], [-156.6092, 20.513], [-156.6106, 20.5165], [-156.6222, 20.5139], [-156.6403, 20.505], [-156.6436, 20.5073], [-156.6461, 20.5159], [-156.6564, 20.5055], [-156.6663, 20.5009], [-156.6689, 20.5039], [-156.6726, 20.501], [-156.6824, 20.5051], [-156.6859, 20.5084], [-156.6832, 20.5122], [-156.6852, 20.5153], [-156.6917, 20.5165], [-156.696, 20.5225], [-156.701, 20.5248], [-156.6938, 20.5385]]]}}, {"type": "Feature", "properties": {"fips": "15003008942", "gap_national": 1.6, "gap_stratum": 6.8, "burden": 45.4, "capacity": 46.6, "svi": 0.63, "top_decile_gap": 0.0, "stratum": "metropolitan", "scored": 1}, "geometry": {"type": "Polygon", "coordinates": [[[-158.0185, 21.4596], [-158.0106, 21.4648], [-158.0039, 21.4654], [-158.0074, 21.4596], [-158.0119, 21.4604], [-158.0144, 21.4564], [-158.0211, 21.4611], [-158.0185, 21.4596]]]}}, {"type": "Feature", "properties": {"fips": "15003008945", "gap_national": -12.7, "gap_stratum": -9.3, "burden": 33.4, "capacity": 46.8, "svi": 0.79, "top_decile_gap": 0.0, "stratum": "metropolitan", "scored": 1}, "geometry": {"type": "Polygon", "coordinates": [[[-158.0036, 21.4435], [-158.0013, 21.4438], [-157.9928, 21.4585], [-157.9897, 21.4537], [-157.9967, 21.432], [-157.9935, 21.4178], [-157.9965, 21.4209], [-158.003, 21.4222], [-158.0058, 21.4194], [-158.0112, 21.4269], [-158.0089, 21.4282], [-158.0036, 21.4435]]]}}, {"type": "Feature", "properties": {"fips": "15001021108", "gap_national": 56.2, "gap_stratum": 51.2, "burden": 82.4, "capacity": 36.7, "svi": 0.83, "top_decile_gap": 1.0, "stratum": "micropolitan", "scored": 1}, "geometry": {"type": "Polygon", "coordinates": [[[-154.9297, 19.5889], [-154.9297, 19.5938], [-154.926, 19.5916], [-154.9216, 19.5831], [-154.912, 19.5797], [-154.9026, 19.5684], [-154.8884, 19.5624], [-154.8838, 19.5572], [-154.8747, 19.556], [-154.8668, 19.549], [-154.8501, 19.5465], [-154.8325, 19.5351], [-154.8251, 19.5349], [-154.8114, 19.5268], [-154.8069, 19.5181], [-154.8252, 19.5094], [-154.8441, 19.5067], [-154.8484, 19.4989], [-154.855, 19.4942], [-154.8696, 19.4903], [-154.8811, 19.4907], [-154.9025, 19.4807], [-154.9073, 19.4851], [-154.9408, 19.4915], [-154.9414, 19.496], [-154.9567, 19.5058], [-154.9623, 19.5124], [-154.9704, 19.5266], [-154.9734, 19.5406], [-154.9297, 19.5889]]]}}, {"type": "Feature", "properties": {"fips": "15001021707", "gap_national": 10.3, "gap_stratum": -12.7, "burden": 44.4, "capacity": 38.9, "svi": 0.63, "top_decile_gap": 0.0, "stratum": "small_town", "scored": 1}, "geometry": {"type": "Polygon", "coordinates": [[[-155.8214, 19.9665], [-155.8126, 20.0227], [-155.7984, 20.0189], [-155.7917, 20.0211], [-155.7855, 20.0193], [-155.783, 20.0222], [-155.7577, 20.0244], [-155.7487, 20.0221], [-155.7453, 20.0241], [-155.7314, 20.0225], [-155.7192, 20.0268], [-155.7099, 20.0202], [-155.7094, 19.9886], [-155.6875, 19.9957], [-155.6767, 19.9961], [-155.6806, 19.9457], [-155.6862, 19.9398], [-155.6968, 19.9184], [-155.7017, 19.9142], [-155.7101, 19.8949], [-155.7219, 19.8762], [-155.7357, 19.8872], [-155.7425, 19.9044], [-155.7606, 19.9053], [-155.7729, 19.9096], [-155.7784, 19.9157], [-155.7774, 19.9219], [-155.7869, 19.9266], [-155.7886, 19.9356], [-155.7935, 19.9434], [-155.8009, 19.9481], [-155.8034, 19.9466], [-155.8268, 19.9556], [-155.8214, 19.9665]]]}}, {"type": "Feature", "properties": {"fips": "15003007002", "gap_national": -5.9, "gap_stratum": -5.6, "burden": 12.3, "capacity": 20.4, "svi": 0.1, "top_decile_gap": 0.0, "stratum": "metropolitan", "scored": 1}, "geometry": {"type": "Polygon", "coordinates": [[[-157.9235, 21.3487], [-157.9122, 21.3437], [-157.9131, 21.3368], [-157.93, 21.3403], [-157.9235, 21.3487]]]}}, {"type": "Feature", "properties": {"fips": "15003007001", "gap_national": -14.0, "gap_stratum": -15.0, "burden": 4.6, "capacity": 23.0, "svi": 0.07, "top_decile_gap": 0.0, "stratum": "metropolitan", "scored": 1}, "geometry": {"type": "Polygon", "coordinates": [[[-157.9354, 21.349], [-157.9336, 21.347], [-157.9328, 21.3522], [-157.9265, 21.3569], [-157.9235, 21.3487], [-157.9302, 21.3399], [-157.9406, 21.3446], [-157.9354, 21.349]]]}}, {"type": "Feature", "properties": {"fips": "15003006704", "gap_national": -22.7, "gap_stratum": -17.5, "burden": 39.1, "capacity": 58.1, "svi": 0.63, "top_decile_gap": 0.0, "stratum": "metropolitan", "scored": 1}, "geometry": {"type": "Polygon", "coordinates": [[[-157.8761, 21.3798], [-157.8552, 21.3917], [-157.8523, 21.3969], [-157.8415, 21.4012], [-157.8389, 21.402], [-157.8241, 21.3951], [-157.8255, 21.392], [-157.8236, 21.385], [-157.8422, 21.374], [-157.8486, 21.3733], [-157.8618, 21.3664], [-157.8738, 21.3574], [-157.8825, 21.3552], [-157.8902, 21.3429], [-157.8963, 21.3511], [-157.8943, 21.3513], [-157.8943, 21.3557], [-157.8894, 21.3553], [-157.888, 21.3586], [-157.8807, 21.3627], [-157.8821, 21.367], [-157.8921, 21.3673], [-157.8996, 21.36], [-157.908, 21.3686], [-157.8761, 21.3798]]]}}, {"type": "Feature", "properties": {"fips": "15003008627", "gap_national": -15.9, "gap_stratum": -15.7, "burden": 16.3, "capacity": 34.1, "svi": 0.53, "top_decile_gap": 0.0, "stratum": "metropolitan", "scored": 1}, "geometry": {"type": "Polygon", "coordinates": [[[-158.0995, 21.3814], [-158.0993, 21.3877], [-158.0968, 21.3908], [-158.1003, 21.3933], [-158.1001, 21.3992], [-158.0978, 21.4008], [-158.0986, 21.4101], [-158.1012, 21.4135], [-158.0991, 21.4188], [-158.0903, 21.4274], [-158.0904, 21.4354], [-158.0974, 21.4401], [-158.0938, 21.4491], [-158.0917, 21.4734], [-158.0847, 21.4854], [-158.0799, 21.4881], [-158.0705, 21.4876], [-158.0515, 21.4817], [-158.0499, 21.4784], [-158.0601, 21.4522], [-158.0595, 21.4388], [-158.0267, 21.376], [-158.0265, 21.3661], [-158.0296, 21.3584], [-158.0284, 21.3533], [-158.0528, 21.3392], [-158.0493, 21.3536], [-158.0532, 21.3608], [-158.0601, 21.3663], [-158.0658, 21.3535], [-158.0755, 21.344], [-158.0801, 21.359], [-158.0784, 21.3636], [-158.088, 21.3716], [-158.09, 21.3701], [-158.1013, 21.3821], [-158.0995, 21.3814]]]}}, {"type": "Feature", "properties": {"fips": "15003981802", "gap_national": -15.6, "gap_stratum": -16.6, "burden": 6.3, "capacity": 25.8, "svi": 0.14, "top_decile_gap": 0.0, "stratum": "metropolitan", "scored": 1}, "geometry": {"type": "Polygon", "coordinates": [[[-157.73, 21.4603], [-157.7225, 21.4592], [-157.7258, 21.45], [-157.7357, 21.4452], [-157.7376, 21.4412], [-157.7401, 21.4447], [-157.7378, 21.4469], [-157.7381, 21.4524], [-157.7426, 21.4537], [-157.73, 21.4603]]]}}, {"type": "Feature", "properties": {"fips": "15003007812", "gap_national": -13.8, "gap_stratum": -8.9, "burden": 40.3, "capacity": 53.1, "svi": 0.35, "top_decile_gap": 0.0, "stratum": "metropolitan", "scored": 1}, "geometry": {"type": "Polygon", "coordinates": [[[-157.9522, 21.3951], [-157.9509, 21.4014], [-157.9441, 21.3981], [-157.9488, 21.3949], [-157.9483, 21.3912], [-157.9591, 21.3923], [-157.962, 21.3944], [-157.9522, 21.3951]]]}}, {"type": "Feature", "properties": {"fips": "15003001602", "gap_national": -56.3, "gap_stratum": -52.4, "burden": 24.3, "capacity": 69.2, "svi": 0.3, "top_decile_gap": 0.0, "stratum": "metropolitan", "scored": 1}, "geometry": {"type": "Polygon", "coordinates": [[[-157.8062, 21.2733], [-157.8032, 21.2703], [-157.81, 21.2681], [-157.8118, 21.2723], [-157.8062, 21.2733]]]}}, {"type": "Feature", "properties": {"fips": "15003010103", "gap_national": 0.9, "gap_stratum": 5.8, "burden": 43.5, "capacity": 45.4, "svi": 0.75, "top_decile_gap": 0.0, "stratum": "metropolitan", "scored": 1}, "geometry": {"type": "Polygon", "coordinates": [[[-158.0093, 21.7003], [-158.0002, 21.7016], [-157.9972, 21.7054], [-157.9889, 21.7057], [-157.9835, 21.7107], [-157.9674, 21.7104], [-157.9491, 21.693], [-157.9379, 21.6769], [-157.9331, 21.6741], [-157.941, 21.6724], [-157.9405, 21.6682], [-157.9576, 21.653], [-157.9615, 21.6424], [-157.9605, 21.6366], [-157.9634, 21.6339], [-157.9618, 21.6326], [-157.9629, 21.627], [-157.9654, 21.6194], [-157.967, 21.6197], [-157.9654, 21.6119], [-157.979, 21.628], [-157.9819, 21.6273], [-157.9938, 21.6329], [-157.9984, 21.6532], [-158.0047, 21.6574], [-158.0148, 21.6708], [-158.0158, 21.6785], [-158.0236, 21.6923], [-158.0093, 21.7003]]]}}, {"type": "Feature", "properties": {"fips": "15003008626", "gap_national": 20.3, "gap_stratum": 26.0, "burden": 54.5, "capacity": 40.3, "svi": 0.86, "top_decile_gap": 0.0, "stratum": "metropolitan", "scored": 1}, "geometry": {"type": "Polygon", "coordinates": [[[-158.0439, 21.3429], [-158.0346, 21.3514], [-158.0284, 21.3533], [-158.0278, 21.3512], [-158.0352, 21.3485], [-158.0315, 21.3417], [-158.0393, 21.3338], [-158.0487, 21.3318], [-158.0528, 21.3392], [-158.0439, 21.3429]]]}}, {"type": "Feature", "properties": {"fips": "15003008707", "gap_national": -24.7, "gap_stratum": -18.3, "burden": 42.9, "capacity": 62.4, "svi": 0.83, "top_decile_gap": 0.0, "stratum": "metropolitan", "scored": 1}, "geometry": {"type": "Polygon", "coordinates": [[[-157.9988, 21.394], [-157.9917, 21.3976], [-157.9895, 21.3938], [-157.9987, 21.3859], [-158.0008, 21.3848], [-157.9988, 21.394]]]}}, {"type": "Feature", "properties": {"fips": "15003000120", "gap_national": -62.3, "gap_stratum": -56.0, "burden": 33.6, "capacity": 84.9, "svi": 0.12, "top_decile_gap": 0.0, "stratum": "metropolitan", "scored": 1}, "geometry": {"type": "Polygon", "coordinates": [[[-157.6839, 21.3077], [-157.6848, 21.3199], [-157.6786, 21.3195], [-157.6772, 21.3036], [-157.6794, 21.2942], [-157.6838, 21.2928], [-157.6897, 21.2966], [-157.6839, 21.3077]]]}}, {"type": "Feature", "properties": {"fips": "15003007815", "gap_national": -60.1, "gap_stratum": -55.1, "burden": 26.6, "capacity": 74.3, "svi": 0.28, "top_decile_gap": 0.0, "stratum": "metropolitan", "scored": 1}, "geometry": {"type": "Polygon", "coordinates": [[[-157.9281, 21.4304], [-157.9117, 21.4304], [-157.8984, 21.4383], [-157.8793, 21.4446], [-157.8745, 21.4492], [-157.8725, 21.4398], [-157.8642, 21.4362], [-157.8592, 21.4294], [-157.8661, 21.4303], [-157.8798, 21.4249], [-157.881, 21.4224], [-157.8839, 21.4239], [-157.8867, 21.4209], [-157.8881, 21.4221], [-157.91, 21.4094], [-157.9134, 21.4028], [-157.928, 21.4107], [-157.9358, 21.4106], [-157.9476, 21.4093], [-157.9522, 21.4017], [-157.9543, 21.4032], [-157.9517, 21.4078], [-157.9572, 21.4171], [-157.9281, 21.4304]]]}}, {"type": "Feature", "properties": {"fips": "15003009906", "gap_national": -14.2, "gap_stratum": -11.4, "burden": 30.4, "capacity": 45.4, "svi": 0.34, "top_decile_gap": 0.0, "stratum": "metropolitan", "scored": 1}, "geometry": {"type": "Polygon", "coordinates": [[[-158.2348, 21.5818], [-158.216, 21.5801], [-158.1914, 21.5827], [-158.1723, 21.5818], [-158.1675, 21.5796], [-158.1364, 21.5845], [-158.1313, 21.5793], [-158.1319, 21.5709], [-158.1339, 21.569], [-158.1282, 21.5676], [-158.129, 21.5635], [-158.1264, 21.5623], [-158.1279, 21.5553], [-158.1228, 21.5602], [-158.1201, 21.5599], [-158.1197, 21.565], [-158.1085, 21.5593], [-158.0956, 21.5421], [-158.0584, 21.5099], [-158.0655, 21.5065], [-158.0712, 21.5067], [-158.0748, 21.508], [-158.0813, 21.5184], [-158.0939, 21.5219], [-158.1376, 21.5116], [-158.1425, 21.5077], [-158.1574, 21.5093], [-158.1648, 21.5158], [-158.1738, 21.5193], [-158.1763, 21.5283], [-158.183, 21.5344], [-158.1919, 21.5357], [-158.195, 21.5446], [-158.2006, 21.5436], [-158.205, 21.5479], [-158.2134, 21.5505], [-158.2179, 21.549], [-158.222, 21.5532], [-158.2255, 21.5532], [-158.2429, 21.5633], [-158.2497, 21.5616], [-158.267, 21.5719], [-158.2719, 21.5701], [-158.2816, 21.5752], [-158.2348, 21.5818]]]}}, {"type": "Feature", "properties": {"fips": "15003006810", "gap_national": -2.1, "gap_stratum": -1.0, "burden": 16.0, "capacity": 20.2, "svi": 0.18, "top_decile_gap": 0.0, "stratum": "metropolitan", "scored": 1}, "geometry": {"type": "Polygon", "coordinates": [[[-157.919, 21.3641], [-157.914, 21.3651], [-157.9167, 21.3617], [-157.9141, 21.3639], [-157.9113, 21.3627], [-157.9139, 21.3599], [-157.9102, 21.3587], [-157.9102, 21.3566], [-157.917, 21.3549], [-157.9227, 21.3589], [-157.919, 21.3641]]]}}, {"type": "Feature", "properties": {"fips": "15003007816", "gap_national": -42.8, "gap_stratum": -34.5, "burden": 46.1, "capacity": 79.0, "svi": 0.44, "top_decile_gap": 0.0, "stratum": "metropolitan", "scored": 1}, "geometry": {"type": "Polygon", "coordinates": [[[-157.9412, 21.3946], [-157.921, 21.3967], [-157.9253, 21.3976], [-157.9254, 21.4008], [-157.9134, 21.4028], [-157.9121, 21.4071], [-157.904, 21.4139], [-157.8975, 21.415], [-157.8881, 21.4221], [-157.8867, 21.4209], [-157.8839, 21.4239], [-157.881, 21.4224], [-157.8798, 21.4249], [-157.8661, 21.4303], [-157.8506, 21.4261], [-157.8434, 21.4203], [-157.8519, 21.4171], [-157.8658, 21.419], [-157.8704, 21.4133], [-157.8815, 21.4087], [-157.8868, 21.4096], [-157.9098, 21.3979], [-157.9172, 21.3966], [-157.9222, 21.3918], [-157.9311, 21.3893], [-157.9336, 21.3853], [-157.9451, 21.39], [-157.9412, 21.3946]]]}}, {"type": "Feature", "properties": {"fips": "15003007813", "gap_national": -46.1, "gap_stratum": -41.1, "burden": 30.3, "capacity": 66.9, "svi": 0.25, "top_decile_gap": 0.0, "stratum": "metropolitan", "scored": 1}, "geometry": {"type": "Polygon", "coordinates": [[[-157.9543, 21.4032], [-157.9509, 21.4014], [-157.9522, 21.3951], [-157.9586, 21.3946], [-157.9607, 21.3957], [-157.9543, 21.4032]]]}}, {"type": "Feature", "properties": {"fips": "15003006812", "gap_national": -50.3, "gap_stratum": -42.4, "burden": 44.6, "capacity": 85.8, "svi": 0.36, "top_decile_gap": 0.0, "stratum": "metropolitan", "scored": 1}, "geometry": {"type": "Polygon", "coordinates": [[[-157.899, 21.3544], [-157.8999, 21.3611], [-157.8959, 21.3491], [-157.8991, 21.3449], [-157.9014, 21.3447], [-157.899, 21.3544]]]}}, {"type": "Feature", "properties": {"fips": "15003008946", "gap_national": -42.1, "gap_stratum": -37.8, "burden": 29.4, "capacity": 63.4, "svi": 0.35, "top_decile_gap": 0.0, "stratum": "metropolitan", "scored": 1}, "geometry": {"type": "Polygon", "coordinates": [[[-157.9949, 21.4194], [-157.9895, 21.4106], [-157.9937, 21.4085], [-157.9995, 21.4214], [-157.9949, 21.4194]]]}}, {"type": "Feature", "properties": {"fips": "15003008623", "gap_national": -8.7, "gap_stratum": -4.9, "burden": 35.7, "capacity": 45.8, "svi": 0.28, "top_decile_gap": 0.0, "stratum": "metropolitan", "scored": 1}, "geometry": {"type": "Polygon", "coordinates": [[[-158.0658, 21.3535], [-158.0601, 21.3663], [-158.0509, 21.3581], [-158.0495, 21.3495], [-158.0535, 21.3422], [-158.051, 21.3358], [-158.0564, 21.3345], [-158.064, 21.3391], [-158.0641, 21.3425], [-158.074, 21.3378], [-158.0777, 21.342], [-158.0658, 21.3535]]]}}, {"type": "Feature", "properties": {"fips": "15003009610", "gap_national": 41.4, "gap_stratum": 46.8, "burden": 65.2, "capacity": 33.2, "svi": 0.79, "top_decile_gap": 0.0, "stratum": "metropolitan", "scored": 1}, "geometry": {"type": "Polygon", "coordinates": [[[-158.1735, 21.4295], [-158.1707, 21.4175], [-158.1735, 21.4165], [-158.1705, 21.4052], [-158.1779, 21.4031], [-158.1797, 21.4286], [-158.1735, 21.4295]]]}}, {"type": "Feature", "properties": {"fips": "15003981801", "gap_national": -14.1, "gap_stratum": -15.0, "burden": 5.3, "capacity": 23.6, "svi": 0.19, "top_decile_gap": 0.0, "stratum": "metropolitan", "scored": 1}, "geometry": {"type": "Polygon", "coordinates": [[[-157.7433, 21.449], [-157.7424, 21.4525], [-157.7381, 21.4524], [-157.7378, 21.4469], [-157.7434, 21.4448], [-157.7438, 21.4415], [-157.7525, 21.4443], [-157.7433, 21.449]]]}}, {"type": "Feature", "properties": {"fips": "15003004102", "gap_national": 11.0, "gap_stratum": 16.5, "burden": 62.8, "capacity": 54.0, "svi": 0.91, "top_decile_gap": 0.0, "stratum": "metropolitan", "scored": 1}, "geometry": {"type": "Polygon", "coordinates": [[[-157.8533, 21.3127], [-157.8487, 21.3056], [-157.8502, 21.302], [-157.8547, 21.3036], [-157.8527, 21.305], [-157.8577, 21.3102], [-157.8533, 21.3127]]]}}, {"type": "Feature", "properties": {"fips": "15003004302", "gap_national": 2.7, "gap_stratum": 7.8, "burden": 44.4, "capacity": 44.8, "svi": 0.79, "top_decile_gap": 0.0, "stratum": "metropolitan", "scored": 1}, "geometry": {"type": "Polygon", "coordinates": [[[-157.8523, 21.3203], [-157.847, 21.3173], [-157.852, 21.3119], [-157.8558, 21.3165], [-157.8523, 21.3203]]]}}, {"type": "Feature", "properties": {"fips": "15003009511", "gap_national": -8.4, "gap_stratum": -8.8, "burden": 6.4, "capacity": 18.3, "svi": 0.3, "top_decile_gap": 0.0, "stratum": "metropolitan", "scored": 1}, "geometry": {"type": "Polygon", "coordinates": [[[-158.0674, 21.4924], [-158.0677, 21.4899], [-158.0566, 21.4887], [-158.057, 21.4826], [-158.0733, 21.4878], [-158.0738, 21.4918], [-158.0674, 21.4924]]]}}, {"type": "Feature", "properties": {"fips": "15003008951", "gap_national": -62.5, "gap_stratum": -58.6, "burden": 22.4, "capacity": 72.4, "svi": 0.12, "top_decile_gap": 0.0, "stratum": "metropolitan", "scored": 1}, "geometry": {"type": "Polygon", "coordinates": [[[-158.0214, 21.3971], [-158.02, 21.3919], [-158.0245, 21.3903], [-158.0253, 21.3946], [-158.0214, 21.3971]]]}}, {"type": "Feature", "properties": {"fips": "15009030306", "gap_national": -15.1, "gap_stratum": -45.1, "burden": 54.2, "capacity": 64.6, "svi": 0.26, "top_decile_gap": 0.0, "stratum": "micropolitan", "scored": 1}, "geometry": {"type": "Polygon", "coordinates": [[[-156.4374, 20.7392], [-156.435, 20.7552], [-156.4302, 20.7573], [-156.4307, 20.7624], [-156.4257, 20.7659], [-156.4018, 20.7572], [-156.4157, 20.7254], [-156.4008, 20.717], [-156.3958, 20.7085], [-156.3974, 20.7075], [-156.395, 20.7009], [-156.3978, 20.6982], [-156.4109, 20.6968], [-156.4204, 20.6999], [-156.4213, 20.6873], [-156.4306, 20.6898], [-156.441, 20.7335], [-156.4374, 20.7392]]]}}, {"type": "Feature", "properties": {"fips": "15009031505", "gap_national": -24.0, "gap_stratum": -31.6, "burden": 19.7, "capacity": 43.5, "svi": 0.31, "top_decile_gap": 0.0, "stratum": "micropolitan", "scored": 1}, "geometry": {"type": "Polygon", "coordinates": [[[-156.6773, 20.9769], [-156.6674, 20.9782], [-156.6551, 20.9676], [-156.6475, 20.9654], [-156.6317, 20.9554], [-156.6318, 20.9509], [-156.6348, 20.9425], [-156.6528, 20.9499], [-156.6741, 20.9536], [-156.6783, 20.9576], [-156.6823, 20.9584], [-156.6865, 20.956], [-156.6773, 20.9769]]]}}, {"type": "Feature", "properties": {"fips": "15009030204", "gap_national": 20.9, "gap_stratum": 26.7, "burden": 44.0, "capacity": 29.5, "svi": 0.3, "top_decile_gap": 0.0, "stratum": "metropolitan", "scored": 1}, "geometry": {"type": "Polygon", "coordinates": [[[-156.3367, 20.9387], [-156.3287, 20.9447], [-156.325, 20.9436], [-156.3218, 20.9471], [-156.307, 20.9398], [-156.2821, 20.9456], [-156.2716, 20.9347], [-156.272, 20.9312], [-156.2752, 20.9294], [-156.2733, 20.921], [-156.279, 20.9142], [-156.2809, 20.9162], [-156.2828, 20.913], [-156.2822, 20.9009], [-156.2856, 20.9054], [-156.2894, 20.9018], [-156.2937, 20.9041], [-156.299, 20.9035], [-156.3008, 20.9081], [-156.3078, 20.9084], [-156.3108, 20.9053], [-156.3093, 20.9023], [-156.3109, 20.8998], [-156.3232, 20.9194], [-156.3216, 20.9298], [-156.3317, 20.933], [-156.3378, 20.938], [-156.3389, 20.9339], [-156.3412, 20.9388], [-156.3367, 20.9387]]]}}, {"type": "Feature", "properties": {"fips": "15003002205", "gap_national": -56.5, "gap_stratum": -51.4, "burden": 27.9, "capacity": 72.6, "svi": 0.42, "top_decile_gap": 0.0, "stratum": "metropolitan", "scored": 1}, "geometry": {"type": "Polygon", "coordinates": [[[-157.8237, 21.2875], [-157.8205, 21.2848], [-157.8243, 21.2832], [-157.8274, 21.286], [-157.8237, 21.2875]]]}}, {"type": "Feature", "properties": {"fips": "15003009609", "gap_national": 0.0, "gap_stratum": 3.1, "burden": 28.8, "capacity": 32.4, "svi": 0.46, "top_decile_gap": 0.0, "stratum": "metropolitan", "scored": 1}, "geometry": {"type": "Polygon", "coordinates": [[[-158.1705, 21.4052], [-158.1735, 21.4165], [-158.1707, 21.4175], [-158.1735, 21.4295], [-158.1464, 21.4092], [-158.157, 21.3988], [-158.1738, 21.4045], [-158.1705, 21.4052]]]}}, {"type": "Feature", "properties": {"fips": "15003011600", "gap_national": -64.0, "gap_stratum": -58.0, "burden": 31.1, "capacity": 83.3, "svi": 0.26, "top_decile_gap": 0.0, "stratum": "metropolitan", "scored": 1}, "geometry": {"type": "Polygon", "coordinates": [[[-157.837, 21.3166], [-157.8328, 21.3177], [-157.8317, 21.3207], [-157.8337, 21.3211], [-157.8245, 21.3301], [-157.8105, 21.3381], [-157.8069, 21.338], [-157.8071, 21.3263], [-157.8193, 21.3109], [-157.8247, 21.3089], [-157.8266, 21.3118], [-157.8252, 21.3152], [-157.8279, 21.3121], [-157.8269, 21.3094], [-157.832, 21.3067], [-157.8393, 21.31], [-157.837, 21.3166]]]}}, {"type": "Feature", "properties": {"fips": "15003004402", "gap_national": -7.9, "gap_stratum": -2.1, "burden": 47.4, "capacity": 54.7, "svi": 0.24, "top_decile_gap": 0.0, "stratum": "metropolitan", "scored": 1}, "geometry": {"type": "Polygon", "coordinates": [[[-157.841, 21.3187], [-157.8369, 21.3216], [-157.8368, 21.3242], [-157.8421, 21.3225], [-157.8219, 21.3398], [-157.8035, 21.345], [-157.8082, 21.339], [-157.8308, 21.3247], [-157.8337, 21.3211], [-157.8317, 21.3207], [-157.8328, 21.3177], [-157.837, 21.3166], [-157.8396, 21.3123], [-157.8417, 21.3162], [-157.8482, 21.3184], [-157.841, 21.3187]]]}}, {"type": "Feature", "properties": {"fips": "15003004101", "gap_national": -13.6, "gap_stratum": -7.0, "burden": 49.1, "capacity": 59.7, "svi": 0.54, "top_decile_gap": 0.0, "stratum": "metropolitan", "scored": 1}, "geometry": {"type": "Polygon", "coordinates": [[[-157.8476, 21.3083], [-157.8487, 21.3056], [-157.8513, 21.3075], [-157.8528, 21.313], [-157.8476, 21.3083]]]}}, {"type": "Feature", "properties": {"fips": "15003010203", "gap_national": -1.5, "gap_stratum": -27.8, "burden": 60.1, "capacity": 60.1, "svi": 0.71, "top_decile_gap": 0.0, "stratum": "micropolitan", "scored": 1}, "geometry": {"type": "Polygon", "coordinates": [[[-157.9205, 21.5643], [-157.9198, 21.5701], [-157.9171, 21.5704], [-157.9187, 21.5708], [-157.9043, 21.5901], [-157.904, 21.5958], [-157.9002, 21.5993], [-157.8965, 21.5981], [-157.8893, 21.5899], [-157.8867, 21.5806], [-157.8752, 21.5731], [-157.8751, 21.5636], [-157.8792, 21.5652], [-157.8881, 21.5602], [-157.904, 21.5308], [-157.917, 21.5241], [-157.92, 21.5271], [-157.9213, 21.5349], [-157.9181, 21.5517], [-157.9254, 21.5622], [-157.9205, 21.5643]]]}}, {"type": "Feature", "properties": {"fips": "15003006500", "gap_national": -34.8, "gap_stratum": -31.6, "burden": 28.5, "capacity": 58.0, "svi": 0.53, "top_decile_gap": 0.0, "stratum": "metropolitan", "scored": 1}, "geometry": {"type": "Polygon", "coordinates": [[[-157.8583, 21.3639], [-157.8236, 21.385], [-157.8108, 21.3756], [-157.8097, 21.3693], [-157.8202, 21.3623], [-157.8248, 21.363], [-157.8463, 21.357], [-157.857, 21.3489], [-157.8617, 21.3505], [-157.8642, 21.3546], [-157.8583, 21.3639]]]}}, {"type": "Feature", "properties": {"fips": "15003000118", "gap_national": -71.1, "gap_stratum": -67.9, "burden": 18.5, "capacity": 75.8, "svi": 0.14, "top_decile_gap": 0.0, "stratum": "metropolitan", "scored": 1}, "geometry": {"type": "Polygon", "coordinates": [[[-157.6959, 21.3198], [-157.6935, 21.3167], [-157.6949, 21.3022], [-157.7011, 21.2895], [-157.7034, 21.2888], [-157.7038, 21.3013], [-157.7007, 21.3057], [-157.704, 21.3073], [-157.7064, 21.3166], [-157.6959, 21.3198]]]}}, {"type": "Feature", "properties": {"fips": "15009031002", "gap_national": -12.0, "gap_stratum": -8.9, "burden": 32.2, "capacity": 45.3, "svi": 0.71, "top_decile_gap": 0.0, "stratum": "metropolitan", "scored": 1}, "geometry": {"type": "Polygon", "coordinates": [[[-156.4974, 20.8887], [-156.488, 20.9008], [-156.4809, 20.9015], [-156.481, 20.8993], [-156.4859, 20.8966], [-156.4878, 20.8848], [-156.493, 20.8812], [-156.5048, 20.8801], [-156.5049, 20.8869], [-156.4974, 20.8887]]]}}, {"type": "Feature", "properties": {"fips": "15009031104", "gap_national": -16.2, "gap_stratum": -16.4, "burden": 13.6, "capacity": 31.9, "svi": 0.01, "top_decile_gap": 0.0, "stratum": "metropolitan", "scored": 1}, "geometry": {"type": "Polygon", "coordinates": [[[-156.48, 20.8703], [-156.4676, 20.8697], [-156.4824, 20.8531], [-156.4888, 20.8635], [-156.48, 20.8703]]]}}, {"type": "Feature", "properties": {"fips": "15009030406", "gap_national": 6.5, "gap_stratum": 11.8, "burden": 46.7, "capacity": 44.0, "svi": 0.21, "top_decile_gap": 0.0, "stratum": "metropolitan", "scored": 1}, "geometry": {"type": "Polygon", "coordinates": [[[-156.3569, 20.8298], [-156.3535, 20.8375], [-156.3549, 20.8454], [-156.3498, 20.8495], [-156.3419, 20.84], [-156.3351, 20.8419], [-156.3297, 20.8369], [-156.3337, 20.8337], [-156.3302, 20.8293], [-156.3258, 20.8139], [-156.3393, 20.8176], [-156.3567, 20.8268], [-156.362, 20.8296], [-156.3626, 20.8333], [-156.3569, 20.8298]]]}}, {"type": "Feature", "properties": {"fips": "15003000116", "gap_national": -76.5, "gap_stratum": -72.1, "burden": 24.9, "capacity": 91.3, "svi": 0.26, "top_decile_gap": 0.0, "stratum": "metropolitan", "scored": 1}, "geometry": {"type": "Polygon", "coordinates": [[[-157.7064, 21.3166], [-157.7057, 21.2867], [-157.7083, 21.2936], [-157.7083, 21.3033], [-157.715, 21.317], [-157.7064, 21.3166]]]}}, {"type": "Feature", "properties": {"fips": "15003008940", "gap_national": -23.0, "gap_stratum": -19.8, "burden": 31.1, "capacity": 52.1, "svi": 0.29, "top_decile_gap": 0.0, "stratum": "metropolitan", "scored": 1}, "geometry": {"type": "Polygon", "coordinates": [[[-158.019, 21.4625], [-158.0142, 21.4739], [-158.0044, 21.4659], [-158.0106, 21.4648], [-158.0185, 21.4596], [-158.0235, 21.4624], [-158.019, 21.4625]]]}}, {"type": "Feature", "properties": {"fips": "15003008011", "gap_national": -46.1, "gap_stratum": -38.2, "burden": 42.9, "capacity": 78.8, "svi": 0.37, "top_decile_gap": 0.0, "stratum": "metropolitan", "scored": 1}, "geometry": {"type": "Polygon", "coordinates": [[[-157.9779, 21.4113], [-157.9704, 21.4155], [-157.9681, 21.4201], [-157.9663, 21.4168], [-157.9694, 21.414], [-157.9572, 21.4171], [-157.9563, 21.4153], [-157.9618, 21.4136], [-157.9635, 21.4095], [-157.9676, 21.4104], [-157.9734, 21.4045], [-157.9823, 21.4042], [-157.9779, 21.4113]]]}}, {"type": "Feature", "properties": {"fips": "15003009905", "gap_national": -10.4, "gap_stratum": -5.4, "burden": 42.0, "capacity": 52.2, "svi": 0.51, "top_decile_gap": 0.0, "stratum": "metropolitan", "scored": 1}, "geometry": {"type": "Polygon", "coordinates": [[[-158.1228, 21.5835], [-158.1212, 21.5858], [-158.1197, 21.582], [-158.1173, 21.5657], [-158.1204, 21.5653], [-158.1201, 21.5599], [-158.1228, 21.5602], [-158.1279, 21.5553], [-158.1264, 21.5623], [-158.129, 21.5635], [-158.1282, 21.5676], [-158.1339, 21.569], [-158.1319, 21.5709], [-158.1313, 21.5793], [-158.134, 21.5834], [-158.1228, 21.5835]]]}}, {"type": "Feature", "properties": {"fips": "15003002404", "gap_national": -36.2, "gap_stratum": -30.2, "burden": 36.9, "capacity": 65.4, "svi": 0.62, "top_decile_gap": 0.0, "stratum": "metropolitan", "scored": 1}, "geometry": {"type": "Polygon", "coordinates": [[[-157.8274, 21.2939], [-157.8238, 21.2926], [-157.8255, 21.2891], [-157.8285, 21.2925], [-157.8274, 21.2939]]]}}, {"type": "Feature", "properties": {"fips": "15003008632", "gap_national": -18.0, "gap_stratum": -13.2, "burden": 38.4, "capacity": 54.5, "svi": 0.3, "top_decile_gap": 0.0, "stratum": "metropolitan", "scored": 1}, "geometry": {"type": "Polygon", "coordinates": [[[-158.0949, 21.3392], [-158.0912, 21.3542], [-158.0872, 21.349], [-158.0815, 21.3475], [-158.0777, 21.342], [-158.0895, 21.3321], [-158.1039, 21.3413], [-158.0949, 21.3392]]]}}, {"type": "Feature", "properties": {"fips": "15007040701", "gap_national": -8.5, "gap_stratum": -25.9, "burden": 32.2, "capacity": 42.6, "svi": 0.19, "top_decile_gap": 0.0, "stratum": "micropolitan", "scored": 1}, "geometry": {"type": "Polygon", "coordinates": [[[-159.5594, 21.9247], [-159.5552, 21.9443], [-159.5503, 21.9505], [-159.552, 21.9542], [-159.5465, 21.9579], [-159.5445, 21.9706], [-159.5399, 21.9782], [-159.5296, 21.9824], [-159.5276, 21.9872], [-159.5277, 21.9933], [-159.5306, 21.9953], [-159.531, 21.9992], [-159.5275, 22.0086], [-159.5291, 22.014], [-159.5238, 22.0197], [-159.5202, 22.0201], [-159.5112, 22.0315], [-159.511, 22.038], [-159.5026, 22.0437], [-159.5043, 22.05], [-159.5023, 22.0438], [-159.505, 22.0389], [-159.5026, 22.0331], [-159.5085, 22.0204], [-159.5049, 22.0146], [-159.5029, 21.9973], [-159.499, 21.9955], [-159.497, 21.9835], [-159.4907, 21.9814], [-159.4855, 21.9835], [-159.4759, 21.9785], [-159.4741, 21.9703], [-159.4682, 21.9606], [-159.4596, 21.9624], [-159.4559, 21.9663], [-159.4538, 21.963], [-159.4603, 21.9602], [-159.461, 21.9557], [-159.4681, 21.9489], [-159.4761, 21.9462], [-159.4863, 21.9293], [-159.4932, 21.9242], [-159.5033, 21.9233], [-159.5082, 21.9265], [-159.5149, 21.9234], [-159.5291, 21.9257], [-159.5663, 21.9181], [-159.5693, 21.9203], [-159.5594, 21.9247]]]}}, {"type": "Feature", "properties": {"fips": "15007040702", "gap_national": -7.8, "gap_stratum": -21.5, "burden": 38.5, "capacity": 47.6, "svi": 0.4, "top_decile_gap": 0.0, "stratum": "rural", "scored": 1}, "geometry": {"type": "Polygon", "coordinates": [[[-159.5867, 21.9045], [-159.5827, 21.9152], [-159.5714, 21.9177], [-159.5693, 21.9203], [-159.5663, 21.9181], [-159.5291, 21.9257], [-159.5138, 21.9233], [-159.5087, 21.9264], [-159.507, 21.92], [-159.5045, 21.919], [-159.5097, 21.9083], [-159.5062, 21.9011], [-159.5029, 21.9], [-159.5028, 21.8853], [-159.5122, 21.8881], [-159.5269, 21.8839], [-159.5318, 21.8869], [-159.5518, 21.8873], [-159.5835, 21.8965], [-159.5903, 21.903], [-159.5867, 21.9045]]]}}, {"type": "Feature", "properties": {"fips": "15007040900", "gap_national": 34.5, "gap_stratum": 5.3, "burden": 59.6, "capacity": 33.4, "svi": 0.48, "top_decile_gap": 0.0, "stratum": "small_town", "scored": 1}, "geometry": {"type": "Polygon", "coordinates": [[[-159.7839, 22.0478], [-159.7838, 22.0649], [-159.7453, 22.0975], [-159.7384, 22.1135], [-159.7382, 22.1195], [-159.7333, 22.1265], [-159.7305, 22.1399], [-159.7221, 22.1503], [-159.7055, 22.1593], [-159.7031, 22.158], [-159.6985, 22.1628], [-159.6906, 22.1635], [-159.6896, 22.1563], [-159.6624, 22.1493], [-159.6468, 22.1408], [-159.6453, 22.1421], [-159.6422, 22.1358], [-159.6435, 22.1305], [-159.6518, 22.1232], [-159.6557, 22.112], [-159.6623, 22.108], [-159.6617, 22.1033], [-159.6651, 22.0995], [-159.6623, 22.0922], [-159.6523, 22.0869], [-159.6498, 22.0826], [-159.6507, 22.0778], [-159.6421, 22.0614], [-159.6378, 22.058], [-159.6411, 22.0426], [-159.6384, 22.0386], [-159.6477, 22.0285], [-159.6518, 22.0291], [-159.6581, 22.0243], [-159.6607, 22.0158], [-159.6695, 22.0029], [-159.6671, 21.9937], [-159.6688, 21.9914], [-159.6626, 21.988], [-159.6634, 21.985], [-159.6606, 21.9814], [-159.6547, 21.9782], [-159.6552, 21.966], [-159.667, 21.9509], [-159.6744, 21.9556], [-159.7078, 21.9612], [-159.7156, 21.9671], [-159.7594, 21.9795], [-159.7657, 21.9866], [-159.7742, 22.0059], [-159.7808, 22.0104], [-159.7867, 22.0188], [-159.7879, 22.0301], [-159.7839, 22.0478]]]}}, {"type": "Feature", "properties": {"fips": "15003010202", "gap_national": -6.7, "gap_stratum": -15.2, "burden": 20.0, "capacity": 29.5, "svi": 0.55, "top_decile_gap": 0.0, "stratum": "micropolitan", "scored": 1}, "geometry": {"type": "Polygon", "coordinates": [[[-157.9576, 21.653], [-157.9405, 21.6682], [-157.941, 21.6724], [-157.9365, 21.6735], [-157.9353, 21.6667], [-157.9263, 21.6616], [-157.9282, 21.6538], [-157.9199, 21.6488], [-157.9141, 21.6497], [-157.9132, 21.6481], [-157.9168, 21.6474], [-157.918, 21.6351], [-157.9208, 21.6298], [-157.9127, 21.621], [-157.9127, 21.6171], [-157.9208, 21.6147], [-157.9349, 21.5986], [-157.9353, 21.5945], [-157.9324, 21.5926], [-157.9353, 21.5873], [-157.9335, 21.5826], [-157.9365, 21.5795], [-157.9361, 21.5697], [-157.9431, 21.5828], [-157.9539, 21.5862], [-157.9572, 21.5979], [-157.9657, 21.6082], [-157.9642, 21.6132], [-157.967, 21.6197], [-157.9654, 21.6194], [-157.9576, 21.653]]]}}, {"type": "Feature", "properties": {"fips": "15003000107", "gap_national": -68.9, "gap_stratum": -63.6, "burden": 28.2, "capacity": 85.1, "svi": 0.09, "top_decile_gap": 0.0, "stratum": "metropolitan", "scored": 1}, "geometry": {"type": "Polygon", "coordinates": [[[-157.694, 21.3048], [-157.6935, 21.3167], [-157.6959, 21.3198], [-157.6854, 21.3211], [-157.6853, 21.3027], [-157.6897, 21.2966], [-157.7021, 21.2883], [-157.694, 21.3048]]]}}, {"type": "Feature", "properties": {"fips": "15003000302", "gap_national": -69.7, "gap_stratum": -64.6, "burden": 27.5, "capacity": 85.3, "svi": 0.42, "top_decile_gap": 0.0, "stratum": "metropolitan", "scored": 1}, "geometry": {"type": "Polygon", "coordinates": [[[-157.7609, 21.2981], [-157.7572, 21.2965], [-157.757, 21.306], [-157.7546, 21.3074], [-157.7564, 21.2902], [-157.7508, 21.2785], [-157.7379, 21.2811], [-157.7382, 21.2797], [-157.7545, 21.2761], [-157.7559, 21.2728], [-157.7587, 21.274], [-157.7601, 21.279], [-157.7574, 21.2807], [-157.7609, 21.2981]]]}}, {"type": "Feature", "properties": {"fips": "15009030902", "gap_national": 8.9, "gap_stratum": 13.8, "burden": 40.1, "capacity": 36.2, "svi": 0.66, "top_decile_gap": 0.0, "stratum": "metropolitan", "scored": 1}, "geometry": {"type": "Polygon", "coordinates": [[[-156.4962, 20.8972], [-156.4849, 20.9102], [-156.4809, 20.9015], [-156.488, 20.9008], [-156.4969, 20.8899], [-156.4998, 20.8954], [-156.4962, 20.8972]]]}}, {"type": "Feature", "properties": {"fips": "15001020701", "gap_national": 10.8, "gap_stratum": -12.7, "burden": 59.2, "capacity": 51.3, "svi": 0.6, "top_decile_gap": 0.0, "stratum": "micropolitan", "scored": 1}, "geometry": {"type": "Polygon", "coordinates": [[[-155.0656, 19.6951], [-155.0634, 19.6679], [-155.0667, 19.6744], [-155.0797, 19.6737], [-155.0805, 19.6838], [-155.0897, 19.6832], [-155.0905, 19.6933], [-155.0656, 19.6951]]]}}, {"type": "Feature", "properties": {"fips": "15009030708", "gap_national": 3.5, "gap_stratum": -19.5, "burden": 40.6, "capacity": 40.9, "svi": 0.23, "top_decile_gap": 0.0, "stratum": "micropolitan", "scored": 1}, "geometry": {"type": "Polygon", "coordinates": [[[-156.4421, 20.75], [-156.435, 20.7483], [-156.4409, 20.7329], [-156.4519, 20.7311], [-156.4532, 20.735], [-156.4564, 20.7357], [-156.4588, 20.7472], [-156.4421, 20.75]]]}}, {"type": "Feature", "properties": {"fips": "15001021011", "gap_national": 31.3, "gap_stratum": 9.5, "burden": 63.0, "capacity": 39.5, "svi": 0.57, "top_decile_gap": 0.0, "stratum": "rural", "scored": 1}, "geometry": {"type": "Polygon", "coordinates": [[[-155.3417, 19.5353], [-155.3413, 19.5608], [-155.2996, 19.5196], [-155.2582, 19.5438], [-155.221, 19.5622], [-155.2073, 19.5645], [-155.1479, 19.592], [-155.1369, 19.5993], [-155.0989, 19.5584], [-155.1338, 19.5283], [-155.1445, 19.4979], [-155.1736, 19.4554], [-155.1976, 19.4498], [-155.219, 19.439], [-155.2363, 19.4243], [-155.2429, 19.4225], [-155.2507, 19.4253], [-155.2576, 19.4335], [-155.2709, 19.4369], [-155.2802, 19.4335], [-155.2936, 19.4558], [-155.2997, 19.4601], [-155.2995, 19.4749], [-155.3044, 19.482], [-155.3107, 19.485], [-155.3152, 19.4948], [-155.3297, 19.5041], [-155.3441, 19.5294], [-155.3417, 19.5353]]]}}, {"type": "Feature", "properties": {"fips": "15003011300", "gap_national": 25.9, "gap_stratum": 31.4, "burden": 59.2, "capacity": 40.2, "svi": 0.54, "top_decile_gap": 0.0, "stratum": "metropolitan", "scored": 1}, "geometry": {"type": "Polygon", "coordinates": [[[-157.7457, 21.3554], [-157.7347, 21.3596], [-157.7297, 21.3548], [-157.7241, 21.3597], [-157.7218, 21.3574], [-157.7214, 21.3492], [-157.711, 21.3472], [-157.7077, 21.3332], [-157.7113, 21.3327], [-157.7147, 21.3256], [-157.7147, 21.317], [-157.7214, 21.3186], [-157.7259, 21.3241], [-157.7371, 21.323], [-157.7591, 21.3318], [-157.7457, 21.3554]]]}}, {"type": "Feature", "properties": {"fips": "15003011202", "gap_national": -68.5, "gap_stratum": -63.7, "burden": 25.2, "capacity": 80.6, "svi": 0.12, "top_decile_gap": 0.0, "stratum": "metropolitan", "scored": 1}, "geometry": {"type": "Polygon", "coordinates": [[[-157.7159, 21.3933], [-157.7059, 21.3801], [-157.7184, 21.3802], [-157.7173, 21.3858], [-157.7207, 21.3955], [-157.7159, 21.3933]]]}}, {"type": "Feature", "properties": {"fips": "15003005200", "gap_national": 30.4, "gap_stratum": 31.3, "burden": 84.7, "capacity": 57.1, "svi": 0.96, "top_decile_gap": 0.0, "stratum": "metropolitan", "scored": 1}, "geometry": {"type": "Polygon", "coordinates": [[[-157.8621, 21.3143], [-157.8601, 21.3121], [-157.8665, 21.3095], [-157.8655, 21.3133], [-157.8621, 21.3143]]]}}, {"type": "Feature", "properties": {"fips": "15003006202", "gap_national": 81.9, "gap_stratum": 82.5, "burden": 88.8, "capacity": 17.6, "svi": 0.99, "top_decile_gap": 1.0, "stratum": "metropolitan", "scored": 1}, "geometry": {"type": "Polygon", "coordinates": [[[-157.875, 21.3416], [-157.8732, 21.3393], [-157.8757, 21.3371], [-157.8786, 21.34], [-157.875, 21.3416]]]}}, {"type": "Feature", "properties": {"fips": "15003008301", "gap_national": -6.9, "gap_stratum": -6.1, "burden": 16.9, "capacity": 26.3, "svi": 0.43, "top_decile_gap": 0.0, "stratum": "metropolitan", "scored": 1}, "geometry": {"type": "Polygon", "coordinates": [[[-158.0208, 21.3581], [-158.0074, 21.3592], [-158.0028, 21.3554], [-157.9956, 21.3559], [-157.9917, 21.3518], [-157.982, 21.3499], [-157.9708, 21.338], [-157.9705, 21.3228], [-157.9783, 21.3159], [-158.0033, 21.3126], [-158.0046, 21.3183], [-157.9949, 21.3287], [-158.015, 21.338], [-158.0203, 21.3458], [-158.0208, 21.3581]]]}}, {"type": "Feature", "properties": {"fips": "15003980300", "gap_national": null, "gap_stratum": null, "burden": null, "capacity": null, "svi": null, "top_decile_gap": null, "stratum": null, "scored": 0}, "geometry": {"type": "Polygon", "coordinates": [[[-158.1118, 21.3132], [-158.0881, 21.3137], [-158.086, 21.2958], [-158.1083, 21.2976], [-158.1186, 21.3133], [-158.1197, 21.3207], [-158.1118, 21.3132]]]}}, {"type": "Feature", "properties": {"fips": "15003000901", "gap_national": -57.1, "gap_stratum": -49.6, "burden": 41.7, "capacity": 91.6, "svi": 0.33, "top_decile_gap": 0.0, "stratum": "metropolitan", "scored": 1}, "geometry": {"type": "Polygon", "coordinates": [[[-157.7844, 21.2981], [-157.7813, 21.299], [-157.7826, 21.2781], [-157.7888, 21.2789], [-157.7844, 21.2981]]]}}, {"type": "Feature", "properties": {"fips": "15003009608", "gap_national": 51.6, "gap_stratum": 55.2, "burden": 74.1, "capacity": 33.3, "svi": 0.82, "top_decile_gap": 0.0, "stratum": "metropolitan", "scored": 1}, "geometry": {"type": "Polygon", "coordinates": [[[-158.157, 21.3988], [-158.1464, 21.4092], [-158.174, 21.4299], [-158.1637, 21.4344], [-158.1664, 21.4366], [-158.1634, 21.4396], [-158.1456, 21.4425], [-158.1489, 21.4569], [-158.1528, 21.4562], [-158.1462, 21.4631], [-158.1479, 21.4677], [-158.1399, 21.4719], [-158.1321, 21.4802], [-158.1256, 21.4788], [-158.1221, 21.4803], [-158.1174, 21.4749], [-158.1073, 21.4735], [-158.1013, 21.4602], [-158.0935, 21.4543], [-158.0974, 21.4401], [-158.0896, 21.4337], [-158.0903, 21.4274], [-158.0991, 21.4188], [-158.1012, 21.4135], [-158.1215, 21.4129], [-158.1319, 21.4022], [-158.1318, 21.4132], [-158.1367, 21.4181], [-158.1422, 21.4089], [-158.1417, 21.3954], [-158.1523, 21.3874], [-158.162, 21.3959], [-158.173, 21.3986], [-158.1771, 21.404], [-158.157, 21.3988]]]}}, {"type": "Feature", "properties": {"fips": "15003009507", "gap_national": -1.6, "gap_stratum": -1.4, "burden": 6.8, "capacity": 10.7, "svi": 0.36, "top_decile_gap": 0.0, "stratum": "metropolitan", "scored": 1}, "geometry": {"type": "Polygon", "coordinates": [[[-158.0759, 21.5014], [-158.0705, 21.5029], [-158.0696, 21.5077], [-158.062, 21.5081], [-158.0517, 21.4997], [-158.0622, 21.4944], [-158.0595, 21.4982], [-158.0618, 21.5004], [-158.066, 21.4966], [-158.0695, 21.5026], [-158.0791, 21.4957], [-158.0759, 21.5014]]]}}, {"type": "Feature", "properties": {"fips": "15003008628", "gap_national": -9.3, "gap_stratum": -5.0, "burden": 37.9, "capacity": 48.2, "svi": 0.58, "top_decile_gap": 0.0, "stratum": "metropolitan", "scored": 1}, "geometry": {"type": "Polygon", "coordinates": [[[-158.0669, 21.3424], [-158.0641, 21.3425], [-158.0644, 21.3365], [-158.0701, 21.3335], [-158.073, 21.3337], [-158.074, 21.3378], [-158.0669, 21.3424]]]}}, {"type": "Feature", "properties": {"fips": "15003001502", "gap_national": -40.5, "gap_stratum": -35.4, "burden": 32.3, "capacity": 64.7, "svi": 0.25, "top_decile_gap": 0.0, "stratum": "metropolitan", "scored": 1}, "geometry": {"type": "Polygon", "coordinates": [[[-157.8099, 21.2801], [-157.8062, 21.2733], [-157.8118, 21.2723], [-157.814, 21.2791], [-157.8099, 21.2801]]]}}, {"type": "Feature", "properties": {"fips": "15003005601", "gap_national": -0.5, "gap_stratum": 5.3, "burden": 73.1, "capacity": 69.9, "svi": 0.98, "top_decile_gap": 0.0, "stratum": "metropolitan", "scored": 1}, "geometry": {"type": "Polygon", "coordinates": [[[-157.8643, 21.3291], [-157.862, 21.3251], [-157.8643, 21.3238], [-157.8674, 21.327], [-157.8643, 21.3291]]]}}, {"type": "Feature", "properties": {"fips": "15003940007", "gap_national": 73.1, "gap_stratum": 75.1, "burden": 83.1, "capacity": 21.4, "svi": 0.9, "top_decile_gap": 1.0, "stratum": "metropolitan", "scored": 1}, "geometry": {"type": "Polygon", "coordinates": [[[-158.1431, 21.3929], [-158.139, 21.3873], [-158.1443, 21.3867], [-158.1479, 21.3824], [-158.1523, 21.3874], [-158.1431, 21.3929]]]}}, {"type": "Feature", "properties": {"fips": "15009031106", "gap_national": -3.2, "gap_stratum": 0.2, "burden": 32.7, "capacity": 38.9, "svi": 0.83, "top_decile_gap": 0.0, "stratum": "metropolitan", "scored": 1}, "geometry": {"type": "Polygon", "coordinates": [[[-156.4878, 20.8848], [-156.4846, 20.8981], [-156.481, 20.8993], [-156.4734, 20.8906], [-156.4747, 20.8888], [-156.4833, 20.8888], [-156.4849, 20.8854], [-156.4857, 20.881], [-156.4787, 20.8734], [-156.4807, 20.8697], [-156.492, 20.8745], [-156.493, 20.8812], [-156.4878, 20.8848]]]}}, {"type": "Feature", "properties": {"fips": "15003000401", "gap_national": -59.8, "gap_stratum": -52.6, "burden": 40.1, "capacity": 93.8, "svi": 0.23, "top_decile_gap": 0.0, "stratum": "metropolitan", "scored": 1}, "geometry": {"type": "Polygon", "coordinates": [[[-157.7806, 21.301], [-157.7723, 21.306], [-157.7581, 21.3313], [-157.7553, 21.3303], [-157.7527, 21.3278], [-157.759, 21.3189], [-157.7624, 21.3028], [-157.7752, 21.2798], [-157.7826, 21.2781], [-157.7838, 21.2832], [-157.7806, 21.301]]]}}, {"type": "Feature", "properties": {"fips": "15003001201", "gap_national": -49.1, "gap_stratum": -45.5, "burden": 25.0, "capacity": 64.8, "svi": 0.23, "top_decile_gap": 0.0, "stratum": "metropolitan", "scored": 1}, "geometry": {"type": "Polygon", "coordinates": [[[-157.8065, 21.2877], [-157.7993, 21.2911], [-157.7963, 21.2895], [-157.8, 21.2832], [-157.811, 21.2896], [-157.8065, 21.2877]]]}}, {"type": "Feature", "properties": {"fips": "15003008929", "gap_national": -53.7, "gap_stratum": -50.0, "burden": 24.1, "capacity": 67.3, "svi": 0.29, "top_decile_gap": 0.0, "stratum": "metropolitan", "scored": 1}, "geometry": {"type": "Polygon", "coordinates": [[[-157.9964, 21.4795], [-157.9893, 21.4739], [-157.9906, 21.4714], [-158.0039, 21.4654], [-158.0077, 21.4711], [-157.9964, 21.4795]]]}}, {"type": "Feature", "properties": {"fips": "15001021107", "gap_national": 57.3, "gap_stratum": 51.0, "burden": 81.3, "capacity": 34.9, "svi": 0.89, "top_decile_gap": 1.0, "stratum": "micropolitan", "scored": 1}, "geometry": {"type": "Polygon", "coordinates": [[[-155.2485, 19.4085], [-155.2395, 19.4087], [-155.2386, 19.4133], [-155.2406, 19.4147], [-155.2331, 19.4156], [-155.2356, 19.418], [-155.2172, 19.4201], [-155.1222, 19.4454], [-155.0071, 19.5045], [-154.9867, 19.5187], [-154.9734, 19.5406], [-154.9704, 19.5266], [-154.9623, 19.5124], [-154.9567, 19.5058], [-154.9414, 19.496], [-154.9414, 19.4474], [-154.9525, 19.4137], [-154.9582, 19.3849], [-154.964, 19.3749], [-154.9662, 19.3576], [-154.9719, 19.3499], [-155.0165, 19.3285], [-155.0219, 19.3361], [-155.0241, 19.3298], [-155.0295, 19.3313], [-155.0463, 19.3222], [-155.0578, 19.3242], [-155.0662, 19.3213], [-155.076, 19.3147], [-155.09, 19.2992], [-155.1172, 19.283], [-155.1333, 19.2904], [-155.1478, 19.2929], [-155.1543, 19.2989], [-155.1538, 19.303], [-155.1483, 19.3066], [-155.143, 19.3067], [-155.1293, 19.3125], [-155.1288, 19.3147], [-155.1454, 19.313], [-155.1634, 19.3181], [-155.169, 19.3168], [-155.1767, 19.3202], [-155.1862, 19.3286], [-155.193, 19.3279], [-155.2077, 19.3383], [-155.2221, 19.3537], [-155.2243, 19.358], [-155.2219, 19.3658], [-155.2263, 19.3711], [-155.2335, 19.3722], [-155.2383, 19.3778], [-155.2511, 19.3942], [-155.2534, 19.4034], [-155.2485, 19.4085]]]}}, {"type": "Feature", "properties": {"fips": "15007041200", "gap_national": 47.5, "gap_stratum": 15.3, "burden": 59.5, "capacity": 20.7, "svi": null, "top_decile_gap": 0.0, "stratum": "rural", "scored": 1}, "geometry": {"type": "MultiPolygon", "coordinates": [[[[-160.1002, 22.029], [-160.1003, 22.0243], [-160.097, 22.0215], [-160.0936, 22.0215], [-160.0911, 22.0267], [-160.0878, 22.0239], [-160.0905, 22.0183], [-160.0961, 22.0148], [-160.1018, 22.0157], [-160.1002, 22.029]]], [[[-160.233, 21.8629], [-160.2327, 21.8761], [-160.2254, 21.89], [-160.2025, 21.907], [-160.187, 21.9249], [-160.165, 21.933], [-160.1624, 21.9385], [-160.154, 21.9387], [-160.1367, 21.9458], [-160.1255, 21.9537], [-160.1146, 21.9749], [-160.1137, 21.9847], [-160.1104, 21.9885], [-160.1117, 21.9936], [-160.1049, 21.9982], [-160.1008, 21.9958], [-160.0934, 22.0011], [-160.092, 22.0055], [-160.087, 22.0029], [-160.0864, 21.9979], [-160.072, 22.0], [-160.0701, 22.0033], [-160.053, 21.9923], [-160.0511, 21.9793], [-160.0545, 21.9766], [-160.063, 21.9762], [-160.0686, 21.9673], [-160.0709, 21.9586], [-160.0763, 21.9546], [-160.083, 21.9279], [-160.0732, 21.9004], [-160.0748, 21.8948], [-160.0967, 21.8837], [-160.0989, 21.8847], [-160.1072, 21.8786], [-160.1114, 21.881], [-160.1287, 21.8744], [-160.144, 21.8729], [-160.159, 21.8653], [-160.173, 21.8439], [-160.174, 21.8391], [-160.1918, 21.8143], [-160.1942, 21.8075], [-160.1927, 21.8044], [-160.2002, 21.7952], [-160.2024, 21.787], [-160.1986, 21.7847], [-160.2035, 21.7792], [-160.2079, 21.7826], [-160.2149, 21.7826], [-160.2237, 21.7914], [-160.2306, 21.7905], [-160.2334, 21.7925], [-160.2328, 21.7975], [-160.237, 21.8037], [-160.2455, 21.8346], [-160.2439, 21.8371], [-160.244, 21.8401], [-160.2465, 21.8407], [-160.2452, 21.8472], [-160.233, 21.8629]]], [[[-160.5402, 21.6602], [-160.5378, 21.6591], [-160.5409, 21.6536], [-160.537, 21.6496], [-160.542, 21.6497], [-160.545, 21.6534], [-160.5402, 21.6602]]]]}}, {"type": "Feature", "properties": {"fips": "15009030501", "gap_national": 11.6, "gap_stratum": 16.6, "burden": 39.5, "capacity": 33.1, "svi": 0.46, "top_decile_gap": 0.0, "stratum": "metropolitan", "scored": 1}, "geometry": {"type": "Polygon", "coordinates": [[[-156.3837, 20.916], [-156.3693, 20.9293], [-156.3493, 20.9385], [-156.3412, 20.9388], [-156.338, 20.9299], [-156.3351, 20.9284], [-156.3345, 20.9235], [-156.3421, 20.9254], [-156.3439, 20.9195], [-156.3492, 20.9166], [-156.3474, 20.9054], [-156.3534, 20.8943], [-156.3516, 20.8927], [-156.352, 20.8863], [-156.3592, 20.889], [-156.3613, 20.8841], [-156.3704, 20.8795], [-156.3795, 20.8891], [-156.387, 20.906], [-156.3933, 20.9112], [-156.3935, 20.915], [-156.3837, 20.916]]]}}, {"type": "Feature", "properties": {"fips": "15009031700", "gap_national": 41.4, "gap_stratum": 35.8, "burden": 78.3, "capacity": 45.1, "svi": 0.79, "top_decile_gap": 0.0, "stratum": "rural", "scored": 1}, "geometry": {"type": "Polygon", "coordinates": [[[-157.0721, 21.1158], [-157.0631, 21.1234], [-157.054, 21.1249], [-157.0204, 21.1384], [-157.0127, 21.1557], [-157.0045, 21.1566], [-157.0045, 21.1546], [-156.99, 21.1522], [-156.9798, 21.1452], [-156.9833, 21.1435], [-156.9883, 21.1452], [-157.0026, 21.1323], [-156.9792, 21.1393], [-156.9598, 21.1371], [-156.9502, 21.1398], [-156.9381, 21.1328], [-156.9308, 21.1326], [-156.9253, 21.1359], [-156.9181, 21.1295], [-156.9002, 21.1316], [-156.9003, 21.1454], [-156.896, 21.149], [-156.907, 21.1516], [-156.9171, 21.1637], [-156.9208, 21.1628], [-156.9151, 21.1711], [-156.9136, 21.1659], [-156.9014, 21.162], [-156.8962, 21.1633], [-156.8921, 21.1686], [-156.885, 21.1686], [-156.8833, 21.1618], [-156.8793, 21.1611], [-156.8764, 21.166], [-156.8679, 21.1645], [-156.8659, 21.1614], [-156.8427, 21.1668], [-156.8307, 21.1641], [-156.8272, 21.1684], [-156.8039, 21.1752], [-156.799, 21.1734], [-156.7961, 21.1688], [-156.7904, 21.1684], [-156.7843, 21.1741], [-156.773, 21.1737], [-156.7702, 21.1762], [-156.7391, 21.1735], [-156.735, 21.1688], [-156.7357, 21.1595], [-156.7287, 21.1575], [-156.7171, 21.1605], [-156.7091, 21.1587], [-156.7124, 21.144], [-156.7229, 21.1289], [-156.7301, 21.124], [-156.736, 21.1141], [-156.7434, 21.1109], [-156.7448, 21.1069], [-156.7741, 21.0853], [-156.7749, 21.0822], [-156.7816, 21.082], [-156.7871, 21.079], [-156.7909, 21.0722], [-156.8022, 21.0671], [-156.8171, 21.0654], [-156.8218, 21.0606], [-156.8268, 21.0607], [-156.836, 21.0539], [-156.8437, 21.0542], [-156.8491, 21.051], [-156.8484, 21.0549], [-156.8512, 21.0571], [-156.8578, 21.0557], [-156.8657, 21.0496], [-156.8731, 21.0487], [-156.8745, 21.0455], [-156.8926, 21.0493], [-156.8952, 21.0558], [-156.9005, 21.0544], [-156.9143, 21.0567], [-156.9485, 21.0634], [-156.9723, 21.0709], [-156.981, 21.0704], [-156.9825, 21.0735], [-156.9923, 21.0782], [-157.0005, 21.0768], [-157.0033, 21.08], [-157.0294, 21.0878], [-157.034, 21.0943], [-157.0669, 21.1005], [-157.0711, 21.0991], [-157.0918, 21.1022], [-157.0844, 21.1106], [-157.0721, 21.1158]]]}}, {"type": "Feature", "properties": {"fips": "15001020500", "gap_national": 18.7, "gap_stratum": -4.7, "burden": 39.0, "capacity": 26.1, "svi": 0.96, "top_decile_gap": 0.0, "stratum": "micropolitan", "scored": 1}, "geometry": {"type": "Polygon", "coordinates": [[[-155.0774, 19.7136], [-155.0749, 19.7198], [-155.0642, 19.7224], [-155.0644, 19.7019], [-155.0677, 19.7029], [-155.0687, 19.7005], [-155.0662, 19.6951], [-155.0905, 19.6933], [-155.0924, 19.705], [-155.0774, 19.7136]]]}}, {"type": "Feature", "properties": {"fips": "15001021402", "gap_national": 3.4, "gap_stratum": -21.8, "burden": 47.6, "capacity": 47.1, "svi": 0.72, "top_decile_gap": 0.0, "stratum": "micropolitan", "scored": 1}, "geometry": {"type": "Polygon", "coordinates": [[[-155.956, 19.5251], [-155.9559, 19.529], [-155.9548, 19.5185], [-155.9516, 19.5203], [-155.9411, 19.5174], [-155.9214, 19.523], [-155.9286, 19.5387], [-155.9189, 19.5403], [-155.9164, 19.5384], [-155.8999, 19.5463], [-155.8874, 19.5446], [-155.8752, 19.5459], [-155.8594, 19.551], [-155.8558, 19.5486], [-155.8573, 19.5362], [-155.8544, 19.5227], [-155.8939, 19.5116], [-155.9008, 19.5118], [-155.8991, 19.5031], [-155.9104, 19.4983], [-155.9063, 19.4921], [-155.903, 19.4942], [-155.8969, 19.4895], [-155.9045, 19.4859], [-155.9096, 19.4886], [-155.9149, 19.4874], [-155.9167, 19.4904], [-155.9249, 19.4846], [-155.9359, 19.4887], [-155.94, 19.4872], [-155.9338, 19.4791], [-155.9373, 19.4791], [-155.941, 19.4831], [-155.9465, 19.4832], [-155.9504, 19.4866], [-155.9482, 19.4955], [-155.9519, 19.5049], [-155.9602, 19.515], [-155.9602, 19.5202], [-155.956, 19.5251]]]}}, {"type": "Feature", "properties": {"fips": "15001021605", "gap_national": 10.4, "gap_stratum": -14.8, "burden": 49.3, "capacity": 43.2, "svi": 0.71, "top_decile_gap": 0.0, "stratum": "micropolitan", "scored": 1}, "geometry": {"type": "Polygon", "coordinates": [[[-156.0007, 19.6419], [-155.9962, 19.6419], [-155.9927, 19.6478], [-155.9844, 19.6527], [-155.9751, 19.6881], [-155.9581, 19.6595], [-155.955, 19.6496], [-155.9773, 19.6404], [-155.9905, 19.6385], [-155.9823, 19.6265], [-155.9872, 19.6259], [-155.9913, 19.6362], [-155.9957, 19.6391], [-156.0008, 19.6372], [-156.0007, 19.6419]]]}}, {"type": "Feature", "properties": {"fips": "15001021607", "gap_national": -30.1, "gap_stratum": -56.0, "burden": 37.7, "capacity": 61.9, "svi": 0.21, "top_decile_gap": 0.0, "stratum": "micropolitan", "scored": 1}, "geometry": {"type": "Polygon", "coordinates": [[[-155.9652, 19.628], [-155.9598, 19.6245], [-155.9497, 19.6102], [-155.9491, 19.6012], [-155.9696, 19.6022], [-155.9719, 19.6118], [-155.966, 19.6112], [-155.9756, 19.6301], [-155.9652, 19.628]]]}}, {"type": "Feature", "properties": {"fips": "15001021016", "gap_national": 46.6, "gap_stratum": 31.9, "burden": 71.2, "capacity": 34.9, "svi": 0.56, "top_decile_gap": 0.0, "stratum": "micropolitan", "scored": 1}, "geometry": {"type": "Polygon", "coordinates": [[[-155.0989, 19.5584], [-155.0893, 19.5496], [-155.0786, 19.5622], [-155.0679, 19.5668], [-155.0656, 19.5715], [-155.0499, 19.5848], [-155.029, 19.5503], [-155.0379, 19.5454], [-155.0122, 19.502], [-155.0706, 19.4732], [-155.1014, 19.5243], [-155.1188, 19.542], [-155.0989, 19.5584]]]}}, {"type": "Feature", "properties": {"fips": "15003940004", "gap_national": 39.5, "gap_stratum": 41.9, "burden": 76.6, "capacity": 45.1, "svi": 0.61, "top_decile_gap": 0.0, "stratum": "metropolitan", "scored": 1}, "geometry": {"type": "MultiPolygon", "coordinates": [[[[-157.6566, 21.3317], [-157.6541, 21.326], [-157.6596, 21.327], [-157.6566, 21.3317]]], [[[-157.7113, 21.3327], [-157.7077, 21.3332], [-157.7115, 21.3462], [-157.6932, 21.329], [-157.6944, 21.3263], [-157.6854, 21.3273], [-157.6659, 21.3156], [-157.6634, 21.3164], [-157.6594, 21.3102], [-157.6498, 21.3107], [-157.6515, 21.3086], [-157.6604, 21.3081], [-157.6724, 21.3172], [-157.6872, 21.3216], [-157.7046, 21.3166], [-157.7147, 21.317], [-157.7147, 21.3256], [-157.7113, 21.3327]]]]}}, {"type": "Feature", "properties": {"fips": "15003010309", "gap_national": -66.9, "gap_stratum": -62.3, "burden": 23.9, "capacity": 77.5, "svi": 0.06, "top_decile_gap": 0.0, "stratum": "metropolitan", "scored": 1}, "geometry": {"type": "Polygon", "coordinates": [[[-157.8463, 21.433], [-157.8449, 21.43], [-157.8385, 21.438], [-157.8387, 21.4326], [-157.8332, 21.4465], [-157.8307, 21.439], [-157.8235, 21.4328], [-157.8135, 21.417], [-157.8216, 21.4104], [-157.8207, 21.4061], [-157.8264, 21.4025], [-157.8387, 21.4032], [-157.8365, 21.4127], [-157.8384, 21.4178], [-157.8506, 21.4261], [-157.8463, 21.433]]]}}, {"type": "Feature", "properties": {"fips": "15003008625", "gap_national": -16.5, "gap_stratum": -10.6, "burden": 44.1, "capacity": 57.8, "svi": 0.82, "top_decile_gap": 0.0, "stratum": "metropolitan", "scored": 1}, "geometry": {"type": "Polygon", "coordinates": [[[-158.0278, 21.3512], [-158.0284, 21.3533], [-158.0256, 21.3533], [-158.0238, 21.3499], [-158.0315, 21.3417], [-158.0352, 21.3485], [-158.0278, 21.3512]]]}}, {"type": "Feature", "properties": {"fips": "15003009402", "gap_national": 46.0, "gap_stratum": 51.0, "burden": 67.7, "capacity": 31.8, "svi": 0.93, "top_decile_gap": 0.0, "stratum": "metropolitan", "scored": 1}, "geometry": {"type": "Polygon", "coordinates": [[[-158.0373, 21.4898], [-158.034, 21.4923], [-158.035, 21.4999], [-158.0295, 21.5011], [-158.0285, 21.4915], [-158.0382, 21.4886], [-158.0429, 21.4904], [-158.0373, 21.4898]]]}}, {"type": "Feature", "properties": {"fips": "15003006203", "gap_national": 23.6, "gap_stratum": 28.8, "burden": 61.7, "capacity": 44.3, "svi": 0.94, "top_decile_gap": 0.0, "stratum": "metropolitan", "scored": 1}, "geometry": {"type": "Polygon", "coordinates": [[[-157.8798, 21.3436], [-157.875, 21.3416], [-157.8786, 21.34], [-157.8757, 21.3371], [-157.8797, 21.334], [-157.8838, 21.3377], [-157.8798, 21.3436]]]}}, {"type": "Feature", "properties": {"fips": "15003940005", "gap_national": 42.9, "gap_stratum": 47.9, "burden": 67.1, "capacity": 33.8, "svi": 0.37, "top_decile_gap": 0.0, "stratum": "metropolitan", "scored": 1}, "geometry": {"type": "Polygon", "coordinates": [[[-158.1422, 21.4089], [-158.1367, 21.4181], [-158.1318, 21.4132], [-158.1319, 21.4022], [-158.1277, 21.4051], [-158.1258, 21.4106], [-158.1162, 21.4142], [-158.1012, 21.4135], [-158.0986, 21.4101], [-158.0978, 21.4008], [-158.1043, 21.3937], [-158.1044, 21.3871], [-158.1088, 21.3835], [-158.1181, 21.3815], [-158.1341, 21.368], [-158.1397, 21.376], [-158.1323, 21.3835], [-158.1431, 21.3929], [-158.1422, 21.4089]]]}}, {"type": "Feature", "properties": {"fips": "15003009706", "gap_national": 47.5, "gap_stratum": 51.8, "burden": 70.6, "capacity": 33.5, "svi": 0.41, "top_decile_gap": 0.0, "stratum": "metropolitan", "scored": 1}, "geometry": {"type": "Polygon", "coordinates": [[[-158.18, 21.4461], [-158.18, 21.4511], [-158.166, 21.4623], [-158.16, 21.4642], [-158.1529, 21.4714], [-158.1539, 21.4742], [-158.1503, 21.4755], [-158.1478, 21.4674], [-158.1703, 21.4447], [-158.1821, 21.443], [-158.1764, 21.4409], [-158.1827, 21.4408], [-158.1858, 21.4431], [-158.18, 21.4461]]]}}, {"type": "Feature", "properties": {"fips": "15003000119", "gap_national": -55.2, "gap_stratum": -47.8, "burden": 39.9, "capacity": 85.1, "svi": 0.35, "top_decile_gap": 0.0, "stratum": "metropolitan", "scored": 1}, "geometry": {"type": "Polygon", "coordinates": [[[-157.6897, 21.2966], [-157.6838, 21.2928], [-157.6813, 21.2935], [-157.6909, 21.2887], [-157.6998, 21.2894], [-157.6897, 21.2966]]]}}, {"type": "Feature", "properties": {"fips": "15003009512", "gap_national": -5.5, "gap_stratum": -5.8, "burden": 5.1, "capacity": 14.1, "svi": 0.26, "top_decile_gap": 0.0, "stratum": "metropolitan", "scored": 1}, "geometry": {"type": "Polygon", "coordinates": [[[-158.0606, 21.4919], [-158.0616, 21.4949], [-158.0517, 21.4997], [-158.0504, 21.4948], [-158.0395, 21.4887], [-158.0464, 21.484], [-158.0499, 21.4784], [-158.0515, 21.4817], [-158.057, 21.4826], [-158.0566, 21.4887], [-158.0675, 21.4911], [-158.0606, 21.4919]]]}}, {"type": "Feature", "properties": {"fips": "15003008952", "gap_national": -41.9, "gap_stratum": -41.8, "burden": 16.3, "capacity": 53.6, "svi": 0.14, "top_decile_gap": 0.0, "stratum": "metropolitan", "scored": 1}, "geometry": {"type": "Polygon", "coordinates": [[[-158.0153, 21.3977], [-158.018, 21.4051], [-158.0133, 21.4064], [-158.0131, 21.4188], [-158.0098, 21.4235], [-158.0112, 21.4269], [-158.0083, 21.4252], [-157.9917, 21.3976], [-158.0042, 21.3987], [-158.0192, 21.3903], [-158.0199, 21.3968], [-158.0153, 21.3977]], [[-158.0093, 21.401], [-158.0044, 21.4], [-157.9985, 21.4047], [-158.0065, 21.4095], [-158.0099, 21.4052], [-158.0093, 21.401]]]}}, {"type": "Feature", "properties": {"fips": "15003008416", "gap_national": -21.6, "gap_stratum": -21.4, "burden": 17.8, "capacity": 40.0, "svi": 0.34, "top_decile_gap": 0.0, "stratum": "metropolitan", "scored": 1}, "geometry": {"type": "Polygon", "coordinates": [[[-158.0315, 21.3417], [-158.0303, 21.3432], [-158.0283, 21.3403], [-158.0337, 21.3347], [-158.0364, 21.3357], [-158.0315, 21.3417]]]}}, {"type": "Feature", "properties": {"fips": "15003982100", "gap_national": null, "gap_stratum": null, "burden": null, "capacity": null, "svi": null, "top_decile_gap": null, "stratum": null, "scored": 0}, "geometry": {"type": "Polygon", "coordinates": [[[-157.8363, 21.3046], [-157.8349, 21.3039], [-157.8365, 21.3022], [-157.8363, 21.3046]]]}}, {"type": "Feature", "properties": {"fips": "15003009203", "gap_national": -3.0, "gap_stratum": 3.7, "burden": 59.8, "capacity": 60.8, "svi": 0.41, "top_decile_gap": 0.0, "stratum": "metropolitan", "scored": 1}, "geometry": {"type": "Polygon", "coordinates": [[[-158.0193, 21.5021], [-158.021, 21.5057], [-158.0144, 21.5081], [-158.0119, 21.5068], [-158.0139, 21.505], [-158.01, 21.4987], [-158.018, 21.4955], [-158.021, 21.5], [-158.0235, 21.4985], [-158.0193, 21.5021]]]}}, {"type": "Feature", "properties": {"fips": "15003982200", "gap_national": null, "gap_stratum": null, "burden": null, "capacity": null, "svi": null, "top_decile_gap": null, "stratum": null, "scored": 0}, "geometry": {"type": "Polygon", "coordinates": [[[-158.0107, 21.379], [-157.9965, 21.382], [-157.9891, 21.3884], [-157.9773, 21.3892], [-157.9789, 21.3798], [-157.9734, 21.3715], [-157.9693, 21.37], [-157.9735, 21.3665], [-157.9693, 21.3522], [-157.9708, 21.338], [-157.982, 21.3499], [-157.9917, 21.3518], [-157.9956, 21.3559], [-158.0028, 21.3554], [-158.0074, 21.3592], [-158.0127, 21.3722], [-158.0107, 21.379]]]}}, {"type": "Feature", "properties": {"fips": "15009031504", "gap_national": -29.6, "gap_stratum": -36.7, "burden": 18.9, "capacity": 47.1, "svi": 0.16, "top_decile_gap": 0.0, "stratum": "micropolitan", "scored": 1}, "geometry": {"type": "Polygon", "coordinates": [[[-156.6691, 20.9908], [-156.6685, 20.9871], [-156.663, 20.9847], [-156.6517, 20.9938], [-156.6489, 21.0059], [-156.6454, 21.0107], [-156.6378, 21.013], [-156.6411, 21.0233], [-156.6341, 21.0251], [-156.625, 21.0218], [-156.6187, 21.0243], [-156.6134, 21.0233], [-156.6081, 21.0247], [-156.6033, 21.0312], [-156.5937, 21.0309], [-156.5925, 21.029], [-156.5885, 21.0308], [-156.5882, 21.0242], [-156.5843, 21.0211], [-156.5836, 20.9994], [-156.5888, 20.9885], [-156.5882, 20.9832], [-156.5851, 20.9786], [-156.5821, 20.9535], [-156.5783, 20.9458], [-156.5787, 20.926], [-156.5716, 20.9173], [-156.5728, 20.9124], [-156.583, 20.9019], [-156.5814, 20.8978], [-156.5748, 20.8932], [-156.5872, 20.891], [-156.5972, 20.9192], [-156.6082, 20.9266], [-156.6174, 20.9375], [-156.6348, 20.9425], [-156.6317, 20.9554], [-156.6475, 20.9654], [-156.6551, 20.9676], [-156.6674, 20.9782], [-156.6756, 20.9758], [-156.677, 20.9774], [-156.6691, 20.9908]]]}}, {"type": "Feature", "properties": {"fips": "15003010205", "gap_national": -19.0, "gap_stratum": -40.9, "burden": 36.6, "capacity": 53.7, "svi": 0.16, "top_decile_gap": 0.0, "stratum": "micropolitan", "scored": 1}, "geometry": {"type": "Polygon", "coordinates": [[[-157.904, 21.5308], [-157.8881, 21.5602], [-157.8792, 21.5652], [-157.8751, 21.5636], [-157.8769, 21.5574], [-157.8735, 21.555], [-157.8639, 21.5602], [-157.8507, 21.5549], [-157.8467, 21.5498], [-157.8466, 21.5449], [-157.8419, 21.5419], [-157.8385, 21.5352], [-157.8486, 21.5218], [-157.8614, 21.5159], [-157.8696, 21.5175], [-157.872, 21.5102], [-157.8787, 21.5139], [-157.8858, 21.5121], [-157.8968, 21.5015], [-157.9013, 21.5015], [-157.9143, 21.5171], [-157.917, 21.5241], [-157.904, 21.5308]]]}}, {"type": "Feature", "properties": {"fips": "15003011104", "gap_national": -52.8, "gap_stratum": -47.9, "burden": 28.3, "capacity": 70.0, "svi": 0.19, "top_decile_gap": 0.0, "stratum": "metropolitan", "scored": 1}, "geometry": {"type": "Polygon", "coordinates": [[[-157.7351, 21.3855], [-157.7346, 21.3883], [-157.7292, 21.3893], [-157.7279, 21.3875], [-157.7289, 21.3764], [-157.7371, 21.3695], [-157.741, 21.3815], [-157.7351, 21.3855]]]}}, {"type": "Feature", "properties": {"fips": "15003010505", "gap_national": -50.6, "gap_stratum": -42.8, "burden": 42.2, "capacity": 82.9, "svi": 0.19, "top_decile_gap": 0.0, "stratum": "metropolitan", "scored": 1}, "geometry": {"type": "MultiPolygon", "coordinates": [[[[-157.7872, 21.4358], [-157.788, 21.4311], [-157.7904, 21.4316], [-157.7909, 21.4347], [-157.7872, 21.4358]]], [[[-157.8052, 21.4351], [-157.8056, 21.4322], [-157.8095, 21.4394], [-157.8072, 21.4398], [-157.8052, 21.4351]]], [[[-157.8117, 21.4374], [-157.8016, 21.4272], [-157.7967, 21.4253], [-157.7954, 21.4288], [-157.7927, 21.428], [-157.7977, 21.4231], [-157.8135, 21.417], [-157.8105, 21.4236], [-157.8171, 21.4309], [-157.817, 21.4344], [-157.8117, 21.4374]]]]}}, {"type": "Feature", "properties": {"fips": "15003003102", "gap_national": -68.8, "gap_stratum": -63.1, "burden": 31.5, "capacity": 91.3, "svi": 0.23, "top_decile_gap": 0.0, "stratum": "metropolitan", "scored": 1}, "geometry": {"type": "Polygon", "coordinates": [[[-157.8071, 21.3263], [-157.8063, 21.3365], [-157.8083, 21.3411], [-157.7891, 21.3532], [-157.7884, 21.3462], [-157.7989, 21.3359], [-157.7981, 21.3322], [-157.8045, 21.321], [-157.8053, 21.3149], [-157.8088, 21.3112], [-157.8131, 21.317], [-157.8071, 21.3263]]]}}, {"type": "Feature", "properties": {"fips": "15003007808", "gap_national": -1.5, "gap_stratum": 3.5, "burden": 43.1, "capacity": 46.9, "svi": 0.66, "top_decile_gap": 0.0, "stratum": "metropolitan", "scored": 1}, "geometry": {"type": "Polygon", "coordinates": [[[-157.9531, 21.3872], [-157.9481, 21.3907], [-157.9369, 21.3822], [-157.9531, 21.3729], [-157.9566, 21.3752], [-157.9531, 21.3872]]]}}, {"type": "Feature", "properties": {"fips": "15003002900", "gap_national": -70.7, "gap_stratum": -69.7, "burden": 10.3, "capacity": 69.1, "svi": 0.39, "top_decile_gap": 0.0, "stratum": "metropolitan", "scored": 1}, "geometry": {"type": "Polygon", "coordinates": [[[-157.811, 21.3038], [-157.8133, 21.3082], [-157.8056, 21.313], [-157.7988, 21.3068], [-157.806, 21.3044], [-157.8124, 21.2957], [-157.8139, 21.2983], [-157.811, 21.3038]]]}}, {"type": "Feature", "properties": {"fips": "15001021608", "gap_national": -23.5, "gap_stratum": -37.5, "burden": 26.7, "capacity": 49.0, "svi": 0.24, "top_decile_gap": 0.0, "stratum": "micropolitan", "scored": 1}, "geometry": {"type": "Polygon", "coordinates": [[[-155.9838, 19.6271], [-155.979, 19.6243], [-155.966, 19.6112], [-155.9714, 19.6128], [-155.9696, 19.6022], [-155.9752, 19.5985], [-155.9764, 19.5999], [-155.9738, 19.6039], [-155.9859, 19.6169], [-155.9872, 19.6259], [-155.9838, 19.6271]]]}}, {"type": "Feature", "properties": {"fips": "15001021014", "gap_national": 30.1, "gap_stratum": 5.4, "burden": 56.2, "capacity": 34.0, "svi": 0.33, "top_decile_gap": 0.0, "stratum": "micropolitan", "scored": 1}, "geometry": {"type": "Polygon", "coordinates": [[[-154.9951, 19.5964], [-154.9638, 19.6161], [-154.952, 19.6226], [-154.9453, 19.6212], [-154.9483, 19.612], [-154.9469, 19.6047], [-154.9897, 19.5574], [-155.0086, 19.5828], [-154.9951, 19.5964]]]}}, {"type": "Feature", "properties": {"fips": "15001021705", "gap_national": -8.4, "gap_stratum": -17.8, "burden": 33.0, "capacity": 43.3, "svi": 0.65, "top_decile_gap": 0.0, "stratum": "rural", "scored": 1}, "geometry": {"type": "Polygon", "coordinates": [[[-155.7564, 20.0874], [-155.7497, 20.0776], [-155.7382, 20.0883], [-155.7507, 20.1001], [-155.7488, 20.1025], [-155.7574, 20.1093], [-155.7402, 20.117], [-155.7326, 20.1158], [-155.7295, 20.1127], [-155.7197, 20.1149], [-155.6649, 20.1007], [-155.671, 20.0981], [-155.6752, 20.0881], [-155.6796, 20.0854], [-155.6755, 20.0849], [-155.6707, 20.0804], [-155.6694, 20.0755], [-155.6717, 20.0727], [-155.6675, 20.0651], [-155.6519, 20.0637], [-155.641, 20.0674], [-155.6441, 20.0561], [-155.6409, 20.0536], [-155.6285, 20.0689], [-155.6281, 20.0644], [-155.6252, 20.0624], [-155.6203, 20.0691], [-155.6114, 20.0541], [-155.594, 20.0436], [-155.6328, 20.0347], [-155.64, 20.0301], [-155.6643, 20.0241], [-155.6758, 20.0129], [-155.6767, 19.9961], [-155.6875, 19.9957], [-155.7081, 19.9878], [-155.7108, 19.9949], [-155.7083, 20.0011], [-155.7099, 20.0202], [-155.7153, 20.0257], [-155.7247, 20.0259], [-155.7221, 20.0275], [-155.7183, 20.0405], [-155.7327, 20.0458], [-155.7435, 20.0528], [-155.7495, 20.0635], [-155.7604, 20.0714], [-155.7639, 20.0821], [-155.7564, 20.0874]]]}}, {"type": "Feature", "properties": {"fips": "15003009707", "gap_national": 64.0, "gap_stratum": 65.5, "burden": 82.7, "capacity": 30.1, "svi": 0.96, "top_decile_gap": 1.0, "stratum": "metropolitan", "scored": 1}, "geometry": {"type": "Polygon", "coordinates": [[[-158.1908, 21.4641], [-158.1742, 21.479], [-158.1707, 21.488], [-158.1673, 21.4907], [-158.1661, 21.5001], [-158.1624, 21.5026], [-158.1469, 21.504], [-158.1473, 21.4981], [-158.1324, 21.4882], [-158.1321, 21.4802], [-158.1357, 21.4753], [-158.1476, 21.4679], [-158.1503, 21.4755], [-158.1539, 21.4742], [-158.1529, 21.4714], [-158.16, 21.4642], [-158.166, 21.4623], [-158.18, 21.4511], [-158.1807, 21.4452], [-158.19, 21.4403], [-158.1899, 21.4465], [-158.1977, 21.4487], [-158.2057, 21.459], [-158.1908, 21.4641]]]}}, {"type": "Feature", "properties": {"fips": "15003008706", "gap_national": 23.1, "gap_stratum": 28.6, "burden": 60.1, "capacity": 43.2, "svi": 0.74, "top_decile_gap": 0.0, "stratum": "metropolitan", "scored": 1}, "geometry": {"type": "Polygon", "coordinates": [[[-158.0267, 21.376], [-158.0173, 21.3808], [-158.0149, 21.3792], [-158.0189, 21.3758], [-158.0165, 21.3745], [-158.0177, 21.3727], [-158.0127, 21.3731], [-158.0135, 21.3706], [-158.0074, 21.3592], [-158.0217, 21.3575], [-158.0231, 21.3633], [-158.0265, 21.3661], [-158.0267, 21.376]]]}}, {"type": "Feature", "properties": {"fips": "15003009302", "gap_national": -18.7, "gap_stratum": -11.1, "burden": 51.7, "capacity": 65.1, "svi": 0.7, "top_decile_gap": 0.0, "stratum": "metropolitan", "scored": 1}, "geometry": {"type": "Polygon", "coordinates": [[[-158.0244, 21.4981], [-158.0246, 21.5032], [-158.0224, 21.5066], [-158.021, 21.5057], [-158.0193, 21.5021], [-158.0235, 21.4985], [-158.021, 21.5], [-158.018, 21.4955], [-158.0285, 21.4915], [-158.0298, 21.4959], [-158.0244, 21.4981]]]}}, {"type": "Feature", "properties": {"fips": "15003008624", "gap_national": -21.9, "gap_stratum": -18.0, "burden": 34.3, "capacity": 53.9, "svi": 0.4, "top_decile_gap": 0.0, "stratum": "metropolitan", "scored": 1}, "geometry": {"type": "Polygon", "coordinates": [[[-158.0269, 21.3646], [-158.0231, 21.3633], [-158.0208, 21.3581], [-158.0214, 21.3503], [-158.0284, 21.3533], [-158.0293, 21.3604], [-158.0269, 21.3646]]]}}, {"type": "Feature", "properties": {"fips": "15003002006", "gap_national": -19.9, "gap_stratum": -14.9, "burden": 39.1, "capacity": 56.3, "svi": 0.75, "top_decile_gap": 0.0, "stratum": "metropolitan", "scored": 1}, "geometry": {"type": "Polygon", "coordinates": [[[-157.8297, 21.2856], [-157.8265, 21.283], [-157.8298, 21.2801], [-157.8314, 21.284], [-157.8297, 21.2856]]]}}, {"type": "Feature", "properties": {"fips": "15003011103", "gap_national": -57.5, "gap_stratum": -54.0, "burden": 22.5, "capacity": 68.6, "svi": 0.11, "top_decile_gap": 0.0, "stratum": "metropolitan", "scored": 1}, "geometry": {"type": "Polygon", "coordinates": [[[-157.7454, 21.393], [-157.7346, 21.3883], [-157.7411, 21.3809], [-157.7394, 21.3734], [-157.7361, 21.3702], [-157.736, 21.3599], [-157.7405, 21.3611], [-157.7451, 21.3739], [-157.7561, 21.3808], [-157.7454, 21.393]]]}}, {"type": "Feature", "properties": {"fips": "15001020802", "gap_national": -30.9, "gap_stratum": -53.6, "burden": 34.3, "capacity": 59.8, "svi": 0.46, "top_decile_gap": 0.0, "stratum": "micropolitan", "scored": 1}, "geometry": {"type": "Polygon", "coordinates": [[[-155.1332, 19.712], [-155.1287, 19.7114], [-155.1209, 19.7166], [-155.1097, 19.7178], [-155.1044, 19.7153], [-155.0991, 19.7173], [-155.0929, 19.7056], [-155.1016, 19.6945], [-155.1103, 19.6927], [-155.1219, 19.6946], [-155.1306, 19.6867], [-155.1366, 19.6852], [-155.1332, 19.712]]]}}, {"type": "Feature", "properties": {"fips": "15003010101", "gap_national": -4.9, "gap_stratum": -0.2, "burden": 40.9, "capacity": 47.5, "svi": 0.21, "top_decile_gap": 0.0, "stratum": "metropolitan", "scored": 1}, "geometry": {"type": "Polygon", "coordinates": [[[-158.0623, 21.6554], [-158.0591, 21.6584], [-158.0183, 21.638], [-158.02, 21.6336], [-158.0231, 21.6333], [-158.0548, 21.6355], [-158.0638, 21.6406], [-158.0623, 21.6554]]]}}, {"type": "Feature", "properties": {"fips": "15003001101", "gap_national": 28.0, "gap_stratum": 33.0, "burden": 63.9, "capacity": 42.8, "svi": 0.62, "top_decile_gap": 0.0, "stratum": "metropolitan", "scored": 1}, "geometry": {"type": "Polygon", "coordinates": [[[-157.792, 21.3039], [-157.7887, 21.3062], [-157.7881, 21.3035], [-157.7952, 21.2944], [-157.7968, 21.2958], [-157.792, 21.3039]]]}}, {"type": "Feature", "properties": {"fips": "15003006811", "gap_national": -8.6, "gap_stratum": -8.3, "burden": 13.8, "capacity": 24.8, "svi": 0.19, "top_decile_gap": 0.0, "stratum": "metropolitan", "scored": 1}, "geometry": {"type": "Polygon", "coordinates": [[[-157.914, 21.3649], [-157.9043, 21.3665], [-157.8999, 21.3611], [-157.9105, 21.3558], [-157.9102, 21.3587], [-157.9139, 21.3599], [-157.9113, 21.3627], [-157.9158, 21.3626], [-157.914, 21.3649]]]}}, {"type": "Feature", "properties": {"fips": "15009030710", "gap_national": -7.3, "gap_stratum": -35.8, "burden": 54.6, "capacity": 59.8, "svi": 0.53, "top_decile_gap": 0.0, "stratum": "micropolitan", "scored": 1}, "geometry": {"type": "Polygon", "coordinates": [[[-156.4469, 20.7147], [-156.4377, 20.7142], [-156.4347, 20.7057], [-156.446, 20.7022], [-156.4478, 20.7055], [-156.4469, 20.7147]]]}}, {"type": "Feature", "properties": {"fips": "15009030705", "gap_national": 8.3, "gap_stratum": -10.3, "burden": 32.6, "capacity": 28.9, "svi": 0.67, "top_decile_gap": 0.0, "stratum": "micropolitan", "scored": 1}, "geometry": {"type": "Polygon", "coordinates": [[[-156.4628, 20.8454], [-156.4319, 20.8467], [-156.4177, 20.8315], [-156.4117, 20.8294], [-156.405, 20.8314], [-156.406, 20.8128], [-156.4022, 20.8076], [-156.4077, 20.7805], [-156.4243, 20.7787], [-156.4216, 20.7763], [-156.4217, 20.7695], [-156.4307, 20.7624], [-156.4291, 20.7597], [-156.435, 20.7552], [-156.435, 20.7483], [-156.4461, 20.7487], [-156.455, 20.779], [-156.4629, 20.7871], [-156.4683, 20.8137], [-156.4628, 20.8454]]]}}, {"type": "Feature", "properties": {"fips": "15003008634", "gap_national": -7.0, "gap_stratum": -5.2, "burden": 23.5, "capacity": 33.3, "svi": 0.42, "top_decile_gap": 0.0, "stratum": "metropolitan", "scored": 1}, "geometry": {"type": "Polygon", "coordinates": [[[-158.0853, 21.3668], [-158.0801, 21.3656], [-158.0781, 21.3612], [-158.0793, 21.3562], [-158.0824, 21.3553], [-158.0824, 21.359], [-158.0865, 21.3581], [-158.0853, 21.3668]]]}}, {"type": "Feature", "properties": {"fips": "15003008933", "gap_national": -51.1, "gap_stratum": -43.9, "burden": 37.0, "capacity": 77.0, "svi": 0.06, "top_decile_gap": 0.0, "stratum": "metropolitan", "scored": 1}, "geometry": {"type": "Polygon", "coordinates": [[[-158.0277, 21.4491], [-158.0257, 21.436], [-158.0202, 21.4332], [-158.0138, 21.4364], [-158.0134, 21.4297], [-158.0098, 21.4235], [-158.0131, 21.4188], [-158.0133, 21.4064], [-158.0231, 21.4144], [-158.0249, 21.4253], [-158.0298, 21.428], [-158.0277, 21.4491]]]}}, {"type": "Feature", "properties": {"fips": "15001020600", "gap_national": 34.6, "gap_stratum": 13.2, "burden": 62.5, "capacity": 36.4, "svi": 0.77, "top_decile_gap": 0.0, "stratum": "micropolitan", "scored": 1}, "geometry": {"type": "Polygon", "coordinates": [[[-155.0703, 19.727], [-155.064, 19.7289], [-155.0608, 19.7263], [-155.0537, 19.7326], [-155.0461, 19.7326], [-155.0411, 19.7386], [-155.0311, 19.7388], [-155.0211, 19.7333], [-155.0158, 19.7354], [-155.0147, 19.7384], [-155.0013, 19.7346], [-154.9905, 19.7171], [-154.9983, 19.7071], [-155.001, 19.7102], [-155.0102, 19.6932], [-155.0494, 19.6468], [-155.0634, 19.6679], [-155.0656, 19.6951], [-155.0687, 19.7005], [-155.0677, 19.7029], [-155.0644, 19.7019], [-155.0642, 19.7224], [-155.0703, 19.7224], [-155.0703, 19.727]]]}}, {"type": "Feature", "properties": {"fips": "15007040603", "gap_national": -21.7, "gap_stratum": -33.2, "burden": 34.3, "capacity": 53.7, "svi": 0.66, "top_decile_gap": 0.0, "stratum": "rural", "scored": 1}, "geometry": {"type": "Polygon", "coordinates": [[[-159.4657, 21.9508], [-159.461, 21.9557], [-159.4582, 21.9509], [-159.4529, 21.9516], [-159.4592, 21.9458], [-159.4596, 21.9408], [-159.4549, 21.9363], [-159.4417, 21.936], [-159.4256, 21.9302], [-159.4046, 21.928], [-159.4, 21.9206], [-159.3995, 21.9077], [-159.3877, 21.903], [-159.3969, 21.903], [-159.4038, 21.8985], [-159.4046, 21.8934], [-159.4167, 21.8883], [-159.4188, 21.8823], [-159.4272, 21.8812], [-159.434, 21.8742], [-159.4378, 21.8751], [-159.4449, 21.8686], [-159.4691, 21.8792], [-159.4659, 21.8895], [-159.4653, 21.9042], [-159.469, 21.921], [-159.4657, 21.9508]]]}}, {"type": "Feature", "properties": {"fips": "15003011000", "gap_national": -71.3, "gap_stratum": -66.7, "burden": 24.8, "capacity": 83.4, "svi": 0.16, "top_decile_gap": 0.0, "stratum": "metropolitan", "scored": 1}, "geometry": {"type": "Polygon", "coordinates": [[[-157.7852, 21.3696], [-157.7799, 21.365], [-157.7822, 21.3692], [-157.7808, 21.3749], [-157.7905, 21.3846], [-157.7828, 21.3851], [-157.7753, 21.3897], [-157.7659, 21.4065], [-157.7581, 21.4068], [-157.7666, 21.4032], [-157.7634, 21.3883], [-157.7668, 21.3772], [-157.7607, 21.3776], [-157.7618, 21.3828], [-157.7475, 21.3924], [-157.7561, 21.3808], [-157.7451, 21.3739], [-157.7405, 21.3611], [-157.7367, 21.3592], [-157.7457, 21.3554], [-157.7591, 21.3318], [-157.7682, 21.3322], [-157.7808, 21.3362], [-157.7872, 21.3411], [-157.7886, 21.3595], [-157.7937, 21.3662], [-157.7852, 21.3696]]]}}, {"type": "Feature", "properties": {"fips": "15003010507", "gap_national": 4.7, "gap_stratum": 10.2, "burden": 49.4, "capacity": 47.6, "svi": 0.44, "top_decile_gap": 0.0, "stratum": "metropolitan", "scored": 1}, "geometry": {"type": "Polygon", "coordinates": [[[-157.815, 21.4159], [-157.8043, 21.4221], [-157.8015, 21.417], [-157.8073, 21.4118], [-157.8164, 21.4116], [-157.8187, 21.4045], [-157.8226, 21.4085], [-157.815, 21.4159]]]}}, {"type": "Feature", "properties": {"fips": "15003009902", "gap_national": -2.6, "gap_stratum": 2.3, "burden": 42.0, "capacity": 46.9, "svi": 0.51, "top_decile_gap": 0.0, "stratum": "metropolitan", "scored": 1}, "geometry": {"type": "Polygon", "coordinates": [[[-158.1148, 21.592], [-158.1128, 21.5898], [-158.1067, 21.5966], [-158.1034, 21.5936], [-158.1057, 21.5778], [-158.1131, 21.562], [-158.1204, 21.5653], [-158.1173, 21.5657], [-158.12, 21.5757], [-158.1198, 21.5877], [-158.1148, 21.592]]]}}, {"type": "Feature", "properties": {"fips": "15009030201", "gap_national": 12.1, "gap_stratum": 17.5, "burden": 45.6, "capacity": 38.7, "svi": 0.23, "top_decile_gap": 0.0, "stratum": "metropolitan", "scored": 1}, "geometry": {"type": "Polygon", "coordinates": [[[-156.3023, 20.8715], [-156.3017, 20.8825], [-156.2957, 20.887], [-156.2902, 20.8858], [-156.2879, 20.8876], [-156.2898, 20.8945], [-156.2886, 20.9025], [-156.2856, 20.9054], [-156.2822, 20.9009], [-156.2828, 20.913], [-156.2809, 20.9162], [-156.279, 20.9142], [-156.2733, 20.921], [-156.2739, 20.9315], [-156.2625, 20.9396], [-156.2557, 20.9341], [-156.2524, 20.938], [-156.2403, 20.9359], [-156.232, 20.9286], [-156.2274, 20.9287], [-156.2275, 20.9158], [-156.2142, 20.9131], [-156.2142, 20.9056], [-156.1934, 20.8932], [-156.1985, 20.8843], [-156.198, 20.8799], [-156.2053, 20.8709], [-156.2076, 20.8587], [-156.2139, 20.851], [-156.221, 20.8316], [-156.2198, 20.829], [-156.2316, 20.8162], [-156.23, 20.8084], [-156.2357, 20.7787], [-156.2309, 20.7657], [-156.2457, 20.7734], [-156.2493, 20.7673], [-156.2641, 20.7877], [-156.2787, 20.7974], [-156.2683, 20.8029], [-156.2782, 20.8192], [-156.2801, 20.8275], [-156.2781, 20.8398], [-156.2815, 20.8406], [-156.2842, 20.8476], [-156.2955, 20.85], [-156.3064, 20.8669], [-156.3023, 20.8715]]]}}, {"type": "Feature", "properties": {"fips": "15001021504", "gap_national": 55.2, "gap_stratum": 37.2, "burden": 69.1, "capacity": 24.5, "svi": 0.82, "top_decile_gap": 1.0, "stratum": "micropolitan", "scored": 1}, "geometry": {"type": "Polygon", "coordinates": [[[-156.0434, 19.7018], [-156.0312, 19.7039], [-156.0229, 19.6904], [-156.0152, 19.6926], [-156.005, 19.6893], [-155.9964, 19.6972], [-155.9913, 19.6984], [-155.976, 19.6907], [-155.9751, 19.6824], [-155.9796, 19.6741], [-155.9844, 19.6527], [-155.9927, 19.6478], [-155.9962, 19.6419], [-156.0007, 19.6419], [-156.0022, 19.6381], [-156.0167, 19.6476], [-156.024, 19.6474], [-156.029, 19.6501], [-156.0324, 19.656], [-156.031, 19.667], [-156.0279, 19.6684], [-156.0268, 19.6762], [-156.0324, 19.6796], [-156.0361, 19.6902], [-156.0444, 19.6929], [-156.0489, 19.7035], [-156.0434, 19.7018]]]}}, {"type": "Feature", "properties": {"fips": "15009030403", "gap_national": -8.5, "gap_stratum": -5.8, "burden": 29.9, "capacity": 40.6, "svi": 0.41, "top_decile_gap": 0.0, "stratum": "metropolitan", "scored": 1}, "geometry": {"type": "Polygon", "coordinates": [[[-156.3071, 20.8582], [-156.3073, 20.8636], [-156.3034, 20.8632], [-156.2955, 20.85], [-156.2842, 20.8476], [-156.2815, 20.8406], [-156.2781, 20.8398], [-156.2801, 20.8275], [-156.2782, 20.8192], [-156.2683, 20.8029], [-156.2801, 20.7983], [-156.2941, 20.8135], [-156.3034, 20.817], [-156.3156, 20.8313], [-156.3219, 20.8336], [-156.3248, 20.8395], [-156.3071, 20.8582]]]}}, {"type": "Feature", "properties": {"fips": "15007040402", "gap_national": -20.0, "gap_stratum": -41.9, "burden": 36.4, "capacity": 54.3, "svi": 0.54, "top_decile_gap": 0.0, "stratum": "micropolitan", "scored": 1}, "geometry": {"type": "Polygon", "coordinates": [[[-159.399, 21.9704], [-159.3963, 21.9742], [-159.3864, 21.9732], [-159.3852, 21.9706], [-159.3767, 21.9731], [-159.375, 21.9686], [-159.3572, 21.9554], [-159.3621, 21.9534], [-159.3641, 21.9465], [-159.3702, 21.9513], [-159.3792, 21.9518], [-159.3813, 21.9528], [-159.3783, 21.9557], [-159.3805, 21.9601], [-159.3836, 21.959], [-159.3889, 21.9649], [-159.3918, 21.9627], [-159.4015, 21.9625], [-159.4005, 21.9647], [-159.4071, 21.9783], [-159.399, 21.9704]]]}}, {"type": "Feature", "properties": {"fips": "15001021017", "gap_national": 31.5, "gap_stratum": 11.7, "burden": 64.8, "capacity": 41.0, "svi": 0.71, "top_decile_gap": 0.0, "stratum": "micropolitan", "scored": 1}, "geometry": {"type": "Polygon", "coordinates": [[[-155.2363, 19.4243], [-155.219, 19.439], [-155.1976, 19.4498], [-155.1736, 19.4554], [-155.1445, 19.4979], [-155.1338, 19.5283], [-155.1188, 19.542], [-155.1014, 19.5243], [-155.0706, 19.4732], [-155.1222, 19.4454], [-155.2172, 19.4201], [-155.2356, 19.418], [-155.2394, 19.4225], [-155.2429, 19.4225], [-155.2363, 19.4243]]]}}, {"type": "Feature", "properties": {"fips": "15003981100", "gap_national": -10.4, "gap_stratum": -11.4, "burden": 0.9, "capacity": 17.3, "svi": 0.31, "top_decile_gap": 0.0, "stratum": "metropolitan", "scored": 1}, "geometry": {"type": "Polygon", "coordinates": [[[-157.7305, 21.3687], [-157.7201, 21.3691], [-157.7193, 21.3814], [-157.7168, 21.3793], [-157.7059, 21.3801], [-157.709, 21.3603], [-157.7034, 21.348], [-157.7055, 21.3447], [-157.7096, 21.3447], [-157.718, 21.3499], [-157.7214, 21.3492], [-157.7218, 21.3574], [-157.7262, 21.3622], [-157.7298, 21.362], [-157.7305, 21.3687]]]}}, {"type": "Feature", "properties": {"fips": "15003004202", "gap_national": -57.4, "gap_stratum": -52.7, "burden": 26.3, "capacity": 71.8, "svi": 0.48, "top_decile_gap": 0.0, "stratum": "metropolitan", "scored": 1}, "geometry": {"type": "Polygon", "coordinates": [[[-157.8558, 21.3165], [-157.8528, 21.313], [-157.8582, 21.3099], [-157.8588, 21.3134], [-157.8558, 21.3165]]]}}, {"type": "Feature", "properties": {"fips": "15003008802", "gap_national": -22.0, "gap_stratum": -16.1, "burden": 42.0, "capacity": 59.9, "svi": 0.83, "top_decile_gap": 0.0, "stratum": "metropolitan", "scored": 1}, "geometry": {"type": "Polygon", "coordinates": [[[-158.0096, 21.3961], [-158.0046, 21.3888], [-158.0069, 21.3858], [-158.0128, 21.3873], [-158.0187, 21.3843], [-158.0192, 21.3903], [-158.0096, 21.3961]]]}}, {"type": "Feature", "properties": {"fips": "15003009804", "gap_national": 60.2, "gap_stratum": 62.2, "burden": 80.5, "capacity": 31.7, "svi": 0.89, "top_decile_gap": 1.0, "stratum": "metropolitan", "scored": 1}, "geometry": {"type": "Polygon", "coordinates": [[[-158.2108, 21.476], [-158.2077, 21.4723], [-158.2031, 21.473], [-158.1998, 21.4707], [-158.2022, 21.465], [-158.1993, 21.4617], [-158.2033, 21.4586], [-158.2087, 21.4606], [-158.2174, 21.476], [-158.2108, 21.476]]]}}, {"type": "Feature", "properties": {"fips": "15003008013", "gap_national": -49.8, "gap_stratum": -41.7, "burden": 47.9, "capacity": 91.2, "svi": 0.17, "top_decile_gap": 0.0, "stratum": "metropolitan", "scored": 1}, "geometry": {"type": "Polygon", "coordinates": [[[-157.9563, 21.4153], [-157.9523, 21.4076], [-157.9567, 21.4055], [-157.963, 21.4107], [-157.9618, 21.4136], [-157.9563, 21.4153]]]}}, {"type": "Feature", "properties": {"fips": "15003009201", "gap_national": -24.2, "gap_stratum": -20.0, "burden": 34.9, "capacity": 55.8, "svi": 0.18, "top_decile_gap": 0.0, "stratum": "metropolitan", "scored": 1}, "geometry": {"type": "Polygon", "coordinates": [[[-157.9983, 21.5073], [-158.0, 21.5112], [-157.9848, 21.5112], [-157.9868, 21.5079], [-158.01, 21.4987], [-158.0116, 21.5022], [-157.9983, 21.5073]]]}}, {"type": "Feature", "properties": {"fips": "15003003414", "gap_national": -34.4, "gap_stratum": -27.5, "burden": 40.6, "capacity": 67.0, "svi": 0.82, "top_decile_gap": 0.0, "stratum": "metropolitan", "scored": 1}, "geometry": {"type": "Polygon", "coordinates": [[[-157.8332, 21.3077], [-157.8302, 21.305], [-157.8339, 21.3008], [-157.8383, 21.3025], [-157.8332, 21.3077]]]}}, {"type": "Feature", "properties": {"fips": "15009030203", "gap_national": 1.9, "gap_stratum": 6.1, "burden": 36.7, "capacity": 38.6, "svi": 0.33, "top_decile_gap": 0.0, "stratum": "metropolitan", "scored": 1}, "geometry": {"type": "Polygon", "coordinates": [[[-156.3378, 20.938], [-156.3317, 20.933], [-156.3216, 20.9298], [-156.3232, 20.9194], [-156.3109, 20.8998], [-156.3093, 20.9023], [-156.3108, 20.9053], [-156.3078, 20.9084], [-156.3008, 20.9081], [-156.299, 20.9035], [-156.2886, 20.9025], [-156.2898, 20.8945], [-156.2879, 20.8876], [-156.2902, 20.8858], [-156.2957, 20.887], [-156.3017, 20.8825], [-156.3032, 20.878], [-156.3015, 20.8743], [-156.3062, 20.869], [-156.3061, 20.8638], [-156.3117, 20.8687], [-156.3141, 20.8682], [-156.325, 20.8801], [-156.3227, 20.8932], [-156.3287, 20.9033], [-156.3308, 20.913], [-156.3293, 20.9143], [-156.3341, 20.9172], [-156.3351, 20.9284], [-156.338, 20.9299], [-156.3378, 20.938]]]}}, {"type": "Feature", "properties": {"fips": "15003007702", "gap_national": -54.1, "gap_stratum": -46.9, "burden": 37.1, "capacity": 80.1, "svi": 0.27, "top_decile_gap": 0.0, "stratum": "metropolitan", "scored": 1}, "geometry": {"type": "Polygon", "coordinates": [[[-157.9172, 21.3966], [-157.9098, 21.3979], [-157.8868, 21.4096], [-157.8815, 21.4087], [-157.8704, 21.4133], [-157.8658, 21.419], [-157.8519, 21.4171], [-157.867, 21.4131], [-157.9195, 21.3831], [-157.9242, 21.3826], [-157.9251, 21.3845], [-157.9218, 21.3876], [-157.9336, 21.3811], [-157.9374, 21.3834], [-157.9172, 21.3966]]]}}, {"type": "Feature", "properties": {"fips": "15003010303", "gap_national": -19.1, "gap_stratum": -14.5, "burden": 37.2, "capacity": 54.3, "svi": 0.41, "top_decile_gap": 0.0, "stratum": "metropolitan", "scored": 1}, "geometry": {"type": "Polygon", "coordinates": [[[-157.8858, 21.5121], [-157.8787, 21.5139], [-157.872, 21.5102], [-157.8696, 21.5175], [-157.8614, 21.5159], [-157.8486, 21.5218], [-157.8385, 21.5352], [-157.8345, 21.5269], [-157.8348, 21.509], [-157.8506, 21.5063], [-157.8526, 21.5], [-157.847, 21.4922], [-157.8493, 21.4874], [-157.8429, 21.4846], [-157.8417, 21.4804], [-157.8443, 21.47], [-157.841, 21.4595], [-157.8351, 21.4517], [-157.842, 21.4441], [-157.8433, 21.4362], [-157.8506, 21.4261], [-157.8586, 21.4281], [-157.8642, 21.4362], [-157.8725, 21.4398], [-157.8745, 21.4492], [-157.873, 21.453], [-157.8758, 21.4613], [-157.8822, 21.4606], [-157.8872, 21.4636], [-157.8907, 21.4723], [-157.8892, 21.4767], [-157.8921, 21.4929], [-157.8962, 21.5016], [-157.8858, 21.5121]]]}}, {"type": "Feature", "properties": {"fips": "15003008917", "gap_national": -61.0, "gap_stratum": -55.5, "burden": 28.8, "capacity": 77.3, "svi": 0.1, "top_decile_gap": 0.0, "stratum": "metropolitan", "scored": 1}, "geometry": {"type": "Polygon", "coordinates": [[[-158.0084, 21.4528], [-158.0067, 21.4631], [-158.0039, 21.4654], [-157.9928, 21.4585], [-157.9934, 21.4566], [-157.9966, 21.4579], [-157.9997, 21.451], [-158.0031, 21.4508], [-158.002, 21.4492], [-158.0085, 21.4468], [-158.0118, 21.4508], [-158.0156, 21.4511], [-158.0084, 21.4528]]]}}, {"type": "Feature", "properties": {"fips": "15007040104", "gap_national": 2.0, "gap_stratum": -14.3, "burden": 42.5, "capacity": 43.7, "svi": 0.79, "top_decile_gap": 0.0, "stratum": "rural", "scored": 1}, "geometry": {"type": "Polygon", "coordinates": [[[-159.6584, 22.1731], [-159.6486, 22.1804], [-159.6433, 22.181], [-159.6306, 22.1927], [-159.606, 22.2041], [-159.5811, 22.2235], [-159.5697, 22.2233], [-159.5661, 22.2206], [-159.559, 22.2266], [-159.549, 22.2249], [-159.5439, 22.2217], [-159.539, 22.2139], [-159.5325, 22.2179], [-159.5306, 22.2158], [-159.5178, 22.2142], [-159.5184, 22.2112], [-159.5108, 22.2035], [-159.5034, 22.2042], [-159.4984, 22.2082], [-159.4977, 22.2145], [-159.4917, 22.2141], [-159.4935, 22.2073], [-159.4886, 22.2044], [-159.4835, 22.2088], [-159.4758, 22.2108], [-159.473, 22.2042], [-159.4698, 22.2044], [-159.4692, 22.2012], [-159.4639, 22.1991], [-159.4649, 22.1947], [-159.4681, 22.1943], [-159.4668, 22.1893], [-159.4629, 22.1893], [-159.466, 22.1795], [-159.4648, 22.1768], [-159.4675, 22.1694], [-159.4722, 22.1689], [-159.47, 22.1637], [-159.4724, 22.1613], [-159.4723, 22.1549], [-159.4701, 22.1495], [-159.4715, 22.1442], [-159.4672, 22.1323], [-159.4704, 22.1256], [-159.468, 22.1233], [-159.4692, 22.1201], [-159.4639, 22.1168], [-159.4604, 22.1109], [-159.4662, 22.1004], [-159.4667, 22.0942], [-159.473, 22.0904], [-159.4851, 22.0755], [-159.5, 22.0745], [-159.5011, 22.0718], [-159.5111, 22.0741], [-159.5187, 22.0795], [-159.5233, 22.0776], [-159.5399, 22.0862], [-159.5366, 22.0877], [-159.5372, 22.0897], [-159.5474, 22.1073], [-159.5584, 22.1163], [-159.5582, 22.1183], [-159.5643, 22.1215], [-159.5727, 22.1319], [-159.5801, 22.1358], [-159.5804, 22.1414], [-159.5846, 22.1472], [-159.5891, 22.1474], [-159.5974, 22.1607], [-159.6011, 22.1626], [-159.6068, 22.1589], [-159.6165, 22.1577], [-159.627, 22.1511], [-159.6309, 22.1513], [-159.6309, 22.147], [-159.6468, 22.1408], [-159.6624, 22.1493], [-159.6896, 22.1563], [-159.6919, 22.1625], [-159.6584, 22.1731]]]}}, {"type": "Feature", "properties": {"fips": "15003000903", "gap_national": -60.5, "gap_stratum": -56.6, "burden": 23.0, "capacity": 71.2, "svi": 0.1, "top_decile_gap": 0.0, "stratum": "metropolitan", "scored": 1}, "geometry": {"type": "Polygon", "coordinates": [[[-157.7965, 21.2867], [-157.7904, 21.2844], [-157.7904, 21.2822], [-157.7875, 21.283], [-157.7883, 21.2787], [-157.7995, 21.2841], [-157.7965, 21.2867]]]}}, {"type": "Feature", "properties": {"fips": "15003008002", "gap_national": -37.6, "gap_stratum": -31.1, "burden": 38.0, "capacity": 67.3, "svi": 0.53, "top_decile_gap": 0.0, "stratum": "metropolitan", "scored": 1}, "geometry": {"type": "Polygon", "coordinates": [[[-157.9667, 21.402], [-157.9591, 21.3923], [-157.9481, 21.3907], [-157.9523, 21.3862], [-157.9702, 21.3939], [-157.9667, 21.402]]]}}, {"type": "Feature", "properties": {"fips": "15003003000", "gap_national": -74.0, "gap_stratum": -69.6, "burden": 24.5, "capacity": 86.6, "svi": 0.23, "top_decile_gap": 0.0, "stratum": "metropolitan", "scored": 1}, "geometry": {"type": "Polygon", "coordinates": [[[-157.8269, 21.3094], [-157.8279, 21.3121], [-157.8252, 21.3152], [-157.8266, 21.3118], [-157.8247, 21.3089], [-157.8131, 21.317], [-157.8085, 21.3108], [-157.8168, 21.3073], [-157.8204, 21.3018], [-157.8252, 21.3059], [-157.8302, 21.305], [-157.8312, 21.3075], [-157.8269, 21.3094]]]}}, {"type": "Feature", "properties": {"fips": "15003980800", "gap_national": null, "gap_stratum": null, "burden": null, "capacity": null, "svi": null, "top_decile_gap": null, "stratum": null, "scored": 0}, "geometry": {"type": "Polygon", "coordinates": [[[-157.805, 21.3932], [-157.803, 21.3871], [-157.7905, 21.3846], [-157.8026, 21.3786], [-157.8118, 21.3856], [-157.8132, 21.3918], [-157.805, 21.3932]]]}}, {"type": "Feature", "properties": {"fips": "15001020400", "gap_national": 40.7, "gap_stratum": 22.9, "burden": 67.9, "capacity": 36.5, "svi": 0.86, "top_decile_gap": 0.0, "stratum": "micropolitan", "scored": 1}, "geometry": {"type": "Polygon", "coordinates": [[[-155.0826, 19.7244], [-155.0712, 19.7243], [-155.0703, 19.7226], [-155.0749, 19.7198], [-155.0774, 19.7136], [-155.0924, 19.705], [-155.097, 19.7135], [-155.0826, 19.7244]]]}}, {"type": "Feature", "properties": {"fips": "15003011500", "gap_national": -16.0, "gap_stratum": -15.8, "burden": 15.8, "capacity": 33.6, "svi": 0.44, "top_decile_gap": 0.0, "stratum": "metropolitan", "scored": 1}, "geometry": {"type": "Polygon", "coordinates": [[[-158.0896, 21.3323], [-158.0777, 21.342], [-158.073, 21.3337], [-158.0644, 21.3365], [-158.0595, 21.3325], [-158.051, 21.3358], [-158.0487, 21.3318], [-158.0756, 21.3232], [-158.0908, 21.3268], [-158.0896, 21.3323]]]}}, {"type": "Feature", "properties": {"fips": "15003001901", "gap_national": -37.5, "gap_stratum": -29.5, "burden": 60.0, "capacity": 95.4, "svi": 0.2, "top_decile_gap": 0.0, "stratum": "metropolitan", "scored": 1}, "geometry": {"type": "Polygon", "coordinates": [[[-157.833, 21.2857], [-157.8227, 21.2715], [-157.8379, 21.2812], [-157.8454, 21.2816], [-157.8439, 21.2865], [-157.833, 21.2857]]]}}, {"type": "Feature", "properties": {"fips": "15003006817", "gap_national": -22.9, "gap_stratum": -18.7, "burden": 35.2, "capacity": 55.2, "svi": 0.4, "top_decile_gap": 0.0, "stratum": "metropolitan", "scored": 1}, "geometry": {"type": "Polygon", "coordinates": [[[-157.9218, 21.3585], [-157.9198, 21.3558], [-157.922, 21.3525], [-157.9189, 21.3499], [-157.9235, 21.3487], [-157.9263, 21.3564], [-157.9218, 21.3585]]]}}, {"type": "Feature", "properties": {"fips": "15003981700", "gap_national": -7.7, "gap_stratum": -8.3, "burden": 3.9, "capacity": 15.9, "svi": 0.33, "top_decile_gap": 0.0, "stratum": "metropolitan", "scored": 1}, "geometry": {"type": "Polygon", "coordinates": [[[-157.7773, 21.4518], [-157.7728, 21.4569], [-157.7682, 21.4563], [-157.7644, 21.4621], [-157.7632, 21.4595], [-157.7426, 21.4537], [-157.7419, 21.4513], [-157.7525, 21.4443], [-157.7576, 21.4353], [-157.7768, 21.4432], [-157.7773, 21.4518]]]}}, {"type": "Feature", "properties": {"fips": "15003009705", "gap_national": 18.7, "gap_stratum": 24.5, "burden": 51.3, "capacity": 38.6, "svi": 0.68, "top_decile_gap": 0.0, "stratum": "metropolitan", "scored": 1}, "geometry": {"type": "Polygon", "coordinates": [[[-158.1858, 21.4431], [-158.1827, 21.4408], [-158.1808, 21.4421], [-158.1784, 21.44], [-158.1786, 21.4357], [-158.1729, 21.4403], [-158.1773, 21.4325], [-158.1742, 21.4301], [-158.1827, 21.4301], [-158.1883, 21.4405], [-158.19, 21.4403], [-158.1858, 21.4431]]]}}, {"type": "Feature", "properties": {"fips": "15003003412", "gap_national": -69.6, "gap_stratum": -65.1, "burden": 23.6, "capacity": 79.9, "svi": 0.49, "top_decile_gap": 0.0, "stratum": "metropolitan", "scored": 1}, "geometry": {"type": "Polygon", "coordinates": [[[-157.8449, 21.3092], [-157.8393, 21.3099], [-157.8412, 21.3072], [-157.8454, 21.3074], [-157.8449, 21.3092]]]}}, {"type": "Feature", "properties": {"fips": "15009031900", "gap_national": 6.3, "gap_stratum": 10.3, "burden": 33.2, "capacity": 31.4, "svi": 0.75, "top_decile_gap": 0.0, "stratum": "metropolitan", "scored": 1}, "geometry": {"type": "Polygon", "coordinates": [[[-156.4758, 20.8619], [-156.4604, 20.8763], [-156.4621, 20.8798], [-156.4659, 20.8766], [-156.4719, 20.8795], [-156.4734, 20.8811], [-156.4714, 20.8837], [-156.4775, 20.8851], [-156.4787, 20.8888], [-156.4729, 20.8893], [-156.4786, 20.8947], [-156.4804, 20.8998], [-156.4797, 20.8981], [-156.4715, 20.9007], [-156.468, 20.8986], [-156.4498, 20.8971], [-156.4253, 20.9098], [-156.4188, 20.9082], [-156.3935, 20.915], [-156.3933, 20.9112], [-156.387, 20.906], [-156.3795, 20.8891], [-156.3704, 20.8795], [-156.3742, 20.8723], [-156.3778, 20.871], [-156.3772, 20.8683], [-156.3822, 20.8652], [-156.383, 20.8574], [-156.397, 20.8498], [-156.3946, 20.8458], [-156.3989, 20.8372], [-156.4015, 20.8371], [-156.4053, 20.8313], [-156.4117, 20.8294], [-156.4189, 20.8322], [-156.4319, 20.8467], [-156.4609, 20.8448], [-156.482, 20.8483], [-156.4837, 20.8509], [-156.4758, 20.8619]]]}}, {"type": "Feature", "properties": {"fips": "15009030404", "gap_national": 17.1, "gap_stratum": 22.7, "burden": 44.9, "capacity": 33.8, "svi": 0.67, "top_decile_gap": 0.0, "stratum": "metropolitan", "scored": 1}, "geometry": {"type": "Polygon", "coordinates": [[[-156.3613, 20.8841], [-156.3592, 20.889], [-156.3528, 20.886], [-156.352, 20.8863], [-156.3516, 20.8927], [-156.3534, 20.8943], [-156.3474, 20.9054], [-156.3492, 20.9166], [-156.3439, 20.9195], [-156.3421, 20.9254], [-156.3345, 20.9235], [-156.3341, 20.9172], [-156.3293, 20.9143], [-156.3308, 20.913], [-156.3287, 20.9033], [-156.3227, 20.8932], [-156.325, 20.8801], [-156.3141, 20.8682], [-156.3117, 20.8687], [-156.3061, 20.8638], [-156.3071, 20.8582], [-156.3248, 20.8395], [-156.3279, 20.8439], [-156.3368, 20.8463], [-156.3414, 20.8577], [-156.3541, 20.8668], [-156.3635, 20.8702], [-156.3704, 20.8795], [-156.3613, 20.8841]]]}}, {"type": "Feature", "properties": {"fips": "15001021204", "gap_national": 9.4, "gap_stratum": -12.5, "burden": 66.7, "capacity": 58.1, "svi": 0.72, "top_decile_gap": 0.0, "stratum": "rural", "scored": 1}, "geometry": {"type": "Polygon", "coordinates": [[[-155.8925, 19.0885], [-155.839, 19.1273], [-155.835, 19.117], [-155.8172, 19.1031], [-155.7831, 19.0872], [-155.7149, 19.0637], [-155.7035, 19.0662], [-155.6905, 19.0591], [-155.6769, 19.0581], [-155.6688, 19.0608], [-155.6569, 19.0595], [-155.6424, 19.0627], [-155.6342, 19.0599], [-155.6256, 19.0627], [-155.6185, 19.0684], [-155.6124, 19.0683], [-155.5927, 19.0552], [-155.5862, 19.0572], [-155.5873, 19.0669], [-155.5795, 19.0707], [-155.5705, 19.0846], [-155.5631, 19.0845], [-155.553, 19.0803], [-155.5549, 19.0778], [-155.5518, 19.0517], [-155.5585, 19.0375], [-155.5652, 19.0287], [-155.5758, 19.0236], [-155.5849, 19.0042], [-155.5937, 18.9952], [-155.5938, 18.9778], [-155.5992, 18.9684], [-155.6061, 18.9689], [-155.6095, 18.966], [-155.6129, 18.9688], [-155.6196, 18.9677], [-155.6274, 18.9481], [-155.6323, 18.9452], [-155.6326, 18.9414], [-155.6381, 18.9362], [-155.646, 18.9332], [-155.6548, 18.9224], [-155.6691, 18.9165], [-155.6731, 18.9122], [-155.6828, 18.9104], [-155.684, 18.9342], [-155.6881, 18.9395], [-155.7057, 18.9502], [-155.7073, 18.9541], [-155.7149, 18.9603], [-155.7192, 18.961], [-155.7236, 18.9664], [-155.7413, 18.9701], [-155.7592, 18.9773], [-155.7631, 18.983], [-155.7897, 18.9992], [-155.801, 19.0101], [-155.8352, 19.0183], [-155.8505, 19.0194], [-155.8671, 19.0298], [-155.8796, 19.0335], [-155.8833, 19.0521], [-155.9073, 19.0822], [-155.8925, 19.0885]]]}}, {"type": "Feature", "properties": {"fips": "15003010308", "gap_national": -42.8, "gap_stratum": -34.7, "burden": 43.8, "capacity": 76.5, "svi": 0.32, "top_decile_gap": 0.0, "stratum": "metropolitan", "scored": 1}, "geometry": {"type": "Polygon", "coordinates": [[[-157.8282, 21.402], [-157.8207, 21.4061], [-157.8131, 21.4026], [-157.8066, 21.4063], [-157.8053, 21.4106], [-157.801, 21.4108], [-157.8039, 21.393], [-157.8132, 21.3918], [-157.8132, 21.3884], [-157.8026, 21.3786], [-157.7905, 21.3846], [-157.7808, 21.3749], [-157.7822, 21.3692], [-157.7799, 21.365], [-157.7852, 21.3696], [-157.7937, 21.3662], [-157.8097, 21.3693], [-157.8108, 21.3756], [-157.8236, 21.385], [-157.8255, 21.392], [-157.8241, 21.3951], [-157.8395, 21.4031], [-157.8282, 21.402]]]}}, {"type": "Feature", "properties": {"fips": "15007040106", "gap_national": -51.7, "gap_stratum": -85.6, "burden": 37.6, "capacity": 78.2, "svi": 0.49, "top_decile_gap": 0.0, "stratum": "small_town", "scored": 1}, "geometry": {"type": "Polygon", "coordinates": [[[-159.4879, 22.2295], [-159.4759, 22.2293], [-159.4643, 22.2235], [-159.4623, 22.2199], [-159.4646, 22.2195], [-159.4636, 22.2171], [-159.4596, 22.2155], [-159.4588, 22.2115], [-159.461, 22.208], [-159.4727, 22.2132], [-159.4829, 22.2121], [-159.4758, 22.2108], [-159.4835, 22.2088], [-159.4886, 22.2044], [-159.4935, 22.2073], [-159.4917, 22.2141], [-159.4977, 22.2145], [-159.5009, 22.2192], [-159.4879, 22.2295]]]}}, {"type": "Feature", "properties": {"fips": "15003005900", "gap_national": 43.8, "gap_stratum": 50.6, "burden": 57.3, "capacity": 21.9, "svi": 0.94, "top_decile_gap": 0.0, "stratum": "metropolitan", "scored": 1}, "geometry": {"type": "Polygon", "coordinates": [[[-157.8894, 21.3334], [-157.8795, 21.3269], [-157.8811, 21.3234], [-157.8774, 21.32], [-157.8803, 21.3152], [-157.8908, 21.3134], [-157.8964, 21.3255], [-157.8894, 21.3334]]]}}, {"type": "Feature", "properties": {"fips": "15007040301", "gap_national": -6.3, "gap_stratum": -20.7, "burden": 27.5, "capacity": 36.6, "svi": 0.56, "top_decile_gap": 0.0, "stratum": "micropolitan", "scored": 1}, "geometry": {"type": "Polygon", "coordinates": [[[-159.3399, 22.1082], [-159.3393, 22.1057], [-159.3314, 22.1028], [-159.3267, 22.1053], [-159.3228, 22.1043], [-159.3146, 22.0972], [-159.3204, 22.0849], [-159.3233, 22.0855], [-159.3227, 22.0808], [-159.3251, 22.0803], [-159.3226, 22.0773], [-159.3377, 22.0868], [-159.3468, 22.1003], [-159.3399, 22.1082]]]}}, {"type": "Feature", "properties": {"fips": "15003008931", "gap_national": -42.5, "gap_stratum": -44.0, "burden": 8.9, "capacity": 49.3, "svi": 0.17, "top_decile_gap": 0.0, "stratum": "metropolitan", "scored": 1}, "geometry": {"type": "Polygon", "coordinates": [[[-157.9897, 21.4537], [-157.9944, 21.46], [-157.9884, 21.4686], [-157.9902, 21.4733], [-157.9837, 21.4775], [-157.9856, 21.4856], [-157.9686, 21.4871], [-157.9483, 21.495], [-157.905, 21.4988], [-157.8962, 21.5016], [-157.8921, 21.4929], [-157.8892, 21.4767], [-157.8907, 21.4723], [-157.8872, 21.4636], [-157.8822, 21.4606], [-157.8758, 21.4613], [-157.8748, 21.4583], [-157.875, 21.4563], [-157.8929, 21.4504], [-157.9168, 21.4465], [-157.9333, 21.4405], [-157.9388, 21.4345], [-157.9561, 21.4331], [-157.965, 21.4255], [-157.9664, 21.4194], [-157.9697, 21.419], [-157.9704, 21.4155], [-157.9779, 21.4113], [-157.9786, 21.4067], [-157.9849, 21.3984], [-157.9876, 21.4003], [-157.9967, 21.432], [-157.9897, 21.4537]]]}}, {"type": "Feature", "properties": {"fips": "15003008502", "gap_national": 21.0, "gap_stratum": 26.7, "burden": 41.5, "capacity": 26.7, "svi": 0.7, "top_decile_gap": 0.0, "stratum": "metropolitan", "scored": 1}, "geometry": {"type": "Polygon", "coordinates": [[[-158.1151, 21.3215], [-158.1128, 21.3241], [-158.1162, 21.3288], [-158.113, 21.3309], [-158.1147, 21.3332], [-158.0756, 21.3232], [-158.0482, 21.332], [-158.0414, 21.3313], [-158.0339, 21.3188], [-158.0449, 21.3137], [-158.0444, 21.3038], [-158.0503, 21.3011], [-158.086, 21.2958], [-158.0881, 21.3137], [-158.1118, 21.3132], [-158.1177, 21.3208], [-158.1205, 21.321], [-158.1151, 21.3215]]]}}, {"type": "Feature", "properties": {"fips": "15003010102", "gap_national": 9.8, "gap_stratum": 15.1, "burden": 46.9, "capacity": 41.6, "svi": 0.49, "top_decile_gap": 0.0, "stratum": "metropolitan", "scored": 1}, "geometry": {"type": "Polygon", "coordinates": [[[-158.0401, 21.6752], [-158.0371, 21.6812], [-158.0323, 21.6828], [-158.0278, 21.6897], [-158.0219, 21.6916], [-158.0158, 21.6785], [-158.0148, 21.6708], [-158.0047, 21.6574], [-157.9984, 21.6532], [-157.9938, 21.6329], [-158.0036, 21.6362], [-158.02, 21.6336], [-158.0183, 21.638], [-158.027, 21.6437], [-158.0309, 21.6429], [-158.0304, 21.6456], [-158.0495, 21.6523], [-158.0591, 21.6584], [-158.0401, 21.6752]]]}}, {"type": "Feature", "properties": {"fips": "15003004301", "gap_national": -23.5, "gap_stratum": -19.4, "burden": 34.6, "capacity": 55.1, "svi": 0.55, "top_decile_gap": 0.0, "stratum": "metropolitan", "scored": 1}, "geometry": {"type": "Polygon", "coordinates": [[[-157.847, 21.3173], [-157.8417, 21.3162], [-157.8393, 21.3099], [-157.8469, 21.3081], [-157.8515, 21.313], [-157.847, 21.3173]]]}}, {"type": "Feature", "properties": {"fips": "15003001905", "gap_national": -56.3, "gap_stratum": -50.7, "burden": 29.8, "capacity": 74.2, "svi": 0.31, "top_decile_gap": 0.0, "stratum": "metropolitan", "scored": 1}, "geometry": {"type": "Polygon", "coordinates": [[[-157.8374, 21.2883], [-157.8368, 21.2873], [-157.8387, 21.2856], [-157.8402, 21.2878], [-157.8374, 21.2883]]]}}, {"type": "Feature", "properties": {"fips": "15003008947", "gap_national": -43.3, "gap_stratum": -41.7, "burden": 21.0, "capacity": 58.0, "svi": 0.2, "top_decile_gap": 0.0, "stratum": "metropolitan", "scored": 1}, "geometry": {"type": "Polygon", "coordinates": [[[-158.003, 21.4222], [-157.9987, 21.4195], [-158.0035, 21.416], [-158.0058, 21.4194], [-158.003, 21.4222]]]}}, {"type": "Feature", "properties": {"fips": "15003006100", "gap_national": -30.1, "gap_stratum": -25.0, "burden": 36.4, "capacity": 60.9, "svi": 0.66, "top_decile_gap": 0.0, "stratum": "metropolitan", "scored": 1}, "geometry": {"type": "Polygon", "coordinates": [[[-157.8732, 21.3393], [-157.8697, 21.3362], [-157.8755, 21.3309], [-157.8797, 21.334], [-157.8732, 21.3393]]]}}, {"type": "Feature", "properties": {"fips": "15009030405", "gap_national": -13.2, "gap_stratum": -10.8, "burden": 28.5, "capacity": 42.9, "svi": 0.02, "top_decile_gap": 0.0, "stratum": "metropolitan", "scored": 1}, "geometry": {"type": "Polygon", "coordinates": [[[-156.3946, 20.8458], [-156.397, 20.8498], [-156.383, 20.8574], [-156.3822, 20.8652], [-156.3772, 20.8683], [-156.3778, 20.871], [-156.3742, 20.8723], [-156.3704, 20.8795], [-156.3635, 20.8702], [-156.3541, 20.8668], [-156.3414, 20.8577], [-156.3368, 20.8463], [-156.3279, 20.8439], [-156.3219, 20.8336], [-156.3156, 20.8313], [-156.3034, 20.817], [-156.2941, 20.8135], [-156.2837, 20.8009], [-156.2641, 20.7877], [-156.2493, 20.7673], [-156.2521, 20.7611], [-156.2695, 20.7698], [-156.2882, 20.787], [-156.2987, 20.7934], [-156.3345, 20.8097], [-156.3393, 20.8176], [-156.3258, 20.8139], [-156.3302, 20.8293], [-156.3337, 20.8337], [-156.3297, 20.8369], [-156.3351, 20.8419], [-156.3419, 20.84], [-156.3498, 20.8495], [-156.3549, 20.8454], [-156.3535, 20.8375], [-156.3569, 20.8298], [-156.3636, 20.834], [-156.3978, 20.8406], [-156.3946, 20.8458]]]}}, {"type": "Feature", "properties": {"fips": "15003008913", "gap_national": -28.4, "gap_stratum": -21.3, "burden": 44.2, "capacity": 65.8, "svi": 0.52, "top_decile_gap": 0.0, "stratum": "metropolitan", "scored": 1}, "geometry": {"type": "Polygon", "coordinates": [[[-158.0232, 21.3887], [-158.0192, 21.3903], [-158.0187, 21.3843], [-158.0285, 21.379], [-158.032, 21.3837], [-158.0232, 21.3887]]]}}, {"type": "Feature", "properties": {"fips": "15003981900", "gap_national": -6.1, "gap_stratum": -6.3, "burden": 6.6, "capacity": 15.9, "svi": null, "top_decile_gap": 0.0, "stratum": "metropolitan", "scored": 1}, "geometry": {"type": "Polygon", "coordinates": [[[-157.9653, 21.3292], [-157.9618, 21.3342], [-157.9604, 21.3329], [-157.9558, 21.3373], [-157.9506, 21.334], [-157.945, 21.34], [-157.9303, 21.3325], [-157.9297, 21.3227], [-157.9235, 21.3215], [-157.9285, 21.3171], [-157.9296, 21.3121], [-157.9374, 21.3155], [-157.9481, 21.3162], [-157.9607, 21.3217], [-157.9701, 21.3297], [-157.9653, 21.3292]]]}}, {"type": "Feature", "properties": {"fips": "15003008934", "gap_national": -40.8, "gap_stratum": -41.0, "burden": 15.5, "capacity": 52.3, "svi": 0.21, "top_decile_gap": 0.0, "stratum": "metropolitan", "scored": 1}, "geometry": {"type": "Polygon", "coordinates": [[[-158.0512, 21.4749], [-158.0309, 21.4616], [-158.0365, 21.4554], [-158.0279, 21.4457], [-158.0298, 21.428], [-158.0249, 21.4253], [-158.0231, 21.4144], [-158.0133, 21.4064], [-158.018, 21.4051], [-158.0153, 21.3977], [-158.0187, 21.3977], [-158.0216, 21.402], [-158.0298, 21.3968], [-158.0379, 21.3964], [-158.0581, 21.4348], [-158.0601, 21.4522], [-158.0512, 21.4749]]]}}, {"type": "Feature", "properties": {"fips": "15003003703", "gap_national": -64.2, "gap_stratum": -59.3, "burden": 25.5, "capacity": 76.7, "svi": 0.46, "top_decile_gap": 0.0, "stratum": "metropolitan", "scored": 1}, "geometry": {"type": "Polygon", "coordinates": [[[-157.8531, 21.2936], [-157.8475, 21.292], [-157.8543, 21.2975], [-157.8502, 21.302], [-157.8458, 21.3004], [-157.8478, 21.2955], [-157.8399, 21.2919], [-157.842, 21.2892], [-157.8402, 21.2878], [-157.8439, 21.2865], [-157.846, 21.2817], [-157.855, 21.2867], [-157.8531, 21.2936]]]}}, {"type": "Feature", "properties": {"fips": "15003004801", "gap_national": -33.5, "gap_stratum": -29.3, "burden": 32.1, "capacity": 59.8, "svi": 0.49, "top_decile_gap": 0.0, "stratum": "metropolitan", "scored": 1}, "geometry": {"type": "Polygon", "coordinates": [[[-157.8665, 21.3419], [-157.8371, 21.3528], [-157.8262, 21.3592], [-157.8583, 21.3332], [-157.8586, 21.3357], [-157.8663, 21.3321], [-157.8697, 21.3362], [-157.8665, 21.3419]]]}}, {"type": "Feature", "properties": {"fips": "15003007814", "gap_national": -69.8, "gap_stratum": -64.1, "burden": 31.8, "capacity": 94.8, "svi": 0.06, "top_decile_gap": 0.0, "stratum": "metropolitan", "scored": 1}, "geometry": {"type": "Polygon", "coordinates": [[[-157.9476, 21.4093], [-157.9271, 21.4092], [-157.9381, 21.405], [-157.9447, 21.3988], [-157.9509, 21.4014], [-157.9476, 21.4093]]]}}, {"type": "Feature", "properties": {"fips": "15003004701", "gap_national": -59.1, "gap_stratum": -53.1, "burden": 30.9, "capacity": 77.8, "svi": 0.16, "top_decile_gap": 0.0, "stratum": "metropolitan", "scored": 1}, "geometry": {"type": "Polygon", "coordinates": [[[-157.8556, 21.337], [-157.8452, 21.3445], [-157.8526, 21.3321], [-157.8583, 21.3332], [-157.8556, 21.337]]]}}, {"type": "Feature", "properties": {"fips": "15003002801", "gap_national": -57.3, "gap_stratum": -52.8, "burden": 25.8, "capacity": 71.2, "svi": 0.33, "top_decile_gap": 0.0, "stratum": "metropolitan", "scored": 1}, "geometry": {"type": "Polygon", "coordinates": [[[-157.8014, 21.2989], [-157.8006, 21.3032], [-157.7978, 21.3043], [-157.8045, 21.2895], [-157.8065, 21.2877], [-157.8102, 21.2904], [-157.8014, 21.2989]]]}}, {"type": "Feature", "properties": {"fips": "15003008610", "gap_national": -42.6, "gap_stratum": -35.2, "burden": 40.0, "capacity": 72.8, "svi": 0.11, "top_decile_gap": 0.0, "stratum": "metropolitan", "scored": 1}, "geometry": {"type": "Polygon", "coordinates": [[[-158.1156, 21.3424], [-158.1141, 21.3374], [-158.1165, 21.3346], [-158.113, 21.3309], [-158.1205, 21.3252], [-158.1231, 21.3257], [-158.1238, 21.3341], [-158.1283, 21.3407], [-158.13, 21.3499], [-158.1156, 21.3424]]]}}, {"type": "Feature", "properties": {"fips": "15003980700", "gap_national": null, "gap_stratum": null, "burden": null, "capacity": null, "svi": null, "top_decile_gap": null, "stratum": null, "scored": 0}, "geometry": {"type": "Polygon", "coordinates": [[[-157.9861, 21.5084], [-157.972, 21.5063], [-157.9663, 21.5085], [-157.9557, 21.5066], [-157.9378, 21.5071], [-157.9305, 21.5098], [-157.915, 21.5093], [-157.9075, 21.5085], [-157.9013, 21.5015], [-157.905, 21.4988], [-157.9483, 21.495], [-157.9686, 21.4871], [-157.9897, 21.4879], [-157.9961, 21.4853], [-157.9997, 21.4894], [-158.0263, 21.4784], [-158.0285, 21.4915], [-157.9861, 21.5084]]]}}]}