{"type": "FeatureCollection", "features": [{"type": "Feature", "properties": {"fips": "24013507602", "gap_national": 1.0, "gap_stratum": -24.5, "burden": 60.5, "capacity": 58.8, "svi": 0.46, "top_decile_gap": 0.0, "stratum": "micropolitan", "scored": 1}, "geometry": {"type": "Polygon", "coordinates": [[[-76.9452, 39.6025], [-76.9355, 39.598], [-76.9465, 39.5697], [-76.9439, 39.5682], [-76.9506, 39.5634], [-76.9578, 39.552], [-76.9834, 39.5635], [-76.9958, 39.5753], [-76.9452, 39.6025]]]}}, {"type": "Feature", "properties": {"fips": "24013505208", "gap_national": -40.6, "gap_stratum": -33.8, "burden": 38.3, "capacity": 69.7, "svi": 0.34, "top_decile_gap": 0.0, "stratum": "metropolitan", "scored": 1}, "geometry": {"type": "Polygon", "coordinates": [[[-76.986, 39.3779], [-76.9809, 39.3925], [-76.9684, 39.3842], [-76.9681, 39.3781], [-76.9628, 39.3732], [-76.9671, 39.3623], [-76.983, 39.3629], [-76.9922, 39.3598], [-76.9949, 39.3658], [-76.986, 39.3779]]]}}, {"type": "Feature", "properties": {"fips": "24017850711", "gap_national": -6.8, "gap_stratum": -0.5, "burden": 72.7, "capacity": 74.7, "svi": 0.48, "top_decile_gap": 0.0, "stratum": "metropolitan", "scored": 1}, "geometry": {"type": "Polygon", "coordinates": [[[-76.936, 38.6341], [-76.9351, 38.6308], [-76.9266, 38.6269], [-76.9189, 38.6185], [-76.9286, 38.621], [-76.9349, 38.6187], [-76.9444, 38.6202], [-76.9486, 38.618], [-76.9469, 38.6239], [-76.9504, 38.6377], [-76.936, 38.6341]]]}}, {"type": "Feature", "properties": {"fips": "24019970804", "gap_national": -15.7, "gap_stratum": -34.3, "burden": 74.4, "capacity": 85.7, "svi": 0.28, "top_decile_gap": 0.0, "stratum": "micropolitan", "scored": 1}, "geometry": {"type": "MultiPolygon", "coordinates": [[[[-76.263, 38.3439], [-76.2546, 38.3407], [-76.259, 38.3393], [-76.2518, 38.3275], [-76.2545, 38.3249], [-76.2577, 38.3249], [-76.2577, 38.3316], [-76.2655, 38.3409], [-76.263, 38.3439]]], [[[-76.3331, 38.4871], [-76.3249, 38.4875], [-76.3271, 38.4887], [-76.3235, 38.4932], [-76.3267, 38.4951], [-76.3269, 38.4984], [-76.3108, 38.4964], [-76.2876, 38.5035], [-76.286, 38.5032], [-76.2882, 38.4987], [-76.2817, 38.4961], [-76.2737, 38.4949], [-76.2654, 38.4975], [-76.2473, 38.5238], [-76.2323, 38.5268], [-76.2268, 38.5255], [-76.2202, 38.5319], [-76.2228, 38.5398], [-76.229, 38.5405], [-76.2204, 38.5474], [-76.1993, 38.5272], [-76.1468, 38.5329], [-76.1437, 38.5284], [-76.1403, 38.5299], [-76.1294, 38.5271], [-76.124, 38.5274], [-76.1194, 38.5311], [-76.1146, 38.5289], [-76.1115, 38.5338], [-76.0962, 38.5316], [-76.0994, 38.5229], [-76.0924, 38.5192], [-76.0946, 38.5146], [-76.0928, 38.5127], [-76.094, 38.5105], [-76.0974, 38.5121], [-76.0988, 38.5085], [-76.0956, 38.5088], [-76.0926, 38.5056], [-76.0964, 38.501], [-76.094, 38.499], [-76.097, 38.4908], [-76.0909, 38.4883], [-76.0912, 38.4849], [-76.0867, 38.4803], [-76.0904, 38.4767], [-76.0838, 38.4755], [-76.0812, 38.4718], [-76.0874, 38.4706], [-76.0886, 38.4679], [-76.0832, 38.4629], [-76.0892, 38.4585], [-76.0848, 38.4574], [-76.0832, 38.4536], [-76.0867, 38.4531], [-76.0817, 38.4491], [-76.0889, 38.4461], [-76.0902, 38.4431], [-76.085, 38.4386], [-76.0887, 38.4349], [-76.0896, 38.4162], [-76.0963, 38.4209], [-76.1393, 38.4315], [-76.1458, 38.4384], [-76.15, 38.4352], [-76.1681, 38.4299], [-76.1842, 38.4138], [-76.1881, 38.4163], [-76.2035, 38.4122], [-76.2179, 38.4043], [-76.2301, 38.4033], [-76.2289, 38.3982], [-76.2241, 38.3948], [-76.231, 38.3933], [-76.2321, 38.3912], [-76.2271, 38.3809], [-76.232, 38.3775], [-76.2313, 38.3681], [-76.2339, 38.3653], [-76.2272, 38.3487], [-76.2119, 38.3381], [-76.2107, 38.3292], [-76.2188, 38.3271], [-76.2214, 38.324], [-76.2195, 38.3203], [-76.222, 38.3136], [-76.2203, 38.3102], [-76.2061, 38.3003], [-76.1988, 38.2899], [-76.1946, 38.2943], [-76.1872, 38.2947], [-76.1802, 38.2921], [-76.1721, 38.2972], [-76.1605, 38.291], [-76.1662, 38.2904], [-76.1722, 38.2937], [-76.1778, 38.2905], [-76.1736, 38.2852], [-76.1821, 38.2803], [-76.1803, 38.2739], [-76.1747, 38.2703], [-76.181, 38.2706], [-76.1796, 38.2668], [-76.1658, 38.2541], [-76.1632, 38.2489], [-76.1463, 38.2497], [-76.1266, 38.2429], [-76.1257, 38.239], [-76.13, 38.2346], [-76.1406, 38.2318], [-76.1498, 38.2345], [-76.1594, 38.2452], [-76.1655, 38.2428], [-76.167, 38.2472], [-76.1717, 38.2479], [-76.1792, 38.2588], [-76.1857, 38.264], [-76.1905, 38.2771], [-76.1948, 38.2837], [-76.2009, 38.2874], [-76.2065, 38.2984], [-76.2264, 38.31], [-76.2296, 38.3144], [-76.23, 38.3213], [-76.2334, 38.3231], [-76.2302, 38.3292], [-76.2338, 38.336], [-76.2329, 38.3452], [-76.2385, 38.348], [-76.2497, 38.3642], [-76.2702, 38.3746], [-76.2711, 38.3796], [-76.2781, 38.3824], [-76.2825, 38.3923], [-76.2793, 38.4032], [-76.2828, 38.4158], [-76.2961, 38.429], [-76.3059, 38.4482], [-76.3118, 38.4504], [-76.3132, 38.4568], [-76.3216, 38.4619], [-76.3316, 38.4735], [-76.3331, 38.4871]]]]}}, {"type": "Feature", "properties": {"fips": "24021750600", "gap_national": -67.2, "gap_stratum": -63.8, "burden": 19.7, "capacity": 73.7, "svi": 0.13, "top_decile_gap": 0.0, "stratum": "metropolitan", "scored": 1}, "geometry": {"type": "Polygon", "coordinates": [[[-77.4308, 39.422], [-77.4196, 39.4287], [-77.4134, 39.4235], [-77.4163, 39.4208], [-77.4126, 39.4205], [-77.4147, 39.414], [-77.4209, 39.4126], [-77.4348, 39.4154], [-77.4308, 39.422]]]}}, {"type": "Feature", "properties": {"fips": "24025306100", "gap_national": 5.6, "gap_stratum": 10.9, "burden": 72.6, "capacity": 65.2, "svi": 0.61, "top_decile_gap": 0.0, "stratum": "metropolitan", "scored": 1}, "geometry": {"type": "Polygon", "coordinates": [[[-76.113, 39.5405], [-76.0991, 39.5636], [-76.0932, 39.5664], [-76.0762, 39.5436], [-76.0987, 39.5434], [-76.1234, 39.5333], [-76.113, 39.5405]]]}}, {"type": "Feature", "properties": {"fips": "24025301105", "gap_national": -37.6, "gap_stratum": -34.1, "burden": 28.5, "capacity": 59.8, "svi": 0.06, "top_decile_gap": 0.0, "stratum": "metropolitan", "scored": 1}, "geometry": {"type": "Polygon", "coordinates": [[[-76.3109, 39.4907], [-76.2994, 39.4845], [-76.2964, 39.4763], [-76.3023, 39.4749], [-76.3101, 39.4778], [-76.3184, 39.4883], [-76.3109, 39.4907]]]}}, {"type": "Feature", "properties": {"fips": "24027606804", "gap_national": -69.4, "gap_stratum": -67.3, "burden": 14.6, "capacity": 71.1, "svi": 0.09, "top_decile_gap": 0.0, "stratum": "metropolitan", "scored": 1}, "geometry": {"type": "Polygon", "coordinates": [[[-76.8424, 39.1697], [-76.8294, 39.1588], [-76.8439, 39.1478], [-76.8521, 39.1599], [-76.85, 39.1651], [-76.8511, 39.1689], [-76.856, 39.1715], [-76.8562, 39.1756], [-76.8424, 39.1697]]]}}, {"type": "Feature", "properties": {"fips": "24027606604", "gap_national": -40.3, "gap_stratum": -34.6, "burden": 34.7, "capacity": 66.3, "svi": 0.39, "top_decile_gap": 0.0, "stratum": "metropolitan", "scored": 1}, "geometry": {"type": "Polygon", "coordinates": [[[-76.8316, 39.2079], [-76.8343, 39.2093], [-76.8346, 39.2147], [-76.8195, 39.2067], [-76.8181, 39.1986], [-76.8205, 39.1971], [-76.8228, 39.1986], [-76.8258, 39.1945], [-76.8348, 39.1957], [-76.8316, 39.2079]]]}}, {"type": "Feature", "properties": {"fips": "24031701503", "gap_national": -26.2, "gap_stratum": -19.4, "burden": 44.0, "capacity": 64.1, "svi": 0.4, "top_decile_gap": 0.0, "stratum": "metropolitan", "scored": 1}, "geometry": {"type": "Polygon", "coordinates": [[[-77.0021, 39.0758], [-76.994, 39.0755], [-76.984, 39.0666], [-76.9764, 39.0658], [-76.9809, 39.0612], [-76.9783, 39.0591], [-76.9794, 39.0511], [-76.992, 39.0433], [-76.9938, 39.0521], [-77.0034, 39.0714], [-77.0021, 39.0758]]]}}, {"type": "Feature", "properties": {"fips": "24031703501", "gap_national": 5.0, "gap_stratum": 9.2, "burden": 35.9, "capacity": 35.2, "svi": 0.79, "top_decile_gap": 0.0, "stratum": "metropolitan", "scored": 1}, "geometry": {"type": "Polygon", "coordinates": [[[-77.0748, 39.0515], [-77.0752, 39.0494], [-77.0795, 39.049], [-77.0818, 39.0433], [-77.0884, 39.0397], [-77.0913, 39.0546], [-77.1092, 39.0717], [-77.0748, 39.0515]]]}}, {"type": "Feature", "properties": {"fips": "24031702402", "gap_national": -49.0, "gap_stratum": -48.6, "burden": 15.4, "capacity": 57.7, "svi": 0.62, "top_decile_gap": 0.0, "stratum": "metropolitan", "scored": 1}, "geometry": {"type": "Polygon", "coordinates": [[[-77.0171, 38.9977], [-77.0089, 38.9949], [-77.0101, 38.9916], [-77.0191, 38.9899], [-77.0228, 38.9848], [-77.0244, 38.9954], [-77.0171, 38.9977]]]}}, {"type": "Feature", "properties": {"fips": "24031705400", "gap_national": -82.8, "gap_stratum": -80.3, "burden": 15.4, "capacity": 84.8, "svi": 0.01, "top_decile_gap": 0.0, "stratum": "metropolitan", "scored": 1}, "geometry": {"type": "Polygon", "coordinates": [[[-77.0825, 38.9881], [-77.0773, 38.9879], [-77.0772, 38.9728], [-77.083, 38.9725], [-77.0835, 38.9689], [-77.0889, 38.969], [-77.0921, 38.9827], [-77.0825, 38.9881]]]}}, {"type": "Feature", "properties": {"fips": "24031705601", "gap_national": -78.9, "gap_stratum": -77.4, "burden": 9.9, "capacity": 75.4, "svi": 0.03, "top_decile_gap": 0.0, "stratum": "metropolitan", "scored": 1}, "geometry": {"type": "Polygon", "coordinates": [[[-77.1035, 38.9647], [-77.0914, 38.9566], [-77.1013, 38.9485], [-77.1029, 38.9531], [-77.1088, 38.9579], [-77.1035, 38.9647]]]}}, {"type": "Feature", "properties": {"fips": "24031701418", "gap_national": -47.1, "gap_stratum": -41.9, "burden": 31.0, "capacity": 68.1, "svi": 0.26, "top_decile_gap": 0.0, "stratum": "metropolitan", "scored": 1}, "geometry": {"type": "Polygon", "coordinates": [[[-76.9523, 39.0781], [-76.9426, 39.074], [-76.9359, 39.0666], [-76.9372, 39.0649], [-76.9492, 39.0672], [-76.9556, 39.0732], [-76.9523, 39.0781]]]}}, {"type": "Feature", "properties": {"fips": "24031703404", "gap_national": 42.2, "gap_stratum": 49.4, "burden": 52.9, "capacity": 18.0, "svi": 0.72, "top_decile_gap": 0.0, "stratum": "metropolitan", "scored": 1}, "geometry": {"type": "Polygon", "coordinates": [[[-77.0735, 39.0572], [-77.0649, 39.0591], [-77.0654, 39.0553], [-77.071, 39.0496], [-77.0747, 39.0517], [-77.0735, 39.0572]]]}}, {"type": "Feature", "properties": {"fips": "24031700811", "gap_national": -5.1, "gap_stratum": -2.3, "burden": 29.4, "capacity": 37.4, "svi": 0.86, "top_decile_gap": 0.0, "stratum": "metropolitan", "scored": 1}, "geometry": {"type": "Polygon", "coordinates": [[[-77.1961, 39.1889], [-77.192, 39.1907], [-77.1868, 39.1877], [-77.1899, 39.1717], [-77.202, 39.1785], [-77.1961, 39.1889]]]}}, {"type": "Feature", "properties": {"fips": "24043000400", "gap_national": 59.3, "gap_stratum": 57.1, "burden": 95.6, "capacity": 42.8, "svi": 0.89, "top_decile_gap": 1.0, "stratum": "metropolitan", "scored": 1}, "geometry": {"type": "Polygon", "coordinates": [[[-77.722, 39.6516], [-77.7178, 39.6532], [-77.7126, 39.6517], [-77.7223, 39.639], [-77.7278, 39.6409], [-77.722, 39.6516]]]}}, {"type": "Feature", "properties": {"fips": "24043000301", "gap_national": 22.1, "gap_stratum": 25.8, "burden": 73.1, "capacity": 54.7, "svi": 0.76, "top_decile_gap": 0.0, "stratum": "metropolitan", "scored": 1}, "geometry": {"type": "Polygon", "coordinates": [[[-77.7355, 39.671], [-77.7232, 39.6542], [-77.7296, 39.6524], [-77.7343, 39.6469], [-77.7543, 39.6491], [-77.7355, 39.671]]]}}, {"type": "Feature", "properties": {"fips": "24047951400", "gap_national": -7.9, "gap_stratum": -2.6, "burden": 77.1, "capacity": 80.1, "svi": 0.41, "top_decile_gap": 0.0, "stratum": "metropolitan", "scored": 1}, "geometry": {"type": "Polygon", "coordinates": [[[-75.4503, 38.2864], [-75.4537, 38.2828], [-75.4548, 38.274], [-75.4607, 38.2618], [-75.4641, 38.2623], [-75.4627, 38.256], [-75.4716, 38.2368], [-75.4713, 38.229], [-75.4734, 38.226], [-75.47, 38.218], [-75.472, 38.2124], [-75.4627, 38.1966], [-75.4529, 38.1881], [-75.453, 38.1852], [-75.4494, 38.1848], [-75.4482, 38.1801], [-75.4424, 38.1772], [-75.4287, 38.1635], [-75.4256, 38.1637], [-75.4233, 38.1597], [-75.433, 38.1559], [-75.4342, 38.1494], [-75.4396, 38.1509], [-75.4422, 38.143], [-75.45, 38.1453], [-75.4459, 38.1373], [-75.4481, 38.1351], [-75.447, 38.1326], [-75.4233, 38.1145], [-75.4163, 38.113], [-75.4096, 38.1084], [-75.3943, 38.106], [-75.388, 38.0982], [-75.3977, 38.0935], [-75.3986, 38.0829], [-75.4032, 38.0733], [-75.4006, 38.0694], [-75.3734, 38.0635], [-75.37, 38.067], [-75.3614, 38.0637], [-75.3585, 38.0637], [-75.3576, 38.0666], [-75.3558, 38.0639], [-75.3518, 38.0637], [-75.3474, 38.0569], [-75.3346, 38.0517], [-75.3234, 38.0618], [-75.3148, 38.0614], [-75.3171, 38.0563], [-75.3313, 38.0464], [-75.3302, 38.0376], [-75.3379, 38.0397], [-75.3447, 38.0377], [-75.3616, 38.0263], [-75.3642, 38.0273], [-75.3663, 38.033], [-75.3755, 38.0314], [-75.3785, 38.0246], [-75.3751, 38.0154], [-75.5419, 38.0013], [-75.5448, 38.0067], [-75.5418, 38.0339], [-75.5439, 38.055], [-75.5482, 38.0647], [-75.5422, 38.0734], [-75.5398, 38.0834], [-75.5318, 38.088], [-75.5339, 38.0905], [-75.5409, 38.0895], [-75.5441, 38.0919], [-75.5404, 38.0967], [-75.5461, 38.098], [-75.5455, 38.1008], [-75.5425, 38.0998], [-75.5406, 38.1021], [-75.5443, 38.1027], [-75.5436, 38.1068], [-75.5409, 38.1061], [-75.5401, 38.1083], [-75.548, 38.1081], [-75.5461, 38.111], [-75.5498, 38.1123], [-75.5487, 38.1151], [-75.5518, 38.1155], [-75.5545, 38.1234], [-75.5685, 38.1327], [-75.5717, 38.1316], [-75.5769, 38.1406], [-75.5768, 38.1443], [-75.5696, 38.1536], [-75.5494, 38.1632], [-75.5459, 38.1787], [-75.5508, 38.1874], [-75.5579, 38.1916], [-75.5635, 38.2022], [-75.5756, 38.2108], [-75.5765, 38.2203], [-75.5868, 38.2236], [-75.6058, 38.2491], [-75.6049, 38.26], [-75.6103, 38.2664], [-75.6128, 38.2786], [-75.4503, 38.2864]]]}}, {"type": "Feature", "properties": {"fips": "24510151200", "gap_national": 15.1, "gap_stratum": 15.7, "burden": 95.6, "capacity": 73.8, "svi": 0.84, "top_decile_gap": 0.0, "stratum": "metropolitan", "scored": 1}, "geometry": {"type": "Polygon", "coordinates": [[[-76.6564, 39.3365], [-76.654, 39.3303], [-76.6575, 39.3255], [-76.6594, 39.3277], [-76.6643, 39.3275], [-76.6659, 39.333], [-76.6564, 39.3365]]]}}, {"type": "Feature", "properties": {"fips": "24510271200", "gap_national": -77.7, "gap_stratum": -74.2, "burden": 20.5, "capacity": 85.4, "svi": 0.16, "top_decile_gap": 0.0, "stratum": "metropolitan", "scored": 1}, "geometry": {"type": "Polygon", "coordinates": [[[-76.6098, 39.3722], [-76.6099, 39.3543], [-76.6292, 39.3534], [-76.6303, 39.3586], [-76.628, 39.3659], [-76.6317, 39.3655], [-76.6339, 39.372], [-76.6098, 39.3722]]]}}, {"type": "Feature", "properties": {"fips": "24510140100", "gap_national": -26.8, "gap_stratum": -23.5, "burden": 31.0, "capacity": 54.6, "svi": 0.71, "top_decile_gap": 0.0, "stratum": "metropolitan", "scored": 1}, "geometry": {"type": "Polygon", "coordinates": [[[-76.6233, 39.3108], [-76.6204, 39.3091], [-76.6207, 39.3044], [-76.6251, 39.3032], [-76.6337, 39.3103], [-76.6233, 39.3108]]]}}, {"type": "Feature", "properties": {"fips": "24510090600", "gap_national": 27.6, "gap_stratum": 27.4, "burden": 92.5, "capacity": 63.2, "svi": 0.71, "top_decile_gap": 0.0, "stratum": "metropolitan", "scored": 1}, "geometry": {"type": "Polygon", "coordinates": [[[-76.5893, 39.3284], [-76.5846, 39.327], [-76.5907, 39.3212], [-76.5951, 39.3283], [-76.5893, 39.3284]]]}}, {"type": "Feature", "properties": {"fips": "24510160801", "gap_national": 24.1, "gap_stratum": 24.6, "burden": 90.6, "capacity": 64.5, "svi": 0.6, "top_decile_gap": 0.0, "stratum": "metropolitan", "scored": 1}, "geometry": {"type": "Polygon", "coordinates": [[[-76.6812, 39.3005], [-76.6812, 39.2939], [-76.686, 39.2937], [-76.6875, 39.3024], [-76.6812, 39.3005]]]}}, {"type": "Feature", "properties": {"fips": "24510010300", "gap_national": -37.2, "gap_stratum": -39.6, "burden": 2.7, "capacity": 42.7, "svi": 0.0, "top_decile_gap": 0.0, "stratum": "metropolitan", "scored": 1}, "geometry": {"type": "Polygon", "coordinates": [[[-76.5762, 39.2922], [-76.577, 39.2832], [-76.5842, 39.284], [-76.5847, 39.2919], [-76.5762, 39.2922]]]}}, {"type": "Feature", "properties": {"fips": "24510060300", "gap_national": -8.9, "gap_stratum": -7.6, "burden": 20.1, "capacity": 31.5, "svi": 0.24, "top_decile_gap": 0.0, "stratum": "metropolitan", "scored": 1}, "geometry": {"type": "Polygon", "coordinates": [[[-76.5836, 39.2964], [-76.5833, 39.292], [-76.5874, 39.2918], [-76.5877, 39.2965], [-76.5836, 39.2964]]]}}, {"type": "Feature", "properties": {"fips": "24510260203", "gap_national": 10.5, "gap_stratum": 13.2, "burden": 85.5, "capacity": 71.1, "svi": 0.71, "top_decile_gap": 0.0, "stratum": "metropolitan", "scored": 1}, "geometry": {"type": "Polygon", "coordinates": [[[-76.5408, 39.3236], [-76.5417, 39.3292], [-76.533, 39.3306], [-76.5405, 39.3212], [-76.5481, 39.3163], [-76.5539, 39.3187], [-76.5408, 39.3236]]]}}, {"type": "Feature", "properties": {"fips": "24510270701", "gap_national": -3.1, "gap_stratum": 3.0, "burden": 51.3, "capacity": 54.5, "svi": 0.67, "top_decile_gap": 0.0, "stratum": "metropolitan", "scored": 1}, "geometry": {"type": "Polygon", "coordinates": [[[-76.5618, 39.3722], [-76.5626, 39.3667], [-76.5736, 39.3685], [-76.5701, 39.372], [-76.5618, 39.3722]]]}}, {"type": "Feature", "properties": {"fips": "24510090500", "gap_national": 20.7, "gap_stratum": 23.7, "burden": 78.5, "capacity": 59.3, "svi": 0.75, "top_decile_gap": 0.0, "stratum": "metropolitan", "scored": 1}, "geometry": {"type": "Polygon", "coordinates": [[[-76.5951, 39.3283], [-76.5939, 39.3262], [-76.6015, 39.3188], [-76.6058, 39.3195], [-76.6015, 39.3237], [-76.6094, 39.3254], [-76.6094, 39.3283], [-76.5951, 39.3283]]]}}, {"type": "Feature", "properties": {"fips": "24510190300", "gap_national": 68.1, "gap_stratum": 67.8, "burden": 89.1, "capacity": 31.7, "svi": 0.96, "top_decile_gap": 1.0, "stratum": "metropolitan", "scored": 1}, "geometry": {"type": "Polygon", "coordinates": [[[-76.6424, 39.2884], [-76.6419, 39.281], [-76.6464, 39.2795], [-76.647, 39.2881], [-76.6424, 39.2884]]]}}, {"type": "Feature", "properties": {"fips": "24510130100", "gap_national": 24.6, "gap_stratum": 24.8, "burden": 92.2, "capacity": 65.1, "svi": 0.78, "top_decile_gap": 0.0, "stratum": "metropolitan", "scored": 1}, "geometry": {"type": "Polygon", "coordinates": [[[-76.6294, 39.3171], [-76.6279, 39.3147], [-76.6378, 39.3126], [-76.6394, 39.3158], [-76.6294, 39.3171]]]}}, {"type": "Feature", "properties": {"fips": "24510120400", "gap_national": 32.4, "gap_stratum": 38.7, "burden": 56.4, "capacity": 32.0, "svi": 0.65, "top_decile_gap": 0.0, "stratum": "metropolitan", "scored": 1}, "geometry": {"type": "Polygon", "coordinates": [[[-76.6095, 39.3162], [-76.6095, 39.3114], [-76.615, 39.3111], [-76.6153, 39.3164], [-76.6095, 39.3162]]]}}, {"type": "Feature", "properties": {"fips": "24003702500", "gap_national": -3.5, "gap_stratum": 2.1, "burden": 48.1, "capacity": 52.2, "svi": 0.63, "top_decile_gap": 0.0, "stratum": "metropolitan", "scored": 1}, "geometry": {"type": "Polygon", "coordinates": [[[-76.5476, 38.9607], [-76.5389, 38.9787], [-76.5291, 38.977], [-76.5128, 38.9639], [-76.5157, 38.9481], [-76.5209, 38.9454], [-76.5212, 38.9385], [-76.5252, 38.9346], [-76.5443, 38.9473], [-76.555, 38.9515], [-76.5476, 38.9607]]]}}, {"type": "Feature", "properties": {"fips": "24003740601", "gap_national": -20.8, "gap_stratum": -20.8, "burden": 16.2, "capacity": 38.0, "svi": 0.27, "top_decile_gap": 0.0, "stratum": "metropolitan", "scored": 1}, "geometry": {"type": "Polygon", "coordinates": [[[-76.7629, 39.1272], [-76.7554, 39.1401], [-76.7383, 39.1305], [-76.7447, 39.126], [-76.7521, 39.1128], [-76.7671, 39.1087], [-76.7675, 39.1126], [-76.7753, 39.1097], [-76.7777, 39.1143], [-76.7629, 39.1272]]]}}, {"type": "Feature", "properties": {"fips": "24003740104", "gap_national": -29.5, "gap_stratum": -23.9, "burden": 37.6, "capacity": 61.4, "svi": 0.25, "top_decile_gap": 0.0, "stratum": "metropolitan", "scored": 1}, "geometry": {"type": "Polygon", "coordinates": [[[-76.7261, 39.141], [-76.7131, 39.135], [-76.6975, 39.1373], [-76.7006, 39.1257], [-76.7166, 39.1177], [-76.7192, 39.1204], [-76.7171, 39.1208], [-76.7286, 39.1247], [-76.7322, 39.1286], [-76.7261, 39.141]]]}}, {"type": "Feature", "properties": {"fips": "24003751000", "gap_national": 14.5, "gap_stratum": 20.0, "burden": 58.4, "capacity": 48.1, "svi": 0.38, "top_decile_gap": 0.0, "stratum": "metropolitan", "scored": 1}, "geometry": {"type": "Polygon", "coordinates": [[[-76.6135, 39.1817], [-76.6091, 39.1802], [-76.606, 39.1768], [-76.6029, 39.1599], [-76.5999, 39.157], [-76.6116, 39.1591], [-76.617, 39.1567], [-76.6219, 39.1626], [-76.6222, 39.1663], [-76.6135, 39.1817]]]}}, {"type": "Feature", "properties": {"fips": "24005451200", "gap_national": 1.8, "gap_stratum": 8.1, "burden": 64.7, "capacity": 61.4, "svi": 0.45, "top_decile_gap": 0.0, "stratum": "metropolitan", "scored": 1}, "geometry": {"type": "Polygon", "coordinates": [[[-76.4605, 39.3557], [-76.4543, 39.3532], [-76.468, 39.343], [-76.4544, 39.3349], [-76.4389, 39.3327], [-76.4541, 39.3285], [-76.474, 39.3286], [-76.4828, 39.3364], [-76.488, 39.3324], [-76.4918, 39.3361], [-76.4605, 39.3557]]]}}, {"type": "Feature", "properties": {"fips": "24005430900", "gap_national": 3.3, "gap_stratum": 6.9, "burden": 31.0, "capacity": 31.7, "svi": 0.62, "top_decile_gap": 0.0, "stratum": "metropolitan", "scored": 1}, "geometry": {"type": "Polygon", "coordinates": [[[-76.6886, 39.2682], [-76.6835, 39.2659], [-76.6904, 39.2556], [-76.7098, 39.2623], [-76.6886, 39.2682]]]}}, {"type": "Feature", "properties": {"fips": "24005451401", "gap_national": -14.7, "gap_stratum": -9.9, "burden": 39.7, "capacity": 53.3, "svi": 0.36, "top_decile_gap": 0.0, "stratum": "metropolitan", "scored": 1}, "geometry": {"type": "Polygon", "coordinates": [[[-76.4428, 39.3518], [-76.4413, 39.3473], [-76.4436, 39.3457], [-76.4406, 39.3436], [-76.4483, 39.3404], [-76.4504, 39.3483], [-76.4428, 39.3518]]]}}, {"type": "Feature", "properties": {"fips": "24005408502", "gap_national": -48.6, "gap_stratum": -40.4, "burden": 50.6, "capacity": 96.0, "svi": 0.31, "top_decile_gap": 0.0, "stratum": "metropolitan", "scored": 1}, "geometry": {"type": "Polygon", "coordinates": [[[-76.6097, 39.4886], [-76.5831, 39.4842], [-76.5822, 39.4755], [-76.5844, 39.4696], [-76.5798, 39.4602], [-76.5806, 39.4524], [-76.5573, 39.4493], [-76.581, 39.4347], [-76.5875, 39.4329], [-76.5968, 39.4255], [-76.6047, 39.4321], [-76.607, 39.4464], [-76.6073, 39.4504], [-76.6014, 39.4594], [-76.6035, 39.4663], [-76.6016, 39.4692], [-76.6168, 39.4763], [-76.6097, 39.4886]]]}}, {"type": "Feature", "properties": {"fips": "24005402404", "gap_national": -2.4, "gap_stratum": 2.9, "burden": 76.8, "capacity": 74.6, "svi": 0.9, "top_decile_gap": 0.0, "stratum": "metropolitan", "scored": 1}, "geometry": {"type": "Polygon", "coordinates": [[[-76.7273, 39.3426], [-76.7251, 39.3345], [-76.726, 39.3277], [-76.7283, 39.3271], [-76.7242, 39.3234], [-76.7263, 39.3217], [-76.7422, 39.3318], [-76.7406, 39.335], [-76.7273, 39.3426]]]}}, {"type": "Feature", "properties": {"fips": "24005401505", "gap_national": -15.3, "gap_stratum": -7.8, "burden": 68.2, "capacity": 77.4, "svi": 0.79, "top_decile_gap": 0.0, "stratum": "metropolitan", "scored": 1}, "geometry": {"type": "Polygon", "coordinates": [[[-76.7536, 39.3075], [-76.744, 39.306], [-76.7418, 39.2902], [-76.7388, 39.2863], [-76.7534, 39.2837], [-76.7522, 39.2915], [-76.7536, 39.3075]]]}}, {"type": "Feature", "properties": {"fips": "24005450400", "gap_national": 8.0, "gap_stratum": 13.6, "burden": 66.3, "capacity": 58.7, "svi": 0.47, "top_decile_gap": 0.0, "stratum": "metropolitan", "scored": 1}, "geometry": {"type": "Polygon", "coordinates": [[[-76.4683, 39.3114], [-76.4675, 39.2996], [-76.4639, 39.298], [-76.4625, 39.2938], [-76.4661, 39.2879], [-76.4893, 39.3019], [-76.4683, 39.3114]]]}}, {"type": "Feature", "properties": {"fips": "24005440200", "gap_national": -5.0, "gap_stratum": 1.9, "burden": 63.4, "capacity": 65.1, "svi": 0.75, "top_decile_gap": 0.0, "stratum": "metropolitan", "scored": 1}, "geometry": {"type": "Polygon", "coordinates": [[[-76.5298, 39.3716], [-76.5241, 39.3747], [-76.5237, 39.38], [-76.5197, 39.3795], [-76.5138, 39.3699], [-76.5298, 39.3556], [-76.5298, 39.3716]]]}}, {"type": "Feature", "properties": {"fips": "24005400100", "gap_national": -30.7, "gap_stratum": -23.1, "burden": 64.5, "capacity": 91.8, "svi": 0.57, "top_decile_gap": 0.0, "stratum": "metropolitan", "scored": 1}, "geometry": {"type": "Polygon", "coordinates": [[[-76.6989, 39.2727], [-76.6886, 39.2682], [-76.7098, 39.2623], [-76.7214, 39.2705], [-76.6989, 39.2727]]]}}, {"type": "Feature", "properties": {"fips": "24005411307", "gap_national": -7.4, "gap_stratum": -2.9, "burden": 39.3, "capacity": 47.9, "svi": 0.53, "top_decile_gap": 0.0, "stratum": "metropolitan", "scored": 1}, "geometry": {"type": "Polygon", "coordinates": [[[-76.4692, 39.3874], [-76.4458, 39.3823], [-76.4542, 39.3745], [-76.4719, 39.3797], [-76.4692, 39.3874]]]}}, {"type": "Feature", "properties": {"fips": "24005491202", "gap_national": -24.6, "gap_stratum": -21.9, "burden": 29.3, "capacity": 51.8, "svi": 0.12, "top_decile_gap": 0.0, "stratum": "metropolitan", "scored": 1}, "geometry": {"type": "Polygon", "coordinates": [[[-76.5717, 39.3934], [-76.5654, 39.3916], [-76.5767, 39.3852], [-76.5838, 39.393], [-76.5717, 39.3934]]]}}, {"type": "Feature", "properties": {"fips": "24033800519", "gap_national": -40.5, "gap_stratum": -32.6, "burden": 43.4, "capacity": 74.2, "svi": 0.36, "top_decile_gap": 0.0, "stratum": "metropolitan", "scored": 1}, "geometry": {"type": "Polygon", "coordinates": [[[-76.7275, 38.9407], [-76.7225, 38.9347], [-76.7176, 38.9358], [-76.7171, 38.9159], [-76.7279, 38.9166], [-76.7346, 38.9298], [-76.7275, 38.9407]]]}}, {"type": "Feature", "properties": {"fips": "24033801408", "gap_national": 1.8, "gap_stratum": 8.0, "burden": 59.3, "capacity": 57.4, "svi": 0.61, "top_decile_gap": 0.0, "stratum": "metropolitan", "scored": 1}, "geometry": {"type": "Polygon", "coordinates": [[[-76.9707, 38.8058], [-76.9455, 38.8023], [-76.9544, 38.7946], [-76.9714, 38.7904], [-76.9728, 38.792], [-76.9672, 38.7937], [-76.9708, 38.7995], [-76.9763, 38.7959], [-76.9802, 38.8001], [-76.9707, 38.8058]]]}}, {"type": "Feature", "properties": {"fips": "24033800210", "gap_national": 14.1, "gap_stratum": 19.4, "burden": 41.9, "capacity": 33.4, "svi": 0.82, "top_decile_gap": 0.0, "stratum": "metropolitan", "scored": 1}, "geometry": {"type": "Polygon", "coordinates": [[[-76.8482, 39.0804], [-76.8479, 39.0737], [-76.8588, 39.0733], [-76.8656, 39.0755], [-76.8607, 39.0788], [-76.8482, 39.0804]]]}}, {"type": "Feature", "properties": {"fips": "24033800102", "gap_national": 5.2, "gap_stratum": 10.0, "burden": 41.2, "capacity": 40.1, "svi": 0.61, "top_decile_gap": 0.0, "stratum": "metropolitan", "scored": 1}, "geometry": {"type": "Polygon", "coordinates": [[[-76.8642, 39.111], [-76.8462, 39.108], [-76.853, 39.1003], [-76.862, 39.1016], [-76.8618, 39.1039], [-76.8661, 39.105], [-76.8642, 39.111]]]}}, {"type": "Feature", "properties": {"fips": "24033804101", "gap_national": 26.2, "gap_stratum": 30.4, "burden": 68.6, "capacity": 48.3, "svi": 0.66, "top_decile_gap": 0.0, "stratum": "metropolitan", "scored": 1}, "geometry": {"type": "Polygon", "coordinates": [[[-76.9087, 38.9247], [-76.9113, 38.932], [-76.9145, 38.9343], [-76.896, 38.9298], [-76.9049, 38.9217], [-76.9153, 38.9184], [-76.9087, 38.9247]]]}}, {"type": "Feature", "properties": {"fips": "24033801908", "gap_national": 24.3, "gap_stratum": 29.8, "burden": 59.8, "capacity": 42.0, "svi": 0.63, "top_decile_gap": 0.0, "stratum": "metropolitan", "scored": 1}, "geometry": {"type": "Polygon", "coordinates": [[[-76.9334, 38.8443], [-76.9321, 38.8428], [-76.9366, 38.8421], [-76.9332, 38.8402], [-76.9338, 38.8363], [-76.9415, 38.8394], [-76.9454, 38.8382], [-76.956, 38.8523], [-76.9334, 38.8443]]]}}, {"type": "Feature", "properties": {"fips": "24033800209", "gap_national": 27.5, "gap_stratum": 33.8, "burden": 46.9, "capacity": 26.3, "svi": 0.95, "top_decile_gap": 0.0, "stratum": "metropolitan", "scored": 1}, "geometry": {"type": "Polygon", "coordinates": [[[-76.8545, 39.0831], [-76.8474, 39.0953], [-76.8439, 39.0929], [-76.8482, 39.0804], [-76.8607, 39.0788], [-76.8545, 39.0831]]]}}, {"type": "Feature", "properties": {"fips": "24033803527", "gap_national": -22.8, "gap_stratum": -14.7, "burden": 63.2, "capacity": 79.0, "svi": 0.42, "top_decile_gap": 0.0, "stratum": "metropolitan", "scored": 1}, "geometry": {"type": "Polygon", "coordinates": [[[-76.8225, 38.8991], [-76.8073, 38.8966], [-76.8131, 38.8898], [-76.8196, 38.8879], [-76.8304, 38.895], [-76.832, 38.8983], [-76.8225, 38.8991]]]}}, {"type": "Feature", "properties": {"fips": "24033805904", "gap_national": 40.0, "gap_stratum": 46.6, "burden": 57.0, "capacity": 25.5, "svi": 0.83, "top_decile_gap": 0.0, "stratum": "metropolitan", "scored": 1}, "geometry": {"type": "Polygon", "coordinates": [[[-76.9809, 39.0043], [-76.9719, 39.0032], [-76.9688, 39.005], [-76.9567, 38.9914], [-76.9557, 38.9857], [-76.9643, 38.9849], [-76.964, 38.9885], [-76.9754, 38.9928], [-76.9817, 39.0023], [-76.9809, 39.0043]]]}}, {"type": "Feature", "properties": {"fips": "24033803606", "gap_national": 45.9, "gap_stratum": 50.6, "burden": 69.1, "capacity": 33.4, "svi": 0.6, "top_decile_gap": 0.0, "stratum": "metropolitan", "scored": 1}, "geometry": {"type": "Polygon", "coordinates": [[[-76.8644, 38.9804], [-76.8551, 38.978], [-76.8469, 38.9807], [-76.8417, 38.9749], [-76.8387, 38.9756], [-76.866, 38.9597], [-76.8691, 38.9714], [-76.8735, 38.9782], [-76.8644, 38.9804]]]}}, {"type": "Feature", "properties": {"fips": "24033806713", "gap_national": 36.7, "gap_stratum": 43.6, "burden": 44.7, "capacity": 13.7, "svi": 0.89, "top_decile_gap": 0.0, "stratum": "metropolitan", "scored": 1}, "geometry": {"type": "Polygon", "coordinates": [[[-76.9102, 39.0015], [-76.9033, 39.0008], [-76.9013, 39.0073], [-76.9045, 39.0092], [-76.9017, 39.0099], [-76.8955, 39.0029], [-76.9008, 38.9962], [-76.912, 38.998], [-76.9102, 39.0015]]]}}, {"type": "Feature", "properties": {"fips": "24033805908", "gap_national": -0.3, "gap_stratum": 1.7, "burden": 22.1, "capacity": 25.5, "svi": 0.74, "top_decile_gap": 0.0, "stratum": "metropolitan", "scored": 1}, "geometry": {"type": "Polygon", "coordinates": [[[-76.9614, 38.9731], [-76.9534, 38.9774], [-76.9483, 38.9664], [-76.9623, 38.9678], [-76.9614, 38.9731]]]}}, {"type": "Feature", "properties": {"fips": "24031700306", "gap_national": -47.9, "gap_stratum": -48.3, "burden": 12.9, "capacity": 55.3, "svi": 0.2, "top_decile_gap": 0.0, "stratum": "metropolitan", "scored": 1}, "geometry": {"type": "Polygon", "coordinates": [[[-77.2967, 39.1824], [-77.2715, 39.1738], [-77.2817, 39.1621], [-77.2973, 39.1706], [-77.3001, 39.1789], [-77.2967, 39.1824]]]}}, {"type": "Feature", "properties": {"fips": "24031700826", "gap_national": -77.7, "gap_stratum": -76.7, "burden": 7.3, "capacity": 72.8, "svi": 0.17, "top_decile_gap": 0.0, "stratum": "metropolitan", "scored": 1}, "geometry": {"type": "Polygon", "coordinates": [[[-77.2378, 39.1285], [-77.2253, 39.1206], [-77.2267, 39.1135], [-77.2359, 39.1081], [-77.2429, 39.1138], [-77.2389, 39.1166], [-77.2402, 39.124], [-77.2439, 39.1266], [-77.2378, 39.1285]]]}}, {"type": "Feature", "properties": {"fips": "24031701422", "gap_national": -2.2, "gap_stratum": 1.0, "burden": 31.1, "capacity": 36.6, "svi": 0.83, "top_decile_gap": 0.0, "stratum": "metropolitan", "scored": 1}, "geometry": {"type": "Polygon", "coordinates": [[[-76.9456, 39.0861], [-76.9384, 39.0831], [-76.9451, 39.0795], [-76.9482, 39.083], [-76.9456, 39.0861]]]}}, {"type": "Feature", "properties": {"fips": "24031701219", "gap_national": -3.6, "gap_stratum": -3.0, "burden": 12.4, "capacity": 18.0, "svi": 0.87, "top_decile_gap": 0.0, "stratum": "metropolitan", "scored": 1}, "geometry": {"type": "Polygon", "coordinates": [[[-77.1145, 39.0669], [-77.112, 39.0734], [-77.095, 39.0588], [-77.1037, 39.0597], [-77.1034, 39.0621], [-77.1077, 39.0577], [-77.1028, 39.047], [-77.1215, 39.0632], [-77.1145, 39.0669]]]}}, {"type": "Feature", "properties": {"fips": "24510080800", "gap_national": 27.0, "gap_stratum": 32.3, "burden": 60.9, "capacity": 40.9, "svi": 0.82, "top_decile_gap": 0.0, "stratum": "metropolitan", "scored": 1}, "geometry": {"type": "Polygon", "coordinates": [[[-76.5883, 39.3056], [-76.5881, 39.3021], [-76.5978, 39.3017], [-76.5981, 39.3052], [-76.5883, 39.3056]]]}}, {"type": "Feature", "properties": {"fips": "24013507703", "gap_national": -43.4, "gap_stratum": -75.4, "burden": 50.8, "capacity": 86.3, "svi": 0.38, "top_decile_gap": 0.0, "stratum": "micropolitan", "scored": 1}, "geometry": {"type": "Polygon", "coordinates": [[[-77.0496, 39.5851], [-77.0286, 39.5809], [-77.0291, 39.573], [-77.0206, 39.5679], [-77.0304, 39.5599], [-77.0527, 39.5504], [-77.0604, 39.5699], [-77.0496, 39.5851]]]}}, {"type": "Feature", "properties": {"fips": "24025303605", "gap_national": -21.1, "gap_stratum": -13.3, "burden": 51.9, "capacity": 66.9, "svi": 0.44, "top_decile_gap": 0.0, "stratum": "metropolitan", "scored": 1}, "geometry": {"type": "Polygon", "coordinates": [[[-76.3133, 39.547], [-76.3024, 39.5375], [-76.3158, 39.5265], [-76.3212, 39.5325], [-76.3197, 39.5345], [-76.33, 39.5418], [-76.3133, 39.547]]]}}, {"type": "Feature", "properties": {"fips": "24019970900", "gap_national": 0.9, "gap_stratum": -7.6, "burden": 87.4, "capacity": 81.3, "svi": 0.36, "top_decile_gap": 0.0, "stratum": "micropolitan", "scored": 1}, "geometry": {"type": "MultiPolygon", "coordinates": [[[[-76.0646, 38.1301], [-76.0611, 38.1269], [-76.0645, 38.1255], [-76.0646, 38.1301]]], [[[-76.0869, 38.1648], [-76.0875, 38.1705], [-76.0805, 38.1735], [-76.0843, 38.1811], [-76.0834, 38.1861], [-76.0882, 38.19], [-76.0872, 38.1919], [-76.0809, 38.1885], [-76.0656, 38.1881], [-76.0588, 38.191], [-76.056, 38.1937], [-76.0561, 38.1972], [-76.0705, 38.2029], [-76.0638, 38.205], [-76.0572, 38.2025], [-76.049, 38.2038], [-76.0367, 38.1923], [-76.0429, 38.1882], [-76.0421, 38.1842], [-76.029, 38.1838], [-76.0224, 38.1738], [-76.0289, 38.1684], [-76.0341, 38.1696], [-76.0403, 38.1657], [-76.0361, 38.1626], [-76.0357, 38.1587], [-76.0289, 38.1542], [-76.0323, 38.1483], [-76.038, 38.1472], [-76.0401, 38.1488], [-76.0512, 38.1475], [-76.0542, 38.1504], [-76.0603, 38.1688], [-76.0637, 38.1709], [-76.0767, 38.1582], [-76.0814, 38.1592], [-76.0847, 38.1566], [-76.0888, 38.1631], [-76.0869, 38.1648]]], [[[-76.0844, 38.1454], [-76.0856, 38.1386], [-76.0902, 38.1448], [-76.0897, 38.1468], [-76.0844, 38.1454]]], [[[-76.0865, 38.1244], [-76.0845, 38.1227], [-76.0859, 38.1167], [-76.0898, 38.1151], [-76.0903, 38.1197], [-76.0865, 38.1244]]], [[[-76.2179, 38.4043], [-76.2035, 38.4122], [-76.1881, 38.4163], [-76.1842, 38.4138], [-76.1681, 38.4299], [-76.15, 38.4352], [-76.1458, 38.4384], [-76.1393, 38.4315], [-76.0963, 38.4209], [-76.0896, 38.4162], [-76.0887, 38.4349], [-76.085, 38.4386], [-76.0902, 38.4431], [-76.0889, 38.4461], [-76.0817, 38.4491], [-76.0867, 38.4531], [-76.0832, 38.4536], [-76.0848, 38.4574], [-76.0892, 38.4585], [-76.0832, 38.4629], [-76.0886, 38.4679], [-76.0874, 38.4706], [-76.0812, 38.4718], [-76.0838, 38.4755], [-76.0904, 38.4767], [-76.0867, 38.4803], [-76.0912, 38.4849], [-76.0909, 38.4883], [-76.097, 38.4908], [-76.094, 38.499], [-76.0964, 38.501], [-76.0926, 38.5056], [-76.0956, 38.5088], [-76.0988, 38.5085], [-76.0987, 38.511], [-76.0938, 38.5105], [-76.0946, 38.5146], [-76.0905, 38.5195], [-76.0844, 38.5158], [-76.074, 38.5163], [-76.0621, 38.5222], [-76.0559, 38.5164], [-76.045, 38.5187], [-76.0425, 38.5166], [-76.0411, 38.5189], [-76.0435, 38.5244], [-76.0259, 38.5277], [-76.0291, 38.5337], [-76.0218, 38.5336], [-76.024, 38.5429], [-76.0213, 38.5496], [-75.9979, 38.5381], [-75.9887, 38.5158], [-75.9745, 38.5156], [-75.9683, 38.5129], [-75.9753, 38.5118], [-75.9751, 38.5088], [-75.9845, 38.5061], [-75.9918, 38.501], [-75.9938, 38.4938], [-75.9917, 38.4882], [-75.9949, 38.4853], [-75.9925, 38.4801], [-75.9905, 38.4794], [-75.9893, 38.4834], [-75.976, 38.4895], [-75.9667, 38.4986], [-75.9507, 38.5041], [-75.9592, 38.5079], [-75.9455, 38.5221], [-75.9344, 38.5279], [-75.9231, 38.5203], [-75.902, 38.5172], [-75.8876, 38.5185], [-75.8803, 38.5123], [-75.8897, 38.5072], [-75.8928, 38.4993], [-75.8891, 38.4939], [-75.8883, 38.4866], [-75.8828, 38.4828], [-75.8858, 38.4792], [-75.892, 38.4793], [-75.8947, 38.4746], [-75.9071, 38.4685], [-75.9063, 38.4623], [-75.9031, 38.4593], [-75.9073, 38.4536], [-75.9034, 38.4521], [-75.9043, 38.4475], [-75.9021, 38.4453], [-75.8976, 38.4441], [-75.9046, 38.4422], [-75.8983, 38.4427], [-75.8933, 38.4474], [-75.8723, 38.44], [-75.869, 38.4417], [-75.8657, 38.448], [-75.8557, 38.4497], [-75.8266, 38.4422], [-75.8198, 38.4359], [-75.825, 38.4254], [-75.8433, 38.4227], [-75.8473, 38.4173], [-75.8513, 38.4003], [-75.8424, 38.3931], [-75.8383, 38.3859], [-75.8553, 38.3853], [-75.8647, 38.3797], [-75.869, 38.3798], [-75.8711, 38.3753], [-75.8644, 38.3654], [-75.8636, 38.3595], [-75.8844, 38.352], [-75.9001, 38.3495], [-75.9122, 38.3432], [-75.9146, 38.3393], [-75.9136, 38.3271], [-75.9273, 38.3214], [-75.9322, 38.3122], [-75.9357, 38.3114], [-75.9383, 38.3068], [-75.9368, 38.3036], [-75.9408, 38.2984], [-75.9409, 38.294], [-75.936, 38.2878], [-75.9388, 38.2844], [-75.9386, 38.2723], [-75.9549, 38.264], [-75.9516, 38.2561], [-75.9545, 38.2529], [-75.9407, 38.2469], [-75.9492, 38.2375], [-75.9703, 38.2338], [-75.9641, 38.2411], [-75.9619, 38.2514], [-75.9825, 38.2645], [-75.9839, 38.269], [-75.9811, 38.2686], [-75.981, 38.2751], [-75.9858, 38.2765], [-76.0019, 38.2953], [-76.0004, 38.2978], [-76.006, 38.3007], [-76.0074, 38.3043], [-76.0174, 38.3091], [-76.0086, 38.3123], [-75.9813, 38.3151], [-75.9653, 38.3225], [-75.9615, 38.331], [-75.962, 38.3434], [-75.9573, 38.3476], [-75.9666, 38.3477], [-75.9759, 38.3675], [-75.993, 38.3696], [-75.9976, 38.3742], [-76.0075, 38.3742], [-76.0114, 38.3768], [-76.0125, 38.3732], [-76.0051, 38.3684], [-76.0103, 38.3636], [-76.0127, 38.356], [-76.0068, 38.3547], [-76.0123, 38.3515], [-76.0172, 38.3329], [-76.025, 38.3304], [-76.0339, 38.3232], [-76.0416, 38.3221], [-76.0496, 38.3096], [-76.0628, 38.3046], [-76.0502, 38.3041], [-76.0448, 38.3012], [-76.0354, 38.2897], [-76.0305, 38.288], [-76.0296, 38.283], [-76.027, 38.2814], [-76.0328, 38.2751], [-76.0328, 38.2689], [-76.0406, 38.2503], [-76.0442, 38.2483], [-76.0467, 38.251], [-76.0555, 38.2522], [-76.0585, 38.2502], [-76.0441, 38.2437], [-76.0364, 38.2322], [-76.0365, 38.2248], [-76.0329, 38.2217], [-76.032, 38.2167], [-76.0411, 38.2221], [-76.0408, 38.225], [-76.0462, 38.2271], [-76.0487, 38.2241], [-76.0582, 38.2284], [-76.0691, 38.2389], [-76.0749, 38.2549], [-76.0784, 38.2554], [-76.0809, 38.2527], [-76.0886, 38.2546], [-76.0901, 38.2526], [-76.0997, 38.2536], [-76.1076, 38.2625], [-76.0965, 38.257], [-76.0938, 38.2586], [-76.0941, 38.2628], [-76.0865, 38.2623], [-76.077, 38.2692], [-76.0883, 38.2725], [-76.0863, 38.2741], [-76.0866, 38.2793], [-76.0951, 38.2787], [-76.0989, 38.2808], [-76.0972, 38.2848], [-76.0988, 38.2914], [-76.1022, 38.2923], [-76.1113, 38.2869], [-76.1159, 38.2915], [-76.1057, 38.2955], [-76.1058, 38.3016], [-76.108, 38.3026], [-76.1096, 38.2985], [-76.1122, 38.2981], [-76.1147, 38.3007], [-76.1145, 38.3049], [-76.1178, 38.3054], [-76.1186, 38.3002], [-76.1219, 38.2989], [-76.1288, 38.3026], [-76.1307, 38.3013], [-76.1292, 38.2978], [-76.1323, 38.2895], [-76.1235, 38.2811], [-76.133, 38.2828], [-76.1385, 38.2814], [-76.1492, 38.2719], [-76.1499, 38.2847], [-76.1394, 38.2927], [-76.1389, 38.2998], [-76.1324, 38.3018], [-76.1339, 38.3097], [-76.1375, 38.3095], [-76.1425, 38.3136], [-76.1451, 38.3102], [-76.1644, 38.3158], [-76.1747, 38.3246], [-76.1846, 38.3235], [-76.1855, 38.32], [-76.1972, 38.3169], [-76.1989, 38.3247], [-76.1961, 38.3271], [-76.1878, 38.3249], [-76.1849, 38.328], [-76.1858, 38.3307], [-76.1898, 38.3317], [-76.1827, 38.3368], [-76.1675, 38.3217], [-76.1606, 38.3204], [-76.1595, 38.3274], [-76.172, 38.3352], [-76.1704, 38.341], [-76.1721, 38.346], [-76.1818, 38.3556], [-76.1824, 38.3596], [-76.1959, 38.3628], [-76.1957, 38.3665], [-76.2047, 38.3711], [-76.2088, 38.3664], [-76.2187, 38.3651], [-76.2184, 38.3721], [-76.2146, 38.3739], [-76.2138, 38.3869], [-76.2289, 38.3982], [-76.2301, 38.4033], [-76.2179, 38.4043]]]]}}, {"type": "Feature", "properties": {"fips": "24047980000", "gap_national": null, "gap_stratum": null, "burden": null, "capacity": null, "svi": null, "top_decile_gap": null, "stratum": null, "scored": 0}, "geometry": {"type": "Polygon", "coordinates": [[[-75.3774, 38.03], [-75.3708, 38.0329], [-75.3663, 38.033], [-75.3642, 38.0273], [-75.3616, 38.0263], [-75.3447, 38.0377], [-75.3379, 38.0397], [-75.3302, 38.0376], [-75.3313, 38.0464], [-75.3146, 38.0593], [-75.3174, 38.0626], [-75.3234, 38.0618], [-75.3301, 38.0571], [-75.3321, 38.0524], [-75.3374, 38.052], [-75.3504, 38.0588], [-75.3551, 38.0686], [-75.361, 38.07], [-75.3608, 38.0736], [-75.3635, 38.0751], [-75.3571, 38.0762], [-75.3441, 38.0854], [-75.3413, 38.0839], [-75.3445, 38.0765], [-75.343, 38.075], [-75.327, 38.0708], [-75.3284, 38.0788], [-75.3387, 38.0908], [-75.3359, 38.094], [-75.3363, 38.0984], [-75.3304, 38.1026], [-75.3275, 38.1036], [-75.3194, 38.0979], [-75.3194, 38.0926], [-75.324, 38.0913], [-75.3239, 38.0889], [-75.3102, 38.0808], [-75.3124, 38.0759], [-75.3066, 38.0709], [-75.2982, 38.074], [-75.2918, 38.0717], [-75.2886, 38.0744], [-75.2897, 38.0821], [-75.2989, 38.0808], [-75.3096, 38.0847], [-75.314, 38.0889], [-75.3105, 38.095], [-75.3133, 38.0985], [-75.3119, 38.1003], [-75.3031, 38.0983], [-75.3016, 38.094], [-75.2964, 38.0938], [-75.2958, 38.1005], [-75.2901, 38.1124], [-75.2947, 38.1258], [-75.2872, 38.1342], [-75.2865, 38.145], [-75.282, 38.1522], [-75.2709, 38.1547], [-75.2649, 38.1587], [-75.2591, 38.1515], [-75.2462, 38.1525], [-75.244, 38.1607], [-75.2627, 38.1623], [-75.2668, 38.1733], [-75.2601, 38.1794], [-75.259, 38.1858], [-75.2525, 38.1885], [-75.2573, 38.1937], [-75.2562, 38.1997], [-75.2585, 38.2033], [-75.2473, 38.2068], [-75.2462, 38.2156], [-75.2412, 38.2173], [-75.237, 38.2239], [-75.2417, 38.2294], [-75.2404, 38.2313], [-75.2257, 38.2338], [-75.2227, 38.241], [-75.2001, 38.2489], [-75.2041, 38.2397], [-75.2093, 38.2391], [-75.2095, 38.2351], [-75.2004, 38.2301], [-75.2031, 38.2188], [-75.2029, 38.2145], [-75.1986, 38.2093], [-75.1999, 38.193], [-75.1936, 38.1913], [-75.1421, 38.2501], [-75.1254, 38.277], [-75.127, 38.2881], [-75.1142, 38.3023], [-75.1119, 38.3103], [-75.1062, 38.3176], [-75.0957, 38.3266], [-75.0858, 38.324], [-75.0939, 38.3234], [-75.1029, 38.3115], [-75.159, 38.1842], [-75.1792, 38.1264], [-75.1938, 38.096], [-75.2425, 38.027], [-75.3751, 38.0154], [-75.3785, 38.0246], [-75.3774, 38.03]]]}}, {"type": "Feature", "properties": {"fips": "24047950700", "gap_national": -31.0, "gap_stratum": -56.8, "burden": 64.2, "capacity": 91.6, "svi": 0.23, "top_decile_gap": 0.0, "stratum": "micropolitan", "scored": 1}, "geometry": {"type": "Polygon", "coordinates": [[[-75.161, 38.4095], [-75.1448, 38.4049], [-75.1532, 38.3966], [-75.1606, 38.3971], [-75.1648, 38.3897], [-75.1745, 38.3875], [-75.1771, 38.3838], [-75.2044, 38.3926], [-75.2121, 38.4052], [-75.161, 38.4095]]]}}, {"type": "Feature", "properties": {"fips": "24005403401", "gap_national": -23.0, "gap_stratum": -16.6, "burden": 71.0, "capacity": 91.8, "svi": 0.49, "top_decile_gap": 0.0, "stratum": "metropolitan", "scored": 1}, "geometry": {"type": "Polygon", "coordinates": [[[-76.7341, 39.3848], [-76.7202, 39.3715], [-76.7274, 39.3682], [-76.7446, 39.3771], [-76.7341, 39.3848]]]}}, {"type": "Feature", "properties": {"fips": "24005980100", "gap_national": null, "gap_stratum": null, "burden": null, "capacity": null, "svi": null, "top_decile_gap": null, "stratum": null, "scored": 0}, "geometry": {"type": "Polygon", "coordinates": [[[-76.6299, 39.2423], [-76.6186, 39.2374], [-76.6301, 39.2246], [-76.6399, 39.2244], [-76.6299, 39.2423]]]}}, {"type": "Feature", "properties": {"fips": "24021752101", "gap_national": -61.1, "gap_stratum": -55.8, "burden": 27.6, "capacity": 76.0, "svi": 0.04, "top_decile_gap": 0.0, "stratum": "metropolitan", "scored": 1}, "geometry": {"type": "Polygon", "coordinates": [[[-77.3068, 39.2944], [-77.2981, 39.3126], [-77.2833, 39.3212], [-77.2763, 39.3295], [-77.2633, 39.3295], [-77.2623, 39.3267], [-77.2509, 39.328], [-77.2431, 39.3207], [-77.3134, 39.2875], [-77.3068, 39.2944]]]}}, {"type": "Feature", "properties": {"fips": "24003702208", "gap_national": -54.1, "gap_stratum": -53.3, "burden": 15.3, "capacity": 60.9, "svi": 0.25, "top_decile_gap": 0.0, "stratum": "metropolitan", "scored": 1}, "geometry": {"type": "Polygon", "coordinates": [[[-76.6688, 39.0431], [-76.6559, 39.0378], [-76.6504, 39.028], [-76.6579, 39.0238], [-76.6715, 39.023], [-76.6852, 39.0298], [-76.6688, 39.0431]]]}}, {"type": "Feature", "properties": {"fips": "24039930800", "gap_national": 53.6, "gap_stratum": 59.2, "burden": 67.1, "capacity": 23.7, "svi": 0.3, "top_decile_gap": 1.0, "stratum": "metropolitan", "scored": 1}, "geometry": {"type": "Polygon", "coordinates": [[[-75.8756, 38.0802], [-75.8639, 38.0803], [-75.8657, 38.088], [-75.8725, 38.0899], [-75.8637, 38.0901], [-75.863, 38.0938], [-75.8676, 38.0959], [-75.8655, 38.0992], [-75.8601, 38.0969], [-75.8558, 38.1047], [-75.8426, 38.1131], [-75.8376, 38.1138], [-75.8383, 38.1262], [-75.834, 38.1272], [-75.8292, 38.1329], [-75.8277, 38.1334], [-75.8231, 38.1256], [-75.8207, 38.1256], [-75.8175, 38.1287], [-75.8185, 38.1314], [-75.809, 38.1358], [-75.8093, 38.1319], [-75.8054, 38.1284], [-75.7966, 38.1356], [-75.7878, 38.1375], [-75.787, 38.1414], [-75.7885, 38.1458], [-75.7903, 38.1455], [-75.787, 38.1503], [-75.7764, 38.157], [-75.7674, 38.1597], [-75.7624, 38.1549], [-75.7527, 38.1562], [-75.7488, 38.1598], [-75.7482, 38.1642], [-75.7411, 38.167], [-75.7451, 38.1738], [-75.7398, 38.1752], [-75.7372, 38.1713], [-75.7291, 38.1709], [-75.729, 38.1663], [-75.7202, 38.1651], [-75.722, 38.1622], [-75.7165, 38.1576], [-75.7115, 38.1599], [-75.7117, 38.164], [-75.7052, 38.1619], [-75.6988, 38.1628], [-75.6965, 38.1655], [-75.689, 38.1654], [-75.6837, 38.1556], [-75.659, 38.1369], [-75.6631, 38.144], [-75.6551, 38.1479], [-75.6569, 38.1492], [-75.6556, 38.156], [-75.6441, 38.1591], [-75.6228, 38.1739], [-75.6128, 38.1758], [-75.6109, 38.1783], [-75.6122, 38.1811], [-75.6155, 38.1864], [-75.6195, 38.187], [-75.6133, 38.1938], [-75.6037, 38.1901], [-75.5951, 38.191], [-75.588, 38.1885], [-75.5779, 38.1899], [-75.5602, 38.1865], [-75.5508, 38.1874], [-75.5459, 38.1787], [-75.5494, 38.1632], [-75.5696, 38.1536], [-75.5768, 38.1443], [-75.5769, 38.1406], [-75.5717, 38.1316], [-75.5685, 38.1327], [-75.5545, 38.1234], [-75.5518, 38.1155], [-75.5487, 38.1151], [-75.5498, 38.1123], [-75.5461, 38.111], [-75.548, 38.1081], [-75.5401, 38.1083], [-75.5409, 38.1061], [-75.5436, 38.1068], [-75.5443, 38.1027], [-75.5406, 38.1021], [-75.5425, 38.0998], [-75.5455, 38.1008], [-75.5461, 38.098], [-75.5404, 38.0967], [-75.5441, 38.0919], [-75.5409, 38.0895], [-75.5533, 38.0848], [-75.5622, 38.0884], [-75.5695, 38.0871], [-75.5725, 38.0831], [-75.5715, 38.0751], [-75.5816, 38.0683], [-75.5996, 38.0694], [-75.6091, 38.0756], [-75.6175, 38.073], [-75.6189, 38.0702], [-75.6162, 38.0651], [-75.6193, 38.0582], [-75.6227, 38.055], [-75.6371, 38.0512], [-75.636, 38.0482], [-75.638, 38.0448], [-75.6479, 38.0468], [-75.6513, 38.0543], [-75.658, 38.0564], [-75.6497, 38.0636], [-75.6477, 38.0732], [-75.6493, 38.0777], [-75.6617, 38.0789], [-75.6663, 38.0824], [-75.682, 38.072], [-75.6859, 38.0648], [-75.7104, 38.0744], [-75.7358, 38.0732], [-75.7449, 38.0759], [-75.7488, 38.0856], [-75.7467, 38.0879], [-75.7526, 38.0895], [-75.7624, 38.0881], [-75.771, 38.096], [-75.7834, 38.0823], [-75.7855, 38.0865], [-75.7882, 38.0861], [-75.79, 38.0838], [-75.7904, 38.0779], [-75.7881, 38.0747], [-75.7898, 38.0722], [-75.7951, 38.0706], [-75.8067, 38.073], [-75.8034, 38.0673], [-75.7993, 38.0655], [-75.8006, 38.0619], [-75.8106, 38.0622], [-75.8129, 38.0589], [-75.8153, 38.0642], [-75.8196, 38.0668], [-75.8194, 38.07], [-75.8242, 38.0722], [-75.8262, 38.0683], [-75.8331, 38.0675], [-75.8443, 38.0723], [-75.8495, 38.0681], [-75.8589, 38.0673], [-75.8589, 38.0601], [-75.871, 38.0592], [-75.8738, 38.0607], [-75.872, 38.0716], [-75.8755, 38.076], [-75.8788, 38.0761], [-75.8756, 38.0802]]]}}, {"type": "Feature", "properties": {"fips": "24047951102", "gap_national": -41.4, "gap_stratum": -70.4, "burden": 56.4, "capacity": 94.9, "svi": 0.17, "top_decile_gap": 0.0, "stratum": "micropolitan", "scored": 1}, "geometry": {"type": "Polygon", "coordinates": [[[-75.1482, 38.3875], [-75.1282, 38.3894], [-75.1163, 38.39], [-75.1093, 38.3844], [-75.1334, 38.3708], [-75.1411, 38.3726], [-75.1559, 38.3813], [-75.1598, 38.3809], [-75.1609, 38.3764], [-75.1635, 38.3759], [-75.1707, 38.3805], [-75.1482, 38.3875]]]}}, {"type": "Feature", "properties": {"fips": "24013508103", "gap_national": -31.0, "gap_stratum": -26.2, "burden": 34.9, "capacity": 60.3, "svi": 0.25, "top_decile_gap": 0.0, "stratum": "metropolitan", "scored": 1}, "geometry": {"type": "Polygon", "coordinates": [[[-76.8633, 39.6434], [-76.8034, 39.678], [-76.8406, 39.5756], [-76.8424, 39.5871], [-76.8532, 39.6132], [-76.8681, 39.6395], [-76.8633, 39.6434]]]}}, {"type": "Feature", "properties": {"fips": "24003740205", "gap_national": 18.1, "gap_stratum": 23.9, "burden": 52.4, "capacity": 40.1, "svi": 0.5, "top_decile_gap": 0.0, "stratum": "metropolitan", "scored": 1}, "geometry": {"type": "Polygon", "coordinates": [[[-76.6449, 39.1592], [-76.6424, 39.1597], [-76.642, 39.1516], [-76.6316, 39.1444], [-76.6345, 39.1356], [-76.6412, 39.128], [-76.6449, 39.1592]]]}}, {"type": "Feature", "properties": {"fips": "24003731312", "gap_national": 1.9, "gap_stratum": 7.4, "burden": 47.7, "capacity": 48.2, "svi": 0.31, "top_decile_gap": 0.0, "stratum": "metropolitan", "scored": 1}, "geometry": {"type": "Polygon", "coordinates": [[[-76.5489, 39.1478], [-76.5464, 39.1462], [-76.5408, 39.1408], [-76.5408, 39.1346], [-76.5346, 39.1341], [-76.5348, 39.126], [-76.5486, 39.1289], [-76.5482, 39.1365], [-76.5523, 39.1464], [-76.5489, 39.1478]]]}}, {"type": "Feature", "properties": {"fips": "24003730404", "gap_national": 44.1, "gap_stratum": 48.4, "burden": 69.7, "capacity": 35.6, "svi": 0.72, "top_decile_gap": 0.0, "stratum": "metropolitan", "scored": 1}, "geometry": {"type": "Polygon", "coordinates": [[[-76.6146, 39.1537], [-76.5974, 39.1348], [-76.6186, 39.1398], [-76.6203, 39.151], [-76.6146, 39.1537]]]}}, {"type": "Feature", "properties": {"fips": "24510280600", "gap_national": 45.6, "gap_stratum": 43.4, "burden": 98.5, "capacity": 53.8, "svi": 0.96, "top_decile_gap": 0.0, "stratum": "metropolitan", "scored": 1}, "geometry": {"type": "Polygon", "coordinates": [[[-76.6277, 39.2946], [-76.6278, 39.289], [-76.6382, 39.2886], [-76.6385, 39.2942], [-76.6277, 39.2946]]]}}, {"type": "Feature", "properties": {"fips": "24005411413", "gap_national": -28.5, "gap_stratum": -21.1, "burden": 65.7, "capacity": 90.1, "svi": 0.24, "top_decile_gap": 0.0, "stratum": "metropolitan", "scored": 1}, "geometry": {"type": "Polygon", "coordinates": [[[-76.5148, 39.3949], [-76.5044, 39.3955], [-76.5092, 39.3873], [-76.5153, 39.3896], [-76.5148, 39.3949]]]}}, {"type": "Feature", "properties": {"fips": "24043011203", "gap_national": -4.0, "gap_stratum": 2.5, "burden": 55.3, "capacity": 58.1, "svi": 0.51, "top_decile_gap": 0.0, "stratum": "metropolitan", "scored": 1}, "geometry": {"type": "Polygon", "coordinates": [[[-77.6649, 39.6283], [-77.6547, 39.6425], [-77.6708, 39.6425], [-77.665, 39.6518], [-77.6519, 39.6494], [-77.6439, 39.6431], [-77.6475, 39.6429], [-77.6431, 39.6418], [-77.6508, 39.6303], [-77.6456, 39.6253], [-77.6366, 39.6231], [-77.6476, 39.61], [-77.6528, 39.6135], [-77.6844, 39.6191], [-77.6649, 39.6283]]]}}, {"type": "Feature", "properties": {"fips": "24017851502", "gap_national": -18.5, "gap_stratum": -10.4, "burden": 57.6, "capacity": 69.8, "svi": 0.46, "top_decile_gap": 0.0, "stratum": "metropolitan", "scored": 1}, "geometry": {"type": "Polygon", "coordinates": [[[-76.9757, 38.6086], [-76.9695, 38.6191], [-76.9535, 38.6164], [-76.9463, 38.6192], [-76.947, 38.6111], [-76.9536, 38.6108], [-76.956, 38.6073], [-76.9379, 38.5971], [-76.9511, 38.5829], [-76.9808, 38.593], [-76.9757, 38.6086]]]}}, {"type": "Feature", "properties": {"fips": "24021750507", "gap_national": 38.2, "gap_stratum": 45.3, "burden": 46.5, "capacity": 14.3, "svi": 0.75, "top_decile_gap": 0.0, "stratum": "metropolitan", "scored": 1}, "geometry": {"type": "Polygon", "coordinates": [[[-77.4639, 39.4334], [-77.4597, 39.4302], [-77.4613, 39.4195], [-77.4789, 39.4263], [-77.4639, 39.4334]]]}}, {"type": "Feature", "properties": {"fips": "24031700725", "gap_national": 26.7, "gap_stratum": 32.3, "burden": 33.7, "capacity": 10.2, "svi": 0.97, "top_decile_gap": 0.0, "stratum": "metropolitan", "scored": 1}, "geometry": {"type": "Polygon", "coordinates": [[[-77.1926, 39.1509], [-77.1872, 39.1493], [-77.1827, 39.142], [-77.1836, 39.1399], [-77.1935, 39.1415], [-77.1926, 39.1509]]]}}, {"type": "Feature", "properties": {"fips": "24031700837", "gap_national": -29.1, "gap_stratum": -30.9, "burden": 6.2, "capacity": 37.9, "svi": 0.47, "top_decile_gap": 0.0, "stratum": "metropolitan", "scored": 1}, "geometry": {"type": "Polygon", "coordinates": [[[-77.2065, 39.1316], [-77.1983, 39.1218], [-77.2097, 39.1141], [-77.2157, 39.1152], [-77.2166, 39.12], [-77.2065, 39.1316]]]}}, {"type": "Feature", "properties": {"fips": "24027605404", "gap_national": -66.9, "gap_stratum": -64.2, "burden": 17.5, "capacity": 71.5, "svi": 0.18, "top_decile_gap": 0.0, "stratum": "metropolitan", "scored": 1}, "geometry": {"type": "Polygon", "coordinates": [[[-76.8587, 39.2208], [-76.8551, 39.2258], [-76.8461, 39.2255], [-76.8597, 39.2022], [-76.8658, 39.2052], [-76.8697, 39.2146], [-76.8587, 39.2208]]]}}, {"type": "Feature", "properties": {"fips": "24033803520", "gap_national": -30.0, "gap_stratum": -22.2, "burden": 63.5, "capacity": 88.4, "svi": 0.12, "top_decile_gap": 0.0, "stratum": "metropolitan", "scored": 1}, "geometry": {"type": "Polygon", "coordinates": [[[-76.7985, 38.9443], [-76.8067, 38.9289], [-76.8034, 38.9211], [-76.8172, 38.9193], [-76.8199, 38.9211], [-76.8235, 38.9287], [-76.838, 38.9345], [-76.8332, 38.9359], [-76.8399, 38.945], [-76.8391, 38.9469], [-76.7985, 38.9443]]]}}, {"type": "Feature", "properties": {"fips": "24033802104", "gap_national": 16.5, "gap_stratum": 20.0, "burden": 77.2, "capacity": 61.2, "svi": 0.83, "top_decile_gap": 0.0, "stratum": "metropolitan", "scored": 1}, "geometry": {"type": "Polygon", "coordinates": [[[-76.8874, 38.8442], [-76.867, 38.8398], [-76.8739, 38.8307], [-76.8901, 38.8355], [-76.8874, 38.8442]]]}}, {"type": "Feature", "properties": {"fips": "24033801906", "gap_national": 20.7, "gap_stratum": 26.1, "burden": 59.6, "capacity": 44.6, "svi": 0.57, "top_decile_gap": 0.0, "stratum": "metropolitan", "scored": 1}, "geometry": {"type": "Polygon", "coordinates": [[[-76.8901, 38.8355], [-76.8739, 38.8307], [-76.8877, 38.8221], [-76.9026, 38.8357], [-76.8901, 38.8355]]]}}, {"type": "Feature", "properties": {"fips": "24033806602", "gap_national": 46.2, "gap_stratum": 53.6, "burden": 54.1, "capacity": 15.1, "svi": 0.9, "top_decile_gap": 0.0, "stratum": "metropolitan", "scored": 1}, "geometry": {"type": "Polygon", "coordinates": [[[-76.9151, 38.9722], [-76.8991, 38.9725], [-76.9055, 38.9612], [-76.9177, 38.9602], [-76.9199, 38.9605], [-76.9151, 38.9722]]]}}, {"type": "Feature", "properties": {"fips": "24033803602", "gap_national": 28.2, "gap_stratum": 30.7, "burden": 77.2, "capacity": 53.5, "svi": 0.96, "top_decile_gap": 0.0, "stratum": "metropolitan", "scored": 1}, "geometry": {"type": "Polygon", "coordinates": [[[-76.8649, 38.9569], [-76.857, 38.9424], [-76.855, 38.9331], [-76.8607, 38.9313], [-76.864, 38.9345], [-76.8676, 38.9322], [-76.8721, 38.9369], [-76.8853, 38.9369], [-76.8649, 38.9569]]]}}, {"type": "Feature", "properties": {"fips": "24033801213", "gap_national": 3.8, "gap_stratum": 9.3, "burden": 72.4, "capacity": 66.3, "svi": 0.29, "top_decile_gap": 0.0, "stratum": "metropolitan", "scored": 1}, "geometry": {"type": "Polygon", "coordinates": [[[-76.951, 38.7736], [-76.9521, 38.7765], [-76.9372, 38.7891], [-76.9256, 38.7873], [-76.9249, 38.7763], [-76.9386, 38.7661], [-76.9399, 38.7597], [-76.9421, 38.7587], [-76.9545, 38.7633], [-76.951, 38.7736]]]}}, {"type": "Feature", "properties": {"fips": "24033801801", "gap_national": 36.3, "gap_stratum": 39.8, "burden": 71.8, "capacity": 43.7, "svi": 0.73, "top_decile_gap": 0.0, "stratum": "metropolitan", "scored": 1}, "geometry": {"type": "Polygon", "coordinates": [[[-76.9518, 38.8333], [-76.9475, 38.8343], [-76.9411, 38.8313], [-76.95, 38.8235], [-76.9509, 38.8279], [-76.9534, 38.8285], [-76.9518, 38.8333]]]}}, {"type": "Feature", "properties": {"fips": "24033801209", "gap_national": -9.0, "gap_stratum": -1.8, "burden": 66.4, "capacity": 70.4, "svi": 0.19, "top_decile_gap": 0.0, "stratum": "metropolitan", "scored": 1}, "geometry": {"type": "Polygon", "coordinates": [[[-76.8979, 38.7502], [-76.8957, 38.7518], [-76.8974, 38.7459], [-76.8948, 38.7394], [-76.8961, 38.728], [-76.9008, 38.728], [-76.9101, 38.7209], [-76.9156, 38.7321], [-76.8979, 38.7502]]]}}, {"type": "Feature", "properties": {"fips": "24033801005", "gap_national": -23.5, "gap_stratum": -15.0, "burden": 57.5, "capacity": 73.7, "svi": 0.21, "top_decile_gap": 0.0, "stratum": "metropolitan", "scored": 1}, "geometry": {"type": "Polygon", "coordinates": [[[-76.8418, 38.7546], [-76.8432, 38.7637], [-76.8411, 38.7736], [-76.8376, 38.777], [-76.8427, 38.7856], [-76.8302, 38.7734], [-76.8324, 38.7533], [-76.8166, 38.746], [-76.8258, 38.7354], [-76.8312, 38.7388], [-76.8328, 38.7444], [-76.846, 38.7464], [-76.8418, 38.7546]]]}}, {"type": "Feature", "properties": {"fips": "24033800413", "gap_national": -13.2, "gap_stratum": -7.3, "burden": 45.6, "capacity": 56.9, "svi": 0.62, "top_decile_gap": 0.0, "stratum": "metropolitan", "scored": 1}, "geometry": {"type": "Polygon", "coordinates": [[[-76.836, 38.9909], [-76.8309, 38.9911], [-76.8163, 38.9873], [-76.8317, 38.9793], [-76.839, 38.9858], [-76.836, 38.9909]]]}}, {"type": "Feature", "properties": {"fips": "24033805906", "gap_national": 44.8, "gap_stratum": 52.5, "burden": 48.4, "capacity": 8.6, "svi": 0.93, "top_decile_gap": 0.0, "stratum": "metropolitan", "scored": 1}, "geometry": {"type": "Polygon", "coordinates": [[[-76.9773, 39.0109], [-76.9688, 39.005], [-76.9749, 39.0036], [-76.9742, 39.0067], [-76.9804, 39.0069], [-76.9773, 39.0109]]]}}, {"type": "Feature", "properties": {"fips": "24033805201", "gap_national": 34.2, "gap_stratum": 40.8, "burden": 52.8, "capacity": 26.4, "svi": 0.9, "top_decile_gap": 0.0, "stratum": "metropolitan", "scored": 1}, "geometry": {"type": "Polygon", "coordinates": [[[-76.9984, 38.971], [-76.9926, 38.9701], [-76.988, 38.9664], [-76.9974, 38.9614], [-77.0026, 38.9655], [-76.9984, 38.971]]]}}, {"type": "Feature", "properties": {"fips": "24033806400", "gap_national": -40.8, "gap_stratum": -40.8, "burden": 16.0, "capacity": 52.6, "svi": 0.27, "top_decile_gap": 0.0, "stratum": "metropolitan", "scored": 1}, "geometry": {"type": "Polygon", "coordinates": [[[-76.9489, 38.9848], [-76.938, 38.9777], [-76.939, 38.9647], [-76.9483, 38.9664], [-76.9557, 38.9857], [-76.9489, 38.9848]]]}}, {"type": "Feature", "properties": {"fips": "24033806708", "gap_national": -19.1, "gap_stratum": -12.1, "burden": 48.8, "capacity": 63.1, "svi": 0.58, "top_decile_gap": 0.0, "stratum": "metropolitan", "scored": 1}, "geometry": {"type": "Polygon", "coordinates": [[[-76.8748, 39.0041], [-76.8729, 39.005], [-76.8737, 39.0073], [-76.8631, 39.0072], [-76.8674, 39.0005], [-76.8863, 38.9917], [-76.8952, 39.0027], [-76.8925, 39.0063], [-76.8748, 39.0041]]]}}, {"type": "Feature", "properties": {"fips": "24003706500", "gap_national": -51.6, "gap_stratum": -46.4, "burden": 29.6, "capacity": 70.2, "svi": 0.59, "top_decile_gap": 0.0, "stratum": "metropolitan", "scored": 1}, "geometry": {"type": "Polygon", "coordinates": [[[-76.536, 38.9832], [-76.5085, 38.9765], [-76.5052, 38.9763], [-76.5059, 38.9795], [-76.4967, 38.9785], [-76.4998, 38.973], [-76.4964, 38.9717], [-76.5019, 38.9696], [-76.5102, 38.9718], [-76.5128, 38.9639], [-76.5291, 38.977], [-76.5389, 38.9787], [-76.536, 38.9832]]]}}, {"type": "Feature", "properties": {"fips": "24003730601", "gap_national": -71.0, "gap_stratum": -66.4, "burden": 24.4, "capacity": 82.5, "svi": 0.06, "top_decile_gap": 0.0, "stratum": "metropolitan", "scored": 1}, "geometry": {"type": "Polygon", "coordinates": [[[-76.612, 39.1114], [-76.6009, 39.1166], [-76.603, 39.0987], [-76.5986, 39.0939], [-76.6002, 39.0883], [-76.5987, 39.0816], [-76.6031, 39.0776], [-76.6109, 39.0819], [-76.6147, 39.0765], [-76.6169, 39.0811], [-76.6207, 39.0795], [-76.6269, 39.0811], [-76.6252, 39.0882], [-76.6326, 39.111], [-76.612, 39.1114]]]}}, {"type": "Feature", "properties": {"fips": "24003731105", "gap_national": -62.0, "gap_stratum": -56.1, "burden": 30.7, "capacity": 80.5, "svi": 0.07, "top_decile_gap": 0.0, "stratum": "metropolitan", "scored": 1}, "geometry": {"type": "Polygon", "coordinates": [[[-76.5192, 39.0564], [-76.5219, 39.0592], [-76.5096, 39.0763], [-76.4961, 39.0721], [-76.497, 39.064], [-76.4991, 39.0618], [-76.5007, 39.0638], [-76.5042, 39.063], [-76.5033, 39.0543], [-76.5164, 39.0544], [-76.5224, 39.0517], [-76.5275, 39.0581], [-76.5192, 39.0564]]]}}, {"type": "Feature", "properties": {"fips": "24005430800", "gap_national": -24.0, "gap_stratum": -21.9, "burden": 26.8, "capacity": 49.4, "svi": 0.14, "top_decile_gap": 0.0, "stratum": "metropolitan", "scored": 1}, "geometry": {"type": "Polygon", "coordinates": [[[-76.7001, 39.2547], [-76.7061, 39.2611], [-76.6904, 39.2556], [-76.6915, 39.2479], [-76.7077, 39.2471], [-76.7001, 39.2547]]]}}, {"type": "Feature", "properties": {"fips": "24005452300", "gap_national": 70.4, "gap_stratum": 72.5, "burden": 82.0, "capacity": 23.1, "svi": 0.78, "top_decile_gap": 1.0, "stratum": "metropolitan", "scored": 1}, "geometry": {"type": "Polygon", "coordinates": [[[-76.5014, 39.3079], [-76.5008, 39.3047], [-76.4893, 39.3019], [-76.5204, 39.292], [-76.5298, 39.2991], [-76.5014, 39.3079]]]}}, {"type": "Feature", "properties": {"fips": "24005400200", "gap_national": -24.3, "gap_stratum": -23.4, "burden": 21.8, "capacity": 45.6, "svi": 0.33, "top_decile_gap": 0.0, "stratum": "metropolitan", "scored": 1}, "geometry": {"type": "Polygon", "coordinates": [[[-76.7111, 39.2779], [-76.6989, 39.2727], [-76.7214, 39.2705], [-76.7245, 39.2736], [-76.7111, 39.2779]]]}}, {"type": "Feature", "properties": {"fips": "24005421000", "gap_national": 60.0, "gap_stratum": 58.3, "burden": 92.8, "capacity": 40.8, "svi": 0.84, "top_decile_gap": 1.0, "stratum": "metropolitan", "scored": 1}, "geometry": {"type": "Polygon", "coordinates": [[[-76.527, 39.2641], [-76.5231, 39.2558], [-76.5298, 39.2576], [-76.5298, 39.2697], [-76.527, 39.2641]]]}}, {"type": "Feature", "properties": {"fips": "24005404502", "gap_national": 40.8, "gap_stratum": 43.6, "burden": 75.3, "capacity": 43.0, "svi": 0.79, "top_decile_gap": 0.0, "stratum": "metropolitan", "scored": 1}, "geometry": {"type": "Polygon", "coordinates": [[[-76.8026, 39.452], [-76.7976, 39.4524], [-76.8018, 39.4415], [-76.8063, 39.4407], [-76.8139, 39.4468], [-76.8026, 39.452]]]}}, {"type": "Feature", "properties": {"fips": "24005492101", "gap_national": -25.8, "gap_stratum": -20.5, "burden": 38.2, "capacity": 59.5, "svi": 0.25, "top_decile_gap": 0.0, "stratum": "metropolitan", "scored": 1}, "geometry": {"type": "Polygon", "coordinates": [[[-76.5426, 39.3933], [-76.5302, 39.3885], [-76.5428, 39.3738], [-76.5466, 39.3757], [-76.5426, 39.3933]]]}}, {"type": "Feature", "properties": {"fips": "24005450300", "gap_national": 21.6, "gap_stratum": 25.3, "burden": 73.5, "capacity": 55.3, "svi": 0.44, "top_decile_gap": 0.0, "stratum": "metropolitan", "scored": 1}, "geometry": {"type": "Polygon", "coordinates": [[[-76.4693, 39.3279], [-76.4627, 39.3268], [-76.4548, 39.3201], [-76.465, 39.3127], [-76.4795, 39.3069], [-76.4693, 39.3279]]]}}, {"type": "Feature", "properties": {"fips": "24005490400", "gap_national": -66.4, "gap_stratum": -60.2, "burden": 34.7, "capacity": 94.3, "svi": 0.08, "top_decile_gap": 0.0, "stratum": "metropolitan", "scored": 1}, "geometry": {"type": "Polygon", "coordinates": [[[-76.6525, 39.409], [-76.6452, 39.4092], [-76.6449, 39.3948], [-76.6412, 39.3891], [-76.6444, 39.3796], [-76.6509, 39.3759], [-76.6515, 39.3801], [-76.659, 39.3855], [-76.6629, 39.3957], [-76.6678, 39.4009], [-76.6677, 39.4143], [-76.6701, 39.42], [-76.6525, 39.409]]]}}, {"type": "Feature", "properties": {"fips": "24005403202", "gap_national": -12.6, "gap_stratum": -7.7, "burden": 78.0, "capacity": 86.9, "svi": 0.56, "top_decile_gap": 0.0, "stratum": "metropolitan", "scored": 1}, "geometry": {"type": "Polygon", "coordinates": [[[-76.7202, 39.3495], [-76.716, 39.3462], [-76.7114, 39.3495], [-76.711, 39.3363], [-76.7257, 39.342], [-76.7202, 39.3495]]]}}, {"type": "Feature", "properties": {"fips": "24005408506", "gap_national": 29.5, "gap_stratum": 35.9, "burden": 49.6, "capacity": 27.5, "svi": 0.7, "top_decile_gap": 0.0, "stratum": "metropolitan", "scored": 1}, "geometry": {"type": "Polygon", "coordinates": [[[-76.6308, 39.4742], [-76.6206, 39.4735], [-76.6168, 39.4763], [-76.6016, 39.4692], [-76.6035, 39.4663], [-76.6014, 39.4594], [-76.6065, 39.4543], [-76.6076, 39.462], [-76.6154, 39.4705], [-76.6228, 39.4718], [-76.6315, 39.4679], [-76.6308, 39.4742]]]}}, {"type": "Feature", "properties": {"fips": "24005490800", "gap_national": -26.6, "gap_stratum": -22.2, "burden": 34.5, "capacity": 57.1, "svi": 0.46, "top_decile_gap": 0.0, "stratum": "metropolitan", "scored": 1}, "geometry": {"type": "Polygon", "coordinates": [[[-76.6039, 39.3953], [-76.5889, 39.3946], [-76.5908, 39.3865], [-76.607, 39.3839], [-76.6039, 39.3953]]]}}, {"type": "Feature", "properties": {"fips": "24005491500", "gap_national": -19.3, "gap_stratum": -16.6, "burden": 29.7, "capacity": 48.5, "svi": 0.35, "top_decile_gap": 0.0, "stratum": "metropolitan", "scored": 1}, "geometry": {"type": "Polygon", "coordinates": [[[-76.5647, 39.3915], [-76.5584, 39.3885], [-76.5589, 39.3812], [-76.5767, 39.3852], [-76.5647, 39.3915]]]}}, {"type": "Feature", "properties": {"fips": "24005491701", "gap_national": -32.4, "gap_stratum": -26.0, "burden": 39.5, "capacity": 64.8, "svi": 0.38, "top_decile_gap": 0.0, "stratum": "metropolitan", "scored": 1}, "geometry": {"type": "Polygon", "coordinates": [[[-76.5546, 39.4073], [-76.5416, 39.4174], [-76.5394, 39.4108], [-76.5408, 39.409], [-76.528, 39.4041], [-76.5365, 39.3984], [-76.5687, 39.4021], [-76.5546, 39.4073]]]}}, {"type": "Feature", "properties": {"fips": "24005451300", "gap_national": 48.3, "gap_stratum": 50.0, "burden": 79.5, "capacity": 40.7, "svi": 0.85, "top_decile_gap": 0.0, "stratum": "metropolitan", "scored": 1}, "geometry": {"type": "Polygon", "coordinates": [[[-76.4543, 39.3532], [-76.4441, 39.3333], [-76.4544, 39.3349], [-76.468, 39.343], [-76.4543, 39.3532]]]}}, {"type": "Feature", "properties": {"fips": "24005401302", "gap_national": -7.6, "gap_stratum": -0.7, "burden": 68.1, "capacity": 70.9, "svi": 0.32, "top_decile_gap": 0.0, "stratum": "metropolitan", "scored": 1}, "geometry": {"type": "Polygon", "coordinates": [[[-76.7201, 39.2953], [-76.7112, 39.2998], [-76.7112, 39.2917], [-76.7211, 39.2907], [-76.7201, 39.2953]]]}}, {"type": "Feature", "properties": {"fips": "24005400800", "gap_national": -6.3, "gap_stratum": -0.2, "burden": 49.9, "capacity": 55.5, "svi": 0.77, "top_decile_gap": 0.0, "stratum": "metropolitan", "scored": 1}, "geometry": {"type": "Polygon", "coordinates": [[[-76.7443, 39.285], [-76.7388, 39.2863], [-76.7277, 39.2799], [-76.7245, 39.2736], [-76.7315, 39.2721], [-76.7332, 39.2773], [-76.7412, 39.2759], [-76.7454, 39.2811], [-76.7443, 39.285]]]}}, {"type": "Feature", "properties": {"fips": "24005492500", "gap_national": -4.0, "gap_stratum": -4.1, "burden": 6.4, "capacity": 13.3, "svi": 0.0, "top_decile_gap": 0.0, "stratum": "metropolitan", "scored": 1}, "geometry": {"type": "Polygon", "coordinates": [[[-76.7214, 39.2705], [-76.7124, 39.2627], [-76.7061, 39.2611], [-76.7001, 39.2547], [-76.7137, 39.2418], [-76.7161, 39.2458], [-76.7141, 39.252], [-76.7166, 39.2563], [-76.714, 39.2589], [-76.7173, 39.2619], [-76.7247, 39.2603], [-76.7274, 39.2641], [-76.7214, 39.2705]]]}}, {"type": "Feature", "properties": {"fips": "24005408703", "gap_national": -72.3, "gap_stratum": -67.9, "burden": 23.6, "capacity": 82.9, "svi": 0.1, "top_decile_gap": 0.0, "stratum": "metropolitan", "scored": 1}, "geometry": {"type": "Polygon", "coordinates": [[[-76.6568, 39.4516], [-76.6575, 39.4536], [-76.6467, 39.4547], [-76.6366, 39.4476], [-76.6341, 39.4381], [-76.6617, 39.4359], [-76.6651, 39.4485], [-76.6568, 39.4516]]]}}, {"type": "Feature", "properties": {"fips": "24005402405", "gap_national": -7.5, "gap_stratum": -0.8, "burden": 70.4, "capacity": 73.0, "svi": 0.72, "top_decile_gap": 0.0, "stratum": "metropolitan", "scored": 1}, "geometry": {"type": "Polygon", "coordinates": [[[-76.7261, 39.3216], [-76.7288, 39.3166], [-76.7448, 39.3219], [-76.7448, 39.3332], [-76.7261, 39.3216]]]}}, {"type": "Feature", "properties": {"fips": "24025301302", "gap_national": 38.3, "gap_stratum": 42.3, "burden": 70.0, "capacity": 40.4, "svi": 0.67, "top_decile_gap": 0.0, "stratum": "metropolitan", "scored": 1}, "geometry": {"type": "Polygon", "coordinates": [[[-76.3277, 39.4333], [-76.3029, 39.437], [-76.3105, 39.4251], [-76.3238, 39.4227], [-76.3287, 39.4229], [-76.3374, 39.4318], [-76.3277, 39.4333]]]}}, {"type": "Feature", "properties": {"fips": "24025302802", "gap_national": 24.6, "gap_stratum": 28.3, "burden": 72.0, "capacity": 52.2, "svi": 0.68, "top_decile_gap": 0.0, "stratum": "metropolitan", "scored": 1}, "geometry": {"type": "Polygon", "coordinates": [[[-76.1919, 39.5266], [-76.1834, 39.5227], [-76.1686, 39.5219], [-76.1591, 39.5162], [-76.193, 39.4977], [-76.1962, 39.4979], [-76.1938, 39.5117], [-76.2007, 39.5191], [-76.1919, 39.5266]]]}}, {"type": "Feature", "properties": {"fips": "24025306400", "gap_national": -49.8, "gap_stratum": -43.0, "burden": 35.9, "capacity": 74.7, "svi": 0.1, "top_decile_gap": 0.0, "stratum": "metropolitan", "scored": 1}, "geometry": {"type": "Polygon", "coordinates": [[[-76.131, 39.5756], [-76.1146, 39.577], [-76.1061, 39.5805], [-76.0932, 39.5664], [-76.0991, 39.5636], [-76.113, 39.5405], [-76.1234, 39.5333], [-76.1267, 39.537], [-76.1261, 39.5432], [-76.1305, 39.5459], [-76.1306, 39.5522], [-76.1351, 39.5588], [-76.14, 39.5597], [-76.1418, 39.5669], [-76.131, 39.5756]]]}}, {"type": "Feature", "properties": {"fips": "24027605601", "gap_national": -52.2, "gap_stratum": -45.6, "burden": 34.3, "capacity": 75.1, "svi": 0.42, "top_decile_gap": 0.0, "stratum": "metropolitan", "scored": 1}, "geometry": {"type": "Polygon", "coordinates": [[[-76.905, 39.2136], [-76.8933, 39.2114], [-76.8874, 39.215], [-76.8846, 39.197], [-76.8961, 39.1883], [-76.898, 39.1957], [-76.9084, 39.2049], [-76.905, 39.2136]]]}}, {"type": "Feature", "properties": {"fips": "24027605401", "gap_national": -58.3, "gap_stratum": -55.6, "burden": 19.8, "capacity": 67.0, "svi": 0.23, "top_decile_gap": 0.0, "stratum": "metropolitan", "scored": 1}, "geometry": {"type": "Polygon", "coordinates": [[[-76.863, 39.2375], [-76.8374, 39.2398], [-76.8461, 39.2255], [-76.8533, 39.2265], [-76.8577, 39.2228], [-76.8678, 39.2269], [-76.8639, 39.2314], [-76.8685, 39.2357], [-76.863, 39.2375]]]}}, {"type": "Feature", "properties": {"fips": "24031703701", "gap_national": 39.2, "gap_stratum": 46.2, "burden": 50.5, "capacity": 18.4, "svi": 0.73, "top_decile_gap": 0.0, "stratum": "metropolitan", "scored": 1}, "geometry": {"type": "Polygon", "coordinates": [[[-77.0654, 39.0553], [-77.0649, 39.0591], [-77.052, 39.0577], [-77.0651, 39.045], [-77.0709, 39.0497], [-77.0654, 39.0553]]]}}, {"type": "Feature", "properties": {"fips": "24031703602", "gap_national": -65.4, "gap_stratum": -63.9, "burden": 13.7, "capacity": 67.5, "svi": 0.15, "top_decile_gap": 0.0, "stratum": "metropolitan", "scored": 1}, "geometry": {"type": "Polygon", "coordinates": [[[-77.0616, 39.0369], [-77.0625, 39.0328], [-77.0522, 39.0328], [-77.0506, 39.0295], [-77.0604, 39.0296], [-77.0601, 39.0261], [-77.0685, 39.0246], [-77.0684, 39.0353], [-77.0616, 39.0369]]]}}, {"type": "Feature", "properties": {"fips": "24031703502", "gap_national": -41.5, "gap_stratum": -38.7, "burden": 25.0, "capacity": 59.7, "svi": 0.34, "top_decile_gap": 0.0, "stratum": "metropolitan", "scored": 1}, "geometry": {"type": "Polygon", "coordinates": [[[-77.0795, 39.049], [-77.0752, 39.0494], [-77.0749, 39.0333], [-77.077, 39.0333], [-77.078, 39.0297], [-77.0849, 39.0328], [-77.0884, 39.0397], [-77.0795, 39.049]]]}}, {"type": "Feature", "properties": {"fips": "24031700616", "gap_national": -79.2, "gap_stratum": -77.0, "burden": 13.1, "capacity": 78.2, "svi": 0.08, "top_decile_gap": 0.0, "stratum": "metropolitan", "scored": 1}, "geometry": {"type": "Polygon", "coordinates": [[[-77.2464, 39.1159], [-77.2356, 39.1059], [-77.2374, 39.1072], [-77.2461, 39.1042], [-77.2496, 39.1003], [-77.2471, 39.0999], [-77.2495, 39.0935], [-77.2563, 39.1077], [-77.2593, 39.1086], [-77.2639, 39.1162], [-77.2615, 39.1178], [-77.2464, 39.1159]]]}}, {"type": "Feature", "properties": {"fips": "24031705300", "gap_national": -84.3, "gap_stratum": -81.6, "burden": 17.6, "capacity": 90.7, "svi": 0.01, "top_decile_gap": 0.0, "stratum": "metropolitan", "scored": 1}, "geometry": {"type": "Polygon", "coordinates": [[[-77.0835, 38.9689], [-77.083, 38.9725], [-77.0772, 38.9728], [-77.0773, 38.9767], [-77.0718, 38.9766], [-77.069, 38.9738], [-77.0838, 38.9624], [-77.0871, 38.9638], [-77.0888, 38.969], [-77.0835, 38.9689]]]}}, {"type": "Feature", "properties": {"fips": "24031705701", "gap_national": -73.7, "gap_stratum": -71.8, "burden": 12.7, "capacity": 73.0, "svi": 0.36, "top_decile_gap": 0.0, "stratum": "metropolitan", "scored": 1}, "geometry": {"type": "Polygon", "coordinates": [[[-77.1221, 38.9731], [-77.1035, 38.9647], [-77.1088, 38.9579], [-77.133, 38.9695], [-77.1221, 38.9731]]]}}, {"type": "Feature", "properties": {"fips": "24031700905", "gap_national": -48.5, "gap_stratum": -50.2, "burden": 6.8, "capacity": 52.4, "svi": 0.57, "top_decile_gap": 0.0, "stratum": "metropolitan", "scored": 1}, "geometry": {"type": "Polygon", "coordinates": [[[-77.1304, 39.0639], [-77.1266, 39.0593], [-77.1261, 39.0528], [-77.1381, 39.054], [-77.1304, 39.0639]]]}}, {"type": "Feature", "properties": {"fips": "24031701004", "gap_national": -54.3, "gap_stratum": -51.7, "burden": 20.6, "capacity": 64.9, "svi": 0.42, "top_decile_gap": 0.0, "stratum": "metropolitan", "scored": 1}, "geometry": {"type": "Polygon", "coordinates": [[[-77.1685, 39.1065], [-77.1584, 39.1066], [-77.1532, 39.0967], [-77.1614, 39.0934], [-77.1625, 39.0874], [-77.1739, 39.0888], [-77.179, 39.1011], [-77.1685, 39.1065]]]}}, {"type": "Feature", "properties": {"fips": "24031702301", "gap_national": 7.9, "gap_stratum": 11.8, "burden": 31.1, "capacity": 27.6, "svi": 0.8, "top_decile_gap": 0.0, "stratum": "metropolitan", "scored": 1}, "geometry": {"type": "Polygon", "coordinates": [[[-76.9998, 39.0049], [-76.9982, 38.9989], [-77.0059, 38.9959], [-77.0089, 38.9964], [-77.0098, 38.9997], [-76.9998, 39.0049]]]}}, {"type": "Feature", "properties": {"fips": "24031701002", "gap_national": -71.3, "gap_stratum": -66.4, "burden": 26.0, "capacity": 85.0, "svi": 0.24, "top_decile_gap": 0.0, "stratum": "metropolitan", "scored": 1}, "geometry": {"type": "Polygon", "coordinates": [[[-77.1734, 39.0676], [-77.1643, 39.0741], [-77.1575, 39.067], [-77.154, 39.0562], [-77.1785, 39.0571], [-77.1734, 39.0676]]]}}, {"type": "Feature", "properties": {"fips": "24031700832", "gap_national": 12.3, "gap_stratum": 17.3, "burden": 38.4, "capacity": 31.5, "svi": 0.8, "top_decile_gap": 0.0, "stratum": "metropolitan", "scored": 1}, "geometry": {"type": "Polygon", "coordinates": [[[-77.2386, 39.1811], [-77.2353, 39.1702], [-77.2285, 39.166], [-77.2327, 39.1608], [-77.2415, 39.1667], [-77.247, 39.1752], [-77.2386, 39.1811]]]}}, {"type": "Feature", "properties": {"fips": "24031701102", "gap_national": -21.2, "gap_stratum": -21.0, "burden": 17.7, "capacity": 39.6, "svi": 0.65, "top_decile_gap": 0.0, "stratum": "metropolitan", "scored": 1}, "geometry": {"type": "Polygon", "coordinates": [[[-77.1238, 39.0771], [-77.112, 39.0734], [-77.1145, 39.0669], [-77.1215, 39.0632], [-77.1415, 39.0805], [-77.1238, 39.0771]]]}}, {"type": "Feature", "properties": {"fips": "24031701205", "gap_national": -79.2, "gap_stratum": -77.1, "burden": 12.2, "capacity": 77.3, "svi": 0.13, "top_decile_gap": 0.0, "stratum": "metropolitan", "scored": 1}, "geometry": {"type": "Polygon", "coordinates": [[[-77.1261, 39.0528], [-77.1259, 39.0491], [-77.1192, 39.0483], [-77.1263, 39.0307], [-77.1253, 39.025], [-77.1427, 39.0217], [-77.1419, 39.0301], [-77.154, 39.0562], [-77.1261, 39.0528]]]}}, {"type": "Feature", "properties": {"fips": "24043001001", "gap_national": 29.8, "gap_stratum": 32.1, "burden": 78.3, "capacity": 53.2, "svi": 0.55, "top_decile_gap": 0.0, "stratum": "metropolitan", "scored": 1}, "geometry": {"type": "Polygon", "coordinates": [[[-77.7359, 39.6371], [-77.738, 39.6297], [-77.728, 39.6241], [-77.7308, 39.6124], [-77.7292, 39.6053], [-77.7544, 39.6064], [-77.7523, 39.6091], [-77.7552, 39.6128], [-77.756, 39.6234], [-77.7635, 39.6265], [-77.7359, 39.6371]]]}}, {"type": "Feature", "properties": {"fips": "24043000700", "gap_national": 60.4, "gap_stratum": 58.2, "burden": 94.7, "capacity": 41.6, "svi": 0.87, "top_decile_gap": 1.0, "stratum": "metropolitan", "scored": 1}, "geometry": {"type": "Polygon", "coordinates": [[[-77.7203, 39.642], [-77.7147, 39.6394], [-77.7171, 39.6332], [-77.7154, 39.6276], [-77.7216, 39.6228], [-77.728, 39.6241], [-77.7203, 39.642]]]}}, {"type": "Feature", "properties": {"fips": "24510270502", "gap_national": -21.3, "gap_stratum": -13.3, "burden": 53.6, "capacity": 68.4, "svi": 0.59, "top_decile_gap": 0.0, "stratum": "metropolitan", "scored": 1}, "geometry": {"type": "Polygon", "coordinates": [[[-76.5519, 39.3634], [-76.5298, 39.3556], [-76.5348, 39.3512], [-76.5577, 39.3567], [-76.5519, 39.3634]]]}}, {"type": "Feature", "properties": {"fips": "24510150900", "gap_national": -6.4, "gap_stratum": -1.6, "burden": 79.4, "capacity": 80.9, "svi": 0.51, "top_decile_gap": 0.0, "stratum": "metropolitan", "scored": 1}, "geometry": {"type": "Polygon", "coordinates": [[[-76.6855, 39.3128], [-76.6901, 39.3236], [-76.6826, 39.3258], [-76.6793, 39.3069], [-76.6741, 39.3063], [-76.674, 39.3026], [-76.6816, 39.3066], [-76.6872, 39.3055], [-76.69, 39.3124], [-76.6855, 39.3128]]]}}, {"type": "Feature", "properties": {"fips": "24510250303", "gap_national": 68.2, "gap_stratum": 68.2, "burden": 88.2, "capacity": 30.9, "svi": 0.91, "top_decile_gap": 1.0, "stratum": "metropolitan", "scored": 1}, "geometry": {"type": "Polygon", "coordinates": [[[-76.6484, 39.2713], [-76.6373, 39.2701], [-76.6498, 39.2603], [-76.655, 39.2712], [-76.6484, 39.2713]]]}}, {"type": "Feature", "properties": {"fips": "24510130803", "gap_national": -30.3, "gap_stratum": -30.2, "burden": 17.9, "capacity": 46.8, "svi": 0.24, "top_decile_gap": 0.0, "stratum": "metropolitan", "scored": 1}, "geometry": {"type": "Polygon", "coordinates": [[[-76.6472, 39.3452], [-76.6444, 39.3454], [-76.6403, 39.3434], [-76.6374, 39.3376], [-76.6446, 39.3348], [-76.6478, 39.3396], [-76.6472, 39.3452]]]}}, {"type": "Feature", "properties": {"fips": "24510120201", "gap_national": -39.5, "gap_stratum": -40.9, "burden": 10.0, "capacity": 47.9, "svi": 0.12, "top_decile_gap": 0.0, "stratum": "metropolitan", "scored": 1}, "geometry": {"type": "Polygon", "coordinates": [[[-76.6095, 39.331], [-76.6095, 39.3234], [-76.6132, 39.3234], [-76.615, 39.3327], [-76.6095, 39.331]]]}}, {"type": "Feature", "properties": {"fips": "24510170300", "gap_national": 29.8, "gap_stratum": 29.0, "burden": 98.1, "capacity": 64.1, "svi": 0.88, "top_decile_gap": 0.0, "stratum": "metropolitan", "scored": 1}, "geometry": {"type": "Polygon", "coordinates": [[[-76.6317, 39.3012], [-76.6262, 39.2967], [-76.6319, 39.2945], [-76.6345, 39.2991], [-76.6317, 39.3012]]]}}, {"type": "Feature", "properties": {"fips": "24510120300", "gap_national": 1.5, "gap_stratum": 6.2, "burden": 40.6, "capacity": 42.4, "svi": 0.63, "top_decile_gap": 0.0, "stratum": "metropolitan", "scored": 1}, "geometry": {"type": "Polygon", "coordinates": [[[-76.6095, 39.3234], [-76.6095, 39.3162], [-76.6153, 39.3164], [-76.6157, 39.3233], [-76.6095, 39.3234]]]}}, {"type": "Feature", "properties": {"fips": "24510270804", "gap_national": -26.2, "gap_stratum": -17.9, "burden": 52.0, "capacity": 70.7, "svi": 0.58, "top_decile_gap": 0.0, "stratum": "metropolitan", "scored": 1}, "geometry": {"type": "Polygon", "coordinates": [[[-76.6098, 39.3722], [-76.597, 39.3719], [-76.5998, 39.3693], [-76.5993, 39.3659], [-76.6055, 39.3646], [-76.61, 39.3651], [-76.6098, 39.3722]]]}}, {"type": "Feature", "properties": {"fips": "24510260101", "gap_national": -6.6, "gap_stratum": 0.5, "burden": 63.3, "capacity": 66.1, "svi": 0.63, "top_decile_gap": 0.0, "stratum": "metropolitan", "scored": 1}, "geometry": {"type": "Polygon", "coordinates": [[[-76.541, 39.3456], [-76.5298, 39.3556], [-76.5297, 39.3361], [-76.539, 39.3368], [-76.5448, 39.3429], [-76.541, 39.3456]]]}}, {"type": "Feature", "properties": {"fips": "24510261100", "gap_national": -37.7, "gap_stratum": -39.8, "burden": 4.6, "capacity": 43.8, "svi": 0.0, "top_decile_gap": 0.0, "stratum": "metropolitan", "scored": 1}, "geometry": {"type": "Polygon", "coordinates": [[[-76.5691, 39.2876], [-76.5685, 39.2784], [-76.571, 39.2783], [-76.5716, 39.2875], [-76.5691, 39.2876]]]}}, {"type": "Feature", "properties": {"fips": "24510250101", "gap_national": -17.2, "gap_stratum": -9.2, "burden": 58.5, "capacity": 69.6, "svi": 0.64, "top_decile_gap": 0.0, "stratum": "metropolitan", "scored": 1}, "geometry": {"type": "Polygon", "coordinates": [[[-76.7055, 39.2808], [-76.6937, 39.2814], [-76.6957, 39.2779], [-76.6927, 39.2718], [-76.7098, 39.2784], [-76.7055, 39.2808]]]}}, {"type": "Feature", "properties": {"fips": "24510260800", "gap_national": 34.8, "gap_stratum": 41.7, "burden": 44.1, "capacity": 15.0, "svi": 0.77, "top_decile_gap": 0.0, "stratum": "metropolitan", "scored": 1}, "geometry": {"type": "Polygon", "coordinates": [[[-76.5628, 39.2928], [-76.5625, 39.2878], [-76.5691, 39.2876], [-76.5694, 39.2925], [-76.5628, 39.2928]]]}}, {"type": "Feature", "properties": {"fips": "24510260302", "gap_national": 7.4, "gap_stratum": 10.1, "burden": 86.2, "capacity": 74.1, "svi": 0.6, "top_decile_gap": 0.0, "stratum": "metropolitan", "scored": 1}, "geometry": {"type": "Polygon", "coordinates": [[[-76.5717, 39.3203], [-76.5704, 39.3184], [-76.5577, 39.3214], [-76.555, 39.318], [-76.5637, 39.3136], [-76.5704, 39.3135], [-76.5731, 39.3145], [-76.5717, 39.3203]]]}}, {"type": "Feature", "properties": {"fips": "24510080500", "gap_national": 44.3, "gap_stratum": 42.2, "burden": 99.4, "capacity": 55.0, "svi": 0.63, "top_decile_gap": 0.0, "stratum": "metropolitan", "scored": 1}, "geometry": {"type": "Polygon", "coordinates": [[[-76.5949, 39.3172], [-76.5899, 39.3161], [-76.5887, 39.3124], [-76.5991, 39.313], [-76.5949, 39.3172]]]}}, {"type": "Feature", "properties": {"fips": "24510270302", "gap_national": -14.0, "gap_stratum": -6.3, "burden": 64.7, "capacity": 72.7, "svi": 0.54, "top_decile_gap": 0.0, "stratum": "metropolitan", "scored": 1}, "geometry": {"type": "Polygon", "coordinates": [[[-76.5634, 39.3501], [-76.5581, 39.3452], [-76.5674, 39.3396], [-76.5683, 39.3438], [-76.5634, 39.3501]]]}}, {"type": "Feature", "properties": {"fips": "24510130200", "gap_national": -9.5, "gap_stratum": -2.1, "burden": 61.4, "capacity": 66.6, "svi": 0.58, "top_decile_gap": 0.0, "stratum": "metropolitan", "scored": 1}, "geometry": {"type": "Polygon", "coordinates": [[[-76.6279, 39.3147], [-76.6233, 39.3108], [-76.6339, 39.3103], [-76.6356, 39.3139], [-76.6279, 39.3147]]]}}, {"type": "Feature", "properties": {"fips": "24510170100", "gap_national": 42.3, "gap_stratum": 42.5, "burden": 84.7, "capacity": 49.0, "svi": 0.76, "top_decile_gap": 0.0, "stratum": "metropolitan", "scored": 1}, "geometry": {"type": "Polygon", "coordinates": [[[-76.624, 39.2984], [-76.6203, 39.3018], [-76.6198, 39.2949], [-76.6273, 39.2956], [-76.624, 39.2984]]]}}, {"type": "Feature", "properties": {"fips": "24510100200", "gap_national": 60.4, "gap_stratum": 57.8, "burden": 98.5, "capacity": 43.4, "svi": 0.98, "top_decile_gap": 1.0, "stratum": "metropolitan", "scored": 1}, "geometry": {"type": "Polygon", "coordinates": [[[-76.5978, 39.3017], [-76.5976, 39.2983], [-76.6063, 39.2979], [-76.6064, 39.3014], [-76.5978, 39.3017]]]}}, {"type": "Feature", "properties": {"fips": "24510070200", "gap_national": 65.1, "gap_stratum": 63.3, "burden": 93.7, "capacity": 37.3, "svi": 0.93, "top_decile_gap": 1.0, "stratum": "metropolitan", "scored": 1}, "geometry": {"type": "Polygon", "coordinates": [[[-76.5783, 39.3025], [-76.578, 39.2969], [-76.5836, 39.2967], [-76.5854, 39.3023], [-76.5783, 39.3025]]]}}, {"type": "Feature", "properties": {"fips": "24510090400", "gap_national": 60.6, "gap_stratum": 58.7, "burden": 93.4, "capacity": 40.7, "svi": 0.71, "top_decile_gap": 1.0, "stratum": "metropolitan", "scored": 1}, "geometry": {"type": "Polygon", "coordinates": [[[-76.6089, 39.3265], [-76.6015, 39.3237], [-76.6058, 39.3195], [-76.6095, 39.3209], [-76.6089, 39.3265]]]}}, {"type": "Feature", "properties": {"fips": "24510250401", "gap_national": 60.0, "gap_stratum": 64.7, "burden": 71.9, "capacity": 22.9, "svi": 0.85, "top_decile_gap": 1.0, "stratum": "metropolitan", "scored": 1}, "geometry": {"type": "Polygon", "coordinates": [[[-76.6146, 39.2411], [-76.5956, 39.2391], [-76.5977, 39.2349], [-76.6024, 39.2363], [-76.6042, 39.2326], [-76.6082, 39.2311], [-76.6186, 39.2374], [-76.6146, 39.2411]]]}}, {"type": "Feature", "properties": {"fips": "24510030100", "gap_national": 63.6, "gap_stratum": 63.8, "burden": 86.3, "capacity": 33.5, "svi": 0.86, "top_decile_gap": 1.0, "stratum": "metropolitan", "scored": 1}, "geometry": {"type": "Polygon", "coordinates": [[[-76.5941, 39.294], [-76.5936, 39.2856], [-76.5992, 39.2853], [-76.5997, 39.2925], [-76.5941, 39.294]]]}}, {"type": "Feature", "properties": {"fips": "24045000300", "gap_national": 46.5, "gap_stratum": 44.2, "burden": 98.4, "capacity": 53.2, "svi": 0.96, "top_decile_gap": 0.0, "stratum": "metropolitan", "scored": 1}, "geometry": {"type": "Polygon", "coordinates": [[[-75.6076, 38.3718], [-75.6061, 38.3776], [-75.6002, 38.3767], [-75.6046, 38.3647], [-75.6074, 38.3633], [-75.6119, 38.3622], [-75.6177, 38.3676], [-75.6076, 38.3718]]]}}, {"type": "Feature", "properties": {"fips": "24013504100", "gap_national": -25.7, "gap_stratum": -18.0, "burden": 48.5, "capacity": 67.3, "svi": 0.07, "top_decile_gap": 0.0, "stratum": "metropolitan", "scored": 1}, "geometry": {"type": "Polygon", "coordinates": [[[-76.9506, 39.5634], [-76.9439, 39.5682], [-76.9213, 39.5572], [-76.9183, 39.5565], [-76.9152, 39.5603], [-76.9093, 39.5607], [-76.8846, 39.5577], [-76.8651, 39.55], [-76.8575, 39.529], [-76.8686, 39.489], [-76.8896, 39.4936], [-76.9157, 39.5218], [-76.9238, 39.5274], [-76.9347, 39.544], [-76.9566, 39.5538], [-76.9506, 39.5634]]]}}, {"type": "Feature", "properties": {"fips": "24017850902", "gap_national": -9.0, "gap_stratum": -1.7, "burden": 61.2, "capacity": 66.0, "svi": 0.23, "top_decile_gap": 0.0, "stratum": "metropolitan", "scored": 1}, "geometry": {"type": "Polygon", "coordinates": [[[-76.9366, 38.6008], [-76.9259, 38.6116], [-76.9074, 38.6011], [-76.9143, 38.5941], [-76.9203, 38.5817], [-76.9314, 38.5819], [-76.9414, 38.5914], [-76.9366, 38.6008]]]}}, {"type": "Feature", "properties": {"fips": "24035990200", "gap_national": null, "gap_stratum": null, "burden": null, "capacity": null, "svi": null, "top_decile_gap": null, "stratum": null, "scored": 0}, "geometry": {"type": "Polygon", "coordinates": [[[-76.1474, 39.0997], [-76.1482, 39.0933], [-76.1572, 39.0948], [-76.1474, 39.0997]]]}}, {"type": "Feature", "properties": {"fips": "24001000700", "gap_national": 39.5, "gap_stratum": 39.2, "burden": 90.3, "capacity": 54.2, "svi": 0.81, "top_decile_gap": 0.0, "stratum": "micropolitan", "scored": 1}, "geometry": {"type": "Polygon", "coordinates": [[[-78.7615, 39.6397], [-78.7527, 39.6388], [-78.745, 39.6352], [-78.7418, 39.6284], [-78.7384, 39.6273], [-78.7392, 39.6256], [-78.7651, 39.6326], [-78.7615, 39.6397]]]}}, {"type": "Feature", "properties": {"fips": "24005492402", "gap_national": -52.1, "gap_stratum": -45.4, "burden": 35.2, "capacity": 75.9, "svi": 0.48, "top_decile_gap": 0.0, "stratum": "metropolitan", "scored": 1}, "geometry": {"type": "Polygon", "coordinates": [[[-76.8266, 39.399], [-76.8184, 39.4046], [-76.8153, 39.4113], [-76.7993, 39.4099], [-76.8022, 39.4067], [-76.8009, 39.4014], [-76.8077, 39.398], [-76.8109, 39.3917], [-76.8187, 39.3998], [-76.8229, 39.3944], [-76.8221, 39.3907], [-76.83, 39.391], [-76.8301, 39.3991], [-76.8266, 39.399]]]}}, {"type": "Feature", "properties": {"fips": "24005411308", "gap_national": -58.9, "gap_stratum": -53.5, "burden": 28.5, "capacity": 75.1, "svi": 0.14, "top_decile_gap": 0.0, "stratum": "metropolitan", "scored": 1}, "geometry": {"type": "Polygon", "coordinates": [[[-76.4643, 39.4], [-76.4412, 39.4029], [-76.4414, 39.3936], [-76.4389, 39.3888], [-76.4458, 39.3823], [-76.469, 39.3874], [-76.4643, 39.4]]]}}, {"type": "Feature", "properties": {"fips": "24005980200", "gap_national": null, "gap_stratum": null, "burden": null, "capacity": null, "svi": null, "top_decile_gap": null, "stratum": null, "scored": 0}, "geometry": {"type": "Polygon", "coordinates": [[[-76.6926, 39.2276], [-76.6784, 39.2318], [-76.6687, 39.2392], [-76.6656, 39.2302], [-76.6775, 39.2218], [-76.6939, 39.219], [-76.6926, 39.2276]]]}}, {"type": "Feature", "properties": {"fips": "24005420702", "gap_national": 56.1, "gap_stratum": 58.7, "burden": 78.0, "capacity": 33.1, "svi": 0.75, "top_decile_gap": 1.0, "stratum": "metropolitan", "scored": 1}, "geometry": {"type": "Polygon", "coordinates": [[[-76.5187, 39.2747], [-76.5179, 39.2728], [-76.5296, 39.2723], [-76.5298, 39.2815], [-76.5187, 39.2747]]]}}, {"type": "Feature", "properties": {"fips": "24027602600", "gap_national": -20.1, "gap_stratum": -13.3, "burden": 47.0, "capacity": 62.3, "svi": 0.85, "top_decile_gap": 0.0, "stratum": "metropolitan", "scored": 1}, "geometry": {"type": "Polygon", "coordinates": [[[-76.8054, 39.2984], [-76.7965, 39.305], [-76.7791, 39.2971], [-76.7786, 39.295], [-76.7869, 39.2962], [-76.821, 39.2776], [-76.8255, 39.2966], [-76.8054, 39.2984]]]}}, {"type": "Feature", "properties": {"fips": "24027606607", "gap_national": -58.8, "gap_stratum": -53.0, "burden": 30.0, "capacity": 76.6, "svi": 0.3, "top_decile_gap": 0.0, "stratum": "metropolitan", "scored": 1}, "geometry": {"type": "Polygon", "coordinates": [[[-76.8075, 39.2226], [-76.8069, 39.2181], [-76.8159, 39.2096], [-76.8173, 39.2124], [-76.8217, 39.2134], [-76.8246, 39.2204], [-76.8284, 39.222], [-76.8271, 39.2273], [-76.8075, 39.2226]]]}}, {"type": "Feature", "properties": {"fips": "24021750802", "gap_national": -60.2, "gap_stratum": -53.2, "burden": 37.9, "capacity": 89.3, "svi": 0.25, "top_decile_gap": 0.0, "stratum": "metropolitan", "scored": 1}, "geometry": {"type": "Polygon", "coordinates": [[[-77.4016, 39.4642], [-77.3938, 39.4632], [-77.3926, 39.4654], [-77.3762, 39.4611], [-77.3702, 39.4525], [-77.4032, 39.4436], [-77.3993, 39.4544], [-77.4016, 39.4642]]]}}, {"type": "Feature", "properties": {"fips": "24021750801", "gap_national": -17.1, "gap_stratum": -12.0, "burden": 40.4, "capacity": 55.3, "svi": 0.46, "top_decile_gap": 0.0, "stratum": "metropolitan", "scored": 1}, "geometry": {"type": "Polygon", "coordinates": [[[-77.4032, 39.4436], [-77.3903, 39.4469], [-77.4031, 39.4354], [-77.4042, 39.4224], [-77.4151, 39.4242], [-77.4196, 39.4287], [-77.4032, 39.4436]]]}}, {"type": "Feature", "properties": {"fips": "24021751902", "gap_national": -61.1, "gap_stratum": -58.3, "burden": 19.4, "capacity": 68.7, "svi": 0.05, "top_decile_gap": 0.0, "stratum": "metropolitan", "scored": 1}, "geometry": {"type": "Polygon", "coordinates": [[[-77.3657, 39.4076], [-77.3591, 39.4105], [-77.3524, 39.408], [-77.3479, 39.4118], [-77.3469, 39.417], [-77.3417, 39.4144], [-77.3288, 39.4167], [-77.3161, 39.4147], [-77.3125, 39.4105], [-77.3248, 39.3965], [-77.3253, 39.3922], [-77.3659, 39.3992], [-77.3657, 39.4076]]]}}, {"type": "Feature", "properties": {"fips": "24003702206", "gap_national": -53.4, "gap_stratum": -51.2, "burden": 19.6, "capacity": 63.6, "svi": 0.17, "top_decile_gap": 0.0, "stratum": "metropolitan", "scored": 1}, "geometry": {"type": "Polygon", "coordinates": [[[-76.6735, 39.0192], [-76.6745, 39.0239], [-76.6579, 39.0238], [-76.6585, 39.0193], [-76.664, 39.0124], [-76.6629, 39.0], [-76.6717, 38.9951], [-76.6743, 39.002], [-76.6825, 39.0118], [-76.6735, 39.0192]]]}}, {"type": "Feature", "properties": {"fips": "24003740305", "gap_national": -33.8, "gap_stratum": -31.3, "burden": 26.5, "capacity": 55.8, "svi": 0.37, "top_decile_gap": 0.0, "stratum": "metropolitan", "scored": 1}, "geometry": {"type": "Polygon", "coordinates": [[[-76.7136, 39.1149], [-76.7167, 39.1177], [-76.7107, 39.1206], [-76.7034, 39.1097], [-76.6997, 39.1077], [-76.7013, 39.1016], [-76.7103, 39.0985], [-76.7171, 39.0922], [-76.72, 39.0948], [-76.7242, 39.1097], [-76.7136, 39.1149]]]}}, {"type": "Feature", "properties": {"fips": "24510271503", "gap_national": -51.1, "gap_stratum": -43.0, "burden": 48.8, "capacity": 97.7, "svi": 0.13, "top_decile_gap": 0.0, "stratum": "metropolitan", "scored": 1}, "geometry": {"type": "Polygon", "coordinates": [[[-76.6463, 39.3614], [-76.6403, 39.3434], [-76.6472, 39.3452], [-76.6465, 39.3503], [-76.6506, 39.3605], [-76.6463, 39.3614]]]}}, {"type": "Feature", "properties": {"fips": "24510130805", "gap_national": -3.1, "gap_stratum": -0.4, "burden": 86.2, "capacity": 84.8, "svi": 0.8, "top_decile_gap": 0.0, "stratum": "metropolitan", "scored": 1}, "geometry": {"type": "Polygon", "coordinates": [[[-76.6506, 39.3605], [-76.6465, 39.3503], [-76.6472, 39.3452], [-76.6582, 39.3409], [-76.6604, 39.3552], [-76.6506, 39.3605]]]}}, {"type": "Feature", "properties": {"fips": "24510040200", "gap_national": 0.3, "gap_stratum": 1.9, "burden": 19.1, "capacity": 21.3, "svi": 0.47, "top_decile_gap": 0.0, "stratum": "metropolitan", "scored": 1}, "geometry": {"type": "Polygon", "coordinates": [[[-76.6277, 39.2946], [-76.6226, 39.2948], [-76.6221, 39.2863], [-76.6275, 39.2861], [-76.6277, 39.2946]]]}}, {"type": "Feature", "properties": {"fips": "24047950000", "gap_national": 5.5, "gap_stratum": -11.6, "burden": 75.1, "capacity": 67.0, "svi": 0.89, "top_decile_gap": 0.0, "stratum": "micropolitan", "scored": 1}, "geometry": {"type": "Polygon", "coordinates": [[[-75.0706, 38.3611], [-75.0858, 38.324], [-75.0906, 38.3244], [-75.0931, 38.3277], [-75.0939, 38.3546], [-75.0995, 38.3683], [-75.0706, 38.3611]]]}}, {"type": "Feature", "properties": {"fips": "24033801217", "gap_national": -1.0, "gap_stratum": 4.5, "burden": 75.2, "capacity": 71.9, "svi": 0.62, "top_decile_gap": 0.0, "stratum": "metropolitan", "scored": 1}, "geometry": {"type": "Polygon", "coordinates": [[[-76.9071, 38.769], [-76.8919, 38.777], [-76.8871, 38.7748], [-76.879, 38.7571], [-76.8795, 38.7505], [-76.895, 38.7566], [-76.8981, 38.7653], [-76.9144, 38.7616], [-76.9146, 38.7672], [-76.9187, 38.767], [-76.9071, 38.769]]]}}, {"type": "Feature", "properties": {"fips": "24025303203", "gap_national": -47.6, "gap_stratum": -39.8, "burden": 41.0, "capacity": 78.0, "svi": 0.23, "top_decile_gap": 0.0, "stratum": "metropolitan", "scored": 1}, "geometry": {"type": "Polygon", "coordinates": [[[-76.3571, 39.5708], [-76.3575, 39.564], [-76.3674, 39.5551], [-76.3865, 39.576], [-76.3571, 39.5708]]]}}, {"type": "Feature", "properties": {"fips": "24033807409", "gap_national": 34.2, "gap_stratum": 40.8, "burden": 53.5, "capacity": 27.2, "svi": 0.93, "top_decile_gap": 0.0, "stratum": "metropolitan", "scored": 1}, "geometry": {"type": "Polygon", "coordinates": [[[-76.9556, 39.0399], [-76.9477, 39.0397], [-76.9309, 39.0507], [-76.94, 39.0362], [-76.9477, 39.0297], [-76.9494, 39.024], [-76.9523, 39.0277], [-76.9509, 39.0308], [-76.9621, 39.0312], [-76.9556, 39.0399]]]}}, {"type": "Feature", "properties": {"fips": "24031700614", "gap_national": -21.1, "gap_stratum": -19.6, "burden": 24.1, "capacity": 45.1, "svi": 0.77, "top_decile_gap": 0.0, "stratum": "metropolitan", "scored": 1}, "geometry": {"type": "Polygon", "coordinates": [[[-77.2755, 39.1591], [-77.2511, 39.154], [-77.2571, 39.1518], [-77.26, 39.1464], [-77.2681, 39.1444], [-77.2676, 39.1414], [-77.2696, 39.1401], [-77.2785, 39.1527], [-77.2755, 39.1591]]]}}, {"type": "Feature", "properties": {"fips": "24031704403", "gap_national": -73.2, "gap_stratum": -68.2, "burden": 27.7, "capacity": 91.1, "svi": 0.28, "top_decile_gap": 0.0, "stratum": "metropolitan", "scored": 1}, "geometry": {"type": "Polygon", "coordinates": [[[-77.1058, 39.0188], [-77.0973, 39.016], [-77.1061, 39.0143], [-77.1088, 39.0181], [-77.1058, 39.0188]]]}}, {"type": "Feature", "properties": {"fips": "24031700824", "gap_national": -73.2, "gap_stratum": -72.2, "burden": 8.9, "capacity": 70.1, "svi": 0.12, "top_decile_gap": 0.0, "stratum": "metropolitan", "scored": 1}, "geometry": {"type": "Polygon", "coordinates": [[[-77.2453, 39.1262], [-77.2402, 39.124], [-77.2389, 39.1166], [-77.2429, 39.1138], [-77.2528, 39.1179], [-77.2453, 39.1262]]]}}, {"type": "Feature", "properties": {"fips": "24031703216", "gap_national": -17.5, "gap_stratum": -11.2, "burden": 72.6, "capacity": 85.7, "svi": 0.67, "top_decile_gap": 0.0, "stratum": "metropolitan", "scored": 1}, "geometry": {"type": "Polygon", "coordinates": [[[-77.0769, 39.1013], [-77.0731, 39.1028], [-77.0644, 39.1009], [-77.0587, 39.1038], [-77.0623, 39.1009], [-77.0649, 39.0914], [-77.0795, 39.0932], [-77.0769, 39.1013]]]}}, {"type": "Feature", "properties": {"fips": "24031701508", "gap_national": 15.6, "gap_stratum": 21.2, "burden": 54.2, "capacity": 43.7, "svi": 0.8, "top_decile_gap": 0.0, "stratum": "metropolitan", "scored": 1}, "geometry": {"type": "Polygon", "coordinates": [[[-76.9794, 39.0511], [-76.9737, 39.0475], [-76.9724, 39.0429], [-76.9682, 39.0431], [-76.968, 39.0413], [-76.9799, 39.0398], [-76.9816, 39.0455], [-76.9869, 39.0465], [-76.9794, 39.0511]]]}}, {"type": "Feature", "properties": {"fips": "24031700718", "gap_national": -66.2, "gap_stratum": -61.9, "burden": 23.0, "capacity": 76.0, "svi": 0.53, "top_decile_gap": 0.0, "stratum": "metropolitan", "scored": 1}, "geometry": {"type": "Polygon", "coordinates": [[[-77.1918, 39.1232], [-77.1829, 39.1207], [-77.1784, 39.1232], [-77.1661, 39.1157], [-77.1841, 39.1078], [-77.1983, 39.1218], [-77.1918, 39.1232]]]}}, {"type": "Feature", "properties": {"fips": "24017850713", "gap_national": -34.1, "gap_stratum": -26.1, "burden": 46.2, "capacity": 71.7, "svi": 0.16, "top_decile_gap": 0.0, "stratum": "metropolitan", "scored": 1}, "geometry": {"type": "Polygon", "coordinates": [[[-77.0145, 38.5936], [-77.0168, 38.6014], [-77.0105, 38.6156], [-77.0155, 38.6238], [-77.0145, 38.6413], [-76.9963, 38.6531], [-76.9986, 38.6547], [-76.9913, 38.6571], [-76.9847, 38.6576], [-76.9778, 38.6524], [-76.9726, 38.652], [-76.9589, 38.6399], [-76.9677, 38.6291], [-76.9686, 38.6209], [-76.9757, 38.6086], [-76.981, 38.5922], [-77.0167, 38.5876], [-77.0145, 38.5936]]]}}, {"type": "Feature", "properties": {"fips": "24021765100", "gap_national": 10.8, "gap_stratum": 16.5, "burden": 57.0, "capacity": 49.5, "svi": 0.61, "top_decile_gap": 0.0, "stratum": "metropolitan", "scored": 1}, "geometry": {"type": "Polygon", "coordinates": [[[-77.4326, 39.406], [-77.4359, 39.4106], [-77.4349, 39.4153], [-77.4209, 39.4126], [-77.4213, 39.4106], [-77.4118, 39.4078], [-77.4093, 39.3999], [-77.4353, 39.398], [-77.4403, 39.3994], [-77.4326, 39.406]]]}}, {"type": "Feature", "properties": {"fips": "24047951101", "gap_national": -28.9, "gap_stratum": -52.1, "burden": 67.1, "capacity": 94.9, "svi": 0.47, "top_decile_gap": 0.0, "stratum": "micropolitan", "scored": 1}, "geometry": {"type": "Polygon", "coordinates": [[[-75.1635, 38.3759], [-75.1609, 38.3764], [-75.1598, 38.3809], [-75.1542, 38.3807], [-75.1411, 38.3726], [-75.1334, 38.3708], [-75.1093, 38.3844], [-75.1066, 38.3823], [-75.1177, 38.3763], [-75.1369, 38.3563], [-75.1533, 38.3539], [-75.1689, 38.3586], [-75.1635, 38.3759]]]}}, {"type": "Feature", "properties": {"fips": "24003740703", "gap_national": -66.8, "gap_stratum": -64.5, "burden": 16.2, "capacity": 70.3, "svi": 0.05, "top_decile_gap": 0.0, "stratum": "metropolitan", "scored": 1}, "geometry": {"type": "Polygon", "coordinates": [[[-76.7065, 39.068], [-76.6973, 39.062], [-76.696, 39.0534], [-76.6915, 39.0491], [-76.6945, 39.0461], [-76.6984, 39.0462], [-76.7038, 39.0524], [-76.7064, 39.0503], [-76.7142, 39.053], [-76.7065, 39.068]]]}}, {"type": "Feature", "properties": {"fips": "24003730513", "gap_national": 11.3, "gap_stratum": 17.0, "burden": 56.5, "capacity": 48.8, "svi": 0.64, "top_decile_gap": 0.0, "stratum": "metropolitan", "scored": 1}, "geometry": {"type": "Polygon", "coordinates": [[[-76.6352, 39.1295], [-76.6309, 39.1297], [-76.6315, 39.1226], [-76.637, 39.1188], [-76.6401, 39.1261], [-76.6352, 39.1295]]]}}, {"type": "Feature", "properties": {"fips": "24003702704", "gap_national": -14.8, "gap_stratum": -14.1, "burden": 18.8, "capacity": 35.4, "svi": 0.26, "top_decile_gap": 0.0, "stratum": "metropolitan", "scored": 1}, "geometry": {"type": "Polygon", "coordinates": [[[-76.5276, 38.9964], [-76.5255, 38.9914], [-76.5359, 38.9832], [-76.5479, 38.9859], [-76.5486, 38.9915], [-76.5276, 38.9964]]]}}, {"type": "Feature", "properties": {"fips": "24003730514", "gap_national": -11.9, "gap_stratum": -9.5, "burden": 28.9, "capacity": 42.3, "svi": 0.82, "top_decile_gap": 0.0, "stratum": "metropolitan", "scored": 1}, "geometry": {"type": "Polygon", "coordinates": [[[-76.6345, 39.1356], [-76.6302, 39.133], [-76.6309, 39.1297], [-76.6352, 39.1295], [-76.639, 39.1257], [-76.6407, 39.1288], [-76.6345, 39.1356]]]}}, {"type": "Feature", "properties": {"fips": "24003706102", "gap_national": -35.6, "gap_stratum": -27.0, "burden": 56.4, "capacity": 84.6, "svi": 0.74, "top_decile_gap": 0.0, "stratum": "metropolitan", "scored": 1}, "geometry": {"type": "Polygon", "coordinates": [[[-76.4971, 38.983], [-76.4921, 38.9795], [-76.4933, 38.9784], [-76.489, 38.9761], [-76.4871, 38.9774], [-76.4856, 38.973], [-76.4964, 38.9717], [-76.4998, 38.973], [-76.4967, 38.9785], [-76.5036, 38.9796], [-76.4971, 38.983]]]}}, {"type": "Feature", "properties": {"fips": "24005402409", "gap_national": 6.8, "gap_stratum": 12.5, "burden": 52.2, "capacity": 48.4, "svi": 0.73, "top_decile_gap": 0.0, "stratum": "metropolitan", "scored": 1}, "geometry": {"type": "Polygon", "coordinates": [[[-76.7633, 39.3363], [-76.7597, 39.3343], [-76.7593, 39.3262], [-76.7685, 39.3299], [-76.7633, 39.3363]]]}}, {"type": "Feature", "properties": {"fips": "24015030908", "gap_national": 15.1, "gap_stratum": 20.7, "burden": 57.0, "capacity": 46.6, "svi": 0.31, "top_decile_gap": 0.0, "stratum": "metropolitan", "scored": 1}, "geometry": {"type": "Polygon", "coordinates": [[[-76.025, 39.5941], [-76.0302, 39.6061], [-76.0153, 39.6095], [-75.9848, 39.6253], [-75.9633, 39.6288], [-75.9325, 39.6438], [-75.9291, 39.6366], [-75.9235, 39.6358], [-75.9192, 39.6322], [-75.916, 39.6336], [-75.8936, 39.6219], [-75.9003, 39.6194], [-75.9085, 39.6107], [-75.9388, 39.6118], [-76.0132, 39.5845], [-76.0312, 39.5809], [-76.025, 39.5941]]]}}, {"type": "Feature", "properties": {"fips": "24033803519", "gap_national": -14.2, "gap_stratum": -8.1, "burden": 46.2, "capacity": 57.9, "svi": 0.53, "top_decile_gap": 0.0, "stratum": "metropolitan", "scored": 1}, "geometry": {"type": "Polygon", "coordinates": [[[-76.8761, 38.899], [-76.869, 38.9008], [-76.8575, 38.8992], [-76.8563, 38.9065], [-76.8529, 38.9073], [-76.85, 38.907], [-76.8505, 38.9007], [-76.8473, 38.8922], [-76.8773, 38.8887], [-76.8789, 38.8947], [-76.8761, 38.899]]]}}, {"type": "Feature", "properties": {"fips": "24033803514", "gap_national": -39.9, "gap_stratum": -33.6, "burden": 37.1, "capacity": 68.2, "svi": 0.39, "top_decile_gap": 0.0, "stratum": "metropolitan", "scored": 1}, "geometry": {"type": "Polygon", "coordinates": [[[-76.8387, 38.9128], [-76.8321, 38.9166], [-76.8227, 38.8991], [-76.832, 38.8983], [-76.8473, 38.8922], [-76.8505, 38.9007], [-76.8518, 38.9172], [-76.8387, 38.9128]]]}}, {"type": "Feature", "properties": {"fips": "24033803700", "gap_national": 34.6, "gap_stratum": 41.4, "burden": 49.8, "capacity": 22.3, "svi": 0.74, "top_decile_gap": 0.0, "stratum": "metropolitan", "scored": 1}, "geometry": {"type": "Polygon", "coordinates": [[[-76.8883, 38.9482], [-76.8814, 38.9456], [-76.8808, 38.9434], [-76.8865, 38.9374], [-76.8976, 38.9455], [-76.8883, 38.9482]]]}}, {"type": "Feature", "properties": {"fips": "24033800505", "gap_national": -37.9, "gap_stratum": -33.0, "burden": 32.7, "capacity": 63.2, "svi": 0.11, "top_decile_gap": 0.0, "stratum": "metropolitan", "scored": 1}, "geometry": {"type": "Polygon", "coordinates": [[[-76.7379, 38.9639], [-76.7272, 38.9615], [-76.7172, 38.9631], [-76.7175, 38.9552], [-76.7433, 38.9531], [-76.7452, 38.9562], [-76.7379, 38.9639]]]}}, {"type": "Feature", "properties": {"fips": "24033805500", "gap_national": 62.6, "gap_stratum": 69.6, "burden": 64.5, "capacity": 10.0, "svi": 0.94, "top_decile_gap": 1.0, "stratum": "metropolitan", "scored": 1}, "geometry": {"type": "Polygon", "coordinates": [[[-76.986, 38.9776], [-76.9848, 38.9872], [-76.9783, 38.9836], [-76.9728, 38.9841], [-76.9786, 38.9787], [-76.9796, 38.9723], [-76.9905, 38.9756], [-76.986, 38.9776]]]}}, {"type": "Feature", "properties": {"fips": "24033800109", "gap_national": 44.1, "gap_stratum": 50.7, "burden": 59.0, "capacity": 23.6, "svi": 0.86, "top_decile_gap": 0.0, "stratum": "metropolitan", "scored": 1}, "geometry": {"type": "Polygon", "coordinates": [[[-76.8711, 39.1029], [-76.8547, 39.1011], [-76.8498, 39.0982], [-76.8581, 39.0999], [-76.8699, 39.0967], [-76.8704, 39.0936], [-76.8757, 39.0943], [-76.8711, 39.1029]]]}}, {"type": "Feature", "properties": {"fips": "24027606901", "gap_national": -11.8, "gap_stratum": -6.6, "burden": 42.1, "capacity": 53.2, "svi": 0.73, "top_decile_gap": 0.0, "stratum": "metropolitan", "scored": 1}, "geometry": {"type": "Polygon", "coordinates": [[[-76.8183, 39.1616], [-76.7905, 39.1777], [-76.7817, 39.1663], [-76.777, 39.1509], [-76.7826, 39.1438], [-76.7865, 39.1295], [-76.7905, 39.1255], [-76.8188, 39.1426], [-76.8294, 39.1588], [-76.8183, 39.1616]]]}}, {"type": "Feature", "properties": {"fips": "24031703214", "gap_national": 31.9, "gap_stratum": 38.5, "burden": 47.6, "capacity": 22.5, "svi": 0.96, "top_decile_gap": 0.0, "stratum": "metropolitan", "scored": 1}, "geometry": {"type": "Polygon", "coordinates": [[[-77.0703, 39.0919], [-77.0591, 39.0906], [-77.0573, 39.0855], [-77.0589, 39.0808], [-77.0707, 39.0776], [-77.0777, 39.0837], [-77.0703, 39.0919]]]}}, {"type": "Feature", "properties": {"fips": "24031701313", "gap_national": -50.8, "gap_stratum": -46.6, "burden": 26.4, "capacity": 67.1, "svi": 0.2, "top_decile_gap": 0.0, "stratum": "metropolitan", "scored": 1}, "geometry": {"type": "Polygon", "coordinates": [[[-77.0869, 39.1474], [-77.0824, 39.1413], [-77.0674, 39.1427], [-77.0722, 39.1261], [-77.0795, 39.1268], [-77.0924, 39.1439], [-77.0869, 39.1474]]]}}, {"type": "Feature", "properties": {"fips": "24031705903", "gap_national": -84.4, "gap_stratum": -82.1, "burden": 14.7, "capacity": 85.9, "svi": 0.01, "top_decile_gap": 0.0, "stratum": "metropolitan", "scored": 1}, "geometry": {"type": "Polygon", "coordinates": [[[-77.1177, 38.9913], [-77.1143, 38.9833], [-77.1068, 38.9772], [-77.1221, 38.9731], [-77.1377, 38.9836], [-77.1177, 38.9913]]]}}, {"type": "Feature", "properties": {"fips": "24031701210", "gap_national": -83.0, "gap_stratum": -80.2, "burden": 17.7, "capacity": 88.7, "svi": 0.04, "top_decile_gap": 0.0, "stratum": "metropolitan", "scored": 1}, "geometry": {"type": "Polygon", "coordinates": [[[-77.1839, 39.073], [-77.17, 39.0698], [-77.1817, 39.055], [-77.1987, 39.0584], [-77.1839, 39.073]]]}}, {"type": "Feature", "properties": {"fips": "24039930500", "gap_national": -15.4, "gap_stratum": -48.0, "burden": 70.7, "capacity": 80.6, "svi": 0.29, "top_decile_gap": 0.0, "stratum": "rural", "scored": 1}, "geometry": {"type": "Polygon", "coordinates": [[[-75.8931, 37.9286], [-75.8899, 37.9537], [-75.8778, 37.9502], [-75.8657, 37.9515], [-75.8621, 37.9565], [-75.8471, 37.9644], [-75.8439, 37.9724], [-75.8361, 37.976], [-75.8338, 37.975], [-75.8307, 37.9856], [-75.8228, 37.9838], [-75.8239, 37.9907], [-75.837, 37.9897], [-75.8446, 37.9907], [-75.8518, 37.9953], [-75.8561, 37.9948], [-75.8432, 38.0219], [-75.8409, 38.0228], [-75.8422, 38.0289], [-75.8343, 38.033], [-75.8264, 38.0459], [-75.8226, 38.0467], [-75.8189, 38.0441], [-75.8056, 38.0529], [-75.8049, 38.0501], [-75.8024, 38.0504], [-75.7922, 38.0565], [-75.7893, 38.0616], [-75.7803, 38.0651], [-75.7737, 38.0771], [-75.7773, 38.0795], [-75.7818, 38.079], [-75.7834, 38.0823], [-75.7724, 38.0957], [-75.7624, 38.0881], [-75.7526, 38.0895], [-75.7467, 38.0879], [-75.7488, 38.0856], [-75.7449, 38.0759], [-75.7358, 38.0732], [-75.7104, 38.0744], [-75.6859, 38.0648], [-75.682, 38.072], [-75.6663, 38.0824], [-75.6617, 38.0789], [-75.6493, 38.0777], [-75.6477, 38.0732], [-75.6497, 38.0636], [-75.658, 38.0564], [-75.6513, 38.0543], [-75.6516, 38.0525], [-75.6563, 38.0522], [-75.6618, 38.0419], [-75.6592, 38.0344], [-75.6558, 38.0298], [-75.6492, 38.0264], [-75.6459, 38.0206], [-75.6393, 38.023], [-75.635, 38.0213], [-75.6316, 38.0176], [-75.6319, 38.0127], [-75.6289, 38.0074], [-75.6236, 38.009], [-75.6195, 38.0055], [-75.6256, 37.9898], [-75.6338, 37.9845], [-75.6288, 37.9768], [-75.631, 37.9757], [-75.6382, 37.9794], [-75.6447, 37.9698], [-75.6561, 37.9628], [-75.6581, 37.9595], [-75.6554, 37.9537], [-75.6717, 37.9666], [-75.6904, 37.9669], [-75.7131, 37.9766], [-75.7152, 37.9782], [-75.7129, 37.9885], [-75.7161, 37.989], [-75.7239, 37.9836], [-75.7218, 37.9801], [-75.7227, 37.9713], [-75.7365, 37.9632], [-75.74, 37.9684], [-75.7402, 37.9745], [-75.737, 37.9767], [-75.7387, 37.9818], [-75.7371, 37.983], [-75.7468, 37.9877], [-75.7482, 37.9865], [-75.7451, 37.9805], [-75.754, 37.9758], [-75.7455, 37.9716], [-75.7465, 37.9698], [-75.7838, 37.9726], [-75.8037, 37.9556], [-75.8093, 37.9552], [-75.8137, 37.9595], [-75.8119, 37.9622], [-75.8132, 37.9664], [-75.8187, 37.9672], [-75.824, 37.9608], [-75.8261, 37.9528], [-75.8186, 37.9464], [-75.8184, 37.9412], [-75.8209, 37.9389], [-75.8299, 37.9386], [-75.8332, 37.9308], [-75.8555, 37.9226], [-75.8607, 37.9183], [-75.8777, 37.9161], [-75.885, 37.9117], [-75.8927, 37.9168], [-75.8973, 37.9263], [-75.8931, 37.9286]]]}}, {"type": "Feature", "properties": {"fips": "24041960400", "gap_national": 1.7, "gap_stratum": -20.9, "burden": 68.3, "capacity": 64.5, "svi": 0.88, "top_decile_gap": 0.0, "stratum": "micropolitan", "scored": 1}, "geometry": {"type": "Polygon", "coordinates": [[[-76.0758, 38.7791], [-76.0669, 38.7902], [-76.0601, 38.8127], [-76.0604, 38.7658], [-76.0693, 38.7394], [-76.0719, 38.7608], [-76.0757, 38.7675], [-76.0758, 38.7791]]]}}, {"type": "Feature", "properties": {"fips": "24043000100", "gap_national": 3.1, "gap_stratum": 9.2, "burden": 67.5, "capacity": 62.9, "svi": 0.73, "top_decile_gap": 0.0, "stratum": "metropolitan", "scored": 1}, "geometry": {"type": "Polygon", "coordinates": [[[-77.7046, 39.6623], [-77.6886, 39.6578], [-77.6888, 39.6515], [-77.7066, 39.6497], [-77.7126, 39.6517], [-77.7046, 39.6623]]]}}, {"type": "Feature", "properties": {"fips": "24003731308", "gap_national": -9.5, "gap_stratum": -3.1, "burden": 50.3, "capacity": 57.9, "svi": 0.08, "top_decile_gap": 0.0, "stratum": "metropolitan", "scored": 1}, "geometry": {"type": "Polygon", "coordinates": [[[-76.5206, 39.1683], [-76.5149, 39.17], [-76.5148, 39.1728], [-76.5124, 39.1725], [-76.5037, 39.166], [-76.5007, 39.1594], [-76.5066, 39.1573], [-76.5148, 39.1599], [-76.5162, 39.1572], [-76.5248, 39.163], [-76.5206, 39.1683]]]}}, {"type": "Feature", "properties": {"fips": "24510271600", "gap_national": 25.5, "gap_stratum": 25.9, "burden": 90.4, "capacity": 63.5, "svi": 0.92, "top_decile_gap": 0.0, "stratum": "metropolitan", "scored": 1}, "geometry": {"type": "Polygon", "coordinates": [[[-76.6689, 39.3466], [-76.6594, 39.3465], [-76.6572, 39.3423], [-76.6679, 39.3389], [-76.6738, 39.341], [-76.6689, 39.3466]]]}}, {"type": "Feature", "properties": {"fips": "24510280500", "gap_national": 47.8, "gap_stratum": 45.5, "burden": 99.7, "capacity": 52.7, "svi": 0.94, "top_decile_gap": 0.0, "stratum": "metropolitan", "scored": 1}, "geometry": {"type": "Polygon", "coordinates": [[[-76.5944, 39.2984], [-76.5941, 39.294], [-76.6064, 39.2907], [-76.6105, 39.2935], [-76.6113, 39.2977], [-76.5944, 39.2984]]]}}, {"type": "Feature", "properties": {"fips": "24510271002", "gap_national": 5.9, "gap_stratum": 9.2, "burden": 84.0, "capacity": 73.6, "svi": 0.89, "top_decile_gap": 0.0, "stratum": "metropolitan", "scored": 1}, "geometry": {"type": "Polygon", "coordinates": [[[-76.5983, 39.3542], [-76.5997, 39.3451], [-76.6097, 39.3462], [-76.61, 39.3555], [-76.5983, 39.3542]]]}}, {"type": "Feature", "properties": {"fips": "24510190100", "gap_national": 43.1, "gap_stratum": 41.4, "burden": 94.1, "capacity": 53.7, "svi": 0.96, "top_decile_gap": 0.0, "stratum": "metropolitan", "scored": 1}, "geometry": {"type": "Polygon", "coordinates": [[[-76.6385, 39.2942], [-76.6382, 39.2886], [-76.6452, 39.2882], [-76.6455, 39.2939], [-76.6385, 39.2942]]]}}, {"type": "Feature", "properties": {"fips": "24510240300", "gap_national": -32.9, "gap_stratum": -35.1, "burden": 3.5, "capacity": 39.7, "svi": 0.02, "top_decile_gap": 0.0, "stratum": "metropolitan", "scored": 1}, "geometry": {"type": "Polygon", "coordinates": [[[-76.6092, 39.279], [-76.6084, 39.2729], [-76.6118, 39.2727], [-76.6126, 39.2789], [-76.6092, 39.279]]]}}, {"type": "Feature", "properties": {"fips": "24510160100", "gap_national": 23.5, "gap_stratum": 23.3, "burden": 97.9, "capacity": 68.4, "svi": 0.82, "top_decile_gap": 0.0, "stratum": "metropolitan", "scored": 1}, "geometry": {"type": "Polygon", "coordinates": [[[-76.6368, 39.3034], [-76.6319, 39.2945], [-76.6385, 39.2942], [-76.639, 39.3034], [-76.6368, 39.3034]]]}}, {"type": "Feature", "properties": {"fips": "24005452400", "gap_national": -7.3, "gap_stratum": -0.1, "burden": 62.3, "capacity": 65.7, "svi": 0.52, "top_decile_gap": 0.0, "stratum": "metropolitan", "scored": 1}, "geometry": {"type": "Polygon", "coordinates": [[[-76.4893, 39.3019], [-76.4559, 39.2819], [-76.4435, 39.2808], [-76.4462, 39.264], [-76.4423, 39.2528], [-76.4475, 39.2464], [-76.454, 39.2469], [-76.4594, 39.2424], [-76.4856, 39.2469], [-76.4886, 39.2491], [-76.4791, 39.254], [-76.4769, 39.2609], [-76.4618, 39.2565], [-76.4713, 39.2717], [-76.474, 39.2748], [-76.5198, 39.2925], [-76.4893, 39.3019]]]}}, {"type": "Feature", "properties": {"fips": "24005403201", "gap_national": -9.2, "gap_stratum": -4.3, "burden": 78.6, "capacity": 83.3, "svi": 0.65, "top_decile_gap": 0.0, "stratum": "metropolitan", "scored": 1}, "geometry": {"type": "Polygon", "coordinates": [[[-76.7215, 39.3631], [-76.7195, 39.3576], [-76.7112, 39.3544], [-76.7114, 39.3495], [-76.716, 39.3462], [-76.7202, 39.3495], [-76.7229, 39.3475], [-76.7337, 39.362], [-76.7215, 39.3631]]]}}, {"type": "Feature", "properties": {"fips": "24005420100", "gap_national": 12.0, "gap_stratum": 17.4, "burden": 61.5, "capacity": 52.3, "svi": 0.31, "top_decile_gap": 0.0, "stratum": "metropolitan", "scored": 1}, "geometry": {"type": "Polygon", "coordinates": [[[-76.5053, 39.2881], [-76.4871, 39.2785], [-76.494, 39.2732], [-76.503, 39.2706], [-76.5065, 39.2856], [-76.5053, 39.2881]]]}}, {"type": "Feature", "properties": {"fips": "24005492102", "gap_national": -29.6, "gap_stratum": -24.8, "burden": 35.5, "capacity": 59.8, "svi": 0.05, "top_decile_gap": 0.0, "stratum": "metropolitan", "scored": 1}, "geometry": {"type": "Polygon", "coordinates": [[[-76.5584, 39.3757], [-76.5563, 39.3804], [-76.5428, 39.3738], [-76.5451, 39.3721], [-76.5689, 39.3729], [-76.5584, 39.3757]]]}}, {"type": "Feature", "properties": {"fips": "24005440900", "gap_national": -22.2, "gap_stratum": -15.9, "burden": 43.6, "capacity": 61.2, "svi": 0.68, "top_decile_gap": 0.0, "stratum": "metropolitan", "scored": 1}, "geometry": {"type": "Polygon", "coordinates": [[[-76.4968, 39.35], [-76.4937, 39.3459], [-76.4942, 39.3396], [-76.4918, 39.3361], [-76.4957, 39.3335], [-76.514, 39.3415], [-76.4968, 39.35]]]}}, {"type": "Feature", "properties": {"fips": "24005408702", "gap_national": -77.9, "gap_stratum": -73.8, "burden": 23.9, "capacity": 91.8, "svi": 0.18, "top_decile_gap": 0.0, "stratum": "metropolitan", "scored": 1}, "geometry": {"type": "Polygon", "coordinates": [[[-76.6448, 39.4209], [-76.6293, 39.417], [-76.6305, 39.4135], [-76.6419, 39.4132], [-76.6444, 39.4092], [-76.6525, 39.409], [-76.6609, 39.4144], [-76.6559, 39.4181], [-76.6448, 39.4209]]]}}, {"type": "Feature", "properties": {"fips": "24031700618", "gap_national": -81.9, "gap_stratum": -79.7, "burden": 13.1, "capacity": 81.1, "svi": 0.05, "top_decile_gap": 0.0, "stratum": "metropolitan", "scored": 1}, "geometry": {"type": "Polygon", "coordinates": [[[-77.2229, 39.0934], [-77.2133, 39.1002], [-77.2072, 39.097], [-77.2183, 39.0865], [-77.2405, 39.0804], [-77.2497, 39.0815], [-77.2492, 39.0834], [-77.2229, 39.0934]]]}}, {"type": "Feature", "properties": {"fips": "24031702503", "gap_national": -38.0, "gap_stratum": -39.6, "burden": 8.5, "capacity": 46.0, "svi": 0.5, "top_decile_gap": 0.0, "stratum": "metropolitan", "scored": 1}, "geometry": {"type": "Polygon", "coordinates": [[[-77.0303, 39.0004], [-77.0219, 38.9972], [-77.0317, 38.9939], [-77.0345, 38.9961], [-77.0303, 39.0004]]]}}, {"type": "Feature", "properties": {"fips": "24033800522", "gap_national": -48.3, "gap_stratum": -40.1, "burden": 46.3, "capacity": 85.7, "svi": 0.04, "top_decile_gap": 0.0, "stratum": "metropolitan", "scored": 1}, "geometry": {"type": "Polygon", "coordinates": [[[-76.7574, 38.8914], [-76.7582, 38.902], [-76.7457, 38.9033], [-76.736, 38.901], [-76.7478, 38.8717], [-76.7487, 38.8739], [-76.7597, 38.8752], [-76.7574, 38.8914]]]}}, {"type": "Feature", "properties": {"fips": "24033801809", "gap_national": 11.3, "gap_stratum": 15.2, "burden": 78.8, "capacity": 65.8, "svi": 0.76, "top_decile_gap": 0.0, "stratum": "metropolitan", "scored": 1}, "geometry": {"type": "Polygon", "coordinates": [[[-76.9561, 38.8524], [-76.9484, 38.8421], [-76.9576, 38.8345], [-76.9666, 38.8436], [-76.9561, 38.8524]]]}}, {"type": "Feature", "properties": {"fips": "24027605105", "gap_national": -81.0, "gap_stratum": -79.2, "burden": 10.7, "capacity": 77.9, "svi": 0.08, "top_decile_gap": 0.0, "stratum": "metropolitan", "scored": 1}, "geometry": {"type": "Polygon", "coordinates": [[[-76.9336, 39.1603], [-76.9289, 39.1567], [-76.9078, 39.1787], [-76.8961, 39.1847], [-76.8745, 39.1819], [-76.8828, 39.1721], [-76.8929, 39.1539], [-76.9083, 39.1383], [-76.919, 39.1321], [-76.9336, 39.1402], [-76.9374, 39.1579], [-76.9336, 39.1603]]]}}, {"type": "Feature", "properties": {"fips": "24037875601", "gap_national": 38.1, "gap_stratum": 39.3, "burden": 81.6, "capacity": 49.8, "svi": 0.69, "top_decile_gap": 0.0, "stratum": "metropolitan", "scored": 1}, "geometry": {"type": "Polygon", "coordinates": [[[-76.6988, 38.409], [-76.6941, 38.4134], [-76.6947, 38.4183], [-76.6747, 38.4103], [-76.6578, 38.3979], [-76.6236, 38.3807], [-76.6104, 38.3763], [-76.6059, 38.372], [-76.6059, 38.3687], [-76.6184, 38.3611], [-76.6257, 38.3486], [-76.6339, 38.3419], [-76.6348, 38.337], [-76.6324, 38.3339], [-76.6354, 38.3297], [-76.639, 38.3344], [-76.6411, 38.3457], [-76.6599, 38.3597], [-76.6597, 38.3695], [-76.6671, 38.3706], [-76.6718, 38.3741], [-76.6962, 38.3751], [-76.693, 38.3792], [-76.7015, 38.3957], [-76.6988, 38.409]]]}}, {"type": "Feature", "properties": {"fips": "24037875903", "gap_national": 6.2, "gap_stratum": 11.0, "burden": 40.9, "capacity": 39.0, "svi": 0.75, "top_decile_gap": 0.0, "stratum": "metropolitan", "scored": 1}, "geometry": {"type": "Polygon", "coordinates": [[[-76.455, 38.2648], [-76.4528, 38.26], [-76.4568, 38.2418], [-76.475, 38.2568], [-76.455, 38.2648]]]}}, {"type": "Feature", "properties": {"fips": "24510080301", "gap_national": 37.0, "gap_stratum": 35.6, "burden": 96.0, "capacity": 58.6, "svi": 0.95, "top_decile_gap": 0.0, "stratum": "metropolitan", "scored": 1}, "geometry": {"type": "Polygon", "coordinates": [[[-76.5801, 39.3091], [-76.5797, 39.3025], [-76.5839, 39.3023], [-76.5844, 39.3089], [-76.5801, 39.3091]]]}}, {"type": "Feature", "properties": {"fips": "24009860403", "gap_national": -35.6, "gap_stratum": -31.0, "burden": 32.6, "capacity": 61.5, "svi": 0.17, "top_decile_gap": 0.0, "stratum": "metropolitan", "scored": 1}, "geometry": {"type": "Polygon", "coordinates": [[[-76.5325, 38.6947], [-76.5325, 38.6914], [-76.5372, 38.6924], [-76.5446, 38.6867], [-76.5482, 38.6874], [-76.5488, 38.6828], [-76.5577, 38.6798], [-76.5588, 38.6695], [-76.5655, 38.6671], [-76.5672, 38.6621], [-76.5758, 38.7039], [-76.5325, 38.6947]]]}}, {"type": "Feature", "properties": {"fips": "24015030508", "gap_national": 39.7, "gap_stratum": 42.4, "burden": 75.3, "capacity": 44.0, "svi": 0.36, "top_decile_gap": 0.0, "stratum": "metropolitan", "scored": 1}, "geometry": {"type": "Polygon", "coordinates": [[[-75.8298, 39.606], [-75.8261, 39.603], [-75.8218, 39.6087], [-75.8157, 39.6089], [-75.8163, 39.6122], [-75.7922, 39.6196], [-75.7895, 39.6056], [-75.8159, 39.5983], [-75.8337, 39.6021], [-75.8298, 39.606]]]}}, {"type": "Feature", "properties": {"fips": "24043010401", "gap_national": -28.3, "gap_stratum": -21.2, "burden": 44.0, "capacity": 65.5, "svi": 0.47, "top_decile_gap": 0.0, "stratum": "metropolitan", "scored": 1}, "geometry": {"type": "Polygon", "coordinates": [[[-77.7699, 39.7001], [-77.7551, 39.7052], [-77.7395, 39.7004], [-77.7333, 39.6869], [-77.7355, 39.671], [-77.7403, 39.6635], [-77.7758, 39.7009], [-77.7699, 39.7001]]]}}, {"type": "Feature", "properties": {"fips": "24003730403", "gap_national": 24.6, "gap_stratum": 30.5, "burden": 55.2, "capacity": 37.6, "svi": 0.66, "top_decile_gap": 0.0, "stratum": "metropolitan", "scored": 1}, "geometry": {"type": "Polygon", "coordinates": [[[-76.6314, 39.1529], [-76.6203, 39.151], [-76.6186, 39.1398], [-76.627, 39.1409], [-76.6316, 39.1444], [-76.6314, 39.1529]]]}}, {"type": "Feature", "properties": {"fips": "24003730605", "gap_national": -40.0, "gap_stratum": -32.3, "burden": 42.6, "capacity": 73.0, "svi": 0.34, "top_decile_gap": 0.0, "stratum": "metropolitan", "scored": 1}, "geometry": {"type": "Polygon", "coordinates": [[[-76.5694, 39.0923], [-76.5713, 39.096], [-76.5654, 39.0993], [-76.5487, 39.0809], [-76.5595, 39.0756], [-76.5723, 39.0785], [-76.5694, 39.0923]]]}}, {"type": "Feature", "properties": {"fips": "24003730510", "gap_national": -24.0, "gap_stratum": -19.0, "burden": 37.9, "capacity": 58.1, "svi": 0.28, "top_decile_gap": 0.0, "stratum": "metropolitan", "scored": 1}, "geometry": {"type": "Polygon", "coordinates": [[[-76.621, 39.1289], [-76.6105, 39.1228], [-76.615, 39.1184], [-76.6356, 39.1162], [-76.636, 39.1194], [-76.621, 39.1289]]]}}, {"type": "Feature", "properties": {"fips": "24025306500", "gap_national": -23.7, "gap_stratum": -22.0, "burden": 25.1, "capacity": 47.8, "svi": 0.35, "top_decile_gap": 0.0, "stratum": "metropolitan", "scored": 1}, "geometry": {"type": "MultiPolygon", "coordinates": [[[[-76.2447, 39.3836], [-76.2498, 39.3889], [-76.2416, 39.404], [-76.2427, 39.4075], [-76.2301, 39.4181], [-76.2248, 39.4264], [-76.2196, 39.4234], [-76.218, 39.425], [-76.216, 39.4374], [-76.2142, 39.4368], [-76.2092, 39.447], [-76.2019, 39.453], [-76.1999, 39.4627], [-76.1967, 39.4628], [-76.1771, 39.4833], [-76.1726, 39.4888], [-76.1757, 39.4899], [-76.171, 39.4949], [-76.1687, 39.494], [-76.1625, 39.5001], [-76.1656, 39.5023], [-76.1594, 39.4988], [-76.1565, 39.5046], [-76.1498, 39.5005], [-76.146, 39.5018], [-76.1324, 39.4994], [-76.1346, 39.5024], [-76.1325, 39.5042], [-76.1328, 39.5088], [-76.1313, 39.5067], [-76.1307, 39.5081], [-76.1304, 39.513], [-76.1307, 39.5036], [-76.1272, 39.4905], [-76.1245, 39.4883], [-76.1281, 39.4867], [-76.1249, 39.4831], [-76.1165, 39.4814], [-76.1139, 39.4867], [-76.0979, 39.4752], [-76.0816, 39.4779], [-76.0796, 39.475], [-76.072, 39.475], [-76.06, 39.4499], [-76.0812, 39.4367], [-76.0845, 39.4435], [-76.0893, 39.4451], [-76.1003, 39.4432], [-76.1048, 39.4332], [-76.1168, 39.4276], [-76.1219, 39.4212], [-76.1363, 39.411], [-76.1464, 39.4053], [-76.1588, 39.4063], [-76.1621, 39.4042], [-76.1741, 39.3892], [-76.1759, 39.3822], [-76.1801, 39.3776], [-76.1867, 39.3809], [-76.1969, 39.3678], [-76.2217, 39.3564], [-76.227, 39.3499], [-76.2338, 39.352], [-76.2399, 39.3614], [-76.2501, 39.3613], [-76.2534, 39.3667], [-76.2527, 39.37], [-76.2485, 39.3688], [-76.2458, 39.3721], [-76.2534, 39.3787], [-76.2447, 39.3836]]], [[[-76.2664, 39.2905], [-76.2604, 39.2925], [-76.258, 39.2878], [-76.2723, 39.2746], [-76.2664, 39.2905]]], [[[-76.3339, 39.3985], [-76.2474, 39.435], [-76.2505, 39.4311], [-76.251, 39.4194], [-76.2542, 39.4167], [-76.2548, 39.4119], [-76.2691, 39.4031], [-76.2651, 39.3923], [-76.2685, 39.3911], [-76.2756, 39.3809], [-76.2722, 39.3764], [-76.2777, 39.3715], [-76.2869, 39.369], [-76.2836, 39.3651], [-76.28, 39.3661], [-76.2655, 39.3592], [-76.2653, 39.35], [-76.2585, 39.347], [-76.2588, 39.3413], [-76.2566, 39.3389], [-76.2777, 39.3221], [-76.2817, 39.2997], [-76.2966, 39.302], [-76.2904, 39.3098], [-76.2896, 39.3172], [-76.2935, 39.325], [-76.2988, 39.3292], [-76.2988, 39.3402], [-76.295, 39.3466], [-76.2957, 39.35], [-76.3117, 39.3558], [-76.3237, 39.3572], [-76.3094, 39.3596], [-76.3031, 39.3707], [-76.304, 39.3815], [-76.3114, 39.3885], [-76.323, 39.3899], [-76.3292, 39.3877], [-76.3444, 39.3917], [-76.3339, 39.3985]]]]}}, {"type": "Feature", "properties": {"fips": "24031700830", "gap_national": -29.4, "gap_stratum": -30.5, "burden": 11.5, "capacity": 41.2, "svi": 0.63, "top_decile_gap": 0.0, "stratum": "metropolitan", "scored": 1}, "geometry": {"type": "Polygon", "coordinates": [[[-77.2486, 39.1934], [-77.2443, 39.1954], [-77.2386, 39.1811], [-77.247, 39.1752], [-77.2546, 39.1844], [-77.2486, 39.1934]]]}}, {"type": "Feature", "properties": {"fips": "24031700724", "gap_national": 31.0, "gap_stratum": 37.5, "burden": 44.0, "capacity": 19.0, "svi": 0.96, "top_decile_gap": 0.0, "stratum": "metropolitan", "scored": 1}, "geometry": {"type": "Polygon", "coordinates": [[[-77.1992, 39.1415], [-77.2018, 39.1407], [-77.2065, 39.1316], [-77.2147, 39.1457], [-77.1992, 39.1415]]]}}, {"type": "Feature", "properties": {"fips": "24027606601", "gap_national": -54.0, "gap_stratum": -46.6, "burden": 38.5, "capacity": 81.9, "svi": 0.19, "top_decile_gap": 0.0, "stratum": "metropolitan", "scored": 1}, "geometry": {"type": "Polygon", "coordinates": [[[-76.8374, 39.2398], [-76.8319, 39.237], [-76.8265, 39.2281], [-76.8284, 39.222], [-76.8215, 39.2167], [-76.8247, 39.2093], [-76.8332, 39.213], [-76.8412, 39.2233], [-76.8461, 39.2255], [-76.8374, 39.2398]]]}}, {"type": "Feature", "properties": {"fips": "24005411412", "gap_national": 13.7, "gap_stratum": 19.0, "burden": 41.2, "capacity": 32.9, "svi": 0.79, "top_decile_gap": 0.0, "stratum": "metropolitan", "scored": 1}, "geometry": {"type": "Polygon", "coordinates": [[[-76.5076, 39.3896], [-76.499, 39.3834], [-76.509, 39.3802], [-76.5124, 39.3811], [-76.5076, 39.3896]]]}}, {"type": "Feature", "properties": {"fips": "24003702204", "gap_national": -67.6, "gap_stratum": -63.8, "burden": 21.0, "capacity": 75.2, "svi": 0.02, "top_decile_gap": 0.0, "stratum": "metropolitan", "scored": 1}, "geometry": {"type": "Polygon", "coordinates": [[[-76.6969, 39.0038], [-76.6918, 38.9981], [-76.6732, 38.9995], [-76.6708, 38.9926], [-76.7012, 38.9919], [-76.7056, 38.9888], [-76.7075, 38.9964], [-76.6969, 39.0038]]]}}, {"type": "Feature", "properties": {"fips": "24001001000", "gap_national": 42.0, "gap_stratum": 42.6, "burden": 91.0, "capacity": 52.9, "svi": 0.9, "top_decile_gap": 0.0, "stratum": "micropolitan", "scored": 1}, "geometry": {"type": "Polygon", "coordinates": [[[-78.7737, 39.6652], [-78.7708, 39.662], [-78.765, 39.6608], [-78.7582, 39.6494], [-78.7643, 39.649], [-78.7645, 39.6531], [-78.7797, 39.6617], [-78.7737, 39.6652]]]}}, {"type": "Feature", "properties": {"fips": "24023000400", "gap_national": 26.7, "gap_stratum": 25.5, "burden": 84.5, "capacity": 59.2, "svi": 0.6, "top_decile_gap": 0.0, "stratum": "rural", "scored": 1}, "geometry": {"type": "Polygon", "coordinates": [[[-79.3389, 39.4388], [-79.3208, 39.4384], [-79.3163, 39.4411], [-79.29, 39.4351], [-79.2834, 39.4376], [-79.2712, 39.4482], [-79.2362, 39.4599], [-79.2433, 39.4678], [-79.2482, 39.4923], [-79.2313, 39.5039], [-79.2302, 39.5073], [-79.2342, 39.5196], [-79.2424, 39.529], [-79.2339, 39.5386], [-79.2152, 39.5492], [-79.2109, 39.5556], [-79.2035, 39.5577], [-79.1728, 39.5494], [-79.1657, 39.5398], [-79.1525, 39.5341], [-79.1538, 39.5287], [-79.1514, 39.5257], [-79.1406, 39.5218], [-79.1369, 39.5117], [-79.1299, 39.5034], [-79.105, 39.5007], [-79.104, 39.4964], [-79.0975, 39.496], [-79.0973, 39.4912], [-79.0889, 39.4911], [-79.085, 39.4866], [-79.0741, 39.4863], [-79.0718, 39.4813], [-79.0682, 39.481], [-79.0686, 39.4745], [-79.0833, 39.4714], [-79.0913, 39.4724], [-79.1005, 39.477], [-79.1052, 39.4742], [-79.1036, 39.47], [-79.097, 39.4682], [-79.0945, 39.4652], [-79.0954, 39.4625], [-79.1072, 39.462], [-79.1079, 39.4571], [-79.1019, 39.4573], [-79.1025, 39.4512], [-79.1164, 39.4405], [-79.1166, 39.4381], [-79.1106, 39.4327], [-79.1122, 39.4309], [-79.124, 39.4332], [-79.129, 39.4295], [-79.1284, 39.4175], [-79.1365, 39.4189], [-79.1423, 39.4167], [-79.1411, 39.4103], [-79.1438, 39.4052], [-79.1498, 39.4057], [-79.1512, 39.417], [-79.1553, 39.4183], [-79.1601, 39.4164], [-79.159, 39.4108], [-79.1665, 39.4009], [-79.1621, 39.3883], [-79.1652, 39.3871], [-79.1786, 39.3966], [-79.1812, 39.3946], [-79.177, 39.389], [-79.185, 39.3852], [-79.1971, 39.3886], [-79.2029, 39.3779], [-79.2121, 39.3708], [-79.2143, 39.3635], [-79.2316, 39.3646], [-79.2329, 39.3596], [-79.2423, 39.3594], [-79.2494, 39.3556], [-79.2563, 39.3572], [-79.2536, 39.3462], [-79.2574, 39.3425], [-79.2539, 39.3372], [-79.2598, 39.3342], [-79.2676, 39.3363], [-79.2708, 39.3285], [-79.282, 39.323], [-79.2837, 39.3096], [-79.2902, 39.3035], [-79.2902, 39.2993], [-79.2927, 39.2987], [-79.3128, 39.3036], [-79.3116, 39.3122], [-79.307, 39.3157], [-79.3104, 39.3211], [-79.31, 39.3379], [-79.3122, 39.338], [-79.3138, 39.3419], [-79.3226, 39.3432], [-79.295, 39.362], [-79.2972, 39.3682], [-79.2957, 39.3811], [-79.3038, 39.3855], [-79.304, 39.3897], [-79.2973, 39.3969], [-79.3001, 39.4074], [-79.3056, 39.4067], [-79.3107, 39.4122], [-79.3123, 39.4097], [-79.3274, 39.404], [-79.3348, 39.4136], [-79.3324, 39.4182], [-79.3351, 39.4218], [-79.3518, 39.4277], [-79.355, 39.4311], [-79.3389, 39.4388]]]}}, {"type": "Feature", "properties": {"fips": "24005403500", "gap_national": -46.6, "gap_stratum": -39.9, "burden": 36.4, "capacity": 72.6, "svi": 0.55, "top_decile_gap": 0.0, "stratum": "metropolitan", "scored": 1}, "geometry": {"type": "Polygon", "coordinates": [[[-76.6854, 39.3853], [-76.6823, 39.3722], [-76.7113, 39.3719], [-76.7131, 39.3773], [-76.717, 39.38], [-76.6854, 39.3853]]]}}, {"type": "Feature", "properties": {"fips": "24005402506", "gap_national": -27.9, "gap_stratum": -19.6, "burden": 61.2, "capacity": 82.0, "svi": 0.42, "top_decile_gap": 0.0, "stratum": "metropolitan", "scored": 1}, "geometry": {"type": "Polygon", "coordinates": [[[-76.8033, 39.3853], [-76.7892, 39.3825], [-76.7894, 39.3765], [-76.7954, 39.3674], [-76.8104, 39.3742], [-76.8033, 39.3853]]]}}, {"type": "Feature", "properties": {"fips": "24005451702", "gap_national": -37.6, "gap_stratum": -29.1, "burden": 47.8, "capacity": 76.0, "svi": 0.02, "top_decile_gap": 0.0, "stratum": "metropolitan", "scored": 1}, "geometry": {"type": "Polygon", "coordinates": [[[-76.4126, 39.3856], [-76.3977, 39.3832], [-76.3934, 39.3793], [-76.371, 39.3791], [-76.3572, 39.3879], [-76.3593, 39.3814], [-76.3538, 39.3804], [-76.3686, 39.3624], [-76.3994, 39.3637], [-76.4165, 39.3754], [-76.4228, 39.3761], [-76.4249, 39.3784], [-76.4126, 39.3856]]]}}, {"type": "Feature", "properties": {"fips": "24017851501", "gap_national": -28.1, "gap_stratum": -21.1, "burden": 44.0, "capacity": 65.5, "svi": 0.14, "top_decile_gap": 0.0, "stratum": "metropolitan", "scored": 1}, "geometry": {"type": "Polygon", "coordinates": [[[-76.9536, 38.6108], [-76.947, 38.6111], [-76.9463, 38.6192], [-76.9444, 38.6202], [-76.9349, 38.6187], [-76.9286, 38.621], [-76.9191, 38.6183], [-76.9366, 38.6008], [-76.9379, 38.5971], [-76.9558, 38.6085], [-76.9536, 38.6108]]]}}, {"type": "Feature", "properties": {"fips": "24005402305", "gap_national": -16.7, "gap_stratum": -8.8, "burden": 65.4, "capacity": 75.7, "svi": 0.72, "top_decile_gap": 0.0, "stratum": "metropolitan", "scored": 1}, "geometry": {"type": "Polygon", "coordinates": [[[-76.7442, 39.376], [-76.7428, 39.3712], [-76.7387, 39.3684], [-76.7455, 39.3612], [-76.7418, 39.3522], [-76.737, 39.3528], [-76.7367, 39.3481], [-76.7316, 39.3454], [-76.7291, 39.3471], [-76.7265, 39.3423], [-76.7457, 39.3493], [-76.7483, 39.3695], [-76.7442, 39.376]]]}}, {"type": "Feature", "properties": {"fips": "24043000800", "gap_national": 61.9, "gap_stratum": 59.9, "burden": 94.1, "capacity": 40.1, "svi": 0.74, "top_decile_gap": 1.0, "stratum": "metropolitan", "scored": 1}, "geometry": {"type": "Polygon", "coordinates": [[[-77.7278, 39.6409], [-77.7223, 39.639], [-77.7231, 39.632], [-77.728, 39.6241], [-77.7357, 39.6285], [-77.7278, 39.6409]]]}}, {"type": "Feature", "properties": {"fips": "24017850905", "gap_national": -33.3, "gap_stratum": -26.1, "burden": 42.7, "capacity": 68.0, "svi": 0.31, "top_decile_gap": 0.0, "stratum": "metropolitan", "scored": 1}, "geometry": {"type": "Polygon", "coordinates": [[[-76.8895, 38.6039], [-76.889, 38.6075], [-76.8818, 38.6145], [-76.8763, 38.6095], [-76.8776, 38.5956], [-76.8929, 38.593], [-76.8918, 38.5979], [-76.8939, 38.6033], [-76.8895, 38.6039]]]}}, {"type": "Feature", "properties": {"fips": "24510080302", "gap_national": 2.8, "gap_stratum": 5.4, "burden": 87.3, "capacity": 79.2, "svi": 0.79, "top_decile_gap": 0.0, "stratum": "metropolitan", "scored": 1}, "geometry": {"type": "Polygon", "coordinates": [[[-76.573, 39.3093], [-76.5728, 39.3027], [-76.5797, 39.3025], [-76.5801, 39.3091], [-76.573, 39.3093]]]}}, {"type": "Feature", "properties": {"fips": "24510261000", "gap_national": 8.0, "gap_stratum": 11.9, "burden": 31.3, "capacity": 27.8, "svi": 0.58, "top_decile_gap": 0.0, "stratum": "metropolitan", "scored": 1}, "geometry": {"type": "Polygon", "coordinates": [[[-76.5699, 39.2993], [-76.5691, 39.2876], [-76.5716, 39.2875], [-76.5727, 39.2992], [-76.5699, 39.2993]]]}}, {"type": "Feature", "properties": {"fips": "24510270802", "gap_national": -10.3, "gap_stratum": -3.8, "burden": 72.1, "capacity": 77.1, "svi": 0.57, "top_decile_gap": 0.0, "stratum": "metropolitan", "scored": 1}, "geometry": {"type": "Polygon", "coordinates": [[[-76.5855, 39.366], [-76.5896, 39.3554], [-76.5947, 39.3541], [-76.5978, 39.3585], [-76.5986, 39.3661], [-76.5855, 39.366]]]}}, {"type": "Feature", "properties": {"fips": "24510150100", "gap_national": 35.4, "gap_stratum": 34.3, "burden": 94.8, "capacity": 59.1, "svi": 0.86, "top_decile_gap": 0.0, "stratum": "metropolitan", "scored": 1}, "geometry": {"type": "Polygon", "coordinates": [[[-76.6425, 39.3101], [-76.6368, 39.3034], [-76.6446, 39.3032], [-76.645, 39.3099], [-76.6425, 39.3101]]]}}, {"type": "Feature", "properties": {"fips": "24510020300", "gap_national": -41.3, "gap_stratum": -43.4, "burden": 4.9, "capacity": 46.7, "svi": 0.04, "top_decile_gap": 0.0, "stratum": "metropolitan", "scored": 1}, "geometry": {"type": "Polygon", "coordinates": [[[-76.5992, 39.2853], [-76.5871, 39.2859], [-76.5866, 39.2773], [-76.599, 39.2769], [-76.6026, 39.2795], [-76.5992, 39.2853]]]}}, {"type": "Feature", "properties": {"fips": "24510070300", "gap_national": 10.4, "gap_stratum": 15.4, "burden": 69.9, "capacity": 60.0, "svi": 0.67, "top_decile_gap": 0.0, "stratum": "metropolitan", "scored": 1}, "geometry": {"type": "Polygon", "coordinates": [[[-76.5839, 39.3018], [-76.5836, 39.2964], [-76.5877, 39.2965], [-76.5881, 39.3032], [-76.5839, 39.3018]]]}}, {"type": "Feature", "properties": {"fips": "24033801410", "gap_national": -12.1, "gap_stratum": -4.7, "burden": 67.2, "capacity": 73.6, "svi": 0.41, "top_decile_gap": 0.0, "stratum": "metropolitan", "scored": 1}, "geometry": {"type": "Polygon", "coordinates": [[[-77.0416, 38.7598], [-77.0279, 38.7596], [-77.0283, 38.7647], [-77.0249, 38.7649], [-77.0252, 38.7679], [-77.0227, 38.7699], [-77.0163, 38.7719], [-77.0167, 38.7591], [-77.0047, 38.761], [-77.0008, 38.757], [-77.0144, 38.7461], [-77.0421, 38.7467], [-77.0416, 38.7598]]]}}, {"type": "Feature", "properties": {"fips": "24025301204", "gap_national": -32.1, "gap_stratum": -32.1, "burden": 17.6, "capacity": 47.8, "svi": 0.09, "top_decile_gap": 0.0, "stratum": "metropolitan", "scored": 1}, "geometry": {"type": "Polygon", "coordinates": [[[-76.3369, 39.4745], [-76.3273, 39.4783], [-76.324, 39.4708], [-76.3196, 39.4658], [-76.3138, 39.4644], [-76.3102, 39.457], [-76.3211, 39.4513], [-76.3247, 39.4602], [-76.3374, 39.4698], [-76.3369, 39.4745]]]}}, {"type": "Feature", "properties": {"fips": "24027602202", "gap_national": -68.2, "gap_stratum": -63.5, "burden": 24.6, "capacity": 79.6, "svi": 0.32, "top_decile_gap": 0.0, "stratum": "metropolitan", "scored": 1}, "geometry": {"type": "Polygon", "coordinates": [[[-76.8559, 39.2964], [-76.8255, 39.2966], [-76.821, 39.2776], [-76.8602, 39.2795], [-76.8559, 39.2964]]]}}, {"type": "Feature", "properties": {"fips": "24027605504", "gap_national": -82.5, "gap_stratum": -80.7, "burden": 11.0, "capacity": 79.6, "svi": 0.0, "top_decile_gap": 0.0, "stratum": "metropolitan", "scored": 1}, "geometry": {"type": "Polygon", "coordinates": [[[-76.9417, 39.2079], [-76.9243, 39.1966], [-76.8961, 39.1847], [-76.9004, 39.1817], [-76.9019, 39.1869], [-76.9092, 39.19], [-76.9184, 39.1874], [-76.9342, 39.1927], [-76.9432, 39.2039], [-76.9417, 39.2079]]]}}, {"type": "Feature", "properties": {"fips": "24031700819", "gap_national": -32.2, "gap_stratum": -32.5, "burden": 16.1, "capacity": 46.8, "svi": 0.24, "top_decile_gap": 0.0, "stratum": "metropolitan", "scored": 1}, "geometry": {"type": "Polygon", "coordinates": [[[-77.247, 39.1752], [-77.2415, 39.1667], [-77.2327, 39.1608], [-77.2441, 39.1611], [-77.2479, 39.1589], [-77.258, 39.1619], [-77.2548, 39.1663], [-77.2611, 39.1733], [-77.247, 39.1752]]]}}, {"type": "Feature", "properties": {"fips": "24031701704", "gap_national": -52.0, "gap_stratum": -49.2, "burden": 22.0, "capacity": 64.4, "svi": 0.53, "top_decile_gap": 0.0, "stratum": "metropolitan", "scored": 1}, "geometry": {"type": "Polygon", "coordinates": [[[-77.0018, 38.9756], [-77.004, 38.9781], [-77.0017, 38.978], [-76.9991, 38.9823], [-76.9952, 38.98], [-76.9907, 38.9813], [-76.9869, 38.9769], [-76.9942, 38.9753], [-77.0026, 38.9655], [-77.0078, 38.9697], [-77.0018, 38.9756]]]}}, {"type": "Feature", "properties": {"fips": "24031700104", "gap_national": -28.4, "gap_stratum": -26.2, "burden": 26.6, "capacity": 52.2, "svi": 0.27, "top_decile_gap": 0.0, "stratum": "metropolitan", "scored": 1}, "geometry": {"type": "Polygon", "coordinates": [[[-77.1933, 39.1978], [-77.1708, 39.1902], [-77.1623, 39.1948], [-77.1531, 39.195], [-77.1523, 39.1919], [-77.1599, 39.1881], [-77.1677, 39.1881], [-77.1721, 39.1844], [-77.1768, 39.1868], [-77.1836, 39.1852], [-77.1996, 39.1976], [-77.1933, 39.1978]]]}}, {"type": "Feature", "properties": {"fips": "24033803002", "gap_national": 16.3, "gap_stratum": 20.4, "burden": 73.7, "capacity": 58.8, "svi": 0.79, "top_decile_gap": 0.0, "stratum": "metropolitan", "scored": 1}, "geometry": {"type": "Polygon", "coordinates": [[[-76.8921, 38.9096], [-76.8944, 38.9076], [-76.8867, 38.9021], [-76.8997, 38.8975], [-76.8989, 38.9032], [-76.902, 38.9075], [-76.8921, 38.9096]]]}}, {"type": "Feature", "properties": {"fips": "24031701424", "gap_national": -17.0, "gap_stratum": -10.1, "burden": 49.2, "capacity": 62.0, "svi": 0.66, "top_decile_gap": 0.0, "stratum": "metropolitan", "scored": 1}, "geometry": {"type": "Polygon", "coordinates": [[[-76.9556, 39.0732], [-76.9492, 39.0672], [-76.9372, 39.0649], [-76.9474, 39.051], [-76.9508, 39.0526], [-76.9522, 39.0586], [-76.9627, 39.0626], [-76.9556, 39.0732]]]}}, {"type": "Feature", "properties": {"fips": "24027606807", "gap_national": -82.6, "gap_stratum": -80.2, "burden": 14.7, "capacity": 83.6, "svi": 0.02, "top_decile_gap": 0.0, "stratum": "metropolitan", "scored": 1}, "geometry": {"type": "Polygon", "coordinates": [[[-76.8845, 39.1686], [-76.879, 39.167], [-76.8769, 39.163], [-76.8737, 39.1634], [-76.8734, 39.1605], [-76.8685, 39.1584], [-76.8635, 39.162], [-76.8598, 39.159], [-76.8574, 39.1616], [-76.8556, 39.1592], [-76.8521, 39.1599], [-76.8475, 39.1508], [-76.8425, 39.1476], [-76.8491, 39.1383], [-76.8534, 39.1398], [-76.8554, 39.1454], [-76.8892, 39.1586], [-76.8845, 39.1686]]]}}, {"type": "Feature", "properties": {"fips": "24003706600", "gap_national": -48.7, "gap_stratum": -42.3, "burden": 34.4, "capacity": 72.2, "svi": 0.4, "top_decile_gap": 0.0, "stratum": "metropolitan", "scored": 1}, "geometry": {"type": "Polygon", "coordinates": [[[-76.5263, 38.9895], [-76.5097, 38.9914], [-76.4975, 39.0029], [-76.4886, 38.9941], [-76.4986, 38.9918], [-76.501, 38.9873], [-76.4966, 38.9831], [-76.5059, 38.9795], [-76.5052, 38.9763], [-76.5359, 38.9832], [-76.5263, 38.9895]]]}}, {"type": "Feature", "properties": {"fips": "24001001402", "gap_national": -41.2, "gap_stratum": -74.1, "burden": 48.5, "capacity": 80.3, "svi": 0.07, "top_decile_gap": 0.0, "stratum": "micropolitan", "scored": 1}, "geometry": {"type": "Polygon", "coordinates": [[[-78.8076, 39.6574], [-78.8014, 39.6658], [-78.7897, 39.6702], [-78.8131, 39.644], [-78.8123, 39.6412], [-78.8293, 39.6353], [-78.8305, 39.6389], [-78.8076, 39.6574]]]}}, {"type": "Feature", "properties": {"fips": "24031704803", "gap_national": -55.4, "gap_stratum": -56.9, "burden": 5.1, "capacity": 56.4, "svi": 0.46, "top_decile_gap": 0.0, "stratum": "metropolitan", "scored": 1}, "geometry": {"type": "Polygon", "coordinates": [[[-77.1008, 38.9808], [-77.0915, 38.9815], [-77.0895, 38.9772], [-77.1012, 38.9734], [-77.104, 38.976], [-77.1013, 38.9764], [-77.1008, 38.9808]]]}}, {"type": "Feature", "properties": {"fips": "24027602303", "gap_national": -83.2, "gap_stratum": -80.8, "burden": 14.9, "capacity": 84.6, "svi": 0.02, "top_decile_gap": 0.0, "stratum": "metropolitan", "scored": 1}, "geometry": {"type": "Polygon", "coordinates": [[[-76.8898, 39.2901], [-76.8714, 39.2811], [-76.8602, 39.2795], [-76.8653, 39.2713], [-76.8621, 39.2646], [-76.8675, 39.2517], [-76.8685, 39.2357], [-76.8869, 39.235], [-76.8904, 39.2502], [-76.894, 39.2514], [-76.8881, 39.2772], [-76.8894, 39.2853], [-76.8945, 39.2858], [-76.8898, 39.2901]]]}}, {"type": "Feature", "properties": {"fips": "24003731104", "gap_national": -41.9, "gap_stratum": -37.7, "burden": 29.3, "capacity": 63.2, "svi": 0.06, "top_decile_gap": 0.0, "stratum": "metropolitan", "scored": 1}, "geometry": {"type": "Polygon", "coordinates": [[[-76.5033, 39.0543], [-76.5042, 39.063], [-76.5007, 39.0638], [-76.4991, 39.0618], [-76.4957, 39.0657], [-76.4961, 39.0721], [-76.4855, 39.0688], [-76.4922, 39.0504], [-76.4914, 39.0467], [-76.4953, 39.0413], [-76.5072, 39.0541], [-76.5033, 39.0543]]]}}, {"type": "Feature", "properties": {"fips": "24003731207", "gap_national": -63.5, "gap_stratum": -58.2, "burden": 27.6, "capacity": 78.4, "svi": 0.0, "top_decile_gap": 0.0, "stratum": "metropolitan", "scored": 1}, "geometry": {"type": "Polygon", "coordinates": [[[-76.552, 39.1033], [-76.5481, 39.0952], [-76.5401, 39.097], [-76.5312, 39.0954], [-76.523, 39.0851], [-76.5295, 39.0872], [-76.5427, 39.0853], [-76.5485, 39.0869], [-76.5487, 39.0809], [-76.5654, 39.0993], [-76.5585, 39.0995], [-76.552, 39.1033]]]}}, {"type": "Feature", "properties": {"fips": "24031701415", "gap_national": -42.9, "gap_stratum": -36.7, "burden": 35.8, "capacity": 69.2, "svi": 0.36, "top_decile_gap": 0.0, "stratum": "metropolitan", "scored": 1}, "geometry": {"type": "MultiPolygon", "coordinates": [[[[-77.0008, 39.1068], [-76.998, 39.1087], [-77.0014, 39.1061], [-77.0008, 39.1068]]], [[[-76.9999, 39.0894], [-76.9857, 39.0972], [-76.9819, 39.1021], [-76.9738, 39.0991], [-76.9644, 39.0883], [-76.9765, 39.0829], [-76.9781, 39.0795], [-76.9747, 39.0755], [-76.9752, 39.0698], [-76.9784, 39.0653], [-76.9858, 39.0678], [-76.9903, 39.0739], [-77.0021, 39.0758], [-76.9999, 39.0894]]]]}}, {"type": "Feature", "properties": {"fips": "24031701701", "gap_national": -43.1, "gap_stratum": -36.6, "burden": 36.5, "capacity": 69.9, "svi": 0.71, "top_decile_gap": 0.0, "stratum": "metropolitan", "scored": 1}, "geometry": {"type": "Polygon", "coordinates": [[[-77.011, 38.9758], [-77.0095, 38.9815], [-77.0075, 38.9827], [-77.0047, 38.9797], [-76.9991, 38.9823], [-77.0017, 38.978], [-77.004, 38.9781], [-77.0018, 38.9756], [-77.0078, 38.9697], [-77.0166, 38.9782], [-77.011, 38.9758]]]}}, {"type": "Feature", "properties": {"fips": "24510271300", "gap_national": -70.0, "gap_stratum": -65.0, "burden": 27.1, "capacity": 85.1, "svi": 0.34, "top_decile_gap": 0.0, "stratum": "metropolitan", "scored": 1}, "geometry": {"type": "Polygon", "coordinates": [[[-76.6339, 39.372], [-76.6317, 39.3655], [-76.628, 39.3659], [-76.6303, 39.3586], [-76.6292, 39.3534], [-76.6433, 39.3532], [-76.6494, 39.3706], [-76.6339, 39.372]]]}}, {"type": "Feature", "properties": {"fips": "24510150500", "gap_national": 7.4, "gap_stratum": 8.2, "burden": 95.2, "capacity": 80.8, "svi": 0.92, "top_decile_gap": 0.0, "stratum": "metropolitan", "scored": 1}, "geometry": {"type": "Polygon", "coordinates": [[[-76.6643, 39.3275], [-76.6594, 39.3277], [-76.6505, 39.3167], [-76.6598, 39.3152], [-76.6648, 39.3222], [-76.6643, 39.3275]]]}}, {"type": "Feature", "properties": {"fips": "24510090100", "gap_national": 10.9, "gap_stratum": 13.1, "burden": 87.8, "capacity": 72.4, "svi": 0.76, "top_decile_gap": 0.0, "stratum": "metropolitan", "scored": 1}, "geometry": {"type": "Polygon", "coordinates": [[[-76.6009, 39.3404], [-76.5954, 39.334], [-76.6095, 39.3345], [-76.6096, 39.3402], [-76.6009, 39.3404]]]}}, {"type": "Feature", "properties": {"fips": "24510271801", "gap_national": 21.0, "gap_stratum": 21.0, "burden": 98.5, "capacity": 70.5, "svi": 0.95, "top_decile_gap": 0.0, "stratum": "metropolitan", "scored": 1}, "geometry": {"type": "Polygon", "coordinates": [[[-76.6834, 39.3518], [-76.676, 39.349], [-76.6835, 39.3429], [-76.6901, 39.3476], [-76.6834, 39.3518]]]}}, {"type": "Feature", "properties": {"fips": "24033806714", "gap_national": 32.5, "gap_stratum": 39.1, "burden": 39.9, "capacity": 12.0, "svi": 0.87, "top_decile_gap": 0.0, "stratum": "metropolitan", "scored": 1}, "geometry": {"type": "Polygon", "coordinates": [[[-76.9165, 39.0053], [-76.9086, 39.0149], [-76.9017, 39.0099], [-76.9045, 39.0092], [-76.9013, 39.0073], [-76.9033, 39.0008], [-76.9102, 39.0015], [-76.9121, 38.9979], [-76.9204, 38.998], [-76.9201, 39.0068], [-76.9165, 39.0053]]]}}, {"type": "Feature", "properties": {"fips": "24033801211", "gap_national": -6.0, "gap_stratum": 1.0, "burden": 63.7, "capacity": 66.0, "svi": 0.38, "top_decile_gap": 0.0, "stratum": "metropolitan", "scored": 1}, "geometry": {"type": "Polygon", "coordinates": [[[-76.9221, 38.7846], [-76.9048, 38.7907], [-76.9016, 38.7989], [-76.897, 38.7872], [-76.8904, 38.7836], [-76.8871, 38.7748], [-76.8919, 38.777], [-76.9003, 38.7728], [-76.8997, 38.7779], [-76.904, 38.7775], [-76.9056, 38.78], [-76.911, 38.779], [-76.9129, 38.7825], [-76.9237, 38.779], [-76.9221, 38.7846]]]}}, {"type": "Feature", "properties": {"fips": "24021775400", "gap_national": -3.4, "gap_stratum": 2.2, "burden": 47.9, "capacity": 52.0, "svi": 0.36, "top_decile_gap": 0.0, "stratum": "metropolitan", "scored": 1}, "geometry": {"type": "Polygon", "coordinates": [[[-77.6251, 39.3268], [-77.6175, 39.3239], [-77.6117, 39.3174], [-77.6072, 39.32], [-77.6024, 39.3156], [-77.5908, 39.3132], [-77.59, 39.308], [-77.5868, 39.3094], [-77.5831, 39.3037], [-77.5927, 39.3013], [-77.6059, 39.3037], [-77.6159, 39.3027], [-77.6317, 39.3067], [-77.6251, 39.3268]]]}}, {"type": "Feature", "properties": {"fips": "24003740303", "gap_national": -36.9, "gap_stratum": -31.8, "burden": 33.8, "capacity": 63.4, "svi": 0.35, "top_decile_gap": 0.0, "stratum": "metropolitan", "scored": 1}, "geometry": {"type": "Polygon", "coordinates": [[[-76.6958, 39.1237], [-76.6974, 39.1345], [-76.6926, 39.1373], [-76.6841, 39.1365], [-76.685, 39.1281], [-76.682, 39.1122], [-76.6855, 39.102], [-76.6935, 39.1039], [-76.6941, 39.1004], [-76.7013, 39.1016], [-76.6958, 39.1237]]]}}, {"type": "Feature", "properties": {"fips": "24045010503", "gap_national": 19.8, "gap_stratum": 24.9, "burden": 35.4, "capacity": 20.4, "svi": 0.65, "top_decile_gap": 0.0, "stratum": "metropolitan", "scored": 1}, "geometry": {"type": "Polygon", "coordinates": [[[-75.601, 38.3485], [-75.5821, 38.3479], [-75.5694, 38.333], [-75.578, 38.3269], [-75.5945, 38.3368], [-75.5996, 38.3368], [-75.5999, 38.335], [-75.608, 38.3362], [-75.601, 38.3485]]]}}, {"type": "Feature", "properties": {"fips": "24033807405", "gap_national": 6.5, "gap_stratum": 10.7, "burden": 35.2, "capacity": 33.2, "svi": 0.56, "top_decile_gap": 0.0, "stratum": "metropolitan", "scored": 1}, "geometry": {"type": "Polygon", "coordinates": [[[-76.9477, 39.0297], [-76.94, 39.0362], [-76.9309, 39.0507], [-76.9224, 39.051], [-76.9124, 39.044], [-76.9113, 39.038], [-76.9155, 39.0293], [-76.9234, 39.0238], [-76.9266, 39.0184], [-76.9397, 39.0225], [-76.9499, 39.0221], [-76.9477, 39.0297]]]}}, {"type": "Feature", "properties": {"fips": "24033803200", "gap_national": 39.7, "gap_stratum": 44.8, "burden": 65.6, "capacity": 35.1, "svi": 0.82, "top_decile_gap": 0.0, "stratum": "metropolitan", "scored": 1}, "geometry": {"type": "Polygon", "coordinates": [[[-76.9049, 38.9217], [-76.896, 38.9298], [-76.8864, 38.9243], [-76.8924, 38.9207], [-76.8917, 38.9179], [-76.9152, 38.9171], [-76.9049, 38.9217]]]}}, {"type": "Feature", "properties": {"fips": "24003706403", "gap_national": 14.6, "gap_stratum": 20.0, "burden": 42.8, "capacity": 33.8, "svi": 0.79, "top_decile_gap": 0.0, "stratum": "metropolitan", "scored": 1}, "geometry": {"type": "Polygon", "coordinates": [[[-76.5102, 38.9718], [-76.5019, 38.9696], [-76.5036, 38.9665], [-76.4964, 38.9609], [-76.5057, 38.9556], [-76.5128, 38.9639], [-76.5102, 38.9718]]]}}, {"type": "Feature", "properties": {"fips": "24003706103", "gap_national": -30.3, "gap_stratum": -31.4, "burden": 11.7, "capacity": 42.0, "svi": 0.34, "top_decile_gap": 0.0, "stratum": "metropolitan", "scored": 1}, "geometry": {"type": "Polygon", "coordinates": [[[-76.4945, 38.9852], [-76.4876, 38.982], [-76.4838, 38.9768], [-76.481, 38.977], [-76.4856, 38.973], [-76.4871, 38.9774], [-76.489, 38.9761], [-76.4933, 38.9784], [-76.4921, 38.9795], [-76.4966, 38.9831], [-76.4945, 38.9852]]]}}, {"type": "Feature", "properties": {"fips": "24005408503", "gap_national": -0.0, "gap_stratum": 3.3, "burden": 31.2, "capacity": 34.9, "svi": 0.72, "top_decile_gap": 0.0, "stratum": "metropolitan", "scored": 1}, "geometry": {"type": "Polygon", "coordinates": [[[-76.6308, 39.4742], [-76.6305, 39.4627], [-76.6144, 39.4617], [-76.6153, 39.4563], [-76.6329, 39.4561], [-76.6411, 39.4748], [-76.6308, 39.4742]]]}}, {"type": "Feature", "properties": {"fips": "24005411306", "gap_national": -42.6, "gap_stratum": -38.7, "burden": 28.0, "capacity": 62.7, "svi": 0.27, "top_decile_gap": 0.0, "stratum": "metropolitan", "scored": 1}, "geometry": {"type": "Polygon", "coordinates": [[[-76.4884, 39.392], [-76.4692, 39.3874], [-76.4738, 39.3785], [-76.4958, 39.3796], [-76.5005, 39.3822], [-76.4884, 39.392]]]}}, {"type": "Feature", "properties": {"fips": "24005402304", "gap_national": -9.4, "gap_stratum": -5.0, "burden": 80.1, "capacity": 85.3, "svi": 0.69, "top_decile_gap": 0.0, "stratum": "metropolitan", "scored": 1}, "geometry": {"type": "Polygon", "coordinates": [[[-76.7348, 39.3454], [-76.7278, 39.3428], [-76.7358, 39.336], [-76.7406, 39.335], [-76.7422, 39.3318], [-76.7448, 39.3332], [-76.7457, 39.3493], [-76.7348, 39.3454]]]}}, {"type": "Feature", "properties": {"fips": "24003706700", "gap_national": -8.0, "gap_stratum": -6.4, "burden": 21.9, "capacity": 32.5, "svi": 0.11, "top_decile_gap": 0.0, "stratum": "metropolitan", "scored": 1}, "geometry": {"type": "Polygon", "coordinates": [[[-76.4986, 38.9918], [-76.4886, 38.9941], [-76.4746, 38.9818], [-76.4838, 38.9768], [-76.4876, 38.982], [-76.4945, 38.9852], [-76.4966, 38.9831], [-76.501, 38.9873], [-76.4986, 38.9918]]]}}, {"type": "Feature", "properties": {"fips": "24001001600", "gap_national": -28.1, "gap_stratum": -58.5, "burden": 59.8, "capacity": 80.4, "svi": 0.48, "top_decile_gap": 0.0, "stratum": "micropolitan", "scored": 1}, "geometry": {"type": "Polygon", "coordinates": [[[-78.9284, 39.7228], [-78.9031, 39.7228], [-78.912, 39.7146], [-78.9099, 39.7069], [-78.9159, 39.7016], [-78.9153, 39.6944], [-78.9184, 39.6893], [-78.9129, 39.6834], [-78.8909, 39.6846], [-78.8917, 39.6796], [-78.8956, 39.6785], [-78.8928, 39.6744], [-78.8954, 39.6712], [-78.9157, 39.6659], [-78.9183, 39.6599], [-78.9256, 39.656], [-78.9438, 39.6757], [-78.955, 39.6763], [-78.9284, 39.7228]]]}}, {"type": "Feature", "properties": {"fips": "24510080400", "gap_national": 21.4, "gap_stratum": 22.0, "burden": 91.7, "capacity": 67.0, "svi": 0.91, "top_decile_gap": 0.0, "stratum": "metropolitan", "scored": 1}, "geometry": {"type": "Polygon", "coordinates": [[[-76.5844, 39.3089], [-76.5839, 39.3023], [-76.5881, 39.3032], [-76.5885, 39.3087], [-76.5844, 39.3089]]]}}, {"type": "Feature", "properties": {"fips": "24510100300", "gap_national": 69.6, "gap_stratum": 76.5, "burden": 67.7, "capacity": 5.1, "svi": null, "top_decile_gap": 1.0, "stratum": "metropolitan", "scored": 1}, "geometry": {"type": "Polygon", "coordinates": [[[-76.6073, 39.3014], [-76.6063, 39.2979], [-76.6113, 39.2977], [-76.6116, 39.3012], [-76.6073, 39.3014]]]}}, {"type": "Feature", "properties": {"fips": "24021750508", "gap_national": 16.1, "gap_stratum": 20.8, "burden": 34.0, "capacity": 22.6, "svi": 0.63, "top_decile_gap": 0.0, "stratum": "metropolitan", "scored": 1}, "geometry": {"type": "Polygon", "coordinates": [[[-77.4597, 39.4302], [-77.4487, 39.4304], [-77.4478, 39.4245], [-77.4509, 39.4182], [-77.4613, 39.4195], [-77.4597, 39.4302]]]}}, {"type": "Feature", "properties": {"fips": "24005492401", "gap_national": -25.4, "gap_stratum": -16.8, "burden": 57.4, "capacity": 75.1, "svi": 0.56, "top_decile_gap": 0.0, "stratum": "metropolitan", "scored": 1}, "geometry": {"type": "Polygon", "coordinates": [[[-76.8221, 39.3907], [-76.8229, 39.3944], [-76.8187, 39.3998], [-76.8136, 39.3958], [-76.8114, 39.3907], [-76.8213, 39.3803], [-76.8258, 39.3828], [-76.83, 39.391], [-76.8221, 39.3907]]]}}, {"type": "Feature", "properties": {"fips": "24027601205", "gap_national": -36.4, "gap_stratum": -34.1, "burden": 25.0, "capacity": 56.4, "svi": 0.45, "top_decile_gap": 0.0, "stratum": "metropolitan", "scored": 1}, "geometry": {"type": "Polygon", "coordinates": [[[-76.7173, 39.2255], [-76.7131, 39.2217], [-76.7067, 39.2212], [-76.7061, 39.2181], [-76.7189, 39.2136], [-76.737, 39.2003], [-76.7433, 39.2089], [-76.7173, 39.2255]]]}}, {"type": "Feature", "properties": {"fips": "24510200400", "gap_national": 48.4, "gap_stratum": 46.9, "burden": 91.4, "capacity": 48.7, "svi": 0.89, "top_decile_gap": 0.0, "stratum": "metropolitan", "scored": 1}, "geometry": {"type": "Polygon", "coordinates": [[[-76.6501, 39.288], [-76.65, 39.2858], [-76.659, 39.2814], [-76.6594, 39.2862], [-76.6623, 39.2875], [-76.6501, 39.288]]]}}, {"type": "Feature", "properties": {"fips": "24003731107", "gap_national": -72.5, "gap_stratum": -68.5, "burden": 21.9, "capacity": 81.0, "svi": 0.01, "top_decile_gap": 0.0, "stratum": "metropolitan", "scored": 1}, "geometry": {"type": "Polygon", "coordinates": [[[-76.4914, 39.0467], [-76.4922, 39.0504], [-76.4855, 39.0688], [-76.4525, 39.0632], [-76.4405, 39.059], [-76.4564, 39.0507], [-76.4659, 39.0485], [-76.4681, 39.0518], [-76.4807, 39.0495], [-76.4882, 39.038], [-76.4953, 39.0413], [-76.4914, 39.0467]]]}}, {"type": "Feature", "properties": {"fips": "24031703218", "gap_national": -32.0, "gap_stratum": -24.6, "burden": 64.9, "capacity": 96.8, "svi": 0.52, "top_decile_gap": 0.0, "stratum": "metropolitan", "scored": 1}, "geometry": {"type": "Polygon", "coordinates": [[[-77.0759, 39.1094], [-77.0701, 39.1125], [-77.0676, 39.1092], [-77.0688, 39.106], [-77.0743, 39.1009], [-77.0769, 39.1013], [-77.0759, 39.1094]]]}}, {"type": "Feature", "properties": {"fips": "24031704804", "gap_national": -66.5, "gap_stratum": -66.5, "burden": 6.9, "capacity": 64.4, "svi": 0.18, "top_decile_gap": 0.0, "stratum": "metropolitan", "scored": 1}, "geometry": {"type": "Polygon", "coordinates": [[[-77.0892, 38.9853], [-77.0854, 38.9864], [-77.0928, 38.9811], [-77.0984, 38.9808], [-77.0986, 38.9847], [-77.0892, 38.9853]]]}}, {"type": "Feature", "properties": {"fips": "24017990000", "gap_national": null, "gap_stratum": null, "burden": null, "capacity": null, "svi": null, "top_decile_gap": null, "stratum": null, "scored": 0}, "geometry": {"type": "Polygon", "coordinates": [[[-77.1325, 38.6738], [-77.122, 38.6858], [-77.1059, 38.6968], [-77.0863, 38.706], [-77.0785, 38.6938], [-77.1015, 38.6889], [-77.109, 38.6839], [-77.1129, 38.6772], [-77.1179, 38.6749], [-77.1202, 38.6691], [-77.1144, 38.6455], [-77.1144, 38.6338], [-77.1302, 38.635], [-77.1319, 38.6442], [-77.1359, 38.6498], [-77.1325, 38.6738]]]}}, {"type": "Feature", "properties": {"fips": "24033803508", "gap_national": 50.4, "gap_stratum": 51.7, "burden": 81.1, "capacity": 40.3, "svi": 0.88, "top_decile_gap": 0.0, "stratum": "metropolitan", "scored": 1}, "geometry": {"type": "Polygon", "coordinates": [[[-76.864, 38.9345], [-76.8607, 38.9313], [-76.855, 38.9331], [-76.8518, 38.9172], [-76.8602, 38.9181], [-76.8743, 38.9263], [-76.864, 38.9345]]]}}, {"type": "Feature", "properties": {"fips": "24033806710", "gap_national": -35.2, "gap_stratum": -28.7, "burden": 39.0, "capacity": 66.3, "svi": 0.33, "top_decile_gap": 0.0, "stratum": "metropolitan", "scored": 1}, "geometry": {"type": "Polygon", "coordinates": [[[-76.8743, 38.9942], [-76.8601, 38.9909], [-76.8669, 38.9843], [-76.8669, 38.9802], [-76.8735, 38.9782], [-76.8863, 38.9917], [-76.8828, 38.994], [-76.8743, 38.9942]]]}}, {"type": "Feature", "properties": {"fips": "24003740900", "gap_national": -38.5, "gap_stratum": -33.5, "burden": 33.1, "capacity": 63.9, "svi": 0.21, "top_decile_gap": 0.0, "stratum": "metropolitan", "scored": 1}, "geometry": {"type": "Polygon", "coordinates": [[[-76.7043, 39.0863], [-76.6845, 39.0783], [-76.6706, 39.0687], [-76.6817, 39.0624], [-76.6969, 39.0607], [-76.7119, 39.0719], [-76.7043, 39.0863]]]}}, {"type": "Feature", "properties": {"fips": "24005402303", "gap_national": -30.4, "gap_stratum": -22.1, "burden": 60.6, "capacity": 84.1, "svi": 0.43, "top_decile_gap": 0.0, "stratum": "metropolitan", "scored": 1}, "geometry": {"type": "Polygon", "coordinates": [[[-76.7656, 39.3564], [-76.7457, 39.3493], [-76.7448, 39.3332], [-76.7628, 39.3415], [-76.7676, 39.3537], [-76.7656, 39.3564]]]}}, {"type": "Feature", "properties": {"fips": "24005490605", "gap_national": 11.5, "gap_stratum": 14.2, "burden": 20.4, "capacity": 10.1, "svi": 0.49, "top_decile_gap": 0.0, "stratum": "metropolitan", "scored": 1}, "geometry": {"type": "Polygon", "coordinates": [[[-76.6069, 39.3972], [-76.6039, 39.3953], [-76.606, 39.3876], [-76.6086, 39.3878], [-76.6105, 39.3835], [-76.6171, 39.3862], [-76.6206, 39.383], [-76.6206, 39.3861], [-76.6245, 39.3864], [-76.6284, 39.3902], [-76.6278, 39.3947], [-76.6069, 39.3972]]]}}, {"type": "Feature", "properties": {"fips": "24005452000", "gap_national": -24.9, "gap_stratum": -16.4, "burden": 59.0, "capacity": 76.2, "svi": 0.34, "top_decile_gap": 0.0, "stratum": "metropolitan", "scored": 1}, "geometry": {"type": "Polygon", "coordinates": [[[-76.4507, 39.2442], [-76.4454, 39.2481], [-76.44, 39.2463], [-76.4438, 39.2389], [-76.441, 39.2336], [-76.4424, 39.2312], [-76.456, 39.2384], [-76.4558, 39.2462], [-76.4507, 39.2442]]]}}, {"type": "Feature", "properties": {"fips": "24005400900", "gap_national": -4.1, "gap_stratum": 2.2, "burden": 53.3, "capacity": 56.8, "svi": 0.74, "top_decile_gap": 0.0, "stratum": "metropolitan", "scored": 1}, "geometry": {"type": "Polygon", "coordinates": [[[-76.7534, 39.2837], [-76.7443, 39.285], [-76.7454, 39.2807], [-76.7412, 39.2759], [-76.7529, 39.2735], [-76.7564, 39.2738], [-76.7534, 39.2837]]]}}, {"type": "Feature", "properties": {"fips": "24025303700", "gap_national": -46.3, "gap_stratum": -38.3, "burden": 43.3, "capacity": 79.3, "svi": 0.12, "top_decile_gap": 0.0, "stratum": "metropolitan", "scored": 1}, "geometry": {"type": "Polygon", "coordinates": [[[-76.2877, 39.5549], [-76.2638, 39.5561], [-76.2328, 39.5662], [-76.2262, 39.5602], [-76.2212, 39.5592], [-76.2201, 39.557], [-76.2239, 39.555], [-76.2112, 39.5454], [-76.2121, 39.5376], [-76.219, 39.5306], [-76.2092, 39.5202], [-76.207, 39.5144], [-76.2689, 39.5102], [-76.2658, 39.5171], [-76.2755, 39.5216], [-76.2799, 39.5309], [-76.2865, 39.5245], [-76.3133, 39.547], [-76.2877, 39.5549]]]}}, {"type": "Feature", "properties": {"fips": "24027605503", "gap_national": -33.6, "gap_stratum": -26.5, "burden": 42.1, "capacity": 67.8, "svi": 0.71, "top_decile_gap": 0.0, "stratum": "metropolitan", "scored": 1}, "geometry": {"type": "Polygon", "coordinates": [[[-76.8893, 39.2272], [-76.8909, 39.2344], [-76.8685, 39.2357], [-76.8639, 39.2314], [-76.8684, 39.2265], [-76.8766, 39.2261], [-76.882, 39.2203], [-76.8802, 39.2162], [-76.8874, 39.215], [-76.8885, 39.2215], [-76.8926, 39.2222], [-76.894, 39.2258], [-76.8893, 39.2272]]]}}, {"type": "Feature", "properties": {"fips": "24031703901", "gap_national": -57.0, "gap_stratum": -55.3, "burden": 17.1, "capacity": 64.1, "svi": 0.26, "top_decile_gap": 0.0, "stratum": "metropolitan", "scored": 1}, "geometry": {"type": "Polygon", "coordinates": [[[-77.0315, 39.0255], [-77.0323, 39.015], [-77.0419, 39.0135], [-77.046, 39.0253], [-77.0315, 39.0255]]]}}, {"type": "Feature", "properties": {"fips": "24031701314", "gap_national": -66.5, "gap_stratum": -64.6, "burden": 14.6, "capacity": 69.0, "svi": 0.12, "top_decile_gap": 0.0, "stratum": "metropolitan", "scored": 1}, "geometry": {"type": "Polygon", "coordinates": [[[-77.0668, 39.1532], [-77.0505, 39.1465], [-77.0649, 39.1371], [-77.0689, 39.1371], [-77.0668, 39.1532]]]}}, {"type": "Feature", "properties": {"fips": "24031700309", "gap_national": -30.7, "gap_stratum": -31.6, "burden": 13.1, "capacity": 43.3, "svi": 0.6, "top_decile_gap": 0.0, "stratum": "metropolitan", "scored": 1}, "geometry": {"type": "Polygon", "coordinates": [[[-77.2721, 39.1918], [-77.2634, 39.1977], [-77.2547, 39.1843], [-77.2673, 39.1788], [-77.2687, 39.1761], [-77.2763, 39.1815], [-77.2721, 39.1918]]]}}, {"type": "Feature", "properties": {"fips": "24510280401", "gap_national": -1.9, "gap_stratum": 1.3, "burden": 84.9, "capacity": 82.0, "svi": 0.62, "top_decile_gap": 0.0, "stratum": "metropolitan", "scored": 1}, "geometry": {"type": "Polygon", "coordinates": [[[-76.7112, 39.303], [-76.7054, 39.3022], [-76.7062, 39.2997], [-76.6949, 39.302], [-76.6894, 39.2936], [-76.7112, 39.2917], [-76.7112, 39.303]]]}}, {"type": "Feature", "properties": {"fips": "24510010500", "gap_national": -37.1, "gap_stratum": -39.0, "burden": 6.2, "capacity": 44.1, "svi": 0.37, "top_decile_gap": 0.0, "stratum": "metropolitan", "scored": 1}, "geometry": {"type": "Polygon", "coordinates": [[[-76.5847, 39.2919], [-76.5843, 39.286], [-76.5871, 39.2859], [-76.5874, 39.2918], [-76.5847, 39.2919]]]}}, {"type": "Feature", "properties": {"fips": "24510260303", "gap_national": 45.9, "gap_stratum": 48.1, "burden": 77.8, "capacity": 41.2, "svi": 0.61, "top_decile_gap": 0.0, "stratum": "metropolitan", "scored": 1}, "geometry": {"type": "Polygon", "coordinates": [[[-76.5637, 39.3136], [-76.555, 39.318], [-76.5489, 39.3159], [-76.5504, 39.3113], [-76.5612, 39.309], [-76.573, 39.3093], [-76.5731, 39.3145], [-76.5637, 39.3136]]]}}, {"type": "Feature", "properties": {"fips": "24510020100", "gap_national": -34.2, "gap_stratum": -36.3, "burden": 4.1, "capacity": 40.9, "svi": 0.02, "top_decile_gap": 0.0, "stratum": "metropolitan", "scored": 1}, "geometry": {"type": "Polygon", "coordinates": [[[-76.5874, 39.2918], [-76.5871, 39.2859], [-76.5901, 39.2857], [-76.5905, 39.2917], [-76.5874, 39.2918]]]}}, {"type": "Feature", "properties": {"fips": "24001001100", "gap_national": 10.0, "gap_stratum": -5.0, "burden": 77.2, "capacity": 65.6, "svi": 0.6, "top_decile_gap": 0.0, "stratum": "micropolitan", "scored": 1}, "geometry": {"type": "Polygon", "coordinates": [[[-78.7809, 39.6537], [-78.7698, 39.6536], [-78.7701, 39.656], [-78.7645, 39.6531], [-78.7643, 39.649], [-78.7753, 39.6486], [-78.7735, 39.6506], [-78.7771, 39.6513], [-78.784, 39.6492], [-78.7809, 39.6537]]]}}, {"type": "Feature", "properties": {"fips": "24013507704", "gap_national": -21.4, "gap_stratum": -36.6, "burden": 28.4, "capacity": 48.9, "svi": 0.08, "top_decile_gap": 0.0, "stratum": "micropolitan", "scored": 1}, "geometry": {"type": "Polygon", "coordinates": [[[-77.0285, 39.5891], [-77.0088, 39.5844], [-77.0116, 39.5768], [-77.0206, 39.5679], [-77.0291, 39.573], [-77.0286, 39.5809], [-77.0496, 39.5851], [-77.0582, 39.6026], [-77.0574, 39.6047], [-77.0285, 39.5891]]]}}, {"type": "Feature", "properties": {"fips": "24031701223", "gap_national": -52.7, "gap_stratum": -54.7, "burden": 3.5, "capacity": 54.0, "svi": 0.08, "top_decile_gap": 0.0, "stratum": "metropolitan", "scored": 1}, "geometry": {"type": "Polygon", "coordinates": [[[-77.1096, 39.0366], [-77.109, 39.0388], [-77.1052, 39.0306], [-77.1101, 39.0289], [-77.1214, 39.0331], [-77.1096, 39.0366]]]}}, {"type": "Feature", "properties": {"fips": "24017850801", "gap_national": -5.7, "gap_stratum": 0.1, "burden": 75.1, "capacity": 75.8, "svi": 0.32, "top_decile_gap": 0.0, "stratum": "metropolitan", "scored": 1}, "geometry": {"type": "Polygon", "coordinates": [[[-76.8634, 38.6585], [-76.842, 38.651], [-76.8464, 38.6418], [-76.8603, 38.6382], [-76.873, 38.6449], [-76.8756, 38.6571], [-76.8634, 38.6585]]]}}, {"type": "Feature", "properties": {"fips": "24033803516", "gap_national": -37.4, "gap_stratum": -28.9, "burden": 48.2, "capacity": 76.2, "svi": 0.23, "top_decile_gap": 0.0, "stratum": "metropolitan", "scored": 1}, "geometry": {"type": "Polygon", "coordinates": [[[-76.8277, 38.9561], [-76.8088, 38.9567], [-76.7977, 38.9611], [-76.7985, 38.9443], [-76.8391, 38.9471], [-76.8405, 38.9493], [-76.8277, 38.9561]]]}}, {"type": "Feature", "properties": {"fips": "24019970702", "gap_national": -19.4, "gap_stratum": -40.4, "burden": 71.3, "capacity": 86.2, "svi": 0.38, "top_decile_gap": 0.0, "stratum": "micropolitan", "scored": 1}, "geometry": {"type": "Polygon", "coordinates": [[[-76.2997, 38.575], [-76.2918, 38.5837], [-76.2885, 38.5828], [-76.2899, 38.5773], [-76.2809, 38.5747], [-76.2756, 38.5809], [-76.2662, 38.5861], [-76.2669, 38.5899], [-76.2721, 38.5921], [-76.2686, 38.5978], [-76.2631, 38.5988], [-76.2623, 38.6023], [-76.2749, 38.6036], [-76.2808, 38.6195], [-76.2861, 38.6257], [-76.2846, 38.6264], [-76.2732, 38.6178], [-76.2718, 38.6157], [-76.2743, 38.6118], [-76.2699, 38.61], [-76.2651, 38.6112], [-76.2609, 38.6175], [-76.2594, 38.6148], [-76.2514, 38.6139], [-76.2509, 38.6186], [-76.2545, 38.6222], [-76.2493, 38.6262], [-76.2463, 38.6246], [-76.2354, 38.627], [-76.2382, 38.6167], [-76.2363, 38.6124], [-76.231, 38.6117], [-76.2312, 38.614], [-76.2124, 38.6067], [-76.1766, 38.6276], [-76.1702, 38.6287], [-76.1647, 38.6219], [-76.1644, 38.6149], [-76.1686, 38.6022], [-76.1613, 38.5951], [-76.1526, 38.5958], [-76.1413, 38.606], [-76.133, 38.5956], [-76.1143, 38.583], [-76.0901, 38.5929], [-76.0883, 38.5927], [-76.0865, 38.5859], [-76.0802, 38.5848], [-76.0877, 38.5779], [-76.0903, 38.5798], [-76.0935, 38.5762], [-76.0949, 38.5781], [-76.1066, 38.5791], [-76.1107, 38.5747], [-76.1094, 38.5714], [-76.1027, 38.5706], [-76.1021, 38.569], [-76.1057, 38.568], [-76.1283, 38.5697], [-76.138, 38.5739], [-76.1411, 38.5722], [-76.1496, 38.5561], [-76.1419, 38.5473], [-76.1299, 38.5499], [-76.1031, 38.5447], [-76.0948, 38.5458], [-76.0948, 38.535], [-76.0908, 38.5332], [-76.0894, 38.5401], [-76.0864, 38.5428], [-76.0864, 38.5299], [-76.0836, 38.5227], [-76.0735, 38.5226], [-76.0738, 38.526], [-76.0672, 38.5279], [-76.0652, 38.5258], [-76.0625, 38.5288], [-76.0621, 38.5323], [-76.0649, 38.5348], [-76.0631, 38.5378], [-76.0642, 38.5472], [-76.06, 38.5583], [-76.0399, 38.5532], [-76.0379, 38.5562], [-76.0397, 38.5584], [-76.0345, 38.5642], [-76.0265, 38.5668], [-76.0285, 38.5723], [-76.0248, 38.5734], [-76.0212, 38.5661], [-76.0241, 38.5653], [-76.0252, 38.5564], [-76.0213, 38.5496], [-76.024, 38.5429], [-76.0218, 38.5336], [-76.0291, 38.5337], [-76.0259, 38.5277], [-76.0435, 38.5244], [-76.0411, 38.5189], [-76.0425, 38.5166], [-76.045, 38.5187], [-76.0559, 38.5164], [-76.0621, 38.5222], [-76.0698, 38.5173], [-76.0821, 38.5156], [-76.0994, 38.5229], [-76.0962, 38.5316], [-76.1035, 38.5332], [-76.1038, 38.5314], [-76.1115, 38.5338], [-76.1146, 38.5289], [-76.1194, 38.5311], [-76.1247, 38.5272], [-76.1403, 38.5299], [-76.1437, 38.5284], [-76.1468, 38.5329], [-76.1993, 38.5272], [-76.2204, 38.5474], [-76.229, 38.5405], [-76.235, 38.5413], [-76.2444, 38.537], [-76.2552, 38.5415], [-76.2674, 38.5426], [-76.2745, 38.5351], [-76.2741, 38.5312], [-76.2793, 38.5356], [-76.2753, 38.5471], [-76.2789, 38.5577], [-76.2813, 38.5611], [-76.2842, 38.561], [-76.29, 38.5692], [-76.2992, 38.5695], [-76.3017, 38.5729], [-76.305, 38.5725], [-76.2997, 38.575]]]}}, {"type": "Feature", "properties": {"fips": "24003731208", "gap_national": -38.8, "gap_stratum": -31.1, "burden": 42.9, "capacity": 72.3, "svi": 0.04, "top_decile_gap": 0.0, "stratum": "metropolitan", "scored": 1}, "geometry": {"type": "Polygon", "coordinates": [[[-76.5537, 39.1154], [-76.5445, 39.1134], [-76.5319, 39.1024], [-76.5312, 39.0954], [-76.5401, 39.097], [-76.5481, 39.0952], [-76.552, 39.1033], [-76.5569, 39.1], [-76.5654, 39.0993], [-76.5745, 39.1094], [-76.5727, 39.112], [-76.5537, 39.1154]]]}}, {"type": "Feature", "properties": {"fips": "24021750200", "gap_national": -45.6, "gap_stratum": -41.0, "burden": 29.1, "capacity": 65.5, "svi": 0.24, "top_decile_gap": 0.0, "stratum": "metropolitan", "scored": 1}, "geometry": {"type": "Polygon", "coordinates": [[[-77.4131, 39.4192], [-77.4022, 39.4166], [-77.4039, 39.413], [-77.4134, 39.4125], [-77.4149, 39.4148], [-77.4131, 39.4192]]]}}, {"type": "Feature", "properties": {"fips": "24033802103", "gap_national": 19.1, "gap_stratum": 21.4, "burden": 82.9, "capacity": 63.3, "svi": 0.68, "top_decile_gap": 0.0, "stratum": "metropolitan", "scored": 1}, "geometry": {"type": "Polygon", "coordinates": [[[-76.901, 38.8554], [-76.8823, 38.8496], [-76.874, 38.8446], [-76.8742, 38.841], [-76.8925, 38.8455], [-76.9101, 38.8532], [-76.901, 38.8554]]]}}, {"type": "Feature", "properties": {"fips": "24033805801", "gap_national": 56.5, "gap_stratum": 63.1, "burden": 64.1, "capacity": 16.7, "svi": 0.6, "top_decile_gap": 1.0, "stratum": "metropolitan", "scored": 1}, "geometry": {"type": "Polygon", "coordinates": [[[-76.9709, 38.9786], [-76.9728, 38.9841], [-76.9683, 38.9898], [-76.964, 38.9885], [-76.9639, 38.9821], [-76.9617, 38.9815], [-76.9656, 38.9766], [-76.9645, 38.9708], [-76.9687, 38.9679], [-76.9728, 38.9696], [-76.9709, 38.9786]]]}}, {"type": "Feature", "properties": {"fips": "24003702205", "gap_national": -57.2, "gap_stratum": -52.3, "burden": 26.8, "capacity": 72.1, "svi": 0.28, "top_decile_gap": 0.0, "stratum": "metropolitan", "scored": 1}, "geometry": {"type": "Polygon", "coordinates": [[[-76.7015, 39.0236], [-76.684, 39.0134], [-76.6732, 38.9995], [-76.6918, 38.9981], [-76.6969, 39.0038], [-76.7007, 38.9998], [-76.7049, 38.9999], [-76.7045, 39.0092], [-76.7006, 39.0131], [-76.7044, 39.0137], [-76.7079, 39.0189], [-76.7015, 39.0236]]]}}, {"type": "Feature", "properties": {"fips": "24021750504", "gap_national": -8.5, "gap_stratum": -3.7, "burden": 41.2, "capacity": 50.2, "svi": 0.59, "top_decile_gap": 0.0, "stratum": "metropolitan", "scored": 1}, "geometry": {"type": "Polygon", "coordinates": [[[-77.4487, 39.4304], [-77.4346, 39.4324], [-77.4271, 39.4244], [-77.4349, 39.4153], [-77.4509, 39.4182], [-77.4482, 39.4233], [-77.4487, 39.4304]]]}}, {"type": "Feature", "properties": {"fips": "24031700314", "gap_national": -67.1, "gap_stratum": -65.6, "burden": 13.4, "capacity": 68.5, "svi": 0.09, "top_decile_gap": 0.0, "stratum": "metropolitan", "scored": 1}, "geometry": {"type": "Polygon", "coordinates": [[[-77.2596, 39.2215], [-77.2493, 39.2139], [-77.2462, 39.2047], [-77.2533, 39.202], [-77.2637, 39.2047], [-77.2704, 39.2089], [-77.2707, 39.2147], [-77.2596, 39.2215]]]}}, {"type": "Feature", "properties": {"fips": "24005420800", "gap_national": 10.4, "gap_stratum": 16.1, "burden": 57.7, "capacity": 50.3, "svi": 0.34, "top_decile_gap": 0.0, "stratum": "metropolitan", "scored": 1}, "geometry": {"type": "Polygon", "coordinates": [[[-76.5296, 39.2723], [-76.5179, 39.2728], [-76.5033, 39.27], [-76.5097, 39.2602], [-76.5124, 39.2598], [-76.5238, 39.2687], [-76.5297, 39.2702], [-76.5296, 39.2723]]]}}, {"type": "Feature", "properties": {"fips": "24005490200", "gap_national": -38.6, "gap_stratum": -31.3, "burden": 41.0, "capacity": 70.4, "svi": 0.2, "top_decile_gap": 0.0, "stratum": "metropolitan", "scored": 1}, "geometry": {"type": "Polygon", "coordinates": [[[-76.6024, 39.425], [-76.5971, 39.4245], [-76.6005, 39.4131], [-76.6201, 39.4133], [-76.629, 39.4177], [-76.6024, 39.425]]]}}, {"type": "Feature", "properties": {"fips": "24025302902", "gap_national": 13.6, "gap_stratum": 18.6, "burden": 67.9, "capacity": 56.3, "svi": 0.45, "top_decile_gap": 0.0, "stratum": "metropolitan", "scored": 1}, "geometry": {"type": "Polygon", "coordinates": [[[-76.1693, 39.5113], [-76.1525, 39.5034], [-76.1565, 39.5046], [-76.1594, 39.4988], [-76.1656, 39.5023], [-76.1625, 39.5001], [-76.175, 39.4906], [-76.1841, 39.494], [-76.192, 39.4908], [-76.193, 39.4977], [-76.1693, 39.5113]]]}}, {"type": "Feature", "properties": {"fips": "24031705200", "gap_national": -80.9, "gap_stratum": -78.0, "burden": 16.8, "capacity": 84.2, "svi": 0.01, "top_decile_gap": 0.0, "stratum": "metropolitan", "scored": 1}, "geometry": {"type": "Polygon", "coordinates": [[[-77.069, 38.9911], [-77.0639, 38.9932], [-77.0621, 38.9929], [-77.062, 38.9863], [-77.0548, 38.9884], [-77.0522, 38.9867], [-77.069, 38.9738], [-77.0724, 38.9757], [-77.0709, 38.9795], [-77.0727, 38.9852], [-77.069, 38.9911]]]}}, {"type": "Feature", "properties": {"fips": "24031701215", "gap_national": -60.1, "gap_stratum": -58.9, "burden": 14.3, "capacity": 64.2, "svi": 0.51, "top_decile_gap": 0.0, "stratum": "metropolitan", "scored": 1}, "geometry": {"type": "Polygon", "coordinates": [[[-77.1101, 39.0289], [-77.1052, 39.0306], [-77.1031, 39.0225], [-77.1065, 39.0226], [-77.1128, 39.028], [-77.1263, 39.0307], [-77.1255, 39.0334], [-77.1101, 39.0289]]]}}, {"type": "Feature", "properties": {"fips": "24510130804", "gap_national": -19.8, "gap_stratum": -19.6, "burden": 17.2, "capacity": 38.0, "svi": 0.16, "top_decile_gap": 0.0, "stratum": "metropolitan", "scored": 1}, "geometry": {"type": "Polygon", "coordinates": [[[-76.6374, 39.3376], [-76.6331, 39.3265], [-76.6343, 39.3247], [-76.6405, 39.3272], [-76.6446, 39.3348], [-76.6374, 39.3376]]]}}, {"type": "Feature", "properties": {"fips": "24510200800", "gap_national": 31.2, "gap_stratum": 31.3, "burden": 88.5, "capacity": 58.7, "svi": 0.84, "top_decile_gap": 0.0, "stratum": "metropolitan", "scored": 1}, "geometry": {"type": "Polygon", "coordinates": [[[-76.6722, 39.2811], [-76.6716, 39.2759], [-76.6755, 39.2742], [-76.6859, 39.2782], [-76.6868, 39.2872], [-76.6722, 39.2811]]]}}, {"type": "Feature", "properties": {"fips": "24510270801", "gap_national": -28.1, "gap_stratum": -19.6, "burden": 60.0, "capacity": 80.6, "svi": 0.36, "top_decile_gap": 0.0, "stratum": "metropolitan", "scored": 1}, "geometry": {"type": "Polygon", "coordinates": [[[-76.597, 39.3719], [-76.582, 39.3721], [-76.5855, 39.366], [-76.5993, 39.3659], [-76.5998, 39.3693], [-76.597, 39.3719]]]}}, {"type": "Feature", "properties": {"fips": "24510260604", "gap_national": 76.0, "gap_stratum": 78.3, "burden": 82.8, "capacity": 17.9, "svi": 0.68, "top_decile_gap": 1.0, "stratum": "metropolitan", "scored": 1}, "geometry": {"type": "Polygon", "coordinates": [[[-76.5357, 39.2818], [-76.5335, 39.2775], [-76.5379, 39.2748], [-76.538, 39.2765], [-76.5436, 39.2763], [-76.5438, 39.2814], [-76.5357, 39.2818]]]}}, {"type": "Feature", "properties": {"fips": "24045010800", "gap_national": -25.1, "gap_stratum": -17.7, "burden": 66.5, "capacity": 86.3, "svi": 0.36, "top_decile_gap": 0.0, "stratum": "metropolitan", "scored": 1}, "geometry": {"type": "Polygon", "coordinates": [[[-75.9077, 38.2726], [-75.9014, 38.286], [-75.9083, 38.2923], [-75.8931, 38.3092], [-75.8825, 38.3291], [-75.8782, 38.3273], [-75.8725, 38.329], [-75.8723, 38.3326], [-75.8757, 38.3327], [-75.87, 38.3424], [-75.8563, 38.3495], [-75.8493, 38.365], [-75.8639, 38.3779], [-75.8647, 38.3797], [-75.8609, 38.3836], [-75.8403, 38.3848], [-75.8383, 38.3894], [-75.828, 38.3874], [-75.8248, 38.3905], [-75.8225, 38.3865], [-75.8194, 38.3868], [-75.8051, 38.3946], [-75.8026, 38.3988], [-75.7949, 38.3981], [-75.7865, 38.4039], [-75.7834, 38.4025], [-75.7764, 38.4057], [-75.7717, 38.4021], [-75.7622, 38.4038], [-75.7557, 38.4063], [-75.7567, 38.4088], [-75.751, 38.4139], [-75.7237, 38.421], [-75.7206, 38.4157], [-75.7076, 38.4149], [-75.6986, 38.4103], [-75.7058, 38.4056], [-75.7005, 38.4011], [-75.6907, 38.3848], [-75.6915, 38.3788], [-75.6763, 38.3804], [-75.6772, 38.3608], [-75.6753, 38.3554], [-75.685, 38.3538], [-75.6925, 38.3465], [-75.6954, 38.3466], [-75.6959, 38.3415], [-75.6718, 38.3401], [-75.666, 38.3356], [-75.6661, 38.3193], [-75.6613, 38.3192], [-75.6483, 38.3118], [-75.6508, 38.3099], [-75.6474, 38.3057], [-75.648, 38.3009], [-75.6523, 38.2942], [-75.6627, 38.2988], [-75.6872, 38.2899], [-75.6864, 38.2855], [-75.6964, 38.2742], [-75.6944, 38.2669], [-75.6994, 38.2649], [-75.7192, 38.266], [-75.7238, 38.2716], [-75.7238, 38.2761], [-75.7288, 38.2759], [-75.7285, 38.281], [-75.7345, 38.283], [-75.7416, 38.2792], [-75.7459, 38.2804], [-75.749, 38.2847], [-75.7503, 38.2809], [-75.7532, 38.2814], [-75.7529, 38.2851], [-75.7692, 38.285], [-75.7723, 38.2735], [-75.7812, 38.2675], [-75.7963, 38.2658], [-75.8012, 38.254], [-75.8023, 38.2566], [-75.8109, 38.2564], [-75.8219, 38.2619], [-75.8342, 38.2574], [-75.8456, 38.2573], [-75.8516, 38.248], [-75.8638, 38.2474], [-75.8696, 38.2436], [-75.8731, 38.2461], [-75.87, 38.2517], [-75.8767, 38.2548], [-75.8894, 38.2395], [-75.8838, 38.229], [-75.8914, 38.2276], [-75.8957, 38.2286], [-75.9065, 38.2418], [-75.9092, 38.2558], [-75.9203, 38.2644], [-75.9077, 38.2726]]]}}, {"type": "Feature", "properties": {"fips": "24045000500", "gap_national": 50.6, "gap_stratum": 53.7, "burden": 75.2, "capacity": 35.2, "svi": 0.78, "top_decile_gap": 0.0, "stratum": "metropolitan", "scored": 1}, "geometry": {"type": "Polygon", "coordinates": [[[-75.5951, 38.3652], [-75.5794, 38.3601], [-75.5904, 38.3529], [-75.5925, 38.3479], [-75.601, 38.3485], [-75.5951, 38.3652]]]}}, {"type": "Feature", "properties": {"fips": "24033803525", "gap_national": 27.8, "gap_stratum": 31.3, "burden": 72.6, "capacity": 50.4, "svi": 0.84, "top_decile_gap": 0.0, "stratum": "metropolitan", "scored": 1}, "geometry": {"type": "Polygon", "coordinates": [[[-76.8612, 38.9146], [-76.8602, 38.9181], [-76.8518, 38.9172], [-76.85, 38.907], [-76.8687, 38.9064], [-76.874, 38.9039], [-76.8786, 38.9073], [-76.8792, 38.9118], [-76.8612, 38.9146]]]}}, {"type": "Feature", "properties": {"fips": "24031701218", "gap_national": -56.9, "gap_stratum": -51.7, "burden": 28.1, "capacity": 73.0, "svi": 0.66, "top_decile_gap": 0.0, "stratum": "metropolitan", "scored": 1}, "geometry": {"type": "Polygon", "coordinates": [[[-77.1173, 39.0595], [-77.1103, 39.0534], [-77.1262, 39.0527], [-77.1264, 39.0585], [-77.1173, 39.0595]]]}}, {"type": "Feature", "properties": {"fips": "24031704503", "gap_national": -72.3, "gap_stratum": -71.3, "burden": 9.3, "capacity": 69.6, "svi": 0.14, "top_decile_gap": 0.0, "stratum": "metropolitan", "scored": 1}, "geometry": {"type": "Polygon", "coordinates": [[[-77.1263, 39.0035], [-77.1225, 39.0153], [-77.1191, 39.0157], [-77.1095, 39.0001], [-77.1289, 39.0021], [-77.1263, 39.0035]]]}}, {"type": "Feature", "properties": {"fips": "24510200300", "gap_national": 63.3, "gap_stratum": 61.8, "burden": 92.0, "capacity": 37.8, "svi": 0.84, "top_decile_gap": 1.0, "stratum": "metropolitan", "scored": 1}, "geometry": {"type": "Polygon", "coordinates": [[[-76.647, 39.2881], [-76.6464, 39.2795], [-76.6498, 39.2824], [-76.6501, 39.288], [-76.647, 39.2881]]]}}, {"type": "Feature", "properties": {"fips": "24003740602", "gap_national": -13.9, "gap_stratum": -13.7, "burden": 15.5, "capacity": 31.6, "svi": 0.52, "top_decile_gap": 0.0, "stratum": "metropolitan", "scored": 1}, "geometry": {"type": "Polygon", "coordinates": [[[-76.7447, 39.126], [-76.7383, 39.1305], [-76.7286, 39.1247], [-76.7207, 39.1231], [-76.7166, 39.1177], [-76.7342, 39.1094], [-76.7452, 39.1077], [-76.7498, 39.1146], [-76.7447, 39.126]]]}}, {"type": "Feature", "properties": {"fips": "24005450800", "gap_national": -4.9, "gap_stratum": 1.8, "burden": 68.1, "capacity": 68.9, "svi": 0.85, "top_decile_gap": 0.0, "stratum": "metropolitan", "scored": 1}, "geometry": {"type": "Polygon", "coordinates": [[[-76.4432, 39.3272], [-76.4389, 39.3201], [-76.4317, 39.3148], [-76.436, 39.3067], [-76.4427, 39.3063], [-76.4548, 39.3201], [-76.4432, 39.3272]]]}}, {"type": "Feature", "properties": {"fips": "24005411309", "gap_national": -54.4, "gap_stratum": -47.1, "burden": 38.3, "capacity": 82.1, "svi": 0.37, "top_decile_gap": 0.0, "stratum": "metropolitan", "scored": 1}, "geometry": {"type": "Polygon", "coordinates": [[[-76.4557, 39.4074], [-76.4638, 39.4128], [-76.4448, 39.4274], [-76.4259, 39.4167], [-76.4133, 39.4177], [-76.4097, 39.4157], [-76.4389, 39.3888], [-76.4414, 39.3936], [-76.4412, 39.4029], [-76.4533, 39.4002], [-76.4643, 39.4], [-76.4557, 39.4074]]]}}, {"type": "Feature", "properties": {"fips": "24005491402", "gap_national": -26.4, "gap_stratum": -18.5, "burden": 49.4, "capacity": 68.6, "svi": 0.42, "top_decile_gap": 0.0, "stratum": "metropolitan", "scored": 1}, "geometry": {"type": "Polygon", "coordinates": [[[-76.5563, 39.3804], [-76.5569, 39.3776], [-76.5679, 39.3733], [-76.5709, 39.3831], [-76.5563, 39.3804]]]}}, {"type": "Feature", "properties": {"fips": "24033801905", "gap_national": -7.1, "gap_stratum": -1.2, "burden": 48.5, "capacity": 54.9, "svi": 0.34, "top_decile_gap": 0.0, "stratum": "metropolitan", "scored": 1}, "geometry": {"type": "Polygon", "coordinates": [[[-76.9255, 38.8296], [-76.9025, 38.8357], [-76.8877, 38.8221], [-76.9052, 38.8179], [-76.9248, 38.8202], [-76.9312, 38.8188], [-76.9255, 38.8296]]]}}, {"type": "Feature", "properties": {"fips": "24025301402", "gap_national": -21.1, "gap_stratum": -13.6, "burden": 50.0, "capacity": 65.4, "svi": 0.27, "top_decile_gap": 0.0, "stratum": "metropolitan", "scored": 1}, "geometry": {"type": "Polygon", "coordinates": [[[-76.3422, 39.4101], [-76.3267, 39.4145], [-76.32, 39.4044], [-76.3444, 39.3917], [-76.3483, 39.3988], [-76.3422, 39.4101]]]}}, {"type": "Feature", "properties": {"fips": "24031704200", "gap_national": -66.0, "gap_stratum": -64.9, "burden": 12.2, "capacity": 66.9, "svi": 0.39, "top_decile_gap": 0.0, "stratum": "metropolitan", "scored": 1}, "geometry": {"type": "Polygon", "coordinates": [[[-77.077, 39.0333], [-77.0684, 39.0353], [-77.0679, 39.0256], [-77.0715, 39.0188], [-77.0811, 39.0235], [-77.077, 39.0333]]]}}, {"type": "Feature", "properties": {"fips": "24031700812", "gap_national": -11.4, "gap_stratum": -6.9, "burden": 38.5, "capacity": 50.0, "svi": 0.84, "top_decile_gap": 0.0, "stratum": "metropolitan", "scored": 1}, "geometry": {"type": "Polygon", "coordinates": [[[-77.202, 39.1785], [-77.1972, 39.1772], [-77.1899, 39.1717], [-77.192, 39.1573], [-77.2052, 39.1674], [-77.202, 39.1785]]]}}, {"type": "Feature", "properties": {"fips": "24031705602", "gap_national": -61.7, "gap_stratum": -54.9, "burden": 37.8, "capacity": 92.0, "svi": 0.38, "top_decile_gap": 0.0, "stratum": "metropolitan", "scored": 1}, "geometry": {"type": "Polygon", "coordinates": [[[-77.0916, 38.9671], [-77.0884, 38.9667], [-77.0871, 38.9638], [-77.089, 38.962], [-77.0955, 38.9627], [-77.0916, 38.9671]]]}}, {"type": "Feature", "properties": {"fips": "24047951200", "gap_national": -18.2, "gap_stratum": -10.9, "burden": 68.5, "capacity": 80.9, "svi": 0.22, "top_decile_gap": 0.0, "stratum": "metropolitan", "scored": 1}, "geometry": {"type": "Polygon", "coordinates": [[[-75.4713, 38.229], [-75.4716, 38.2368], [-75.4627, 38.256], [-75.4641, 38.2623], [-75.4607, 38.2618], [-75.4548, 38.274], [-75.4537, 38.2828], [-75.4503, 38.2864], [-75.3646, 38.2904], [-75.3601, 38.3009], [-75.3434, 38.2999], [-75.3383, 38.3035], [-75.3273, 38.2983], [-75.3117, 38.3011], [-75.3, 38.3101], [-75.2951, 38.308], [-75.2931, 38.3032], [-75.2834, 38.2942], [-75.2605, 38.2826], [-75.2458, 38.2719], [-75.2432, 38.2596], [-75.2355, 38.2564], [-75.2298, 38.2482], [-75.2299, 38.2418], [-75.2227, 38.241], [-75.2257, 38.2338], [-75.2392, 38.2321], [-75.2417, 38.2294], [-75.237, 38.2239], [-75.2412, 38.2173], [-75.2462, 38.2156], [-75.2473, 38.2068], [-75.2585, 38.2033], [-75.2562, 38.1997], [-75.2573, 38.1937], [-75.2525, 38.1885], [-75.259, 38.1858], [-75.2601, 38.1794], [-75.2666, 38.1742], [-75.2627, 38.1623], [-75.244, 38.1607], [-75.2462, 38.1525], [-75.2591, 38.1515], [-75.2649, 38.1587], [-75.2709, 38.1547], [-75.282, 38.1522], [-75.2865, 38.145], [-75.2872, 38.1342], [-75.2947, 38.1258], [-75.2901, 38.1124], [-75.2958, 38.1005], [-75.2964, 38.0938], [-75.3016, 38.094], [-75.3031, 38.0983], [-75.3119, 38.1003], [-75.3133, 38.0985], [-75.3105, 38.095], [-75.314, 38.0889], [-75.3096, 38.0847], [-75.2989, 38.0808], [-75.2897, 38.0821], [-75.2886, 38.0744], [-75.2918, 38.0717], [-75.2982, 38.074], [-75.3066, 38.0709], [-75.3124, 38.0759], [-75.3102, 38.0808], [-75.3239, 38.0889], [-75.324, 38.0913], [-75.3194, 38.0926], [-75.3194, 38.0979], [-75.3275, 38.1036], [-75.3363, 38.0984], [-75.3359, 38.094], [-75.3387, 38.0908], [-75.3284, 38.0788], [-75.327, 38.0708], [-75.343, 38.075], [-75.3445, 38.0765], [-75.3413, 38.0839], [-75.3441, 38.0854], [-75.3571, 38.0762], [-75.3635, 38.0751], [-75.3608, 38.0736], [-75.361, 38.07], [-75.3551, 38.0686], [-75.3544, 38.064], [-75.3576, 38.0666], [-75.3585, 38.0637], [-75.3614, 38.0637], [-75.37, 38.067], [-75.3734, 38.0635], [-75.3846, 38.0647], [-75.4006, 38.0694], [-75.4032, 38.0733], [-75.3986, 38.0829], [-75.3977, 38.0935], [-75.388, 38.0982], [-75.3943, 38.106], [-75.4096, 38.1084], [-75.4252, 38.1156], [-75.4364, 38.1261], [-75.4417, 38.1272], [-75.4481, 38.1351], [-75.4459, 38.1373], [-75.45, 38.1453], [-75.4422, 38.143], [-75.4396, 38.1509], [-75.4353, 38.1492], [-75.4361, 38.1436], [-75.4257, 38.1395], [-75.4163, 38.1439], [-75.3994, 38.1462], [-75.3762, 38.1614], [-75.3729, 38.1768], [-75.3747, 38.1886], [-75.3796, 38.1927], [-75.3783, 38.1957], [-75.382, 38.2032], [-75.3853, 38.2024], [-75.3822, 38.2002], [-75.3851, 38.1974], [-75.3827, 38.1912], [-75.3914, 38.1876], [-75.3927, 38.1798], [-75.3992, 38.1761], [-75.401, 38.178], [-75.4043, 38.1767], [-75.4045, 38.1742], [-75.4173, 38.1665], [-75.4237, 38.1592], [-75.4256, 38.1637], [-75.4287, 38.1635], [-75.4424, 38.1772], [-75.4482, 38.1801], [-75.4494, 38.1848], [-75.453, 38.1852], [-75.4529, 38.1881], [-75.4627, 38.1966], [-75.472, 38.2124], [-75.47, 38.218], [-75.4734, 38.226], [-75.4713, 38.229]]]}}, {"type": "Feature", "properties": {"fips": "24510271001", "gap_national": 24.9, "gap_stratum": 25.5, "burden": 89.4, "capacity": 63.4, "svi": 0.92, "top_decile_gap": 0.0, "stratum": "metropolitan", "scored": 1}, "geometry": {"type": "Polygon", "coordinates": [[[-76.6097, 39.3462], [-76.5997, 39.3451], [-76.6002, 39.3401], [-76.6096, 39.3402], [-76.6097, 39.3462]]]}}, {"type": "Feature", "properties": {"fips": "24510070100", "gap_national": 48.2, "gap_stratum": 46.8, "burden": 90.9, "capacity": 48.6, "svi": 0.92, "top_decile_gap": 0.0, "stratum": "metropolitan", "scored": 1}, "geometry": {"type": "Polygon", "coordinates": [[[-76.5728, 39.3027], [-76.5726, 39.2971], [-76.578, 39.2969], [-76.5783, 39.3025], [-76.5728, 39.3027]]]}}, {"type": "Feature", "properties": {"fips": "24510150701", "gap_national": -10.5, "gap_stratum": -5.8, "burden": 78.8, "capacity": 85.1, "svi": 0.34, "top_decile_gap": 0.0, "stratum": "metropolitan", "scored": 1}, "geometry": {"type": "Polygon", "coordinates": [[[-76.6714, 39.3242], [-76.6648, 39.3222], [-76.6598, 39.3152], [-76.6744, 39.3142], [-76.6745, 39.3218], [-76.6714, 39.3242]]]}}, {"type": "Feature", "properties": {"fips": "24045010501", "gap_national": -28.7, "gap_stratum": -20.0, "burden": 54.1, "capacity": 74.6, "svi": 0.56, "top_decile_gap": 0.0, "stratum": "metropolitan", "scored": 1}, "geometry": {"type": "Polygon", "coordinates": [[[-75.608, 38.3362], [-75.5999, 38.335], [-75.5996, 38.3368], [-75.5945, 38.3368], [-75.578, 38.3269], [-75.5959, 38.3128], [-75.6094, 38.3057], [-75.6367, 38.2986], [-75.608, 38.3362]]]}}, {"type": "Feature", "properties": {"fips": "24003730508", "gap_national": 2.9, "gap_stratum": 8.9, "burden": 56.9, "capacity": 54.8, "svi": 0.49, "top_decile_gap": 0.0, "stratum": "metropolitan", "scored": 1}, "geometry": {"type": "Polygon", "coordinates": [[[-76.6111, 39.138], [-76.6187, 39.1367], [-76.6183, 39.1266], [-76.628, 39.1393], [-76.6111, 39.138]]]}}, {"type": "Feature", "properties": {"fips": "24017850708", "gap_national": -31.3, "gap_stratum": -22.7, "burden": 52.0, "capacity": 74.8, "svi": 0.2, "top_decile_gap": 0.0, "stratum": "metropolitan", "scored": 1}, "geometry": {"type": "Polygon", "coordinates": [[[-76.9466, 38.6589], [-76.9396, 38.6546], [-76.9135, 38.6529], [-76.911, 38.65], [-76.9165, 38.6392], [-76.9141, 38.6342], [-76.9176, 38.6298], [-76.9382, 38.6473], [-76.9634, 38.6508], [-76.9628, 38.6564], [-76.9674, 38.661], [-76.9466, 38.6589]]]}}, {"type": "Feature", "properties": {"fips": "24005402306", "gap_national": 10.3, "gap_stratum": 13.8, "burden": 81.3, "capacity": 68.3, "svi": 0.79, "top_decile_gap": 0.0, "stratum": "metropolitan", "scored": 1}, "geometry": {"type": "Polygon", "coordinates": [[[-76.7645, 39.3676], [-76.7582, 39.3665], [-76.7656, 39.3564], [-76.7787, 39.3614], [-76.7756, 39.3654], [-76.7645, 39.3676]]]}}, {"type": "Feature", "properties": {"fips": "24005404403", "gap_national": -9.7, "gap_stratum": -3.8, "burden": 47.0, "capacity": 55.5, "svi": 0.68, "top_decile_gap": 0.0, "stratum": "metropolitan", "scored": 1}, "geometry": {"type": "Polygon", "coordinates": [[[-76.824, 39.455], [-76.8063, 39.4407], [-76.808, 39.4374], [-76.8108, 39.4343], [-76.8161, 39.4345], [-76.8277, 39.4465], [-76.8308, 39.4513], [-76.824, 39.455]]]}}, {"type": "Feature", "properties": {"fips": "24025303603", "gap_national": -55.1, "gap_stratum": -52.5, "burden": 20.6, "capacity": 65.5, "svi": 0.06, "top_decile_gap": 0.0, "stratum": "metropolitan", "scored": 1}, "geometry": {"type": "Polygon", "coordinates": [[[-76.3537, 39.567], [-76.3541, 39.574], [-76.3452, 39.5786], [-76.3329, 39.5693], [-76.3329, 39.5622], [-76.3297, 39.5563], [-76.3133, 39.547], [-76.33, 39.5418], [-76.3283, 39.5471], [-76.3325, 39.5507], [-76.3464, 39.5522], [-76.35, 39.5489], [-76.3649, 39.5581], [-76.3537, 39.567]]]}}, {"type": "Feature", "properties": {"fips": "24033801707", "gap_national": 59.5, "gap_stratum": 64.2, "burden": 71.7, "capacity": 23.3, "svi": 0.9, "top_decile_gap": 1.0, "stratum": "metropolitan", "scored": 1}, "geometry": {"type": "Polygon", "coordinates": [[[-76.9929, 38.8173], [-76.993, 38.8245], [-76.986, 38.8171], [-76.9684, 38.8107], [-76.9905, 38.8064], [-76.9964, 38.8165], [-76.9929, 38.8173]]]}}, {"type": "Feature", "properties": {"fips": "24033807410", "gap_national": -12.4, "gap_stratum": -5.2, "burden": 68.9, "capacity": 75.6, "svi": 0.92, "top_decile_gap": 0.0, "stratum": "metropolitan", "scored": 1}, "geometry": {"type": "Polygon", "coordinates": [[[-76.9463, 39.0524], [-76.9367, 39.0512], [-76.9377, 39.0471], [-76.9477, 39.0397], [-76.9556, 39.0399], [-76.9463, 39.0524]]]}}, {"type": "Feature", "properties": {"fips": "24003750101", "gap_national": 21.2, "gap_stratum": 27.0, "burden": 54.1, "capacity": 39.1, "svi": 0.62, "top_decile_gap": 0.0, "stratum": "metropolitan", "scored": 1}, "geometry": {"type": "Polygon", "coordinates": [[[-76.6117, 39.2344], [-76.5979, 39.2213], [-76.6143, 39.2181], [-76.6117, 39.2344]]]}}, {"type": "Feature", "properties": {"fips": "24510260900", "gap_national": -30.8, "gap_stratum": -32.7, "burden": 5.4, "capacity": 38.8, "svi": 0.15, "top_decile_gap": 0.0, "stratum": "metropolitan", "scored": 1}, "geometry": {"type": "Polygon", "coordinates": [[[-76.5625, 39.2878], [-76.5621, 39.2807], [-76.5645, 39.2786], [-76.5685, 39.2784], [-76.5691, 39.2876], [-76.5625, 39.2878]]]}}, {"type": "Feature", "properties": {"fips": "24031700721", "gap_national": -1.8, "gap_stratum": 1.1, "burden": 29.1, "capacity": 34.3, "svi": 0.91, "top_decile_gap": 0.0, "stratum": "metropolitan", "scored": 1}, "geometry": {"type": "Polygon", "coordinates": [[[-77.2051, 39.1664], [-77.2022, 39.1619], [-77.2077, 39.1557], [-77.2075, 39.1636], [-77.2096, 39.1647], [-77.2051, 39.1664]]]}}, {"type": "Feature", "properties": {"fips": "24031701417", "gap_national": -7.8, "gap_stratum": -4.6, "burden": 32.3, "capacity": 42.2, "svi": 0.72, "top_decile_gap": 0.0, "stratum": "metropolitan", "scored": 1}, "geometry": {"type": "Polygon", "coordinates": [[[-76.9482, 39.083], [-76.9451, 39.0795], [-76.9312, 39.086], [-76.9287, 39.0767], [-76.9359, 39.0666], [-76.9426, 39.074], [-76.9523, 39.0781], [-76.9482, 39.083]]]}}, {"type": "Feature", "properties": {"fips": "24001000100", "gap_national": 4.5, "gap_stratum": -8.6, "burden": 81.2, "capacity": 72.6, "svi": 0.51, "top_decile_gap": 0.0, "stratum": "micropolitan", "scored": 1}, "geometry": {"type": "Polygon", "coordinates": [[[-78.6533, 39.6721], [-78.6453, 39.67], [-78.6393, 39.6723], [-78.6358, 39.6865], [-78.645, 39.6885], [-78.6434, 39.6943], [-78.6491, 39.6934], [-78.6508, 39.6959], [-78.6415, 39.7064], [-78.6338, 39.7228], [-78.3428, 39.7225], [-78.346, 39.7215], [-78.3402, 39.7162], [-78.3359, 39.7201], [-78.3338, 39.7194], [-78.329, 39.7123], [-78.3339, 39.7127], [-78.3343, 39.7099], [-78.3184, 39.7026], [-78.3195, 39.6951], [-78.3133, 39.6925], [-78.3163, 39.6893], [-78.3231, 39.6884], [-78.3152, 39.6859], [-78.3167, 39.6832], [-78.3229, 39.6839], [-78.318, 39.6805], [-78.321, 39.6789], [-78.3202, 39.6761], [-78.3381, 39.68], [-78.3435, 39.6755], [-78.3359, 39.6704], [-78.3332, 39.6664], [-78.3341, 39.6624], [-78.3389, 39.664], [-78.3493, 39.6606], [-78.3571, 39.6639], [-78.3547, 39.6604], [-78.3635, 39.6598], [-78.34, 39.6527], [-78.3404, 39.6487], [-78.346, 39.6492], [-78.342, 39.6439], [-78.3337, 39.6409], [-78.3339, 39.6365], [-78.3552, 39.6406], [-78.3595, 39.6381], [-78.3537, 39.6308], [-78.3558, 39.6263], [-78.3625, 39.626], [-78.3732, 39.6305], [-78.3825, 39.6282], [-78.383, 39.6222], [-78.3724, 39.6123], [-78.3732, 39.6095], [-78.3836, 39.6089], [-78.3958, 39.6161], [-78.4205, 39.624], [-78.4259, 39.6245], [-78.4333, 39.6206], [-78.433, 39.6165], [-78.4256, 39.6076], [-78.3975, 39.5902], [-78.3953, 39.5842], [-78.408, 39.5786], [-78.4432, 39.5912], [-78.4572, 39.5874], [-78.4583, 39.5804], [-78.4544, 39.5743], [-78.4382, 39.5635], [-78.4265, 39.5592], [-78.4173, 39.5496], [-78.4176, 39.5472], [-78.424, 39.5451], [-78.4319, 39.5525], [-78.4374, 39.5535], [-78.4385, 39.5496], [-78.4348, 39.544], [-78.4384, 39.5388], [-78.4511, 39.5502], [-78.4602, 39.5512], [-78.4618, 39.548], [-78.4601, 39.5458], [-78.4506, 39.544], [-78.4486, 39.54], [-78.4628, 39.5358], [-78.461, 39.526], [-78.4629, 39.5208], [-78.4712, 39.5161], [-78.484, 39.5195], [-78.5032, 39.5187], [-78.5214, 39.5248], [-78.5679, 39.5199], [-78.5782, 39.5266], [-78.5878, 39.5279], [-78.5921, 39.5318], [-78.5903, 39.5364], [-78.6049, 39.5326], [-78.6133, 39.5372], [-78.6117, 39.5406], [-78.6276, 39.5464], [-78.6526, 39.5603], [-78.6559, 39.5645], [-78.6534, 39.5987], [-78.6569, 39.6105], [-78.6455, 39.6281], [-78.6454, 39.6358], [-78.6503, 39.6392], [-78.6665, 39.643], [-78.6665, 39.6491], [-78.6533, 39.6721]]]}}, {"type": "Feature", "properties": {"fips": "24021752202", "gap_national": -57.4, "gap_stratum": -56.0, "burden": 15.9, "capacity": 63.5, "svi": 0.15, "top_decile_gap": 0.0, "stratum": "metropolitan", "scored": 1}, "geometry": {"type": "Polygon", "coordinates": [[[-77.3408, 39.3431], [-77.3358, 39.3393], [-77.334, 39.3336], [-77.3433, 39.328], [-77.3501, 39.3425], [-77.3408, 39.3431]]]}}, {"type": "Feature", "properties": {"fips": "24003701101", "gap_national": -63.9, "gap_stratum": -57.6, "burden": 33.8, "capacity": 87.4, "svi": 0.11, "top_decile_gap": 0.0, "stratum": "metropolitan", "scored": 1}, "geometry": {"type": "Polygon", "coordinates": [[[-76.5973, 38.9479], [-76.5797, 38.9519], [-76.5739, 38.9557], [-76.555, 38.9515], [-76.5669, 38.9372], [-76.5685, 38.9268], [-76.5981, 38.9272], [-76.5984, 38.9338], [-76.602, 38.9412], [-76.5973, 38.9479]]]}}, {"type": "Feature", "properties": {"fips": "24033800520", "gap_national": -29.8, "gap_stratum": -21.3, "burden": 51.4, "capacity": 73.0, "svi": 0.66, "top_decile_gap": 0.0, "stratum": "metropolitan", "scored": 1}, "geometry": {"type": "Polygon", "coordinates": [[[-76.7233, 38.9448], [-76.7181, 38.9425], [-76.7179, 38.9353], [-76.7225, 38.9347], [-76.7256, 38.937], [-76.7265, 38.942], [-76.7233, 38.9448]]]}}, {"type": "Feature", "properties": {"fips": "24033801006", "gap_national": -35.1, "gap_stratum": -26.4, "burden": 50.4, "capacity": 76.5, "svi": 0.41, "top_decile_gap": 0.0, "stratum": "metropolitan", "scored": 1}, "geometry": {"type": "Polygon", "coordinates": [[[-76.8302, 38.7734], [-76.8195, 38.7606], [-76.8104, 38.7567], [-76.8166, 38.746], [-76.8324, 38.7542], [-76.8302, 38.7734]]]}}, {"type": "Feature", "properties": {"fips": "24031701602", "gap_national": 39.0, "gap_stratum": 46.2, "burden": 47.7, "capacity": 14.9, "svi": 0.95, "top_decile_gap": 0.0, "stratum": "metropolitan", "scored": 1}, "geometry": {"type": "Polygon", "coordinates": [[[-76.9768, 39.0191], [-76.9836, 39.0023], [-76.9892, 39.0058], [-76.9892, 39.0123], [-76.9941, 39.0175], [-76.9768, 39.0191]]]}}, {"type": "Feature", "properties": {"fips": "24033800108", "gap_national": 7.3, "gap_stratum": 12.1, "burden": 40.2, "capacity": 37.5, "svi": 0.54, "top_decile_gap": 0.0, "stratum": "metropolitan", "scored": 1}, "geometry": {"type": "Polygon", "coordinates": [[[-76.8581, 39.0999], [-76.8508, 39.0972], [-76.8572, 39.0918], [-76.8704, 39.0936], [-76.8699, 39.0967], [-76.8581, 39.0999]]]}}, {"type": "Feature", "properties": {"fips": "24005490303", "gap_national": 7.1, "gap_stratum": 10.0, "burden": 24.5, "capacity": 20.6, "svi": 0.62, "top_decile_gap": 0.0, "stratum": "metropolitan", "scored": 1}, "geometry": {"type": "Polygon", "coordinates": [[[-76.6293, 39.417], [-76.6201, 39.4133], [-76.6123, 39.4138], [-76.6068, 39.407], [-76.6082, 39.4037], [-76.6308, 39.4114], [-76.6293, 39.417]]]}}, {"type": "Feature", "properties": {"fips": "24510220100", "gap_national": -26.4, "gap_stratum": -24.7, "burden": 24.5, "capacity": 49.2, "svi": 0.51, "top_decile_gap": 0.0, "stratum": "metropolitan", "scored": 1}, "geometry": {"type": "Polygon", "coordinates": [[[-76.605, 39.2869], [-76.6028, 39.2798], [-76.619, 39.2791], [-76.6254, 39.2822], [-76.6275, 39.2861], [-76.605, 39.2869]]]}}, {"type": "Feature", "properties": {"fips": "24047951500", "gap_national": 3.9, "gap_stratum": -15.3, "burden": 80.8, "capacity": 72.7, "svi": 0.88, "top_decile_gap": 0.0, "stratum": "rural", "scored": 1}, "geometry": {"type": "Polygon", "coordinates": [[[-75.6543, 38.0529], [-75.6496, 38.0521], [-75.6479, 38.0468], [-75.638, 38.0448], [-75.636, 38.0482], [-75.6371, 38.0512], [-75.6207, 38.0564], [-75.6162, 38.0651], [-75.6185, 38.072], [-75.6152, 38.074], [-75.6057, 38.0751], [-75.5996, 38.0694], [-75.5816, 38.0683], [-75.5715, 38.0751], [-75.5725, 38.0831], [-75.5695, 38.0871], [-75.5622, 38.0884], [-75.5533, 38.0848], [-75.5398, 38.0899], [-75.5339, 38.0905], [-75.5318, 38.088], [-75.5398, 38.0834], [-75.5422, 38.0734], [-75.5482, 38.0647], [-75.5439, 38.055], [-75.5418, 38.0339], [-75.5448, 38.0067], [-75.5419, 38.0013], [-75.6243, 37.9942], [-75.6212, 37.9985], [-75.6197, 38.0071], [-75.6236, 38.009], [-75.6289, 38.0074], [-75.6319, 38.0127], [-75.6316, 38.0176], [-75.635, 38.0213], [-75.6393, 38.023], [-75.6459, 38.0206], [-75.6492, 38.0264], [-75.6558, 38.0298], [-75.6618, 38.0419], [-75.6606, 38.0463], [-75.6543, 38.0529]]]}}, {"type": "Feature", "properties": {"fips": "24047950900", "gap_national": -31.3, "gap_stratum": -63.9, "burden": 55.4, "capacity": 78.5, "svi": 0.43, "top_decile_gap": 0.0, "stratum": "micropolitan", "scored": 1}, "geometry": {"type": "Polygon", "coordinates": [[[-75.2392, 38.307], [-75.2118, 38.3016], [-75.2053, 38.3053], [-75.1974, 38.3012], [-75.1864, 38.2995], [-75.1896, 38.3094], [-75.1929, 38.3128], [-75.1904, 38.3214], [-75.1935, 38.3258], [-75.191, 38.3266], [-75.187, 38.3347], [-75.1899, 38.3432], [-75.1991, 38.3413], [-75.2138, 38.3429], [-75.2149, 38.3472], [-75.2142, 38.3555], [-75.2012, 38.3656], [-75.1983, 38.3706], [-75.2044, 38.3926], [-75.1647, 38.3775], [-75.1632, 38.374], [-75.1687, 38.3606], [-75.1678, 38.3575], [-75.1565, 38.3542], [-75.1458, 38.3545], [-75.1561, 38.3396], [-75.1558, 38.33], [-75.1469, 38.321], [-75.1449, 38.316], [-75.1568, 38.3129], [-75.1542, 38.3094], [-75.1578, 38.2995], [-75.1636, 38.2924], [-75.1611, 38.285], [-75.1653, 38.2852], [-75.1685, 38.2801], [-75.1734, 38.2806], [-75.1718, 38.2784], [-75.1752, 38.2761], [-75.1714, 38.2727], [-75.1722, 38.2701], [-75.1801, 38.2694], [-75.1814, 38.267], [-75.1791, 38.2644], [-75.1879, 38.2613], [-75.2001, 38.2489], [-75.2165, 38.2442], [-75.2196, 38.2413], [-75.2299, 38.2418], [-75.2298, 38.2482], [-75.2355, 38.2564], [-75.2432, 38.2596], [-75.2458, 38.2719], [-75.2618, 38.2829], [-75.2392, 38.307]]]}}, {"type": "Feature", "properties": {"fips": "24047950800", "gap_national": -30.4, "gap_stratum": -61.4, "burden": 58.2, "capacity": 81.0, "svi": 0.19, "top_decile_gap": 0.0, "stratum": "micropolitan", "scored": 1}, "geometry": {"type": "Polygon", "coordinates": [[[-75.3549, 38.315], [-75.341, 38.3202], [-75.3332, 38.3305], [-75.3232, 38.3319], [-75.3163, 38.3436], [-75.3174, 38.3457], [-75.3099, 38.3493], [-75.307, 38.3548], [-75.3074, 38.357], [-75.314, 38.3598], [-75.3163, 38.3693], [-75.3219, 38.371], [-75.3292, 38.3804], [-75.3194, 38.3942], [-75.3171, 38.4042], [-75.3234, 38.4185], [-75.3304, 38.4242], [-75.3341, 38.4351], [-75.3367, 38.4364], [-75.3358, 38.4423], [-75.3412, 38.452], [-75.0785, 38.4513], [-75.0803, 38.4278], [-75.0871, 38.4176], [-75.0927, 38.399], [-75.0878, 38.3964], [-75.1066, 38.3823], [-75.1246, 38.397], [-75.161, 38.4095], [-75.2122, 38.4052], [-75.2046, 38.3943], [-75.1983, 38.3706], [-75.2012, 38.3656], [-75.2142, 38.3555], [-75.215, 38.3486], [-75.2198, 38.3436], [-75.2225, 38.3255], [-75.2618, 38.2829], [-75.2834, 38.2942], [-75.2931, 38.3032], [-75.2951, 38.308], [-75.3, 38.3101], [-75.3117, 38.3011], [-75.3273, 38.2983], [-75.3383, 38.3035], [-75.3434, 38.2999], [-75.3601, 38.3009], [-75.3549, 38.315]]]}}, {"type": "Feature", "properties": {"fips": "24013512000", "gap_national": 21.3, "gap_stratum": 26.1, "burden": 65.7, "capacity": 49.3, "svi": 0.31, "top_decile_gap": 0.0, "stratum": "metropolitan", "scored": 1}, "geometry": {"type": "Polygon", "coordinates": [[[-77.1881, 39.5933], [-77.1596, 39.5981], [-77.1497, 39.5809], [-77.1429, 39.561], [-77.1479, 39.5582], [-77.1548, 39.5478], [-77.1589, 39.533], [-77.1702, 39.5342], [-77.1715, 39.5392], [-77.169, 39.5423], [-77.1718, 39.5466], [-77.1694, 39.5541], [-77.1751, 39.5599], [-77.1826, 39.5593], [-77.1871, 39.5629], [-77.187, 39.5667], [-77.198, 39.5754], [-77.1881, 39.5933]]]}}, {"type": "Feature", "properties": {"fips": "24013511000", "gap_national": -29.1, "gap_stratum": -56.2, "burden": 42.6, "capacity": 65.0, "svi": 0.33, "top_decile_gap": 0.0, "stratum": "rural", "scored": 1}, "geometry": {"type": "Polygon", "coordinates": [[[-77.155, 39.5415], [-77.1548, 39.5478], [-77.1513, 39.5539], [-77.1429, 39.561], [-77.1434, 39.5651], [-77.1221, 39.5564], [-77.1192, 39.5578], [-77.1219, 39.5613], [-77.118, 39.5687], [-77.0599, 39.5689], [-77.0441, 39.5201], [-77.0385, 39.5166], [-77.0391, 39.5138], [-77.045, 39.5117], [-77.0534, 39.5014], [-77.0718, 39.4924], [-77.0909, 39.4917], [-77.1124, 39.4975], [-77.1298, 39.5096], [-77.1336, 39.5086], [-77.1385, 39.5205], [-77.1499, 39.5219], [-77.1523, 39.5325], [-77.1597, 39.5345], [-77.155, 39.5415]]]}}, {"type": "Feature", "properties": {"fips": "24013505101", "gap_national": -49.9, "gap_stratum": -46.2, "burden": 25.3, "capacity": 65.6, "svi": 0.07, "top_decile_gap": 0.0, "stratum": "metropolitan", "scored": 1}, "geometry": {"type": "Polygon", "coordinates": [[[-76.9631, 39.432], [-76.9503, 39.4491], [-76.9485, 39.4502], [-76.9385, 39.4424], [-76.9299, 39.4486], [-76.9246, 39.4489], [-76.9267, 39.4442], [-76.9375, 39.4395], [-76.9368, 39.4263], [-76.9496, 39.412], [-76.9507, 39.4042], [-76.9726, 39.4108], [-76.9631, 39.432]]]}}, {"type": "Feature", "properties": {"fips": "24510280101", "gap_national": 7.1, "gap_stratum": 9.8, "burden": 86.3, "capacity": 74.5, "svi": 0.78, "top_decile_gap": 0.0, "stratum": "metropolitan", "scored": 1}, "geometry": {"type": "Polygon", "coordinates": [[[-76.7112, 39.3628], [-76.6835, 39.3429], [-76.6767, 39.3418], [-76.678, 39.3399], [-76.6875, 39.3429], [-76.7064, 39.353], [-76.7114, 39.3495], [-76.7112, 39.3628]]]}}, {"type": "Feature", "properties": {"fips": "24510260401", "gap_national": 80.3, "gap_stratum": 80.7, "burden": 89.3, "capacity": 19.7, "svi": 0.8, "top_decile_gap": 1.0, "stratum": "metropolitan", "scored": 1}, "geometry": {"type": "Polygon", "coordinates": [[[-76.5479, 39.3112], [-76.5431, 39.3074], [-76.5461, 39.3025], [-76.5535, 39.3002], [-76.5655, 39.309], [-76.5479, 39.3112]]]}}, {"type": "Feature", "properties": {"fips": "24510200200", "gap_national": 36.9, "gap_stratum": 35.4, "burden": 99.6, "capacity": 59.9, "svi": 0.87, "top_decile_gap": 0.0, "stratum": "metropolitan", "scored": 1}, "geometry": {"type": "Polygon", "coordinates": [[[-76.6504, 39.2937], [-76.6501, 39.288], [-76.6636, 39.2876], [-76.6697, 39.2943], [-76.6504, 39.2937]]]}}, {"type": "Feature", "properties": {"fips": "24510260605", "gap_national": 57.4, "gap_stratum": 62.6, "burden": 69.7, "capacity": 22.9, "svi": 0.86, "top_decile_gap": 1.0, "stratum": "metropolitan", "scored": 1}, "geometry": {"type": "Polygon", "coordinates": [[[-76.571, 39.2783], [-76.5625, 39.2807], [-76.5438, 39.2814], [-76.5436, 39.2763], [-76.535, 39.2753], [-76.5335, 39.2775], [-76.5357, 39.2818], [-76.5296, 39.2849], [-76.5296, 39.2403], [-76.5332, 39.2393], [-76.5403, 39.2504], [-76.5527, 39.2575], [-76.5633, 39.2569], [-76.5715, 39.2607], [-76.5776, 39.2716], [-76.571, 39.2783]]]}}, {"type": "Feature", "properties": {"fips": "24510230100", "gap_national": -22.6, "gap_stratum": -23.9, "burden": 6.1, "capacity": 32.2, "svi": 0.25, "top_decile_gap": 0.0, "stratum": "metropolitan", "scored": 1}, "geometry": {"type": "Polygon", "coordinates": [[[-76.6188, 39.2794], [-76.6145, 39.279], [-76.6141, 39.2726], [-76.6209, 39.2745], [-76.6188, 39.2794]]]}}, {"type": "Feature", "properties": {"fips": "24510160802", "gap_national": 18.0, "gap_stratum": 18.5, "burden": 93.9, "capacity": 70.6, "svi": 0.89, "top_decile_gap": 0.0, "stratum": "metropolitan", "scored": 1}, "geometry": {"type": "Polygon", "coordinates": [[[-76.6794, 39.3055], [-76.6742, 39.3024], [-76.6705, 39.2943], [-76.6812, 39.2939], [-76.6812, 39.3005], [-76.6858, 39.303], [-76.6875, 39.3024], [-76.6863, 39.2992], [-76.6881, 39.2992], [-76.6895, 39.3044], [-76.6794, 39.3055]]]}}, {"type": "Feature", "properties": {"fips": "24510060400", "gap_national": 49.3, "gap_stratum": 54.1, "burden": 69.1, "capacity": 30.4, "svi": 0.73, "top_decile_gap": 0.0, "stratum": "metropolitan", "scored": 1}, "geometry": {"type": "Polygon", "coordinates": [[[-76.5879, 39.2986], [-76.5874, 39.2918], [-76.5939, 39.2915], [-76.5944, 39.2984], [-76.5879, 39.2986]]]}}, {"type": "Feature", "properties": {"fips": "24510070400", "gap_national": 44.3, "gap_stratum": 48.1, "burden": 71.6, "capacity": 37.2, "svi": 0.83, "top_decile_gap": 0.0, "stratum": "metropolitan", "scored": 1}, "geometry": {"type": "Polygon", "coordinates": [[[-76.5881, 39.3021], [-76.5879, 39.2986], [-76.5976, 39.2983], [-76.5978, 39.3017], [-76.5881, 39.3021]]]}}, {"type": "Feature", "properties": {"fips": "24013504201", "gap_national": -35.3, "gap_stratum": -66.5, "burden": 44.7, "capacity": 71.2, "svi": 0.04, "top_decile_gap": 0.0, "stratum": "micropolitan", "scored": 1}, "geometry": {"type": "Polygon", "coordinates": [[[-76.9731, 39.5335], [-76.9566, 39.5538], [-76.9368, 39.5454], [-76.9238, 39.5274], [-76.9157, 39.5218], [-76.8896, 39.4936], [-76.8665, 39.4876], [-76.8693, 39.4825], [-76.8766, 39.483], [-76.8769, 39.4767], [-76.8818, 39.4772], [-76.884, 39.47], [-76.8886, 39.4685], [-76.8845, 39.4669], [-76.8869, 39.4632], [-76.892, 39.4618], [-76.8857, 39.4564], [-76.8931, 39.4574], [-76.893, 39.4553], [-76.8839, 39.4506], [-76.8794, 39.4529], [-76.8764, 39.4508], [-76.8779, 39.449], [-76.8961, 39.4485], [-76.8983, 39.4649], [-76.9073, 39.4702], [-76.9162, 39.4819], [-76.9263, 39.4843], [-76.9435, 39.5047], [-76.9606, 39.5146], [-76.9753, 39.5131], [-76.988, 39.5208], [-76.9903, 39.5238], [-76.9731, 39.5335]]]}}, {"type": "Feature", "properties": {"fips": "24013502000", "gap_national": -17.4, "gap_stratum": -47.8, "burden": 54.9, "capacity": 66.8, "svi": 0.04, "top_decile_gap": 0.0, "stratum": "micropolitan", "scored": 1}, "geometry": {"type": "Polygon", "coordinates": [[[-77.1725, 39.617], [-77.1637, 39.6197], [-77.1484, 39.6177], [-77.1491, 39.6208], [-77.1413, 39.6255], [-77.1457, 39.6302], [-77.1419, 39.6313], [-77.1424, 39.6339], [-77.139, 39.6383], [-77.137, 39.6437], [-77.1382, 39.649], [-77.129, 39.6507], [-77.1202, 39.6574], [-77.1218, 39.6619], [-77.1111, 39.6698], [-77.1016, 39.6633], [-77.0965, 39.6648], [-77.0765, 39.651], [-77.0674, 39.6507], [-77.0613, 39.6467], [-77.0467, 39.6439], [-77.0472, 39.6294], [-77.0582, 39.6026], [-77.0492, 39.5843], [-77.0599, 39.5689], [-77.118, 39.5687], [-77.1219, 39.5613], [-77.1192, 39.5578], [-77.1221, 39.5564], [-77.1332, 39.5597], [-77.1434, 39.5651], [-77.1596, 39.5981], [-77.1748, 39.6136], [-77.1725, 39.617]]]}}, {"type": "Feature", "properties": {"fips": "24013507702", "gap_national": -27.9, "gap_stratum": -59.6, "burden": 50.5, "capacity": 70.7, "svi": 0.44, "top_decile_gap": 0.0, "stratum": "micropolitan", "scored": 1}, "geometry": {"type": "Polygon", "coordinates": [[[-77.0293, 39.5605], [-77.0116, 39.5768], [-77.0088, 39.5844], [-77.005, 39.5839], [-76.996, 39.5752], [-77.0047, 39.5663], [-77.0073, 39.5586], [-77.016, 39.5527], [-77.0217, 39.5334], [-77.0385, 39.5166], [-77.0441, 39.5201], [-77.0527, 39.5504], [-77.0293, 39.5605]]]}}, {"type": "Feature", "properties": {"fips": "24013513002", "gap_national": -35.8, "gap_stratum": -32.8, "burden": 27.5, "capacity": 57.9, "svi": 0.25, "top_decile_gap": 0.0, "stratum": "metropolitan", "scored": 1}, "geometry": {"type": "Polygon", "coordinates": [[[-77.1629, 39.3626], [-77.1479, 39.3683], [-77.1419, 39.3833], [-77.1408, 39.3931], [-77.1267, 39.4116], [-77.1164, 39.4197], [-77.1116, 39.4219], [-77.0753, 39.4051], [-77.0789, 39.3963], [-77.0777, 39.3933], [-77.0901, 39.3841], [-77.0907, 39.3793], [-77.0876, 39.374], [-77.0801, 39.3739], [-77.0759, 39.3693], [-77.0706, 39.3691], [-77.065, 39.3619], [-77.0743, 39.3626], [-77.0777, 39.3662], [-77.086, 39.3679], [-77.1014, 39.3693], [-77.1253, 39.3646], [-77.1357, 39.3602], [-77.145, 39.3513], [-77.1515, 39.3487], [-77.1697, 39.3551], [-77.1629, 39.3626]]]}}, {"type": "Feature", "properties": {"fips": "24013505203", "gap_national": -14.3, "gap_stratum": -11.2, "burden": 31.6, "capacity": 46.6, "svi": 0.11, "top_decile_gap": 0.0, "stratum": "metropolitan", "scored": 1}, "geometry": {"type": "Polygon", "coordinates": [[[-76.9649, 39.3892], [-76.9596, 39.3925], [-76.9507, 39.4042], [-76.9324, 39.399], [-76.9318, 39.3931], [-76.943, 39.3888], [-76.9456, 39.3841], [-76.9417, 39.3777], [-76.9424, 39.3701], [-76.9642, 39.3686], [-76.9628, 39.3732], [-76.9682, 39.3802], [-76.9649, 39.3892]]]}}, {"type": "Feature", "properties": {"fips": "24021750100", "gap_national": -11.7, "gap_stratum": -7.4, "burden": 38.0, "capacity": 50.0, "svi": 0.2, "top_decile_gap": 0.0, "stratum": "metropolitan", "scored": 1}, "geometry": {"type": "Polygon", "coordinates": [[[-77.4134, 39.4235], [-77.4042, 39.4224], [-77.4047, 39.4187], [-77.4163, 39.4208], [-77.4134, 39.4235]]]}}, {"type": "Feature", "properties": {"fips": "24037875000", "gap_national": -25.3, "gap_stratum": -19.2, "burden": 41.2, "capacity": 61.4, "svi": 0.04, "top_decile_gap": 0.0, "stratum": "metropolitan", "scored": 1}, "geometry": {"type": "Polygon", "coordinates": [[[-76.7516, 38.4721], [-76.7448, 38.4679], [-76.7309, 38.4676], [-76.7331, 38.4733], [-76.7328, 38.4899], [-76.7249, 38.4898], [-76.719, 38.4961], [-76.7093, 38.4921], [-76.7, 38.4931], [-76.695, 38.4968], [-76.6846, 38.495], [-76.6741, 38.4996], [-76.6659, 38.4944], [-76.6521, 38.4738], [-76.6539, 38.4634], [-76.6326, 38.4497], [-76.6472, 38.4376], [-76.6636, 38.4316], [-76.6676, 38.427], [-76.6672, 38.4193], [-76.6781, 38.4121], [-76.6811, 38.4124], [-76.6979, 38.4197], [-76.7164, 38.4195], [-76.7169, 38.4261], [-76.7249, 38.4297], [-76.7305, 38.4368], [-76.7395, 38.44], [-76.737, 38.4426], [-76.7666, 38.4633], [-76.7633, 38.4672], [-76.768, 38.4704], [-76.7723, 38.4699], [-76.7741, 38.4732], [-76.7516, 38.4721]]]}}, {"type": "Feature", "properties": {"fips": "24510260501", "gap_national": 45.7, "gap_stratum": 52.7, "burden": 57.6, "capacity": 20.2, "svi": 0.8, "top_decile_gap": 0.0, "stratum": "metropolitan", "scored": 1}, "geometry": {"type": "Polygon", "coordinates": [[[-76.5478, 39.2958], [-76.5295, 39.2971], [-76.5296, 39.2849], [-76.5357, 39.2818], [-76.5546, 39.281], [-76.555, 39.2919], [-76.5478, 39.2958]]]}}, {"type": "Feature", "properties": {"fips": "24045010604", "gap_national": 7.1, "gap_stratum": 12.3, "burden": 71.3, "capacity": 63.2, "svi": 0.68, "top_decile_gap": 0.0, "stratum": "metropolitan", "scored": 1}, "geometry": {"type": "Polygon", "coordinates": [[[-75.5032, 38.3858], [-75.4994, 38.386], [-75.4959, 38.3982], [-75.5021, 38.3993], [-75.5022, 38.4143], [-75.4594, 38.4137], [-75.4532, 38.4189], [-75.4441, 38.4162], [-75.438, 38.4191], [-75.4489, 38.4311], [-75.45, 38.4402], [-75.4452, 38.444], [-75.4441, 38.453], [-75.3412, 38.452], [-75.3358, 38.4423], [-75.3367, 38.4364], [-75.3341, 38.4351], [-75.3304, 38.4242], [-75.3234, 38.4185], [-75.3171, 38.4042], [-75.3194, 38.3942], [-75.3266, 38.3849], [-75.3514, 38.3868], [-75.3751, 38.3845], [-75.4248, 38.3854], [-75.5038, 38.3755], [-75.5032, 38.3858]]]}}, {"type": "Feature", "properties": {"fips": "24037875700", "gap_national": -7.9, "gap_stratum": -0.8, "burden": 59.4, "capacity": 63.8, "svi": 0.19, "top_decile_gap": 0.0, "stratum": "metropolitan", "scored": 1}, "geometry": {"type": "Polygon", "coordinates": [[[-76.6781, 38.4121], [-76.6672, 38.4193], [-76.6676, 38.427], [-76.6636, 38.4316], [-76.6472, 38.4376], [-76.6326, 38.4497], [-76.6247, 38.4437], [-76.6084, 38.4244], [-76.5975, 38.4234], [-76.5786, 38.4113], [-76.5656, 38.4071], [-76.5584, 38.3959], [-76.5341, 38.3978], [-76.5299, 38.395], [-76.5167, 38.3817], [-76.5004, 38.3716], [-76.4912, 38.3612], [-76.4841, 38.3481], [-76.485, 38.3359], [-76.5018, 38.3423], [-76.5044, 38.3353], [-76.5136, 38.3303], [-76.5114, 38.3228], [-76.5144, 38.3207], [-76.5243, 38.3241], [-76.5394, 38.3185], [-76.5591, 38.3372], [-76.5692, 38.3432], [-76.5933, 38.3686], [-76.6216, 38.3798], [-76.6554, 38.3967], [-76.6806, 38.4128], [-76.6781, 38.4121]]]}}, {"type": "Feature", "properties": {"fips": "24045000200", "gap_national": 2.6, "gap_stratum": 8.8, "burden": 65.1, "capacity": 61.3, "svi": 0.63, "top_decile_gap": 0.0, "stratum": "metropolitan", "scored": 1}, "geometry": {"type": "Polygon", "coordinates": [[[-75.6004, 38.3782], [-75.5878, 38.3839], [-75.5951, 38.3652], [-75.6021, 38.3632], [-75.6041, 38.3662], [-75.6004, 38.3782]]]}}, {"type": "Feature", "properties": {"fips": "24023000100", "gap_national": 10.4, "gap_stratum": -8.4, "burden": 75.5, "capacity": 64.1, "svi": 0.37, "top_decile_gap": 0.0, "stratum": "rural", "scored": 1}, "geometry": {"type": "Polygon", "coordinates": [[[-79.4767, 39.7211], [-79.2998, 39.7218], [-79.2606, 39.7034], [-79.2524, 39.6958], [-79.2479, 39.6946], [-79.2567, 39.6821], [-79.2676, 39.6781], [-79.277, 39.6812], [-79.2862, 39.6793], [-79.289, 39.672], [-79.2953, 39.6649], [-79.2953, 39.6603], [-79.3003, 39.6518], [-79.2889, 39.6502], [-79.2783, 39.6418], [-79.2751, 39.6348], [-79.2866, 39.6141], [-79.2952, 39.6053], [-79.3062, 39.5802], [-79.3136, 39.5805], [-79.3239, 39.5846], [-79.329, 39.5898], [-79.3359, 39.5918], [-79.338, 39.5963], [-79.355, 39.5914], [-79.3625, 39.5803], [-79.3708, 39.5743], [-79.3692, 39.5687], [-79.3624, 39.5614], [-79.3741, 39.5626], [-79.3902, 39.5681], [-79.3928, 39.5753], [-79.3987, 39.5709], [-79.4197, 39.5709], [-79.4235, 39.5661], [-79.4445, 39.5649], [-79.4471, 39.563], [-79.4477, 39.5583], [-79.4532, 39.5541], [-79.4638, 39.5515], [-79.4786, 39.5561], [-79.4767, 39.7211]]]}}, {"type": "Feature", "properties": {"fips": "24039930200", "gap_national": -0.5, "gap_stratum": 3.0, "burden": 83.9, "capacity": 79.4, "svi": 0.32, "top_decile_gap": 0.0, "stratum": "metropolitan", "scored": 1}, "geometry": {"type": "MultiPolygon", "coordinates": [[[[-75.9551, 38.1465], [-75.9531, 38.1594], [-75.9473, 38.1708], [-75.9516, 38.1781], [-75.9424, 38.1871], [-75.9243, 38.1903], [-75.8881, 38.2038], [-75.8846, 38.1998], [-75.8778, 38.1983], [-75.8641, 38.2009], [-75.8411, 38.2124], [-75.8372, 38.2182], [-75.8329, 38.2189], [-75.8281, 38.2144], [-75.8203, 38.2126], [-75.8226, 38.2088], [-75.8165, 38.2108], [-75.8185, 38.208], [-75.8135, 38.2046], [-75.8054, 38.2088], [-75.801, 38.2066], [-75.8019, 38.2047], [-75.7947, 38.2062], [-75.7901, 38.2021], [-75.7793, 38.2009], [-75.78, 38.1963], [-75.7689, 38.1931], [-75.762, 38.1879], [-75.7733, 38.1722], [-75.7759, 38.1626], [-75.7794, 38.1624], [-75.7774, 38.1565], [-75.7903, 38.1455], [-75.7991, 38.1422], [-75.8081, 38.1405], [-75.8159, 38.1446], [-75.8204, 38.1429], [-75.8218, 38.1438], [-75.8193, 38.1457], [-75.8222, 38.1478], [-75.8329, 38.1517], [-75.8415, 38.1448], [-75.8499, 38.1444], [-75.8543, 38.1415], [-75.8717, 38.1421], [-75.866, 38.1349], [-75.8686, 38.1344], [-75.8803, 38.137], [-75.8781, 38.1397], [-75.8808, 38.148], [-75.8868, 38.1499], [-75.9015, 38.1456], [-75.9048, 38.1423], [-75.9004, 38.1412], [-75.9067, 38.1376], [-75.9085, 38.1382], [-75.9081, 38.1426], [-75.9174, 38.1448], [-75.9257, 38.151], [-75.9326, 38.1492], [-75.9298, 38.1424], [-75.9217, 38.1369], [-75.9206, 38.1314], [-75.9371, 38.1242], [-75.9346, 38.1173], [-75.9418, 38.1119], [-75.9478, 38.1194], [-75.9456, 38.1209], [-75.9461, 38.1266], [-75.9556, 38.1306], [-75.9596, 38.1371], [-75.9551, 38.1465]]], [[[-76.0477, 37.9934], [-76.0482, 38.004], [-76.0452, 38.0087], [-76.0478, 38.0124], [-76.0473, 38.0195], [-76.041, 38.032], [-76.0353, 38.0314], [-76.0215, 38.0384], [-76.0131, 38.0398], [-76.0073, 38.0367], [-76.0027, 38.0249], [-75.9863, 38.0219], [-75.988, 38.0166], [-75.9801, 38.0049], [-75.9843, 38.004], [-75.9849, 37.9976], [-75.9821, 37.9885], [-75.9891, 37.9904], [-75.9932, 37.985], [-75.993, 37.9758], [-75.9978, 37.9676], [-75.9906, 37.9629], [-75.9939, 37.9535], [-76.0465, 37.9536], [-76.047, 37.9787], [-76.0502, 37.9869], [-76.0477, 37.9934]]], [[[-76.047, 38.0928], [-76.0443, 38.0893], [-76.0335, 38.091], [-76.0327, 38.1011], [-76.0399, 38.1016], [-76.048, 38.1087], [-76.042, 38.109], [-76.042, 38.1172], [-76.0344, 38.122], [-76.0317, 38.12], [-76.0256, 38.1221], [-76.0214, 38.1316], [-76.0166, 38.1297], [-76.0147, 38.1316], [-76.0127, 38.127], [-76.0135, 38.1208], [-76.0213, 38.1164], [-76.0226, 38.1062], [-76.0156, 38.1034], [-76.0081, 38.0915], [-76.0063, 38.0786], [-76.0127, 38.0721], [-76.0166, 38.0732], [-76.0153, 38.0768], [-76.0239, 38.0837], [-76.0355, 38.0841], [-76.0297, 38.078], [-76.0326, 38.0758], [-76.0349, 38.0769], [-76.0561, 38.0914], [-76.0542, 38.0943], [-76.047, 38.0928]]]]}}, {"type": "Feature", "properties": {"fips": "24045010102", "gap_national": -18.0, "gap_stratum": -10.2, "burden": 66.0, "capacity": 77.5, "svi": 0.58, "top_decile_gap": 0.0, "stratum": "metropolitan", "scored": 1}, "geometry": {"type": "Polygon", "coordinates": [[[-75.5731, 38.3692], [-75.5509, 38.3658], [-75.5373, 38.3697], [-75.5398, 38.3573], [-75.5474, 38.3423], [-75.568, 38.3503], [-75.5791, 38.3606], [-75.5731, 38.3692]]]}}, {"type": "Feature", "properties": {"fips": "24015030505", "gap_national": 15.9, "gap_stratum": 20.8, "burden": 67.1, "capacity": 54.1, "svi": 0.53, "top_decile_gap": 0.0, "stratum": "metropolitan", "scored": 1}, "geometry": {"type": "Polygon", "coordinates": [[[-75.8543, 39.5898], [-75.8375, 39.5942], [-75.8329, 39.5986], [-75.8337, 39.6021], [-75.8159, 39.5983], [-75.7851, 39.6064], [-75.7825, 39.5723], [-75.8108, 39.5659], [-75.8142, 39.571], [-75.8219, 39.5714], [-75.8266, 39.5696], [-75.829, 39.5656], [-75.8357, 39.5687], [-75.8487, 39.5652], [-75.8414, 39.58], [-75.8536, 39.5819], [-75.8558, 39.5843], [-75.8543, 39.5898]]]}}, {"type": "Feature", "properties": {"fips": "24015030904", "gap_national": -39.7, "gap_stratum": -31.2, "burden": 47.8, "capacity": 78.0, "svi": 0.05, "top_decile_gap": 0.0, "stratum": "metropolitan", "scored": 1}, "geometry": {"type": "Polygon", "coordinates": [[[-75.9979, 39.4663], [-75.9949, 39.4719], [-75.9953, 39.4889], [-75.9881, 39.497], [-75.9863, 39.5104], [-75.9803, 39.5206], [-75.9805, 39.5291], [-75.9732, 39.5327], [-75.9663, 39.5322], [-75.9623, 39.5361], [-75.9692, 39.5416], [-75.9666, 39.5461], [-75.9703, 39.5576], [-75.9692, 39.5613], [-75.9632, 39.5621], [-75.9562, 39.5675], [-75.9562, 39.5738], [-75.9486, 39.5798], [-75.9491, 39.5856], [-75.9332, 39.5873], [-75.914, 39.576], [-75.9137, 39.5621], [-75.9042, 39.563], [-75.894, 39.5589], [-75.8852, 39.5688], [-75.869, 39.5721], [-75.852, 39.5626], [-75.864, 39.5472], [-75.8768, 39.5367], [-75.8889, 39.5127], [-75.9142, 39.5106], [-75.9326, 39.49], [-75.9677, 39.4636], [-75.9783, 39.4705], [-75.9837, 39.4707], [-75.9867, 39.4613], [-75.9972, 39.4569], [-75.996, 39.4538], [-76.0025, 39.4502], [-76.0095, 39.4492], [-76.0116, 39.4554], [-75.9979, 39.4663]]]}}, {"type": "Feature", "properties": {"fips": "24015031202", "gap_national": 17.2, "gap_stratum": 19.2, "burden": 85.4, "capacity": 66.2, "svi": 0.61, "top_decile_gap": 0.0, "stratum": "metropolitan", "scored": 1}, "geometry": {"type": "Polygon", "coordinates": [[[-76.075, 39.5874], [-76.0632, 39.5953], [-76.0302, 39.6061], [-76.025, 39.5941], [-76.0319, 39.5825], [-76.0298, 39.5759], [-76.0332, 39.5629], [-76.0407, 39.5527], [-76.0455, 39.5526], [-76.0471, 39.5464], [-76.0638, 39.5466], [-76.0762, 39.5436], [-76.086, 39.559], [-76.1061, 39.5805], [-76.0981, 39.5843], [-76.075, 39.5874]]]}}, {"type": "Feature", "properties": {"fips": "24025304101", "gap_national": -38.3, "gap_stratum": -29.8, "burden": 47.8, "capacity": 76.7, "svi": 0.1, "top_decile_gap": 0.0, "stratum": "metropolitan", "scored": 1}, "geometry": {"type": "Polygon", "coordinates": [[[-76.5535, 39.6439], [-76.5455, 39.6454], [-76.5321, 39.6561], [-76.5144, 39.6584], [-76.4946, 39.668], [-76.4899, 39.6619], [-76.4862, 39.6657], [-76.4736, 39.6695], [-76.4495, 39.6713], [-76.4453, 39.6645], [-76.4238, 39.6651], [-76.4093, 39.6722], [-76.4074, 39.658], [-76.4122, 39.6443], [-76.4115, 39.633], [-76.398, 39.6293], [-76.4113, 39.6205], [-76.4244, 39.623], [-76.4443, 39.6118], [-76.4499, 39.6155], [-76.4572, 39.6263], [-76.4659, 39.6283], [-76.4748, 39.6272], [-76.4763, 39.6225], [-76.4838, 39.622], [-76.4919, 39.6137], [-76.4973, 39.6137], [-76.5007, 39.6107], [-76.5389, 39.6142], [-76.551, 39.6247], [-76.5553, 39.6367], [-76.5535, 39.6439]]]}}, {"type": "Feature", "properties": {"fips": "24025301301", "gap_national": -11.2, "gap_stratum": -3.7, "burden": 59.8, "capacity": 66.4, "svi": 0.66, "top_decile_gap": 0.0, "stratum": "metropolitan", "scored": 1}, "geometry": {"type": "Polygon", "coordinates": [[[-76.3776, 39.4362], [-76.3702, 39.441], [-76.3422, 39.4426], [-76.3102, 39.457], [-76.2994, 39.4443], [-76.3029, 39.437], [-76.3374, 39.4318], [-76.3307, 39.4271], [-76.3267, 39.4145], [-76.3391, 39.41], [-76.3449, 39.4121], [-76.3471, 39.4185], [-76.3544, 39.423], [-76.3557, 39.429], [-76.3648, 39.4273], [-76.3735, 39.4214], [-76.3803, 39.4248], [-76.381, 39.4295], [-76.3776, 39.4362]]]}}, {"type": "Feature", "properties": {"fips": "24025303400", "gap_national": -51.7, "gap_stratum": -43.9, "burden": 43.4, "capacity": 85.8, "svi": 0.01, "top_decile_gap": 0.0, "stratum": "metropolitan", "scored": 1}, "geometry": {"type": "Polygon", "coordinates": [[[-76.3979, 39.4984], [-76.369, 39.5156], [-76.3638, 39.5118], [-76.3656, 39.5104], [-76.3536, 39.5045], [-76.3529, 39.4987], [-76.3594, 39.4955], [-76.3436, 39.4829], [-76.3455, 39.4837], [-76.361, 39.4725], [-76.3656, 39.4738], [-76.3747, 39.471], [-76.38, 39.4751], [-76.3819, 39.4664], [-76.3903, 39.4625], [-76.3955, 39.4683], [-76.401, 39.4698], [-76.4018, 39.4727], [-76.4081, 39.4726], [-76.4112, 39.4785], [-76.4206, 39.4785], [-76.3979, 39.4984]]]}}, {"type": "Feature", "properties": {"fips": "24025303801", "gap_national": -8.7, "gap_stratum": -1.6, "burden": 68.2, "capacity": 71.9, "svi": 0.45, "top_decile_gap": 0.0, "stratum": "metropolitan", "scored": 1}, "geometry": {"type": "Polygon", "coordinates": [[[-76.3612, 39.5454], [-76.3468, 39.534], [-76.3571, 39.5237], [-76.3668, 39.5247], [-76.3688, 39.5262], [-76.3693, 39.5438], [-76.3612, 39.5454]]]}}, {"type": "Feature", "properties": {"fips": "24025303501", "gap_national": -40.5, "gap_stratum": -31.9, "burden": 49.9, "capacity": 81.3, "svi": 0.27, "top_decile_gap": 0.0, "stratum": "metropolitan", "scored": 1}, "geometry": {"type": "Polygon", "coordinates": [[[-76.3627, 39.5181], [-76.3477, 39.5333], [-76.3291, 39.5135], [-76.3268, 39.5026], [-76.3502, 39.4958], [-76.3463, 39.4854], [-76.3594, 39.4955], [-76.3529, 39.4987], [-76.3536, 39.5045], [-76.3656, 39.5104], [-76.3638, 39.5118], [-76.369, 39.5156], [-76.3627, 39.5181]]]}}, {"type": "Feature", "properties": {"fips": "24025304201", "gap_national": -58.0, "gap_stratum": -51.0, "burden": 36.4, "capacity": 83.6, "svi": 0.01, "top_decile_gap": 0.0, "stratum": "metropolitan", "scored": 1}, "geometry": {"type": "Polygon", "coordinates": [[[-76.555, 39.6347], [-76.551, 39.6247], [-76.5389, 39.6142], [-76.5321, 39.6123], [-76.5163, 39.6133], [-76.5125, 39.6045], [-76.5123, 39.5958], [-76.5078, 39.5958], [-76.5026, 39.5881], [-76.4859, 39.5798], [-76.4876, 39.5721], [-76.4715, 39.5627], [-76.4691, 39.5587], [-76.4597, 39.5545], [-76.4518, 39.5541], [-76.45, 39.5512], [-76.4424, 39.5505], [-76.4405, 39.5533], [-76.4362, 39.5506], [-76.4416, 39.5455], [-76.4472, 39.5284], [-76.4561, 39.5167], [-76.4593, 39.5072], [-76.4633, 39.5125], [-76.4729, 39.5171], [-76.4777, 39.5146], [-76.4787, 39.5186], [-76.4946, 39.5266], [-76.4988, 39.5235], [-76.5106, 39.5246], [-76.5131, 39.5292], [-76.5165, 39.5292], [-76.519, 39.5367], [-76.5225, 39.5367], [-76.522, 39.5389], [-76.5259, 39.54], [-76.528, 39.5436], [-76.5322, 39.544], [-76.5321, 39.5513], [-76.5348, 39.5528], [-76.5311, 39.5554], [-76.5323, 39.5616], [-76.5361, 39.5618], [-76.5404, 39.5691], [-76.5401, 39.5737], [-76.5439, 39.575], [-76.5471, 39.5877], [-76.5532, 39.5894], [-76.5601, 39.5961], [-76.5652, 39.6145], [-76.5661, 39.6362], [-76.555, 39.6347]]]}}, {"type": "Feature", "properties": {"fips": "24025301704", "gap_national": -20.5, "gap_stratum": -16.8, "burden": 34.3, "capacity": 52.9, "svi": 0.15, "top_decile_gap": 0.0, "stratum": "metropolitan", "scored": 1}, "geometry": {"type": "Polygon", "coordinates": [[[-76.2514, 39.4843], [-76.2496, 39.4812], [-76.247, 39.4815], [-76.2456, 39.4774], [-76.2489, 39.4766], [-76.2489, 39.4724], [-76.2423, 39.4722], [-76.2386, 39.4761], [-76.2344, 39.4711], [-76.2522, 39.462], [-76.2506, 39.4647], [-76.2603, 39.4728], [-76.2621, 39.4806], [-76.2514, 39.4843]]]}}, {"type": "Feature", "properties": {"fips": "24027602306", "gap_national": -77.6, "gap_stratum": -74.2, "burden": 19.2, "capacity": 83.3, "svi": 0.34, "top_decile_gap": 0.0, "stratum": "metropolitan", "scored": 1}, "geometry": {"type": "Polygon", "coordinates": [[[-76.8458, 39.2455], [-76.8368, 39.247], [-76.8337, 39.2531], [-76.8342, 39.2587], [-76.8375, 39.2629], [-76.8362, 39.2676], [-76.8416, 39.2738], [-76.8406, 39.2781], [-76.821, 39.2776], [-76.8183, 39.2704], [-76.8223, 39.2543], [-76.8374, 39.2398], [-76.8472, 39.2395], [-76.8458, 39.2455]]]}}, {"type": "Feature", "properties": {"fips": "24027602900", "gap_national": -67.5, "gap_stratum": -66.2, "burden": 12.3, "capacity": 68.0, "svi": 0.51, "top_decile_gap": 0.0, "stratum": "metropolitan", "scored": 1}, "geometry": {"type": "Polygon", "coordinates": [[[-76.7869, 39.2962], [-76.7786, 39.295], [-76.7846, 39.2926], [-76.7852, 39.2829], [-76.7897, 39.2734], [-76.7937, 39.2738], [-76.7925, 39.2728], [-76.7963, 39.2698], [-76.8075, 39.2774], [-76.8166, 39.2796], [-76.7869, 39.2962]]]}}, {"type": "Feature", "properties": {"fips": "24027606701", "gap_national": -45.3, "gap_stratum": -37.0, "burden": 47.8, "capacity": 84.2, "svi": 0.17, "top_decile_gap": 0.0, "stratum": "metropolitan", "scored": 1}, "geometry": {"type": "Polygon", "coordinates": [[[-76.8614, 39.199], [-76.8549, 39.1999], [-76.8516, 39.1975], [-76.8513, 39.1874], [-76.848, 39.182], [-76.8572, 39.1781], [-76.8562, 39.1756], [-76.8745, 39.1819], [-76.8614, 39.199]]]}}, {"type": "Feature", "properties": {"fips": "24017850709", "gap_national": -22.7, "gap_stratum": -16.3, "burden": 43.6, "capacity": 61.5, "svi": 0.51, "top_decile_gap": 0.0, "stratum": "metropolitan", "scored": 1}, "geometry": {"type": "Polygon", "coordinates": [[[-76.9165, 38.6397], [-76.911, 38.65], [-76.9135, 38.6529], [-76.9046, 38.6516], [-76.886, 38.6576], [-76.8745, 38.6583], [-76.9108, 38.6264], [-76.9176, 38.6298], [-76.9147, 38.6337], [-76.9165, 38.6397]]]}}, {"type": "Feature", "properties": {"fips": "24017850202", "gap_national": 4.3, "gap_stratum": -27.6, "burden": 65.9, "capacity": 60.8, "svi": 0.33, "top_decile_gap": 0.0, "stratum": "small_town", "scored": 1}, "geometry": {"type": "Polygon", "coordinates": [[[-77.1601, 38.6005], [-77.1631, 38.6032], [-77.1606, 38.6035], [-77.1608, 38.6063], [-77.1487, 38.6056], [-77.1305, 38.6139], [-77.1314, 38.6064], [-77.1286, 38.6041], [-77.1316, 38.6028], [-77.1309, 38.6011], [-77.122, 38.5943], [-77.1189, 38.5888], [-77.1214, 38.5911], [-77.1284, 38.5906], [-77.1348, 38.5967], [-77.1381, 38.5958], [-77.142, 38.5881], [-77.1506, 38.5865], [-77.1563, 38.5906], [-77.1615, 38.5898], [-77.1702, 38.5986], [-77.1601, 38.6005]]]}}, {"type": "Feature", "properties": {"fips": "24027606905", "gap_national": -47.2, "gap_stratum": -45.1, "burden": 21.7, "capacity": 61.0, "svi": 0.2, "top_decile_gap": 0.0, "stratum": "metropolitan", "scored": 1}, "geometry": {"type": "Polygon", "coordinates": [[[-76.8373, 39.1544], [-76.8294, 39.1588], [-76.8188, 39.1426], [-76.7905, 39.1255], [-76.7974, 39.1226], [-76.8224, 39.1219], [-76.8313, 39.1315], [-76.8374, 39.1292], [-76.845, 39.1316], [-76.8436, 39.1358], [-76.8491, 39.1383], [-76.8373, 39.1544]]]}}, {"type": "Feature", "properties": {"fips": "24041960501", "gap_national": -31.2, "gap_stratum": -63.5, "burden": 50.0, "capacity": 72.8, "svi": 0.36, "top_decile_gap": 0.0, "stratum": "micropolitan", "scored": 1}, "geometry": {"type": "Polygon", "coordinates": [[[-76.1055, 38.8435], [-76.1007, 38.844], [-76.101, 38.8416], [-76.0951, 38.8411], [-76.0874, 38.848], [-76.0808, 38.849], [-76.0757, 38.8471], [-76.0732, 38.8434], [-76.0544, 38.8362], [-76.0471, 38.8282], [-76.0429, 38.8285], [-76.0384, 38.8202], [-76.0299, 38.8118], [-76.0315, 38.8111], [-76.0281, 38.7999], [-76.0179, 38.7879], [-76.0046, 38.789], [-76.0042, 38.7913], [-75.9943, 38.7942], [-75.9857, 38.7928], [-75.9892, 38.7965], [-75.9802, 38.7942], [-75.9793, 38.7967], [-75.9752, 38.7967], [-75.9737, 38.7935], [-75.9781, 38.7914], [-75.9759, 38.7893], [-75.9761, 38.7847], [-75.9794, 38.7845], [-75.9811, 38.7802], [-75.9783, 38.7797], [-75.9781, 38.777], [-75.9749, 38.7778], [-75.9767, 38.776], [-75.9744, 38.7745], [-75.9671, 38.7793], [-75.9677, 38.7744], [-75.9764, 38.7655], [-75.9971, 38.7572], [-76.0216, 38.7739], [-76.0515, 38.7709], [-76.0603, 38.7724], [-76.0601, 38.8127], [-76.0653, 38.7947], [-76.0687, 38.792], [-76.0776, 38.7879], [-76.0884, 38.7928], [-76.1173, 38.7849], [-76.1263, 38.7946], [-76.122, 38.798], [-76.1263, 38.8076], [-76.1236, 38.8171], [-76.1258, 38.8254], [-76.1055, 38.8435]]]}}, {"type": "Feature", "properties": {"fips": "24041960800", "gap_national": -26.7, "gap_stratum": -62.4, "burden": 67.6, "capacity": 91.1, "svi": 0.27, "top_decile_gap": 0.0, "stratum": "rural", "scored": 1}, "geometry": {"type": "MultiPolygon", "coordinates": [[[[-76.343, 38.6985], [-76.3446, 38.7063], [-76.3385, 38.7223], [-76.3405, 38.7303], [-76.3391, 38.7382], [-76.3424, 38.7509], [-76.3373, 38.7607], [-76.33, 38.7634], [-76.3287, 38.7664], [-76.3346, 38.7729], [-76.3302, 38.7769], [-76.3273, 38.7742], [-76.3243, 38.7751], [-76.3188, 38.7878], [-76.3101, 38.7968], [-76.3089, 38.8133], [-76.3022, 38.8252], [-76.2978, 38.8283], [-76.2885, 38.8273], [-76.2814, 38.8317], [-76.2774, 38.8314], [-76.2782, 38.8355], [-76.2815, 38.838], [-76.2794, 38.8412], [-76.2528, 38.8627], [-76.2513, 38.8576], [-76.2642, 38.8516], [-76.2658, 38.8475], [-76.2595, 38.8431], [-76.2558, 38.8345], [-76.2586, 38.8296], [-76.2657, 38.8292], [-76.2674, 38.8252], [-76.2611, 38.8207], [-76.2588, 38.8123], [-76.2659, 38.8079], [-76.2653, 38.8015], [-76.271, 38.7923], [-76.2734, 38.78], [-76.2795, 38.7736], [-76.3035, 38.7645], [-76.31, 38.7574], [-76.3128, 38.7458], [-76.3249, 38.7401], [-76.3147, 38.7376], [-76.3128, 38.7307], [-76.3193, 38.7292], [-76.3245, 38.7185], [-76.3315, 38.7133], [-76.3322, 38.7105], [-76.3298, 38.7082], [-76.3329, 38.708], [-76.334, 38.7031], [-76.3267, 38.6915], [-76.3219, 38.6895], [-76.3232, 38.6797], [-76.3382, 38.6776], [-76.3401, 38.676], [-76.338, 38.6723], [-76.3397, 38.6706], [-76.3442, 38.6788], [-76.3465, 38.692], [-76.343, 38.6985]]], [[[-76.3798, 38.7802], [-76.3752, 38.7826], [-76.3699, 38.7786], [-76.3723, 38.7741], [-76.3708, 38.7656], [-76.3642, 38.7543], [-76.3633, 38.7466], [-76.3774, 38.7428], [-76.3836, 38.7455], [-76.3843, 38.7502], [-76.3903, 38.757], [-76.3907, 38.7663], [-76.3798, 38.7802]]]]}}, {"type": "Feature", "properties": {"fips": "24019970600", "gap_national": 23.2, "gap_stratum": 15.0, "burden": 83.1, "capacity": 60.7, "svi": 0.76, "top_decile_gap": 0.0, "stratum": "micropolitan", "scored": 1}, "geometry": {"type": "Polygon", "coordinates": [[[-76.138, 38.5739], [-76.1283, 38.5697], [-76.1139, 38.5675], [-76.1017, 38.569], [-76.0786, 38.5633], [-76.0781, 38.5657], [-76.0695, 38.5646], [-76.0621, 38.5531], [-76.0649, 38.5348], [-76.0621, 38.5323], [-76.0625, 38.5288], [-76.0652, 38.5258], [-76.0672, 38.5279], [-76.0738, 38.526], [-76.0735, 38.5226], [-76.0836, 38.5227], [-76.0864, 38.5299], [-76.0864, 38.5428], [-76.0894, 38.5401], [-76.0908, 38.5332], [-76.0948, 38.535], [-76.0948, 38.5458], [-76.1031, 38.5447], [-76.1299, 38.5499], [-76.1419, 38.5473], [-76.1496, 38.5561], [-76.138, 38.5739]]]}}, {"type": "Feature", "properties": {"fips": "24029950200", "gap_national": -9.0, "gap_stratum": -44.8, "burden": 72.7, "capacity": 76.5, "svi": 0.51, "top_decile_gap": 0.0, "stratum": "small_town", "scored": 1}, "geometry": {"type": "Polygon", "coordinates": [[[-76.1856, 39.3193], [-76.1756, 39.3235], [-76.1704, 39.3321], [-76.1597, 39.3359], [-76.1455, 39.3344], [-76.1419, 39.3275], [-76.1393, 39.3314], [-76.1335, 39.3329], [-76.1332, 39.3405], [-76.137, 39.3444], [-76.1366, 39.3482], [-76.1323, 39.3527], [-76.1164, 39.3609], [-76.1105, 39.3723], [-76.0498, 39.3706], [-76.0329, 39.3674], [-76.023, 39.3619], [-76.0115, 39.3666], [-76.0024, 39.3675], [-75.9908, 39.3746], [-75.979, 39.3666], [-75.9641, 39.3747], [-75.9518, 39.3736], [-75.9423, 39.3678], [-75.9279, 39.3715], [-75.9198, 39.3669], [-75.9218, 39.3566], [-75.9147, 39.3439], [-75.9163, 39.3413], [-75.9044, 39.3277], [-75.9029, 39.3234], [-75.9052, 39.3195], [-75.8868, 39.3142], [-75.911, 39.2861], [-75.9154, 39.2753], [-75.9141, 39.2623], [-75.9259, 39.2606], [-75.9244, 39.2441], [-75.9407, 39.2385], [-75.9485, 39.2424], [-75.9584, 39.2408], [-75.9704, 39.2464], [-75.9853, 39.246], [-75.9878, 39.2393], [-75.9988, 39.2381], [-76.0088, 39.2403], [-76.0205, 39.2274], [-76.0282, 39.2262], [-76.0307, 39.229], [-76.0366, 39.2296], [-76.036, 39.2335], [-76.0403, 39.2358], [-76.0362, 39.238], [-76.0455, 39.2421], [-76.0411, 39.2422], [-76.0384, 39.2461], [-76.0426, 39.2466], [-76.0393, 39.2515], [-76.0462, 39.2613], [-76.0546, 39.2602], [-76.0672, 39.2396], [-76.0925, 39.2342], [-76.106, 39.242], [-76.1253, 39.2596], [-76.1459, 39.2582], [-76.1443, 39.2635], [-76.1579, 39.2664], [-76.17, 39.2723], [-76.1703, 39.2814], [-76.1679, 39.2843], [-76.1713, 39.289], [-76.1683, 39.2946], [-76.1791, 39.3001], [-76.1768, 39.3064], [-76.1791, 39.3101], [-76.186, 39.3125], [-76.1856, 39.3193]]]}}, {"type": "Feature", "properties": {"fips": "24510270702", "gap_national": -18.8, "gap_stratum": -11.2, "burden": 52.2, "capacity": 65.6, "svi": 0.63, "top_decile_gap": 0.0, "stratum": "metropolitan", "scored": 1}, "geometry": {"type": "Polygon", "coordinates": [[[-76.5676, 39.3685], [-76.5519, 39.3634], [-76.5579, 39.3565], [-76.5586, 39.3627], [-76.5735, 39.3651], [-76.5736, 39.3685], [-76.5676, 39.3685]]]}}, {"type": "Feature", "properties": {"fips": "24510280102", "gap_national": 7.6, "gap_stratum": 8.7, "burden": 93.7, "capacity": 79.4, "svi": 0.81, "top_decile_gap": 0.0, "stratum": "metropolitan", "scored": 1}, "geometry": {"type": "Polygon", "coordinates": [[[-76.7064, 39.353], [-76.6829, 39.3414], [-76.6894, 39.3408], [-76.6909, 39.331], [-76.6886, 39.3292], [-76.711, 39.3363], [-76.7114, 39.3495], [-76.7064, 39.353]]]}}, {"type": "Feature", "properties": {"fips": "24510272004", "gap_national": -37.9, "gap_stratum": -34.9, "burden": 26.8, "capacity": 58.7, "svi": 0.34, "top_decile_gap": 0.0, "stratum": "metropolitan", "scored": 1}, "geometry": {"type": "Polygon", "coordinates": [[[-76.6924, 39.372], [-76.6823, 39.3722], [-76.6808, 39.3691], [-76.6852, 39.369], [-76.6851, 39.3655], [-76.6896, 39.3642], [-76.6972, 39.365], [-76.6924, 39.372]]]}}, {"type": "Feature", "properties": {"fips": "24510151300", "gap_national": 19.4, "gap_stratum": 20.1, "burden": 92.1, "capacity": 68.6, "svi": 0.9, "top_decile_gap": 0.0, "stratum": "metropolitan", "scored": 1}, "geometry": {"type": "Polygon", "coordinates": [[[-76.6679, 39.3389], [-76.6584, 39.3408], [-76.6564, 39.3365], [-76.6659, 39.333], [-76.678, 39.3399], [-76.6679, 39.3389]]]}}, {"type": "Feature", "properties": {"fips": "24510230300", "gap_national": -27.0, "gap_stratum": -28.9, "burden": 3.4, "capacity": 34.8, "svi": 0.04, "top_decile_gap": 0.0, "stratum": "metropolitan", "scored": 1}, "geometry": {"type": "Polygon", "coordinates": [[[-76.6209, 39.2745], [-76.6161, 39.2726], [-76.616, 39.2705], [-76.6116, 39.2706], [-76.6119, 39.267], [-76.6056, 39.2672], [-76.6068, 39.2639], [-76.6106, 39.2622], [-76.6105, 39.2547], [-76.6233, 39.2601], [-76.6238, 39.2651], [-76.6272, 39.2651], [-76.6209, 39.2745]]]}}, {"type": "Feature", "properties": {"fips": "24510090700", "gap_national": 44.0, "gap_stratum": 41.9, "burden": 98.9, "capacity": 55.0, "svi": 0.84, "top_decile_gap": 0.0, "stratum": "metropolitan", "scored": 1}, "geometry": {"type": "Polygon", "coordinates": [[[-76.5939, 39.3262], [-76.5907, 39.3212], [-76.5949, 39.3172], [-76.6006, 39.3197], [-76.5939, 39.3262]]]}}, {"type": "Feature", "properties": {"fips": "24510260202", "gap_national": 39.2, "gap_stratum": 38.0, "burden": 92.3, "capacity": 55.4, "svi": 0.76, "top_decile_gap": 0.0, "stratum": "metropolitan", "scored": 1}, "geometry": {"type": "Polygon", "coordinates": [[[-76.5616, 39.3311], [-76.5484, 39.3218], [-76.555, 39.318], [-76.5675, 39.3264], [-76.5616, 39.3311]]]}}, {"type": "Feature", "properties": {"fips": "24510180300", "gap_national": 30.5, "gap_stratum": 36.5, "burden": 57.6, "capacity": 34.9, "svi": 0.58, "top_decile_gap": 0.0, "stratum": "metropolitan", "scored": 1}, "geometry": {"type": "Polygon", "coordinates": [[[-76.6278, 39.289], [-76.6275, 39.2861], [-76.638, 39.2856], [-76.6382, 39.2886], [-76.6278, 39.289]]]}}, {"type": "Feature", "properties": {"fips": "24043000900", "gap_national": 73.2, "gap_stratum": 74.5, "burden": 85.2, "capacity": 23.3, "svi": 0.91, "top_decile_gap": 1.0, "stratum": "metropolitan", "scored": 1}, "geometry": {"type": "Polygon", "coordinates": [[[-77.7719, 39.6329], [-77.7543, 39.6491], [-77.7254, 39.6444], [-77.7357, 39.6285], [-77.7386, 39.631], [-77.7359, 39.6371], [-77.7606, 39.6293], [-77.7705, 39.6184], [-77.7765, 39.624], [-77.7719, 39.6329]]]}}, {"type": "Feature", "properties": {"fips": "24043010600", "gap_national": -23.3, "gap_stratum": -14.9, "burden": 55.8, "capacity": 72.0, "svi": 0.18, "top_decile_gap": 0.0, "stratum": "metropolitan", "scored": 1}, "geometry": {"type": "Polygon", "coordinates": [[[-78.0947, 39.6943], [-78.07, 39.7071], [-78.0597, 39.7223], [-77.876, 39.7222], [-77.8889, 39.7024], [-77.8822, 39.6938], [-77.8871, 39.673], [-77.884, 39.6587], [-77.8819, 39.6571], [-77.8938, 39.6466], [-77.8942, 39.6289], [-77.9085, 39.6075], [-77.9094, 39.6015], [-77.9233, 39.6049], [-77.9329, 39.6177], [-77.9375, 39.6192], [-77.9446, 39.6168], [-77.9354, 39.6081], [-77.9364, 39.5945], [-77.939, 39.5871], [-77.9421, 39.5849], [-77.9498, 39.5871], [-77.952, 39.5927], [-77.9506, 39.6039], [-77.9576, 39.6086], [-77.9662, 39.6074], [-77.9767, 39.5997], [-78.0023, 39.6005], [-78.01, 39.6029], [-78.036, 39.6357], [-78.0477, 39.6431], [-78.0775, 39.6689], [-78.0898, 39.6717], [-78.0998, 39.6794], [-78.098, 39.6821], [-78.1028, 39.6845], [-78.0947, 39.6943]]]}}, {"type": "Feature", "properties": {"fips": "24043001002", "gap_national": -0.3, "gap_stratum": 6.1, "burden": 67.9, "capacity": 65.5, "svi": 0.39, "top_decile_gap": 0.0, "stratum": "metropolitan", "scored": 1}, "geometry": {"type": "Polygon", "coordinates": [[[-77.7765, 39.624], [-77.7705, 39.6184], [-77.7635, 39.6265], [-77.7583, 39.6256], [-77.7523, 39.6091], [-77.7544, 39.6064], [-77.7742, 39.6066], [-77.7807, 39.6102], [-77.785, 39.6173], [-77.7765, 39.624]]]}}, {"type": "Feature", "properties": {"fips": "24510250103", "gap_national": 27.2, "gap_stratum": 28.9, "burden": 81.8, "capacity": 57.3, "svi": 0.84, "top_decile_gap": 0.0, "stratum": "metropolitan", "scored": 1}, "geometry": {"type": "Polygon", "coordinates": [[[-76.6895, 39.2721], [-76.6817, 39.277], [-76.6755, 39.2742], [-76.6716, 39.2759], [-76.6643, 39.2574], [-76.6989, 39.2727], [-76.6895, 39.2721]]]}}, {"type": "Feature", "properties": {"fips": "24510270703", "gap_national": -45.4, "gap_stratum": -38.9, "burden": 36.1, "capacity": 71.3, "svi": 0.21, "top_decile_gap": 0.0, "stratum": "metropolitan", "scored": 1}, "geometry": {"type": "Polygon", "coordinates": [[[-76.5618, 39.3722], [-76.5442, 39.3722], [-76.5519, 39.3634], [-76.5619, 39.3679], [-76.5618, 39.3722]]]}}, {"type": "Feature", "properties": {"fips": "24510270903", "gap_national": -9.4, "gap_stratum": -5.3, "burden": 37.1, "capacity": 47.6, "svi": 0.39, "top_decile_gap": 0.0, "stratum": "metropolitan", "scored": 1}, "geometry": {"type": "Polygon", "coordinates": [[[-76.5997, 39.3451], [-76.5835, 39.3459], [-76.5808, 39.3453], [-76.5815, 39.3419], [-76.577, 39.3386], [-76.5836, 39.3405], [-76.5968, 39.3391], [-76.6002, 39.3401], [-76.5997, 39.3451]]]}}, {"type": "Feature", "properties": {"fips": "24510010100", "gap_national": -42.9, "gap_stratum": -45.0, "burden": 5.1, "capacity": 47.9, "svi": 0.1, "top_decile_gap": 0.0, "stratum": "metropolitan", "scored": 1}, "geometry": {"type": "Polygon", "coordinates": [[[-76.5771, 39.2842], [-76.5714, 39.2844], [-76.571, 39.2763], [-76.5776, 39.2716], [-76.5771, 39.2842]]]}}, {"type": "Feature", "properties": {"fips": "24510160600", "gap_national": 7.5, "gap_stratum": 9.2, "burden": 90.7, "capacity": 77.4, "svi": 0.92, "top_decile_gap": 0.0, "stratum": "metropolitan", "scored": 1}, "geometry": {"type": "Polygon", "coordinates": [[[-76.669, 39.2993], [-76.6608, 39.3005], [-76.6594, 39.2934], [-76.6697, 39.2943], [-76.669, 39.2993]]]}}, {"type": "Feature", "properties": {"fips": "24510120100", "gap_national": -66.9, "gap_stratum": -66.6, "burden": 8.0, "capacity": 65.2, "svi": 0.37, "top_decile_gap": 0.0, "stratum": "metropolitan", "scored": 1}, "geometry": {"type": "Polygon", "coordinates": [[[-76.6184, 39.3385], [-76.6123, 39.341], [-76.6096, 39.3398], [-76.6095, 39.331], [-76.618, 39.3325], [-76.624, 39.3365], [-76.6258, 39.3416], [-76.6184, 39.3385]]]}}, {"type": "Feature", "properties": {"fips": "24510280301", "gap_national": 0.2, "gap_stratum": 6.6, "burden": 60.0, "capacity": 58.9, "svi": 0.74, "top_decile_gap": 0.0, "stratum": "metropolitan", "scored": 1}, "geometry": {"type": "Polygon", "coordinates": [[[-76.7045, 39.322], [-76.7018, 39.3196], [-76.7039, 39.3186], [-76.702, 39.3157], [-76.6973, 39.3174], [-76.6964, 39.3148], [-76.6927, 39.3144], [-76.6864, 39.3053], [-76.6945, 39.3047], [-76.6949, 39.302], [-76.7062, 39.2997], [-76.7054, 39.3022], [-76.7112, 39.303], [-76.7115, 39.3208], [-76.7045, 39.322]]]}}, {"type": "Feature", "properties": {"fips": "24510090200", "gap_national": -23.8, "gap_stratum": -16.9, "burden": 68.9, "capacity": 88.8, "svi": 0.48, "top_decile_gap": 0.0, "stratum": "metropolitan", "scored": 1}, "geometry": {"type": "Polygon", "coordinates": [[[-76.5809, 39.3403], [-76.577, 39.3386], [-76.5784, 39.3355], [-76.5765, 39.3339], [-76.5846, 39.327], [-76.5951, 39.3283], [-76.5954, 39.334], [-76.6002, 39.3401], [-76.5809, 39.3403]]]}}, {"type": "Feature", "properties": {"fips": "24510150400", "gap_national": 41.9, "gap_stratum": 41.1, "burden": 89.4, "capacity": 52.1, "svi": 0.87, "top_decile_gap": 0.0, "stratum": "metropolitan", "scored": 1}, "geometry": {"type": "Polygon", "coordinates": [[[-76.6505, 39.3167], [-76.6425, 39.3101], [-76.66, 39.3094], [-76.6596, 39.3145], [-76.6505, 39.3167]]]}}, {"type": "Feature", "properties": {"fips": "24510272005", "gap_national": -45.0, "gap_stratum": -37.7, "burden": 38.8, "capacity": 73.5, "svi": 0.63, "top_decile_gap": 0.0, "stratum": "metropolitan", "scored": 1}, "geometry": {"type": "Polygon", "coordinates": [[[-76.7029, 39.3721], [-76.6924, 39.372], [-76.6998, 39.3624], [-76.7113, 39.3719], [-76.7029, 39.3721]]]}}, {"type": "Feature", "properties": {"fips": "24510130806", "gap_national": -36.6, "gap_stratum": -30.4, "burden": 37.7, "capacity": 66.4, "svi": 0.55, "top_decile_gap": 0.0, "stratum": "metropolitan", "scored": 1}, "geometry": {"type": "Polygon", "coordinates": [[[-76.6472, 39.3452], [-76.6473, 39.3384], [-76.6405, 39.3272], [-76.6449, 39.3309], [-76.654, 39.3303], [-76.6582, 39.3409], [-76.6472, 39.3452]]]}}, {"type": "Feature", "properties": {"fips": "24510020200", "gap_national": -18.7, "gap_stratum": -19.6, "burden": 9.4, "capacity": 30.9, "svi": 0.22, "top_decile_gap": 0.0, "stratum": "metropolitan", "scored": 1}, "geometry": {"type": "Polygon", "coordinates": [[[-76.5905, 39.2917], [-76.5901, 39.2857], [-76.5936, 39.2856], [-76.5939, 39.2915], [-76.5905, 39.2917]]]}}, {"type": "Feature", "properties": {"fips": "24031701409", "gap_national": -59.2, "gap_stratum": -53.2, "burden": 30.7, "capacity": 77.7, "svi": 0.16, "top_decile_gap": 0.0, "stratum": "metropolitan", "scored": 1}, "geometry": {"type": "Polygon", "coordinates": [[[-76.9621, 39.1161], [-76.9416, 39.1065], [-76.9287, 39.1115], [-76.9482, 39.083], [-76.9649, 39.0887], [-76.9692, 39.0952], [-76.965, 39.098], [-76.9621, 39.1161]]]}}, {"type": "Feature", "properties": {"fips": "24031705901", "gap_national": -77.7, "gap_stratum": -73.6, "burden": 23.9, "capacity": 91.6, "svi": 0.24, "top_decile_gap": 0.0, "stratum": "metropolitan", "scored": 1}, "geometry": {"type": "Polygon", "coordinates": [[[-77.1517, 39.0092], [-77.146, 39.0053], [-77.133, 39.0024], [-77.1301, 38.9971], [-77.1177, 38.9913], [-77.1377, 38.9836], [-77.1571, 38.991], [-77.1577, 38.9988], [-77.1517, 39.0092]]]}}, {"type": "Feature", "properties": {"fips": "24031701407", "gap_national": -60.9, "gap_stratum": -54.9, "burden": 30.5, "capacity": 79.1, "svi": 0.19, "top_decile_gap": 0.0, "stratum": "metropolitan", "scored": 1}, "geometry": {"type": "Polygon", "coordinates": [[[-77.0362, 39.1177], [-77.0276, 39.1253], [-77.0198, 39.1175], [-77.0014, 39.1061], [-76.998, 39.1087], [-76.9819, 39.1021], [-76.9857, 39.0972], [-76.9999, 39.0894], [-77.0022, 39.0959], [-77.0099, 39.093], [-77.0369, 39.0934], [-77.0391, 39.0949], [-77.0401, 39.1025], [-77.0362, 39.1177]]]}}, {"type": "Feature", "properties": {"fips": "24031702102", "gap_national": -68.4, "gap_stratum": -68.2, "burden": 7.5, "capacity": 66.0, "svi": 0.06, "top_decile_gap": 0.0, "stratum": "metropolitan", "scored": 1}, "geometry": {"type": "Polygon", "coordinates": [[[-77.01, 39.0273], [-77.0041, 39.0301], [-76.9981, 39.0261], [-76.9941, 39.0175], [-77.0049, 39.0152], [-77.0127, 39.0203], [-77.01, 39.0273]]]}}, {"type": "Feature", "properties": {"fips": "24031700818", "gap_national": 17.3, "gap_stratum": 22.2, "burden": 34.8, "capacity": 22.2, "svi": 0.82, "top_decile_gap": 0.0, "stratum": "metropolitan", "scored": 1}, "geometry": {"type": "Polygon", "coordinates": [[[-77.2673, 39.1788], [-77.2547, 39.1843], [-77.247, 39.1752], [-77.2602, 39.1749], [-77.2611, 39.1733], [-77.2546, 39.1652], [-77.258, 39.1619], [-77.2715, 39.1738], [-77.2673, 39.1788]]]}}, {"type": "Feature", "properties": {"fips": "24031700604", "gap_national": -75.8, "gap_stratum": -72.8, "burden": 17.0, "capacity": 78.8, "svi": 0.09, "top_decile_gap": 0.0, "stratum": "metropolitan", "scored": 1}, "geometry": {"type": "Polygon", "coordinates": [[[-77.3321, 39.1105], [-77.3356, 39.1301], [-77.333, 39.132], [-77.3074, 39.1252], [-77.3039, 39.1278], [-77.3003, 39.1253], [-77.2912, 39.1283], [-77.2861, 39.1245], [-77.2802, 39.1265], [-77.2804, 39.1337], [-77.267, 39.1338], [-77.2472, 39.1247], [-77.2528, 39.1179], [-77.2615, 39.1178], [-77.2676, 39.1138], [-77.2638, 39.106], [-77.2677, 39.0872], [-77.265, 39.0835], [-77.2681, 39.0811], [-77.2795, 39.0846], [-77.2837, 39.0816], [-77.2889, 39.0818], [-77.2864, 39.0788], [-77.2869, 39.0739], [-77.2927, 39.0748], [-77.2957, 39.072], [-77.2975, 39.066], [-77.2947, 39.0634], [-77.2938, 39.0548], [-77.3108, 39.0579], [-77.3085, 39.0514], [-77.3149, 39.0522], [-77.3421, 39.0628], [-77.3414, 39.0782], [-77.3294, 39.0878], [-77.3295, 39.0914], [-77.3362, 39.0884], [-77.3418, 39.0954], [-77.3438, 39.1024], [-77.3321, 39.1105]]]}}, {"type": "Feature", "properties": {"fips": "24031701316", "gap_national": -59.6, "gap_stratum": -53.4, "burden": 32.0, "capacity": 79.6, "svi": 0.28, "top_decile_gap": 0.0, "stratum": "metropolitan", "scored": 1}, "geometry": {"type": "Polygon", "coordinates": [[[-77.0444, 39.1569], [-77.0448, 39.1593], [-77.0404, 39.1609], [-77.0433, 39.1649], [-77.0383, 39.1723], [-77.0394, 39.175], [-77.027, 39.1791], [-77.0214, 39.1745], [-77.0158, 39.177], [-76.9983, 39.1751], [-77.0015, 39.1705], [-76.9973, 39.1665], [-76.9878, 39.1664], [-76.9737, 39.1622], [-76.9767, 39.1542], [-76.9756, 39.1497], [-76.965, 39.1486], [-76.963, 39.1458], [-76.9765, 39.1389], [-76.9889, 39.1387], [-77.0276, 39.1253], [-77.0339, 39.1389], [-77.0532, 39.1492], [-77.0444, 39.1569]]]}}, {"type": "Feature", "properties": {"fips": "24011955600", "gap_national": 51.4, "gap_stratum": 64.8, "burden": 91.6, "capacity": 46.8, "svi": 0.86, "top_decile_gap": 0.0, "stratum": "rural", "scored": 1}, "geometry": {"type": "Polygon", "coordinates": [[[-75.8572, 38.7048], [-75.8581, 38.7199], [-75.833, 38.7401], [-75.8293, 38.7407], [-75.8125, 38.724], [-75.8035, 38.7308], [-75.8066, 38.7331], [-75.7997, 38.7425], [-75.7938, 38.7441], [-75.7984, 38.7542], [-75.7829, 38.7557], [-75.7752, 38.7604], [-75.7537, 38.7516], [-75.759, 38.7423], [-75.7523, 38.7421], [-75.75, 38.7481], [-75.7427, 38.7518], [-75.7399, 38.7579], [-75.7254, 38.7609], [-75.7176, 38.7656], [-75.7074, 38.6354], [-75.7145, 38.6458], [-75.7377, 38.6653], [-75.749, 38.6711], [-75.7627, 38.6862], [-75.769, 38.6858], [-75.7738, 38.6764], [-75.775, 38.6787], [-75.7799, 38.6765], [-75.7984, 38.6763], [-75.8003, 38.696], [-75.8025, 38.6977], [-75.8161, 38.6983], [-75.8404, 38.7042], [-75.8611, 38.7005], [-75.8572, 38.7048]]]}}, {"type": "Feature", "properties": {"fips": "24031702900", "gap_national": -79.5, "gap_stratum": -77.0, "burden": 15.0, "capacity": 80.5, "svi": 0.2, "top_decile_gap": 0.0, "stratum": "metropolitan", "scored": 1}, "geometry": {"type": "Polygon", "coordinates": [[[-77.0323, 39.0149], [-77.0298, 39.0113], [-77.0178, 39.0069], [-77.011, 38.9998], [-77.0219, 38.9972], [-77.0318, 38.9995], [-77.0398, 39.0076], [-77.0418, 39.0133], [-77.0323, 39.0149]]]}}, {"type": "Feature", "properties": {"fips": "24031704700", "gap_national": -82.7, "gap_stratum": -80.3, "burden": 14.2, "capacity": 83.1, "svi": 0.07, "top_decile_gap": 0.0, "stratum": "metropolitan", "scored": 1}, "geometry": {"type": "Polygon", "coordinates": [[[-77.1077, 38.993], [-77.0988, 38.9875], [-77.0984, 38.9808], [-77.1008, 38.9808], [-77.1013, 38.9764], [-77.1082, 38.9775], [-77.1143, 38.9833], [-77.1181, 38.993], [-77.1077, 38.993]]]}}, {"type": "Feature", "properties": {"fips": "24031701006", "gap_national": -77.8, "gap_stratum": -73.9, "burden": 23.1, "capacity": 90.1, "svi": 0.23, "top_decile_gap": 0.0, "stratum": "metropolitan", "scored": 1}, "geometry": {"type": "Polygon", "coordinates": [[[-77.1944, 39.0926], [-77.1872, 39.091], [-77.1822, 39.0927], [-77.1731, 39.0859], [-77.1643, 39.0741], [-77.17, 39.0698], [-77.1881, 39.0742], [-77.2, 39.0808], [-77.1944, 39.0926]]]}}, {"type": "Feature", "properties": {"fips": "24031705800", "gap_national": -80.9, "gap_stratum": -78.5, "burden": 14.5, "capacity": 81.5, "svi": 0.03, "top_decile_gap": 0.0, "stratum": "metropolitan", "scored": 1}, "geometry": {"type": "Polygon", "coordinates": [[[-77.1765, 38.979], [-77.1586, 38.9849], [-77.1487, 38.9728], [-77.1385, 38.9684], [-77.1301, 38.9692], [-77.1212, 38.9635], [-77.1201, 38.9486], [-77.118, 38.9485], [-77.1125, 38.9401], [-77.1198, 38.9343], [-77.1276, 38.94], [-77.1377, 38.9553], [-77.1482, 38.965], [-77.1799, 38.9684], [-77.1765, 38.979]]]}}, {"type": "Feature", "properties": {"fips": "24031705902", "gap_national": -84.2, "gap_stratum": -81.9, "burden": 14.6, "capacity": 85.7, "svi": 0.1, "top_decile_gap": 0.0, "stratum": "metropolitan", "scored": 1}, "geometry": {"type": "Polygon", "coordinates": [[[-77.1571, 38.991], [-77.1495, 38.9892], [-77.1221, 38.9731], [-77.1385, 38.9684], [-77.1487, 38.9728], [-77.1586, 38.9849], [-77.1571, 38.991]]]}}, {"type": "Feature", "properties": {"fips": "24031700813", "gap_national": -13.9, "gap_stratum": -11.0, "burden": 31.1, "capacity": 45.8, "svi": 0.74, "top_decile_gap": 0.0, "stratum": "metropolitan", "scored": 1}, "geometry": {"type": "Polygon", "coordinates": [[[-77.2174, 39.1785], [-77.202, 39.1785], [-77.2051, 39.1664], [-77.2096, 39.1647], [-77.2252, 39.1669], [-77.2261, 39.1736], [-77.2174, 39.1785]]]}}, {"type": "Feature", "properties": {"fips": "24031703902", "gap_national": -10.2, "gap_stratum": -7.9, "burden": 27.0, "capacity": 39.2, "svi": 0.69, "top_decile_gap": 0.0, "stratum": "metropolitan", "scored": 1}, "geometry": {"type": "Polygon", "coordinates": [[[-77.0482, 39.0414], [-77.0382, 39.0365], [-77.031, 39.0366], [-77.0289, 39.0281], [-77.0305, 39.0243], [-77.0372, 39.0264], [-77.046, 39.0253], [-77.0482, 39.0414]]]}}, {"type": "Feature", "properties": {"fips": "24031700206", "gap_national": -50.6, "gap_stratum": -49.2, "burden": 18.4, "capacity": 60.7, "svi": 0.02, "top_decile_gap": 0.0, "stratum": "metropolitan", "scored": 1}, "geometry": {"type": "Polygon", "coordinates": [[[-77.2123, 39.2596], [-77.2027, 39.2601], [-77.2044, 39.2732], [-77.1961, 39.2671], [-77.1895, 39.2698], [-77.1789, 39.267], [-77.1707, 39.2709], [-77.173, 39.273], [-77.1715, 39.2745], [-77.1587, 39.2692], [-77.1561, 39.2647], [-77.1729, 39.244], [-77.174, 39.2392], [-77.1789, 39.2374], [-77.1869, 39.2292], [-77.187, 39.237], [-77.2075, 39.2479], [-77.2125, 39.2544], [-77.2123, 39.2596]]]}}, {"type": "Feature", "properties": {"fips": "24031701900", "gap_national": 45.4, "gap_stratum": 53.1, "burden": 49.4, "capacity": 9.6, "svi": 0.86, "top_decile_gap": 0.0, "stratum": "metropolitan", "scored": 1}, "geometry": {"type": "Polygon", "coordinates": [[[-76.9982, 38.9989], [-76.9975, 38.9892], [-76.9949, 38.9874], [-76.9964, 38.9861], [-76.9998, 38.9865], [-77.0036, 38.9982], [-76.9982, 38.9989]]]}}, {"type": "Feature", "properties": {"fips": "24011955100", "gap_national": 43.6, "gap_stratum": 40.4, "burden": 79.8, "capacity": 44.6, "svi": 0.77, "top_decile_gap": 0.0, "stratum": "rural", "scored": 1}, "geometry": {"type": "Polygon", "coordinates": [[[-75.8828, 39.0279], [-75.883, 39.0331], [-75.876, 39.0433], [-75.8787, 39.0469], [-75.8697, 39.0573], [-75.8632, 39.0593], [-75.8528, 39.0679], [-75.8484, 39.0615], [-75.8336, 39.0505], [-75.8319, 39.0447], [-75.8204, 39.0293], [-75.7919, 39.0257], [-75.7873, 39.0224], [-75.7854, 39.0142], [-75.778, 39.0178], [-75.7755, 39.015], [-75.7712, 39.02], [-75.7657, 39.019], [-75.7644, 39.0263], [-75.7579, 39.0297], [-75.758, 39.032], [-75.7475, 39.0392], [-75.7395, 39.0412], [-75.7309, 38.9331], [-75.749, 38.9298], [-75.7601, 38.9223], [-75.7768, 38.9213], [-75.7789, 38.9186], [-75.7906, 38.9148], [-75.7951, 38.9171], [-75.8087, 38.9164], [-75.8132, 38.9123], [-75.82, 38.9131], [-75.8217, 38.9107], [-75.833, 38.909], [-75.8356, 38.9056], [-75.8384, 38.9087], [-75.8296, 38.9132], [-75.8322, 38.9179], [-75.8271, 38.9253], [-75.8348, 38.9337], [-75.8332, 38.9365], [-75.8278, 38.937], [-75.827, 38.9495], [-75.8249, 38.9508], [-75.8287, 38.9498], [-75.8317, 38.9538], [-75.8266, 38.9554], [-75.8244, 38.959], [-75.8273, 38.9611], [-75.8248, 38.9638], [-75.8339, 38.969], [-75.8379, 38.9763], [-75.8471, 38.9798], [-75.8459, 38.987], [-75.8742, 39.0011], [-75.8735, 39.0102], [-75.8849, 39.0174], [-75.8908, 39.0183], [-75.8908, 39.0225], [-75.8828, 39.0279]]]}}, {"type": "Feature", "properties": {"fips": "24031701507", "gap_national": -64.9, "gap_stratum": -58.7, "burden": 34.1, "capacity": 89.6, "svi": 0.32, "top_decile_gap": 0.0, "stratum": "metropolitan", "scored": 1}, "geometry": {"type": "Polygon", "coordinates": [[[-77.0291, 39.0947], [-77.0099, 39.093], [-77.0022, 39.0959], [-76.9995, 39.087], [-77.0021, 39.0758], [-77.0196, 39.0666], [-77.0293, 39.0665], [-77.0231, 39.0771], [-77.0239, 39.0854], [-77.026, 39.0932], [-77.0351, 39.0937], [-77.0291, 39.0947]]]}}, {"type": "Feature", "properties": {"fips": "24031701202", "gap_national": -81.0, "gap_stratum": -78.7, "burden": 13.7, "capacity": 80.7, "svi": 0.01, "top_decile_gap": 0.0, "stratum": "metropolitan", "scored": 1}, "geometry": {"type": "Polygon", "coordinates": [[[-77.1028, 39.047], [-77.0858, 39.0332], [-77.0885, 39.0304], [-77.096, 39.0326], [-77.0955, 39.0349], [-77.1071, 39.0348], [-77.1117, 39.0448], [-77.1028, 39.047]]]}}, {"type": "Feature", "properties": {"fips": "24031703208", "gap_national": -60.2, "gap_stratum": -56.0, "burden": 24.1, "capacity": 72.0, "svi": 0.29, "top_decile_gap": 0.0, "stratum": "metropolitan", "scored": 1}, "geometry": {"type": "Polygon", "coordinates": [[[-77.0251, 39.0489], [-77.0235, 39.0559], [-77.0283, 39.0647], [-77.0239, 39.0609], [-77.0116, 39.0594], [-77.0107, 39.0479], [-77.0076, 39.0469], [-77.0093, 39.0427], [-77.0068, 39.0405], [-77.0259, 39.0356], [-77.0322, 39.0459], [-77.0251, 39.0489]]]}}, {"type": "Feature", "properties": {"fips": "24031700400", "gap_national": -53.2, "gap_stratum": -47.8, "burden": 29.5, "capacity": 71.4, "svi": 0.08, "top_decile_gap": 0.0, "stratum": "metropolitan", "scored": 1}, "geometry": {"type": "Polygon", "coordinates": [[[-77.4243, 39.2203], [-77.4315, 39.2322], [-77.3342, 39.277], [-77.3266, 39.2774], [-77.3196, 39.2737], [-77.3274, 39.2635], [-77.3192, 39.2562], [-77.3268, 39.2473], [-77.3263, 39.2423], [-77.3222, 39.2428], [-77.3216, 39.2397], [-77.3277, 39.2353], [-77.3338, 39.2257], [-77.3264, 39.2058], [-77.3264, 39.1951], [-77.3126, 39.1845], [-77.3422, 39.1612], [-77.3405, 39.1553], [-77.3426, 39.1395], [-77.3467, 39.1305], [-77.3569, 39.1393], [-77.3594, 39.1477], [-77.3644, 39.1528], [-77.3836, 39.1598], [-77.3912, 39.1678], [-77.3982, 39.1687], [-77.4136, 39.1798], [-77.4348, 39.2068], [-77.4243, 39.2203]]]}}, {"type": "Feature", "properties": {"fips": "24031700608", "gap_national": -79.0, "gap_stratum": -75.9, "burden": 18.0, "capacity": 83.5, "svi": 0.05, "top_decile_gap": 0.0, "stratum": "metropolitan", "scored": 1}, "geometry": {"type": "Polygon", "coordinates": [[[-77.2938, 39.0548], [-77.2947, 39.0634], [-77.2975, 39.066], [-77.2957, 39.072], [-77.2927, 39.0748], [-77.2869, 39.0739], [-77.2864, 39.0788], [-77.2889, 39.0818], [-77.2837, 39.0816], [-77.2795, 39.0846], [-77.2681, 39.0811], [-77.265, 39.0835], [-77.2552, 39.0798], [-77.2377, 39.0808], [-77.2183, 39.0865], [-77.2169, 39.0826], [-77.2301, 39.0639], [-77.2347, 39.0382], [-77.233, 39.0315], [-77.2404, 39.035], [-77.2444, 39.0308], [-77.2443, 39.0275], [-77.2747, 39.0341], [-77.2931, 39.0465], [-77.3085, 39.0514], [-77.3108, 39.0579], [-77.2938, 39.0548]]]}}, {"type": "Feature", "properties": {"fips": "24031700606", "gap_national": -64.9, "gap_stratum": -59.9, "burden": 26.2, "capacity": 78.2, "svi": 0.26, "top_decile_gap": 0.0, "stratum": "metropolitan", "scored": 1}, "geometry": {"type": "Polygon", "coordinates": [[[-77.2618, 39.0881], [-77.2495, 39.0935], [-77.2471, 39.0999], [-77.2496, 39.1003], [-77.2461, 39.1042], [-77.2374, 39.1072], [-77.2356, 39.1059], [-77.2359, 39.1081], [-77.224, 39.1033], [-77.2384, 39.0866], [-77.2552, 39.0798], [-77.265, 39.0835], [-77.2618, 39.0881]]]}}, {"type": "Feature", "properties": {"fips": "24033803512", "gap_national": -26.3, "gap_stratum": -17.7, "burden": 56.1, "capacity": 74.6, "svi": 0.23, "top_decile_gap": 0.0, "stratum": "metropolitan", "scored": 1}, "geometry": {"type": "Polygon", "coordinates": [[[-76.8393, 38.8948], [-76.8284, 38.879], [-76.811, 38.8791], [-76.8028, 38.8761], [-76.8064, 38.8719], [-76.819, 38.8682], [-76.8346, 38.8664], [-76.8447, 38.8689], [-76.8442, 38.8837], [-76.8473, 38.8922], [-76.8393, 38.8948]]]}}, {"type": "Feature", "properties": {"fips": "24033801600", "gap_national": 56.6, "gap_stratum": 59.4, "burden": 77.5, "capacity": 32.1, "svi": 0.6, "top_decile_gap": 1.0, "stratum": "metropolitan", "scored": 1}, "geometry": {"type": "Polygon", "coordinates": [[[-76.9959, 38.8254], [-76.993, 38.8245], [-76.9921, 38.8196], [-76.9962, 38.815], [-76.9987, 38.8154], [-77.0014, 38.8215], [-76.9959, 38.8254]]]}}, {"type": "Feature", "properties": {"fips": "24033801702", "gap_national": 40.2, "gap_stratum": 43.2, "burden": 74.0, "capacity": 42.5, "svi": 0.87, "top_decile_gap": 0.0, "stratum": "metropolitan", "scored": 1}, "geometry": {"type": "Polygon", "coordinates": [[[-76.9488, 38.8173], [-76.946, 38.8141], [-76.9586, 38.805], [-76.9735, 38.806], [-76.9488, 38.8173]]]}}, {"type": "Feature", "properties": {"fips": "24033800402", "gap_national": -19.8, "gap_stratum": -13.0, "burden": 46.9, "capacity": 62.1, "svi": 0.34, "top_decile_gap": 0.0, "stratum": "metropolitan", "scored": 1}, "geometry": {"type": "Polygon", "coordinates": [[[-76.7455, 38.991], [-76.7408, 38.9986], [-76.7281, 38.9823], [-76.7501, 38.9748], [-76.7555, 38.9709], [-76.7573, 38.9846], [-76.7455, 38.991]]]}}, {"type": "Feature", "properties": {"fips": "24033800605", "gap_national": -9.5, "gap_stratum": -4.7, "burden": 40.6, "capacity": 50.4, "svi": 0.15, "top_decile_gap": 0.0, "stratum": "metropolitan", "scored": 1}, "geometry": {"type": "Polygon", "coordinates": [[[-76.784, 38.8344], [-76.7725, 38.8355], [-76.7702, 38.8274], [-76.7637, 38.8192], [-76.7477, 38.8217], [-76.744, 38.8208], [-76.7422, 38.8136], [-76.7122, 38.8109], [-76.7081, 38.8049], [-76.7101, 38.796], [-76.7021, 38.7885], [-76.7123, 38.7844], [-76.7143, 38.7782], [-76.7174, 38.7775], [-76.7194, 38.7813], [-76.7287, 38.7759], [-76.7378, 38.7759], [-76.7531, 38.7717], [-76.7563, 38.7672], [-76.7684, 38.7779], [-76.7638, 38.7799], [-76.7591, 38.7878], [-76.7615, 38.7943], [-76.7611, 38.8039], [-76.7675, 38.8085], [-76.7645, 38.8102], [-76.7752, 38.8122], [-76.7824, 38.8203], [-76.7963, 38.827], [-76.784, 38.8344]]]}}, {"type": "Feature", "properties": {"fips": "24033801309", "gap_national": -37.0, "gap_stratum": -28.6, "burden": 57.0, "capacity": 87.5, "svi": 0.11, "top_decile_gap": 0.0, "stratum": "metropolitan", "scored": 1}, "geometry": {"type": "Polygon", "coordinates": [[[-77.0807, 38.7113], [-77.0781, 38.7134], [-77.0718, 38.7101], [-77.0532, 38.7099], [-77.0433, 38.719], [-77.0415, 38.7285], [-77.0218, 38.7244], [-77.009, 38.7255], [-77.0048, 38.7249], [-77.0042, 38.72], [-77.0107, 38.7133], [-77.0165, 38.7107], [-77.0156, 38.709], [-77.0061, 38.7083], [-76.99, 38.7126], [-76.9866, 38.6987], [-76.9908, 38.6954], [-76.9937, 38.6972], [-77.0291, 38.6981], [-77.0434, 38.7036], [-77.0595, 38.7019], [-77.0786, 38.6941], [-77.0863, 38.706], [-77.0799, 38.709], [-77.0807, 38.7113]]]}}, {"type": "Feature", "properties": {"fips": "24033801003", "gap_national": -11.6, "gap_stratum": -4.6, "burden": 53.4, "capacity": 61.6, "svi": 0.18, "top_decile_gap": 0.0, "stratum": "metropolitan", "scored": 1}, "geometry": {"type": "Polygon", "coordinates": [[[-76.9216, 38.6854], [-76.9206, 38.6926], [-76.9263, 38.6976], [-76.9234, 38.7034], [-76.9191, 38.7058], [-76.9096, 38.7034], [-76.8936, 38.7073], [-76.8714, 38.7007], [-76.8637, 38.6959], [-76.8477, 38.697], [-76.8376, 38.7132], [-76.835, 38.7082], [-76.8224, 38.7095], [-76.8172, 38.7067], [-76.7986, 38.7146], [-76.7956, 38.7193], [-76.7919, 38.7123], [-76.788, 38.7106], [-76.7952, 38.6994], [-76.8085, 38.6967], [-76.8084, 38.6924], [-76.8158, 38.6839], [-76.8095, 38.6778], [-76.7871, 38.6661], [-76.8077, 38.6625], [-76.8063, 38.6519], [-76.8169, 38.6416], [-76.8664, 38.6589], [-76.8788, 38.659], [-76.9046, 38.6516], [-76.9129, 38.6527], [-76.9166, 38.6633], [-76.9275, 38.6645], [-76.9289, 38.6687], [-76.9351, 38.6704], [-76.9392, 38.6781], [-76.9216, 38.6854]]]}}, {"type": "Feature", "properties": {"fips": "24033802201", "gap_national": -1.9, "gap_stratum": 2.9, "burden": 41.8, "capacity": 46.1, "svi": 0.31, "top_decile_gap": 0.0, "stratum": "metropolitan", "scored": 1}, "geometry": {"type": "Polygon", "coordinates": [[[-76.8447, 38.8689], [-76.8384, 38.8672], [-76.8391, 38.8624], [-76.8455, 38.854], [-76.8444, 38.8477], [-76.8468, 38.8442], [-76.8347, 38.834], [-76.8438, 38.8286], [-76.855, 38.8287], [-76.854, 38.8261], [-76.8568, 38.8297], [-76.8739, 38.8307], [-76.8447, 38.8689]]]}}, {"type": "Feature", "properties": {"fips": "24033800206", "gap_national": -15.0, "gap_stratum": -9.5, "burden": 42.6, "capacity": 55.7, "svi": 0.67, "top_decile_gap": 0.0, "stratum": "metropolitan", "scored": 1}, "geometry": {"type": "Polygon", "coordinates": [[[-76.8315, 39.0692], [-76.829, 39.0644], [-76.8265, 39.0657], [-76.8105, 39.0609], [-76.8139, 39.061], [-76.8178, 39.0553], [-76.8157, 39.0542], [-76.8209, 39.0527], [-76.8169, 39.0492], [-76.816, 39.0443], [-76.8192, 39.0378], [-76.8337, 39.0323], [-76.8523, 39.0333], [-76.8315, 39.0692]]]}}, {"type": "Feature", "properties": {"fips": "24033805602", "gap_national": 50.2, "gap_stratum": 58.3, "burden": 50.1, "capacity": 0.9, "svi": 0.98, "top_decile_gap": 0.0, "stratum": "metropolitan", "scored": 1}, "geometry": {"type": "Polygon", "coordinates": [[[-76.9798, 38.9921], [-76.9757, 38.987], [-76.9775, 38.9853], [-76.9838, 38.9884], [-76.9844, 38.9924], [-76.9798, 38.9921]]]}}, {"type": "Feature", "properties": {"fips": "24033806706", "gap_national": 8.6, "gap_stratum": 14.4, "burden": 55.0, "capacity": 49.5, "svi": 0.66, "top_decile_gap": 0.0, "stratum": "metropolitan", "scored": 1}, "geometry": {"type": "Polygon", "coordinates": [[[-76.9089, 38.9875], [-76.8955, 39.0029], [-76.8735, 38.9782], [-76.8915, 38.9725], [-76.9151, 38.9722], [-76.9089, 38.9875]]]}}, {"type": "Feature", "properties": {"fips": "24033807407", "gap_national": 18.9, "gap_stratum": 24.6, "burden": 55.9, "capacity": 42.6, "svi": 0.83, "top_decile_gap": 0.0, "stratum": "metropolitan", "scored": 1}, "geometry": {"type": "Polygon", "coordinates": [[[-76.9287, 39.0767], [-76.921, 39.0755], [-76.9194, 39.0805], [-76.9093, 39.0799], [-76.9011, 39.0833], [-76.9007, 39.0863], [-76.8972, 39.0854], [-76.9119, 39.0654], [-76.9268, 39.0579], [-76.9309, 39.0507], [-76.9377, 39.0471], [-76.9367, 39.0512], [-76.9463, 39.0524], [-76.9287, 39.0767]]]}}, {"type": "Feature", "properties": {"fips": "24033807304", "gap_national": 14.5, "gap_stratum": 19.9, "burden": 44.4, "capacity": 35.6, "svi": 0.55, "top_decile_gap": 0.0, "stratum": "metropolitan", "scored": 1}, "geometry": {"type": "Polygon", "coordinates": [[[-76.9621, 39.0312], [-76.9509, 39.0308], [-76.9523, 39.0277], [-76.9499, 39.0221], [-76.9717, 39.0186], [-76.9621, 39.0312]]]}}, {"type": "Feature", "properties": {"fips": "24033803509", "gap_national": 37.5, "gap_stratum": 44.5, "burden": 51.9, "capacity": 21.9, "svi": 0.92, "top_decile_gap": 0.0, "stratum": "metropolitan", "scored": 1}, "geometry": {"type": "Polygon", "coordinates": [[[-76.8808, 38.9434], [-76.88, 38.9415], [-76.8853, 38.9369], [-76.8721, 38.9369], [-76.8676, 38.9322], [-76.8743, 38.9263], [-76.8884, 38.9267], [-76.8976, 38.9305], [-76.8808, 38.9434]]]}}, {"type": "Feature", "properties": {"fips": "24033804300", "gap_national": 33.6, "gap_stratum": 39.2, "burden": 61.0, "capacity": 35.8, "svi": 0.85, "top_decile_gap": 0.0, "stratum": "metropolitan", "scored": 1}, "geometry": {"type": "Polygon", "coordinates": [[[-76.9385, 38.9228], [-76.9386, 38.933], [-76.9281, 38.9393], [-76.9144, 38.9392], [-76.9295, 38.9255], [-76.9238, 38.9189], [-76.9247, 38.9132], [-76.9317, 38.9106], [-76.9419, 38.9186], [-76.9385, 38.9228]]]}}, {"type": "Feature", "properties": {"fips": "24033801302", "gap_national": -29.6, "gap_stratum": -21.1, "burden": 51.8, "capacity": 73.2, "svi": 0.06, "top_decile_gap": 0.0, "stratum": "metropolitan", "scored": 1}, "geometry": {"type": "Polygon", "coordinates": [[[-77.0595, 38.7019], [-77.0434, 38.7036], [-77.0291, 38.6981], [-76.9937, 38.6972], [-76.9908, 38.6954], [-76.9866, 38.6987], [-76.9882, 38.6932], [-76.9951, 38.6853], [-77.0429, 38.6438], [-77.0557, 38.6355], [-77.0786, 38.6941], [-77.0595, 38.7019]]]}}, {"type": "Feature", "properties": {"fips": "24033802203", "gap_national": 13.5, "gap_stratum": 17.4, "burden": 76.8, "capacity": 62.9, "svi": 0.9, "top_decile_gap": 0.0, "stratum": "metropolitan", "scored": 1}, "geometry": {"type": "Polygon", "coordinates": [[[-76.8811, 38.854], [-76.8778, 38.8579], [-76.8811, 38.86], [-76.8744, 38.8621], [-76.8529, 38.8571], [-76.867, 38.8398], [-76.8742, 38.841], [-76.874, 38.8446], [-76.8897, 38.8512], [-76.8811, 38.854]]]}}, {"type": "Feature", "properties": {"fips": "24033802803", "gap_national": 23.2, "gap_stratum": 27.2, "burden": 70.4, "capacity": 51.8, "svi": 0.78, "top_decile_gap": 0.0, "stratum": "metropolitan", "scored": 1}, "geometry": {"type": "Polygon", "coordinates": [[[-76.9099, 38.8852], [-76.8981, 38.8869], [-76.8925, 38.8661], [-76.9009, 38.8625], [-76.9058, 38.8653], [-76.9149, 38.8642], [-76.9203, 38.87], [-76.9099, 38.8852]]]}}, {"type": "Feature", "properties": {"fips": "24033801212", "gap_national": -4.0, "gap_stratum": 2.6, "burden": 68.5, "capacity": 68.6, "svi": 0.31, "top_decile_gap": 0.0, "stratum": "metropolitan", "scored": 1}, "geometry": {"type": "Polygon", "coordinates": [[[-76.9274, 38.7936], [-76.9168, 38.794], [-76.9058, 38.805], [-76.9016, 38.7989], [-76.9048, 38.7907], [-76.9221, 38.7846], [-76.9239, 38.7809], [-76.9256, 38.7873], [-76.9321, 38.7871], [-76.9358, 38.7902], [-76.9274, 38.7936]]]}}, {"type": "Feature", "properties": {"fips": "24033801215", "gap_national": -21.9, "gap_stratum": -13.9, "burden": 52.6, "capacity": 68.0, "svi": 0.16, "top_decile_gap": 0.0, "stratum": "metropolitan", "scored": 1}, "geometry": {"type": "Polygon", "coordinates": [[[-76.8433, 38.7854], [-76.8376, 38.777], [-76.8411, 38.7736], [-76.8432, 38.7637], [-76.8418, 38.7546], [-76.846, 38.7464], [-76.8624, 38.7564], [-76.8674, 38.7759], [-76.8433, 38.7854]]]}}, {"type": "Feature", "properties": {"fips": "24033801500", "gap_national": 24.5, "gap_stratum": 28.9, "burden": 68.5, "capacity": 49.4, "svi": 0.56, "top_decile_gap": 0.0, "stratum": "metropolitan", "scored": 1}, "geometry": {"type": "Polygon", "coordinates": [[[-77.0015, 38.8214], [-76.9987, 38.8154], [-76.991, 38.8089], [-76.9905, 38.8064], [-77.015, 38.7955], [-77.0376, 38.7928], [-77.0015, 38.8214]]]}}, {"type": "Feature", "properties": {"fips": "24033800409", "gap_national": -44.3, "gap_stratum": -36.6, "burden": 40.9, "capacity": 74.9, "svi": 0.19, "top_decile_gap": 0.0, "stratum": "metropolitan", "scored": 1}, "geometry": {"type": "Polygon", "coordinates": [[[-76.7919, 38.995], [-76.7879, 38.9903], [-76.7799, 38.9911], [-76.7633, 38.9992], [-76.7613, 39.0034], [-76.7555, 38.9709], [-76.7586, 38.9695], [-76.7777, 38.973], [-76.7853, 38.9717], [-76.797, 38.9883], [-76.7989, 38.9945], [-76.7919, 38.995]]]}}, {"type": "Feature", "properties": {"fips": "24033807305", "gap_national": 57.2, "gap_stratum": 63.3, "burden": 66.6, "capacity": 19.2, "svi": 0.86, "top_decile_gap": 1.0, "stratum": "metropolitan", "scored": 1}, "geometry": {"type": "Polygon", "coordinates": [[[-76.9717, 39.0186], [-76.9499, 39.0221], [-76.9575, 39.0031], [-76.9654, 39.0024], [-76.9773, 39.0109], [-76.9717, 39.0186]]]}}, {"type": "Feature", "properties": {"fips": "24033806000", "gap_national": 33.3, "gap_stratum": 39.9, "burden": 40.9, "capacity": 12.5, "svi": 0.67, "top_decile_gap": 0.0, "stratum": "metropolitan", "scored": 1}, "geometry": {"type": "Polygon", "coordinates": [[[-76.9687, 38.9679], [-76.9485, 38.9664], [-76.9623, 38.9559], [-76.966, 38.9557], [-76.9712, 38.9651], [-76.9687, 38.9679]]]}}, {"type": "Feature", "properties": {"fips": "24033804802", "gap_national": 37.2, "gap_stratum": 44.3, "burden": 47.4, "capacity": 16.6, "svi": 0.88, "top_decile_gap": 0.0, "stratum": "metropolitan", "scored": 1}, "geometry": {"type": "Polygon", "coordinates": [[[-76.9628, 38.954], [-76.9579, 38.9488], [-76.9655, 38.9474], [-76.9676, 38.9495], [-76.9628, 38.954]]]}}, {"type": "Feature", "properties": {"fips": "24033802901", "gap_national": 32.5, "gap_stratum": 34.7, "burden": 78.0, "capacity": 51.2, "svi": 0.81, "top_decile_gap": 0.0, "stratum": "metropolitan", "scored": 1}, "geometry": {"type": "Polygon", "coordinates": [[[-76.9107, 38.8996], [-76.8989, 38.9032], [-76.8994, 38.8957], [-76.8954, 38.8933], [-76.8927, 38.8875], [-76.902, 38.887], [-76.9128, 38.8902], [-76.9094, 38.8928], [-76.9127, 38.8959], [-76.9107, 38.8996]]]}}, {"type": "Feature", "properties": {"fips": "24033802600", "gap_national": 28.3, "gap_stratum": 32.3, "burden": 69.7, "capacity": 47.7, "svi": 0.73, "top_decile_gap": 0.0, "stratum": "metropolitan", "scored": 1}, "geometry": {"type": "Polygon", "coordinates": [[[-76.9233, 38.8817], [-76.9173, 38.8772], [-76.9203, 38.87], [-76.9337, 38.8738], [-76.9233, 38.8817]]]}}, {"type": "Feature", "properties": {"fips": "24033803605", "gap_national": 38.8, "gap_stratum": 45.1, "burden": 58.4, "capacity": 28.4, "svi": 0.77, "top_decile_gap": 0.0, "stratum": "metropolitan", "scored": 1}, "geometry": {"type": "Polygon", "coordinates": [[[-76.8991, 38.9725], [-76.8915, 38.9725], [-76.8735, 38.9782], [-76.8691, 38.9714], [-76.866, 38.9597], [-76.8692, 38.9579], [-76.8714, 38.964], [-76.8783, 38.9664], [-76.8896, 38.9675], [-76.9031, 38.9614], [-76.9055, 38.9612], [-76.8991, 38.9725]]]}}, {"type": "Feature", "properties": {"fips": "24033800408", "gap_national": -28.1, "gap_stratum": -20.4, "burden": 48.1, "capacity": 68.8, "svi": 0.36, "top_decile_gap": 0.0, "stratum": "metropolitan", "scored": 1}, "geometry": {"type": "Polygon", "coordinates": [[[-76.8007, 38.9955], [-76.7853, 38.9717], [-76.7977, 38.9611], [-76.8061, 38.9573], [-76.8205, 38.9563], [-76.8268, 38.9675], [-76.8245, 38.9726], [-76.8387, 38.9756], [-76.8007, 38.9955]]]}}, {"type": "Feature", "properties": {"fips": "24003731309", "gap_national": -17.4, "gap_stratum": -12.5, "burden": 39.5, "capacity": 55.0, "svi": 0.32, "top_decile_gap": 0.0, "stratum": "metropolitan", "scored": 1}, "geometry": {"type": "Polygon", "coordinates": [[[-76.5248, 39.163], [-76.5162, 39.1572], [-76.5148, 39.1599], [-76.5066, 39.1573], [-76.5009, 39.1591], [-76.5048, 39.1541], [-76.5112, 39.1524], [-76.5235, 39.1386], [-76.5265, 39.1409], [-76.5251, 39.1446], [-76.53, 39.1461], [-76.5289, 39.1499], [-76.5316, 39.1572], [-76.5248, 39.163]]]}}, {"type": "Feature", "properties": {"fips": "24003706402", "gap_national": -47.8, "gap_stratum": -42.1, "burden": 32.6, "capacity": 70.0, "svi": 0.51, "top_decile_gap": 0.0, "stratum": "metropolitan", "scored": 1}, "geometry": {"type": "Polygon", "coordinates": [[[-76.5019, 38.9696], [-76.4938, 38.9727], [-76.4884, 38.9709], [-76.4911, 38.9598], [-76.499, 38.9615], [-76.5036, 38.9665], [-76.5019, 38.9696]]]}}, {"type": "Feature", "properties": {"fips": "24003751102", "gap_national": -9.9, "gap_stratum": -2.7, "burden": 56.0, "capacity": 62.6, "svi": 0.56, "top_decile_gap": 0.0, "stratum": "metropolitan", "scored": 1}, "geometry": {"type": "Polygon", "coordinates": [[[-76.5841, 39.2079], [-76.5803, 39.2066], [-76.5735, 39.1935], [-76.5766, 39.1869], [-76.5845, 39.1864], [-76.5958, 39.1804], [-76.6009, 39.1716], [-76.6049, 39.1697], [-76.6062, 39.1774], [-76.6135, 39.1817], [-76.6145, 39.2063], [-76.5841, 39.2079]]]}}, {"type": "Feature", "properties": {"fips": "24003730204", "gap_national": -9.5, "gap_stratum": -2.8, "burden": 52.4, "capacity": 59.5, "svi": 0.24, "top_decile_gap": 0.0, "stratum": "metropolitan", "scored": 1}, "geometry": {"type": "Polygon", "coordinates": [[[-76.5905, 39.1559], [-76.5848, 39.159], [-76.5787, 39.1532], [-76.5739, 39.1568], [-76.569, 39.1552], [-76.5692, 39.1452], [-76.5646, 39.1384], [-76.5632, 39.1313], [-76.5845, 39.1341], [-76.5905, 39.144], [-76.5885, 39.1458], [-76.5921, 39.1516], [-76.59, 39.1524], [-76.5905, 39.1559]]]}}, {"type": "Feature", "properties": {"fips": "24003740103", "gap_national": -46.1, "gap_stratum": -40.3, "burden": 33.1, "capacity": 69.2, "svi": 0.21, "top_decile_gap": 0.0, "stratum": "metropolitan", "scored": 1}, "geometry": {"type": "Polygon", "coordinates": [[[-76.7134, 39.1592], [-76.6973, 39.1585], [-76.6975, 39.1373], [-76.7131, 39.135], [-76.7261, 39.141], [-76.7322, 39.1286], [-76.7383, 39.1305], [-76.7134, 39.1592]]]}}, {"type": "Feature", "properties": {"fips": "24003750102", "gap_national": 24.2, "gap_stratum": 30.3, "burden": 50.3, "capacity": 33.1, "svi": 0.34, "top_decile_gap": 0.0, "stratum": "metropolitan", "scored": 1}, "geometry": {"type": "Polygon", "coordinates": [[[-76.6186, 39.2374], [-76.6117, 39.2344], [-76.6133, 39.2293], [-76.6196, 39.2296], [-76.6249, 39.2244], [-76.6245, 39.2293], [-76.6269, 39.2285], [-76.6186, 39.2374]]]}}, {"type": "Feature", "properties": {"fips": "24003751103", "gap_national": -2.0, "gap_stratum": 3.9, "burden": 51.4, "capacity": 53.8, "svi": 0.34, "top_decile_gap": 0.0, "stratum": "metropolitan", "scored": 1}, "geometry": {"type": "Polygon", "coordinates": [[[-76.6009, 39.1716], [-76.5958, 39.1804], [-76.5845, 39.1864], [-76.5766, 39.1869], [-76.5868, 39.1677], [-76.5988, 39.1551], [-76.6029, 39.1599], [-76.6049, 39.1697], [-76.6009, 39.1716]]]}}, {"type": "Feature", "properties": {"fips": "24003750804", "gap_national": -6.5, "gap_stratum": -0.1, "burden": 52.6, "capacity": 57.8, "svi": 0.5, "top_decile_gap": 0.0, "stratum": "metropolitan", "scored": 1}, "geometry": {"type": "Polygon", "coordinates": [[[-76.6327, 39.1851], [-76.6246, 39.1866], [-76.6288, 39.1951], [-76.6233, 39.1922], [-76.617, 39.1936], [-76.6169, 39.1993], [-76.6135, 39.1983], [-76.6131, 39.183], [-76.6212, 39.1801], [-76.6235, 39.1733], [-76.6314, 39.1703], [-76.6364, 39.1762], [-76.6327, 39.1851]]]}}, {"type": "Feature", "properties": {"fips": "24003750900", "gap_national": -4.8, "gap_stratum": 1.1, "burden": 49.4, "capacity": 54.1, "svi": 0.56, "top_decile_gap": 0.0, "stratum": "metropolitan", "scored": 1}, "geometry": {"type": "Polygon", "coordinates": [[[-76.6297, 39.1697], [-76.6235, 39.1733], [-76.6212, 39.1801], [-76.6129, 39.1829], [-76.6222, 39.1663], [-76.6186, 39.1582], [-76.629, 39.1578], [-76.6336, 39.1614], [-76.6424, 39.1597], [-76.6464, 39.1648], [-76.6297, 39.1697]]]}}, {"type": "Feature", "properties": {"fips": "24003731307", "gap_national": -26.6, "gap_stratum": -23.4, "burden": 30.5, "capacity": 54.0, "svi": 0.16, "top_decile_gap": 0.0, "stratum": "metropolitan", "scored": 1}, "geometry": {"type": "Polygon", "coordinates": [[[-76.5265, 39.1409], [-76.516, 39.1326], [-76.5082, 39.134], [-76.4972, 39.1269], [-76.4791, 39.1245], [-76.4813, 39.1193], [-76.4849, 39.1175], [-76.5013, 39.1138], [-76.5134, 39.1218], [-76.5348, 39.126], [-76.535, 39.1324], [-76.5265, 39.1409]]]}}, {"type": "Feature", "properties": {"fips": "24003731004", "gap_national": -53.6, "gap_stratum": -49.9, "burden": 24.1, "capacity": 67.1, "svi": 0.33, "top_decile_gap": 0.0, "stratum": "metropolitan", "scored": 1}, "geometry": {"type": "Polygon", "coordinates": [[[-76.4635, 39.041], [-76.4638, 39.0453], [-76.461, 39.048], [-76.4514, 39.0527], [-76.4455, 39.0473], [-76.4469, 39.044], [-76.4438, 39.044], [-76.4445, 39.0396], [-76.4558, 39.0415], [-76.4567, 39.036], [-76.4673, 39.0362], [-76.4635, 39.041]]]}}, {"type": "Feature", "properties": {"fips": "24005450100", "gap_national": 24.8, "gap_stratum": 27.5, "burden": 77.6, "capacity": 56.1, "svi": 0.72, "top_decile_gap": 0.0, "stratum": "metropolitan", "scored": 1}, "geometry": {"type": "Polygon", "coordinates": [[[-76.4919, 39.336], [-76.488, 39.3324], [-76.4828, 39.3364], [-76.474, 39.3302], [-76.4754, 39.3257], [-76.4856, 39.3196], [-76.4887, 39.3122], [-76.4872, 39.3111], [-76.4926, 39.303], [-76.5008, 39.3047], [-76.5014, 39.3079], [-76.5298, 39.2991], [-76.5298, 39.3104], [-76.4919, 39.336]]]}}, {"type": "Feature", "properties": {"fips": "24005451801", "gap_national": 30.6, "gap_stratum": 32.9, "burden": 77.8, "capacity": 52.3, "svi": 0.81, "top_decile_gap": 0.0, "stratum": "metropolitan", "scored": 1}, "geometry": {"type": "Polygon", "coordinates": [[[-76.3686, 39.3624], [-76.3537, 39.3804], [-76.3501, 39.3752], [-76.3378, 39.3733], [-76.34, 39.3686], [-76.3394, 39.3622], [-76.345, 39.3577], [-76.3306, 39.3354], [-76.3339, 39.3339], [-76.3369, 39.3388], [-76.345, 39.3403], [-76.3566, 39.3334], [-76.3696, 39.3334], [-76.3742, 39.3373], [-76.3756, 39.3362], [-76.3743, 39.3397], [-76.3847, 39.3419], [-76.3865, 39.3473], [-76.3686, 39.3624]]]}}, {"type": "Feature", "properties": {"fips": "24005440400", "gap_national": -14.0, "gap_stratum": -7.1, "burden": 51.2, "capacity": 61.6, "svi": 0.58, "top_decile_gap": 0.0, "stratum": "metropolitan", "scored": 1}, "geometry": {"type": "Polygon", "coordinates": [[[-76.5298, 39.3556], [-76.5229, 39.3616], [-76.5178, 39.3588], [-76.5182, 39.3565], [-76.5124, 39.3545], [-76.5154, 39.3507], [-76.5149, 39.3417], [-76.5248, 39.341], [-76.5297, 39.3361], [-76.5298, 39.3556]]]}}, {"type": "Feature", "properties": {"fips": "24005421200", "gap_national": 36.1, "gap_stratum": 39.5, "burden": 72.6, "capacity": 44.5, "svi": 0.59, "top_decile_gap": 0.0, "stratum": "metropolitan", "scored": 1}, "geometry": {"type": "Polygon", "coordinates": [[[-76.5106, 39.2591], [-76.5027, 39.2546], [-76.5011, 39.2492], [-76.4985, 39.2512], [-76.4938, 39.248], [-76.4899, 39.2505], [-76.4886, 39.2491], [-76.4945, 39.24], [-76.4991, 39.2443], [-76.5079, 39.2453], [-76.5119, 39.2569], [-76.5106, 39.2591]]]}}, {"type": "Feature", "properties": {"fips": "24005441101", "gap_national": -17.7, "gap_stratum": -9.7, "burden": 57.5, "capacity": 69.1, "svi": 0.43, "top_decile_gap": 0.0, "stratum": "metropolitan", "scored": 1}, "geometry": {"type": "Polygon", "coordinates": [[[-76.514, 39.3415], [-76.4957, 39.3335], [-76.5147, 39.3208], [-76.51, 39.3283], [-76.514, 39.3415]]]}}, {"type": "Feature", "properties": {"fips": "24005404202", "gap_national": 24.4, "gap_stratum": 30.2, "burden": 39.1, "capacity": 20.1, "svi": 0.87, "top_decile_gap": 0.0, "stratum": "metropolitan", "scored": 1}, "geometry": {"type": "Polygon", "coordinates": [[[-76.7899, 39.4368], [-76.7833, 39.4432], [-76.7669, 39.4472], [-76.7682, 39.4416], [-76.7652, 39.4417], [-76.7625, 39.4376], [-76.7539, 39.4396], [-76.7518, 39.434], [-76.7659, 39.4306], [-76.7613, 39.4219], [-76.7721, 39.4138], [-76.7976, 39.4337], [-76.7899, 39.4368]]]}}, {"type": "Feature", "properties": {"fips": "24005451803", "gap_national": -10.0, "gap_stratum": -5.3, "burden": 40.2, "capacity": 50.5, "svi": 0.25, "top_decile_gap": 0.0, "stratum": "metropolitan", "scored": 1}, "geometry": {"type": "Polygon", "coordinates": [[[-76.39, 39.3343], [-76.3821, 39.3372], [-76.3807, 39.3398], [-76.3766, 39.3388], [-76.3769, 39.3354], [-76.3737, 39.3339], [-76.356, 39.3337], [-76.3573, 39.3297], [-76.3605, 39.3299], [-76.3624, 39.3204], [-76.3682, 39.3218], [-76.3752, 39.3196], [-76.3926, 39.3225], [-76.3976, 39.3375], [-76.39, 39.3343]]]}}, {"type": "Feature", "properties": {"fips": "24005411302", "gap_national": -48.7, "gap_stratum": -45.1, "burden": 25.2, "capacity": 64.6, "svi": 0.18, "top_decile_gap": 0.0, "stratum": "metropolitan", "scored": 1}, "geometry": {"type": "Polygon", "coordinates": [[[-76.4097, 39.4157], [-76.3916, 39.4113], [-76.3898, 39.4077], [-76.3919, 39.4041], [-76.3861, 39.4001], [-76.37, 39.4025], [-76.3611, 39.4003], [-76.3572, 39.3879], [-76.371, 39.3791], [-76.3934, 39.3793], [-76.3977, 39.3832], [-76.4126, 39.3856], [-76.4268, 39.3778], [-76.4359, 39.3647], [-76.4542, 39.3745], [-76.4097, 39.4157]]]}}, {"type": "Feature", "properties": {"fips": "24005408200", "gap_national": -72.9, "gap_stratum": -68.2, "burden": 25.9, "capacity": 87.3, "svi": 0.01, "top_decile_gap": 0.0, "stratum": "metropolitan", "scored": 1}, "geometry": {"type": "Polygon", "coordinates": [[[-76.7281, 39.5355], [-76.7272, 39.5339], [-76.7221, 39.5351], [-76.7194, 39.5404], [-76.7142, 39.5433], [-76.7168, 39.5486], [-76.7077, 39.556], [-76.7065, 39.5618], [-76.6892, 39.5657], [-76.6777, 39.5655], [-76.6704, 39.5623], [-76.666, 39.5635], [-76.6665, 39.5389], [-76.6608, 39.5262], [-76.6677, 39.5018], [-76.6675, 39.4951], [-76.6823, 39.4978], [-76.74, 39.4955], [-76.7426, 39.5045], [-76.7505, 39.5068], [-76.7549, 39.5227], [-76.7281, 39.5355]]]}}, {"type": "Feature", "properties": {"fips": "24005410200", "gap_national": -69.9, "gap_stratum": -64.7, "burden": 28.5, "capacity": 87.2, "svi": 0.01, "top_decile_gap": 0.0, "stratum": "metropolitan", "scored": 1}, "geometry": {"type": "Polygon", "coordinates": [[[-76.575, 39.4655], [-76.576, 39.4719], [-76.5671, 39.4904], [-76.5711, 39.5038], [-76.5619, 39.5104], [-76.5593, 39.521], [-76.5529, 39.5307], [-76.531, 39.5438], [-76.528, 39.5436], [-76.5259, 39.54], [-76.522, 39.5389], [-76.5225, 39.5367], [-76.519, 39.5367], [-76.5165, 39.5292], [-76.5131, 39.5292], [-76.5106, 39.5246], [-76.4975, 39.5246], [-76.5089, 39.5113], [-76.5027, 39.5078], [-76.5259, 39.4956], [-76.5229, 39.4898], [-76.5274, 39.4879], [-76.5288, 39.4834], [-76.5441, 39.471], [-76.5465, 39.4638], [-76.5573, 39.4493], [-76.5806, 39.4524], [-76.5807, 39.4628], [-76.575, 39.4655]]]}}, {"type": "Feature", "properties": {"fips": "24005441102", "gap_national": 2.1, "gap_stratum": 7.5, "burden": 73.7, "capacity": 68.5, "svi": 0.5, "top_decile_gap": 0.0, "stratum": "metropolitan", "scored": 1}, "geometry": {"type": "Polygon", "coordinates": [[[-76.5297, 39.3233], [-76.5142, 39.3401], [-76.51, 39.3283], [-76.5147, 39.3208], [-76.5298, 39.3104], [-76.5297, 39.3233]]]}}, {"type": "Feature", "properties": {"fips": "24005403802", "gap_national": -75.4, "gap_stratum": -70.7, "burden": 26.9, "capacity": 94.4, "svi": 0.02, "top_decile_gap": 0.0, "stratum": "metropolitan", "scored": 1}, "geometry": {"type": "Polygon", "coordinates": [[[-76.721, 39.4095], [-76.7027, 39.4144], [-76.6845, 39.4141], [-76.6786, 39.416], [-76.6677, 39.4143], [-76.6679, 39.4079], [-76.686, 39.3969], [-76.7126, 39.3909], [-76.7225, 39.3899], [-76.7285, 39.4046], [-76.721, 39.4095]]]}}, {"type": "Feature", "properties": {"fips": "24005408601", "gap_national": -63.5, "gap_stratum": -57.6, "burden": 30.4, "capacity": 81.7, "svi": 0.07, "top_decile_gap": 0.0, "stratum": "metropolitan", "scored": 1}, "geometry": {"type": "Polygon", "coordinates": [[[-76.6203, 39.4456], [-76.607, 39.4464], [-76.6047, 39.4321], [-76.6215, 39.4301], [-76.6264, 39.4409], [-76.6203, 39.4456]]]}}, {"type": "Feature", "properties": {"fips": "24005490900", "gap_national": -12.6, "gap_stratum": -5.0, "burden": 59.5, "capacity": 67.1, "svi": 0.62, "top_decile_gap": 0.0, "stratum": "metropolitan", "scored": 1}, "geometry": {"type": "Polygon", "coordinates": [[[-76.6014, 39.4061], [-76.5985, 39.4055], [-76.5884, 39.4016], [-76.582, 39.3894], [-76.5889, 39.3946], [-76.6039, 39.3953], [-76.6014, 39.4061]]]}}, {"type": "Feature", "properties": {"fips": "24005490603", "gap_national": -73.4, "gap_stratum": -68.9, "burden": 25.0, "capacity": 86.3, "svi": 0.37, "top_decile_gap": 0.0, "stratum": "metropolitan", "scored": 1}, "geometry": {"type": "Polygon", "coordinates": [[[-76.6245, 39.3864], [-76.6206, 39.3861], [-76.6206, 39.383], [-76.6171, 39.3862], [-76.6111, 39.3835], [-76.6229, 39.3795], [-76.6192, 39.3754], [-76.6196, 39.372], [-76.6262, 39.372], [-76.6275, 39.3825], [-76.6245, 39.3864]]]}}, {"type": "Feature", "properties": {"fips": "24005403702", "gap_national": -17.6, "gap_stratum": -10.7, "burden": 48.5, "capacity": 61.8, "svi": 0.39, "top_decile_gap": 0.0, "stratum": "metropolitan", "scored": 1}, "geometry": {"type": "Polygon", "coordinates": [[[-76.7786, 39.4115], [-76.7739, 39.415], [-76.7341, 39.3848], [-76.745, 39.3763], [-76.753, 39.376], [-76.7595, 39.3846], [-76.7654, 39.3878], [-76.7646, 39.3939], [-76.7675, 39.4004], [-76.7703, 39.4036], [-76.7789, 39.4058], [-76.7786, 39.4115]]]}}, {"type": "Feature", "properties": {"fips": "24005430700", "gap_national": -32.2, "gap_stratum": -31.5, "burden": 20.4, "capacity": 50.1, "svi": 0.3, "top_decile_gap": 0.0, "stratum": "metropolitan", "scored": 1}, "geometry": {"type": "Polygon", "coordinates": [[[-76.7084, 39.2461], [-76.691, 39.2482], [-76.6912, 39.2387], [-76.6986, 39.2379], [-76.7053, 39.232], [-76.7106, 39.2352], [-76.7137, 39.2418], [-76.7084, 39.2461]]]}}, {"type": "Feature", "properties": {"fips": "24005411408", "gap_national": -9.6, "gap_stratum": -2.4, "burden": 57.5, "capacity": 63.6, "svi": 0.72, "top_decile_gap": 0.0, "stratum": "metropolitan", "scored": 1}, "geometry": {"type": "Polygon", "coordinates": [[[-76.5044, 39.3955], [-76.4928, 39.3947], [-76.4802, 39.3988], [-76.499, 39.3834], [-76.5076, 39.3896], [-76.5044, 39.3955]]]}}, {"type": "Feature", "properties": {"fips": "24005492300", "gap_national": 1.0, "gap_stratum": 5.8, "burden": 41.6, "capacity": 43.7, "svi": 0.33, "top_decile_gap": 0.0, "stratum": "metropolitan", "scored": 1}, "geometry": {"type": "Polygon", "coordinates": [[[-76.4541, 39.3285], [-76.4378, 39.3316], [-76.4548, 39.3201], [-76.4627, 39.3268], [-76.4705, 39.3289], [-76.4541, 39.3285]]]}}, {"type": "Feature", "properties": {"fips": "24005441000", "gap_national": -12.1, "gap_stratum": -4.6, "burden": 57.8, "capacity": 65.4, "svi": 0.58, "top_decile_gap": 0.0, "stratum": "metropolitan", "scored": 1}, "geometry": {"type": "Polygon", "coordinates": [[[-76.5248, 39.341], [-76.514, 39.3415], [-76.5297, 39.3233], [-76.5297, 39.3361], [-76.5248, 39.341]]]}}, {"type": "Feature", "properties": {"fips": "24005451500", "gap_national": 66.2, "gap_stratum": 66.8, "burden": 85.9, "capacity": 30.9, "svi": 0.83, "top_decile_gap": 1.0, "stratum": "metropolitan", "scored": 1}, "geometry": {"type": "Polygon", "coordinates": [[[-76.4394, 39.3301], [-76.4293, 39.3234], [-76.4233, 39.315], [-76.4317, 39.3148], [-76.4389, 39.3201], [-76.443, 39.3273], [-76.4394, 39.3301]]]}}, {"type": "Feature", "properties": {"fips": "24005452500", "gap_national": 44.7, "gap_stratum": 48.4, "burden": 72.3, "capacity": 37.4, "svi": 0.57, "top_decile_gap": 0.0, "stratum": "metropolitan", "scored": 1}, "geometry": {"type": "Polygon", "coordinates": [[[-76.4792, 39.2768], [-76.474, 39.2748], [-76.4618, 39.2565], [-76.4775, 39.2611], [-76.4806, 39.2728], [-76.4792, 39.2768]]]}}, {"type": "Feature", "properties": {"fips": "24005420303", "gap_national": 25.7, "gap_stratum": 29.1, "burden": 73.6, "capacity": 52.5, "svi": 0.19, "top_decile_gap": 0.0, "stratum": "metropolitan", "scored": 1}, "geometry": {"type": "Polygon", "coordinates": [[[-76.4941, 39.2732], [-76.4947, 39.2701], [-76.4787, 39.2654], [-76.4775, 39.2611], [-76.503, 39.2706], [-76.4941, 39.2732]]]}}, {"type": "Feature", "properties": {"fips": "24005401507", "gap_national": 14.4, "gap_stratum": 20.0, "burden": 50.4, "capacity": 41.2, "svi": 0.83, "top_decile_gap": 0.0, "stratum": "metropolitan", "scored": 1}, "geometry": {"type": "Polygon", "coordinates": [[[-76.7665, 39.3126], [-76.7689, 39.3161], [-76.7601, 39.3143], [-76.7571, 39.3182], [-76.7584, 39.3205], [-76.7448, 39.3219], [-76.744, 39.306], [-76.7566, 39.308], [-76.7705, 39.307], [-76.7665, 39.3126]]]}}, {"type": "Feature", "properties": {"fips": "24005430104", "gap_national": 33.8, "gap_stratum": 39.0, "burden": 63.6, "capacity": 38.0, "svi": 0.31, "top_decile_gap": 0.0, "stratum": "metropolitan", "scored": 1}, "geometry": {"type": "Polygon", "coordinates": [[[-76.6403, 39.247], [-76.6299, 39.2423], [-76.6399, 39.2244], [-76.642, 39.232], [-76.6403, 39.247]]]}}, {"type": "Feature", "properties": {"fips": "24005420500", "gap_national": 31.6, "gap_stratum": 38.0, "burden": 55.3, "capacity": 31.6, "svi": 0.47, "top_decile_gap": 0.0, "stratum": "metropolitan", "scored": 1}, "geometry": {"type": "Polygon", "coordinates": [[[-76.5295, 39.2971], [-76.5198, 39.2929], [-76.5263, 39.2894], [-76.5248, 39.2865], [-76.5219, 39.2866], [-76.5218, 39.2829], [-76.5298, 39.2815], [-76.5295, 39.2971]]]}}, {"type": "Feature", "properties": {"fips": "24005403801", "gap_national": -65.8, "gap_stratum": -59.5, "burden": 35.2, "capacity": 94.4, "svi": 0.02, "top_decile_gap": 0.0, "stratum": "metropolitan", "scored": 1}, "geometry": {"type": "Polygon", "coordinates": [[[-76.723, 39.4485], [-76.7208, 39.4478], [-76.7108, 39.4372], [-76.695, 39.4298], [-76.6909, 39.4254], [-76.6704, 39.4207], [-76.6677, 39.4143], [-76.6786, 39.416], [-76.6845, 39.4141], [-76.7027, 39.4144], [-76.7256, 39.4074], [-76.7285, 39.4023], [-76.7301, 39.4132], [-76.7281, 39.4333], [-76.7331, 39.4379], [-76.723, 39.4485]]]}}, {"type": "Feature", "properties": {"fips": "24005411410", "gap_national": -17.4, "gap_stratum": -9.8, "burden": 52.9, "capacity": 65.2, "svi": 0.25, "top_decile_gap": 0.0, "stratum": "metropolitan", "scored": 1}, "geometry": {"type": "Polygon", "coordinates": [[[-76.4944, 39.4103], [-76.4854, 39.4073], [-76.4848, 39.4106], [-76.479, 39.411], [-76.4772, 39.4075], [-76.4821, 39.3986], [-76.4928, 39.3947], [-76.4985, 39.3959], [-76.4944, 39.4103]]]}}, {"type": "Feature", "properties": {"fips": "24005402403", "gap_national": -5.9, "gap_stratum": -2.4, "burden": 83.4, "capacity": 85.0, "svi": 0.53, "top_decile_gap": 0.0, "stratum": "metropolitan", "scored": 1}, "geometry": {"type": "Polygon", "coordinates": [[[-76.726, 39.3277], [-76.7251, 39.3345], [-76.7273, 39.3426], [-76.711, 39.3363], [-76.7132, 39.3249], [-76.7177, 39.3263], [-76.7267, 39.3237], [-76.7283, 39.3271], [-76.726, 39.3277]]]}}, {"type": "Feature", "properties": {"fips": "24009860200", "gap_national": -58.2, "gap_stratum": -51.4, "burden": 35.1, "capacity": 81.9, "svi": 0.04, "top_decile_gap": 0.0, "stratum": "metropolitan", "scored": 1}, "geometry": {"type": "Polygon", "coordinates": [[[-76.6905, 38.6737], [-76.6874, 38.6787], [-76.6871, 38.6814], [-76.6919, 38.6838], [-76.6893, 38.6889], [-76.6841, 38.6888], [-76.6882, 38.6901], [-76.6882, 38.6923], [-76.6832, 38.6928], [-76.6813, 38.6903], [-76.6787, 38.6958], [-76.6743, 38.6942], [-76.6717, 38.6996], [-76.6695, 38.6979], [-76.6693, 38.7024], [-76.6534, 38.7054], [-76.6446, 38.7164], [-76.6367, 38.7168], [-76.6331, 38.7218], [-76.6229, 38.7267], [-76.6159, 38.7208], [-76.6046, 38.7211], [-76.608, 38.7111], [-76.607, 38.6988], [-76.5958, 38.6776], [-76.5975, 38.672], [-76.6071, 38.6604], [-76.6171, 38.6691], [-76.6302, 38.6661], [-76.6438, 38.6592], [-76.6483, 38.6509], [-76.6555, 38.6522], [-76.6611, 38.6493], [-76.6659, 38.6418], [-76.6725, 38.6403], [-76.6726, 38.6381], [-76.6813, 38.6382], [-76.6818, 38.6341], [-76.6866, 38.6305], [-76.6929, 38.6364], [-76.6921, 38.6466], [-76.6851, 38.6548], [-76.6833, 38.6612], [-76.6874, 38.6638], [-76.6972, 38.6647], [-76.7007, 38.6701], [-76.6905, 38.6737]]]}}, {"type": "Feature", "properties": {"fips": "24035810200", "gap_national": 15.7, "gap_stratum": -4.9, "burden": 63.1, "capacity": 51.1, "svi": 0.57, "top_decile_gap": 0.0, "stratum": "rural", "scored": 1}, "geometry": {"type": "Polygon", "coordinates": [[[-75.9159, 39.1489], [-75.913, 39.1531], [-75.9043, 39.1526], [-75.9073, 39.1713], [-75.9045, 39.1798], [-75.8924, 39.1843], [-75.8937, 39.1917], [-75.8992, 39.1981], [-75.898, 39.2002], [-75.8773, 39.2039], [-75.8631, 39.2027], [-75.8634, 39.2116], [-75.8698, 39.2265], [-75.8562, 39.2315], [-75.8392, 39.2305], [-75.8355, 39.2333], [-75.826, 39.2252], [-75.8213, 39.2375], [-75.817, 39.2393], [-75.8201, 39.2462], [-75.7968, 39.2413], [-75.7942, 39.2437], [-75.7752, 39.247], [-75.756, 39.2461], [-75.7477, 39.1433], [-75.7579, 39.1384], [-75.7911, 39.1328], [-75.8023, 39.1246], [-75.8349, 39.1083], [-75.8433, 39.0905], [-75.8479, 39.087], [-75.8471, 39.0748], [-75.8528, 39.0679], [-75.8638, 39.0745], [-75.8835, 39.0759], [-75.8889, 39.084], [-75.8773, 39.0923], [-75.8984, 39.107], [-75.9185, 39.1174], [-75.9159, 39.1489]]]}}, {"type": "Feature", "properties": {"fips": "24035810400", "gap_national": -34.6, "gap_stratum": -54.4, "burden": 35.4, "capacity": 63.1, "svi": 0.11, "top_decile_gap": 0.0, "stratum": "rural", "scored": 1}, "geometry": {"type": "Polygon", "coordinates": [[[-76.1644, 39.0635], [-76.159, 39.0655], [-76.1431, 39.0879], [-76.1452, 39.0928], [-76.1482, 39.0933], [-76.1474, 39.0997], [-76.1171, 39.1071], [-76.0928, 39.1277], [-76.0732, 39.136], [-76.0728, 39.1393], [-76.0813, 39.1467], [-76.0786, 39.1511], [-76.0468, 39.1632], [-76.0368, 39.1576], [-76.0414, 39.1499], [-76.0467, 39.1477], [-76.046, 39.1451], [-76.0498, 39.142], [-76.0458, 39.1393], [-76.0531, 39.1297], [-76.0433, 39.124], [-76.0427, 39.1192], [-76.0393, 39.1172], [-76.0407, 39.115], [-76.0268, 39.107], [-76.0187, 39.1066], [-76.0122, 39.1017], [-76.0033, 39.1016], [-75.9999, 39.0989], [-75.9815, 39.0951], [-75.9761, 39.097], [-75.9789, 39.0916], [-75.9779, 39.0824], [-75.9817, 39.0777], [-75.995, 39.0767], [-76.0088, 39.069], [-76.0099, 39.0623], [-76.0182, 39.0489], [-76.0168, 39.0453], [-76.008, 39.0469], [-76.0263, 39.0275], [-76.0527, 39.0339], [-76.0588, 39.0408], [-76.0664, 39.0448], [-76.0722, 39.0404], [-76.0768, 39.032], [-76.0763, 39.0147], [-76.0989, 39.013], [-76.1157, 39.0212], [-76.1362, 39.0196], [-76.14, 39.0268], [-76.1384, 39.0298], [-76.1397, 39.0376], [-76.1651, 39.0533], [-76.1644, 39.0635]]]}}, {"type": "Feature", "properties": {"fips": "24001000600", "gap_national": -4.5, "gap_stratum": -25.7, "burden": 71.5, "capacity": 71.7, "svi": 0.45, "top_decile_gap": 0.0, "stratum": "micropolitan", "scored": 1}, "geometry": {"type": "Polygon", "coordinates": [[[-78.7582, 39.6482], [-78.7528, 39.6446], [-78.741, 39.6463], [-78.7349, 39.644], [-78.7327, 39.6367], [-78.7174, 39.6362], [-78.7216, 39.6349], [-78.7288, 39.6263], [-78.7363, 39.6254], [-78.7418, 39.6284], [-78.745, 39.6352], [-78.7527, 39.6388], [-78.76, 39.6387], [-78.7632, 39.6425], [-78.7582, 39.6482]]]}}, {"type": "Feature", "properties": {"fips": "24001001700", "gap_national": 14.8, "gap_stratum": 0.1, "burden": 76.3, "capacity": 61.7, "svi": 0.65, "top_decile_gap": 0.0, "stratum": "micropolitan", "scored": 1}, "geometry": {"type": "Polygon", "coordinates": [[[-78.9291, 39.6394], [-78.9297, 39.6485], [-78.9237, 39.6553], [-78.9256, 39.656], [-78.9183, 39.6599], [-78.9157, 39.6659], [-78.8978, 39.6701], [-78.8887, 39.6776], [-78.8816, 39.6785], [-78.8843, 39.6878], [-78.8799, 39.6908], [-78.8704, 39.6939], [-78.866, 39.6906], [-78.8597, 39.6923], [-78.8578, 39.6909], [-78.8588, 39.6844], [-78.8562, 39.6824], [-78.8445, 39.6968], [-78.8347, 39.699], [-78.8256, 39.6955], [-78.8425, 39.6675], [-78.8531, 39.6575], [-78.8617, 39.6425], [-78.874, 39.6441], [-78.8768, 39.6409], [-78.8938, 39.6392], [-78.9148, 39.6323], [-78.9337, 39.6335], [-78.9291, 39.6394]]]}}, {"type": "Feature", "properties": {"fips": "24001001200", "gap_national": -51.5, "gap_stratum": -82.5, "burden": 43.9, "capacity": 86.3, "svi": 0.12, "top_decile_gap": 0.0, "stratum": "micropolitan", "scored": 1}, "geometry": {"type": "Polygon", "coordinates": [[[-78.7897, 39.6702], [-78.7824, 39.6675], [-78.78, 39.6615], [-78.7701, 39.656], [-78.7698, 39.6536], [-78.7809, 39.6537], [-78.784, 39.6492], [-78.7771, 39.6513], [-78.7735, 39.6506], [-78.7753, 39.6486], [-78.768, 39.6478], [-78.7752, 39.6457], [-78.7813, 39.6368], [-78.7971, 39.6379], [-78.788, 39.6454], [-78.8011, 39.6404], [-78.8115, 39.6409], [-78.8131, 39.644], [-78.7897, 39.6702]]]}}, {"type": "Feature", "properties": {"fips": "24001002200", "gap_national": 16.4, "gap_stratum": 8.4, "burden": 84.8, "capacity": 66.4, "svi": 0.52, "top_decile_gap": 0.0, "stratum": "micropolitan", "scored": 1}, "geometry": {"type": "Polygon", "coordinates": [[[-79.0417, 39.5247], [-79.0296, 39.5186], [-79.0236, 39.5117], [-79.0183, 39.5231], [-79.0141, 39.5203], [-79.0156, 39.5159], [-79.0091, 39.5114], [-78.9884, 39.5049], [-78.9829, 39.5061], [-78.974, 39.5148], [-78.963, 39.5144], [-78.9624, 39.5094], [-78.9519, 39.5199], [-78.9277, 39.5059], [-78.9331, 39.5018], [-78.9418, 39.4874], [-78.9402, 39.4826], [-78.9426, 39.4796], [-78.9389, 39.4741], [-78.9409, 39.4705], [-78.9466, 39.4661], [-78.9592, 39.4619], [-78.9543, 39.4547], [-78.96, 39.4516], [-78.956, 39.4479], [-78.9555, 39.4423], [-78.9655, 39.4385], [-78.9788, 39.4487], [-79.0101, 39.461], [-79.0171, 39.467], [-79.0303, 39.4654], [-79.0339, 39.4678], [-79.0369, 39.4768], [-79.0444, 39.4798], [-79.047, 39.4834], [-79.0524, 39.4823], [-79.0554, 39.4715], [-79.0581, 39.4708], [-79.0608, 39.4717], [-79.0642, 39.4784], [-79.0675, 39.4794], [-79.0417, 39.5247]]]}}, {"type": "Feature", "properties": {"fips": "24031701307", "gap_national": -71.6, "gap_stratum": -69.9, "burden": 12.6, "capacity": 71.2, "svi": 0.28, "top_decile_gap": 0.0, "stratum": "metropolitan", "scored": 1}, "geometry": {"type": "Polygon", "coordinates": [[[-77.1395, 39.1523], [-77.131, 39.1546], [-77.1296, 39.1583], [-77.1179, 39.1659], [-77.1183, 39.1765], [-77.1123, 39.1839], [-77.1008, 39.1849], [-77.1005, 39.1769], [-77.0976, 39.1735], [-77.0849, 39.1663], [-77.0918, 39.165], [-77.0973, 39.1561], [-77.1045, 39.1575], [-77.1057, 39.1533], [-77.1031, 39.1513], [-77.1035, 39.1468], [-77.106, 39.1424], [-77.0983, 39.1293], [-77.1055, 39.1204], [-77.1013, 39.1176], [-77.1146, 39.1216], [-77.1166, 39.128], [-77.125, 39.1359], [-77.144, 39.1456], [-77.1395, 39.1523]]]}}, {"type": "Feature", "properties": {"fips": "24033800411", "gap_national": -32.6, "gap_stratum": -25.3, "burden": 43.5, "capacity": 68.2, "svi": 0.73, "top_decile_gap": 0.0, "stratum": "metropolitan", "scored": 1}, "geometry": {"type": "Polygon", "coordinates": [[[-76.8523, 39.0333], [-76.8297, 39.0326], [-76.8192, 39.0378], [-76.816, 39.0443], [-76.8169, 39.0492], [-76.8209, 39.0527], [-76.8157, 39.0542], [-76.8178, 39.0553], [-76.8139, 39.061], [-76.8039, 39.0624], [-76.8007, 39.0554], [-76.7939, 39.0521], [-76.7926, 39.0462], [-76.7746, 39.0448], [-76.7732, 39.0407], [-76.7692, 39.039], [-76.7654, 39.0404], [-76.7613, 39.0354], [-76.7655, 39.0339], [-76.7711, 39.0258], [-76.7843, 39.0316], [-76.786, 39.0242], [-76.7819, 39.0107], [-76.7931, 39.009], [-76.7966, 39.0064], [-76.7921, 39.0003], [-76.8163, 38.9873], [-76.8429, 38.9921], [-76.85, 39.0053], [-76.8499, 39.0164], [-76.8585, 39.0199], [-76.8523, 39.0333]]]}}, {"type": "Feature", "properties": {"fips": "24033800518", "gap_national": -44.3, "gap_stratum": -35.9, "burden": 51.6, "capacity": 89.1, "svi": 0.06, "top_decile_gap": 0.0, "stratum": "metropolitan", "scored": 1}, "geometry": {"type": "Polygon", "coordinates": [[[-76.7985, 38.9443], [-76.7616, 38.9463], [-76.7508, 38.9506], [-76.7483, 38.936], [-76.7391, 38.9137], [-76.7407, 38.9164], [-76.7491, 38.9158], [-76.7493, 38.9116], [-76.7538, 38.9108], [-76.7608, 38.9252], [-76.7773, 38.9272], [-76.8034, 38.9211], [-76.8067, 38.9289], [-76.7985, 38.9443]]]}}, {"type": "Feature", "properties": {"fips": "24033800707", "gap_national": -13.5, "gap_stratum": -7.0, "burden": 72.4, "capacity": 80.5, "svi": 0.65, "top_decile_gap": 0.0, "stratum": "metropolitan", "scored": 1}, "geometry": {"type": "Polygon", "coordinates": [[[-76.8152, 38.8112], [-76.7981, 38.8134], [-76.769, 38.8114], [-76.7645, 38.8102], [-76.7675, 38.8085], [-76.7611, 38.8039], [-76.7614, 38.7977], [-76.7719, 38.7923], [-76.783, 38.7912], [-76.7963, 38.783], [-76.8028, 38.7828], [-76.8134, 38.7925], [-76.8187, 38.7938], [-76.8228, 38.8008], [-76.8254, 38.8013], [-76.8241, 38.8044], [-76.8408, 38.8105], [-76.8411, 38.8023], [-76.8489, 38.8054], [-76.8497, 38.82], [-76.8152, 38.8112]]]}}, {"type": "Feature", "properties": {"fips": "24031701221", "gap_national": -63.8, "gap_stratum": -59.4, "burden": 24.0, "capacity": 74.9, "svi": 0.52, "top_decile_gap": 0.0, "stratum": "metropolitan", "scored": 1}, "geometry": {"type": "Polygon", "coordinates": [[[-77.2072, 39.097], [-77.1944, 39.0926], [-77.202, 39.0791], [-77.2113, 39.0786], [-77.2169, 39.0826], [-77.2183, 39.0865], [-77.2072, 39.097]]]}}, {"type": "Feature", "properties": {"fips": "24031701216", "gap_national": -62.4, "gap_stratum": -62.8, "burden": 7.0, "capacity": 61.7, "svi": 0.68, "top_decile_gap": 0.0, "stratum": "metropolitan", "scored": 1}, "geometry": {"type": "Polygon", "coordinates": [[[-77.1103, 39.0534], [-77.1028, 39.047], [-77.1205, 39.0448], [-77.1192, 39.0483], [-77.1259, 39.0491], [-77.1262, 39.0527], [-77.1103, 39.0534]]]}}, {"type": "Feature", "properties": {"fips": "24031700833", "gap_national": 4.8, "gap_stratum": 8.7, "burden": 33.3, "capacity": 32.8, "svi": 0.77, "top_decile_gap": 0.0, "stratum": "metropolitan", "scored": 1}, "geometry": {"type": "Polygon", "coordinates": [[[-77.2275, 39.1877], [-77.2205, 39.1834], [-77.2224, 39.1814], [-77.2219, 39.1745], [-77.2253, 39.1751], [-77.2267, 39.1723], [-77.2248, 39.17], [-77.2285, 39.166], [-77.2353, 39.1702], [-77.2386, 39.1799], [-77.2275, 39.1877]]]}}, {"type": "Feature", "properties": {"fips": "24031704805", "gap_national": -66.8, "gap_stratum": -65.6, "burden": 12.5, "capacity": 67.6, "svi": 0.4, "top_decile_gap": 0.0, "stratum": "metropolitan", "scored": 1}, "geometry": {"type": "Polygon", "coordinates": [[[-77.0881, 38.9881], [-77.0878, 38.9856], [-77.0986, 38.9847], [-77.0988, 38.9875], [-77.0881, 38.9881]]]}}, {"type": "Feature", "properties": {"fips": "24033803521", "gap_national": -46.8, "gap_stratum": -38.5, "burden": 47.4, "capacity": 85.5, "svi": 0.25, "top_decile_gap": 0.0, "stratum": "metropolitan", "scored": 1}, "geometry": {"type": "Polygon", "coordinates": [[[-76.8485, 38.9312], [-76.8474, 38.9366], [-76.8413, 38.936], [-76.8235, 38.9287], [-76.8172, 38.9193], [-76.8321, 38.9166], [-76.8387, 38.9128], [-76.8518, 38.9172], [-76.8547, 38.9306], [-76.8485, 38.9312]]]}}, {"type": "Feature", "properties": {"fips": "24033802106", "gap_national": 27.6, "gap_stratum": 32.7, "burden": 63.0, "capacity": 42.4, "svi": 0.76, "top_decile_gap": 0.0, "stratum": "metropolitan", "scored": 1}, "geometry": {"type": "Polygon", "coordinates": [[[-76.8953, 38.8432], [-76.8955, 38.8466], [-76.8874, 38.8442], [-76.8901, 38.8355], [-76.9019, 38.8367], [-76.9036, 38.8412], [-76.8953, 38.8432]]]}}, {"type": "Feature", "properties": {"fips": "24033802407", "gap_national": 16.2, "gap_stratum": 20.2, "burden": 73.9, "capacity": 59.1, "svi": 0.55, "top_decile_gap": 0.0, "stratum": "metropolitan", "scored": 1}, "geometry": {"type": "Polygon", "coordinates": [[[-76.9146, 38.8606], [-76.9158, 38.865], [-76.9052, 38.8651], [-76.9002, 38.8549], [-76.9103, 38.8532], [-76.9189, 38.8602], [-76.9146, 38.8606]]]}}, {"type": "Feature", "properties": {"fips": "24043011301", "gap_national": 2.6, "gap_stratum": 8.7, "burden": 58.2, "capacity": 56.0, "svi": 0.39, "top_decile_gap": 0.0, "stratum": "metropolitan", "scored": 1}, "geometry": {"type": "Polygon", "coordinates": [[[-77.5969, 39.6648], [-77.5906, 39.6655], [-77.5869, 39.6718], [-77.5704, 39.686], [-77.5532, 39.6745], [-77.5527, 39.6671], [-77.5334, 39.6634], [-77.517, 39.6633], [-77.503, 39.6731], [-77.4962, 39.682], [-77.4931, 39.6776], [-77.4984, 39.6675], [-77.5046, 39.6643], [-77.5202, 39.6407], [-77.5304, 39.6317], [-77.5454, 39.6334], [-77.5508, 39.6253], [-77.5702, 39.62], [-77.5737, 39.613], [-77.5964, 39.6245], [-77.6034, 39.6256], [-77.599, 39.6331], [-77.5862, 39.6426], [-77.5994, 39.6436], [-77.5979, 39.65], [-77.6058, 39.6517], [-77.6116, 39.6571], [-77.5969, 39.6648]]]}}, {"type": "Feature", "properties": {"fips": "24021752502", "gap_national": -53.1, "gap_stratum": -45.4, "burden": 41.5, "capacity": 84.8, "svi": 0.08, "top_decile_gap": 0.0, "stratum": "metropolitan", "scored": 1}, "geometry": {"type": "Polygon", "coordinates": [[[-77.5342, 39.3591], [-77.5025, 39.3666], [-77.5051, 39.3642], [-77.5054, 39.3516], [-77.516, 39.3077], [-77.5309, 39.2863], [-77.5428, 39.2741], [-77.5466, 39.2721], [-77.5609, 39.2862], [-77.5618, 39.3019], [-77.5694, 39.3128], [-77.5663, 39.3171], [-77.5698, 39.3196], [-77.5665, 39.3214], [-77.574, 39.32], [-77.5846, 39.3285], [-77.6005, 39.3544], [-77.5342, 39.3591]]]}}, {"type": "Feature", "properties": {"fips": "24021751002", "gap_national": -5.9, "gap_stratum": 0.8, "burden": 55.1, "capacity": 59.2, "svi": 0.43, "top_decile_gap": 0.0, "stratum": "metropolitan", "scored": 1}, "geometry": {"type": "Polygon", "coordinates": [[[-77.4392, 39.3919], [-77.4229, 39.3901], [-77.421, 39.3798], [-77.4254, 39.3731], [-77.4357, 39.3762], [-77.4367, 39.3847], [-77.4414, 39.3884], [-77.4392, 39.3919]]]}}, {"type": "Feature", "properties": {"fips": "24021750506", "gap_national": -7.7, "gap_stratum": -3.6, "burden": 37.3, "capacity": 46.6, "svi": 0.55, "top_decile_gap": 0.0, "stratum": "metropolitan", "scored": 1}, "geometry": {"type": "Polygon", "coordinates": [[[-77.4736, 39.4253], [-77.4613, 39.4195], [-77.4535, 39.4185], [-77.4508, 39.4124], [-77.4537, 39.4093], [-77.438, 39.4021], [-77.4403, 39.3994], [-77.4671, 39.4059], [-77.4879, 39.4253], [-77.4736, 39.4253]]]}}, {"type": "Feature", "properties": {"fips": "24021752602", "gap_national": -49.9, "gap_stratum": -42.0, "burden": 42.6, "capacity": 82.6, "svi": 0.1, "top_decile_gap": 0.0, "stratum": "metropolitan", "scored": 1}, "geometry": {"type": "Polygon", "coordinates": [[[-77.5771, 39.4181], [-77.5595, 39.4245], [-77.5463, 39.4358], [-77.5457, 39.432], [-77.5414, 39.4296], [-77.533, 39.431], [-77.5244, 39.4241], [-77.5212, 39.4172], [-77.5174, 39.4193], [-77.5136, 39.4147], [-77.5058, 39.4187], [-77.5034, 39.4242], [-77.5003, 39.4243], [-77.4977, 39.422], [-77.4851, 39.4217], [-77.4739, 39.4126], [-77.4783, 39.4123], [-77.4925, 39.4019], [-77.4877, 39.3989], [-77.4863, 39.3899], [-77.4927, 39.3906], [-77.4956, 39.3862], [-77.5044, 39.385], [-77.5061, 39.379], [-77.5198, 39.3802], [-77.5205, 39.392], [-77.5239, 39.3971], [-77.54, 39.398], [-77.5431, 39.4092], [-77.5638, 39.4118], [-77.565, 39.409], [-77.5751, 39.4098], [-77.5808, 39.4132], [-77.5771, 39.4181]]]}}, {"type": "Feature", "properties": {"fips": "24021752102", "gap_national": -52.8, "gap_stratum": -49.3, "burden": 23.8, "capacity": 66.3, "svi": 0.03, "top_decile_gap": 0.0, "stratum": "metropolitan", "scored": 1}, "geometry": {"type": "Polygon", "coordinates": [[[-77.3305, 39.3147], [-77.3226, 39.3246], [-77.3213, 39.3318], [-77.3178, 39.3363], [-77.3179, 39.3399], [-77.3213, 39.343], [-77.3233, 39.3606], [-77.3094, 39.3602], [-77.3012, 39.3703], [-77.2722, 39.3726], [-77.2694, 39.3603], [-77.2633, 39.3586], [-77.2604, 39.3553], [-77.2454, 39.3534], [-77.2313, 39.3431], [-77.2318, 39.3392], [-77.2175, 39.3314], [-77.2441, 39.3189], [-77.2439, 39.322], [-77.2509, 39.328], [-77.2623, 39.3267], [-77.2633, 39.3295], [-77.2763, 39.3295], [-77.2833, 39.3212], [-77.2981, 39.3126], [-77.3068, 39.2944], [-77.3138, 39.2865], [-77.325, 39.2812], [-77.3315, 39.2899], [-77.3339, 39.2959], [-77.3305, 39.3147]]]}}, {"type": "Feature", "properties": {"fips": "24021751701", "gap_national": -25.6, "gap_stratum": -17.7, "burden": 50.3, "capacity": 68.8, "svi": 0.06, "top_decile_gap": 0.0, "stratum": "metropolitan", "scored": 1}, "geometry": {"type": "Polygon", "coordinates": [[[-77.3822, 39.4434], [-77.3697, 39.4419], [-77.3646, 39.4439], [-77.3624, 39.4479], [-77.3702, 39.4525], [-77.3672, 39.4541], [-77.3478, 39.4519], [-77.331, 39.4537], [-77.3348, 39.4695], [-77.3306, 39.4775], [-77.326, 39.4801], [-77.3291, 39.4921], [-77.3133, 39.4914], [-77.3067, 39.4979], [-77.2885, 39.499], [-77.2842, 39.4931], [-77.2841, 39.4875], [-77.2797, 39.4872], [-77.2861, 39.4784], [-77.2868, 39.4718], [-77.277, 39.453], [-77.2774, 39.4459], [-77.2693, 39.4406], [-77.2724, 39.4381], [-77.2775, 39.4405], [-77.2798, 39.4367], [-77.2824, 39.4368], [-77.2841, 39.4347], [-77.2807, 39.4315], [-77.2849, 39.4292], [-77.282, 39.4272], [-77.2886, 39.4307], [-77.2975, 39.4292], [-77.3459, 39.4347], [-77.379, 39.4335], [-77.3936, 39.4414], [-77.3822, 39.4434]]]}}, {"type": "Feature", "properties": {"fips": "24021751903", "gap_national": -54.6, "gap_stratum": -48.4, "burden": 32.2, "capacity": 75.1, "svi": 0.03, "top_decile_gap": 0.0, "stratum": "metropolitan", "scored": 1}, "geometry": {"type": "Polygon", "coordinates": [[[-77.3169, 39.367], [-77.3141, 39.3745], [-77.2982, 39.3858], [-77.276, 39.3806], [-77.2603, 39.3817], [-77.2315, 39.3753], [-77.2175, 39.3693], [-77.2048, 39.3704], [-77.1673, 39.3591], [-77.1688, 39.3535], [-77.2175, 39.3314], [-77.2318, 39.3392], [-77.2313, 39.3431], [-77.2454, 39.3534], [-77.2604, 39.3553], [-77.2633, 39.3586], [-77.2694, 39.3603], [-77.2722, 39.3726], [-77.3012, 39.3703], [-77.3094, 39.3602], [-77.3209, 39.36], [-77.323, 39.3608], [-77.3169, 39.367]]]}}, {"type": "Feature", "properties": {"fips": "24003706302", "gap_national": -74.6, "gap_stratum": -70.6, "burden": 22.1, "capacity": 83.6, "svi": 0.06, "top_decile_gap": 0.0, "stratum": "metropolitan", "scored": 1}, "geometry": {"type": "Polygon", "coordinates": [[[-76.4885, 38.9674], [-76.4894, 38.9727], [-76.4856, 38.973], [-76.4801, 38.9775], [-76.4742, 38.9726], [-76.4749, 38.9675], [-76.4845, 38.9617], [-76.4845, 38.9565], [-76.4926, 38.9554], [-76.4885, 38.9674]]]}}, {"type": "Feature", "properties": {"fips": "24003740701", "gap_national": -57.8, "gap_stratum": -53.8, "burden": 23.9, "capacity": 70.0, "svi": 0.39, "top_decile_gap": 0.0, "stratum": "metropolitan", "scored": 1}, "geometry": {"type": "Polygon", "coordinates": [[[-76.7104, 39.0815], [-76.7089, 39.0874], [-76.7043, 39.0863], [-76.7119, 39.0719], [-76.7065, 39.068], [-76.7142, 39.053], [-76.7175, 39.0613], [-76.7292, 39.066], [-76.7104, 39.0815]]]}}, {"type": "Feature", "properties": {"fips": "24003740400", "gap_national": 46.6, "gap_stratum": 54.0, "burden": 54.6, "capacity": 15.5, "svi": null, "top_decile_gap": 0.0, "stratum": "metropolitan", "scored": 1}, "geometry": {"type": "Polygon", "coordinates": [[[-76.7796, 39.1477], [-76.7741, 39.145], [-76.7738, 39.1426], [-76.7686, 39.1421], [-76.7737, 39.1366], [-76.7695, 39.1328], [-76.7694, 39.1298], [-76.7816, 39.1228], [-76.7818, 39.1307], [-76.7799, 39.1326], [-76.7815, 39.1455], [-76.7796, 39.1477]]]}}, {"type": "Feature", "properties": {"fips": "24003740203", "gap_national": -39.5, "gap_stratum": -34.3, "burden": 33.3, "capacity": 64.8, "svi": 0.05, "top_decile_gap": 0.0, "stratum": "metropolitan", "scored": 1}, "geometry": {"type": "Polygon", "coordinates": [[[-76.682, 39.1122], [-76.685, 39.1281], [-76.6841, 39.1365], [-76.6727, 39.1345], [-76.6555, 39.1375], [-76.6592, 39.1333], [-76.6427, 39.1257], [-76.6515, 39.1083], [-76.6515, 39.1106], [-76.6585, 39.1082], [-76.6695, 39.1097], [-76.6804, 39.1021], [-76.6855, 39.102], [-76.682, 39.1122]]]}}, {"type": "Feature", "properties": {"fips": "24005404101", "gap_national": -54.8, "gap_stratum": -49.5, "burden": 29.1, "capacity": 72.3, "svi": 0.25, "top_decile_gap": 0.0, "stratum": "metropolitan", "scored": 1}, "geometry": {"type": "Polygon", "coordinates": [[[-76.8377, 39.4293], [-76.8342, 39.4384], [-76.8383, 39.4427], [-76.8308, 39.4513], [-76.8228, 39.4407], [-76.7941, 39.4139], [-76.7789, 39.4058], [-76.8019, 39.4], [-76.8, 39.4033], [-76.8022, 39.4067], [-76.7993, 39.4099], [-76.8153, 39.4113], [-76.8184, 39.4046], [-76.8266, 39.399], [-76.8301, 39.3991], [-76.8354, 39.4142], [-76.8436, 39.4266], [-76.8377, 39.4293]]]}}, {"type": "Feature", "properties": {"fips": "24005408507", "gap_national": 7.1, "gap_stratum": 10.5, "burden": 28.4, "capacity": 25.3, "svi": 0.66, "top_decile_gap": 0.0, "stratum": "metropolitan", "scored": 1}, "geometry": {"type": "Polygon", "coordinates": [[[-76.6228, 39.4718], [-76.6154, 39.4705], [-76.6076, 39.462], [-76.6081, 39.4598], [-76.614, 39.4592], [-76.6153, 39.4563], [-76.6144, 39.4617], [-76.6305, 39.4627], [-76.6314, 39.4671], [-76.6228, 39.4718]]]}}, {"type": "Feature", "properties": {"fips": "24005404404", "gap_national": -45.1, "gap_stratum": -36.8, "burden": 45.4, "capacity": 80.6, "svi": 0.6, "top_decile_gap": 0.0, "stratum": "metropolitan", "scored": 1}, "geometry": {"type": "Polygon", "coordinates": [[[-76.8356, 39.4741], [-76.829, 39.4755], [-76.8298, 39.4843], [-76.823, 39.4821], [-76.8203, 39.4753], [-76.8084, 39.4663], [-76.8133, 39.4651], [-76.8134, 39.4633], [-76.8282, 39.4624], [-76.824, 39.455], [-76.8308, 39.4513], [-76.8371, 39.4617], [-76.8356, 39.4741]]]}}, {"type": "Feature", "properties": {"fips": "24027601107", "gap_national": -8.3, "gap_stratum": -6.8, "burden": 21.5, "capacity": 32.4, "svi": 0.73, "top_decile_gap": 0.0, "stratum": "metropolitan", "scored": 1}, "geometry": {"type": "Polygon", "coordinates": [[[-76.7806, 39.1942], [-76.7795, 39.1857], [-76.787, 39.1798], [-76.794, 39.1971], [-76.7806, 39.1942]]]}}, {"type": "Feature", "properties": {"fips": "24027606907", "gap_national": -17.9, "gap_stratum": -15.7, "burden": 27.5, "capacity": 45.6, "svi": 0.54, "top_decile_gap": 0.0, "stratum": "metropolitan", "scored": 1}, "geometry": {"type": "Polygon", "coordinates": [[[-76.8491, 39.1383], [-76.8443, 39.1362], [-76.8458, 39.127], [-76.8292, 39.1147], [-76.8267, 39.1099], [-76.8404, 39.1031], [-76.8433, 39.1174], [-76.8474, 39.1216], [-76.8522, 39.1188], [-76.8624, 39.1297], [-76.8491, 39.1383]]]}}, {"type": "Feature", "properties": {"fips": "24025301108", "gap_national": -55.2, "gap_stratum": -50.1, "burden": 28.2, "capacity": 71.8, "svi": 0.0, "top_decile_gap": 0.0, "stratum": "metropolitan", "scored": 1}, "geometry": {"type": "Polygon", "coordinates": [[[-76.3073, 39.5024], [-76.304, 39.5021], [-76.2993, 39.4987], [-76.297, 39.4926], [-76.2982, 39.4893], [-76.287, 39.4864], [-76.2837, 39.4882], [-76.2834, 39.483], [-76.2798, 39.4789], [-76.2745, 39.4748], [-76.2701, 39.4768], [-76.2867, 39.4665], [-76.2942, 39.4718], [-76.2994, 39.4845], [-76.3165, 39.4941], [-76.3073, 39.5024]]]}}, {"type": "Feature", "properties": {"fips": "24025303205", "gap_national": -63.5, "gap_stratum": -58.9, "burden": 24.8, "capacity": 75.5, "svi": 0.0, "top_decile_gap": 0.0, "stratum": "metropolitan", "scored": 1}, "geometry": {"type": "Polygon", "coordinates": [[[-76.4219, 39.5587], [-76.4251, 39.5692], [-76.4237, 39.5745], [-76.401, 39.5755], [-76.3979, 39.5545], [-76.3933, 39.5487], [-76.3923, 39.538], [-76.4006, 39.5349], [-76.4011, 39.5422], [-76.4037, 39.5399], [-76.4049, 39.5432], [-76.4114, 39.5466], [-76.4152, 39.5465], [-76.4135, 39.5444], [-76.4202, 39.5424], [-76.4362, 39.5506], [-76.4219, 39.5587]]]}}, {"type": "Feature", "properties": {"fips": "24047950400", "gap_national": -46.4, "gap_stratum": -78.3, "burden": 46.9, "capacity": 84.2, "svi": 0.18, "top_decile_gap": 0.0, "stratum": "micropolitan", "scored": 1}, "geometry": {"type": "Polygon", "coordinates": [[[-75.1478, 38.3496], [-75.1469, 38.3537], [-75.1333, 38.3587], [-75.1177, 38.3763], [-75.1066, 38.3823], [-75.0939, 38.3546], [-75.0942, 38.3333], [-75.1179, 38.3393], [-75.1447, 38.3374], [-75.1558, 38.3411], [-75.1478, 38.3496]]]}}, {"type": "Feature", "properties": {"fips": "24047950600", "gap_national": -45.4, "gap_stratum": -75.3, "burden": 53.3, "capacity": 95.7, "svi": 0.02, "top_decile_gap": 0.0, "stratum": "micropolitan", "scored": 1}, "geometry": {"type": "Polygon", "coordinates": [[[-75.1648, 38.3897], [-75.158, 38.3982], [-75.1532, 38.3966], [-75.1448, 38.4049], [-75.1246, 38.397], [-75.1163, 38.39], [-75.1482, 38.3875], [-75.1707, 38.3805], [-75.1771, 38.3838], [-75.1754, 38.3867], [-75.1648, 38.3897]]]}}, {"type": "Feature", "properties": {"fips": "24510100100", "gap_national": 22.3, "gap_stratum": 22.4, "burden": 95.1, "capacity": 68.0, "svi": 0.78, "top_decile_gap": 0.0, "stratum": "metropolitan", "scored": 1}, "geometry": {"type": "Polygon", "coordinates": [[[-76.6113, 39.3047], [-76.5981, 39.3052], [-76.5978, 39.3017], [-76.6116, 39.3025], [-76.6113, 39.3047]]]}}, {"type": "Feature", "properties": {"fips": "24017850706", "gap_national": -31.1, "gap_stratum": -22.7, "burden": 49.9, "capacity": 72.6, "svi": 0.05, "top_decile_gap": 0.0, "stratum": "metropolitan", "scored": 1}, "geometry": {"type": "Polygon", "coordinates": [[[-76.9724, 38.6585], [-76.9674, 38.661], [-76.9628, 38.6564], [-76.9634, 38.6508], [-76.9382, 38.6473], [-76.9192, 38.6308], [-76.9108, 38.6264], [-76.9189, 38.6185], [-76.9266, 38.6269], [-76.9351, 38.6308], [-76.936, 38.6341], [-76.9589, 38.6399], [-76.9726, 38.652], [-76.9778, 38.6524], [-76.9847, 38.6576], [-76.9724, 38.6585]]]}}, {"type": "Feature", "properties": {"fips": "24021775302", "gap_national": -40.6, "gap_stratum": -36.6, "burden": 29.1, "capacity": 62.2, "svi": 0.04, "top_decile_gap": 0.0, "stratum": "metropolitan", "scored": 1}, "geometry": {"type": "Polygon", "coordinates": [[[-77.6734, 39.3442], [-77.6669, 39.3507], [-77.6516, 39.3751], [-77.6397, 39.4057], [-77.6379, 39.398], [-77.6296, 39.394], [-77.6414, 39.383], [-77.6391, 39.3684], [-77.6109, 39.3638], [-77.6156, 39.3516], [-77.6005, 39.3544], [-77.5846, 39.3285], [-77.574, 39.32], [-77.5665, 39.3214], [-77.5698, 39.3196], [-77.5663, 39.3171], [-77.5694, 39.3128], [-77.5658, 39.3056], [-77.5831, 39.3037], [-77.5868, 39.3094], [-77.59, 39.308], [-77.5908, 39.3132], [-77.6024, 39.3156], [-77.6072, 39.32], [-77.6117, 39.3174], [-77.6175, 39.3239], [-77.6251, 39.3268], [-77.6317, 39.3067], [-77.651, 39.3108], [-77.6661, 39.317], [-77.6772, 39.3245], [-77.6734, 39.3442]]]}}, {"type": "Feature", "properties": {"fips": "24011955202", "gap_national": -16.0, "gap_stratum": -43.8, "burden": 63.5, "capacity": 73.3, "svi": 0.39, "top_decile_gap": 0.0, "stratum": "micropolitan", "scored": 1}, "geometry": {"type": "Polygon", "coordinates": [[[-75.9471, 38.94], [-75.9504, 38.9411], [-75.9513, 38.9456], [-75.9422, 38.9499], [-75.942, 38.9562], [-75.9382, 38.9589], [-75.9428, 38.9671], [-75.9266, 38.9667], [-75.9139, 38.9579], [-75.9138, 38.9544], [-75.9083, 38.9469], [-75.9093, 38.9398], [-75.899, 38.9336], [-75.8946, 38.9353], [-75.8927, 38.9206], [-75.8708, 38.9109], [-75.8645, 38.918], [-75.8536, 38.9114], [-75.8513, 38.9072], [-75.8382, 38.9078], [-75.8356, 38.9056], [-75.8308, 38.8989], [-75.8318, 38.8906], [-75.8402, 38.8861], [-75.837, 38.8809], [-75.841, 38.8668], [-75.8466, 38.8586], [-75.8514, 38.8584], [-75.8507, 38.8523], [-75.8624, 38.8486], [-75.8674, 38.8423], [-75.8644, 38.8347], [-75.8557, 38.8315], [-75.8583, 38.8264], [-75.8765, 38.8234], [-75.8882, 38.8146], [-75.8972, 38.8152], [-75.9065, 38.8197], [-75.9013, 38.8247], [-75.9129, 38.8295], [-75.9152, 38.8348], [-75.9278, 38.8389], [-75.9281, 38.8411], [-75.9193, 38.845], [-75.9195, 38.8469], [-75.9268, 38.847], [-75.9304, 38.8509], [-75.9228, 38.8548], [-75.9222, 38.8573], [-75.9243, 38.8604], [-75.9302, 38.8613], [-75.9347, 38.8675], [-75.9416, 38.868], [-75.9444, 38.8751], [-75.9376, 38.878], [-75.9392, 38.8813], [-75.9458, 38.8786], [-75.9515, 38.8802], [-75.9496, 38.8848], [-75.9405, 38.8846], [-75.9486, 38.8923], [-75.9444, 38.8975], [-75.9492, 38.9035], [-75.9431, 38.9067], [-75.948, 38.9104], [-75.9492, 38.9135], [-75.944, 38.9143], [-75.9443, 38.9165], [-75.9493, 38.9183], [-75.9527, 38.9293], [-75.948, 38.9319], [-75.9478, 38.9348], [-75.9531, 38.9387], [-75.9471, 38.94]]]}}, {"type": "Feature", "properties": {"fips": "24011955302", "gap_national": 48.7, "gap_stratum": 47.8, "burden": 88.9, "capacity": 47.1, "svi": 0.89, "top_decile_gap": 0.0, "stratum": "metropolitan", "scored": 1}, "geometry": {"type": "Polygon", "coordinates": [[[-75.841, 38.8668], [-75.837, 38.8809], [-75.8402, 38.8861], [-75.8318, 38.8906], [-75.8315, 38.8965], [-75.8145, 38.8929], [-75.8157, 38.8807], [-75.8232, 38.8775], [-75.8258, 38.8726], [-75.8193, 38.8521], [-75.8328, 38.8534], [-75.8348, 38.8566], [-75.8373, 38.8548], [-75.8393, 38.8583], [-75.8466, 38.8586], [-75.841, 38.8668]]]}}, {"type": "Feature", "properties": {"fips": "24031704401", "gap_national": -78.8, "gap_stratum": -75.9, "burden": 16.8, "capacity": 81.7, "svi": 0.1, "top_decile_gap": 0.0, "stratum": "metropolitan", "scored": 1}, "geometry": {"type": "Polygon", "coordinates": [[[-77.1128, 39.028], [-77.1065, 39.0226], [-77.1016, 39.0223], [-77.0956, 39.0161], [-77.1058, 39.0188], [-77.1191, 39.0157], [-77.1253, 39.025], [-77.1263, 39.0307], [-77.1128, 39.028]]]}}, {"type": "Feature", "properties": {"fips": "24035810902", "gap_national": -43.5, "gap_stratum": -74.0, "burden": 40.7, "capacity": 74.1, "svi": 0.04, "top_decile_gap": 0.0, "stratum": "micropolitan", "scored": 1}, "geometry": {"type": "Polygon", "coordinates": [[[-76.3647, 38.8738], [-76.3654, 38.8984], [-76.36, 38.9027], [-76.3577, 38.9081], [-76.3523, 38.9108], [-76.35, 38.8988], [-76.3382, 38.893], [-76.331, 38.8643], [-76.3406, 38.8557], [-76.3504, 38.8574], [-76.3611, 38.852], [-76.3682, 38.8361], [-76.3751, 38.8395], [-76.3762, 38.8505], [-76.3647, 38.8738]]]}}, {"type": "Feature", "properties": {"fips": "24041960600", "gap_national": -45.2, "gap_stratum": -84.7, "burden": 53.4, "capacity": 95.4, "svi": 0.11, "top_decile_gap": 0.0, "stratum": "rural", "scored": 1}, "geometry": {"type": "Polygon", "coordinates": [[[-76.2367, 38.724], [-76.2316, 38.7238], [-76.2293, 38.7279], [-76.2318, 38.7315], [-76.237, 38.7332], [-76.2382, 38.7369], [-76.2293, 38.7392], [-76.2225, 38.7363], [-76.2153, 38.7285], [-76.2055, 38.7392], [-76.2246, 38.7513], [-76.2226, 38.7576], [-76.2246, 38.7604], [-76.2341, 38.7621], [-76.2291, 38.7634], [-76.2257, 38.769], [-76.2217, 38.7682], [-76.2188, 38.7631], [-76.2141, 38.7643], [-76.2072, 38.7702], [-76.2042, 38.7681], [-76.2011, 38.7697], [-76.2006, 38.7759], [-76.1955, 38.7732], [-76.1965, 38.7695], [-76.1873, 38.7676], [-76.182, 38.7565], [-76.1752, 38.7544], [-76.1705, 38.7537], [-76.1657, 38.76], [-76.1484, 38.7601], [-76.1449, 38.7624], [-76.1352, 38.7586], [-76.1286, 38.7608], [-76.1137, 38.7574], [-76.1188, 38.7532], [-76.1198, 38.7423], [-76.1261, 38.7349], [-76.1393, 38.7303], [-76.1435, 38.7213], [-76.1437, 38.7076], [-76.1777, 38.6931], [-76.1846, 38.695], [-76.1871, 38.6935], [-76.1986, 38.6768], [-76.2003, 38.6729], [-76.1977, 38.6711], [-76.2003, 38.6708], [-76.2128, 38.6819], [-76.2156, 38.6872], [-76.2134, 38.6924], [-76.2196, 38.6972], [-76.2269, 38.6981], [-76.2387, 38.7128], [-76.2367, 38.724]]]}}, {"type": "Feature", "properties": {"fips": "24025303606", "gap_national": -63.0, "gap_stratum": -60.0, "burden": 19.4, "capacity": 70.0, "svi": 0.0, "top_decile_gap": 0.0, "stratum": "metropolitan", "scored": 1}, "geometry": {"type": "Polygon", "coordinates": [[[-76.3158, 39.5265], [-76.3024, 39.5375], [-76.2865, 39.5245], [-76.2966, 39.5158], [-76.3044, 39.5212], [-76.3114, 39.517], [-76.3142, 39.5184], [-76.3173, 39.5289], [-76.3158, 39.5265]]]}}, {"type": "Feature", "properties": {"fips": "24025301106", "gap_national": -55.1, "gap_stratum": -49.6, "burden": 29.6, "capacity": 73.0, "svi": 0.08, "top_decile_gap": 0.0, "stratum": "metropolitan", "scored": 1}, "geometry": {"type": "Polygon", "coordinates": [[[-76.3104, 39.5144], [-76.3093, 39.5125], [-76.3119, 39.512], [-76.3064, 39.5073], [-76.3067, 39.5028], [-76.3165, 39.4941], [-76.3109, 39.4907], [-76.3184, 39.4883], [-76.3238, 39.4946], [-76.3282, 39.5062], [-76.3104, 39.5144]]]}}, {"type": "Feature", "properties": {"fips": "24045010704", "gap_national": -22.3, "gap_stratum": -14.0, "burden": 61.8, "capacity": 76.9, "svi": 0.35, "top_decile_gap": 0.0, "stratum": "metropolitan", "scored": 1}, "geometry": {"type": "Polygon", "coordinates": [[[-75.7137, 38.4293], [-75.6979, 38.432], [-75.6992, 38.4594], [-75.6917, 38.46], [-75.5979, 38.4568], [-75.5961, 38.4519], [-75.5986, 38.4383], [-75.5927, 38.4313], [-75.5938, 38.4227], [-75.5919, 38.4223], [-75.5912, 38.4173], [-75.5947, 38.4093], [-75.6036, 38.4107], [-75.6216, 38.4225], [-75.642, 38.4285], [-75.6388, 38.4138], [-75.6432, 38.41], [-75.6555, 38.4127], [-75.6589, 38.4037], [-75.6647, 38.3953], [-75.6725, 38.3897], [-75.6763, 38.3804], [-75.6915, 38.3788], [-75.6907, 38.3848], [-75.7005, 38.4011], [-75.7058, 38.4056], [-75.6986, 38.4103], [-75.7076, 38.4149], [-75.7206, 38.4157], [-75.7237, 38.421], [-75.7137, 38.4293]]]}}, {"type": "Feature", "properties": {"fips": "24045010504", "gap_national": 10.8, "gap_stratum": 15.1, "burden": 76.2, "capacity": 64.3, "svi": 0.74, "top_decile_gap": 0.0, "stratum": "metropolitan", "scored": 1}, "geometry": {"type": "Polygon", "coordinates": [[[-75.5786, 38.3602], [-75.568, 38.3503], [-75.5474, 38.3423], [-75.5694, 38.333], [-75.5821, 38.3479], [-75.5925, 38.3479], [-75.5786, 38.3602]]]}}, {"type": "Feature", "properties": {"fips": "24009860901", "gap_national": -40.9, "gap_stratum": -32.7, "burden": 56.9, "capacity": 95.0, "svi": 0.2, "top_decile_gap": 0.0, "stratum": "metropolitan", "scored": 1}, "geometry": {"type": "Polygon", "coordinates": [[[-76.4835, 38.3401], [-76.4864, 38.3535], [-76.4783, 38.3582], [-76.4714, 38.3729], [-76.4586, 38.3783], [-76.4564, 38.388], [-76.4494, 38.3989], [-76.4444, 38.4014], [-76.439, 38.3965], [-76.4363, 38.3887], [-76.4374, 38.3833], [-76.4443, 38.3745], [-76.4353, 38.3659], [-76.4331, 38.3562], [-76.4269, 38.3544], [-76.4282, 38.3493], [-76.4264, 38.3451], [-76.4358, 38.3358], [-76.4482, 38.3341], [-76.4518, 38.3211], [-76.4558, 38.3165], [-76.4621, 38.325], [-76.4682, 38.3289], [-76.472, 38.325], [-76.4894, 38.328], [-76.4835, 38.3401]]]}}, {"type": "Feature", "properties": {"fips": "24009860103", "gap_national": -54.3, "gap_stratum": -47.0, "burden": 38.1, "capacity": 81.6, "svi": 0.04, "top_decile_gap": 0.0, "stratum": "metropolitan", "scored": 1}, "geometry": {"type": "Polygon", "coordinates": [[[-76.6936, 38.7248], [-76.695, 38.7351], [-76.684, 38.7383], [-76.6864, 38.7485], [-76.6843, 38.7516], [-76.6853, 38.7558], [-76.6812, 38.7576], [-76.6733, 38.7554], [-76.6696, 38.7567], [-76.6661, 38.7622], [-76.6549, 38.7644], [-76.6467, 38.7689], [-76.6231, 38.7673], [-76.623, 38.7491], [-76.621, 38.7463], [-76.6231, 38.7439], [-76.6229, 38.7267], [-76.6331, 38.7218], [-76.6367, 38.7168], [-76.6446, 38.7164], [-76.6534, 38.7054], [-76.6693, 38.7024], [-76.6695, 38.6979], [-76.6717, 38.6996], [-76.6743, 38.6942], [-76.6787, 38.6958], [-76.6813, 38.6903], [-76.6832, 38.6928], [-76.6882, 38.6923], [-76.6882, 38.6901], [-76.6841, 38.6888], [-76.6893, 38.6889], [-76.6919, 38.6838], [-76.6984, 38.6904], [-76.6949, 38.7025], [-76.701, 38.7092], [-76.7012, 38.7128], [-76.6936, 38.7248]]]}}, {"type": "Feature", "properties": {"fips": "24005402510", "gap_national": -40.0, "gap_stratum": -33.8, "burden": 36.3, "capacity": 67.5, "svi": 0.46, "top_decile_gap": 0.0, "stratum": "metropolitan", "scored": 1}, "geometry": {"type": "Polygon", "coordinates": [[[-76.7969, 39.3922], [-76.7953, 39.4007], [-76.7794, 39.4047], [-76.7887, 39.3943], [-76.7868, 39.3882], [-76.7892, 39.3825], [-76.8018, 39.3849], [-76.8023, 39.3872], [-76.7969, 39.3922]]]}}, {"type": "Feature", "properties": {"fips": "24005402408", "gap_national": -20.4, "gap_stratum": -13.4, "burden": 47.7, "capacity": 63.1, "svi": 0.6, "top_decile_gap": 0.0, "stratum": "metropolitan", "scored": 1}, "geometry": {"type": "Polygon", "coordinates": [[[-76.7734, 39.3345], [-76.7694, 39.3296], [-76.7593, 39.3262], [-76.7584, 39.3205], [-76.7777, 39.3219], [-76.7808, 39.3313], [-76.7734, 39.3345]]]}}, {"type": "Feature", "properties": {"fips": "24003730512", "gap_national": -8.8, "gap_stratum": -4.1, "burden": 40.3, "capacity": 49.7, "svi": 0.68, "top_decile_gap": 0.0, "stratum": "metropolitan", "scored": 1}, "geometry": {"type": "Polygon", "coordinates": [[[-76.6298, 39.1345], [-76.6258, 39.136], [-76.621, 39.1289], [-76.6315, 39.1226], [-76.6325, 39.1257], [-76.6298, 39.1313], [-76.6345, 39.1356], [-76.6334, 39.1375], [-76.6298, 39.1345]]]}}, {"type": "Feature", "properties": {"fips": "24003730206", "gap_national": 36.1, "gap_stratum": 40.3, "burden": 68.8, "capacity": 41.1, "svi": 0.65, "top_decile_gap": 0.0, "stratum": "metropolitan", "scored": 1}, "geometry": {"type": "Polygon", "coordinates": [[[-76.5929, 39.148], [-76.599, 39.156], [-76.5891, 39.1647], [-76.5848, 39.159], [-76.5905, 39.1559], [-76.59, 39.1524], [-76.5921, 39.1516], [-76.5885, 39.1458], [-76.5905, 39.144], [-76.5886, 39.1408], [-76.5952, 39.1402], [-76.5991, 39.1443], [-76.5929, 39.148]]]}}, {"type": "Feature", "properties": {"fips": "24003730702", "gap_national": -70.7, "gap_stratum": -66.6, "burden": 21.7, "capacity": 78.8, "svi": 0.05, "top_decile_gap": 0.0, "stratum": "metropolitan", "scored": 1}, "geometry": {"type": "Polygon", "coordinates": [[[-76.5922, 39.0836], [-76.585, 39.0825], [-76.5486, 39.0713], [-76.5501, 39.0636], [-76.5567, 39.052], [-76.5693, 39.0658], [-76.5912, 39.0744], [-76.5938, 39.0814], [-76.5922, 39.0836]]]}}, {"type": "Feature", "properties": {"fips": "24003731106", "gap_national": -57.3, "gap_stratum": -54.1, "burden": 21.8, "capacity": 67.8, "svi": 0.12, "top_decile_gap": 0.0, "stratum": "metropolitan", "scored": 1}, "geometry": {"type": "Polygon", "coordinates": [[[-76.4807, 39.0495], [-76.4681, 39.0518], [-76.4659, 39.0485], [-76.4564, 39.0507], [-76.4638, 39.0453], [-76.4635, 39.041], [-76.4676, 39.0389], [-76.4673, 39.0362], [-76.4882, 39.038], [-76.4807, 39.0495]]]}}, {"type": "Feature", "properties": {"fips": "24003730101", "gap_national": -47.1, "gap_stratum": -40.2, "burden": 37.0, "capacity": 73.6, "svi": 0.08, "top_decile_gap": 0.0, "stratum": "metropolitan", "scored": 1}, "geometry": {"type": "Polygon", "coordinates": [[[-76.569, 39.1569], [-76.5628, 39.1643], [-76.5561, 39.1595], [-76.5517, 39.161], [-76.551, 39.1636], [-76.5264, 39.1614], [-76.5342, 39.1547], [-76.5584, 39.1438], [-76.564, 39.1444], [-76.5675, 39.142], [-76.569, 39.1569]]]}}, {"type": "Feature", "properties": {"fips": "24003730102", "gap_national": -29.0, "gap_stratum": -28.4, "burden": 20.1, "capacity": 47.5, "svi": 0.18, "top_decile_gap": 0.0, "stratum": "metropolitan", "scored": 1}, "geometry": {"type": "Polygon", "coordinates": [[[-76.5735, 39.1935], [-76.5803, 39.2066], [-76.5501, 39.1972], [-76.5331, 39.2076], [-76.5354, 39.2038], [-76.5279, 39.1955], [-76.5338, 39.1932], [-76.5334, 39.1904], [-76.5258, 39.1779], [-76.5148, 39.1728], [-76.5149, 39.17], [-76.5206, 39.1683], [-76.5264, 39.1614], [-76.551, 39.1636], [-76.5517, 39.161], [-76.5561, 39.1595], [-76.5628, 39.1643], [-76.569, 39.1552], [-76.5739, 39.1568], [-76.5787, 39.1532], [-76.5891, 39.1647], [-76.5735, 39.1935]]]}}, {"type": "Feature", "properties": {"fips": "24003731206", "gap_national": -39.5, "gap_stratum": -31.7, "burden": 43.0, "capacity": 73.0, "svi": 0.07, "top_decile_gap": 0.0, "stratum": "metropolitan", "scored": 1}, "geometry": {"type": "Polygon", "coordinates": [[[-76.5005, 39.0989], [-76.4952, 39.1082], [-76.468, 39.1045], [-76.4587, 39.0884], [-76.4525, 39.0632], [-76.4855, 39.0688], [-76.5119, 39.077], [-76.5178, 39.0822], [-76.5005, 39.0989]]]}}, {"type": "Feature", "properties": {"fips": "24003740204", "gap_national": 2.6, "gap_stratum": 8.2, "burden": 50.2, "capacity": 49.8, "svi": 0.48, "top_decile_gap": 0.0, "stratum": "metropolitan", "scored": 1}, "geometry": {"type": "Polygon", "coordinates": [[[-76.6555, 39.156], [-76.6449, 39.1592], [-76.6412, 39.128], [-76.6427, 39.1257], [-76.6592, 39.1333], [-76.6504, 39.1417], [-76.6556, 39.1503], [-76.6606, 39.151], [-76.6555, 39.156]]]}}, {"type": "Feature", "properties": {"fips": "24003730507", "gap_national": -36.2, "gap_stratum": -30.5, "burden": 36.0, "capacity": 64.6, "svi": 0.21, "top_decile_gap": 0.0, "stratum": "metropolitan", "scored": 1}, "geometry": {"type": "Polygon", "coordinates": [[[-76.6111, 39.138], [-76.5974, 39.1348], [-76.5896, 39.1261], [-76.5898, 39.1216], [-76.6173, 39.1257], [-76.6187, 39.1367], [-76.6111, 39.138]]]}}, {"type": "Feature", "properties": {"fips": "24003740107", "gap_national": -40.5, "gap_stratum": -40.6, "burden": 16.1, "capacity": 52.5, "svi": 0.21, "top_decile_gap": 0.0, "stratum": "metropolitan", "scored": 1}, "geometry": {"type": "Polygon", "coordinates": [[[-76.7305, 39.1704], [-76.7151, 39.1568], [-76.7203, 39.1526], [-76.7311, 39.1528], [-76.7384, 39.1504], [-76.7451, 39.1561], [-76.7305, 39.1704]]]}}, {"type": "Feature", "properties": {"fips": "24003730205", "gap_national": 38.0, "gap_stratum": 42.6, "burden": 67.8, "capacity": 38.7, "svi": 0.62, "top_decile_gap": 0.0, "stratum": "metropolitan", "scored": 1}, "geometry": {"type": "Polygon", "coordinates": [[[-76.5991, 39.1443], [-76.5952, 39.1402], [-76.5886, 39.1408], [-76.5845, 39.1341], [-76.5973, 39.136], [-76.6022, 39.1413], [-76.5991, 39.1443]]]}}, {"type": "Feature", "properties": {"fips": "24003730701", "gap_national": -61.4, "gap_stratum": -54.9, "burden": 34.0, "capacity": 84.2, "svi": 0.04, "top_decile_gap": 0.0, "stratum": "metropolitan", "scored": 1}, "geometry": {"type": "Polygon", "coordinates": [[[-76.5487, 39.0809], [-76.5279, 39.0578], [-76.5331, 39.0532], [-76.5305, 39.0505], [-76.5453, 39.0405], [-76.5567, 39.052], [-76.5501, 39.0636], [-76.5486, 39.0713], [-76.5588, 39.0756], [-76.5487, 39.0809]]]}}, {"type": "Feature", "properties": {"fips": "24043011502", "gap_national": -22.6, "gap_stratum": -61.3, "burden": 57.8, "capacity": 73.3, "svi": 0.18, "top_decile_gap": 0.0, "stratum": "rural", "scored": 1}, "geometry": {"type": "Polygon", "coordinates": [[[-77.7459, 39.3532], [-77.7439, 39.3599], [-77.7441, 39.3651], [-77.7533, 39.3783], [-77.7534, 39.3821], [-77.7369, 39.3872], [-77.7285, 39.3856], [-77.7229, 39.3948], [-77.7196, 39.4092], [-77.7288, 39.4135], [-77.7275, 39.4154], [-77.7052, 39.4153], [-77.7041, 39.4204], [-77.711, 39.4245], [-77.7101, 39.4335], [-77.7192, 39.4379], [-77.7204, 39.4419], [-77.72, 39.4453], [-77.7101, 39.45], [-77.7068, 39.4565], [-77.6994, 39.4443], [-77.6863, 39.4428], [-77.6806, 39.439], [-77.6776, 39.4307], [-77.6658, 39.4212], [-77.662, 39.4119], [-77.6478, 39.4104], [-77.6401, 39.4058], [-77.6516, 39.3751], [-77.6669, 39.3507], [-77.6734, 39.3442], [-77.6771, 39.3241], [-77.693, 39.3185], [-77.7077, 39.3216], [-77.7274, 39.3217], [-77.735, 39.327], [-77.7558, 39.3339], [-77.7611, 39.3425], [-77.7459, 39.3532]]]}}, {"type": "Feature", "properties": {"fips": "24025301706", "gap_national": -43.2, "gap_stratum": -40.9, "burden": 23.3, "capacity": 59.5, "svi": 0.22, "top_decile_gap": 0.0, "stratum": "metropolitan", "scored": 1}, "geometry": {"type": "Polygon", "coordinates": [[[-76.2418, 39.4891], [-76.2329, 39.4985], [-76.2134, 39.5072], [-76.212, 39.5045], [-76.2144, 39.4981], [-76.2119, 39.497], [-76.2148, 39.4929], [-76.2119, 39.492], [-76.2142, 39.4886], [-76.2277, 39.4888], [-76.247, 39.4815], [-76.2496, 39.4812], [-76.2514, 39.4843], [-76.2418, 39.4891]]]}}, {"type": "Feature", "properties": {"fips": "24023000501", "gap_national": -21.2, "gap_stratum": -52.1, "burden": 72.5, "capacity": 91.4, "svi": 0.05, "top_decile_gap": 0.0, "stratum": "rural", "scored": 1}, "geometry": {"type": "Polygon", "coordinates": [[[-79.3302, 39.4552], [-79.3324, 39.4603], [-79.3303, 39.4623], [-79.313, 39.466], [-79.3033, 39.4629], [-79.2953, 39.4743], [-79.2975, 39.486], [-79.304, 39.4982], [-79.3104, 39.504], [-79.3118, 39.5096], [-79.3244, 39.5202], [-79.3189, 39.5279], [-79.3192, 39.5345], [-79.3122, 39.5464], [-79.2957, 39.5528], [-79.2936, 39.5687], [-79.2843, 39.5704], [-79.282, 39.5792], [-79.2685, 39.5797], [-79.2555, 39.5883], [-79.2365, 39.5875], [-79.232, 39.5895], [-79.232, 39.5769], [-79.2211, 39.5587], [-79.2258, 39.5505], [-79.2345, 39.5431], [-79.2346, 39.537], [-79.2424, 39.529], [-79.2342, 39.5196], [-79.2303, 39.505], [-79.2482, 39.4923], [-79.2433, 39.4678], [-79.2362, 39.4599], [-79.2712, 39.4482], [-79.2834, 39.4376], [-79.29, 39.4351], [-79.3124, 39.441], [-79.3208, 39.4384], [-79.3354, 39.4381], [-79.3362, 39.4471], [-79.3302, 39.4552]]]}}, {"type": "Feature", "properties": {"fips": "24017851003", "gap_national": -48.4, "gap_stratum": -78.0, "burden": 38.2, "capacity": 75.8, "svi": 0.1, "top_decile_gap": 0.0, "stratum": "micropolitan", "scored": 1}, "geometry": {"type": "Polygon", "coordinates": [[[-76.977, 38.514], [-76.9756, 38.5291], [-76.9687, 38.5318], [-76.9594, 38.5314], [-76.9506, 38.5375], [-76.9271, 38.5435], [-76.9271, 38.5238], [-76.921, 38.5148], [-76.9144, 38.5134], [-76.9253, 38.4967], [-76.9256, 38.4907], [-76.9529, 38.5046], [-76.9566, 38.5047], [-76.9656, 38.4994], [-76.9809, 38.5006], [-76.9819, 38.505], [-76.9847, 38.5047], [-76.9821, 38.515], [-76.977, 38.514]]]}}, {"type": "Feature", "properties": {"fips": "24017851403", "gap_national": -33.5, "gap_stratum": -25.2, "burden": 59.1, "capacity": 85.7, "svi": 0.07, "top_decile_gap": 0.0, "stratum": "metropolitan", "scored": 1}, "geometry": {"type": "Polygon", "coordinates": [[[-76.8436, 38.5772], [-76.8372, 38.5989], [-76.8336, 38.6024], [-76.8325, 38.6162], [-76.8304, 38.6186], [-76.821, 38.6217], [-76.8009, 38.634], [-76.7972, 38.6345], [-76.7778, 38.627], [-76.7757, 38.6039], [-76.7926, 38.5943], [-76.8007, 38.5578], [-76.7971, 38.546], [-76.804, 38.5495], [-76.8352, 38.5529], [-76.8528, 38.5599], [-76.8436, 38.5772]]]}}, {"type": "Feature", "properties": {"fips": "24021751905", "gap_national": -52.4, "gap_stratum": -53.1, "burden": 10.4, "capacity": 56.9, "svi": 0.06, "top_decile_gap": 0.0, "stratum": "metropolitan", "scored": 1}, "geometry": {"type": "Polygon", "coordinates": [[[-77.3197, 39.4038], [-77.3125, 39.4105], [-77.3046, 39.4092], [-77.3065, 39.4144], [-77.302, 39.4154], [-77.2988, 39.4207], [-77.2945, 39.4234], [-77.289, 39.4203], [-77.284, 39.4206], [-77.2861, 39.4165], [-77.2794, 39.4076], [-77.2881, 39.4025], [-77.2901, 39.4064], [-77.296, 39.4093], [-77.3014, 39.4034], [-77.3055, 39.4025], [-77.3067, 39.3975], [-77.3044, 39.3947], [-77.3084, 39.3877], [-77.3255, 39.3936], [-77.3197, 39.4038]]]}}, {"type": "Feature", "properties": {"fips": "24037876003", "gap_national": -24.1, "gap_stratum": -20.7, "burden": 32.1, "capacity": 53.6, "svi": 0.04, "top_decile_gap": 0.0, "stratum": "metropolitan", "scored": 1}, "geometry": {"type": "Polygon", "coordinates": [[[-76.5596, 38.2812], [-76.5596, 38.2837], [-76.5409, 38.2933], [-76.5321, 38.2935], [-76.5256, 38.2976], [-76.5234, 38.2933], [-76.5254, 38.2886], [-76.518, 38.2831], [-76.5144, 38.2748], [-76.5085, 38.2725], [-76.4947, 38.276], [-76.4883, 38.2495], [-76.496, 38.2367], [-76.5077, 38.2431], [-76.5069, 38.2477], [-76.5204, 38.2458], [-76.5296, 38.2518], [-76.5485, 38.2566], [-76.559, 38.2555], [-76.5665, 38.2595], [-76.5675, 38.2656], [-76.5653, 38.2688], [-76.5684, 38.2745], [-76.5596, 38.2812]]]}}, {"type": "Feature", "properties": {"fips": "24031700730", "gap_national": -15.8, "gap_stratum": -12.8, "burden": 31.5, "capacity": 47.4, "svi": 0.6, "top_decile_gap": 0.0, "stratum": "metropolitan", "scored": 1}, "geometry": {"type": "Polygon", "coordinates": [[[-77.179, 39.17], [-77.1767, 39.17], [-77.1604, 39.159], [-77.1655, 39.1563], [-77.1721, 39.1588], [-77.1765, 39.1557], [-77.1857, 39.1595], [-77.179, 39.17]]]}}, {"type": "Feature", "properties": {"fips": "24031700209", "gap_national": -51.2, "gap_stratum": -49.1, "burden": 20.2, "capacity": 62.5, "svi": 0.01, "top_decile_gap": 0.0, "stratum": "metropolitan", "scored": 1}, "geometry": {"type": "Polygon", "coordinates": [[[-77.2376, 39.2343], [-77.2334, 39.2498], [-77.2297, 39.2532], [-77.2362, 39.2628], [-77.2358, 39.2683], [-77.2304, 39.2698], [-77.2221, 39.2679], [-77.2186, 39.2646], [-77.2215, 39.2621], [-77.2123, 39.2596], [-77.2119, 39.252], [-77.2075, 39.2479], [-77.187, 39.237], [-77.1869, 39.2292], [-77.1964, 39.2271], [-77.1992, 39.2232], [-77.2059, 39.2203], [-77.2053, 39.2177], [-77.2105, 39.217], [-77.2037, 39.2123], [-77.2064, 39.2102], [-77.204, 39.2014], [-77.2072, 39.204], [-77.2397, 39.2102], [-77.2376, 39.2343]]]}}, {"type": "Feature", "properties": {"fips": "24031700728", "gap_national": -12.8, "gap_stratum": -9.9, "burden": 31.0, "capacity": 44.9, "svi": 0.53, "top_decile_gap": 0.0, "stratum": "metropolitan", "scored": 1}, "geometry": {"type": "Polygon", "coordinates": [[[-77.1791, 39.1376], [-77.1631, 39.1183], [-77.1661, 39.1157], [-77.1888, 39.1322], [-77.1791, 39.1376]]]}}, {"type": "Feature", "properties": {"fips": "24031701427", "gap_national": -43.3, "gap_stratum": -41.0, "burden": 23.3, "capacity": 59.6, "svi": 0.12, "top_decile_gap": 0.0, "stratum": "metropolitan", "scored": 1}, "geometry": {"type": "Polygon", "coordinates": [[[-76.9302, 39.09], [-76.9266, 39.0904], [-76.9284, 39.095], [-76.9261, 39.0999], [-76.9162, 39.1061], [-76.9178, 39.1082], [-76.9148, 39.1183], [-76.906, 39.1232], [-76.9073, 39.1255], [-76.8885, 39.131], [-76.8943, 39.1239], [-76.9073, 39.1179], [-76.9039, 39.1146], [-76.9074, 39.1062], [-76.9287, 39.0767], [-76.9302, 39.09]]]}}, {"type": "Feature", "properties": {"fips": "24031703223", "gap_national": -56.5, "gap_stratum": -53.2, "burden": 22.3, "capacity": 67.7, "svi": 0.25, "top_decile_gap": 0.0, "stratum": "metropolitan", "scored": 1}, "geometry": {"type": "Polygon", "coordinates": [[[-77.0424, 39.0996], [-77.0393, 39.0986], [-77.0369, 39.0934], [-77.026, 39.0932], [-77.0231, 39.0771], [-77.0283, 39.0681], [-77.0349, 39.0739], [-77.0439, 39.073], [-77.0471, 39.0816], [-77.0424, 39.0996]]]}}, {"type": "Feature", "properties": {"fips": "24031700617", "gap_national": -78.6, "gap_stratum": -76.2, "burden": 14.1, "capacity": 78.6, "svi": 0.11, "top_decile_gap": 0.0, "stratum": "metropolitan", "scored": 1}, "geometry": {"type": "Polygon", "coordinates": [[[-77.224, 39.1033], [-77.2133, 39.1002], [-77.2229, 39.0934], [-77.2355, 39.0896], [-77.224, 39.1033]]]}}, {"type": "Feature", "properties": {"fips": "24031702502", "gap_national": -28.2, "gap_stratum": -29.0, "burden": 13.4, "capacity": 41.6, "svi": 0.47, "top_decile_gap": 0.0, "stratum": "metropolitan", "scored": 1}, "geometry": {"type": "Polygon", "coordinates": [[[-77.0244, 38.9954], [-77.0205, 38.9797], [-77.0267, 38.9844], [-77.027, 38.9946], [-77.0244, 38.9954]]]}}, {"type": "Feature", "properties": {"fips": "24031700313", "gap_national": -42.6, "gap_stratum": -43.5, "burden": 11.9, "capacity": 51.1, "svi": 0.27, "top_decile_gap": 0.0, "stratum": "metropolitan", "scored": 1}, "geometry": {"type": "Polygon", "coordinates": [[[-77.2677, 39.2084], [-77.2637, 39.2047], [-77.2533, 39.202], [-77.2435, 39.2055], [-77.2443, 39.1954], [-77.2486, 39.1934], [-77.2547, 39.1843], [-77.2639, 39.1983], [-77.2731, 39.2068], [-77.2677, 39.2084]]]}}, {"type": "Feature", "properties": {"fips": "24031701426", "gap_national": -27.4, "gap_stratum": -23.8, "burden": 31.5, "capacity": 55.4, "svi": 0.46, "top_decile_gap": 0.0, "stratum": "metropolitan", "scored": 1}, "geometry": {"type": "Polygon", "coordinates": [[[-76.9287, 39.1115], [-76.9321, 39.1113], [-76.9325, 39.1171], [-76.919, 39.1321], [-76.9156, 39.127], [-76.9057, 39.1248], [-76.9099, 39.1197], [-76.9148, 39.1183], [-76.9178, 39.1082], [-76.9162, 39.1061], [-76.9261, 39.0999], [-76.9284, 39.095], [-76.9266, 39.0904], [-76.9302, 39.09], [-76.9379, 39.0955], [-76.9287, 39.1115]]]}}, {"type": "Feature", "properties": {"fips": "24031700727", "gap_national": 34.3, "gap_stratum": 40.9, "burden": 52.7, "capacity": 26.3, "svi": 0.96, "top_decile_gap": 0.0, "stratum": "metropolitan", "scored": 1}, "geometry": {"type": "Polygon", "coordinates": [[[-77.1935, 39.1415], [-77.1791, 39.1376], [-77.1888, 39.1322], [-77.1941, 39.138], [-77.1935, 39.1415]]]}}, {"type": "Feature", "properties": {"fips": "24033800216", "gap_national": -31.2, "gap_stratum": -28.0, "burden": 29.3, "capacity": 56.2, "svi": 0.36, "top_decile_gap": 0.0, "stratum": "metropolitan", "scored": 1}, "geometry": {"type": "Polygon", "coordinates": [[[-76.8767, 39.0682], [-76.8674, 39.0694], [-76.8644, 39.0608], [-76.8551, 39.0656], [-76.8471, 39.0665], [-76.8517, 39.0549], [-76.8705, 39.0563], [-76.885, 39.0621], [-76.8767, 39.0682]]]}}, {"type": "Feature", "properties": {"fips": "24033801105", "gap_national": -0.9, "gap_stratum": -0.5, "burden": 9.0, "capacity": 11.7, "svi": 0.61, "top_decile_gap": 0.0, "stratum": "metropolitan", "scored": 1}, "geometry": {"type": "Polygon", "coordinates": [[[-76.897, 38.8094], [-76.8924, 38.8169], [-76.8781, 38.8263], [-76.8812, 38.8065], [-76.8957, 38.8068], [-76.8985, 38.803], [-76.8966, 38.7947], [-76.8865, 38.7878], [-76.8887, 38.7838], [-76.897, 38.7872], [-76.9058, 38.805], [-76.897, 38.8094]]]}}, {"type": "Feature", "properties": {"fips": "24033980000", "gap_national": 4.2, "gap_stratum": 5.4, "burden": 12.1, "capacity": 8.2, "svi": 0.62, "top_decile_gap": 0.0, "stratum": "metropolitan", "scored": 1}, "geometry": {"type": "Polygon", "coordinates": [[[-76.9501, 39.0067], [-76.9533, 39.0028], [-76.9451, 39.0009], [-76.9429, 39.0039], [-76.9369, 39.0046], [-76.9376, 39.0014], [-76.941, 39.0003], [-76.9326, 38.9987], [-76.9371, 38.9856], [-76.9309, 38.9832], [-76.9261, 38.9843], [-76.9287, 38.9781], [-76.938, 38.9777], [-76.9489, 38.9848], [-76.9557, 38.9857], [-76.9567, 38.9914], [-76.9609, 38.9948], [-76.9641, 39.0025], [-76.9501, 39.0067]]]}}, {"type": "Feature", "properties": {"fips": "24027605403", "gap_national": -34.0, "gap_stratum": -25.9, "burden": 47.2, "capacity": 72.4, "svi": 0.59, "top_decile_gap": 0.0, "stratum": "metropolitan", "scored": 1}, "geometry": {"type": "Polygon", "coordinates": [[[-76.8745, 39.2268], [-76.8678, 39.2269], [-76.8577, 39.2228], [-76.8701, 39.2136], [-76.8802, 39.2162], [-76.8811, 39.2204], [-76.8745, 39.2268]]]}}, {"type": "Feature", "properties": {"fips": "24027606808", "gap_national": -70.8, "gap_stratum": -67.7, "burden": 17.6, "capacity": 74.7, "svi": 0.08, "top_decile_gap": 0.0, "stratum": "metropolitan", "scored": 1}, "geometry": {"type": "Polygon", "coordinates": [[[-76.8892, 39.1586], [-76.8554, 39.1454], [-76.8534, 39.1398], [-76.8491, 39.1383], [-76.8626, 39.1296], [-76.8701, 39.1373], [-76.8767, 39.1405], [-76.8888, 39.1447], [-76.9011, 39.1452], [-76.8892, 39.1586]]]}}, {"type": "Feature", "properties": {"fips": "24033802408", "gap_national": 8.5, "gap_stratum": 13.6, "burden": 72.0, "capacity": 62.8, "svi": 0.74, "top_decile_gap": 0.0, "stratum": "metropolitan", "scored": 1}, "geometry": {"type": "Polygon", "coordinates": [[[-76.9208, 38.8701], [-76.919, 38.8696], [-76.9146, 38.8606], [-76.9189, 38.8602], [-76.924, 38.8654], [-76.9208, 38.8701]]]}}, {"type": "Feature", "properties": {"fips": "24033802301", "gap_national": 8.4, "gap_stratum": 12.6, "burden": 78.3, "capacity": 67.6, "svi": 0.67, "top_decile_gap": 0.0, "stratum": "metropolitan", "scored": 1}, "geometry": {"type": "Polygon", "coordinates": [[[-76.8978, 38.8635], [-76.8989, 38.8578], [-76.8829, 38.8626], [-76.8778, 38.8579], [-76.8811, 38.854], [-76.8897, 38.8512], [-76.9002, 38.8549], [-76.9036, 38.8642], [-76.8978, 38.8635]]]}}, {"type": "Feature", "properties": {"fips": "24033801907", "gap_national": 5.1, "gap_stratum": 8.2, "burden": 85.0, "capacity": 75.1, "svi": 0.76, "top_decile_gap": 0.0, "stratum": "metropolitan", "scored": 1}, "geometry": {"type": "Polygon", "coordinates": [[[-76.9411, 38.8313], [-76.9454, 38.8382], [-76.9415, 38.8394], [-76.9338, 38.8363], [-76.9332, 38.8402], [-76.9366, 38.8421], [-76.9321, 38.8428], [-76.9245, 38.8366], [-76.9117, 38.8344], [-76.9255, 38.8296], [-76.9312, 38.8188], [-76.9488, 38.8173], [-76.95, 38.8235], [-76.9411, 38.8313]]]}}, {"type": "Feature", "properties": {"fips": "24033802001", "gap_national": 25.3, "gap_stratum": 30.2, "burden": 64.0, "capacity": 45.1, "svi": 0.85, "top_decile_gap": 0.0, "stratum": "metropolitan", "scored": 1}, "geometry": {"type": "Polygon", "coordinates": [[[-76.9248, 38.8488], [-76.9161, 38.8439], [-76.9138, 38.8393], [-76.9025, 38.8357], [-76.9206, 38.8355], [-76.9272, 38.8378], [-76.9322, 38.8429], [-76.9248, 38.8488]]]}}, {"type": "Feature", "properties": {"fips": "24033800504", "gap_national": -28.2, "gap_stratum": -21.3, "burden": 43.4, "capacity": 65.1, "svi": 0.22, "top_decile_gap": 0.0, "stratum": "metropolitan", "scored": 1}, "geometry": {"type": "Polygon", "coordinates": [[[-76.7415, 38.9775], [-76.7138, 38.9868], [-76.7091, 38.986], [-76.7058, 38.989], [-76.6983, 38.9836], [-76.7022, 38.9798], [-76.7016, 38.9738], [-76.704, 38.9728], [-76.6994, 38.9691], [-76.699, 38.9627], [-76.6939, 38.9558], [-76.7175, 38.9552], [-76.7172, 38.9631], [-76.7272, 38.9615], [-76.743, 38.9651], [-76.7447, 38.9718], [-76.7415, 38.9775]]]}}, {"type": "Feature", "properties": {"fips": "24033800900", "gap_national": -9.4, "gap_stratum": -2.1, "burden": 65.8, "capacity": 70.2, "svi": 0.17, "top_decile_gap": 0.0, "stratum": "metropolitan", "scored": 1}, "geometry": {"type": "Polygon", "coordinates": [[[-76.8063, 38.6519], [-76.8077, 38.6625], [-76.7871, 38.6661], [-76.7745, 38.6592], [-76.76, 38.664], [-76.7481, 38.6618], [-76.7455, 38.6588], [-76.7178, 38.6477], [-76.7164, 38.6437], [-76.6922, 38.6432], [-76.692, 38.6349], [-76.6794, 38.6279], [-76.6726, 38.618], [-76.6726, 38.5993], [-76.6807, 38.5805], [-76.6778, 38.5724], [-76.6791, 38.5667], [-76.6723, 38.5528], [-76.6755, 38.5359], [-76.6898, 38.5376], [-76.6971, 38.5432], [-76.7012, 38.5425], [-76.7041, 38.5471], [-76.7061, 38.5454], [-76.7045, 38.5433], [-76.7069, 38.5434], [-76.7077, 38.5464], [-76.7125, 38.5489], [-76.7161, 38.548], [-76.7151, 38.5498], [-76.7408, 38.5591], [-76.7397, 38.5728], [-76.7423, 38.5766], [-76.7427, 38.5942], [-76.7465, 38.5997], [-76.7476, 38.6173], [-76.8169, 38.6416], [-76.8063, 38.6519]]]}}, {"type": "Feature", "properties": {"fips": "24033801210", "gap_national": -8.6, "gap_stratum": -2.1, "burden": 71.7, "capacity": 75.2, "svi": 0.37, "top_decile_gap": 0.0, "stratum": "metropolitan", "scored": 1}, "geometry": {"type": "Polygon", "coordinates": [[[-76.9386, 38.7661], [-76.9249, 38.7763], [-76.9239, 38.7809], [-76.9237, 38.779], [-76.9129, 38.7825], [-76.911, 38.779], [-76.9056, 38.78], [-76.904, 38.7775], [-76.8997, 38.7779], [-76.9003, 38.7728], [-76.9071, 38.769], [-76.9261, 38.7634], [-76.9191, 38.7555], [-76.9271, 38.752], [-76.9417, 38.759], [-76.9386, 38.7661]]]}}, {"type": "Feature", "properties": {"fips": "24033800105", "gap_national": -13.2, "gap_stratum": -8.7, "burden": 38.9, "capacity": 51.6, "svi": 0.59, "top_decile_gap": 0.0, "stratum": "metropolitan", "scored": 1}, "geometry": {"type": "Polygon", "coordinates": [[[-76.8875, 39.1052], [-76.8736, 39.1154], [-76.8642, 39.111], [-76.8672, 39.1064], [-76.8618, 39.1039], [-76.8628, 39.1015], [-76.8717, 39.1029], [-76.89, 39.0999], [-76.8875, 39.1052]]]}}, {"type": "Feature", "properties": {"fips": "24033801404", "gap_national": -13.2, "gap_stratum": -6.6, "burden": 49.5, "capacity": 59.7, "svi": 0.49, "top_decile_gap": 0.0, "stratum": "metropolitan", "scored": 1}, "geometry": {"type": "Polygon", "coordinates": [[[-77.039, 38.7916], [-77.015, 38.7955], [-76.999, 38.8034], [-76.9981, 38.7794], [-77.0103, 38.7784], [-77.0163, 38.7719], [-77.0252, 38.7679], [-77.0249, 38.7649], [-77.0283, 38.7647], [-77.0279, 38.7596], [-77.0416, 38.761], [-77.039, 38.7916]]]}}, {"type": "Feature", "properties": {"fips": "24033800704", "gap_national": -18.7, "gap_stratum": -10.9, "burden": 53.6, "capacity": 66.6, "svi": 0.38, "top_decile_gap": 0.0, "stratum": "metropolitan", "scored": 1}, "geometry": {"type": "Polygon", "coordinates": [[[-76.7963, 38.783], [-76.783, 38.7912], [-76.7719, 38.7923], [-76.7614, 38.7977], [-76.7591, 38.7878], [-76.7638, 38.7799], [-76.7751, 38.7728], [-76.7757, 38.7664], [-76.7854, 38.764], [-76.7891, 38.766], [-76.7927, 38.7623], [-76.7998, 38.7602], [-76.8077, 38.7613], [-76.7963, 38.783]]]}}, {"type": "Feature", "properties": {"fips": "24033801405", "gap_national": 40.4, "gap_stratum": 46.4, "burden": 61.9, "capacity": 30.6, "svi": 0.91, "top_decile_gap": 0.0, "stratum": "metropolitan", "scored": 1}, "geometry": {"type": "Polygon", "coordinates": [[[-76.9935, 38.8059], [-76.9705, 38.8088], [-76.9826, 38.7983], [-76.9925, 38.7821], [-76.9975, 38.7803], [-76.999, 38.8034], [-76.9935, 38.8059]]]}}, {"type": "Feature", "properties": {"fips": "24033800513", "gap_national": -36.7, "gap_stratum": -30.2, "burden": 38.3, "capacity": 66.9, "svi": 0.15, "top_decile_gap": 0.0, "stratum": "metropolitan", "scored": 1}, "geometry": {"type": "Polygon", "coordinates": [[[-76.771, 38.9601], [-76.7666, 38.9606], [-76.765, 38.9706], [-76.7579, 38.9696], [-76.7415, 38.9775], [-76.7447, 38.9718], [-76.744, 38.9668], [-76.7379, 38.9639], [-76.7452, 38.9562], [-76.7433, 38.9531], [-76.7616, 38.9463], [-76.7702, 38.9454], [-76.771, 38.9601]]]}}, {"type": "Feature", "properties": {"fips": "24033803513", "gap_national": -24.3, "gap_stratum": -15.8, "burden": 56.2, "capacity": 73.1, "svi": 0.65, "top_decile_gap": 0.0, "stratum": "metropolitan", "scored": 1}, "geometry": {"type": "Polygon", "coordinates": [[[-76.832, 38.8983], [-76.811, 38.8791], [-76.8284, 38.879], [-76.8393, 38.8948], [-76.832, 38.8983]]]}}, {"type": "Feature", "properties": {"fips": "24033800401", "gap_national": -36.0, "gap_stratum": -29.1, "burden": 40.5, "capacity": 68.2, "svi": 0.13, "top_decile_gap": 0.0, "stratum": "metropolitan", "scored": 1}, "geometry": {"type": "Polygon", "coordinates": [[[-76.7371, 39.0113], [-76.7336, 39.0073], [-76.7277, 39.0073], [-76.7243, 39.0046], [-76.7255, 38.9989], [-76.7213, 38.9997], [-76.7121, 38.9953], [-76.7058, 38.989], [-76.7091, 38.986], [-76.7138, 38.9868], [-76.7281, 38.9823], [-76.7406, 38.9971], [-76.7392, 39.0034], [-76.7461, 39.0085], [-76.7371, 39.0113]]]}}, {"type": "Feature", "properties": {"fips": "24033800403", "gap_national": -44.1, "gap_stratum": -37.1, "burden": 38.0, "capacity": 72.1, "svi": 0.24, "top_decile_gap": 0.0, "stratum": "metropolitan", "scored": 1}, "geometry": {"type": "Polygon", "coordinates": [[[-76.7605, 39.0058], [-76.7461, 39.0085], [-76.7392, 39.0034], [-76.7455, 38.991], [-76.7573, 38.9846], [-76.7605, 39.0058]]]}}, {"type": "Feature", "properties": {"fips": "24033800412", "gap_national": 17.0, "gap_stratum": 22.5, "burden": 58.6, "capacity": 46.5, "svi": 0.91, "top_decile_gap": 0.0, "stratum": "metropolitan", "scored": 1}, "geometry": {"type": "Polygon", "coordinates": [[[-76.8512, 38.9908], [-76.8429, 38.9921], [-76.836, 38.9909], [-76.839, 38.9858], [-76.8317, 38.9793], [-76.8417, 38.9749], [-76.8469, 38.9807], [-76.8528, 38.9791], [-76.8512, 38.9908]]]}}, {"type": "Feature", "properties": {"fips": "24033803613", "gap_national": 18.6, "gap_stratum": 24.4, "burden": 50.2, "capacity": 37.6, "svi": 0.94, "top_decile_gap": 0.0, "stratum": "metropolitan", "scored": 1}, "geometry": {"type": "Polygon", "coordinates": [[[-76.8905, 38.9641], [-76.8758, 38.9591], [-76.8726, 38.956], [-76.8855, 38.9517], [-76.9003, 38.9633], [-76.8905, 38.9641]]]}}, {"type": "Feature", "properties": {"fips": "24033807102", "gap_national": -15.5, "gap_stratum": -14.8, "burden": 19.9, "capacity": 37.1, "svi": 0.46, "top_decile_gap": 0.0, "stratum": "metropolitan", "scored": 1}, "geometry": {"type": "Polygon", "coordinates": [[[-76.938, 38.9777], [-76.9287, 38.9781], [-76.9261, 38.9843], [-76.9175, 38.9787], [-76.9194, 38.9757], [-76.9138, 38.975], [-76.9199, 38.9605], [-76.939, 38.9647], [-76.938, 38.9777]]]}}, {"type": "Feature", "properties": {"fips": "24033804900", "gap_national": 33.2, "gap_stratum": 35.8, "burden": 75.8, "capacity": 49.1, "svi": 0.99, "top_decile_gap": 0.0, "stratum": "metropolitan", "scored": 1}, "geometry": {"type": "Polygon", "coordinates": [[[-76.967, 38.9513], [-76.9676, 38.9495], [-76.9714, 38.9479], [-76.9701, 38.9456], [-76.9737, 38.9432], [-76.9879, 38.9541], [-76.9876, 38.958], [-76.967, 38.9513]]]}}, {"type": "Feature", "properties": {"fips": "24033805700", "gap_national": 61.8, "gap_stratum": 69.4, "burden": 62.2, "capacity": 7.2, "svi": 0.93, "top_decile_gap": 1.0, "stratum": "metropolitan", "scored": 1}, "geometry": {"type": "Polygon", "coordinates": [[[-76.9836, 39.0023], [-76.9754, 38.9928], [-76.9683, 38.9898], [-76.9728, 38.9841], [-76.9783, 38.9836], [-76.9757, 38.987], [-76.9823, 38.9924], [-76.9811, 38.9948], [-76.9849, 38.9964], [-76.9867, 38.993], [-76.9899, 38.994], [-76.9836, 39.0023]]]}}, {"type": "Feature", "properties": {"fips": "24033804801", "gap_national": 32.4, "gap_stratum": 39.0, "burden": 48.3, "capacity": 23.0, "svi": 0.53, "top_decile_gap": 0.0, "stratum": "metropolitan", "scored": 1}, "geometry": {"type": "Polygon", "coordinates": [[[-76.9701, 38.9456], [-76.9714, 38.9479], [-76.9655, 38.9474], [-76.9681, 38.9456], [-76.9682, 38.9389], [-76.9737, 38.9432], [-76.9701, 38.9456]]]}}, {"type": "Feature", "properties": {"fips": "24033803001", "gap_national": 43.5, "gap_stratum": 43.2, "burden": 86.7, "capacity": 49.4, "svi": 0.76, "top_decile_gap": 0.0, "stratum": "metropolitan", "scored": 1}, "geometry": {"type": "Polygon", "coordinates": [[[-76.902, 38.9075], [-76.8995, 38.9034], [-76.9107, 38.8996], [-76.9129, 38.8956], [-76.9235, 38.904], [-76.902, 38.9075]]]}}, {"type": "Feature", "properties": {"fips": "24033806711", "gap_national": 10.1, "gap_stratum": 15.8, "burden": 57.5, "capacity": 50.4, "svi": 0.8, "top_decile_gap": 0.0, "stratum": "metropolitan", "scored": 1}, "geometry": {"type": "Polygon", "coordinates": [[[-76.8669, 38.9843], [-76.8627, 38.9864], [-76.8602, 38.9915], [-76.8512, 38.9908], [-76.8534, 38.9781], [-76.8669, 38.9803], [-76.8669, 38.9843]]]}}, {"type": "Feature", "properties": {"fips": "24033803607", "gap_national": 4.9, "gap_stratum": 10.9, "burden": 57.1, "capacity": 53.7, "svi": 0.64, "top_decile_gap": 0.0, "stratum": "metropolitan", "scored": 1}, "geometry": {"type": "Polygon", "coordinates": [[[-76.8387, 38.9756], [-76.8245, 38.9726], [-76.8268, 38.9675], [-76.8205, 38.9563], [-76.8392, 38.9648], [-76.8584, 38.9636], [-76.8387, 38.9756]]]}}, {"type": "Feature", "properties": {"fips": "24033806900", "gap_national": 8.5, "gap_stratum": 12.0, "burden": 27.9, "capacity": 23.1, "svi": 0.34, "top_decile_gap": 0.0, "stratum": "metropolitan", "scored": 1}, "geometry": {"type": "Polygon", "coordinates": [[[-76.9267, 39.0182], [-76.9164, 39.0183], [-76.9086, 39.0149], [-76.9157, 39.0061], [-76.9293, 39.0089], [-76.9267, 39.0182]]]}}, {"type": "Feature", "properties": {"fips": "24033800212", "gap_national": -31.3, "gap_stratum": -24.7, "burden": 40.7, "capacity": 65.0, "svi": 0.74, "top_decile_gap": 0.0, "stratum": "metropolitan", "scored": 1}, "geometry": {"type": "Polygon", "coordinates": [[[-76.8759, 39.0912], [-76.8767, 39.0892], [-76.8728, 39.086], [-76.8742, 39.085], [-76.8708, 39.0844], [-76.8713, 39.0822], [-76.8695, 39.0813], [-76.8689, 39.0846], [-76.8652, 39.0829], [-76.8684, 39.0762], [-76.8656, 39.0755], [-76.8809, 39.0654], [-76.889, 39.0677], [-76.8857, 39.0762], [-76.8917, 39.0831], [-76.8972, 39.0854], [-76.8938, 39.0897], [-76.8759, 39.0912]]]}}, {"type": "Feature", "properties": {"fips": "24033800606", "gap_national": -36.5, "gap_stratum": -29.9, "burden": 38.9, "capacity": 67.2, "svi": 0.33, "top_decile_gap": 0.0, "stratum": "metropolitan", "scored": 1}, "geometry": {"type": "Polygon", "coordinates": [[[-76.7671, 38.8381], [-76.7668, 38.8335], [-76.7601, 38.8321], [-76.7593, 38.8288], [-76.7566, 38.8288], [-76.7496, 38.8219], [-76.7637, 38.8192], [-76.7702, 38.8274], [-76.7752, 38.8396], [-76.7671, 38.8381]]]}}, {"type": "Feature", "properties": {"fips": "24033806100", "gap_national": -14.0, "gap_stratum": -10.6, "burden": 32.9, "capacity": 47.2, "svi": 0.55, "top_decile_gap": 0.0, "stratum": "metropolitan", "scored": 1}, "geometry": {"type": "Polygon", "coordinates": [[[-76.9649, 38.9544], [-76.9484, 38.9659], [-76.9475, 38.9533], [-76.9548, 38.9533], [-76.9579, 38.9488], [-76.9628, 38.954], [-76.9665, 38.9525], [-76.9649, 38.9544]]]}}, {"type": "Feature", "properties": {"fips": "24033801312", "gap_national": -19.0, "gap_stratum": -10.8, "burden": 60.1, "capacity": 72.4, "svi": 0.49, "top_decile_gap": 0.0, "stratum": "metropolitan", "scored": 1}, "geometry": {"type": "Polygon", "coordinates": [[[-76.9758, 38.7353], [-76.9685, 38.7325], [-76.9698, 38.7266], [-76.9724, 38.7261], [-76.9699, 38.72], [-76.9709, 38.7044], [-76.9752, 38.7034], [-76.9799, 38.698], [-76.9866, 38.6987], [-76.9899, 38.7077], [-76.9906, 38.7344], [-76.9758, 38.7353]]]}}, {"type": "Feature", "properties": {"fips": "24033801308", "gap_national": -31.9, "gap_stratum": -23.2, "burden": 55.9, "capacity": 79.6, "svi": 0.12, "top_decile_gap": 0.0, "stratum": "metropolitan", "scored": 1}, "geometry": {"type": "Polygon", "coordinates": [[[-77.0058, 38.718], [-77.0048, 38.7249], [-76.9902, 38.7255], [-76.99, 38.7126], [-77.012, 38.7075], [-77.0159, 38.7108], [-77.0058, 38.718]]]}}, {"type": "Feature", "properties": {"fips": "24033801207", "gap_national": -6.0, "gap_stratum": 0.4, "burden": 71.4, "capacity": 72.8, "svi": 0.3, "top_decile_gap": 0.0, "stratum": "metropolitan", "scored": 1}, "geometry": {"type": "Polygon", "coordinates": [[[-76.8674, 38.7759], [-76.8624, 38.7564], [-76.8465, 38.7462], [-76.861, 38.7353], [-76.8815, 38.7312], [-76.8787, 38.7406], [-76.879, 38.7571], [-76.8848, 38.7683], [-76.8674, 38.7759]]]}}, {"type": "Feature", "properties": {"fips": "24033804002", "gap_national": 61.8, "gap_stratum": 67.8, "burden": 68.2, "capacity": 16.4, "svi": 0.93, "top_decile_gap": 1.0, "stratum": "metropolitan", "scored": 1}, "geometry": {"type": "Polygon", "coordinates": [[[-76.94, 38.9458], [-76.9337, 38.9432], [-76.9293, 38.948], [-76.921, 38.9443], [-76.9163, 38.9467], [-76.9182, 38.9393], [-76.9281, 38.9393], [-76.9363, 38.933], [-76.9394, 38.9333], [-76.944, 38.9382], [-76.9445, 38.9425], [-76.94, 38.9458]]]}}, {"type": "Feature", "properties": {"fips": "24033804400", "gap_national": 36.6, "gap_stratum": 43.1, "burden": 56.1, "capacity": 27.9, "svi": 0.85, "top_decile_gap": 0.0, "stratum": "metropolitan", "scored": 1}, "geometry": {"type": "Polygon", "coordinates": [[[-76.9464, 38.9449], [-76.9436, 38.9439], [-76.944, 38.9382], [-76.9386, 38.933], [-76.9385, 38.9228], [-76.9419, 38.9186], [-76.9588, 38.9316], [-76.9464, 38.9449]]]}}, {"type": "Feature", "properties": {"fips": "24033803803", "gap_national": 38.7, "gap_stratum": 45.5, "burden": 54.5, "capacity": 23.8, "svi": 0.88, "top_decile_gap": 0.0, "stratum": "metropolitan", "scored": 1}, "geometry": {"type": "Polygon", "coordinates": [[[-76.9055, 38.9612], [-76.9005, 38.9632], [-76.8855, 38.9517], [-76.892, 38.947], [-76.9087, 38.9542], [-76.9055, 38.9612]]]}}, {"type": "Feature", "properties": {"fips": "24033801311", "gap_national": -31.5, "gap_stratum": -23.0, "burden": 50.4, "capacity": 73.4, "svi": 0.08, "top_decile_gap": 0.0, "stratum": "metropolitan", "scored": 1}, "geometry": {"type": "Polygon", "coordinates": [[[-76.9866, 38.6987], [-76.9799, 38.698], [-76.9752, 38.7034], [-76.9709, 38.7044], [-76.9699, 38.72], [-76.9724, 38.7261], [-76.9698, 38.7266], [-76.9685, 38.7325], [-76.9705, 38.7349], [-76.9679, 38.7351], [-76.9685, 38.7374], [-76.9639, 38.742], [-76.9421, 38.7587], [-76.9271, 38.752], [-76.932, 38.7477], [-76.9291, 38.7378], [-76.9197, 38.7287], [-76.9156, 38.7321], [-76.9101, 38.7209], [-76.9177, 38.7202], [-76.9209, 38.7152], [-76.927, 38.715], [-76.9393, 38.7094], [-76.9191, 38.7058], [-76.9234, 38.7034], [-76.9263, 38.6976], [-76.9206, 38.6926], [-76.9216, 38.6854], [-76.9526, 38.6725], [-76.9722, 38.6734], [-76.9814, 38.6883], [-76.9951, 38.6853], [-76.9866, 38.6987]]]}}, {"type": "Feature", "properties": {"fips": "24033801901", "gap_national": -10.9, "gap_stratum": -3.6, "burden": 67.8, "capacity": 73.3, "svi": 0.34, "top_decile_gap": 0.0, "stratum": "metropolitan", "scored": 1}, "geometry": {"type": "Polygon", "coordinates": [[[-76.9193, 38.8197], [-76.9154, 38.8162], [-76.9173, 38.8154], [-76.9154, 38.8131], [-76.9193, 38.8111], [-76.9231, 38.8021], [-76.9104, 38.8006], [-76.9168, 38.794], [-76.9286, 38.7933], [-76.9273, 38.7993], [-76.9366, 38.8076], [-76.9378, 38.8125], [-76.946, 38.8141], [-76.9488, 38.8173], [-76.9193, 38.8197]]]}}, {"type": "Feature", "properties": {"fips": "24033801904", "gap_national": 10.3, "gap_stratum": 15.9, "burden": 59.5, "capacity": 51.9, "svi": 0.53, "top_decile_gap": 0.0, "stratum": "metropolitan", "scored": 1}, "geometry": {"type": "Polygon", "coordinates": [[[-76.9154, 38.8131], [-76.9173, 38.8154], [-76.9154, 38.8162], [-76.9193, 38.8197], [-76.9025, 38.818], [-76.8843, 38.8236], [-76.8739, 38.8307], [-76.868, 38.8299], [-76.8859, 38.8215], [-76.8924, 38.8169], [-76.897, 38.8094], [-76.9104, 38.8006], [-76.9231, 38.8021], [-76.9231, 38.805], [-76.9154, 38.8131]]]}}, {"type": "Feature", "properties": {"fips": "24033802804", "gap_national": 4.2, "gap_stratum": 9.7, "burden": 72.5, "capacity": 66.1, "svi": 0.77, "top_decile_gap": 0.0, "stratum": "metropolitan", "scored": 1}, "geometry": {"type": "Polygon", "coordinates": [[[-76.8629, 38.8898], [-76.8568, 38.8731], [-76.8641, 38.8758], [-76.8781, 38.8755], [-76.8894, 38.8701], [-76.8925, 38.8661], [-76.8981, 38.8869], [-76.8629, 38.8898]]]}}, {"type": "Feature", "properties": {"fips": "24033800515", "gap_national": -15.3, "gap_stratum": -7.9, "burden": 53.1, "capacity": 63.9, "svi": 0.59, "top_decile_gap": 0.0, "stratum": "metropolitan", "scored": 1}, "geometry": {"type": "Polygon", "coordinates": [[[-76.7388, 38.9529], [-76.7275, 38.9473], [-76.7373, 38.9475], [-76.7421, 38.9424], [-76.7398, 38.9365], [-76.7313, 38.9358], [-76.7346, 38.9298], [-76.7329, 38.9257], [-76.743, 38.9253], [-76.7483, 38.936], [-76.7508, 38.9506], [-76.7388, 38.9529]]]}}, {"type": "Feature", "properties": {"fips": "24033800511", "gap_national": -24.9, "gap_stratum": -17.1, "burden": 49.7, "capacity": 67.8, "svi": 0.27, "top_decile_gap": 0.0, "stratum": "metropolitan", "scored": 1}, "geometry": {"type": "Polygon", "coordinates": [[[-76.7329, 38.9257], [-76.7267, 38.9156], [-76.7171, 38.9159], [-76.7182, 38.8986], [-76.736, 38.901], [-76.743, 38.9253], [-76.7329, 38.9257]]]}}, {"type": "Feature", "properties": {"fips": "24033801704", "gap_national": 26.5, "gap_stratum": 30.6, "burden": 69.4, "capacity": 48.8, "svi": 0.82, "top_decile_gap": 0.0, "stratum": "metropolitan", "scored": 1}, "geometry": {"type": "Polygon", "coordinates": [[[-76.9873, 38.8321], [-76.9843, 38.8314], [-76.9702, 38.8236], [-76.964, 38.8172], [-76.986, 38.8186], [-76.9959, 38.8254], [-76.9873, 38.8321]]]}}, {"type": "Feature", "properties": {"fips": "24033801807", "gap_national": -2.1, "gap_stratum": 4.5, "burden": 67.4, "capacity": 66.3, "svi": 0.79, "top_decile_gap": 0.0, "stratum": "metropolitan", "scored": 1}, "geometry": {"type": "Polygon", "coordinates": [[[-76.9581, 38.8549], [-76.9565, 38.8532], [-76.9666, 38.8436], [-76.9634, 38.8376], [-76.9671, 38.8348], [-76.9649, 38.8329], [-76.9699, 38.8297], [-76.9676, 38.8279], [-76.9689, 38.8224], [-76.9873, 38.8321], [-76.9581, 38.8549]]]}}, {"type": "Feature", "properties": {"fips": "24033801701", "gap_national": 8.9, "gap_stratum": 14.5, "burden": 60.8, "capacity": 53.9, "svi": 0.87, "top_decile_gap": 0.0, "stratum": "metropolitan", "scored": 1}, "geometry": {"type": "Polygon", "coordinates": [[[-76.9439, 38.8142], [-76.9389, 38.8135], [-76.9366, 38.8076], [-76.929, 38.8009], [-76.9401, 38.8002], [-76.9586, 38.805], [-76.9439, 38.8142]]]}}, {"type": "Feature", "properties": {"fips": "24005451802", "gap_national": -8.0, "gap_stratum": -1.1, "burden": 68.9, "capacity": 72.0, "svi": 0.54, "top_decile_gap": 0.0, "stratum": "metropolitan", "scored": 1}, "geometry": {"type": "MultiPolygon", "coordinates": [[[[-76.3245, 39.3138], [-76.3214, 39.3129], [-76.3241, 39.3126], [-76.3245, 39.3138]]], [[[-76.3605, 39.3299], [-76.3573, 39.3297], [-76.356, 39.3337], [-76.3493, 39.3369], [-76.3518, 39.3265], [-76.3454, 39.328], [-76.3334, 39.3241], [-76.334, 39.3201], [-76.3292, 39.315], [-76.3387, 39.3128], [-76.3397, 39.3089], [-76.3366, 39.3051], [-76.34, 39.3045], [-76.3482, 39.3176], [-76.3535, 39.3104], [-76.3557, 39.3159], [-76.3624, 39.3204], [-76.3605, 39.3299]]], [[[-76.4047, 39.3375], [-76.4093, 39.3415], [-76.3833, 39.3511], [-76.3865, 39.3473], [-76.3847, 39.3419], [-76.3743, 39.3397], [-76.3756, 39.3362], [-76.3742, 39.3373], [-76.3696, 39.3334], [-76.3769, 39.3354], [-76.3766, 39.3388], [-76.3807, 39.3398], [-76.3821, 39.3372], [-76.39, 39.3343], [-76.3976, 39.3375], [-76.3944, 39.3257], [-76.3926, 39.3225], [-76.3703, 39.3199], [-76.3644, 39.3118], [-76.3711, 39.3042], [-76.3802, 39.2986], [-76.3846, 39.3], [-76.3815, 39.3059], [-76.3839, 39.3084], [-76.3915, 39.3081], [-76.3933, 39.3041], [-76.3957, 39.304], [-76.3988, 39.3093], [-76.4029, 39.3083], [-76.4029, 39.3114], [-76.4048, 39.3115], [-76.4013, 39.3195], [-76.4108, 39.3356], [-76.4047, 39.3375]]]]}}, {"type": "Feature", "properties": {"fips": "24005451701", "gap_national": -42.8, "gap_stratum": -40.6, "burden": 22.9, "capacity": 58.9, "svi": 0.22, "top_decile_gap": 0.0, "stratum": "metropolitan", "scored": 1}, "geometry": {"type": "Polygon", "coordinates": [[[-76.446, 39.3707], [-76.4359, 39.3647], [-76.4249, 39.3784], [-76.4228, 39.3761], [-76.4165, 39.3754], [-76.3994, 39.3637], [-76.3686, 39.3624], [-76.3833, 39.3511], [-76.4093, 39.3415], [-76.4166, 39.3413], [-76.4251, 39.3446], [-76.435, 39.3413], [-76.4367, 39.3531], [-76.4504, 39.3483], [-76.453, 39.3524], [-76.4605, 39.3557], [-76.446, 39.3707]]]}}, {"type": "Feature", "properties": {"fips": "24005451000", "gap_national": -30.4, "gap_stratum": -21.9, "burden": 58.7, "capacity": 81.5, "svi": 0.08, "top_decile_gap": 0.0, "stratum": "metropolitan", "scored": 1}, "geometry": {"type": "Polygon", "coordinates": [[[-76.4435, 39.2808], [-76.4341, 39.2854], [-76.4292, 39.2926], [-76.4269, 39.2887], [-76.4139, 39.2861], [-76.4032, 39.2875], [-76.3973, 39.2908], [-76.3933, 39.2863], [-76.3826, 39.2865], [-76.3816, 39.2843], [-76.3849, 39.2759], [-76.3933, 39.2777], [-76.3979, 39.2725], [-76.3992, 39.2703], [-76.3951, 39.2693], [-76.3954, 39.2668], [-76.4049, 39.2555], [-76.4009, 39.249], [-76.4081, 39.2471], [-76.4106, 39.249], [-76.4157, 39.2478], [-76.427, 39.2549], [-76.4366, 39.2534], [-76.4389, 39.2486], [-76.4462, 39.264], [-76.4435, 39.2808]]]}}, {"type": "Feature", "properties": {"fips": "24005400500", "gap_national": -74.3, "gap_stratum": -70.1, "burden": 23.1, "capacity": 84.7, "svi": 0.08, "top_decile_gap": 0.0, "stratum": "metropolitan", "scored": 1}, "geometry": {"type": "Polygon", "coordinates": [[[-76.7647, 39.2651], [-76.746, 39.2689], [-76.7432, 39.2601], [-76.7376, 39.2538], [-76.74, 39.2504], [-76.738, 39.2451], [-76.7419, 39.238], [-76.7406, 39.2356], [-76.7419, 39.2346], [-76.7566, 39.2475], [-76.764, 39.2466], [-76.764, 39.2519], [-76.7682, 39.253], [-76.7647, 39.2651]]]}}, {"type": "Feature", "properties": {"fips": "24005430101", "gap_national": 60.2, "gap_stratum": 66.5, "burden": 66.7, "capacity": 16.1, "svi": 0.86, "top_decile_gap": 1.0, "stratum": "metropolitan", "scored": 1}, "geometry": {"type": "Polygon", "coordinates": [[[-76.6467, 39.2468], [-76.6442, 39.2489], [-76.6403, 39.247], [-76.6414, 39.2256], [-76.6505, 39.2295], [-76.6467, 39.2468]]]}}, {"type": "Feature", "properties": {"fips": "24005430200", "gap_national": 24.6, "gap_stratum": 30.3, "burden": 56.7, "capacity": 38.9, "svi": 0.55, "top_decile_gap": 0.0, "stratum": "metropolitan", "scored": 1}, "geometry": {"type": "Polygon", "coordinates": [[[-76.6646, 39.2515], [-76.6599, 39.2555], [-76.6442, 39.2489], [-76.6498, 39.2433], [-76.6659, 39.2428], [-76.6646, 39.2515]]]}}, {"type": "Feature", "properties": {"fips": "24005430400", "gap_national": -11.4, "gap_stratum": -6.4, "burden": 41.3, "capacity": 52.3, "svi": 0.26, "top_decile_gap": 0.0, "stratum": "metropolitan", "scored": 1}, "geometry": {"type": "Polygon", "coordinates": [[[-76.6904, 39.2556], [-76.6835, 39.2659], [-76.6599, 39.2555], [-76.664, 39.2525], [-76.6653, 39.2442], [-76.6702, 39.2377], [-76.6784, 39.2318], [-76.6926, 39.2276], [-76.6904, 39.2556]]]}}, {"type": "Feature", "properties": {"fips": "24005421102", "gap_national": 47.2, "gap_stratum": 48.4, "burden": 81.4, "capacity": 43.0, "svi": 0.65, "top_decile_gap": 0.0, "stratum": "metropolitan", "scored": 1}, "geometry": {"type": "Polygon", "coordinates": [[[-76.5231, 39.2558], [-76.5211, 39.2515], [-76.5097, 39.252], [-76.5079, 39.2453], [-76.515, 39.2458], [-76.5128, 39.2431], [-76.5296, 39.2403], [-76.5298, 39.2576], [-76.5231, 39.2558]]]}}, {"type": "Feature", "properties": {"fips": "24005450501", "gap_national": 39.5, "gap_stratum": 42.8, "burden": 73.3, "capacity": 42.4, "svi": 0.75, "top_decile_gap": 0.0, "stratum": "metropolitan", "scored": 1}, "geometry": {"type": "MultiPolygon", "coordinates": [[[[-76.4625, 39.2938], [-76.4628, 39.2943], [-76.4626, 39.2944], [-76.4625, 39.2938]]], [[[-76.4683, 39.3114], [-76.4548, 39.3201], [-76.4487, 39.313], [-76.4542, 39.3096], [-76.4523, 39.3044], [-76.4626, 39.2955], [-76.4675, 39.2996], [-76.4683, 39.3114]]]]}}, {"type": "Feature", "properties": {"fips": "24005452100", "gap_national": -12.5, "gap_stratum": -5.5, "burden": 52.5, "capacity": 61.5, "svi": 0.26, "top_decile_gap": 0.0, "stratum": "metropolitan", "scored": 1}, "geometry": {"type": "Polygon", "coordinates": [[[-76.4646, 39.2317], [-76.4584, 39.2327], [-76.456, 39.2384], [-76.4378, 39.2282], [-76.4405, 39.2213], [-76.439, 39.2183], [-76.4367, 39.2196], [-76.4368, 39.2175], [-76.4448, 39.2153], [-76.4468, 39.2183], [-76.4593, 39.2181], [-76.4638, 39.224], [-76.469, 39.2234], [-76.4646, 39.2317]]]}}, {"type": "Feature", "properties": {"fips": "24005490500", "gap_national": -75.6, "gap_stratum": -71.0, "burden": 26.6, "capacity": 94.0, "svi": 0.09, "top_decile_gap": 0.0, "stratum": "metropolitan", "scored": 1}, "geometry": {"type": "Polygon", "coordinates": [[[-76.6444, 39.3796], [-76.6412, 39.3891], [-76.6454, 39.3981], [-76.6443, 39.4116], [-76.6305, 39.4135], [-76.6328, 39.4054], [-76.6262, 39.3991], [-76.6284, 39.3902], [-76.6243, 39.3875], [-76.6275, 39.3825], [-76.6262, 39.372], [-76.6526, 39.3725], [-76.6444, 39.3796]]]}}, {"type": "Feature", "properties": {"fips": "24005403803", "gap_national": -58.1, "gap_stratum": -50.7, "burden": 42.4, "capacity": 96.8, "svi": 0.11, "top_decile_gap": 0.0, "stratum": "metropolitan", "scored": 1}, "geometry": {"type": "Polygon", "coordinates": [[[-76.6882, 39.396], [-76.6679, 39.4079], [-76.6678, 39.4009], [-76.6629, 39.3957], [-76.6788, 39.3911], [-76.6789, 39.3878], [-76.6854, 39.3853], [-76.717, 39.38], [-76.7225, 39.3899], [-76.6882, 39.396]]]}}, {"type": "Feature", "properties": {"fips": "24005411409", "gap_national": -43.2, "gap_stratum": -38.5, "burden": 30.6, "capacity": 65.1, "svi": 0.1, "top_decile_gap": 0.0, "stratum": "metropolitan", "scored": 1}, "geometry": {"type": "Polygon", "coordinates": [[[-76.5033, 39.4163], [-76.5, 39.4208], [-76.502, 39.4218], [-76.4965, 39.4209], [-76.4933, 39.424], [-76.4871, 39.4203], [-76.4784, 39.4199], [-76.479, 39.411], [-76.4848, 39.4106], [-76.4854, 39.4073], [-76.4944, 39.4103], [-76.4956, 39.4073], [-76.5038, 39.4067], [-76.5018, 39.4123], [-76.5033, 39.4163]]]}}, {"type": "Feature", "properties": {"fips": "24005491100", "gap_national": -58.4, "gap_stratum": -55.4, "burden": 20.6, "capacity": 67.7, "svi": 0.15, "top_decile_gap": 0.0, "stratum": "metropolitan", "scored": 1}, "geometry": {"type": "Polygon", "coordinates": [[[-76.6085, 39.3784], [-76.5878, 39.3753], [-76.5835, 39.3721], [-76.6098, 39.3722], [-76.6085, 39.3784]]]}}, {"type": "Feature", "properties": {"fips": "24005450900", "gap_national": -30.0, "gap_stratum": -21.4, "burden": 52.5, "capacity": 74.1, "svi": 0.35, "top_decile_gap": 0.0, "stratum": "metropolitan", "scored": 1}, "geometry": {"type": "Polygon", "coordinates": [[[-76.436, 39.3067], [-76.4317, 39.3148], [-76.4233, 39.315], [-76.4109, 39.3075], [-76.4081, 39.3001], [-76.399, 39.297], [-76.3973, 39.2908], [-76.4032, 39.2875], [-76.4139, 39.2861], [-76.4269, 39.2887], [-76.4427, 39.3063], [-76.436, 39.3067]]]}}, {"type": "Feature", "properties": {"fips": "24005406000", "gap_national": -62.1, "gap_stratum": -55.9, "burden": 31.8, "capacity": 82.2, "svi": 0.02, "top_decile_gap": 0.0, "stratum": "metropolitan", "scored": 1}, "geometry": {"type": "Polygon", "coordinates": [[[-76.8024, 39.6676], [-76.8043, 39.6759], [-76.7871, 39.7208], [-76.6977, 39.7211], [-76.6988, 39.7184], [-76.6901, 39.7141], [-76.6895, 39.7104], [-76.6835, 39.7053], [-76.6763, 39.7022], [-76.6775, 39.6987], [-76.6671, 39.6928], [-76.668, 39.6886], [-76.6712, 39.6877], [-76.6659, 39.684], [-76.667, 39.6761], [-76.675, 39.673], [-76.6709, 39.6644], [-76.6754, 39.6601], [-76.6687, 39.6577], [-76.6648, 39.6603], [-76.6625, 39.6542], [-76.6722, 39.6325], [-76.6813, 39.6349], [-76.6931, 39.6315], [-76.6974, 39.6343], [-76.7034, 39.6336], [-76.7032, 39.6268], [-76.7081, 39.6218], [-76.7076, 39.6197], [-76.7112, 39.6234], [-76.721, 39.6267], [-76.7241, 39.6247], [-76.7252, 39.6285], [-76.7395, 39.6421], [-76.7551, 39.6479], [-76.7624, 39.6534], [-76.7729, 39.6493], [-76.7806, 39.655], [-76.7878, 39.6527], [-76.7968, 39.6533], [-76.8061, 39.6578], [-76.8024, 39.6676]]]}}, {"type": "Feature", "properties": {"fips": "24005402504", "gap_national": -21.9, "gap_stratum": -15.2, "burden": 70.2, "capacity": 88.2, "svi": 0.52, "top_decile_gap": 0.0, "stratum": "metropolitan", "scored": 1}, "geometry": {"type": "Polygon", "coordinates": [[[-76.8373, 39.375], [-76.8277, 39.375], [-76.8232, 39.3812], [-76.8104, 39.3742], [-76.8155, 39.3688], [-76.8104, 39.3635], [-76.8139, 39.3541], [-76.8184, 39.3525], [-76.8195, 39.3486], [-76.8174, 39.3454], [-76.822, 39.3435], [-76.8377, 39.344], [-76.8368, 39.3526], [-76.843, 39.3653], [-76.8373, 39.375]]]}}, {"type": "Feature", "properties": {"fips": "24005410100", "gap_national": -70.6, "gap_stratum": -65.4, "burden": 28.5, "capacity": 88.2, "svi": 0.05, "top_decile_gap": 0.0, "stratum": "metropolitan", "scored": 1}, "geometry": {"type": "Polygon", "coordinates": [[[-76.6359, 39.5494], [-76.6401, 39.557], [-76.6325, 39.5617], [-76.6325, 39.5649], [-76.6229, 39.5626], [-76.6153, 39.5677], [-76.61, 39.568], [-76.6113, 39.572], [-76.6227, 39.5728], [-76.6238, 39.5755], [-76.6166, 39.5768], [-76.6212, 39.5818], [-76.6204, 39.5845], [-76.6142, 39.5821], [-76.6111, 39.5847], [-76.626, 39.5987], [-76.6206, 39.6027], [-76.6194, 39.6097], [-76.625, 39.6131], [-76.6204, 39.6199], [-76.6186, 39.6192], [-76.6183, 39.624], [-76.5961, 39.6261], [-76.5805, 39.6345], [-76.5658, 39.6255], [-76.5652, 39.6145], [-76.5601, 39.5961], [-76.5532, 39.5894], [-76.5471, 39.5877], [-76.5439, 39.575], [-76.5401, 39.5737], [-76.5404, 39.5691], [-76.5361, 39.5618], [-76.5323, 39.5616], [-76.5311, 39.5554], [-76.5348, 39.5528], [-76.5321, 39.5513], [-76.531, 39.5438], [-76.5529, 39.5307], [-76.5593, 39.521], [-76.5619, 39.5104], [-76.5704, 39.5051], [-76.5671, 39.4904], [-76.576, 39.4719], [-76.575, 39.4655], [-76.5825, 39.4637], [-76.5844, 39.4696], [-76.5822, 39.4755], [-76.5831, 39.4842], [-76.6097, 39.4886], [-76.606, 39.4928], [-76.615, 39.5052], [-76.6132, 39.5059], [-76.616, 39.511], [-76.6151, 39.5158], [-76.6329, 39.5302], [-76.6329, 39.5338], [-76.6397, 39.5398], [-76.6402, 39.5449], [-76.6359, 39.5494]]]}}, {"type": "Feature", "properties": {"fips": "24005403602", "gap_national": -55.5, "gap_stratum": -54.4, "burden": 15.8, "capacity": 62.2, "svi": 0.33, "top_decile_gap": 0.0, "stratum": "metropolitan", "scored": 1}, "geometry": {"type": "Polygon", "coordinates": [[[-76.673, 39.3838], [-76.659, 39.3855], [-76.6515, 39.3801], [-76.6509, 39.3759], [-76.6527, 39.3721], [-76.6782, 39.372], [-76.673, 39.3838]]]}}, {"type": "Feature", "properties": {"fips": "24005402505", "gap_national": -10.1, "gap_stratum": -3.4, "burden": 71.1, "capacity": 75.9, "svi": 0.79, "top_decile_gap": 0.0, "stratum": "metropolitan", "scored": 1}, "geometry": {"type": "Polygon", "coordinates": [[[-76.8161, 39.3872], [-76.8033, 39.3853], [-76.8104, 39.3742], [-76.8213, 39.3803], [-76.8161, 39.3872]]]}}, {"type": "Feature", "properties": {"fips": "24005408400", "gap_national": -53.4, "gap_stratum": -45.6, "burden": 44.3, "capacity": 90.1, "svi": 0.44, "top_decile_gap": 0.0, "stratum": "metropolitan", "scored": 1}, "geometry": {"type": "Polygon", "coordinates": [[[-76.6642, 39.5102], [-76.6605, 39.5128], [-76.6574, 39.5072], [-76.6504, 39.502], [-76.6503, 39.4956], [-76.6329, 39.4561], [-76.6467, 39.4547], [-76.6596, 39.4633], [-76.663, 39.4704], [-76.6677, 39.5018], [-76.6642, 39.5102]]]}}, {"type": "Feature", "properties": {"fips": "24005402603", "gap_national": -30.5, "gap_stratum": -22.9, "burden": 64.5, "capacity": 91.4, "svi": 0.42, "top_decile_gap": 0.0, "stratum": "metropolitan", "scored": 1}, "geometry": {"type": "Polygon", "coordinates": [[[-76.7868, 39.3882], [-76.7887, 39.3943], [-76.7794, 39.4047], [-76.7703, 39.4036], [-76.7646, 39.3939], [-76.7654, 39.3878], [-76.7595, 39.3846], [-76.7556, 39.3781], [-76.7689, 39.3793], [-76.77, 39.3769], [-76.7812, 39.3805], [-76.7809, 39.3727], [-76.7828, 39.3725], [-76.7905, 39.3747], [-76.7868, 39.3882]]]}}, {"type": "Feature", "properties": {"fips": "24005492600", "gap_national": -38.3, "gap_stratum": -34.6, "burden": 29.0, "capacity": 60.6, "svi": 0.39, "top_decile_gap": 0.0, "stratum": "metropolitan", "scored": 1}, "geometry": {"type": "Polygon", "coordinates": [[[-76.5254, 39.4294], [-76.5186, 39.4317], [-76.5122, 39.4248], [-76.5025, 39.422], [-76.5095, 39.4157], [-76.5178, 39.4213], [-76.5215, 39.419], [-76.5276, 39.4242], [-76.527, 39.4192], [-76.5218, 39.416], [-76.528, 39.4041], [-76.5408, 39.409], [-76.5394, 39.4108], [-76.5414, 39.4179], [-76.5254, 39.4294]]]}}, {"type": "Feature", "properties": {"fips": "24003751700", "gap_national": -62.2, "gap_stratum": -55.8, "burden": 34.5, "capacity": 86.1, "svi": 0.03, "top_decile_gap": 0.0, "stratum": "metropolitan", "scored": 1}, "geometry": {"type": "Polygon", "coordinates": [[[-76.6629, 39.0], [-76.6633, 39.0142], [-76.6585, 39.0193], [-76.6579, 39.0238], [-76.6504, 39.028], [-76.6559, 39.0378], [-76.6481, 39.0409], [-76.6404, 39.04], [-76.6312, 39.0488], [-76.6338, 39.0544], [-76.6278, 39.0596], [-76.6102, 39.0467], [-76.6036, 39.0383], [-76.6039, 39.0294], [-76.6008, 39.026], [-76.6082, 39.0262], [-76.6135, 39.0302], [-76.6154, 39.0258], [-76.6122, 39.0118], [-76.6083, 39.0077], [-76.6098, 39.0015], [-76.6141, 39.0013], [-76.6118, 38.9888], [-76.6089, 38.9861], [-76.6113, 38.9835], [-76.6293, 38.991], [-76.6514, 38.9899], [-76.6586, 38.9934], [-76.6708, 38.9926], [-76.6717, 38.9951], [-76.6629, 39.0]]]}}, {"type": "Feature", "properties": {"fips": "24005440600", "gap_national": -65.4, "gap_stratum": -60.0, "burden": 28.3, "capacity": 81.2, "svi": 0.06, "top_decile_gap": 0.0, "stratum": "metropolitan", "scored": 1}, "geometry": {"type": "Polygon", "coordinates": [[[-76.5009, 39.3818], [-76.4958, 39.3796], [-76.4649, 39.3782], [-76.4542, 39.3745], [-76.4853, 39.3572], [-76.4847, 39.3594], [-76.4913, 39.3616], [-76.4912, 39.3639], [-76.506, 39.3769], [-76.5009, 39.3818]]]}}, {"type": "Feature", "properties": {"fips": "24005490602", "gap_national": -55.8, "gap_stratum": -56.9, "burden": 7.1, "capacity": 57.5, "svi": 0.03, "top_decile_gap": 0.0, "stratum": "metropolitan", "scored": 1}, "geometry": {"type": "Polygon", "coordinates": [[[-76.6105, 39.3835], [-76.6086, 39.3878], [-76.606, 39.3876], [-76.6087, 39.3776], [-76.6202, 39.3767], [-76.6229, 39.3795], [-76.6105, 39.3835]]]}}, {"type": "Feature", "properties": {"fips": "24005401504", "gap_national": -21.2, "gap_stratum": -12.9, "burden": 60.5, "capacity": 74.6, "svi": 0.65, "top_decile_gap": 0.0, "stratum": "metropolitan", "scored": 1}, "geometry": {"type": "Polygon", "coordinates": [[[-76.7854, 39.3074], [-76.7536, 39.3075], [-76.7534, 39.2837], [-76.77, 39.2891], [-76.7791, 39.2971], [-76.7965, 39.305], [-76.7854, 39.3074]]]}}, {"type": "Feature", "properties": {"fips": "24005491000", "gap_national": -81.7, "gap_stratum": -79.0, "burden": 17.0, "capacity": 85.5, "svi": 0.01, "top_decile_gap": 0.0, "stratum": "metropolitan", "scored": 1}, "geometry": {"type": "Polygon", "coordinates": [[[-76.607, 39.3839], [-76.595, 39.3853], [-76.5846, 39.3739], [-76.6082, 39.3794], [-76.607, 39.3839]]]}}, {"type": "Feature", "properties": {"fips": "24005491201", "gap_national": -38.8, "gap_stratum": -33.2, "burden": 34.7, "capacity": 65.3, "svi": 0.31, "top_decile_gap": 0.0, "stratum": "metropolitan", "scored": 1}, "geometry": {"type": "Polygon", "coordinates": [[[-76.5765, 39.3997], [-76.5687, 39.4021], [-76.5642, 39.3991], [-76.5631, 39.3952], [-76.5654, 39.3916], [-76.5838, 39.393], [-76.5884, 39.4016], [-76.5765, 39.3997]]]}}, {"type": "Feature", "properties": {"fips": "24005491401", "gap_national": -19.8, "gap_stratum": -13.4, "burden": 45.0, "capacity": 60.5, "svi": 0.67, "top_decile_gap": 0.0, "stratum": "metropolitan", "scored": 1}, "geometry": {"type": "Polygon", "coordinates": [[[-76.5767, 39.3852], [-76.5709, 39.3831], [-76.5679, 39.3733], [-76.5822, 39.3721], [-76.5767, 39.3852]]]}}, {"type": "Feature", "properties": {"fips": "24005407001", "gap_national": -59.0, "gap_stratum": -52.2, "burden": 35.7, "capacity": 83.6, "svi": 0.04, "top_decile_gap": 0.0, "stratum": "metropolitan", "scored": 1}, "geometry": {"type": "Polygon", "coordinates": [[[-76.7303, 39.6031], [-76.7201, 39.6059], [-76.7147, 39.6109], [-76.7115, 39.6181], [-76.7076, 39.6197], [-76.7081, 39.6218], [-76.7032, 39.6268], [-76.7034, 39.6336], [-76.6974, 39.6343], [-76.6931, 39.6315], [-76.6813, 39.6349], [-76.6722, 39.6325], [-76.6614, 39.6132], [-76.6567, 39.6193], [-76.6581, 39.6231], [-76.6346, 39.6265], [-76.6297, 39.6215], [-76.6302, 39.6177], [-76.624, 39.6165], [-76.6229, 39.6142], [-76.625, 39.6131], [-76.6194, 39.6097], [-76.6206, 39.6027], [-76.626, 39.5987], [-76.6111, 39.5847], [-76.6142, 39.5821], [-76.6204, 39.5845], [-76.6212, 39.5818], [-76.6179, 39.5788], [-76.628, 39.5817], [-76.6381, 39.5793], [-76.6445, 39.575], [-76.6522, 39.577], [-76.6568, 39.5749], [-76.6587, 39.5711], [-76.6557, 39.564], [-76.6704, 39.5623], [-76.6797, 39.5658], [-76.6822, 39.5719], [-76.713, 39.5786], [-76.7174, 39.583], [-76.7332, 39.5906], [-76.7348, 39.5978], [-76.7303, 39.6031]]]}}, {"type": "Feature", "properties": {"fips": "24005490302", "gap_national": -51.6, "gap_stratum": -50.2, "burden": 18.1, "capacity": 61.2, "svi": 0.35, "top_decile_gap": 0.0, "stratum": "metropolitan", "scored": 1}, "geometry": {"type": "Polygon", "coordinates": [[[-76.6005, 39.4131], [-76.59, 39.4143], [-76.5687, 39.4021], [-76.5765, 39.3997], [-76.6014, 39.4061], [-76.6005, 39.4131]]]}}, {"type": "Feature", "properties": {"fips": "24005492002", "gap_national": -32.8, "gap_stratum": -26.1, "burden": 40.7, "capacity": 66.0, "svi": 0.33, "top_decile_gap": 0.0, "stratum": "metropolitan", "scored": 1}, "geometry": {"type": "Polygon", "coordinates": [[[-76.5484, 39.3969], [-76.5426, 39.3933], [-76.5445, 39.3878], [-76.5434, 39.3807], [-76.5466, 39.3757], [-76.5563, 39.3804], [-76.5484, 39.3969]]]}}, {"type": "Feature", "properties": {"fips": "24005411406", "gap_national": -47.3, "gap_stratum": -39.4, "burden": 42.5, "capacity": 79.5, "svi": 0.25, "top_decile_gap": 0.0, "stratum": "metropolitan", "scored": 1}, "geometry": {"type": "Polygon", "coordinates": [[[-76.4772, 39.4075], [-76.4793, 39.4129], [-76.4784, 39.4199], [-76.4754, 39.4218], [-76.4774, 39.4288], [-76.4709, 39.4301], [-76.4642, 39.4361], [-76.4477, 39.4323], [-76.4448, 39.4274], [-76.4821, 39.3986], [-76.4772, 39.4075]]]}}, {"type": "Feature", "properties": {"fips": "24005401101", "gap_national": 0.2, "gap_stratum": 6.6, "burden": 65.3, "capacity": 63.1, "svi": 0.69, "top_decile_gap": 0.0, "stratum": "metropolitan", "scored": 1}, "geometry": {"type": "Polygon", "coordinates": [[[-76.7349, 39.3063], [-76.7167, 39.3023], [-76.7312, 39.2929], [-76.7315, 39.2882], [-76.7388, 39.2863], [-76.7418, 39.2902], [-76.7438, 39.306], [-76.7349, 39.3063]]]}}, {"type": "Feature", "properties": {"fips": "24005401503", "gap_national": -47.3, "gap_stratum": -41.1, "burden": 34.4, "capacity": 71.3, "svi": 0.31, "top_decile_gap": 0.0, "stratum": "metropolitan", "scored": 1}, "geometry": {"type": "Polygon", "coordinates": [[[-76.7897, 39.2734], [-76.7852, 39.2829], [-76.7846, 39.2926], [-76.7786, 39.295], [-76.7638, 39.2863], [-76.7534, 39.2837], [-76.7564, 39.2738], [-76.7661, 39.2753], [-76.7819, 39.2627], [-76.7911, 39.2654], [-76.7944, 39.2703], [-76.7897, 39.2734]]]}}, {"type": "Feature", "properties": {"fips": "24005400701", "gap_national": -16.5, "gap_stratum": -12.9, "burden": 34.1, "capacity": 50.1, "svi": 0.48, "top_decile_gap": 0.0, "stratum": "metropolitan", "scored": 1}, "geometry": {"type": "Polygon", "coordinates": [[[-76.7251, 39.2898], [-76.7156, 39.2821], [-76.7277, 39.2799], [-76.7388, 39.2863], [-76.7251, 39.2898]]]}}, {"type": "Feature", "properties": {"fips": "24005401200", "gap_national": 1.9, "gap_stratum": 7.5, "burden": 72.5, "capacity": 67.7, "svi": 0.45, "top_decile_gap": 0.0, "stratum": "metropolitan", "scored": 1}, "geometry": {"type": "Polygon", "coordinates": [[[-76.7242, 39.3234], [-76.7177, 39.3263], [-76.7132, 39.3249], [-76.7114, 39.3272], [-76.7112, 39.3034], [-76.715, 39.3111], [-76.7244, 39.3128], [-76.7288, 39.3166], [-76.7242, 39.3234]]]}}, {"type": "Feature", "properties": {"fips": "24005420302", "gap_national": 43.6, "gap_stratum": 49.7, "burden": 61.9, "capacity": 27.7, "svi": 0.62, "top_decile_gap": 0.0, "stratum": "metropolitan", "scored": 1}, "geometry": {"type": "Polygon", "coordinates": [[[-76.4804, 39.2719], [-76.4787, 39.2654], [-76.4947, 39.2701], [-76.4942, 39.2723], [-76.4804, 39.2719]]]}}, {"type": "Feature", "properties": {"fips": "24005420402", "gap_national": 28.0, "gap_stratum": 32.3, "burden": 68.6, "capacity": 47.1, "svi": 0.45, "top_decile_gap": 0.0, "stratum": "metropolitan", "scored": 1}, "geometry": {"type": "Polygon", "coordinates": [[[-76.4769, 39.2609], [-76.4791, 39.254], [-76.4838, 39.2553], [-76.4826, 39.2566], [-76.4877, 39.2615], [-76.4998, 39.2679], [-76.4769, 39.2609]]]}}, {"type": "Feature", "properties": {"fips": "24005450504", "gap_national": 51.7, "gap_stratum": 55.6, "burden": 73.0, "capacity": 32.1, "svi": 0.87, "top_decile_gap": 0.0, "stratum": "metropolitan", "scored": 1}, "geometry": {"type": "Polygon", "coordinates": [[[-76.4512, 39.3118], [-76.4487, 39.313], [-76.4378, 39.301], [-76.4475, 39.2934], [-76.451, 39.2936], [-76.4459, 39.3009], [-76.4507, 39.303], [-76.4475, 39.3054], [-76.4513, 39.3097], [-76.4512, 39.3118]]]}}, {"type": "Feature", "properties": {"fips": "24005411404", "gap_national": -35.1, "gap_stratum": -27.7, "burden": 43.1, "capacity": 69.6, "svi": 0.08, "top_decile_gap": 0.0, "stratum": "metropolitan", "scored": 1}, "geometry": {"type": "Polygon", "coordinates": [[[-76.5065, 39.4197], [-76.5025, 39.422], [-76.5, 39.4208], [-76.5033, 39.4163], [-76.5013, 39.415], [-76.5038, 39.4067], [-76.4956, 39.4073], [-76.4986, 39.3956], [-76.5233, 39.3948], [-76.5065, 39.4197]]]}}, {"type": "Feature", "properties": {"fips": "24005402604", "gap_national": -7.0, "gap_stratum": -3.4, "burden": 82.6, "capacity": 85.6, "svi": 0.47, "top_decile_gap": 0.0, "stratum": "metropolitan", "scored": 1}, "geometry": {"type": "Polygon", "coordinates": [[[-76.7905, 39.3747], [-76.7809, 39.3727], [-76.7812, 39.3805], [-76.77, 39.3769], [-76.7689, 39.3793], [-76.745, 39.3763], [-76.7483, 39.3695], [-76.7561, 39.3667], [-76.7817, 39.3714], [-76.7887, 39.37], [-76.7913, 39.366], [-76.7949, 39.3683], [-76.7905, 39.3747]]]}}, {"type": "Feature", "properties": {"fips": "24005403601", "gap_national": -60.0, "gap_stratum": -53.3, "burden": 35.9, "capacity": 85.1, "svi": 0.14, "top_decile_gap": 0.0, "stratum": "metropolitan", "scored": 1}, "geometry": {"type": "Polygon", "coordinates": [[[-76.6854, 39.3853], [-76.6789, 39.3878], [-76.6788, 39.3911], [-76.667, 39.3957], [-76.6629, 39.3957], [-76.6596, 39.3893], [-76.659, 39.3855], [-76.6744, 39.3829], [-76.6782, 39.372], [-76.6823, 39.3722], [-76.6854, 39.3853]]]}}, {"type": "Feature", "properties": {"fips": "24005402307", "gap_national": 2.8, "gap_stratum": 8.6, "burden": 70.7, "capacity": 65.7, "svi": 0.81, "top_decile_gap": 0.0, "stratum": "metropolitan", "scored": 1}, "geometry": {"type": "Polygon", "coordinates": [[[-76.7582, 39.3665], [-76.7483, 39.3695], [-76.7457, 39.3493], [-76.7656, 39.3564], [-76.7582, 39.3665]]]}}, {"type": "Feature", "properties": {"fips": "24005403300", "gap_national": -43.0, "gap_stratum": -34.6, "burden": 46.9, "capacity": 80.3, "svi": 0.26, "top_decile_gap": 0.0, "stratum": "metropolitan", "scored": 1}, "geometry": {"type": "Polygon", "coordinates": [[[-76.7387, 39.3684], [-76.7428, 39.3712], [-76.7446, 39.3771], [-76.7215, 39.3631], [-76.742, 39.3599], [-76.7455, 39.3612], [-76.7387, 39.3684]]]}}, {"type": "Feature", "properties": {"fips": "24005400702", "gap_national": 9.9, "gap_stratum": 15.6, "burden": 58.3, "capacity": 51.2, "svi": 0.48, "top_decile_gap": 0.0, "stratum": "metropolitan", "scored": 1}, "geometry": {"type": "Polygon", "coordinates": [[[-76.7112, 39.2917], [-76.7112, 39.2874], [-76.7156, 39.2821], [-76.7251, 39.2898], [-76.7112, 39.2917]]]}}, {"type": "Feature", "properties": {"fips": "24003731003", "gap_national": -53.0, "gap_stratum": -48.0, "burden": 28.5, "capacity": 70.4, "svi": 0.04, "top_decile_gap": 0.0, "stratum": "metropolitan", "scored": 1}, "geometry": {"type": "Polygon", "coordinates": [[[-76.4558, 39.0415], [-76.4445, 39.0396], [-76.4438, 39.044], [-76.4469, 39.044], [-76.4455, 39.0473], [-76.4514, 39.0527], [-76.4405, 39.059], [-76.4356, 39.0565], [-76.4389, 39.0528], [-76.4297, 39.0464], [-76.4336, 39.0344], [-76.4373, 39.0347], [-76.4436, 39.0292], [-76.45, 39.0346], [-76.4567, 39.036], [-76.4558, 39.0415]]]}}, {"type": "Feature", "properties": {"fips": "24003730300", "gap_national": 4.6, "gap_stratum": 10.3, "burden": 51.0, "capacity": 49.0, "svi": 0.39, "top_decile_gap": 0.0, "stratum": "metropolitan", "scored": 1}, "geometry": {"type": "Polygon", "coordinates": [[[-76.6116, 39.1591], [-76.6018, 39.1572], [-76.5929, 39.148], [-76.6028, 39.1408], [-76.617, 39.1567], [-76.6116, 39.1591]]]}}, {"type": "Feature", "properties": {"fips": "24003751600", "gap_national": -33.7, "gap_stratum": -26.0, "burden": 63.2, "capacity": 95.4, "svi": 0.28, "top_decile_gap": 0.0, "stratum": "metropolitan", "scored": 1}, "geometry": {"type": "Polygon", "coordinates": [[[-76.6135, 39.0302], [-76.6082, 39.0262], [-76.5948, 39.0244], [-76.5768, 39.0154], [-76.5799, 39.0117], [-76.5731, 39.0059], [-76.5673, 38.9886], [-76.5761, 38.972], [-76.5757, 38.9562], [-76.5877, 38.9627], [-76.5949, 38.963], [-76.6017, 38.9717], [-76.6039, 38.9801], [-76.6118, 38.9888], [-76.6141, 39.0013], [-76.6098, 39.0015], [-76.6083, 39.0077], [-76.6122, 39.0118], [-76.6154, 39.0258], [-76.6135, 39.0302]]]}}, {"type": "Feature", "properties": {"fips": "24003702100", "gap_national": -56.9, "gap_stratum": -50.4, "burden": 33.4, "capacity": 78.5, "svi": 0.01, "top_decile_gap": 0.0, "stratum": "metropolitan", "scored": 1}, "geometry": {"type": "Polygon", "coordinates": [[[-76.6263, 39.0809], [-76.6207, 39.0795], [-76.6169, 39.0811], [-76.6147, 39.0765], [-76.6092, 39.0817], [-76.5989, 39.0757], [-76.5693, 39.0658], [-76.5453, 39.0405], [-76.5692, 39.0352], [-76.5706, 39.0334], [-76.5684, 39.0313], [-76.5735, 39.0239], [-76.5718, 39.0153], [-76.5768, 39.0154], [-76.6031, 39.0278], [-76.6036, 39.0383], [-76.6102, 39.0467], [-76.6293, 39.0615], [-76.6305, 39.0729], [-76.6263, 39.0809]]]}}, {"type": "Feature", "properties": {"fips": "24003707001", "gap_national": -44.1, "gap_stratum": -36.4, "burden": 41.0, "capacity": 74.9, "svi": 0.02, "top_decile_gap": 0.0, "stratum": "metropolitan", "scored": 1}, "geometry": {"type": "Polygon", "coordinates": [[[-76.5819, 38.8315], [-76.5644, 38.8405], [-76.555, 38.8345], [-76.5446, 38.8331], [-76.5356, 38.8417], [-76.5313, 38.8501], [-76.5254, 38.8515], [-76.5199, 38.8501], [-76.5149, 38.8522], [-76.5033, 38.8455], [-76.4998, 38.8522], [-76.4966, 38.8531], [-76.4899, 38.8387], [-76.4958, 38.8301], [-76.4979, 38.8148], [-76.5067, 38.8098], [-76.5063, 38.8055], [-76.5109, 38.8081], [-76.5275, 38.805], [-76.532, 38.8086], [-76.5393, 38.8087], [-76.539, 38.8151], [-76.5522, 38.8145], [-76.5564, 38.8076], [-76.5549, 38.7936], [-76.5734, 38.7939], [-76.5781, 38.8173], [-76.5869, 38.8311], [-76.5819, 38.8315]]]}}, {"type": "Feature", "properties": {"fips": "24003730901", "gap_national": -56.4, "gap_stratum": -49.0, "burden": 40.5, "capacity": 87.8, "svi": 0.25, "top_decile_gap": 0.0, "stratum": "metropolitan", "scored": 1}, "geometry": {"type": "Polygon", "coordinates": [[[-76.4816, 39.0186], [-76.4758, 39.0181], [-76.4746, 39.0151], [-76.4568, 39.0066], [-76.4555, 38.9979], [-76.4493, 38.9937], [-76.4505, 38.9776], [-76.4546, 38.9745], [-76.4545, 38.9824], [-76.4585, 38.9847], [-76.4631, 38.9811], [-76.4746, 38.9818], [-76.5037, 39.0064], [-76.4816, 39.0186]]]}}, {"type": "Feature", "properties": {"fips": "24003740800", "gap_national": -49.0, "gap_stratum": -41.0, "burden": 43.4, "capacity": 82.5, "svi": 0.19, "top_decile_gap": 0.0, "stratum": "metropolitan", "scored": 1}, "geometry": {"type": "Polygon", "coordinates": [[[-76.683, 39.0621], [-76.6739, 39.0677], [-76.669, 39.0678], [-76.6635, 39.0721], [-76.6554, 39.0851], [-76.6348, 39.0862], [-76.6259, 39.083], [-76.6305, 39.0729], [-76.6278, 39.0596], [-76.6338, 39.0544], [-76.6312, 39.0488], [-76.6404, 39.04], [-76.6481, 39.0409], [-76.6568, 39.0377], [-76.6688, 39.0431], [-76.6748, 39.0389], [-76.6948, 39.0518], [-76.6969, 39.0607], [-76.683, 39.0621]]]}}, {"type": "Feature", "properties": {"fips": "24003750201", "gap_national": 21.1, "gap_stratum": 23.5, "burden": 81.4, "capacity": 60.9, "svi": 0.94, "top_decile_gap": 0.0, "stratum": "metropolitan", "scored": 1}, "geometry": {"type": "Polygon", "coordinates": [[[-76.6414, 39.2256], [-76.6315, 39.2239], [-76.6245, 39.2293], [-76.6254, 39.2078], [-76.6315, 39.2027], [-76.6417, 39.2063], [-76.6447, 39.2169], [-76.6414, 39.2256]]]}}, {"type": "Feature", "properties": {"fips": "24003750803", "gap_national": 13.9, "gap_stratum": 19.4, "burden": 47.7, "capacity": 39.2, "svi": 0.66, "top_decile_gap": 0.0, "stratum": "metropolitan", "scored": 1}, "geometry": {"type": "Polygon", "coordinates": [[[-76.6315, 39.2027], [-76.6145, 39.2063], [-76.6135, 39.1983], [-76.6169, 39.1993], [-76.617, 39.1936], [-76.6233, 39.1922], [-76.6288, 39.1951], [-76.6246, 39.1866], [-76.6327, 39.1851], [-76.6315, 39.2027]]]}}, {"type": "Feature", "properties": {"fips": "24003731303", "gap_national": -43.5, "gap_stratum": -35.2, "burden": 45.8, "capacity": 79.4, "svi": 0.09, "top_decile_gap": 0.0, "stratum": "metropolitan", "scored": 1}, "geometry": {"type": "Polygon", "coordinates": [[[-76.4849, 39.1175], [-76.4776, 39.1258], [-76.4505, 39.1287], [-76.4433, 39.1266], [-76.4421, 39.1315], [-76.4373, 39.1358], [-76.431, 39.1321], [-76.4331, 39.1112], [-76.4222, 39.0838], [-76.4245, 39.0711], [-76.4356, 39.0565], [-76.4525, 39.0632], [-76.4587, 39.0884], [-76.468, 39.1045], [-76.4919, 39.1073], [-76.4968, 39.1088], [-76.5013, 39.1138], [-76.4849, 39.1175]]]}}, {"type": "Feature", "properties": {"fips": "24037875300", "gap_national": -11.5, "gap_stratum": -4.0, "burden": 65.2, "capacity": 71.2, "svi": 0.37, "top_decile_gap": 0.0, "stratum": "metropolitan", "scored": 1}, "geometry": {"type": "MultiPolygon", "coordinates": [[[[-76.7423, 38.209], [-76.745, 38.2072], [-76.7475, 38.2121], [-76.7473, 38.2156], [-76.7423, 38.209]]], [[[-76.7941, 38.2392], [-76.7898, 38.2384], [-76.7931, 38.2352], [-76.7964, 38.2382], [-76.7941, 38.2392]]], [[[-76.8109, 38.2529], [-76.8089, 38.2509], [-76.81, 38.2504], [-76.8109, 38.2529]]], [[[-76.8081, 38.3059], [-76.8062, 38.3093], [-76.7908, 38.3131], [-76.7659, 38.3253], [-76.755, 38.3194], [-76.7475, 38.3245], [-76.735, 38.3158], [-76.7275, 38.3265], [-76.7227, 38.3249], [-76.7295, 38.3172], [-76.7198, 38.3013], [-76.7138, 38.2859], [-76.7115, 38.2678], [-76.7131, 38.2589], [-76.7231, 38.2415], [-76.7321, 38.246], [-76.7401, 38.2352], [-76.7447, 38.2326], [-76.7448, 38.2278], [-76.7523, 38.2221], [-76.7786, 38.2285], [-76.7789, 38.2344], [-76.7758, 38.2356], [-76.7778, 38.2429], [-76.7855, 38.2455], [-76.7855, 38.2494], [-76.7888, 38.2512], [-76.8008, 38.2499], [-76.8059, 38.2523], [-76.8057, 38.2623], [-76.809, 38.269], [-76.8021, 38.2767], [-76.8023, 38.2807], [-76.8071, 38.2854], [-76.8132, 38.2868], [-76.814, 38.2913], [-76.8213, 38.2997], [-76.8081, 38.3059]]]]}}, {"type": "Feature", "properties": {"fips": "24037876001", "gap_national": 28.4, "gap_stratum": 33.3, "burden": 64.9, "capacity": 43.4, "svi": 0.83, "top_decile_gap": 0.0, "stratum": "metropolitan", "scored": 1}, "geometry": {"type": "Polygon", "coordinates": [[[-76.4846, 38.2793], [-76.4779, 38.2867], [-76.467, 38.2798], [-76.4583, 38.2685], [-76.4523, 38.2658], [-76.475, 38.2568], [-76.4769, 38.264], [-76.4817, 38.2625], [-76.4841, 38.2655], [-76.4914, 38.2568], [-76.4947, 38.276], [-76.4846, 38.2793]]]}}, {"type": "Feature", "properties": {"fips": "24037875202", "gap_national": -7.0, "gap_stratum": -1.0, "burden": 49.4, "capacity": 55.5, "svi": 0.2, "top_decile_gap": 0.0, "stratum": "metropolitan", "scored": 1}, "geometry": {"type": "Polygon", "coordinates": [[[-76.868, 38.3922], [-76.8643, 38.3916], [-76.8503, 38.3983], [-76.8481, 38.4061], [-76.8296, 38.4211], [-76.8227, 38.4284], [-76.8202, 38.4351], [-76.8123, 38.4333], [-76.8036, 38.4356], [-76.7981, 38.4314], [-76.7944, 38.4224], [-76.7813, 38.4152], [-76.7781, 38.4109], [-76.772, 38.4128], [-76.7659, 38.4106], [-76.7672, 38.4024], [-76.7756, 38.392], [-76.776, 38.3829], [-76.782, 38.3797], [-76.7845, 38.3697], [-76.7793, 38.3573], [-76.7747, 38.3341], [-76.7663, 38.3243], [-76.8003, 38.3095], [-76.8062, 38.3093], [-76.8081, 38.3059], [-76.8215, 38.2996], [-76.8249, 38.3012], [-76.8231, 38.3091], [-76.8287, 38.3135], [-76.8327, 38.3301], [-76.8351, 38.3339], [-76.8416, 38.3368], [-76.8298, 38.3419], [-76.8271, 38.3474], [-76.8479, 38.3554], [-76.8499, 38.3658], [-76.8713, 38.3776], [-76.8742, 38.3837], [-76.868, 38.3922]]]}}, {"type": "Feature", "properties": {"fips": "24031705702", "gap_national": -80.2, "gap_stratum": -76.8, "burden": 20.8, "capacity": 89.8, "svi": 0.11, "top_decile_gap": 0.0, "stratum": "metropolitan", "scored": 1}, "geometry": {"type": "Polygon", "coordinates": [[[-77.1212, 38.9635], [-77.1071, 38.9569], [-77.1013, 38.9485], [-77.1125, 38.9401], [-77.118, 38.9485], [-77.1201, 38.9486], [-77.1212, 38.9635]]]}}, {"type": "Feature", "properties": {"fips": "24039930101", "gap_national": 50.6, "gap_stratum": 53.0, "burden": 77.7, "capacity": 37.4, "svi": 0.95, "top_decile_gap": 0.0, "stratum": "metropolitan", "scored": 1}, "geometry": {"type": "Polygon", "coordinates": [[[-75.6962, 38.2234], [-75.6441, 38.2893], [-75.6331, 38.289], [-75.6265, 38.2826], [-75.6128, 38.2786], [-75.6103, 38.2664], [-75.6049, 38.26], [-75.6058, 38.2491], [-75.5868, 38.2236], [-75.5765, 38.2203], [-75.5756, 38.2108], [-75.5635, 38.2022], [-75.5579, 38.1916], [-75.5527, 38.1877], [-75.5602, 38.1865], [-75.5779, 38.1899], [-75.588, 38.1885], [-75.5951, 38.191], [-75.6037, 38.1901], [-75.6133, 38.1938], [-75.6195, 38.187], [-75.6155, 38.1864], [-75.6122, 38.1811], [-75.6109, 38.1783], [-75.6128, 38.1758], [-75.6228, 38.1739], [-75.6441, 38.1591], [-75.6556, 38.156], [-75.6569, 38.1492], [-75.6551, 38.1479], [-75.6631, 38.144], [-75.659, 38.1369], [-75.6867, 38.1591], [-75.6899, 38.1839], [-75.6967, 38.1943], [-75.7007, 38.2103], [-75.6962, 38.2234]]]}}, {"type": "Feature", "properties": {"fips": "24039930600", "gap_national": 9.9, "gap_stratum": -3.2, "burden": 83.9, "capacity": 70.4, "svi": 0.85, "top_decile_gap": 0.0, "stratum": "rural", "scored": 1}, "geometry": {"type": "Polygon", "coordinates": [[[-75.8882, 37.9879], [-75.8855, 37.9961], [-75.8674, 38.0239], [-75.8742, 38.0284], [-75.8707, 38.035], [-75.8575, 38.0388], [-75.8505, 38.0367], [-75.8455, 38.0283], [-75.8422, 38.0289], [-75.8409, 38.0228], [-75.8432, 38.0219], [-75.8561, 37.9948], [-75.8518, 37.9953], [-75.8446, 37.9907], [-75.837, 37.9897], [-75.8239, 37.9907], [-75.8228, 37.9838], [-75.8307, 37.9856], [-75.8338, 37.975], [-75.8361, 37.976], [-75.8439, 37.9724], [-75.8471, 37.9644], [-75.8621, 37.9565], [-75.8652, 37.9651], [-75.8619, 37.9734], [-75.8638, 37.9761], [-75.8705, 37.9767], [-75.8787, 37.9698], [-75.8901, 37.977], [-75.8933, 37.9745], [-75.8897, 37.9698], [-75.8984, 37.9748], [-75.8882, 37.9879]]]}}, {"type": "Feature", "properties": {"fips": "24043010802", "gap_national": 6.7, "gap_stratum": 11.5, "burden": 75.9, "capacity": 66.8, "svi": 0.57, "top_decile_gap": 0.0, "stratum": "metropolitan", "scored": 1}, "geometry": {"type": "Polygon", "coordinates": [[[-77.8316, 39.6003], [-77.822, 39.6032], [-77.8181, 39.6006], [-77.8001, 39.6068], [-77.799, 39.6034], [-77.7963, 39.605], [-77.7913, 39.6019], [-77.7847, 39.6022], [-77.7788, 39.6087], [-77.7712, 39.6061], [-77.7544, 39.6064], [-77.766, 39.6], [-77.7672, 39.5936], [-77.7813, 39.5761], [-77.7894, 39.5807], [-77.7957, 39.5723], [-77.8194, 39.57], [-77.8274, 39.5752], [-77.8323, 39.5748], [-77.8316, 39.6003]]]}}, {"type": "Feature", "properties": {"fips": "24043010700", "gap_national": 13.0, "gap_stratum": 15.9, "burden": 82.8, "capacity": 67.4, "svi": 0.41, "top_decile_gap": 0.0, "stratum": "metropolitan", "scored": 1}, "geometry": {"type": "Polygon", "coordinates": [[[-78.3547, 39.6604], [-78.3571, 39.6639], [-78.3493, 39.6606], [-78.3389, 39.664], [-78.3341, 39.6624], [-78.3332, 39.6664], [-78.3435, 39.6755], [-78.3418, 39.6779], [-78.3381, 39.68], [-78.3202, 39.6761], [-78.321, 39.6789], [-78.318, 39.6805], [-78.3229, 39.6839], [-78.3149, 39.6845], [-78.3231, 39.6884], [-78.3163, 39.6893], [-78.3133, 39.6925], [-78.3195, 39.6951], [-78.3184, 39.7026], [-78.3343, 39.7099], [-78.3339, 39.7127], [-78.329, 39.7123], [-78.3338, 39.7194], [-78.3359, 39.7201], [-78.3387, 39.7165], [-78.343, 39.7172], [-78.346, 39.7215], [-78.3428, 39.7225], [-78.0597, 39.7223], [-78.07, 39.7071], [-78.0975, 39.6921], [-78.1028, 39.6845], [-78.098, 39.6821], [-78.0998, 39.6794], [-78.1435, 39.6904], [-78.1542, 39.6905], [-78.1766, 39.696], [-78.1911, 39.6903], [-78.2029, 39.6767], [-78.2316, 39.6744], [-78.233, 39.6705], [-78.2236, 39.6611], [-78.2541, 39.6401], [-78.2622, 39.6305], [-78.2634, 39.6217], [-78.2668, 39.6188], [-78.283, 39.6205], [-78.3339, 39.6365], [-78.3337, 39.6409], [-78.342, 39.6439], [-78.346, 39.6492], [-78.3404, 39.6487], [-78.34, 39.6527], [-78.3635, 39.6598], [-78.3547, 39.6604]]]}}, {"type": "Feature", "properties": {"fips": "24043010200", "gap_national": -17.1, "gap_stratum": -9.1, "burden": 64.5, "capacity": 75.1, "svi": 0.3, "top_decile_gap": 0.0, "stratum": "metropolitan", "scored": 1}, "geometry": {"type": "Polygon", "coordinates": [[[-77.6873, 39.6943], [-77.6855, 39.7025], [-77.6743, 39.7208], [-77.5066, 39.7201], [-77.5021, 39.7169], [-77.5068, 39.7066], [-77.5121, 39.7047], [-77.5125, 39.7005], [-77.5066, 39.6964], [-77.5119, 39.6899], [-77.5089, 39.688], [-77.507, 39.6901], [-77.519, 39.6722], [-77.5273, 39.6683], [-77.5311, 39.6634], [-77.5527, 39.6671], [-77.5532, 39.6745], [-77.5704, 39.686], [-77.5869, 39.6718], [-77.5906, 39.6655], [-77.5969, 39.6648], [-77.6126, 39.6567], [-77.6252, 39.6567], [-77.658, 39.6679], [-77.6601, 39.6764], [-77.6558, 39.6871], [-77.6651, 39.686], [-77.6805, 39.6793], [-77.6816, 39.6813], [-77.6959, 39.6836], [-77.6873, 39.6943]]]}}, {"type": "Feature", "properties": {"fips": "24043011100", "gap_national": -22.2, "gap_stratum": -13.8, "burden": 58.9, "capacity": 73.8, "svi": 0.4, "top_decile_gap": 0.0, "stratum": "metropolitan", "scored": 1}, "geometry": {"type": "Polygon", "coordinates": [[[-77.7122, 39.6027], [-77.7055, 39.6051], [-77.7123, 39.6078], [-77.7122, 39.6108], [-77.7039, 39.6126], [-77.7024, 39.6151], [-77.7082, 39.6167], [-77.7063, 39.6192], [-77.7081, 39.6208], [-77.7071, 39.6233], [-77.6996, 39.6253], [-77.7098, 39.6308], [-77.6877, 39.6195], [-77.6598, 39.6144], [-77.6627, 39.6071], [-77.6748, 39.5979], [-77.6809, 39.5859], [-77.6836, 39.5847], [-77.6836, 39.5794], [-77.6888, 39.5713], [-77.6968, 39.5678], [-77.6933, 39.5646], [-77.6957, 39.5627], [-77.7086, 39.5651], [-77.709, 39.5687], [-77.7218, 39.5694], [-77.7257, 39.6054], [-77.7122, 39.6027]]]}}, {"type": "Feature", "properties": {"fips": "24043010300", "gap_national": -29.4, "gap_stratum": -20.9, "burden": 52.0, "capacity": 73.2, "svi": 0.51, "top_decile_gap": 0.0, "stratum": "metropolitan", "scored": 1}, "geometry": {"type": "Polygon", "coordinates": [[[-77.7329, 39.7211], [-77.6743, 39.7208], [-77.6855, 39.7025], [-77.6873, 39.6943], [-77.6961, 39.6832], [-77.7014, 39.6616], [-77.7194, 39.6701], [-77.719, 39.6666], [-77.7271, 39.6689], [-77.7267, 39.6713], [-77.7342, 39.6691], [-77.7336, 39.6896], [-77.7415, 39.7032], [-77.7423, 39.7122], [-77.7329, 39.7211]]]}}, {"type": "Feature", "properties": {"fips": "24031706013", "gap_national": -79.7, "gap_stratum": -76.4, "burden": 19.5, "capacity": 86.6, "svi": 0.07, "top_decile_gap": 0.0, "stratum": "metropolitan", "scored": 1}, "geometry": {"type": "Polygon", "coordinates": [[[-77.1643, 39.0172], [-77.1624, 39.0233], [-77.1428, 39.0215], [-77.1486, 39.0157], [-77.1571, 39.0003], [-77.1571, 38.991], [-77.1692, 38.9968], [-77.1678, 39.0037], [-77.1653, 39.0041], [-77.1688, 39.0081], [-77.1667, 39.0117], [-77.1711, 39.016], [-77.1643, 39.0172]]]}}, {"type": "Feature", "properties": {"fips": "24031702401", "gap_national": -63.6, "gap_stratum": -60.5, "burden": 19.7, "capacity": 70.8, "svi": 0.21, "top_decile_gap": 0.0, "stratum": "metropolitan", "scored": 1}, "geometry": {"type": "Polygon", "coordinates": [[[-77.0106, 38.9996], [-77.0044, 38.9948], [-77.0068, 38.9895], [-77.005, 38.9871], [-77.0116, 38.9891], [-77.0164, 38.9858], [-77.0203, 38.9882], [-77.0191, 38.9899], [-77.0101, 38.9916], [-77.0089, 38.9949], [-77.0219, 38.9972], [-77.0106, 38.9996]]]}}, {"type": "Feature", "properties": {"fips": "24031704501", "gap_national": -78.6, "gap_stratum": -76.8, "burden": 11.4, "capacity": 76.1, "svi": 0.12, "top_decile_gap": 0.0, "stratum": "metropolitan", "scored": 1}, "geometry": {"type": "Polygon", "coordinates": [[[-77.1427, 39.0217], [-77.1253, 39.025], [-77.1191, 39.0157], [-77.1478, 39.0129], [-77.1508, 39.0104], [-77.1427, 39.0217]]]}}, {"type": "Feature", "properties": {"fips": "24031703402", "gap_national": -7.9, "gap_stratum": -5.8, "burden": 25.7, "capacity": 36.2, "svi": 0.53, "top_decile_gap": 0.0, "stratum": "metropolitan", "scored": 1}, "geometry": {"type": "Polygon", "coordinates": [[[-77.0705, 39.0774], [-77.0594, 39.0667], [-77.0734, 39.0633], [-77.0764, 39.0709], [-77.0705, 39.0774]]]}}, {"type": "Feature", "properties": {"fips": "24031702302", "gap_national": -26.5, "gap_stratum": -22.5, "burden": 33.4, "capacity": 56.2, "svi": 0.56, "top_decile_gap": 0.0, "stratum": "metropolitan", "scored": 1}, "geometry": {"type": "Polygon", "coordinates": [[[-77.0165, 39.0158], [-77.0184, 39.0087], [-77.0095, 39.0101], [-77.0064, 39.0027], [-77.011, 38.9998], [-77.0178, 39.0069], [-77.0298, 39.0113], [-77.0323, 39.0149], [-77.0165, 39.0158]]]}}, {"type": "Feature", "properties": {"fips": "24031704502", "gap_national": -82.4, "gap_stratum": -80.0, "burden": 14.6, "capacity": 83.4, "svi": 0.05, "top_decile_gap": 0.0, "stratum": "metropolitan", "scored": 1}, "geometry": {"type": "Polygon", "coordinates": [[[-77.1478, 39.0129], [-77.1225, 39.0153], [-77.1263, 39.0035], [-77.1289, 39.0021], [-77.1333, 39.0054], [-77.135, 39.0032], [-77.146, 39.0053], [-77.1517, 39.0092], [-77.1478, 39.0129]]]}}, {"type": "Feature", "properties": {"fips": "24031700713", "gap_national": 33.2, "gap_stratum": 39.8, "burden": 41.9, "capacity": 14.1, "svi": 0.88, "top_decile_gap": 0.0, "stratum": "metropolitan", "scored": 1}, "geometry": {"type": "Polygon", "coordinates": [[[-77.2023, 39.1602], [-77.2042, 39.1668], [-77.192, 39.1573], [-77.1924, 39.1525], [-77.203, 39.151], [-77.2067, 39.1482], [-77.2123, 39.1526], [-77.2023, 39.1602]]]}}, {"type": "Feature", "properties": {"fips": "24031706009", "gap_national": -79.0, "gap_stratum": -75.4, "burden": 20.7, "capacity": 87.6, "svi": 0.18, "top_decile_gap": 0.0, "stratum": "metropolitan", "scored": 1}, "geometry": {"type": "Polygon", "coordinates": [[[-77.2089, 39.018], [-77.1898, 39.0059], [-77.1571, 38.991], [-77.1566, 38.9889], [-77.1609, 38.9836], [-77.1725, 38.9814], [-77.1782, 38.9758], [-77.1832, 38.9761], [-77.1832, 38.9793], [-77.1882, 38.9807], [-77.1904, 38.9854], [-77.2092, 38.9891], [-77.2086, 38.9929], [-77.2149, 39.0019], [-77.2184, 39.0016], [-77.2236, 39.0056], [-77.2089, 39.018]]]}}, {"type": "Feature", "properties": {"fips": "24031701308", "gap_national": -63.8, "gap_stratum": -59.1, "burden": 24.7, "capacity": 75.6, "svi": 0.41, "top_decile_gap": 0.0, "stratum": "metropolitan", "scored": 1}, "geometry": {"type": "Polygon", "coordinates": [[[-77.1008, 39.1259], [-77.0907, 39.1239], [-77.0856, 39.1267], [-77.0722, 39.1261], [-77.0689, 39.1371], [-77.0649, 39.1371], [-77.0505, 39.1465], [-77.0339, 39.1389], [-77.0276, 39.1253], [-77.034, 39.1205], [-77.0456, 39.1195], [-77.0592, 39.1125], [-77.0731, 39.112], [-77.08, 39.1089], [-77.0992, 39.1163], [-77.1047, 39.1193], [-77.1049, 39.1223], [-77.1008, 39.1259]]]}}, {"type": "Feature", "properties": {"fips": "24031705501", "gap_national": -56.4, "gap_stratum": -57.6, "burden": 6.4, "capacity": 57.6, "svi": 0.27, "top_decile_gap": 0.0, "stratum": "metropolitan", "scored": 1}, "geometry": {"type": "Polygon", "coordinates": [[[-77.0954, 38.9625], [-77.089, 38.962], [-77.0862, 38.9643], [-77.0838, 38.9624], [-77.0914, 38.9566], [-77.0969, 38.9603], [-77.0954, 38.9625]]]}}, {"type": "Feature", "properties": {"fips": "24031702000", "gap_national": 56.1, "gap_stratum": 63.5, "burden": 59.8, "capacity": 11.3, "svi": 0.96, "top_decile_gap": 1.0, "stratum": "metropolitan", "scored": 1}, "geometry": {"type": "Polygon", "coordinates": [[[-76.9982, 38.9989], [-76.9841, 39.0014], [-76.9949, 38.9874], [-76.9975, 38.9892], [-76.9982, 38.9989]]]}}, {"type": "Feature", "properties": {"fips": "24025303206", "gap_national": -41.4, "gap_stratum": -35.6, "burden": 34.8, "capacity": 67.3, "svi": 0.02, "top_decile_gap": 0.0, "stratum": "metropolitan", "scored": 1}, "geometry": {"type": "Polygon", "coordinates": [[[-76.384, 39.5547], [-76.3797, 39.5571], [-76.3766, 39.5534], [-76.3703, 39.5581], [-76.3674, 39.5551], [-76.3693, 39.5438], [-76.3851, 39.5437], [-76.3877, 39.5392], [-76.3923, 39.538], [-76.3933, 39.5487], [-76.3979, 39.5545], [-76.3984, 39.5593], [-76.384, 39.5547]]]}}, {"type": "Feature", "properties": {"fips": "24025306200", "gap_national": -12.9, "gap_stratum": -5.8, "burden": 69.4, "capacity": 76.6, "svi": 0.6, "top_decile_gap": 0.0, "stratum": "metropolitan", "scored": 1}, "geometry": {"type": "MultiPolygon", "coordinates": [[[[-76.0901, 39.5366], [-76.0882, 39.536], [-76.0903, 39.5338], [-76.0921, 39.5352], [-76.0901, 39.5366]]], [[[-76.0987, 39.5434], [-76.0769, 39.5435], [-76.0961, 39.5369], [-76.0993, 39.528], [-76.1121, 39.5371], [-76.0987, 39.5434]]]]}}, {"type": "Feature", "properties": {"fips": "24025301401", "gap_national": -24.1, "gap_stratum": -17.1, "burden": 45.7, "capacity": 64.1, "svi": 0.2, "top_decile_gap": 0.0, "stratum": "metropolitan", "scored": 1}, "geometry": {"type": "Polygon", "coordinates": [[[-76.3648, 39.4273], [-76.3557, 39.429], [-76.3544, 39.423], [-76.3471, 39.4185], [-76.3459, 39.4134], [-76.3422, 39.4101], [-76.3483, 39.3988], [-76.3464, 39.3941], [-76.3509, 39.3926], [-76.3549, 39.3953], [-76.3588, 39.3903], [-76.3611, 39.4003], [-76.3719, 39.4051], [-76.3702, 39.4153], [-76.3735, 39.4214], [-76.3648, 39.4273]]]}}, {"type": "Feature", "properties": {"fips": "24027605602", "gap_national": -65.2, "gap_stratum": -59.9, "burden": 27.9, "capacity": 80.5, "svi": 0.33, "top_decile_gap": 0.0, "stratum": "metropolitan", "scored": 1}, "geometry": {"type": "Polygon", "coordinates": [[[-76.8842, 39.1983], [-76.8874, 39.215], [-76.8802, 39.2162], [-76.8692, 39.2132], [-76.8658, 39.2052], [-76.8597, 39.2022], [-76.8745, 39.1819], [-76.8961, 39.1847], [-76.8842, 39.1983]]]}}, {"type": "Feature", "properties": {"fips": "24027606704", "gap_national": -36.4, "gap_stratum": -28.5, "burden": 45.0, "capacity": 72.3, "svi": 0.7, "top_decile_gap": 0.0, "stratum": "metropolitan", "scored": 1}, "geometry": {"type": "Polygon", "coordinates": [[[-76.8516, 39.1975], [-76.8493, 39.1988], [-76.8258, 39.1945], [-76.8233, 39.1973], [-76.8236, 39.1933], [-76.8282, 39.1888], [-76.8395, 39.1828], [-76.848, 39.182], [-76.8516, 39.1975]]]}}, {"type": "Feature", "properties": {"fips": "24027606603", "gap_national": -24.4, "gap_stratum": -19.1, "burden": 38.8, "capacity": 59.0, "svi": 0.75, "top_decile_gap": 0.0, "stratum": "metropolitan", "scored": 1}, "geometry": {"type": "Polygon", "coordinates": [[[-76.8461, 39.2255], [-76.8412, 39.2233], [-76.8346, 39.2147], [-76.8343, 39.2093], [-76.8316, 39.2079], [-76.834, 39.2047], [-76.8348, 39.1957], [-76.8416, 39.1983], [-76.8516, 39.1975], [-76.8565, 39.2004], [-76.8638, 39.197], [-76.8461, 39.2255]]]}}, {"type": "Feature", "properties": {"fips": "24027604001", "gap_national": -59.3, "gap_stratum": -86.6, "burden": 33.1, "capacity": 80.5, "svi": 0.04, "top_decile_gap": 0.0, "stratum": "rural", "scored": 1}, "geometry": {"type": "Polygon", "coordinates": [[[-77.1838, 39.3455], [-77.1676, 39.3544], [-77.1515, 39.3487], [-77.145, 39.3513], [-77.1357, 39.3602], [-77.1253, 39.3646], [-77.1014, 39.3693], [-77.0777, 39.3662], [-77.0743, 39.3626], [-77.065, 39.3619], [-77.0613, 39.3592], [-77.0514, 39.3591], [-77.0491, 39.3623], [-77.0335, 39.3553], [-77.0305, 39.3513], [-77.0157, 39.3526], [-77.0172, 39.3499], [-77.0127, 39.343], [-77.0145, 39.3317], [-77.0195, 39.3206], [-77.0283, 39.3243], [-77.028, 39.3201], [-77.0314, 39.3182], [-77.0488, 39.318], [-77.0537, 39.314], [-77.0614, 39.3144], [-77.0625, 39.3067], [-77.0895, 39.3185], [-77.0926, 39.3229], [-77.0948, 39.3223], [-77.1178, 39.3046], [-77.1345, 39.2768], [-77.14, 39.2831], [-77.1379, 39.2881], [-77.1401, 39.2921], [-77.1623, 39.3079], [-77.1646, 39.3075], [-77.1815, 39.3293], [-77.1871, 39.3406], [-77.1838, 39.3455]]]}}, {"type": "Feature", "properties": {"fips": "24031700500", "gap_national": -54.8, "gap_stratum": -52.5, "burden": 19.6, "capacity": 64.5, "svi": 0.06, "top_decile_gap": 0.0, "stratum": "metropolitan", "scored": 1}, "geometry": {"type": "Polygon", "coordinates": [[[-77.5164, 39.1709], [-77.5106, 39.1785], [-77.5052, 39.182], [-77.4786, 39.1892], [-77.475, 39.1949], [-77.4759, 39.202], [-77.4736, 39.2084], [-77.4701, 39.2118], [-77.4589, 39.2203], [-77.4315, 39.2322], [-77.4243, 39.2203], [-77.4354, 39.2061], [-77.4142, 39.1803], [-77.3982, 39.1687], [-77.3912, 39.1678], [-77.3836, 39.1598], [-77.3644, 39.1528], [-77.3594, 39.1477], [-77.3564, 39.1387], [-77.3451, 39.1292], [-77.3355, 39.128], [-77.3321, 39.1105], [-77.3364, 39.1057], [-77.3428, 39.1048], [-77.3435, 39.1], [-77.3362, 39.0884], [-77.3295, 39.0914], [-77.3294, 39.0878], [-77.3414, 39.0782], [-77.3421, 39.0628], [-77.3857, 39.062], [-77.4582, 39.0737], [-77.4626, 39.0762], [-77.477, 39.1003], [-77.4858, 39.1093], [-77.5199, 39.1209], [-77.5246, 39.1278], [-77.5273, 39.1462], [-77.5164, 39.1709]]]}}, {"type": "Feature", "properties": {"fips": "24031701506", "gap_national": -52.7, "gap_stratum": -45.7, "burden": 36.4, "capacity": 77.9, "svi": 0.25, "top_decile_gap": 0.0, "stratum": "metropolitan", "scored": 1}, "geometry": {"type": "Polygon", "coordinates": [[[-77.0196, 39.0666], [-77.0021, 39.0758], [-77.003, 39.0688], [-76.9938, 39.0521], [-76.992, 39.0433], [-77.006, 39.03], [-77.0113, 39.039], [-77.0068, 39.0405], [-77.0093, 39.0427], [-77.0076, 39.0469], [-77.0107, 39.0479], [-77.0116, 39.0594], [-77.0239, 39.0609], [-77.0293, 39.0665], [-77.0196, 39.0666]]]}}, {"type": "Feature", "properties": {"fips": "24031704806", "gap_national": -44.1, "gap_stratum": -46.5, "burden": 2.0, "capacity": 47.6, "svi": 0.23, "top_decile_gap": 0.0, "stratum": "metropolitan", "scored": 1}, "geometry": {"type": "Polygon", "coordinates": [[[-77.0962, 38.994], [-77.0936, 38.9884], [-77.098, 38.987], [-77.1035, 38.9903], [-77.0962, 38.994]]]}}, {"type": "Feature", "properties": {"fips": "24031701303", "gap_national": -75.3, "gap_stratum": -71.3, "burden": 22.7, "capacity": 85.4, "svi": 0.05, "top_decile_gap": 0.0, "stratum": "metropolitan", "scored": 1}, "geometry": {"type": "Polygon", "coordinates": [[[-77.1158, 39.1037], [-77.1127, 39.1084], [-77.1078, 39.1076], [-77.109, 39.1096], [-77.1047, 39.1103], [-77.1051, 39.1131], [-77.1013, 39.1176], [-77.08, 39.1089], [-77.0945, 39.1008], [-77.1126, 39.0952], [-77.1152, 39.09], [-77.1207, 39.1021], [-77.1158, 39.1037]]]}}, {"type": "Feature", "properties": {"fips": "24031701211", "gap_national": -58.0, "gap_stratum": -58.3, "burden": 10.2, "capacity": 60.4, "svi": 0.47, "top_decile_gap": 0.0, "stratum": "metropolitan", "scored": 1}, "geometry": {"type": "Polygon", "coordinates": [[[-77.1724, 39.1115], [-77.1577, 39.122], [-77.1408, 39.1133], [-77.1319, 39.1136], [-77.1253, 39.1061], [-77.1285, 39.1069], [-77.1352, 39.1033], [-77.1366, 39.0977], [-77.1436, 39.0932], [-77.1476, 39.0999], [-77.154, 39.099], [-77.1584, 39.1066], [-77.1685, 39.1065], [-77.179, 39.1011], [-77.1841, 39.1078], [-77.1724, 39.1115]]]}}, {"type": "Feature", "properties": {"fips": "24031706005", "gap_national": -77.8, "gap_stratum": -73.7, "burden": 23.9, "capacity": 91.7, "svi": 0.25, "top_decile_gap": 0.0, "stratum": "metropolitan", "scored": 1}, "geometry": {"type": "Polygon", "coordinates": [[[-77.2122, 39.0314], [-77.2039, 39.0266], [-77.1944, 39.0355], [-77.1846, 39.0348], [-77.1766, 39.0311], [-77.1763, 39.0268], [-77.1708, 39.0215], [-77.1711, 39.016], [-77.1667, 39.0117], [-77.1688, 39.0081], [-77.1653, 39.0041], [-77.1678, 39.0037], [-77.1692, 38.9968], [-77.1898, 39.0059], [-77.2194, 39.0257], [-77.2122, 39.0314]]]}}, {"type": "Feature", "properties": {"fips": "24025303102", "gap_national": -60.1, "gap_stratum": -53.7, "burden": 33.2, "capacity": 81.6, "svi": 0.01, "top_decile_gap": 0.0, "stratum": "metropolitan", "scored": 1}, "geometry": {"type": "Polygon", "coordinates": [[[-76.2826, 39.5792], [-76.2813, 39.5847], [-76.2831, 39.5907], [-76.2782, 39.5947], [-76.2594, 39.5963], [-76.2599, 39.6015], [-76.2513, 39.5989], [-76.249, 39.6052], [-76.2432, 39.6088], [-76.2397, 39.6068], [-76.2397, 39.6028], [-76.2372, 39.6013], [-76.2386, 39.5996], [-76.2342, 39.5992], [-76.2316, 39.5955], [-76.2287, 39.5782], [-76.2305, 39.5697], [-76.2328, 39.5662], [-76.2514, 39.5592], [-76.2676, 39.5557], [-76.2865, 39.5551], [-76.2918, 39.5739], [-76.2826, 39.5792]]]}}, {"type": "Feature", "properties": {"fips": "24025301102", "gap_national": -51.7, "gap_stratum": -44.1, "burden": 40.0, "capacity": 81.1, "svi": 0.5, "top_decile_gap": 0.0, "stratum": "metropolitan", "scored": 1}, "geometry": {"type": "Polygon", "coordinates": [[[-76.3114, 39.517], [-76.3102, 39.5192], [-76.3044, 39.5212], [-76.2966, 39.5158], [-76.2799, 39.5309], [-76.2755, 39.5216], [-76.2658, 39.5171], [-76.2689, 39.5102], [-76.2068, 39.5133], [-76.2164, 39.5054], [-76.2329, 39.4985], [-76.246, 39.4864], [-76.2745, 39.4748], [-76.2834, 39.483], [-76.2837, 39.4882], [-76.287, 39.4864], [-76.2982, 39.4893], [-76.297, 39.4926], [-76.2993, 39.4987], [-76.3067, 39.5028], [-76.3064, 39.5073], [-76.3119, 39.512], [-76.3093, 39.5125], [-76.3114, 39.517]]]}}, {"type": "Feature", "properties": {"fips": "24025303602", "gap_national": -62.5, "gap_stratum": -56.8, "burden": 29.4, "capacity": 79.4, "svi": 0.01, "top_decile_gap": 0.0, "stratum": "metropolitan", "scored": 1}, "geometry": {"type": "Polygon", "coordinates": [[[-76.3296, 39.5318], [-76.3214, 39.5318], [-76.3173, 39.5289], [-76.3142, 39.5184], [-76.3104, 39.5144], [-76.3282, 39.5062], [-76.3284, 39.5121], [-76.3392, 39.5269], [-76.3296, 39.5318]]]}}, {"type": "Feature", "properties": {"fips": "24025303201", "gap_national": -44.5, "gap_stratum": -39.2, "burden": 32.0, "capacity": 67.2, "svi": 0.06, "top_decile_gap": 0.0, "stratum": "metropolitan", "scored": 1}, "geometry": {"type": "Polygon", "coordinates": [[[-76.4196, 39.5871], [-76.4043, 39.6004], [-76.4121, 39.606], [-76.4138, 39.6171], [-76.4021, 39.6273], [-76.4001, 39.6265], [-76.3993, 39.6178], [-76.3958, 39.6177], [-76.3914, 39.6198], [-76.3915, 39.6263], [-76.3841, 39.626], [-76.3794, 39.6304], [-76.374, 39.6287], [-76.3697, 39.6315], [-76.3645, 39.6308], [-76.3645, 39.6341], [-76.3514, 39.6344], [-76.3439, 39.6259], [-76.3357, 39.6268], [-76.3306, 39.6192], [-76.3327, 39.608], [-76.3457, 39.5953], [-76.3452, 39.5786], [-76.3541, 39.574], [-76.3537, 39.567], [-76.3584, 39.563], [-76.3571, 39.5708], [-76.3806, 39.5759], [-76.4237, 39.5745], [-76.4196, 39.5871]]]}}, {"type": "Feature", "properties": {"fips": "24025306300", "gap_national": -47.6, "gap_stratum": -39.4, "burden": 50.4, "capacity": 92.8, "svi": 0.3, "top_decile_gap": 0.0, "stratum": "metropolitan", "scored": 1}, "geometry": {"type": "Polygon", "coordinates": [[[-76.1476, 39.5429], [-76.1428, 39.5505], [-76.1468, 39.5621], [-76.1418, 39.5669], [-76.14, 39.5597], [-76.1351, 39.5588], [-76.1306, 39.5522], [-76.1305, 39.5459], [-76.1261, 39.5432], [-76.1267, 39.537], [-76.1225, 39.5322], [-76.1121, 39.5371], [-76.0993, 39.528], [-76.1048, 39.5216], [-76.1132, 39.5019], [-76.1231, 39.4889], [-76.1272, 39.4905], [-76.1288, 39.4957], [-76.1304, 39.513], [-76.14, 39.5093], [-76.1463, 39.5138], [-76.1383, 39.517], [-76.1424, 39.5228], [-76.14, 39.5239], [-76.1493, 39.5345], [-76.1506, 39.542], [-76.1476, 39.5429]]]}}, {"type": "Feature", "properties": {"fips": "24025302400", "gap_national": 25.8, "gap_stratum": 29.3, "burden": 72.9, "capacity": 52.0, "svi": 0.88, "top_decile_gap": 0.0, "stratum": "metropolitan", "scored": 1}, "geometry": {"type": "Polygon", "coordinates": [[[-76.231, 39.4564], [-76.2368, 39.4612], [-76.2229, 39.4674], [-76.2119, 39.492], [-76.2148, 39.4929], [-76.2119, 39.497], [-76.2144, 39.4981], [-76.212, 39.5045], [-76.2137, 39.5066], [-76.2007, 39.5191], [-76.1938, 39.5117], [-76.1972, 39.5005], [-76.1962, 39.4979], [-76.193, 39.4977], [-76.192, 39.4908], [-76.1841, 39.494], [-76.1726, 39.4888], [-76.1967, 39.4628], [-76.1999, 39.4627], [-76.2019, 39.453], [-76.2092, 39.447], [-76.2142, 39.4368], [-76.216, 39.4374], [-76.2196, 39.4234], [-76.2395, 39.4386], [-76.231, 39.4564]]]}}, {"type": "Feature", "properties": {"fips": "24025303900", "gap_national": -29.7, "gap_stratum": -22.9, "burden": 42.6, "capacity": 65.4, "svi": 0.42, "top_decile_gap": 0.0, "stratum": "metropolitan", "scored": 1}, "geometry": {"type": "Polygon", "coordinates": [[[-76.33, 39.5418], [-76.3197, 39.5345], [-76.3212, 39.5325], [-76.3173, 39.5289], [-76.3214, 39.5318], [-76.3296, 39.5318], [-76.3398, 39.5266], [-76.3468, 39.534], [-76.33, 39.5418]]]}}, {"type": "Feature", "properties": {"fips": "24025304202", "gap_national": -55.9, "gap_stratum": -48.8, "burden": 36.9, "capacity": 81.9, "svi": 0.09, "top_decile_gap": 0.0, "stratum": "metropolitan", "scored": 1}, "geometry": {"type": "Polygon", "coordinates": [[[-76.5007, 39.6107], [-76.4973, 39.6137], [-76.4919, 39.6137], [-76.4838, 39.622], [-76.4763, 39.6225], [-76.4748, 39.6272], [-76.4659, 39.6283], [-76.4572, 39.6263], [-76.4499, 39.6155], [-76.4443, 39.6118], [-76.4244, 39.623], [-76.4113, 39.6205], [-76.4138, 39.6171], [-76.4121, 39.606], [-76.4043, 39.6004], [-76.4196, 39.5871], [-76.4251, 39.5692], [-76.4219, 39.5587], [-76.4362, 39.5506], [-76.4405, 39.5533], [-76.4424, 39.5505], [-76.45, 39.5512], [-76.4518, 39.5541], [-76.4597, 39.5545], [-76.4691, 39.5587], [-76.4715, 39.5627], [-76.4876, 39.5721], [-76.4859, 39.5798], [-76.5026, 39.5881], [-76.5078, 39.5958], [-76.5123, 39.5958], [-76.5125, 39.6045], [-76.5163, 39.6133], [-76.5007, 39.6107]]]}}, {"type": "Feature", "properties": {"fips": "24029950100", "gap_national": 6.2, "gap_stratum": -24.1, "burden": 70.9, "capacity": 63.5, "svi": 0.47, "top_decile_gap": 0.0, "stratum": "small_town", "scored": 1}, "geometry": {"type": "Polygon", "coordinates": [[[-75.9141, 39.2623], [-75.9154, 39.2753], [-75.911, 39.2861], [-75.8868, 39.3142], [-75.9052, 39.3195], [-75.9029, 39.3234], [-75.9044, 39.3277], [-75.9163, 39.3413], [-75.9147, 39.3439], [-75.9218, 39.3566], [-75.9198, 39.3669], [-75.908, 39.3645], [-75.896, 39.3659], [-75.8851, 39.3608], [-75.8795, 39.3655], [-75.8676, 39.3678], [-75.8554, 39.3646], [-75.8455, 39.3677], [-75.8424, 39.371], [-75.8312, 39.3742], [-75.8237, 39.3814], [-75.8188, 39.3823], [-75.8098, 39.3798], [-75.8061, 39.3753], [-75.8018, 39.3779], [-75.7957, 39.3772], [-75.7894, 39.3811], [-75.7844, 39.3804], [-75.7842, 39.3825], [-75.7667, 39.3775], [-75.756, 39.2461], [-75.7752, 39.247], [-75.7942, 39.2437], [-75.7968, 39.2413], [-75.8036, 39.2441], [-75.8063, 39.242], [-75.8102, 39.2452], [-75.8201, 39.2462], [-75.8345, 39.2537], [-75.8391, 39.2538], [-75.8397, 39.2577], [-75.8554, 39.2618], [-75.8647, 39.2615], [-75.8742, 39.2542], [-75.8743, 39.2497], [-75.8801, 39.2515], [-75.8857, 39.2492], [-75.8918, 39.2541], [-75.8942, 39.2525], [-75.895, 39.2471], [-75.9214, 39.2435], [-75.9248, 39.2454], [-75.9259, 39.2606], [-75.9141, 39.2623]]]}}, {"type": "Feature", "properties": {"fips": "24027602100", "gap_national": -79.0, "gap_stratum": -76.0, "burden": 17.2, "capacity": 82.5, "svi": 0.04, "top_decile_gap": 0.0, "stratum": "metropolitan", "scored": 1}, "geometry": {"type": "Polygon", "coordinates": [[[-76.8625, 39.3112], [-76.8638, 39.3176], [-76.8563, 39.324], [-76.8537, 39.3175], [-76.8508, 39.3158], [-76.844, 39.3182], [-76.8397, 39.3153], [-76.8356, 39.3158], [-76.8355, 39.312], [-76.8336, 39.3115], [-76.8252, 39.3193], [-76.8183, 39.3133], [-76.8141, 39.318], [-76.8101, 39.3152], [-76.804, 39.3167], [-76.7947, 39.3143], [-76.7925, 39.3115], [-76.794, 39.3068], [-76.8035, 39.2996], [-76.8141, 39.2966], [-76.8559, 39.2964], [-76.8807, 39.305], [-76.8625, 39.3112]]]}}, {"type": "Feature", "properties": {"fips": "24027603004", "gap_national": -72.7, "gap_stratum": -67.7, "burden": 27.5, "capacity": 89.7, "svi": 0.33, "top_decile_gap": 0.0, "stratum": "metropolitan", "scored": 1}, "geometry": {"type": "Polygon", "coordinates": [[[-76.9804, 39.2797], [-76.9637, 39.2845], [-76.9548, 39.2906], [-76.9526, 39.309], [-76.9068, 39.3023], [-76.889, 39.3059], [-76.8765, 39.3037], [-76.8945, 39.2858], [-76.8894, 39.2853], [-76.8881, 39.2772], [-76.894, 39.2514], [-76.8904, 39.2502], [-76.8869, 39.235], [-76.899, 39.2334], [-76.9092, 39.2437], [-76.9393, 39.2516], [-76.949, 39.2569], [-76.9678, 39.2577], [-76.9741, 39.2626], [-76.9848, 39.2641], [-76.9872, 39.2732], [-76.9804, 39.2797]]]}}, {"type": "Feature", "properties": {"fips": "24027605103", "gap_national": -78.9, "gap_stratum": -75.2, "burden": 22.0, "capacity": 89.9, "svi": 0.04, "top_decile_gap": 0.0, "stratum": "metropolitan", "scored": 1}, "geometry": {"type": "Polygon", "coordinates": [[[-77.0114, 39.2075], [-77.0042, 39.2223], [-76.9965, 39.2273], [-76.9868, 39.2394], [-76.9734, 39.2295], [-76.9689, 39.2215], [-76.9417, 39.2079], [-76.9468, 39.1922], [-76.968, 39.1683], [-76.9728, 39.1669], [-76.9737, 39.1622], [-76.9878, 39.1664], [-76.9973, 39.1665], [-77.0015, 39.1705], [-76.9974, 39.1743], [-77.0053, 39.1757], [-76.9989, 39.1778], [-77.0084, 39.1816], [-77.0041, 39.1913], [-77.0122, 39.1952], [-77.0094, 39.2067], [-77.0114, 39.2075]]]}}, {"type": "Feature", "properties": {"fips": "24027606803", "gap_national": -56.6, "gap_stratum": -53.3, "burden": 22.4, "capacity": 67.9, "svi": 0.26, "top_decile_gap": 0.0, "stratum": "metropolitan", "scored": 1}, "geometry": {"type": "Polygon", "coordinates": [[[-76.8745, 39.1819], [-76.8562, 39.1756], [-76.856, 39.1715], [-76.8511, 39.1689], [-76.8505, 39.1614], [-76.8556, 39.1592], [-76.8574, 39.1616], [-76.8598, 39.159], [-76.8635, 39.162], [-76.8685, 39.1584], [-76.8734, 39.1605], [-76.8737, 39.1634], [-76.8769, 39.163], [-76.879, 39.167], [-76.8844, 39.1687], [-76.8745, 39.1819]]]}}, {"type": "Feature", "properties": {"fips": "24029950500", "gap_national": -17.9, "gap_stratum": -45.9, "burden": 74.8, "capacity": 89.9, "svi": 0.45, "top_decile_gap": 0.0, "stratum": "rural", "scored": 1}, "geometry": {"type": "Polygon", "coordinates": [[[-76.2746, 39.1655], [-76.2677, 39.1785], [-76.2591, 39.1771], [-76.2579, 39.179], [-76.2347, 39.1795], [-76.2155, 39.1738], [-76.1969, 39.1746], [-76.1951, 39.182], [-76.1801, 39.1858], [-76.1747, 39.1849], [-76.1716, 39.1808], [-76.1729, 39.1728], [-76.1766, 39.1697], [-76.1824, 39.1559], [-76.1793, 39.139], [-76.1666, 39.1272], [-76.1694, 39.1109], [-76.1723, 39.1078], [-76.1744, 39.0963], [-76.1839, 39.0963], [-76.2034, 39.0856], [-76.2053, 39.075], [-76.2117, 39.0697], [-76.2093, 39.0586], [-76.2123, 39.0496], [-76.21, 39.0454], [-76.2126, 39.0412], [-76.2073, 39.033], [-76.2096, 39.0271], [-76.2015, 39.0135], [-76.2065, 39.0131], [-76.2098, 39.0088], [-76.216, 39.01], [-76.2173, 39.0134], [-76.228, 39.0186], [-76.2318, 39.0185], [-76.2427, 39.0289], [-76.2409, 39.0398], [-76.2371, 39.0455], [-76.2304, 39.0457], [-76.2274, 39.0531], [-76.2311, 39.061], [-76.2335, 39.0914], [-76.236, 39.0999], [-76.2466, 39.116], [-76.2449, 39.1306], [-76.257, 39.1357], [-76.2654, 39.144], [-76.2761, 39.1462], [-76.2774, 39.1516], [-76.2746, 39.1655]]]}}, {"type": "Feature", "properties": {"fips": "24031703800", "gap_national": -14.5, "gap_stratum": -14.1, "burden": 16.7, "capacity": 33.1, "svi": 0.55, "top_decile_gap": 0.0, "stratum": "metropolitan", "scored": 1}, "geometry": {"type": "Polygon", "coordinates": [[[-77.0616, 39.0382], [-77.0581, 39.0413], [-77.0479, 39.0433], [-77.0498, 39.0362], [-77.0477, 39.0301], [-77.0506, 39.0295], [-77.0522, 39.0328], [-77.0625, 39.0328], [-77.0616, 39.0382]]]}}, {"type": "Feature", "properties": {"fips": "24031703601", "gap_national": -41.1, "gap_stratum": -41.1, "burden": 16.2, "capacity": 52.9, "svi": 0.31, "top_decile_gap": 0.0, "stratum": "metropolitan", "scored": 1}, "geometry": {"type": "Polygon", "coordinates": [[[-77.0748, 39.0515], [-77.0581, 39.0413], [-77.0616, 39.0369], [-77.0749, 39.0329], [-77.0748, 39.0515]]]}}, {"type": "Feature", "properties": {"fips": "24031700710", "gap_national": 10.8, "gap_stratum": 16.1, "burden": 45.8, "capacity": 39.9, "svi": 0.67, "top_decile_gap": 0.0, "stratum": "metropolitan", "scored": 1}, "geometry": {"type": "Polygon", "coordinates": [[[-77.1638, 39.1546], [-77.1655, 39.1563], [-77.1604, 39.159], [-77.1497, 39.1511], [-77.144, 39.1456], [-77.1436, 39.1394], [-77.1476, 39.1317], [-77.1566, 39.1355], [-77.159, 39.1432], [-77.1692, 39.1475], [-77.1638, 39.1546]]]}}, {"type": "Feature", "properties": {"fips": "24031700815", "gap_national": -3.9, "gap_stratum": -0.8, "burden": 30.7, "capacity": 37.6, "svi": 0.7, "top_decile_gap": 0.0, "stratum": "metropolitan", "scored": 1}, "geometry": {"type": "Polygon", "coordinates": [[[-77.2715, 39.1738], [-77.2622, 39.1641], [-77.2479, 39.1589], [-77.2511, 39.154], [-77.2547, 39.1542], [-77.2817, 39.1621], [-77.2715, 39.1738]]]}}, {"type": "Feature", "properties": {"fips": "24031706007", "gap_national": -78.3, "gap_stratum": -74.4, "burden": 23.0, "capacity": 90.9, "svi": 0.08, "top_decile_gap": 0.0, "stratum": "metropolitan", "scored": 1}, "geometry": {"type": "Polygon", "coordinates": [[[-77.2283, 39.066], [-77.1817, 39.055], [-77.1927, 39.0446], [-77.1934, 39.0371], [-77.2039, 39.0266], [-77.2122, 39.0314], [-77.2194, 39.0257], [-77.2219, 39.029], [-77.233, 39.0315], [-77.2338, 39.0414], [-77.2283, 39.066]]]}}, {"type": "Feature", "properties": {"fips": "24031701408", "gap_national": -42.8, "gap_stratum": -36.8, "burden": 35.1, "capacity": 68.5, "svi": 0.31, "top_decile_gap": 0.0, "stratum": "metropolitan", "scored": 1}, "geometry": {"type": "Polygon", "coordinates": [[[-76.9889, 39.1387], [-76.9765, 39.1389], [-76.963, 39.1458], [-76.9517, 39.1462], [-76.95, 39.1444], [-76.9585, 39.134], [-76.9486, 39.1296], [-76.9291, 39.1384], [-76.919, 39.1321], [-76.9325, 39.1171], [-76.9321, 39.1113], [-76.9398, 39.107], [-76.9621, 39.1161], [-76.9633, 39.1011], [-76.9692, 39.0952], [-76.9738, 39.0991], [-76.998, 39.1087], [-77.0015, 39.1062], [-77.0198, 39.1175], [-77.0276, 39.1253], [-76.9889, 39.1387]]]}}, {"type": "Feature", "properties": {"fips": "24031703000", "gap_national": -56.9, "gap_stratum": -55.7, "burden": 15.4, "capacity": 62.8, "svi": 0.08, "top_decile_gap": 0.0, "stratum": "metropolitan", "scored": 1}, "geometry": {"type": "Polygon", "coordinates": [[[-77.0258, 39.0223], [-77.0143, 39.0186], [-77.0127, 39.0203], [-77.0049, 39.0152], [-77.0238, 39.0167], [-77.0323, 39.0149], [-77.0329, 39.0203], [-77.0258, 39.0223]]]}}, {"type": "Feature", "properties": {"fips": "24031701414", "gap_national": -44.5, "gap_stratum": -37.2, "burden": 39.2, "capacity": 73.5, "svi": 0.62, "top_decile_gap": 0.0, "stratum": "metropolitan", "scored": 1}, "geometry": {"type": "Polygon", "coordinates": [[[-76.9752, 39.0698], [-76.9747, 39.0755], [-76.9781, 39.0795], [-76.9765, 39.0829], [-76.9644, 39.0883], [-76.9482, 39.083], [-76.9649, 39.0601], [-76.9794, 39.0511], [-76.9783, 39.0591], [-76.9809, 39.0612], [-76.9752, 39.0698]]]}}, {"type": "Feature", "properties": {"fips": "24031701423", "gap_national": -7.6, "gap_stratum": -2.5, "burden": 43.1, "capacity": 51.2, "svi": 0.75, "top_decile_gap": 0.0, "stratum": "metropolitan", "scored": 1}, "geometry": {"type": "Polygon", "coordinates": [[[-76.9379, 39.0955], [-76.9302, 39.0911], [-76.9312, 39.086], [-76.9384, 39.0831], [-76.9456, 39.0861], [-76.9379, 39.0955]]]}}, {"type": "Feature", "properties": {"fips": "24031700615", "gap_national": -71.0, "gap_stratum": -67.8, "burden": 18.3, "capacity": 75.6, "svi": 0.03, "top_decile_gap": 0.0, "stratum": "metropolitan", "scored": 1}, "geometry": {"type": "Polygon", "coordinates": [[[-77.2638, 39.106], [-77.2676, 39.1138], [-77.2639, 39.1162], [-77.2593, 39.1086], [-77.2563, 39.1077], [-77.2495, 39.0935], [-77.2618, 39.0881], [-77.263, 39.0838], [-77.2677, 39.0872], [-77.2638, 39.106]]]}}, {"type": "Feature", "properties": {"fips": "24031705000", "gap_national": -58.4, "gap_stratum": -59.6, "burden": 5.2, "capacity": 58.3, "svi": 0.3, "top_decile_gap": 0.0, "stratum": "metropolitan", "scored": 1}, "geometry": {"type": "Polygon", "coordinates": [[[-77.0904, 39.0052], [-77.0875, 39.0077], [-77.0783, 39.0056], [-77.0773, 38.9879], [-77.0878, 38.9856], [-77.0881, 38.9881], [-77.0934, 38.9877], [-77.0962, 38.994], [-77.1052, 38.9936], [-77.1052, 38.9967], [-77.1092, 38.9982], [-77.1107, 39.0045], [-77.0904, 39.0052]]]}}, {"type": "Feature", "properties": {"fips": "24031706008", "gap_national": -84.8, "gap_stratum": -82.2, "burden": 16.5, "capacity": 89.4, "svi": 0.08, "top_decile_gap": 0.0, "stratum": "metropolitan", "scored": 1}, "geometry": {"type": "Polygon", "coordinates": [[[-77.2446, 39.0201], [-77.2484, 39.0269], [-77.2443, 39.0275], [-77.2444, 39.0308], [-77.2404, 39.035], [-77.2219, 39.029], [-77.2089, 39.018], [-77.2236, 39.0056], [-77.2184, 39.0016], [-77.2149, 39.0019], [-77.2086, 38.9929], [-77.2089, 38.9889], [-77.1904, 38.9854], [-77.1882, 38.9807], [-77.1832, 38.9793], [-77.1832, 38.9761], [-77.1782, 38.9758], [-77.1799, 38.9684], [-77.1975, 38.9668], [-77.2215, 38.9713], [-77.23, 38.9799], [-77.2348, 38.9763], [-77.2446, 38.9825], [-77.2483, 38.9923], [-77.253, 38.9957], [-77.2557, 39.0024], [-77.2446, 39.0201]]]}}, {"type": "Feature", "properties": {"fips": "24031702602", "gap_national": -30.3, "gap_stratum": -32.1, "burden": 6.1, "capacity": 38.8, "svi": 0.61, "top_decile_gap": 0.0, "stratum": "metropolitan", "scored": 1}, "geometry": {"type": "Polygon", "coordinates": [[[-77.0422, 38.9955], [-77.0432, 39.0012], [-77.0369, 38.9969], [-77.0364, 38.993], [-77.041, 38.9951], [-77.0465, 38.9909], [-77.052, 38.9938], [-77.0422, 38.9955]]]}}, {"type": "Feature", "properties": {"fips": "24031702800", "gap_national": -61.3, "gap_stratum": -62.2, "burden": 5.5, "capacity": 60.4, "svi": 0.4, "top_decile_gap": 0.0, "stratum": "metropolitan", "scored": 1}, "geometry": {"type": "Polygon", "coordinates": [[[-77.0418, 39.0133], [-77.0383, 39.0055], [-77.0306, 38.9983], [-77.0345, 38.9961], [-77.0479, 39.0036], [-77.0548, 39.0137], [-77.0418, 39.0133]]]}}, {"type": "Feature", "properties": {"fips": "24031701206", "gap_national": -79.5, "gap_stratum": -77.0, "burden": 14.5, "capacity": 79.9, "svi": 0.19, "top_decile_gap": 0.0, "stratum": "metropolitan", "scored": 1}, "geometry": {"type": "Polygon", "coordinates": [[[-77.1794, 39.0563], [-77.1545, 39.0563], [-77.1458, 39.0378], [-77.1517, 39.0366], [-77.1628, 39.0414], [-77.1745, 39.0409], [-77.1875, 39.0512], [-77.1794, 39.0563]]]}}, {"type": "Feature", "properties": {"fips": "24031703219", "gap_national": -30.2, "gap_stratum": -22.9, "burden": 66.2, "capacity": 95.7, "svi": 0.37, "top_decile_gap": 0.0, "stratum": "metropolitan", "scored": 1}, "geometry": {"type": "Polygon", "coordinates": [[[-77.0683, 39.107], [-77.0701, 39.1125], [-77.0677, 39.1128], [-77.0645, 39.1124], [-77.0564, 39.1035], [-77.0644, 39.1009], [-77.0728, 39.103], [-77.0683, 39.107]]]}}, {"type": "Feature", "properties": {"fips": "24031701703", "gap_national": -20.5, "gap_stratum": -17.5, "burden": 30.9, "capacity": 50.3, "svi": 0.56, "top_decile_gap": 0.0, "stratum": "metropolitan", "scored": 1}, "geometry": {"type": "Polygon", "coordinates": [[[-76.9919, 38.9896], [-76.9914, 38.9928], [-76.9848, 38.9872], [-76.9869, 38.9769], [-76.9907, 38.9813], [-76.9952, 38.98], [-77.0003, 38.9834], [-76.9919, 38.9896]]]}}, {"type": "Feature", "properties": {"fips": "24031700835", "gap_national": -50.1, "gap_stratum": -47.9, "burden": 20.7, "capacity": 62.2, "svi": 0.16, "top_decile_gap": 0.0, "stratum": "metropolitan", "scored": 1}, "geometry": {"type": "Polygon", "coordinates": [[[-77.2399, 39.2102], [-77.2206, 39.2076], [-77.2039, 39.2013], [-77.2095, 39.1928], [-77.2167, 39.1919], [-77.2154, 39.1873], [-77.2195, 39.1898], [-77.2427, 39.1921], [-77.2452, 39.2024], [-77.2399, 39.2102]]]}}, {"type": "Feature", "properties": {"fips": "24031706011", "gap_national": -79.6, "gap_stratum": -76.0, "burden": 21.5, "capacity": 90.0, "svi": 0.08, "top_decile_gap": 0.0, "stratum": "metropolitan", "scored": 1}, "geometry": {"type": "Polygon", "coordinates": [[[-77.1927, 39.0446], [-77.188, 39.0504], [-77.178, 39.0423], [-77.159, 39.0407], [-77.1535, 39.0354], [-77.1569, 39.0331], [-77.1642, 39.035], [-77.1672, 39.0312], [-77.1728, 39.0305], [-77.1858, 39.0353], [-77.1944, 39.0355], [-77.1927, 39.0446]]]}}, {"type": "Feature", "properties": {"fips": "24031703301", "gap_national": -3.9, "gap_stratum": -1.7, "burden": 24.3, "capacity": 31.3, "svi": 0.53, "top_decile_gap": 0.0, "stratum": "metropolitan", "scored": 1}, "geometry": {"type": "Polygon", "coordinates": [[[-77.0986, 39.0714], [-77.0901, 39.0789], [-77.0871, 39.0792], [-77.0887, 39.0661], [-77.092, 39.0615], [-77.1048, 39.0692], [-77.0986, 39.0714]]]}}, {"type": "Feature", "properties": {"fips": "24011955000", "gap_national": 72.6, "gap_stratum": 59.5, "burden": 81.1, "capacity": 19.8, "svi": 0.83, "top_decile_gap": 1.0, "stratum": "rural", "scored": 1}, "geometry": {"type": "Polygon", "coordinates": [[[-75.8471, 39.0748], [-75.8479, 39.087], [-75.8433, 39.0905], [-75.8349, 39.1083], [-75.8023, 39.1246], [-75.7911, 39.1328], [-75.7579, 39.1384], [-75.7477, 39.1433], [-75.7395, 39.0412], [-75.7475, 39.0392], [-75.758, 39.032], [-75.7579, 39.0297], [-75.7644, 39.0263], [-75.7657, 39.019], [-75.7712, 39.02], [-75.7755, 39.015], [-75.778, 39.0178], [-75.7854, 39.0142], [-75.7873, 39.0224], [-75.7919, 39.0257], [-75.8204, 39.0293], [-75.8319, 39.0447], [-75.8336, 39.0505], [-75.8484, 39.0615], [-75.8528, 39.0679], [-75.8471, 39.0748]]]}}, {"type": "Feature", "properties": {"fips": "24013507801", "gap_national": 20.4, "gap_stratum": -0.5, "burden": 63.1, "capacity": 47.8, "svi": 0.72, "top_decile_gap": 0.0, "stratum": "micropolitan", "scored": 1}, "geometry": {"type": "Polygon", "coordinates": [[[-77.007, 39.559], [-77.0047, 39.5663], [-76.9965, 39.575], [-76.9872, 39.5666], [-76.9867, 39.5595], [-76.9945, 39.5376], [-77.0117, 39.5429], [-77.0185, 39.5426], [-77.0173, 39.5502], [-77.007, 39.559]]]}}, {"type": "Feature", "properties": {"fips": "24013510000", "gap_national": -7.2, "gap_stratum": -0.1, "burden": 58.5, "capacity": 62.7, "svi": 0.08, "top_decile_gap": 0.0, "stratum": "metropolitan", "scored": 1}, "geometry": {"type": "Polygon", "coordinates": [[[-77.3072, 39.6411], [-77.3, 39.6393], [-77.2915, 39.6306], [-77.2772, 39.6313], [-77.2758, 39.6327], [-77.2792, 39.6363], [-77.2713, 39.642], [-77.2756, 39.6471], [-77.2725, 39.6515], [-77.2553, 39.659], [-77.253, 39.6567], [-77.2578, 39.6526], [-77.2546, 39.6509], [-77.2486, 39.6539], [-77.244, 39.6529], [-77.2419, 39.6506], [-77.2429, 39.6436], [-77.1946, 39.6312], [-77.1596, 39.5981], [-77.1881, 39.5933], [-77.198, 39.5754], [-77.2004, 39.5787], [-77.207, 39.5795], [-77.2175, 39.5745], [-77.2229, 39.5773], [-77.2194, 39.5794], [-77.22, 39.5819], [-77.2323, 39.5844], [-77.2278, 39.5883], [-77.2344, 39.5881], [-77.239, 39.5849], [-77.2388, 39.589], [-77.2462, 39.593], [-77.2535, 39.6028], [-77.2602, 39.6025], [-77.262, 39.5994], [-77.2596, 39.595], [-77.2628, 39.5941], [-77.2709, 39.6012], [-77.2716, 39.6062], [-77.2858, 39.6077], [-77.2877, 39.6045], [-77.2905, 39.6045], [-77.294, 39.6103], [-77.2998, 39.6123], [-77.3074, 39.6191], [-77.2995, 39.6236], [-77.3079, 39.6283], [-77.3113, 39.6396], [-77.3072, 39.6411]]]}}, {"type": "Feature", "properties": {"fips": "24013508200", "gap_national": -26.1, "gap_stratum": -19.8, "burden": 41.7, "capacity": 62.3, "svi": 0.12, "top_decile_gap": 0.0, "stratum": "metropolitan", "scored": 1}, "geometry": {"type": "Polygon", "coordinates": [[[-76.9355, 39.598], [-76.9332, 39.5937], [-76.9311, 39.5944], [-76.9118, 39.6132], [-76.8687, 39.6401], [-76.8532, 39.6132], [-76.8409, 39.58], [-76.8406, 39.5756], [-76.8575, 39.529], [-76.8651, 39.55], [-76.8728, 39.5545], [-76.9093, 39.5607], [-76.9152, 39.5603], [-76.9183, 39.5565], [-76.9313, 39.5609], [-76.9464, 39.5699], [-76.9355, 39.598]]]}}, {"type": "Feature", "properties": {"fips": "24013507500", "gap_national": -18.3, "gap_stratum": -23.5, "burden": 16.6, "capacity": 36.4, "svi": 0.09, "top_decile_gap": 0.0, "stratum": "micropolitan", "scored": 1}, "geometry": {"type": "Polygon", "coordinates": [[[-77.0456, 39.6358], [-77.0467, 39.6439], [-77.0406, 39.6464], [-77.0061, 39.6377], [-76.9971, 39.6229], [-76.9989, 39.578], [-77.005, 39.5839], [-77.0285, 39.5891], [-77.0574, 39.6047], [-77.0456, 39.6358]]]}}, {"type": "Feature", "properties": {"fips": "24013514201", "gap_national": -23.0, "gap_stratum": -15.6, "burden": 48.5, "capacity": 65.5, "svi": 0.24, "top_decile_gap": 0.0, "stratum": "metropolitan", "scored": 1}, "geometry": {"type": "Polygon", "coordinates": [[[-77.0901, 39.3841], [-77.0777, 39.3933], [-77.0789, 39.3963], [-77.0758, 39.4012], [-77.0714, 39.4249], [-77.0477, 39.4437], [-77.0061, 39.4316], [-77.0126, 39.4108], [-77.0167, 39.4066], [-77.0192, 39.387], [-77.0156, 39.3715], [-77.0182, 39.3674], [-77.0157, 39.3526], [-77.0305, 39.3513], [-77.0335, 39.3553], [-77.0491, 39.3623], [-77.0514, 39.3591], [-77.0613, 39.3592], [-77.0706, 39.3691], [-77.0759, 39.3693], [-77.0801, 39.3739], [-77.0876, 39.374], [-77.0908, 39.3798], [-77.0901, 39.3841]]]}}, {"type": "Feature", "properties": {"fips": "24013514100", "gap_national": -40.2, "gap_stratum": -34.1, "burden": 35.9, "capacity": 67.3, "svi": 0.01, "top_decile_gap": 0.0, "stratum": "metropolitan", "scored": 1}, "geometry": {"type": "Polygon", "coordinates": [[[-77.0056, 39.4744], [-77.0019, 39.479], [-77.0033, 39.4807], [-76.9953, 39.4759], [-76.9908, 39.4768], [-76.9772, 39.4683], [-76.9713, 39.4696], [-76.9691, 39.4622], [-76.9554, 39.4519], [-76.9485, 39.4502], [-76.9631, 39.432], [-76.9726, 39.4108], [-76.9953, 39.4223], [-77.0099, 39.4336], [-77.0475, 39.4439], [-77.0056, 39.4744]]]}}, {"type": "Feature", "properties": {"fips": "24005404800", "gap_national": -54.7, "gap_stratum": -47.4, "burden": 37.8, "capacity": 81.7, "svi": 0.05, "top_decile_gap": 0.0, "stratum": "metropolitan", "scored": 1}, "geometry": {"type": "Polygon", "coordinates": [[[-76.8857, 39.4564], [-76.892, 39.4618], [-76.8869, 39.4632], [-76.8845, 39.4669], [-76.8886, 39.4685], [-76.884, 39.47], [-76.8818, 39.4772], [-76.8769, 39.4767], [-76.8766, 39.483], [-76.8693, 39.4825], [-76.8665, 39.4876], [-76.8686, 39.489], [-76.8364, 39.4732], [-76.8377, 39.464], [-76.8308, 39.4513], [-76.8383, 39.4427], [-76.8342, 39.4384], [-76.8377, 39.4293], [-76.8436, 39.4266], [-76.8526, 39.4269], [-76.881, 39.4355], [-76.8918, 39.4454], [-76.8823, 39.4442], [-76.8764, 39.4508], [-76.8771, 39.4528], [-76.8839, 39.4506], [-76.893, 39.4553], [-76.8931, 39.4574], [-76.8857, 39.4564]]]}}, {"type": "Feature", "properties": {"fips": "24013504202", "gap_national": -32.6, "gap_stratum": -24.9, "burden": 45.4, "capacity": 69.7, "svi": 0.13, "top_decile_gap": 0.0, "stratum": "metropolitan", "scored": 1}, "geometry": {"type": "Polygon", "coordinates": [[[-76.9984, 39.4936], [-77.0034, 39.5064], [-77.0021, 39.5118], [-76.9936, 39.5227], [-76.9903, 39.5238], [-76.9753, 39.5131], [-76.9606, 39.5146], [-76.9435, 39.5047], [-76.9263, 39.4843], [-76.9162, 39.4819], [-76.9073, 39.4702], [-76.8983, 39.4649], [-76.8961, 39.4485], [-76.8779, 39.449], [-76.8823, 39.4442], [-76.8918, 39.4454], [-76.8873, 39.4405], [-76.911, 39.4435], [-76.9277, 39.4493], [-76.9385, 39.4424], [-76.9691, 39.4622], [-76.9703, 39.4689], [-76.9772, 39.4683], [-76.9908, 39.4768], [-76.9953, 39.4759], [-77.0038, 39.4806], [-77.0053, 39.4863], [-76.9984, 39.4936]]]}}, {"type": "Feature", "properties": {"fips": "24015030100", "gap_national": -3.5, "gap_stratum": 2.1, "burden": 75.5, "capacity": 74.3, "svi": 0.4, "top_decile_gap": 0.0, "stratum": "metropolitan", "scored": 1}, "geometry": {"type": "Polygon", "coordinates": [[[-76.035, 39.402], [-76.0165, 39.4085], [-76.0069, 39.4145], [-75.9974, 39.4303], [-75.9826, 39.4353], [-75.9677, 39.4636], [-75.939, 39.4847], [-75.9253, 39.4811], [-75.9064, 39.4811], [-75.8893, 39.4774], [-75.8771, 39.4698], [-75.8602, 39.4538], [-75.8221, 39.4414], [-75.819, 39.4425], [-75.8161, 39.4401], [-75.8098, 39.4423], [-75.782, 39.438], [-75.7757, 39.4422], [-75.7761, 39.4461], [-75.7722, 39.4456], [-75.7667, 39.3775], [-75.7842, 39.3825], [-75.7844, 39.3804], [-75.7894, 39.3811], [-75.7957, 39.3772], [-75.8018, 39.3779], [-75.8061, 39.3753], [-75.8098, 39.3798], [-75.8188, 39.3823], [-75.8237, 39.3814], [-75.8312, 39.3742], [-75.8424, 39.371], [-75.8455, 39.3677], [-75.8554, 39.3646], [-75.8676, 39.3678], [-75.8795, 39.3655], [-75.8851, 39.3608], [-75.896, 39.3659], [-75.908, 39.3645], [-75.9228, 39.3672], [-75.9279, 39.3715], [-75.9423, 39.3678], [-75.957, 39.3746], [-75.9683, 39.374], [-75.9762, 39.3675], [-75.9811, 39.3666], [-75.9908, 39.3746], [-75.9861, 39.3795], [-75.9951, 39.3847], [-76.0356, 39.3862], [-76.0399, 39.3881], [-76.041, 39.3942], [-76.035, 39.402]]]}}, {"type": "Feature", "properties": {"fips": "24015030400", "gap_national": 71.0, "gap_stratum": 70.1, "burden": 91.9, "capacity": 31.1, "svi": 0.9, "top_decile_gap": 1.0, "stratum": "metropolitan", "scored": 1}, "geometry": {"type": "Polygon", "coordinates": [[[-75.8471, 39.6101], [-75.8497, 39.6117], [-75.842, 39.6176], [-75.8286, 39.6214], [-75.8279, 39.6186], [-75.8192, 39.6171], [-75.8205, 39.6125], [-75.8147, 39.6101], [-75.8218, 39.6087], [-75.8261, 39.603], [-75.8317, 39.6058], [-75.8329, 39.5986], [-75.8399, 39.5932], [-75.8416, 39.5984], [-75.8454, 39.601], [-75.8507, 39.5971], [-75.8493, 39.601], [-75.8514, 39.6051], [-75.8471, 39.6101]]]}}, {"type": "Feature", "properties": {"fips": "24510271802", "gap_national": 31.4, "gap_stratum": 30.5, "burden": 96.7, "capacity": 62.5, "svi": 0.77, "top_decile_gap": 0.0, "stratum": "metropolitan", "scored": 1}, "geometry": {"type": "Polygon", "coordinates": [[[-76.676, 39.349], [-76.6714, 39.3452], [-76.6738, 39.341], [-76.6835, 39.3429], [-76.676, 39.349]]]}}, {"type": "Feature", "properties": {"fips": "24510130600", "gap_national": -41.1, "gap_stratum": -42.8, "burden": 7.9, "capacity": 47.9, "svi": 0.02, "top_decile_gap": 0.0, "stratum": "metropolitan", "scored": 1}, "geometry": {"type": "Polygon", "coordinates": [[[-76.6259, 39.3312], [-76.6262, 39.3208], [-76.6299, 39.3182], [-76.6343, 39.3247], [-76.6354, 39.3326], [-76.6259, 39.3312]]]}}, {"type": "Feature", "properties": {"fips": "24510120700", "gap_national": -18.2, "gap_stratum": -18.7, "burden": 11.8, "capacity": 32.1, "svi": 0.59, "top_decile_gap": 0.0, "stratum": "metropolitan", "scored": 1}, "geometry": {"type": "Polygon", "coordinates": [[[-76.6262, 39.3208], [-76.6253, 39.3262], [-76.6206, 39.3247], [-76.6194, 39.311], [-76.6256, 39.3123], [-76.6299, 39.3182], [-76.6262, 39.3208]]]}}, {"type": "Feature", "properties": {"fips": "24510270805", "gap_national": -7.0, "gap_stratum": -0.8, "burden": 73.6, "capacity": 75.6, "svi": 0.55, "top_decile_gap": 0.0, "stratum": "metropolitan", "scored": 1}, "geometry": {"type": "Polygon", "coordinates": [[[-76.61, 39.3651], [-76.5993, 39.3659], [-76.5947, 39.3541], [-76.61, 39.3555], [-76.61, 39.3651]]]}}, {"type": "Feature", "properties": {"fips": "24510200701", "gap_national": 12.7, "gap_stratum": 13.6, "burden": 94.0, "capacity": 75.0, "svi": 0.8, "top_decile_gap": 0.0, "stratum": "metropolitan", "scored": 1}, "geometry": {"type": "Polygon", "coordinates": [[[-76.6728, 39.2942], [-76.6723, 39.2858], [-76.6764, 39.2882], [-76.6814, 39.2842], [-76.6889, 39.2882], [-76.6894, 39.2936], [-76.6728, 39.2942]]]}}, {"type": "Feature", "properties": {"fips": "24510200702", "gap_national": 32.5, "gap_stratum": 31.5, "burden": 96.3, "capacity": 61.6, "svi": 0.55, "top_decile_gap": 0.0, "stratum": "metropolitan", "scored": 1}, "geometry": {"type": "Polygon", "coordinates": [[[-76.6723, 39.2858], [-76.6722, 39.2811], [-76.6808, 39.2841], [-76.6764, 39.2882], [-76.6723, 39.2858]]]}}, {"type": "Feature", "properties": {"fips": "24510160500", "gap_national": 34.2, "gap_stratum": 33.0, "burden": 98.3, "capacity": 61.2, "svi": 0.8, "top_decile_gap": 0.0, "stratum": "metropolitan", "scored": 1}, "geometry": {"type": "Polygon", "coordinates": [[[-76.6477, 39.3023], [-76.6509, 39.3002], [-76.6504, 39.2937], [-76.6594, 39.2934], [-76.6609, 39.3061], [-76.6477, 39.3023]]]}}, {"type": "Feature", "properties": {"fips": "24510271700", "gap_national": 10.7, "gap_stratum": 11.8, "burden": 93.4, "capacity": 76.2, "svi": 0.84, "top_decile_gap": 0.0, "stratum": "metropolitan", "scored": 1}, "geometry": {"type": "Polygon", "coordinates": [[[-76.666, 39.3576], [-76.6604, 39.3552], [-76.6591, 39.3479], [-76.6714, 39.3452], [-76.6834, 39.3518], [-76.666, 39.3576]]]}}, {"type": "Feature", "properties": {"fips": "24510270600", "gap_national": -21.3, "gap_stratum": -13.0, "burden": 61.7, "capacity": 75.8, "svi": 0.29, "top_decile_gap": 0.0, "stratum": "metropolitan", "scored": 1}, "geometry": {"type": "Polygon", "coordinates": [[[-76.5586, 39.3627], [-76.5579, 39.3565], [-76.5634, 39.3501], [-76.573, 39.3539], [-76.5735, 39.3651], [-76.5586, 39.3627]]]}}, {"type": "Feature", "properties": {"fips": "24510080200", "gap_national": 26.4, "gap_stratum": 26.0, "burden": 98.3, "capacity": 66.5, "svi": 0.73, "top_decile_gap": 0.0, "stratum": "metropolitan", "scored": 1}, "geometry": {"type": "Polygon", "coordinates": [[[-76.5731, 39.3143], [-76.573, 39.3093], [-76.5885, 39.3087], [-76.5906, 39.3151], [-76.5731, 39.3143]]]}}, {"type": "Feature", "properties": {"fips": "24510270401", "gap_national": 6.5, "gap_stratum": 10.6, "burden": 79.6, "capacity": 69.8, "svi": 0.5, "top_decile_gap": 0.0, "stratum": "metropolitan", "scored": 1}, "geometry": {"type": "Polygon", "coordinates": [[[-76.5427, 39.3535], [-76.5348, 39.3512], [-76.5524, 39.3376], [-76.5581, 39.3452], [-76.5427, 39.3535]]]}}, {"type": "Feature", "properties": {"fips": "24510260402", "gap_national": 43.0, "gap_stratum": 42.3, "burden": 88.7, "capacity": 51.0, "svi": 0.9, "top_decile_gap": 0.0, "stratum": "metropolitan", "scored": 1}, "geometry": {"type": "Polygon", "coordinates": [[[-76.5489, 39.3159], [-76.5341, 39.3283], [-76.5324, 39.3246], [-76.5353, 39.3177], [-76.5431, 39.3074], [-76.5504, 39.3113], [-76.5489, 39.3159]]]}}, {"type": "Feature", "properties": {"fips": "24510010400", "gap_national": -43.9, "gap_stratum": -45.8, "burden": 6.0, "capacity": 48.9, "svi": 0.18, "top_decile_gap": 0.0, "stratum": "metropolitan", "scored": 1}, "geometry": {"type": "Polygon", "coordinates": [[[-76.5843, 39.286], [-76.5827, 39.2831], [-76.577, 39.2832], [-76.5753, 39.2782], [-76.5776, 39.2716], [-76.5866, 39.2773], [-76.5871, 39.2859], [-76.5843, 39.286]]]}}, {"type": "Feature", "properties": {"fips": "24510200500", "gap_national": 74.0, "gap_stratum": 72.1, "burden": 98.4, "capacity": 32.1, "svi": 0.94, "top_decile_gap": 1.0, "stratum": "metropolitan", "scored": 1}, "geometry": {"type": "Polygon", "coordinates": [[[-76.65, 39.2858], [-76.648, 39.2791], [-76.6576, 39.276], [-76.659, 39.2814], [-76.65, 39.2858]]]}}, {"type": "Feature", "properties": {"fips": "24510250206", "gap_national": 45.9, "gap_stratum": 49.8, "burden": 72.0, "capacity": 36.2, "svi": 0.73, "top_decile_gap": 0.0, "stratum": "metropolitan", "scored": 1}, "geometry": {"type": "Polygon", "coordinates": [[[-76.6549, 39.2755], [-76.6542, 39.267], [-76.6498, 39.2603], [-76.6599, 39.2555], [-76.6643, 39.2574], [-76.6716, 39.2759], [-76.6549, 39.2755]]]}}, {"type": "Feature", "properties": {"fips": "24510151100", "gap_national": -3.4, "gap_stratum": -0.4, "burden": 85.3, "capacity": 84.1, "svi": 0.64, "top_decile_gap": 0.0, "stratum": "metropolitan", "scored": 1}, "geometry": {"type": "Polygon", "coordinates": [[[-76.678, 39.3399], [-76.6665, 39.3338], [-76.6648, 39.3222], [-76.6811, 39.3269], [-76.678, 39.3399]]]}}, {"type": "Feature", "properties": {"fips": "24510080102", "gap_national": 34.8, "gap_stratum": 33.6, "burden": 95.9, "capacity": 59.9, "svi": 0.72, "top_decile_gap": 0.0, "stratum": "metropolitan", "scored": 1}, "geometry": {"type": "Polygon", "coordinates": [[[-76.5737, 39.3216], [-76.5717, 39.3203], [-76.5731, 39.3143], [-76.5818, 39.3146], [-76.5737, 39.3216]]]}}, {"type": "Feature", "properties": {"fips": "24510060100", "gap_national": 10.2, "gap_stratum": 14.2, "burden": 31.7, "capacity": 26.1, "svi": 0.56, "top_decile_gap": 0.0, "stratum": "metropolitan", "scored": 1}, "geometry": {"type": "Polygon", "coordinates": [[[-76.5726, 39.2971], [-76.5724, 39.2924], [-76.5776, 39.2922], [-76.578, 39.2969], [-76.5726, 39.2971]]]}}, {"type": "Feature", "properties": {"fips": "24510010200", "gap_national": -35.5, "gap_stratum": -37.5, "burden": 5.2, "capacity": 42.4, "svi": 0.04, "top_decile_gap": 0.0, "stratum": "metropolitan", "scored": 1}, "geometry": {"type": "Polygon", "coordinates": [[[-76.5762, 39.2922], [-76.5724, 39.2924], [-76.5714, 39.2844], [-76.5771, 39.2842], [-76.5762, 39.2922]]]}}, {"type": "Feature", "properties": {"fips": "24045010701", "gap_national": -23.4, "gap_stratum": -15.0, "burden": 60.7, "capacity": 76.8, "svi": 0.32, "top_decile_gap": 0.0, "stratum": "metropolitan", "scored": 1}, "geometry": {"type": "Polygon", "coordinates": [[[-75.8456, 38.4219], [-75.8289, 38.4234], [-75.8213, 38.4301], [-75.8213, 38.4393], [-75.8331, 38.4434], [-75.8367, 38.4481], [-75.8332, 38.4576], [-75.8167, 38.4633], [-75.8149, 38.4665], [-75.8229, 38.476], [-75.8237, 38.481], [-75.8152, 38.4888], [-75.7947, 38.4924], [-75.7821, 38.5016], [-75.765, 38.5065], [-75.7571, 38.5134], [-75.7533, 38.5287], [-75.7469, 38.5362], [-75.7272, 38.5398], [-75.7119, 38.5509], [-75.7061, 38.5605], [-75.7016, 38.5607], [-75.6937, 38.4601], [-75.6917, 38.46], [-75.6992, 38.4594], [-75.6979, 38.432], [-75.7137, 38.4293], [-75.7197, 38.4227], [-75.751, 38.4139], [-75.7567, 38.4088], [-75.7557, 38.4063], [-75.7605, 38.4043], [-75.7717, 38.4021], [-75.7764, 38.4057], [-75.7834, 38.4025], [-75.7865, 38.4039], [-75.7949, 38.3981], [-75.8026, 38.3988], [-75.8051, 38.3946], [-75.8194, 38.3868], [-75.8237, 38.3874], [-75.824, 38.3904], [-75.828, 38.3874], [-75.8393, 38.3888], [-75.8513, 38.4003], [-75.8456, 38.4219]]]}}, {"type": "Feature", "properties": {"fips": "24045010606", "gap_national": -19.4, "gap_stratum": -11.3, "burden": 63.7, "capacity": 76.3, "svi": 0.2, "top_decile_gap": 0.0, "stratum": "metropolitan", "scored": 1}, "geometry": {"type": "Polygon", "coordinates": [[[-75.5445, 38.3452], [-75.5377, 38.3631], [-75.5373, 38.3697], [-75.5039, 38.3761], [-75.4248, 38.3854], [-75.3751, 38.3845], [-75.3514, 38.3868], [-75.3266, 38.3849], [-75.3297, 38.3821], [-75.3266, 38.3761], [-75.3219, 38.371], [-75.3163, 38.3693], [-75.314, 38.3598], [-75.3074, 38.357], [-75.307, 38.3548], [-75.3099, 38.3493], [-75.3174, 38.3457], [-75.3163, 38.3436], [-75.3232, 38.3319], [-75.3332, 38.3305], [-75.341, 38.3202], [-75.3549, 38.315], [-75.3639, 38.2909], [-75.3726, 38.2897], [-75.4491, 38.2865], [-75.4476, 38.2947], [-75.4555, 38.3038], [-75.4849, 38.3106], [-75.5149, 38.3128], [-75.5227, 38.3168], [-75.5356, 38.3314], [-75.5494, 38.3413], [-75.5445, 38.3452]]]}}, {"type": "Feature", "properties": {"fips": "24045010603", "gap_national": -18.9, "gap_stratum": -11.0, "burden": 55.2, "capacity": 68.1, "svi": 0.57, "top_decile_gap": 0.0, "stratum": "metropolitan", "scored": 1}, "geometry": {"type": "Polygon", "coordinates": [[[-75.5681, 38.4059], [-75.5584, 38.4555], [-75.4441, 38.453], [-75.4452, 38.444], [-75.45, 38.4402], [-75.4489, 38.4311], [-75.438, 38.4191], [-75.4441, 38.4162], [-75.4532, 38.4189], [-75.4594, 38.4137], [-75.5022, 38.4143], [-75.5021, 38.3993], [-75.4959, 38.3982], [-75.4994, 38.386], [-75.5032, 38.3858], [-75.5043, 38.3755], [-75.5373, 38.3697], [-75.5441, 38.3901], [-75.5608, 38.3933], [-75.5716, 38.3981], [-75.5681, 38.4059]]]}}, {"type": "Feature", "properties": {"fips": "24045010101", "gap_national": -12.0, "gap_stratum": -4.5, "burden": 58.7, "capacity": 66.1, "svi": 0.73, "top_decile_gap": 0.0, "stratum": "metropolitan", "scored": 1}, "geometry": {"type": "Polygon", "coordinates": [[[-75.5921, 38.3983], [-75.5947, 38.4093], [-75.5838, 38.4072], [-75.5677, 38.41], [-75.5716, 38.3981], [-75.5608, 38.3933], [-75.5441, 38.3901], [-75.5373, 38.3697], [-75.5509, 38.3658], [-75.5731, 38.3692], [-75.5735, 38.3711], [-75.5783, 38.3715], [-75.5753, 38.3733], [-75.5799, 38.373], [-75.5804, 38.3786], [-75.5727, 38.3791], [-75.5736, 38.3836], [-75.5878, 38.3839], [-75.5986, 38.3797], [-75.5921, 38.3983]]]}}, {"type": "Feature", "properties": {"fips": "24043000302", "gap_national": 71.5, "gap_stratum": 72.2, "burden": 86.2, "capacity": 26.2, "svi": 0.83, "top_decile_gap": 1.0, "stratum": "metropolitan", "scored": 1}, "geometry": {"type": "Polygon", "coordinates": [[[-77.7247, 39.6539], [-77.722, 39.6516], [-77.7269, 39.6452], [-77.7343, 39.6469], [-77.7247, 39.6539]]]}}, {"type": "Feature", "properties": {"fips": "24043011302", "gap_national": -25.9, "gap_stratum": -17.3, "burden": 58.6, "capacity": 76.8, "svi": 0.27, "top_decile_gap": 0.0, "stratum": "metropolitan", "scored": 1}, "geometry": {"type": "Polygon", "coordinates": [[[-77.6836, 39.5794], [-77.6836, 39.5847], [-77.6809, 39.5859], [-77.6748, 39.5979], [-77.6627, 39.6071], [-77.6598, 39.6144], [-77.6528, 39.6135], [-77.6462, 39.6091], [-77.6354, 39.6085], [-77.6242, 39.6026], [-77.6075, 39.6242], [-77.6034, 39.6256], [-77.5964, 39.6245], [-77.5737, 39.613], [-77.5853, 39.5833], [-77.5868, 39.5714], [-77.594, 39.5639], [-77.5949, 39.553], [-77.5994, 39.5497], [-77.5971, 39.542], [-77.6199, 39.5243], [-77.6264, 39.5285], [-77.6323, 39.5269], [-77.6381, 39.5298], [-77.6359, 39.5511], [-77.6449, 39.5511], [-77.647, 39.5548], [-77.6656, 39.5508], [-77.6805, 39.5592], [-77.6835, 39.5588], [-77.6901, 39.5678], [-77.6836, 39.5794]]]}}, {"type": "Feature", "properties": {"fips": "24045000400", "gap_national": 12.4, "gap_stratum": 17.7, "burden": 65.1, "capacity": 54.9, "svi": 0.65, "top_decile_gap": 0.0, "stratum": "metropolitan", "scored": 1}, "geometry": {"type": "Polygon", "coordinates": [[[-75.6206, 38.35], [-75.6119, 38.3622], [-75.5951, 38.3652], [-75.601, 38.3485], [-75.6076, 38.3493], [-75.6083, 38.3469], [-75.6164, 38.35], [-75.6246, 38.3466], [-75.6271, 38.3484], [-75.6206, 38.35]]]}}, {"type": "Feature", "properties": {"fips": "24045010400", "gap_national": -28.9, "gap_stratum": -26.7, "burden": 26.7, "capacity": 52.6, "svi": 0.71, "top_decile_gap": 0.0, "stratum": "metropolitan", "scored": 1}, "geometry": {"type": "Polygon", "coordinates": [[[-75.6613, 38.3438], [-75.654, 38.3398], [-75.6479, 38.3428], [-75.6402, 38.3403], [-75.6271, 38.3484], [-75.6246, 38.3466], [-75.6164, 38.35], [-75.6083, 38.3469], [-75.6076, 38.3493], [-75.601, 38.3485], [-75.6101, 38.3331], [-75.6438, 38.2892], [-75.6523, 38.2942], [-75.648, 38.3009], [-75.6474, 38.3057], [-75.6508, 38.3099], [-75.6483, 38.3118], [-75.6613, 38.3192], [-75.6661, 38.3193], [-75.666, 38.3356], [-75.6692, 38.3383], [-75.6613, 38.3438]]]}}, {"type": "Feature", "properties": {"fips": "24510140200", "gap_national": 56.3, "gap_stratum": 56.3, "burden": 85.9, "capacity": 39.3, "svi": 0.94, "top_decile_gap": 1.0, "stratum": "metropolitan", "scored": 1}, "geometry": {"type": "Polygon", "coordinates": [[[-76.6308, 39.3079], [-76.6269, 39.3048], [-76.6345, 39.2991], [-76.6356, 39.3043], [-76.6308, 39.3079]]]}}, {"type": "Feature", "properties": {"fips": "24510260404", "gap_national": 74.8, "gap_stratum": 79.9, "burden": 74.5, "capacity": 9.2, "svi": 0.82, "top_decile_gap": 1.0, "stratum": "metropolitan", "scored": 1}, "geometry": {"type": "Polygon", "coordinates": [[[-76.5655, 39.309], [-76.5535, 39.3002], [-76.5393, 39.3046], [-76.5298, 39.3104], [-76.5295, 39.2971], [-76.5478, 39.2958], [-76.5515, 39.2922], [-76.5694, 39.2925], [-76.5699, 39.2993], [-76.5728, 39.2992], [-76.573, 39.3093], [-76.5655, 39.309]]]}}, {"type": "Feature", "properties": {"fips": "24510130400", "gap_national": 18.3, "gap_stratum": 20.5, "burden": 84.0, "capacity": 64.5, "svi": 0.9, "top_decile_gap": 0.0, "stratum": "metropolitan", "scored": 1}, "geometry": {"type": "Polygon", "coordinates": [[[-76.654, 39.3303], [-76.6449, 39.3309], [-76.6327, 39.3235], [-76.6294, 39.3171], [-76.6369, 39.3169], [-76.6418, 39.314], [-76.6436, 39.3158], [-76.6463, 39.3132], [-76.6575, 39.3255], [-76.654, 39.3303]]]}}, {"type": "Feature", "properties": {"fips": "24510250203", "gap_national": 27.4, "gap_stratum": 28.1, "burden": 87.3, "capacity": 60.5, "svi": 0.78, "top_decile_gap": 0.0, "stratum": "metropolitan", "scored": 1}, "geometry": {"type": "Polygon", "coordinates": [[[-76.6173, 39.2524], [-76.6164, 39.2572], [-76.6083, 39.2547], [-76.6146, 39.2411], [-76.6217, 39.2417], [-76.6188, 39.2458], [-76.6254, 39.2491], [-76.6173, 39.2524]]]}}, {"type": "Feature", "properties": {"fips": "24510260700", "gap_national": 25.8, "gap_stratum": 31.5, "burden": 36.3, "capacity": 15.0, "svi": 0.7, "top_decile_gap": 0.0, "stratum": "metropolitan", "scored": 1}, "geometry": {"type": "Polygon", "coordinates": [[[-76.555, 39.2919], [-76.5546, 39.281], [-76.5621, 39.2807], [-76.5627, 39.2916], [-76.555, 39.2919]]]}}, {"type": "Feature", "properties": {"fips": "24510080600", "gap_national": 22.5, "gap_stratum": 22.5, "burden": 97.2, "capacity": 68.8, "svi": 0.87, "top_decile_gap": 0.0, "stratum": "metropolitan", "scored": 1}, "geometry": {"type": "Polygon", "coordinates": [[[-76.5887, 39.3124], [-76.5885, 39.3088], [-76.5983, 39.3084], [-76.5985, 39.312], [-76.5887, 39.3124]]]}}, {"type": "Feature", "properties": {"fips": "24510090900", "gap_national": 27.8, "gap_stratum": 28.1, "burden": 89.2, "capacity": 61.3, "svi": 0.9, "top_decile_gap": 0.0, "stratum": "metropolitan", "scored": 1}, "geometry": {"type": "Polygon", "coordinates": [[[-76.5985, 39.312], [-76.5981, 39.3052], [-76.6082, 39.3048], [-76.6095, 39.3114], [-76.5985, 39.312]]]}}, {"type": "Feature", "properties": {"fips": "24510280404", "gap_national": 12.8, "gap_stratum": 14.5, "burden": 89.5, "capacity": 72.1, "svi": 0.86, "top_decile_gap": 0.0, "stratum": "metropolitan", "scored": 1}, "geometry": {"type": "Polygon", "coordinates": [[[-76.6894, 39.2936], [-76.6867, 39.2817], [-76.6929, 39.2815], [-76.698, 39.2931], [-76.6894, 39.2936]]]}}, {"type": "Feature", "properties": {"fips": "24510090800", "gap_national": 41.7, "gap_stratum": 39.8, "burden": 98.9, "capacity": 56.6, "svi": 0.94, "top_decile_gap": 0.0, "stratum": "metropolitan", "scored": 1}, "geometry": {"type": "Polygon", "coordinates": [[[-76.6095, 39.3195], [-76.5949, 39.3172], [-76.5994, 39.3119], [-76.6095, 39.3114], [-76.6095, 39.3195]]]}}, {"type": "Feature", "properties": {"fips": "24510270200", "gap_national": -54.7, "gap_stratum": -47.6, "burden": 36.8, "capacity": 80.4, "svi": 0.21, "top_decile_gap": 0.0, "stratum": "metropolitan", "scored": 1}, "geometry": {"type": "Polygon", "coordinates": [[[-76.5737, 39.3456], [-76.5674, 39.3396], [-76.5765, 39.3339], [-76.5784, 39.3355], [-76.577, 39.3386], [-76.5815, 39.3419], [-76.5808, 39.3453], [-76.5737, 39.3456]]]}}, {"type": "Feature", "properties": {"fips": "24510272003", "gap_national": -20.3, "gap_stratum": -13.0, "burden": 49.5, "capacity": 64.4, "svi": 0.54, "top_decile_gap": 0.0, "stratum": "metropolitan", "scored": 1}, "geometry": {"type": "Polygon", "coordinates": [[[-76.6851, 39.3655], [-76.6852, 39.369], [-76.6808, 39.3691], [-76.6823, 39.3722], [-76.6782, 39.372], [-76.6731, 39.3642], [-76.6881, 39.3558], [-76.6979, 39.3608], [-76.6998, 39.3624], [-76.6851, 39.3655]]]}}, {"type": "Feature", "properties": {"fips": "24510110200", "gap_national": -19.9, "gap_stratum": -19.5, "burden": 19.2, "capacity": 39.9, "svi": 0.53, "top_decile_gap": 0.0, "stratum": "metropolitan", "scored": 1}, "geometry": {"type": "Polygon", "coordinates": [[[-76.6204, 39.3091], [-76.6147, 39.306], [-76.6143, 39.2951], [-76.6198, 39.2949], [-76.6204, 39.3091]]]}}, {"type": "Feature", "properties": {"fips": "24510271101", "gap_national": -10.7, "gap_stratum": -9.5, "burden": 20.6, "capacity": 33.7, "svi": 0.7, "top_decile_gap": 0.0, "stratum": "metropolitan", "scored": 1}, "geometry": {"type": "Polygon", "coordinates": [[[-76.6099, 39.3543], [-76.6097, 39.3462], [-76.6221, 39.3453], [-76.6235, 39.3532], [-76.6099, 39.3543]]]}}, {"type": "Feature", "properties": {"fips": "24510271102", "gap_national": -20.8, "gap_stratum": -22.5, "burden": 0.6, "capacity": 28.1, "svi": 0.05, "top_decile_gap": 0.0, "stratum": "metropolitan", "scored": 1}, "geometry": {"type": "Polygon", "coordinates": [[[-76.6237, 39.3539], [-76.6221, 39.3453], [-76.6097, 39.3462], [-76.6096, 39.3398], [-76.6123, 39.341], [-76.6184, 39.3385], [-76.6258, 39.3416], [-76.6292, 39.3534], [-76.6237, 39.3539]]]}}, {"type": "Feature", "properties": {"fips": "24510130300", "gap_national": 19.0, "gap_stratum": 20.2, "burden": 89.5, "capacity": 67.5, "svi": 0.7, "top_decile_gap": 0.0, "stratum": "metropolitan", "scored": 1}, "geometry": {"type": "Polygon", "coordinates": [[[-76.6436, 39.3158], [-76.6403, 39.3151], [-76.6339, 39.3103], [-76.6425, 39.3101], [-76.6463, 39.3132], [-76.6436, 39.3158]]]}}, {"type": "Feature", "properties": {"fips": "24510090300", "gap_national": 11.8, "gap_stratum": 13.3, "burden": 90.8, "capacity": 73.7, "svi": 0.89, "top_decile_gap": 0.0, "stratum": "metropolitan", "scored": 1}, "geometry": {"type": "Polygon", "coordinates": [[[-76.5954, 39.334], [-76.5951, 39.3283], [-76.6094, 39.3283], [-76.6095, 39.3345], [-76.5954, 39.334]]]}}, {"type": "Feature", "properties": {"fips": "24510272007", "gap_national": 19.7, "gap_stratum": 23.3, "burden": 75.1, "capacity": 57.6, "svi": 0.64, "top_decile_gap": 0.0, "stratum": "metropolitan", "scored": 1}, "geometry": {"type": "Polygon", "coordinates": [[[-76.7113, 39.3719], [-76.6998, 39.3624], [-76.7032, 39.3597], [-76.7008, 39.3579], [-76.7024, 39.3562], [-76.7112, 39.3628], [-76.7113, 39.3719]]]}}, {"type": "Feature", "properties": {"fips": "24510160200", "gap_national": 27.8, "gap_stratum": 27.4, "burden": 94.5, "capacity": 64.0, "svi": 0.91, "top_decile_gap": 0.0, "stratum": "metropolitan", "scored": 1}, "geometry": {"type": "Polygon", "coordinates": [[[-76.639, 39.3034], [-76.6385, 39.2942], [-76.6427, 39.294], [-76.6432, 39.3032], [-76.639, 39.3034]]]}}, {"type": "Feature", "properties": {"fips": "24510160700", "gap_national": 31.4, "gap_stratum": 31.0, "burden": 91.0, "capacity": 59.9, "svi": 0.7, "top_decile_gap": 0.0, "stratum": "metropolitan", "scored": 1}, "geometry": {"type": "Polygon", "coordinates": [[[-76.6723, 39.3072], [-76.6609, 39.3061], [-76.6608, 39.3005], [-76.669, 39.2993], [-76.6697, 39.2943], [-76.674, 39.3026], [-76.6723, 39.3072]]]}}, {"type": "Feature", "properties": {"fips": "24510240200", "gap_national": -56.0, "gap_stratum": -57.7, "burden": 3.6, "capacity": 56.3, "svi": 0.01, "top_decile_gap": 0.0, "stratum": "metropolitan", "scored": 1}, "geometry": {"type": "Polygon", "coordinates": [[[-76.6028, 39.2798], [-76.599, 39.2769], [-76.5951, 39.2772], [-76.5989, 39.2708], [-76.6084, 39.2729], [-76.6092, 39.279], [-76.6028, 39.2798]]]}}, {"type": "Feature", "properties": {"fips": "24510250207", "gap_national": 44.8, "gap_stratum": 47.1, "burden": 77.2, "capacity": 41.5, "svi": 0.95, "top_decile_gap": 0.0, "stratum": "metropolitan", "scored": 1}, "geometry": {"type": "Polygon", "coordinates": [[[-76.6247, 39.2606], [-76.6164, 39.2572], [-76.6173, 39.2524], [-76.6254, 39.2491], [-76.6274, 39.2516], [-76.6281, 39.25], [-76.6326, 39.2515], [-76.6343, 39.2556], [-76.6247, 39.2606]]]}}, {"type": "Feature", "properties": {"fips": "24510240400", "gap_national": -36.8, "gap_stratum": -39.0, "burden": 4.1, "capacity": 42.9, "svi": 0.0, "top_decile_gap": 0.0, "stratum": "metropolitan", "scored": 1}, "geometry": {"type": "Polygon", "coordinates": [[[-76.6118, 39.2727], [-76.6052, 39.273], [-76.5997, 39.2711], [-76.6009, 39.2667], [-76.5927, 39.2653], [-76.5986, 39.2548], [-76.6105, 39.2547], [-76.6106, 39.2622], [-76.6068, 39.2639], [-76.6056, 39.2672], [-76.6119, 39.267], [-76.6118, 39.2727]]]}}, {"type": "Feature", "properties": {"fips": "24510240100", "gap_national": -44.9, "gap_stratum": -47.0, "burden": 4.9, "capacity": 49.2, "svi": 0.03, "top_decile_gap": 0.0, "stratum": "metropolitan", "scored": 1}, "geometry": {"type": "Polygon", "coordinates": [[[-76.5951, 39.2772], [-76.5899, 39.278], [-76.5776, 39.2716], [-76.575, 39.2646], [-76.5795, 39.2615], [-76.5865, 39.2613], [-76.5849, 39.2554], [-76.5986, 39.2548], [-76.5927, 39.2653], [-76.6009, 39.2667], [-76.5951, 39.2772]]]}}, {"type": "Feature", "properties": {"fips": "24021750300", "gap_national": -5.8, "gap_stratum": -1.1, "burden": 40.4, "capacity": 47.6, "svi": 0.66, "top_decile_gap": 0.0, "stratum": "metropolitan", "scored": 1}, "geometry": {"type": "Polygon", "coordinates": [[[-77.4112, 39.4128], [-77.4118, 39.4078], [-77.4213, 39.4106], [-77.4209, 39.4126], [-77.4112, 39.4128]]]}}, {"type": "Feature", "properties": {"fips": "24021766800", "gap_national": 0.3, "gap_stratum": -8.7, "burden": 25.4, "capacity": 28.7, "svi": 0.4, "top_decile_gap": 0.0, "stratum": "rural", "scored": 1}, "geometry": {"type": "Polygon", "coordinates": [[[-77.4002, 39.6912], [-77.3772, 39.6986], [-77.3662, 39.7049], [-77.3543, 39.7037], [-77.3695, 39.72], [-77.293, 39.72], [-77.2945, 39.7042], [-77.297, 39.6997], [-77.2841, 39.6949], [-77.2852, 39.6748], [-77.3009, 39.6716], [-77.3177, 39.6833], [-77.3204, 39.6832], [-77.3346, 39.6779], [-77.3381, 39.6609], [-77.3516, 39.6676], [-77.3561, 39.6763], [-77.3801, 39.6697], [-77.3831, 39.6668], [-77.3846, 39.67], [-77.3885, 39.6706], [-77.3894, 39.6687], [-77.3956, 39.6705], [-77.4087, 39.6847], [-77.4002, 39.6912]]]}}, {"type": "Feature", "properties": {"fips": "24021767500", "gap_national": -25.4, "gap_stratum": -16.8, "burden": 57.1, "capacity": 74.9, "svi": 0.27, "top_decile_gap": 0.0, "stratum": "metropolitan", "scored": 1}, "geometry": {"type": "Polygon", "coordinates": [[[-77.3935, 39.599], [-77.372, 39.5847], [-77.3817, 39.6145], [-77.3649, 39.6233], [-77.3666, 39.625], [-77.3652, 39.6302], [-77.3704, 39.6306], [-77.3793, 39.6386], [-77.3938, 39.6408], [-77.3864, 39.6474], [-77.3861, 39.6495], [-77.3893, 39.65], [-77.3786, 39.6577], [-77.3801, 39.6697], [-77.3561, 39.6763], [-77.3516, 39.6676], [-77.3381, 39.6609], [-77.3346, 39.6779], [-77.3204, 39.6832], [-77.3177, 39.6833], [-77.3009, 39.6716], [-77.2852, 39.6748], [-77.2841, 39.6949], [-77.297, 39.6997], [-77.2945, 39.7042], [-77.293, 39.72], [-77.2157, 39.7192], [-77.2154, 39.713], [-77.2257, 39.7098], [-77.2266, 39.7066], [-77.2162, 39.7014], [-77.2163, 39.6974], [-77.226, 39.6938], [-77.243, 39.695], [-77.244, 39.6909], [-77.236, 39.6852], [-77.2345, 39.6776], [-77.2432, 39.6699], [-77.2542, 39.6678], [-77.2558, 39.6632], [-77.2622, 39.6652], [-77.2664, 39.662], [-77.2654, 39.6562], [-77.2756, 39.6471], [-77.2713, 39.642], [-77.2792, 39.6363], [-77.2758, 39.6327], [-77.2772, 39.6313], [-77.2915, 39.6306], [-77.3, 39.6393], [-77.3072, 39.6411], [-77.3113, 39.6396], [-77.3079, 39.6283], [-77.2995, 39.6236], [-77.3074, 39.6191], [-77.2903, 39.6066], [-77.2933, 39.6032], [-77.3028, 39.6037], [-77.3084, 39.601], [-77.3087, 39.5979], [-77.2984, 39.5888], [-77.3106, 39.5885], [-77.3137, 39.5807], [-77.3388, 39.5777], [-77.3401, 39.5742], [-77.3372, 39.567], [-77.3429, 39.5638], [-77.3587, 39.5616], [-77.359, 39.5562], [-77.3558, 39.5519], [-77.3581, 39.5494], [-77.3675, 39.5539], [-77.3857, 39.5495], [-77.3875, 39.5515], [-77.3847, 39.56], [-77.3917, 39.5692], [-77.3925, 39.5881], [-77.3965, 39.5941], [-77.3935, 39.599]]]}}, {"type": "Feature", "properties": {"fips": "24021767600", "gap_national": -33.6, "gap_stratum": -25.5, "burden": 47.1, "capacity": 72.0, "svi": 0.11, "top_decile_gap": 0.0, "stratum": "metropolitan", "scored": 1}, "geometry": {"type": "Polygon", "coordinates": [[[-77.3711, 39.5163], [-77.3638, 39.5264], [-77.3524, 39.5317], [-77.3556, 39.5382], [-77.3506, 39.5434], [-77.3585, 39.5458], [-77.3558, 39.5519], [-77.359, 39.5562], [-77.3587, 39.5616], [-77.3383, 39.5658], [-77.3388, 39.5777], [-77.3137, 39.5807], [-77.3106, 39.5885], [-77.2984, 39.5888], [-77.3087, 39.5979], [-77.3067, 39.6026], [-77.2877, 39.6045], [-77.2858, 39.6077], [-77.2716, 39.6062], [-77.27, 39.6], [-77.2601, 39.594], [-77.262, 39.5994], [-77.2565, 39.6038], [-77.2508, 39.6016], [-77.2484, 39.5951], [-77.2425, 39.5912], [-77.2628, 39.5778], [-77.2909, 39.5672], [-77.2984, 39.5612], [-77.298, 39.5513], [-77.3034, 39.5379], [-77.2732, 39.5262], [-77.266, 39.5209], [-77.2647, 39.5105], [-77.2717, 39.5048], [-77.2782, 39.5084], [-77.2815, 39.5002], [-77.3067, 39.4979], [-77.3133, 39.4914], [-77.3258, 39.4932], [-77.3317, 39.4914], [-77.3344, 39.4945], [-77.3458, 39.496], [-77.3597, 39.5025], [-77.377, 39.5071], [-77.3778, 39.5123], [-77.3711, 39.5163]]]}}, {"type": "Feature", "properties": {"fips": "24017850300", "gap_national": -9.7, "gap_stratum": -3.3, "burden": 72.6, "capacity": 77.1, "svi": 0.3, "top_decile_gap": 0.0, "stratum": "metropolitan", "scored": 1}, "geometry": {"type": "Polygon", "coordinates": [[[-77.1948, 38.5514], [-77.1925, 38.5529], [-77.1969, 38.5629], [-77.1846, 38.5661], [-77.1701, 38.5825], [-77.1606, 38.583], [-77.1615, 38.5898], [-77.1563, 38.5906], [-77.1506, 38.5865], [-77.142, 38.5881], [-77.1381, 38.5958], [-77.1348, 38.5967], [-77.1284, 38.5906], [-77.1214, 38.5911], [-77.1189, 38.5888], [-77.119, 38.5842], [-77.1214, 38.5834], [-77.1281, 38.5666], [-77.1296, 38.5487], [-77.1458, 38.5235], [-77.1473, 38.5128], [-77.1569, 38.5037], [-77.1587, 38.4935], [-77.1676, 38.5012], [-77.1735, 38.519], [-77.1677, 38.532], [-77.1749, 38.5385], [-77.1746, 38.5416], [-77.1785, 38.5448], [-77.1971, 38.5367], [-77.1948, 38.5514]]]}}, {"type": "Feature", "properties": {"fips": "24019970400", "gap_national": -0.9, "gap_stratum": -16.1, "burden": 80.2, "capacity": 76.2, "svi": 0.79, "top_decile_gap": 0.0, "stratum": "micropolitan", "scored": 1}, "geometry": {"type": "Polygon", "coordinates": [[[-76.0779, 38.585], [-76.0779, 38.5795], [-76.0749, 38.5773], [-76.0726, 38.5787], [-76.0696, 38.5766], [-76.071, 38.5748], [-76.0472, 38.5628], [-76.0345, 38.5642], [-76.0397, 38.5584], [-76.0379, 38.5562], [-76.0399, 38.5532], [-76.06, 38.5583], [-76.0621, 38.5531], [-76.0695, 38.5646], [-76.0781, 38.5657], [-76.0776, 38.5711], [-76.0877, 38.5779], [-76.0779, 38.585]]]}}, {"type": "Feature", "properties": {"fips": "24023000200", "gap_national": 7.1, "gap_stratum": -14.3, "burden": 75.5, "capacity": 66.3, "svi": 0.65, "top_decile_gap": 0.0, "stratum": "rural", "scored": 1}, "geometry": {"type": "Polygon", "coordinates": [[[-79.2952, 39.6053], [-79.2775, 39.628], [-79.2751, 39.6348], [-79.2783, 39.6418], [-79.2889, 39.6502], [-79.3003, 39.6518], [-79.2953, 39.6603], [-79.2953, 39.6649], [-79.289, 39.672], [-79.2862, 39.6793], [-79.277, 39.6812], [-79.2676, 39.6781], [-79.2567, 39.6821], [-79.2479, 39.6946], [-79.2524, 39.6958], [-79.2606, 39.7034], [-79.2998, 39.7218], [-79.0874, 39.7227], [-79.1004, 39.6932], [-79.1088, 39.6844], [-79.1132, 39.6689], [-79.1191, 39.6647], [-79.1194, 39.6606], [-79.1253, 39.6571], [-79.1231, 39.6521], [-79.1253, 39.6344], [-79.1427, 39.6214], [-79.1574, 39.6148], [-79.185, 39.5931], [-79.1877, 39.5868], [-79.2048, 39.5679], [-79.2258, 39.5505], [-79.2211, 39.5587], [-79.232, 39.5769], [-79.232, 39.5895], [-79.2365, 39.5875], [-79.2555, 39.5883], [-79.2736, 39.5785], [-79.3024, 39.5913], [-79.2952, 39.6053]]]}}, {"type": "Feature", "properties": {"fips": "24023000300", "gap_national": -13.5, "gap_stratum": -41.6, "burden": 60.5, "capacity": 68.6, "svi": 0.28, "top_decile_gap": 0.0, "stratum": "micropolitan", "scored": 1}, "geometry": {"type": "Polygon", "coordinates": [[[-79.2048, 39.5679], [-79.1877, 39.5868], [-79.185, 39.5931], [-79.1574, 39.6148], [-79.1427, 39.6214], [-79.1253, 39.6344], [-79.1231, 39.6521], [-79.1253, 39.6571], [-79.1194, 39.6606], [-79.1191, 39.6647], [-79.1132, 39.6689], [-79.1088, 39.6844], [-79.1004, 39.6932], [-79.0874, 39.7227], [-78.9284, 39.7228], [-79.0679, 39.4791], [-79.0718, 39.4813], [-79.0741, 39.4863], [-79.085, 39.4866], [-79.0889, 39.4911], [-79.0973, 39.4912], [-79.0975, 39.496], [-79.104, 39.4964], [-79.105, 39.5007], [-79.1299, 39.5034], [-79.1369, 39.5117], [-79.1406, 39.5218], [-79.1514, 39.5257], [-79.1538, 39.5287], [-79.1525, 39.5341], [-79.1657, 39.5398], [-79.1728, 39.5494], [-79.2035, 39.5577], [-79.2109, 39.5556], [-79.2152, 39.5492], [-79.2281, 39.5412], [-79.2339, 39.5386], [-79.2347, 39.5425], [-79.2048, 39.5679]]]}}, {"type": "Feature", "properties": {"fips": "24015030601", "gap_national": -18.4, "gap_stratum": -10.3, "burden": 62.0, "capacity": 73.8, "svi": 0.15, "top_decile_gap": 0.0, "stratum": "metropolitan", "scored": 1}, "geometry": {"type": "Polygon", "coordinates": [[[-75.8215, 39.7219], [-75.8228, 39.7166], [-75.8142, 39.7002], [-75.8155, 39.6732], [-75.8137, 39.6563], [-75.8255, 39.658], [-75.8394, 39.6668], [-75.8532, 39.6633], [-75.8611, 39.685], [-75.8669, 39.6924], [-75.8762, 39.6904], [-75.8758, 39.6836], [-75.8726, 39.6807], [-75.8766, 39.6784], [-75.9052, 39.6726], [-75.9258, 39.6881], [-75.9331, 39.7028], [-75.937, 39.7217], [-75.8215, 39.7219]]]}}, {"type": "Feature", "properties": {"fips": "24015030903", "gap_national": 26.4, "gap_stratum": 31.2, "burden": 64.9, "capacity": 45.1, "svi": 0.72, "top_decile_gap": 0.0, "stratum": "metropolitan", "scored": 1}, "geometry": {"type": "Polygon", "coordinates": [[[-75.9321, 39.6123], [-75.8608, 39.6075], [-75.86, 39.6028], [-75.8636, 39.5989], [-75.8648, 39.5913], [-75.8772, 39.5808], [-75.8873, 39.5642], [-75.894, 39.5589], [-75.9042, 39.563], [-75.9141, 39.5624], [-75.9137, 39.5756], [-75.9332, 39.5873], [-75.9491, 39.5856], [-75.9476, 39.5912], [-75.9497, 39.5937], [-75.948, 39.5955], [-75.9531, 39.5999], [-75.9519, 39.6032], [-75.9543, 39.6062], [-75.9321, 39.6123]]]}}, {"type": "Feature", "properties": {"fips": "24015030602", "gap_national": -13.9, "gap_stratum": -9.2, "burden": 39.7, "capacity": 52.7, "svi": 0.28, "top_decile_gap": 0.0, "stratum": "metropolitan", "scored": 1}, "geometry": {"type": "Polygon", "coordinates": [[[-75.8215, 39.7219], [-75.7886, 39.7222], [-75.7884, 39.6543], [-75.8137, 39.6563], [-75.8155, 39.6732], [-75.8142, 39.7002], [-75.8231, 39.7178], [-75.8215, 39.7219]]]}}, {"type": "Feature", "properties": {"fips": "24015031301", "gap_national": -0.7, "gap_stratum": 5.7, "burden": 68.2, "capacity": 66.0, "svi": 0.26, "top_decile_gap": 0.0, "stratum": "metropolitan", "scored": 1}, "geometry": {"type": "Polygon", "coordinates": [[[-76.1231, 39.6708], [-76.0328, 39.6792], [-76.0183, 39.6698], [-76.015, 39.6639], [-76.0263, 39.6608], [-76.0397, 39.6494], [-76.0354, 39.6444], [-76.0369, 39.6412], [-76.0439, 39.6381], [-76.0377, 39.6339], [-76.067, 39.6366], [-76.0859, 39.6334], [-76.0889, 39.6391], [-76.1005, 39.6422], [-76.1092, 39.6525], [-76.1263, 39.6571], [-76.1313, 39.6541], [-76.1405, 39.6553], [-76.1446, 39.6578], [-76.1432, 39.6601], [-76.1476, 39.6619], [-76.1231, 39.6708]]]}}, {"type": "Feature", "properties": {"fips": "24015031400", "gap_national": 17.1, "gap_stratum": 21.2, "burden": 73.2, "capacity": 58.0, "svi": 0.27, "top_decile_gap": 0.0, "stratum": "metropolitan", "scored": 1}, "geometry": {"type": "Polygon", "coordinates": [[[-76.124, 39.7216], [-76.1209, 39.7169], [-76.1213, 39.7125], [-76.1094, 39.703], [-76.1098, 39.6999], [-76.1117, 39.6967], [-76.12, 39.7008], [-76.1314, 39.6971], [-76.1246, 39.6936], [-76.1337, 39.6861], [-76.1351, 39.6736], [-76.1477, 39.6696], [-76.1456, 39.6646], [-76.1477, 39.6617], [-76.1585, 39.6602], [-76.1589, 39.6562], [-76.1636, 39.6513], [-76.2127, 39.6864], [-76.2293, 39.7091], [-76.2333, 39.7213], [-76.124, 39.7216]]]}}, {"type": "Feature", "properties": {"fips": "24017850500", "gap_national": -23.8, "gap_stratum": -15.4, "burden": 60.9, "capacity": 77.4, "svi": 0.11, "top_decile_gap": 0.0, "stratum": "metropolitan", "scored": 1}, "geometry": {"type": "Polygon", "coordinates": [[[-77.1643, 38.4637], [-77.1598, 38.4708], [-77.1555, 38.4732], [-77.1605, 38.4871], [-77.1581, 38.5011], [-77.1473, 38.5128], [-77.1458, 38.5235], [-77.1347, 38.541], [-77.113, 38.5339], [-77.1087, 38.5268], [-77.1019, 38.523], [-77.0932, 38.5211], [-77.0779, 38.5228], [-77.0623, 38.5131], [-77.0448, 38.5078], [-77.0218, 38.5144], [-77.024, 38.506], [-77.0221, 38.5046], [-77.0248, 38.5021], [-77.0232, 38.4934], [-77.035, 38.4792], [-77.0388, 38.4695], [-77.0356, 38.4533], [-77.0285, 38.4451], [-77.0406, 38.4446], [-77.0506, 38.4398], [-77.0699, 38.4261], [-77.0755, 38.4247], [-77.0911, 38.4075], [-77.1066, 38.4062], [-77.1132, 38.4095], [-77.1129, 38.4467], [-77.139, 38.4448], [-77.1517, 38.4561], [-77.1712, 38.4632], [-77.1643, 38.4637]]]}}, {"type": "Feature", "properties": {"fips": "24017851200", "gap_national": -7.5, "gap_stratum": -0.6, "burden": 68.3, "capacity": 71.1, "svi": 0.2, "top_decile_gap": 0.0, "stratum": "metropolitan", "scored": 1}, "geometry": {"type": "Polygon", "coordinates": [[[-76.9756, 38.4046], [-76.9771, 38.414], [-76.9719, 38.4302], [-76.9695, 38.4276], [-76.97, 38.4314], [-76.9537, 38.4154], [-76.9502, 38.4082], [-76.9388, 38.4152], [-76.9322, 38.4115], [-76.9274, 38.4042], [-76.9249, 38.3865], [-76.8744, 38.3826], [-76.8713, 38.3776], [-76.8522, 38.3681], [-76.8479, 38.3622], [-76.8479, 38.3554], [-76.859, 38.3576], [-76.8585, 38.3526], [-76.8693, 38.3387], [-76.8699, 38.3318], [-76.8661, 38.3274], [-76.8587, 38.3248], [-76.8516, 38.316], [-76.8544, 38.313], [-76.853, 38.3048], [-76.8458, 38.299], [-76.8462, 38.2918], [-76.8404, 38.2892], [-76.8374, 38.2771], [-76.8337, 38.2733], [-76.8405, 38.2643], [-76.8378, 38.2616], [-76.8421, 38.2545], [-76.8643, 38.2689], [-76.9074, 38.2885], [-76.9181, 38.2915], [-76.9239, 38.2897], [-76.9261, 38.2944], [-76.9222, 38.3113], [-76.9303, 38.3231], [-76.9672, 38.3416], [-76.9783, 38.3423], [-76.9755, 38.3461], [-76.9761, 38.3559], [-76.9836, 38.363], [-76.9876, 38.393], [-76.9921, 38.399], [-76.9756, 38.4046]]]}}, {"type": "Feature", "properties": {"fips": "24017850904", "gap_national": -39.0, "gap_stratum": -31.4, "burden": 42.6, "capacity": 72.2, "svi": 0.29, "top_decile_gap": 0.0, "stratum": "metropolitan", "scored": 1}, "geometry": {"type": "Polygon", "coordinates": [[[-76.9382, 38.5776], [-76.9348, 38.5842], [-76.9314, 38.5819], [-76.9203, 38.5817], [-76.912, 38.5965], [-76.903, 38.5887], [-76.8776, 38.5956], [-76.8763, 38.6095], [-76.8685, 38.592], [-76.8617, 38.5836], [-76.8608, 38.5656], [-76.853, 38.5598], [-76.8649, 38.5533], [-76.8724, 38.545], [-76.888, 38.5382], [-76.8906, 38.532], [-76.8983, 38.5304], [-76.9042, 38.5261], [-76.9151, 38.5072], [-76.9189, 38.5045], [-76.9144, 38.5134], [-76.921, 38.5148], [-76.9271, 38.5238], [-76.9271, 38.5435], [-76.9386, 38.5674], [-76.9382, 38.5776]]]}}, {"type": "Feature", "properties": {"fips": "24017850201", "gap_national": 1.9, "gap_stratum": -3.3, "burden": 19.5, "capacity": 20.1, "svi": 0.27, "top_decile_gap": 0.0, "stratum": "small_town", "scored": 1}, "geometry": {"type": "Polygon", "coordinates": [[[-77.2377, 38.5519], [-77.2211, 38.5552], [-77.2066, 38.5736], [-77.1917, 38.5854], [-77.1832, 38.6004], [-77.1697, 38.6069], [-77.1608, 38.6063], [-77.1606, 38.6035], [-77.1631, 38.6032], [-77.1601, 38.6005], [-77.1702, 38.5986], [-77.1615, 38.5898], [-77.1606, 38.583], [-77.1701, 38.5825], [-77.1846, 38.5661], [-77.1969, 38.5629], [-77.1925, 38.5529], [-77.197, 38.5462], [-77.1971, 38.5367], [-77.2111, 38.5312], [-77.2197, 38.5343], [-77.2272, 38.5328], [-77.2369, 38.5399], [-77.2459, 38.5331], [-77.2489, 38.535], [-77.2377, 38.5519]]]}}, {"type": "Feature", "properties": {"fips": "24019970100", "gap_national": 2.2, "gap_stratum": 7.2, "burden": 76.5, "capacity": 70.6, "svi": 0.55, "top_decile_gap": 0.0, "stratum": "metropolitan", "scored": 1}, "geometry": {"type": "Polygon", "coordinates": [[[-75.8803, 38.5552], [-75.87, 38.561], [-75.8749, 38.5655], [-75.8762, 38.5703], [-75.8709, 38.5698], [-75.8679, 38.5734], [-75.8478, 38.5687], [-75.8384, 38.5775], [-75.8359, 38.5762], [-75.8265, 38.595], [-75.814, 38.5991], [-75.8232, 38.6044], [-75.8189, 38.6308], [-75.8114, 38.6377], [-75.8106, 38.6444], [-75.8134, 38.648], [-75.7962, 38.6612], [-75.7888, 38.6596], [-75.7822, 38.6613], [-75.7791, 38.6703], [-75.7731, 38.6733], [-75.7724, 38.6812], [-75.769, 38.6858], [-75.7627, 38.6862], [-75.749, 38.6711], [-75.7377, 38.6653], [-75.7145, 38.6458], [-75.7074, 38.6354], [-75.7016, 38.5607], [-75.7061, 38.5605], [-75.7119, 38.5509], [-75.7272, 38.5398], [-75.7469, 38.5362], [-75.7533, 38.5287], [-75.7571, 38.5134], [-75.765, 38.5065], [-75.7821, 38.5016], [-75.7947, 38.4924], [-75.818, 38.4868], [-75.8248, 38.4791], [-75.8149, 38.4665], [-75.8167, 38.4633], [-75.8332, 38.4576], [-75.8361, 38.4456], [-75.843, 38.4453], [-75.8557, 38.4497], [-75.8657, 38.448], [-75.869, 38.4417], [-75.8723, 38.44], [-75.8933, 38.4474], [-75.8983, 38.4427], [-75.9046, 38.4422], [-75.8976, 38.4441], [-75.9021, 38.4453], [-75.9043, 38.4475], [-75.9034, 38.4521], [-75.9073, 38.4536], [-75.9031, 38.4593], [-75.9075, 38.4677], [-75.8947, 38.4746], [-75.892, 38.4793], [-75.8858, 38.4792], [-75.8828, 38.4828], [-75.8883, 38.4866], [-75.8891, 38.4939], [-75.8928, 38.4993], [-75.8897, 38.5072], [-75.8803, 38.5123], [-75.884, 38.5163], [-75.8784, 38.526], [-75.8784, 38.5299], [-75.8795, 38.5327], [-75.8912, 38.5364], [-75.9055, 38.5451], [-75.9162, 38.5536], [-75.9185, 38.5594], [-75.8803, 38.5552]]]}}, {"type": "Feature", "properties": {"fips": "24019970300", "gap_national": -10.3, "gap_stratum": -32.5, "burden": 71.5, "capacity": 76.4, "svi": 0.67, "top_decile_gap": 0.0, "stratum": "micropolitan", "scored": 1}, "geometry": {"type": "Polygon", "coordinates": [[[-76.0241, 38.5653], [-76.0212, 38.5661], [-76.0248, 38.5734], [-76.0081, 38.5863], [-75.9906, 38.5933], [-75.9809, 38.6101], [-75.9835, 38.6251], [-75.9705, 38.637], [-75.9589, 38.6325], [-75.9407, 38.6303], [-75.9288, 38.6328], [-75.9123, 38.6271], [-75.9037, 38.6214], [-75.8997, 38.6217], [-75.8963, 38.6143], [-75.8788, 38.5934], [-75.8793, 38.5911], [-75.8384, 38.5775], [-75.8478, 38.5687], [-75.8679, 38.5734], [-75.8709, 38.5698], [-75.8762, 38.5703], [-75.8749, 38.5655], [-75.87, 38.561], [-75.8803, 38.5552], [-75.9185, 38.5594], [-75.9162, 38.5536], [-75.9055, 38.5451], [-75.8912, 38.5364], [-75.8795, 38.5327], [-75.8784, 38.526], [-75.884, 38.5163], [-75.8884, 38.5186], [-75.902, 38.5172], [-75.9231, 38.5203], [-75.9344, 38.5279], [-75.9455, 38.5221], [-75.9592, 38.5079], [-75.9507, 38.5041], [-75.9667, 38.4986], [-75.976, 38.4895], [-75.9893, 38.4834], [-75.9905, 38.4794], [-75.9943, 38.482], [-75.9949, 38.4853], [-75.9917, 38.4882], [-75.9938, 38.4938], [-75.9918, 38.501], [-75.9845, 38.5061], [-75.9751, 38.5088], [-75.9753, 38.5118], [-75.9683, 38.5129], [-75.9745, 38.5156], [-75.9887, 38.5158], [-75.9979, 38.5381], [-76.0154, 38.5456], [-76.0214, 38.5497], [-76.0221, 38.554], [-76.0252, 38.5564], [-76.0241, 38.5653]]]}}, {"type": "Feature", "properties": {"fips": "24035810500", "gap_national": -31.7, "gap_stratum": -71.4, "burden": 53.9, "capacity": 77.0, "svi": 0.26, "top_decile_gap": 0.0, "stratum": "rural", "scored": 1}, "geometry": {"type": "Polygon", "coordinates": [[[-76.0766, 38.9673], [-76.0698, 38.9766], [-76.0754, 38.9933], [-76.0733, 39.0003], [-76.0775, 39.0289], [-76.0722, 39.0404], [-76.0664, 39.0448], [-76.0588, 39.0408], [-76.0527, 39.0339], [-76.0263, 39.0275], [-76.008, 39.0469], [-76.0168, 39.0453], [-76.0182, 39.0489], [-76.0099, 39.0623], [-76.0088, 39.069], [-75.995, 39.0767], [-75.9847, 39.0762], [-75.9796, 39.0797], [-75.972, 39.0762], [-75.9461, 39.0789], [-75.9435, 39.077], [-75.8913, 39.0798], [-75.8889, 39.084], [-75.8835, 39.0759], [-75.8638, 39.0745], [-75.8528, 39.0679], [-75.8632, 39.0593], [-75.8697, 39.0573], [-75.8787, 39.0469], [-75.876, 39.0433], [-75.883, 39.0331], [-75.8828, 39.0279], [-75.8908, 39.0225], [-75.8908, 39.0183], [-75.8974, 39.0143], [-75.9038, 39.0168], [-75.9041, 39.0104], [-75.9088, 39.0106], [-75.9107, 39.0044], [-75.9196, 39.0001], [-75.922, 38.9944], [-75.9327, 38.9868], [-75.9346, 38.9802], [-75.9409, 38.9763], [-75.9366, 38.9736], [-75.9428, 38.9671], [-75.9382, 38.9589], [-75.942, 38.9562], [-75.9422, 38.9499], [-75.9513, 38.9456], [-75.9504, 38.9411], [-75.9471, 38.94], [-75.9533, 38.938], [-75.9478, 38.9348], [-75.948, 38.9319], [-75.9527, 38.9293], [-75.9493, 38.9183], [-76.0626, 38.9393], [-76.0783, 38.9402], [-76.0811, 38.9426], [-76.0766, 38.9673]]]}}, {"type": "Feature", "properties": {"fips": "24009860801", "gap_national": -32.6, "gap_stratum": -24.5, "burden": 47.3, "capacity": 71.5, "svi": 0.04, "top_decile_gap": 0.0, "stratum": "metropolitan", "scored": 1}, "geometry": {"type": "Polygon", "coordinates": [[[-76.6055, 38.4436], [-76.5947, 38.4609], [-76.5971, 38.4734], [-76.5969, 38.4788], [-76.5921, 38.4834], [-76.5952, 38.4851], [-76.5926, 38.4911], [-76.594, 38.4941], [-76.5812, 38.4979], [-76.5643, 38.5101], [-76.5498, 38.5031], [-76.5197, 38.4954], [-76.5121, 38.4836], [-76.5109, 38.469], [-76.4935, 38.45], [-76.4811, 38.4464], [-76.483, 38.4373], [-76.4893, 38.4267], [-76.4853, 38.4129], [-76.4868, 38.3994], [-76.4987, 38.3896], [-76.5063, 38.3751], [-76.5201, 38.3844], [-76.5341, 38.3978], [-76.5584, 38.3959], [-76.5656, 38.4071], [-76.5786, 38.4113], [-76.5975, 38.4234], [-76.6084, 38.4244], [-76.6108, 38.4272], [-76.6055, 38.4436]]]}}, {"type": "Feature", "properties": {"fips": "24009860701", "gap_national": -21.8, "gap_stratum": -57.6, "burden": 54.0, "capacity": 69.0, "svi": 0.55, "top_decile_gap": 0.0, "stratum": "rural", "scored": 1}, "geometry": {"type": "Polygon", "coordinates": [[[-76.6723, 38.5528], [-76.6606, 38.5603], [-76.6552, 38.5596], [-76.6545, 38.5628], [-76.6487, 38.567], [-76.647, 38.566], [-76.6492, 38.5625], [-76.6464, 38.5601], [-76.643, 38.565], [-76.64, 38.5635], [-76.6335, 38.565], [-76.6323, 38.5676], [-76.6357, 38.5699], [-76.6295, 38.5709], [-76.6296, 38.573], [-76.6241, 38.576], [-76.6101, 38.5762], [-76.6068, 38.5849], [-76.6024, 38.5792], [-76.5985, 38.5587], [-76.589, 38.5449], [-76.5882, 38.5368], [-76.6097, 38.5324], [-76.6182, 38.5225], [-76.6217, 38.5123], [-76.6356, 38.5068], [-76.6687, 38.5125], [-76.6625, 38.5255], [-76.6757, 38.5365], [-76.6723, 38.5528]]]}}, {"type": "Feature", "properties": {"fips": "24001000200", "gap_national": 39.8, "gap_stratum": 28.8, "burden": 76.0, "capacity": 44.4, "svi": 0.57, "top_decile_gap": 0.0, "stratum": "micropolitan", "scored": 1}, "geometry": {"type": "Polygon", "coordinates": [[[-78.7681, 39.6087], [-78.7515, 39.6099], [-78.7471, 39.6057], [-78.7391, 39.6097], [-78.7336, 39.6155], [-78.7362, 39.6217], [-78.7401, 39.6237], [-78.7384, 39.6273], [-78.7363, 39.6254], [-78.7288, 39.6263], [-78.7216, 39.6349], [-78.7177, 39.6349], [-78.7096, 39.6563], [-78.7065, 39.6567], [-78.7092, 39.6599], [-78.7044, 39.6736], [-78.7086, 39.6762], [-78.7021, 39.6794], [-78.698, 39.678], [-78.701, 39.681], [-78.6967, 39.6916], [-78.7043, 39.6956], [-78.7097, 39.6916], [-78.711, 39.6985], [-78.7178, 39.7009], [-78.7033, 39.7151], [-78.7064, 39.723], [-78.6338, 39.7228], [-78.6415, 39.7064], [-78.6508, 39.6959], [-78.6491, 39.6934], [-78.6434, 39.6943], [-78.645, 39.6885], [-78.6358, 39.6865], [-78.6393, 39.6723], [-78.6453, 39.67], [-78.6533, 39.6721], [-78.6568, 39.669], [-78.6608, 39.6616], [-78.6601, 39.6587], [-78.6665, 39.6491], [-78.6665, 39.643], [-78.6503, 39.6392], [-78.6454, 39.6358], [-78.6455, 39.6281], [-78.6569, 39.6105], [-78.6534, 39.5987], [-78.6559, 39.5645], [-78.6434, 39.5542], [-78.6367, 39.553], [-78.6276, 39.5464], [-78.6117, 39.5406], [-78.6133, 39.5372], [-78.6286, 39.5392], [-78.6308, 39.5371], [-78.656, 39.5347], [-78.6895, 39.5458], [-78.6946, 39.5533], [-78.7071, 39.5559], [-78.7148, 39.5626], [-78.725, 39.564], [-78.732, 39.5754], [-78.734, 39.5866], [-78.7402, 39.5857], [-78.7464, 39.5795], [-78.7518, 39.5818], [-78.7567, 39.5807], [-78.7675, 39.5875], [-78.7705, 39.595], [-78.7781, 39.6021], [-78.7681, 39.6087]]]}}, {"type": "Feature", "properties": {"fips": "24001000800", "gap_national": 58.0, "gap_stratum": 59.8, "burden": 91.5, "capacity": 41.6, "svi": 0.59, "top_decile_gap": 1.0, "stratum": "micropolitan", "scored": 1}, "geometry": {"type": "Polygon", "coordinates": [[[-78.7726, 39.6369], [-78.7653, 39.644], [-78.7657, 39.648], [-78.7582, 39.6494], [-78.7632, 39.6425], [-78.7615, 39.6397], [-78.7651, 39.6326], [-78.7392, 39.6256], [-78.7401, 39.6237], [-78.7485, 39.6263], [-78.7632, 39.6189], [-78.7775, 39.6217], [-78.7785, 39.6244], [-78.7726, 39.6369]]]}}, {"type": "Feature", "properties": {"fips": "24001000500", "gap_national": 28.7, "gap_stratum": 26.8, "burden": 94.1, "capacity": 63.2, "svi": 0.81, "top_decile_gap": 0.0, "stratum": "micropolitan", "scored": 1}, "geometry": {"type": "Polygon", "coordinates": [[[-78.7525, 39.6574], [-78.7481, 39.6569], [-78.7307, 39.6729], [-78.7144, 39.673], [-78.7086, 39.6762], [-78.7044, 39.6736], [-78.7092, 39.6599], [-78.7065, 39.6567], [-78.7096, 39.6563], [-78.7174, 39.6362], [-78.7327, 39.6367], [-78.7362, 39.6454], [-78.7437, 39.6466], [-78.7528, 39.6446], [-78.7582, 39.6482], [-78.7584, 39.6525], [-78.7525, 39.6574]]]}}, {"type": "Feature", "properties": {"fips": "24001001300", "gap_national": 62.2, "gap_stratum": 49.5, "burden": 75.2, "capacity": 24.3, "svi": 0.63, "top_decile_gap": 1.0, "stratum": "micropolitan", "scored": 1}, "geometry": {"type": "Polygon", "coordinates": [[[-78.8211, 39.6299], [-78.8124, 39.6403], [-78.799, 39.6407], [-78.788, 39.6454], [-78.7971, 39.6379], [-78.7941, 39.6346], [-78.7974, 39.6295], [-78.8017, 39.6275], [-78.796, 39.6142], [-78.7959, 39.6069], [-78.7978, 39.6049], [-78.8093, 39.6081], [-78.8122, 39.6004], [-78.8291, 39.5955], [-78.8345, 39.5958], [-78.8211, 39.6299]]]}}, {"type": "Feature", "properties": {"fips": "24001001900", "gap_national": -14.6, "gap_stratum": -40.7, "burden": 67.0, "capacity": 75.5, "svi": 0.31, "top_decile_gap": 0.0, "stratum": "micropolitan", "scored": 1}, "geometry": {"type": "Polygon", "coordinates": [[[-78.961, 39.6657], [-78.9542, 39.6563], [-78.9543, 39.6447], [-78.9429, 39.6351], [-78.9148, 39.6323], [-78.8938, 39.6392], [-78.8768, 39.6409], [-78.8769, 39.6383], [-78.8683, 39.6332], [-78.8687, 39.6274], [-78.8875, 39.5944], [-78.8971, 39.5822], [-78.923, 39.5586], [-78.9268, 39.562], [-78.9325, 39.5612], [-78.9411, 39.5799], [-78.9501, 39.583], [-78.9591, 39.578], [-78.9703, 39.5804], [-78.9769, 39.5874], [-78.972, 39.5887], [-78.9732, 39.59], [-78.9634, 39.5978], [-78.9695, 39.5997], [-78.9722, 39.6045], [-78.9987, 39.5999], [-78.961, 39.6657]]]}}, {"type": "Feature", "properties": {"fips": "24001001401", "gap_national": -32.4, "gap_stratum": -61.3, "burden": 60.5, "capacity": 86.6, "svi": 0.25, "top_decile_gap": 0.0, "stratum": "micropolitan", "scored": 1}, "geometry": {"type": "Polygon", "coordinates": [[[-78.8683, 39.6293], [-78.8683, 39.6332], [-78.8769, 39.6383], [-78.8772, 39.6427], [-78.8617, 39.6425], [-78.8531, 39.6575], [-78.8425, 39.6675], [-78.8256, 39.6955], [-78.8156, 39.6934], [-78.8138, 39.6888], [-78.8086, 39.6862], [-78.8088, 39.6798], [-78.8064, 39.6777], [-78.7867, 39.6908], [-78.7859, 39.6882], [-78.7937, 39.6762], [-78.791, 39.6705], [-78.8014, 39.6658], [-78.8076, 39.6574], [-78.8305, 39.6389], [-78.8295, 39.6352], [-78.8115, 39.6409], [-78.8211, 39.6299], [-78.8345, 39.5958], [-78.8452, 39.6005], [-78.8491, 39.5976], [-78.8621, 39.5992], [-78.8645, 39.6048], [-78.8774, 39.6115], [-78.8683, 39.6293]]]}}, {"type": "Feature", "properties": {"fips": "24021751302", "gap_national": -27.8, "gap_stratum": -19.2, "burden": 54.0, "capacity": 73.8, "svi": 0.02, "top_decile_gap": 0.0, "stratum": "metropolitan", "scored": 1}, "geometry": {"type": "Polygon", "coordinates": [[[-77.4979, 39.5648], [-77.4981, 39.5797], [-77.4925, 39.5871], [-77.4741, 39.5841], [-77.4579, 39.5874], [-77.4536, 39.583], [-77.4461, 39.5809], [-77.4415, 39.5851], [-77.4378, 39.5855], [-77.4357, 39.5819], [-77.4341, 39.5845], [-77.4294, 39.5853], [-77.4049, 39.5865], [-77.401, 39.5878], [-77.3965, 39.5941], [-77.3925, 39.5881], [-77.3917, 39.5692], [-77.3847, 39.56], [-77.3864, 39.5496], [-77.3646, 39.5537], [-77.3587, 39.5507], [-77.3585, 39.5458], [-77.3506, 39.5434], [-77.3556, 39.5382], [-77.3533, 39.5302], [-77.3638, 39.5264], [-77.3711, 39.5163], [-77.3778, 39.5123], [-77.377, 39.5071], [-77.3792, 39.5046], [-77.3844, 39.5031], [-77.3915, 39.5053], [-77.3972, 39.5023], [-77.3961, 39.4977], [-77.391, 39.4939], [-77.3924, 39.488], [-77.3982, 39.4898], [-77.3977, 39.4864], [-77.4066, 39.4855], [-77.4161, 39.4949], [-77.4238, 39.4897], [-77.4394, 39.4953], [-77.451, 39.5196], [-77.4551, 39.5201], [-77.4592, 39.5256], [-77.4709, 39.5285], [-77.4799, 39.5439], [-77.4908, 39.5422], [-77.5012, 39.5489], [-77.4979, 39.5648]]]}}, {"type": "Feature", "properties": {"fips": "24021752801", "gap_national": -40.6, "gap_stratum": -32.1, "burden": 47.7, "capacity": 78.8, "svi": 0.03, "top_decile_gap": 0.0, "stratum": "metropolitan", "scored": 1}, "geometry": {"type": "Polygon", "coordinates": [[[-77.5508, 39.6253], [-77.5454, 39.6334], [-77.5328, 39.6312], [-77.5265, 39.636], [-77.5174, 39.6359], [-77.5119, 39.6207], [-77.513, 39.6173], [-77.5081, 39.6114], [-77.5016, 39.6112], [-77.5008, 39.6085], [-77.4909, 39.6057], [-77.488, 39.602], [-77.4801, 39.6046], [-77.4788, 39.601], [-77.4981, 39.5797], [-77.4979, 39.5648], [-77.5012, 39.5489], [-77.507, 39.5432], [-77.5061, 39.5395], [-77.5108, 39.5319], [-77.5108, 39.5253], [-77.5186, 39.5236], [-77.518, 39.5209], [-77.5229, 39.518], [-77.5265, 39.5186], [-77.534, 39.5099], [-77.5379, 39.5129], [-77.5437, 39.5108], [-77.5454, 39.5175], [-77.5478, 39.5178], [-77.5433, 39.5272], [-77.5429, 39.5339], [-77.5494, 39.5504], [-77.5522, 39.5678], [-77.5511, 39.5734], [-77.5561, 39.5785], [-77.5588, 39.5916], [-77.5561, 39.6091], [-77.5591, 39.623], [-77.5508, 39.6253]]]}}, {"type": "Feature", "properties": {"fips": "24021751904", "gap_national": -56.7, "gap_stratum": -53.9, "burden": 20.5, "capacity": 66.5, "svi": 0.05, "top_decile_gap": 0.0, "stratum": "metropolitan", "scored": 1}, "geometry": {"type": "Polygon", "coordinates": [[[-77.3845, 39.3828], [-77.3768, 39.3935], [-77.367, 39.3987], [-77.3416, 39.3961], [-77.2982, 39.3858], [-77.3141, 39.3745], [-77.3169, 39.367], [-77.3233, 39.3606], [-77.3362, 39.3667], [-77.349, 39.3641], [-77.3514, 39.3584], [-77.3602, 39.3551], [-77.3739, 39.3668], [-77.3881, 39.3717], [-77.3941, 39.3794], [-77.3845, 39.3828]]]}}, {"type": "Feature", "properties": {"fips": "24021751802", "gap_national": -54.8, "gap_stratum": -48.0, "burden": 35.4, "capacity": 78.7, "svi": 0.04, "top_decile_gap": 0.0, "stratum": "metropolitan", "scored": 1}, "geometry": {"type": "Polygon", "coordinates": [[[-77.2483, 39.4473], [-77.2373, 39.4457], [-77.2263, 39.4502], [-77.2171, 39.4492], [-77.206, 39.454], [-77.2033, 39.461], [-77.1973, 39.4613], [-77.1949, 39.4581], [-77.1857, 39.4564], [-77.1773, 39.4588], [-77.1646, 39.4552], [-77.1399, 39.4538], [-77.1266, 39.4448], [-77.1334, 39.4324], [-77.148, 39.4178], [-77.1483, 39.4053], [-77.1544, 39.3913], [-77.1629, 39.3991], [-77.1703, 39.4012], [-77.1714, 39.3988], [-77.179, 39.4], [-77.1825, 39.3934], [-77.1933, 39.3912], [-77.2004, 39.3869], [-77.2012, 39.3816], [-77.2096, 39.3706], [-77.2151, 39.3693], [-77.2453, 39.3784], [-77.235, 39.3987], [-77.2245, 39.4021], [-77.2207, 39.4091], [-77.2531, 39.4207], [-77.2536, 39.4362], [-77.2483, 39.4473]]]}}, {"type": "Feature", "properties": {"fips": "24003751400", "gap_national": -39.4, "gap_stratum": -30.8, "burden": 52.6, "capacity": 83.7, "svi": 0.2, "top_decile_gap": 0.0, "stratum": "metropolitan", "scored": 1}, "geometry": {"type": "Polygon", "coordinates": [[[-76.6973, 39.1585], [-76.6464, 39.1648], [-76.6424, 39.1597], [-76.6598, 39.1538], [-76.6605, 39.1505], [-76.6556, 39.1503], [-76.6504, 39.1417], [-76.6569, 39.1369], [-76.6727, 39.1345], [-76.6926, 39.1373], [-76.6974, 39.1345], [-76.6973, 39.1585]]]}}, {"type": "Feature", "properties": {"fips": "24003708001", "gap_national": -49.6, "gap_stratum": -41.6, "burden": 43.1, "capacity": 82.8, "svi": 0.06, "top_decile_gap": 0.0, "stratum": "metropolitan", "scored": 1}, "geometry": {"type": "Polygon", "coordinates": [[[-76.6203, 38.772], [-76.6202, 38.7809], [-76.5743, 38.7927], [-76.5616, 38.7933], [-76.5595, 38.7843], [-76.5639, 38.7743], [-76.5573, 38.7689], [-76.5599, 38.7674], [-76.56, 38.7626], [-76.5539, 38.7528], [-76.5575, 38.7447], [-76.5527, 38.7353], [-76.5445, 38.7277], [-76.5272, 38.7271], [-76.5283, 38.7127], [-76.5356, 38.7215], [-76.6159, 38.7208], [-76.6229, 38.7267], [-76.6231, 38.7439], [-76.621, 38.7463], [-76.623, 38.7491], [-76.6231, 38.7673], [-76.6203, 38.772]]]}}, {"type": "Feature", "properties": {"fips": "24003980000", "gap_national": null, "gap_stratum": null, "burden": null, "capacity": null, "svi": null, "top_decile_gap": null, "stratum": null, "scored": 0}, "geometry": {"type": "Polygon", "coordinates": [[[-76.6911, 39.1832], [-76.6835, 39.1886], [-76.6866, 39.1911], [-76.682, 39.1907], [-76.6799, 39.1938], [-76.6723, 39.1904], [-76.6627, 39.1911], [-76.6587, 39.1954], [-76.6552, 39.1945], [-76.6458, 39.1704], [-76.6464, 39.1648], [-76.6857, 39.1592], [-76.6958, 39.1584], [-76.6911, 39.1832]]]}}, {"type": "Feature", "properties": {"fips": "24003750400", "gap_national": -47.7, "gap_stratum": -39.9, "burden": 40.6, "capacity": 77.7, "svi": 0.12, "top_decile_gap": 0.0, "stratum": "metropolitan", "scored": 1}, "geometry": {"type": "Polygon", "coordinates": [[[-76.6583, 39.2192], [-76.6494, 39.2106], [-76.6315, 39.2027], [-76.6322, 39.1984], [-76.6362, 39.1968], [-76.646, 39.1981], [-76.655, 39.1955], [-76.6636, 39.2174], [-76.6583, 39.2192]]]}}, {"type": "Feature", "properties": {"fips": "24045010605", "gap_national": -52.8, "gap_stratum": -45.0, "burden": 44.6, "capacity": 89.7, "svi": 0.13, "top_decile_gap": 0.0, "stratum": "metropolitan", "scored": 1}, "geometry": {"type": "Polygon", "coordinates": [[[-75.6367, 38.2986], [-75.6094, 38.3057], [-75.5959, 38.3128], [-75.5694, 38.333], [-75.5494, 38.3413], [-75.5356, 38.3314], [-75.5227, 38.3168], [-75.5149, 38.3128], [-75.4849, 38.3106], [-75.4624, 38.3062], [-75.4508, 38.3003], [-75.4476, 38.2947], [-75.4491, 38.2865], [-75.6128, 38.2786], [-75.6265, 38.2826], [-75.6331, 38.289], [-75.6438, 38.2892], [-75.6367, 38.2986]]]}}, {"type": "Feature", "properties": {"fips": "24005401506", "gap_national": -13.1, "gap_stratum": -6.4, "burden": 50.5, "capacity": 60.4, "svi": 0.55, "top_decile_gap": 0.0, "stratum": "metropolitan", "scored": 1}, "geometry": {"type": "Polygon", "coordinates": [[[-76.7925, 39.3115], [-76.7947, 39.3143], [-76.7833, 39.3202], [-76.7704, 39.3219], [-76.7584, 39.3205], [-76.7571, 39.3182], [-76.7601, 39.3143], [-76.7689, 39.3161], [-76.7665, 39.3126], [-76.7705, 39.307], [-76.7874, 39.3073], [-76.7965, 39.305], [-76.7925, 39.3115]]]}}, {"type": "Feature", "properties": {"fips": "24005408303", "gap_national": -78.0, "gap_stratum": -74.4, "burden": 21.2, "capacity": 87.0, "svi": 0.0, "top_decile_gap": 0.0, "stratum": "metropolitan", "scored": 1}, "geometry": {"type": "Polygon", "coordinates": [[[-76.7086, 39.4958], [-76.7101, 39.4913], [-76.7079, 39.4898], [-76.7077, 39.477], [-76.7013, 39.4689], [-76.6992, 39.4617], [-76.6948, 39.4569], [-76.6919, 39.4567], [-76.6854, 39.4479], [-76.7111, 39.4465], [-76.7149, 39.4415], [-76.7238, 39.4491], [-76.7324, 39.4599], [-76.7293, 39.465], [-76.7342, 39.4694], [-76.7332, 39.4764], [-76.74, 39.4955], [-76.7086, 39.4958]]]}}, {"type": "Feature", "properties": {"fips": "24005411303", "gap_national": -49.3, "gap_stratum": -42.1, "burden": 37.8, "capacity": 76.2, "svi": 0.35, "top_decile_gap": 0.0, "stratum": "metropolitan", "scored": 1}, "geometry": {"type": "Polygon", "coordinates": [[[-76.4638, 39.4128], [-76.4557, 39.4074], [-76.4652, 39.3989], [-76.469, 39.3874], [-76.4884, 39.392], [-76.4638, 39.4128]]]}}, {"type": "Feature", "properties": {"fips": "24005440300", "gap_national": -33.3, "gap_stratum": -30.6, "burden": 27.3, "capacity": 56.1, "svi": 0.56, "top_decile_gap": 0.0, "stratum": "metropolitan", "scored": 1}, "geometry": {"type": "Polygon", "coordinates": [[[-76.5141, 39.3804], [-76.5009, 39.3818], [-76.5138, 39.3699], [-76.5246, 39.3856], [-76.5141, 39.3804]]]}}, {"type": "Feature", "properties": {"fips": "24005420701", "gap_national": 71.9, "gap_stratum": 72.5, "burden": 86.8, "capacity": 26.3, "svi": 0.88, "top_decile_gap": 1.0, "stratum": "metropolitan", "scored": 1}, "geometry": {"type": "Polygon", "coordinates": [[[-76.5054, 39.2807], [-76.5026, 39.2715], [-76.5033, 39.27], [-76.5179, 39.2728], [-76.5285, 39.2817], [-76.5054, 39.2807]]]}}, {"type": "Feature", "properties": {"fips": "24027601104", "gap_national": -70.4, "gap_stratum": -67.1, "burden": 18.7, "capacity": 75.4, "svi": 0.01, "top_decile_gap": 0.0, "stratum": "metropolitan", "scored": 1}, "geometry": {"type": "Polygon", "coordinates": [[[-76.7826, 39.2333], [-76.7819, 39.2374], [-76.7746, 39.2457], [-76.7638, 39.2513], [-76.764, 39.2466], [-76.7566, 39.2475], [-76.7401, 39.2324], [-76.7173, 39.2255], [-76.7385, 39.2117], [-76.7559, 39.2113], [-76.769, 39.2143], [-76.7839, 39.2133], [-76.7894, 39.2216], [-76.7906, 39.2282], [-76.7826, 39.2333]]]}}, {"type": "Feature", "properties": {"fips": "24027601103", "gap_national": -76.6, "gap_stratum": -74.1, "burden": 14.6, "capacity": 77.1, "svi": 0.12, "top_decile_gap": 0.0, "stratum": "metropolitan", "scored": 1}, "geometry": {"type": "Polygon", "coordinates": [[[-76.7751, 39.2146], [-76.7574, 39.2114], [-76.7389, 39.2118], [-76.7634, 39.1996], [-76.7728, 39.1916], [-76.7806, 39.1978], [-76.7839, 39.2133], [-76.7751, 39.2146]]]}}, {"type": "Feature", "properties": {"fips": "24027601108", "gap_national": -49.4, "gap_stratum": -49.0, "burden": 15.5, "capacity": 58.0, "svi": 0.22, "top_decile_gap": 0.0, "stratum": "metropolitan", "scored": 1}, "geometry": {"type": "Polygon", "coordinates": [[[-76.7891, 39.215], [-76.7853, 39.2148], [-76.7806, 39.1978], [-76.7728, 39.1916], [-76.7795, 39.1857], [-76.7806, 39.1942], [-76.7943, 39.1971], [-76.7967, 39.2073], [-76.7891, 39.215]]]}}, {"type": "Feature", "properties": {"fips": "24027605505", "gap_national": -79.0, "gap_stratum": -76.6, "burden": 14.0, "capacity": 78.9, "svi": 0.16, "top_decile_gap": 0.0, "stratum": "metropolitan", "scored": 1}, "geometry": {"type": "Polygon", "coordinates": [[[-76.917, 39.2294], [-76.9132, 39.2261], [-76.9113, 39.2191], [-76.905, 39.2136], [-76.9084, 39.2049], [-76.9007, 39.199], [-76.8974, 39.1903], [-76.8941, 39.1881], [-76.8961, 39.1847], [-76.9243, 39.1966], [-76.9417, 39.2079], [-76.917, 39.2294]]]}}, {"type": "Feature", "properties": {"fips": "24027606904", "gap_national": -41.8, "gap_stratum": -38.3, "burden": 27.4, "capacity": 61.7, "svi": 0.4, "top_decile_gap": 0.0, "stratum": "metropolitan", "scored": 1}, "geometry": {"type": "Polygon", "coordinates": [[[-76.8374, 39.1292], [-76.8313, 39.1315], [-76.8248, 39.123], [-76.8161, 39.1214], [-76.8252, 39.1164], [-76.8267, 39.1099], [-76.8292, 39.1147], [-76.8458, 39.127], [-76.845, 39.1316], [-76.8374, 39.1292]]]}}, {"type": "Feature", "properties": {"fips": "24027606706", "gap_national": -65.5, "gap_stratum": -59.9, "burden": 29.4, "capacity": 82.8, "svi": 0.22, "top_decile_gap": 0.0, "stratum": "metropolitan", "scored": 1}, "geometry": {"type": "Polygon", "coordinates": [[[-76.8015, 39.2018], [-76.7967, 39.2073], [-76.7933, 39.1915], [-76.7874, 39.1843], [-76.787, 39.1798], [-76.7905, 39.1777], [-76.793, 39.1814], [-76.8067, 39.1875], [-76.8166, 39.1961], [-76.8187, 39.2017], [-76.8015, 39.2018]]]}}, {"type": "Feature", "properties": {"fips": "24027605104", "gap_national": -75.9, "gap_stratum": -72.0, "burden": 22.1, "capacity": 85.3, "svi": 0.16, "top_decile_gap": 0.0, "stratum": "metropolitan", "scored": 1}, "geometry": {"type": "Polygon", "coordinates": [[[-77.0375, 39.2379], [-77.0295, 39.2403], [-77.0198, 39.2531], [-77.0099, 39.2599], [-76.9809, 39.2646], [-76.9678, 39.2577], [-76.949, 39.2569], [-76.9393, 39.2516], [-76.9092, 39.2437], [-76.899, 39.2334], [-76.9159, 39.2304], [-76.9417, 39.2079], [-76.9689, 39.2215], [-76.9734, 39.2295], [-76.9868, 39.2394], [-76.9965, 39.2273], [-77.0042, 39.2223], [-77.0114, 39.2075], [-77.0323, 39.2203], [-77.0321, 39.2244], [-77.0404, 39.2347], [-77.0375, 39.2379]]]}}, {"type": "Feature", "properties": {"fips": "24021752302", "gap_national": -50.8, "gap_stratum": -43.3, "burden": 39.6, "capacity": 79.6, "svi": 0.16, "top_decile_gap": 0.0, "stratum": "metropolitan", "scored": 1}, "geometry": {"type": "Polygon", "coordinates": [[[-77.4922, 39.2769], [-77.494, 39.2821], [-77.4883, 39.2873], [-77.4904, 39.3002], [-77.4873, 39.3023], [-77.491, 39.3186], [-77.4884, 39.3212], [-77.4888, 39.3291], [-77.4725, 39.3469], [-77.4642, 39.3618], [-77.4507, 39.3663], [-77.4434, 39.3608], [-77.4349, 39.3646], [-77.4328, 39.3632], [-77.4353, 39.3603], [-77.4259, 39.3487], [-77.4167, 39.3646], [-77.4099, 39.3625], [-77.4117, 39.3554], [-77.408, 39.3496], [-77.4159, 39.3435], [-77.4218, 39.333], [-77.4134, 39.3261], [-77.4106, 39.3155], [-77.4188, 39.3107], [-77.429, 39.3109], [-77.4375, 39.2953], [-77.4389, 39.284], [-77.4436, 39.2788], [-77.4458, 39.2699], [-77.4452, 39.2669], [-77.4339, 39.2624], [-77.427, 39.254], [-77.4316, 39.2476], [-77.4488, 39.2396], [-77.4511, 39.2363], [-77.447, 39.2287], [-77.4484, 39.227], [-77.4589, 39.2203], [-77.4577, 39.225], [-77.4602, 39.2284], [-77.4802, 39.2412], [-77.4755, 39.2436], [-77.4837, 39.2505], [-77.4799, 39.2521], [-77.4774, 39.2598], [-77.4854, 39.2639], [-77.4954, 39.2716], [-77.4922, 39.2769]]]}}, {"type": "Feature", "properties": {"fips": "24021752303", "gap_national": -48.7, "gap_stratum": -44.4, "burden": 27.5, "capacity": 66.4, "svi": 0.01, "top_decile_gap": 0.0, "stratum": "metropolitan", "scored": 1}, "geometry": {"type": "Polygon", "coordinates": [[[-77.5309, 39.2863], [-77.516, 39.3077], [-77.5054, 39.3516], [-77.5047, 39.3652], [-77.4676, 39.3812], [-77.4595, 39.3795], [-77.4517, 39.382], [-77.452, 39.3739], [-77.4457, 39.3729], [-77.4458, 39.371], [-77.4507, 39.3663], [-77.4642, 39.3618], [-77.4725, 39.3469], [-77.4884, 39.3297], [-77.4884, 39.3212], [-77.491, 39.3186], [-77.4873, 39.3023], [-77.4904, 39.3002], [-77.4883, 39.2873], [-77.494, 39.2821], [-77.4922, 39.2769], [-77.4954, 39.2716], [-77.4774, 39.2598], [-77.4799, 39.2521], [-77.4837, 39.2505], [-77.4755, 39.2436], [-77.4802, 39.2412], [-77.4868, 39.2476], [-77.5084, 39.2526], [-77.5345, 39.2624], [-77.5432, 39.2669], [-77.5466, 39.2721], [-77.5309, 39.2863]]]}}, {"type": "Feature", "properties": {"fips": "24021751003", "gap_national": 6.8, "gap_stratum": 12.2, "burden": 47.6, "capacity": 44.6, "svi": 0.87, "top_decile_gap": 0.0, "stratum": "metropolitan", "scored": 1}, "geometry": {"type": "Polygon", "coordinates": [[[-77.4372, 39.3983], [-77.4168, 39.3979], [-77.3903, 39.4045], [-77.3673, 39.3984], [-77.3768, 39.3935], [-77.3845, 39.3828], [-77.3941, 39.3794], [-77.3878, 39.373], [-77.3886, 39.3697], [-77.3996, 39.3642], [-77.4099, 39.3625], [-77.4164, 39.3631], [-77.418, 39.369], [-77.4146, 39.371], [-77.4224, 39.3749], [-77.421, 39.3798], [-77.4229, 39.3901], [-77.4366, 39.3912], [-77.4392, 39.3919], [-77.4372, 39.3983]]]}}, {"type": "Feature", "properties": {"fips": "24021750701", "gap_national": 4.4, "gap_stratum": 9.3, "burden": 42.3, "capacity": 41.7, "svi": 0.29, "top_decile_gap": 0.0, "stratum": "metropolitan", "scored": 1}, "geometry": {"type": "Polygon", "coordinates": [[[-77.4124, 39.4713], [-77.4088, 39.4705], [-77.4077, 39.4674], [-77.4016, 39.4642], [-77.3994, 39.4561], [-77.4043, 39.4409], [-77.4103, 39.4355], [-77.4119, 39.4488], [-77.4163, 39.4601], [-77.4124, 39.4713]]]}}, {"type": "Feature", "properties": {"fips": "24021751203", "gap_national": -43.6, "gap_stratum": -35.2, "burden": 51.9, "capacity": 88.6, "svi": 0.22, "top_decile_gap": 0.0, "stratum": "metropolitan", "scored": 1}, "geometry": {"type": "Polygon", "coordinates": [[[-77.5007, 39.456], [-77.4952, 39.4537], [-77.492, 39.456], [-77.4893, 39.4603], [-77.4957, 39.4669], [-77.4812, 39.4699], [-77.4752, 39.4685], [-77.4647, 39.4599], [-77.461, 39.4594], [-77.4583, 39.4531], [-77.4498, 39.4461], [-77.4468, 39.4386], [-77.4367, 39.4361], [-77.4346, 39.4324], [-77.4538, 39.4294], [-77.4593, 39.4299], [-77.4639, 39.4334], [-77.4762, 39.4268], [-77.4879, 39.4253], [-77.4901, 39.4385], [-77.5018, 39.4453], [-77.5049, 39.4541], [-77.5007, 39.456]]]}}, {"type": "Feature", "properties": {"fips": "24021751004", "gap_national": -39.9, "gap_stratum": -39.0, "burden": 19.5, "capacity": 54.6, "svi": 0.34, "top_decile_gap": 0.0, "stratum": "metropolitan", "scored": 1}, "geometry": {"type": "Polygon", "coordinates": [[[-77.4956, 39.3862], [-77.4927, 39.3906], [-77.4863, 39.3899], [-77.4877, 39.3989], [-77.4925, 39.4019], [-77.4783, 39.4123], [-77.4739, 39.4126], [-77.4645, 39.4048], [-77.4371, 39.3987], [-77.4443, 39.3796], [-77.4477, 39.3773], [-77.4457, 39.3729], [-77.452, 39.3739], [-77.4508, 39.3796], [-77.453, 39.3827], [-77.4595, 39.3795], [-77.4676, 39.3812], [-77.4852, 39.373], [-77.483, 39.3788], [-77.4843, 39.3806], [-77.4916, 39.3766], [-77.4959, 39.3799], [-77.5061, 39.379], [-77.5044, 39.385], [-77.4956, 39.3862]]]}}, {"type": "Feature", "properties": {"fips": "24021752501", "gap_national": -30.0, "gap_stratum": -21.8, "burden": 49.5, "capacity": 71.3, "svi": 0.19, "top_decile_gap": 0.0, "stratum": "metropolitan", "scored": 1}, "geometry": {"type": "Polygon", "coordinates": [[[-77.6296, 39.394], [-77.6379, 39.398], [-77.6376, 39.4032], [-77.6401, 39.4058], [-77.6409, 39.4147], [-77.6381, 39.4228], [-77.637, 39.4385], [-77.6338, 39.4468], [-77.6269, 39.4485], [-77.6286, 39.4515], [-77.6268, 39.4571], [-77.6222, 39.4594], [-77.6217, 39.464], [-77.6162, 39.4684], [-77.6167, 39.4707], [-77.6048, 39.4631], [-77.6014, 39.4547], [-77.5951, 39.4522], [-77.5989, 39.4446], [-77.5965, 39.4373], [-77.6015, 39.4341], [-77.6036, 39.4295], [-77.5811, 39.4207], [-77.5784, 39.4172], [-77.5814, 39.4126], [-77.5751, 39.4098], [-77.565, 39.409], [-77.5638, 39.4118], [-77.5431, 39.4092], [-77.54, 39.398], [-77.5239, 39.3971], [-77.5205, 39.392], [-77.5198, 39.3802], [-77.4959, 39.3799], [-77.4916, 39.3766], [-77.4843, 39.3806], [-77.483, 39.3788], [-77.4852, 39.373], [-77.5103, 39.3633], [-77.521, 39.3635], [-77.5332, 39.3593], [-77.5739, 39.3548], [-77.5881, 39.3567], [-77.6156, 39.3516], [-77.6109, 39.3638], [-77.6391, 39.3684], [-77.6414, 39.383], [-77.6296, 39.394]]]}}, {"type": "Feature", "properties": {"fips": "24011955301", "gap_national": 14.9, "gap_stratum": -0.7, "burden": 76.0, "capacity": 61.4, "svi": 0.67, "top_decile_gap": 0.0, "stratum": "rural", "scored": 1}, "geometry": {"type": "Polygon", "coordinates": [[[-75.8624, 38.8486], [-75.8507, 38.8523], [-75.8508, 38.8586], [-75.8413, 38.859], [-75.8373, 38.8548], [-75.8348, 38.8566], [-75.8328, 38.8534], [-75.8193, 38.8521], [-75.8258, 38.8726], [-75.8232, 38.8775], [-75.8157, 38.8807], [-75.8137, 38.891], [-75.817, 38.8944], [-75.8315, 38.8965], [-75.8308, 38.8989], [-75.8356, 38.9056], [-75.833, 38.909], [-75.8217, 38.9107], [-75.82, 38.9131], [-75.8132, 38.9123], [-75.8087, 38.9164], [-75.7869, 38.9157], [-75.7768, 38.9213], [-75.7601, 38.9223], [-75.749, 38.9298], [-75.7309, 38.9331], [-75.7204, 38.8019], [-75.7279, 38.8032], [-75.7312, 38.797], [-75.7387, 38.7971], [-75.7636, 38.8115], [-75.7757, 38.8115], [-75.7832, 38.8141], [-75.7909, 38.8226], [-75.8093, 38.8351], [-75.8263, 38.8202], [-75.8323, 38.8247], [-75.8463, 38.827], [-75.8464, 38.8292], [-75.8551, 38.8249], [-75.8583, 38.8264], [-75.8557, 38.8315], [-75.8644, 38.8347], [-75.8674, 38.8423], [-75.8624, 38.8486]]]}}, {"type": "Feature", "properties": {"fips": "24011955400", "gap_national": -13.2, "gap_stratum": -40.0, "burden": 65.2, "capacity": 72.6, "svi": 0.09, "top_decile_gap": 0.0, "stratum": "micropolitan", "scored": 1}, "geometry": {"type": "Polygon", "coordinates": [[[-75.9038, 38.8069], [-75.8963, 38.8125], [-75.8972, 38.8152], [-75.8882, 38.8146], [-75.8809, 38.8215], [-75.8677, 38.8263], [-75.8551, 38.8249], [-75.8464, 38.8292], [-75.8463, 38.827], [-75.8323, 38.8247], [-75.8263, 38.8202], [-75.8093, 38.8351], [-75.7909, 38.8226], [-75.7832, 38.8141], [-75.7757, 38.8115], [-75.7636, 38.8115], [-75.7387, 38.7971], [-75.7312, 38.797], [-75.7279, 38.8032], [-75.7204, 38.8019], [-75.7176, 38.7656], [-75.7254, 38.7609], [-75.7399, 38.7579], [-75.7427, 38.7518], [-75.75, 38.7481], [-75.7523, 38.7421], [-75.759, 38.7423], [-75.7537, 38.7516], [-75.7752, 38.7604], [-75.7829, 38.7557], [-75.7984, 38.7542], [-75.7938, 38.7441], [-75.7997, 38.7425], [-75.8066, 38.7331], [-75.8035, 38.7308], [-75.8125, 38.724], [-75.8293, 38.7407], [-75.833, 38.7401], [-75.8496, 38.7265], [-75.8523, 38.7322], [-75.8777, 38.7485], [-75.8818, 38.7818], [-75.8844, 38.7838], [-75.8873, 38.7817], [-75.897, 38.7843], [-75.91, 38.8064], [-75.9038, 38.8069]]]}}, {"type": "Feature", "properties": {"fips": "24001001502", "gap_national": 11.9, "gap_stratum": 3.0, "burden": 85.2, "capacity": 69.8, "svi": 0.41, "top_decile_gap": 0.0, "stratum": "micropolitan", "scored": 1}, "geometry": {"type": "Polygon", "coordinates": [[[-78.8233, 39.7078], [-78.8185, 39.7084], [-78.811, 39.7167], [-78.812, 39.7211], [-78.8154, 39.7229], [-78.7425, 39.723], [-78.7698, 39.6852], [-78.7804, 39.6743], [-78.7886, 39.6698], [-78.7938, 39.6758], [-78.7859, 39.6882], [-78.7867, 39.6908], [-78.8064, 39.6777], [-78.8088, 39.6798], [-78.8086, 39.6862], [-78.8138, 39.6888], [-78.819, 39.6956], [-78.8232, 39.6955], [-78.8221, 39.6974], [-78.824, 39.6984], [-78.8233, 39.7078]]]}}, {"type": "Feature", "properties": {"fips": "24033805907", "gap_national": 53.4, "gap_stratum": 59.6, "burden": 65.0, "capacity": 21.4, "svi": 0.9, "top_decile_gap": 1.0, "stratum": "metropolitan", "scored": 1}, "geometry": {"type": "Polygon", "coordinates": [[[-76.9805, 39.0069], [-76.9742, 39.0067], [-76.9749, 39.0036], [-76.9809, 39.0043], [-76.9824, 39.0011], [-76.9836, 39.0023], [-76.9805, 39.0069]]]}}, {"type": "Feature", "properties": {"fips": "24033800608", "gap_national": -43.1, "gap_stratum": -35.7, "burden": 40.0, "capacity": 73.1, "svi": 0.16, "top_decile_gap": 0.0, "stratum": "metropolitan", "scored": 1}, "geometry": {"type": "Polygon", "coordinates": [[[-76.7693, 38.8653], [-76.7659, 38.8684], [-76.7671, 38.8713], [-76.7704, 38.8714], [-76.7709, 38.8776], [-76.7687, 38.8776], [-76.7487, 38.8739], [-76.7451, 38.8673], [-76.7252, 38.8595], [-76.7277, 38.841], [-76.7384, 38.8138], [-76.7422, 38.8136], [-76.7451, 38.8312], [-76.7482, 38.836], [-76.7461, 38.8443], [-76.7524, 38.852], [-76.7503, 38.8613], [-76.7582, 38.8616], [-76.7601, 38.858], [-76.7709, 38.8565], [-76.7763, 38.8656], [-76.7693, 38.8653]]]}}, {"type": "Feature", "properties": {"fips": "24033800514", "gap_national": -50.0, "gap_stratum": -42.4, "burden": 39.8, "capacity": 79.1, "svi": 0.14, "top_decile_gap": 0.0, "stratum": "metropolitan", "scored": 1}, "geometry": {"type": "Polygon", "coordinates": [[[-76.7977, 38.9611], [-76.7853, 38.9717], [-76.7777, 38.973], [-76.765, 38.9706], [-76.7666, 38.9606], [-76.771, 38.9601], [-76.7702, 38.9454], [-76.7985, 38.9443], [-76.7977, 38.9611]]]}}, {"type": "Feature", "properties": {"fips": "24033801214", "gap_national": 7.9, "gap_stratum": 12.1, "burden": 78.3, "capacity": 67.8, "svi": 0.7, "top_decile_gap": 0.0, "stratum": "metropolitan", "scored": 1}, "geometry": {"type": "Polygon", "coordinates": [[[-76.8646, 38.7823], [-76.8612, 38.7859], [-76.8644, 38.7884], [-76.857, 38.7892], [-76.8567, 38.7959], [-76.8518, 38.7981], [-76.8535, 38.8032], [-76.8516, 38.8068], [-76.8423, 38.8018], [-76.8363, 38.7941], [-76.846, 38.7837], [-76.8848, 38.7683], [-76.8904, 38.7836], [-76.8646, 38.7823]]]}}, {"type": "Feature", "properties": {"fips": "24033802107", "gap_national": 28.5, "gap_stratum": 33.8, "burden": 62.0, "capacity": 40.7, "svi": 0.62, "top_decile_gap": 0.0, "stratum": "metropolitan", "scored": 1}, "geometry": {"type": "Polygon", "coordinates": [[[-76.903, 38.8493], [-76.8955, 38.8466], [-76.8953, 38.8432], [-76.9036, 38.8412], [-76.9004, 38.836], [-76.9115, 38.8391], [-76.903, 38.8493]]]}}, {"type": "Feature", "properties": {"fips": "24033801208", "gap_national": -20.9, "gap_stratum": -12.6, "burden": 60.2, "capacity": 74.1, "svi": 0.17, "top_decile_gap": 0.0, "stratum": "metropolitan", "scored": 1}, "geometry": {"type": "Polygon", "coordinates": [[[-76.895, 38.7566], [-76.8795, 38.7505], [-76.8787, 38.7406], [-76.8815, 38.7312], [-76.8877, 38.7315], [-76.8961, 38.728], [-76.8948, 38.7394], [-76.8974, 38.7459], [-76.895, 38.7566]]]}}, {"type": "Feature", "properties": {"fips": "24041960201", "gap_national": -50.9, "gap_stratum": -88.9, "burden": 49.0, "capacity": 97.8, "svi": 0.02, "top_decile_gap": 0.0, "stratum": "rural", "scored": 1}, "geometry": {"type": "Polygon", "coordinates": [[[-76.1924, 38.8638], [-76.1822, 38.8586], [-76.1779, 38.8652], [-76.1699, 38.8656], [-76.1625, 38.881], [-76.1498, 38.8828], [-76.126, 38.8765], [-76.1096, 38.8631], [-76.1095, 38.8578], [-76.1023, 38.8524], [-76.0956, 38.8516], [-76.1065, 38.8417], [-76.11, 38.8412], [-76.1178, 38.8311], [-76.1258, 38.8254], [-76.1236, 38.8171], [-76.1263, 38.8076], [-76.122, 38.798], [-76.1263, 38.7946], [-76.1173, 38.7849], [-76.0884, 38.7928], [-76.0776, 38.7879], [-76.0958, 38.7681], [-76.0917, 38.7646], [-76.0857, 38.7659], [-76.073, 38.7541], [-76.064, 38.7105], [-76.0816, 38.7104], [-76.0963, 38.7147], [-76.1061, 38.7095], [-76.1246, 38.7141], [-76.1437, 38.7076], [-76.1435, 38.7213], [-76.1393, 38.7303], [-76.1261, 38.7349], [-76.1198, 38.7423], [-76.1188, 38.7532], [-76.1137, 38.7574], [-76.1286, 38.7608], [-76.1352, 38.7586], [-76.1449, 38.7624], [-76.1484, 38.7601], [-76.1657, 38.76], [-76.1626, 38.7669], [-76.1565, 38.7689], [-76.1553, 38.7723], [-76.1602, 38.775], [-76.173, 38.7703], [-76.1802, 38.777], [-76.1787, 38.7805], [-76.1821, 38.7848], [-76.1864, 38.7861], [-76.1881, 38.7921], [-76.1917, 38.7929], [-76.1922, 38.796], [-76.1974, 38.7984], [-76.2003, 38.803], [-76.1993, 38.8121], [-76.1911, 38.8297], [-76.2017, 38.8481], [-76.1924, 38.8638]]]}}, {"type": "Feature", "properties": {"fips": "24041960502", "gap_national": -39.9, "gap_stratum": -71.5, "burden": 53.7, "capacity": 85.9, "svi": 0.36, "top_decile_gap": 0.0, "stratum": "micropolitan", "scored": 1}, "geometry": {"type": "Polygon", "coordinates": [[[-76.0607, 38.764], [-76.0603, 38.7724], [-76.0515, 38.7709], [-76.0216, 38.7739], [-75.9971, 38.7572], [-75.9993, 38.7521], [-75.9944, 38.7398], [-75.9964, 38.7357], [-76.009, 38.7365], [-76.0132, 38.7333], [-76.0144, 38.7265], [-76.0075, 38.721], [-76.0101, 38.7166], [-76.0293, 38.7141], [-76.0334, 38.7104], [-76.0302, 38.7057], [-76.0403, 38.7029], [-76.0536, 38.714], [-76.0608, 38.7097], [-76.064, 38.7105], [-76.0696, 38.7379], [-76.0607, 38.764]]]}}, {"type": "Feature", "properties": {"fips": "24025303204", "gap_national": -50.4, "gap_stratum": -43.4, "burden": 36.3, "capacity": 75.7, "svi": 0.16, "top_decile_gap": 0.0, "stratum": "metropolitan", "scored": 1}, "geometry": {"type": "Polygon", "coordinates": [[[-76.3865, 39.576], [-76.3766, 39.5673], [-76.3703, 39.5581], [-76.3766, 39.5534], [-76.3797, 39.5571], [-76.384, 39.5547], [-76.3984, 39.5593], [-76.401, 39.5755], [-76.3865, 39.576]]]}}, {"type": "Feature", "properties": {"fips": "24025303802", "gap_national": -26.2, "gap_stratum": -21.2, "burden": 37.0, "capacity": 58.8, "svi": 0.28, "top_decile_gap": 0.0, "stratum": "metropolitan", "scored": 1}, "geometry": {"type": "Polygon", "coordinates": [[[-76.3649, 39.5581], [-76.3497, 39.548], [-76.3693, 39.5438], [-76.3692, 39.5503], [-76.3649, 39.5581]]]}}, {"type": "Feature", "properties": {"fips": "24001002100", "gap_national": 11.5, "gap_stratum": -3.4, "burden": 77.1, "capacity": 64.4, "svi": 0.57, "top_decile_gap": 0.0, "stratum": "micropolitan", "scored": 1}, "geometry": {"type": "Polygon", "coordinates": [[[-78.9987, 39.5999], [-78.9722, 39.6045], [-78.9695, 39.5997], [-78.9634, 39.5978], [-78.9732, 39.59], [-78.972, 39.5887], [-78.9769, 39.5874], [-78.9703, 39.5804], [-78.9591, 39.578], [-78.9501, 39.583], [-78.9411, 39.5799], [-78.9325, 39.5612], [-78.9268, 39.562], [-78.923, 39.5586], [-78.934, 39.5472], [-78.9399, 39.5443], [-78.963, 39.5144], [-78.974, 39.5148], [-78.9858, 39.5046], [-79.0091, 39.5114], [-79.0156, 39.5159], [-79.0141, 39.5203], [-79.0183, 39.5231], [-79.0236, 39.5117], [-79.0296, 39.5186], [-79.0415, 39.5251], [-78.9987, 39.5999]]]}}, {"type": "Feature", "properties": {"fips": "24035810901", "gap_national": -50.9, "gap_stratum": -78.4, "burden": 35.6, "capacity": 75.4, "svi": 0.14, "top_decile_gap": 0.0, "stratum": "micropolitan", "scored": 1}, "geometry": {"type": "Polygon", "coordinates": [[[-76.3617, 38.9392], [-76.3538, 38.9572], [-76.3409, 38.9746], [-76.336, 38.9755], [-76.3347, 38.9821], [-76.3027, 38.9748], [-76.3025, 38.9675], [-76.2982, 38.9635], [-76.3074, 38.955], [-76.3133, 38.9237], [-76.3166, 38.923], [-76.3176, 38.9177], [-76.3158, 38.9153], [-76.318, 38.9113], [-76.3241, 38.9112], [-76.3272, 38.9181], [-76.3339, 38.9181], [-76.3378, 38.915], [-76.3402, 38.9118], [-76.3382, 38.9075], [-76.3346, 38.9066], [-76.3382, 38.893], [-76.35, 38.8988], [-76.3523, 38.9108], [-76.3577, 38.9081], [-76.3647, 38.898], [-76.3657, 38.9075], [-76.3617, 38.9392]]]}}, {"type": "Feature", "properties": {"fips": "24510250600", "gap_national": null, "gap_stratum": null, "burden": null, "capacity": null, "svi": null, "top_decile_gap": null, "stratum": null, "scored": 0}, "geometry": {"type": "Polygon", "coordinates": [[[-76.6083, 39.2547], [-76.5849, 39.2554], [-76.5584, 39.2337], [-76.5625, 39.2304], [-76.5645, 39.2246], [-76.5595, 39.2204], [-76.5774, 39.2249], [-76.5806, 39.2309], [-76.585, 39.2324], [-76.5931, 39.241], [-76.597, 39.241], [-76.5956, 39.2391], [-76.6146, 39.2411], [-76.6083, 39.2547]]]}}, {"type": "Feature", "properties": {"fips": "24510120500", "gap_national": -10.4, "gap_stratum": -8.2, "burden": 26.8, "capacity": 39.3, "svi": 0.56, "top_decile_gap": 0.0, "stratum": "metropolitan", "scored": 1}, "geometry": {"type": "Polygon", "coordinates": [[[-76.6095, 39.3114], [-76.6082, 39.3048], [-76.6147, 39.306], [-76.6233, 39.3108], [-76.6095, 39.3114]]]}}, {"type": "Feature", "properties": {"fips": "24510200100", "gap_national": 46.2, "gap_stratum": 44.0, "burden": 97.0, "capacity": 52.8, "svi": 0.75, "top_decile_gap": 0.0, "stratum": "metropolitan", "scored": 1}, "geometry": {"type": "Polygon", "coordinates": [[[-76.6455, 39.2939], [-76.6452, 39.2882], [-76.6501, 39.288], [-76.6504, 39.2937], [-76.6455, 39.2939]]]}}, {"type": "Feature", "properties": {"fips": "24047951700", "gap_national": -37.0, "gap_stratum": -66.5, "burden": 57.9, "capacity": 89.1, "svi": 0.45, "top_decile_gap": 0.0, "stratum": "micropolitan", "scored": 1}, "geometry": {"type": "Polygon", "coordinates": [[[-75.2041, 38.2397], [-75.2001, 38.2489], [-75.1879, 38.2613], [-75.1791, 38.2644], [-75.1814, 38.267], [-75.1801, 38.2694], [-75.1722, 38.2701], [-75.1714, 38.2727], [-75.1752, 38.2761], [-75.1718, 38.2784], [-75.1734, 38.2806], [-75.1685, 38.2801], [-75.1653, 38.2852], [-75.1611, 38.285], [-75.1636, 38.2924], [-75.1578, 38.2995], [-75.1542, 38.3094], [-75.1568, 38.3129], [-75.1449, 38.316], [-75.1469, 38.321], [-75.1558, 38.33], [-75.155, 38.3408], [-75.1447, 38.3374], [-75.1179, 38.3393], [-75.0942, 38.3333], [-75.0929, 38.3272], [-75.1062, 38.3176], [-75.1119, 38.3103], [-75.1142, 38.3023], [-75.127, 38.2881], [-75.1254, 38.277], [-75.1421, 38.2501], [-75.1936, 38.1913], [-75.1999, 38.193], [-75.1986, 38.2093], [-75.2029, 38.2145], [-75.2031, 38.2188], [-75.2004, 38.2301], [-75.2095, 38.2351], [-75.2098, 38.238], [-75.2041, 38.2397]]]}}, {"type": "Feature", "properties": {"fips": "24047950300", "gap_national": -38.3, "gap_stratum": -66.7, "burden": 58.4, "capacity": 92.8, "svi": 0.42, "top_decile_gap": 0.0, "stratum": "micropolitan", "scored": 1}, "geometry": {"type": "Polygon", "coordinates": [[[-75.0785, 38.4513], [-75.0489, 38.4513], [-75.0533, 38.4231], [-75.0562, 38.4234], [-75.0582, 38.4126], [-75.0704, 38.4153], [-75.0695, 38.4203], [-75.0852, 38.4219], [-75.0813, 38.4268], [-75.0785, 38.4513]]]}}, {"type": "Feature", "properties": {"fips": "24017850101", "gap_national": -30.3, "gap_stratum": -22.2, "burden": 48.4, "capacity": 70.6, "svi": 0.04, "top_decile_gap": 0.0, "stratum": "metropolitan", "scored": 1}, "geometry": {"type": "Polygon", "coordinates": [[[-77.1179, 38.6749], [-77.1129, 38.6772], [-77.109, 38.6839], [-77.1015, 38.6889], [-77.0785, 38.6938], [-77.0557, 38.6355], [-77.0853, 38.6223], [-77.0873, 38.6262], [-77.0997, 38.6345], [-77.1144, 38.6338], [-77.1144, 38.6455], [-77.1202, 38.6691], [-77.1179, 38.6749]]]}}, {"type": "Feature", "properties": {"fips": "24017850102", "gap_national": -18.1, "gap_stratum": -10.1, "burden": 63.8, "capacity": 75.4, "svi": 0.43, "top_decile_gap": 0.0, "stratum": "metropolitan", "scored": 1}, "geometry": {"type": "Polygon", "coordinates": [[[-77.1286, 38.6041], [-77.1314, 38.6064], [-77.1305, 38.6139], [-77.1246, 38.6198], [-77.1105, 38.6268], [-77.1069, 38.6341], [-77.0962, 38.6328], [-77.0853, 38.6223], [-77.0557, 38.6355], [-77.0478, 38.6162], [-77.052, 38.6], [-77.0658, 38.5844], [-77.0754, 38.5797], [-77.0685, 38.5687], [-77.0569, 38.5646], [-77.0534, 38.5592], [-77.0443, 38.5553], [-77.0395, 38.5495], [-77.0706, 38.5459], [-77.0856, 38.55], [-77.0985, 38.5648], [-77.1014, 38.5732], [-77.119, 38.5842], [-77.12, 38.5919], [-77.1316, 38.6028], [-77.1286, 38.6041]]]}}, {"type": "Feature", "properties": {"fips": "24017850710", "gap_national": -33.1, "gap_stratum": -24.8, "burden": 48.5, "capacity": 72.9, "svi": 0.17, "top_decile_gap": 0.0, "stratum": "metropolitan", "scored": 1}, "geometry": {"type": "Polygon", "coordinates": [[[-76.9677, 38.6291], [-76.9589, 38.6399], [-76.9504, 38.6377], [-76.9469, 38.6239], [-76.9486, 38.618], [-76.9596, 38.6167], [-76.9695, 38.6191], [-76.9677, 38.6291]]]}}, {"type": "Feature", "properties": {"fips": "24037875201", "gap_national": -23.4, "gap_stratum": -50.8, "burden": 45.6, "capacity": 63.5, "svi": 0.09, "top_decile_gap": 0.0, "stratum": "rural", "scored": 1}, "geometry": {"type": "Polygon", "coordinates": [[[-76.782, 38.3797], [-76.776, 38.3829], [-76.7756, 38.392], [-76.7672, 38.4024], [-76.7659, 38.4106], [-76.757, 38.4174], [-76.7439, 38.4422], [-76.7305, 38.4368], [-76.7249, 38.4297], [-76.7169, 38.4261], [-76.7164, 38.4195], [-76.6947, 38.4183], [-76.6941, 38.4134], [-76.6988, 38.409], [-76.7022, 38.4005], [-76.693, 38.3792], [-76.7071, 38.3626], [-76.7129, 38.3438], [-76.7196, 38.3361], [-76.7251, 38.3336], [-76.7227, 38.3249], [-76.7275, 38.3265], [-76.735, 38.3158], [-76.7475, 38.3245], [-76.755, 38.3194], [-76.7668, 38.3246], [-76.7747, 38.3341], [-76.7793, 38.3573], [-76.7843, 38.3701], [-76.782, 38.3797]]]}}, {"type": "Feature", "properties": {"fips": "24021740200", "gap_national": -48.9, "gap_stratum": -42.7, "burden": 33.8, "capacity": 71.9, "svi": 0.12, "top_decile_gap": 0.0, "stratum": "metropolitan", "scored": 1}, "geometry": {"type": "Polygon", "coordinates": [[[-77.3915, 39.5053], [-77.383, 39.503], [-77.377, 39.5071], [-77.3325, 39.4927], [-77.3594, 39.474], [-77.3669, 39.4545], [-77.3702, 39.4525], [-77.3762, 39.4611], [-77.3852, 39.4626], [-77.3966, 39.4684], [-77.3905, 39.4737], [-77.3872, 39.4827], [-77.391, 39.4939], [-77.3961, 39.4977], [-77.3972, 39.5023], [-77.3915, 39.5053]]]}}, {"type": "Feature", "properties": {"fips": "24021773500", "gap_national": -11.9, "gap_stratum": -5.6, "burden": 48.3, "capacity": 57.9, "svi": 0.38, "top_decile_gap": 0.0, "stratum": "metropolitan", "scored": 1}, "geometry": {"type": "Polygon", "coordinates": [[[-77.3594, 39.474], [-77.3325, 39.4927], [-77.3291, 39.4921], [-77.326, 39.4801], [-77.3306, 39.4775], [-77.3348, 39.4695], [-77.331, 39.4537], [-77.3478, 39.4519], [-77.3669, 39.4545], [-77.3594, 39.474]]]}}, {"type": "Feature", "properties": {"fips": "24043010402", "gap_national": 2.8, "gap_stratum": 8.9, "burden": 61.7, "capacity": 58.5, "svi": 0.6, "top_decile_gap": 0.0, "stratum": "metropolitan", "scored": 1}, "geometry": {"type": "Polygon", "coordinates": [[[-77.7329, 39.7211], [-77.7423, 39.7122], [-77.743, 39.7075], [-77.7395, 39.7004], [-77.7551, 39.7052], [-77.7699, 39.7001], [-77.7759, 39.7003], [-77.7403, 39.6635], [-77.7719, 39.6329], [-77.7785, 39.6214], [-77.785, 39.6173], [-77.7908, 39.6222], [-77.8097, 39.63], [-77.8063, 39.6407], [-77.8007, 39.6487], [-77.7972, 39.6646], [-77.7897, 39.6816], [-77.8141, 39.6903], [-77.8274, 39.6981], [-77.8441, 39.7136], [-77.8476, 39.722], [-77.7329, 39.7211]]]}}, {"type": "Feature", "properties": {"fips": "24043010902", "gap_national": -15.6, "gap_stratum": -7.7, "burden": 63.2, "capacity": 72.7, "svi": 0.28, "top_decile_gap": 0.0, "stratum": "metropolitan", "scored": 1}, "geometry": {"type": "Polygon", "coordinates": [[[-77.8785, 39.5635], [-77.8422, 39.5643], [-77.8363, 39.5664], [-77.8323, 39.5748], [-77.8274, 39.5752], [-77.8194, 39.57], [-77.8139, 39.5708], [-77.8124, 39.5633], [-77.8043, 39.555], [-77.8003, 39.5443], [-77.7799, 39.5343], [-77.7782, 39.5251], [-77.758, 39.5147], [-77.7475, 39.5363], [-77.7607, 39.5381], [-77.7492, 39.5441], [-77.7461, 39.5502], [-77.7389, 39.5549], [-77.7373, 39.5536], [-77.7334, 39.559], [-77.7191, 39.5559], [-77.7197, 39.5484], [-77.7163, 39.5502], [-77.7069, 39.5485], [-77.7069, 39.5449], [-77.7118, 39.5405], [-77.7095, 39.5383], [-77.7125, 39.5361], [-77.7062, 39.5323], [-77.7128, 39.5284], [-77.7024, 39.5224], [-77.7017, 39.5177], [-77.7198, 39.5228], [-77.7232, 39.5262], [-77.7291, 39.5155], [-77.7236, 39.515], [-77.7257, 39.5039], [-77.743, 39.5062], [-77.7468, 39.5089], [-77.7486, 39.502], [-77.7566, 39.5043], [-77.7688, 39.498], [-77.7816, 39.4991], [-77.7956, 39.4896], [-77.8319, 39.4947], [-77.8457, 39.4986], [-77.8481, 39.5021], [-77.8256, 39.5169], [-77.8236, 39.5241], [-77.8254, 39.5292], [-77.8369, 39.5322], [-77.8405, 39.5292], [-77.8419, 39.5185], [-77.8507, 39.5154], [-77.8637, 39.515], [-77.8665, 39.52], [-77.8654, 39.5384], [-77.8715, 39.5443], [-77.8864, 39.5519], [-77.8886, 39.5581], [-77.8785, 39.5635]]]}}, {"type": "Feature", "properties": {"fips": "24043011501", "gap_national": -30.3, "gap_stratum": -22.3, "burden": 48.2, "capacity": 70.4, "svi": 0.09, "top_decile_gap": 0.0, "stratum": "metropolitan", "scored": 1}, "geometry": {"type": "Polygon", "coordinates": [[[-77.7408, 39.4923], [-77.7364, 39.4962], [-77.7363, 39.5025], [-77.7257, 39.5039], [-77.7236, 39.515], [-77.7291, 39.5155], [-77.7232, 39.5262], [-77.7198, 39.5228], [-77.703, 39.5176], [-77.6968, 39.5193], [-77.6781, 39.5157], [-77.677, 39.5105], [-77.6696, 39.5005], [-77.6605, 39.5038], [-77.6603, 39.4849], [-77.6684, 39.4824], [-77.6747, 39.4757], [-77.6606, 39.4717], [-77.6395, 39.4731], [-77.6167, 39.4707], [-77.6162, 39.4684], [-77.6217, 39.464], [-77.6222, 39.4594], [-77.6268, 39.4571], [-77.6286, 39.4515], [-77.6269, 39.4485], [-77.6347, 39.4455], [-77.6409, 39.4147], [-77.6401, 39.4058], [-77.6478, 39.4104], [-77.662, 39.4119], [-77.6658, 39.4212], [-77.6776, 39.4307], [-77.6806, 39.439], [-77.6863, 39.4428], [-77.7015, 39.446], [-77.7036, 39.4536], [-77.7138, 39.4662], [-77.7255, 39.4653], [-77.7271, 39.4682], [-77.7228, 39.4723], [-77.7278, 39.4838], [-77.7418, 39.4843], [-77.7408, 39.4923]]]}}, {"type": "Feature", "properties": {"fips": "24031700208", "gap_national": -38.0, "gap_stratum": -36.4, "burden": 22.4, "capacity": 55.4, "svi": 0.27, "top_decile_gap": 0.0, "stratum": "metropolitan", "scored": 1}, "geometry": {"type": "Polygon", "coordinates": [[[-77.2056, 39.3097], [-77.1977, 39.3071], [-77.1975, 39.3018], [-77.1832, 39.3049], [-77.1728, 39.2993], [-77.165, 39.3], [-77.161, 39.2898], [-77.1719, 39.2847], [-77.1736, 39.2818], [-77.1668, 39.278], [-77.1693, 39.2732], [-77.173, 39.273], [-77.1707, 39.2709], [-77.1727, 39.2691], [-77.1789, 39.267], [-77.1895, 39.2698], [-77.1961, 39.2671], [-77.2001, 39.2692], [-77.2044, 39.2732], [-77.2017, 39.2877], [-77.2061, 39.2883], [-77.21, 39.2847], [-77.2198, 39.2867], [-77.2056, 39.3097]]]}}, {"type": "Feature", "properties": {"fips": "24031701315", "gap_national": -56.0, "gap_stratum": -52.4, "burden": 23.3, "capacity": 68.2, "svi": 0.37, "top_decile_gap": 0.0, "stratum": "metropolitan", "scored": 1}, "geometry": {"type": "Polygon", "coordinates": [[[-77.0607, 39.165], [-77.0454, 39.1653], [-77.0403, 39.1618], [-77.0513, 39.1527], [-77.0534, 39.148], [-77.0668, 39.1532], [-77.0607, 39.165]]]}}, {"type": "Feature", "properties": {"fips": "24031701317", "gap_national": -63.8, "gap_stratum": -59.8, "burden": 22.5, "capacity": 73.5, "svi": 0.12, "top_decile_gap": 0.0, "stratum": "metropolitan", "scored": 1}, "geometry": {"type": "Polygon", "coordinates": [[[-77.0982, 39.2015], [-77.089, 39.2144], [-77.0843, 39.2113], [-77.0627, 39.2094], [-77.0559, 39.2383], [-77.0448, 39.2377], [-77.0321, 39.2244], [-77.0323, 39.2203], [-77.0193, 39.2129], [-77.0176, 39.2098], [-77.0094, 39.2067], [-77.0122, 39.1952], [-77.0041, 39.1913], [-77.0084, 39.1816], [-76.9989, 39.1778], [-77.0053, 39.1757], [-77.0158, 39.177], [-77.0214, 39.1745], [-77.027, 39.1791], [-77.0394, 39.175], [-77.0383, 39.1723], [-77.0425, 39.1653], [-77.0558, 39.1638], [-77.0607, 39.165], [-77.0582, 39.1766], [-77.0651, 39.1823], [-77.0772, 39.1809], [-77.0899, 39.1846], [-77.1008, 39.1849], [-77.1015, 39.1911], [-77.0982, 39.2015]]]}}, {"type": "Feature", "properties": {"fips": "24031700720", "gap_national": -20.9, "gap_stratum": -19.2, "burden": 25.1, "capacity": 45.8, "svi": 0.43, "top_decile_gap": 0.0, "stratum": "metropolitan", "scored": 1}, "geometry": {"type": "Polygon", "coordinates": [[[-77.1863, 39.1571], [-77.1742, 39.1538], [-77.1675, 39.1488], [-77.1796, 39.1395], [-77.1789, 39.1445], [-77.1829, 39.1464], [-77.1905, 39.1564], [-77.1863, 39.1571]]]}}, {"type": "Feature", "properties": {"fips": "24031700611", "gap_national": -69.9, "gap_stratum": -68.5, "burden": 12.1, "capacity": 69.6, "svi": 0.13, "top_decile_gap": 0.0, "stratum": "metropolitan", "scored": 1}, "geometry": {"type": "Polygon", "coordinates": [[[-77.3426, 39.1395], [-77.3405, 39.1553], [-77.3422, 39.1612], [-77.3285, 39.1731], [-77.3217, 39.1757], [-77.3144, 39.184], [-77.302, 39.1797], [-77.2973, 39.1706], [-77.2847, 39.1636], [-77.295, 39.1531], [-77.3079, 39.1462], [-77.3144, 39.147], [-77.3292, 39.1357], [-77.3333, 39.1351], [-77.3355, 39.128], [-77.3451, 39.1292], [-77.3464, 39.1346], [-77.3426, 39.1395]]]}}, {"type": "Feature", "properties": {"fips": "24031701220", "gap_national": -82.4, "gap_stratum": -80.1, "burden": 13.5, "capacity": 82.0, "svi": 0.06, "top_decile_gap": 0.0, "stratum": "metropolitan", "scored": 1}, "geometry": {"type": "Polygon", "coordinates": [[[-77.2169, 39.0826], [-77.2113, 39.0786], [-77.2, 39.0808], [-77.1839, 39.073], [-77.1987, 39.0584], [-77.2283, 39.066], [-77.2169, 39.0826]]]}}, {"type": "Feature", "properties": {"fips": "24031700820", "gap_national": 19.3, "gap_stratum": 24.5, "burden": 36.7, "capacity": 22.7, "svi": 0.72, "top_decile_gap": 0.0, "stratum": "metropolitan", "scored": 1}, "geometry": {"type": "Polygon", "coordinates": [[[-77.2379, 39.1483], [-77.2238, 39.1437], [-77.2244, 39.1418], [-77.2361, 39.139], [-77.2392, 39.1408], [-77.2379, 39.1483]]]}}, {"type": "Feature", "properties": {"fips": "24031700723", "gap_national": -30.7, "gap_stratum": -22.3, "burden": 59.4, "capacity": 82.8, "svi": 0.82, "top_decile_gap": 0.0, "stratum": "metropolitan", "scored": 1}, "geometry": {"type": "Polygon", "coordinates": [[[-77.2123, 39.1526], [-77.2067, 39.1482], [-77.203, 39.151], [-77.1924, 39.1525], [-77.1935, 39.1415], [-77.2147, 39.1457], [-77.2169, 39.1488], [-77.2123, 39.1526]]]}}, {"type": "Feature", "properties": {"fips": "24031700822", "gap_national": 13.0, "gap_stratum": 18.2, "burden": 42.2, "capacity": 34.7, "svi": 0.68, "top_decile_gap": 0.0, "stratum": "metropolitan", "scored": 1}, "geometry": {"type": "Polygon", "coordinates": [[[-77.2244, 39.1418], [-77.2238, 39.1437], [-77.2209, 39.1426], [-77.2239, 39.1341], [-77.2305, 39.1344], [-77.2357, 39.1394], [-77.2244, 39.1418]]]}}, {"type": "Feature", "properties": {"fips": "24043011204", "gap_national": -0.4, "gap_stratum": 5.8, "burden": 69.6, "capacity": 66.9, "svi": 0.52, "top_decile_gap": 0.0, "stratum": "metropolitan", "scored": 1}, "geometry": {"type": "Polygon", "coordinates": [[[-77.6938, 39.6319], [-77.6908, 39.6345], [-77.6905, 39.6385], [-77.6869, 39.6379], [-77.6877, 39.6405], [-77.6836, 39.6426], [-77.6933, 39.6423], [-77.6888, 39.6515], [-77.6696, 39.6534], [-77.665, 39.6513], [-77.6708, 39.6425], [-77.6547, 39.6425], [-77.6649, 39.6283], [-77.6844, 39.6191], [-77.7096, 39.6313], [-77.6938, 39.6319]]]}}, {"type": "Feature", "properties": {"fips": "24031700901", "gap_national": -41.7, "gap_stratum": -39.1, "burden": 24.4, "capacity": 59.4, "svi": 0.72, "top_decile_gap": 0.0, "stratum": "metropolitan", "scored": 1}, "geometry": {"type": "Polygon", "coordinates": [[[-77.1614, 39.0934], [-77.1526, 39.0967], [-77.1471, 39.0853], [-77.1415, 39.0805], [-77.146, 39.0815], [-77.142, 39.0788], [-77.1462, 39.0763], [-77.1527, 39.0784], [-77.1528, 39.0821], [-77.1566, 39.085], [-77.1562, 39.089], [-77.1619, 39.0897], [-77.1614, 39.0934]]]}}, {"type": "Feature", "properties": {"fips": "24031700904", "gap_national": -9.8, "gap_stratum": -9.2, "burden": 16.4, "capacity": 28.7, "svi": 0.69, "top_decile_gap": 0.0, "stratum": "metropolitan", "scored": 1}, "geometry": {"type": "Polygon", "coordinates": [[[-77.1415, 39.0805], [-77.1173, 39.0595], [-77.1264, 39.0585], [-77.1304, 39.0639], [-77.1307, 39.0695], [-77.1341, 39.0686], [-77.1395, 39.0771], [-77.1455, 39.0814], [-77.1415, 39.0805]]]}}, {"type": "Feature", "properties": {"fips": "24031700903", "gap_national": 1.1, "gap_stratum": 3.5, "burden": 23.5, "capacity": 25.6, "svi": 0.8, "top_decile_gap": 0.0, "stratum": "metropolitan", "scored": 1}, "geometry": {"type": "Polygon", "coordinates": [[[-77.1366, 39.0977], [-77.1352, 39.1033], [-77.1285, 39.1069], [-77.1251, 39.1061], [-77.1248, 39.1017], [-77.1184, 39.1001], [-77.1192, 39.0952], [-77.1153, 39.0884], [-77.1215, 39.083], [-77.1362, 39.0846], [-77.1362, 39.0905], [-77.1436, 39.0932], [-77.1366, 39.0977]]]}}, {"type": "Feature", "properties": {"fips": "24031703221", "gap_national": -49.7, "gap_stratum": -45.8, "burden": 25.7, "capacity": 65.7, "svi": 0.22, "top_decile_gap": 0.0, "stratum": "metropolitan", "scored": 1}, "geometry": {"type": "Polygon", "coordinates": [[[-77.0456, 39.1195], [-77.034, 39.1205], [-77.0406, 39.1017], [-77.0393, 39.0986], [-77.0424, 39.0996], [-77.0446, 39.0956], [-77.0541, 39.1036], [-77.0538, 39.1072], [-77.0592, 39.1125], [-77.0456, 39.1195]]]}}, {"type": "Feature", "properties": {"fips": "24031703213", "gap_national": 32.9, "gap_stratum": 39.5, "burden": 41.4, "capacity": 13.7, "svi": 0.91, "top_decile_gap": 0.0, "stratum": "metropolitan", "scored": 1}, "geometry": {"type": "Polygon", "coordinates": [[[-77.0795, 39.0932], [-77.077, 39.0938], [-77.0703, 39.0919], [-77.0777, 39.0837], [-77.0795, 39.0932]]]}}, {"type": "Feature", "properties": {"fips": "24031701601", "gap_national": 16.0, "gap_stratum": 21.4, "burden": 40.6, "capacity": 30.3, "svi": 0.87, "top_decile_gap": 0.0, "stratum": "metropolitan", "scored": 1}, "geometry": {"type": "Polygon", "coordinates": [[[-76.9768, 39.0191], [-76.9719, 39.0184], [-76.9781, 39.0098], [-76.9803, 39.0072], [-76.9768, 39.0191]]]}}, {"type": "Feature", "properties": {"fips": "24031700610", "gap_national": -73.4, "gap_stratum": -70.5, "burden": 16.8, "capacity": 76.2, "svi": 0.14, "top_decile_gap": 0.0, "stratum": "metropolitan", "scored": 1}, "geometry": {"type": "Polygon", "coordinates": [[[-77.2676, 39.1414], [-77.2681, 39.1444], [-77.26, 39.1464], [-77.2571, 39.1518], [-77.2511, 39.154], [-77.2379, 39.1483], [-77.2392, 39.1408], [-77.2444, 39.1346], [-77.2438, 39.1264], [-77.2472, 39.1247], [-77.2556, 39.1271], [-77.2627, 39.1331], [-77.268, 39.1329], [-77.2676, 39.1373], [-77.2722, 39.1378], [-77.2676, 39.1414]]]}}, {"type": "Feature", "properties": {"fips": "24017851401", "gap_national": -13.3, "gap_stratum": -6.7, "burden": 71.9, "capacity": 79.8, "svi": 0.01, "top_decile_gap": 0.0, "stratum": "metropolitan", "scored": 1}, "geometry": {"type": "Polygon", "coordinates": [[[-76.7926, 38.5943], [-76.7757, 38.6039], [-76.7778, 38.627], [-76.7485, 38.6182], [-76.7465, 38.5997], [-76.7426, 38.5934], [-76.7402, 38.5605], [-76.7544, 38.564], [-76.7643, 38.5613], [-76.7777, 38.5514], [-76.7925, 38.5492], [-76.7973, 38.5507], [-76.8007, 38.5578], [-76.7926, 38.5943]]]}}, {"type": "Feature", "properties": {"fips": "24025301707", "gap_national": -18.4, "gap_stratum": -10.4, "burden": 56.6, "capacity": 68.9, "svi": 0.19, "top_decile_gap": 0.0, "stratum": "metropolitan", "scored": 1}, "geometry": {"type": "Polygon", "coordinates": [[[-76.274, 39.4529], [-76.2175, 39.4797], [-76.2229, 39.4674], [-76.237, 39.4603], [-76.2415, 39.4613], [-76.244, 39.4579], [-76.2432, 39.4541], [-76.2516, 39.4496], [-76.2525, 39.4464], [-76.2634, 39.444], [-76.2726, 39.4474], [-76.2775, 39.4458], [-76.2764, 39.4391], [-76.2808, 39.4341], [-76.2852, 39.4345], [-76.288, 39.4314], [-76.301, 39.4326], [-76.3048, 39.4343], [-76.274, 39.4529]]]}}, {"type": "Feature", "properties": {"fips": "24045010703", "gap_national": -15.3, "gap_stratum": -8.2, "burden": 51.1, "capacity": 62.4, "svi": 0.74, "top_decile_gap": 0.0, "stratum": "metropolitan", "scored": 1}, "geometry": {"type": "Polygon", "coordinates": [[[-75.5961, 38.4553], [-75.5979, 38.4568], [-75.5584, 38.4555], [-75.5677, 38.41], [-75.5838, 38.4072], [-75.5947, 38.4093], [-75.5915, 38.4149], [-75.5919, 38.4223], [-75.5938, 38.4227], [-75.5922, 38.428], [-75.598, 38.4395], [-75.5961, 38.4553]]]}}, {"type": "Feature", "properties": {"fips": "24005411411", "gap_national": -8.2, "gap_stratum": -3.4, "burden": 41.1, "capacity": 49.9, "svi": 0.06, "top_decile_gap": 0.0, "stratum": "metropolitan", "scored": 1}, "geometry": {"type": "Polygon", "coordinates": [[[-76.5233, 39.3948], [-76.5148, 39.3949], [-76.5153, 39.3896], [-76.513, 39.3901], [-76.5091, 39.3857], [-76.5141, 39.3804], [-76.5302, 39.3885], [-76.5233, 39.3948]]]}}, {"type": "Feature", "properties": {"fips": "24005490304", "gap_national": -25.3, "gap_stratum": -24.7, "burden": 20.6, "capacity": 45.4, "svi": 0.47, "top_decile_gap": 0.0, "stratum": "metropolitan", "scored": 1}, "geometry": {"type": "Polygon", "coordinates": [[[-76.6005, 39.4131], [-76.6021, 39.4019], [-76.6082, 39.4037], [-76.6068, 39.407], [-76.6123, 39.4138], [-76.6005, 39.4131]]]}}, {"type": "Feature", "properties": {"fips": "24005404102", "gap_national": -34.4, "gap_stratum": -26.7, "burden": 44.6, "capacity": 70.3, "svi": 0.34, "top_decile_gap": 0.0, "stratum": "metropolitan", "scored": 1}, "geometry": {"type": "Polygon", "coordinates": [[[-76.8108, 39.4343], [-76.8063, 39.4407], [-76.7739, 39.415], [-76.7786, 39.4115], [-76.7788, 39.4068], [-76.791, 39.4115], [-76.8158, 39.4345], [-76.8108, 39.4343]]]}}, {"type": "Feature", "properties": {"fips": "24023000502", "gap_national": -44.9, "gap_stratum": -81.5, "burden": 45.7, "capacity": 80.9, "svi": 0.34, "top_decile_gap": 0.0, "stratum": "rural", "scored": 1}, "geometry": {"type": "Polygon", "coordinates": [[[-79.3913, 39.5462], [-79.3757, 39.5544], [-79.3707, 39.5588], [-79.3703, 39.562], [-79.3624, 39.5614], [-79.3692, 39.5687], [-79.3708, 39.5743], [-79.3625, 39.5803], [-79.3542, 39.5919], [-79.338, 39.5963], [-79.3359, 39.5918], [-79.3109, 39.58], [-79.3062, 39.5802], [-79.3019, 39.5906], [-79.2786, 39.582], [-79.2766, 39.5794], [-79.2829, 39.5783], [-79.2843, 39.5704], [-79.2936, 39.5687], [-79.2957, 39.5528], [-79.3122, 39.5464], [-79.3192, 39.5345], [-79.3189, 39.5279], [-79.3244, 39.5202], [-79.3118, 39.5096], [-79.3104, 39.504], [-79.304, 39.4982], [-79.2975, 39.486], [-79.2953, 39.4743], [-79.3033, 39.4629], [-79.313, 39.466], [-79.3303, 39.4623], [-79.3324, 39.4603], [-79.3302, 39.4552], [-79.3362, 39.4471], [-79.3663, 39.4622], [-79.3691, 39.4687], [-79.3639, 39.4885], [-79.3666, 39.4932], [-79.3939, 39.4962], [-79.4085, 39.5057], [-79.4039, 39.5099], [-79.4016, 39.5231], [-79.4051, 39.5222], [-79.4093, 39.5287], [-79.3913, 39.5462]]]}}, {"type": "Feature", "properties": {"fips": "24003740108", "gap_national": -43.7, "gap_stratum": -42.7, "burden": 18.9, "capacity": 56.6, "svi": 0.27, "top_decile_gap": 0.0, "stratum": "metropolitan", "scored": 1}, "geometry": {"type": "Polygon", "coordinates": [[[-76.7505, 39.1505], [-76.7451, 39.1561], [-76.7384, 39.1504], [-76.7311, 39.1528], [-76.7203, 39.1526], [-76.7383, 39.1305], [-76.7554, 39.1401], [-76.7505, 39.1505]]]}}, {"type": "Feature", "properties": {"fips": "24003706303", "gap_national": -17.7, "gap_stratum": -9.8, "burden": 56.4, "capacity": 68.3, "svi": 0.66, "top_decile_gap": 0.0, "stratum": "metropolitan", "scored": 1}, "geometry": {"type": "Polygon", "coordinates": [[[-76.4845, 38.9565], [-76.4845, 38.9617], [-76.4786, 38.9663], [-76.476, 38.9644], [-76.4764, 38.9616], [-76.4803, 38.9604], [-76.482, 38.9526], [-76.487, 38.947], [-76.4926, 38.9501], [-76.4934, 38.9536], [-76.4845, 38.9565]]]}}, {"type": "Feature", "properties": {"fips": "24003701201", "gap_national": -58.1, "gap_stratum": -52.4, "burden": 29.7, "capacity": 75.7, "svi": 0.01, "top_decile_gap": 0.0, "stratum": "metropolitan", "scored": 1}, "geometry": {"type": "Polygon", "coordinates": [[[-76.5184, 38.8961], [-76.5171, 38.9011], [-76.5072, 38.9015], [-76.5054, 38.9073], [-76.5018, 38.9098], [-76.4945, 38.9093], [-76.4952, 38.9053], [-76.4894, 38.8874], [-76.5149, 38.8665], [-76.5162, 38.8721], [-76.5206, 38.8751], [-76.5199, 38.8804], [-76.5274, 38.8946], [-76.5184, 38.8961]]]}}, {"type": "Feature", "properties": {"fips": "24003701302", "gap_national": -42.8, "gap_stratum": -34.6, "burden": 45.5, "capacity": 78.4, "svi": 0.1, "top_decile_gap": 0.0, "stratum": "metropolitan", "scored": 1}, "geometry": {"type": "Polygon", "coordinates": [[[-76.6912, 38.8544], [-76.6919, 38.8592], [-76.6783, 38.8735], [-76.6752, 38.8857], [-76.6721, 38.8866], [-76.6763, 38.8919], [-76.6763, 38.8959], [-76.6715, 38.8994], [-76.6695, 38.9044], [-76.6706, 38.9074], [-76.6729, 38.9074], [-76.6341, 38.9192], [-76.6284, 38.9229], [-76.6251, 38.9122], [-76.6136, 38.904], [-76.6123, 38.9], [-76.5968, 38.892], [-76.6052, 38.8781], [-76.6198, 38.8656], [-76.6175, 38.8608], [-76.6071, 38.8545], [-76.6078, 38.8372], [-76.6125, 38.8312], [-76.6228, 38.8259], [-76.6306, 38.8157], [-76.6484, 38.8208], [-76.662, 38.8205], [-76.6745, 38.8285], [-76.6809, 38.8358], [-76.6869, 38.8373], [-76.6882, 38.8455], [-76.6975, 38.8448], [-76.6912, 38.8544]]]}}, {"type": "Feature", "properties": {"fips": "24003731205", "gap_national": -30.1, "gap_stratum": -22.1, "burden": 47.9, "capacity": 70.0, "svi": 0.05, "top_decile_gap": 0.0, "stratum": "metropolitan", "scored": 1}, "geometry": {"type": "Polygon", "coordinates": [[[-76.5333, 39.1095], [-76.5228, 39.1122], [-76.5176, 39.1182], [-76.5173, 39.1229], [-76.5022, 39.1151], [-76.4952, 39.1082], [-76.5005, 39.0989], [-76.5178, 39.0822], [-76.531, 39.0944], [-76.5333, 39.1095]]]}}, {"type": "Feature", "properties": {"fips": "24003701202", "gap_national": -29.4, "gap_stratum": -23.2, "burden": 40.1, "capacity": 63.3, "svi": 0.24, "top_decile_gap": 0.0, "stratum": "metropolitan", "scored": 1}, "geometry": {"type": "Polygon", "coordinates": [[[-76.5411, 38.9309], [-76.5277, 38.9364], [-76.5062, 38.9212], [-76.5091, 38.9199], [-76.5089, 38.9158], [-76.5018, 38.9098], [-76.5054, 38.9073], [-76.5072, 38.9015], [-76.5171, 38.9011], [-76.5184, 38.8961], [-76.5284, 38.8945], [-76.5334, 38.9064], [-76.5389, 38.9077], [-76.5529, 38.9181], [-76.5411, 38.9309]]]}}, {"type": "Feature", "properties": {"fips": "24033803801", "gap_national": 40.0, "gap_stratum": 46.9, "burden": 55.5, "capacity": 23.7, "svi": 0.81, "top_decile_gap": 0.0, "stratum": "metropolitan", "scored": 1}, "geometry": {"type": "Polygon", "coordinates": [[[-76.9102, 38.9444], [-76.9094, 38.9531], [-76.892, 38.947], [-76.9075, 38.9393], [-76.9144, 38.9392], [-76.9102, 38.9444]]]}}, {"type": "Feature", "properties": {"fips": "24033800701", "gap_national": -43.1, "gap_stratum": -35.9, "burden": 39.0, "capacity": 72.1, "svi": 0.12, "top_decile_gap": 0.0, "stratum": "metropolitan", "scored": 1}, "geometry": {"type": "Polygon", "coordinates": [[[-76.8438, 38.8286], [-76.8347, 38.834], [-76.8468, 38.8442], [-76.8444, 38.8477], [-76.8455, 38.854], [-76.8391, 38.8624], [-76.8384, 38.8672], [-76.8296, 38.8665], [-76.8121, 38.871], [-76.8018, 38.852], [-76.778, 38.8418], [-76.7725, 38.8355], [-76.784, 38.8344], [-76.7963, 38.827], [-76.7824, 38.8203], [-76.7763, 38.8131], [-76.7859, 38.8118], [-76.7981, 38.8134], [-76.8174, 38.8116], [-76.8491, 38.8205], [-76.855, 38.8287], [-76.8438, 38.8286]]]}}, {"type": "Feature", "properties": {"fips": "24033801802", "gap_national": -1.7, "gap_stratum": 4.9, "burden": 61.6, "capacity": 61.4, "svi": 0.52, "top_decile_gap": 0.0, "stratum": "metropolitan", "scored": 1}, "geometry": {"type": "Polygon", "coordinates": [[[-76.9484, 38.8421], [-76.9408, 38.8329], [-76.9411, 38.8313], [-76.9475, 38.8343], [-76.9518, 38.8333], [-76.9534, 38.8285], [-76.9599, 38.8331], [-76.9484, 38.8421]]]}}, {"type": "Feature", "properties": {"fips": "24033801004", "gap_national": -14.1, "gap_stratum": -6.3, "burden": 62.8, "capacity": 71.1, "svi": 0.32, "top_decile_gap": 0.0, "stratum": "metropolitan", "scored": 1}, "geometry": {"type": "Polygon", "coordinates": [[[-76.927, 38.715], [-76.9209, 38.7152], [-76.9177, 38.7202], [-76.9101, 38.7209], [-76.9008, 38.728], [-76.8937, 38.7274], [-76.8877, 38.7315], [-76.861, 38.7353], [-76.8465, 38.7462], [-76.8328, 38.7444], [-76.8312, 38.7388], [-76.8258, 38.7354], [-76.8202, 38.7402], [-76.8104, 38.7567], [-76.8104, 38.7516], [-76.8038, 38.7478], [-76.8101, 38.7453], [-76.8103, 38.7423], [-76.8, 38.7336], [-76.8019, 38.7267], [-76.7958, 38.7233], [-76.7946, 38.7198], [-76.7986, 38.7146], [-76.8172, 38.7067], [-76.8224, 38.7095], [-76.835, 38.7082], [-76.8376, 38.7132], [-76.8477, 38.697], [-76.8651, 38.6961], [-76.8714, 38.7007], [-76.8936, 38.7073], [-76.9096, 38.7034], [-76.9393, 38.7094], [-76.927, 38.715]]]}}, {"type": "Feature", "properties": {"fips": "24033801409", "gap_national": -2.4, "gap_stratum": 4.3, "burden": 63.0, "capacity": 62.9, "svi": 0.86, "top_decile_gap": 0.0, "stratum": "metropolitan", "scored": 1}, "geometry": {"type": "Polygon", "coordinates": [[[-76.9925, 38.7821], [-76.9802, 38.8001], [-76.9763, 38.7959], [-76.9708, 38.7995], [-76.9672, 38.7937], [-76.9842, 38.7835], [-76.9947, 38.7671], [-76.9967, 38.7806], [-76.9925, 38.7821]]]}}, {"type": "Feature", "properties": {"fips": "24033805101", "gap_national": 54.7, "gap_stratum": 62.9, "burden": 54.9, "capacity": 4.9, "svi": 0.77, "top_decile_gap": 1.0, "stratum": "metropolitan", "scored": 1}, "geometry": {"type": "Polygon", "coordinates": [[[-76.9707, 38.9633], [-76.966, 38.9557], [-76.9623, 38.9559], [-76.9665, 38.9525], [-76.9737, 38.9554], [-76.9742, 38.9586], [-76.9802, 38.9633], [-76.9804, 38.9711], [-76.9707, 38.9633]]]}}, {"type": "Feature", "properties": {"fips": "24033803100", "gap_national": 44.0, "gap_stratum": 45.3, "burden": 80.9, "capacity": 45.1, "svi": 0.68, "top_decile_gap": 0.0, "stratum": "metropolitan", "scored": 1}, "geometry": {"type": "Polygon", "coordinates": [[[-76.9152, 38.9171], [-76.9097, 38.9165], [-76.902, 38.9075], [-76.9235, 38.904], [-76.9317, 38.9106], [-76.9152, 38.9171]]]}}, {"type": "Feature", "properties": {"fips": "24033803608", "gap_national": 33.4, "gap_stratum": 38.2, "burden": 65.8, "capacity": 40.4, "svi": 0.77, "top_decile_gap": 0.0, "stratum": "metropolitan", "scored": 1}, "geometry": {"type": "Polygon", "coordinates": [[[-76.8602, 38.9634], [-76.8459, 38.9654], [-76.8392, 38.9648], [-76.8195, 38.9564], [-76.8294, 38.9555], [-76.8405, 38.9493], [-76.8391, 38.9471], [-76.8585, 38.9455], [-76.866, 38.9597], [-76.8602, 38.9634]]]}}, {"type": "Feature", "properties": {"fips": "24033802204", "gap_national": -4.0, "gap_stratum": 2.6, "burden": 69.1, "capacity": 69.1, "svi": 0.4, "top_decile_gap": 0.0, "stratum": "metropolitan", "scored": 1}, "geometry": {"type": "Polygon", "coordinates": [[[-76.8835, 38.8647], [-76.8858, 38.8675], [-76.8851, 38.8713], [-76.8794, 38.8751], [-76.8641, 38.8758], [-76.8568, 38.8731], [-76.8629, 38.8898], [-76.8473, 38.8922], [-76.8442, 38.8837], [-76.8439, 38.8721], [-76.8529, 38.8571], [-76.8714, 38.8603], [-76.8704, 38.8621], [-76.8878, 38.8609], [-76.8835, 38.8647]]]}}, {"type": "Feature", "properties": {"fips": "24033801305", "gap_national": -8.2, "gap_stratum": -1.0, "burden": 65.7, "capacity": 69.2, "svi": 0.39, "top_decile_gap": 0.0, "stratum": "metropolitan", "scored": 1}, "geometry": {"type": "Polygon", "coordinates": [[[-76.9764, 38.7741], [-76.9652, 38.7723], [-76.9521, 38.7765], [-76.951, 38.7736], [-76.9552, 38.7625], [-76.9421, 38.7587], [-76.9572, 38.7462], [-76.9628, 38.75], [-76.9618, 38.7555], [-76.9678, 38.755], [-76.9709, 38.7517], [-76.9786, 38.7518], [-76.9933, 38.7559], [-76.9934, 38.7609], [-76.9764, 38.7741]]]}}, {"type": "Feature", "properties": {"fips": "24033804102", "gap_national": 36.3, "gap_stratum": 42.8, "burden": 56.4, "capacity": 28.5, "svi": 0.85, "top_decile_gap": 0.0, "stratum": "metropolitan", "scored": 1}, "geometry": {"type": "Polygon", "coordinates": [[[-76.9144, 38.9392], [-76.9075, 38.9393], [-76.8976, 38.9455], [-76.8865, 38.9374], [-76.8976, 38.9305], [-76.9161, 38.9363], [-76.9144, 38.9392]]]}}, {"type": "Feature", "properties": {"fips": "24033805601", "gap_national": 62.1, "gap_stratum": 70.0, "burden": 60.3, "capacity": 0.8, "svi": 0.96, "top_decile_gap": 1.0, "stratum": "metropolitan", "scored": 1}, "geometry": {"type": "Polygon", "coordinates": [[[-76.9867, 38.993], [-76.9849, 38.9964], [-76.9811, 38.9948], [-76.9844, 38.9924], [-76.9838, 38.9884], [-76.9775, 38.9853], [-76.9794, 38.984], [-76.9868, 38.9884], [-76.9907, 38.993], [-76.9867, 38.993]]]}}, {"type": "Feature", "properties": {"fips": "24033807404", "gap_national": 20.6, "gap_stratum": 26.2, "burden": 41.4, "capacity": 27.0, "svi": 0.74, "top_decile_gap": 0.0, "stratum": "metropolitan", "scored": 1}, "geometry": {"type": "Polygon", "coordinates": [[[-76.9234, 39.0238], [-76.9155, 39.0293], [-76.9113, 39.038], [-76.9124, 39.044], [-76.9259, 39.0516], [-76.9046, 39.0578], [-76.8973, 39.0506], [-76.8907, 39.0488], [-76.8987, 39.0408], [-76.9014, 39.0231], [-76.9071, 39.0231], [-76.9087, 39.015], [-76.9164, 39.0183], [-76.9266, 39.0184], [-76.9234, 39.0238]]]}}, {"type": "Feature", "properties": {"fips": "24015030907", "gap_national": -23.5, "gap_stratum": -17.4, "burden": 42.1, "capacity": 60.9, "svi": 0.17, "top_decile_gap": 0.0, "stratum": "metropolitan", "scored": 1}, "geometry": {"type": "Polygon", "coordinates": [[[-76.0305, 39.5699], [-76.0312, 39.5809], [-76.0132, 39.5845], [-75.9543, 39.6062], [-75.9526, 39.6051], [-75.9531, 39.5999], [-75.9478, 39.5948], [-75.9577, 39.5925], [-75.9648, 39.5865], [-75.9653, 39.5789], [-75.973, 39.5705], [-75.9997, 39.5605], [-76.007, 39.5489], [-76.0024, 39.5418], [-76.0044, 39.5399], [-76.0121, 39.5393], [-76.0177, 39.5466], [-76.0407, 39.5527], [-76.0305, 39.5699]]]}}, {"type": "Feature", "properties": {"fips": "24015030507", "gap_national": 36.7, "gap_stratum": 41.2, "burden": 67.8, "capacity": 39.7, "svi": 0.53, "top_decile_gap": 0.0, "stratum": "metropolitan", "scored": 1}, "geometry": {"type": "Polygon", "coordinates": [[[-75.7969, 39.6402], [-75.7875, 39.639], [-75.7851, 39.6064], [-75.7895, 39.6056], [-75.7922, 39.6196], [-75.8163, 39.6122], [-75.8205, 39.6125], [-75.8192, 39.6171], [-75.8242, 39.6177], [-75.7969, 39.6402]]]}}, {"type": "Feature", "properties": {"fips": "24047951000", "gap_national": -13.7, "gap_stratum": -41.1, "burden": 63.7, "capacity": 71.6, "svi": 0.79, "top_decile_gap": 0.0, "stratum": "micropolitan", "scored": 1}, "geometry": {"type": "Polygon", "coordinates": [[[-75.2222, 38.326], [-75.2198, 38.3436], [-75.2155, 38.3485], [-75.2138, 38.3429], [-75.1991, 38.3413], [-75.1901, 38.3434], [-75.187, 38.3347], [-75.191, 38.3266], [-75.1935, 38.3258], [-75.1904, 38.3214], [-75.1929, 38.3128], [-75.1896, 38.3094], [-75.1864, 38.2995], [-75.1974, 38.3012], [-75.2053, 38.3053], [-75.2118, 38.3016], [-75.2392, 38.307], [-75.2222, 38.326]]]}}, {"type": "Feature", "properties": {"fips": "24047951300", "gap_national": 10.6, "gap_stratum": -3.9, "burden": 81.7, "capacity": 68.4, "svi": 0.75, "top_decile_gap": 0.0, "stratum": "rural", "scored": 1}, "geometry": {"type": "Polygon", "coordinates": [[[-75.4306, 38.1581], [-75.4219, 38.1596], [-75.4173, 38.1665], [-75.4045, 38.1742], [-75.4043, 38.1767], [-75.401, 38.178], [-75.3992, 38.1761], [-75.3927, 38.1798], [-75.3914, 38.1876], [-75.3827, 38.1912], [-75.3851, 38.1974], [-75.3822, 38.2002], [-75.3853, 38.2024], [-75.382, 38.2032], [-75.3783, 38.1957], [-75.3796, 38.1927], [-75.3747, 38.1886], [-75.3729, 38.1768], [-75.3762, 38.1614], [-75.4037, 38.145], [-75.4163, 38.1439], [-75.4277, 38.1395], [-75.4361, 38.1436], [-75.4306, 38.1581]]]}}, {"type": "Feature", "properties": {"fips": "24510280200", "gap_national": 9.6, "gap_stratum": 10.6, "burden": 94.2, "capacity": 77.9, "svi": 0.77, "top_decile_gap": 0.0, "stratum": "metropolitan", "scored": 1}, "geometry": {"type": "Polygon", "coordinates": [[[-76.711, 39.3363], [-76.6874, 39.3288], [-76.6901, 39.3236], [-76.7018, 39.3196], [-76.7045, 39.322], [-76.7114, 39.322], [-76.711, 39.3363]]]}}, {"type": "Feature", "properties": {"fips": "24510140300", "gap_national": 18.1, "gap_stratum": 20.1, "burden": 85.7, "capacity": 65.7, "svi": 0.65, "top_decile_gap": 0.0, "stratum": "metropolitan", "scored": 1}, "geometry": {"type": "Polygon", "coordinates": [[[-76.6337, 39.3103], [-76.6308, 39.3079], [-76.6368, 39.3034], [-76.6412, 39.3101], [-76.6337, 39.3103]]]}}, {"type": "Feature", "properties": {"fips": "24510130700", "gap_national": -48.0, "gap_stratum": -43.2, "burden": 29.3, "capacity": 67.4, "svi": 0.51, "top_decile_gap": 0.0, "stratum": "metropolitan", "scored": 1}, "geometry": {"type": "Polygon", "coordinates": [[[-76.6354, 39.3439], [-76.6314, 39.3393], [-76.624, 39.3365], [-76.6244, 39.3319], [-76.6354, 39.3326], [-76.6403, 39.3434], [-76.6354, 39.3439]]]}}, {"type": "Feature", "properties": {"fips": "24510260102", "gap_national": -5.4, "gap_stratum": 0.2, "burden": 76.4, "capacity": 76.8, "svi": 0.53, "top_decile_gap": 0.0, "stratum": "metropolitan", "scored": 1}, "geometry": {"type": "Polygon", "coordinates": [[[-76.5456, 39.3424], [-76.539, 39.3368], [-76.5297, 39.3361], [-76.5297, 39.3312], [-76.5417, 39.3292], [-76.5517, 39.3381], [-76.5456, 39.3424]]]}}, {"type": "Feature", "properties": {"fips": "24510270101", "gap_national": -39.3, "gap_stratum": -30.6, "burden": 50.8, "capacity": 81.2, "svi": 0.34, "top_decile_gap": 0.0, "stratum": "metropolitan", "scored": 1}, "geometry": {"type": "Polygon", "coordinates": [[[-76.5674, 39.3396], [-76.5616, 39.3311], [-76.5675, 39.3264], [-76.5765, 39.3339], [-76.5674, 39.3396]]]}}, {"type": "Feature", "properties": {"fips": "24510150300", "gap_national": 28.4, "gap_stratum": 27.8, "burden": 97.3, "capacity": 64.8, "svi": 0.9, "top_decile_gap": 0.0, "stratum": "metropolitan", "scored": 1}, "geometry": {"type": "Polygon", "coordinates": [[[-76.6513, 39.3097], [-76.6516, 39.3034], [-76.6579, 39.3054], [-76.66, 39.3094], [-76.6513, 39.3097]]]}}, {"type": "Feature", "properties": {"fips": "24510151000", "gap_national": 11.2, "gap_stratum": 12.6, "burden": 91.1, "capacity": 74.5, "svi": 0.95, "top_decile_gap": 0.0, "stratum": "metropolitan", "scored": 1}, "geometry": {"type": "Polygon", "coordinates": [[[-76.6894, 39.3408], [-76.678, 39.3399], [-76.6821, 39.325], [-76.6901, 39.3236], [-76.6874, 39.3288], [-76.6909, 39.331], [-76.6894, 39.3408]]]}}, {"type": "Feature", "properties": {"fips": "24510280302", "gap_national": 13.7, "gap_stratum": 16.0, "burden": 85.9, "capacity": 69.0, "svi": 0.6, "top_decile_gap": 0.0, "stratum": "metropolitan", "scored": 1}, "geometry": {"type": "Polygon", "coordinates": [[[-76.6901, 39.3236], [-76.6855, 39.3128], [-76.6964, 39.3148], [-76.6973, 39.3174], [-76.702, 39.3157], [-76.7039, 39.3186], [-76.6901, 39.3236]]]}}, {"type": "Feature", "properties": {"fips": "24005404600", "gap_national": -39.5, "gap_stratum": -30.9, "burden": 48.5, "capacity": 78.5, "svi": 0.11, "top_decile_gap": 0.0, "stratum": "metropolitan", "scored": 1}, "geometry": {"type": "Polygon", "coordinates": [[[-76.8627, 39.5133], [-76.8406, 39.5756], [-76.8398, 39.5596], [-76.8373, 39.5573], [-76.814, 39.5515], [-76.804, 39.5445], [-76.7906, 39.5419], [-76.7745, 39.5214], [-76.7549, 39.5227], [-76.7505, 39.5068], [-76.7426, 39.5045], [-76.7393, 39.4973], [-76.7395, 39.4936], [-76.7425, 39.4915], [-76.7526, 39.4916], [-76.7605, 39.487], [-76.7651, 39.4767], [-76.7889, 39.4821], [-76.8066, 39.4786], [-76.8037, 39.4823], [-76.7938, 39.4851], [-76.7952, 39.4955], [-76.7999, 39.4977], [-76.8147, 39.4922], [-76.8213, 39.4776], [-76.823, 39.4821], [-76.8298, 39.4843], [-76.829, 39.4755], [-76.8364, 39.4732], [-76.8562, 39.4813], [-76.8687, 39.4895], [-76.8627, 39.5133]]]}}, {"type": "Feature", "properties": {"fips": "24045010300", "gap_national": -31.6, "gap_stratum": -23.4, "burden": 60.8, "capacity": 85.9, "svi": 0.54, "top_decile_gap": 0.0, "stratum": "metropolitan", "scored": 1}, "geometry": {"type": "Polygon", "coordinates": [[[-75.6954, 38.3466], [-75.6925, 38.3465], [-75.685, 38.3538], [-75.6753, 38.3554], [-75.6772, 38.3608], [-75.677, 38.3793], [-75.6725, 38.3897], [-75.6647, 38.3953], [-75.6589, 38.4037], [-75.6555, 38.4127], [-75.6454, 38.4112], [-75.6289, 38.4012], [-75.6141, 38.3696], [-75.6177, 38.3676], [-75.6119, 38.3622], [-75.6206, 38.35], [-75.6302, 38.347], [-75.6352, 38.3417], [-75.6402, 38.3403], [-75.6479, 38.3428], [-75.654, 38.3398], [-75.6613, 38.3438], [-75.6692, 38.3383], [-75.696, 38.3421], [-75.6954, 38.3466]]]}}, {"type": "Feature", "properties": {"fips": "24510270102", "gap_national": 17.2, "gap_stratum": 19.4, "burden": 84.9, "capacity": 65.9, "svi": 0.47, "top_decile_gap": 0.0, "stratum": "metropolitan", "scored": 1}, "geometry": {"type": "Polygon", "coordinates": [[[-76.5581, 39.3452], [-76.5524, 39.3376], [-76.5616, 39.3311], [-76.5674, 39.3396], [-76.5581, 39.3452]]]}}, {"type": "Feature", "properties": {"fips": "24510250205", "gap_national": 82.0, "gap_stratum": 83.4, "burden": 86.8, "capacity": 15.4, "svi": 0.91, "top_decile_gap": 1.0, "stratum": "metropolitan", "scored": 1}, "geometry": {"type": "Polygon", "coordinates": [[[-76.6498, 39.2603], [-76.6434, 39.2594], [-76.628, 39.243], [-76.6146, 39.2411], [-76.6186, 39.2374], [-76.6599, 39.2555], [-76.6498, 39.2603]]]}}, {"type": "Feature", "properties": {"fips": "24510280402", "gap_national": -9.7, "gap_stratum": -5.9, "burden": 81.8, "capacity": 88.5, "svi": 0.49, "top_decile_gap": 0.0, "stratum": "metropolitan", "scored": 1}, "geometry": {"type": "Polygon", "coordinates": [[[-76.6945, 39.3047], [-76.6896, 39.3051], [-76.686, 39.2937], [-76.6922, 39.2961], [-76.6945, 39.3047]]]}}, {"type": "Feature", "properties": {"fips": "24510271501", "gap_national": -68.9, "gap_stratum": -63.7, "burden": 27.6, "capacity": 84.4, "svi": 0.22, "top_decile_gap": 0.0, "stratum": "metropolitan", "scored": 1}, "geometry": {"type": "Polygon", "coordinates": [[[-76.649, 39.3722], [-76.6463, 39.3614], [-76.6604, 39.3552], [-76.666, 39.3576], [-76.6708, 39.3568], [-76.6713, 39.362], [-76.6782, 39.372], [-76.649, 39.3722]]]}}, {"type": "Feature", "properties": {"fips": "24510230200", "gap_national": -29.9, "gap_stratum": -32.0, "burden": 2.2, "capacity": 36.7, "svi": 0.03, "top_decile_gap": 0.0, "stratum": "metropolitan", "scored": 1}, "geometry": {"type": "Polygon", "coordinates": [[[-76.6141, 39.2726], [-76.6145, 39.279], [-76.6126, 39.2789], [-76.6116, 39.2706], [-76.616, 39.2705], [-76.6141, 39.2726]]]}}, {"type": "Feature", "properties": {"fips": "24045000100", "gap_national": 22.5, "gap_stratum": 24.6, "burden": 82.2, "capacity": 60.6, "svi": 0.91, "top_decile_gap": 0.0, "stratum": "metropolitan", "scored": 1}, "geometry": {"type": "Polygon", "coordinates": [[[-75.5878, 38.3839], [-75.5736, 38.3836], [-75.5727, 38.3791], [-75.5804, 38.3786], [-75.5799, 38.373], [-75.5753, 38.3733], [-75.5783, 38.3715], [-75.5735, 38.3711], [-75.5765, 38.3621], [-75.5794, 38.3601], [-75.5951, 38.3652], [-75.5878, 38.3839]]]}}, {"type": "Feature", "properties": {"fips": "24037876200", "gap_national": -16.9, "gap_stratum": -33.4, "burden": 40.0, "capacity": 55.0, "svi": 0.31, "top_decile_gap": 0.0, "stratum": "rural", "scored": 1}, "geometry": {"type": "Polygon", "coordinates": [[[-76.422, 38.2163], [-76.423, 38.2176], [-76.4087, 38.2206], [-76.4088, 38.2258], [-76.4051, 38.2248], [-76.3985, 38.228], [-76.388, 38.2258], [-76.3852, 38.2178], [-76.3619, 38.192], [-76.3535, 38.1781], [-76.3344, 38.1597], [-76.3201, 38.1383], [-76.3385, 38.1195], [-76.3413, 38.1193], [-76.3319, 38.0996], [-76.3298, 38.0724], [-76.3218, 38.0497], [-76.3222, 38.0379], [-76.3266, 38.0486], [-76.3302, 38.0512], [-76.3375, 38.0535], [-76.3527, 38.0532], [-76.3551, 38.0569], [-76.3612, 38.0595], [-76.3716, 38.0817], [-76.3842, 38.0919], [-76.3907, 38.0941], [-76.3923, 38.1029], [-76.4054, 38.107], [-76.4132, 38.1069], [-76.4165, 38.1045], [-76.4212, 38.106], [-76.4304, 38.1194], [-76.4302, 38.126], [-76.4376, 38.1361], [-76.4354, 38.1466], [-76.4415, 38.151], [-76.4351, 38.1549], [-76.4389, 38.1608], [-76.4465, 38.1598], [-76.4463, 38.1763], [-76.4372, 38.1926], [-76.4488, 38.1945], [-76.4538, 38.2048], [-76.422, 38.2163]]]}}, {"type": "Feature", "properties": {"fips": "24025302100", "gap_national": -40.6, "gap_stratum": -32.0, "burden": 52.1, "capacity": 84.5, "svi": 0.03, "top_decile_gap": 0.0, "stratum": "metropolitan", "scored": 1}, "geometry": {"type": "Polygon", "coordinates": [[[-76.2386, 39.6179], [-76.236, 39.6188], [-76.2287, 39.6151], [-76.2149, 39.6215], [-76.2103, 39.6167], [-76.2022, 39.6144], [-76.1985, 39.6178], [-76.1831, 39.6171], [-76.1832, 39.6214], [-76.1709, 39.6212], [-76.1682, 39.6179], [-76.1639, 39.6232], [-76.1592, 39.6234], [-76.1492, 39.6134], [-76.1468, 39.6146], [-76.148, 39.6164], [-76.1441, 39.6177], [-76.136, 39.6141], [-76.1061, 39.5805], [-76.1146, 39.577], [-76.131, 39.5756], [-76.1379, 39.5713], [-76.1495, 39.5751], [-76.1753, 39.5724], [-76.1986, 39.5784], [-76.2328, 39.5662], [-76.2287, 39.5782], [-76.2316, 39.5955], [-76.2342, 39.5992], [-76.2386, 39.5996], [-76.2372, 39.6013], [-76.2397, 39.6028], [-76.2397, 39.6068], [-76.2432, 39.6088], [-76.2386, 39.6179]]]}}, {"type": "Feature", "properties": {"fips": "24025301703", "gap_national": -25.9, "gap_stratum": -18.7, "burden": 45.8, "capacity": 65.4, "svi": 0.2, "top_decile_gap": 0.0, "stratum": "metropolitan", "scored": 1}, "geometry": {"type": "Polygon", "coordinates": [[[-76.2784, 39.4705], [-76.2621, 39.4806], [-76.2603, 39.4728], [-76.2506, 39.4647], [-76.2522, 39.462], [-76.3029, 39.437], [-76.2994, 39.4443], [-76.3102, 39.457], [-76.2784, 39.4705]]]}}, {"type": "Feature", "properties": {"fips": "24025305200", "gap_national": 20.6, "gap_stratum": 22.1, "burden": 86.5, "capacity": 64.5, "svi": 0.47, "top_decile_gap": 0.0, "stratum": "metropolitan", "scored": 1}, "geometry": {"type": "Polygon", "coordinates": [[[-76.3037, 39.6295], [-76.3036, 39.6376], [-76.2863, 39.6579], [-76.2836, 39.6669], [-76.2875, 39.6758], [-76.2832, 39.6774], [-76.2793, 39.6841], [-76.2705, 39.6863], [-76.2679, 39.6903], [-76.2621, 39.6899], [-76.2588, 39.6921], [-76.2589, 39.6867], [-76.2515, 39.6871], [-76.253, 39.6916], [-76.2466, 39.6926], [-76.2491, 39.6942], [-76.2487, 39.6969], [-76.2421, 39.6972], [-76.2428, 39.701], [-76.2374, 39.6996], [-76.2243, 39.7029], [-76.2127, 39.6864], [-76.1738, 39.6601], [-76.177, 39.6552], [-76.2051, 39.6478], [-76.2164, 39.6517], [-76.2358, 39.653], [-76.2653, 39.6386], [-76.2765, 39.63], [-76.2896, 39.6267], [-76.2988, 39.6211], [-76.299, 39.625], [-76.2937, 39.6274], [-76.2954, 39.6301], [-76.2992, 39.6304], [-76.307, 39.6223], [-76.3088, 39.6276], [-76.3037, 39.6295]]]}}, {"type": "Feature", "properties": {"fips": "24003701400", "gap_national": -40.0, "gap_stratum": -31.4, "burden": 52.7, "capacity": 84.6, "svi": 0.09, "top_decile_gap": 0.0, "stratum": "metropolitan", "scored": 1}, "geometry": {"type": "Polygon", "coordinates": [[[-76.6052, 38.8781], [-76.5968, 38.892], [-76.5812, 38.9088], [-76.5685, 38.9268], [-76.5604, 38.9253], [-76.5497, 38.915], [-76.5334, 38.9064], [-76.5272, 38.8918], [-76.5239, 38.8902], [-76.5249, 38.8869], [-76.5199, 38.8804], [-76.5206, 38.8751], [-76.5162, 38.8721], [-76.5149, 38.8665], [-76.5221, 38.8624], [-76.5385, 38.8614], [-76.5376, 38.8486], [-76.5313, 38.8501], [-76.5356, 38.8417], [-76.5446, 38.8331], [-76.555, 38.8345], [-76.5644, 38.8405], [-76.5819, 38.8315], [-76.5869, 38.8311], [-76.5857, 38.8273], [-76.6047, 38.8161], [-76.6159, 38.8297], [-76.6078, 38.8372], [-76.6071, 38.8545], [-76.6175, 38.8608], [-76.6198, 38.8656], [-76.6052, 38.8781]]]}}, {"type": "Feature", "properties": {"fips": "24003702601", "gap_national": -62.4, "gap_stratum": -56.9, "burden": 28.2, "capacity": 77.9, "svi": 0.19, "top_decile_gap": 0.0, "stratum": "metropolitan", "scored": 1}, "geometry": {"type": "Polygon", "coordinates": [[[-76.5209, 38.9454], [-76.5157, 38.9481], [-76.516, 38.9531], [-76.5136, 38.9541], [-76.5128, 38.9639], [-76.5087, 38.9576], [-76.4926, 38.9501], [-76.4936, 38.9452], [-76.4893, 38.9435], [-76.488, 38.9378], [-76.4904, 38.9398], [-76.4881, 38.9373], [-76.4858, 38.9367], [-76.4856, 38.9294], [-76.4872, 38.9256], [-76.4895, 38.9274], [-76.5062, 38.9212], [-76.5252, 38.9346], [-76.5212, 38.9385], [-76.5209, 38.9454]]]}}, {"type": "Feature", "properties": {"fips": "24003708004", "gap_national": 18.2, "gap_stratum": -0.0, "burden": 68.3, "capacity": 53.5, "svi": 0.64, "top_decile_gap": 0.0, "stratum": "rural", "scored": 1}, "geometry": {"type": "Polygon", "coordinates": [[[-76.7123, 38.7844], [-76.7021, 38.7885], [-76.7101, 38.796], [-76.7081, 38.8049], [-76.7123, 38.8129], [-76.7094, 38.8163], [-76.7018, 38.8155], [-76.697, 38.8188], [-76.6997, 38.8368], [-76.6975, 38.8448], [-76.6882, 38.8455], [-76.6869, 38.8373], [-76.6809, 38.8358], [-76.6745, 38.8285], [-76.662, 38.8205], [-76.6484, 38.8208], [-76.6331, 38.8156], [-76.6306, 38.8157], [-76.6228, 38.8259], [-76.6159, 38.8297], [-76.6047, 38.8161], [-76.5844, 38.8269], [-76.5781, 38.8173], [-76.5755, 38.7993], [-76.5723, 38.793], [-76.6202, 38.7809], [-76.6203, 38.772], [-76.6241, 38.7666], [-76.6467, 38.7689], [-76.6549, 38.7644], [-76.6661, 38.7622], [-76.6696, 38.7567], [-76.6733, 38.7554], [-76.6812, 38.7576], [-76.6853, 38.7558], [-76.6843, 38.7516], [-76.6864, 38.7485], [-76.6973, 38.7501], [-76.7009, 38.7687], [-76.7125, 38.7749], [-76.7144, 38.7808], [-76.7123, 38.7844]]]}}, {"type": "Feature", "properties": {"fips": "24025305300", "gap_national": 13.7, "gap_stratum": 17.3, "burden": 79.1, "capacity": 64.4, "svi": 0.33, "top_decile_gap": 0.0, "stratum": "metropolitan", "scored": 1}, "geometry": {"type": "Polygon", "coordinates": [[[-76.2896, 39.6267], [-76.2765, 39.63], [-76.2653, 39.6386], [-76.2358, 39.653], [-76.2164, 39.6517], [-76.2051, 39.6478], [-76.177, 39.6552], [-76.1738, 39.6601], [-76.1618, 39.6496], [-76.1475, 39.6194], [-76.1441, 39.6177], [-76.148, 39.6164], [-76.1468, 39.6146], [-76.1492, 39.6134], [-76.1559, 39.6211], [-76.1621, 39.6237], [-76.1682, 39.6179], [-76.1709, 39.6212], [-76.1832, 39.6214], [-76.1831, 39.6171], [-76.1985, 39.6178], [-76.2022, 39.6144], [-76.2103, 39.6167], [-76.2149, 39.6215], [-76.2287, 39.6151], [-76.236, 39.6188], [-76.2386, 39.6179], [-76.2432, 39.6088], [-76.249, 39.6052], [-76.2513, 39.5989], [-76.2633, 39.6014], [-76.267, 39.5981], [-76.2747, 39.6069], [-76.2745, 39.6133], [-76.2805, 39.615], [-76.2898, 39.6127], [-76.2988, 39.6211], [-76.2896, 39.6267]]]}}, {"type": "Feature", "properties": {"fips": "24027602304", "gap_national": -76.6, "gap_stratum": -72.5, "burden": 23.7, "capacity": 89.1, "svi": 0.12, "top_decile_gap": 0.0, "stratum": "metropolitan", "scored": 1}, "geometry": {"type": "Polygon", "coordinates": [[[-76.8672, 39.253], [-76.8621, 39.2646], [-76.8651, 39.2724], [-76.8602, 39.2795], [-76.8533, 39.279], [-76.8474, 39.2504], [-76.8438, 39.2479], [-76.8472, 39.2395], [-76.8685, 39.2357], [-76.8672, 39.253]]]}}, {"type": "Feature", "properties": {"fips": "24027602305", "gap_national": -69.5, "gap_stratum": -63.7, "burden": 32.5, "capacity": 96.0, "svi": 0.13, "top_decile_gap": 0.0, "stratum": "metropolitan", "scored": 1}, "geometry": {"type": "Polygon", "coordinates": [[[-76.8406, 39.2781], [-76.8416, 39.2738], [-76.8362, 39.2676], [-76.8375, 39.2629], [-76.8342, 39.2587], [-76.8337, 39.2531], [-76.8368, 39.247], [-76.8458, 39.2455], [-76.8438, 39.2479], [-76.8474, 39.2504], [-76.8533, 39.279], [-76.8406, 39.2781]]]}}, {"type": "Feature", "properties": {"fips": "24003750801", "gap_national": -37.5, "gap_stratum": -31.8, "burden": 35.8, "capacity": 65.4, "svi": 0.24, "top_decile_gap": 0.0, "stratum": "metropolitan", "scored": 1}, "geometry": {"type": "Polygon", "coordinates": [[[-76.646, 39.1981], [-76.6362, 39.1968], [-76.6322, 39.1984], [-76.6334, 39.1811], [-76.6364, 39.1762], [-76.6314, 39.1703], [-76.6464, 39.1648], [-76.6458, 39.1704], [-76.6524, 39.1836], [-76.655, 39.195], [-76.646, 39.1981]]]}}, {"type": "Feature", "properties": {"fips": "24031704000", "gap_national": -35.6, "gap_stratum": -34.1, "burden": 22.5, "capacity": 54.0, "svi": 0.73, "top_decile_gap": 0.0, "stratum": "metropolitan", "scored": 1}, "geometry": {"type": "Polygon", "coordinates": [[[-77.0604, 39.0296], [-77.0477, 39.0301], [-77.0419, 39.0135], [-77.0323, 39.0149], [-77.0354, 39.0134], [-77.0422, 39.0133], [-77.0548, 39.0137], [-77.0606, 39.0205], [-77.0604, 39.0296]]]}}, {"type": "Feature", "properties": {"fips": "24031704300", "gap_national": -73.7, "gap_stratum": -72.5, "burden": 10.1, "capacity": 71.3, "svi": 0.08, "top_decile_gap": 0.0, "stratum": "metropolitan", "scored": 1}, "geometry": {"type": "Polygon", "coordinates": [[[-77.0986, 39.0257], [-77.0958, 39.0249], [-77.0889, 39.0284], [-77.0858, 39.0332], [-77.078, 39.0297], [-77.0911, 39.0117], [-77.1016, 39.0223], [-77.0986, 39.0257]]]}}, {"type": "Feature", "properties": {"fips": "24031703702", "gap_national": 1.0, "gap_stratum": 4.5, "burden": 31.4, "capacity": 34.2, "svi": 0.48, "top_decile_gap": 0.0, "stratum": "metropolitan", "scored": 1}, "geometry": {"type": "Polygon", "coordinates": [[[-77.0564, 39.0547], [-77.05, 39.0581], [-77.052, 39.0431], [-77.0581, 39.0413], [-77.0651, 39.045], [-77.0564, 39.0547]]]}}, {"type": "Feature", "properties": {"fips": "24031702200", "gap_national": -53.0, "gap_stratum": -51.8, "burden": 16.9, "capacity": 61.2, "svi": 0.26, "top_decile_gap": 0.0, "stratum": "metropolitan", "scored": 1}, "geometry": {"type": "Polygon", "coordinates": [[[-77.0165, 39.0158], [-77.0049, 39.0152], [-76.9988, 39.0089], [-76.9953, 38.9996], [-76.9982, 38.9989], [-76.9998, 39.0049], [-77.0064, 39.0027], [-77.0095, 39.0101], [-77.018, 39.0091], [-77.0165, 39.0158]]]}}, {"type": "Feature", "properties": {"fips": "24031703209", "gap_national": -25.1, "gap_stratum": -23.3, "burden": 25.4, "capacity": 49.0, "svi": 0.81, "top_decile_gap": 0.0, "stratum": "metropolitan", "scored": 1}, "geometry": {"type": "Polygon", "coordinates": [[[-77.0327, 39.0463], [-77.0256, 39.0361], [-77.0382, 39.0365], [-77.0482, 39.0414], [-77.0479, 39.0433], [-77.052, 39.0431], [-77.052, 39.0471], [-77.0327, 39.0463]]]}}, {"type": "Feature", "properties": {"fips": "24031705100", "gap_national": -78.8, "gap_stratum": -75.3, "burden": 20.2, "capacity": 86.3, "svi": 0.13, "top_decile_gap": 0.0, "stratum": "metropolitan", "scored": 1}, "geometry": {"type": "Polygon", "coordinates": [[[-77.0773, 39.0091], [-77.069, 39.0071], [-77.0639, 39.0113], [-77.0588, 39.0034], [-77.0622, 39.0005], [-77.0621, 38.9929], [-77.069, 38.9911], [-77.0727, 38.9852], [-77.0718, 38.9766], [-77.0773, 38.9767], [-77.0769, 38.9998], [-77.0792, 39.0069], [-77.0773, 39.0091]]]}}, {"type": "Feature", "properties": {"fips": "24031703302", "gap_national": 23.1, "gap_stratum": 29.0, "burden": 42.7, "capacity": 25.9, "svi": 0.67, "top_decile_gap": 0.0, "stratum": "metropolitan", "scored": 1}, "geometry": {"type": "Polygon", "coordinates": [[[-77.0887, 39.0661], [-77.0871, 39.0792], [-77.0747, 39.0805], [-77.0705, 39.0774], [-77.0771, 39.07], [-77.0876, 39.0653], [-77.0876, 39.0606], [-77.0919, 39.0616], [-77.0887, 39.0661]]]}}, {"type": "Feature", "properties": {"fips": "24031703401", "gap_national": 9.3, "gap_stratum": 13.8, "burden": 35.7, "capacity": 31.2, "svi": 0.61, "top_decile_gap": 0.0, "stratum": "metropolitan", "scored": 1}, "geometry": {"type": "Polygon", "coordinates": [[[-77.0876, 39.0653], [-77.0764, 39.0709], [-77.0731, 39.061], [-77.0748, 39.0515], [-77.0891, 39.0599], [-77.0876, 39.0653]]]}}, {"type": "Feature", "properties": {"fips": "24031703100", "gap_national": -17.4, "gap_stratum": -13.8, "burden": 33.6, "capacity": 50.2, "svi": 0.35, "top_decile_gap": 0.0, "stratum": "metropolitan", "scored": 1}, "geometry": {"type": "Polygon", "coordinates": [[[-77.0243, 39.0345], [-77.0202, 39.0263], [-77.0138, 39.0285], [-77.0108, 39.026], [-77.0143, 39.0186], [-77.0305, 39.022], [-77.0289, 39.0281], [-77.031, 39.0366], [-77.0243, 39.0345]]]}}, {"type": "Feature", "properties": {"fips": "24031700103", "gap_national": -61.3, "gap_stratum": -57.1, "burden": 23.9, "capacity": 72.8, "svi": 0.17, "top_decile_gap": 0.0, "stratum": "metropolitan", "scored": 1}, "geometry": {"type": "Polygon", "coordinates": [[[-77.1627, 39.2897], [-77.1447, 39.2947], [-77.1379, 39.2881], [-77.14, 39.2831], [-77.1345, 39.2768], [-77.1334, 39.2704], [-77.1167, 39.2675], [-77.1108, 39.2641], [-77.1036, 39.266], [-77.0821, 39.26], [-77.0664, 39.2516], [-77.0622, 39.2473], [-77.0617, 39.2414], [-77.0559, 39.2383], [-77.0627, 39.2094], [-77.0904, 39.2137], [-77.0982, 39.2015], [-77.1015, 39.1911], [-77.1008, 39.1849], [-77.1123, 39.1839], [-77.1167, 39.1801], [-77.1179, 39.1659], [-77.1296, 39.1583], [-77.131, 39.1546], [-77.1395, 39.1523], [-77.144, 39.1456], [-77.1604, 39.159], [-77.1507, 39.1783], [-77.1531, 39.195], [-77.1442, 39.1975], [-77.1403, 39.2031], [-77.1426, 39.2121], [-77.1437, 39.2548], [-77.1556, 39.2741], [-77.1736, 39.2818], [-77.1627, 39.2897]]]}}, {"type": "Feature", "properties": {"fips": "24031700834", "gap_national": 11.1, "gap_stratum": 16.1, "burden": 40.0, "capacity": 34.1, "svi": 0.73, "top_decile_gap": 0.0, "stratum": "metropolitan", "scored": 1}, "geometry": {"type": "Polygon", "coordinates": [[[-77.2195, 39.1898], [-77.2154, 39.1873], [-77.2181, 39.1856], [-77.2209, 39.1872], [-77.2223, 39.1849], [-77.2275, 39.1877], [-77.2386, 39.1799], [-77.2425, 39.1921], [-77.2195, 39.1898]]]}}, {"type": "Feature", "properties": {"fips": "24031704404", "gap_national": -76.8, "gap_stratum": -73.9, "burden": 17.0, "capacity": 79.8, "svi": 0.33, "top_decile_gap": 0.0, "stratum": "metropolitan", "scored": 1}, "geometry": {"type": "Polygon", "coordinates": [[[-77.1088, 39.0181], [-77.1061, 39.0143], [-77.0949, 39.0161], [-77.0848, 39.0074], [-77.0832, 39.0086], [-77.0783, 39.0056], [-77.0875, 39.0077], [-77.0904, 39.0052], [-77.1107, 39.0045], [-77.1191, 39.0157], [-77.1088, 39.0181]]]}}, {"type": "Feature", "properties": {"fips": "24041960900", "gap_national": -25.9, "gap_stratum": -51.1, "burden": 66.6, "capacity": 87.6, "svi": 0.52, "top_decile_gap": 0.0, "stratum": "micropolitan", "scored": 1}, "geometry": {"type": "Polygon", "coordinates": [[[-76.1325, 38.7128], [-76.1246, 38.7141], [-76.1061, 38.7095], [-76.0963, 38.7147], [-76.0816, 38.7104], [-76.0672, 38.7116], [-76.0608, 38.7097], [-76.0536, 38.714], [-76.0403, 38.7029], [-76.0302, 38.7057], [-76.0334, 38.7104], [-76.0293, 38.7141], [-76.0104, 38.7164], [-76.0075, 38.721], [-75.9942, 38.7092], [-75.993, 38.6967], [-75.9768, 38.6978], [-75.9704, 38.6831], [-75.9452, 38.6741], [-75.9556, 38.6635], [-75.9553, 38.6535], [-75.9579, 38.648], [-75.9835, 38.6251], [-75.9809, 38.6101], [-75.9906, 38.5933], [-76.0058, 38.5876], [-76.0234, 38.5739], [-76.0285, 38.5723], [-76.0316, 38.5813], [-76.0529, 38.5941], [-76.0534, 38.6038], [-76.0837, 38.6166], [-76.0831, 38.6235], [-76.0885, 38.6259], [-76.1063, 38.623], [-76.1092, 38.6201], [-76.1108, 38.6127], [-76.1131, 38.6153], [-76.1134, 38.6213], [-76.131, 38.6379], [-76.1472, 38.6368], [-76.1556, 38.6581], [-76.1773, 38.676], [-76.1726, 38.6818], [-76.173, 38.6874], [-76.1775, 38.6937], [-76.1325, 38.7128]]]}}, {"type": "Feature", "properties": {"fips": "24043010100", "gap_national": -1.1, "gap_stratum": -28.1, "burden": 55.6, "capacity": 56.5, "svi": 0.2, "top_decile_gap": 0.0, "stratum": "micropolitan", "scored": 1}, "geometry": {"type": "Polygon", "coordinates": [[[-77.5273, 39.6683], [-77.519, 39.6722], [-77.507, 39.6901], [-77.5089, 39.688], [-77.5119, 39.6899], [-77.5066, 39.6964], [-77.5125, 39.7005], [-77.5121, 39.7047], [-77.5068, 39.7066], [-77.5021, 39.7169], [-77.5066, 39.7201], [-77.4691, 39.72], [-77.4744, 39.7132], [-77.4862, 39.7046], [-77.4935, 39.6926], [-77.5032, 39.6892], [-77.5084, 39.6841], [-77.4962, 39.682], [-77.503, 39.6731], [-77.517, 39.6633], [-77.5311, 39.6634], [-77.5273, 39.6683]]]}}, {"type": "Feature", "properties": {"fips": "24023000700", "gap_national": 18.1, "gap_stratum": 0.0, "burden": 81.9, "capacity": 63.4, "svi": 0.78, "top_decile_gap": 0.0, "stratum": "small_town", "scored": 1}, "geometry": {"type": "Polygon", "coordinates": [[[-79.4787, 39.2814], [-79.4512, 39.3116], [-79.4506, 39.318], [-79.4577, 39.3303], [-79.451, 39.3382], [-79.4347, 39.3478], [-79.4201, 39.363], [-79.4136, 39.3766], [-79.3912, 39.4032], [-79.3892, 39.4075], [-79.3977, 39.4105], [-79.3964, 39.413], [-79.3899, 39.4173], [-79.3831, 39.4176], [-79.3788, 39.4215], [-79.371, 39.4201], [-79.3625, 39.43], [-79.3572, 39.4319], [-79.3351, 39.4218], [-79.3324, 39.4182], [-79.3348, 39.4136], [-79.3274, 39.404], [-79.3123, 39.4097], [-79.3107, 39.4122], [-79.3056, 39.4067], [-79.3001, 39.4074], [-79.2973, 39.3969], [-79.304, 39.3897], [-79.3038, 39.3855], [-79.2957, 39.3811], [-79.2972, 39.3682], [-79.295, 39.362], [-79.3226, 39.3432], [-79.3138, 39.3419], [-79.3122, 39.338], [-79.31, 39.3379], [-79.3104, 39.3211], [-79.307, 39.3157], [-79.3116, 39.3122], [-79.3128, 39.3036], [-79.317, 39.304], [-79.3218, 39.2999], [-79.3324, 39.2999], [-79.34, 39.2938], [-79.346, 39.294], [-79.347, 39.2906], [-79.3438, 39.2861], [-79.351, 39.2852], [-79.3537, 39.278], [-79.3762, 39.2732], [-79.3819, 39.2669], [-79.3878, 39.2675], [-79.3874, 39.2635], [-79.3929, 39.2618], [-79.3957, 39.2564], [-79.3994, 39.2552], [-79.4002, 39.2509], [-79.4034, 39.2506], [-79.4121, 39.2405], [-79.4203, 39.2389], [-79.4205, 39.2357], [-79.4251, 39.2337], [-79.4256, 39.2257], [-79.4326, 39.2241], [-79.4398, 39.2171], [-79.4505, 39.214], [-79.4546, 39.2102], [-79.4611, 39.2114], [-79.4655, 39.2094], [-79.4732, 39.2021], [-79.4869, 39.206], [-79.4868, 39.2758], [-79.4787, 39.2814]]]}}, {"type": "Feature", "properties": {"fips": "24013501002", "gap_national": 0.8, "gap_stratum": -30.2, "burden": 75.5, "capacity": 70.8, "svi": 0.27, "top_decile_gap": 0.0, "stratum": "small_town", "scored": 1}, "geometry": {"type": "Polygon", "coordinates": [[[-77.2622, 39.6652], [-77.2558, 39.6632], [-77.2542, 39.6678], [-77.2432, 39.6699], [-77.2345, 39.6776], [-77.236, 39.6852], [-77.244, 39.6909], [-77.243, 39.695], [-77.226, 39.6938], [-77.2163, 39.6974], [-77.2162, 39.7014], [-77.2266, 39.7066], [-77.2257, 39.7098], [-77.2154, 39.713], [-77.2146, 39.7169], [-77.217, 39.72], [-77.1075, 39.7201], [-77.1144, 39.7123], [-77.1204, 39.7121], [-77.1296, 39.7016], [-77.1424, 39.6947], [-77.1615, 39.671], [-77.1763, 39.6597], [-77.1385, 39.6404], [-77.1419, 39.6313], [-77.1457, 39.6302], [-77.1413, 39.6255], [-77.1491, 39.6208], [-77.1484, 39.6177], [-77.1637, 39.6197], [-77.1725, 39.617], [-77.1748, 39.6136], [-77.1946, 39.6312], [-77.2399, 39.6423], [-77.2429, 39.6436], [-77.2419, 39.6506], [-77.244, 39.6529], [-77.2486, 39.6539], [-77.2546, 39.6509], [-77.2578, 39.6526], [-77.2534, 39.6584], [-77.263, 39.6553], [-77.2654, 39.6562], [-77.2664, 39.662], [-77.2622, 39.6652]]]}}, {"type": "Feature", "properties": {"fips": "24013503000", "gap_national": 5.0, "gap_stratum": -17.7, "burden": 66.9, "capacity": 61.1, "svi": 0.04, "top_decile_gap": 0.0, "stratum": "micropolitan", "scored": 1}, "geometry": {"type": "Polygon", "coordinates": [[[-77.1204, 39.7121], [-77.1144, 39.7123], [-77.1075, 39.7201], [-76.9579, 39.7203], [-76.9554, 39.7052], [-76.9628, 39.7003], [-76.961, 39.6936], [-76.9637, 39.6885], [-76.963, 39.6701], [-76.9598, 39.6584], [-76.9634, 39.6587], [-77.0061, 39.6377], [-77.039, 39.6468], [-77.0467, 39.6439], [-77.0613, 39.6467], [-77.0674, 39.6507], [-77.0765, 39.651], [-77.1077, 39.6701], [-77.1111, 39.6854], [-77.1284, 39.7026], [-77.1204, 39.7121]]]}}, {"type": "Feature", "properties": {"fips": "24013507802", "gap_national": -27.0, "gap_stratum": -58.3, "burden": 49.7, "capacity": 69.3, "svi": 0.37, "top_decile_gap": 0.0, "stratum": "micropolitan", "scored": 1}, "geometry": {"type": "Polygon", "coordinates": [[[-77.0262, 39.5274], [-77.0185, 39.5426], [-77.0117, 39.5429], [-76.9945, 39.5376], [-76.9867, 39.5595], [-76.9872, 39.5666], [-76.9578, 39.552], [-76.9731, 39.5335], [-76.9936, 39.5227], [-77.0021, 39.5118], [-77.0034, 39.5064], [-76.9984, 39.4936], [-77.0053, 39.4863], [-77.0038, 39.4806], [-77.0063, 39.4802], [-77.012, 39.4852], [-77.0126, 39.4896], [-77.0062, 39.4949], [-77.0077, 39.4969], [-77.0305, 39.506], [-77.0385, 39.5166], [-77.0262, 39.5274]]]}}, {"type": "Feature", "properties": {"fips": "24013506102", "gap_national": -26.4, "gap_stratum": -19.4, "burden": 44.9, "capacity": 65.0, "svi": 0.04, "top_decile_gap": 0.0, "stratum": "metropolitan", "scored": 1}, "geometry": {"type": "Polygon", "coordinates": [[[-76.9408, 39.6398], [-76.9364, 39.6484], [-76.9292, 39.6543], [-76.9269, 39.6495], [-76.9232, 39.6501], [-76.9188, 39.6425], [-76.9158, 39.6419], [-76.8936, 39.653], [-76.8848, 39.6613], [-76.8774, 39.6477], [-76.8687, 39.6401], [-76.9118, 39.6132], [-76.9332, 39.5937], [-76.9355, 39.598], [-76.9452, 39.6025], [-76.9641, 39.6234], [-76.9711, 39.6263], [-76.9408, 39.6398]]]}}, {"type": "Feature", "properties": {"fips": "24013514202", "gap_national": -34.9, "gap_stratum": -27.4, "burden": 43.4, "capacity": 69.7, "svi": 0.02, "top_decile_gap": 0.0, "stratum": "metropolitan", "scored": 1}, "geometry": {"type": "Polygon", "coordinates": [[[-77.0167, 39.4066], [-77.0126, 39.4108], [-77.0061, 39.4316], [-76.9953, 39.4223], [-76.9726, 39.4108], [-76.986, 39.3779], [-76.9949, 39.3658], [-76.9922, 39.3598], [-76.9976, 39.355], [-77.0157, 39.3526], [-77.0182, 39.3674], [-77.0156, 39.3715], [-77.0192, 39.387], [-77.0167, 39.4066]]]}}, {"type": "Feature", "properties": {"fips": "24015030501", "gap_national": -8.8, "gap_stratum": -1.6, "burden": 58.6, "capacity": 63.8, "svi": 0.22, "top_decile_gap": 0.0, "stratum": "metropolitan", "scored": 1}, "geometry": {"type": "Polygon", "coordinates": [[[-75.9354, 39.6506], [-75.9341, 39.6553], [-75.9315, 39.6563], [-75.9323, 39.6611], [-75.9116, 39.6714], [-75.8726, 39.6807], [-75.8758, 39.6836], [-75.8762, 39.6904], [-75.8669, 39.6924], [-75.8611, 39.685], [-75.8532, 39.6633], [-75.8394, 39.6668], [-75.8365, 39.6633], [-75.8222, 39.6573], [-75.823, 39.6503], [-75.82, 39.6478], [-75.8225, 39.6428], [-75.8421, 39.6466], [-75.8667, 39.6419], [-75.8838, 39.6444], [-75.9082, 39.6414], [-75.9226, 39.6458], [-75.9325, 39.6438], [-75.9355, 39.6448], [-75.938, 39.6506], [-75.9354, 39.6506]]]}}, {"type": "Feature", "properties": {"fips": "24015030700", "gap_national": -19.8, "gap_stratum": -11.7, "burden": 56.0, "capacity": 69.4, "svi": 0.39, "top_decile_gap": 0.0, "stratum": "metropolitan", "scored": 1}, "geometry": {"type": "Polygon", "coordinates": [[[-76.0176, 39.6907], [-76.0126, 39.6989], [-76.0112, 39.7038], [-76.0251, 39.7026], [-76.0277, 39.7218], [-75.937, 39.7217], [-75.9331, 39.7028], [-75.9258, 39.6881], [-75.9052, 39.6726], [-75.9422, 39.658], [-75.9534, 39.6514], [-75.9579, 39.6467], [-75.9585, 39.6407], [-75.9628, 39.6419], [-75.9792, 39.6554], [-75.9901, 39.6561], [-76.0147, 39.6636], [-76.0183, 39.6698], [-76.0378, 39.6827], [-76.0391, 39.688], [-76.0176, 39.6907]]]}}, {"type": "Feature", "properties": {"fips": "24017851001", "gap_national": -35.3, "gap_stratum": -67.5, "burden": 55.0, "capacity": 82.2, "svi": 0.36, "top_decile_gap": 0.0, "stratum": "micropolitan", "scored": 1}, "geometry": {"type": "Polygon", "coordinates": [[[-77.0133, 38.5214], [-77.0116, 38.5323], [-77.0143, 38.5368], [-77.0149, 38.5495], [-77.0058, 38.5567], [-77.0058, 38.5648], [-76.9974, 38.568], [-76.9838, 38.566], [-76.9866, 38.5586], [-76.9819, 38.521], [-76.9847, 38.5047], [-76.9947, 38.5032], [-77.0123, 38.5088], [-77.0202, 38.5065], [-77.0133, 38.5214]]]}}, {"type": "Feature", "properties": {"fips": "24019970200", "gap_national": 23.0, "gap_stratum": 20.8, "burden": 86.7, "capacity": 63.1, "svi": 0.66, "top_decile_gap": 0.0, "stratum": "rural", "scored": 1}, "geometry": {"type": "Polygon", "coordinates": [[[-75.9563, 38.6504], [-75.9556, 38.6635], [-75.949, 38.6718], [-75.9378, 38.6765], [-75.9369, 38.6801], [-75.9337, 38.6808], [-75.9298, 38.676], [-75.9267, 38.68], [-75.9224, 38.6785], [-75.9227, 38.682], [-75.9176, 38.6801], [-75.9174, 38.6839], [-75.9145, 38.6839], [-75.913, 38.6891], [-75.9109, 38.6867], [-75.9049, 38.6876], [-75.8971, 38.7013], [-75.889, 38.6955], [-75.8783, 38.6935], [-75.8705, 38.6943], [-75.8581, 38.7012], [-75.8404, 38.7042], [-75.8161, 38.6983], [-75.8025, 38.6977], [-75.8003, 38.696], [-75.7984, 38.6763], [-75.7799, 38.6765], [-75.775, 38.6787], [-75.7731, 38.6733], [-75.7791, 38.6703], [-75.7822, 38.6613], [-75.7888, 38.6596], [-75.7962, 38.6612], [-75.8134, 38.648], [-75.8106, 38.6444], [-75.8114, 38.6377], [-75.8189, 38.6308], [-75.8232, 38.6044], [-75.814, 38.5991], [-75.8265, 38.595], [-75.8359, 38.5762], [-75.8793, 38.5911], [-75.8788, 38.5934], [-75.8963, 38.6143], [-75.8997, 38.6217], [-75.9037, 38.6214], [-75.9123, 38.6271], [-75.9288, 38.6328], [-75.9407, 38.6303], [-75.9589, 38.6325], [-75.9705, 38.637], [-75.9563, 38.6504]]]}}, {"type": "Feature", "properties": {"fips": "24021751906", "gap_national": -51.9, "gap_stratum": -45.1, "burden": 35.7, "capacity": 76.2, "svi": 0.01, "top_decile_gap": 0.0, "stratum": "metropolitan", "scored": 1}, "geometry": {"type": "Polygon", "coordinates": [[[-77.3044, 39.3947], [-77.3067, 39.3975], [-77.3055, 39.4025], [-77.3014, 39.4034], [-77.296, 39.4093], [-77.2901, 39.4064], [-77.2867, 39.3837], [-77.3084, 39.3877], [-77.3044, 39.3947]]]}}, {"type": "Feature", "properties": {"fips": "24021752206", "gap_national": -61.0, "gap_stratum": -59.8, "burden": 14.3, "capacity": 64.9, "svi": 0.12, "top_decile_gap": 0.0, "stratum": "metropolitan", "scored": 1}, "geometry": {"type": "Polygon", "coordinates": [[[-77.386, 39.3713], [-77.3739, 39.3668], [-77.3621, 39.3556], [-77.3522, 39.3545], [-77.3496, 39.3494], [-77.3506, 39.3405], [-77.3444, 39.3274], [-77.3305, 39.3147], [-77.3339, 39.2959], [-77.3406, 39.3049], [-77.3501, 39.3119], [-77.3554, 39.3227], [-77.3679, 39.3268], [-77.3836, 39.3402], [-77.3919, 39.3498], [-77.3996, 39.3642], [-77.386, 39.3713]]]}}, {"type": "Feature", "properties": {"fips": "24005407002", "gap_national": -46.0, "gap_stratum": -38.1, "burden": 42.2, "capacity": 77.9, "svi": 0.07, "top_decile_gap": 0.0, "stratum": "metropolitan", "scored": 1}, "geometry": {"type": "Polygon", "coordinates": [[[-76.6977, 39.7211], [-76.5694, 39.7212], [-76.5658, 39.6255], [-76.5821, 39.6344], [-76.5961, 39.6261], [-76.6183, 39.624], [-76.6178, 39.6207], [-76.6229, 39.6142], [-76.6257, 39.6175], [-76.6302, 39.6177], [-76.6297, 39.6215], [-76.6346, 39.6265], [-76.6393, 39.6273], [-76.6581, 39.6231], [-76.6567, 39.6193], [-76.6614, 39.6132], [-76.6722, 39.6325], [-76.6625, 39.6542], [-76.6648, 39.6603], [-76.6687, 39.6577], [-76.6754, 39.6601], [-76.6709, 39.6644], [-76.675, 39.673], [-76.667, 39.6761], [-76.6659, 39.684], [-76.6712, 39.6877], [-76.668, 39.6886], [-76.6671, 39.6928], [-76.6775, 39.6987], [-76.6763, 39.7022], [-76.6835, 39.7053], [-76.6895, 39.7104], [-76.6901, 39.7141], [-76.6988, 39.7184], [-76.6977, 39.7211]]]}}, {"type": "Feature", "properties": {"fips": "24031700838", "gap_national": -36.4, "gap_stratum": -38.6, "burden": 4.9, "capacity": 43.0, "svi": 0.42, "top_decile_gap": 0.0, "stratum": "metropolitan", "scored": 1}, "geometry": {"type": "Polygon", "coordinates": [[[-77.2063, 39.1032], [-77.2123, 39.1085], [-77.2105, 39.1123], [-77.1952, 39.107], [-77.1918, 39.111], [-77.1883, 39.1095], [-77.1967, 39.0931], [-77.2134, 39.1005], [-77.2063, 39.1032]]]}}, {"type": "Feature", "properties": {"fips": "24031700732", "gap_national": 36.5, "gap_stratum": 43.2, "burden": 53.6, "capacity": 25.0, "svi": 0.76, "top_decile_gap": 0.0, "stratum": "metropolitan", "scored": 1}, "geometry": {"type": "Polygon", "coordinates": [[[-77.2017, 39.1351], [-77.2033, 39.1336], [-77.1986, 39.1276], [-77.1888, 39.1322], [-77.1784, 39.1232], [-77.1829, 39.1207], [-77.1918, 39.1232], [-77.1983, 39.1218], [-77.2065, 39.1316], [-77.2057, 39.1348], [-77.2017, 39.1351]]]}}, {"type": "Feature", "properties": {"fips": "24031701222", "gap_national": -77.6, "gap_stratum": -74.3, "burden": 19.0, "capacity": 83.0, "svi": 0.16, "top_decile_gap": 0.0, "stratum": "metropolitan", "scored": 1}, "geometry": {"type": "Polygon", "coordinates": [[[-77.1205, 39.0448], [-77.1153, 39.0451], [-77.1119, 39.0447], [-77.109, 39.0388], [-77.1096, 39.0366], [-77.1214, 39.0331], [-77.1249, 39.0345], [-77.1205, 39.0448]]]}}, {"type": "Feature", "properties": {"fips": "24031700318", "gap_national": -53.1, "gap_stratum": -53.9, "burden": 9.6, "capacity": 56.9, "svi": 0.29, "top_decile_gap": 0.0, "stratum": "metropolitan", "scored": 1}, "geometry": {"type": "Polygon", "coordinates": [[[-77.2746, 39.2834], [-77.2652, 39.2906], [-77.2601, 39.2838], [-77.248, 39.2805], [-77.251, 39.27], [-77.2355, 39.2688], [-77.236, 39.2657], [-77.2429, 39.2626], [-77.2542, 39.2515], [-77.2712, 39.2397], [-77.2779, 39.2375], [-77.2812, 39.2402], [-77.275, 39.2549], [-77.282, 39.2629], [-77.2746, 39.2834]]]}}, {"type": "Feature", "properties": {"fips": "24031700316", "gap_national": -35.9, "gap_stratum": -36.0, "burden": 16.6, "capacity": 49.7, "svi": 0.36, "top_decile_gap": 0.0, "stratum": "metropolitan", "scored": 1}, "geometry": {"type": "Polygon", "coordinates": [[[-77.2719, 39.2394], [-77.2627, 39.2327], [-77.2582, 39.2263], [-77.2596, 39.2215], [-77.2707, 39.2147], [-77.2708, 39.2076], [-77.2733, 39.2066], [-77.2758, 39.21], [-77.2851, 39.2318], [-77.2719, 39.2394]]]}}, {"type": "Feature", "properties": {"fips": "24031701425", "gap_national": -39.4, "gap_stratum": -31.0, "burden": 56.4, "capacity": 90.2, "svi": 0.83, "top_decile_gap": 0.0, "stratum": "metropolitan", "scored": 1}, "geometry": {"type": "Polygon", "coordinates": [[[-76.9627, 39.0626], [-76.9522, 39.0586], [-76.9508, 39.0526], [-76.9474, 39.051], [-76.9621, 39.0312], [-76.9683, 39.038], [-76.9682, 39.0431], [-76.9724, 39.0429], [-76.9737, 39.0475], [-76.9794, 39.0511], [-76.9627, 39.0626]]]}}, {"type": "Feature", "properties": {"fips": "24027601206", "gap_national": -58.9, "gap_stratum": -56.7, "burden": 18.0, "capacity": 66.1, "svi": 0.09, "top_decile_gap": 0.0, "stratum": "metropolitan", "scored": 1}, "geometry": {"type": "Polygon", "coordinates": [[[-76.7189, 39.2136], [-76.7061, 39.2181], [-76.7004, 39.213], [-76.6968, 39.2136], [-76.7033, 39.2107], [-76.708, 39.2034], [-76.7122, 39.2019], [-76.7135, 39.1932], [-76.7199, 39.1899], [-76.7276, 39.1959], [-76.7325, 39.1967], [-76.7364, 39.2006], [-76.7189, 39.2136]]]}}, {"type": "Feature", "properties": {"fips": "24027604004", "gap_national": -78.2, "gap_stratum": -74.8, "burden": 19.5, "capacity": 84.5, "svi": 0.03, "top_decile_gap": 0.0, "stratum": "metropolitan", "scored": 1}, "geometry": {"type": "Polygon", "coordinates": [[[-77.1078, 39.2751], [-77.0979, 39.2799], [-77.0982, 39.2823], [-77.0936, 39.2869], [-77.08, 39.2934], [-77.066, 39.2945], [-77.0526, 39.2905], [-77.0374, 39.2956], [-77.0246, 39.2945], [-77.0309, 39.2815], [-77.0165, 39.2838], [-77.0056, 39.2806], [-77.0006, 39.2758], [-76.9985, 39.2629], [-77.0099, 39.2599], [-77.017, 39.2553], [-77.0295, 39.2403], [-77.0375, 39.2379], [-77.041, 39.2342], [-77.0448, 39.2377], [-77.0598, 39.2402], [-77.0622, 39.2473], [-77.0664, 39.2516], [-77.0821, 39.26], [-77.1036, 39.266], [-77.1108, 39.2641], [-77.115, 39.2652], [-77.1078, 39.2751]]]}}, {"type": "Feature", "properties": {"fips": "24033800217", "gap_national": -9.9, "gap_stratum": -4.6, "burden": 43.8, "capacity": 53.2, "svi": 0.52, "top_decile_gap": 0.0, "stratum": "metropolitan", "scored": 1}, "geometry": {"type": "Polygon", "coordinates": [[[-76.8488, 39.0583], [-76.8476, 39.0677], [-76.8418, 39.069], [-76.8386, 39.0587], [-76.8503, 39.0371], [-76.8536, 39.0469], [-76.8616, 39.0495], [-76.8488, 39.0583]]]}}, {"type": "Feature", "properties": {"fips": "24033800609", "gap_national": -8.9, "gap_stratum": -1.6, "burden": 65.1, "capacity": 69.2, "svi": 0.39, "top_decile_gap": 0.0, "stratum": "metropolitan", "scored": 1}, "geometry": {"type": "Polygon", "coordinates": [[[-76.7277, 38.841], [-76.7232, 38.8659], [-76.7052, 38.8642], [-76.6997, 38.861], [-76.6978, 38.8564], [-76.6912, 38.8544], [-76.6996, 38.8383], [-76.6964, 38.8227], [-76.6978, 38.8179], [-76.7038, 38.8151], [-76.7094, 38.8163], [-76.7122, 38.8109], [-76.7384, 38.8138], [-76.7277, 38.841]]]}}, {"type": "Feature", "properties": {"fips": "24033801709", "gap_national": 46.4, "gap_stratum": 48.1, "burden": 79.2, "capacity": 42.0, "svi": 0.88, "top_decile_gap": 0.0, "stratum": "metropolitan", "scored": 1}, "geometry": {"type": "Polygon", "coordinates": [[[-76.9775, 38.8171], [-76.964, 38.8172], [-76.9689, 38.8224], [-76.9676, 38.8279], [-76.9631, 38.8262], [-76.9509, 38.8279], [-76.9488, 38.8173], [-76.9705, 38.8088], [-76.9686, 38.8111], [-76.9737, 38.8111], [-76.9745, 38.8142], [-76.986, 38.8171], [-76.988, 38.8205], [-76.9775, 38.8171]]]}}, {"type": "Feature", "properties": {"fips": "24005400600", "gap_national": -40.8, "gap_stratum": -36.8, "burden": 28.9, "capacity": 62.2, "svi": 0.29, "top_decile_gap": 0.0, "stratum": "metropolitan", "scored": 1}, "geometry": {"type": "Polygon", "coordinates": [[[-76.7164, 39.2811], [-76.7112, 39.2874], [-76.7111, 39.2779], [-76.7245, 39.2736], [-76.7277, 39.2799], [-76.7164, 39.2811]]]}}, {"type": "Feature", "properties": {"fips": "24005420401", "gap_national": 61.7, "gap_stratum": 65.2, "burden": 76.1, "capacity": 25.9, "svi": 0.78, "top_decile_gap": 1.0, "stratum": "metropolitan", "scored": 1}, "geometry": {"type": "Polygon", "coordinates": [[[-76.4996, 39.2662], [-76.4888, 39.2622], [-76.4826, 39.2566], [-76.4838, 39.2553], [-76.4791, 39.254], [-76.4845, 39.2496], [-76.5013, 39.263], [-76.4996, 39.2662]]]}}, {"type": "Feature", "properties": {"fips": "24005451900", "gap_national": -22.9, "gap_stratum": -15.8, "burden": 47.2, "capacity": 64.4, "svi": 0.07, "top_decile_gap": 0.0, "stratum": "metropolitan", "scored": 1}, "geometry": {"type": "MultiPolygon", "coordinates": [[[[-76.3809, 39.2496], [-76.3787, 39.2522], [-76.3566, 39.2609], [-76.3438, 39.2573], [-76.348, 39.2501], [-76.3715, 39.238], [-76.3812, 39.2396], [-76.3847, 39.2422], [-76.3869, 39.2492], [-76.3809, 39.2496]]], [[[-76.3936, 39.2339], [-76.3895, 39.2355], [-76.3929, 39.2315], [-76.3959, 39.2335], [-76.3936, 39.2339]]], [[[-76.4441, 39.2104], [-76.4448, 39.2153], [-76.4365, 39.2187], [-76.439, 39.2183], [-76.4405, 39.2213], [-76.4378, 39.2282], [-76.4433, 39.2296], [-76.441, 39.2336], [-76.4438, 39.2389], [-76.4417, 39.243], [-76.4301, 39.2391], [-76.4225, 39.2325], [-76.4102, 39.2315], [-76.4015, 39.2378], [-76.3981, 39.237], [-76.4011, 39.2327], [-76.3991, 39.229], [-76.4177, 39.2198], [-76.4253, 39.2057], [-76.4365, 39.2022], [-76.4425, 39.1954], [-76.4477, 39.1977], [-76.4496, 39.2038], [-76.4441, 39.2104]]], [[[-76.4475, 39.2464], [-76.4423, 39.2528], [-76.4389, 39.2486], [-76.44, 39.2463], [-76.4454, 39.2481], [-76.4467, 39.2455], [-76.4494, 39.2464], [-76.4507, 39.2442], [-76.454, 39.2469], [-76.4475, 39.2464]]]]}}, {"type": "Feature", "properties": {"fips": "24005450200", "gap_national": 9.3, "gap_stratum": 15.0, "burden": 62.1, "capacity": 54.6, "svi": 0.35, "top_decile_gap": 0.0, "stratum": "metropolitan", "scored": 1}, "geometry": {"type": "Polygon", "coordinates": [[[-76.4872, 39.3111], [-76.4882, 39.314], [-76.4844, 39.321], [-76.474, 39.3286], [-76.4693, 39.3279], [-76.4795, 39.3069], [-76.4893, 39.3019], [-76.492, 39.3042], [-76.4872, 39.3111]]]}}, {"type": "Feature", "properties": {"fips": "24005405000", "gap_national": -56.8, "gap_stratum": -49.7, "burden": 37.4, "capacity": 83.6, "svi": 0.09, "top_decile_gap": 0.0, "stratum": "metropolitan", "scored": 1}, "geometry": {"type": "Polygon", "coordinates": [[[-76.8043, 39.6759], [-76.8024, 39.6676], [-76.8058, 39.6563], [-76.7878, 39.6527], [-76.7806, 39.655], [-76.7729, 39.6493], [-76.7624, 39.6534], [-76.7551, 39.6479], [-76.7395, 39.6421], [-76.7252, 39.6285], [-76.7241, 39.6247], [-76.721, 39.6267], [-76.7112, 39.6234], [-76.7076, 39.6197], [-76.7115, 39.6181], [-76.7147, 39.6109], [-76.7201, 39.6059], [-76.7303, 39.6031], [-76.7354, 39.5936], [-76.713, 39.5786], [-76.6822, 39.5719], [-76.6797, 39.5658], [-76.7065, 39.5618], [-76.7077, 39.556], [-76.7168, 39.5486], [-76.7142, 39.5433], [-76.7194, 39.5404], [-76.7221, 39.5351], [-76.7272, 39.5339], [-76.7281, 39.5355], [-76.7506, 39.5232], [-76.7745, 39.5214], [-76.7906, 39.5419], [-76.804, 39.5445], [-76.814, 39.5515], [-76.8373, 39.5573], [-76.8398, 39.5596], [-76.8406, 39.5756], [-76.8043, 39.6759]]]}}, {"type": "Feature", "properties": {"fips": "24005490601", "gap_national": -74.4, "gap_stratum": -72.9, "burden": 10.9, "capacity": 72.2, "svi": 0.01, "top_decile_gap": 0.0, "stratum": "metropolitan", "scored": 1}, "geometry": {"type": "Polygon", "coordinates": [[[-76.6175, 39.3779], [-76.6087, 39.3776], [-76.6098, 39.3722], [-76.6139, 39.3718], [-76.6183, 39.372], [-76.6202, 39.3767], [-76.6175, 39.3779]]]}}, {"type": "Feature", "properties": {"fips": "24005440100", "gap_national": -29.2, "gap_stratum": -24.3, "burden": 36.1, "capacity": 60.1, "svi": 0.11, "top_decile_gap": 0.0, "stratum": "metropolitan", "scored": 1}, "geometry": {"type": "Polygon", "coordinates": [[[-76.5302, 39.3885], [-76.5236, 39.3849], [-76.5197, 39.3795], [-76.5237, 39.38], [-76.5241, 39.3747], [-76.5298, 39.3716], [-76.5442, 39.3722], [-76.5302, 39.3885]]]}}, {"type": "Feature", "properties": {"fips": "24005440500", "gap_national": -36.2, "gap_stratum": -29.4, "burden": 40.1, "capacity": 68.0, "svi": 0.12, "top_decile_gap": 0.0, "stratum": "metropolitan", "scored": 1}, "geometry": {"type": "Polygon", "coordinates": [[[-76.5138, 39.3699], [-76.4968, 39.35], [-76.5149, 39.3417], [-76.5154, 39.3507], [-76.5124, 39.3545], [-76.5182, 39.3565], [-76.5178, 39.3588], [-76.5229, 39.3616], [-76.5138, 39.3699]]]}}, {"type": "Feature", "properties": {"fips": "24005420900", "gap_national": 54.7, "gap_stratum": 56.8, "burden": 78.9, "capacity": 35.0, "svi": 0.78, "top_decile_gap": 1.0, "stratum": "metropolitan", "scored": 1}, "geometry": {"type": "Polygon", "coordinates": [[[-76.5238, 39.2687], [-76.5126, 39.259], [-76.5233, 39.2563], [-76.5298, 39.2697], [-76.5238, 39.2687]]]}}, {"type": "Feature", "properties": {"fips": "24005440701", "gap_national": -8.2, "gap_stratum": -3.4, "burden": 41.0, "capacity": 49.9, "svi": 0.38, "top_decile_gap": 0.0, "stratum": "metropolitan", "scored": 1}, "geometry": {"type": "Polygon", "coordinates": [[[-76.48, 39.3599], [-76.4625, 39.3543], [-76.4918, 39.3361], [-76.4942, 39.3396], [-76.4937, 39.3459], [-76.4968, 39.35], [-76.48, 39.3599]]]}}, {"type": "Feature", "properties": {"fips": "24005402302", "gap_national": -21.3, "gap_stratum": -13.7, "burden": 66.9, "capacity": 82.2, "svi": 0.78, "top_decile_gap": 0.0, "stratum": "metropolitan", "scored": 1}, "geometry": {"type": "Polygon", "coordinates": [[[-76.7787, 39.3614], [-76.7656, 39.3564], [-76.7676, 39.353], [-76.7628, 39.3415], [-76.7954, 39.355], [-76.7787, 39.3614]]]}}, {"type": "Feature", "properties": {"fips": "24005490701", "gap_national": -41.1, "gap_stratum": -33.0, "burden": 57.4, "capacity": 98.2, "svi": 0.29, "top_decile_gap": 0.0, "stratum": "metropolitan", "scored": 1}, "geometry": {"type": "Polygon", "coordinates": [[[-76.6308, 39.4114], [-76.6181, 39.4079], [-76.6242, 39.3962], [-76.6278, 39.3947], [-76.6262, 39.3991], [-76.6328, 39.4054], [-76.6308, 39.4114]]]}}, {"type": "Feature", "properties": {"fips": "24005402202", "gap_national": -51.1, "gap_stratum": -43.3, "burden": 42.1, "capacity": 83.2, "svi": 0.1, "top_decile_gap": 0.0, "stratum": "metropolitan", "scored": 1}, "geometry": {"type": "Polygon", "coordinates": [[[-76.8512, 39.3432], [-76.822, 39.3435], [-76.8032, 39.3492], [-76.7956, 39.3543], [-76.7913, 39.3398], [-76.7928, 39.3361], [-76.7812, 39.3301], [-76.7777, 39.326], [-76.7777, 39.3219], [-76.7947, 39.3143], [-76.804, 39.3167], [-76.8101, 39.3152], [-76.8141, 39.318], [-76.8183, 39.3133], [-76.8252, 39.3193], [-76.8336, 39.3115], [-76.8355, 39.312], [-76.8356, 39.3158], [-76.8397, 39.3153], [-76.844, 39.3182], [-76.8508, 39.3158], [-76.8537, 39.3175], [-76.8554, 39.3232], [-76.8624, 39.3298], [-76.8701, 39.3316], [-76.8512, 39.3432]]]}}, {"type": "Feature", "properties": {"fips": "24005401400", "gap_national": -68.3, "gap_stratum": -64.2, "burden": 22.5, "capacity": 77.4, "svi": 0.06, "top_decile_gap": 0.0, "stratum": "metropolitan", "scored": 1}, "geometry": {"type": "Polygon", "coordinates": [[[-76.7866, 39.2628], [-76.7819, 39.2627], [-76.7661, 39.2753], [-76.7564, 39.2738], [-76.7566, 39.2681], [-76.7657, 39.2643], [-76.7651, 39.2576], [-76.7682, 39.253], [-76.7638, 39.2513], [-76.7689, 39.2527], [-76.7753, 39.2566], [-76.782, 39.2583], [-76.7944, 39.2678], [-76.7866, 39.2628]]]}}, {"type": "Feature", "properties": {"fips": "24003751200", "gap_national": -45.7, "gap_stratum": -43.4, "burden": 22.6, "capacity": 60.7, "svi": 0.18, "top_decile_gap": 0.0, "stratum": "metropolitan", "scored": 1}, "geometry": {"type": "Polygon", "coordinates": [[[-76.7382, 39.1791], [-76.728, 39.1841], [-76.722, 39.183], [-76.7192, 39.1915], [-76.7135, 39.1932], [-76.7122, 39.2019], [-76.708, 39.2034], [-76.7033, 39.2107], [-76.6976, 39.212], [-76.697, 39.2171], [-76.6928, 39.2198], [-76.681, 39.22], [-76.6654, 39.2303], [-76.6583, 39.2192], [-76.6636, 39.2174], [-76.655, 39.1955], [-76.6656, 39.1907], [-76.6742, 39.1905], [-76.6788, 39.1939], [-76.682, 39.1907], [-76.6866, 39.1911], [-76.6835, 39.1886], [-76.6921, 39.181], [-76.6958, 39.1584], [-76.7134, 39.1592], [-76.7151, 39.1568], [-76.7305, 39.1704], [-76.7354, 39.1652], [-76.7398, 39.1663], [-76.7392, 39.1749], [-76.7475, 39.1783], [-76.7382, 39.1791]]]}}, {"type": "Feature", "properties": {"fips": "24003731310", "gap_national": 1.2, "gap_stratum": 6.9, "burden": 49.9, "capacity": 50.5, "svi": 0.12, "top_decile_gap": 0.0, "stratum": "metropolitan", "scored": 1}, "geometry": {"type": "Polygon", "coordinates": [[[-76.5321, 39.1559], [-76.5289, 39.1499], [-76.53, 39.1461], [-76.5251, 39.1446], [-76.5273, 39.1393], [-76.5346, 39.1341], [-76.5408, 39.1346], [-76.5408, 39.1408], [-76.5489, 39.1478], [-76.5321, 39.1559]]]}}, {"type": "Feature", "properties": {"fips": "24003730603", "gap_national": -39.9, "gap_stratum": -33.2, "burden": 38.2, "capacity": 69.0, "svi": 0.11, "top_decile_gap": 0.0, "stratum": "metropolitan", "scored": 1}, "geometry": {"type": "Polygon", "coordinates": [[[-76.6009, 39.1166], [-76.5907, 39.1188], [-76.5896, 39.1261], [-76.5654, 39.0993], [-76.5766, 39.0913], [-76.5799, 39.0927], [-76.5791, 39.0946], [-76.5968, 39.0964], [-76.5979, 39.1038], [-76.6018, 39.1031], [-76.6009, 39.1166]]]}}, {"type": "Feature", "properties": {"fips": "24037876102", "gap_national": -33.1, "gap_stratum": -61.0, "burden": 41.3, "capacity": 66.7, "svi": 0.12, "top_decile_gap": 0.0, "stratum": "rural", "scored": 1}, "geometry": {"type": "Polygon", "coordinates": [[[-76.5603, 38.2556], [-76.5485, 38.2566], [-76.5296, 38.2518], [-76.5204, 38.2458], [-76.5069, 38.2477], [-76.5077, 38.2431], [-76.4948, 38.2346], [-76.4948, 38.2314], [-76.49, 38.2306], [-76.4931, 38.2272], [-76.4864, 38.224], [-76.485, 38.2205], [-76.4771, 38.2191], [-76.4699, 38.2116], [-76.4557, 38.2069], [-76.4488, 38.1945], [-76.4403, 38.1937], [-76.4477, 38.184], [-76.4521, 38.1819], [-76.4636, 38.183], [-76.4641, 38.18], [-76.4879, 38.1825], [-76.4946, 38.1873], [-76.513, 38.1912], [-76.5106, 38.2028], [-76.5224, 38.2381], [-76.5528, 38.2391], [-76.5653, 38.2429], [-76.5603, 38.2556]]]}}, {"type": "Feature", "properties": {"fips": "24037875501", "gap_national": -27.3, "gap_stratum": -22.8, "burden": 35.0, "capacity": 58.0, "svi": 0.39, "top_decile_gap": 0.0, "stratum": "metropolitan", "scored": 1}, "geometry": {"type": "Polygon", "coordinates": [[[-76.6302, 38.3366], [-76.6252, 38.3368], [-76.5925, 38.3317], [-76.5874, 38.3231], [-76.579, 38.3189], [-76.5747, 38.3133], [-76.5621, 38.3162], [-76.558, 38.3141], [-76.5594, 38.3111], [-76.5548, 38.3049], [-76.5502, 38.3041], [-76.5429, 38.2971], [-76.535, 38.295], [-76.5343, 38.2932], [-76.5409, 38.2933], [-76.5596, 38.2837], [-76.5596, 38.2812], [-76.569, 38.2736], [-76.5653, 38.2688], [-76.5675, 38.2656], [-76.5665, 38.2595], [-76.559, 38.2555], [-76.5646, 38.2488], [-76.5653, 38.2429], [-76.5841, 38.2453], [-76.5919, 38.2499], [-76.6026, 38.2596], [-76.6163, 38.2836], [-76.6297, 38.2945], [-76.6188, 38.3177], [-76.6203, 38.3225], [-76.6256, 38.3211], [-76.6324, 38.3339], [-76.6302, 38.3366]]]}}, {"type": "Feature", "properties": {"fips": "24037875602", "gap_national": -25.2, "gap_stratum": -20.9, "burden": 35.0, "capacity": 56.7, "svi": 0.3, "top_decile_gap": 0.0, "stratum": "metropolitan", "scored": 1}, "geometry": {"type": "Polygon", "coordinates": [[[-76.6257, 38.3486], [-76.6184, 38.3611], [-76.6059, 38.3687], [-76.6059, 38.372], [-76.6104, 38.3763], [-76.5933, 38.3686], [-76.5692, 38.3432], [-76.557, 38.3354], [-76.5304, 38.3087], [-76.5199, 38.3038], [-76.5262, 38.297], [-76.5343, 38.2932], [-76.5362, 38.296], [-76.5429, 38.2971], [-76.5502, 38.3041], [-76.5548, 38.3049], [-76.5594, 38.3111], [-76.558, 38.3141], [-76.5621, 38.3162], [-76.5747, 38.3133], [-76.579, 38.3189], [-76.5874, 38.3231], [-76.5925, 38.3317], [-76.6252, 38.3368], [-76.6302, 38.3366], [-76.6324, 38.3339], [-76.6348, 38.3404], [-76.6257, 38.3486]]]}}, {"type": "Feature", "properties": {"fips": "24037875905", "gap_national": 2.7, "gap_stratum": 7.3, "burden": 39.9, "capacity": 40.9, "svi": 0.4, "top_decile_gap": 0.0, "stratum": "metropolitan", "scored": 1}, "geometry": {"type": "Polygon", "coordinates": [[[-76.4196, 38.2558], [-76.4206, 38.2626], [-76.4083, 38.2672], [-76.3986, 38.2639], [-76.3993, 38.2593], [-76.388, 38.2258], [-76.3985, 38.228], [-76.4051, 38.2248], [-76.4088, 38.2258], [-76.4092, 38.2215], [-76.4135, 38.2348], [-76.4233, 38.2475], [-76.4196, 38.2558]]]}}, {"type": "Feature", "properties": {"fips": "24031701702", "gap_national": -12.6, "gap_stratum": -10.3, "burden": 27.7, "capacity": 41.7, "svi": 0.75, "top_decile_gap": 0.0, "stratum": "metropolitan", "scored": 1}, "geometry": {"type": "Polygon", "coordinates": [[[-77.0036, 38.9982], [-76.9998, 38.9865], [-76.9964, 38.9861], [-77.0003, 38.9834], [-77.0025, 38.9844], [-77.0063, 38.9917], [-77.0036, 38.9982]]]}}, {"type": "Feature", "properties": {"fips": "24015030905", "gap_national": 14.1, "gap_stratum": 19.3, "burden": 65.6, "capacity": 54.1, "svi": 0.2, "top_decile_gap": 0.0, "stratum": "metropolitan", "scored": 1}, "geometry": {"type": "Polygon", "coordinates": [[[-76.0369, 39.6412], [-76.0354, 39.6444], [-76.0397, 39.6494], [-76.0263, 39.6608], [-76.015, 39.6639], [-75.9901, 39.6561], [-75.9792, 39.6554], [-75.9628, 39.6419], [-75.9585, 39.6407], [-75.9579, 39.6467], [-75.9534, 39.6514], [-75.9363, 39.6604], [-75.9323, 39.6611], [-75.9314, 39.6588], [-75.9343, 39.6517], [-75.9386, 39.6488], [-75.9325, 39.6438], [-75.9633, 39.6288], [-75.9848, 39.6253], [-76.0153, 39.6095], [-76.0302, 39.6061], [-76.0332, 39.6142], [-76.0406, 39.6213], [-76.0407, 39.6273], [-76.0435, 39.6304], [-76.0377, 39.6339], [-76.0438, 39.6384], [-76.0369, 39.6412]]]}}, {"type": "Feature", "properties": {"fips": "24005402511", "gap_national": -62.4, "gap_stratum": -56.2, "burden": 32.0, "capacity": 82.8, "svi": 0.34, "top_decile_gap": 0.0, "stratum": "metropolitan", "scored": 1}, "geometry": {"type": "Polygon", "coordinates": [[[-76.8096, 39.3923], [-76.8077, 39.398], [-76.7953, 39.4007], [-76.7969, 39.3922], [-76.8023, 39.3872], [-76.8018, 39.3849], [-76.8159, 39.3877], [-76.8096, 39.3923]]]}}, {"type": "Feature", "properties": {"fips": "24001001800", "gap_national": -6.8, "gap_stratum": -20.5, "burden": 26.6, "capacity": 36.1, "svi": 0.53, "top_decile_gap": 0.0, "stratum": "micropolitan", "scored": 1}, "geometry": {"type": "Polygon", "coordinates": [[[-78.955, 39.6763], [-78.9447, 39.6761], [-78.9321, 39.661], [-78.9237, 39.6553], [-78.9297, 39.6485], [-78.9291, 39.6394], [-78.9323, 39.6346], [-78.9442, 39.6356], [-78.9534, 39.6436], [-78.9553, 39.6489], [-78.9542, 39.6563], [-78.961, 39.6657], [-78.955, 39.6763]]]}}, {"type": "Feature", "properties": {"fips": "24039930102", "gap_national": 4.3, "gap_stratum": 8.3, "burden": 80.9, "capacity": 72.6, "svi": 0.77, "top_decile_gap": 0.0, "stratum": "metropolitan", "scored": 1}, "geometry": {"type": "Polygon", "coordinates": [[[-75.8353, 38.2491], [-75.8234, 38.2528], [-75.8099, 38.2514], [-75.8013, 38.2537], [-75.7963, 38.2658], [-75.7812, 38.2675], [-75.7723, 38.2735], [-75.7692, 38.285], [-75.7529, 38.2851], [-75.7532, 38.2814], [-75.7503, 38.2809], [-75.749, 38.2847], [-75.7459, 38.2804], [-75.7416, 38.2792], [-75.7345, 38.283], [-75.7285, 38.281], [-75.7288, 38.2759], [-75.7238, 38.2761], [-75.7238, 38.2716], [-75.7192, 38.266], [-75.6994, 38.2649], [-75.6944, 38.2669], [-75.6964, 38.2742], [-75.6864, 38.2855], [-75.6872, 38.2899], [-75.6815, 38.293], [-75.6738, 38.2934], [-75.6627, 38.2988], [-75.6441, 38.2893], [-75.6979, 38.2199], [-75.7007, 38.2087], [-75.6962, 38.1931], [-75.6899, 38.1839], [-75.689, 38.1654], [-75.6965, 38.1655], [-75.6988, 38.1628], [-75.7052, 38.1619], [-75.7117, 38.164], [-75.7115, 38.1599], [-75.715, 38.1576], [-75.722, 38.1622], [-75.7202, 38.1651], [-75.729, 38.1663], [-75.7291, 38.1709], [-75.7372, 38.1713], [-75.7398, 38.1752], [-75.7451, 38.1738], [-75.7411, 38.167], [-75.7482, 38.1642], [-75.7488, 38.1598], [-75.7527, 38.1562], [-75.7624, 38.1549], [-75.7674, 38.1597], [-75.7774, 38.1565], [-75.7794, 38.1624], [-75.7759, 38.1626], [-75.7733, 38.1722], [-75.762, 38.1879], [-75.7689, 38.1931], [-75.78, 38.1963], [-75.7793, 38.2009], [-75.7901, 38.2021], [-75.7947, 38.2062], [-75.8019, 38.2047], [-75.801, 38.2066], [-75.8054, 38.2088], [-75.8135, 38.2046], [-75.8185, 38.208], [-75.8171, 38.2111], [-75.8226, 38.2088], [-75.8203, 38.2126], [-75.8281, 38.2144], [-75.8295, 38.2166], [-75.8264, 38.2169], [-75.8187, 38.2261], [-75.8203, 38.2308], [-75.8254, 38.2291], [-75.8453, 38.2313], [-75.8514, 38.2264], [-75.8606, 38.2292], [-75.8613, 38.2327], [-75.8353, 38.2491]]]}}, {"type": "Feature", "properties": {"fips": "24025301202", "gap_national": -29.7, "gap_stratum": -26.5, "burden": 29.7, "capacity": 55.5, "svi": 0.18, "top_decile_gap": 0.0, "stratum": "metropolitan", "scored": 1}, "geometry": {"type": "Polygon", "coordinates": [[[-76.3268, 39.5026], [-76.3231, 39.4933], [-76.3101, 39.4778], [-76.3273, 39.4783], [-76.3369, 39.4745], [-76.3442, 39.4868], [-76.3463, 39.4854], [-76.3502, 39.4958], [-76.3268, 39.5026]]]}}, {"type": "Feature", "properties": {"fips": "24033800410", "gap_national": -44.0, "gap_stratum": -42.6, "burden": 20.1, "capacity": 57.7, "svi": 0.3, "top_decile_gap": 0.0, "stratum": "metropolitan", "scored": 1}, "geometry": {"type": "Polygon", "coordinates": [[[-76.7921, 39.0003], [-76.7966, 39.0064], [-76.7894, 39.0086], [-76.7895, 39.0104], [-76.7819, 39.0107], [-76.786, 39.0242], [-76.7843, 39.0316], [-76.7711, 39.0258], [-76.7655, 39.0339], [-76.754, 39.0371], [-76.7476, 39.0334], [-76.7499, 39.03], [-76.7431, 39.0237], [-76.7445, 39.0171], [-76.7364, 39.0109], [-76.7605, 39.0058], [-76.7633, 38.9992], [-76.7799, 38.9911], [-76.7879, 38.9903], [-76.7919, 38.995], [-76.8007, 38.9955], [-76.7921, 39.0003]]]}}, {"type": "Feature", "properties": {"fips": "24033800516", "gap_national": -41.6, "gap_stratum": -34.6, "burden": 38.7, "capacity": 70.7, "svi": 0.39, "top_decile_gap": 0.0, "stratum": "metropolitan", "scored": 1}, "geometry": {"type": "Polygon", "coordinates": [[[-76.7175, 38.9552], [-76.7181, 38.9425], [-76.7233, 38.9448], [-76.7313, 38.9358], [-76.7398, 38.9365], [-76.7421, 38.9424], [-76.7373, 38.9475], [-76.7275, 38.9473], [-76.7431, 38.9531], [-76.7175, 38.9552]]]}}, {"type": "Feature", "properties": {"fips": "24021750702", "gap_national": 22.0, "gap_stratum": 27.2, "burden": 62.1, "capacity": 45.8, "svi": 0.81, "top_decile_gap": 0.0, "stratum": "metropolitan", "scored": 1}, "geometry": {"type": "Polygon", "coordinates": [[[-77.4243, 39.435], [-77.4152, 39.436], [-77.4173, 39.4411], [-77.4109, 39.442], [-77.4103, 39.4355], [-77.4167, 39.4305], [-77.4271, 39.4244], [-77.4322, 39.4285], [-77.4243, 39.435]]]}}, {"type": "Feature", "properties": {"fips": "24021750505", "gap_national": 12.9, "gap_stratum": 16.9, "burden": 29.3, "capacity": 20.1, "svi": 0.69, "top_decile_gap": 0.0, "stratum": "metropolitan", "scored": 1}, "geometry": {"type": "Polygon", "coordinates": [[[-77.4349, 39.4153], [-77.4359, 39.4106], [-77.4326, 39.406], [-77.438, 39.4021], [-77.4537, 39.4093], [-77.4508, 39.4124], [-77.4538, 39.4176], [-77.4349, 39.4153]]]}}, {"type": "Feature", "properties": {"fips": "24021753001", "gap_national": -22.4, "gap_stratum": -14.8, "burden": 49.6, "capacity": 66.0, "svi": 0.14, "top_decile_gap": 0.0, "stratum": "metropolitan", "scored": 1}, "geometry": {"type": "Polygon", "coordinates": [[[-77.4306, 39.5991], [-77.425, 39.6073], [-77.4292, 39.6094], [-77.4263, 39.6203], [-77.4185, 39.6251], [-77.4162, 39.6311], [-77.4107, 39.6356], [-77.4116, 39.6237], [-77.3962, 39.6154], [-77.3817, 39.6145], [-77.372, 39.5847], [-77.3935, 39.599], [-77.401, 39.5878], [-77.4354, 39.5834], [-77.4306, 39.5991]]]}}, {"type": "Feature", "properties": {"fips": "24021751702", "gap_national": -37.7, "gap_stratum": -30.4, "burden": 41.7, "capacity": 70.5, "svi": 0.05, "top_decile_gap": 0.0, "stratum": "metropolitan", "scored": 1}, "geometry": {"type": "Polygon", "coordinates": [[[-77.2815, 39.5002], [-77.2782, 39.5084], [-77.2717, 39.5048], [-77.2647, 39.5105], [-77.266, 39.5209], [-77.2581, 39.5152], [-77.2518, 39.514], [-77.235, 39.5157], [-77.21, 39.5122], [-77.2034, 39.5034], [-77.1912, 39.4945], [-77.1526, 39.491], [-77.1293, 39.4936], [-77.1153, 39.4994], [-77.11, 39.4975], [-77.1068, 39.4917], [-77.1177, 39.4786], [-77.12, 39.4656], [-77.116, 39.4603], [-77.1266, 39.4448], [-77.1399, 39.4538], [-77.1646, 39.4552], [-77.1773, 39.4588], [-77.1857, 39.4564], [-77.1949, 39.4581], [-77.1973, 39.4613], [-77.2033, 39.461], [-77.2038, 39.4566], [-77.21, 39.4517], [-77.2198, 39.4488], [-77.2263, 39.4502], [-77.2373, 39.4457], [-77.2483, 39.4473], [-77.2544, 39.4526], [-77.2597, 39.4533], [-77.2689, 39.4502], [-77.2657, 39.4454], [-77.2724, 39.4428], [-77.2774, 39.4459], [-77.277, 39.453], [-77.2802, 39.4558], [-77.2874, 39.474], [-77.2797, 39.4872], [-77.2841, 39.4875], [-77.2842, 39.4931], [-77.2885, 39.499], [-77.2815, 39.5002]]]}}, {"type": "Feature", "properties": {"fips": "24033801313", "gap_national": -21.0, "gap_stratum": -12.7, "burden": 58.7, "capacity": 72.7, "svi": 0.52, "top_decile_gap": 0.0, "stratum": "metropolitan", "scored": 1}, "geometry": {"type": "Polygon", "coordinates": [[[-76.9786, 38.7518], [-76.9709, 38.7517], [-76.9678, 38.755], [-76.9618, 38.7555], [-76.9628, 38.75], [-76.9572, 38.7462], [-76.9685, 38.7374], [-76.9698, 38.7333], [-76.9856, 38.7359], [-76.9906, 38.7344], [-76.9908, 38.732], [-76.9933, 38.7559], [-76.9786, 38.7518]]]}}, {"type": "Feature", "properties": {"fips": "24033800706", "gap_national": -15.5, "gap_stratum": -7.7, "burden": 64.7, "capacity": 74.0, "svi": 0.46, "top_decile_gap": 0.0, "stratum": "metropolitan", "scored": 1}, "geometry": {"type": "Polygon", "coordinates": [[[-76.8363, 38.7941], [-76.8423, 38.8018], [-76.8401, 38.8054], [-76.8408, 38.8105], [-76.8241, 38.8044], [-76.8254, 38.8013], [-76.8228, 38.8008], [-76.8187, 38.7938], [-76.8134, 38.7925], [-76.8028, 38.7828], [-76.7963, 38.783], [-76.8104, 38.7567], [-76.8195, 38.7606], [-76.843, 38.7873], [-76.8363, 38.7941]]]}}, {"type": "Feature", "properties": {"fips": "24005408302", "gap_national": -69.5, "gap_stratum": -63.8, "burden": 32.3, "capacity": 95.5, "svi": 0.12, "top_decile_gap": 0.0, "stratum": "metropolitan", "scored": 1}, "geometry": {"type": "Polygon", "coordinates": [[[-76.7111, 39.4465], [-76.6837, 39.4482], [-76.6732, 39.4588], [-76.6692, 39.4556], [-76.6602, 39.4577], [-76.6568, 39.4516], [-76.6651, 39.4485], [-76.6617, 39.4359], [-76.667, 39.4309], [-76.6663, 39.4264], [-76.6721, 39.4263], [-76.6704, 39.4207], [-76.6909, 39.4254], [-76.7149, 39.4415], [-76.7111, 39.4465]]]}}, {"type": "Feature", "properties": {"fips": "24027602700", "gap_national": -75.0, "gap_stratum": -70.7, "burden": 24.0, "capacity": 87.0, "svi": 0.17, "top_decile_gap": 0.0, "stratum": "metropolitan", "scored": 1}, "geometry": {"type": "Polygon", "coordinates": [[[-76.7963, 39.2586], [-76.7985, 39.264], [-76.7953, 39.2678], [-76.782, 39.2583], [-76.7638, 39.2513], [-76.7746, 39.2457], [-76.7819, 39.2374], [-76.7826, 39.2333], [-76.7906, 39.2282], [-76.8005, 39.2402], [-76.7963, 39.2586]]]}}, {"type": "Feature", "properties": {"fips": "24031700105", "gap_national": -33.3, "gap_stratum": -33.3, "burden": 17.3, "capacity": 48.4, "svi": 0.3, "top_decile_gap": 0.0, "stratum": "metropolitan", "scored": 1}, "geometry": {"type": "Polygon", "coordinates": [[[-77.1768, 39.1868], [-77.1721, 39.1844], [-77.1677, 39.1881], [-77.1599, 39.1881], [-77.1523, 39.1919], [-77.1517, 39.1741], [-77.1604, 39.159], [-77.178, 39.1712], [-77.1804, 39.1816], [-77.1836, 39.1852], [-77.1768, 39.1868]]]}}, {"type": "Feature", "properties": {"fips": "24031700823", "gap_national": -51.5, "gap_stratum": -49.3, "burden": 20.4, "capacity": 62.9, "svi": 0.31, "top_decile_gap": 0.0, "stratum": "metropolitan", "scored": 1}, "geometry": {"type": "Polygon", "coordinates": [[[-77.2402, 39.1398], [-77.2332, 39.1386], [-77.2288, 39.1336], [-77.2239, 39.1341], [-77.2288, 39.1294], [-77.2439, 39.1266], [-77.2444, 39.1346], [-77.2402, 39.1398]]]}}, {"type": "Feature", "properties": {"fips": "24031701212", "gap_national": -63.2, "gap_stratum": -58.9, "burden": 23.8, "capacity": 74.1, "svi": 0.24, "top_decile_gap": 0.0, "stratum": "metropolitan", "scored": 1}, "geometry": {"type": "Polygon", "coordinates": [[[-77.1504, 39.1269], [-77.1476, 39.1317], [-77.1436, 39.1394], [-77.144, 39.1456], [-77.125, 39.1359], [-77.1166, 39.128], [-77.1146, 39.1216], [-77.1013, 39.1176], [-77.1051, 39.1131], [-77.1047, 39.1103], [-77.109, 39.1096], [-77.1078, 39.1076], [-77.1127, 39.1084], [-77.1158, 39.1037], [-77.1248, 39.1017], [-77.1289, 39.112], [-77.1487, 39.1162], [-77.1567, 39.123], [-77.1504, 39.1269]]]}}, {"type": "Feature", "properties": {"fips": "24009861100", "gap_national": -32.8, "gap_stratum": -24.9, "burden": 46.5, "capacity": 70.8, "svi": 0.13, "top_decile_gap": 0.0, "stratum": "metropolitan", "scored": 1}, "geometry": {"type": "Polygon", "coordinates": [[[-76.5462, 38.5322], [-76.5264, 38.5362], [-76.5258, 38.5343], [-76.5177, 38.5379], [-76.506, 38.5046], [-76.4927, 38.4828], [-76.4558, 38.4512], [-76.4509, 38.4424], [-76.4363, 38.4334], [-76.4154, 38.4147], [-76.4025, 38.3944], [-76.3948, 38.3894], [-76.3819, 38.3864], [-76.3909, 38.3751], [-76.3872, 38.3641], [-76.4056, 38.3631], [-76.4093, 38.3778], [-76.4134, 38.3841], [-76.4363, 38.3887], [-76.439, 38.3965], [-76.4511, 38.407], [-76.4618, 38.4224], [-76.471, 38.4439], [-76.4935, 38.45], [-76.5109, 38.469], [-76.5121, 38.4836], [-76.5197, 38.4954], [-76.5589, 38.5067], [-76.5727, 38.5208], [-76.5462, 38.5322]]]}}, {"type": "Feature", "properties": {"fips": "24003702703", "gap_national": -66.2, "gap_stratum": -63.9, "burden": 16.3, "capacity": 70.0, "svi": 0.02, "top_decile_gap": 0.0, "stratum": "metropolitan", "scored": 1}, "geometry": {"type": "Polygon", "coordinates": [[[-76.5115, 39.011], [-76.4975, 39.0029], [-76.5059, 38.9937], [-76.5187, 38.9892], [-76.5264, 38.9892], [-76.5297, 38.9998], [-76.5115, 39.011]]]}}, {"type": "Feature", "properties": {"fips": "24003701301", "gap_national": -53.7, "gap_stratum": -46.1, "burden": 39.9, "capacity": 83.2, "svi": 0.04, "top_decile_gap": 0.0, "stratum": "metropolitan", "scored": 1}, "geometry": {"type": "Polygon", "coordinates": [[[-76.69, 38.953], [-76.683, 38.9531], [-76.6525, 38.9457], [-76.6198, 38.9449], [-76.6043, 38.9518], [-76.5981, 38.9475], [-76.602, 38.9412], [-76.5984, 38.9338], [-76.5981, 38.9272], [-76.5791, 38.9278], [-76.5685, 38.9268], [-76.5687, 38.925], [-76.5968, 38.892], [-76.6123, 38.9], [-76.6136, 38.904], [-76.6251, 38.9122], [-76.6284, 38.9229], [-76.6341, 38.9192], [-76.6729, 38.9074], [-76.6768, 38.9093], [-76.6794, 38.9165], [-76.6828, 38.919], [-76.6865, 38.9182], [-76.6906, 38.9235], [-76.6831, 38.9263], [-76.6814, 38.9313], [-76.6912, 38.9349], [-76.691, 38.9408], [-76.6953, 38.9486], [-76.69, 38.953]]]}}, {"type": "Feature", "properties": {"fips": "24003740704", "gap_national": -52.2, "gap_stratum": -45.0, "burden": 37.0, "capacity": 78.0, "svi": 0.13, "top_decile_gap": 0.0, "stratum": "metropolitan", "scored": 1}, "geometry": {"type": "Polygon", "coordinates": [[[-76.7388, 39.0468], [-76.7291, 39.0654], [-76.7183, 39.062], [-76.7161, 39.0549], [-76.7124, 39.0517], [-76.7064, 39.0503], [-76.7038, 39.0524], [-76.6984, 39.0462], [-76.6945, 39.0461], [-76.6915, 39.0491], [-76.6748, 39.0389], [-76.6957, 39.0193], [-76.7015, 39.0236], [-76.7079, 39.0189], [-76.7044, 39.0137], [-76.7006, 39.0131], [-76.7045, 39.0092], [-76.7049, 38.9999], [-76.7075, 38.9964], [-76.7061, 38.9904], [-76.7213, 38.9997], [-76.7255, 38.9989], [-76.7257, 39.0061], [-76.7336, 39.0073], [-76.7404, 39.0129], [-76.7445, 39.0171], [-76.7431, 39.0237], [-76.7499, 39.03], [-76.7476, 39.0334], [-76.7513, 39.0347], [-76.7388, 39.0468]]]}}, {"type": "Feature", "properties": {"fips": "24003731209", "gap_national": -30.4, "gap_stratum": -28.0, "burden": 26.5, "capacity": 53.5, "svi": 0.25, "top_decile_gap": 0.0, "stratum": "metropolitan", "scored": 1}, "geometry": {"type": "Polygon", "coordinates": [[[-76.5438, 39.1282], [-76.5441, 39.1259], [-76.5472, 39.1257], [-76.5498, 39.1149], [-76.5643, 39.1144], [-76.5727, 39.112], [-76.5745, 39.1094], [-76.6003, 39.1379], [-76.5438, 39.1282]]]}}, {"type": "Feature", "properties": {"fips": "24003740501", "gap_national": -39.5, "gap_stratum": -34.5, "burden": 32.5, "capacity": 64.2, "svi": 0.12, "top_decile_gap": 0.0, "stratum": "metropolitan", "scored": 1}, "geometry": {"type": "Polygon", "coordinates": [[[-76.8287, 39.1076], [-76.8252, 39.1164], [-76.8161, 39.1214], [-76.8117, 39.1208], [-76.8195, 39.1173], [-76.8243, 39.1089], [-76.8167, 39.1066], [-76.8159, 39.1028], [-76.8093, 39.1021], [-76.8022, 39.1089], [-76.7918, 39.1075], [-76.7935, 39.1033], [-76.8024, 39.0966], [-76.8216, 39.1008], [-76.8374, 39.0969], [-76.8404, 39.1031], [-76.8287, 39.1076]]]}}, {"type": "Feature", "properties": {"fips": "24003730511", "gap_national": 45.3, "gap_stratum": 48.0, "burden": 75.7, "capacity": 40.0, "svi": 0.77, "top_decile_gap": 0.0, "stratum": "metropolitan", "scored": 1}, "geometry": {"type": "Polygon", "coordinates": [[[-76.6316, 39.1444], [-76.6265, 39.1406], [-76.628, 39.1393], [-76.6258, 39.136], [-76.6298, 39.1345], [-76.6334, 39.1375], [-76.6316, 39.1444]]]}}, {"type": "Feature", "properties": {"fips": "24043010803", "gap_national": -15.3, "gap_stratum": -8.9, "burden": 72.8, "capacity": 83.1, "svi": 0.51, "top_decile_gap": 0.0, "stratum": "metropolitan", "scored": 1}, "geometry": {"type": "Polygon", "coordinates": [[[-77.8261, 39.6252], [-77.8179, 39.6177], [-77.816, 39.6195], [-77.8223, 39.6374], [-77.7901, 39.6217], [-77.7788, 39.6087], [-77.7847, 39.6022], [-77.7913, 39.6019], [-77.7963, 39.605], [-77.799, 39.6034], [-77.8001, 39.6068], [-77.8197, 39.6005], [-77.822, 39.6032], [-77.8185, 39.6082], [-77.8194, 39.6111], [-77.8257, 39.6156], [-77.8287, 39.6241], [-77.8261, 39.6252]]]}}, {"type": "Feature", "properties": {"fips": "24043011700", "gap_national": 8.8, "gap_stratum": 13.6, "burden": 74.1, "capacity": 64.1, "svi": 0.52, "top_decile_gap": 0.0, "stratum": "metropolitan", "scored": 1}, "geometry": {"type": "Polygon", "coordinates": [[[-77.8942, 39.6289], [-77.8938, 39.6466], [-77.8819, 39.6571], [-77.884, 39.6587], [-77.8871, 39.673], [-77.8822, 39.6938], [-77.8889, 39.7024], [-77.876, 39.7222], [-77.8476, 39.722], [-77.8441, 39.7136], [-77.8274, 39.6981], [-77.8141, 39.6903], [-77.7897, 39.6816], [-77.7972, 39.6646], [-77.8007, 39.6487], [-77.8063, 39.6407], [-77.8097, 39.63], [-77.8223, 39.6374], [-77.816, 39.6195], [-77.8179, 39.6177], [-77.8261, 39.6252], [-77.8287, 39.6241], [-77.8288, 39.6199], [-77.8185, 39.6082], [-77.8232, 39.6015], [-77.8316, 39.6003], [-77.838, 39.6061], [-77.8578, 39.6079], [-77.8851, 39.6158], [-77.887, 39.6133], [-77.8811, 39.6062], [-77.883, 39.5988], [-77.8885, 39.5973], [-77.9094, 39.6015], [-77.9095, 39.6054], [-77.8942, 39.6289]]]}}, {"type": "Feature", "properties": {"fips": "24023000602", "gap_national": -31.1, "gap_stratum": -69.9, "burden": 52.0, "capacity": 74.6, "svi": 0.1, "top_decile_gap": 0.0, "stratum": "rural", "scored": 1}, "geometry": {"type": "Polygon", "coordinates": [[[-79.4824, 39.5317], [-79.4789, 39.5317], [-79.4786, 39.5561], [-79.4638, 39.5515], [-79.4532, 39.5541], [-79.4477, 39.5583], [-79.4471, 39.563], [-79.4445, 39.5649], [-79.4235, 39.5661], [-79.4197, 39.5709], [-79.3987, 39.5709], [-79.3928, 39.5753], [-79.3902, 39.5681], [-79.3703, 39.562], [-79.3707, 39.5588], [-79.3913, 39.5462], [-79.4097, 39.5283], [-79.4051, 39.5222], [-79.4016, 39.5231], [-79.4039, 39.5099], [-79.4085, 39.5057], [-79.3939, 39.4962], [-79.3912, 39.4901], [-79.4092, 39.4574], [-79.4076, 39.4512], [-79.4095, 39.4371], [-79.4173, 39.4406], [-79.4183, 39.4377], [-79.4116, 39.4304], [-79.4209, 39.4264], [-79.4226, 39.4216], [-79.432, 39.421], [-79.4324, 39.4161], [-79.4394, 39.4065], [-79.4516, 39.4025], [-79.4466, 39.4004], [-79.4487, 39.3972], [-79.4535, 39.3984], [-79.4546, 39.3943], [-79.4609, 39.3939], [-79.4644, 39.3902], [-79.4626, 39.3879], [-79.4654, 39.3888], [-79.4697, 39.3847], [-79.484, 39.3828], [-79.4824, 39.5317]]]}}, {"type": "Feature", "properties": {"fips": "24013505207", "gap_national": -34.9, "gap_stratum": -33.9, "burden": 21.1, "capacity": 52.4, "svi": 0.09, "top_decile_gap": 0.0, "stratum": "metropolitan", "scored": 1}, "geometry": {"type": "Polygon", "coordinates": [[[-76.9726, 39.4108], [-76.9507, 39.4042], [-76.9596, 39.3925], [-76.9649, 39.3892], [-76.967, 39.3823], [-76.9809, 39.3925], [-76.9726, 39.4108]]]}}, {"type": "Feature", "properties": {"fips": "24035810100", "gap_national": -6.6, "gap_stratum": -42.8, "burden": 61.4, "capacity": 64.5, "svi": 0.47, "top_decile_gap": 0.0, "stratum": "small_town", "scored": 1}, "geometry": {"type": "Polygon", "coordinates": [[[-76.0282, 39.2262], [-76.0205, 39.2274], [-76.0088, 39.2403], [-75.9988, 39.2381], [-75.9878, 39.2393], [-75.9853, 39.246], [-75.9704, 39.2464], [-75.9584, 39.2408], [-75.9485, 39.2424], [-75.9407, 39.2385], [-75.925, 39.2441], [-75.9176, 39.2433], [-75.895, 39.2471], [-75.8942, 39.2525], [-75.8918, 39.2541], [-75.8857, 39.2492], [-75.8801, 39.2515], [-75.8743, 39.2497], [-75.8742, 39.2542], [-75.8647, 39.2615], [-75.8554, 39.2618], [-75.8397, 39.2577], [-75.8391, 39.2538], [-75.8345, 39.2537], [-75.8201, 39.2462], [-75.817, 39.2393], [-75.8213, 39.2375], [-75.826, 39.2252], [-75.8355, 39.2333], [-75.8392, 39.2305], [-75.8562, 39.2315], [-75.8698, 39.2265], [-75.8634, 39.2116], [-75.8631, 39.2027], [-75.8773, 39.2039], [-75.8956, 39.2017], [-75.8992, 39.1981], [-75.8937, 39.1917], [-75.8924, 39.1843], [-75.9198, 39.1721], [-75.9192, 39.1777], [-75.9374, 39.1854], [-75.9529, 39.1785], [-75.9596, 39.1785], [-75.962, 39.1852], [-75.9876, 39.1837], [-75.9889, 39.1888], [-76.0037, 39.1884], [-76.0056, 39.1906], [-76.0034, 39.205], [-76.0102, 39.2031], [-76.0096, 39.2099], [-76.0179, 39.2106], [-76.0177, 39.2129], [-76.033, 39.2177], [-76.0369, 39.2212], [-76.0282, 39.2262]]]}}, {"type": "Feature", "properties": {"fips": "24035810600", "gap_national": -45.8, "gap_stratum": -37.5, "burden": 46.6, "capacity": 83.1, "svi": 0.12, "top_decile_gap": 0.0, "stratum": "metropolitan", "scored": 1}, "geometry": {"type": "Polygon", "coordinates": [[[-76.2, 38.9384], [-76.1899, 38.9347], [-76.1698, 38.9397], [-76.1722, 38.9641], [-76.1912, 38.9799], [-76.164, 38.9995], [-76.1629, 39.0061], [-76.1678, 39.0202], [-76.1783, 39.0317], [-76.1755, 39.0423], [-76.1842, 39.0463], [-76.1753, 39.0588], [-76.1691, 39.0628], [-76.1644, 39.0635], [-76.1651, 39.0533], [-76.1397, 39.0376], [-76.1384, 39.0298], [-76.14, 39.0268], [-76.1362, 39.0196], [-76.1157, 39.0212], [-76.0989, 39.013], [-76.0763, 39.0147], [-76.0733, 39.0003], [-76.0754, 38.9933], [-76.0698, 38.9766], [-76.0766, 38.9673], [-76.0802, 38.9441], [-76.0836, 38.9412], [-76.0905, 38.9451], [-76.1014, 38.9414], [-76.111, 38.9267], [-76.1107, 38.9206], [-76.1155, 38.9137], [-76.1115, 38.911], [-76.1134, 38.9045], [-76.1027, 38.8902], [-76.1035, 38.8823], [-76.1143, 38.8808], [-76.1214, 38.8824], [-76.128, 38.876], [-76.1321, 38.8795], [-76.1465, 38.8825], [-76.1625, 38.881], [-76.1699, 38.8656], [-76.1779, 38.8652], [-76.1822, 38.8586], [-76.1924, 38.8638], [-76.2017, 38.8481], [-76.2063, 38.8556], [-76.2026, 38.8626], [-76.1968, 38.8951], [-76.2013, 38.8962], [-76.2033, 38.8944], [-76.2052, 38.9088], [-76.2025, 38.9251], [-76.2051, 38.9309], [-76.2075, 38.9312], [-76.2, 38.9384]]]}}, {"type": "Feature", "properties": {"fips": "24011955201", "gap_national": 17.5, "gap_stratum": -0.3, "burden": 69.3, "capacity": 54.8, "svi": 0.68, "top_decile_gap": 0.0, "stratum": "rural", "scored": 1}, "geometry": {"type": "Polygon", "coordinates": [[[-75.9368, 38.9718], [-75.9409, 38.9763], [-75.9346, 38.9802], [-75.9337, 38.9854], [-75.9285, 38.9887], [-75.9297, 38.9907], [-75.922, 38.9944], [-75.9196, 39.0001], [-75.9107, 39.0044], [-75.9088, 39.0106], [-75.9041, 39.0104], [-75.9038, 39.0168], [-75.8993, 39.0142], [-75.8908, 39.0183], [-75.8849, 39.0174], [-75.8735, 39.0102], [-75.8742, 39.0011], [-75.8459, 38.987], [-75.8471, 38.9798], [-75.8379, 38.9763], [-75.8339, 38.969], [-75.8248, 38.9638], [-75.8273, 38.9611], [-75.8244, 38.959], [-75.8266, 38.9554], [-75.8317, 38.9538], [-75.8287, 38.9498], [-75.8249, 38.9508], [-75.827, 38.9495], [-75.8278, 38.937], [-75.8332, 38.9365], [-75.8348, 38.9337], [-75.8271, 38.9253], [-75.8322, 38.9179], [-75.8296, 38.9132], [-75.8371, 38.9103], [-75.8378, 38.9076], [-75.8513, 38.9072], [-75.8536, 38.9114], [-75.8645, 38.918], [-75.8708, 38.9109], [-75.8927, 38.9206], [-75.8946, 38.9353], [-75.899, 38.9336], [-75.9093, 38.9398], [-75.9083, 38.9469], [-75.9138, 38.9544], [-75.9139, 38.9579], [-75.9266, 38.9667], [-75.9428, 38.9671], [-75.9368, 38.9718]]]}}, {"type": "Feature", "properties": {"fips": "24009860703", "gap_national": -11.3, "gap_stratum": -3.8, "burden": 59.0, "capacity": 65.8, "svi": 0.23, "top_decile_gap": 0.0, "stratum": "metropolitan", "scored": 1}, "geometry": {"type": "Polygon", "coordinates": [[[-76.6687, 38.5125], [-76.6356, 38.5068], [-76.6235, 38.5109], [-76.6182, 38.5225], [-76.6097, 38.5324], [-76.5882, 38.5368], [-76.5813, 38.5323], [-76.5643, 38.5101], [-76.5812, 38.4979], [-76.594, 38.4941], [-76.5926, 38.4911], [-76.5952, 38.4851], [-76.5921, 38.4834], [-76.5969, 38.4788], [-76.5971, 38.4734], [-76.5947, 38.4609], [-76.6055, 38.4436], [-76.6108, 38.4272], [-76.6247, 38.4437], [-76.6539, 38.4634], [-76.6521, 38.4738], [-76.6659, 38.4944], [-76.6744, 38.5001], [-76.6687, 38.5125]]]}}, {"type": "Feature", "properties": {"fips": "24001001503", "gap_national": 14.7, "gap_stratum": 3.9, "burden": 81.8, "capacity": 65.6, "svi": 0.42, "top_decile_gap": 0.0, "stratum": "micropolitan", "scored": 1}, "geometry": {"type": "Polygon", "coordinates": [[[-78.9153, 39.6944], [-78.9159, 39.7016], [-78.9099, 39.7069], [-78.912, 39.7146], [-78.9031, 39.7228], [-78.8154, 39.7229], [-78.812, 39.7211], [-78.8115, 39.7154], [-78.8185, 39.7084], [-78.8233, 39.7078], [-78.8249, 39.6984], [-78.8221, 39.6974], [-78.8232, 39.6955], [-78.8347, 39.699], [-78.8445, 39.6968], [-78.8562, 39.6824], [-78.8588, 39.6844], [-78.8578, 39.6909], [-78.866, 39.6906], [-78.8718, 39.6938], [-78.8843, 39.6878], [-78.8816, 39.6785], [-78.8887, 39.6776], [-78.8935, 39.6729], [-78.8956, 39.6785], [-78.8917, 39.6796], [-78.8909, 39.6846], [-78.9129, 39.6834], [-78.9184, 39.6893], [-78.9153, 39.6944]]]}}, {"type": "Feature", "properties": {"fips": "24027601204", "gap_national": -34.3, "gap_stratum": -34.9, "burden": 14.4, "capacity": 47.0, "svi": 0.56, "top_decile_gap": 0.0, "stratum": "metropolitan", "scored": 1}, "geometry": {"type": "Polygon", "coordinates": [[[-76.7389, 39.2118], [-76.7385, 39.2102], [-76.7433, 39.2089], [-76.737, 39.2003], [-76.7316, 39.1961], [-76.7276, 39.1959], [-76.7199, 39.1899], [-76.7201, 39.1874], [-76.722, 39.183], [-76.7295, 39.1838], [-76.7406, 39.1792], [-76.7666, 39.1974], [-76.7389, 39.2118]]]}}, {"type": "Feature", "properties": {"fips": "24027601203", "gap_national": -24.6, "gap_stratum": -24.4, "burden": 18.4, "capacity": 42.9, "svi": 0.51, "top_decile_gap": 0.0, "stratum": "metropolitan", "scored": 1}, "geometry": {"type": "Polygon", "coordinates": [[[-76.7666, 39.1974], [-76.7406, 39.1792], [-76.7464, 39.1795], [-76.7604, 39.1689], [-76.777, 39.1509], [-76.7817, 39.1663], [-76.7905, 39.1777], [-76.7666, 39.1974]]]}}, {"type": "Feature", "properties": {"fips": "24009860502", "gap_national": -45.2, "gap_stratum": -37.2, "burden": 43.2, "capacity": 78.2, "svi": 0.01, "top_decile_gap": 0.0, "stratum": "metropolitan", "scored": 1}, "geometry": {"type": "Polygon", "coordinates": [[[-76.5411, 38.5587], [-76.5364, 38.5677], [-76.5374, 38.5791], [-76.5326, 38.5802], [-76.5263, 38.5863], [-76.5275, 38.5971], [-76.522, 38.6069], [-76.5257, 38.608], [-76.5346, 38.6275], [-76.5286, 38.6358], [-76.529, 38.6443], [-76.5242, 38.6452], [-76.5156, 38.6294], [-76.5113, 38.6157], [-76.5163, 38.5902], [-76.5151, 38.5558], [-76.5175, 38.5371], [-76.5462, 38.5322], [-76.5528, 38.5564], [-76.5411, 38.5587]]]}}, {"type": "Feature", "properties": {"fips": "24009860402", "gap_national": -28.6, "gap_stratum": -22.4, "burden": 40.6, "capacity": 63.2, "svi": 0.02, "top_decile_gap": 0.0, "stratum": "metropolitan", "scored": 1}, "geometry": {"type": "Polygon", "coordinates": [[[-76.5672, 38.6621], [-76.5655, 38.6671], [-76.5604, 38.6673], [-76.5577, 38.6798], [-76.5488, 38.6828], [-76.5482, 38.6874], [-76.5446, 38.6867], [-76.5372, 38.6924], [-76.5325, 38.6914], [-76.5324, 38.6784], [-76.5267, 38.6546], [-76.5368, 38.6552], [-76.5386, 38.653], [-76.5623, 38.6472], [-76.5669, 38.6503], [-76.5692, 38.6649], [-76.5672, 38.6621]]]}}, {"type": "Feature", "properties": {"fips": "24035810700", "gap_national": -17.3, "gap_stratum": -47.7, "burden": 52.2, "capacity": 64.5, "svi": 0.49, "top_decile_gap": 0.0, "stratum": "micropolitan", "scored": 1}, "geometry": {"type": "Polygon", "coordinates": [[[-76.2471, 38.9808], [-76.2441, 38.9807], [-76.2386, 38.9735], [-76.2309, 38.9739], [-76.2321, 38.9791], [-76.2294, 38.9799], [-76.2262, 38.9746], [-76.2189, 38.9705], [-76.2024, 38.9731], [-76.1901, 38.9806], [-76.179, 38.9678], [-76.1771, 38.9694], [-76.1722, 38.9641], [-76.1698, 38.9397], [-76.1899, 38.9347], [-76.2, 38.9384], [-76.2075, 38.9312], [-76.213, 38.9336], [-76.2138, 38.9374], [-76.2094, 38.9388], [-76.21, 38.9463], [-76.213, 38.9432], [-76.2245, 38.9472], [-76.2275, 38.9416], [-76.2348, 38.9425], [-76.2373, 38.9494], [-76.2365, 38.9542], [-76.2457, 38.9661], [-76.2471, 38.9808]]]}}, {"type": "Feature", "properties": {"fips": "24037875904", "gap_national": 47.1, "gap_stratum": 49.5, "burden": 76.9, "capacity": 39.5, "svi": 0.78, "top_decile_gap": 0.0, "stratum": "metropolitan", "scored": 1}, "geometry": {"type": "Polygon", "coordinates": [[[-76.496, 38.2367], [-76.4883, 38.2495], [-76.4914, 38.2568], [-76.4889, 38.2604], [-76.4841, 38.2655], [-76.4817, 38.2625], [-76.4769, 38.264], [-76.4755, 38.2571], [-76.4568, 38.2418], [-76.46, 38.2331], [-76.4564, 38.2234], [-76.4376, 38.2216], [-76.422, 38.2163], [-76.4538, 38.2048], [-76.4699, 38.2116], [-76.4771, 38.2191], [-76.485, 38.2205], [-76.4864, 38.224], [-76.4931, 38.2272], [-76.49, 38.2306], [-76.4948, 38.2314], [-76.4948, 38.2346], [-76.498, 38.2371], [-76.496, 38.2367]]]}}, {"type": "Feature", "properties": {"fips": "24037875803", "gap_national": -33.6, "gap_stratum": -30.4, "burden": 28.7, "capacity": 57.4, "svi": 0.22, "top_decile_gap": 0.0, "stratum": "metropolitan", "scored": 1}, "geometry": {"type": "Polygon", "coordinates": [[[-76.5243, 38.3241], [-76.5144, 38.3207], [-76.5114, 38.3228], [-76.5136, 38.3303], [-76.5044, 38.3353], [-76.5018, 38.3423], [-76.485, 38.3359], [-76.4894, 38.328], [-76.4876, 38.3263], [-76.478, 38.3271], [-76.472, 38.325], [-76.4769, 38.3171], [-76.4763, 38.3135], [-76.4592, 38.2944], [-76.4419, 38.2916], [-76.4351, 38.2927], [-76.4265, 38.2969], [-76.4227, 38.3048], [-76.4089, 38.3045], [-76.4018, 38.3066], [-76.4001, 38.3095], [-76.375, 38.2994], [-76.3766, 38.2945], [-76.3942, 38.2782], [-76.3986, 38.2639], [-76.4083, 38.2672], [-76.4206, 38.2626], [-76.4196, 38.2558], [-76.4233, 38.2475], [-76.4362, 38.2577], [-76.4583, 38.2685], [-76.467, 38.2798], [-76.4779, 38.2867], [-76.5293, 38.3078], [-76.5394, 38.3185], [-76.5243, 38.3241]]]}}, {"type": "Feature", "properties": {"fips": "24003741000", "gap_national": -26.9, "gap_stratum": -19.9, "burden": 44.2, "capacity": 64.7, "svi": 0.07, "top_decile_gap": 0.0, "stratum": "metropolitan", "scored": 1}, "geometry": {"type": "Polygon", "coordinates": [[[-76.6804, 39.1021], [-76.6695, 39.1097], [-76.6585, 39.1082], [-76.6515, 39.1106], [-76.6515, 39.1083], [-76.6412, 39.128], [-76.6305, 39.1061], [-76.6252, 39.0882], [-76.6259, 39.083], [-76.6348, 39.0862], [-76.6554, 39.0851], [-76.6635, 39.0721], [-76.669, 39.0678], [-76.6752, 39.0737], [-76.6751, 39.0789], [-76.6788, 39.08], [-76.6759, 39.0814], [-76.677, 39.0876], [-76.6855, 39.102], [-76.6804, 39.1021]]]}}, {"type": "Feature", "properties": {"fips": "24003702602", "gap_national": -66.5, "gap_stratum": -60.4, "burden": 33.6, "capacity": 91.4, "svi": 0.02, "top_decile_gap": 0.0, "stratum": "metropolitan", "scored": 1}, "geometry": {"type": "Polygon", "coordinates": [[[-76.4863, 38.9463], [-76.4813, 38.9518], [-76.4731, 38.9531], [-76.4647, 38.947], [-76.4578, 38.9484], [-76.4503, 38.9411], [-76.4597, 38.9339], [-76.4636, 38.9275], [-76.4588, 38.9152], [-76.4603, 38.9071], [-76.4694, 38.9076], [-76.4695, 38.9115], [-76.4758, 38.9145], [-76.4872, 38.9256], [-76.4858, 38.9367], [-76.4881, 38.9373], [-76.4904, 38.9398], [-76.488, 38.9378], [-76.4893, 38.9435], [-76.4936, 38.9452], [-76.4934, 38.9489], [-76.4863, 38.9463]]]}}, {"type": "Feature", "properties": {"fips": "24003702402", "gap_national": -60.5, "gap_stratum": -53.5, "burden": 37.9, "capacity": 89.7, "svi": 0.35, "top_decile_gap": 0.0, "stratum": "metropolitan", "scored": 1}, "geometry": {"type": "Polygon", "coordinates": [[[-76.5768, 39.0154], [-76.5697, 39.0147], [-76.5573, 39.0038], [-76.5479, 38.9859], [-76.536, 38.9832], [-76.5476, 38.9607], [-76.555, 38.9515], [-76.5757, 38.9562], [-76.5761, 38.972], [-76.5673, 38.9886], [-76.5731, 39.0059], [-76.5795, 39.0123], [-76.5768, 39.0154]]]}}, {"type": "Feature", "properties": {"fips": "24003731306", "gap_national": -37.5, "gap_stratum": -29.9, "burden": 42.8, "capacity": 71.2, "svi": 0.06, "top_decile_gap": 0.0, "stratum": "metropolitan", "scored": 1}, "geometry": {"type": "Polygon", "coordinates": [[[-76.5112, 39.1524], [-76.5017, 39.1562], [-76.4905, 39.1561], [-76.484, 39.1644], [-76.4783, 39.1671], [-76.4715, 39.1547], [-76.4373, 39.1358], [-76.4421, 39.1315], [-76.4433, 39.1266], [-76.4505, 39.1287], [-76.4578, 39.1265], [-76.4649, 39.1282], [-76.4836, 39.1247], [-76.4891, 39.1273], [-76.4972, 39.1269], [-76.5082, 39.134], [-76.516, 39.1326], [-76.5235, 39.1386], [-76.5112, 39.1524]]]}}, {"type": "Feature", "properties": {"fips": "24031703206", "gap_national": -48.1, "gap_stratum": -44.5, "burden": 25.4, "capacity": 64.3, "svi": 0.48, "top_decile_gap": 0.0, "stratum": "metropolitan", "scored": 1}, "geometry": {"type": "Polygon", "coordinates": [[[-77.0471, 39.0816], [-77.0459, 39.0691], [-77.0511, 39.0603], [-77.0694, 39.0766], [-77.0471, 39.0816]]]}}, {"type": "Feature", "properties": {"fips": "24031700101", "gap_national": -60.2, "gap_stratum": -55.8, "burden": 24.5, "capacity": 72.4, "svi": 0.11, "top_decile_gap": 0.0, "stratum": "metropolitan", "scored": 1}, "geometry": {"type": "Polygon", "coordinates": [[[-77.2053, 39.2177], [-77.2059, 39.2203], [-77.2023, 39.2211], [-77.2025, 39.2233], [-77.1869, 39.2292], [-77.1789, 39.2374], [-77.174, 39.2392], [-77.1729, 39.244], [-77.156, 39.2635], [-77.1587, 39.2692], [-77.1693, 39.2732], [-77.1685, 39.2763], [-77.1641, 39.2777], [-77.1556, 39.2741], [-77.1437, 39.2548], [-77.1426, 39.2121], [-77.1403, 39.2031], [-77.1442, 39.1975], [-77.1623, 39.1948], [-77.1708, 39.1902], [-77.1933, 39.1978], [-77.1996, 39.1976], [-77.2034, 39.1996], [-77.2053, 39.2056], [-77.2064, 39.2102], [-77.2037, 39.2123], [-77.2105, 39.217], [-77.2053, 39.2177]]]}}, {"type": "Feature", "properties": {"fips": "24031703202", "gap_national": -57.5, "gap_stratum": -52.4, "burden": 27.8, "capacity": 73.3, "svi": 0.53, "top_decile_gap": 0.0, "stratum": "metropolitan", "scored": 1}, "geometry": {"type": "Polygon", "coordinates": [[[-77.1126, 39.0952], [-77.0759, 39.1094], [-77.0795, 39.0932], [-77.0913, 39.0949], [-77.0943, 39.0888], [-77.0982, 39.0875], [-77.1028, 39.0902], [-77.1086, 39.0823], [-77.1152, 39.09], [-77.1126, 39.0952]]]}}, {"type": "Feature", "properties": {"fips": "24009860501", "gap_national": -44.4, "gap_stratum": -38.7, "burden": 33.4, "capacity": 68.2, "svi": 0.02, "top_decile_gap": 0.0, "stratum": "metropolitan", "scored": 1}, "geometry": {"type": "Polygon", "coordinates": [[[-76.6103, 38.6233], [-76.605, 38.6302], [-76.5961, 38.6269], [-76.5859, 38.6287], [-76.5711, 38.6248], [-76.5642, 38.6283], [-76.5431, 38.624], [-76.5404, 38.6268], [-76.5346, 38.6275], [-76.5257, 38.608], [-76.522, 38.6069], [-76.5218, 38.6047], [-76.5275, 38.5971], [-76.5263, 38.5863], [-76.5326, 38.5802], [-76.5374, 38.5791], [-76.5364, 38.5677], [-76.5411, 38.5587], [-76.5528, 38.5564], [-76.5534, 38.5688], [-76.5587, 38.5741], [-76.5669, 38.5896], [-76.5828, 38.5902], [-76.5886, 38.5848], [-76.6027, 38.5828], [-76.612, 38.5903], [-76.6147, 38.6006], [-76.6103, 38.6233]]]}}, {"type": "Feature", "properties": {"fips": "24033801216", "gap_national": 7.3, "gap_stratum": 11.8, "burden": 77.4, "capacity": 67.6, "svi": 0.51, "top_decile_gap": 0.0, "stratum": "metropolitan", "scored": 1}, "geometry": {"type": "Polygon", "coordinates": [[[-76.9239, 38.7544], [-76.9191, 38.7555], [-76.9261, 38.7634], [-76.9187, 38.767], [-76.9146, 38.7672], [-76.9144, 38.7616], [-76.8981, 38.7653], [-76.8953, 38.759], [-76.8957, 38.7518], [-76.9197, 38.7287], [-76.9291, 38.7378], [-76.932, 38.7477], [-76.9239, 38.7544]]]}}, {"type": "Feature", "properties": {"fips": "24031700828", "gap_national": -80.1, "gap_stratum": -77.9, "burden": 12.9, "capacity": 78.9, "svi": 0.06, "top_decile_gap": 0.0, "stratum": "metropolitan", "scored": 1}, "geometry": {"type": "Polygon", "coordinates": [[[-77.2267, 39.1135], [-77.2243, 39.1197], [-77.2225, 39.1132], [-77.2173, 39.1101], [-77.2206, 39.1027], [-77.2351, 39.1075], [-77.2267, 39.1135]]]}}, {"type": "Feature", "properties": {"fips": "24021750804", "gap_national": -58.7, "gap_stratum": -55.9, "burden": 20.0, "capacity": 67.5, "svi": 0.22, "top_decile_gap": 0.0, "stratum": "metropolitan", "scored": 1}, "geometry": {"type": "Polygon", "coordinates": [[[-77.4034, 39.428], [-77.3902, 39.4331], [-77.3809, 39.43], [-77.3977, 39.4183], [-77.4022, 39.4166], [-77.4047, 39.4187], [-77.4034, 39.428]]]}}, {"type": "Feature", "properties": {"fips": "24031700733", "gap_national": -4.2, "gap_stratum": -1.9, "burden": 24.9, "capacity": 32.2, "svi": 0.73, "top_decile_gap": 0.0, "stratum": "metropolitan", "scored": 1}, "geometry": {"type": "Polygon", "coordinates": [[[-77.2267, 39.1678], [-77.2143, 39.1667], [-77.2077, 39.1639], [-77.2077, 39.1557], [-77.2169, 39.1488], [-77.2325, 39.161], [-77.2267, 39.1678]]]}}, {"type": "Feature", "properties": {"fips": "24031700315", "gap_national": -59.4, "gap_stratum": -60.0, "burden": 8.2, "capacity": 60.3, "svi": 0.21, "top_decile_gap": 0.0, "stratum": "metropolitan", "scored": 1}, "geometry": {"type": "Polygon", "coordinates": [[[-77.2542, 39.2515], [-77.2429, 39.2626], [-77.236, 39.2657], [-77.2362, 39.2628], [-77.2297, 39.2532], [-77.237, 39.2412], [-77.2486, 39.2364], [-77.2583, 39.2258], [-77.2627, 39.2327], [-77.2712, 39.2397], [-77.2542, 39.2515]]]}}, {"type": "Feature", "properties": {"fips": "24031700839", "gap_national": -48.4, "gap_stratum": -50.5, "burden": 3.6, "capacity": 51.1, "svi": 0.18, "top_decile_gap": 0.0, "stratum": "metropolitan", "scored": 1}, "geometry": {"type": "Polygon", "coordinates": [[[-77.1983, 39.1218], [-77.1876, 39.1111], [-77.1883, 39.1095], [-77.1918, 39.111], [-77.1952, 39.107], [-77.2105, 39.1123], [-77.1983, 39.1218]]]}}, {"type": "Feature", "properties": {"fips": "24031700729", "gap_national": -2.0, "gap_stratum": 1.2, "burden": 31.2, "capacity": 36.6, "svi": 0.65, "top_decile_gap": 0.0, "stratum": "metropolitan", "scored": 1}, "geometry": {"type": "Polygon", "coordinates": [[[-77.1765, 39.1557], [-77.1721, 39.1588], [-77.1638, 39.1546], [-77.1675, 39.1488], [-77.1742, 39.1538], [-77.1905, 39.1564], [-77.1921, 39.1601], [-77.1765, 39.1557]]]}}, {"type": "Feature", "properties": {"fips": "24033800218", "gap_national": 40.0, "gap_stratum": 45.9, "burden": 61.5, "capacity": 30.6, "svi": 0.86, "top_decile_gap": 0.0, "stratum": "metropolitan", "scored": 1}, "geometry": {"type": "Polygon", "coordinates": [[[-76.8656, 39.0755], [-76.8588, 39.0733], [-76.8479, 39.0737], [-76.8432, 39.0701], [-76.8644, 39.0608], [-76.8674, 39.0694], [-76.8767, 39.0682], [-76.8656, 39.0755]]]}}, {"type": "Feature", "properties": {"fips": "24031706012", "gap_national": -45.1, "gap_stratum": -37.1, "burden": 42.9, "capacity": 77.8, "svi": 0.77, "top_decile_gap": 0.0, "stratum": "metropolitan", "scored": 1}, "geometry": {"type": "Polygon", "coordinates": [[[-77.157, 39.0261], [-77.1569, 39.0331], [-77.1535, 39.0354], [-77.1542, 39.0375], [-77.1458, 39.0378], [-77.1419, 39.0301], [-77.1428, 39.0215], [-77.1503, 39.0207], [-77.154, 39.0232], [-77.1614, 39.0233], [-77.1609, 39.026], [-77.157, 39.0261]]]}}, {"type": "Feature", "properties": {"fips": "24005408304", "gap_national": -50.7, "gap_stratum": -42.6, "burden": 49.2, "capacity": 98.2, "svi": 0.29, "top_decile_gap": 0.0, "stratum": "metropolitan", "scored": 1}, "geometry": {"type": "Polygon", "coordinates": [[[-76.7086, 39.4958], [-76.6823, 39.4978], [-76.6675, 39.4951], [-76.6621, 39.4672], [-76.6572, 39.461], [-76.6467, 39.4547], [-76.6541, 39.4529], [-76.6591, 39.4545], [-76.6616, 39.4582], [-76.6692, 39.4556], [-76.6732, 39.4588], [-76.6854, 39.4479], [-76.6919, 39.4567], [-76.6948, 39.4569], [-76.6992, 39.4617], [-76.7013, 39.4689], [-76.7077, 39.477], [-76.7079, 39.4898], [-76.71, 39.4925], [-76.7086, 39.4958]]]}}, {"type": "Feature", "properties": {"fips": "24021752603", "gap_national": -59.4, "gap_stratum": -54.1, "burden": 28.0, "capacity": 75.0, "svi": 0.03, "top_decile_gap": 0.0, "stratum": "metropolitan", "scored": 1}, "geometry": {"type": "Polygon", "coordinates": [[[-77.5268, 39.4376], [-77.519, 39.4347], [-77.5092, 39.4584], [-77.5049, 39.4541], [-77.5018, 39.4453], [-77.4901, 39.4385], [-77.4887, 39.4274], [-77.4851, 39.4217], [-77.5034, 39.4242], [-77.5058, 39.4187], [-77.5136, 39.4147], [-77.5174, 39.4193], [-77.5212, 39.4172], [-77.5244, 39.4241], [-77.534, 39.4323], [-77.5268, 39.4376]]]}}, {"type": "Feature", "properties": {"fips": "24021752001", "gap_national": -45.9, "gap_stratum": -42.3, "burden": 26.3, "capacity": 63.6, "svi": 0.08, "top_decile_gap": 0.0, "stratum": "metropolitan", "scored": 1}, "geometry": {"type": "Polygon", "coordinates": [[[-77.2012, 39.3816], [-77.2004, 39.3869], [-77.1933, 39.3912], [-77.1825, 39.3934], [-77.179, 39.4], [-77.1714, 39.3988], [-77.1703, 39.4012], [-77.1629, 39.3991], [-77.1538, 39.3897], [-77.1582, 39.3735], [-77.1644, 39.3681], [-77.1673, 39.3591], [-77.2096, 39.3709], [-77.2012, 39.3816]]]}}, {"type": "Feature", "properties": {"fips": "24033801106", "gap_national": -12.8, "gap_stratum": -12.5, "burden": 15.1, "capacity": 30.1, "svi": 0.13, "top_decile_gap": 0.0, "stratum": "metropolitan", "scored": 1}, "geometry": {"type": "Polygon", "coordinates": [[[-76.8957, 38.8068], [-76.8812, 38.8065], [-76.8781, 38.8263], [-76.8724, 38.8288], [-76.8568, 38.8297], [-76.8491, 38.8205], [-76.8489, 38.8054], [-76.8516, 38.8068], [-76.8535, 38.8032], [-76.8518, 38.7981], [-76.8567, 38.7959], [-76.857, 38.7892], [-76.8644, 38.7884], [-76.8612, 38.7859], [-76.8646, 38.7823], [-76.8887, 38.7838], [-76.8865, 38.7878], [-76.8966, 38.7947], [-76.8985, 38.803], [-76.8957, 38.8068]]]}}, {"type": "Feature", "properties": {"fips": "24017851004", "gap_national": -11.0, "gap_stratum": -38.9, "burden": 60.0, "capacity": 66.4, "svi": 0.54, "top_decile_gap": 0.0, "stratum": "micropolitan", "scored": 1}, "geometry": {"type": "Polygon", "coordinates": [[[-76.9784, 38.5709], [-76.9535, 38.5813], [-76.9414, 38.5914], [-76.9348, 38.5842], [-76.9382, 38.5776], [-76.9386, 38.5674], [-76.9271, 38.5435], [-76.9506, 38.5375], [-76.9594, 38.5314], [-76.9687, 38.5318], [-76.9756, 38.5291], [-76.977, 38.514], [-76.9821, 38.515], [-76.9863, 38.5607], [-76.9784, 38.5709]]]}}, {"type": "Feature", "properties": {"fips": "24033805202", "gap_national": 50.6, "gap_stratum": 55.3, "burden": 69.5, "capacity": 29.6, "svi": 0.96, "top_decile_gap": 0.0, "stratum": "metropolitan", "scored": 1}, "geometry": {"type": "Polygon", "coordinates": [[[-76.9905, 38.9756], [-76.9796, 38.9723], [-76.988, 38.9664], [-76.9926, 38.9701], [-76.9984, 38.971], [-76.9905, 38.9756]]]}}, {"type": "Feature", "properties": {"fips": "24033804600", "gap_national": 55.1, "gap_stratum": 61.0, "burden": 66.6, "capacity": 21.5, "svi": 0.79, "top_decile_gap": 1.0, "stratum": "metropolitan", "scored": 1}, "geometry": {"type": "Polygon", "coordinates": [[[-76.9536, 38.9487], [-76.9464, 38.9449], [-76.9555, 38.9351], [-76.9574, 38.941], [-76.961, 38.941], [-76.9623, 38.9485], [-76.9536, 38.9487]]]}}, {"type": "Feature", "properties": {"fips": "24033806712", "gap_national": 9.6, "gap_stratum": 15.3, "burden": 61.1, "capacity": 53.6, "svi": 0.79, "top_decile_gap": 0.0, "stratum": "metropolitan", "scored": 1}, "geometry": {"type": "Polygon", "coordinates": [[[-76.8716, 38.9979], [-76.8652, 39.003], [-76.8585, 39.0199], [-76.8499, 39.0164], [-76.85, 39.0053], [-76.8429, 38.9921], [-76.8643, 38.9917], [-76.8809, 38.9949], [-76.8716, 38.9979]]]}}, {"type": "Feature", "properties": {"fips": "24033806601", "gap_national": 46.7, "gap_stratum": 54.6, "burden": 49.2, "capacity": 7.1, "svi": 0.77, "top_decile_gap": 0.0, "stratum": "metropolitan", "scored": 1}, "geometry": {"type": "Polygon", "coordinates": [[[-76.92, 38.9606], [-76.9055, 38.9612], [-76.9094, 38.9531], [-76.9231, 38.9553], [-76.92, 38.9606]]]}}, {"type": "Feature", "properties": {"fips": "24033806800", "gap_national": 1.2, "gap_stratum": 4.6, "burden": 31.2, "capacity": 33.8, "svi": 0.53, "top_decile_gap": 0.0, "stratum": "metropolitan", "scored": 1}, "geometry": {"type": "Polygon", "coordinates": [[[-76.9201, 38.998], [-76.9017, 38.9949], [-76.9089, 38.9875], [-76.9141, 38.9751], [-76.9194, 38.9757], [-76.9167, 38.9802], [-76.921, 38.9912], [-76.9229, 38.9914], [-76.9201, 38.998]]]}}, {"type": "Feature", "properties": {"fips": "24510270501", "gap_national": -14.5, "gap_stratum": -6.9, "burden": 56.4, "capacity": 66.0, "svi": 0.26, "top_decile_gap": 0.0, "stratum": "metropolitan", "scored": 1}, "geometry": {"type": "Polygon", "coordinates": [[[-76.5442, 39.3722], [-76.5298, 39.3721], [-76.5298, 39.3566], [-76.5515, 39.3639], [-76.5442, 39.3722]]]}}, {"type": "Feature", "properties": {"fips": "24013509001", "gap_national": -14.8, "gap_stratum": -7.5, "burden": 53.1, "capacity": 63.6, "svi": 0.2, "top_decile_gap": 0.0, "stratum": "metropolitan", "scored": 1}, "geometry": {"type": "Polygon", "coordinates": [[[-77.1177, 39.4786], [-77.1068, 39.4917], [-77.11, 39.4975], [-77.0909, 39.4917], [-77.0718, 39.4924], [-77.0534, 39.5014], [-77.0385, 39.5166], [-77.0305, 39.506], [-77.0077, 39.4969], [-77.0062, 39.4949], [-77.0126, 39.4896], [-77.012, 39.4852], [-77.0019, 39.479], [-77.0477, 39.4437], [-77.0914, 39.4593], [-77.1189, 39.4631], [-77.1177, 39.4786]]]}}, {"type": "Feature", "properties": {"fips": "24043011400", "gap_national": -23.0, "gap_stratum": -14.7, "burden": 62.0, "capacity": 77.8, "svi": 0.33, "top_decile_gap": 0.0, "stratum": "metropolitan", "scored": 1}, "geometry": {"type": "Polygon", "coordinates": [[[-77.7072, 39.5299], [-77.7062, 39.5323], [-77.7125, 39.5361], [-77.7095, 39.5383], [-77.7118, 39.5405], [-77.7069, 39.5449], [-77.7069, 39.5485], [-77.7105, 39.5511], [-77.7032, 39.5485], [-77.701, 39.5541], [-77.7038, 39.5566], [-77.6959, 39.5579], [-77.7016, 39.5615], [-77.6933, 39.5646], [-77.6968, 39.5678], [-77.6924, 39.5682], [-77.6895, 39.5715], [-77.6901, 39.5678], [-77.6835, 39.5588], [-77.6805, 39.5592], [-77.6656, 39.5508], [-77.647, 39.5548], [-77.6449, 39.5511], [-77.6359, 39.5511], [-77.6381, 39.5298], [-77.6323, 39.5269], [-77.6264, 39.5285], [-77.6199, 39.5243], [-77.6131, 39.5279], [-77.6226, 39.5076], [-77.6211, 39.5048], [-77.6232, 39.5011], [-77.6144, 39.4916], [-77.622, 39.4818], [-77.6167, 39.4707], [-77.6395, 39.4731], [-77.6606, 39.4717], [-77.6747, 39.4757], [-77.6684, 39.4824], [-77.6603, 39.4849], [-77.6605, 39.5038], [-77.6696, 39.5005], [-77.677, 39.5105], [-77.6781, 39.5157], [-77.6968, 39.5193], [-77.7017, 39.5177], [-77.7024, 39.5224], [-77.7116, 39.527], [-77.7118, 39.5294], [-77.7072, 39.5299]]]}}, {"type": "Feature", "properties": {"fips": "24043000500", "gap_national": 67.7, "gap_stratum": 67.9, "burden": 87.4, "capacity": 30.8, "svi": 0.96, "top_decile_gap": 1.0, "stratum": "metropolitan", "scored": 1}, "geometry": {"type": "Polygon", "coordinates": [[[-77.7126, 39.6517], [-77.7066, 39.6497], [-77.6888, 39.6515], [-77.6933, 39.6423], [-77.7139, 39.6431], [-77.7163, 39.6401], [-77.7203, 39.642], [-77.7126, 39.6517]]]}}, {"type": "Feature", "properties": {"fips": "24510270901", "gap_national": 2.5, "gap_stratum": 6.8, "burden": 80.5, "capacity": 73.7, "svi": 0.64, "top_decile_gap": 0.0, "stratum": "metropolitan", "scored": 1}, "geometry": {"type": "Polygon", "coordinates": [[[-76.5983, 39.3542], [-76.5896, 39.3554], [-76.592, 39.3462], [-76.5997, 39.3451], [-76.5983, 39.3542]]]}}, {"type": "Feature", "properties": {"fips": "24510270402", "gap_national": -21.1, "gap_stratum": -12.8, "burden": 61.8, "capacity": 75.9, "svi": 0.56, "top_decile_gap": 0.0, "stratum": "metropolitan", "scored": 1}, "geometry": {"type": "Polygon", "coordinates": [[[-76.5577, 39.3567], [-76.5427, 39.3535], [-76.5581, 39.3452], [-76.5625, 39.3511], [-76.5577, 39.3567]]]}}, {"type": "Feature", "properties": {"fips": "24510260301", "gap_national": 30.8, "gap_stratum": 31.1, "burden": 87.8, "capacity": 58.6, "svi": 0.66, "top_decile_gap": 0.0, "stratum": "metropolitan", "scored": 1}, "geometry": {"type": "Polygon", "coordinates": [[[-76.5675, 39.3264], [-76.5598, 39.321], [-76.5704, 39.3184], [-76.5737, 39.3216], [-76.5675, 39.3264]]]}}, {"type": "Feature", "properties": {"fips": "24510030200", "gap_national": -27.4, "gap_stratum": -25.1, "burden": 26.9, "capacity": 51.8, "svi": 0.42, "top_decile_gap": 0.0, "stratum": "metropolitan", "scored": 1}, "geometry": {"type": "Polygon", "coordinates": [[[-76.5997, 39.2925], [-76.599, 39.2823], [-76.6026, 39.2795], [-76.6064, 39.2907], [-76.5997, 39.2925]]]}}, {"type": "Feature", "properties": {"fips": "24025302200", "gap_national": -43.4, "gap_stratum": -35.2, "burden": 45.1, "capacity": 78.5, "svi": 0.2, "top_decile_gap": 0.0, "stratum": "metropolitan", "scored": 1}, "geometry": {"type": "Polygon", "coordinates": [[[-76.1986, 39.5784], [-76.1753, 39.5724], [-76.1495, 39.5751], [-76.1379, 39.5713], [-76.1694, 39.5444], [-76.1764, 39.5345], [-76.1939, 39.5253], [-76.2068, 39.5133], [-76.2092, 39.5202], [-76.219, 39.5306], [-76.2121, 39.5376], [-76.2112, 39.5454], [-76.2239, 39.555], [-76.2201, 39.557], [-76.2212, 39.5592], [-76.2262, 39.5602], [-76.2328, 39.5662], [-76.1986, 39.5784]]]}}, {"type": "Feature", "properties": {"fips": "24025303300", "gap_national": -53.5, "gap_stratum": -46.4, "burden": 37.2, "capacity": 79.6, "svi": 0.03, "top_decile_gap": 0.0, "stratum": "metropolitan", "scored": 1}, "geometry": {"type": "Polygon", "coordinates": [[[-76.4472, 39.5284], [-76.4416, 39.5455], [-76.4362, 39.5506], [-76.4202, 39.5424], [-76.4135, 39.5444], [-76.4152, 39.5465], [-76.4114, 39.5466], [-76.4049, 39.5432], [-76.4037, 39.5399], [-76.4011, 39.5422], [-76.4006, 39.5349], [-76.3933, 39.536], [-76.3897, 39.5308], [-76.3853, 39.5295], [-76.3878, 39.5254], [-76.3846, 39.5211], [-76.3701, 39.5197], [-76.369, 39.5156], [-76.3979, 39.4984], [-76.4209, 39.4784], [-76.4292, 39.4883], [-76.4331, 39.4883], [-76.4337, 39.4919], [-76.4286, 39.4976], [-76.4293, 39.5043], [-76.4322, 39.5066], [-76.437, 39.502], [-76.448, 39.5085], [-76.4593, 39.5072], [-76.4472, 39.5284]]]}}, {"type": "Feature", "properties": {"fips": "24025302801", "gap_national": 0.4, "gap_stratum": 6.2, "burden": 72.5, "capacity": 68.8, "svi": 0.59, "top_decile_gap": 0.0, "stratum": "metropolitan", "scored": 1}, "geometry": {"type": "Polygon", "coordinates": [[[-76.1764, 39.5345], [-76.1668, 39.5468], [-76.1468, 39.5621], [-76.1428, 39.5505], [-76.1476, 39.5429], [-76.1506, 39.542], [-76.1493, 39.5345], [-76.1407, 39.525], [-76.1591, 39.5162], [-76.1686, 39.5219], [-76.1834, 39.5227], [-76.1919, 39.5266], [-76.1764, 39.5345]]]}}, {"type": "Feature", "properties": {"fips": "24025305100", "gap_national": -28.4, "gap_stratum": -20.2, "burden": 50.1, "capacity": 70.7, "svi": 0.13, "top_decile_gap": 0.0, "stratum": "metropolitan", "scored": 1}, "geometry": {"type": "Polygon", "coordinates": [[[-76.2333, 39.7213], [-76.2293, 39.7091], [-76.2243, 39.7029], [-76.2374, 39.6996], [-76.2428, 39.701], [-76.2421, 39.6972], [-76.2487, 39.6969], [-76.2491, 39.6942], [-76.2466, 39.6926], [-76.253, 39.6916], [-76.2515, 39.6871], [-76.2589, 39.6867], [-76.2588, 39.6921], [-76.2621, 39.6899], [-76.2679, 39.6903], [-76.2705, 39.6863], [-76.2793, 39.6841], [-76.2832, 39.6774], [-76.2875, 39.6758], [-76.2836, 39.6669], [-76.2863, 39.6579], [-76.3036, 39.6376], [-76.3037, 39.6295], [-76.3096, 39.626], [-76.3148, 39.6297], [-76.3163, 39.6288], [-76.3147, 39.6247], [-76.3184, 39.6252], [-76.3229, 39.6222], [-76.317, 39.6199], [-76.3149, 39.6166], [-76.3172, 39.6147], [-76.3233, 39.6147], [-76.3314, 39.6197], [-76.3367, 39.6273], [-76.3439, 39.6259], [-76.3514, 39.6344], [-76.3645, 39.6341], [-76.3645, 39.6308], [-76.3697, 39.6315], [-76.374, 39.6287], [-76.3794, 39.6304], [-76.3841, 39.626], [-76.3915, 39.6263], [-76.3914, 39.6198], [-76.3982, 39.6174], [-76.4008, 39.6231], [-76.398, 39.6293], [-76.411, 39.632], [-76.4123, 39.6374], [-76.4074, 39.6619], [-76.4117, 39.6925], [-76.4245, 39.7039], [-76.4273, 39.7111], [-76.4424, 39.7212], [-76.2333, 39.7213]]]}}, {"type": "Feature", "properties": {"fips": "24025303502", "gap_national": -51.7, "gap_stratum": -44.4, "burden": 37.9, "capacity": 78.7, "svi": 0.04, "top_decile_gap": 0.0, "stratum": "metropolitan", "scored": 1}, "geometry": {"type": "Polygon", "coordinates": [[[-76.3975, 39.5362], [-76.3935, 39.5367], [-76.3877, 39.5392], [-76.3851, 39.5437], [-76.3693, 39.5438], [-76.3688, 39.5262], [-76.3571, 39.5237], [-76.369, 39.5156], [-76.3701, 39.5197], [-76.3846, 39.5211], [-76.3878, 39.5254], [-76.3853, 39.5295], [-76.3897, 39.5308], [-76.3933, 39.536], [-76.4006, 39.5349], [-76.3975, 39.5362]]]}}, {"type": "Feature", "properties": {"fips": "24027603003", "gap_national": -71.8, "gap_stratum": -67.3, "burden": 24.6, "capacity": 83.8, "svi": 0.12, "top_decile_gap": 0.0, "stratum": "metropolitan", "scored": 1}, "geometry": {"type": "Polygon", "coordinates": [[[-76.9996, 39.2897], [-76.997, 39.2954], [-76.9974, 39.3013], [-77.0004, 39.3025], [-76.9966, 39.3144], [-76.9851, 39.3345], [-76.9872, 39.3447], [-76.9829, 39.3501], [-76.9904, 39.3537], [-76.9922, 39.3598], [-76.969, 39.3638], [-76.9592, 39.3567], [-76.9504, 39.358], [-76.9464, 39.361], [-76.9414, 39.3575], [-76.9386, 39.3589], [-76.9289, 39.3538], [-76.914, 39.3509], [-76.9279, 39.3329], [-76.9239, 39.3266], [-76.9278, 39.3213], [-76.9305, 39.3066], [-76.9526, 39.309], [-76.9548, 39.2906], [-76.9637, 39.2845], [-76.9716, 39.2833], [-76.9841, 39.2773], [-76.9872, 39.2732], [-76.9848, 39.2641], [-76.9985, 39.2629], [-77.0006, 39.2758], [-76.9996, 39.2897]]]}}, {"type": "Feature", "properties": {"fips": "24005491900", "gap_national": -5.3, "gap_stratum": 1.0, "burden": 72.1, "capacity": 72.8, "svi": 0.54, "top_decile_gap": 0.0, "stratum": "metropolitan", "scored": 1}, "geometry": {"type": "Polygon", "coordinates": [[[-76.5338, 39.3984], [-76.5233, 39.3948], [-76.5302, 39.3885], [-76.5533, 39.3996], [-76.5338, 39.3984]]]}}, {"type": "Feature", "properties": {"fips": "24005402407", "gap_national": -24.3, "gap_stratum": -15.8, "burden": 59.0, "capacity": 75.8, "svi": 0.76, "top_decile_gap": 0.0, "stratum": "metropolitan", "scored": 1}, "geometry": {"type": "Polygon", "coordinates": [[[-76.7448, 39.3332], [-76.7448, 39.3219], [-76.7584, 39.3205], [-76.7597, 39.3343], [-76.7633, 39.3363], [-76.7694, 39.3296], [-76.7734, 39.3345], [-76.7812, 39.3301], [-76.792, 39.3348], [-76.7913, 39.3398], [-76.7954, 39.355], [-76.7448, 39.3332]]]}}, {"type": "Feature", "properties": {"fips": "24005451100", "gap_national": 0.1, "gap_stratum": 6.5, "burden": 62.6, "capacity": 61.0, "svi": 0.31, "top_decile_gap": 0.0, "stratum": "metropolitan", "scored": 1}, "geometry": {"type": "Polygon", "coordinates": [[[-76.4607, 39.2962], [-76.4475, 39.2934], [-76.4378, 39.301], [-76.4292, 39.2926], [-76.4341, 39.2854], [-76.4435, 39.2808], [-76.4559, 39.2819], [-76.4661, 39.2879], [-76.4607, 39.2962]]]}}, {"type": "Feature", "properties": {"fips": "24005411102", "gap_national": -51.2, "gap_stratum": -43.4, "burden": 42.6, "capacity": 84.1, "svi": 0.09, "top_decile_gap": 0.0, "stratum": "metropolitan", "scored": 1}, "geometry": {"type": "Polygon", "coordinates": [[[-76.4317, 39.4349], [-76.4186, 39.4481], [-76.4085, 39.4765], [-76.4081, 39.4726], [-76.4018, 39.4727], [-76.401, 39.4698], [-76.3917, 39.4645], [-76.3904, 39.4598], [-76.3862, 39.4587], [-76.3887, 39.4534], [-76.3789, 39.4454], [-76.3796, 39.4382], [-76.3776, 39.4362], [-76.381, 39.4295], [-76.3803, 39.4248], [-76.373, 39.4212], [-76.3702, 39.4153], [-76.3719, 39.4051], [-76.3663, 39.4042], [-76.3652, 39.4018], [-76.3861, 39.4001], [-76.3919, 39.4041], [-76.3898, 39.4077], [-76.3916, 39.4113], [-76.4133, 39.4177], [-76.4259, 39.4167], [-76.4448, 39.4274], [-76.4317, 39.4349]]]}}, {"type": "Feature", "properties": {"fips": "24005402503", "gap_national": 13.8, "gap_stratum": 16.3, "burden": 84.1, "capacity": 67.8, "svi": 0.89, "top_decile_gap": 0.0, "stratum": "metropolitan", "scored": 1}, "geometry": {"type": "Polygon", "coordinates": [[[-76.8139, 39.3541], [-76.8104, 39.3635], [-76.8155, 39.3688], [-76.8104, 39.3742], [-76.7787, 39.3614], [-76.7946, 39.3567], [-76.8032, 39.3492], [-76.8174, 39.3454], [-76.8195, 39.3486], [-76.8184, 39.3525], [-76.8139, 39.3541]]]}}, {"type": "Feature", "properties": {"fips": "24015030200", "gap_national": -0.9, "gap_stratum": 5.0, "burden": 72.6, "capacity": 69.8, "svi": 0.46, "top_decile_gap": 0.0, "stratum": "metropolitan", "scored": 1}, "geometry": {"type": "Polygon", "coordinates": [[[-75.9142, 39.5106], [-75.8889, 39.5127], [-75.8768, 39.5367], [-75.864, 39.5472], [-75.8598, 39.5548], [-75.8482, 39.5659], [-75.8357, 39.5687], [-75.829, 39.5656], [-75.8266, 39.5696], [-75.8219, 39.5714], [-75.8142, 39.571], [-75.8108, 39.5659], [-75.7825, 39.5723], [-75.7722, 39.4456], [-75.7761, 39.4461], [-75.7757, 39.4422], [-75.7787, 39.4393], [-75.8221, 39.4414], [-75.8602, 39.4538], [-75.8771, 39.4698], [-75.8893, 39.4774], [-75.9064, 39.4811], [-75.9253, 39.4811], [-75.939, 39.4847], [-75.9142, 39.5106]]]}}, {"type": "Feature", "properties": {"fips": "24031701800", "gap_national": -43.0, "gap_stratum": -34.7, "burden": 45.1, "capacity": 78.1, "svi": 0.72, "top_decile_gap": 0.0, "stratum": "metropolitan", "scored": 1}, "geometry": {"type": "Polygon", "coordinates": [[[-77.0203, 38.9882], [-77.0142, 38.9855], [-77.0116, 38.9891], [-77.0003, 38.9834], [-77.0047, 38.9797], [-77.0075, 38.9827], [-77.0103, 38.981], [-77.0092, 38.9773], [-77.011, 38.9758], [-77.0173, 38.9772], [-77.0228, 38.9848], [-77.0203, 38.9882]]]}}, {"type": "Feature", "properties": {"fips": "24031701312", "gap_national": -57.2, "gap_stratum": -53.8, "burden": 22.3, "capacity": 68.3, "svi": 0.19, "top_decile_gap": 0.0, "stratum": "metropolitan", "scored": 1}, "geometry": {"type": "Polygon", "coordinates": [[[-77.0918, 39.165], [-77.0849, 39.1663], [-77.0668, 39.1532], [-77.0674, 39.1427], [-77.0824, 39.1413], [-77.0869, 39.1474], [-77.0891, 39.147], [-77.0886, 39.1523], [-77.0944, 39.159], [-77.0918, 39.165]]]}}, {"type": "Feature", "properties": {"fips": "24005404900", "gap_national": -58.9, "gap_stratum": -51.6, "burden": 41.4, "capacity": 95.4, "svi": 0.32, "top_decile_gap": 0.0, "stratum": "metropolitan", "scored": 1}, "geometry": {"type": "Polygon", "coordinates": [[[-76.7802, 39.4649], [-76.7805, 39.4708], [-76.7766, 39.4753], [-76.7736, 39.4751], [-76.7717, 39.4785], [-76.7651, 39.4767], [-76.7605, 39.487], [-76.7539, 39.4912], [-76.744, 39.4912], [-76.7395, 39.4936], [-76.7332, 39.4764], [-76.7342, 39.4694], [-76.7293, 39.465], [-76.7324, 39.4599], [-76.723, 39.4485], [-76.7389, 39.4302], [-76.7592, 39.4178], [-76.7659, 39.4306], [-76.7518, 39.434], [-76.7539, 39.4396], [-76.7625, 39.4376], [-76.7652, 39.4417], [-76.7682, 39.4416], [-76.7669, 39.4472], [-76.7833, 39.4432], [-76.7868, 39.4498], [-76.7802, 39.4649]]]}}, {"type": "Feature", "properties": {"fips": "24005420301", "gap_national": 57.1, "gap_stratum": 60.9, "burden": 74.5, "capacity": 28.7, "svi": 0.75, "top_decile_gap": 1.0, "stratum": "metropolitan", "scored": 1}, "geometry": {"type": "Polygon", "coordinates": [[[-76.4871, 39.2785], [-76.4792, 39.2768], [-76.4804, 39.2719], [-76.494, 39.2732], [-76.4871, 39.2785]]]}}, {"type": "Feature", "properties": {"fips": "24031705502", "gap_national": -73.8, "gap_stratum": -69.3, "burden": 25.2, "capacity": 87.5, "svi": 0.22, "top_decile_gap": 0.0, "stratum": "metropolitan", "scored": 1}, "geometry": {"type": "Polygon", "coordinates": [[[-77.1051, 38.9772], [-77.1012, 38.9734], [-77.0903, 38.9764], [-77.0884, 38.9667], [-77.0916, 38.9671], [-77.0969, 38.9603], [-77.1101, 38.969], [-77.1221, 38.9731], [-77.1051, 38.9772]]]}}, {"type": "Feature", "properties": {"fips": "24031703215", "gap_national": 7.9, "gap_stratum": 13.3, "burden": 48.2, "capacity": 44.2, "svi": 0.88, "top_decile_gap": 0.0, "stratum": "metropolitan", "scored": 1}, "geometry": {"type": "Polygon", "coordinates": [[[-77.0589, 39.0808], [-77.0573, 39.0855], [-77.0591, 39.0906], [-77.0449, 39.0906], [-77.0471, 39.0816], [-77.0667, 39.0778], [-77.0683, 39.0756], [-77.0707, 39.0776], [-77.0589, 39.0808]]]}}, {"type": "Feature", "properties": {"fips": "24031701306", "gap_national": -73.9, "gap_stratum": -71.0, "burden": 16.7, "capacity": 76.5, "svi": 0.03, "top_decile_gap": 0.0, "stratum": "metropolitan", "scored": 1}, "geometry": {"type": "Polygon", "coordinates": [[[-77.1035, 39.1468], [-77.1031, 39.1513], [-77.1057, 39.1533], [-77.1045, 39.1575], [-77.0973, 39.1561], [-77.0944, 39.159], [-77.0886, 39.1523], [-77.0891, 39.147], [-77.0924, 39.1439], [-77.0916, 39.1406], [-77.0795, 39.1268], [-77.0907, 39.1239], [-77.1008, 39.1259], [-77.0983, 39.1293], [-77.1063, 39.1449], [-77.1035, 39.1468]]]}}, {"type": "Feature", "properties": {"fips": "24005490100", "gap_national": -69.6, "gap_stratum": -63.9, "burden": 31.7, "capacity": 93.7, "svi": 0.01, "top_decile_gap": 0.0, "stratum": "metropolitan", "scored": 1}, "geometry": {"type": "Polygon", "coordinates": [[[-76.595, 39.4271], [-76.5573, 39.4493], [-76.5554, 39.4399], [-76.5485, 39.443], [-76.5436, 39.4395], [-76.5435, 39.4263], [-76.5365, 39.4216], [-76.5546, 39.4073], [-76.5687, 39.4021], [-76.5859, 39.4135], [-76.6003, 39.4145], [-76.595, 39.4271]]]}}, {"type": "Feature", "properties": {"fips": "24001002300", "gap_national": 12.6, "gap_stratum": 2.1, "burden": 82.4, "capacity": 67.4, "svi": 0.7, "top_decile_gap": 0.0, "stratum": "micropolitan", "scored": 1}, "geometry": {"type": "Polygon", "coordinates": [[[-78.7804, 39.6743], [-78.7698, 39.6852], [-78.7425, 39.723], [-78.7064, 39.723], [-78.7041, 39.7207], [-78.7033, 39.7151], [-78.7178, 39.7009], [-78.711, 39.6985], [-78.7097, 39.6916], [-78.7043, 39.6956], [-78.6967, 39.6916], [-78.701, 39.681], [-78.698, 39.678], [-78.7047, 39.6789], [-78.7144, 39.673], [-78.7307, 39.6729], [-78.7481, 39.6569], [-78.7525, 39.6574], [-78.7586, 39.6523], [-78.765, 39.6608], [-78.7708, 39.662], [-78.7737, 39.6652], [-78.7797, 39.6617], [-78.7824, 39.6675], [-78.7885, 39.6707], [-78.7804, 39.6743]]]}}, {"type": "Feature", "properties": {"fips": "24510250102", "gap_national": 20.8, "gap_stratum": 24.3, "burden": 74.9, "capacity": 56.8, "svi": 0.73, "top_decile_gap": 0.0, "stratum": "metropolitan", "scored": 1}, "geometry": {"type": "Polygon", "coordinates": [[[-76.6937, 39.2814], [-76.6856, 39.2817], [-76.6859, 39.2782], [-76.6836, 39.2766], [-76.6927, 39.2718], [-76.6957, 39.2779], [-76.6937, 39.2814]]]}}, {"type": "Feature", "properties": {"fips": "24017850400", "gap_national": -4.9, "gap_stratum": 0.4, "burden": 77.5, "capacity": 77.4, "svi": 0.31, "top_decile_gap": 0.0, "stratum": "metropolitan", "scored": 1}, "geometry": {"type": "Polygon", "coordinates": [[[-77.2636, 38.5123], [-77.2567, 38.519], [-77.2576, 38.5218], [-77.2491, 38.5347], [-77.2459, 38.5331], [-77.2369, 38.5399], [-77.2272, 38.5328], [-77.2197, 38.5343], [-77.2111, 38.5312], [-77.1785, 38.5448], [-77.1677, 38.532], [-77.1735, 38.519], [-77.1664, 38.4984], [-77.1587, 38.4935], [-77.1605, 38.4871], [-77.1555, 38.4732], [-77.1598, 38.4708], [-77.1643, 38.4637], [-77.1712, 38.4632], [-77.1517, 38.4561], [-77.139, 38.4448], [-77.1129, 38.4467], [-77.1132, 38.4095], [-77.1233, 38.4106], [-77.1277, 38.4008], [-77.1367, 38.3918], [-77.1565, 38.383], [-77.1795, 38.3685], [-77.2073, 38.3599], [-77.2167, 38.3632], [-77.2502, 38.3828], [-77.2576, 38.4023], [-77.2651, 38.4135], [-77.2634, 38.4208], [-77.2567, 38.4304], [-77.2659, 38.4438], [-77.2627, 38.4527], [-77.2709, 38.4641], [-77.2673, 38.4675], [-77.2662, 38.4739], [-77.2718, 38.4777], [-77.2738, 38.4836], [-77.2636, 38.5123]]]}}, {"type": "Feature", "properties": {"fips": "24033802404", "gap_national": 43.7, "gap_stratum": 45.5, "burden": 79.0, "capacity": 43.9, "svi": 0.78, "top_decile_gap": 0.0, "stratum": "metropolitan", "scored": 1}, "geometry": {"type": "Polygon", "coordinates": [[[-76.8978, 38.8635], [-76.8851, 38.8713], [-76.8858, 38.8675], [-76.8835, 38.8647], [-76.8878, 38.8609], [-76.8989, 38.8578], [-76.8978, 38.8635]]]}}, {"type": "Feature", "properties": {"fips": "24033801407", "gap_national": -13.7, "gap_stratum": -6.0, "burden": 57.4, "capacity": 66.2, "svi": 0.44, "top_decile_gap": 0.0, "stratum": "metropolitan", "scored": 1}, "geometry": {"type": "Polygon", "coordinates": [[[-76.9544, 38.7946], [-76.9455, 38.8023], [-76.9273, 38.7993], [-76.9286, 38.7933], [-76.9358, 38.7902], [-76.9537, 38.7758], [-76.9576, 38.7754], [-76.9646, 38.7805], [-76.9714, 38.7904], [-76.9544, 38.7946]]]}}, {"type": "Feature", "properties": {"fips": "24033803524", "gap_national": 2.5, "gap_stratum": 8.4, "burden": 53.8, "capacity": 52.6, "svi": 0.53, "top_decile_gap": 0.0, "stratum": "metropolitan", "scored": 1}, "geometry": {"type": "Polygon", "coordinates": [[[-76.8848, 38.9128], [-76.8788, 38.9128], [-76.8803, 38.9111], [-76.8786, 38.9073], [-76.874, 38.9039], [-76.8687, 38.9064], [-76.8559, 38.9054], [-76.8575, 38.8992], [-76.869, 38.9008], [-76.8761, 38.899], [-76.8789, 38.8947], [-76.8944, 38.9076], [-76.8848, 38.9128]]]}}, {"type": "Feature", "properties": {"fips": "24033804200", "gap_national": -31.5, "gap_stratum": -25.3, "burden": 39.4, "capacity": 64.2, "svi": 0.09, "top_decile_gap": 0.0, "stratum": "metropolitan", "scored": 1}, "geometry": {"type": "Polygon", "coordinates": [[[-76.9245, 38.9313], [-76.917, 38.9352], [-76.9113, 38.932], [-76.9086, 38.9274], [-76.9152, 38.9171], [-76.9247, 38.9132], [-76.9238, 38.9189], [-76.9295, 38.9255], [-76.9245, 38.9313]]]}}, {"type": "Feature", "properties": {"fips": "24017850802", "gap_national": -14.3, "gap_stratum": -7.1, "burden": 52.0, "capacity": 62.4, "svi": 0.52, "top_decile_gap": 0.0, "stratum": "metropolitan", "scored": 1}, "geometry": {"type": "Polygon", "coordinates": [[[-76.8756, 38.6571], [-76.873, 38.6449], [-76.8603, 38.6382], [-76.8464, 38.6418], [-76.842, 38.651], [-76.7972, 38.6345], [-76.821, 38.6217], [-76.8271, 38.6212], [-76.8325, 38.6162], [-76.8336, 38.6024], [-76.8372, 38.5989], [-76.8436, 38.5772], [-76.853, 38.5598], [-76.8608, 38.5656], [-76.8617, 38.5836], [-76.8685, 38.592], [-76.8763, 38.6095], [-76.8833, 38.6154], [-76.898, 38.6192], [-76.9108, 38.6264], [-76.8756, 38.6571]]]}}, {"type": "Feature", "properties": {"fips": "24033800800", "gap_national": -24.4, "gap_stratum": -15.9, "burden": 60.1, "capacity": 77.0, "svi": 0.13, "top_decile_gap": 0.0, "stratum": "metropolitan", "scored": 1}, "geometry": {"type": "Polygon", "coordinates": [[[-76.8084, 38.6924], [-76.8085, 38.6967], [-76.7952, 38.6994], [-76.788, 38.7106], [-76.7919, 38.7123], [-76.7958, 38.7233], [-76.8019, 38.7267], [-76.8, 38.7336], [-76.8068, 38.7378], [-76.8101, 38.7453], [-76.7985, 38.7499], [-76.7952, 38.7467], [-76.7776, 38.744], [-76.7638, 38.7528], [-76.7629, 38.7573], [-76.7552, 38.7647], [-76.7563, 38.7672], [-76.7531, 38.7717], [-76.7378, 38.7759], [-76.7287, 38.7759], [-76.7194, 38.7813], [-76.7174, 38.7775], [-76.7143, 38.7782], [-76.7125, 38.7749], [-76.7009, 38.7687], [-76.6973, 38.7501], [-76.6849, 38.7469], [-76.684, 38.7383], [-76.695, 38.7351], [-76.6936, 38.7248], [-76.702, 38.7109], [-76.6949, 38.7025], [-76.6985, 38.6922], [-76.6974, 38.6878], [-76.687, 38.6806], [-76.6905, 38.6737], [-76.6993, 38.6711], [-76.701, 38.6684], [-76.6972, 38.6647], [-76.6874, 38.6638], [-76.6833, 38.6612], [-76.6851, 38.6548], [-76.6916, 38.6485], [-76.6922, 38.6432], [-76.7164, 38.6437], [-76.7178, 38.6477], [-76.7504, 38.6625], [-76.76, 38.664], [-76.7775, 38.6596], [-76.7896, 38.6684], [-76.8095, 38.6778], [-76.8158, 38.6839], [-76.8084, 38.6924]]]}}, {"type": "Feature", "properties": {"fips": "24033800607", "gap_national": -27.9, "gap_stratum": -19.6, "burden": 61.5, "capacity": 82.4, "svi": 0.34, "top_decile_gap": 0.0, "stratum": "metropolitan", "scored": 1}, "geometry": {"type": "Polygon", "coordinates": [[[-76.8064, 38.8719], [-76.8028, 38.8761], [-76.7844, 38.8736], [-76.7814, 38.877], [-76.7709, 38.8776], [-76.7704, 38.8714], [-76.7671, 38.8713], [-76.7659, 38.8684], [-76.7693, 38.8653], [-76.7763, 38.8656], [-76.7709, 38.8565], [-76.7601, 38.858], [-76.7582, 38.8616], [-76.7503, 38.8613], [-76.7524, 38.852], [-76.7461, 38.8443], [-76.7482, 38.836], [-76.7451, 38.8312], [-76.744, 38.8208], [-76.7496, 38.8219], [-76.7566, 38.8288], [-76.7593, 38.8288], [-76.7601, 38.8321], [-76.7668, 38.8335], [-76.7671, 38.8381], [-76.7752, 38.8396], [-76.8018, 38.852], [-76.8121, 38.871], [-76.8064, 38.8719]]]}}, {"type": "Feature", "properties": {"fips": "24033801808", "gap_national": 18.5, "gap_stratum": 22.7, "burden": 70.9, "capacity": 55.4, "svi": 0.84, "top_decile_gap": 0.0, "stratum": "metropolitan", "scored": 1}, "geometry": {"type": "Polygon", "coordinates": [[[-76.9649, 38.8329], [-76.9671, 38.8348], [-76.9634, 38.8376], [-76.967, 38.8411], [-76.9659, 38.843], [-76.9582, 38.8357], [-76.9599, 38.8331], [-76.9555, 38.8287], [-76.9509, 38.8279], [-76.9659, 38.8266], [-76.9699, 38.8297], [-76.9649, 38.8329]]]}}, {"type": "Feature", "properties": {"fips": "24043011202", "gap_national": 4.8, "gap_stratum": 9.4, "burden": 78.1, "capacity": 69.9, "svi": 0.61, "top_decile_gap": 0.0, "stratum": "metropolitan", "scored": 1}, "geometry": {"type": "Polygon", "coordinates": [[[-77.6961, 39.6832], [-77.6856, 39.6823], [-77.6805, 39.6793], [-77.6651, 39.686], [-77.6558, 39.6871], [-77.6602, 39.6742], [-77.656, 39.6664], [-77.6498, 39.6664], [-77.6436, 39.6624], [-77.6252, 39.6567], [-77.6116, 39.6571], [-77.6058, 39.6517], [-77.5979, 39.65], [-77.5994, 39.6436], [-77.5862, 39.6426], [-77.599, 39.6331], [-77.6034, 39.6256], [-77.6075, 39.6242], [-77.6242, 39.6026], [-77.6354, 39.6085], [-77.6476, 39.61], [-77.6366, 39.6231], [-77.6456, 39.6253], [-77.6508, 39.6303], [-77.6431, 39.6418], [-77.6475, 39.6429], [-77.6439, 39.6431], [-77.6519, 39.6494], [-77.6696, 39.6534], [-77.6888, 39.6515], [-77.689, 39.6584], [-77.7014, 39.6616], [-77.6961, 39.6832]]]}}, {"type": "Feature", "properties": {"fips": "24043010901", "gap_national": -34.3, "gap_stratum": -27.9, "burden": 38.9, "capacity": 65.6, "svi": 0.08, "top_decile_gap": 0.0, "stratum": "metropolitan", "scored": 1}, "geometry": {"type": "Polygon", "coordinates": [[[-77.7957, 39.5723], [-77.7894, 39.5807], [-77.7813, 39.5761], [-77.7672, 39.5936], [-77.766, 39.6], [-77.7544, 39.6064], [-77.7257, 39.6054], [-77.7218, 39.5694], [-77.7242, 39.5672], [-77.7298, 39.5678], [-77.7373, 39.5536], [-77.7389, 39.5549], [-77.7461, 39.5502], [-77.7492, 39.5441], [-77.7607, 39.5381], [-77.7475, 39.5363], [-77.758, 39.5147], [-77.7782, 39.5251], [-77.7799, 39.5343], [-77.8003, 39.5443], [-77.8043, 39.555], [-77.8124, 39.5633], [-77.8139, 39.5708], [-77.7957, 39.5723]]]}}, {"type": "Feature", "properties": {"fips": "24025301705", "gap_national": -28.5, "gap_stratum": -25.4, "burden": 29.6, "capacity": 54.7, "svi": 0.19, "top_decile_gap": 0.0, "stratum": "metropolitan", "scored": 1}, "geometry": {"type": "Polygon", "coordinates": [[[-76.2456, 39.4774], [-76.247, 39.4815], [-76.2358, 39.487], [-76.2266, 39.4889], [-76.2137, 39.487], [-76.2175, 39.4797], [-76.2344, 39.4711], [-76.2386, 39.4761], [-76.2423, 39.4722], [-76.2489, 39.4724], [-76.2489, 39.4766], [-76.2456, 39.4774]]]}}, {"type": "Feature", "properties": {"fips": "24009861004", "gap_national": -8.4, "gap_stratum": -4.0, "burden": 39.0, "capacity": 48.4, "svi": 0.16, "top_decile_gap": 0.0, "stratum": "metropolitan", "scored": 1}, "geometry": {"type": "Polygon", "coordinates": [[[-76.4134, 38.3841], [-76.4093, 38.3778], [-76.4056, 38.3631], [-76.3872, 38.3641], [-76.387, 38.3613], [-76.4015, 38.3449], [-76.4126, 38.3483], [-76.4136, 38.3544], [-76.4183, 38.3537], [-76.4202, 38.358], [-76.4226, 38.3578], [-76.4256, 38.3639], [-76.4237, 38.3641], [-76.4243, 38.3676], [-76.4293, 38.3679], [-76.4243, 38.369], [-76.4236, 38.3809], [-76.4307, 38.3838], [-76.4314, 38.3886], [-76.4134, 38.3841]]]}}, {"type": "Feature", "properties": {"fips": "24003730509", "gap_national": -46.7, "gap_stratum": -44.0, "burden": 23.4, "capacity": 61.9, "svi": 0.07, "top_decile_gap": 0.0, "stratum": "metropolitan", "scored": 1}, "geometry": {"type": "Polygon", "coordinates": [[[-76.615, 39.1184], [-76.6105, 39.1228], [-76.6138, 39.1242], [-76.608, 39.1251], [-76.5898, 39.1216], [-76.5947, 39.1168], [-76.6009, 39.1166], [-76.612, 39.1114], [-76.6326, 39.111], [-76.6356, 39.1162], [-76.615, 39.1184]]]}}, {"type": "Feature", "properties": {"fips": "24003731313", "gap_national": -21.4, "gap_stratum": -19.5, "burden": 25.7, "capacity": 46.6, "svi": 0.09, "top_decile_gap": 0.0, "stratum": "metropolitan", "scored": 1}, "geometry": {"type": "Polygon", "coordinates": [[[-76.564, 39.1444], [-76.5506, 39.1459], [-76.5486, 39.1289], [-76.5632, 39.1313], [-76.5675, 39.142], [-76.564, 39.1444]]]}}, {"type": "Feature", "properties": {"fips": "24003750204", "gap_national": -18.8, "gap_stratum": -14.6, "burden": 36.2, "capacity": 53.2, "svi": 0.41, "top_decile_gap": 0.0, "stratum": "metropolitan", "scored": 1}, "geometry": {"type": "Polygon", "coordinates": [[[-76.6254, 39.2078], [-76.6249, 39.2244], [-76.6196, 39.2296], [-76.6133, 39.2293], [-76.6143, 39.2181], [-76.5979, 39.2213], [-76.5841, 39.2079], [-76.6145, 39.2063], [-76.6315, 39.2027], [-76.6254, 39.2078]]]}}, {"type": "Feature", "properties": {"fips": "24021751001", "gap_national": -13.4, "gap_stratum": -10.5, "burden": 31.0, "capacity": 45.3, "svi": 0.3, "top_decile_gap": 0.0, "stratum": "metropolitan", "scored": 1}, "geometry": {"type": "Polygon", "coordinates": [[[-77.4443, 39.3796], [-77.4414, 39.3884], [-77.4367, 39.3847], [-77.4339, 39.3749], [-77.4457, 39.3729], [-77.4477, 39.3773], [-77.4443, 39.3796]]]}}, {"type": "Feature", "properties": {"fips": "24021752802", "gap_national": -53.6, "gap_stratum": -47.4, "burden": 32.5, "capacity": 74.6, "svi": 0.01, "top_decile_gap": 0.0, "stratum": "metropolitan", "scored": 1}, "geometry": {"type": "Polygon", "coordinates": [[[-77.6211, 39.5048], [-77.6226, 39.5076], [-77.6135, 39.5287], [-77.6061, 39.5367], [-77.5971, 39.542], [-77.5994, 39.5497], [-77.5949, 39.553], [-77.594, 39.5639], [-77.5868, 39.5714], [-77.5853, 39.5833], [-77.5779, 39.5988], [-77.5748, 39.6116], [-77.5702, 39.62], [-77.5591, 39.623], [-77.5561, 39.6091], [-77.5588, 39.5916], [-77.5561, 39.5785], [-77.5511, 39.5734], [-77.5522, 39.5678], [-77.5494, 39.5504], [-77.5428, 39.5297], [-77.5481, 39.5194], [-77.5454, 39.5162], [-77.5629, 39.506], [-77.5536, 39.5048], [-77.5518, 39.5023], [-77.5624, 39.4976], [-77.5631, 39.4954], [-77.558, 39.4949], [-77.5568, 39.492], [-77.5692, 39.4869], [-77.5705, 39.4896], [-77.5746, 39.4897], [-77.577, 39.4858], [-77.5652, 39.4797], [-77.5681, 39.4767], [-77.5752, 39.4791], [-77.575, 39.4752], [-77.5723, 39.4735], [-77.5753, 39.4722], [-77.5891, 39.4796], [-77.5889, 39.4818], [-77.5961, 39.4861], [-77.5941, 39.4909], [-77.6101, 39.4953], [-77.612, 39.5005], [-77.6199, 39.4969], [-77.6232, 39.5011], [-77.6211, 39.5048]]]}}, {"type": "Feature", "properties": {"fips": "24021752201", "gap_national": -44.9, "gap_stratum": -36.7, "burden": 44.8, "capacity": 79.7, "svi": 0.19, "top_decile_gap": 0.0, "stratum": "metropolitan", "scored": 1}, "geometry": {"type": "Polygon", "coordinates": [[[-77.447, 39.2287], [-77.4511, 39.2363], [-77.4488, 39.2396], [-77.4316, 39.2476], [-77.427, 39.254], [-77.4339, 39.2624], [-77.4452, 39.2669], [-77.4436, 39.2788], [-77.4389, 39.284], [-77.4375, 39.2953], [-77.429, 39.3109], [-77.4188, 39.3107], [-77.4106, 39.3155], [-77.4134, 39.3261], [-77.4218, 39.333], [-77.4159, 39.3435], [-77.408, 39.3496], [-77.4118, 39.3599], [-77.408, 39.3633], [-77.3996, 39.3642], [-77.3919, 39.3498], [-77.3836, 39.3402], [-77.3679, 39.3268], [-77.3554, 39.3227], [-77.3501, 39.3119], [-77.3396, 39.3037], [-77.325, 39.2812], [-77.4548, 39.2217], [-77.447, 39.2287]]]}}, {"type": "Feature", "properties": {"fips": "24021751801", "gap_national": -52.6, "gap_stratum": -50.1, "burden": 20.7, "capacity": 63.9, "svi": 0.05, "top_decile_gap": 0.0, "stratum": "metropolitan", "scored": 1}, "geometry": {"type": "Polygon", "coordinates": [[[-77.2825, 39.4256], [-77.2849, 39.4292], [-77.2807, 39.4315], [-77.2841, 39.4347], [-77.2824, 39.4368], [-77.2798, 39.4367], [-77.2775, 39.4405], [-77.2724, 39.4381], [-77.2693, 39.4406], [-77.2713, 39.4433], [-77.2656, 39.4465], [-77.2689, 39.4502], [-77.2597, 39.4533], [-77.2544, 39.4526], [-77.2483, 39.4473], [-77.2536, 39.4362], [-77.2531, 39.4207], [-77.2207, 39.4091], [-77.2245, 39.4021], [-77.235, 39.3987], [-77.2435, 39.3792], [-77.2625, 39.3818], [-77.276, 39.3806], [-77.2867, 39.3837], [-77.2881, 39.4025], [-77.2794, 39.4076], [-77.2861, 39.4165], [-77.284, 39.4206], [-77.2882, 39.4204], [-77.2894, 39.4268], [-77.2825, 39.4256]]]}}, {"type": "Feature", "properties": {"fips": "24003702209", "gap_national": -62.2, "gap_stratum": -61.0, "burden": 13.6, "capacity": 65.2, "svi": 0.04, "top_decile_gap": 0.0, "stratum": "metropolitan", "scored": 1}, "geometry": {"type": "Polygon", "coordinates": [[[-76.6852, 39.0298], [-76.6751, 39.0252], [-76.6735, 39.0192], [-76.6825, 39.0118], [-76.6957, 39.0193], [-76.6852, 39.0298]]]}}, {"type": "Feature", "properties": {"fips": "24003740304", "gap_national": -43.4, "gap_stratum": -43.1, "burden": 16.9, "capacity": 55.0, "svi": 0.34, "top_decile_gap": 0.0, "stratum": "metropolitan", "scored": 1}, "geometry": {"type": "Polygon", "coordinates": [[[-76.7044, 39.1011], [-76.6941, 39.1004], [-76.6935, 39.1039], [-76.6855, 39.102], [-76.677, 39.0876], [-76.6759, 39.0814], [-76.6788, 39.08], [-76.6751, 39.0789], [-76.6733, 39.0703], [-76.6845, 39.0783], [-76.7133, 39.0884], [-76.7171, 39.0922], [-76.7044, 39.1011]]]}}, {"type": "Feature", "properties": {"fips": "24017851402", "gap_national": -37.3, "gap_stratum": -28.7, "burden": 48.6, "capacity": 76.5, "svi": 0.05, "top_decile_gap": 0.0, "stratum": "metropolitan", "scored": 1}, "geometry": {"type": "Polygon", "coordinates": [[[-76.7945, 38.5492], [-76.7777, 38.5514], [-76.7643, 38.5613], [-76.7486, 38.5635], [-76.7233, 38.5514], [-76.7151, 38.5498], [-76.7161, 38.548], [-76.7125, 38.5489], [-76.7077, 38.5464], [-76.7069, 38.5434], [-76.7045, 38.5433], [-76.7061, 38.5454], [-76.7041, 38.5471], [-76.7012, 38.5425], [-76.6971, 38.5432], [-76.6898, 38.5376], [-76.6755, 38.5359], [-76.6651, 38.5287], [-76.6626, 38.5242], [-76.6741, 38.4996], [-76.6846, 38.495], [-76.7001, 38.4976], [-76.7108, 38.5094], [-76.7143, 38.5104], [-76.7521, 38.5137], [-76.7683, 38.5129], [-76.7746, 38.509], [-76.7747, 38.5167], [-76.7887, 38.5408], [-76.7971, 38.546], [-76.7996, 38.5536], [-76.7945, 38.5492]]]}}, {"type": "Feature", "properties": {"fips": "24033803403", "gap_national": 47.6, "gap_stratum": 48.6, "burden": 81.8, "capacity": 43.0, "svi": 0.93, "top_decile_gap": 0.0, "stratum": "metropolitan", "scored": 1}, "geometry": {"type": "Polygon", "coordinates": [[[-76.8801, 38.9185], [-76.8743, 38.9263], [-76.8602, 38.9182], [-76.8612, 38.9146], [-76.8848, 38.9128], [-76.8921, 38.9096], [-76.8801, 38.9185]]]}}, {"type": "Feature", "properties": {"fips": "24027605106", "gap_national": -76.3, "gap_stratum": -72.4, "burden": 22.3, "capacity": 86.1, "svi": 0.08, "top_decile_gap": 0.0, "stratum": "metropolitan", "scored": 1}, "geometry": {"type": "Polygon", "coordinates": [[[-76.9728, 39.1669], [-76.968, 39.1683], [-76.9468, 39.1922], [-76.9432, 39.2039], [-76.9342, 39.1927], [-76.9184, 39.1874], [-76.9092, 39.19], [-76.9007, 39.1857], [-76.9004, 39.1817], [-76.9078, 39.1787], [-76.9289, 39.1567], [-76.9336, 39.1603], [-76.9374, 39.1579], [-76.9313, 39.1374], [-76.9383, 39.1328], [-76.9467, 39.1294], [-76.9585, 39.134], [-76.95, 39.1444], [-76.9756, 39.1497], [-76.9767, 39.1542], [-76.9728, 39.1669]]]}}, {"type": "Feature", "properties": {"fips": "24027604003", "gap_national": -59.4, "gap_stratum": -53.1, "burden": 32.9, "capacity": 80.4, "svi": 0.14, "top_decile_gap": 0.0, "stratum": "metropolitan", "scored": 1}, "geometry": {"type": "Polygon", "coordinates": [[[-77.1178, 39.3046], [-77.0948, 39.3223], [-77.0926, 39.3229], [-77.0895, 39.3185], [-77.0625, 39.3067], [-77.0614, 39.3144], [-77.0537, 39.314], [-77.0488, 39.318], [-77.0314, 39.3182], [-77.028, 39.3201], [-77.0283, 39.3243], [-77.0195, 39.3206], [-77.0145, 39.3317], [-77.0127, 39.343], [-77.0172, 39.3499], [-77.0157, 39.3526], [-76.9976, 39.355], [-76.9922, 39.3598], [-76.9904, 39.3537], [-76.9829, 39.3501], [-76.9872, 39.3447], [-76.9851, 39.3345], [-76.9966, 39.3144], [-77.0004, 39.3025], [-76.9974, 39.3013], [-76.997, 39.2954], [-76.9996, 39.2897], [-76.9997, 39.2756], [-77.0039, 39.2769], [-77.0056, 39.2806], [-77.0165, 39.2838], [-77.0309, 39.2815], [-77.0246, 39.2945], [-77.0374, 39.2956], [-77.0526, 39.2905], [-77.066, 39.2945], [-77.08, 39.2934], [-77.0936, 39.2869], [-77.0982, 39.2823], [-77.0979, 39.2799], [-77.1078, 39.2751], [-77.115, 39.2652], [-77.1167, 39.2675], [-77.1334, 39.2704], [-77.1345, 39.2768], [-77.1178, 39.3046]]]}}, {"type": "Feature", "properties": {"fips": "24005430600", "gap_national": -43.5, "gap_stratum": -38.6, "burden": 31.0, "capacity": 65.6, "svi": 0.1, "top_decile_gap": 0.0, "stratum": "metropolitan", "scored": 1}, "geometry": {"type": "Polygon", "coordinates": [[[-76.7156, 39.2421], [-76.7053, 39.232], [-76.6986, 39.2379], [-76.6912, 39.2387], [-76.6939, 39.219], [-76.6991, 39.213], [-76.7052, 39.2157], [-76.7067, 39.2212], [-76.7131, 39.2217], [-76.7229, 39.2272], [-76.7156, 39.2421]]]}}, {"type": "Feature", "properties": {"fips": "24005402602", "gap_national": -8.0, "gap_stratum": -2.1, "burden": 75.3, "capacity": 78.1, "svi": 0.42, "top_decile_gap": 0.0, "stratum": "metropolitan", "scored": 1}, "geometry": {"type": "Polygon", "coordinates": [[[-76.7817, 39.3714], [-76.7673, 39.3673], [-76.7756, 39.3654], [-76.7787, 39.3614], [-76.7913, 39.366], [-76.789, 39.3691], [-76.7817, 39.3714]]]}}, {"type": "Feature", "properties": {"fips": "24005408505", "gap_national": -64.8, "gap_stratum": -61.0, "burden": 21.4, "capacity": 73.3, "svi": 0.22, "top_decile_gap": 0.0, "stratum": "metropolitan", "scored": 1}, "geometry": {"type": "Polygon", "coordinates": [[[-76.6178, 39.4552], [-76.614, 39.4592], [-76.6081, 39.4598], [-76.6052, 39.4537], [-76.607, 39.4464], [-76.6203, 39.4456], [-76.625, 39.4413], [-76.6341, 39.4381], [-76.6366, 39.4476], [-76.6467, 39.4547], [-76.6178, 39.4552]]]}}, {"type": "Feature", "properties": {"fips": "24005411202", "gap_national": -58.4, "gap_stratum": -51.1, "burden": 41.3, "capacity": 93.6, "svi": 0.19, "top_decile_gap": 0.0, "stratum": "metropolitan", "scored": 1}, "geometry": {"type": "Polygon", "coordinates": [[[-76.5465, 39.4638], [-76.5441, 39.471], [-76.5288, 39.4834], [-76.5274, 39.4879], [-76.5229, 39.4898], [-76.511, 39.4718], [-76.4903, 39.4699], [-76.48, 39.4735], [-76.4672, 39.4634], [-76.4609, 39.4638], [-76.4565, 39.4606], [-76.4616, 39.4605], [-76.4911, 39.4314], [-76.49, 39.4277], [-76.4972, 39.4215], [-76.5122, 39.4248], [-76.5186, 39.4317], [-76.5254, 39.4294], [-76.5303, 39.4243], [-76.5381, 39.4221], [-76.5435, 39.4263], [-76.5436, 39.4395], [-76.5485, 39.443], [-76.5554, 39.4399], [-76.5573, 39.4493], [-76.5465, 39.4638]]]}}, {"type": "Feature", "properties": {"fips": "24005440800", "gap_national": -20.8, "gap_stratum": -13.9, "burden": 46.6, "capacity": 62.5, "svi": 0.53, "top_decile_gap": 0.0, "stratum": "metropolitan", "scored": 1}, "geometry": {"type": "Polygon", "coordinates": [[[-76.506, 39.3769], [-76.4912, 39.3639], [-76.4913, 39.3616], [-76.4847, 39.3594], [-76.4853, 39.3572], [-76.4968, 39.35], [-76.5138, 39.3699], [-76.506, 39.3769]]]}}, {"type": "Feature", "properties": {"fips": "24005450503", "gap_national": 44.9, "gap_stratum": 49.5, "burden": 69.0, "capacity": 34.1, "svi": 0.63, "top_decile_gap": 0.0, "stratum": "metropolitan", "scored": 1}, "geometry": {"type": "Polygon", "coordinates": [[[-76.4544, 39.3044], [-76.4523, 39.3044], [-76.4542, 39.3096], [-76.4512, 39.3118], [-76.4475, 39.3054], [-76.4507, 39.303], [-76.4459, 39.3009], [-76.451, 39.2936], [-76.4607, 39.2962], [-76.4544, 39.3044]]]}}, {"type": "Feature", "properties": {"fips": "24005404201", "gap_national": 3.7, "gap_stratum": 9.4, "burden": 51.8, "capacity": 50.3, "svi": 0.8, "top_decile_gap": 0.0, "stratum": "metropolitan", "scored": 1}, "geometry": {"type": "Polygon", "coordinates": [[[-76.8014, 39.4439], [-76.7995, 39.4434], [-76.798, 39.4553], [-76.7868, 39.4498], [-76.7833, 39.4432], [-76.7899, 39.4368], [-76.7976, 39.4337], [-76.8063, 39.4407], [-76.8018, 39.4415], [-76.8014, 39.4439]]]}}, {"type": "Feature", "properties": {"fips": "24033801411", "gap_national": -7.1, "gap_stratum": 0.1, "burden": 61.0, "capacity": 64.5, "svi": 0.15, "top_decile_gap": 0.0, "stratum": "metropolitan", "scored": 1}, "geometry": {"type": "Polygon", "coordinates": [[[-77.0163, 38.7719], [-77.0103, 38.7784], [-77.006, 38.7773], [-77.0065, 38.7796], [-76.9975, 38.7803], [-76.9938, 38.7608], [-77.0167, 38.7591], [-77.0163, 38.7719]]]}}, {"type": "Feature", "properties": {"fips": "24033802002", "gap_national": -14.8, "gap_stratum": -7.0, "burden": 59.3, "capacity": 68.5, "svi": 0.48, "top_decile_gap": 0.0, "stratum": "metropolitan", "scored": 1}, "geometry": {"type": "Polygon", "coordinates": [[[-76.9234, 38.8543], [-76.92, 38.8517], [-76.9103, 38.8532], [-76.903, 38.8493], [-76.9131, 38.8391], [-76.9161, 38.8439], [-76.9303, 38.8524], [-76.9234, 38.8543]]]}}, {"type": "Feature", "properties": {"fips": "24033803601", "gap_national": -4.5, "gap_stratum": 2.4, "burden": 65.8, "capacity": 66.6, "svi": 0.56, "top_decile_gap": 0.0, "stratum": "metropolitan", "scored": 1}, "geometry": {"type": "Polygon", "coordinates": [[[-76.8391, 38.9471], [-76.8399, 38.945], [-76.8332, 38.9359], [-76.838, 38.9345], [-76.8474, 38.9366], [-76.8485, 38.9312], [-76.8547, 38.9306], [-76.8582, 38.9456], [-76.8391, 38.9471]]]}}, {"type": "Feature", "properties": {"fips": "24033805909", "gap_national": -6.9, "gap_stratum": -6.6, "burden": 12.2, "capacity": 21.3, "svi": 0.62, "top_decile_gap": 0.0, "stratum": "metropolitan", "scored": 1}, "geometry": {"type": "Polygon", "coordinates": [[[-76.9645, 38.9708], [-76.9656, 38.9766], [-76.9617, 38.9815], [-76.9643, 38.9849], [-76.9557, 38.9857], [-76.9534, 38.9774], [-76.9614, 38.9731], [-76.9623, 38.9671], [-76.9677, 38.9686], [-76.9645, 38.9708]]]}}, {"type": "Feature", "properties": {"fips": "24013505206", "gap_national": -54.0, "gap_stratum": -47.3, "burden": 34.7, "capacity": 77.1, "svi": 0.05, "top_decile_gap": 0.0, "stratum": "metropolitan", "scored": 1}, "geometry": {"type": "Polygon", "coordinates": [[[-76.9642, 39.3686], [-76.9424, 39.3701], [-76.9417, 39.3777], [-76.9443, 39.3809], [-76.9398, 39.3826], [-76.9312, 39.3746], [-76.9239, 39.3797], [-76.9199, 39.3833], [-76.9299, 39.3909], [-76.9266, 39.3975], [-76.9139, 39.3948], [-76.8841, 39.3966], [-76.8734, 39.3889], [-76.8788, 39.3905], [-76.8791, 39.388], [-76.8843, 39.3884], [-76.8832, 39.3858], [-76.8913, 39.3822], [-76.8889, 39.3706], [-76.8839, 39.3645], [-76.8795, 39.3661], [-76.878, 39.3642], [-76.8818, 39.3628], [-76.8807, 39.3605], [-76.8734, 39.3572], [-76.8797, 39.3568], [-76.8802, 39.3497], [-76.8858, 39.3526], [-76.8865, 39.3506], [-76.889, 39.3538], [-76.8979, 39.3516], [-76.9028, 39.3544], [-76.9089, 39.3527], [-76.908, 39.3494], [-76.9102, 39.3487], [-76.9289, 39.3538], [-76.9335, 39.3576], [-76.9414, 39.3575], [-76.9464, 39.361], [-76.9504, 39.358], [-76.9592, 39.3567], [-76.9671, 39.3623], [-76.9642, 39.3686]]]}}, {"type": "Feature", "properties": {"fips": "24013507601", "gap_national": 6.8, "gap_stratum": -18.5, "burden": 49.0, "capacity": 45.8, "svi": 0.49, "top_decile_gap": 0.0, "stratum": "micropolitan", "scored": 1}, "geometry": {"type": "Polygon", "coordinates": [[[-76.9634, 39.6587], [-76.9598, 39.6584], [-76.957, 39.6521], [-76.9724, 39.6326], [-76.972, 39.6289], [-76.9668, 39.623], [-76.9641, 39.6234], [-76.9452, 39.6025], [-76.9959, 39.5751], [-76.9989, 39.578], [-76.9971, 39.6229], [-77.0061, 39.6377], [-76.9634, 39.6587]]]}}, {"type": "Feature", "properties": {"fips": "24013509002", "gap_national": -29.1, "gap_stratum": -21.2, "burden": 47.9, "capacity": 69.3, "svi": 0.09, "top_decile_gap": 0.0, "stratum": "metropolitan", "scored": 1}, "geometry": {"type": "Polygon", "coordinates": [[[-77.1238, 39.4515], [-77.116, 39.4603], [-77.1189, 39.4631], [-77.0914, 39.4593], [-77.0477, 39.4437], [-77.0714, 39.4249], [-77.0753, 39.4051], [-77.0983, 39.4142], [-77.1334, 39.4324], [-77.1238, 39.4515]]]}}, {"type": "Feature", "properties": {"fips": "24015031302", "gap_national": 10.3, "gap_stratum": 15.9, "burden": 62.1, "capacity": 53.9, "svi": 0.58, "top_decile_gap": 0.0, "stratum": "metropolitan", "scored": 1}, "geometry": {"type": "Polygon", "coordinates": [[[-76.1351, 39.6736], [-76.1337, 39.6861], [-76.1246, 39.6936], [-76.1314, 39.6971], [-76.12, 39.7008], [-76.1117, 39.6967], [-76.1098, 39.6999], [-76.1094, 39.703], [-76.1213, 39.7125], [-76.1209, 39.7169], [-76.124, 39.7216], [-76.0277, 39.7218], [-76.0251, 39.7026], [-76.0112, 39.7038], [-76.0176, 39.6907], [-76.0391, 39.688], [-76.0378, 39.6827], [-76.0328, 39.6792], [-76.1231, 39.6708], [-76.132, 39.6662], [-76.1449, 39.6643], [-76.1471, 39.6618], [-76.1456, 39.6646], [-76.1477, 39.6696], [-76.1351, 39.6736]]]}}, {"type": "Feature", "properties": {"fips": "24009860902", "gap_national": -13.3, "gap_stratum": -6.2, "burden": 52.5, "capacity": 62.0, "svi": 0.19, "top_decile_gap": 0.0, "stratum": "metropolitan", "scored": 1}, "geometry": {"type": "Polygon", "coordinates": [[[-76.4987, 38.3896], [-76.4868, 38.3994], [-76.4853, 38.4129], [-76.4893, 38.4267], [-76.483, 38.4373], [-76.4828, 38.4442], [-76.4811, 38.4464], [-76.4729, 38.445], [-76.4698, 38.4425], [-76.4618, 38.4224], [-76.4511, 38.407], [-76.4444, 38.4014], [-76.4494, 38.3989], [-76.4564, 38.388], [-76.4586, 38.3783], [-76.4714, 38.3729], [-76.4783, 38.3582], [-76.4864, 38.3535], [-76.4957, 38.3666], [-76.5063, 38.3751], [-76.4987, 38.3896]]]}}, {"type": "Feature", "properties": {"fips": "24017850600", "gap_national": -37.5, "gap_stratum": -28.8, "burden": 53.3, "capacity": 82.4, "svi": 0.25, "top_decile_gap": 0.0, "stratum": "metropolitan", "scored": 1}, "geometry": {"type": "Polygon", "coordinates": [[[-77.1256, 38.575], [-77.119, 38.5842], [-77.1014, 38.5732], [-77.0985, 38.5648], [-77.0873, 38.5511], [-77.0772, 38.5463], [-77.0706, 38.5459], [-77.0395, 38.5495], [-77.0322, 38.5645], [-77.0313, 38.5775], [-77.0269, 38.5843], [-77.0196, 38.5866], [-76.9769, 38.5925], [-76.9511, 38.5829], [-76.9784, 38.5709], [-76.9838, 38.566], [-76.9974, 38.568], [-77.0058, 38.5648], [-77.0058, 38.5567], [-77.0149, 38.5495], [-77.0143, 38.5368], [-77.0116, 38.5323], [-77.0133, 38.5214], [-77.0177, 38.5152], [-77.0317, 38.5104], [-77.0448, 38.5078], [-77.0623, 38.5131], [-77.0779, 38.5228], [-77.0932, 38.5211], [-77.1019, 38.523], [-77.1087, 38.5268], [-77.113, 38.5339], [-77.1347, 38.541], [-77.1314, 38.5452], [-77.1256, 38.575]]]}}, {"type": "Feature", "properties": {"fips": "24031703220", "gap_national": -24.2, "gap_stratum": -16.3, "burden": 50.8, "capacity": 68.2, "svi": 0.85, "top_decile_gap": 0.0, "stratum": "metropolitan", "scored": 1}, "geometry": {"type": "Polygon", "coordinates": [[[-77.0623, 39.1009], [-77.0564, 39.1035], [-77.0645, 39.1124], [-77.0601, 39.1123], [-77.0538, 39.1072], [-77.0541, 39.1036], [-77.0446, 39.0956], [-77.0449, 39.0906], [-77.0649, 39.0914], [-77.0623, 39.1009]]]}}, {"type": "Feature", "properties": {"fips": "24031703207", "gap_national": 4.3, "gap_stratum": 7.9, "burden": 30.8, "capacity": 30.6, "svi": 0.88, "top_decile_gap": 0.0, "stratum": "metropolitan", "scored": 1}, "geometry": {"type": "Polygon", "coordinates": [[[-77.05, 39.0581], [-77.0344, 39.0661], [-77.0293, 39.0665], [-77.0236, 39.0578], [-77.0251, 39.0489], [-77.0322, 39.0459], [-77.052, 39.0471], [-77.05, 39.0581]]]}}, {"type": "Feature", "properties": {"fips": "24031701007", "gap_national": -63.1, "gap_stratum": -63.0, "burden": 9.3, "capacity": 63.3, "svi": 0.32, "top_decile_gap": 0.0, "stratum": "metropolitan", "scored": 1}, "geometry": {"type": "Polygon", "coordinates": [[[-77.1876, 39.1111], [-77.179, 39.1011], [-77.1731, 39.0859], [-77.1822, 39.0927], [-77.1872, 39.091], [-77.1965, 39.0935], [-77.1876, 39.1111]]]}}, {"type": "Feature", "properties": {"fips": "24025301601", "gap_national": 0.1, "gap_stratum": 5.8, "burden": 50.1, "capacity": 51.4, "svi": 0.71, "top_decile_gap": 0.0, "stratum": "metropolitan", "scored": 1}, "geometry": {"type": "Polygon", "coordinates": [[[-76.3105, 39.4251], [-76.3058, 39.4331], [-76.2952, 39.4233], [-76.2921, 39.4162], [-76.32, 39.4044], [-76.3267, 39.4145], [-76.3287, 39.4229], [-76.3105, 39.4251]]]}}, {"type": "Feature", "properties": {"fips": "24021772200", "gap_national": 45.9, "gap_stratum": 48.0, "burden": 77.9, "capacity": 41.4, "svi": 0.58, "top_decile_gap": 0.0, "stratum": "metropolitan", "scored": 1}, "geometry": {"type": "Polygon", "coordinates": [[[-77.4112, 39.4128], [-77.4039, 39.413], [-77.4043, 39.4155], [-77.3819, 39.4279], [-77.379, 39.4335], [-77.3776, 39.4243], [-77.3676, 39.4292], [-77.363, 39.4247], [-77.3624, 39.4172], [-77.3665, 39.3986], [-77.3851, 39.4044], [-77.4093, 39.3999], [-77.4112, 39.4128]]]}}, {"type": "Feature", "properties": {"fips": "24025301201", "gap_national": -30.4, "gap_stratum": -21.7, "burden": 55.6, "capacity": 77.8, "svi": 0.13, "top_decile_gap": 0.0, "stratum": "metropolitan", "scored": 1}, "geometry": {"type": "Polygon", "coordinates": [[[-76.3819, 39.4664], [-76.38, 39.4751], [-76.3747, 39.471], [-76.3656, 39.4738], [-76.361, 39.4725], [-76.3455, 39.4837], [-76.3436, 39.4829], [-76.3463, 39.4854], [-76.3446, 39.4849], [-76.3449, 39.4869], [-76.3359, 39.4729], [-76.3373, 39.4692], [-76.3247, 39.4602], [-76.3211, 39.4513], [-76.3422, 39.4426], [-76.3676, 39.4418], [-76.3776, 39.4362], [-76.3796, 39.4382], [-76.3789, 39.4454], [-76.3887, 39.4534], [-76.3862, 39.4587], [-76.3918, 39.4625], [-76.3819, 39.4664]]]}}, {"type": "Feature", "properties": {"fips": "24027605502", "gap_national": -63.1, "gap_stratum": -56.9, "burden": 33.2, "capacity": 85.2, "svi": 0.28, "top_decile_gap": 0.0, "stratum": "metropolitan", "scored": 1}, "geometry": {"type": "Polygon", "coordinates": [[[-76.8909, 39.2344], [-76.8893, 39.2272], [-76.894, 39.2258], [-76.8926, 39.2222], [-76.8885, 39.2215], [-76.8874, 39.215], [-76.8933, 39.2114], [-76.905, 39.2136], [-76.9113, 39.2191], [-76.9159, 39.2304], [-76.8909, 39.2344]]]}}, {"type": "Feature", "properties": {"fips": "24035810800", "gap_national": -36.9, "gap_stratum": -67.5, "burden": 43.0, "capacity": 70.9, "svi": 0.14, "top_decile_gap": 0.0, "stratum": "micropolitan", "scored": 1}, "geometry": {"type": "Polygon", "coordinates": [[[-76.3227, 38.9996], [-76.3216, 39.0066], [-76.3236, 39.009], [-76.3203, 39.023], [-76.3118, 39.0353], [-76.3018, 39.0397], [-76.301, 39.0316], [-76.3047, 39.032], [-76.305, 39.0264], [-76.2975, 39.0193], [-76.294, 39.0039], [-76.289, 38.9967], [-76.2775, 38.9825], [-76.2599, 38.9838], [-76.2618, 38.978], [-76.2566, 38.9754], [-76.2512, 38.9768], [-76.2528, 38.9805], [-76.2471, 38.9808], [-76.247, 38.9707], [-76.2796, 38.9753], [-76.3033, 38.9748], [-76.3347, 38.9821], [-76.3227, 38.9996]]]}}, {"type": "Feature", "properties": {"fips": "24031701505", "gap_national": -1.7, "gap_stratum": 3.4, "burden": 44.0, "capacity": 47.7, "svi": 0.79, "top_decile_gap": 0.0, "stratum": "metropolitan", "scored": 1}, "geometry": {"type": "Polygon", "coordinates": [[[-76.992, 39.0433], [-76.9768, 39.0191], [-76.9941, 39.0175], [-76.9981, 39.0261], [-77.006, 39.03], [-76.992, 39.0433]]]}}, {"type": "Feature", "properties": {"fips": "24031702101", "gap_national": 35.9, "gap_stratum": 41.6, "burden": 61.1, "capacity": 33.9, "svi": 0.92, "top_decile_gap": 0.0, "stratum": "metropolitan", "scored": 1}, "geometry": {"type": "Polygon", "coordinates": [[[-76.9941, 39.0175], [-76.9892, 39.0123], [-76.9892, 39.0058], [-76.9841, 39.0014], [-76.9953, 38.9996], [-77.0041, 39.0151], [-76.9941, 39.0175]]]}}, {"type": "Feature", "properties": {"fips": "24031703201", "gap_national": -28.3, "gap_stratum": -26.2, "burden": 26.2, "capacity": 51.8, "svi": 0.22, "top_decile_gap": 0.0, "stratum": "metropolitan", "scored": 1}, "geometry": {"type": "Polygon", "coordinates": [[[-77.109, 39.074], [-77.1058, 39.0743], [-77.1086, 39.0823], [-77.1028, 39.0902], [-77.0982, 39.0875], [-77.0943, 39.0888], [-77.0913, 39.0949], [-77.0795, 39.0932], [-77.0795, 39.0877], [-77.0747, 39.0805], [-77.0901, 39.0789], [-77.0986, 39.0714], [-77.105, 39.0691], [-77.109, 39.074]]]}}, {"type": "Feature", "properties": {"fips": "24021770700", "gap_national": -49.2, "gap_stratum": -41.3, "burden": 42.8, "capacity": 82.0, "svi": 0.05, "top_decile_gap": 0.0, "stratum": "metropolitan", "scored": 1}, "geometry": {"type": "Polygon", "coordinates": [[[-77.6144, 39.4916], [-77.6199, 39.4969], [-77.612, 39.5005], [-77.6101, 39.4953], [-77.5941, 39.4909], [-77.5961, 39.4861], [-77.5889, 39.4818], [-77.5891, 39.4796], [-77.5772, 39.4726], [-77.5727, 39.4724], [-77.5752, 39.4791], [-77.5681, 39.4767], [-77.5652, 39.4797], [-77.577, 39.4858], [-77.5746, 39.4897], [-77.5705, 39.4896], [-77.5692, 39.4869], [-77.5627, 39.4886], [-77.5568, 39.492], [-77.558, 39.4949], [-77.5631, 39.4954], [-77.5622, 39.4979], [-77.5518, 39.5023], [-77.5536, 39.5048], [-77.5629, 39.506], [-77.5454, 39.5162], [-77.5478, 39.5178], [-77.5454, 39.5175], [-77.5437, 39.5108], [-77.5379, 39.5129], [-77.534, 39.5099], [-77.5265, 39.5186], [-77.5229, 39.518], [-77.518, 39.5209], [-77.5186, 39.5236], [-77.5108, 39.5253], [-77.5108, 39.5319], [-77.5061, 39.5395], [-77.507, 39.5432], [-77.5012, 39.5489], [-77.4965, 39.5214], [-77.4997, 39.5164], [-77.501, 39.5063], [-77.4987, 39.4998], [-77.5001, 39.4871], [-77.4925, 39.478], [-77.4955, 39.4654], [-77.4893, 39.4603], [-77.4952, 39.4537], [-77.5007, 39.456], [-77.5049, 39.4541], [-77.5092, 39.4584], [-77.5252, 39.4604], [-77.5339, 39.4587], [-77.5399, 39.4528], [-77.5422, 39.4605], [-77.5519, 39.4624], [-77.5625, 39.4513], [-77.5644, 39.4459], [-77.5612, 39.4403], [-77.5568, 39.4385], [-77.5561, 39.4326], [-77.5594, 39.4306], [-77.5561, 39.428], [-77.561, 39.4237], [-77.5784, 39.4172], [-77.5811, 39.4207], [-77.6036, 39.4295], [-77.6015, 39.4341], [-77.5965, 39.4373], [-77.5989, 39.4446], [-77.5951, 39.4522], [-77.6014, 39.4547], [-77.6048, 39.4631], [-77.6167, 39.4707], [-77.622, 39.4818], [-77.6144, 39.4916]]]}}, {"type": "Feature", "properties": {"fips": "24031701101", "gap_national": -17.9, "gap_stratum": -16.6, "burden": 23.2, "capacity": 41.8, "svi": 0.29, "top_decile_gap": 0.0, "stratum": "metropolitan", "scored": 1}, "geometry": {"type": "Polygon", "coordinates": [[[-77.1215, 39.083], [-77.1153, 39.0884], [-77.1092, 39.084], [-77.1058, 39.0743], [-77.109, 39.074], [-77.1092, 39.0717], [-77.1379, 39.0797], [-77.1362, 39.0846], [-77.1215, 39.083]]]}}, {"type": "Feature", "properties": {"fips": "24031701001", "gap_national": -42.1, "gap_stratum": -37.1, "burden": 31.4, "capacity": 65.1, "svi": 0.62, "top_decile_gap": 0.0, "stratum": "metropolitan", "scored": 1}, "geometry": {"type": "Polygon", "coordinates": [[[-77.1528, 39.0805], [-77.1527, 39.0784], [-77.1462, 39.0763], [-77.142, 39.0788], [-77.1341, 39.0686], [-77.1307, 39.0695], [-77.1293, 39.0649], [-77.1381, 39.054], [-77.154, 39.0562], [-77.1575, 39.067], [-77.1645, 39.0742], [-77.1528, 39.0805]]]}}, {"type": "Feature", "properties": {"fips": "24003701103", "gap_national": -23.7, "gap_stratum": -21.4, "burden": 27.7, "capacity": 49.9, "svi": 0.26, "top_decile_gap": 0.0, "stratum": "metropolitan", "scored": 1}, "geometry": {"type": "Polygon", "coordinates": [[[-76.5586, 38.937], [-76.5511, 38.9366], [-76.541, 38.9452], [-76.5277, 38.9364], [-76.5463, 38.9271], [-76.5611, 38.9342], [-76.5586, 38.937]]]}}, {"type": "Feature", "properties": {"fips": "24003731210", "gap_national": -33.4, "gap_stratum": -26.4, "burden": 41.6, "capacity": 67.2, "svi": 0.14, "top_decile_gap": 0.0, "stratum": "metropolitan", "scored": 1}, "geometry": {"type": "Polygon", "coordinates": [[[-76.5438, 39.1282], [-76.5173, 39.1229], [-76.5172, 39.1189], [-76.5228, 39.1122], [-76.5333, 39.1095], [-76.5347, 39.1057], [-76.5416, 39.1095], [-76.5424, 39.1125], [-76.5498, 39.1149], [-76.5438, 39.1282]]]}}, {"type": "Feature", "properties": {"fips": "24041960300", "gap_national": -6.9, "gap_stratum": -29.2, "burden": 70.5, "capacity": 72.5, "svi": 0.91, "top_decile_gap": 0.0, "stratum": "micropolitan", "scored": 1}, "geometry": {"type": "Polygon", "coordinates": [[[-76.0798, 38.786], [-76.0653, 38.7947], [-76.0763, 38.777], [-76.071, 38.7471], [-76.073, 38.7541], [-76.0857, 38.7659], [-76.0917, 38.7646], [-76.0958, 38.7681], [-76.0798, 38.786]]]}}, {"type": "Feature", "properties": {"fips": "24043000601", "gap_national": 54.8, "gap_stratum": 53.9, "burden": 88.9, "capacity": 42.5, "svi": 0.94, "top_decile_gap": 1.0, "stratum": "metropolitan", "scored": 1}, "geometry": {"type": "Polygon", "coordinates": [[[-77.7139, 39.6431], [-77.6836, 39.6426], [-77.6877, 39.6405], [-77.6869, 39.6379], [-77.6905, 39.6385], [-77.6908, 39.6345], [-77.6938, 39.6319], [-77.7013, 39.6312], [-77.7163, 39.6401], [-77.7139, 39.6431]]]}}, {"type": "Feature", "properties": {"fips": "24510260201", "gap_national": -6.2, "gap_stratum": 0.9, "burden": 65.2, "capacity": 67.3, "svi": 0.73, "top_decile_gap": 0.0, "stratum": "metropolitan", "scored": 1}, "geometry": {"type": "Polygon", "coordinates": [[[-76.5517, 39.3381], [-76.5417, 39.3292], [-76.5408, 39.3236], [-76.5484, 39.3218], [-76.5616, 39.3311], [-76.5517, 39.3381]]]}}, {"type": "Feature", "properties": {"fips": "24510040100", "gap_national": -25.5, "gap_stratum": -27.0, "burden": 6.7, "capacity": 35.2, "svi": 0.45, "top_decile_gap": 0.0, "stratum": "metropolitan", "scored": 1}, "geometry": {"type": "Polygon", "coordinates": [[[-76.611, 39.2945], [-76.6051, 39.2869], [-76.6221, 39.2863], [-76.6226, 39.2948], [-76.611, 39.2945]]]}}, {"type": "Feature", "properties": {"fips": "24510150800", "gap_national": 11.5, "gap_stratum": 13.0, "burden": 90.8, "capacity": 74.0, "svi": 0.87, "top_decile_gap": 0.0, "stratum": "metropolitan", "scored": 1}, "geometry": {"type": "Polygon", "coordinates": [[[-76.6811, 39.3269], [-76.6714, 39.3242], [-76.6749, 39.3212], [-76.6742, 39.311], [-76.6806, 39.3108], [-76.6827, 39.3229], [-76.6811, 39.3269]]]}}, {"type": "Feature", "properties": {"fips": "24510210200", "gap_national": 40.6, "gap_stratum": 46.4, "burden": 63.1, "capacity": 31.7, "svi": 0.86, "top_decile_gap": 0.0, "stratum": "metropolitan", "scored": 1}, "geometry": {"type": "Polygon", "coordinates": [[[-76.6378, 39.2828], [-76.638, 39.2856], [-76.629, 39.286], [-76.6289, 39.2838], [-76.6327, 39.2836], [-76.6303, 39.2813], [-76.6346, 39.278], [-76.6287, 39.2735], [-76.6335, 39.2695], [-76.655, 39.2712], [-76.655, 39.2753], [-76.6378, 39.2828]]]}}, {"type": "Feature", "properties": {"fips": "24510150200", "gap_national": 39.6, "gap_stratum": 38.0, "burden": 95.5, "capacity": 56.7, "svi": 0.66, "top_decile_gap": 0.0, "stratum": "metropolitan", "scored": 1}, "geometry": {"type": "Polygon", "coordinates": [[[-76.6513, 39.3097], [-76.645, 39.3099], [-76.6446, 39.3032], [-76.6516, 39.3034], [-76.6513, 39.3097]]]}}, {"type": "Feature", "properties": {"fips": "24510250204", "gap_national": 66.5, "gap_stratum": 64.2, "burden": 98.0, "capacity": 38.4, "svi": 0.88, "top_decile_gap": 1.0, "stratum": "metropolitan", "scored": 1}, "geometry": {"type": "Polygon", "coordinates": [[[-76.6337, 39.2586], [-76.6326, 39.2515], [-76.6281, 39.25], [-76.6274, 39.2516], [-76.6254, 39.25], [-76.6275, 39.2498], [-76.6188, 39.2458], [-76.6215, 39.2419], [-76.6298, 39.2445], [-76.635, 39.2516], [-76.6337, 39.2586]]]}}, {"type": "Feature", "properties": {"fips": "24003731201", "gap_national": -66.9, "gap_stratum": -61.5, "burden": 28.2, "capacity": 82.7, "svi": 0.02, "top_decile_gap": 0.0, "stratum": "metropolitan", "scored": 1}, "geometry": {"type": "Polygon", "coordinates": [[[-76.5427, 39.0853], [-76.5295, 39.0872], [-76.5096, 39.0763], [-76.5219, 39.0592], [-76.5192, 39.0564], [-76.5279, 39.0578], [-76.5487, 39.0809], [-76.5485, 39.0869], [-76.5427, 39.0853]]]}}, {"type": "Feature", "properties": {"fips": "24003740603", "gap_national": -3.0, "gap_stratum": -2.7, "burden": 10.3, "capacity": 15.5, "svi": 0.42, "top_decile_gap": 0.0, "stratum": "metropolitan", "scored": 1}, "geometry": {"type": "Polygon", "coordinates": [[[-76.8102, 39.0881], [-76.7964, 39.0799], [-76.781, 39.0866], [-76.7721, 39.0849], [-76.7713, 39.0914], [-76.7644, 39.0947], [-76.7753, 39.1097], [-76.7712, 39.1125], [-76.7675, 39.1126], [-76.7671, 39.1087], [-76.7621, 39.109], [-76.7501, 39.1144], [-76.7452, 39.1077], [-76.7342, 39.1094], [-76.7167, 39.1177], [-76.7136, 39.1149], [-76.7242, 39.1097], [-76.72, 39.0948], [-76.7142, 39.0913], [-76.7133, 39.0884], [-76.7089, 39.0874], [-76.7104, 39.0815], [-76.7274, 39.0682], [-76.7362, 39.055], [-76.7388, 39.0468], [-76.7513, 39.0347], [-76.757, 39.0378], [-76.7613, 39.0354], [-76.7654, 39.0404], [-76.7692, 39.039], [-76.7732, 39.0407], [-76.7765, 39.0453], [-76.7926, 39.0462], [-76.7939, 39.0521], [-76.8007, 39.0554], [-76.8039, 39.0624], [-76.8105, 39.0609], [-76.8265, 39.0657], [-76.829, 39.0644], [-76.8308, 39.0697], [-76.8102, 39.0881]]]}}, {"type": "Feature", "properties": {"fips": "24033802502", "gap_national": 9.2, "gap_stratum": 14.5, "burden": 68.6, "capacity": 59.7, "svi": 0.52, "top_decile_gap": 0.0, "stratum": "metropolitan", "scored": 1}, "geometry": {"type": "Polygon", "coordinates": [[[-76.9337, 38.8738], [-76.9208, 38.8701], [-76.9249, 38.8647], [-76.9329, 38.865], [-76.9395, 38.8693], [-76.9337, 38.8738]]]}}, {"type": "Feature", "properties": {"fips": "24033801406", "gap_national": 2.0, "gap_stratum": 8.2, "burden": 64.3, "capacity": 61.0, "svi": 0.47, "top_decile_gap": 0.0, "stratum": "metropolitan", "scored": 1}, "geometry": {"type": "Polygon", "coordinates": [[[-76.9842, 38.7835], [-76.9731, 38.7903], [-76.9576, 38.7754], [-76.9652, 38.7723], [-76.9764, 38.7741], [-76.9938, 38.7608], [-76.9947, 38.7671], [-76.9842, 38.7835]]]}}, {"type": "Feature", "properties": {"fips": "24033800213", "gap_national": -5.8, "gap_stratum": -1.6, "burden": 37.7, "capacity": 45.5, "svi": 0.38, "top_decile_gap": 0.0, "stratum": "metropolitan", "scored": 1}, "geometry": {"type": "Polygon", "coordinates": [[[-76.8579, 39.0911], [-76.8508, 39.0972], [-76.8474, 39.0953], [-76.8545, 39.0831], [-76.8656, 39.0755], [-76.8684, 39.0762], [-76.8652, 39.0829], [-76.8689, 39.0846], [-76.8695, 39.0813], [-76.8713, 39.0822], [-76.8708, 39.0844], [-76.8742, 39.085], [-76.8728, 39.086], [-76.8761, 39.0904], [-76.8579, 39.0911]]]}}, {"type": "Feature", "properties": {"fips": "24003730902", "gap_national": -63.4, "gap_stratum": -57.1, "burden": 33.7, "capacity": 86.4, "svi": 0.03, "top_decile_gap": 0.0, "stratum": "metropolitan", "scored": 1}, "geometry": {"type": "Polygon", "coordinates": [[[-76.4705, 39.0239], [-76.4759, 39.0242], [-76.476, 39.0316], [-76.4699, 39.0314], [-76.4635, 39.0342], [-76.4637, 39.036], [-76.4526, 39.0357], [-76.4469, 39.0302], [-76.4495, 39.027], [-76.414, 39.0196], [-76.4036, 39.0075], [-76.414, 39.0014], [-76.4132, 38.997], [-76.4151, 38.9956], [-76.4219, 38.9946], [-76.421, 38.9892], [-76.4247, 38.9865], [-76.4272, 38.9896], [-76.4239, 38.9995], [-76.4313, 39.0015], [-76.436, 38.9961], [-76.4527, 38.9947], [-76.4555, 38.9979], [-76.4568, 39.0066], [-76.4746, 39.0151], [-76.4758, 39.0181], [-76.4816, 39.0186], [-76.4705, 39.0239]]]}}, {"type": "Feature", "properties": {"fips": "24033801310", "gap_national": -31.2, "gap_stratum": -22.5, "burden": 53.0, "capacity": 75.7, "svi": 0.23, "top_decile_gap": 0.0, "stratum": "metropolitan", "scored": 1}, "geometry": {"type": "Polygon", "coordinates": [[[-77.0429, 38.6438], [-76.9951, 38.6853], [-76.9814, 38.6883], [-76.9722, 38.6734], [-76.9526, 38.6725], [-76.9392, 38.6781], [-76.9351, 38.6704], [-76.9289, 38.6687], [-76.9275, 38.6645], [-76.9166, 38.6633], [-76.9134, 38.655], [-76.9135, 38.6529], [-76.9168, 38.6525], [-76.9396, 38.6546], [-76.9466, 38.6589], [-76.9657, 38.6613], [-77.011, 38.652], [-77.0201, 38.6476], [-77.027, 38.635], [-77.0393, 38.6288], [-77.0478, 38.6162], [-77.0557, 38.6355], [-77.0429, 38.6438]]]}}, {"type": "Feature", "properties": {"fips": "24033803610", "gap_national": 35.9, "gap_stratum": 41.2, "burden": 63.8, "capacity": 36.4, "svi": 0.72, "top_decile_gap": 0.0, "stratum": "metropolitan", "scored": 1}, "geometry": {"type": "Polygon", "coordinates": [[[-76.8896, 38.9675], [-76.8738, 38.966], [-76.8692, 38.9579], [-76.8726, 38.956], [-76.8758, 38.9591], [-76.8965, 38.9652], [-76.8896, 38.9675]]]}}, {"type": "Feature", "properties": {"fips": "24009860702", "gap_national": -2.8, "gap_stratum": -31.6, "burden": 61.8, "capacity": 62.3, "svi": 0.47, "top_decile_gap": 0.0, "stratum": "rural", "scored": 1}, "geometry": {"type": "Polygon", "coordinates": [[[-76.602, 38.5828], [-76.5886, 38.5848], [-76.5828, 38.5902], [-76.5669, 38.5896], [-76.5587, 38.5741], [-76.5534, 38.5688], [-76.553, 38.5572], [-76.5462, 38.5322], [-76.5727, 38.5208], [-76.5813, 38.5323], [-76.5891, 38.5384], [-76.5899, 38.5468], [-76.5985, 38.5587], [-76.6051, 38.5844], [-76.602, 38.5828]]]}}, {"type": "Feature", "properties": {"fips": "24003702300", "gap_national": -59.2, "gap_stratum": -52.5, "burden": 34.5, "capacity": 82.3, "svi": 0.01, "top_decile_gap": 0.0, "stratum": "metropolitan", "scored": 1}, "geometry": {"type": "Polygon", "coordinates": [[[-76.7012, 38.9919], [-76.6586, 38.9934], [-76.6514, 38.9899], [-76.6293, 38.991], [-76.6113, 38.9835], [-76.6089, 38.9861], [-76.6039, 38.9801], [-76.601, 38.9706], [-76.5937, 38.962], [-76.5877, 38.9627], [-76.5739, 38.9557], [-76.5797, 38.9519], [-76.5981, 38.9475], [-76.6043, 38.9518], [-76.6198, 38.9449], [-76.6525, 38.9457], [-76.6768, 38.9526], [-76.6933, 38.9514], [-76.6942, 38.9568], [-76.699, 38.9627], [-76.6994, 38.9691], [-76.704, 38.9728], [-76.7016, 38.9738], [-76.7022, 38.9798], [-76.6983, 38.9836], [-76.7048, 38.9897], [-76.7012, 38.9919]]]}}, {"type": "Feature", "properties": {"fips": "24035811000", "gap_national": -13.8, "gap_stratum": -43.6, "burden": 54.3, "capacity": 63.8, "svi": 0.58, "top_decile_gap": 0.0, "stratum": "micropolitan", "scored": 1}, "geometry": {"type": "MultiPolygon", "coordinates": [[[[-76.2476, 38.911], [-76.2491, 38.9133], [-76.2431, 38.9121], [-76.2432, 38.9067], [-76.2458, 38.9051], [-76.2489, 38.9057], [-76.2476, 38.911]]], [[[-76.3074, 38.955], [-76.2982, 38.9635], [-76.3025, 38.9675], [-76.3027, 38.9748], [-76.2796, 38.9753], [-76.247, 38.9707], [-76.2457, 38.9661], [-76.2534, 38.9649], [-76.2518, 38.9469], [-76.2536, 38.9449], [-76.2511, 38.9402], [-76.2609, 38.9327], [-76.2561, 38.9271], [-76.2524, 38.9263], [-76.2509, 38.9283], [-76.248, 38.9238], [-76.2497, 38.9209], [-76.2564, 38.9188], [-76.2622, 38.92], [-76.2649, 38.9303], [-76.2717, 38.9399], [-76.2707, 38.9421], [-76.2731, 38.9419], [-76.2882, 38.9332], [-76.2887, 38.9306], [-76.2959, 38.9287], [-76.2994, 38.9185], [-76.2939, 38.9101], [-76.2961, 38.9082], [-76.2933, 38.9032], [-76.2996, 38.9027], [-76.3028, 38.922], [-76.3051, 38.9243], [-76.3133, 38.9237], [-76.3074, 38.955]]]]}}, {"type": "Feature", "properties": {"fips": "24003731103", "gap_national": -57.3, "gap_stratum": -52.9, "burden": 25.2, "capacity": 70.7, "svi": 0.2, "top_decile_gap": 0.0, "stratum": "metropolitan", "scored": 1}, "geometry": {"type": "Polygon", "coordinates": [[[-76.5084, 39.0532], [-76.4917, 39.0389], [-76.4637, 39.036], [-76.4635, 39.0342], [-76.476, 39.0316], [-76.4759, 39.0242], [-76.4705, 39.0239], [-76.4909, 39.0142], [-76.5224, 39.0517], [-76.5175, 39.0542], [-76.5084, 39.0532]]]}}, {"type": "Feature", "properties": {"fips": "24025303101", "gap_national": -45.8, "gap_stratum": -42.3, "burden": 25.7, "capacity": 63.1, "svi": 0.09, "top_decile_gap": 0.0, "stratum": "metropolitan", "scored": 1}, "geometry": {"type": "Polygon", "coordinates": [[[-76.3457, 39.5953], [-76.3327, 39.608], [-76.3306, 39.6192], [-76.3233, 39.6147], [-76.3154, 39.6156], [-76.317, 39.6199], [-76.3229, 39.6222], [-76.3184, 39.6252], [-76.3147, 39.6247], [-76.3163, 39.6288], [-76.3148, 39.6297], [-76.3124, 39.6298], [-76.307, 39.6223], [-76.2992, 39.6304], [-76.2954, 39.6301], [-76.2937, 39.6274], [-76.299, 39.625], [-76.2988, 39.6211], [-76.2898, 39.6127], [-76.2805, 39.615], [-76.2745, 39.6133], [-76.2747, 39.6069], [-76.267, 39.5981], [-76.2599, 39.6015], [-76.2594, 39.5963], [-76.2782, 39.5947], [-76.2831, 39.5907], [-76.2813, 39.5847], [-76.2826, 39.5792], [-76.2918, 39.5739], [-76.2865, 39.5551], [-76.3133, 39.547], [-76.3297, 39.5563], [-76.3329, 39.5622], [-76.3329, 39.5693], [-76.3368, 39.5738], [-76.3447, 39.5771], [-76.3457, 39.5953]]]}}, {"type": "Feature", "properties": {"fips": "24025304102", "gap_national": -35.8, "gap_stratum": -28.3, "burden": 43.2, "capacity": 70.2, "svi": 0.03, "top_decile_gap": 0.0, "stratum": "metropolitan", "scored": 1}, "geometry": {"type": "Polygon", "coordinates": [[[-76.4424, 39.7212], [-76.4273, 39.7111], [-76.4245, 39.7039], [-76.4121, 39.6933], [-76.4097, 39.6872], [-76.4093, 39.6722], [-76.4238, 39.6651], [-76.4453, 39.6645], [-76.4495, 39.6713], [-76.4736, 39.6695], [-76.4862, 39.6657], [-76.4899, 39.6619], [-76.4946, 39.668], [-76.5144, 39.6584], [-76.5321, 39.6561], [-76.5455, 39.6454], [-76.5535, 39.6439], [-76.555, 39.6347], [-76.5626, 39.6351], [-76.5661, 39.6362], [-76.5694, 39.7212], [-76.4424, 39.7212]]]}}, {"type": "Feature", "properties": {"fips": "24027602800", "gap_national": -62.2, "gap_stratum": -57.0, "burden": 26.9, "capacity": 76.4, "svi": 0.46, "top_decile_gap": 0.0, "stratum": "metropolitan", "scored": 1}, "geometry": {"type": "Polygon", "coordinates": [[[-76.8166, 39.2796], [-76.8075, 39.2774], [-76.7963, 39.2698], [-76.7925, 39.2728], [-76.7937, 39.2738], [-76.7906, 39.2722], [-76.7985, 39.264], [-76.7963, 39.2586], [-76.8012, 39.2391], [-76.806, 39.2454], [-76.82, 39.2558], [-76.8183, 39.2713], [-76.821, 39.2776], [-76.8166, 39.2796]]]}}, {"type": "Feature", "properties": {"fips": "24043000602", "gap_national": -6.5, "gap_stratum": -1.0, "burden": 76.6, "capacity": 78.0, "svi": 0.57, "top_decile_gap": 0.0, "stratum": "metropolitan", "scored": 1}, "geometry": {"type": "Polygon", "coordinates": [[[-77.728, 39.6241], [-77.7216, 39.6228], [-77.7154, 39.6276], [-77.7171, 39.6332], [-77.7147, 39.6394], [-77.7013, 39.6312], [-77.7098, 39.6308], [-77.6996, 39.6253], [-77.7071, 39.6233], [-77.7081, 39.6208], [-77.7063, 39.6192], [-77.7082, 39.6167], [-77.7024, 39.6151], [-77.7039, 39.6126], [-77.7122, 39.6108], [-77.7123, 39.6078], [-77.7055, 39.6051], [-77.7122, 39.6027], [-77.7292, 39.6053], [-77.7301, 39.6171], [-77.728, 39.6241]]]}}, {"type": "Feature", "properties": {"fips": "24029950300", "gap_national": -4.2, "gap_stratum": -39.6, "burden": 63.2, "capacity": 64.3, "svi": 0.79, "top_decile_gap": 0.0, "stratum": "small_town", "scored": 1}, "geometry": {"type": "Polygon", "coordinates": [[[-76.1052, 39.234], [-76.0925, 39.2342], [-76.0672, 39.2396], [-76.0531, 39.2617], [-76.0492, 39.2596], [-76.0462, 39.2613], [-76.0416, 39.2562], [-76.0393, 39.2515], [-76.0426, 39.2466], [-76.0384, 39.2461], [-76.0411, 39.2422], [-76.0455, 39.2421], [-76.0362, 39.238], [-76.0403, 39.2358], [-76.036, 39.2335], [-76.0366, 39.2296], [-76.0307, 39.229], [-76.0282, 39.2262], [-76.0566, 39.2103], [-76.0638, 39.1993], [-76.0754, 39.2022], [-76.073, 39.207], [-76.0745, 39.21], [-76.0777, 39.2101], [-76.0766, 39.2138], [-76.0805, 39.2191], [-76.0995, 39.2108], [-76.1255, 39.2169], [-76.1188, 39.2291], [-76.1052, 39.234]]]}}, {"type": "Feature", "properties": {"fips": "24031701214", "gap_national": -51.6, "gap_stratum": -53.6, "burden": 3.9, "capacity": 53.4, "svi": 0.26, "top_decile_gap": 0.0, "stratum": "metropolitan", "scored": 1}, "geometry": {"type": "Polygon", "coordinates": [[[-77.0955, 39.0349], [-77.096, 39.0326], [-77.0878, 39.0295], [-77.1031, 39.0225], [-77.1069, 39.0348], [-77.0955, 39.0349]]]}}, {"type": "Feature", "properties": {"fips": "24031700711", "gap_national": -47.1, "gap_stratum": -47.7, "burden": 12.4, "capacity": 54.4, "svi": 0.38, "top_decile_gap": 0.0, "stratum": "metropolitan", "scored": 1}, "geometry": {"type": "Polygon", "coordinates": [[[-77.1692, 39.1475], [-77.159, 39.1432], [-77.1566, 39.1355], [-77.1476, 39.1317], [-77.1504, 39.1269], [-77.1631, 39.1183], [-77.1801, 39.139], [-77.1692, 39.1475]]]}}, {"type": "Feature", "properties": {"fips": "24031700706", "gap_national": -20.4, "gap_stratum": -20.3, "burden": 16.9, "capacity": 38.2, "svi": 0.73, "top_decile_gap": 0.0, "stratum": "metropolitan", "scored": 1}, "geometry": {"type": "Polygon", "coordinates": [[[-77.2441, 39.1611], [-77.2325, 39.161], [-77.2201, 39.1523], [-77.2126, 39.1405], [-77.243, 39.1497], [-77.2518, 39.1556], [-77.2441, 39.1611]]]}}, {"type": "Feature", "properties": {"fips": "24031703210", "gap_national": -48.0, "gap_stratum": -47.6, "burden": 15.7, "capacity": 57.2, "svi": 0.1, "top_decile_gap": 0.0, "stratum": "metropolitan", "scored": 1}, "geometry": {"type": "Polygon", "coordinates": [[[-77.013, 39.0395], [-77.0088, 39.037], [-77.0101, 39.0342], [-77.006, 39.03], [-77.0108, 39.026], [-77.0138, 39.0285], [-77.0202, 39.0263], [-77.0259, 39.0356], [-77.013, 39.0395]]]}}, {"type": "Feature", "properties": {"fips": "24510270301", "gap_national": -35.3, "gap_stratum": -26.6, "burden": 56.4, "capacity": 84.0, "svi": 0.56, "top_decile_gap": 0.0, "stratum": "metropolitan", "scored": 1}, "geometry": {"type": "Polygon", "coordinates": [[[-76.573, 39.3539], [-76.5634, 39.3501], [-76.5691, 39.3428], [-76.5745, 39.3457], [-76.5808, 39.3453], [-76.5818, 39.349], [-76.573, 39.3539]]]}}, {"type": "Feature", "properties": {"fips": "24510271400", "gap_national": -83.5, "gap_stratum": -81.1, "burden": 14.7, "capacity": 84.7, "svi": 0.24, "top_decile_gap": 0.0, "stratum": "metropolitan", "scored": 1}, "geometry": {"type": "Polygon", "coordinates": [[[-76.6292, 39.3534], [-76.624, 39.3365], [-76.6314, 39.3393], [-76.6354, 39.3439], [-76.6403, 39.3434], [-76.6433, 39.3532], [-76.6292, 39.3534]]]}}, {"type": "Feature", "properties": {"fips": "24510280403", "gap_national": -32.7, "gap_stratum": -24.3, "burden": 50.0, "capacity": 74.0, "svi": 0.66, "top_decile_gap": 0.0, "stratum": "metropolitan", "scored": 1}, "geometry": {"type": "Polygon", "coordinates": [[[-76.7112, 39.2917], [-76.698, 39.2931], [-76.6929, 39.2815], [-76.7055, 39.2808], [-76.7111, 39.2779], [-76.7112, 39.2917]]]}}, {"type": "Feature", "properties": {"fips": "24510250500", "gap_national": 55.6, "gap_stratum": 58.5, "burden": 76.6, "capacity": 32.2, "svi": 0.73, "top_decile_gap": 1.0, "stratum": "metropolitan", "scored": 1}, "geometry": {"type": "Polygon", "coordinates": [[[-76.5958, 39.2343], [-76.5977, 39.2349], [-76.5952, 39.2396], [-76.597, 39.241], [-76.5931, 39.241], [-76.585, 39.2324], [-76.5806, 39.2309], [-76.5774, 39.2249], [-76.5595, 39.2204], [-76.5553, 39.217], [-76.5502, 39.2173], [-76.5491, 39.2138], [-76.5343, 39.2132], [-76.5324, 39.21], [-76.5331, 39.2076], [-76.5501, 39.1972], [-76.5841, 39.2079], [-76.6007, 39.2237], [-76.5958, 39.2343]]]}}, {"type": "Feature", "properties": {"fips": "24031700613", "gap_national": -56.9, "gap_stratum": -56.4, "burden": 13.4, "capacity": 61.5, "svi": 0.33, "top_decile_gap": 0.0, "stratum": "metropolitan", "scored": 1}, "geometry": {"type": "Polygon", "coordinates": [[[-77.3333, 39.1351], [-77.3292, 39.1357], [-77.3144, 39.147], [-77.3079, 39.1462], [-77.295, 39.1531], [-77.2847, 39.1636], [-77.2755, 39.1591], [-77.2784, 39.1516], [-77.2696, 39.1401], [-77.2722, 39.1378], [-77.2676, 39.1373], [-77.268, 39.1329], [-77.2804, 39.1337], [-77.2802, 39.1265], [-77.2861, 39.1245], [-77.2912, 39.1283], [-77.3003, 39.1253], [-77.3039, 39.1278], [-77.3074, 39.1252], [-77.3272, 39.1289], [-77.3283, 39.1319], [-77.3351, 39.1317], [-77.3333, 39.1351]]]}}, {"type": "Feature", "properties": {"fips": "24031700829", "gap_national": -68.3, "gap_stratum": -67.8, "burden": 8.5, "capacity": 66.4, "svi": 0.22, "top_decile_gap": 0.0, "stratum": "metropolitan", "scored": 1}, "geometry": {"type": "Polygon", "coordinates": [[[-77.2272, 39.1301], [-77.2209, 39.1426], [-77.2126, 39.1405], [-77.2065, 39.1316], [-77.2162, 39.1211], [-77.2173, 39.1101], [-77.2225, 39.1132], [-77.2253, 39.1206], [-77.2378, 39.1285], [-77.2272, 39.1301]]]}}, {"type": "Feature", "properties": {"fips": "24031706010", "gap_national": -78.5, "gap_stratum": -75.3, "burden": 18.3, "capacity": 83.1, "svi": 0.18, "top_decile_gap": 0.0, "stratum": "metropolitan", "scored": 1}, "geometry": {"type": "Polygon", "coordinates": [[[-77.1672, 39.0312], [-77.1642, 39.035], [-77.1614, 39.0346], [-77.1569, 39.0331], [-77.157, 39.0261], [-77.1609, 39.026], [-77.1643, 39.0172], [-77.1711, 39.016], [-77.1708, 39.0215], [-77.1763, 39.0268], [-77.1766, 39.0311], [-77.1672, 39.0312]]]}}, {"type": "Feature", "properties": {"fips": "24031700715", "gap_national": 0.6, "gap_stratum": 4.2, "burden": 32.4, "capacity": 35.6, "svi": 0.39, "top_decile_gap": 0.0, "stratum": "metropolitan", "scored": 1}, "geometry": {"type": "Polygon", "coordinates": [[[-77.1894, 39.1798], [-77.1868, 39.1877], [-77.1804, 39.1816], [-77.1767, 39.17], [-77.179, 39.17], [-77.1857, 39.1595], [-77.1921, 39.1601], [-77.1894, 39.1798]]]}}, {"type": "Feature", "properties": {"fips": "24031700902", "gap_national": -7.4, "gap_stratum": -4.7, "burden": 29.2, "capacity": 39.0, "svi": 0.47, "top_decile_gap": 0.0, "stratum": "metropolitan", "scored": 1}, "geometry": {"type": "Polygon", "coordinates": [[[-77.1476, 39.0999], [-77.1436, 39.0932], [-77.1362, 39.0905], [-77.1379, 39.0797], [-77.1471, 39.0853], [-77.1536, 39.0991], [-77.1476, 39.0999]]]}}, {"type": "Feature", "properties": {"fips": "24510190200", "gap_national": -1.0, "gap_stratum": 4.5, "burden": 47.7, "capacity": 50.2, "svi": 0.22, "top_decile_gap": 0.0, "stratum": "metropolitan", "scored": 1}, "geometry": {"type": "Polygon", "coordinates": [[[-76.6382, 39.2886], [-76.6378, 39.2828], [-76.6419, 39.281], [-76.6424, 39.2884], [-76.6382, 39.2886]]]}}, {"type": "Feature", "properties": {"fips": "24510080101", "gap_national": 9.8, "gap_stratum": 13.8, "burden": 78.9, "capacity": 66.9, "svi": 0.41, "top_decile_gap": 0.0, "stratum": "metropolitan", "scored": 1}, "geometry": {"type": "Polygon", "coordinates": [[[-76.5765, 39.3339], [-76.5675, 39.3264], [-76.5818, 39.3146], [-76.5949, 39.3172], [-76.5765, 39.3339]]]}}, {"type": "Feature", "properties": {"fips": "24005404402", "gap_national": -52.8, "gap_stratum": -45.7, "burden": 36.8, "capacity": 78.5, "svi": 0.16, "top_decile_gap": 0.0, "stratum": "metropolitan", "scored": 1}, "geometry": {"type": "Polygon", "coordinates": [[[-76.8147, 39.4922], [-76.7999, 39.4977], [-76.7952, 39.4955], [-76.7938, 39.4851], [-76.8037, 39.4823], [-76.8066, 39.4786], [-76.7912, 39.4822], [-76.7717, 39.4785], [-76.7805, 39.4708], [-76.7802, 39.4649], [-76.7868, 39.4498], [-76.798, 39.4553], [-76.8213, 39.4776], [-76.8147, 39.4922]]]}}, {"type": "Feature", "properties": {"fips": "24005408800", "gap_national": -78.9, "gap_stratum": -75.6, "burden": 19.1, "capacity": 84.8, "svi": 0.19, "top_decile_gap": 0.0, "stratum": "metropolitan", "scored": 1}, "geometry": {"type": "Polygon", "coordinates": [[[-76.6341, 39.4381], [-76.6264, 39.4409], [-76.6166, 39.4205], [-76.6293, 39.417], [-76.64, 39.42], [-76.6341, 39.4381]]]}}, {"type": "Feature", "properties": {"fips": "24037875400", "gap_national": -42.5, "gap_stratum": -34.3, "burden": 44.4, "capacity": 76.9, "svi": 0.38, "top_decile_gap": 0.0, "stratum": "metropolitan", "scored": 1}, "geometry": {"type": "Polygon", "coordinates": [[[-76.7227, 38.3249], [-76.7111, 38.3212], [-76.6845, 38.3191], [-76.671, 38.3146], [-76.6566, 38.3043], [-76.6297, 38.2945], [-76.6152, 38.2822], [-76.6049, 38.2628], [-76.5919, 38.2499], [-76.5931, 38.2434], [-76.5882, 38.2417], [-76.5826, 38.231], [-76.5727, 38.228], [-76.5698, 38.2221], [-76.5713, 38.2193], [-76.5906, 38.2142], [-76.6325, 38.2257], [-76.6528, 38.2264], [-76.6735, 38.2344], [-76.686, 38.2328], [-76.6871, 38.2413], [-76.699, 38.2407], [-76.7049, 38.2336], [-76.7199, 38.2332], [-76.7192, 38.2379], [-76.7231, 38.2415], [-76.7131, 38.2589], [-76.7119, 38.2722], [-76.7164, 38.293], [-76.7295, 38.3172], [-76.7227, 38.3249]]]}}, {"type": "Feature", "properties": {"fips": "24510110100", "gap_national": -22.8, "gap_stratum": -23.9, "burden": 9.6, "capacity": 34.6, "svi": 0.44, "top_decile_gap": 0.0, "stratum": "metropolitan", "scored": 1}, "geometry": {"type": "Polygon", "coordinates": [[[-76.6113, 39.3047], [-76.611, 39.2945], [-76.6143, 39.2951], [-76.6147, 39.306], [-76.6113, 39.3047]]]}}, {"type": "Feature", "properties": {"fips": "24510270803", "gap_national": -3.7, "gap_stratum": 0.6, "burden": 81.0, "capacity": 79.8, "svi": 0.76, "top_decile_gap": 0.0, "stratum": "metropolitan", "scored": 1}, "geometry": {"type": "Polygon", "coordinates": [[[-76.582, 39.3721], [-76.57, 39.3721], [-76.574, 39.3675], [-76.573, 39.3539], [-76.5896, 39.3554], [-76.582, 39.3721]]]}}, {"type": "Feature", "properties": {"fips": "24510250301", "gap_national": 45.9, "gap_stratum": 44.3, "burden": 92.5, "capacity": 51.0, "svi": 0.87, "top_decile_gap": 0.0, "stratum": "metropolitan", "scored": 1}, "geometry": {"type": "Polygon", "coordinates": [[[-76.6373, 39.2701], [-76.6259, 39.2682], [-76.6272, 39.2651], [-76.6238, 39.2651], [-76.6233, 39.2601], [-76.6337, 39.2586], [-76.6341, 39.2498], [-76.6434, 39.2594], [-76.6498, 39.2603], [-76.6373, 39.2701]]]}}, {"type": "Feature", "properties": {"fips": "24005420600", "gap_national": 43.9, "gap_stratum": 46.8, "burden": 75.1, "capacity": 40.4, "svi": 0.76, "top_decile_gap": 0.0, "stratum": "metropolitan", "scored": 1}, "geometry": {"type": "Polygon", "coordinates": [[[-76.5193, 39.2926], [-76.5061, 39.2885], [-76.5054, 39.2807], [-76.5218, 39.2829], [-76.5219, 39.2866], [-76.5248, 39.2865], [-76.5263, 39.2894], [-76.5193, 39.2926]]]}}, {"type": "Feature", "properties": {"fips": "24005408900", "gap_national": -69.7, "gap_stratum": -64.3, "burden": 30.1, "capacity": 90.0, "svi": 0.04, "top_decile_gap": 0.0, "stratum": "metropolitan", "scored": 1}, "geometry": {"type": "Polygon", "coordinates": [[[-76.6426, 39.4953], [-76.6447, 39.4935], [-76.643, 39.4937], [-76.6408, 39.4985], [-76.6357, 39.5005], [-76.6243, 39.5012], [-76.615, 39.5052], [-76.606, 39.4928], [-76.6206, 39.4735], [-76.6411, 39.4748], [-76.6503, 39.4956], [-76.6504, 39.502], [-76.6426, 39.4953]]]}}, {"type": "Feature", "properties": {"fips": "24005420200", "gap_national": 2.4, "gap_stratum": 8.5, "burden": 58.0, "capacity": 56.0, "svi": 0.3, "top_decile_gap": 0.0, "stratum": "metropolitan", "scored": 1}, "geometry": {"type": "Polygon", "coordinates": [[[-76.5033, 39.27], [-76.4996, 39.2685], [-76.5013, 39.263], [-76.4845, 39.2496], [-76.4899, 39.2505], [-76.4938, 39.248], [-76.4985, 39.2512], [-76.5011, 39.2492], [-76.5027, 39.2546], [-76.5097, 39.2602], [-76.5033, 39.27]]]}}, {"type": "Feature", "properties": {"fips": "24005401000", "gap_national": -46.6, "gap_stratum": -38.3, "burden": 47.1, "capacity": 84.7, "svi": 0.39, "top_decile_gap": 0.0, "stratum": "metropolitan", "scored": 1}, "geometry": {"type": "Polygon", "coordinates": [[[-76.7332, 39.2773], [-76.7315, 39.2721], [-76.7566, 39.2681], [-76.7569, 39.2725], [-76.7332, 39.2773]]]}}, {"type": "Feature", "properties": {"fips": "24005408602", "gap_national": -71.9, "gap_stratum": -66.9, "burden": 27.9, "capacity": 89.3, "svi": 0.02, "top_decile_gap": 0.0, "stratum": "metropolitan", "scored": 1}, "geometry": {"type": "Polygon", "coordinates": [[[-76.6047, 39.4321], [-76.5966, 39.4259], [-76.6166, 39.4205], [-76.6215, 39.4301], [-76.6047, 39.4321]]]}}, {"type": "Feature", "properties": {"fips": "24033807408", "gap_national": -10.6, "gap_stratum": -4.7, "burden": 46.7, "capacity": 55.9, "svi": 0.47, "top_decile_gap": 0.0, "stratum": "metropolitan", "scored": 1}, "geometry": {"type": "Polygon", "coordinates": [[[-76.9268, 39.0579], [-76.9119, 39.0654], [-76.8972, 39.0854], [-76.8861, 39.0772], [-76.889, 39.0677], [-76.8809, 39.0654], [-76.885, 39.0621], [-76.8705, 39.0563], [-76.8541, 39.0557], [-76.8616, 39.0495], [-76.8536, 39.0469], [-76.8503, 39.0371], [-76.8631, 39.0072], [-76.8737, 39.0073], [-76.8729, 39.005], [-76.8748, 39.0041], [-76.8925, 39.0063], [-76.8952, 39.0027], [-76.9087, 39.015], [-76.9071, 39.0231], [-76.9014, 39.0231], [-76.8987, 39.0408], [-76.8907, 39.0488], [-76.8973, 39.0506], [-76.9046, 39.0578], [-76.9309, 39.0507], [-76.9268, 39.0579]]]}}, {"type": "Feature", "properties": {"fips": "24033800203", "gap_national": -28.9, "gap_stratum": -22.1, "burden": 42.5, "capacity": 64.8, "svi": 0.16, "top_decile_gap": 0.0, "stratum": "metropolitan", "scored": 1}, "geometry": {"type": "Polygon", "coordinates": [[[-76.9074, 39.1062], [-76.9039, 39.1146], [-76.9073, 39.1179], [-76.8943, 39.1239], [-76.8885, 39.131], [-76.8857, 39.1313], [-76.8844, 39.127], [-76.8736, 39.1154], [-76.8875, 39.1052], [-76.8972, 39.0854], [-76.9007, 39.0863], [-76.9011, 39.0833], [-76.9093, 39.0799], [-76.9194, 39.0805], [-76.921, 39.0755], [-76.9287, 39.0767], [-76.9074, 39.1062]]]}}, {"type": "Feature", "properties": {"fips": "24033806501", "gap_national": 59.1, "gap_stratum": 66.4, "burden": 61.9, "capacity": 10.6, "svi": 0.9, "top_decile_gap": 1.0, "stratum": "metropolitan", "scored": 1}, "geometry": {"type": "Polygon", "coordinates": [[[-76.92, 38.9606], [-76.9202, 38.959], [-76.9263, 38.9511], [-76.925, 38.9544], [-76.9286, 38.9554], [-76.934, 38.9516], [-76.9357, 38.9576], [-76.9399, 38.958], [-76.9394, 38.9615], [-76.9428, 38.9614], [-76.9426, 38.9657], [-76.92, 38.9606]]]}}, {"type": "Feature", "properties": {"fips": "24033805802", "gap_national": 49.1, "gap_stratum": 56.6, "burden": 55.9, "capacity": 14.3, "svi": 0.83, "top_decile_gap": 0.0, "stratum": "metropolitan", "scored": 1}, "geometry": {"type": "Polygon", "coordinates": [[[-76.9786, 38.9787], [-76.9715, 38.9842], [-76.9729, 38.969], [-76.9687, 38.9679], [-76.9707, 38.9633], [-76.9796, 38.9723], [-76.9786, 38.9787]]]}}, {"type": "Feature", "properties": {"fips": "24005403703", "gap_national": -36.3, "gap_stratum": -28.4, "burden": 61.5, "capacity": 97.6, "svi": 0.3, "top_decile_gap": 0.0, "stratum": "metropolitan", "scored": 1}, "geometry": {"type": "Polygon", "coordinates": [[[-76.7373, 39.3974], [-76.7357, 39.402], [-76.7376, 39.4024], [-76.7285, 39.4023], [-76.7225, 39.3899], [-76.7341, 39.3848], [-76.745, 39.3941], [-76.7373, 39.3974]]]}}, {"type": "Feature", "properties": {"fips": "24003730401", "gap_national": 13.4, "gap_stratum": 19.0, "burden": 52.7, "capacity": 44.1, "svi": 0.43, "top_decile_gap": 0.0, "stratum": "metropolitan", "scored": 1}, "geometry": {"type": "Polygon", "coordinates": [[[-76.6336, 39.1614], [-76.629, 39.1578], [-76.6186, 39.1582], [-76.6146, 39.1537], [-76.6203, 39.151], [-76.6314, 39.1529], [-76.6316, 39.1444], [-76.642, 39.1516], [-76.6428, 39.1593], [-76.6336, 39.1614]]]}}, {"type": "Feature", "properties": {"fips": "24003740105", "gap_national": -16.1, "gap_stratum": -12.9, "burden": 32.6, "capacity": 48.6, "svi": 0.62, "top_decile_gap": 0.0, "stratum": "metropolitan", "scored": 1}, "geometry": {"type": "Polygon", "coordinates": [[[-76.7006, 39.1257], [-76.7, 39.1336], [-76.6974, 39.1345], [-76.6958, 39.1237], [-76.6997, 39.1077], [-76.7088, 39.117], [-76.7107, 39.1206], [-76.7006, 39.1257]]]}}, {"type": "Feature", "properties": {"fips": "24005451402", "gap_national": 58.3, "gap_stratum": 61.9, "burden": 75.3, "capacity": 28.4, "svi": 0.85, "top_decile_gap": 1.0, "stratum": "metropolitan", "scored": 1}, "geometry": {"type": "Polygon", "coordinates": [[[-76.4406, 39.3436], [-76.4436, 39.3457], [-76.4413, 39.3473], [-76.4428, 39.3518], [-76.4367, 39.3531], [-76.435, 39.3413], [-76.4251, 39.3446], [-76.4166, 39.3413], [-76.4093, 39.3415], [-76.4389, 39.3327], [-76.4441, 39.3333], [-76.4483, 39.3404], [-76.4406, 39.3436]]]}}, {"type": "Feature", "properties": {"fips": "24031700317", "gap_national": -46.1, "gap_stratum": -47.7, "burden": 8.1, "capacity": 51.5, "svi": 0.35, "top_decile_gap": 0.0, "stratum": "metropolitan", "scored": 1}, "geometry": {"type": "Polygon", "coordinates": [[[-77.2837, 39.3004], [-77.274, 39.2978], [-77.2652, 39.2906], [-77.2746, 39.2834], [-77.282, 39.2629], [-77.275, 39.2549], [-77.2812, 39.2402], [-77.2779, 39.2375], [-77.2851, 39.2318], [-77.2733, 39.2066], [-77.2777, 39.206], [-77.281, 39.1998], [-77.2847, 39.2017], [-77.2877, 39.1967], [-77.2873, 39.1914], [-77.2844, 39.1913], [-77.2858, 39.1888], [-77.2836, 39.1888], [-77.2853, 39.1865], [-77.292, 39.1839], [-77.2952, 39.1883], [-77.3024, 39.1883], [-77.3015, 39.1845], [-77.2963, 39.1835], [-77.3001, 39.1789], [-77.2999, 39.175], [-77.302, 39.1797], [-77.3129, 39.1837], [-77.3264, 39.1951], [-77.3264, 39.2058], [-77.3338, 39.2257], [-77.3277, 39.2353], [-77.3216, 39.2397], [-77.3222, 39.2428], [-77.3263, 39.2423], [-77.3268, 39.2473], [-77.3192, 39.2562], [-77.3274, 39.2635], [-77.3196, 39.2737], [-77.3266, 39.2774], [-77.3342, 39.277], [-77.2837, 39.3004]]]}}, {"type": "Feature", "properties": {"fips": "24033807500", "gap_national": 8.5, "gap_stratum": 13.4, "burden": 40.7, "capacity": 37.1, "svi": 0.72, "top_decile_gap": 0.0, "stratum": "metropolitan", "scored": 1}, "geometry": {"type": "Polygon", "coordinates": [[[-76.9475, 38.9533], [-76.9485, 38.9664], [-76.9426, 38.9659], [-76.9428, 38.9614], [-76.9394, 38.9615], [-76.9399, 38.958], [-76.9357, 38.9576], [-76.934, 38.9516], [-76.9286, 38.9554], [-76.925, 38.9544], [-76.9337, 38.9432], [-76.94, 38.9458], [-76.945, 38.9439], [-76.9564, 38.949], [-76.9548, 38.9533], [-76.9475, 38.9533]]]}}, {"type": "Feature", "properties": {"fips": "24033800517", "gap_national": -40.0, "gap_stratum": -31.5, "burden": 54.7, "capacity": 88.0, "svi": 0.04, "top_decile_gap": 0.0, "stratum": "metropolitan", "scored": 1}, "geometry": {"type": "Polygon", "coordinates": [[[-76.8034, 38.9211], [-76.7944, 38.9218], [-76.779, 38.9274], [-76.7608, 38.9252], [-76.7538, 38.9108], [-76.7493, 38.9116], [-76.7491, 38.9158], [-76.7407, 38.9164], [-76.7357, 38.9018], [-76.7457, 38.9033], [-76.7927, 38.9003], [-76.8039, 38.918], [-76.8034, 38.9211]]]}}, {"type": "Feature", "properties": {"fips": "24510120202", "gap_national": -6.0, "gap_stratum": -6.2, "burden": 7.0, "capacity": 16.1, "svi": 0.58, "top_decile_gap": 0.0, "stratum": "metropolitan", "scored": 1}, "geometry": {"type": "Polygon", "coordinates": [[[-76.624, 39.3365], [-76.6136, 39.3299], [-76.6132, 39.3234], [-76.6201, 39.3232], [-76.6253, 39.3262], [-76.624, 39.3365]]]}}, {"type": "Feature", "properties": {"fips": "24013501001", "gap_national": 19.3, "gap_stratum": -7.8, "burden": 54.3, "capacity": 40.8, "svi": 0.23, "top_decile_gap": 0.0, "stratum": "small_town", "scored": 1}, "geometry": {"type": "Polygon", "coordinates": [[[-77.1615, 39.671], [-77.1424, 39.6947], [-77.1284, 39.7026], [-77.1118, 39.6865], [-77.1077, 39.6701], [-77.0982, 39.6655], [-77.1016, 39.6633], [-77.1111, 39.6698], [-77.1195, 39.6648], [-77.1218, 39.6619], [-77.1202, 39.6574], [-77.129, 39.6507], [-77.1382, 39.649], [-77.1385, 39.6404], [-77.1763, 39.6597], [-77.1615, 39.671]]]}}, {"type": "Feature", "properties": {"fips": "24003701104", "gap_national": -45.3, "gap_stratum": -38.2, "burden": 38.0, "capacity": 73.1, "svi": 0.22, "top_decile_gap": 0.0, "stratum": "metropolitan", "scored": 1}, "geometry": {"type": "Polygon", "coordinates": [[[-76.5551, 38.9514], [-76.541, 38.9452], [-76.5511, 38.9366], [-76.5586, 38.937], [-76.5611, 38.9342], [-76.5463, 38.9271], [-76.5456, 38.9244], [-76.5529, 38.9181], [-76.5604, 38.9253], [-76.5685, 38.9268], [-76.5673, 38.9341], [-76.5551, 38.9514]]]}}, {"type": "Feature", "properties": {"fips": "24005408100", "gap_national": -68.6, "gap_stratum": -63.2, "burden": 29.5, "capacity": 86.9, "svi": 0.16, "top_decile_gap": 0.0, "stratum": "metropolitan", "scored": 1}, "geometry": {"type": "Polygon", "coordinates": [[[-76.666, 39.5635], [-76.6557, 39.564], [-76.6587, 39.5711], [-76.6568, 39.5749], [-76.6494, 39.5772], [-76.6445, 39.575], [-76.6327, 39.5813], [-76.6244, 39.5815], [-76.6179, 39.5788], [-76.6166, 39.5768], [-76.6238, 39.5755], [-76.6227, 39.5728], [-76.6113, 39.572], [-76.61, 39.568], [-76.6153, 39.5677], [-76.6229, 39.5626], [-76.6325, 39.5649], [-76.6325, 39.5617], [-76.6401, 39.557], [-76.6359, 39.5494], [-76.6412, 39.543], [-76.638, 39.5369], [-76.6329, 39.5338], [-76.6329, 39.5302], [-76.6151, 39.5158], [-76.616, 39.511], [-76.6132, 39.5059], [-76.6243, 39.5012], [-76.6357, 39.5005], [-76.6408, 39.4985], [-76.643, 39.4937], [-76.6447, 39.4935], [-76.6426, 39.4953], [-76.6574, 39.5072], [-76.6605, 39.5128], [-76.6642, 39.5102], [-76.6608, 39.5262], [-76.6665, 39.5389], [-76.666, 39.5635]]]}}, {"type": "Feature", "properties": {"fips": "24027602201", "gap_national": -75.6, "gap_stratum": -72.6, "burden": 17.2, "capacity": 78.8, "svi": 0.08, "top_decile_gap": 0.0, "stratum": "metropolitan", "scored": 1}, "geometry": {"type": "Polygon", "coordinates": [[[-76.8765, 39.3037], [-76.8559, 39.2964], [-76.8602, 39.2795], [-76.8714, 39.2811], [-76.8898, 39.2901], [-76.8765, 39.3037]]]}}, {"type": "Feature", "properties": {"fips": "24023000601", "gap_national": -13.7, "gap_stratum": -49.9, "burden": 63.3, "capacity": 71.2, "svi": 0.59, "top_decile_gap": 0.0, "stratum": "rural", "scored": 1}, "geometry": {"type": "Polygon", "coordinates": [[[-79.484, 39.3827], [-79.4697, 39.3847], [-79.4654, 39.3888], [-79.4626, 39.3879], [-79.4644, 39.3902], [-79.4609, 39.3939], [-79.4546, 39.3943], [-79.4535, 39.3984], [-79.4487, 39.3972], [-79.4466, 39.4004], [-79.4516, 39.4025], [-79.4394, 39.4065], [-79.4324, 39.4161], [-79.432, 39.421], [-79.4226, 39.4216], [-79.4209, 39.4264], [-79.4124, 39.4289], [-79.4183, 39.4377], [-79.4173, 39.4406], [-79.4095, 39.4371], [-79.4076, 39.4512], [-79.4092, 39.4574], [-79.3912, 39.4901], [-79.3939, 39.4962], [-79.3666, 39.4932], [-79.3639, 39.4885], [-79.3691, 39.4687], [-79.3663, 39.4622], [-79.3362, 39.4471], [-79.3354, 39.4381], [-79.3395, 39.4386], [-79.349, 39.4329], [-79.3625, 39.43], [-79.371, 39.4201], [-79.3788, 39.4215], [-79.3831, 39.4176], [-79.3899, 39.4173], [-79.3964, 39.413], [-79.3977, 39.4105], [-79.3892, 39.4075], [-79.3912, 39.4032], [-79.4136, 39.3766], [-79.4201, 39.363], [-79.4347, 39.3478], [-79.451, 39.3382], [-79.4577, 39.3303], [-79.4506, 39.318], [-79.4512, 39.3116], [-79.4787, 39.2814], [-79.4868, 39.2758], [-79.484, 39.3827]]]}}, {"type": "Feature", "properties": {"fips": "24003740106", "gap_national": -26.6, "gap_stratum": -24.1, "burden": 27.5, "capacity": 51.7, "svi": 0.1, "top_decile_gap": 0.0, "stratum": "metropolitan", "scored": 1}, "geometry": {"type": "Polygon", "coordinates": [[[-76.7852, 39.1321], [-76.7826, 39.1438], [-76.7799, 39.1326], [-76.7818, 39.1307], [-76.7816, 39.1228], [-76.7694, 39.1298], [-76.7695, 39.1328], [-76.7737, 39.1366], [-76.7686, 39.1421], [-76.7738, 39.1426], [-76.7741, 39.145], [-76.7796, 39.1477], [-76.7637, 39.1662], [-76.7475, 39.1783], [-76.7392, 39.1749], [-76.7398, 39.1663], [-76.7354, 39.1652], [-76.7505, 39.1505], [-76.7593, 39.1326], [-76.7684, 39.1211], [-76.7781, 39.1143], [-76.7895, 39.1262], [-76.7852, 39.1321]]]}}, {"type": "Feature", "properties": {"fips": "24021750805", "gap_national": -53.4, "gap_stratum": -52.0, "burden": 17.2, "capacity": 61.7, "svi": 0.22, "top_decile_gap": 0.0, "stratum": "metropolitan", "scored": 1}, "geometry": {"type": "Polygon", "coordinates": [[[-77.3949, 39.4438], [-77.3836, 39.4495], [-77.3702, 39.4525], [-77.3624, 39.4479], [-77.3646, 39.4439], [-77.3697, 39.4419], [-77.3929, 39.4423], [-77.393, 39.4397], [-77.379, 39.4335], [-77.3809, 39.43], [-77.3902, 39.4331], [-77.4034, 39.428], [-77.4027, 39.4348], [-77.3949, 39.4438]]]}}, {"type": "Feature", "properties": {"fips": "24021751201", "gap_national": -57.0, "gap_stratum": -52.2, "burden": 26.8, "capacity": 72.0, "svi": 0.1, "top_decile_gap": 0.0, "stratum": "metropolitan", "scored": 1}, "geometry": {"type": "Polygon", "coordinates": [[[-77.4395, 39.4662], [-77.4383, 39.4692], [-77.4255, 39.4698], [-77.4195, 39.4672], [-77.4124, 39.4713], [-77.4165, 39.4587], [-77.4109, 39.442], [-77.4173, 39.4411], [-77.4152, 39.436], [-77.4243, 39.435], [-77.4322, 39.4285], [-77.4376, 39.439], [-77.4344, 39.4456], [-77.4351, 39.452], [-77.4406, 39.4597], [-77.4493, 39.4654], [-77.4395, 39.4662]]]}}, {"type": "Feature", "properties": {"fips": "24021752601", "gap_national": -62.4, "gap_stratum": -57.1, "burden": 27.3, "capacity": 76.9, "svi": 0.04, "top_decile_gap": 0.0, "stratum": "metropolitan", "scored": 1}, "geometry": {"type": "Polygon", "coordinates": [[[-77.5519, 39.4624], [-77.5422, 39.4605], [-77.5399, 39.4528], [-77.5339, 39.4587], [-77.5252, 39.4604], [-77.5094, 39.4576], [-77.519, 39.4347], [-77.5268, 39.4376], [-77.5379, 39.4288], [-77.5457, 39.432], [-77.5463, 39.4358], [-77.5561, 39.428], [-77.5592, 39.4301], [-77.5561, 39.4326], [-77.5568, 39.4385], [-77.5612, 39.4403], [-77.564, 39.4476], [-77.5519, 39.4624]]]}}, {"type": "Feature", "properties": {"fips": "24005492700", "gap_national": 34.7, "gap_stratum": 36.3, "burden": 80.3, "capacity": 51.3, "svi": 0.64, "top_decile_gap": 0.0, "stratum": "metropolitan", "scored": 1}, "geometry": {"type": "Polygon", "coordinates": [[[-76.5156, 39.2431], [-76.5128, 39.2431], [-76.515, 39.2458], [-76.4991, 39.2443], [-76.4945, 39.24], [-76.4886, 39.2491], [-76.4856, 39.2469], [-76.4594, 39.2424], [-76.4562, 39.2456], [-76.4569, 39.2344], [-76.4646, 39.2317], [-76.4688, 39.2267], [-76.469, 39.2234], [-76.4638, 39.224], [-76.4593, 39.2181], [-76.4625, 39.2158], [-76.4615, 39.2041], [-76.4635, 39.2059], [-76.4801, 39.2051], [-76.4957, 39.2019], [-76.501, 39.2094], [-76.5009, 39.2142], [-76.4969, 39.215], [-76.4963, 39.2217], [-76.4991, 39.223], [-76.4974, 39.2269], [-76.5032, 39.2321], [-76.5126, 39.2285], [-76.5166, 39.2323], [-76.5172, 39.2416], [-76.521, 39.2412], [-76.5156, 39.2431]]]}}, {"type": "Feature", "properties": {"fips": "24037875100", "gap_national": -7.3, "gap_stratum": -0.3, "burden": 66.8, "capacity": 69.5, "svi": 0.43, "top_decile_gap": 0.0, "stratum": "metropolitan", "scored": 1}, "geometry": {"type": "Polygon", "coordinates": [[[-76.7746, 38.509], [-76.7683, 38.5129], [-76.7521, 38.5137], [-76.7143, 38.5104], [-76.7108, 38.5094], [-76.7001, 38.4976], [-76.695, 38.4968], [-76.7, 38.4931], [-76.7093, 38.4921], [-76.719, 38.4961], [-76.7249, 38.4898], [-76.7328, 38.4899], [-76.7331, 38.4733], [-76.7309, 38.4676], [-76.7448, 38.4679], [-76.7516, 38.4721], [-76.7741, 38.4732], [-76.7723, 38.4699], [-76.768, 38.4704], [-76.7633, 38.4672], [-76.7666, 38.4633], [-76.737, 38.4426], [-76.7395, 38.44], [-76.7439, 38.4422], [-76.757, 38.4174], [-76.7659, 38.4106], [-76.772, 38.4128], [-76.7781, 38.4109], [-76.7813, 38.4152], [-76.7944, 38.4224], [-76.7981, 38.4314], [-76.8036, 38.4356], [-76.8123, 38.4333], [-76.8202, 38.4351], [-76.7746, 38.509]]]}}, {"type": "Feature", "properties": {"fips": "24031701201", "gap_national": -10.4, "gap_stratum": -8.6, "burden": 24.6, "capacity": 37.2, "svi": 0.51, "top_decile_gap": 0.0, "stratum": "metropolitan", "scored": 1}, "geometry": {"type": "Polygon", "coordinates": [[[-77.1034, 39.0621], [-77.1037, 39.0597], [-77.095, 39.0588], [-77.0978, 39.0619], [-77.0936, 39.058], [-77.0849, 39.0328], [-77.1028, 39.047], [-77.1077, 39.0577], [-77.1034, 39.0621]]]}}, {"type": "Feature", "properties": {"fips": "24031700310", "gap_national": -21.0, "gap_stratum": -20.9, "burden": 16.8, "capacity": 38.6, "svi": 0.46, "top_decile_gap": 0.0, "stratum": "metropolitan", "scored": 1}, "geometry": {"type": "Polygon", "coordinates": [[[-77.2952, 39.1883], [-77.292, 39.1839], [-77.2836, 39.1888], [-77.2763, 39.1892], [-77.2738, 39.1879], [-77.2737, 39.1844], [-77.2763, 39.1815], [-77.2687, 39.1761], [-77.2715, 39.1738], [-77.2967, 39.1824], [-77.2971, 39.1843], [-77.3015, 39.1845], [-77.3024, 39.1883], [-77.2952, 39.1883]]]}}, {"type": "Feature", "properties": {"fips": "24013513001", "gap_national": -38.6, "gap_stratum": -31.9, "burden": 38.5, "capacity": 68.3, "svi": 0.13, "top_decile_gap": 0.0, "stratum": "metropolitan", "scored": 1}, "geometry": {"type": "Polygon", "coordinates": [[[-77.1644, 39.3681], [-77.1582, 39.3735], [-77.1561, 39.3789], [-77.1544, 39.3913], [-77.1483, 39.4053], [-77.1472, 39.419], [-77.1342, 39.4317], [-77.1116, 39.4219], [-77.1267, 39.4116], [-77.1408, 39.3931], [-77.1419, 39.3833], [-77.1479, 39.3683], [-77.1674, 39.3593], [-77.1644, 39.3681]]]}}, {"type": "Feature", "properties": {"fips": "24009860404", "gap_national": -35.3, "gap_stratum": -28.9, "burden": 38.8, "capacity": 66.2, "svi": 0.5, "top_decile_gap": 0.0, "stratum": "metropolitan", "scored": 1}, "geometry": {"type": "Polygon", "coordinates": [[[-76.5356, 38.7215], [-76.5283, 38.7127], [-76.5313, 38.7065], [-76.5325, 38.6947], [-76.5758, 38.7039], [-76.5833, 38.7213], [-76.5356, 38.7215]]]}}, {"type": "Feature", "properties": {"fips": "24043011600", "gap_national": -28.6, "gap_stratum": -19.9, "burden": 54.5, "capacity": 74.9, "svi": 0.15, "top_decile_gap": 0.0, "stratum": "metropolitan", "scored": 1}, "geometry": {"type": "Polygon", "coordinates": [[[-77.7856, 39.4454], [-77.7981, 39.456], [-77.7985, 39.4607], [-77.7932, 39.462], [-77.7805, 39.4599], [-77.7778, 39.4619], [-77.7956, 39.4713], [-77.7982, 39.4757], [-77.7967, 39.4805], [-77.7671, 39.4913], [-77.7654, 39.4944], [-77.7688, 39.498], [-77.7566, 39.5043], [-77.7486, 39.502], [-77.7468, 39.5089], [-77.7333, 39.5043], [-77.7363, 39.5025], [-77.7364, 39.4962], [-77.7408, 39.4923], [-77.7419, 39.4834], [-77.7278, 39.4838], [-77.7228, 39.4723], [-77.7273, 39.4674], [-77.7255, 39.4653], [-77.7138, 39.4662], [-77.7085, 39.4602], [-77.7068, 39.4565], [-77.7085, 39.4516], [-77.72, 39.4453], [-77.7204, 39.4419], [-77.7192, 39.4379], [-77.7101, 39.4335], [-77.711, 39.4245], [-77.7058, 39.4224], [-77.7044, 39.4181], [-77.7052, 39.4153], [-77.7275, 39.4154], [-77.7288, 39.4135], [-77.7196, 39.4092], [-77.722, 39.3973], [-77.7285, 39.3856], [-77.7335, 39.3861], [-77.7369, 39.3872], [-77.7364, 39.3927], [-77.74, 39.4017], [-77.7547, 39.4247], [-77.7633, 39.4284], [-77.7928, 39.4306], [-77.8025, 39.436], [-77.8029, 39.4393], [-77.7856, 39.4454]]]}}, {"type": "Feature", "properties": {"fips": "24043000200", "gap_national": -23.5, "gap_stratum": -15.9, "burden": 49.3, "capacity": 66.4, "svi": 0.32, "top_decile_gap": 0.0, "stratum": "metropolitan", "scored": 1}, "geometry": {"type": "Polygon", "coordinates": [[[-77.7267, 39.6713], [-77.7271, 39.6689], [-77.719, 39.6666], [-77.7194, 39.6701], [-77.7046, 39.6623], [-77.7126, 39.6517], [-77.7178, 39.6532], [-77.722, 39.6506], [-77.7342, 39.6695], [-77.7267, 39.6713]]]}}, {"type": "Feature", "properties": {"fips": "24510271900", "gap_national": -18.4, "gap_stratum": -12.6, "burden": 73.8, "capacity": 89.0, "svi": 0.67, "top_decile_gap": 0.0, "stratum": "metropolitan", "scored": 1}, "geometry": {"type": "Polygon", "coordinates": [[[-76.6731, 39.3642], [-76.6713, 39.362], [-76.6708, 39.3565], [-76.6901, 39.3476], [-76.6954, 39.3513], [-76.6731, 39.3642]]]}}, {"type": "Feature", "properties": {"fips": "24510270902", "gap_national": -25.1, "gap_stratum": -17.3, "burden": 65.4, "capacity": 84.4, "svi": 0.67, "top_decile_gap": 0.0, "stratum": "metropolitan", "scored": 1}, "geometry": {"type": "Polygon", "coordinates": [[[-76.5896, 39.3554], [-76.573, 39.3539], [-76.5818, 39.349], [-76.5808, 39.3453], [-76.5919, 39.3466], [-76.5896, 39.3554]]]}}, {"type": "Feature", "properties": {"fips": "24510150600", "gap_national": 36.8, "gap_stratum": 35.4, "burden": 97.8, "capacity": 59.3, "svi": 0.74, "top_decile_gap": 0.0, "stratum": "metropolitan", "scored": 1}, "geometry": {"type": "Polygon", "coordinates": [[[-76.6613, 39.3114], [-76.6617, 39.3147], [-76.6598, 39.3152], [-76.659, 39.3063], [-76.6793, 39.3069], [-76.6806, 39.3108], [-76.6613, 39.3114]]]}}, {"type": "Feature", "properties": {"fips": "24033800705", "gap_national": -33.0, "gap_stratum": -24.3, "burden": 56.4, "capacity": 81.5, "svi": 0.33, "top_decile_gap": 0.0, "stratum": "metropolitan", "scored": 1}, "geometry": {"type": "Polygon", "coordinates": [[[-76.8077, 38.7613], [-76.7998, 38.7602], [-76.7927, 38.7623], [-76.7891, 38.766], [-76.7854, 38.764], [-76.7757, 38.7664], [-76.7751, 38.7728], [-76.7688, 38.7781], [-76.7577, 38.7696], [-76.7552, 38.7647], [-76.7629, 38.7573], [-76.7638, 38.7528], [-76.7776, 38.744], [-76.7952, 38.7467], [-76.7985, 38.7499], [-76.8038, 38.7478], [-76.8104, 38.752], [-76.8077, 38.7613]]]}}, {"type": "Feature", "properties": {"fips": "24037875502", "gap_national": -35.8, "gap_stratum": -56.4, "burden": 32.4, "capacity": 61.5, "svi": 0.36, "top_decile_gap": 0.0, "stratum": "small_town", "scored": 1}, "geometry": {"type": "Polygon", "coordinates": [[[-76.7196, 38.3361], [-76.7129, 38.3438], [-76.7071, 38.3626], [-76.6962, 38.3751], [-76.6718, 38.3741], [-76.6671, 38.3706], [-76.6597, 38.3695], [-76.6599, 38.3597], [-76.6411, 38.3457], [-76.639, 38.3344], [-76.6354, 38.3297], [-76.6324, 38.3339], [-76.6256, 38.3211], [-76.6203, 38.3225], [-76.6188, 38.3177], [-76.6297, 38.2945], [-76.6566, 38.3043], [-76.6764, 38.3172], [-76.7039, 38.3221], [-76.7111, 38.3212], [-76.7227, 38.3249], [-76.7251, 38.3336], [-76.7196, 38.3361]]]}}, {"type": "Feature", "properties": {"fips": "24510260403", "gap_national": 8.9, "gap_stratum": 14.1, "burden": 69.5, "capacity": 60.6, "svi": 0.47, "top_decile_gap": 0.0, "stratum": "metropolitan", "scored": 1}, "geometry": {"type": "Polygon", "coordinates": [[[-76.5353, 39.3177], [-76.5324, 39.3246], [-76.5341, 39.3289], [-76.5297, 39.3312], [-76.5298, 39.3104], [-76.5461, 39.3025], [-76.5353, 39.3177]]]}}, {"type": "Feature", "properties": {"fips": "24031700207", "gap_national": -19.4, "gap_stratum": -18.5, "burden": 21.6, "capacity": 41.6, "svi": 0.34, "top_decile_gap": 0.0, "stratum": "metropolitan", "scored": 1}, "geometry": {"type": "Polygon", "coordinates": [[[-77.222, 39.2882], [-77.21, 39.2847], [-77.2061, 39.2883], [-77.2017, 39.2877], [-77.2051, 39.2674], [-77.2027, 39.2601], [-77.2151, 39.26], [-77.2215, 39.2621], [-77.2186, 39.2646], [-77.2221, 39.2679], [-77.2351, 39.2688], [-77.222, 39.2882]]]}}, {"type": "Feature", "properties": {"fips": "24510120600", "gap_national": 51.1, "gap_stratum": 52.9, "burden": 79.6, "capacity": 38.5, "svi": 0.89, "top_decile_gap": 0.0, "stratum": "metropolitan", "scored": 1}, "geometry": {"type": "Polygon", "coordinates": [[[-76.6157, 39.3233], [-76.615, 39.3111], [-76.6194, 39.311], [-76.6201, 39.3232], [-76.6157, 39.3233]]]}}, {"type": "Feature", "properties": {"fips": "24510150702", "gap_national": 19.2, "gap_stratum": 19.6, "burden": 94.7, "capacity": 70.1, "svi": 0.78, "top_decile_gap": 0.0, "stratum": "metropolitan", "scored": 1}, "geometry": {"type": "Polygon", "coordinates": [[[-76.6617, 39.3147], [-76.6613, 39.3114], [-76.6742, 39.311], [-76.6744, 39.3142], [-76.6617, 39.3147]]]}}, {"type": "Feature", "properties": {"fips": "24025301107", "gap_national": -0.6, "gap_stratum": 4.5, "burden": 44.3, "capacity": 47.2, "svi": 0.66, "top_decile_gap": 0.0, "stratum": "metropolitan", "scored": 1}, "geometry": {"type": "Polygon", "coordinates": [[[-76.3089, 39.4721], [-76.3101, 39.4778], [-76.3023, 39.4749], [-76.2964, 39.4763], [-76.2935, 39.4709], [-76.2867, 39.4665], [-76.3102, 39.457], [-76.3138, 39.4644], [-76.3089, 39.4721]]]}}, {"type": "Feature", "properties": {"fips": "24017850712", "gap_national": -12.2, "gap_stratum": -4.7, "burden": 67.3, "capacity": 73.8, "svi": 0.12, "top_decile_gap": 0.0, "stratum": "metropolitan", "scored": 1}, "geometry": {"type": "Polygon", "coordinates": [[[-77.0658, 38.5844], [-77.052, 38.6], [-77.0489, 38.6097], [-77.0499, 38.6133], [-77.0462, 38.6202], [-77.0384, 38.6296], [-77.027, 38.635], [-77.0201, 38.6476], [-77.0015, 38.6547], [-76.9963, 38.6531], [-77.0145, 38.6413], [-77.0155, 38.6238], [-77.0105, 38.6156], [-77.0171, 38.5997], [-77.0145, 38.5936], [-77.0167, 38.5876], [-77.0285, 38.5825], [-77.0313, 38.5775], [-77.0322, 38.5645], [-77.0394, 38.5506], [-77.0534, 38.5592], [-77.0554, 38.5634], [-77.0621, 38.5679], [-77.0685, 38.5687], [-77.0743, 38.58], [-77.0658, 38.5844]]]}}, {"type": "Feature", "properties": {"fips": "24031701509", "gap_national": 22.2, "gap_stratum": 28.1, "burden": 51.1, "capacity": 35.6, "svi": 0.92, "top_decile_gap": 0.0, "stratum": "metropolitan", "scored": 1}, "geometry": {"type": "Polygon", "coordinates": [[[-76.9869, 39.0465], [-76.9816, 39.0455], [-76.9799, 39.0398], [-76.968, 39.0413], [-76.9683, 39.038], [-76.9621, 39.0312], [-76.9719, 39.0184], [-76.9768, 39.0191], [-76.992, 39.0433], [-76.9869, 39.0465]]]}}, {"type": "Feature", "properties": {"fips": "24031701304", "gap_national": -64.3, "gap_stratum": -59.6, "burden": 24.7, "capacity": 76.0, "svi": 0.05, "top_decile_gap": 0.0, "stratum": "metropolitan", "scored": 1}, "geometry": {"type": "Polygon", "coordinates": [[[-77.0899, 39.1846], [-77.0772, 39.1809], [-77.0651, 39.1823], [-77.0617, 39.1802], [-77.0582, 39.1766], [-77.0604, 39.1655], [-77.0668, 39.1532], [-77.0976, 39.1735], [-77.1005, 39.1769], [-77.1008, 39.1849], [-77.0899, 39.1846]]]}}, {"type": "Feature", "properties": {"fips": "24031703403", "gap_national": 3.0, "gap_stratum": 5.7, "burden": 25.3, "capacity": 25.8, "svi": 0.47, "top_decile_gap": 0.0, "stratum": "metropolitan", "scored": 1}, "geometry": {"type": "Polygon", "coordinates": [[[-77.0734, 39.0633], [-77.0594, 39.0667], [-77.05, 39.0581], [-77.0733, 39.0585], [-77.0734, 39.0633]]]}}, {"type": "Feature", "properties": {"fips": "24005403100", "gap_national": -22.9, "gap_stratum": -16.2, "burden": 69.8, "capacity": 89.0, "svi": 0.57, "top_decile_gap": 0.0, "stratum": "metropolitan", "scored": 1}, "geometry": {"type": "Polygon", "coordinates": [[[-76.7337, 39.362], [-76.7226, 39.347], [-76.7257, 39.342], [-76.7291, 39.3471], [-76.7316, 39.3454], [-76.7367, 39.3481], [-76.737, 39.3528], [-76.7418, 39.3522], [-76.7449, 39.3599], [-76.7337, 39.362]]]}}, {"type": "Feature", "properties": {"fips": "24003706304", "gap_national": -42.1, "gap_stratum": -33.6, "burden": 52.3, "capacity": 86.8, "svi": 0.45, "top_decile_gap": 0.0, "stratum": "metropolitan", "scored": 1}, "geometry": {"type": "Polygon", "coordinates": [[[-76.482, 38.9526], [-76.4803, 38.9604], [-76.4764, 38.9616], [-76.476, 38.9644], [-76.4786, 38.9663], [-76.4762, 38.9677], [-76.4713, 38.9565], [-76.4621, 38.9486], [-76.4647, 38.947], [-76.476, 38.9531], [-76.4865, 38.9475], [-76.482, 38.9526]]]}}, {"type": "Feature", "properties": {"fips": "24009860600", "gap_national": -35.7, "gap_stratum": -27.1, "burden": 49.7, "capacity": 76.3, "svi": 0.13, "top_decile_gap": 0.0, "stratum": "metropolitan", "scored": 1}, "geometry": {"type": "Polygon", "coordinates": [[[-76.6818, 38.6341], [-76.6813, 38.6382], [-76.6726, 38.6381], [-76.6725, 38.6403], [-76.6659, 38.6418], [-76.6589, 38.6508], [-76.6483, 38.6509], [-76.6409, 38.6614], [-76.6171, 38.6691], [-76.6066, 38.6591], [-76.605, 38.6302], [-76.6103, 38.6233], [-76.6147, 38.6006], [-76.612, 38.5903], [-76.6068, 38.5849], [-76.6101, 38.5762], [-76.6241, 38.576], [-76.6296, 38.573], [-76.6295, 38.5709], [-76.6357, 38.5699], [-76.6323, 38.5676], [-76.6335, 38.565], [-76.64, 38.5635], [-76.643, 38.565], [-76.6464, 38.5601], [-76.6492, 38.5625], [-76.647, 38.566], [-76.6487, 38.567], [-76.6545, 38.5628], [-76.6552, 38.5596], [-76.6606, 38.5603], [-76.6723, 38.5528], [-76.6791, 38.5667], [-76.6778, 38.5724], [-76.6807, 38.5805], [-76.6726, 38.5993], [-76.6726, 38.618], [-76.6794, 38.6279], [-76.6866, 38.6305], [-76.6818, 38.6341]]]}}, {"type": "Feature", "properties": {"fips": "24035810300", "gap_national": 1.0, "gap_stratum": -31.2, "burden": 56.7, "capacity": 55.9, "svi": 0.37, "top_decile_gap": 0.0, "stratum": "small_town", "scored": 1}, "geometry": {"type": "Polygon", "coordinates": [[[-76.0566, 39.2103], [-76.0369, 39.2212], [-76.033, 39.2177], [-76.0177, 39.2129], [-76.0179, 39.2106], [-76.0096, 39.2099], [-76.0102, 39.2031], [-76.0034, 39.205], [-76.0056, 39.1906], [-76.0031, 39.1882], [-75.9889, 39.1888], [-75.9876, 39.1837], [-75.962, 39.1852], [-75.9596, 39.1785], [-75.9529, 39.1785], [-75.9374, 39.1854], [-75.9192, 39.1777], [-75.9198, 39.1721], [-75.9045, 39.1798], [-75.9073, 39.1713], [-75.9043, 39.1526], [-75.913, 39.1531], [-75.9159, 39.1489], [-75.9185, 39.1174], [-75.8984, 39.107], [-75.8773, 39.0923], [-75.885, 39.0877], [-75.8913, 39.0798], [-75.9435, 39.077], [-75.9461, 39.0789], [-75.972, 39.0762], [-75.9796, 39.0797], [-75.9779, 39.0824], [-75.9789, 39.0916], [-75.9761, 39.097], [-75.9815, 39.0951], [-75.9897, 39.0966], [-76.0033, 39.1016], [-76.0122, 39.1017], [-76.0226, 39.1077], [-76.0268, 39.107], [-76.0407, 39.115], [-76.0393, 39.1172], [-76.0427, 39.1192], [-76.0433, 39.124], [-76.0531, 39.1297], [-76.0458, 39.1393], [-76.0498, 39.142], [-76.046, 39.1451], [-76.0467, 39.1477], [-76.0414, 39.1499], [-76.0368, 39.1576], [-76.0468, 39.1632], [-76.0411, 39.1677], [-76.0395, 39.173], [-76.0467, 39.1808], [-76.0644, 39.1846], [-76.0688, 39.1923], [-76.0566, 39.2103]]]}}, {"type": "Feature", "properties": {"fips": "24005451600", "gap_national": 4.3, "gap_stratum": 10.3, "burden": 66.2, "capacity": 61.0, "svi": 0.45, "top_decile_gap": 0.0, "stratum": "metropolitan", "scored": 1}, "geometry": {"type": "Polygon", "coordinates": [[[-76.4378, 39.3316], [-76.4392, 39.3326], [-76.4093, 39.3415], [-76.4047, 39.3375], [-76.4108, 39.3356], [-76.4013, 39.3195], [-76.4048, 39.3115], [-76.4088, 39.3117], [-76.4109, 39.3075], [-76.4233, 39.315], [-76.4293, 39.3234], [-76.4394, 39.3301], [-76.4378, 39.3316]]]}}, {"type": "Feature", "properties": {"fips": "24005401301", "gap_national": -6.9, "gap_stratum": 0.1, "burden": 65.9, "capacity": 68.5, "svi": 0.63, "top_decile_gap": 0.0, "stratum": "metropolitan", "scored": 1}, "geometry": {"type": "Polygon", "coordinates": [[[-76.7197, 39.301], [-76.7112, 39.3034], [-76.7112, 39.2998], [-76.7219, 39.2935], [-76.7211, 39.2907], [-76.7315, 39.2882], [-76.7316, 39.2925], [-76.7197, 39.301]]]}}, {"type": "Feature", "properties": {"fips": "24005490703", "gap_national": -78.2, "gap_stratum": -76.4, "burden": 11.2, "capacity": 75.7, "svi": 0.07, "top_decile_gap": 0.0, "stratum": "metropolitan", "scored": 1}, "geometry": {"type": "Polygon", "coordinates": [[[-76.6181, 39.4079], [-76.6021, 39.4019], [-76.6039, 39.3953], [-76.6069, 39.3972], [-76.6242, 39.3967], [-76.6181, 39.4079]]]}}, {"type": "Feature", "properties": {"fips": "24005411101", "gap_national": -42.6, "gap_stratum": -34.1, "burden": 49.7, "capacity": 83.5, "svi": 0.08, "top_decile_gap": 0.0, "stratum": "metropolitan", "scored": 1}, "geometry": {"type": "Polygon", "coordinates": [[[-76.4972, 39.4215], [-76.491, 39.4264], [-76.4911, 39.4314], [-76.4616, 39.4605], [-76.4556, 39.4608], [-76.4417, 39.4681], [-76.4263, 39.4794], [-76.4112, 39.4785], [-76.4085, 39.4765], [-76.4186, 39.4481], [-76.4317, 39.4349], [-76.4448, 39.4274], [-76.4503, 39.4336], [-76.4642, 39.4361], [-76.4709, 39.4301], [-76.4774, 39.4288], [-76.4753, 39.4227], [-76.4767, 39.4205], [-76.4871, 39.4203], [-76.4933, 39.424], [-76.4965, 39.4209], [-76.5025, 39.422], [-76.4972, 39.4215]]]}}, {"type": "Feature", "properties": {"fips": "24033802501", "gap_national": 20.7, "gap_stratum": 24.2, "burden": 75.0, "capacity": 57.0, "svi": 0.68, "top_decile_gap": 0.0, "stratum": "metropolitan", "scored": 1}, "geometry": {"type": "Polygon", "coordinates": [[[-76.9395, 38.8693], [-76.9329, 38.865], [-76.9469, 38.8605], [-76.9565, 38.8532], [-76.9581, 38.8549], [-76.9395, 38.8693]]]}}, {"type": "Feature", "properties": {"fips": "24033803612", "gap_national": 26.3, "gap_stratum": 32.5, "burden": 52.2, "capacity": 33.2, "svi": 0.82, "top_decile_gap": 0.0, "stratum": "metropolitan", "scored": 1}, "geometry": {"type": "Polygon", "coordinates": [[[-76.8854, 38.9517], [-76.8786, 38.9528], [-76.866, 38.9597], [-76.8649, 38.9569], [-76.8691, 38.9511], [-76.88, 38.9415], [-76.8814, 38.9456], [-76.8883, 38.9482], [-76.8854, 38.9517]]]}}, {"type": "Feature", "properties": {"fips": "24033803900", "gap_national": 69.4, "gap_stratum": 76.3, "burden": 67.7, "capacity": 5.5, "svi": 0.9, "top_decile_gap": 1.0, "stratum": "metropolitan", "scored": 1}, "geometry": {"type": "Polygon", "coordinates": [[[-76.9236, 38.954], [-76.9162, 38.9532], [-76.9153, 38.9503], [-76.9206, 38.9443], [-76.9293, 38.948], [-76.9236, 38.954]]]}}, {"type": "Feature", "properties": {"fips": "24033801307", "gap_national": -28.4, "gap_stratum": -20.7, "burden": 64.7, "capacity": 88.0, "svi": 0.26, "top_decile_gap": 0.0, "stratum": "metropolitan", "scored": 1}, "geometry": {"type": "Polygon", "coordinates": [[[-77.0421, 38.7467], [-77.0144, 38.7461], [-77.0019, 38.7556], [-77.001, 38.7613], [-76.9938, 38.7608], [-76.9902, 38.7255], [-77.0218, 38.7244], [-77.0415, 38.7285], [-77.0421, 38.7467]]]}}, {"type": "Feature", "properties": {"fips": "24031700836", "gap_national": -60.7, "gap_stratum": -61.5, "burden": 6.4, "capacity": 60.4, "svi": 0.2, "top_decile_gap": 0.0, "stratum": "metropolitan", "scored": 1}, "geometry": {"type": "Polygon", "coordinates": [[[-77.2157, 39.1152], [-77.2115, 39.1151], [-77.2097, 39.1141], [-77.2123, 39.1085], [-77.2063, 39.1032], [-77.2134, 39.1005], [-77.2206, 39.1027], [-77.2157, 39.1152]]]}}, {"type": "Feature", "properties": {"fips": "24031702604", "gap_national": -27.0, "gap_stratum": -28.7, "burden": 5.5, "capacity": 35.8, "svi": 0.25, "top_decile_gap": 0.0, "stratum": "metropolitan", "scored": 1}, "geometry": {"type": "Polygon", "coordinates": [[[-77.0317, 38.9939], [-77.0338, 38.993], [-77.0304, 38.9901], [-77.0368, 38.9921], [-77.0369, 38.9969], [-77.0399, 38.9996], [-77.0317, 38.9939]]]}}, {"type": "Feature", "properties": {"fips": "24015031201", "gap_national": 11.1, "gap_stratum": 15.7, "burden": 73.6, "capacity": 62.2, "svi": 0.57, "top_decile_gap": 0.0, "stratum": "metropolitan", "scored": 1}, "geometry": {"type": "Polygon", "coordinates": [[[-76.1589, 39.6562], [-76.1585, 39.6602], [-76.1477, 39.6617], [-76.1432, 39.6601], [-76.1446, 39.6578], [-76.1405, 39.6553], [-76.1313, 39.6541], [-76.1263, 39.6571], [-76.1092, 39.6525], [-76.1005, 39.6422], [-76.0889, 39.6391], [-76.0859, 39.6334], [-76.067, 39.6366], [-76.0377, 39.6339], [-76.0435, 39.6304], [-76.0407, 39.6273], [-76.0406, 39.6213], [-76.0332, 39.6142], [-76.0302, 39.6061], [-76.0632, 39.5953], [-76.075, 39.5874], [-76.0947, 39.5856], [-76.1061, 39.5805], [-76.136, 39.6141], [-76.1475, 39.6194], [-76.1636, 39.6513], [-76.1589, 39.6562]]]}}, {"type": "Feature", "properties": {"fips": "24033802406", "gap_national": 27.2, "gap_stratum": 31.7, "burden": 67.1, "capacity": 46.4, "svi": 0.79, "top_decile_gap": 0.0, "stratum": "metropolitan", "scored": 1}, "geometry": {"type": "Polygon", "coordinates": [[[-76.9189, 38.8602], [-76.9103, 38.8532], [-76.92, 38.8517], [-76.9234, 38.8543], [-76.9303, 38.8524], [-76.9313, 38.8563], [-76.9189, 38.8602]]]}}, {"type": "Feature", "properties": {"fips": "24033807000", "gap_national": 5.6, "gap_stratum": 7.2, "burden": 14.3, "capacity": 9.3, "svi": 0.68, "top_decile_gap": 0.0, "stratum": "metropolitan", "scored": 1}, "geometry": {"type": "Polygon", "coordinates": [[[-76.9356, 38.9926], [-76.9326, 38.9987], [-76.9358, 39.0161], [-76.9326, 39.0168], [-76.9278, 39.0143], [-76.9293, 39.0089], [-76.9159, 39.0062], [-76.9201, 39.0068], [-76.9201, 38.998], [-76.9229, 38.9914], [-76.921, 38.9912], [-76.9175, 38.9787], [-76.9223, 38.9832], [-76.9371, 38.9856], [-76.9347, 38.9896], [-76.9356, 38.9926]]]}}, {"type": "Feature", "properties": {"fips": "24033800507", "gap_national": -18.9, "gap_stratum": -12.2, "burden": 46.7, "capacity": 61.3, "svi": 0.13, "top_decile_gap": 0.0, "stratum": "metropolitan", "scored": 1}, "geometry": {"type": "Polygon", "coordinates": [[[-76.736, 38.901], [-76.7182, 38.8986], [-76.7161, 38.925], [-76.7175, 38.9552], [-76.6939, 38.9558], [-76.6953, 38.9478], [-76.691, 38.9408], [-76.6922, 38.9363], [-76.6814, 38.9313], [-76.6831, 38.9263], [-76.6906, 38.9235], [-76.6865, 38.9182], [-76.6828, 38.919], [-76.6794, 38.9165], [-76.6785, 38.9105], [-76.6706, 38.9074], [-76.6695, 38.9044], [-76.6715, 38.8994], [-76.6763, 38.8959], [-76.6763, 38.8919], [-76.6718, 38.8876], [-76.6752, 38.8857], [-76.6766, 38.876], [-76.6919, 38.8592], [-76.6912, 38.8544], [-76.6978, 38.8564], [-76.6997, 38.861], [-76.7052, 38.8642], [-76.7138, 38.8663], [-76.7232, 38.8659], [-76.7252, 38.8595], [-76.7315, 38.8614], [-76.7451, 38.8673], [-76.7478, 38.8717], [-76.736, 38.901]]]}}, {"type": "Feature", "properties": {"fips": "24031700731", "gap_national": 23.7, "gap_stratum": 29.1, "burden": 35.9, "capacity": 16.8, "svi": 0.93, "top_decile_gap": 0.0, "stratum": "metropolitan", "scored": 1}, "geometry": {"type": "Polygon", "coordinates": [[[-77.1935, 39.1415], [-77.1941, 39.138], [-77.1888, 39.1322], [-77.1986, 39.1276], [-77.2033, 39.1336], [-77.2017, 39.1351], [-77.2047, 39.1364], [-77.2018, 39.1407], [-77.1935, 39.1415]]]}}, {"type": "Feature", "properties": {"fips": "24031702603", "gap_national": -38.0, "gap_stratum": -40.0, "burden": 6.0, "capacity": 44.7, "svi": 0.32, "top_decile_gap": 0.0, "stratum": "metropolitan", "scored": 1}, "geometry": {"type": "Polygon", "coordinates": [[[-77.0289, 38.9899], [-77.0312, 38.9878], [-77.0337, 38.9897], [-77.0304, 38.9901], [-77.0338, 38.993], [-77.0289, 38.9899]]]}}, {"type": "Feature", "properties": {"fips": "24033800521", "gap_national": -29.1, "gap_stratum": -21.6, "burden": 65.7, "capacity": 91.3, "svi": 0.48, "top_decile_gap": 0.0, "stratum": "metropolitan", "scored": 1}, "geometry": {"type": "Polygon", "coordinates": [[[-76.793, 38.9009], [-76.7582, 38.902], [-76.7597, 38.8752], [-76.7687, 38.8776], [-76.7814, 38.877], [-76.7844, 38.8736], [-76.7987, 38.8753], [-76.7983, 38.879], [-76.8034, 38.8833], [-76.8045, 38.8938], [-76.793, 38.9009]]]}}, {"type": "Feature", "properties": {"fips": "24027606708", "gap_national": -32.4, "gap_stratum": -26.6, "burden": 37.4, "capacity": 63.2, "svi": 0.39, "top_decile_gap": 0.0, "stratum": "metropolitan", "scored": 1}, "geometry": {"type": "Polygon", "coordinates": [[[-76.8328, 39.1851], [-76.8236, 39.1933], [-76.8228, 39.1986], [-76.8205, 39.1971], [-76.8181, 39.1986], [-76.8067, 39.1875], [-76.793, 39.1814], [-76.7905, 39.1777], [-76.8183, 39.1616], [-76.8294, 39.1588], [-76.8424, 39.1697], [-76.8562, 39.1756], [-76.8572, 39.1781], [-76.8328, 39.1851]]]}}, {"type": "Feature", "properties": {"fips": "24015030503", "gap_national": 23.1, "gap_stratum": 28.0, "burden": 64.9, "capacity": 47.3, "svi": 0.58, "top_decile_gap": 0.0, "stratum": "metropolitan", "scored": 1}, "geometry": {"type": "Polygon", "coordinates": [[[-75.9226, 39.6458], [-75.9082, 39.6414], [-75.8838, 39.6444], [-75.8667, 39.6419], [-75.8421, 39.6466], [-75.8225, 39.6428], [-75.82, 39.6478], [-75.823, 39.6503], [-75.8222, 39.6573], [-75.7884, 39.6543], [-75.7875, 39.639], [-75.7969, 39.6402], [-75.8242, 39.6177], [-75.8279, 39.6186], [-75.8286, 39.6214], [-75.842, 39.6176], [-75.8497, 39.6117], [-75.8471, 39.6101], [-75.8514, 39.6051], [-75.8493, 39.601], [-75.8507, 39.5971], [-75.8454, 39.601], [-75.8416, 39.5984], [-75.8414, 39.5935], [-75.8543, 39.5898], [-75.8557, 39.583], [-75.8441, 39.5813], [-75.8409, 39.5785], [-75.852, 39.5626], [-75.8687, 39.5721], [-75.8852, 39.5688], [-75.8772, 39.5808], [-75.8648, 39.5913], [-75.8636, 39.5989], [-75.8602, 39.6018], [-75.8608, 39.6075], [-75.9085, 39.6107], [-75.9003, 39.6194], [-75.8936, 39.6219], [-75.916, 39.6336], [-75.9192, 39.6322], [-75.9235, 39.6358], [-75.9291, 39.6366], [-75.9325, 39.6438], [-75.9226, 39.6458]]]}}, {"type": "Feature", "properties": {"fips": "24017850906", "gap_national": -6.0, "gap_stratum": 1.0, "burden": 59.8, "capacity": 62.9, "svi": 0.68, "top_decile_gap": 0.0, "stratum": "metropolitan", "scored": 1}, "geometry": {"type": "Polygon", "coordinates": [[[-76.8995, 38.605], [-76.889, 38.6075], [-76.8878, 38.6055], [-76.8939, 38.6033], [-76.8918, 38.5979], [-76.8929, 38.593], [-76.8998, 38.5889], [-76.9047, 38.5893], [-76.9113, 38.5973], [-76.8995, 38.605]]]}}, {"type": "Feature", "properties": {"fips": "24033800103", "gap_national": 32.1, "gap_stratum": 38.7, "burden": 47.8, "capacity": 22.6, "svi": 0.76, "top_decile_gap": 0.0, "stratum": "metropolitan", "scored": 1}, "geometry": {"type": "Polygon", "coordinates": [[[-76.8462, 39.108], [-76.8441, 39.1073], [-76.8378, 39.1009], [-76.8374, 39.0969], [-76.8285, 39.095], [-76.8271, 39.0898], [-76.8324, 39.0858], [-76.853, 39.1003], [-76.8462, 39.108]]]}}, {"type": "Feature", "properties": {"fips": "24033803300", "gap_national": 28.1, "gap_stratum": 33.8, "burden": 59.0, "capacity": 38.2, "svi": 0.71, "top_decile_gap": 0.0, "stratum": "metropolitan", "scored": 1}, "geometry": {"type": "Polygon", "coordinates": [[[-76.8917, 38.9179], [-76.8924, 38.9207], [-76.8864, 38.9243], [-76.8884, 38.9267], [-76.8743, 38.9263], [-76.8801, 38.9185], [-76.8921, 38.9096], [-76.902, 38.9075], [-76.9097, 38.9165], [-76.8917, 38.9179]]]}}, {"type": "Feature", "properties": {"fips": "24033802805", "gap_national": 15.1, "gap_stratum": 19.7, "burden": 70.2, "capacity": 57.1, "svi": 0.94, "top_decile_gap": 0.0, "stratum": "metropolitan", "scored": 1}, "geometry": {"type": "Polygon", "coordinates": [[[-76.8867, 38.9021], [-76.8789, 38.8947], [-76.8773, 38.8887], [-76.8927, 38.8875], [-76.8997, 38.8975], [-76.8867, 38.9021]]]}}, {"type": "Feature", "properties": {"fips": "24033800211", "gap_national": -0.8, "gap_stratum": 4.3, "burden": 43.9, "capacity": 47.0, "svi": 0.81, "top_decile_gap": 0.0, "stratum": "metropolitan", "scored": 1}, "geometry": {"type": "Polygon", "coordinates": [[[-76.8439, 39.0929], [-76.8324, 39.0858], [-76.8349, 39.0829], [-76.8327, 39.0759], [-76.8381, 39.0736], [-76.8356, 39.0679], [-76.8315, 39.0692], [-76.8386, 39.0587], [-76.8402, 39.0666], [-76.8472, 39.0728], [-76.8487, 39.0773], [-76.8439, 39.0929]]]}}, {"type": "Feature", "properties": {"fips": "24045010200", "gap_national": 17.8, "gap_stratum": 18.3, "burden": 94.3, "capacity": 71.0, "svi": 0.99, "top_decile_gap": 0.0, "stratum": "metropolitan", "scored": 1}, "geometry": {"type": "Polygon", "coordinates": [[[-75.642, 38.4285], [-75.6216, 38.4225], [-75.6047, 38.4112], [-75.5939, 38.4086], [-75.5921, 38.3983], [-75.6002, 38.3767], [-75.6061, 38.3776], [-75.6076, 38.3718], [-75.6151, 38.3706], [-75.6286, 38.4007], [-75.6432, 38.41], [-75.6388, 38.4138], [-75.642, 38.4285]]]}}, {"type": "Feature", "properties": {"fips": "24019970500", "gap_national": 38.5, "gap_stratum": 39.9, "burden": 98.6, "capacity": 58.5, "svi": 0.99, "top_decile_gap": 0.0, "stratum": "micropolitan", "scored": 1}, "geometry": {"type": "Polygon", "coordinates": [[[-76.1061, 38.5793], [-76.0935, 38.5762], [-76.0903, 38.5798], [-76.0776, 38.5711], [-76.0786, 38.5633], [-76.1094, 38.5714], [-76.1061, 38.5793]]]}}, {"type": "Feature", "properties": {"fips": "24003731002", "gap_national": -59.3, "gap_stratum": -53.0, "burden": 32.6, "capacity": 80.0, "svi": 0.07, "top_decile_gap": 0.0, "stratum": "metropolitan", "scored": 1}, "geometry": {"type": "Polygon", "coordinates": [[[-76.4436, 39.0292], [-76.4373, 39.0347], [-76.4336, 39.0344], [-76.4297, 39.0464], [-76.4051, 39.0332], [-76.3978, 39.0226], [-76.3945, 39.0127], [-76.4036, 39.0075], [-76.414, 39.0196], [-76.4495, 39.027], [-76.4473, 39.0298], [-76.4436, 39.0292]]]}}, {"type": "Feature", "properties": {"fips": "24025303803", "gap_national": 0.0, "gap_stratum": 6.1, "burden": 54.0, "capacity": 54.5, "svi": 0.65, "top_decile_gap": 0.0, "stratum": "metropolitan", "scored": 1}, "geometry": {"type": "Polygon", "coordinates": [[[-76.3497, 39.548], [-76.3464, 39.5522], [-76.3325, 39.5507], [-76.3283, 39.5462], [-76.33, 39.5418], [-76.3476, 39.5348], [-76.3612, 39.5454], [-76.3497, 39.548]]]}}, {"type": "Feature", "properties": {"fips": "24027602302", "gap_national": -65.1, "gap_stratum": -60.9, "burden": 23.0, "capacity": 75.1, "svi": 0.18, "top_decile_gap": 0.0, "stratum": "metropolitan", "scored": 1}, "geometry": {"type": "Polygon", "coordinates": [[[-76.8208, 39.258], [-76.7978, 39.2364], [-76.7996, 39.2304], [-76.8075, 39.2226], [-76.8265, 39.2281], [-76.8319, 39.237], [-76.8374, 39.2398], [-76.8208, 39.258]]]}}, {"type": "Feature", "properties": {"fips": "24037875906", "gap_national": -12.3, "gap_stratum": -9.8, "burden": 28.7, "capacity": 42.4, "svi": 0.18, "top_decile_gap": 0.0, "stratum": "metropolitan", "scored": 1}, "geometry": {"type": "Polygon", "coordinates": [[[-76.4537, 38.2501], [-76.4528, 38.26], [-76.455, 38.2648], [-76.4523, 38.2658], [-76.4362, 38.2577], [-76.4213, 38.246], [-76.4135, 38.2348], [-76.4087, 38.2206], [-76.424, 38.2177], [-76.4376, 38.2216], [-76.4564, 38.2234], [-76.46, 38.2331], [-76.4537, 38.2501]]]}}, {"type": "Feature", "properties": {"fips": "24027606906", "gap_national": -36.9, "gap_stratum": -34.8, "burden": 24.3, "capacity": 56.2, "svi": 0.34, "top_decile_gap": 0.0, "stratum": "metropolitan", "scored": 1}, "geometry": {"type": "Polygon", "coordinates": [[[-76.8624, 39.1297], [-76.8522, 39.1188], [-76.8474, 39.1216], [-76.8433, 39.1174], [-76.8429, 39.1112], [-76.8397, 39.1076], [-76.8416, 39.1059], [-76.8491, 39.1091], [-76.8622, 39.1103], [-76.8736, 39.1154], [-76.8624, 39.1297]]]}}, {"type": "Feature", "properties": {"fips": "24005402201", "gap_national": -3.8, "gap_stratum": 2.2, "burden": 73.6, "capacity": 72.9, "svi": 0.34, "top_decile_gap": 0.0, "stratum": "metropolitan", "scored": 1}, "geometry": {"type": "Polygon", "coordinates": [[[-76.8932, 39.431], [-76.8945, 39.4345], [-76.8911, 39.435], [-76.8943, 39.4398], [-76.8856, 39.4404], [-76.881, 39.4355], [-76.8705, 39.4311], [-76.8436, 39.4266], [-76.841, 39.4243], [-76.8301, 39.3991], [-76.83, 39.391], [-76.8232, 39.3812], [-76.8277, 39.375], [-76.8373, 39.375], [-76.8418, 39.3687], [-76.8426, 39.3621], [-76.8368, 39.3526], [-76.8377, 39.344], [-76.8512, 39.3432], [-76.8664, 39.3332], [-76.8753, 39.3326], [-76.8781, 39.3367], [-76.8756, 39.3373], [-76.8753, 39.3401], [-76.8823, 39.3502], [-76.8802, 39.3497], [-76.8797, 39.3568], [-76.8734, 39.3572], [-76.8807, 39.3605], [-76.8818, 39.3628], [-76.878, 39.3642], [-76.8795, 39.3661], [-76.8839, 39.3645], [-76.8889, 39.3706], [-76.8913, 39.3822], [-76.8832, 39.3858], [-76.8843, 39.3884], [-76.8791, 39.388], [-76.8788, 39.3905], [-76.8744, 39.3885], [-76.8734, 39.3889], [-76.8855, 39.3976], [-76.8789, 39.4039], [-76.8844, 39.4046], [-76.8814, 39.4174], [-76.8745, 39.4191], [-76.8865, 39.4217], [-76.8863, 39.4259], [-76.8898, 39.4265], [-76.8896, 39.4302], [-76.8956, 39.4295], [-76.8932, 39.431]]]}}, {"type": "Feature", "properties": {"fips": "24005400400", "gap_national": -67.1, "gap_stratum": -61.9, "burden": 27.3, "capacity": 81.9, "svi": 0.14, "top_decile_gap": 0.0, "stratum": "metropolitan", "scored": 1}, "geometry": {"type": "Polygon", "coordinates": [[[-76.7245, 39.2736], [-76.7214, 39.2705], [-76.7275, 39.2626], [-76.7247, 39.2603], [-76.7157, 39.2616], [-76.714, 39.2589], [-76.7166, 39.2563], [-76.7141, 39.252], [-76.7161, 39.2458], [-76.7137, 39.2418], [-76.7156, 39.2421], [-76.7229, 39.2272], [-76.7419, 39.2346], [-76.738, 39.2451], [-76.74, 39.2504], [-76.7376, 39.2538], [-76.7432, 39.2601], [-76.746, 39.2689], [-76.7245, 39.2736]]]}}, {"type": "Feature", "properties": {"fips": "24005403402", "gap_national": -4.0, "gap_stratum": 1.4, "burden": 76.5, "capacity": 75.7, "svi": 0.87, "top_decile_gap": 0.0, "stratum": "metropolitan", "scored": 1}, "geometry": {"type": "Polygon", "coordinates": [[[-76.7225, 39.3899], [-76.7131, 39.3773], [-76.7112, 39.3544], [-76.7195, 39.3576], [-76.7215, 39.3631], [-76.7274, 39.3682], [-76.7202, 39.3715], [-76.7341, 39.3848], [-76.7225, 39.3899]]]}}, {"type": "Feature", "properties": {"fips": "24003740502", "gap_national": -48.2, "gap_stratum": -42.5, "burden": 32.4, "capacity": 70.2, "svi": 0.26, "top_decile_gap": 0.0, "stratum": "metropolitan", "scored": 1}, "geometry": {"type": "Polygon", "coordinates": [[[-76.8117, 39.1208], [-76.8161, 39.1214], [-76.7974, 39.1226], [-76.7905, 39.1255], [-76.7781, 39.1143], [-76.7935, 39.1033], [-76.7918, 39.1075], [-76.8017, 39.109], [-76.8093, 39.1021], [-76.8159, 39.1028], [-76.8167, 39.1066], [-76.8243, 39.1089], [-76.8219, 39.1146], [-76.8117, 39.1208]]]}}, {"type": "Feature", "properties": {"fips": "24029950400", "gap_national": -32.5, "gap_stratum": -71.3, "burden": 63.2, "capacity": 92.3, "svi": 0.12, "top_decile_gap": 0.0, "stratum": "small_town", "scored": 1}, "geometry": {"type": "Polygon", "coordinates": [[[-76.251, 39.1992], [-76.2414, 39.2211], [-76.2291, 39.2383], [-76.2193, 39.262], [-76.2113, 39.2698], [-76.2042, 39.2686], [-76.2001, 39.28], [-76.1902, 39.2813], [-76.1815, 39.2918], [-76.1713, 39.289], [-76.1679, 39.2843], [-76.1703, 39.2814], [-76.17, 39.2723], [-76.1579, 39.2664], [-76.1443, 39.2635], [-76.1459, 39.2582], [-76.1253, 39.2596], [-76.0951, 39.2352], [-76.1179, 39.2299], [-76.1255, 39.2169], [-76.0995, 39.2108], [-76.0805, 39.2191], [-76.0766, 39.2138], [-76.0777, 39.2101], [-76.0745, 39.21], [-76.073, 39.207], [-76.0754, 39.2022], [-76.0638, 39.1993], [-76.0688, 39.1923], [-76.0659, 39.1859], [-76.0467, 39.1808], [-76.0395, 39.173], [-76.0411, 39.1677], [-76.0468, 39.1632], [-76.0786, 39.1511], [-76.0813, 39.1467], [-76.0728, 39.1393], [-76.0732, 39.136], [-76.0928, 39.1277], [-76.1171, 39.1071], [-76.1341, 39.1045], [-76.1572, 39.0948], [-76.1682, 39.0949], [-76.1744, 39.0963], [-76.1748, 39.1004], [-76.1694, 39.1109], [-76.1666, 39.1272], [-76.1793, 39.139], [-76.1824, 39.1559], [-76.1766, 39.1697], [-76.1729, 39.1728], [-76.1716, 39.1808], [-76.1747, 39.1849], [-76.1801, 39.1858], [-76.1951, 39.182], [-76.1969, 39.1746], [-76.2169, 39.174], [-76.2347, 39.1795], [-76.2579, 39.179], [-76.2591, 39.1771], [-76.2677, 39.1785], [-76.251, 39.1992]]]}}, {"type": "Feature", "properties": {"fips": "24031702700", "gap_national": -22.7, "gap_stratum": -19.4, "burden": 31.9, "capacity": 52.5, "svi": 0.63, "top_decile_gap": 0.0, "stratum": "metropolitan", "scored": 1}, "geometry": {"type": "Polygon", "coordinates": [[[-77.0566, 39.0149], [-77.0499, 39.0055], [-77.0432, 39.0012], [-77.0422, 38.9955], [-77.052, 38.9938], [-77.0465, 38.9909], [-77.0522, 38.9867], [-77.0542, 38.9884], [-77.0581, 38.9863], [-77.0629, 38.9873], [-77.0622, 39.0005], [-77.0588, 39.0034], [-77.0635, 39.0119], [-77.0566, 39.0149]]]}}, {"type": "Feature", "properties": {"fips": "24031700810", "gap_national": -29.2, "gap_stratum": -27.8, "burden": 23.7, "capacity": 50.5, "svi": 0.22, "top_decile_gap": 0.0, "stratum": "metropolitan", "scored": 1}, "geometry": {"type": "Polygon", "coordinates": [[[-77.2209, 39.1872], [-77.2181, 39.1856], [-77.2154, 39.1873], [-77.2167, 39.1919], [-77.2095, 39.1928], [-77.2039, 39.2013], [-77.192, 39.1907], [-77.1985, 39.1868], [-77.202, 39.1785], [-77.2174, 39.1785], [-77.2212, 39.1777], [-77.2209, 39.1772], [-77.2212, 39.1755], [-77.2219, 39.1745], [-77.2209, 39.1872]]]}}, {"type": "Feature", "properties": {"fips": "24037876101", "gap_national": -39.0, "gap_stratum": -30.7, "burden": 46.0, "capacity": 75.4, "svi": 0.22, "top_decile_gap": 0.0, "stratum": "metropolitan", "scored": 1}, "geometry": {"type": "Polygon", "coordinates": [[[-76.5841, 38.2453], [-76.5496, 38.2385], [-76.5224, 38.2381], [-76.5106, 38.2028], [-76.513, 38.1912], [-76.4946, 38.1873], [-76.4879, 38.1825], [-76.4641, 38.18], [-76.4636, 38.183], [-76.45, 38.1827], [-76.4403, 38.1937], [-76.4372, 38.1926], [-76.4463, 38.1763], [-76.4465, 38.1598], [-76.4697, 38.1534], [-76.4643, 38.1409], [-76.4612, 38.1393], [-76.4619, 38.1314], [-76.4698, 38.1193], [-76.4655, 38.1066], [-76.4703, 38.1037], [-76.4754, 38.1042], [-76.481, 38.1159], [-76.5021, 38.1389], [-76.5185, 38.141], [-76.5299, 38.1341], [-76.533, 38.1466], [-76.5354, 38.1464], [-76.5404, 38.153], [-76.553, 38.1872], [-76.5726, 38.2036], [-76.5906, 38.2142], [-76.5744, 38.2172], [-76.5698, 38.2221], [-76.5727, 38.228], [-76.5826, 38.231], [-76.5882, 38.2417], [-76.5931, 38.2434], [-76.5919, 38.2499], [-76.5841, 38.2453]]]}}, {"type": "Feature", "properties": {"fips": "24041960100", "gap_national": -31.5, "gap_stratum": -63.0, "burden": 57.2, "capacity": 80.8, "svi": 0.3, "top_decile_gap": 0.0, "stratum": "micropolitan", "scored": 1}, "geometry": {"type": "Polygon", "coordinates": [[[-76.1214, 38.8824], [-76.1143, 38.8808], [-76.1035, 38.8823], [-76.1027, 38.8902], [-76.1134, 38.9045], [-76.1115, 38.911], [-76.1155, 38.9137], [-76.1037, 38.939], [-76.097, 38.9443], [-76.0905, 38.9451], [-76.0836, 38.9412], [-76.0811, 38.9426], [-76.0783, 38.9402], [-76.0626, 38.9393], [-75.9493, 38.9183], [-75.9443, 38.9165], [-75.944, 38.9143], [-75.9492, 38.9135], [-75.9431, 38.9067], [-75.9492, 38.9035], [-75.9444, 38.8975], [-75.9486, 38.8923], [-75.9405, 38.8846], [-75.9496, 38.8848], [-75.9515, 38.8802], [-75.9488, 38.8784], [-75.9415, 38.8812], [-75.9376, 38.8798], [-75.9389, 38.8764], [-75.9444, 38.8751], [-75.9431, 38.8705], [-75.9393, 38.8666], [-75.9347, 38.8675], [-75.9302, 38.8613], [-75.9243, 38.8604], [-75.9228, 38.8548], [-75.9304, 38.8509], [-75.9268, 38.847], [-75.9195, 38.8469], [-75.9193, 38.845], [-75.9281, 38.8411], [-75.9278, 38.8389], [-75.9152, 38.8348], [-75.9129, 38.8295], [-75.9013, 38.8247], [-75.9065, 38.8197], [-75.8972, 38.8152], [-75.8963, 38.8125], [-75.9038, 38.8069], [-75.9114, 38.8063], [-75.928, 38.7992], [-75.9325, 38.7961], [-75.9373, 38.7872], [-75.9495, 38.7784], [-75.9679, 38.7793], [-75.9744, 38.7745], [-75.9767, 38.776], [-75.9749, 38.7778], [-75.9781, 38.777], [-75.9783, 38.7797], [-75.9811, 38.7802], [-75.9794, 38.7845], [-75.9761, 38.7847], [-75.9759, 38.7893], [-75.9781, 38.7914], [-75.9737, 38.7935], [-75.9752, 38.7967], [-75.9793, 38.7967], [-75.9802, 38.7942], [-75.9892, 38.7965], [-75.9857, 38.7928], [-75.9943, 38.7942], [-76.0042, 38.7913], [-76.0046, 38.789], [-76.0179, 38.7879], [-76.0281, 38.7999], [-76.0315, 38.8111], [-76.0299, 38.8118], [-76.0384, 38.8202], [-76.0429, 38.8285], [-76.0471, 38.8282], [-76.0544, 38.8362], [-76.0732, 38.8434], [-76.0757, 38.8471], [-76.0808, 38.849], [-76.0874, 38.848], [-76.0951, 38.8411], [-76.101, 38.8416], [-76.1014, 38.8442], [-76.1031, 38.8423], [-76.1039, 38.8445], [-76.0956, 38.8516], [-76.1023, 38.8524], [-76.1095, 38.8578], [-76.1096, 38.8631], [-76.1252, 38.8771], [-76.1214, 38.8824]]]}}, {"type": "Feature", "properties": {"fips": "24031700308", "gap_national": -38.4, "gap_stratum": -37.7, "burden": 19.4, "capacity": 53.5, "svi": 0.47, "top_decile_gap": 0.0, "stratum": "metropolitan", "scored": 1}, "geometry": {"type": "Polygon", "coordinates": [[[-77.2847, 39.2017], [-77.281, 39.1998], [-77.2777, 39.206], [-77.2733, 39.2066], [-77.2634, 39.1977], [-77.2709, 39.1931], [-77.2738, 39.1879], [-77.2858, 39.1888], [-77.2844, 39.1913], [-77.2873, 39.1914], [-77.2877, 39.1967], [-77.2847, 39.2017]]]}}, {"type": "Feature", "properties": {"fips": "24013506101", "gap_national": -29.6, "gap_stratum": -22.6, "burden": 43.2, "capacity": 65.8, "svi": 0.02, "top_decile_gap": 0.0, "stratum": "metropolitan", "scored": 1}, "geometry": {"type": "Polygon", "coordinates": [[[-76.957, 39.6521], [-76.9567, 39.6549], [-76.9611, 39.6597], [-76.9635, 39.6762], [-76.9637, 39.6885], [-76.961, 39.6936], [-76.9628, 39.7003], [-76.9554, 39.7052], [-76.9579, 39.7203], [-76.916, 39.7205], [-76.9174, 39.7102], [-76.8923, 39.6844], [-76.8915, 39.6717], [-76.8848, 39.6613], [-76.8936, 39.653], [-76.9158, 39.6419], [-76.9188, 39.6425], [-76.9232, 39.6501], [-76.9269, 39.6495], [-76.9292, 39.6543], [-76.9364, 39.6484], [-76.9408, 39.6398], [-76.9513, 39.6342], [-76.9711, 39.6263], [-76.9724, 39.6326], [-76.957, 39.6521]]]}}, {"type": "Feature", "properties": {"fips": "24017851100", "gap_national": -28.4, "gap_stratum": -19.7, "burden": 56.7, "capacity": 77.1, "svi": 0.15, "top_decile_gap": 0.0, "stratum": "metropolitan", "scored": 1}, "geometry": {"type": "Polygon", "coordinates": [[[-77.035, 38.4792], [-77.0232, 38.4934], [-77.0248, 38.5021], [-77.0221, 38.5046], [-77.024, 38.506], [-77.0218, 38.5144], [-77.0177, 38.5152], [-77.0202, 38.5065], [-77.0123, 38.5088], [-76.9947, 38.5032], [-76.9819, 38.505], [-76.9809, 38.5006], [-76.9718, 38.4993], [-76.9656, 38.4994], [-76.9566, 38.5047], [-76.9529, 38.5046], [-76.9256, 38.4907], [-76.9282, 38.4863], [-76.9262, 38.4855], [-76.935, 38.477], [-76.9344, 38.468], [-76.9387, 38.4589], [-76.9395, 38.4434], [-76.9419, 38.4402], [-76.94, 38.4317], [-76.9433, 38.4276], [-76.943, 38.4207], [-76.9408, 38.4206], [-76.9388, 38.4152], [-76.9502, 38.4082], [-76.9537, 38.4154], [-76.97, 38.4314], [-76.9695, 38.4276], [-76.9719, 38.4302], [-76.9771, 38.414], [-76.9756, 38.4046], [-76.9921, 38.399], [-76.9986, 38.4093], [-77.0016, 38.422], [-77.0164, 38.4456], [-77.0285, 38.4451], [-77.0324, 38.4482], [-77.0379, 38.4607], [-77.0388, 38.4695], [-77.035, 38.4792]]]}}, {"type": "Feature", "properties": {"fips": "24017851301", "gap_national": 0.6, "gap_stratum": 6.9, "burden": 66.0, "capacity": 63.4, "svi": 0.28, "top_decile_gap": 0.0, "stratum": "metropolitan", "scored": 1}, "geometry": {"type": "Polygon", "coordinates": [[[-76.94, 38.4317], [-76.9419, 38.4402], [-76.9395, 38.4434], [-76.9387, 38.4589], [-76.9344, 38.468], [-76.9358, 38.475], [-76.9262, 38.4855], [-76.9282, 38.4863], [-76.9256, 38.4907], [-76.8826, 38.4798], [-76.8642, 38.4847], [-76.8467, 38.4843], [-76.8408, 38.4904], [-76.8131, 38.5018], [-76.795, 38.5014], [-76.7901, 38.4987], [-76.7847, 38.502], [-76.7799, 38.5003], [-76.8224, 38.4321], [-76.8227, 38.4284], [-76.841, 38.41], [-76.8481, 38.4061], [-76.8503, 38.3983], [-76.8711, 38.3901], [-76.8747, 38.3816], [-76.9249, 38.3865], [-76.9274, 38.4042], [-76.9322, 38.4115], [-76.943, 38.4207], [-76.9433, 38.4276], [-76.94, 38.4317]]]}}, {"type": "Feature", "properties": {"fips": "24021775600", "gap_national": -55.7, "gap_stratum": -55.0, "burden": 14.5, "capacity": 61.4, "svi": 0.02, "top_decile_gap": 0.0, "stratum": "metropolitan", "scored": 1}, "geometry": {"type": "Polygon", "coordinates": [[[-77.3782, 39.4339], [-77.3459, 39.4347], [-77.2975, 39.4292], [-77.2886, 39.4307], [-77.282, 39.4272], [-77.2825, 39.4256], [-77.2894, 39.4268], [-77.2882, 39.4204], [-77.2945, 39.4234], [-77.2988, 39.4207], [-77.302, 39.4154], [-77.3065, 39.4144], [-77.3046, 39.4092], [-77.3111, 39.409], [-77.3161, 39.4147], [-77.3288, 39.4167], [-77.3417, 39.4144], [-77.3461, 39.4171], [-77.3479, 39.4118], [-77.3524, 39.408], [-77.3591, 39.4105], [-77.3657, 39.4076], [-77.3624, 39.4172], [-77.363, 39.4247], [-77.3676, 39.4292], [-77.3776, 39.4243], [-77.3794, 39.4275], [-77.3782, 39.4339]]]}}, {"type": "Feature", "properties": {"fips": "24510160400", "gap_national": 31.2, "gap_stratum": 30.5, "burden": 93.7, "capacity": 61.3, "svi": 0.84, "top_decile_gap": 0.0, "stratum": "metropolitan", "scored": 1}, "geometry": {"type": "Polygon", "coordinates": [[[-76.6461, 39.3031], [-76.6455, 39.2939], [-76.6504, 39.2937], [-76.6509, 39.3002], [-76.6461, 39.3031]]]}}, {"type": "Feature", "properties": {"fips": "24510210100", "gap_national": -13.7, "gap_stratum": -10.8, "burden": 30.5, "capacity": 45.1, "svi": 0.54, "top_decile_gap": 0.0, "stratum": "metropolitan", "scored": 1}, "geometry": {"type": "Polygon", "coordinates": [[[-76.6303, 39.2813], [-76.6327, 39.2836], [-76.6289, 39.2838], [-76.629, 39.286], [-76.619, 39.2791], [-76.6259, 39.2682], [-76.6335, 39.2695], [-76.6287, 39.2735], [-76.6346, 39.278], [-76.6303, 39.2813]]]}}, {"type": "Feature", "properties": {"fips": "24003730606", "gap_national": -68.7, "gap_stratum": -63.5, "burden": 27.2, "capacity": 83.6, "svi": 0.13, "top_decile_gap": 0.0, "stratum": "metropolitan", "scored": 1}, "geometry": {"type": "Polygon", "coordinates": [[[-76.5982, 39.083], [-76.6002, 39.0883], [-76.5986, 39.0939], [-76.603, 39.0987], [-76.6018, 39.1031], [-76.5979, 39.1038], [-76.5968, 39.0964], [-76.5938, 39.0952], [-76.5791, 39.0946], [-76.5799, 39.0927], [-76.5766, 39.0913], [-76.5705, 39.0952], [-76.5723, 39.0785], [-76.5922, 39.0836], [-76.5938, 39.0791], [-76.5912, 39.0744], [-76.6031, 39.0776], [-76.5982, 39.083]]]}}, {"type": "Feature", "properties": {"fips": "24005403704", "gap_national": -69.8, "gap_stratum": -65.5, "burden": 22.8, "capacity": 79.2, "svi": 0.47, "top_decile_gap": 0.0, "stratum": "metropolitan", "scored": 1}, "geometry": {"type": "Polygon", "coordinates": [[[-76.7613, 39.4219], [-76.7592, 39.4178], [-76.7548, 39.4192], [-76.7389, 39.4302], [-76.7331, 39.4379], [-76.7281, 39.4333], [-76.7301, 39.4132], [-76.7285, 39.4023], [-76.7376, 39.4024], [-76.7357, 39.402], [-76.7373, 39.3974], [-76.7401, 39.3961], [-76.745, 39.3941], [-76.7721, 39.4138], [-76.7613, 39.4219]]]}}, {"type": "Feature", "properties": {"fips": "24033805000", "gap_national": 15.0, "gap_stratum": 20.6, "burden": 48.4, "capacity": 38.9, "svi": 0.8, "top_decile_gap": 0.0, "stratum": "metropolitan", "scored": 1}, "geometry": {"type": "Polygon", "coordinates": [[[-76.9806, 38.9712], [-76.9793, 38.962], [-76.9742, 38.9586], [-76.9737, 38.9554], [-76.9665, 38.9525], [-76.9787, 38.9542], [-76.9873, 38.9586], [-76.9879, 38.9541], [-76.9974, 38.9614], [-76.9806, 38.9712]]]}}, {"type": "Feature", "properties": {"fips": "24005408704", "gap_national": -82.0, "gap_stratum": -79.2, "burden": 17.4, "capacity": 86.4, "svi": 0.03, "top_decile_gap": 0.0, "stratum": "metropolitan", "scored": 1}, "geometry": {"type": "Polygon", "coordinates": [[[-76.6663, 39.4264], [-76.667, 39.4309], [-76.6617, 39.4359], [-76.6341, 39.4381], [-76.6343, 39.4319], [-76.64, 39.42], [-76.6509, 39.4203], [-76.6609, 39.4144], [-76.6701, 39.42], [-76.6721, 39.4263], [-76.6663, 39.4264]]]}}, {"type": "Feature", "properties": {"fips": "24005492001", "gap_national": -14.3, "gap_stratum": -8.0, "burden": 47.5, "capacity": 58.9, "svi": 0.37, "top_decile_gap": 0.0, "stratum": "metropolitan", "scored": 1}, "geometry": {"type": "Polygon", "coordinates": [[[-76.5548, 39.3993], [-76.5484, 39.3969], [-76.5563, 39.3804], [-76.5589, 39.3812], [-76.5548, 39.3993]]]}}, {"type": "Feature", "properties": {"fips": "24021752900", "gap_national": -22.3, "gap_stratum": -14.8, "burden": 49.4, "capacity": 65.7, "svi": 0.06, "top_decile_gap": 0.0, "stratum": "metropolitan", "scored": 1}, "geometry": {"type": "Polygon", "coordinates": [[[-77.5202, 39.6407], [-77.5046, 39.6643], [-77.4984, 39.6675], [-77.4929, 39.6764], [-77.4971, 39.6831], [-77.5084, 39.6841], [-77.5032, 39.6892], [-77.4935, 39.6926], [-77.4862, 39.7046], [-77.4744, 39.7132], [-77.4691, 39.72], [-77.3695, 39.72], [-77.3543, 39.7037], [-77.3662, 39.7049], [-77.3772, 39.6986], [-77.4002, 39.6912], [-77.4087, 39.6847], [-77.3956, 39.6705], [-77.3894, 39.6687], [-77.3885, 39.6706], [-77.3846, 39.67], [-77.3831, 39.6668], [-77.3811, 39.6682], [-77.3786, 39.6577], [-77.3856, 39.6511], [-77.3966, 39.6478], [-77.3996, 39.6516], [-77.4142, 39.6435], [-77.4107, 39.6356], [-77.4162, 39.6311], [-77.4185, 39.6251], [-77.4263, 39.6203], [-77.4288, 39.615], [-77.4292, 39.6094], [-77.425, 39.6073], [-77.4306, 39.5991], [-77.4357, 39.5819], [-77.4378, 39.5855], [-77.4415, 39.5851], [-77.4443, 39.5811], [-77.45, 39.5813], [-77.4579, 39.5874], [-77.4741, 39.5841], [-77.4884, 39.5877], [-77.4928, 39.5867], [-77.4788, 39.601], [-77.4801, 39.6046], [-77.488, 39.602], [-77.4909, 39.6057], [-77.5008, 39.6085], [-77.5016, 39.6112], [-77.5081, 39.6114], [-77.513, 39.6173], [-77.5119, 39.6207], [-77.5158, 39.6277], [-77.5165, 39.6356], [-77.5265, 39.636], [-77.5202, 39.6407]]]}}, {"type": "Feature", "properties": {"fips": "24031703222", "gap_national": 5.0, "gap_stratum": 10.4, "burden": 47.4, "capacity": 45.7, "svi": 0.85, "top_decile_gap": 0.0, "stratum": "metropolitan", "scored": 1}, "geometry": {"type": "Polygon", "coordinates": [[[-77.0459, 39.0691], [-77.0459, 39.0754], [-77.0413, 39.072], [-77.0349, 39.0739], [-77.0283, 39.0681], [-77.05, 39.0581], [-77.0506, 39.0629], [-77.0459, 39.0691]]]}}, {"type": "Feature", "properties": {"fips": "24033803528", "gap_national": -31.7, "gap_stratum": -23.5, "burden": 60.6, "capacity": 85.8, "svi": 0.4, "top_decile_gap": 0.0, "stratum": "metropolitan", "scored": 1}, "geometry": {"type": "Polygon", "coordinates": [[[-76.8034, 38.9211], [-76.8037, 38.9173], [-76.793, 38.9009], [-76.8101, 38.8975], [-76.8227, 38.8991], [-76.8321, 38.9166], [-76.8034, 38.9211]]]}}, {"type": "Feature", "properties": {"fips": "24027606805", "gap_national": -73.0, "gap_stratum": -68.7, "burden": 23.1, "capacity": 83.1, "svi": 0.25, "top_decile_gap": 0.0, "stratum": "metropolitan", "scored": 1}, "geometry": {"type": "Polygon", "coordinates": [[[-76.9013, 39.1451], [-76.8911, 39.1449], [-76.8723, 39.1387], [-76.8626, 39.1296], [-76.8736, 39.1154], [-76.8844, 39.127], [-76.8857, 39.1313], [-76.9073, 39.1255], [-76.9156, 39.127], [-76.9187, 39.1326], [-76.9013, 39.1451]]]}}, {"type": "Feature", "properties": {"fips": "24017851302", "gap_national": -34.2, "gap_stratum": -25.7, "burden": 48.9, "capacity": 74.1, "svi": 0.04, "top_decile_gap": 0.0, "stratum": "metropolitan", "scored": 1}, "geometry": {"type": "Polygon", "coordinates": [[[-76.9151, 38.5072], [-76.9042, 38.5261], [-76.8983, 38.5304], [-76.8906, 38.532], [-76.888, 38.5382], [-76.8724, 38.545], [-76.8649, 38.5533], [-76.853, 38.5598], [-76.8352, 38.5529], [-76.804, 38.5495], [-76.7971, 38.546], [-76.7887, 38.5408], [-76.7747, 38.5167], [-76.7746, 38.509], [-76.7799, 38.5003], [-76.7847, 38.502], [-76.7901, 38.4987], [-76.795, 38.5014], [-76.8131, 38.5018], [-76.8408, 38.4904], [-76.8467, 38.4843], [-76.8642, 38.4847], [-76.8842, 38.4799], [-76.9256, 38.4907], [-76.9257, 38.4956], [-76.9151, 38.5072]]]}}, {"type": "Feature", "properties": {"fips": "24021751202", "gap_national": -50.2, "gap_stratum": -44.1, "burden": 32.9, "capacity": 72.1, "svi": 0.42, "top_decile_gap": 0.0, "stratum": "metropolitan", "scored": 1}, "geometry": {"type": "Polygon", "coordinates": [[[-77.4493, 39.4654], [-77.4406, 39.4597], [-77.4342, 39.449], [-77.4367, 39.4361], [-77.4468, 39.4386], [-77.4498, 39.4461], [-77.4583, 39.4531], [-77.461, 39.4594], [-77.4493, 39.4654]]]}}, {"type": "Feature", "properties": {"fips": "24027606606", "gap_national": -10.3, "gap_stratum": -6.2, "burden": 36.7, "capacity": 47.9, "svi": 0.79, "top_decile_gap": 0.0, "stratum": "metropolitan", "scored": 1}, "geometry": {"type": "Polygon", "coordinates": [[[-76.8137, 39.2101], [-76.8109, 39.2158], [-76.8069, 39.2181], [-76.7967, 39.2073], [-76.8015, 39.2018], [-76.8187, 39.2017], [-76.8195, 39.2067], [-76.8247, 39.2093], [-76.8229, 39.2128], [-76.8137, 39.2101]]]}}, {"type": "Feature", "properties": {"fips": "24013505102", "gap_national": -37.0, "gap_stratum": -31.1, "burden": 36.2, "capacity": 65.3, "svi": 0.12, "top_decile_gap": 0.0, "stratum": "metropolitan", "scored": 1}, "geometry": {"type": "Polygon", "coordinates": [[[-76.9496, 39.412], [-76.9368, 39.4263], [-76.9375, 39.4395], [-76.9267, 39.4442], [-76.9246, 39.4489], [-76.911, 39.4435], [-76.8873, 39.4405], [-76.8943, 39.4398], [-76.8911, 39.435], [-76.8945, 39.4345], [-76.8932, 39.431], [-76.8951, 39.4284], [-76.8896, 39.4302], [-76.8898, 39.4265], [-76.8863, 39.4259], [-76.8865, 39.4217], [-76.8745, 39.4191], [-76.8814, 39.4174], [-76.8844, 39.4046], [-76.8789, 39.4039], [-76.8855, 39.3976], [-76.8841, 39.3966], [-76.9161, 39.3951], [-76.9505, 39.4052], [-76.9496, 39.412]]]}}, {"type": "Feature", "properties": {"fips": "24013506200", "gap_national": -22.4, "gap_stratum": -14.7, "burden": 50.5, "capacity": 66.6, "svi": 0.11, "top_decile_gap": 0.0, "stratum": "metropolitan", "scored": 1}, "geometry": {"type": "Polygon", "coordinates": [[[-76.916, 39.7205], [-76.7871, 39.7208], [-76.8034, 39.678], [-76.8681, 39.6395], [-76.8774, 39.6477], [-76.8915, 39.6717], [-76.8923, 39.6844], [-76.9176, 39.7113], [-76.916, 39.7205]]]}}, {"type": "Feature", "properties": {"fips": "24031704100", "gap_national": -79.2, "gap_stratum": -76.1, "burden": 18.0, "capacity": 83.7, "svi": 0.16, "top_decile_gap": 0.0, "stratum": "metropolitan", "scored": 1}, "geometry": {"type": "Polygon", "coordinates": [[[-77.0834, 39.0236], [-77.0715, 39.0188], [-77.0685, 39.0246], [-77.0601, 39.0261], [-77.0606, 39.0205], [-77.0566, 39.0149], [-77.0618, 39.0136], [-77.069, 39.0071], [-77.0773, 39.0091], [-77.0807, 39.0063], [-77.0909, 39.0124], [-77.0834, 39.0236]]]}}, {"type": "Feature", "properties": {"fips": "24031704600", "gap_national": -76.4, "gap_stratum": -75.1, "burden": 9.4, "capacity": 72.9, "svi": 0.23, "top_decile_gap": 0.0, "stratum": "metropolitan", "scored": 1}, "geometry": {"type": "Polygon", "coordinates": [[[-77.1267, 39.0013], [-77.1095, 39.0001], [-77.1086, 38.997], [-77.1052, 38.9967], [-77.1052, 38.9936], [-77.0997, 38.9925], [-77.1035, 38.9903], [-77.1077, 38.993], [-77.1206, 38.9932], [-77.1301, 38.9971], [-77.135, 39.0032], [-77.1341, 39.0047], [-77.1267, 39.0013]]]}}, {"type": "Feature", "properties": {"fips": "24031700204", "gap_national": -31.0, "gap_stratum": -27.8, "burden": 29.5, "capacity": 56.2, "svi": 0.33, "top_decile_gap": 0.0, "stratum": "metropolitan", "scored": 1}, "geometry": {"type": "Polygon", "coordinates": [[[-77.1688, 39.3535], [-77.1838, 39.3455], [-77.1868, 39.3382], [-77.1646, 39.3075], [-77.1623, 39.3079], [-77.1447, 39.2947], [-77.161, 39.2898], [-77.165, 39.3], [-77.1728, 39.2993], [-77.1832, 39.3049], [-77.1975, 39.3018], [-77.1977, 39.3071], [-77.2056, 39.3097], [-77.2198, 39.2867], [-77.222, 39.2882], [-77.2351, 39.2688], [-77.2409, 39.2683], [-77.251, 39.27], [-77.248, 39.2805], [-77.2601, 39.2838], [-77.2615, 39.2877], [-77.2706, 39.296], [-77.2837, 39.3004], [-77.1688, 39.3535]]]}}, {"type": "Feature", "properties": {"fips": "24041960700", "gap_national": -33.1, "gap_stratum": -71.4, "burden": 63.3, "capacity": 94.1, "svi": 0.21, "top_decile_gap": 0.0, "stratum": "rural", "scored": 1}, "geometry": {"type": "Polygon", "coordinates": [[[-76.3035, 38.7645], [-76.2795, 38.7736], [-76.2734, 38.78], [-76.271, 38.7923], [-76.2653, 38.8015], [-76.2659, 38.8079], [-76.2588, 38.8123], [-76.2611, 38.8207], [-76.2674, 38.8252], [-76.2657, 38.8292], [-76.2586, 38.8296], [-76.2558, 38.8345], [-76.2501, 38.8302], [-76.2504, 38.8254], [-76.2449, 38.8192], [-76.2421, 38.8174], [-76.2394, 38.8201], [-76.2294, 38.8214], [-76.2115, 38.8055], [-76.2178, 38.8001], [-76.2145, 38.7949], [-76.218, 38.7898], [-76.2006, 38.7759], [-76.203, 38.7686], [-76.2072, 38.7702], [-76.2094, 38.7671], [-76.2188, 38.7631], [-76.2217, 38.7682], [-76.2257, 38.769], [-76.2291, 38.7634], [-76.2361, 38.7634], [-76.2426, 38.7598], [-76.2443, 38.7495], [-76.2548, 38.7492], [-76.2573, 38.7426], [-76.2551, 38.7365], [-76.2703, 38.7244], [-76.2719, 38.7102], [-76.2824, 38.7162], [-76.2842, 38.7207], [-76.2888, 38.7198], [-76.2887, 38.722], [-76.2922, 38.7228], [-76.2938, 38.7173], [-76.2992, 38.7193], [-76.296, 38.7242], [-76.2994, 38.7269], [-76.2944, 38.7334], [-76.2966, 38.7369], [-76.2966, 38.7459], [-76.2987, 38.7497], [-76.3106, 38.7494], [-76.3111, 38.7539], [-76.3035, 38.7645]]]}}, {"type": "Feature", "properties": {"fips": "24043011000", "gap_national": 45.2, "gap_stratum": 52.8, "burden": 50.0, "capacity": 10.8, "svi": null, "top_decile_gap": 0.0, "stratum": "metropolitan", "scored": 1}, "geometry": {"type": "Polygon", "coordinates": [[[-77.7298, 39.5678], [-77.7242, 39.5672], [-77.7234, 39.5695], [-77.709, 39.5687], [-77.7086, 39.5651], [-77.6957, 39.5627], [-77.7016, 39.5615], [-77.6959, 39.5579], [-77.7038, 39.5566], [-77.701, 39.5541], [-77.7032, 39.5485], [-77.7105, 39.5511], [-77.7069, 39.5485], [-77.7163, 39.5502], [-77.7197, 39.5484], [-77.7191, 39.5559], [-77.733, 39.5599], [-77.7298, 39.5678]]]}}, {"type": "Feature", "properties": {"fips": "24021752301", "gap_national": -36.9, "gap_stratum": -36.7, "burden": 17.7, "capacity": 51.2, "svi": 0.29, "top_decile_gap": 0.0, "stratum": "metropolitan", "scored": 1}, "geometry": {"type": "Polygon", "coordinates": [[[-77.4439, 39.3743], [-77.4326, 39.3766], [-77.4254, 39.3731], [-77.4221, 39.3779], [-77.4224, 39.3749], [-77.4146, 39.371], [-77.418, 39.369], [-77.4167, 39.3646], [-77.4259, 39.3487], [-77.4353, 39.3603], [-77.4328, 39.3632], [-77.4349, 39.3646], [-77.4434, 39.3608], [-77.4507, 39.3663], [-77.4439, 39.3743]]]}}, {"type": "Feature", "properties": {"fips": "24003751500", "gap_national": 28.2, "gap_stratum": 34.3, "burden": 55.8, "capacity": 35.1, "svi": 0.92, "top_decile_gap": 0.0, "stratum": "metropolitan", "scored": 1}, "geometry": {"type": "Polygon", "coordinates": [[[-76.8327, 39.0759], [-76.8349, 39.0829], [-76.8271, 39.0898], [-76.8285, 39.095], [-76.8354, 39.0967], [-76.8216, 39.1008], [-76.8024, 39.0966], [-76.7781, 39.1143], [-76.7644, 39.0947], [-76.7713, 39.0914], [-76.7721, 39.0849], [-76.781, 39.0866], [-76.7964, 39.0799], [-76.8102, 39.0881], [-76.8314, 39.069], [-76.8356, 39.0679], [-76.8381, 39.0736], [-76.8327, 39.0759]]]}}, {"type": "Feature", "properties": {"fips": "24031701005", "gap_national": -67.5, "gap_stratum": -64.3, "burden": 19.1, "capacity": 73.4, "svi": 0.31, "top_decile_gap": 0.0, "stratum": "metropolitan", "scored": 1}, "geometry": {"type": "Polygon", "coordinates": [[[-77.1625, 39.0874], [-77.1562, 39.089], [-77.1566, 39.085], [-77.1528, 39.0805], [-77.1645, 39.0742], [-77.1708, 39.0809], [-77.1735, 39.0896], [-77.1625, 39.0874]]]}}, {"type": "Feature", "properties": {"fips": "24510250402", "gap_national": 80.4, "gap_stratum": 81.5, "burden": 87.0, "capacity": 17.4, "svi": 0.91, "top_decile_gap": 1.0, "stratum": "metropolitan", "scored": 1}, "geometry": {"type": "Polygon", "coordinates": [[[-76.6042, 39.2326], [-76.6024, 39.2363], [-76.5958, 39.2343], [-76.6007, 39.2237], [-76.6082, 39.2311], [-76.6042, 39.2326]]]}}, {"type": "Feature", "properties": {"fips": "24510200600", "gap_national": 41.3, "gap_stratum": 41.1, "burden": 86.7, "capacity": 51.0, "svi": 0.8, "top_decile_gap": 0.0, "stratum": "metropolitan", "scored": 1}, "geometry": {"type": "Polygon", "coordinates": [[[-76.6697, 39.2943], [-76.6594, 39.2862], [-76.6602, 39.2807], [-76.6576, 39.276], [-76.6594, 39.2747], [-76.6716, 39.2759], [-76.6728, 39.2942], [-76.6697, 39.2943]]]}}, {"type": "Feature", "properties": {"fips": "24510170200", "gap_national": 48.4, "gap_stratum": 46.0, "burden": 99.1, "capacity": 52.2, "svi": 0.91, "top_decile_gap": 0.0, "stratum": "metropolitan", "scored": 1}, "geometry": {"type": "Polygon", "coordinates": [[[-76.6269, 39.3048], [-76.6207, 39.3044], [-76.6203, 39.3018], [-76.6262, 39.2967], [-76.6306, 39.302], [-76.6269, 39.3048]]]}}, {"type": "Feature", "properties": {"fips": "24510272006", "gap_national": 16.1, "gap_stratum": 17.0, "burden": 92.9, "capacity": 71.5, "svi": 0.91, "top_decile_gap": 0.0, "stratum": "metropolitan", "scored": 1}, "geometry": {"type": "Polygon", "coordinates": [[[-76.6998, 39.3624], [-76.6881, 39.3558], [-76.6954, 39.3513], [-76.7024, 39.3562], [-76.7008, 39.3579], [-76.7032, 39.3597], [-76.6998, 39.3624]]]}}, {"type": "Feature", "properties": {"fips": "24510160300", "gap_national": 28.2, "gap_stratum": 27.6, "burden": 98.4, "capacity": 65.3, "svi": 0.99, "top_decile_gap": 0.0, "stratum": "metropolitan", "scored": 1}, "geometry": {"type": "Polygon", "coordinates": [[[-76.6432, 39.3032], [-76.6427, 39.294], [-76.6455, 39.2939], [-76.6461, 39.3031], [-76.6432, 39.3032]]]}}, {"type": "Feature", "properties": {"fips": "24027603001", "gap_national": -67.0, "gap_stratum": -60.9, "burden": 34.2, "capacity": 94.5, "svi": 0.2, "top_decile_gap": 0.0, "stratum": "metropolitan", "scored": 1}, "geometry": {"type": "Polygon", "coordinates": [[[-76.9278, 39.3213], [-76.9239, 39.3266], [-76.9279, 39.3329], [-76.914, 39.3509], [-76.908, 39.3494], [-76.9089, 39.3527], [-76.9058, 39.3541], [-76.8979, 39.3516], [-76.889, 39.3538], [-76.8865, 39.3506], [-76.884, 39.3521], [-76.8753, 39.3401], [-76.8756, 39.3373], [-76.8781, 39.3367], [-76.8753, 39.3326], [-76.8666, 39.3317], [-76.8563, 39.324], [-76.8638, 39.3176], [-76.8625, 39.3112], [-76.8807, 39.305], [-76.889, 39.3059], [-76.9104, 39.3026], [-76.9305, 39.3066], [-76.9278, 39.3213]]]}}, {"type": "Feature", "properties": {"fips": "24025301205", "gap_national": -26.3, "gap_stratum": -23.7, "burden": 28.4, "capacity": 52.3, "svi": 0.1, "top_decile_gap": 0.0, "stratum": "metropolitan", "scored": 1}, "geometry": {"type": "Polygon", "coordinates": [[[-76.3101, 39.4778], [-76.3089, 39.4721], [-76.312, 39.4651], [-76.3196, 39.4658], [-76.3273, 39.4783], [-76.3101, 39.4778]]]}}, {"type": "Feature", "properties": {"fips": "24003702702", "gap_national": -54.4, "gap_stratum": -46.6, "burden": 45.7, "capacity": 97.0, "svi": 0.08, "top_decile_gap": 0.0, "stratum": "metropolitan", "scored": 1}, "geometry": {"type": "Polygon", "coordinates": [[[-76.5684, 39.0313], [-76.5706, 39.0334], [-76.5692, 39.0352], [-76.5453, 39.0405], [-76.5115, 39.011], [-76.5297, 38.9998], [-76.5281, 38.9962], [-76.5496, 38.9911], [-76.5594, 39.0064], [-76.5718, 39.0153], [-76.5735, 39.0239], [-76.5684, 39.0313]]]}}, {"type": "Feature", "properties": {"fips": "24003750300", "gap_national": -23.3, "gap_stratum": -19.9, "burden": 32.3, "capacity": 53.2, "svi": 0.28, "top_decile_gap": 0.0, "stratum": "metropolitan", "scored": 1}, "geometry": {"type": "Polygon", "coordinates": [[[-76.6472, 39.229], [-76.6414, 39.2256], [-76.6447, 39.2169], [-76.6417, 39.2063], [-76.6567, 39.2167], [-76.6645, 39.2306], [-76.6472, 39.229]]]}}, {"type": "Feature", "properties": {"fips": "24021751600", "gap_national": -20.6, "gap_stratum": -12.7, "burden": 53.5, "capacity": 67.8, "svi": 0.03, "top_decile_gap": 0.0, "stratum": "metropolitan", "scored": 1}, "geometry": {"type": "Polygon", "coordinates": [[[-77.298, 39.5513], [-77.2984, 39.5612], [-77.2956, 39.5644], [-77.2661, 39.5761], [-77.2425, 39.5912], [-77.2388, 39.589], [-77.238, 39.5844], [-77.2307, 39.589], [-77.2278, 39.587], [-77.2323, 39.5844], [-77.22, 39.5819], [-77.2194, 39.5794], [-77.2229, 39.5773], [-77.2207, 39.5756], [-77.2159, 39.5744], [-77.2111, 39.5789], [-77.2004, 39.5787], [-77.187, 39.5667], [-77.1871, 39.5629], [-77.1826, 39.5593], [-77.1751, 39.5599], [-77.1694, 39.5541], [-77.1718, 39.5466], [-77.169, 39.5423], [-77.1715, 39.5392], [-77.1702, 39.5342], [-77.1523, 39.5325], [-77.1499, 39.5219], [-77.1385, 39.5205], [-77.1336, 39.5086], [-77.1298, 39.5096], [-77.1153, 39.4994], [-77.1293, 39.4936], [-77.1526, 39.491], [-77.1912, 39.4945], [-77.2034, 39.5034], [-77.21, 39.5122], [-77.235, 39.5157], [-77.2581, 39.5152], [-77.2732, 39.5262], [-77.3034, 39.5379], [-77.298, 39.5513]]]}}, {"type": "Feature", "properties": {"fips": "24005404501", "gap_national": -3.9, "gap_stratum": 1.9, "burden": 49.0, "capacity": 53.2, "svi": 0.62, "top_decile_gap": 0.0, "stratum": "metropolitan", "scored": 1}, "geometry": {"type": "Polygon", "coordinates": [[[-76.8134, 39.4633], [-76.8133, 39.4651], [-76.8084, 39.4663], [-76.7976, 39.4524], [-76.8108, 39.4496], [-76.8139, 39.4468], [-76.8265, 39.4571], [-76.8272, 39.4626], [-76.8134, 39.4633]]]}}, {"type": "Feature", "properties": {"fips": "24005411201", "gap_national": -55.8, "gap_stratum": -48.5, "burden": 39.2, "capacity": 84.8, "svi": 0.09, "top_decile_gap": 0.0, "stratum": "metropolitan", "scored": 1}, "geometry": {"type": "Polygon", "coordinates": [[[-76.5027, 39.5078], [-76.5089, 39.5113], [-76.4946, 39.5266], [-76.4787, 39.5186], [-76.4777, 39.5146], [-76.4729, 39.5171], [-76.4633, 39.5125], [-76.4593, 39.5072], [-76.448, 39.5085], [-76.437, 39.502], [-76.4322, 39.5066], [-76.4279, 39.5017], [-76.4337, 39.4919], [-76.4331, 39.4883], [-76.4292, 39.4883], [-76.4209, 39.4784], [-76.4263, 39.4794], [-76.4317, 39.4771], [-76.4417, 39.4681], [-76.4565, 39.4606], [-76.4609, 39.4638], [-76.4672, 39.4634], [-76.48, 39.4735], [-76.4903, 39.4699], [-76.511, 39.4718], [-76.5203, 39.4836], [-76.5259, 39.4956], [-76.5027, 39.5078]]]}}, {"type": "Feature", "properties": {"fips": "24005492200", "gap_national": -31.2, "gap_stratum": -25.1, "burden": 38.8, "capacity": 63.5, "svi": 0.21, "top_decile_gap": 0.0, "stratum": "metropolitan", "scored": 1}, "geometry": {"type": "Polygon", "coordinates": [[[-76.5261, 39.4058], [-76.5228, 39.4129], [-76.5218, 39.416], [-76.527, 39.4192], [-76.5276, 39.4242], [-76.5215, 39.419], [-76.5178, 39.4213], [-76.5095, 39.4157], [-76.5233, 39.3948], [-76.5365, 39.3984], [-76.5261, 39.4058]]]}}, {"type": "Feature", "properties": {"fips": "24005401102", "gap_national": -4.7, "gap_stratum": 2.0, "burden": 68.8, "capacity": 69.4, "svi": 0.8, "top_decile_gap": 0.0, "stratum": "metropolitan", "scored": 1}, "geometry": {"type": "Polygon", "coordinates": [[[-76.7254, 39.3153], [-76.7244, 39.3128], [-76.7183, 39.313], [-76.7118, 39.3044], [-76.7167, 39.3023], [-76.7349, 39.3063], [-76.744, 39.306], [-76.7448, 39.3219], [-76.7254, 39.3153]]]}}, {"type": "Feature", "properties": {"fips": "24005491600", "gap_national": 41.7, "gap_stratum": 44.0, "burden": 76.9, "capacity": 43.8, "svi": 0.62, "top_decile_gap": 0.0, "stratum": "metropolitan", "scored": 1}, "geometry": {"type": "Polygon", "coordinates": [[[-76.5584, 39.4019], [-76.5533, 39.3996], [-76.5584, 39.3885], [-76.5654, 39.3916], [-76.563, 39.3959], [-76.5661, 39.4014], [-76.5584, 39.4019]]]}}, {"type": "Feature", "properties": {"fips": "24033802405", "gap_national": 0.2, "gap_stratum": 6.6, "burden": 65.6, "capacity": 63.3, "svi": 0.75, "top_decile_gap": 0.0, "stratum": "metropolitan", "scored": 1}, "geometry": {"type": "Polygon", "coordinates": [[[-76.9469, 38.8605], [-76.9329, 38.865], [-76.9249, 38.8647], [-76.9189, 38.8602], [-76.9319, 38.8562], [-76.9312, 38.8518], [-76.9248, 38.8488], [-76.9322, 38.8429], [-76.9565, 38.8532], [-76.9469, 38.8605]]]}}, {"type": "Feature", "properties": {"fips": "24033802700", "gap_national": 35.9, "gap_stratum": 38.5, "burden": 75.9, "capacity": 47.3, "svi": 0.73, "top_decile_gap": 0.0, "stratum": "metropolitan", "scored": 1}, "geometry": {"type": "Polygon", "coordinates": [[[-76.9128, 38.8902], [-76.9002, 38.8869], [-76.9099, 38.8852], [-76.9174, 38.8754], [-76.924, 38.8815], [-76.9128, 38.8902]]]}}, {"type": "Feature", "properties": {"fips": "24033807301", "gap_national": -4.2, "gap_stratum": -2.8, "burden": 19.4, "capacity": 26.2, "svi": 0.75, "top_decile_gap": 0.0, "stratum": "metropolitan", "scored": 1}, "geometry": {"type": "Polygon", "coordinates": [[[-76.9534, 39.0109], [-76.9499, 39.0221], [-76.9397, 39.0225], [-76.9266, 39.0184], [-76.9278, 39.0143], [-76.9358, 39.0161], [-76.9326, 38.9987], [-76.941, 39.0003], [-76.9376, 39.0014], [-76.9369, 39.0046], [-76.9429, 39.0039], [-76.9451, 39.0009], [-76.9533, 39.0028], [-76.9501, 39.0067], [-76.9584, 39.0044], [-76.9534, 39.0109]]]}}, {"type": "Feature", "properties": {"fips": "24033804001", "gap_national": 41.5, "gap_stratum": 46.2, "burden": 68.0, "capacity": 36.0, "svi": 0.96, "top_decile_gap": 0.0, "stratum": "metropolitan", "scored": 1}, "geometry": {"type": "Polygon", "coordinates": [[[-76.9153, 38.9503], [-76.9162, 38.9532], [-76.9094, 38.9531], [-76.9102, 38.9444], [-76.9144, 38.9392], [-76.9182, 38.9393], [-76.9163, 38.9467], [-76.9186, 38.9475], [-76.9153, 38.9503]]]}}, {"type": "Feature", "properties": {"fips": "24033804700", "gap_national": -7.1, "gap_stratum": -3.5, "burden": 34.3, "capacity": 43.4, "svi": 0.55, "top_decile_gap": 0.0, "stratum": "metropolitan", "scored": 1}, "geometry": {"type": "Polygon", "coordinates": [[[-76.9681, 38.9456], [-76.9623, 38.9485], [-76.961, 38.941], [-76.9574, 38.941], [-76.9555, 38.9351], [-76.9588, 38.9316], [-76.9682, 38.9389], [-76.9681, 38.9456]]]}}, {"type": "Feature", "properties": {"fips": "24037876004", "gap_national": -12.1, "gap_stratum": -9.3, "burden": 30.1, "capacity": 43.6, "svi": 0.26, "top_decile_gap": 0.0, "stratum": "metropolitan", "scored": 1}, "geometry": {"type": "Polygon", "coordinates": [[[-76.5234, 38.2933], [-76.5256, 38.2976], [-76.5199, 38.3038], [-76.4779, 38.2867], [-76.4846, 38.2793], [-76.5085, 38.2725], [-76.5144, 38.2748], [-76.518, 38.2831], [-76.5234, 38.2856], [-76.5261, 38.2903], [-76.5234, 38.2933]]]}}, {"type": "Feature", "properties": {"fips": "24009860300", "gap_national": -37.4, "gap_stratum": -28.9, "burden": 48.1, "capacity": 76.1, "svi": 0.09, "top_decile_gap": 0.0, "stratum": "metropolitan", "scored": 1}, "geometry": {"type": "Polygon", "coordinates": [[[-76.6046, 38.7211], [-76.5833, 38.7213], [-76.5757, 38.7036], [-76.5669, 38.6503], [-76.5599, 38.6471], [-76.5368, 38.6552], [-76.5267, 38.6546], [-76.5242, 38.6452], [-76.529, 38.6443], [-76.5286, 38.6358], [-76.5346, 38.6275], [-76.5404, 38.6268], [-76.5431, 38.624], [-76.5642, 38.6283], [-76.5711, 38.6248], [-76.5859, 38.6287], [-76.5961, 38.6269], [-76.605, 38.6302], [-76.6071, 38.6604], [-76.5975, 38.672], [-76.5958, 38.6776], [-76.6063, 38.6962], [-76.608, 38.7111], [-76.6046, 38.7211]]]}}, {"type": "Feature", "properties": {"fips": "24021752205", "gap_national": -69.2, "gap_stratum": -67.3, "burden": 14.0, "capacity": 70.5, "svi": 0.02, "top_decile_gap": 0.0, "stratum": "metropolitan", "scored": 1}, "geometry": {"type": "Polygon", "coordinates": [[[-77.3514, 39.3584], [-77.349, 39.3641], [-77.3362, 39.3667], [-77.3233, 39.3606], [-77.3213, 39.343], [-77.3179, 39.3399], [-77.3178, 39.3363], [-77.3213, 39.3318], [-77.3226, 39.3246], [-77.3305, 39.3147], [-77.3444, 39.3274], [-77.334, 39.3336], [-77.3358, 39.3393], [-77.3408, 39.3431], [-77.3501, 39.3425], [-77.3502, 39.3509], [-77.3522, 39.3545], [-77.3573, 39.3555], [-77.3514, 39.3584]]]}}, {"type": "Feature", "properties": {"fips": "24003706404", "gap_national": 24.1, "gap_stratum": 29.8, "burden": 38.2, "capacity": 19.3, "svi": 0.75, "top_decile_gap": 0.0, "stratum": "metropolitan", "scored": 1}, "geometry": {"type": "Polygon", "coordinates": [[[-76.4964, 38.9609], [-76.4911, 38.9598], [-76.4938, 38.9528], [-76.4926, 38.9501], [-76.5057, 38.9556], [-76.4964, 38.9609]]]}}, {"type": "Feature", "properties": {"fips": "24011955500", "gap_national": -17.7, "gap_stratum": -46.6, "burden": 61.3, "capacity": 72.5, "svi": 0.43, "top_decile_gap": 0.0, "stratum": "micropolitan", "scored": 1}, "geometry": {"type": "Polygon", "coordinates": [[[-76.009, 38.7365], [-75.9997, 38.7348], [-75.9954, 38.7367], [-75.9946, 38.7419], [-75.9993, 38.7521], [-75.9971, 38.7572], [-75.9764, 38.7655], [-75.9686, 38.7728], [-75.9671, 38.7793], [-75.9495, 38.7784], [-75.9373, 38.7872], [-75.9325, 38.7961], [-75.91, 38.8064], [-75.897, 38.7843], [-75.8873, 38.7817], [-75.8844, 38.7838], [-75.8818, 38.7818], [-75.8777, 38.7485], [-75.8523, 38.7322], [-75.8496, 38.7265], [-75.8581, 38.7199], [-75.8572, 38.7048], [-75.8682, 38.6951], [-75.8846, 38.6942], [-75.8971, 38.7013], [-75.9049, 38.6876], [-75.9109, 38.6867], [-75.913, 38.6891], [-75.9145, 38.6839], [-75.9174, 38.6839], [-75.9176, 38.6801], [-75.9227, 38.682], [-75.9224, 38.6785], [-75.9267, 38.68], [-75.9298, 38.676], [-75.9337, 38.6808], [-75.9369, 38.6801], [-75.9378, 38.6765], [-75.9452, 38.6741], [-75.9704, 38.6831], [-75.9768, 38.6978], [-75.993, 38.6967], [-75.9942, 38.7092], [-76.015, 38.7287], [-76.009, 38.7365]]]}}, {"type": "Feature", "properties": {"fips": "24005440702", "gap_national": -33.0, "gap_stratum": -27.4, "burden": 36.8, "capacity": 63.2, "svi": 0.37, "top_decile_gap": 0.0, "stratum": "metropolitan", "scored": 1}, "geometry": {"type": "Polygon", "coordinates": [[[-76.4542, 39.3745], [-76.446, 39.3707], [-76.454, 39.3606], [-76.4625, 39.3543], [-76.48, 39.3599], [-76.4542, 39.3745]]]}}, {"type": "Feature", "properties": {"fips": "24031700726", "gap_national": -12.6, "gap_stratum": -11.9, "burden": 18.0, "capacity": 32.6, "svi": 0.64, "top_decile_gap": 0.0, "stratum": "metropolitan", "scored": 1}, "geometry": {"type": "Polygon", "coordinates": [[[-77.192, 39.1573], [-77.1789, 39.1445], [-77.1803, 39.1384], [-77.1836, 39.1399], [-77.1827, 39.1431], [-77.1856, 39.1476], [-77.1924, 39.1525], [-77.192, 39.1573]]]}}, {"type": "Feature", "properties": {"fips": "24017850901", "gap_national": 19.3, "gap_stratum": 22.8, "burden": 75.9, "capacity": 58.4, "svi": 0.77, "top_decile_gap": 0.0, "stratum": "metropolitan", "scored": 1}, "geometry": {"type": "Polygon", "coordinates": [[[-76.9108, 38.6264], [-76.898, 38.6192], [-76.8818, 38.6145], [-76.8911, 38.6062], [-76.9074, 38.6011], [-76.9259, 38.6116], [-76.9108, 38.6264]]]}}, {"type": "Feature", "properties": {"fips": "24510080700", "gap_national": 36.3, "gap_stratum": 35.7, "burden": 89.8, "capacity": 56.1, "svi": 0.81, "top_decile_gap": 0.0, "stratum": "metropolitan", "scored": 1}, "geometry": {"type": "Polygon", "coordinates": [[[-76.5885, 39.3088], [-76.5883, 39.3056], [-76.5981, 39.3052], [-76.5983, 39.3084], [-76.5885, 39.3088]]]}}, {"type": "Feature", "properties": {"fips": "24005430300", "gap_national": 49.1, "gap_stratum": 55.6, "burden": 61.6, "capacity": 21.6, "svi": 0.72, "top_decile_gap": 0.0, "stratum": "metropolitan", "scored": 1}, "geometry": {"type": "Polygon", "coordinates": [[[-76.6659, 39.2428], [-76.6478, 39.2451], [-76.6505, 39.2295], [-76.6656, 39.2302], [-76.6687, 39.2392], [-76.6659, 39.2428]]]}}, {"type": "Feature", "properties": {"fips": "24021753002", "gap_national": 14.3, "gap_stratum": 19.4, "burden": 66.5, "capacity": 54.7, "svi": 0.34, "top_decile_gap": 0.0, "stratum": "metropolitan", "scored": 1}, "geometry": {"type": "Polygon", "coordinates": [[[-77.3996, 39.6516], [-77.3966, 39.6478], [-77.3861, 39.6495], [-77.3938, 39.6408], [-77.3793, 39.6386], [-77.3704, 39.6306], [-77.3652, 39.6302], [-77.3666, 39.625], [-77.3649, 39.6233], [-77.3817, 39.6145], [-77.3962, 39.6154], [-77.4116, 39.6237], [-77.4106, 39.6362], [-77.4142, 39.6435], [-77.3996, 39.6516]]]}}, {"type": "Feature", "properties": {"fips": "24025301602", "gap_national": -25.4, "gap_stratum": -17.5, "burden": 50.0, "capacity": 68.4, "svi": 0.38, "top_decile_gap": 0.0, "stratum": "metropolitan", "scored": 1}, "geometry": {"type": "Polygon", "coordinates": [[[-76.288, 39.4314], [-76.2852, 39.4345], [-76.2808, 39.4341], [-76.2764, 39.4391], [-76.2775, 39.4458], [-76.2726, 39.4474], [-76.2634, 39.444], [-76.2525, 39.4464], [-76.2536, 39.4426], [-76.2475, 39.4352], [-76.2921, 39.4162], [-76.2952, 39.4233], [-76.3058, 39.4331], [-76.288, 39.4314]]]}}, {"type": "Feature", "properties": {"fips": "24033803526", "gap_national": -27.7, "gap_stratum": -19.4, "burden": 61.1, "capacity": 81.6, "svi": 0.36, "top_decile_gap": 0.0, "stratum": "metropolitan", "scored": 1}, "geometry": {"type": "Polygon", "coordinates": [[[-76.8131, 38.8898], [-76.8076, 38.8978], [-76.794, 38.8999], [-76.8049, 38.8931], [-76.8028, 38.8909], [-76.8034, 38.8833], [-76.7983, 38.879], [-76.7987, 38.8753], [-76.8081, 38.8773], [-76.8196, 38.8879], [-76.8131, 38.8898]]]}}, {"type": "Feature", "properties": {"fips": "24510060200", "gap_national": 1.4, "gap_stratum": 4.7, "burden": 30.2, "capacity": 32.6, "svi": 0.69, "top_decile_gap": 0.0, "stratum": "metropolitan", "scored": 1}, "geometry": {"type": "Polygon", "coordinates": [[[-76.578, 39.2969], [-76.5776, 39.2922], [-76.5833, 39.292], [-76.5836, 39.2967], [-76.578, 39.2969]]]}}, {"type": "Feature", "properties": {"fips": "24005421101", "gap_national": 22.8, "gap_stratum": 27.9, "burden": 62.5, "capacity": 45.7, "svi": 0.68, "top_decile_gap": 0.0, "stratum": "metropolitan", "scored": 1}, "geometry": {"type": "Polygon", "coordinates": [[[-76.5097, 39.2602], [-76.5124, 39.2565], [-76.5097, 39.252], [-76.5211, 39.2515], [-76.5233, 39.2563], [-76.5097, 39.2602]]]}}, {"type": "Feature", "properties": {"fips": "24031702501", "gap_national": -46.0, "gap_stratum": -48.2, "burden": 3.6, "capacity": 49.5, "svi": 0.34, "top_decile_gap": 0.0, "stratum": "metropolitan", "scored": 1}, "geometry": {"type": "Polygon", "coordinates": [[[-77.0282, 38.996], [-77.027, 38.9946], [-77.0267, 38.9844], [-77.0312, 38.9878], [-77.0289, 38.9899], [-77.0317, 38.9939], [-77.0282, 38.996]]]}}, {"type": "Feature", "properties": {"fips": "24013505205", "gap_national": -42.1, "gap_stratum": -40.4, "burden": 21.7, "capacity": 57.7, "svi": 0.06, "top_decile_gap": 0.0, "stratum": "metropolitan", "scored": 1}, "geometry": {"type": "Polygon", "coordinates": [[[-76.943, 39.3888], [-76.9318, 39.3931], [-76.9324, 39.399], [-76.9266, 39.3975], [-76.9299, 39.3909], [-76.9199, 39.3833], [-76.9312, 39.3746], [-76.9398, 39.3826], [-76.9443, 39.3809], [-76.943, 39.3888]]]}}, {"type": "Feature", "properties": {"fips": "24009861003", "gap_national": -20.8, "gap_stratum": -13.7, "burden": 47.9, "capacity": 63.6, "svi": 0.14, "top_decile_gap": 0.0, "stratum": "metropolitan", "scored": 1}, "geometry": {"type": "Polygon", "coordinates": [[[-76.4482, 38.3341], [-76.4358, 38.3358], [-76.4264, 38.3451], [-76.4282, 38.3493], [-76.4269, 38.3544], [-76.4331, 38.3562], [-76.4353, 38.3659], [-76.4443, 38.3745], [-76.4374, 38.3833], [-76.4363, 38.3887], [-76.4314, 38.3886], [-76.4307, 38.3838], [-76.4236, 38.3809], [-76.4243, 38.369], [-76.4293, 38.3679], [-76.4243, 38.3676], [-76.4237, 38.3641], [-76.4256, 38.3639], [-76.4226, 38.3578], [-76.4202, 38.358], [-76.4183, 38.3537], [-76.4136, 38.3544], [-76.4126, 38.3483], [-76.4015, 38.3449], [-76.4214, 38.3189], [-76.4329, 38.3245], [-76.4514, 38.3232], [-76.4517, 38.3216], [-76.4525, 38.3238], [-76.4482, 38.3341]]]}}, {"type": "Feature", "properties": {"fips": "24031700210", "gap_national": -55.9, "gap_stratum": -57.1, "burden": 6.4, "capacity": 57.3, "svi": 0.31, "top_decile_gap": 0.0, "stratum": "metropolitan", "scored": 1}, "geometry": {"type": "Polygon", "coordinates": [[[-77.2583, 39.2258], [-77.2486, 39.2364], [-77.2348, 39.2431], [-77.2376, 39.2343], [-77.2392, 39.2116], [-77.2426, 39.2062], [-77.2462, 39.2047], [-77.2493, 39.2139], [-77.2596, 39.2216], [-77.2583, 39.2258]]]}}, {"type": "Feature", "properties": {"fips": "24033800106", "gap_national": -16.2, "gap_stratum": -10.2, "burden": 45.0, "capacity": 58.3, "svi": 0.37, "top_decile_gap": 0.0, "stratum": "metropolitan", "scored": 1}, "geometry": {"type": "Polygon", "coordinates": [[[-76.89, 39.0999], [-76.8717, 39.1029], [-76.8757, 39.0943], [-76.8572, 39.0918], [-76.8938, 39.0897], [-76.89, 39.0999]]]}}, {"type": "Feature", "properties": {"fips": "24003707002", "gap_national": -48.3, "gap_stratum": -40.9, "burden": 38.4, "capacity": 76.0, "svi": 0.08, "top_decile_gap": 0.0, "stratum": "metropolitan", "scored": 1}, "geometry": {"type": "Polygon", "coordinates": [[[-76.5608, 38.7792], [-76.5595, 38.7843], [-76.5616, 38.7933], [-76.5549, 38.7936], [-76.5564, 38.8076], [-76.5522, 38.8145], [-76.539, 38.8151], [-76.5393, 38.8087], [-76.532, 38.8086], [-76.5275, 38.805], [-76.5109, 38.8081], [-76.5083, 38.8051], [-76.5101, 38.8012], [-76.5247, 38.795], [-76.5275, 38.7918], [-76.527, 38.787], [-76.5394, 38.7747], [-76.5573, 38.7689], [-76.5619, 38.7712], [-76.5633, 38.778], [-76.5608, 38.7792]]]}}, {"type": "Feature", "properties": {"fips": "24001002000", "gap_national": 22.1, "gap_stratum": 11.6, "burden": 80.6, "capacity": 59.8, "svi": 0.22, "top_decile_gap": 0.0, "stratum": "micropolitan", "scored": 1}, "geometry": {"type": "Polygon", "coordinates": [[[-78.9399, 39.5443], [-78.934, 39.5472], [-78.8971, 39.5822], [-78.8774, 39.6115], [-78.8645, 39.6048], [-78.8621, 39.5992], [-78.8546, 39.5978], [-78.8491, 39.5976], [-78.8452, 39.6005], [-78.8291, 39.5955], [-78.8122, 39.6004], [-78.8189, 39.5904], [-78.826, 39.5888], [-78.8264, 39.5773], [-78.8201, 39.5763], [-78.8135, 39.5677], [-78.8168, 39.5617], [-78.8214, 39.5606], [-78.8386, 39.5673], [-78.8512, 39.5599], [-78.851, 39.554], [-78.8544, 39.5483], [-78.8614, 39.541], [-78.8707, 39.5388], [-78.8694, 39.5318], [-78.8747, 39.5226], [-78.8791, 39.5212], [-78.8904, 39.525], [-78.8933, 39.5238], [-78.8912, 39.5189], [-78.8929, 39.5128], [-78.9055, 39.5115], [-78.9039, 39.5047], [-78.9087, 39.4967], [-78.9138, 39.4938], [-78.9165, 39.4865], [-78.9336, 39.4862], [-78.9402, 39.4826], [-78.9418, 39.4874], [-78.9331, 39.5018], [-78.9277, 39.5059], [-78.9519, 39.5199], [-78.9624, 39.5094], [-78.963, 39.5144], [-78.9399, 39.5443]]]}}, {"type": "Feature", "properties": {"fips": "24025302901", "gap_national": 74.9, "gap_stratum": 76.2, "burden": 85.4, "capacity": 21.8, "svi": 0.98, "top_decile_gap": 1.0, "stratum": "metropolitan", "scored": 1}, "geometry": {"type": "Polygon", "coordinates": [[[-76.1407, 39.525], [-76.1424, 39.5228], [-76.1383, 39.517], [-76.1463, 39.5138], [-76.14, 39.5093], [-76.1305, 39.5127], [-76.1307, 39.5081], [-76.1313, 39.5067], [-76.1328, 39.5088], [-76.1325, 39.5042], [-76.1346, 39.5024], [-76.1324, 39.4994], [-76.146, 39.5018], [-76.1498, 39.5005], [-76.1693, 39.5113], [-76.1407, 39.525]]]}}, {"type": "Feature", "properties": {"fips": "24021751301", "gap_national": -37.9, "gap_stratum": -29.6, "burden": 57.1, "capacity": 89.1, "svi": 0.48, "top_decile_gap": 0.0, "stratum": "metropolitan", "scored": 1}, "geometry": {"type": "Polygon", "coordinates": [[[-77.4908, 39.5422], [-77.4799, 39.5439], [-77.4709, 39.5285], [-77.4592, 39.5256], [-77.4551, 39.5201], [-77.451, 39.5196], [-77.4473, 39.5128], [-77.448, 39.5098], [-77.4427, 39.5044], [-77.4394, 39.4953], [-77.4359, 39.493], [-77.4238, 39.4897], [-77.4161, 39.4949], [-77.4066, 39.4855], [-77.3977, 39.4864], [-77.3982, 39.4898], [-77.3924, 39.488], [-77.3904, 39.4918], [-77.3872, 39.4813], [-77.3905, 39.4737], [-77.3965, 39.4695], [-77.3926, 39.4654], [-77.3938, 39.4632], [-77.4018, 39.4643], [-77.4124, 39.4713], [-77.4195, 39.4672], [-77.4255, 39.4698], [-77.4383, 39.4692], [-77.4395, 39.4662], [-77.4519, 39.4652], [-77.461, 39.4594], [-77.4647, 39.4599], [-77.4752, 39.4685], [-77.4812, 39.4699], [-77.4957, 39.4669], [-77.4925, 39.478], [-77.4989, 39.4844], [-77.5008, 39.4925], [-77.4987, 39.4998], [-77.501, 39.5063], [-77.5, 39.5151], [-77.4965, 39.5214], [-77.4998, 39.5488], [-77.4908, 39.5422]]]}}, {"type": "Feature", "properties": {"fips": "24003730800", "gap_national": -70.9, "gap_stratum": -65.6, "burden": 29.1, "capacity": 89.9, "svi": 0.04, "top_decile_gap": 0.0, "stratum": "metropolitan", "scored": 1}, "geometry": {"type": "Polygon", "coordinates": [[[-76.5305, 39.0505], [-76.5331, 39.0532], [-76.5279, 39.0578], [-76.4909, 39.0142], [-76.4989, 39.0113], [-76.5037, 39.0064], [-76.5159, 39.0136], [-76.5453, 39.0405], [-76.5305, 39.0505]]]}}, {"type": "Feature", "properties": {"fips": "24005491300", "gap_national": -23.2, "gap_stratum": -18.9, "burden": 35.4, "capacity": 55.5, "svi": 0.45, "top_decile_gap": 0.0, "stratum": "metropolitan", "scored": 1}, "geometry": {"type": "Polygon", "coordinates": [[[-76.5908, 39.3865], [-76.5889, 39.3946], [-76.5767, 39.3852], [-76.5822, 39.3721], [-76.595, 39.3853], [-76.5908, 39.3865]]]}}, {"type": "Feature", "properties": {"fips": "24027601105", "gap_national": -66.4, "gap_stratum": -65.2, "burden": 12.1, "capacity": 67.1, "svi": 0.09, "top_decile_gap": 0.0, "stratum": "metropolitan", "scored": 1}, "geometry": {"type": "Polygon", "coordinates": [[[-76.7996, 39.2304], [-76.7978, 39.2364], [-76.7912, 39.2297], [-76.7853, 39.2148], [-76.7891, 39.215], [-76.7967, 39.2073], [-76.8066, 39.2176], [-76.8075, 39.2226], [-76.7996, 39.2304]]]}}, {"type": "Feature", "properties": {"fips": "24047950100", "gap_national": -25.7, "gap_stratum": -47.4, "burden": 69.1, "capacity": 93.0, "svi": 0.55, "top_decile_gap": 0.0, "stratum": "micropolitan", "scored": 1}, "geometry": {"type": "Polygon", "coordinates": [[[-75.0878, 38.3964], [-75.0927, 38.399], [-75.0852, 38.4219], [-75.0695, 38.4203], [-75.0704, 38.4153], [-75.0582, 38.4126], [-75.0562, 38.4234], [-75.0533, 38.4231], [-75.0706, 38.3611], [-75.0995, 38.3683], [-75.1066, 38.3823], [-75.0878, 38.3964]]]}}]}