{"type": "FeatureCollection", "features": [{"type": "Feature", "properties": {"fips": "25001011300", "gap_national": -47.7, "gap_stratum": -39.5, "burden": 51.8, "capacity": 99.4, "svi": 0.13, "top_decile_gap": 0.0, "stratum": "metropolitan", "scored": 1}, "geometry": {"type": "Polygon", "coordinates": [[[-70.2161, 41.743], [-70.1893, 41.752], [-70.1807, 41.7512], [-70.1754, 41.7459], [-70.1743, 41.7406], [-70.1769, 41.7396], [-70.1766, 41.7301], [-70.1685, 41.7203], [-70.186, 41.7128], [-70.1984, 41.7185], [-70.197, 41.7216], [-70.2024, 41.7244], [-70.2133, 41.7233], [-70.2151, 41.7251], [-70.2196, 41.7224], [-70.2205, 41.7257], [-70.2235, 41.725], [-70.2294, 41.7288], [-70.2336, 41.7252], [-70.2408, 41.7275], [-70.2161, 41.743]]]}}, {"type": "Feature", "properties": {"fips": "25001011500", "gap_national": -39.7, "gap_stratum": -31.6, "burden": 57.9, "capacity": 95.0, "svi": 0.26, "top_decile_gap": 0.0, "stratum": "metropolitan", "scored": 1}, "geometry": {"type": "Polygon", "coordinates": [[[-70.1685, 41.7203], [-70.1662, 41.7128], [-70.1539, 41.7125], [-70.1495, 41.7078], [-70.1321, 41.7007], [-70.1277, 41.687], [-70.1302, 41.6866], [-70.1346, 41.678], [-70.148, 41.6675], [-70.1481, 41.68], [-70.1516, 41.6859], [-70.1604, 41.6856], [-70.1613, 41.688], [-70.1676, 41.6894], [-70.1702, 41.6972], [-70.1824, 41.7056], [-70.1788, 41.7091], [-70.1835, 41.7132], [-70.1685, 41.7203]]]}}, {"type": "Feature", "properties": {"fips": "25001012102", "gap_national": -45.4, "gap_stratum": -37.2, "burden": 53.5, "capacity": 96.7, "svi": 0.53, "top_decile_gap": 0.0, "stratum": "metropolitan", "scored": 1}, "geometry": {"type": "Polygon", "coordinates": [[[-70.2701, 41.6603], [-70.2638, 41.6591], [-70.2633, 41.6645], [-70.2562, 41.6607], [-70.2443, 41.6608], [-70.2421, 41.6506], [-70.2233, 41.6491], [-70.2202, 41.6449], [-70.2204, 41.6363], [-70.2459, 41.6285], [-70.2562, 41.6207], [-70.2554, 41.6175], [-70.2596, 41.6109], [-70.2654, 41.6093], [-70.2697, 41.6178], [-70.2708, 41.628], [-70.2675, 41.6297], [-70.2629, 41.6283], [-70.2616, 41.6307], [-70.2742, 41.648], [-70.2701, 41.6603]]]}}, {"type": "Feature", "properties": {"fips": "25009250100", "gap_national": 45.6, "gap_stratum": 50.7, "burden": 67.4, "capacity": 31.8, "svi": 0.98, "top_decile_gap": 0.0, "stratum": "metropolitan", "scored": 1}, "geometry": {"type": "Polygon", "coordinates": [[[-71.1623, 42.7098], [-71.1515, 42.7092], [-71.1459, 42.7055], [-71.1665, 42.7005], [-71.1711, 42.706], [-71.1623, 42.7098]]]}}, {"type": "Feature", "properties": {"fips": "25009250500", "gap_national": 31.6, "gap_stratum": 38.1, "burden": 44.1, "capacity": 18.5, "svi": 0.94, "top_decile_gap": 0.0, "stratum": "metropolitan", "scored": 1}, "geometry": {"type": "Polygon", "coordinates": [[[-71.168, 42.7188], [-71.1639, 42.7142], [-71.1706, 42.7135], [-71.1717, 42.7213], [-71.168, 42.7188]]]}}, {"type": "Feature", "properties": {"fips": "25009250900", "gap_national": 74.2, "gap_stratum": 74.0, "burden": 89.8, "capacity": 26.5, "svi": 0.97, "top_decile_gap": 1.0, "stratum": "metropolitan", "scored": 1}, "geometry": {"type": "Polygon", "coordinates": [[[-71.1543, 42.715], [-71.1515, 42.7092], [-71.1556, 42.7092], [-71.1562, 42.7145], [-71.1543, 42.715]]]}}, {"type": "Feature", "properties": {"fips": "25009266300", "gap_national": -53.6, "gap_stratum": -45.9, "burden": 42.3, "capacity": 86.9, "svi": 0.47, "top_decile_gap": 0.0, "stratum": "metropolitan", "scored": 1}, "geometry": {"type": "Polygon", "coordinates": [[[-70.9274, 42.8593], [-70.9068, 42.8471], [-70.9, 42.8468], [-70.9042, 42.8339], [-70.9118, 42.8345], [-70.9176, 42.8413], [-70.9233, 42.8399], [-70.9315, 42.8322], [-70.933, 42.8328], [-70.93, 42.8361], [-70.9345, 42.8342], [-70.9375, 42.851], [-70.9274, 42.8593]]]}}, {"type": "Feature", "properties": {"fips": "25009260100", "gap_national": 62.2, "gap_stratum": 64.3, "burden": 80.6, "capacity": 29.9, "svi": 0.98, "top_decile_gap": 1.0, "stratum": "metropolitan", "scored": 1}, "geometry": {"type": "Polygon", "coordinates": [[[-71.0785, 42.7841], [-71.0762, 42.7737], [-71.0862, 42.7708], [-71.0881, 42.7814], [-71.0785, 42.7841]]]}}, {"type": "Feature", "properties": {"fips": "25009262100", "gap_national": -56.2, "gap_stratum": -49.0, "burden": 37.8, "capacity": 83.4, "svi": 0.2, "top_decile_gap": 0.0, "stratum": "metropolitan", "scored": 1}, "geometry": {"type": "Polygon", "coordinates": [[[-71.0444, 42.8488], [-71.0312, 42.8591], [-71.0046, 42.8632], [-70.9798, 42.8449], [-70.9692, 42.8225], [-70.9787, 42.8246], [-70.9951, 42.8219], [-71.0007, 42.8182], [-70.9996, 42.8105], [-71.0536, 42.8332], [-71.0444, 42.8488]]]}}, {"type": "Feature", "properties": {"fips": "25009210700", "gap_national": -4.3, "gap_stratum": 0.4, "burden": 40.6, "capacity": 46.8, "svi": 0.85, "top_decile_gap": 0.0, "stratum": "metropolitan", "scored": 1}, "geometry": {"type": "Polygon", "coordinates": [[[-70.9292, 42.5237], [-70.9319, 42.5274], [-70.9189, 42.5228], [-70.9281, 42.5135], [-70.933, 42.5207], [-70.9292, 42.5237]]]}}, {"type": "Feature", "properties": {"fips": "25025010405", "gap_national": -15.6, "gap_stratum": -16.6, "burden": 5.6, "capacity": 25.3, "svi": 0.82, "top_decile_gap": 0.0, "stratum": "metropolitan", "scored": 1}, "geometry": {"type": "Polygon", "coordinates": [[[-71.0922, 42.3391], [-71.0909, 42.3465], [-71.0893, 42.3469], [-71.0918, 42.3399], [-71.0832, 42.3416], [-71.0905, 42.3357], [-71.0957, 42.3377], [-71.0922, 42.3391]]]}}, {"type": "Feature", "properties": {"fips": "25025030100", "gap_national": -41.9, "gap_stratum": -44.5, "burden": 1.0, "capacity": 45.8, "svi": 0.08, "top_decile_gap": 0.0, "stratum": "metropolitan", "scored": 1}, "geometry": {"type": "Polygon", "coordinates": [[[-71.0558, 42.3682], [-71.0534, 42.3675], [-71.0574, 42.3653], [-71.0581, 42.3673], [-71.0558, 42.3682]]]}}, {"type": "Feature", "properties": {"fips": "25025110502", "gap_national": -72.4, "gap_stratum": -70.7, "burden": 12.3, "capacity": 71.7, "svi": 0.44, "top_decile_gap": 0.0, "stratum": "metropolitan", "scored": 1}, "geometry": {"type": "Polygon", "coordinates": [[[-71.127, 42.2875], [-71.1251, 42.2845], [-71.1348, 42.2769], [-71.137, 42.2783], [-71.1376, 42.2858], [-71.127, 42.2875]]]}}, {"type": "Feature", "properties": {"fips": "25025120600", "gap_national": -61.3, "gap_stratum": -62.8, "burden": 1.5, "capacity": 59.0, "svi": 0.04, "top_decile_gap": 0.0, "stratum": "metropolitan", "scored": 1}, "geometry": {"type": "Polygon", "coordinates": [[[-71.1085, 42.3224], [-71.1051, 42.3193], [-71.1072, 42.3164], [-71.1128, 42.3179], [-71.1085, 42.3224]]]}}, {"type": "Feature", "properties": {"fips": "25025040401", "gap_national": -60.0, "gap_stratum": -59.8, "burden": 11.0, "capacity": 62.1, "svi": 0.5, "top_decile_gap": 0.0, "stratum": "metropolitan", "scored": 1}, "geometry": {"type": "Polygon", "coordinates": [[[-71.0631, 42.3747], [-71.0619, 42.376], [-71.0642, 42.3728], [-71.0598, 42.3688], [-71.0705, 42.3724], [-71.0679, 42.3746], [-71.07, 42.3803], [-71.0631, 42.3747]]]}}, {"type": "Feature", "properties": {"fips": "25025060700", "gap_national": 53.2, "gap_stratum": 57.0, "burden": 73.4, "capacity": 31.3, "svi": 0.97, "top_decile_gap": 1.0, "stratum": "metropolitan", "scored": 1}, "geometry": {"type": "Polygon", "coordinates": [[[-71.0539, 42.3408], [-71.0508, 42.3388], [-71.0539, 42.3362], [-71.0562, 42.3389], [-71.0539, 42.3408]]]}}, {"type": "Feature", "properties": {"fips": "25025080500", "gap_national": 6.3, "gap_stratum": 12.1, "burden": 55.0, "capacity": 51.0, "svi": 0.93, "top_decile_gap": 0.0, "stratum": "metropolitan", "scored": 1}, "geometry": {"type": "Polygon", "coordinates": [[[-71.082, 42.3384], [-71.0776, 42.336], [-71.0809, 42.3329], [-71.0885, 42.3349], [-71.082, 42.3384]]]}}, {"type": "Feature", "properties": {"fips": "25025081200", "gap_national": 39.7, "gap_stratum": 45.0, "burden": 64.7, "capacity": 34.2, "svi": 0.95, "top_decile_gap": 0.0, "stratum": "metropolitan", "scored": 1}, "geometry": {"type": "Polygon", "coordinates": [[[-71.1052, 42.3261], [-71.0989, 42.325], [-71.1, 42.3228], [-71.1091, 42.3238], [-71.1052, 42.3261]]]}}, {"type": "Feature", "properties": {"fips": "25025082000", "gap_national": 24.1, "gap_stratum": 26.6, "burden": 79.4, "capacity": 57.7, "svi": 0.68, "top_decile_gap": 0.0, "stratum": "metropolitan", "scored": 1}, "geometry": {"type": "Polygon", "coordinates": [[[-71.0865, 42.3171], [-71.0788, 42.3146], [-71.0827, 42.3095], [-71.0894, 42.3133], [-71.0865, 42.3171]]]}}, {"type": "Feature", "properties": {"fips": "25025091900", "gap_national": 21.2, "gap_stratum": 26.0, "burden": 66.2, "capacity": 49.8, "svi": 0.91, "top_decile_gap": 0.0, "stratum": "metropolitan", "scored": 1}, "geometry": {"type": "Polygon", "coordinates": [[[-71.0768, 42.3052], [-71.0731, 42.3047], [-71.0714, 42.3034], [-71.0736, 42.2994], [-71.0723, 42.2967], [-71.0789, 42.2967], [-71.0768, 42.3052]]]}}, {"type": "Feature", "properties": {"fips": "25025000302", "gap_national": -52.5, "gap_stratum": -54.5, "burden": 2.9, "capacity": 53.7, "svi": 0.14, "top_decile_gap": 0.0, "stratum": "metropolitan", "scored": 1}, "geometry": {"type": "Polygon", "coordinates": [[[-71.1681, 42.3507], [-71.1604, 42.3489], [-71.1667, 42.34], [-71.1748, 42.3503], [-71.1681, 42.3507]]]}}, {"type": "Feature", "properties": {"fips": "25023521101", "gap_national": -47.3, "gap_stratum": -40.1, "burden": 37.8, "capacity": 74.5, "svi": 0.27, "top_decile_gap": 0.0, "stratum": "metropolitan", "scored": 1}, "geometry": {"type": "Polygon", "coordinates": [[[-70.9502, 42.0937], [-70.9468, 42.0786], [-70.948, 42.0703], [-70.9311, 42.0714], [-70.929, 42.0662], [-70.951, 42.0609], [-70.9627, 42.0656], [-70.9752, 42.0712], [-70.9765, 42.0872], [-70.9502, 42.0937]]]}}, {"type": "Feature", "properties": {"fips": "25023520201", "gap_national": -57.4, "gap_stratum": -52.6, "burden": 26.5, "capacity": 72.0, "svi": 0.18, "top_decile_gap": 0.0, "stratum": "metropolitan", "scored": 1}, "geometry": {"type": "Polygon", "coordinates": [[[-70.9408, 42.1514], [-70.9346, 42.1283], [-70.9493, 42.1228], [-70.95, 42.1293], [-70.9645, 42.1301], [-70.9774, 42.137], [-70.9408, 42.1514]]]}}, {"type": "Feature", "properties": {"fips": "25023511200", "gap_national": 17.4, "gap_stratum": 21.2, "burden": 74.9, "capacity": 58.9, "svi": 0.97, "top_decile_gap": 0.0, "stratum": "metropolitan", "scored": 1}, "geometry": {"type": "Polygon", "coordinates": [[[-71.005, 42.0839], [-70.9758, 42.0895], [-70.975, 42.088], [-70.9765, 42.0872], [-70.9752, 42.0712], [-70.983, 42.0666], [-70.9933, 42.0738], [-71.0101, 42.08], [-71.005, 42.0839]]]}}, {"type": "Feature", "properties": {"fips": "25003933300", "gap_national": -45.6, "gap_stratum": -85.1, "burden": 53.0, "capacity": 95.3, "svi": 0.2, "top_decile_gap": 0.0, "stratum": "rural", "scored": 1}, "geometry": {"type": "Polygon", "coordinates": [[[-73.2913, 42.1207], [-73.2971, 42.1592], [-73.2872, 42.1592], [-73.2891, 42.1723], [-73.2715, 42.1657], [-73.2471, 42.1686], [-73.2245, 42.1482], [-73.1863, 42.1536], [-73.1721, 42.0432], [-73.2963, 42.047], [-73.3041, 42.1069], [-73.2913, 42.1207]]]}}, {"type": "Feature", "properties": {"fips": "25003901100", "gap_national": -30.1, "gap_stratum": -22.0, "burden": 61.8, "capacity": 85.5, "svi": 0.59, "top_decile_gap": 0.0, "stratum": "metropolitan", "scored": 1}, "geometry": {"type": "Polygon", "coordinates": [[[-73.2194, 42.4756], [-73.2154, 42.4733], [-73.2162, 42.4766], [-73.2131, 42.4783], [-73.2158, 42.4848], [-73.2141, 42.4902], [-73.1822, 42.4854], [-73.1861, 42.4709], [-73.2027, 42.4682], [-73.2251, 42.4555], [-73.2293, 42.4617], [-73.2299, 42.4754], [-73.2194, 42.4756]]]}}, {"type": "Feature", "properties": {"fips": "25011041000", "gap_national": -34.8, "gap_stratum": -67.2, "burden": 54.6, "capacity": 81.1, "svi": 0.67, "top_decile_gap": 0.0, "stratum": "micropolitan", "scored": 1}, "geometry": {"type": "Polygon", "coordinates": [[[-72.633, 42.6454], [-72.5541, 42.6547], [-72.5755, 42.637], [-72.5946, 42.6171], [-72.6121, 42.607], [-72.6222, 42.5832], [-72.6208, 42.5704], [-72.6239, 42.5706], [-72.6297, 42.5787], [-72.6499, 42.5769], [-72.633, 42.6454]]]}}, {"type": "Feature", "properties": {"fips": "25013802400", "gap_national": -28.4, "gap_stratum": -19.7, "burden": 54.1, "capacity": 74.3, "svi": 0.42, "top_decile_gap": 0.0, "stratum": "metropolitan", "scored": 1}, "geometry": {"type": "Polygon", "coordinates": [[[-72.5425, 42.1079], [-72.5339, 42.1077], [-72.5293, 42.1036], [-72.5215, 42.1036], [-72.5245, 42.0999], [-72.5376, 42.0961], [-72.537, 42.0916], [-72.5508, 42.0932], [-72.5564, 42.0987], [-72.5425, 42.1079]]]}}, {"type": "Feature", "properties": {"fips": "25013812300", "gap_national": 46.1, "gap_stratum": 50.6, "burden": 69.7, "capacity": 33.8, "svi": 0.87, "top_decile_gap": 0.0, "stratum": "metropolitan", "scored": 1}, "geometry": {"type": "Polygon", "coordinates": [[[-72.6323, 42.1041], [-72.6264, 42.1017], [-72.6142, 42.1087], [-72.5992, 42.1016], [-72.5885, 42.0932], [-72.5988, 42.0932], [-72.6013, 42.086], [-72.6096, 42.0886], [-72.6209, 42.0877], [-72.629, 42.0911], [-72.6308, 42.1002], [-72.6362, 42.0994], [-72.6367, 42.1026], [-72.6323, 42.1041]]]}}, {"type": "Feature", "properties": {"fips": "25013811000", "gap_national": -34.7, "gap_stratum": -26.3, "burden": 47.9, "capacity": 73.7, "svi": 0.37, "top_decile_gap": 0.0, "stratum": "metropolitan", "scored": 1}, "geometry": {"type": "Polygon", "coordinates": [[[-72.6102, 42.1579], [-72.6096, 42.1748], [-72.6054, 42.1813], [-72.5978, 42.1714], [-72.5818, 42.1607], [-72.5881, 42.1601], [-72.5869, 42.1504], [-72.5913, 42.1494], [-72.6078, 42.1501], [-72.6119, 42.1569], [-72.6102, 42.1579]]]}}, {"type": "Feature", "properties": {"fips": "25013800101", "gap_national": 15.2, "gap_stratum": 20.9, "burden": 55.8, "capacity": 45.4, "svi": 0.76, "top_decile_gap": 0.0, "stratum": "metropolitan", "scored": 1}, "geometry": {"type": "Polygon", "coordinates": [[[-72.5106, 42.1569], [-72.5036, 42.1568], [-72.5033, 42.1524], [-72.4843, 42.1553], [-72.483, 42.1489], [-72.5243, 42.1404], [-72.5106, 42.1569]]]}}, {"type": "Feature", "properties": {"fips": "25013800900", "gap_national": 67.0, "gap_stratum": 65.0, "burden": 96.2, "capacity": 37.1, "svi": 0.99, "top_decile_gap": 1.0, "stratum": "metropolitan", "scored": 1}, "geometry": {"type": "Polygon", "coordinates": [[[-72.5886, 42.122], [-72.5818, 42.1155], [-72.5915, 42.1077], [-72.5996, 42.1153], [-72.5886, 42.122]]]}}, {"type": "Feature", "properties": {"fips": "25017350400", "gap_national": -44.4, "gap_stratum": -46.7, "burden": 2.8, "capacity": 48.1, "svi": 0.03, "top_decile_gap": 0.0, "stratum": "metropolitan", "scored": 1}, "geometry": {"type": "Polygon", "coordinates": [[[-71.1166, 42.401], [-71.1174, 42.4058], [-71.1089, 42.3972], [-71.1111, 42.394], [-71.1222, 42.3967], [-71.1166, 42.401]]]}}, {"type": "Feature", "properties": {"fips": "25017350900", "gap_national": -50.3, "gap_stratum": -52.6, "burden": 1.5, "capacity": 51.8, "svi": 0.05, "top_decile_gap": 0.0, "stratum": "metropolitan", "scored": 1}, "geometry": {"type": "Polygon", "coordinates": [[[-71.1254, 42.3976], [-71.1137, 42.3948], [-71.1171, 42.3896], [-71.1277, 42.3975], [-71.1254, 42.3976]]]}}, {"type": "Feature", "properties": {"fips": "25017335301", "gap_national": -67.4, "gap_stratum": -64.5, "burden": 18.2, "capacity": 72.5, "svi": 0.26, "top_decile_gap": 0.0, "stratum": "metropolitan", "scored": 1}, "geometry": {"type": "Polygon", "coordinates": [[[-71.0673, 42.5028], [-71.0609, 42.5033], [-71.0421, 42.4983], [-71.04, 42.4958], [-71.0419, 42.4933], [-71.0524, 42.4952], [-71.061, 42.4862], [-71.0642, 42.4865], [-71.0663, 42.4825], [-71.069, 42.4863], [-71.0697, 42.498], [-71.0673, 42.5028]]]}}, {"type": "Feature", "properties": {"fips": "25017354700", "gap_national": -70.9, "gap_stratum": -71.2, "burden": 3.3, "capacity": 66.0, "svi": 0.12, "top_decile_gap": 0.0, "stratum": "metropolitan", "scored": 1}, "geometry": {"type": "Polygon", "coordinates": [[[-71.1247, 42.3894], [-71.121, 42.3937], [-71.1171, 42.3896], [-71.1177, 42.3876], [-71.1269, 42.3864], [-71.129, 42.3901], [-71.1247, 42.3894]]]}}, {"type": "Feature", "properties": {"fips": "25017341600", "gap_national": -37.7, "gap_stratum": -33.7, "burden": 30.2, "capacity": 61.1, "svi": 0.76, "top_decile_gap": 0.0, "stratum": "metropolitan", "scored": 1}, "geometry": {"type": "Polygon", "coordinates": [[[-71.0677, 42.4404], [-71.0503, 42.4422], [-71.0482, 42.4395], [-71.0502, 42.4361], [-71.0595, 42.4343], [-71.058, 42.4309], [-71.0667, 42.427], [-71.0677, 42.4404]]]}}, {"type": "Feature", "properties": {"fips": "25017374500", "gap_national": -77.3, "gap_stratum": -74.0, "burden": 18.5, "capacity": 82.0, "svi": 0.27, "top_decile_gap": 0.0, "stratum": "metropolitan", "scored": 1}, "geometry": {"type": "Polygon", "coordinates": [[[-71.2263, 42.3494], [-71.2224, 42.3594], [-71.2262, 42.3639], [-71.2171, 42.3666], [-71.2133, 42.365], [-71.217, 42.3599], [-71.2136, 42.3542], [-71.2144, 42.3502], [-71.229, 42.3479], [-71.2271, 42.3452], [-71.2319, 42.3425], [-71.2399, 42.3445], [-71.2263, 42.3494]]]}}, {"type": "Feature", "properties": {"fips": "25017383300", "gap_national": -32.6, "gap_stratum": -27.1, "burden": 36.3, "capacity": 62.4, "svi": 0.82, "top_decile_gap": 0.0, "stratum": "metropolitan", "scored": 1}, "geometry": {"type": "Polygon", "coordinates": [[[-71.444, 42.2924], [-71.4312, 42.2889], [-71.4266, 42.2916], [-71.4168, 42.2767], [-71.4371, 42.2745], [-71.4446, 42.2706], [-71.4431, 42.2815], [-71.4505, 42.2868], [-71.444, 42.2924]]]}}, {"type": "Feature", "properties": {"fips": "25017365202", "gap_national": -82.8, "gap_stratum": -80.0, "burden": 17.9, "capacity": 88.7, "svi": 0.14, "top_decile_gap": 0.0, "stratum": "metropolitan", "scored": 1}, "geometry": {"type": "Polygon", "coordinates": [[[-71.4755, 42.3807], [-71.4135, 42.3596], [-71.3917, 42.361], [-71.3877, 42.3448], [-71.398, 42.3432], [-71.3967, 42.341], [-71.4833, 42.3531], [-71.4755, 42.3807]]]}}, {"type": "Feature", "properties": {"fips": "25017363104", "gap_national": -85.1, "gap_stratum": -83.4, "burden": 10.9, "capacity": 82.5, "svi": 0.2, "top_decile_gap": 0.0, "stratum": "metropolitan", "scored": 1}, "geometry": {"type": "Polygon", "coordinates": [[[-71.4538, 42.4749], [-71.4267, 42.4908], [-71.4195, 42.5019], [-71.4176, 42.4859], [-71.4081, 42.47], [-71.4304, 42.4369], [-71.4538, 42.4462], [-71.4541, 42.4591], [-71.4565, 42.4639], [-71.4538, 42.4749]]]}}, {"type": "Feature", "properties": {"fips": "25017316201", "gap_national": -68.6, "gap_stratum": -63.9, "burden": 25.0, "capacity": 80.5, "svi": 0.1, "top_decile_gap": 0.0, "stratum": "metropolitan", "scored": 1}, "geometry": {"type": "Polygon", "coordinates": [[[-71.2473, 42.5466], [-71.2467, 42.5538], [-71.237, 42.5551], [-71.2326, 42.5596], [-71.2291, 42.5603], [-71.2229, 42.5487], [-71.2231, 42.5574], [-71.2203, 42.5574], [-71.2209, 42.5608], [-71.2187, 42.5617], [-71.2114, 42.5563], [-71.2162, 42.5543], [-71.2185, 42.5508], [-71.2169, 42.5464], [-71.2302, 42.5343], [-71.2375, 42.5351], [-71.2382, 42.528], [-71.2355, 42.5264], [-71.2426, 42.5199], [-71.2495, 42.5252], [-71.2525, 42.5444], [-71.2473, 42.5466]]]}}, {"type": "Feature", "properties": {"fips": "25017311300", "gap_national": 10.5, "gap_stratum": 14.8, "burden": 33.9, "capacity": 28.3, "svi": 0.92, "top_decile_gap": 0.0, "stratum": "metropolitan", "scored": 1}, "geometry": {"type": "Polygon", "coordinates": [[[-71.3306, 42.6409], [-71.329, 42.6348], [-71.3401, 42.6334], [-71.3413, 42.6383], [-71.3437, 42.6388], [-71.3306, 42.6409]]]}}, {"type": "Feature", "properties": {"fips": "25017310400", "gap_national": 34.5, "gap_stratum": 40.9, "burden": 56.2, "capacity": 30.1, "svi": 0.92, "top_decile_gap": 0.0, "stratum": "metropolitan", "scored": 1}, "geometry": {"type": "Polygon", "coordinates": [[[-71.3133, 42.6602], [-71.3116, 42.6566], [-71.303, 42.6519], [-71.3042, 42.6493], [-71.3079, 42.6493], [-71.318, 42.6561], [-71.3187, 42.66], [-71.3133, 42.6602]]]}}, {"type": "Feature", "properties": {"fips": "25021418004", "gap_national": -23.6, "gap_stratum": -20.9, "burden": 29.4, "capacity": 51.2, "svi": 0.71, "top_decile_gap": 0.0, "stratum": "metropolitan", "scored": 1}, "geometry": {"type": "Polygon", "coordinates": [[[-71.0034, 42.244], [-71.0055, 42.2308], [-71.0162, 42.2339], [-71.0176, 42.2357], [-71.015, 42.2379], [-71.0218, 42.243], [-71.0034, 42.244]]]}}, {"type": "Feature", "properties": {"fips": "25021422700", "gap_national": -62.0, "gap_stratum": -56.9, "burden": 26.5, "capacity": 75.8, "svi": 0.45, "top_decile_gap": 0.0, "stratum": "metropolitan", "scored": 1}, "geometry": {"type": "Polygon", "coordinates": [[[-70.9671, 42.2443], [-70.949, 42.2432], [-70.931, 42.247], [-70.9333, 42.2459], [-70.9335, 42.2394], [-70.9305, 42.2361], [-70.9361, 42.2359], [-70.9427, 42.2311], [-70.9481, 42.234], [-70.9491, 42.2384], [-70.9497, 42.2362], [-70.9605, 42.2351], [-70.968, 42.238], [-70.9671, 42.2443]]]}}, {"type": "Feature", "properties": {"fips": "25021400700", "gap_national": -79.4, "gap_stratum": -79.0, "burden": 3.2, "capacity": 72.2, "svi": 0.26, "top_decile_gap": 0.0, "stratum": "metropolitan", "scored": 1}, "geometry": {"type": "Polygon", "coordinates": [[[-71.1251, 42.3373], [-71.1212, 42.3366], [-71.1177, 42.3316], [-71.1283, 42.3297], [-71.1313, 42.3329], [-71.1251, 42.3373]]]}}, {"type": "Feature", "properties": {"fips": "25021401000", "gap_national": -75.3, "gap_stratum": -73.7, "burden": 11.0, "capacity": 73.1, "svi": 0.31, "top_decile_gap": 0.0, "stratum": "metropolitan", "scored": 1}, "geometry": {"type": "Polygon", "coordinates": [[[-71.1177, 42.3316], [-71.1183, 42.3294], [-71.1145, 42.3284], [-71.1195, 42.3227], [-71.1283, 42.3297], [-71.1177, 42.3316]]]}}, {"type": "Feature", "properties": {"fips": "25015821602", "gap_national": -60.7, "gap_stratum": -53.8, "burden": 38.1, "capacity": 90.7, "svi": 0.42, "top_decile_gap": 0.0, "stratum": "metropolitan", "scored": 1}, "geometry": {"type": "Polygon", "coordinates": [[[-72.672, 42.3355], [-72.6714, 42.3445], [-72.6692, 42.3446], [-72.6558, 42.3388], [-72.6522, 42.3313], [-72.6453, 42.3297], [-72.6508, 42.3211], [-72.6579, 42.3231], [-72.663, 42.3183], [-72.6686, 42.326], [-72.679, 42.3306], [-72.6774, 42.3338], [-72.672, 42.3355]]]}}, {"type": "Feature", "properties": {"fips": "25005614101", "gap_national": -26.7, "gap_stratum": -18.9, "burden": 48.9, "capacity": 68.4, "svi": 0.5, "top_decile_gap": 0.0, "stratum": "metropolitan", "scored": 1}, "geometry": {"type": "Polygon", "coordinates": [[[-71.0891, 41.8861], [-71.0825, 41.8895], [-71.0811, 41.8956], [-71.0844, 41.8978], [-71.0841, 41.9028], [-71.0701, 41.9058], [-71.0551, 41.9013], [-71.0538, 41.9047], [-71.0484, 41.9048], [-71.0453, 41.9017], [-71.0583, 41.8627], [-71.0765, 41.873], [-71.0942, 41.8726], [-71.0891, 41.8861]]]}}, {"type": "Feature", "properties": {"fips": "25005642000", "gap_national": 47.1, "gap_stratum": 50.8, "burden": 72.6, "capacity": 35.9, "svi": 0.92, "top_decile_gap": 0.0, "stratum": "metropolitan", "scored": 1}, "geometry": {"type": "Polygon", "coordinates": [[[-71.1554, 41.7238], [-71.1463, 41.7206], [-71.1544, 41.7115], [-71.1569, 41.7026], [-71.1684, 41.7083], [-71.1554, 41.7238]]]}}, {"type": "Feature", "properties": {"fips": "25005651100", "gap_national": 55.5, "gap_stratum": 58.1, "burden": 78.0, "capacity": 33.5, "svi": 0.94, "top_decile_gap": 1.0, "stratum": "metropolitan", "scored": 1}, "geometry": {"type": "Polygon", "coordinates": [[[-70.9286, 41.654], [-70.9274, 41.6485], [-70.9398, 41.6465], [-70.9434, 41.6523], [-70.9286, 41.654]]]}}, {"type": "Feature", "properties": {"fips": "25005642300", "gap_national": -52.6, "gap_stratum": -44.7, "burden": 45.3, "capacity": 90.8, "svi": 0.15, "top_decile_gap": 0.0, "stratum": "metropolitan", "scored": 1}, "geometry": {"type": "Polygon", "coordinates": [[[-71.1393, 41.724], [-71.1312, 41.729], [-71.1335, 41.7258], [-71.1285, 41.7249], [-71.1308, 41.7212], [-71.1335, 41.7216], [-71.1335, 41.7164], [-71.1391, 41.7174], [-71.1413, 41.7127], [-71.1466, 41.7105], [-71.1393, 41.724]]]}}, {"type": "Feature", "properties": {"fips": "25005651200", "gap_national": 55.2, "gap_stratum": 61.5, "burden": 65.0, "capacity": 19.3, "svi": 0.94, "top_decile_gap": 1.0, "stratum": "metropolitan", "scored": 1}, "geometry": {"type": "Polygon", "coordinates": [[[-70.9293, 41.6574], [-70.9166, 41.6591], [-70.92, 41.6492], [-70.9274, 41.6485], [-70.9286, 41.654], [-70.9323, 41.6536], [-70.933, 41.6569], [-70.9293, 41.6574]]]}}, {"type": "Feature", "properties": {"fips": "25005631500", "gap_national": -15.0, "gap_stratum": -8.0, "burden": 51.1, "capacity": 62.2, "svi": 0.41, "top_decile_gap": 0.0, "stratum": "metropolitan", "scored": 1}, "geometry": {"type": "Polygon", "coordinates": [[[-71.3015, 41.9311], [-71.3004, 41.9336], [-71.3037, 41.9341], [-71.3015, 41.9366], [-71.2989, 41.9349], [-71.294, 41.9374], [-71.2941, 41.9438], [-71.2886, 41.9413], [-71.2846, 41.9422], [-71.2985, 41.9217], [-71.3059, 41.9178], [-71.3134, 41.9224], [-71.3015, 41.9311]]]}}, {"type": "Feature", "properties": {"fips": "25027716200", "gap_national": -8.0, "gap_stratum": -2.3, "burden": 46.7, "capacity": 54.2, "svi": 0.41, "top_decile_gap": 0.0, "stratum": "metropolitan", "scored": 1}, "geometry": {"type": "Polygon", "coordinates": [[[-71.6882, 42.4367], [-71.6811, 42.4354], [-71.6823, 42.4337], [-71.678, 42.4314], [-71.6808, 42.4283], [-71.6789, 42.4234], [-71.6892, 42.4204], [-71.7014, 42.4251], [-71.6882, 42.4367]]]}}, {"type": "Feature", "properties": {"fips": "25027730802", "gap_national": -64.5, "gap_stratum": -61.2, "burden": 20.0, "capacity": 71.8, "svi": 0.29, "top_decile_gap": 0.0, "stratum": "metropolitan", "scored": 1}, "geometry": {"type": "Polygon", "coordinates": [[[-71.8346, 42.2805], [-71.8283, 42.2762], [-71.8264, 42.2716], [-71.8215, 42.27], [-71.8194, 42.2701], [-71.8184, 42.2736], [-71.8135, 42.2733], [-71.8196, 42.2638], [-71.8338, 42.2753], [-71.8433, 42.2785], [-71.8346, 42.2805]]]}}, {"type": "Feature", "properties": {"fips": "25027732302", "gap_national": -2.7, "gap_stratum": 1.8, "burden": 39.5, "capacity": 44.7, "svi": 0.86, "top_decile_gap": 0.0, "stratum": "metropolitan", "scored": 1}, "geometry": {"type": "Polygon", "coordinates": [[[-71.7674, 42.2579], [-71.7668, 42.2508], [-71.7809, 42.2508], [-71.7849, 42.2558], [-71.7674, 42.2579]]]}}, {"type": "Feature", "properties": {"fips": "25027730100", "gap_national": -57.8, "gap_stratum": -52.0, "burden": 30.0, "capacity": 75.8, "svi": 0.46, "top_decile_gap": 0.0, "stratum": "metropolitan", "scored": 1}, "geometry": {"type": "Polygon", "coordinates": [[[-71.8168, 42.3223], [-71.7862, 42.341], [-71.7954, 42.3225], [-71.8013, 42.3022], [-71.8045, 42.3054], [-71.818, 42.3048], [-71.819, 42.3139], [-71.8267, 42.3163], [-71.8168, 42.3223]]]}}, {"type": "Feature", "properties": {"fips": "25027730402", "gap_national": 0.3, "gap_stratum": 4.7, "burden": 38.5, "capacity": 41.4, "svi": 0.76, "top_decile_gap": 0.0, "stratum": "metropolitan", "scored": 1}, "geometry": {"type": "Polygon", "coordinates": [[[-71.7944, 42.2897], [-71.7842, 42.2905], [-71.7879, 42.2827], [-71.7979, 42.2839], [-71.7944, 42.2897]]]}}, {"type": "Feature", "properties": {"fips": "25027725100", "gap_national": -34.0, "gap_stratum": -25.2, "burden": 51.9, "capacity": 77.1, "svi": 0.13, "top_decile_gap": 0.0, "stratum": "metropolitan", "scored": 1}, "geometry": {"type": "Polygon", "coordinates": [[[-72.1175, 42.3022], [-72.0412, 42.3087], [-72.0304, 42.2452], [-72.0386, 42.2445], [-72.0455, 42.23], [-72.0728, 42.2321], [-72.0992, 42.2308], [-72.1173, 42.243], [-72.1133, 42.2524], [-72.125, 42.2635], [-72.1174, 42.2788], [-72.1348, 42.2811], [-72.1296, 42.2903], [-72.1175, 42.3022]]]}}, {"type": "Feature", "properties": {"fips": "25017318400", "gap_national": -85.7, "gap_stratum": -83.9, "burden": 10.8, "capacity": 82.9, "svi": 0.33, "top_decile_gap": 0.0, "stratum": "metropolitan", "scored": 1}, "geometry": {"type": "Polygon", "coordinates": [[[-71.4405, 42.5588], [-71.4175, 42.5754], [-71.3977, 42.5827], [-71.3847, 42.5387], [-71.4238, 42.5262], [-71.4688, 42.5517], [-71.4405, 42.5588]]]}}, {"type": "Feature", "properties": {"fips": "25017337101", "gap_national": -73.9, "gap_stratum": -69.8, "burden": 22.0, "capacity": 82.7, "svi": 0.2, "top_decile_gap": 0.0, "stratum": "metropolitan", "scored": 1}, "geometry": {"type": "Polygon", "coordinates": [[[-71.0855, 42.4923], [-71.0752, 42.488], [-71.0758, 42.4836], [-71.0939, 42.4812], [-71.0993, 42.4863], [-71.0855, 42.4923]]]}}, {"type": "Feature", "properties": {"fips": "25017353000", "gap_national": -56.7, "gap_stratum": -58.4, "burden": 3.3, "capacity": 56.7, "svi": 0.32, "top_decile_gap": 0.0, "stratum": "metropolitan", "scored": 1}, "geometry": {"type": "Polygon", "coordinates": [[[-71.1048, 42.3708], [-71.099, 42.3685], [-71.102, 42.3644], [-71.1077, 42.3679], [-71.1048, 42.3708]]]}}, {"type": "Feature", "properties": {"fips": "25025010104", "gap_national": -25.3, "gap_stratum": -27.0, "burden": 3.3, "capacity": 33.2, "svi": 0.46, "top_decile_gap": 0.0, "stratum": "metropolitan", "scored": 1}, "geometry": {"type": "Polygon", "coordinates": [[[-71.0972, 42.349], [-71.0982, 42.3507], [-71.0899, 42.3516], [-71.0879, 42.3475], [-71.1006, 42.3479], [-71.0972, 42.349]]]}}, {"type": "Feature", "properties": {"fips": "25025981600", "gap_national": null, "gap_stratum": null, "burden": null, "capacity": null, "svi": null, "top_decile_gap": null, "stratum": null, "scored": 0}, "geometry": {"type": "Polygon", "coordinates": [[[-70.9953, 42.3894], [-70.9967, 42.3903], [-70.9945, 42.3933], [-70.988, 42.3928], [-70.9861, 42.3881], [-70.9946, 42.3827], [-71.0008, 42.3845], [-70.9956, 42.3851], [-71.0011, 42.3871], [-70.9953, 42.3894]]]}}, {"type": "Feature", "properties": {"fips": "25025030200", "gap_national": -41.4, "gap_stratum": -43.9, "burden": 1.1, "capacity": 45.4, "svi": 0.06, "top_decile_gap": 0.0, "stratum": "metropolitan", "scored": 1}, "geometry": {"type": "Polygon", "coordinates": [[[-71.0554, 42.3652], [-71.0564, 42.3629], [-71.0584, 42.3646], [-71.0585, 42.367], [-71.0554, 42.3652]]]}}, {"type": "Feature", "properties": {"fips": "25023540102", "gap_national": -56.2, "gap_stratum": -49.6, "burden": 34.4, "capacity": 78.9, "svi": 0.13, "top_decile_gap": 0.0, "stratum": "metropolitan", "scored": 1}, "geometry": {"type": "Polygon", "coordinates": [[[-70.9572, 41.8284], [-70.943, 41.8353], [-70.9466, 41.8457], [-70.9433, 41.8473], [-70.943, 41.8453], [-70.9367, 41.8429], [-70.93, 41.8464], [-70.9293, 41.8514], [-70.9187, 41.8521], [-70.8937, 41.8285], [-70.8986, 41.8149], [-70.8964, 41.7943], [-70.9606, 41.7866], [-70.9615, 41.8036], [-70.9682, 41.8191], [-70.9572, 41.8284]]]}}, {"type": "Feature", "properties": {"fips": "25011041301", "gap_national": -13.5, "gap_stratum": -42.4, "burden": 58.2, "capacity": 66.7, "svi": 0.71, "top_decile_gap": 0.0, "stratum": "micropolitan", "scored": 1}, "geometry": {"type": "Polygon", "coordinates": [[[-72.6112, 42.5965], [-72.5906, 42.5962], [-72.5934, 42.5923], [-72.6013, 42.594], [-72.6035, 42.5919], [-72.6028, 42.5879], [-72.6115, 42.586], [-72.6112, 42.5965]]]}}, {"type": "Feature", "properties": {"fips": "25027739202", "gap_national": -72.2, "gap_stratum": -68.6, "burden": 19.7, "capacity": 78.1, "svi": 0.35, "top_decile_gap": 0.0, "stratum": "metropolitan", "scored": 1}, "geometry": {"type": "Polygon", "coordinates": [[[-71.7511, 42.2951], [-71.7412, 42.2914], [-71.7421, 42.282], [-71.7309, 42.284], [-71.7385, 42.2757], [-71.7547, 42.2744], [-71.7581, 42.2937], [-71.7511, 42.2951]]]}}, {"type": "Feature", "properties": {"fips": "25027739201", "gap_national": -53.1, "gap_stratum": -47.8, "burden": 29.3, "capacity": 71.1, "svi": 0.45, "top_decile_gap": 0.0, "stratum": "metropolitan", "scored": 1}, "geometry": {"type": "Polygon", "coordinates": [[[-71.7299, 42.2762], [-71.7298, 42.2726], [-71.7343, 42.2704], [-71.7323, 42.2671], [-71.7337, 42.2639], [-71.7472, 42.2626], [-71.7507, 42.2679], [-71.7535, 42.2675], [-71.7547, 42.2744], [-71.7299, 42.2762]]]}}, {"type": "Feature", "properties": {"fips": "25021440101", "gap_national": -51.0, "gap_stratum": -43.6, "burden": 39.1, "capacity": 79.2, "svi": 0.65, "top_decile_gap": 0.0, "stratum": "metropolitan", "scored": 1}, "geometry": {"type": "Polygon", "coordinates": [[[-71.2891, 42.045], [-71.2883, 42.0145], [-71.3269, 41.9996], [-71.3228, 42.0076], [-71.3356, 42.004], [-71.3439, 42.0175], [-71.3474, 42.0285], [-71.2891, 42.045]]]}}, {"type": "Feature", "properties": {"fips": "25021442105", "gap_national": -74.0, "gap_stratum": -70.4, "burden": 20.0, "capacity": 80.3, "svi": 0.23, "top_decile_gap": 0.0, "stratum": "metropolitan", "scored": 1}, "geometry": {"type": "Polygon", "coordinates": [[[-71.4537, 42.0726], [-71.4464, 42.1033], [-71.4373, 42.099], [-71.427, 42.0902], [-71.4187, 42.0779], [-71.4122, 42.0727], [-71.4321, 42.0601], [-71.4414, 42.0581], [-71.4549, 42.059], [-71.4553, 42.0728], [-71.4537, 42.0726]]]}}, {"type": "Feature", "properties": {"fips": "25021417201", "gap_national": -60.2, "gap_stratum": -59.3, "burden": 13.6, "capacity": 63.9, "svi": 0.63, "top_decile_gap": 0.0, "stratum": "metropolitan", "scored": 1}, "geometry": {"type": "Polygon", "coordinates": [[[-71.0381, 42.2847], [-71.0252, 42.2711], [-71.0347, 42.2657], [-71.0375, 42.2685], [-71.0416, 42.2684], [-71.0428, 42.2771], [-71.0381, 42.2847]]]}}, {"type": "Feature", "properties": {"fips": "25021413202", "gap_national": -79.3, "gap_stratum": -76.3, "burden": 17.3, "capacity": 82.9, "svi": 0.28, "top_decile_gap": 0.0, "stratum": "metropolitan", "scored": 1}, "geometry": {"type": "Polygon", "coordinates": [[[-71.1964, 42.2139], [-71.1906, 42.2137], [-71.2004, 42.1949], [-71.2107, 42.2088], [-71.1964, 42.2139]]]}}, {"type": "Feature", "properties": {"fips": "25023542302", "gap_national": -28.7, "gap_stratum": -22.9, "burden": 39.0, "capacity": 61.9, "svi": 0.54, "top_decile_gap": 0.0, "stratum": "metropolitan", "scored": 1}, "geometry": {"type": "Polygon", "coordinates": [[[-70.9245, 41.9067], [-70.9196, 41.8943], [-70.9058, 41.8911], [-70.9051, 41.8854], [-70.9097, 41.8798], [-70.9164, 41.8769], [-70.9575, 41.8941], [-70.9592, 41.9019], [-70.9245, 41.9067]]]}}, {"type": "Feature", "properties": {"fips": "25023511602", "gap_national": -2.7, "gap_stratum": 3.4, "burden": 71.7, "capacity": 70.4, "svi": 0.71, "top_decile_gap": 0.0, "stratum": "metropolitan", "scored": 1}, "geometry": {"type": "Polygon", "coordinates": [[[-71.0244, 42.0623], [-71.0209, 42.0548], [-71.0156, 42.0564], [-71.0179, 42.0604], [-71.0146, 42.0611], [-71.0085, 42.0583], [-70.9967, 42.0454], [-71.0229, 42.0422], [-71.0252, 42.0551], [-71.0283, 42.0588], [-71.0244, 42.0623]]]}}, {"type": "Feature", "properties": {"fips": "25017330102", "gap_national": -76.2, "gap_stratum": -73.7, "burden": 14.7, "capacity": 76.9, "svi": 0.21, "top_decile_gap": 0.0, "stratum": "metropolitan", "scored": 1}, "geometry": {"type": "Polygon", "coordinates": [[[-71.0894, 42.603], [-71.0783, 42.5771], [-71.0594, 42.5777], [-71.0485, 42.5725], [-71.042, 42.5749], [-71.039, 42.5756], [-71.031, 42.5727], [-71.0355, 42.5703], [-71.0415, 42.5735], [-71.0498, 42.5711], [-71.057, 42.574], [-71.071, 42.5559], [-71.0899, 42.5582], [-71.0928, 42.5593], [-71.087, 42.5653], [-71.0902, 42.5736], [-71.111, 42.6012], [-71.0894, 42.603]]]}}, {"type": "Feature", "properties": {"fips": "25017332402", "gap_national": -72.8, "gap_stratum": -68.9, "burden": 21.2, "capacity": 80.5, "svi": 0.66, "top_decile_gap": 0.0, "stratum": "metropolitan", "scored": 1}, "geometry": {"type": "Polygon", "coordinates": [[[-71.2321, 42.506], [-71.2153, 42.4779], [-71.1916, 42.4885], [-71.1855, 42.48], [-71.2043, 42.4658], [-71.2102, 42.4707], [-71.2122, 42.4664], [-71.2409, 42.49], [-71.2321, 42.506]]]}}, {"type": "Feature", "properties": {"fips": "25017342302", "gap_national": -9.7, "gap_stratum": -7.5, "burden": 26.8, "capacity": 38.7, "svi": 0.53, "top_decile_gap": 0.0, "stratum": "metropolitan", "scored": 1}, "geometry": {"type": "Polygon", "coordinates": [[[-71.0623, 42.4155], [-71.0593, 42.4089], [-71.0642, 42.4082], [-71.0681, 42.4151], [-71.0623, 42.4155]]]}}, {"type": "Feature", "properties": {"fips": "25017350201", "gap_national": -35.1, "gap_stratum": -36.6, "burden": 9.5, "capacity": 44.3, "svi": 0.41, "top_decile_gap": 0.0, "stratum": "metropolitan", "scored": 1}, "geometry": {"type": "Polygon", "coordinates": [[[-71.0931, 42.3924], [-71.0882, 42.3896], [-71.0905, 42.3865], [-71.0957, 42.3881], [-71.0957, 42.3914], [-71.0931, 42.3924]]]}}, {"type": "Feature", "properties": {"fips": "25017350108", "gap_national": -17.6, "gap_stratum": -16.8, "burden": 20.1, "capacity": 38.9, "svi": 0.57, "top_decile_gap": 0.0, "stratum": "metropolitan", "scored": 1}, "geometry": {"type": "Polygon", "coordinates": [[[-71.0963, 42.4003], [-71.0898, 42.3965], [-71.0934, 42.3926], [-71.1, 42.3966], [-71.0963, 42.4003]]]}}, {"type": "Feature", "properties": {"fips": "25017350107", "gap_national": -22.5, "gap_stratum": -23.5, "burden": 10.4, "capacity": 34.9, "svi": 0.07, "top_decile_gap": 0.0, "stratum": "metropolitan", "scored": 1}, "geometry": {"type": "Polygon", "coordinates": [[[-71.0856, 42.3936], [-71.0774, 42.3862], [-71.0882, 42.3896], [-71.0856, 42.3936]]]}}, {"type": "Feature", "properties": {"fips": "25017352400", "gap_national": 6.1, "gap_stratum": 11.6, "burden": 48.9, "capacity": 46.2, "svi": 0.77, "top_decile_gap": 0.0, "stratum": "metropolitan", "scored": 1}, "geometry": {"type": "Polygon", "coordinates": [[[-71.0948, 42.3688], [-71.0897, 42.3649], [-71.0908, 42.3627], [-71.0967, 42.3632], [-71.0948, 42.3688]]]}}, {"type": "Feature", "properties": {"fips": "25025130101", "gap_national": -86.6, "gap_stratum": -85.0, "burden": 10.1, "capacity": 83.3, "svi": 0.2, "top_decile_gap": 0.0, "stratum": "metropolitan", "scored": 1}, "geometry": {"type": "Polygon", "coordinates": [[[-71.1647, 42.3038], [-71.1494, 42.2931], [-71.1606, 42.2916], [-71.1677, 42.2859], [-71.1619, 42.2798], [-71.1675, 42.2793], [-71.1712, 42.2798], [-71.1716, 42.288], [-71.1786, 42.2946], [-71.1647, 42.3038]]]}}, {"type": "Feature", "properties": {"fips": "25025070102", "gap_national": -22.2, "gap_stratum": -20.2, "burden": 26.6, "capacity": 48.0, "svi": 0.8, "top_decile_gap": 0.0, "stratum": "metropolitan", "scored": 1}, "geometry": {"type": "Polygon", "coordinates": [[[-71.0632, 42.3577], [-71.0583, 42.3574], [-71.0626, 42.3524], [-71.0642, 42.3534], [-71.0632, 42.3577]]]}}, {"type": "Feature", "properties": {"fips": "25025000101", "gap_national": -40.3, "gap_stratum": -42.9, "burden": 1.1, "capacity": 44.6, "svi": 0.07, "top_decile_gap": 0.0, "stratum": "metropolitan", "scored": 1}, "geometry": {"type": "Polygon", "coordinates": [[[-71.1331, 42.3634], [-71.1289, 42.3604], [-71.1315, 42.3586], [-71.1366, 42.3602], [-71.1331, 42.3634]]]}}, {"type": "Feature", "properties": {"fips": "25025061204", "gap_national": -73.3, "gap_stratum": -73.5, "burden": 1.7, "capacity": 67.1, "svi": 0.03, "top_decile_gap": 0.0, "stratum": "metropolitan", "scored": 1}, "geometry": {"type": "Polygon", "coordinates": [[[-71.0522, 42.3511], [-71.0461, 42.3483], [-71.0513, 42.3438], [-71.0502, 42.3417], [-71.0572, 42.3435], [-71.0522, 42.3511]]]}}, {"type": "Feature", "properties": {"fips": "25025060601", "gap_national": -44.7, "gap_stratum": -47.2, "burden": 1.0, "capacity": 47.7, "svi": 0.15, "top_decile_gap": 0.0, "stratum": "metropolitan", "scored": 1}, "geometry": {"type": "Polygon", "coordinates": [[[-71.0502, 42.3417], [-71.0456, 42.3387], [-71.0478, 42.3368], [-71.0524, 42.3398], [-71.0502, 42.3417]]]}}, {"type": "Feature", "properties": {"fips": "25025020302", "gap_national": -55.7, "gap_stratum": -57.7, "burden": 1.2, "capacity": 55.3, "svi": 0.07, "top_decile_gap": 0.0, "stratum": "metropolitan", "scored": 1}, "geometry": {"type": "Polygon", "coordinates": [[[-71.0629, 42.3612], [-71.0626, 42.358], [-71.065, 42.3572], [-71.0652, 42.3612], [-71.0629, 42.3612]]]}}, {"type": "Feature", "properties": {"fips": "25025100601", "gap_national": -39.7, "gap_stratum": -37.8, "burden": 22.8, "capacity": 56.9, "svi": 0.53, "top_decile_gap": 0.0, "stratum": "metropolitan", "scored": 1}, "geometry": {"type": "Polygon", "coordinates": [[[-71.0626, 42.2918], [-71.0524, 42.2945], [-71.0484, 42.2901], [-71.0638, 42.2875], [-71.0626, 42.2918]]]}}, {"type": "Feature", "properties": {"fips": "25025110401", "gap_national": -47.6, "gap_stratum": -45.5, "burden": 21.2, "capacity": 60.9, "svi": 0.68, "top_decile_gap": 0.0, "stratum": "metropolitan", "scored": 1}, "geometry": {"type": "Polygon", "coordinates": [[[-71.1225, 42.2917], [-71.1193, 42.2905], [-71.1197, 42.2803], [-71.127, 42.2875], [-71.1225, 42.2917]]]}}, {"type": "Feature", "properties": {"fips": "25011041200", "gap_national": -47.6, "gap_stratum": -75.9, "burden": 37.2, "capacity": 74.2, "svi": 0.4, "top_decile_gap": 0.0, "stratum": "micropolitan", "scored": 1}, "geometry": {"type": "Polygon", "coordinates": [[[-72.5912, 42.6065], [-72.581, 42.6039], [-72.5906, 42.5962], [-72.6112, 42.5965], [-72.6118, 42.6061], [-72.5912, 42.6065]]]}}, {"type": "Feature", "properties": {"fips": "25013802300", "gap_national": 55.3, "gap_stratum": 60.4, "burden": 69.4, "capacity": 24.8, "svi": 0.8, "top_decile_gap": 1.0, "stratum": "metropolitan", "scored": 1}, "geometry": {"type": "Polygon", "coordinates": [[[-72.5636, 42.097], [-72.5573, 42.0983], [-72.5443, 42.0888], [-72.5578, 42.0863], [-72.5636, 42.0897], [-72.5636, 42.097]]]}}, {"type": "Feature", "properties": {"fips": "25017350300", "gap_national": -39.0, "gap_stratum": -40.8, "burden": 7.1, "capacity": 46.0, "svi": 0.22, "top_decile_gap": 0.0, "stratum": "metropolitan", "scored": 1}, "geometry": {"type": "Polygon", "coordinates": [[[-71.1089, 42.3972], [-71.1107, 42.3997], [-71.1018, 42.3967], [-71.104, 42.3924], [-71.1015, 42.3911], [-71.1111, 42.394], [-71.1089, 42.3972]]]}}, {"type": "Feature", "properties": {"fips": "25017350500", "gap_national": -48.2, "gap_stratum": -50.6, "burden": 1.5, "capacity": 50.3, "svi": 0.08, "top_decile_gap": 0.0, "stratum": "metropolitan", "scored": 1}, "geometry": {"type": "Polygon", "coordinates": [[[-71.1207, 42.4011], [-71.1166, 42.401], [-71.1222, 42.3966], [-71.1269, 42.4031], [-71.1207, 42.4011]]]}}, {"type": "Feature", "properties": {"fips": "25017355000", "gap_national": -72.2, "gap_stratum": -72.0, "burden": 5.6, "capacity": 67.8, "svi": 0.28, "top_decile_gap": 0.0, "stratum": "metropolitan", "scored": 1}, "geometry": {"type": "Polygon", "coordinates": [[[-71.1345, 42.4042], [-71.123, 42.3924], [-71.1309, 42.3979], [-71.1402, 42.3982], [-71.1345, 42.4042]]]}}, {"type": "Feature", "properties": {"fips": "25017335100", "gap_national": -69.1, "gap_stratum": -65.0, "burden": 22.2, "capacity": 77.9, "svi": 0.24, "top_decile_gap": 0.0, "stratum": "metropolitan", "scored": 1}, "geometry": {"type": "Polygon", "coordinates": [[[-71.0751, 42.531], [-71.0676, 42.5247], [-71.0575, 42.5242], [-71.0635, 42.5148], [-71.0703, 42.4956], [-71.0806, 42.5078], [-71.0931, 42.5155], [-71.0751, 42.531]]]}}, {"type": "Feature", "properties": {"fips": "25017356100", "gap_national": -70.2, "gap_stratum": -70.1, "burden": 5.6, "capacity": 66.4, "svi": 0.08, "top_decile_gap": 0.0, "stratum": "metropolitan", "scored": 1}, "geometry": {"type": "Polygon", "coordinates": [[[-71.1423, 42.4058], [-71.1363, 42.4011], [-71.1436, 42.3974], [-71.1565, 42.4026], [-71.1423, 42.4058]]]}}, {"type": "Feature", "properties": {"fips": "25017357200", "gap_national": -89.3, "gap_stratum": -88.2, "burden": 8.0, "capacity": 84.8, "svi": 0.07, "top_decile_gap": 0.0, "stratum": "metropolitan", "scored": 1}, "geometry": {"type": "Polygon", "coordinates": [[[-71.1563, 42.3959], [-71.1584, 42.3946], [-71.158, 42.387], [-71.1749, 42.3862], [-71.1755, 42.3958], [-71.1563, 42.3959]]]}}, {"type": "Feature", "properties": {"fips": "25003922300", "gap_national": -20.9, "gap_stratum": -49.7, "burden": 63.4, "capacity": 77.4, "svi": 0.31, "top_decile_gap": 0.0, "stratum": "micropolitan", "scored": 1}, "geometry": {"type": "Polygon", "coordinates": [[[-73.1712, 42.6345], [-73.1652, 42.6348], [-73.1648, 42.6391], [-73.1614, 42.6426], [-73.1581, 42.6374], [-73.1433, 42.6361], [-73.1278, 42.6259], [-73.1346, 42.622], [-73.1235, 42.615], [-73.1197, 42.614], [-73.1155, 42.6186], [-73.0965, 42.6149], [-73.0973, 42.6075], [-73.0908, 42.603], [-73.087, 42.602], [-73.0805, 42.6072], [-73.0775, 42.6064], [-73.0731, 42.6118], [-73.0663, 42.6124], [-73.0675, 42.594], [-73.1743, 42.5985], [-73.1712, 42.6345]]]}}, {"type": "Feature", "properties": {"fips": "25003931100", "gap_national": -40.7, "gap_stratum": -73.6, "burden": 50.5, "capacity": 82.4, "svi": 0.21, "top_decile_gap": 0.0, "stratum": "micropolitan", "scored": 1}, "geometry": {"type": "Polygon", "coordinates": [[[-73.1425, 42.7435], [-73.0484, 42.7416], [-73.0595, 42.7084], [-73.1659, 42.7118], [-73.1636, 42.7439], [-73.1425, 42.7435]]]}}, {"type": "Feature", "properties": {"fips": "25003935300", "gap_national": -5.8, "gap_stratum": -29.0, "burden": 68.9, "capacity": 70.3, "svi": 0.57, "top_decile_gap": 0.0, "stratum": "micropolitan", "scored": 1}, "geometry": {"type": "Polygon", "coordinates": [[[-73.0921, 42.7095], [-73.0929, 42.7076], [-73.0888, 42.7044], [-73.1094, 42.6986], [-73.11, 42.6957], [-73.1122, 42.6955], [-73.1147, 42.6997], [-73.1206, 42.7004], [-73.1206, 42.7021], [-73.1504, 42.7049], [-73.1484, 42.7113], [-73.0921, 42.7095]]]}}, {"type": "Feature", "properties": {"fips": "25003935200", "gap_national": -41.9, "gap_stratum": -33.4, "burden": 47.8, "capacity": 80.1, "svi": 0.28, "top_decile_gap": 0.0, "stratum": "metropolitan", "scored": 1}, "geometry": {"type": "Polygon", "coordinates": [[[-73.2368, 42.4506], [-73.2378, 42.4529], [-73.2424, 42.4517], [-73.2417, 42.4542], [-73.2251, 42.4555], [-73.2027, 42.4682], [-73.1861, 42.4709], [-73.1974, 42.4298], [-73.2157, 42.4327], [-73.2304, 42.4424], [-73.2449, 42.4467], [-73.2368, 42.4506]]]}}, {"type": "Feature", "properties": {"fips": "25013813208", "gap_national": -43.4, "gap_stratum": -35.2, "burden": 45.0, "capacity": 78.5, "svi": 0.5, "top_decile_gap": 0.0, "stratum": "metropolitan", "scored": 1}, "geometry": {"type": "Polygon", "coordinates": [[[-72.6152, 42.0696], [-72.5879, 42.0741], [-72.6067, 42.0471], [-72.608, 42.0308], [-72.6169, 42.0312], [-72.6152, 42.0696]]]}}, {"type": "Feature", "properties": {"fips": "25013810902", "gap_national": -12.7, "gap_stratum": -8.0, "burden": 40.1, "capacity": 52.2, "svi": 0.59, "top_decile_gap": 0.0, "stratum": "metropolitan", "scored": 1}, "geometry": {"type": "Polygon", "coordinates": [[[-72.6108, 42.1429], [-72.6066, 42.1448], [-72.5934, 42.1444], [-72.5916, 42.1362], [-72.6215, 42.1238], [-72.6108, 42.1429]]]}}, {"type": "Feature", "properties": {"fips": "25013811301", "gap_national": -30.5, "gap_stratum": -22.9, "burden": 45.6, "capacity": 68.4, "svi": 0.36, "top_decile_gap": 0.0, "stratum": "metropolitan", "scored": 1}, "geometry": {"type": "Polygon", "coordinates": [[[-72.5903, 42.2037], [-72.5934, 42.2116], [-72.5722, 42.2138], [-72.5709, 42.2052], [-72.5774, 42.1865], [-72.5937, 42.1898], [-72.6013, 42.195], [-72.5903, 42.2037]]]}}, {"type": "Feature", "properties": {"fips": "25013812903", "gap_national": -21.8, "gap_stratum": -23.6, "burden": 0.3, "capacity": 29.1, "svi": 0.0, "top_decile_gap": 0.0, "stratum": "metropolitan", "scored": 1}, "geometry": {"type": "Polygon", "coordinates": [[[-72.7949, 42.1341], [-72.783, 42.1285], [-72.7845, 42.1262], [-72.8014, 42.1317], [-72.7949, 42.1341]]]}}, {"type": "Feature", "properties": {"fips": "25013813301", "gap_national": -76.8, "gap_stratum": -73.1, "burden": 21.0, "capacity": 84.9, "svi": 0.17, "top_decile_gap": 0.0, "stratum": "metropolitan", "scored": 1}, "geometry": {"type": "Polygon", "coordinates": [[[-72.6067, 42.0471], [-72.5894, 42.0723], [-72.574, 42.0697], [-72.5718, 42.0428], [-72.5647, 42.0381], [-72.5635, 42.0317], [-72.561, 42.0313], [-72.5732, 42.0301], [-72.5823, 42.0247], [-72.6069, 42.025], [-72.6067, 42.0471]]]}}, {"type": "Feature", "properties": {"fips": "25013800300", "gap_national": 38.7, "gap_stratum": 40.9, "burden": 77.2, "capacity": 46.4, "svi": 0.78, "top_decile_gap": 0.0, "stratum": "metropolitan", "scored": 1}, "geometry": {"type": "Polygon", "coordinates": [[[-72.5747, 42.1433], [-72.5667, 42.1327], [-72.5669, 42.1272], [-72.5714, 42.125], [-72.5784, 42.126], [-72.5934, 42.1355], [-72.5747, 42.1433]]]}}, {"type": "Feature", "properties": {"fips": "25013800800", "gap_national": 77.3, "gap_stratum": 75.9, "burden": 95.9, "capacity": 27.8, "svi": 0.99, "top_decile_gap": 1.0, "stratum": "metropolitan", "scored": 1}, "geometry": {"type": "Polygon", "coordinates": [[[-72.6013, 42.1165], [-72.595, 42.1111], [-72.6028, 42.1076], [-72.6012, 42.1062], [-72.6038, 42.1035], [-72.6142, 42.1087], [-72.6013, 42.1165]]]}}, {"type": "Feature", "properties": {"fips": "25013801800", "gap_national": 60.2, "gap_stratum": 64.5, "burden": 73.4, "capacity": 24.5, "svi": 0.98, "top_decile_gap": 1.0, "stratum": "metropolitan", "scored": 1}, "geometry": {"type": "Polygon", "coordinates": [[[-72.5618, 42.1115], [-72.5573, 42.0983], [-72.5636, 42.097], [-72.577, 42.1081], [-72.5618, 42.1115]]]}}, {"type": "Feature", "properties": {"fips": "25017353300", "gap_national": -70.7, "gap_stratum": -71.0, "burden": 3.3, "capacity": 65.9, "svi": 0.13, "top_decile_gap": 0.0, "stratum": "metropolitan", "scored": 1}, "geometry": {"type": "Polygon", "coordinates": [[[-71.1082, 42.3641], [-71.1043, 42.3631], [-71.112, 42.356], [-71.1106, 42.3526], [-71.1172, 42.357], [-71.1082, 42.3641]]]}}, {"type": "Feature", "properties": {"fips": "25017354400", "gap_national": -84.7, "gap_stratum": -83.5, "burden": 7.0, "capacity": 78.9, "svi": 0.05, "top_decile_gap": 0.0, "stratum": "metropolitan", "scored": 1}, "geometry": {"type": "Polygon", "coordinates": [[[-71.1341, 42.3838], [-71.131, 42.3824], [-71.14, 42.3809], [-71.1416, 42.3872], [-71.1341, 42.3838]]]}}, {"type": "Feature", "properties": {"fips": "25017342102", "gap_national": 17.4, "gap_stratum": 23.1, "burden": 54.6, "capacity": 42.7, "svi": 0.73, "top_decile_gap": 0.0, "stratum": "metropolitan", "scored": 1}, "geometry": {"type": "Polygon", "coordinates": [[[-71.0409, 42.4235], [-71.0282, 42.4242], [-71.0326, 42.4155], [-71.0457, 42.4124], [-71.0473, 42.4162], [-71.0409, 42.4235]]]}}, {"type": "Feature", "properties": {"fips": "25017341400", "gap_national": -35.8, "gap_stratum": -34.3, "burden": 22.4, "capacity": 54.0, "svi": 0.67, "top_decile_gap": 0.0, "stratum": "metropolitan", "scored": 1}, "geometry": {"type": "Polygon", "coordinates": [[[-71.0694, 42.4182], [-71.0695, 42.4222], [-71.0647, 42.4245], [-71.0568, 42.4187], [-71.0616, 42.4156], [-71.0711, 42.4149], [-71.0719, 42.4181], [-71.0694, 42.4182]]]}}, {"type": "Feature", "properties": {"fips": "25017341800", "gap_national": 7.5, "gap_stratum": 13.3, "burden": 54.8, "capacity": 50.1, "svi": 0.96, "top_decile_gap": 0.0, "stratum": "metropolitan", "scored": 1}, "geometry": {"type": "Polygon", "coordinates": [[[-71.0461, 42.4335], [-71.0388, 42.4342], [-71.0428, 42.4233], [-71.0528, 42.4212], [-71.0578, 42.4254], [-71.0554, 42.4266], [-71.0578, 42.431], [-71.0461, 42.4335]]]}}, {"type": "Feature", "properties": {"fips": "25017339802", "gap_national": -51.4, "gap_stratum": -49.9, "burden": 18.5, "capacity": 61.3, "svi": 0.38, "top_decile_gap": 0.0, "stratum": "metropolitan", "scored": 1}, "geometry": {"type": "Polygon", "coordinates": [[[-71.0844, 42.4141], [-71.0815, 42.4051], [-71.0834, 42.4], [-71.0955, 42.4001], [-71.0941, 42.4046], [-71.1003, 42.4089], [-71.1042, 42.4174], [-71.0844, 42.4141]]]}}, {"type": "Feature", "properties": {"fips": "25017373700", "gap_national": -91.6, "gap_stratum": -90.4, "burden": 9.7, "capacity": 90.1, "svi": 0.03, "top_decile_gap": 0.0, "stratum": "metropolitan", "scored": 1}, "geometry": {"type": "Polygon", "coordinates": [[[-71.2171, 42.337], [-71.2116, 42.338], [-71.2112, 42.3442], [-71.1995, 42.345], [-71.1989, 42.3409], [-71.1926, 42.3408], [-71.1948, 42.3301], [-71.2141, 42.3311], [-71.2176, 42.3339], [-71.2171, 42.337]]]}}, {"type": "Feature", "properties": {"fips": "25017333502", "gap_national": -23.6, "gap_stratum": -17.6, "burden": 41.8, "capacity": 60.8, "svi": 0.56, "top_decile_gap": 0.0, "stratum": "metropolitan", "scored": 1}, "geometry": {"type": "Polygon", "coordinates": [[[-71.1559, 42.4871], [-71.152, 42.4857], [-71.1535, 42.4906], [-71.1505, 42.4908], [-71.1357, 42.4877], [-71.1331, 42.481], [-71.1403, 42.4822], [-71.1522, 42.4799], [-71.1599, 42.4848], [-71.1559, 42.4871]]]}}, {"type": "Feature", "properties": {"fips": "25017338300", "gap_national": -76.4, "gap_stratum": -72.1, "burden": 24.6, "capacity": 90.6, "svi": 0.39, "top_decile_gap": 0.0, "stratum": "metropolitan", "scored": 1}, "geometry": {"type": "Polygon", "coordinates": [[[-71.1562, 42.4569], [-71.1505, 42.4643], [-71.1486, 42.4607], [-71.1384, 42.457], [-71.137, 42.453], [-71.1401, 42.4449], [-71.1481, 42.4497], [-71.1541, 42.4473], [-71.1643, 42.4598], [-71.1562, 42.4569]]]}}, {"type": "Feature", "properties": {"fips": "25017383700", "gap_national": -70.9, "gap_stratum": -67.1, "burden": 20.3, "capacity": 77.5, "svi": 0.21, "top_decile_gap": 0.0, "stratum": "metropolitan", "scored": 1}, "geometry": {"type": "Polygon", "coordinates": [[[-71.4076, 42.3225], [-71.3861, 42.326], [-71.3818, 42.3285], [-71.3777, 42.3147], [-71.3831, 42.3077], [-71.385, 42.3105], [-71.3921, 42.3125], [-71.401, 42.3078], [-71.402, 42.3119], [-71.4112, 42.3091], [-71.4167, 42.3123], [-71.4076, 42.3225]]]}}, {"type": "Feature", "properties": {"fips": "25017322300", "gap_national": -32.2, "gap_stratum": -25.5, "burden": 40.9, "capacity": 65.9, "svi": 0.72, "top_decile_gap": 0.0, "stratum": "metropolitan", "scored": 1}, "geometry": {"type": "Polygon", "coordinates": [[[-71.5853, 42.4071], [-71.5646, 42.4109], [-71.5668, 42.3964], [-71.565, 42.3934], [-71.5714, 42.3941], [-71.5702, 42.3904], [-71.5727, 42.3907], [-71.5772, 42.3852], [-71.6037, 42.398], [-71.5853, 42.4071]]]}}, {"type": "Feature", "properties": {"fips": "25017317203", "gap_national": -73.4, "gap_stratum": -69.0, "burden": 23.6, "capacity": 84.3, "svi": 0.24, "top_decile_gap": 0.0, "stratum": "metropolitan", "scored": 1}, "geometry": {"type": "Polygon", "coordinates": [[[-71.3599, 42.626], [-71.3257, 42.6132], [-71.3531, 42.5995], [-71.3657, 42.6216], [-71.3599, 42.626]]]}}, {"type": "Feature", "properties": {"fips": "25017316202", "gap_national": -58.1, "gap_stratum": -54.4, "burden": 23.0, "capacity": 69.4, "svi": 0.13, "top_decile_gap": 0.0, "stratum": "metropolitan", "scored": 1}, "geometry": {"type": "Polygon", "coordinates": [[[-71.2355, 42.5264], [-71.2382, 42.528], [-71.2375, 42.5351], [-71.2302, 42.5343], [-71.2169, 42.5464], [-71.2185, 42.5508], [-71.2162, 42.5543], [-71.2114, 42.5563], [-71.2089, 42.5545], [-71.2114, 42.5531], [-71.2098, 42.5514], [-71.2122, 42.5475], [-71.205, 42.5445], [-71.218, 42.524], [-71.2219, 42.5251], [-71.2319, 42.5064], [-71.2414, 42.5207], [-71.2355, 42.5264]]]}}, {"type": "Feature", "properties": {"fips": "25017362100", "gap_national": -86.6, "gap_stratum": -84.4, "burden": 14.7, "capacity": 89.4, "svi": 0.04, "top_decile_gap": 0.0, "stratum": "metropolitan", "scored": 1}, "geometry": {"type": "Polygon", "coordinates": [[[-71.3847, 42.5387], [-71.3884, 42.5499], [-71.3691, 42.5577], [-71.3463, 42.5637], [-71.3325, 42.5608], [-71.3144, 42.5496], [-71.3183, 42.5428], [-71.3072, 42.5332], [-71.3075, 42.53], [-71.3046, 42.5293], [-71.3062, 42.5146], [-71.3166, 42.5071], [-71.3175, 42.5024], [-71.385, 42.5045], [-71.3916, 42.5068], [-71.399, 42.5342], [-71.3847, 42.5387]]]}}, {"type": "Feature", "properties": {"fips": "25017324102", "gap_national": -75.8, "gap_stratum": -72.8, "burden": 17.3, "capacity": 79.1, "svi": 0.19, "top_decile_gap": 0.0, "stratum": "metropolitan", "scored": 1}, "geometry": {"type": "Polygon", "coordinates": [[[-71.533, 42.5527], [-71.5232, 42.5598], [-71.5209, 42.5643], [-71.498, 42.5769], [-71.4838, 42.5738], [-71.48, 42.5581], [-71.4688, 42.5517], [-71.49, 42.5433], [-71.5162, 42.5134], [-71.5314, 42.5204], [-71.5423, 42.5503], [-71.533, 42.5527]]]}}, {"type": "Feature", "properties": {"fips": "25017310500", "gap_national": -8.5, "gap_stratum": -7.0, "burden": 21.1, "capacity": 32.2, "svi": 0.62, "top_decile_gap": 0.0, "stratum": "metropolitan", "scored": 1}, "geometry": {"type": "Polygon", "coordinates": [[[-71.3279, 42.6606], [-71.3222, 42.6618], [-71.3154, 42.6547], [-71.3195, 42.6559], [-71.3305, 42.6496], [-71.3347, 42.6519], [-71.3279, 42.6606]]]}}, {"type": "Feature", "properties": {"fips": "25017312200", "gap_national": -26.0, "gap_stratum": -24.4, "burden": 24.3, "capacity": 48.8, "svi": 0.55, "top_decile_gap": 0.0, "stratum": "metropolitan", "scored": 1}, "geometry": {"type": "Polygon", "coordinates": [[[-71.3188, 42.6273], [-71.3127, 42.6327], [-71.3047, 42.6267], [-71.2963, 42.626], [-71.2964, 42.6147], [-71.318, 42.6138], [-71.3188, 42.6273]]]}}, {"type": "Feature", "properties": {"fips": "25017311500", "gap_national": -36.9, "gap_stratum": -34.5, "burden": 25.3, "capacity": 57.0, "svi": 0.52, "top_decile_gap": 0.0, "stratum": "metropolitan", "scored": 1}, "geometry": {"type": "Polygon", "coordinates": [[[-71.331, 42.6345], [-71.3296, 42.6267], [-71.3377, 42.6266], [-71.3393, 42.6335], [-71.331, 42.6345]]]}}, {"type": "Feature", "properties": {"fips": "25021417400", "gap_national": -61.8, "gap_stratum": -55.2, "burden": 35.9, "capacity": 88.0, "svi": 0.07, "top_decile_gap": 0.0, "stratum": "metropolitan", "scored": 1}, "geometry": {"type": "Polygon", "coordinates": [[[-71.0212, 42.2943], [-71.0107, 42.3043], [-71.0091, 42.3023], [-70.9905, 42.308], [-70.9874, 42.3061], [-71.0052, 42.3006], [-71.0046, 42.2945], [-71.0128, 42.2902], [-71.0202, 42.2905], [-71.0223, 42.2882], [-71.0209, 42.2863], [-71.0235, 42.2874], [-71.0212, 42.2943]]]}}, {"type": "Feature", "properties": {"fips": "25021418102", "gap_national": -53.8, "gap_stratum": -53.5, "burden": 13.9, "capacity": 59.8, "svi": 0.61, "top_decile_gap": 0.0, "stratum": "metropolitan", "scored": 1}, "geometry": {"type": "Polygon", "coordinates": [[[-71.0248, 42.2533], [-71.0255, 42.2502], [-71.0108, 42.2433], [-71.0228, 42.2432], [-71.03, 42.2505], [-71.0248, 42.2533]]]}}, {"type": "Feature", "properties": {"fips": "25021456101", "gap_national": -62.4, "gap_stratum": -56.5, "burden": 30.3, "capacity": 80.4, "svi": 0.14, "top_decile_gap": 0.0, "stratum": "metropolitan", "scored": 1}, "geometry": {"type": "Polygon", "coordinates": [[[-71.0987, 42.1223], [-71.0952, 42.1199], [-71.0867, 42.1201], [-71.0742, 42.112], [-71.072, 42.1132], [-71.0741, 42.1232], [-71.0699, 42.1254], [-71.0677, 42.1243], [-71.0603, 42.107], [-71.0613, 42.1032], [-71.0933, 42.0905], [-71.0991, 42.1056], [-71.1013, 42.1201], [-71.0987, 42.1223]]]}}, {"type": "Feature", "properties": {"fips": "25021404201", "gap_national": -91.2, "gap_stratum": -89.9, "burden": 10.1, "capacity": 90.0, "svi": 0.18, "top_decile_gap": 0.0, "stratum": "metropolitan", "scored": 1}, "geometry": {"type": "Polygon", "coordinates": [[[-71.2908, 42.3167], [-71.2942, 42.3186], [-71.2905, 42.3208], [-71.2918, 42.3226], [-71.27, 42.3281], [-71.2585, 42.3253], [-71.2771, 42.312], [-71.2965, 42.3061], [-71.2966, 42.3092], [-71.2908, 42.3167]]]}}, {"type": "Feature", "properties": {"fips": "25021422301", "gap_national": -64.6, "gap_stratum": -59.5, "burden": 26.7, "capacity": 78.5, "svi": 0.13, "top_decile_gap": 0.0, "stratum": "metropolitan", "scored": 1}, "geometry": {"type": "Polygon", "coordinates": [[[-70.9717, 42.2], [-70.9652, 42.207], [-70.9605, 42.208], [-70.9558, 42.1995], [-70.9553, 42.1797], [-70.9685, 42.1797], [-70.9741, 42.1843], [-70.9717, 42.2]]]}}, {"type": "Feature", "properties": {"fips": "25021404302", "gap_national": -87.0, "gap_stratum": -84.7, "burden": 15.9, "capacity": 92.5, "svi": 0.35, "top_decile_gap": 0.0, "stratum": "metropolitan", "scored": 1}, "geometry": {"type": "Polygon", "coordinates": [[[-71.292, 42.3071], [-71.287, 42.3024], [-71.2973, 42.2965], [-71.3217, 42.2939], [-71.3264, 42.3044], [-71.292, 42.3071]]]}}, {"type": "Feature", "properties": {"fips": "25021402300", "gap_national": -76.5, "gap_stratum": -72.8, "burden": 20.9, "capacity": 84.5, "svi": 0.35, "top_decile_gap": 0.0, "stratum": "metropolitan", "scored": 1}, "geometry": {"type": "Polygon", "coordinates": [[[-71.1484, 42.2354], [-71.1451, 42.2289], [-71.1499, 42.2249], [-71.139, 42.2272], [-71.1367, 42.2319], [-71.1308, 42.2279], [-71.1401, 42.2239], [-71.1423, 42.2117], [-71.1459, 42.2092], [-71.1667, 42.2236], [-71.1765, 42.2262], [-71.1484, 42.2354]]]}}, {"type": "Feature", "properties": {"fips": "25021442201", "gap_national": -74.7, "gap_stratum": -70.7, "burden": 21.9, "capacity": 83.5, "svi": 0.16, "top_decile_gap": 0.0, "stratum": "metropolitan", "scored": 1}, "geometry": {"type": "Polygon", "coordinates": [[[-71.4549, 42.059], [-71.4414, 42.0581], [-71.4321, 42.0601], [-71.4122, 42.0727], [-71.3965, 42.0627], [-71.3782, 42.0565], [-71.3883, 42.041], [-71.4559, 42.0349], [-71.4549, 42.059]]]}}, {"type": "Feature", "properties": {"fips": "25025130406", "gap_national": -20.6, "gap_stratum": -13.0, "burden": 50.9, "capacity": 65.8, "svi": 0.92, "top_decile_gap": 0.0, "stratum": "metropolitan", "scored": 1}, "geometry": {"type": "Polygon", "coordinates": [[[-71.1501, 42.2676], [-71.1464, 42.2646], [-71.147, 42.261], [-71.1428, 42.2559], [-71.1461, 42.253], [-71.1466, 42.2558], [-71.1521, 42.2582], [-71.1586, 42.2552], [-71.1616, 42.2575], [-71.1501, 42.2676]]]}}, {"type": "Feature", "properties": {"fips": "25025160300", "gap_national": -32.0, "gap_stratum": -24.2, "burden": 46.4, "capacity": 70.2, "svi": 0.87, "top_decile_gap": 0.0, "stratum": "metropolitan", "scored": 1}, "geometry": {"type": "Polygon", "coordinates": [[[-71.0445, 42.3924], [-71.0419, 42.3884], [-71.0392, 42.3899], [-71.0398, 42.3883], [-71.0313, 42.3862], [-71.032, 42.3846], [-71.0393, 42.3868], [-71.0443, 42.3832], [-71.0553, 42.3871], [-71.0507, 42.392], [-71.0445, 42.3924]]]}}, {"type": "Feature", "properties": {"fips": "25025170200", "gap_national": 16.3, "gap_stratum": 21.6, "burden": 62.2, "capacity": 50.0, "svi": 0.88, "top_decile_gap": 0.0, "stratum": "metropolitan", "scored": 1}, "geometry": {"type": "Polygon", "coordinates": [[[-71.0293, 42.4219], [-71.0084, 42.4161], [-71.0112, 42.4118], [-71.0317, 42.4174], [-71.0293, 42.4219]]]}}, {"type": "Feature", "properties": {"fips": "25025050101", "gap_national": 18.8, "gap_stratum": 23.7, "burden": 33.9, "capacity": 19.6, "svi": 0.89, "top_decile_gap": 0.0, "stratum": "metropolitan", "scored": 1}, "geometry": {"type": "Polygon", "coordinates": [[[-71.0393, 42.3868], [-71.0393, 42.3826], [-71.0334, 42.3826], [-71.0332, 42.3801], [-71.045, 42.3785], [-71.0393, 42.3868]]]}}, {"type": "Feature", "properties": {"fips": "25025080900", "gap_national": -24.7, "gap_stratum": -26.3, "burden": 3.9, "capacity": 32.9, "svi": 0.43, "top_decile_gap": 0.0, "stratum": "metropolitan", "scored": 1}, "geometry": {"type": "Polygon", "coordinates": [[[-71.1003, 42.3359], [-71.1013, 42.333], [-71.0972, 42.3318], [-71.0989, 42.3291], [-71.1052, 42.331], [-71.1053, 42.3331], [-71.1003, 42.3359]]]}}, {"type": "Feature", "properties": {"fips": "25025090200", "gap_national": 20.6, "gap_stratum": 26.0, "burden": 60.1, "capacity": 45.1, "svi": 0.95, "top_decile_gap": 0.0, "stratum": "metropolitan", "scored": 1}, "geometry": {"type": "Polygon", "coordinates": [[[-71.082, 42.3103], [-71.0739, 42.3077], [-71.0784, 42.3032], [-71.0831, 42.3088], [-71.082, 42.3103]]]}}, {"type": "Feature", "properties": {"fips": "25025090600", "gap_national": 30.3, "gap_stratum": 35.6, "burden": 62.4, "capacity": 39.7, "svi": 0.87, "top_decile_gap": 0.0, "stratum": "metropolitan", "scored": 1}, "geometry": {"type": "Polygon", "coordinates": [[[-71.0715, 42.3267], [-71.0675, 42.3233], [-71.0681, 42.3213], [-71.0776, 42.3209], [-71.0715, 42.3267]]]}}, {"type": "Feature", "properties": {"fips": "25025092300", "gap_national": 5.8, "gap_stratum": 11.6, "burden": 63.3, "capacity": 57.9, "svi": 0.86, "top_decile_gap": 0.0, "stratum": "metropolitan", "scored": 1}, "geometry": {"type": "Polygon", "coordinates": [[[-71.0723, 42.2967], [-71.0716, 42.2902], [-71.0781, 42.292], [-71.0789, 42.2967], [-71.0723, 42.2967]]]}}, {"type": "Feature", "properties": {"fips": "25025100400", "gap_national": -28.1, "gap_stratum": -19.5, "burden": 54.0, "capacity": 74.0, "svi": 0.9, "top_decile_gap": 0.0, "stratum": "metropolitan", "scored": 1}, "geometry": {"type": "Polygon", "coordinates": [[[-71.0753, 42.2797], [-71.0766, 42.2838], [-71.0643, 42.2857], [-71.0659, 42.2799], [-71.078, 42.2791], [-71.0753, 42.2797]]]}}, {"type": "Feature", "properties": {"fips": "25025000704", "gap_national": -29.0, "gap_stratum": -31.1, "burden": 1.5, "capacity": 35.7, "svi": 0.46, "top_decile_gap": 0.0, "stratum": "metropolitan", "scored": 1}, "geometry": {"type": "Polygon", "coordinates": [[[-71.1346, 42.3534], [-71.1321, 42.3531], [-71.1297, 42.3489], [-71.1343, 42.3466], [-71.1364, 42.3504], [-71.1346, 42.3534]]]}}, {"type": "Feature", "properties": {"fips": "25025140106", "gap_national": -13.6, "gap_stratum": -6.2, "burden": 54.2, "capacity": 63.6, "svi": 0.87, "top_decile_gap": 0.0, "stratum": "metropolitan", "scored": 1}, "geometry": {"type": "Polygon", "coordinates": [[[-71.137, 42.2783], [-71.1316, 42.2749], [-71.1366, 42.2715], [-71.1407, 42.2752], [-71.137, 42.2783]]]}}, {"type": "Feature", "properties": {"fips": "25001014700", "gap_national": -35.6, "gap_stratum": -27.8, "burden": 62.0, "capacity": 97.2, "svi": 0.24, "top_decile_gap": 0.0, "stratum": "metropolitan", "scored": 1}, "geometry": {"type": "Polygon", "coordinates": [[[-70.59, 41.581], [-70.5775, 41.5774], [-70.5638, 41.5789], [-70.5697, 41.561], [-70.5705, 41.5472], [-70.5806, 41.5442], [-70.5888, 41.5453], [-70.5924, 41.5601], [-70.5974, 41.558], [-70.5992, 41.5609], [-70.59, 41.581]]]}}, {"type": "Feature", "properties": {"fips": "25001012900", "gap_national": -56.6, "gap_stratum": -49.0, "burden": 42.2, "capacity": 91.7, "svi": 0.3, "top_decile_gap": 0.0, "stratum": "metropolitan", "scored": 1}, "geometry": {"type": "Polygon", "coordinates": [[[-70.3908, 41.6604], [-70.3856, 41.6678], [-70.3741, 41.6765], [-70.3705, 41.6768], [-70.3576, 41.6688], [-70.35, 41.6569], [-70.3715, 41.6523], [-70.3923, 41.6534], [-70.3908, 41.6604]]]}}, {"type": "Feature", "properties": {"fips": "25001015001", "gap_national": -57.7, "gap_stratum": -50.3, "burden": 41.1, "capacity": 91.2, "svi": 0.23, "top_decile_gap": 0.0, "stratum": "metropolitan", "scored": 1}, "geometry": {"type": "Polygon", "coordinates": [[[-70.5027, 41.6728], [-70.4972, 41.6706], [-70.4941, 41.6722], [-70.4972, 41.6835], [-70.4782, 41.6851], [-70.4749, 41.6783], [-70.4822, 41.666], [-70.4806, 41.6611], [-70.4754, 41.6597], [-70.4711, 41.666], [-70.4587, 41.664], [-70.4465, 41.6503], [-70.4531, 41.6418], [-70.4526, 41.6387], [-70.4663, 41.6371], [-70.4676, 41.6342], [-70.4646, 41.6325], [-70.4789, 41.6239], [-70.4808, 41.6282], [-70.4779, 41.637], [-70.4814, 41.6489], [-70.4869, 41.6498], [-70.5058, 41.6678], [-70.5027, 41.6728]]]}}, {"type": "Feature", "properties": {"fips": "25001011802", "gap_national": -57.7, "gap_stratum": -50.2, "burden": 43.0, "capacity": 97.6, "svi": 0.13, "top_decile_gap": 0.0, "stratum": "metropolitan", "scored": 1}, "geometry": {"type": "Polygon", "coordinates": [[[-70.2603, 41.7012], [-70.2563, 41.7032], [-70.2463, 41.7036], [-70.2408, 41.7066], [-70.2189, 41.7051], [-70.1984, 41.7185], [-70.1788, 41.7091], [-70.1824, 41.7056], [-70.1702, 41.6972], [-70.1699, 41.6937], [-70.2215, 41.6893], [-70.2395, 41.6855], [-70.2613, 41.6873], [-70.2603, 41.7012]]]}}, {"type": "Feature", "properties": {"fips": "25023541100", "gap_national": -59.4, "gap_stratum": -52.9, "burden": 34.0, "capacity": 82.0, "svi": 0.04, "top_decile_gap": 0.0, "stratum": "metropolitan", "scored": 1}, "geometry": {"type": "Polygon", "coordinates": [[[-70.8964, 41.7943], [-70.7718, 41.8089], [-70.7729, 41.8021], [-70.7778, 41.7968], [-70.7783, 41.7898], [-70.7743, 41.7699], [-70.7788, 41.7612], [-70.78, 41.7628], [-70.7866, 41.7569], [-70.7875, 41.7498], [-70.7858, 41.7474], [-70.7932, 41.7432], [-70.7937, 41.7347], [-70.7917, 41.7326], [-70.7962, 41.7284], [-70.7991, 41.7101], [-70.8435, 41.7053], [-70.8431, 41.7016], [-70.865, 41.7002], [-70.8864, 41.7602], [-70.9044, 41.758], [-70.9218, 41.7912], [-70.8964, 41.7943]]]}}, {"type": "Feature", "properties": {"fips": "25023502101", "gap_national": -43.8, "gap_stratum": -39.4, "burden": 29.4, "capacity": 64.5, "svi": 0.13, "top_decile_gap": 0.0, "stratum": "metropolitan", "scored": 1}, "geometry": {"type": "Polygon", "coordinates": [[[-70.9167, 42.1337], [-70.916, 42.1315], [-70.8957, 42.138], [-70.89, 42.1198], [-70.9035, 42.1241], [-70.9145, 42.1223], [-70.9277, 42.1126], [-70.9315, 42.1165], [-70.9346, 42.1283], [-70.9167, 42.1337]]]}}, {"type": "Feature", "properties": {"fips": "25023543100", "gap_national": -42.7, "gap_stratum": -34.2, "burden": 48.3, "capacity": 81.8, "svi": 0.15, "top_decile_gap": 0.0, "stratum": "metropolitan", "scored": 1}, "geometry": {"type": "Polygon", "coordinates": [[[-70.8229, 41.9845], [-70.8187, 41.9967], [-70.8069, 42.0106], [-70.8073, 42.0129], [-70.7993, 42.0136], [-70.7875, 41.9784], [-70.7657, 41.9671], [-70.7587, 41.9475], [-70.7717, 41.9461], [-70.8298, 41.9277], [-70.8631, 41.9568], [-70.8229, 41.9845]]]}}, {"type": "Feature", "properties": {"fips": "25023521202", "gap_national": -61.7, "gap_stratum": -57.1, "burden": 24.9, "capacity": 74.0, "svi": 0.04, "top_decile_gap": 0.0, "stratum": "metropolitan", "scored": 1}, "geometry": {"type": "Polygon", "coordinates": [[[-70.9239, 42.0833], [-70.9282, 42.0909], [-70.9258, 42.0943], [-70.9269, 42.0981], [-70.9159, 42.1001], [-70.9024, 42.0859], [-70.913, 42.0844], [-70.9082, 42.0617], [-70.9129, 42.065], [-70.929, 42.0662], [-70.9318, 42.074], [-70.9239, 42.0833]]]}}, {"type": "Feature", "properties": {"fips": "25023510700", "gap_national": -33.8, "gap_stratum": -25.8, "burden": 46.1, "capacity": 71.2, "svi": 0.69, "top_decile_gap": 0.0, "stratum": "metropolitan", "scored": 1}, "geometry": {"type": "Polygon", "coordinates": [[[-71.0335, 42.0903], [-71.0306, 42.0711], [-71.0389, 42.0698], [-71.0441, 42.0718], [-71.0427, 42.0745], [-71.046, 42.0889], [-71.0335, 42.0903]]]}}, {"type": "Feature", "properties": {"fips": "25023523201", "gap_national": -36.6, "gap_stratum": -28.4, "burden": 46.1, "capacity": 73.5, "svi": 0.15, "top_decile_gap": 0.0, "stratum": "metropolitan", "scored": 1}, "geometry": {"type": "Polygon", "coordinates": [[[-70.9809, 42.0688], [-70.9752, 42.0712], [-70.9507, 42.0608], [-70.958, 42.0363], [-70.9514, 42.0308], [-70.9522, 42.0292], [-70.9681, 42.0353], [-70.973, 42.0335], [-70.9817, 42.039], [-70.9864, 42.0428], [-70.9899, 42.0595], [-70.9809, 42.0688]]]}}, {"type": "Feature", "properties": {"fips": "25009251000", "gap_national": 58.0, "gap_stratum": 63.8, "burden": 67.8, "capacity": 19.9, "svi": 1.0, "top_decile_gap": 1.0, "stratum": "metropolitan", "scored": 1}, "geometry": {"type": "Polygon", "coordinates": [[[-71.1562, 42.7145], [-71.1556, 42.7092], [-71.1618, 42.7085], [-71.1631, 42.7142], [-71.1562, 42.7145]]]}}, {"type": "Feature", "properties": {"fips": "25009251300", "gap_national": 75.3, "gap_stratum": 77.3, "burden": 83.4, "capacity": 19.3, "svi": 0.99, "top_decile_gap": 1.0, "stratum": "metropolitan", "scored": 1}, "geometry": {"type": "Polygon", "coordinates": [[[-71.176, 42.6976], [-71.1737, 42.701], [-71.1758, 42.7066], [-71.1711, 42.7084], [-71.1665, 42.7005], [-71.1743, 42.695], [-71.1781, 42.6981], [-71.176, 42.6976]]]}}, {"type": "Feature", "properties": {"fips": "25009205100", "gap_national": -29.9, "gap_stratum": -23.8, "burden": 39.7, "capacity": 63.3, "svi": 0.46, "top_decile_gap": 0.0, "stratum": "metropolitan", "scored": 1}, "geometry": {"type": "Polygon", "coordinates": [[[-70.9341, 42.4908], [-70.9311, 42.485], [-70.939, 42.4773], [-70.9462, 42.4816], [-70.9458, 42.4833], [-70.9511, 42.4826], [-70.9509, 42.495], [-70.9341, 42.4908]]]}}, {"type": "Feature", "properties": {"fips": "25009205900", "gap_national": -0.8, "gap_stratum": 3.1, "burden": 35.9, "capacity": 40.0, "svi": 0.7, "top_decile_gap": 0.0, "stratum": "metropolitan", "scored": 1}, "geometry": {"type": "Polygon", "coordinates": [[[-70.9746, 42.4695], [-70.9649, 42.4733], [-70.9624, 42.4718], [-70.9641, 42.4665], [-70.9748, 42.4639], [-70.9746, 42.4695]]]}}, {"type": "Feature", "properties": {"fips": "25009206500", "gap_national": 54.2, "gap_stratum": 59.2, "burden": 69.3, "capacity": 25.8, "svi": 0.95, "top_decile_gap": 1.0, "stratum": "metropolitan", "scored": 1}, "geometry": {"type": "Polygon", "coordinates": [[[-70.9386, 42.4702], [-70.9266, 42.476], [-70.9249, 42.4726], [-70.9378, 42.4666], [-70.9386, 42.4702]]]}}, {"type": "Feature", "properties": {"fips": "25009266400", "gap_national": -53.6, "gap_stratum": -47.2, "burden": 33.1, "capacity": 75.1, "svi": 0.4, "top_decile_gap": 0.0, "stratum": "metropolitan", "scored": 1}, "geometry": {"type": "Polygon", "coordinates": [[[-70.9146, 42.8866], [-70.9, 42.8468], [-70.9068, 42.8471], [-70.9209, 42.8542], [-70.9236, 42.8583], [-70.9301, 42.858], [-70.9287, 42.8703], [-70.9306, 42.8846], [-70.9146, 42.8866]]]}}, {"type": "Feature", "properties": {"fips": "25009217500", "gap_national": -69.8, "gap_stratum": -65.8, "burden": 21.8, "capacity": 78.1, "svi": 0.35, "top_decile_gap": 0.0, "stratum": "metropolitan", "scored": 1}, "geometry": {"type": "Polygon", "coordinates": [[[-70.8682, 42.5625], [-70.8603, 42.5584], [-70.8609, 42.5529], [-70.8566, 42.5469], [-70.8611, 42.5451], [-70.8686, 42.5485], [-70.8759, 42.5434], [-70.8802, 42.5458], [-70.8779, 42.5497], [-70.8784, 42.5568], [-70.8803, 42.5578], [-70.8682, 42.5625]]]}}, {"type": "Feature", "properties": {"fips": "25009264100", "gap_national": -69.8, "gap_stratum": -64.7, "burden": 27.7, "capacity": 85.7, "svi": 0.05, "top_decile_gap": 0.0, "stratum": "metropolitan", "scored": 1}, "geometry": {"type": "Polygon", "coordinates": [[[-71.0445, 42.749], [-71.0426, 42.757], [-71.038, 42.7589], [-71.0246, 42.7752], [-71.0204, 42.7843], [-70.9597, 42.7538], [-70.9795, 42.7487], [-71.0113, 42.7342], [-71.027, 42.7313], [-71.0346, 42.7324], [-71.0316, 42.718], [-71.0589, 42.7325], [-71.0445, 42.749]]]}}, {"type": "Feature", "properties": {"fips": "25009204500", "gap_national": -72.1, "gap_stratum": -70.0, "burden": 13.9, "capacity": 72.7, "svi": 0.25, "top_decile_gap": 0.0, "stratum": "metropolitan", "scored": 1}, "geometry": {"type": "Polygon", "coordinates": [[[-70.8961, 42.5267], [-70.8903, 42.5393], [-70.8875, 42.5364], [-70.8806, 42.5374], [-70.8857, 42.5277], [-70.8901, 42.5287], [-70.8924, 42.5255], [-70.8905, 42.5225], [-70.9039, 42.5192], [-70.9056, 42.5212], [-70.8961, 42.5267]]]}}, {"type": "Feature", "properties": {"fips": "25009252101", "gap_national": -36.1, "gap_stratum": -29.4, "burden": 39.8, "capacity": 67.7, "svi": 0.57, "top_decile_gap": 0.0, "stratum": "metropolitan", "scored": 1}, "geometry": {"type": "Polygon", "coordinates": [[[-71.2043, 42.7067], [-71.2054, 42.7079], [-71.1969, 42.7152], [-71.1942, 42.7094], [-71.1909, 42.7107], [-71.1889, 42.6963], [-71.2099, 42.7006], [-71.2105, 42.7049], [-71.2043, 42.7067]]]}}, {"type": "Feature", "properties": {"fips": "25009252400", "gap_national": 9.0, "gap_stratum": 13.4, "burden": 35.4, "capacity": 31.2, "svi": 0.85, "top_decile_gap": 0.0, "stratum": "metropolitan", "scored": 1}, "geometry": {"type": "Polygon", "coordinates": [[[-71.1801, 42.7257], [-71.1686, 42.7257], [-71.1825, 42.7157], [-71.1845, 42.7182], [-71.1818, 42.7215], [-71.1851, 42.7254], [-71.1843, 42.7277], [-71.1801, 42.7257]]]}}, {"type": "Feature", "properties": {"fips": "25009210100", "gap_national": -57.3, "gap_stratum": -50.0, "burden": 39.6, "capacity": 87.7, "svi": 0.11, "top_decile_gap": 0.0, "stratum": "metropolitan", "scored": 1}, "geometry": {"type": "Polygon", "coordinates": [[[-71.0298, 42.5652], [-71.0292, 42.57], [-71.0233, 42.5704], [-70.9798, 42.5559], [-70.9833, 42.5484], [-71.0319, 42.5527], [-71.0348, 42.5655], [-71.0298, 42.5652]]]}}, {"type": "Feature", "properties": {"fips": "25005652700", "gap_national": 51.0, "gap_stratum": 54.5, "burden": 74.1, "capacity": 33.9, "svi": 0.85, "top_decile_gap": 0.0, "stratum": "metropolitan", "scored": 1}, "geometry": {"type": "Polygon", "coordinates": [[[-70.9117, 41.6177], [-70.9055, 41.6114], [-70.9171, 41.6079], [-70.9216, 41.6132], [-70.9117, 41.6177]]]}}, {"type": "Feature", "properties": {"fips": "25005641400", "gap_national": 43.3, "gap_stratum": 44.5, "burden": 81.0, "capacity": 45.7, "svi": 0.9, "top_decile_gap": 0.0, "stratum": "metropolitan", "scored": 1}, "geometry": {"type": "Polygon", "coordinates": [[[-71.1398, 41.6952], [-71.1302, 41.6873], [-71.1304, 41.6821], [-71.1401, 41.6882], [-71.1398, 41.6952]]]}}, {"type": "Feature", "properties": {"fips": "25005613800", "gap_national": 21.5, "gap_stratum": 26.0, "burden": 68.1, "capacity": 51.2, "svi": 0.91, "top_decile_gap": 0.0, "stratum": "metropolitan", "scored": 1}, "geometry": {"type": "Polygon", "coordinates": [[[-71.1066, 41.9098], [-71.099, 41.9029], [-71.0981, 41.9097], [-71.0948, 41.909], [-71.0939, 41.9126], [-71.09, 41.9136], [-71.0921, 41.9076], [-71.0887, 41.9068], [-71.0885, 41.9007], [-71.0929, 41.8943], [-71.101, 41.894], [-71.0982, 41.8971], [-71.1034, 41.9009], [-71.1021, 41.9038], [-71.1109, 41.9079], [-71.1066, 41.9098]]]}}, {"type": "Feature", "properties": {"fips": "25005650800", "gap_national": 69.8, "gap_stratum": 71.4, "burden": 83.5, "capacity": 25.2, "svi": 0.97, "top_decile_gap": 1.0, "stratum": "metropolitan", "scored": 1}, "geometry": {"type": "Polygon", "coordinates": [[[-70.9341, 41.6604], [-70.9374, 41.6658], [-70.9308, 41.6657], [-70.9293, 41.6574], [-70.933, 41.6569], [-70.9323, 41.6536], [-70.9352, 41.6536], [-70.938, 41.6602], [-70.9341, 41.6604]]]}}, {"type": "Feature", "properties": {"fips": "25005640901", "gap_national": 17.5, "gap_stratum": 23.2, "burden": 54.7, "capacity": 42.6, "svi": 0.74, "top_decile_gap": 0.0, "stratum": "metropolitan", "scored": 1}, "geometry": {"type": "Polygon", "coordinates": [[[-71.1705, 41.6992], [-71.1545, 41.6942], [-71.1573, 41.6923], [-71.1778, 41.6958], [-71.1705, 41.6992]]]}}, {"type": "Feature", "properties": {"fips": "25005641500", "gap_national": 28.9, "gap_stratum": 32.4, "burden": 72.6, "capacity": 49.7, "svi": 0.79, "top_decile_gap": 0.0, "stratum": "metropolitan", "scored": 1}, "geometry": {"type": "Polygon", "coordinates": [[[-71.1262, 41.6891], [-71.125, 41.6871], [-71.1271, 41.6848], [-71.1239, 41.6818], [-71.1304, 41.6821], [-71.1305, 41.6925], [-71.1262, 41.6891]]]}}, {"type": "Feature", "properties": {"fips": "25005644102", "gap_national": -50.7, "gap_stratum": -42.8, "burden": 43.7, "capacity": 84.9, "svi": 0.16, "top_decile_gap": 0.0, "stratum": "metropolitan", "scored": 1}, "geometry": {"type": "Polygon", "coordinates": [[[-71.1532, 41.7896], [-71.1255, 41.7911], [-71.1196, 41.791], [-71.1145, 41.7788], [-71.1294, 41.7599], [-71.1348, 41.7648], [-71.1342, 41.7672], [-71.1384, 41.7692], [-71.1539, 41.769], [-71.1532, 41.7896]]]}}, {"type": "Feature", "properties": {"fips": "25005650400", "gap_national": 22.2, "gap_stratum": 27.1, "burden": 65.0, "capacity": 48.1, "svi": 0.78, "top_decile_gap": 0.0, "stratum": "metropolitan", "scored": 1}, "geometry": {"type": "Polygon", "coordinates": [[[-70.9248, 41.6726], [-70.9155, 41.6741], [-70.9175, 41.6663], [-70.9223, 41.6658], [-70.9288, 41.6659], [-70.9276, 41.6693], [-70.9297, 41.6691], [-70.9301, 41.6731], [-70.9248, 41.6726]]]}}, {"type": "Feature", "properties": {"fips": "25005651600", "gap_national": 25.7, "gap_stratum": 29.4, "burden": 72.0, "capacity": 51.4, "svi": 0.54, "top_decile_gap": 0.0, "stratum": "metropolitan", "scored": 1}, "geometry": {"type": "Polygon", "coordinates": [[[-70.9378, 41.6378], [-70.9365, 41.6314], [-70.948, 41.6301], [-70.9492, 41.6365], [-70.9378, 41.6378]]]}}, {"type": "Feature", "properties": {"fips": "25005651002", "gap_national": -5.3, "gap_stratum": 1.5, "burden": 68.2, "capacity": 69.2, "svi": 0.38, "top_decile_gap": 0.0, "stratum": "metropolitan", "scored": 1}, "geometry": {"type": "Polygon", "coordinates": [[[-70.9572, 41.6363], [-70.9576, 41.6453], [-70.9534, 41.6522], [-70.9434, 41.6523], [-70.9398, 41.6465], [-70.9417, 41.6463], [-70.9406, 41.6432], [-70.9483, 41.6425], [-70.9498, 41.6394], [-70.9474, 41.6281], [-70.9539, 41.6274], [-70.9596, 41.6367], [-70.9572, 41.6363]]]}}, {"type": "Feature", "properties": {"fips": "25005641200", "gap_national": 59.6, "gap_stratum": 61.1, "burden": 81.9, "capacity": 33.4, "svi": 0.87, "top_decile_gap": 1.0, "stratum": "metropolitan", "scored": 1}, "geometry": {"type": "Polygon", "coordinates": [[[-71.1522, 41.7024], [-71.1485, 41.7017], [-71.1474, 41.7052], [-71.1403, 41.7039], [-71.1417, 41.6964], [-71.1392, 41.6889], [-71.1499, 41.6966], [-71.1536, 41.6961], [-71.1522, 41.7024]]]}}, {"type": "Feature", "properties": {"fips": "25015820500", "gap_national": -21.8, "gap_stratum": -19.0, "burden": 29.9, "capacity": 50.4, "svi": 0.62, "top_decile_gap": 0.0, "stratum": "metropolitan", "scored": 1}, "geometry": {"type": "Polygon", "coordinates": [[[-72.5346, 42.3736], [-72.5328, 42.3738], [-72.5319, 42.3807], [-72.5279, 42.3814], [-72.5287, 42.3847], [-72.521, 42.3853], [-72.5188, 42.389], [-72.4981, 42.3869], [-72.5012, 42.3729], [-72.5158, 42.3732], [-72.5215, 42.3758], [-72.5209, 42.3557], [-72.5236, 42.3522], [-72.537, 42.35], [-72.5346, 42.3736]]]}}, {"type": "Feature", "properties": {"fips": "25015821601", "gap_national": -61.3, "gap_stratum": -54.5, "burden": 36.8, "capacity": 88.8, "svi": 0.74, "top_decile_gap": 0.0, "stratum": "metropolitan", "scored": 1}, "geometry": {"type": "Polygon", "coordinates": [[[-72.6403, 42.3753], [-72.6339, 42.3512], [-72.6375, 42.3493], [-72.6389, 42.3447], [-72.623, 42.343], [-72.6185, 42.3372], [-72.6324, 42.3303], [-72.632, 42.3277], [-72.645, 42.3321], [-72.6453, 42.3297], [-72.6522, 42.3313], [-72.6558, 42.3388], [-72.6714, 42.3445], [-72.6709, 42.3495], [-72.6736, 42.355], [-72.6704, 42.3676], [-72.6753, 42.371], [-72.6403, 42.3753]]]}}, {"type": "Feature", "properties": {"fips": "25015821000", "gap_national": -64.0, "gap_stratum": -57.7, "burden": 34.8, "capacity": 89.3, "svi": 0.21, "top_decile_gap": 0.0, "stratum": "metropolitan", "scored": 1}, "geometry": {"type": "Polygon", "coordinates": [[[-72.5778, 42.2528], [-72.5556, 42.2502], [-72.5464, 42.2165], [-72.5722, 42.2138], [-72.5712, 42.2252], [-72.5834, 42.2356], [-72.5778, 42.2528]]]}}, {"type": "Feature", "properties": {"fips": "25027732301", "gap_national": 10.9, "gap_stratum": 15.6, "burden": 73.4, "capacity": 62.2, "svi": 0.47, "top_decile_gap": 0.0, "stratum": "metropolitan", "scored": 1}, "geometry": {"type": "Polygon", "coordinates": [[[-71.7668, 42.2508], [-71.7674, 42.2579], [-71.7646, 42.2594], [-71.759, 42.2597], [-71.7588, 42.2576], [-71.753, 42.2558], [-71.7545, 42.2634], [-71.7529, 42.2636], [-71.7461, 42.2438], [-71.742, 42.2431], [-71.7557, 42.2412], [-71.7663, 42.2472], [-71.7724, 42.2467], [-71.7809, 42.2508], [-71.7668, 42.2508]]]}}, {"type": "Feature", "properties": {"fips": "25027711000", "gap_national": 20.3, "gap_stratum": 26.2, "burden": 48.8, "capacity": 34.9, "svi": 0.88, "top_decile_gap": 0.0, "stratum": "metropolitan", "scored": 1}, "geometry": {"type": "Polygon", "coordinates": [[[-71.7845, 42.5884], [-71.7715, 42.5935], [-71.772, 42.586], [-71.7903, 42.5815], [-71.7906, 42.5841], [-71.7949, 42.5861], [-71.7845, 42.5884]]]}}, {"type": "Feature", "properties": {"fips": "25027731204", "gap_national": 44.2, "gap_stratum": 50.6, "burden": 60.7, "capacity": 25.6, "svi": 0.9, "top_decile_gap": 0.0, "stratum": "metropolitan", "scored": 1}, "geometry": {"type": "Polygon", "coordinates": [[[-71.8236, 42.2495], [-71.8217, 42.2449], [-71.8286, 42.2421], [-71.833, 42.2451], [-71.8236, 42.2495]]]}}, {"type": "Feature", "properties": {"fips": "25027742401", "gap_national": -86.0, "gap_stratum": -83.8, "burden": 14.3, "capacity": 87.7, "svi": 0.02, "top_decile_gap": 0.0, "stratum": "metropolitan", "scored": 1}, "geometry": {"type": "Polygon", "coordinates": [[[-71.6323, 42.256], [-71.6248, 42.2631], [-71.6183, 42.2514], [-71.6135, 42.2596], [-71.6103, 42.2603], [-71.5933, 42.2564], [-71.5899, 42.2513], [-71.5993, 42.226], [-71.6211, 42.2309], [-71.6444, 42.2266], [-71.6513, 42.2506], [-71.6323, 42.256]]]}}, {"type": "Feature", "properties": {"fips": "25027731500", "gap_national": 61.3, "gap_stratum": 60.7, "burden": 88.5, "capacity": 37.2, "svi": 0.96, "top_decile_gap": 1.0, "stratum": "metropolitan", "scored": 1}, "geometry": {"type": "Polygon", "coordinates": [[[-71.8183, 42.2664], [-71.806, 42.2638], [-71.8067, 42.2602], [-71.8216, 42.2617], [-71.8183, 42.2664]]]}}, {"type": "Feature", "properties": {"fips": "25027732902", "gap_national": -18.7, "gap_stratum": -20.2, "burden": 1.7, "capacity": 26.4, "svi": null, "top_decile_gap": 0.0, "stratum": "metropolitan", "scored": 1}, "geometry": {"type": "Polygon", "coordinates": [[[-71.8038, 42.244], [-71.7964, 42.2353], [-71.8006, 42.236], [-71.8038, 42.2314], [-71.8084, 42.2368], [-71.8111, 42.2362], [-71.8123, 42.2414], [-71.8038, 42.244]]]}}, {"type": "Feature", "properties": {"fips": "25027739300", "gap_national": -81.1, "gap_stratum": -79.0, "burden": 12.3, "capacity": 79.2, "svi": 0.27, "top_decile_gap": 0.0, "stratum": "metropolitan", "scored": 1}, "geometry": {"type": "Polygon", "coordinates": [[[-71.7329, 42.2827], [-71.7137, 42.2966], [-71.7112, 42.2769], [-71.7385, 42.2757], [-71.7329, 42.2827]]]}}, {"type": "Feature", "properties": {"fips": "25027709701", "gap_national": -42.4, "gap_stratum": -34.4, "burden": 43.3, "capacity": 75.8, "svi": 0.47, "top_decile_gap": 0.0, "stratum": "metropolitan", "scored": 1}, "geometry": {"type": "Polygon", "coordinates": [[[-71.786, 42.551], [-71.7713, 42.5592], [-71.7643, 42.5551], [-71.7598, 42.5478], [-71.7594, 42.5424], [-71.7671, 42.5422], [-71.7656, 42.5348], [-71.7692, 42.5298], [-71.7648, 42.5276], [-71.7756, 42.5254], [-71.7757, 42.535], [-71.7797, 42.5366], [-71.7805, 42.542], [-71.7932, 42.5517], [-71.786, 42.551]]]}}, {"type": "Feature", "properties": {"fips": "25027727100", "gap_national": -73.7, "gap_stratum": -70.6, "burden": 17.8, "capacity": 77.5, "svi": 0.09, "top_decile_gap": 0.0, "stratum": "metropolitan", "scored": 1}, "geometry": {"type": "Polygon", "coordinates": [[[-71.9206, 42.3476], [-71.9054, 42.3494], [-71.9017, 42.3417], [-71.9058, 42.3405], [-71.9035, 42.3357], [-71.9112, 42.3333], [-71.8915, 42.2957], [-71.879, 42.2975], [-71.8822, 42.292], [-71.8754, 42.2865], [-71.884, 42.2813], [-71.8856, 42.2846], [-71.9605, 42.2814], [-71.9673, 42.3107], [-71.9894, 42.3102], [-71.9938, 42.3193], [-71.9206, 42.3476]]]}}, {"type": "Feature", "properties": {"fips": "25027731300", "gap_national": 54.3, "gap_stratum": 60.2, "burden": 66.5, "capacity": 22.2, "svi": 0.99, "top_decile_gap": 1.0, "stratum": "metropolitan", "scored": 1}, "geometry": {"type": "Polygon", "coordinates": [[[-71.8073, 42.2582], [-71.8046, 42.2556], [-71.8217, 42.2449], [-71.8236, 42.2495], [-71.8073, 42.2582]]]}}, {"type": "Feature", "properties": {"fips": "25027761300", "gap_national": -55.0, "gap_stratum": -50.2, "burden": 27.1, "capacity": 70.7, "svi": 0.35, "top_decile_gap": 0.0, "stratum": "metropolitan", "scored": 1}, "geometry": {"type": "Polygon", "coordinates": [[[-71.7312, 42.2413], [-71.7047, 42.2484], [-71.6745, 42.2524], [-71.6709, 42.2447], [-71.6626, 42.2459], [-71.6641, 42.2408], [-71.673, 42.2398], [-71.6743, 42.2442], [-71.6772, 42.2439], [-71.679, 42.2389], [-71.6816, 42.2406], [-71.6901, 42.2353], [-71.6869, 42.2273], [-71.7131, 42.2234], [-71.7302, 42.2228], [-71.7334, 42.238], [-71.7312, 42.2413]]]}}, {"type": "Feature", "properties": {"fips": "25027757400", "gap_national": -26.5, "gap_stratum": -57.8, "burden": 50.0, "capacity": 69.2, "svi": 0.72, "top_decile_gap": 0.0, "stratum": "micropolitan", "scored": 1}, "geometry": {"type": "Polygon", "coordinates": [[[-72.0512, 42.0771], [-72.0439, 42.0769], [-72.0333, 42.0725], [-72.0378, 42.0638], [-72.0466, 42.0642], [-72.0566, 42.0687], [-72.0512, 42.0771]]]}}, {"type": "Feature", "properties": {"fips": "25021441203", "gap_national": -67.9, "gap_stratum": -62.3, "burden": 29.7, "capacity": 86.2, "svi": 0.37, "top_decile_gap": 0.0, "stratum": "metropolitan", "scored": 1}, "geometry": {"type": "Polygon", "coordinates": [[[-71.3383, 42.0561], [-71.3037, 42.087], [-71.2851, 42.0824], [-71.2877, 42.0769], [-71.2891, 42.045], [-71.314, 42.038], [-71.3449, 42.0403], [-71.3558, 42.0444], [-71.3383, 42.0561]]]}}, {"type": "Feature", "properties": {"fips": "25009254401", "gap_national": -85.6, "gap_stratum": -84.1, "burden": 9.5, "capacity": 81.7, "svi": 0.16, "top_decile_gap": 0.0, "stratum": "metropolitan", "scored": 1}, "geometry": {"type": "Polygon", "coordinates": [[[-71.1721, 42.675], [-71.173, 42.6675], [-71.1665, 42.6605], [-71.15, 42.6593], [-71.1469, 42.6572], [-71.1508, 42.6528], [-71.1511, 42.6462], [-71.1611, 42.6443], [-71.1712, 42.6516], [-71.1821, 42.6493], [-71.1862, 42.6461], [-71.1945, 42.6643], [-71.1721, 42.675]]]}}, {"type": "Feature", "properties": {"fips": "25017354100", "gap_national": -84.6, "gap_stratum": -83.4, "burden": 7.1, "capacity": 78.8, "svi": 0.24, "top_decile_gap": 0.0, "stratum": "metropolitan", "scored": 1}, "geometry": {"type": "Polygon", "coordinates": [[[-71.1289, 42.3811], [-71.1186, 42.3734], [-71.1232, 42.3689], [-71.1306, 42.3747], [-71.1289, 42.3811]]]}}, {"type": "Feature", "properties": {"fips": "25017382602", "gap_national": -80.0, "gap_stratum": -76.3, "burden": 21.9, "capacity": 91.5, "svi": 0.5, "top_decile_gap": 0.0, "stratum": "metropolitan", "scored": 1}, "geometry": {"type": "Polygon", "coordinates": [[[-71.3875, 42.3021], [-71.3831, 42.3077], [-71.3768, 42.2961], [-71.3754, 42.2838], [-71.3994, 42.2806], [-71.4025, 42.2933], [-71.3875, 42.3021]]]}}, {"type": "Feature", "properties": {"fips": "25025070402", "gap_national": -23.2, "gap_stratum": -21.7, "burden": 24.0, "capacity": 46.6, "svi": 0.75, "top_decile_gap": 0.0, "stratum": "metropolitan", "scored": 1}, "geometry": {"type": "Polygon", "coordinates": [[[-71.0682, 42.3479], [-71.0607, 42.3463], [-71.0622, 42.3429], [-71.0699, 42.3453], [-71.0682, 42.3479]]]}}, {"type": "Feature", "properties": {"fips": "25025080300", "gap_national": 30.5, "gap_stratum": 34.8, "burden": 68.3, "capacity": 44.9, "svi": 0.91, "top_decile_gap": 0.0, "stratum": "metropolitan", "scored": 1}, "geometry": {"type": "Polygon", "coordinates": [[[-71.0793, 42.3285], [-71.0775, 42.3309], [-71.075, 42.3291], [-71.0752, 42.326], [-71.0766, 42.3271], [-71.0796, 42.3242], [-71.0833, 42.326], [-71.0834, 42.3287], [-71.0793, 42.3285]]]}}, {"type": "Feature", "properties": {"fips": "25025981700", "gap_national": null, "gap_stratum": null, "burden": null, "capacity": null, "svi": null, "top_decile_gap": null, "stratum": null, "scored": 0}, "geometry": {"type": "Polygon", "coordinates": [[[-71.0632, 42.3577], [-71.0623, 42.3563], [-71.0646, 42.3524], [-71.0707, 42.3519], [-71.0726, 42.3554], [-71.0632, 42.3577]]]}}, {"type": "Feature", "properties": {"fips": "25023510300", "gap_national": 35.0, "gap_stratum": 38.8, "burden": 70.7, "capacity": 43.7, "svi": 0.93, "top_decile_gap": 0.0, "stratum": "metropolitan", "scored": 1}, "geometry": {"type": "Polygon", "coordinates": [[[-71.022, 42.1068], [-71.0168, 42.0976], [-71.0275, 42.0962], [-71.0346, 42.0982], [-71.035, 42.1009], [-71.022, 42.1068]]]}}, {"type": "Feature", "properties": {"fips": "25009217102", "gap_national": -61.8, "gap_stratum": -55.1, "burden": 36.4, "capacity": 88.9, "svi": 0.44, "top_decile_gap": 0.0, "stratum": "metropolitan", "scored": 1}, "geometry": {"type": "Polygon", "coordinates": [[[-70.8818, 42.5909], [-70.8854, 42.5709], [-70.8913, 42.57], [-70.8952, 42.5743], [-70.9084, 42.5715], [-70.9223, 42.5915], [-70.8818, 42.5909]]]}}, {"type": "Feature", "properties": {"fips": "25009202103", "gap_national": -46.3, "gap_stratum": -40.4, "burden": 33.4, "capacity": 69.5, "svi": 0.12, "top_decile_gap": 0.0, "stratum": "metropolitan", "scored": 1}, "geometry": {"type": "Polygon", "coordinates": [[[-70.9135, 42.4859], [-70.9066, 42.4843], [-70.914, 42.4823], [-70.9218, 42.4758], [-70.9265, 42.4757], [-70.9341, 42.4908], [-70.9135, 42.4859]]]}}, {"type": "Feature", "properties": {"fips": "25027710602", "gap_national": 24.3, "gap_stratum": 28.7, "burden": 68.3, "capacity": 49.4, "svi": 0.83, "top_decile_gap": 0.0, "stratum": "metropolitan", "scored": 1}, "geometry": {"type": "Polygon", "coordinates": [[[-71.8042, 42.5787], [-71.7971, 42.5763], [-71.7921, 42.5772], [-71.7941, 42.5791], [-71.7904, 42.5799], [-71.7881, 42.5795], [-71.7878, 42.5731], [-71.7789, 42.5677], [-71.7806, 42.564], [-71.7855, 42.5704], [-71.7886, 42.5691], [-71.7904, 42.573], [-71.7985, 42.5683], [-71.8065, 42.5669], [-71.8042, 42.5787]]]}}, {"type": "Feature", "properties": {"fips": "25027731602", "gap_national": 3.6, "gap_stratum": 5.7, "burden": 20.7, "capacity": 19.7, "svi": 0.35, "top_decile_gap": 0.0, "stratum": "metropolitan", "scored": 1}, "geometry": {"type": "Polygon", "coordinates": [[[-71.8094, 42.2776], [-71.7997, 42.2714], [-71.8164, 42.2703], [-71.8094, 42.2776]]]}}, {"type": "Feature", "properties": {"fips": "25027739401", "gap_national": -69.3, "gap_stratum": -64.0, "burden": 28.8, "capacity": 86.7, "svi": 0.39, "top_decile_gap": 0.0, "stratum": "metropolitan", "scored": 1}, "geometry": {"type": "Polygon", "coordinates": [[[-71.6936, 42.2961], [-71.6803, 42.3042], [-71.677, 42.2861], [-71.6729, 42.2818], [-71.7112, 42.2769], [-71.7137, 42.2966], [-71.6936, 42.2961]]]}}, {"type": "Feature", "properties": {"fips": "25019950202", "gap_national": -69.1, "gap_stratum": -77.4, "burden": 12.8, "capacity": 69.5, "svi": 0.17, "top_decile_gap": 0.0, "stratum": "micropolitan", "scored": 1}, "geometry": {"type": "Polygon", "coordinates": [[[-70.1546, 41.2562], [-70.1443, 41.2624], [-70.1309, 41.28], [-70.129, 41.2772], [-70.1191, 41.2746], [-70.1236, 41.2694], [-70.1181, 41.2613], [-70.1122, 41.2659], [-70.0999, 41.2685], [-70.0974, 41.2594], [-70.1028, 41.2491], [-70.1, 41.2466], [-70.1034, 41.2431], [-70.1023, 41.2407], [-70.1187, 41.2424], [-70.1622, 41.2557], [-70.1546, 41.2562]]]}}, {"type": "Feature", "properties": {"fips": "25009206000", "gap_national": 17.4, "gap_stratum": 22.6, "burden": 37.8, "capacity": 26.0, "svi": 0.83, "top_decile_gap": 0.0, "stratum": "metropolitan", "scored": 1}, "geometry": {"type": "Polygon", "coordinates": [[[-70.96, 42.47], [-70.9582, 42.4636], [-70.9657, 42.4625], [-70.9666, 42.4657], [-70.9696, 42.4654], [-70.96, 42.47]]]}}, {"type": "Feature", "properties": {"fips": "25009204102", "gap_national": -61.9, "gap_stratum": -59.0, "burden": 19.5, "capacity": 69.4, "svi": 0.49, "top_decile_gap": 0.0, "stratum": "metropolitan", "scored": 1}, "geometry": {"type": "Polygon", "coordinates": [[[-70.8983, 42.5073], [-70.8948, 42.5019], [-70.886, 42.4963], [-70.8908, 42.4936], [-70.8899, 42.4901], [-70.8942, 42.486], [-70.9066, 42.4843], [-70.9135, 42.4859], [-70.8983, 42.5073]]]}}, {"type": "Feature", "properties": {"fips": "25009268400", "gap_national": -71.8, "gap_stratum": -66.3, "burden": 30.6, "capacity": 96.0, "svi": 0.15, "top_decile_gap": 0.0, "stratum": "metropolitan", "scored": 1}, "geometry": {"type": "Polygon", "coordinates": [[[-70.8665, 42.8136], [-70.8424, 42.8129], [-70.8169, 42.8199], [-70.8105, 42.8188], [-70.8085, 42.8149], [-70.8082, 42.8117], [-70.841, 42.7959], [-70.8631, 42.8015], [-70.875, 42.7989], [-70.8665, 42.8136]]]}}, {"type": "Feature", "properties": {"fips": "25025010103", "gap_national": -19.5, "gap_stratum": -21.1, "burden": 0.8, "capacity": 26.9, "svi": 0.51, "top_decile_gap": 0.0, "stratum": "metropolitan", "scored": 1}, "geometry": {"type": "Polygon", "coordinates": [[[-71.0982, 42.3507], [-71.0972, 42.349], [-71.1069, 42.3488], [-71.1107, 42.3518], [-71.0982, 42.3507]]]}}, {"type": "Feature", "properties": {"fips": "25025020101", "gap_national": -84.5, "gap_stratum": -83.8, "burden": 3.2, "capacity": 76.5, "svi": 0.07, "top_decile_gap": 0.0, "stratum": "metropolitan", "scored": 1}, "geometry": {"type": "Polygon", "coordinates": [[[-71.0721, 42.3595], [-71.065, 42.3594], [-71.065, 42.3572], [-71.0735, 42.3561], [-71.0721, 42.3595]]]}}, {"type": "Feature", "properties": {"fips": "25025110301", "gap_national": -65.6, "gap_stratum": -62.8, "burden": 18.2, "capacity": 71.0, "svi": 0.56, "top_decile_gap": 0.0, "stratum": "metropolitan", "scored": 1}, "geometry": {"type": "Polygon", "coordinates": [[[-71.1166, 42.2891], [-71.1134, 42.2931], [-71.1054, 42.2867], [-71.1122, 42.2802], [-71.1195, 42.2855], [-71.1193, 42.2902], [-71.1166, 42.2891]]]}}, {"type": "Feature", "properties": {"fips": "25025160501", "gap_national": 13.1, "gap_stratum": 17.4, "burden": 32.6, "capacity": 24.1, "svi": 0.85, "top_decile_gap": 0.0, "stratum": "metropolitan", "scored": 1}, "geometry": {"type": "Polygon", "coordinates": [[[-71.0362, 42.4025], [-71.0268, 42.3978], [-71.0304, 42.3949], [-71.0354, 42.3959], [-71.0378, 42.4007], [-71.0362, 42.4025]]]}}, {"type": "Feature", "properties": {"fips": "25025060501", "gap_national": -41.9, "gap_stratum": -44.4, "burden": 1.5, "capacity": 45.9, "svi": 0.01, "top_decile_gap": 0.0, "stratum": "metropolitan", "scored": 1}, "geometry": {"type": "Polygon", "coordinates": [[[-71.0293, 42.3382], [-71.0292, 42.3357], [-71.0457, 42.3355], [-71.0478, 42.3368], [-71.0293, 42.3382]]]}}, {"type": "Feature", "properties": {"fips": "25023520100", "gap_national": -61.6, "gap_stratum": -57.6, "burden": 23.0, "capacity": 72.2, "svi": 0.21, "top_decile_gap": 0.0, "stratum": "metropolitan", "scored": 1}, "geometry": {"type": "Polygon", "coordinates": [[[-70.9487, 42.1059], [-70.9493, 42.1228], [-70.9346, 42.1283], [-70.9315, 42.1165], [-70.9159, 42.1001], [-70.9754, 42.0875], [-70.9767, 42.1006], [-70.9487, 42.1059]]]}}, {"type": "Feature", "properties": {"fips": "25009260700", "gap_national": 3.0, "gap_stratum": 9.0, "burden": 54.8, "capacity": 53.0, "svi": 0.73, "top_decile_gap": 0.0, "stratum": "metropolitan", "scored": 1}, "geometry": {"type": "Polygon", "coordinates": [[[-71.1022, 42.7962], [-71.0947, 42.7911], [-71.0872, 42.7776], [-71.116, 42.7834], [-71.1022, 42.7962]]]}}, {"type": "Feature", "properties": {"fips": "25009250700", "gap_national": 30.9, "gap_stratum": 37.4, "burden": 45.1, "capacity": 20.4, "svi": 0.88, "top_decile_gap": 0.0, "stratum": "metropolitan", "scored": 1}, "geometry": {"type": "Polygon", "coordinates": [[[-71.1533, 42.7194], [-71.1476, 42.7089], [-71.1515, 42.7092], [-71.1543, 42.715], [-71.1593, 42.7132], [-71.1656, 42.7165], [-71.1533, 42.7194]]]}}, {"type": "Feature", "properties": {"fips": "25009208302", "gap_national": -48.0, "gap_stratum": -40.2, "burden": 41.1, "capacity": 78.5, "svi": 0.27, "top_decile_gap": 0.0, "stratum": "metropolitan", "scored": 1}, "geometry": {"type": "Polygon", "coordinates": [[[-71.0147, 42.5021], [-71.0031, 42.4964], [-70.9893, 42.4602], [-71.0005, 42.4624], [-71.0044, 42.4656], [-71.0086, 42.465], [-71.0095, 42.4691], [-71.0073, 42.4722], [-71.0099, 42.481], [-71.0168, 42.49], [-71.0147, 42.5021]]]}}, {"type": "Feature", "properties": {"fips": "25013812403", "gap_national": -35.6, "gap_stratum": -27.4, "burden": 46.8, "capacity": 73.3, "svi": 0.66, "top_decile_gap": 0.0, "stratum": "metropolitan", "scored": 1}, "geometry": {"type": "Polygon", "coordinates": [[[-72.6527, 42.1164], [-72.6493, 42.1171], [-72.6465, 42.1165], [-72.6488, 42.111], [-72.6445, 42.1105], [-72.6434, 42.1079], [-72.6339, 42.1094], [-72.6323, 42.1041], [-72.638, 42.102], [-72.6367, 42.1008], [-72.6498, 42.0997], [-72.6496, 42.1037], [-72.6561, 42.1055], [-72.6527, 42.1164]]]}}, {"type": "Feature", "properties": {"fips": "25013811700", "gap_national": 60.4, "gap_stratum": 58.8, "burden": 92.3, "capacity": 40.2, "svi": 0.99, "top_decile_gap": 1.0, "stratum": "metropolitan", "scored": 1}, "geometry": {"type": "Polygon", "coordinates": [[[-72.6079, 42.2162], [-72.5962, 42.2118], [-72.597, 42.2086], [-72.6058, 42.2027], [-72.6142, 42.2073], [-72.6079, 42.2162]]]}}, {"type": "Feature", "properties": {"fips": "25013801501", "gap_national": -4.5, "gap_stratum": 2.4, "burden": 63.3, "capacity": 64.7, "svi": 0.74, "top_decile_gap": 0.0, "stratum": "metropolitan", "scored": 1}, "geometry": {"type": "Polygon", "coordinates": [[[-72.5372, 42.1261], [-72.5392, 42.1322], [-72.5312, 42.1296], [-72.5197, 42.1317], [-72.5197, 42.1218], [-72.5238, 42.118], [-72.5464, 42.1127], [-72.5496, 42.1164], [-72.5372, 42.1261]]]}}, {"type": "Feature", "properties": {"fips": "25025070902", "gap_national": -54.0, "gap_stratum": -55.4, "burden": 6.1, "capacity": 55.9, "svi": 0.45, "top_decile_gap": 0.0, "stratum": "metropolitan", "scored": 1}, "geometry": {"type": "Polygon", "coordinates": [[[-71.0774, 42.3409], [-71.075, 42.3379], [-71.0769, 42.3365], [-71.0796, 42.3398], [-71.0774, 42.3409]]]}}, {"type": "Feature", "properties": {"fips": "25025061202", "gap_national": null, "gap_stratum": null, "burden": null, "capacity": null, "svi": null, "top_decile_gap": null, "stratum": null, "scored": 0}, "geometry": {"type": "Polygon", "coordinates": [[[-71.0617, 42.344], [-71.0595, 42.3436], [-71.0597, 42.3369], [-71.0628, 42.332], [-71.0653, 42.3371], [-71.0617, 42.344]]]}}, {"type": "Feature", "properties": {"fips": "25017350600", "gap_national": -25.8, "gap_stratum": -27.8, "burden": 1.3, "capacity": 32.9, "svi": 0.07, "top_decile_gap": 0.0, "stratum": "metropolitan", "scored": 1}, "geometry": {"type": "Polygon", "coordinates": [[[-71.1257, 42.41], [-71.1174, 42.4058], [-71.117, 42.4009], [-71.1272, 42.4033], [-71.1257, 42.41]]]}}, {"type": "Feature", "properties": {"fips": "25017357400", "gap_national": -88.0, "gap_stratum": -86.4, "burden": 11.2, "capacity": 86.4, "svi": 0.11, "top_decile_gap": 0.0, "stratum": "metropolitan", "scored": 1}, "geometry": {"type": "Polygon", "coordinates": [[[-71.1694, 42.3864], [-71.1653, 42.386], [-71.1634, 42.3768], [-71.1756, 42.3794], [-71.1694, 42.3864]]]}}, {"type": "Feature", "properties": {"fips": "25017342201", "gap_national": 6.9, "gap_stratum": 11.8, "burden": 40.3, "capacity": 37.9, "svi": 0.84, "top_decile_gap": 0.0, "stratum": "metropolitan", "scored": 1}, "geometry": {"type": "Polygon", "coordinates": [[[-71.0546, 42.42], [-71.0482, 42.4151], [-71.052, 42.4108], [-71.0599, 42.4164], [-71.0546, 42.42]]]}}, {"type": "Feature", "properties": {"fips": "25017334100", "gap_national": -84.2, "gap_stratum": -82.1, "burden": 13.6, "capacity": 84.3, "svi": 0.08, "top_decile_gap": 0.0, "stratum": "metropolitan", "scored": 1}, "geometry": {"type": "Polygon", "coordinates": [[[-71.1325, 42.5313], [-71.1262, 42.5275], [-71.1196, 42.5174], [-71.1032, 42.5211], [-71.1042, 42.508], [-71.1018, 42.5021], [-71.1198, 42.5003], [-71.1355, 42.53], [-71.1325, 42.5313]]]}}, {"type": "Feature", "properties": {"fips": "25017383101", "gap_national": 40.5, "gap_stratum": 47.5, "burden": 53.5, "capacity": 20.6, "svi": 0.9, "top_decile_gap": 0.0, "stratum": "metropolitan", "scored": 1}, "geometry": {"type": "Polygon", "coordinates": [[[-71.4168, 42.277], [-71.412, 42.2768], [-71.3936, 42.2674], [-71.3978, 42.2615], [-71.4171, 42.2577], [-71.4168, 42.277]]]}}, {"type": "Feature", "properties": {"fips": "25017363202", "gap_national": -86.7, "gap_stratum": -85.6, "burden": 5.9, "capacity": 80.0, "svi": 0.11, "top_decile_gap": 0.0, "stratum": "metropolitan", "scored": 1}, "geometry": {"type": "Polygon", "coordinates": [[[-71.4738, 42.4998], [-71.463, 42.4936], [-71.4485, 42.478], [-71.4538, 42.4749], [-71.456, 42.4699], [-71.4545, 42.46], [-71.4638, 42.4615], [-71.4686, 42.4656], [-71.4755, 42.4803], [-71.482, 42.4879], [-71.4738, 42.4998]]]}}, {"type": "Feature", "properties": {"fips": "25017327102", "gap_national": -67.4, "gap_stratum": -64.0, "burden": 19.8, "capacity": 73.9, "svi": 0.13, "top_decile_gap": 0.0, "stratum": "metropolitan", "scored": 1}, "geometry": {"type": "Polygon", "coordinates": [[[-71.6092, 42.6757], [-71.5998, 42.6743], [-71.601, 42.6805], [-71.5964, 42.6844], [-71.5868, 42.6806], [-71.5769, 42.6719], [-71.5647, 42.672], [-71.5616, 42.6757], [-71.5575, 42.6763], [-71.5389, 42.6742], [-71.5325, 42.6689], [-71.5371, 42.6635], [-71.5789, 42.6544], [-71.5757, 42.6653], [-71.6025, 42.6667], [-71.61, 42.6693], [-71.6092, 42.6757]]]}}, {"type": "Feature", "properties": {"fips": "25017312400", "gap_national": 43.2, "gap_stratum": 47.9, "burden": 68.4, "capacity": 35.0, "svi": 0.99, "top_decile_gap": 0.0, "stratum": "metropolitan", "scored": 1}, "geometry": {"type": "Polygon", "coordinates": [[[-71.2993, 42.6468], [-71.2976, 42.6422], [-71.3, 42.6416], [-71.2976, 42.6364], [-71.3015, 42.636], [-71.3058, 42.6444], [-71.2993, 42.6468]]]}}, {"type": "Feature", "properties": {"fips": "25021417501", "gap_national": -54.1, "gap_stratum": -50.6, "burden": 23.3, "capacity": 66.8, "svi": 0.55, "top_decile_gap": 0.0, "stratum": "metropolitan", "scored": 1}, "geometry": {"type": "Polygon", "coordinates": [[[-71.0225, 42.2872], [-71.0132, 42.2786], [-71.0225, 42.2716], [-71.0253, 42.2733], [-71.0208, 42.2762], [-71.025, 42.2801], [-71.0247, 42.2845], [-71.0293, 42.2859], [-71.0225, 42.2872]]]}}, {"type": "Feature", "properties": {"fips": "25021422501", "gap_national": -62.5, "gap_stratum": -59.4, "burden": 20.0, "capacity": 70.2, "svi": 0.28, "top_decile_gap": 0.0, "stratum": "metropolitan", "scored": 1}, "geometry": {"type": "Polygon", "coordinates": [[[-70.9253, 42.2157], [-70.9163, 42.215], [-70.9195, 42.1937], [-70.9386, 42.1998], [-70.9253, 42.2157]]]}}, {"type": "Feature", "properties": {"fips": "25021400500", "gap_national": -75.2, "gap_stratum": -75.2, "burden": 2.7, "capacity": 68.8, "svi": 0.11, "top_decile_gap": 0.0, "stratum": "metropolitan", "scored": 1}, "geometry": {"type": "Polygon", "coordinates": [[[-71.1294, 42.3397], [-71.1236, 42.3414], [-71.1251, 42.3373], [-71.1313, 42.3329], [-71.1388, 42.3384], [-71.1294, 42.3397]]]}}, {"type": "Feature", "properties": {"fips": "25021416300", "gap_national": -77.3, "gap_stratum": -73.6, "burden": 21.7, "capacity": 86.6, "svi": 0.24, "top_decile_gap": 0.0, "stratum": "metropolitan", "scored": 1}, "geometry": {"type": "Polygon", "coordinates": [[[-71.0903, 42.2666], [-71.0894, 42.2697], [-71.0681, 42.271], [-71.0666, 42.2667], [-71.0594, 42.262], [-71.0612, 42.2592], [-71.087, 42.258], [-71.0935, 42.2589], [-71.0938, 42.2656], [-71.0903, 42.2666]]]}}, {"type": "Feature", "properties": {"fips": "25025010205", "gap_national": -32.7, "gap_stratum": -35.0, "burden": 1.3, "capacity": 38.7, "svi": 0.43, "top_decile_gap": 0.0, "stratum": "metropolitan", "scored": 1}, "geometry": {"type": "Polygon", "coordinates": [[[-71.099, 42.3468], [-71.0965, 42.3418], [-71.0991, 42.3406], [-71.1025, 42.3434], [-71.099, 42.3468]]]}}, {"type": "Feature", "properties": {"fips": "25025020304", "gap_national": -40.4, "gap_stratum": -42.8, "burden": 1.8, "capacity": 44.9, "svi": 0.12, "top_decile_gap": 0.0, "stratum": "metropolitan", "scored": 1}, "geometry": {"type": "Polygon", "coordinates": [[[-71.0634, 42.3642], [-71.0585, 42.367], [-71.0584, 42.3637], [-71.0637, 42.3622], [-71.0634, 42.3642]]]}}, {"type": "Feature", "properties": {"fips": "25025000506", "gap_national": -39.9, "gap_stratum": -42.3, "burden": 2.6, "capacity": 44.8, "svi": 0.35, "top_decile_gap": 0.0, "stratum": "metropolitan", "scored": 1}, "geometry": {"type": "Polygon", "coordinates": [[[-71.1431, 42.3439], [-71.1415, 42.343], [-71.1462, 42.3374], [-71.1498, 42.3377], [-71.1431, 42.3439]]]}}, {"type": "Feature", "properties": {"fips": "25025170503", "gap_national": -13.4, "gap_stratum": -6.2, "burden": 53.1, "capacity": 62.6, "svi": 0.56, "top_decile_gap": 0.0, "stratum": "metropolitan", "scored": 1}, "geometry": {"type": "Polygon", "coordinates": [[[-70.9879, 42.426], [-70.9837, 42.4229], [-70.9866, 42.4184], [-70.9935, 42.4186], [-70.9879, 42.426]]]}}, {"type": "Feature", "properties": {"fips": "25025070302", "gap_national": -54.8, "gap_stratum": -47.3, "burden": 40.1, "capacity": 84.9, "svi": 0.34, "top_decile_gap": 0.0, "stratum": "metropolitan", "scored": 1}, "geometry": {"type": "Polygon", "coordinates": [[[-71.0675, 42.3525], [-71.0666, 42.3488], [-71.0727, 42.3479], [-71.0728, 42.3508], [-71.0675, 42.3525]]]}}, {"type": "Feature", "properties": {"fips": "25025000804", "gap_national": -31.6, "gap_stratum": -33.6, "burden": 4.5, "capacity": 39.0, "svi": 0.43, "top_decile_gap": 0.0, "stratum": "metropolitan", "scored": 1}, "geometry": {"type": "Polygon", "coordinates": [[[-71.137, 42.3593], [-71.1289, 42.3604], [-71.1298, 42.3632], [-71.123, 42.3638], [-71.1247, 42.3625], [-71.1232, 42.359], [-71.1373, 42.3536], [-71.1391, 42.3538], [-71.137, 42.3593]]]}}, {"type": "Feature", "properties": {"fips": "25021422401", "gap_national": -35.9, "gap_stratum": -27.3, "burden": 49.7, "capacity": 76.4, "svi": 0.9, "top_decile_gap": 0.0, "stratum": "metropolitan", "scored": 1}, "geometry": {"type": "Polygon", "coordinates": [[[-70.9622, 42.2149], [-70.9635, 42.2162], [-70.9485, 42.2178], [-70.9502, 42.215], [-70.9436, 42.2097], [-70.9432, 42.2051], [-70.946, 42.2008], [-70.9558, 42.1995], [-70.9641, 42.2133], [-70.9622, 42.2149]]]}}, {"type": "Feature", "properties": {"fips": "25021417704", "gap_national": -57.6, "gap_stratum": -58.1, "burden": 9.3, "capacity": 59.6, "svi": 0.31, "top_decile_gap": 0.0, "stratum": "metropolitan", "scored": 1}, "geometry": {"type": "Polygon", "coordinates": [[[-71.0073, 42.2608], [-71.0034, 42.2605], [-70.9954, 42.2541], [-71.0038, 42.2487], [-71.0109, 42.2575], [-71.0073, 42.2608]]]}}, {"type": "Feature", "properties": {"fips": "25021415201", "gap_national": -81.1, "gap_stratum": -79.1, "burden": 12.6, "capacity": 79.6, "svi": 0.53, "top_decile_gap": 0.0, "stratum": "metropolitan", "scored": 1}, "geometry": {"type": "Polygon", "coordinates": [[[-71.1021, 42.182], [-71.0889, 42.1866], [-71.0666, 42.1641], [-71.0956, 42.1479], [-71.1041, 42.1459], [-71.114, 42.1815], [-71.1021, 42.182]]]}}, {"type": "Feature", "properties": {"fips": "25021419601", "gap_national": -74.7, "gap_stratum": -73.9, "burden": 7.8, "capacity": 70.7, "svi": 0.07, "top_decile_gap": 0.0, "stratum": "metropolitan", "scored": 1}, "geometry": {"type": "Polygon", "coordinates": [[[-70.9848, 42.2032], [-70.9717, 42.1999], [-70.9736, 42.1872], [-70.9834, 42.1894], [-70.9855, 42.1925], [-70.9848, 42.2032]]]}}, {"type": "Feature", "properties": {"fips": "25023511601", "gap_national": 24.6, "gap_stratum": 29.6, "burden": 64.1, "capacity": 45.7, "svi": 0.83, "top_decile_gap": 0.0, "stratum": "metropolitan", "scored": 1}, "geometry": {"type": "Polygon", "coordinates": [[[-71.0242, 42.0667], [-71.0148, 42.0684], [-71.0085, 42.0583], [-71.0179, 42.0604], [-71.0156, 42.0564], [-71.0209, 42.0548], [-71.0242, 42.0667]]]}}, {"type": "Feature", "properties": {"fips": "25023980200", "gap_national": 44.2, "gap_stratum": 50.4, "burden": 61.8, "capacity": 27.0, "svi": 0.24, "top_decile_gap": 0.0, "stratum": "metropolitan", "scored": 1}, "geometry": {"type": "Polygon", "coordinates": [[[-70.9603, 41.9542], [-70.9587, 41.9587], [-70.9657, 41.9678], [-70.9562, 41.9706], [-70.952, 41.9623], [-70.9484, 41.9629], [-70.9468, 41.9669], [-70.9418, 41.9592], [-70.9344, 41.9553], [-70.9386, 41.9415], [-70.9467, 41.9326], [-70.9656, 41.9368], [-70.9683, 41.9488], [-70.9603, 41.9542]]]}}, {"type": "Feature", "properties": {"fips": "25017336202", "gap_national": -84.4, "gap_stratum": -82.8, "burden": 9.7, "capacity": 80.5, "svi": 0.06, "top_decile_gap": 0.0, "stratum": "metropolitan", "scored": 1}, "geometry": {"type": "Polygon", "coordinates": [[[-71.0614, 42.4669], [-71.0561, 42.4674], [-71.0541, 42.4619], [-71.0416, 42.4626], [-71.04, 42.4607], [-71.0647, 42.4561], [-71.0614, 42.4669]]]}}, {"type": "Feature", "properties": {"fips": "25017330101", "gap_national": -81.2, "gap_stratum": -79.2, "burden": 12.4, "capacity": 79.6, "svi": 0.01, "top_decile_gap": 0.0, "stratum": "metropolitan", "scored": 1}, "geometry": {"type": "Polygon", "coordinates": [[[-71.0588, 42.6091], [-71.0594, 42.6063], [-71.034, 42.5855], [-71.0283, 42.5741], [-71.031, 42.5727], [-71.039, 42.5756], [-71.0485, 42.5725], [-71.0594, 42.5777], [-71.0783, 42.5771], [-71.0894, 42.603], [-71.0588, 42.6091]]]}}, {"type": "Feature", "properties": {"fips": "25017341302", "gap_national": -63.5, "gap_stratum": -62.3, "burden": 13.3, "capacity": 65.9, "svi": 0.37, "top_decile_gap": 0.0, "stratum": "metropolitan", "scored": 1}, "geometry": {"type": "Polygon", "coordinates": [[[-71.0706, 42.4401], [-71.0677, 42.4404], [-71.0676, 42.4308], [-71.073, 42.4299], [-71.0706, 42.4401]]]}}, {"type": "Feature", "properties": {"fips": "25017370302", "gap_national": -60.4, "gap_stratum": -53.5, "burden": 37.6, "capacity": 89.1, "svi": 0.76, "top_decile_gap": 0.0, "stratum": "metropolitan", "scored": 1}, "geometry": {"type": "Polygon", "coordinates": [[[-71.1592, 42.365], [-71.154, 42.3704], [-71.1437, 42.3651], [-71.1483, 42.3611], [-71.1615, 42.359], [-71.1714, 42.3642], [-71.1592, 42.365]]]}}, {"type": "Feature", "properties": {"fips": "25017359400", "gap_national": -53.9, "gap_stratum": -55.3, "burden": 6.5, "capacity": 56.0, "svi": 0.47, "top_decile_gap": 0.0, "stratum": "metropolitan", "scored": 1}, "geometry": {"type": "Polygon", "coordinates": [[[-71.1139, 42.3645], [-71.1133, 42.3701], [-71.104, 42.3656], [-71.1167, 42.3587], [-71.1169, 42.3642], [-71.1139, 42.3645]]]}}, {"type": "Feature", "properties": {"fips": "25017342501", "gap_national": 7.8, "gap_stratum": 12.4, "burden": 38.0, "capacity": 35.0, "svi": 0.89, "top_decile_gap": 0.0, "stratum": "metropolitan", "scored": 1}, "geometry": {"type": "Polygon", "coordinates": [[[-71.0522, 42.4106], [-71.0465, 42.4078], [-71.0476, 42.4024], [-71.0594, 42.403], [-71.0522, 42.4106]]]}}, {"type": "Feature", "properties": {"fips": "25017370104", "gap_national": -65.1, "gap_stratum": -65.5, "burden": 5.9, "capacity": 63.1, "svi": 0.27, "top_decile_gap": 0.0, "stratum": "metropolitan", "scored": 1}, "geometry": {"type": "Polygon", "coordinates": [[[-71.2085, 42.3739], [-71.1909, 42.3716], [-71.1931, 42.3671], [-71.2072, 42.3641], [-71.2171, 42.3666], [-71.2085, 42.3739]]]}}, {"type": "Feature", "properties": {"fips": "25017351102", "gap_national": -53.7, "gap_stratum": -55.8, "burden": 1.6, "capacity": 54.1, "svi": 0.13, "top_decile_gap": 0.0, "stratum": "metropolitan", "scored": 1}, "geometry": {"type": "Polygon", "coordinates": [[[-71.109, 42.3875], [-71.0996, 42.3855], [-71.1012, 42.3832], [-71.1106, 42.3848], [-71.109, 42.3875]]]}}, {"type": "Feature", "properties": {"fips": "25017321302", "gap_national": -45.0, "gap_stratum": -42.0, "burden": 24.7, "capacity": 61.8, "svi": 0.33, "top_decile_gap": 0.0, "stratum": "metropolitan", "scored": 1}, "geometry": {"type": "Polygon", "coordinates": [[[-71.5595, 42.3459], [-71.5475, 42.3348], [-71.5415, 42.3345], [-71.5373, 42.328], [-71.5511, 42.3264], [-71.5703, 42.3197], [-71.575, 42.3329], [-71.575, 42.3412], [-71.5595, 42.3459]]]}}, {"type": "Feature", "properties": {"fips": "25017383903", "gap_national": -71.3, "gap_stratum": -67.3, "burden": 21.7, "capacity": 79.5, "svi": 0.07, "top_decile_gap": 0.0, "stratum": "metropolitan", "scored": 1}, "geometry": {"type": "Polygon", "coordinates": [[[-71.43, 42.3304], [-71.4147, 42.3258], [-71.4228, 42.3207], [-71.42, 42.3143], [-71.4169, 42.3126], [-71.431, 42.3101], [-71.4329, 42.3049], [-71.4388, 42.3118], [-71.4447, 42.3114], [-71.43, 42.3304]]]}}, {"type": "Feature", "properties": {"fips": "25025010408", "gap_national": -28.7, "gap_stratum": -30.8, "burden": 2.1, "capacity": 35.7, "svi": 0.27, "top_decile_gap": 0.0, "stratum": "metropolitan", "scored": 1}, "geometry": {"type": "Polygon", "coordinates": [[[-71.0946, 42.3445], [-71.0946, 42.3429], [-71.0965, 42.3418], [-71.0974, 42.3437], [-71.0946, 42.3445]]]}}, {"type": "Feature", "properties": {"fips": "25025010702", "gap_national": -84.0, "gap_stratum": -83.2, "burden": 3.6, "capacity": 76.1, "svi": 0.17, "top_decile_gap": 0.0, "stratum": "metropolitan", "scored": 1}, "geometry": {"type": "Polygon", "coordinates": [[[-71.0721, 42.3547], [-71.0705, 42.3514], [-71.0795, 42.3495], [-71.0809, 42.3523], [-71.0721, 42.3547]]]}}, {"type": "Feature", "properties": {"fips": "25025081400", "gap_national": -19.1, "gap_stratum": -16.8, "burden": 27.8, "capacity": 46.8, "svi": 0.59, "top_decile_gap": 0.0, "stratum": "metropolitan", "scored": 1}, "geometry": {"type": "Polygon", "coordinates": [[[-71.0972, 42.3318], [-71.0882, 42.3306], [-71.0914, 42.33], [-71.087, 42.3278], [-71.0888, 42.3242], [-71.0929, 42.3269], [-71.0935, 42.3233], [-71.0954, 42.3233], [-71.0965, 42.3262], [-71.1001, 42.3264], [-71.0972, 42.3318]]]}}, {"type": "Feature", "properties": {"fips": "25019950201", "gap_national": -63.6, "gap_stratum": -68.4, "burden": 9.5, "capacity": 63.7, "svi": 0.15, "top_decile_gap": 0.0, "stratum": "micropolitan", "scored": 1}, "geometry": {"type": "Polygon", "coordinates": [[[-70.1152, 41.2768], [-70.0993, 41.2742], [-70.0941, 41.2759], [-70.0869, 41.2693], [-70.0974, 41.2594], [-70.0999, 41.2685], [-70.1122, 41.2659], [-70.1181, 41.2613], [-70.1236, 41.2694], [-70.1152, 41.2768]]]}}, {"type": "Feature", "properties": {"fips": "25005640202", "gap_national": 30.7, "gap_stratum": 31.3, "burden": 86.2, "capacity": 57.7, "svi": 0.84, "top_decile_gap": 0.0, "stratum": "metropolitan", "scored": 1}, "geometry": {"type": "Polygon", "coordinates": [[[-71.1733, 41.6859], [-71.163, 41.6847], [-71.1678, 41.6715], [-71.1761, 41.6686], [-71.176, 41.6714], [-71.1843, 41.6731], [-71.1733, 41.6859]]]}}, {"type": "Feature", "properties": {"fips": "25021418003", "gap_national": -50.6, "gap_stratum": -52.7, "burden": 3.5, "capacity": 52.5, "svi": 0.37, "top_decile_gap": 0.0, "stratum": "metropolitan", "scored": 1}, "geometry": {"type": "Polygon", "coordinates": [[[-71.0213, 42.242], [-71.0177, 42.2404], [-71.015, 42.2379], [-71.0176, 42.2357], [-71.0162, 42.2339], [-71.011, 42.2335], [-71.0072, 42.2301], [-71.0196, 42.229], [-71.0244, 42.2402], [-71.0213, 42.242]]]}}, {"type": "Feature", "properties": {"fips": "25017382601", "gap_national": -59.9, "gap_stratum": -60.8, "burden": 6.3, "capacity": 59.8, "svi": 0.2, "top_decile_gap": 0.0, "stratum": "metropolitan", "scored": 1}, "geometry": {"type": "Polygon", "coordinates": [[[-71.3923, 42.2818], [-71.3759, 42.2826], [-71.3763, 42.2782], [-71.3817, 42.2704], [-71.3959, 42.2729], [-71.3994, 42.2806], [-71.3923, 42.2818]]]}}, {"type": "Feature", "properties": {"fips": "25005653204", "gap_national": -41.7, "gap_stratum": -33.1, "burden": 50.3, "capacity": 83.3, "svi": 0.21, "top_decile_gap": 0.0, "stratum": "metropolitan", "scored": 1}, "geometry": {"type": "Polygon", "coordinates": [[[-70.996, 41.6264], [-70.9864, 41.6394], [-70.9836, 41.6394], [-70.9783, 41.6296], [-70.9816, 41.6233], [-70.9803, 41.6195], [-70.9633, 41.6225], [-70.9577, 41.6057], [-70.9645, 41.6002], [-70.9803, 41.5979], [-70.9804, 41.5931], [-70.986, 41.5921], [-70.9902, 41.5856], [-70.9993, 41.5842], [-71.0025, 41.5967], [-71.001, 41.6017], [-71.0027, 41.6099], [-70.996, 41.6264]]]}}, {"type": "Feature", "properties": {"fips": "25027749200", "gap_national": -53.6, "gap_stratum": -46.5, "burden": 36.9, "capacity": 79.3, "svi": 0.17, "top_decile_gap": 0.0, "stratum": "metropolitan", "scored": 1}, "geometry": {"type": "Polygon", "coordinates": [[[-71.6573, 42.0972], [-71.6509, 42.0955], [-71.6234, 42.1051], [-71.6231, 42.0979], [-71.6185, 42.0929], [-71.6198, 42.091], [-71.6175, 42.0847], [-71.6199, 42.0825], [-71.6197, 42.0756], [-71.6385, 42.0642], [-71.6488, 42.0661], [-71.6576, 42.0707], [-71.6503, 42.0772], [-71.6482, 42.0866], [-71.6629, 42.0939], [-71.6573, 42.0972]]]}}, {"type": "Feature", "properties": {"fips": "25027732203", "gap_national": -19.6, "gap_stratum": -16.8, "burden": 30.3, "capacity": 49.1, "svi": 0.75, "top_decile_gap": 0.0, "stratum": "metropolitan", "scored": 1}, "geometry": {"type": "Polygon", "coordinates": [[[-71.7936, 42.2612], [-71.7852, 42.2633], [-71.7698, 42.272], [-71.7826, 42.2584], [-71.7824, 42.256], [-71.7902, 42.2567], [-71.7936, 42.2612]]]}}, {"type": "Feature", "properties": {"fips": "25027738100", "gap_national": -65.4, "gap_stratum": -62.7, "burden": 17.9, "capacity": 70.6, "svi": 0.23, "top_decile_gap": 0.0, "stratum": "metropolitan", "scored": 1}, "geometry": {"type": "Polygon", "coordinates": [[[-71.6695, 42.1838], [-71.663, 42.1792], [-71.6548, 42.1827], [-71.6427, 42.1741], [-71.6463, 42.1729], [-71.6422, 42.1657], [-71.679, 42.1658], [-71.6914, 42.1631], [-71.6952, 42.1758], [-71.7186, 42.173], [-71.7226, 42.1879], [-71.6695, 42.1838]]]}}, {"type": "Feature", "properties": {"fips": "25027757300", "gap_national": 56.8, "gap_stratum": 42.0, "burden": 72.1, "capacity": 26.5, "svi": 0.96, "top_decile_gap": 1.0, "stratum": "micropolitan", "scored": 1}, "geometry": {"type": "Polygon", "coordinates": [[[-72.0449, 42.078], [-72.0442, 42.0812], [-72.0385, 42.0838], [-72.0318, 42.0779], [-72.0333, 42.0725], [-72.0439, 42.0769], [-72.0513, 42.0771], [-72.0449, 42.078]]]}}, {"type": "Feature", "properties": {"fips": "25005646101", "gap_national": -40.7, "gap_stratum": -32.1, "burden": 50.8, "capacity": 82.8, "svi": 0.35, "top_decile_gap": 0.0, "stratum": "metropolitan", "scored": 1}, "geometry": {"type": "Polygon", "coordinates": [[[-71.1144, 41.6928], [-71.0767, 41.6875], [-71.0751, 41.6781], [-71.0634, 41.6664], [-71.0471, 41.6381], [-71.0513, 41.6355], [-71.0835, 41.6327], [-71.0949, 41.6281], [-71.1088, 41.6265], [-71.1228, 41.6297], [-71.1339, 41.6287], [-71.1342, 41.634], [-71.1144, 41.6928]]]}}, {"type": "Feature", "properties": {"fips": "25005650202", "gap_national": -2.2, "gap_stratum": 4.5, "burden": 65.9, "capacity": 65.1, "svi": 0.53, "top_decile_gap": 0.0, "stratum": "metropolitan", "scored": 1}, "geometry": {"type": "Polygon", "coordinates": [[[-70.9417, 41.6686], [-70.9442, 41.6761], [-70.935, 41.6822], [-70.9275, 41.6824], [-70.9275, 41.6772], [-70.9234, 41.6772], [-70.9248, 41.6726], [-70.9382, 41.6726], [-70.9345, 41.6609], [-70.9472, 41.6626], [-70.9417, 41.6686]]]}}, {"type": "Feature", "properties": {"fips": "25005641800", "gap_national": -18.4, "gap_stratum": -11.8, "burden": 46.9, "capacity": 61.1, "svi": 0.74, "top_decile_gap": 0.0, "stratum": "metropolitan", "scored": 1}, "geometry": {"type": "Polygon", "coordinates": [[[-71.1504, 41.7158], [-71.1455, 41.7149], [-71.1466, 41.7105], [-71.1438, 41.7109], [-71.1445, 41.7084], [-71.1476, 41.7089], [-71.1492, 41.7037], [-71.1528, 41.7082], [-71.1504, 41.7158]]]}}, {"type": "Feature", "properties": {"fips": "25027710500", "gap_national": 23.9, "gap_stratum": 29.2, "burden": 61.3, "capacity": 43.7, "svi": 0.78, "top_decile_gap": 0.0, "stratum": "metropolitan", "scored": 1}, "geometry": {"type": "Polygon", "coordinates": [[[-71.8154, 42.584], [-71.811, 42.5748], [-71.8304, 42.5761], [-71.8343, 42.575], [-71.8154, 42.584]]]}}, {"type": "Feature", "properties": {"fips": "25027732201", "gap_national": -33.0, "gap_stratum": -26.2, "burden": 41.2, "capacity": 66.6, "svi": 0.61, "top_decile_gap": 0.0, "stratum": "metropolitan", "scored": 1}, "geometry": {"type": "Polygon", "coordinates": [[[-71.7547, 42.2744], [-71.753, 42.2558], [-71.7611, 42.259], [-71.7639, 42.269], [-71.7698, 42.272], [-71.7547, 42.2744]]]}}, {"type": "Feature", "properties": {"fips": "25017352102", "gap_national": -72.7, "gap_stratum": -72.1, "burden": 7.5, "capacity": 69.0, "svi": 0.4, "top_decile_gap": 0.0, "stratum": "metropolitan", "scored": 1}, "geometry": {"type": "Polygon", "coordinates": [[[-71.081, 42.3732], [-71.0706, 42.3679], [-71.0757, 42.3616], [-71.0782, 42.3618], [-71.0774, 42.3686], [-71.0835, 42.3701], [-71.081, 42.3732]]]}}, {"type": "Feature", "properties": {"fips": "25005653102", "gap_national": -47.5, "gap_stratum": -43.6, "burden": 26.4, "capacity": 64.7, "svi": 0.29, "top_decile_gap": 0.0, "stratum": "metropolitan", "scored": 1}, "geometry": {"type": "Polygon", "coordinates": [[[-71.0666, 41.6856], [-70.9654, 41.734], [-70.9775, 41.6787], [-70.9712, 41.6543], [-71.0578, 41.6582], [-71.0751, 41.6781], [-71.0767, 41.6875], [-71.0666, 41.6856]]]}}, {"type": "Feature", "properties": {"fips": "25005600204", "gap_national": -72.1, "gap_stratum": -67.9, "burden": 23.1, "capacity": 82.1, "svi": 0.21, "top_decile_gap": 0.0, "stratum": "metropolitan", "scored": 1}, "geometry": {"type": "Polygon", "coordinates": [[[-71.1432, 42.0234], [-71.1202, 42.0235], [-71.1138, 42.0303], [-71.0972, 42.0225], [-71.0906, 42.0249], [-71.0983, 42.0123], [-71.0961, 42.0041], [-71.1023, 41.9934], [-71.1565, 42.001], [-71.1614, 42.026], [-71.1432, 42.0234]]]}}, {"type": "Feature", "properties": {"fips": "25005652500", "gap_national": 50.8, "gap_stratum": 56.8, "burden": 64.9, "capacity": 23.9, "svi": 0.68, "top_decile_gap": 0.0, "stratum": "metropolitan", "scored": 1}, "geometry": {"type": "Polygon", "coordinates": [[[-70.9248, 41.6218], [-70.9227, 41.6143], [-70.9256, 41.6139], [-70.9273, 41.6213], [-70.9248, 41.6218]]]}}, {"type": "Feature", "properties": {"fips": "25023530200", "gap_national": -30.4, "gap_stratum": -23.0, "burden": 45.1, "capacity": 67.9, "svi": 0.65, "top_decile_gap": 0.0, "stratum": "metropolitan", "scored": 1}, "geometry": {"type": "Polygon", "coordinates": [[[-70.6935, 41.9831], [-70.6814, 41.9791], [-70.6727, 41.9686], [-70.6821, 41.9646], [-70.6835, 41.9672], [-70.6929, 41.9631], [-70.7043, 41.9721], [-70.6935, 41.9831]]]}}, {"type": "Feature", "properties": {"fips": "25009217202", "gap_national": -69.1, "gap_stratum": -64.2, "burden": 25.6, "capacity": 81.8, "svi": 0.07, "top_decile_gap": 0.0, "stratum": "metropolitan", "scored": 1}, "geometry": {"type": "Polygon", "coordinates": [[[-70.8958, 42.5506], [-70.8978, 42.5541], [-70.8915, 42.5563], [-70.8926, 42.5587], [-70.8894, 42.5601], [-70.887, 42.5506], [-70.8944, 42.5407], [-70.9124, 42.5467], [-70.9089, 42.5567], [-70.8958, 42.5506]]]}}, {"type": "Feature", "properties": {"fips": "25009204702", "gap_national": -36.4, "gap_stratum": -32.2, "burden": 31.2, "capacity": 61.1, "svi": 0.5, "top_decile_gap": 0.0, "stratum": "metropolitan", "scored": 1}, "geometry": {"type": "Polygon", "coordinates": [[[-70.9172, 42.5241], [-70.9039, 42.5192], [-70.9054, 42.5174], [-70.9085, 42.5187], [-70.9074, 42.5132], [-70.9112, 42.5091], [-70.9243, 42.5029], [-70.9286, 42.5102], [-70.9172, 42.5241]]]}}, {"type": "Feature", "properties": {"fips": "25017350106", "gap_national": -43.5, "gap_stratum": -46.0, "burden": 1.4, "capacity": 47.0, "svi": 0.19, "top_decile_gap": 0.0, "stratum": "metropolitan", "scored": 1}, "geometry": {"type": "Polygon", "coordinates": [[[-71.0834, 42.4], [-71.076, 42.3964], [-71.0735, 42.3918], [-71.0774, 42.3862], [-71.0854, 42.3944], [-71.0834, 42.4]]]}}, {"type": "Feature", "properties": {"fips": "25017385204", "gap_national": -76.0, "gap_stratum": -75.2, "burden": 7.0, "capacity": 71.3, "svi": 0.06, "top_decile_gap": 0.0, "stratum": "metropolitan", "scored": 1}, "geometry": {"type": "Polygon", "coordinates": [[[-71.4525, 42.2611], [-71.4446, 42.2706], [-71.4293, 42.2625], [-71.4409, 42.252], [-71.4399, 42.2487], [-71.4466, 42.2436], [-71.451, 42.2447], [-71.4645, 42.26], [-71.4525, 42.2611]]]}}, {"type": "Feature", "properties": {"fips": "25017310101", "gap_national": -30.5, "gap_stratum": -30.2, "burden": 19.0, "capacity": 47.7, "svi": 0.77, "top_decile_gap": 0.0, "stratum": "metropolitan", "scored": 1}, "geometry": {"type": "Polygon", "coordinates": [[[-71.3136, 42.6449], [-71.3084, 42.6443], [-71.3052, 42.6481], [-71.3021, 42.6471], [-71.3058, 42.6444], [-71.3029, 42.6417], [-71.3044, 42.6403], [-71.3089, 42.6392], [-71.3088, 42.6411], [-71.3158, 42.6383], [-71.3168, 42.6406], [-71.3136, 42.6449]]]}}, {"type": "Feature", "properties": {"fips": "25025020305", "gap_national": -63.1, "gap_stratum": -64.1, "burden": 3.5, "capacity": 60.8, "svi": 0.5, "top_decile_gap": 0.0, "stratum": "metropolitan", "scored": 1}, "geometry": {"type": "Polygon", "coordinates": [[[-71.0598, 42.3688], [-71.0585, 42.367], [-71.0651, 42.3624], [-71.0695, 42.369], [-71.0598, 42.3688]]]}}, {"type": "Feature", "properties": {"fips": "25025110106", "gap_national": -67.4, "gap_stratum": -66.5, "burden": 10.6, "capacity": 66.9, "svi": 0.59, "top_decile_gap": 0.0, "stratum": "metropolitan", "scored": 1}, "geometry": {"type": "Polygon", "coordinates": [[[-71.1167, 42.2962], [-71.1134, 42.2931], [-71.1166, 42.2891], [-71.1193, 42.2905], [-71.1167, 42.2962]]]}}, {"type": "Feature", "properties": {"fips": "25025010802", "gap_national": -69.0, "gap_stratum": -69.7, "burden": 1.8, "capacity": 64.2, "svi": 0.17, "top_decile_gap": 0.0, "stratum": "metropolitan", "scored": 1}, "geometry": {"type": "Polygon", "coordinates": [[[-71.0816, 42.3537], [-71.0809, 42.3523], [-71.0887, 42.3493], [-71.0899, 42.3516], [-71.0816, 42.3537]]]}}, {"type": "Feature", "properties": {"fips": "25027731601", "gap_national": 4.2, "gap_stratum": 7.7, "burden": 30.1, "capacity": 30.0, "svi": 0.76, "top_decile_gap": 0.0, "stratum": "metropolitan", "scored": 1}, "geometry": {"type": "Polygon", "coordinates": [[[-71.8164, 42.2703], [-71.803, 42.2714], [-71.806, 42.2638], [-71.8183, 42.2664], [-71.8164, 42.2703]]]}}, {"type": "Feature", "properties": {"fips": "25013802500", "gap_national": -38.9, "gap_stratum": -31.1, "burden": 43.2, "capacity": 72.7, "svi": 0.41, "top_decile_gap": 0.0, "stratum": "metropolitan", "scored": 1}, "geometry": {"type": "Polygon", "coordinates": [[[-72.537, 42.0916], [-72.5376, 42.0961], [-72.5245, 42.0999], [-72.5215, 42.1036], [-72.5185, 42.1008], [-72.5184, 42.0935], [-72.5148, 42.0852], [-72.5344, 42.0818], [-72.5504, 42.0931], [-72.537, 42.0916]]]}}, {"type": "Feature", "properties": {"fips": "25017337202", "gap_national": -76.1, "gap_stratum": -72.3, "burden": 22.0, "capacity": 85.5, "svi": 0.43, "top_decile_gap": 0.0, "stratum": "metropolitan", "scored": 1}, "geometry": {"type": "Polygon", "coordinates": [[[-71.1018, 42.5021], [-71.1001, 42.4862], [-71.1132, 42.4787], [-71.1168, 42.4945], [-71.1215, 42.4985], [-71.1018, 42.5021]]]}}, {"type": "Feature", "properties": {"fips": "25017356300", "gap_national": -77.0, "gap_stratum": -76.3, "burden": 5.8, "capacity": 71.5, "svi": 0.18, "top_decile_gap": 0.0, "stratum": "metropolitan", "scored": 1}, "geometry": {"type": "Polygon", "coordinates": [[[-71.1429, 42.4206], [-71.1384, 42.4155], [-71.1324, 42.4152], [-71.1324, 42.409], [-71.1339, 42.407], [-71.1533, 42.4154], [-71.1429, 42.4206]]]}}, {"type": "Feature", "properties": {"fips": "25003922100", "gap_national": -17.5, "gap_stratum": -45.6, "burden": 63.3, "capacity": 74.3, "svi": 0.45, "top_decile_gap": 0.0, "stratum": "micropolitan", "scored": 1}, "geometry": {"type": "Polygon", "coordinates": [[[-73.1254, 42.6279], [-73.1164, 42.625], [-73.1154, 42.6283], [-73.104, 42.6157], [-73.1155, 42.6186], [-73.1197, 42.614], [-73.1346, 42.622], [-73.1254, 42.6279]]]}}, {"type": "Feature", "properties": {"fips": "25003912100", "gap_national": -48.7, "gap_stratum": -40.5, "burden": 46.0, "capacity": 85.7, "svi": 0.37, "top_decile_gap": 0.0, "stratum": "metropolitan", "scored": 1}, "geometry": {"type": "Polygon", "coordinates": [[[-73.1822, 42.4854], [-73.1466, 42.5411], [-73.1079, 42.5365], [-73.1203, 42.4935], [-73.1137, 42.4924], [-73.1244, 42.4526], [-73.1573, 42.4535], [-73.1692, 42.4128], [-73.2019, 42.4138], [-73.1822, 42.4854]]]}}, {"type": "Feature", "properties": {"fips": "25003932300", "gap_national": -30.1, "gap_stratum": -22.1, "burden": 62.6, "capacity": 86.9, "svi": 0.36, "top_decile_gap": 0.0, "stratum": "metropolitan", "scored": 1}, "geometry": {"type": "Polygon", "coordinates": [[[-73.1244, 42.4526], [-73.1152, 42.4878], [-73.0679, 42.4801], [-73.0795, 42.4473], [-73.0761, 42.446], [-73.0805, 42.4326], [-73.0759, 42.4265], [-73.0835, 42.424], [-73.0788, 42.4206], [-73.0816, 42.4094], [-73.0844, 42.4098], [-73.0914, 42.3848], [-73.1408, 42.3931], [-73.1356, 42.412], [-73.1692, 42.4128], [-73.1573, 42.4535], [-73.1244, 42.4526]]]}}, {"type": "Feature", "properties": {"fips": "25017373400", "gap_national": -84.4, "gap_stratum": -82.4, "burden": 12.5, "capacity": 83.2, "svi": 0.1, "top_decile_gap": 0.0, "stratum": "metropolitan", "scored": 1}, "geometry": {"type": "Polygon", "coordinates": [[[-71.1968, 42.3538], [-71.1929, 42.3513], [-71.1963, 42.3434], [-71.2112, 42.3442], [-71.2107, 42.3491], [-71.1968, 42.3538]]]}}, {"type": "Feature", "properties": {"fips": "25017338100", "gap_national": -85.1, "gap_stratum": -83.7, "burden": 8.7, "capacity": 80.4, "svi": 0.02, "top_decile_gap": 0.0, "stratum": "metropolitan", "scored": 1}, "geometry": {"type": "Polygon", "coordinates": [[[-71.1314, 42.4675], [-71.1265, 42.4653], [-71.1238, 42.4734], [-71.1095, 42.4739], [-71.1146, 42.4633], [-71.1152, 42.4686], [-71.1208, 42.4679], [-71.1223, 42.4642], [-71.1203, 42.4638], [-71.1198, 42.4586], [-71.1289, 42.4594], [-71.13, 42.4578], [-71.1347, 42.4593], [-71.1314, 42.4675]]]}}, {"type": "Feature", "properties": {"fips": "25017370101", "gap_national": -73.4, "gap_stratum": -71.1, "burden": 14.5, "capacity": 74.2, "svi": 0.27, "top_decile_gap": 0.0, "stratum": "metropolitan", "scored": 1}, "geometry": {"type": "Polygon", "coordinates": [[[-71.1942, 42.386], [-71.188, 42.3774], [-71.1915, 42.3749], [-71.1894, 42.3743], [-71.1909, 42.3716], [-71.1944, 42.3727], [-71.1953, 42.371], [-71.2085, 42.3739], [-71.1942, 42.386]]]}}, {"type": "Feature", "properties": {"fips": "25017311100", "gap_national": 1.8, "gap_stratum": 5.3, "burden": 30.5, "capacity": 32.5, "svi": 0.79, "top_decile_gap": 0.0, "stratum": "metropolitan", "scored": 1}, "geometry": {"type": "Polygon", "coordinates": [[[-71.3219, 42.6455], [-71.3148, 42.6435], [-71.3201, 42.6392], [-71.3251, 42.6403], [-71.3262, 42.6443], [-71.3219, 42.6455]]]}}, {"type": "Feature", "properties": {"fips": "25017311900", "gap_national": 43.4, "gap_stratum": 47.4, "burden": 70.5, "capacity": 36.9, "svi": 0.91, "top_decile_gap": 0.0, "stratum": "metropolitan", "scored": 1}, "geometry": {"type": "Polygon", "coordinates": [[[-71.3088, 42.6411], [-71.3089, 42.6392], [-71.3029, 42.6417], [-71.3029, 42.6382], [-71.3059, 42.6358], [-71.3089, 42.637], [-71.3108, 42.6343], [-71.3137, 42.6345], [-71.3149, 42.6391], [-71.3088, 42.6411]]]}}, {"type": "Feature", "properties": {"fips": "25021403502", "gap_national": -87.9, "gap_stratum": -86.5, "burden": 9.0, "capacity": 83.8, "svi": 0.23, "top_decile_gap": 0.0, "stratum": "metropolitan", "scored": 1}, "geometry": {"type": "Polygon", "coordinates": [[[-71.233, 42.3163], [-71.2263, 42.3141], [-71.2302, 42.3104], [-71.2297, 42.3029], [-71.2355, 42.2969], [-71.2361, 42.2932], [-71.247, 42.2943], [-71.25, 42.2918], [-71.2554, 42.3006], [-71.233, 42.3163]]]}}, {"type": "Feature", "properties": {"fips": "25021417703", "gap_national": -43.5, "gap_stratum": -35.0, "burden": 47.7, "capacity": 81.9, "svi": 0.9, "top_decile_gap": 0.0, "stratum": "metropolitan", "scored": 1}, "geometry": {"type": "Polygon", "coordinates": [[[-70.9954, 42.2541], [-70.9888, 42.2523], [-71.0034, 42.244], [-71.0071, 42.2449], [-70.9954, 42.2541]]]}}, {"type": "Feature", "properties": {"fips": "25021415104", "gap_national": -84.6, "gap_stratum": -82.6, "burden": 12.6, "capacity": 83.6, "svi": 0.18, "top_decile_gap": 0.0, "stratum": "metropolitan", "scored": 1}, "geometry": {"type": "Polygon", "coordinates": [[[-71.1607, 42.1479], [-71.1541, 42.1579], [-71.1539, 42.155], [-71.1408, 42.1495], [-71.1387, 42.1445], [-71.1346, 42.1437], [-71.1408, 42.1381], [-71.1445, 42.1377], [-71.1635, 42.1415], [-71.1628, 42.1457], [-71.1647, 42.1469], [-71.1607, 42.1479]]]}}, {"type": "Feature", "properties": {"fips": "25023510504", "gap_national": 7.1, "gap_stratum": 9.5, "burden": 88.0, "capacity": 75.8, "svi": 0.88, "top_decile_gap": 0.0, "stratum": "metropolitan", "scored": 1}, "geometry": {"type": "Polygon", "coordinates": [[[-71.0281, 42.0977], [-71.0256, 42.0915], [-71.0373, 42.0901], [-71.0391, 42.1011], [-71.0281, 42.0977]]]}}, {"type": "Feature", "properties": {"fips": "25021421100", "gap_national": -51.2, "gap_stratum": -44.2, "burden": 36.2, "capacity": 76.2, "svi": 0.38, "top_decile_gap": 0.0, "stratum": "metropolitan", "scored": 1}, "geometry": {"type": "Polygon", "coordinates": [[[-71.0279, 42.1554], [-71.0085, 42.1548], [-71.0088, 42.1434], [-71.002, 42.1265], [-71.0219, 42.1187], [-71.027, 42.1237], [-71.0272, 42.1329], [-71.0351, 42.1356], [-71.0279, 42.1554]]]}}, {"type": "Feature", "properties": {"fips": "25025091200", "gap_national": 9.7, "gap_stratum": 14.8, "burden": 43.7, "capacity": 38.8, "svi": 0.83, "top_decile_gap": 0.0, "stratum": "metropolitan", "scored": 1}, "geometry": {"type": "Polygon", "coordinates": [[[-71.0615, 42.3205], [-71.0588, 42.3186], [-71.0589, 42.3128], [-71.0674, 42.3146], [-71.0615, 42.3205]]]}}, {"type": "Feature", "properties": {"fips": "25025100200", "gap_national": 8.2, "gap_stratum": 13.7, "burden": 68.1, "capacity": 59.9, "svi": 0.99, "top_decile_gap": 0.0, "stratum": "metropolitan", "scored": 1}, "geometry": {"type": "Polygon", "coordinates": [[[-71.0911, 42.2856], [-71.0792, 42.2881], [-71.0855, 42.281], [-71.0911, 42.2856]]]}}, {"type": "Feature", "properties": {"fips": "25025180400", "gap_national": -72.8, "gap_stratum": -70.6, "burden": 14.3, "capacity": 73.6, "svi": 0.14, "top_decile_gap": 0.0, "stratum": "metropolitan", "scored": 1}, "geometry": {"type": "Polygon", "coordinates": [[[-70.9799, 42.3758], [-70.9767, 42.3819], [-70.9716, 42.3726], [-70.981, 42.3701], [-70.9842, 42.3738], [-70.9799, 42.3758]]]}}, {"type": "Feature", "properties": {"fips": "25001013800", "gap_national": -70.7, "gap_stratum": -65.2, "burden": 30.8, "capacity": 93.8, "svi": 0.1, "top_decile_gap": 0.0, "stratum": "metropolitan", "scored": 1}, "geometry": {"type": "Polygon", "coordinates": [[[-70.5588, 41.7747], [-70.5624, 41.7757], [-70.5616, 41.7815], [-70.5637, 41.786], [-70.5609, 41.7905], [-70.5373, 41.8109], [-70.5194, 41.7928], [-70.5206, 41.7715], [-70.5262, 41.7581], [-70.5469, 41.77], [-70.5521, 41.7709], [-70.5571, 41.7681], [-70.5594, 41.7701], [-70.5621, 41.7681], [-70.5656, 41.7696], [-70.5588, 41.7747]]]}}, {"type": "Feature", "properties": {"fips": "25015820400", "gap_national": -20.8, "gap_stratum": -22.5, "burden": 0.1, "capacity": 28.1, "svi": 0.05, "top_decile_gap": 0.0, "stratum": "metropolitan", "scored": 1}, "geometry": {"type": "Polygon", "coordinates": [[[-72.5323, 42.3955], [-72.527, 42.3952], [-72.5279, 42.4003], [-72.5157, 42.3985], [-72.5169, 42.3887], [-72.5208, 42.3881], [-72.521, 42.3853], [-72.5287, 42.3847], [-72.5279, 42.3814], [-72.5319, 42.3807], [-72.5328, 42.3738], [-72.5346, 42.3736], [-72.5323, 42.3955]]]}}, {"type": "Feature", "properties": {"fips": "25005651400", "gap_national": 46.8, "gap_stratum": 47.0, "burden": 84.4, "capacity": 45.6, "svi": 0.79, "top_decile_gap": 0.0, "stratum": "metropolitan", "scored": 1}, "geometry": {"type": "Polygon", "coordinates": [[[-70.9316, 41.6487], [-70.931, 41.6386], [-70.9353, 41.6381], [-70.9371, 41.6481], [-70.9316, 41.6487]]]}}, {"type": "Feature", "properties": {"fips": "25027732802", "gap_national": -3.1, "gap_stratum": 3.5, "burden": 58.9, "capacity": 60.2, "svi": 0.69, "top_decile_gap": 0.0, "stratum": "metropolitan", "scored": 1}, "geometry": {"type": "Polygon", "coordinates": [[[-71.7857, 42.2453], [-71.7903, 42.2481], [-71.7793, 42.2496], [-71.7741, 42.2474], [-71.7637, 42.234], [-71.7617, 42.2256], [-71.7831, 42.2162], [-71.7862, 42.231], [-71.7924, 42.2366], [-71.7914, 42.2412], [-71.7857, 42.2453]]]}}, {"type": "Feature", "properties": {"fips": "25027731002", "gap_national": 3.1, "gap_stratum": 9.2, "burden": 67.0, "capacity": 62.5, "svi": 0.91, "top_decile_gap": 0.0, "stratum": "metropolitan", "scored": 1}, "geometry": {"type": "Polygon", "coordinates": [[[-71.8547, 42.26], [-71.8494, 42.2594], [-71.8502, 42.263], [-71.8472, 42.2588], [-71.8414, 42.2586], [-71.8426, 42.2575], [-71.8374, 42.2512], [-71.8319, 42.2494], [-71.8367, 42.2444], [-71.8511, 42.2411], [-71.8543, 42.2487], [-71.8612, 42.2558], [-71.8547, 42.26]]]}}, {"type": "Feature", "properties": {"fips": "25005651001", "gap_national": -25.2, "gap_stratum": -17.7, "burden": 66.7, "capacity": 86.7, "svi": 0.69, "top_decile_gap": 0.0, "stratum": "metropolitan", "scored": 1}, "geometry": {"type": "Polygon", "coordinates": [[[-70.949, 41.6625], [-70.9434, 41.6523], [-70.9534, 41.6522], [-70.9576, 41.6453], [-70.9572, 41.6363], [-70.9596, 41.6367], [-70.9605, 41.6402], [-70.9695, 41.6485], [-70.9728, 41.6605], [-70.949, 41.6625]]]}}, {"type": "Feature", "properties": {"fips": "25025100603", "gap_national": -57.3, "gap_stratum": -58.0, "burden": 8.3, "capacity": 59.0, "svi": 0.38, "top_decile_gap": 0.0, "stratum": "metropolitan", "scored": 1}, "geometry": {"type": "Polygon", "coordinates": [[[-71.0484, 42.2901], [-71.0506, 42.2928], [-71.0475, 42.2936], [-71.0468, 42.2981], [-71.0437, 42.2929], [-71.0399, 42.2925], [-71.0381, 42.2847], [-71.0515, 42.2893], [-71.0484, 42.2901]]]}}, {"type": "Feature", "properties": {"fips": "25021408103", "gap_national": -79.1, "gap_stratum": -76.9, "burden": 12.7, "capacity": 77.7, "svi": 0.0, "top_decile_gap": 0.0, "stratum": "metropolitan", "scored": 1}, "geometry": {"type": "Polygon", "coordinates": [[[-71.4781, 42.1568], [-71.464, 42.1582], [-71.4441, 42.1749], [-71.4432, 42.1366], [-71.4785, 42.1314], [-71.4781, 42.1568]]]}}, {"type": "Feature", "properties": {"fips": "25027754200", "gap_national": 16.5, "gap_stratum": 19.1, "burden": 82.5, "capacity": 64.8, "svi": 0.83, "top_decile_gap": 0.0, "stratum": "metropolitan", "scored": 1}, "geometry": {"type": "Polygon", "coordinates": [[[-71.8791, 42.0682], [-71.8477, 42.0543], [-71.8548, 42.0496], [-71.8548, 42.0451], [-71.873, 42.0486], [-71.8744, 42.0557], [-71.8713, 42.0569], [-71.8729, 42.0587], [-71.8782, 42.058], [-71.8791, 42.0682]]]}}, {"type": "Feature", "properties": {"fips": "25015822603", "gap_national": -61.7, "gap_stratum": -54.9, "burden": 37.4, "capacity": 91.0, "svi": 0.07, "top_decile_gap": 0.0, "stratum": "metropolitan", "scored": 1}, "geometry": {"type": "Polygon", "coordinates": [[[-72.7412, 42.3627], [-72.7358, 42.2665], [-72.8144, 42.2568], [-72.8223, 42.3528], [-72.7412, 42.3627]]]}}, {"type": "Feature", "properties": {"fips": "25009261102", "gap_national": -56.3, "gap_stratum": -51.2, "burden": 28.2, "capacity": 72.7, "svi": 0.13, "top_decile_gap": 0.0, "stratum": "metropolitan", "scored": 1}, "geometry": {"type": "Polygon", "coordinates": [[[-71.1283, 42.7741], [-71.1225, 42.769], [-71.1142, 42.7682], [-71.0996, 42.7624], [-71.0997, 42.7584], [-71.0852, 42.7637], [-71.0849, 42.7597], [-71.0806, 42.7588], [-71.0851, 42.7479], [-71.0842, 42.7365], [-71.1086, 42.7353], [-71.1298, 42.758], [-71.1314, 42.7728], [-71.1283, 42.7741]]]}}, {"type": "Feature", "properties": {"fips": "25025050400", "gap_national": -1.9, "gap_stratum": -0.4, "burden": 19.1, "capacity": 23.5, "svi": 0.78, "top_decile_gap": 0.0, "stratum": "metropolitan", "scored": 1}, "geometry": {"type": "Polygon", "coordinates": [[[-71.0348, 42.3683], [-71.0368, 42.3657], [-71.0413, 42.3695], [-71.0348, 42.3683]]]}}, {"type": "Feature", "properties": {"fips": "25025180301", "gap_national": -75.1, "gap_stratum": -71.2, "burden": 21.4, "capacity": 83.3, "svi": 0.16, "top_decile_gap": 0.0, "stratum": "metropolitan", "scored": 1}, "geometry": {"type": "Polygon", "coordinates": [[[-70.9962, 42.3762], [-70.9898, 42.3768], [-70.9809, 42.3703], [-70.9881, 42.3685], [-70.9979, 42.3726], [-70.9962, 42.3762]]]}}, {"type": "Feature", "properties": {"fips": "25025160102", "gap_national": 26.0, "gap_stratum": 31.6, "burden": 35.7, "capacity": 13.9, "svi": 0.91, "top_decile_gap": 0.0, "stratum": "metropolitan", "scored": 1}, "geometry": {"type": "Polygon", "coordinates": [[[-71.03, 42.3948], [-71.0231, 42.3895], [-71.0326, 42.3916], [-71.03, 42.3948]]]}}, {"type": "Feature", "properties": {"fips": "25023510503", "gap_national": 5.7, "gap_stratum": 9.9, "burden": 79.9, "capacity": 70.6, "svi": 0.98, "top_decile_gap": 0.0, "stratum": "metropolitan", "scored": 1}, "geometry": {"type": "Polygon", "coordinates": [[[-71.0578, 42.1046], [-71.0592, 42.094], [-71.0468, 42.0887], [-71.0788, 42.0883], [-71.0793, 42.096], [-71.0578, 42.1046]]]}}, {"type": "Feature", "properties": {"fips": "25003900300", "gap_national": -50.1, "gap_stratum": -44.0, "burden": 33.1, "capacity": 72.3, "svi": 0.18, "top_decile_gap": 0.0, "stratum": "metropolitan", "scored": 1}, "geometry": {"type": "Polygon", "coordinates": [[[-73.2447, 42.4761], [-73.2381, 42.4739], [-73.2299, 42.4754], [-73.2285, 42.4597], [-73.2507, 42.4608], [-73.2528, 42.466], [-73.2447, 42.4761]]]}}, {"type": "Feature", "properties": {"fips": "25017338400", "gap_national": -88.9, "gap_stratum": -87.5, "burden": 10.3, "capacity": 86.7, "svi": 0.03, "top_decile_gap": 0.0, "stratum": "metropolitan", "scored": 1}, "geometry": {"type": "Polygon", "coordinates": [[[-71.1643, 42.4598], [-71.1541, 42.4473], [-71.1481, 42.4497], [-71.1401, 42.4449], [-71.1453, 42.4358], [-71.1823, 42.4363], [-71.1779, 42.4402], [-71.1896, 42.4498], [-71.1643, 42.4598]]]}}, {"type": "Feature", "properties": {"fips": "25017363201", "gap_national": -87.4, "gap_stratum": -86.1, "burden": 8.3, "capacity": 82.7, "svi": 0.04, "top_decile_gap": 0.0, "stratum": "metropolitan", "scored": 1}, "geometry": {"type": "Polygon", "coordinates": [[[-71.482, 42.4879], [-71.4755, 42.4803], [-71.4672, 42.4636], [-71.4545, 42.46], [-71.4538, 42.4462], [-71.4985, 42.4638], [-71.482, 42.4879]]]}}, {"type": "Feature", "properties": {"fips": "25017301102", "gap_national": -60.6, "gap_stratum": -55.4, "burden": 27.4, "capacity": 75.5, "svi": 0.04, "top_decile_gap": 0.0, "stratum": "metropolitan", "scored": 1}, "geometry": {"type": "Polygon", "coordinates": [[[-71.7546, 42.6771], [-71.7335, 42.6763], [-71.6931, 42.658], [-71.658, 42.6497], [-71.6646, 42.6116], [-71.7758, 42.6442], [-71.7744, 42.6722], [-71.7546, 42.6771]]]}}, {"type": "Feature", "properties": {"fips": "25021417901", "gap_national": -46.1, "gap_stratum": -37.9, "burden": 44.7, "capacity": 80.9, "svi": 0.82, "top_decile_gap": 0.0, "stratum": "metropolitan", "scored": 1}, "geometry": {"type": "Polygon", "coordinates": [[[-70.9889, 42.2539], [-70.9754, 42.2537], [-70.9621, 42.2464], [-70.9654, 42.2468], [-70.968, 42.238], [-70.9775, 42.2384], [-70.9799, 42.2362], [-70.9841, 42.2391], [-70.9825, 42.2481], [-70.9922, 42.2497], [-70.9889, 42.2539]]]}}, {"type": "Feature", "properties": {"fips": "25021400300", "gap_national": -77.2, "gap_stratum": -77.0, "burden": 3.1, "capacity": 70.5, "svi": 0.26, "top_decile_gap": 0.0, "stratum": "metropolitan", "scored": 1}, "geometry": {"type": "Polygon", "coordinates": [[[-71.1235, 42.3515], [-71.1242, 42.349], [-71.1211, 42.3485], [-71.1233, 42.3434], [-71.1343, 42.3466], [-71.1235, 42.3515]]]}}, {"type": "Feature", "properties": {"fips": "25009217101", "gap_national": -52.9, "gap_stratum": -45.1, "burden": 44.7, "capacity": 90.1, "svi": 0.5, "top_decile_gap": 0.0, "stratum": "metropolitan", "scored": 1}, "geometry": {"type": "Polygon", "coordinates": [[[-70.8818, 42.5909], [-70.8609, 42.5908], [-70.8459, 42.5796], [-70.8558, 42.5734], [-70.8612, 42.5668], [-70.8745, 42.5605], [-70.8792, 42.5634], [-70.8784, 42.5697], [-70.8822, 42.5753], [-70.885, 42.5754], [-70.8818, 42.5909]]]}}, {"type": "Feature", "properties": {"fips": "25017330201", "gap_national": -81.0, "gap_stratum": -78.4, "burden": 15.6, "capacity": 82.8, "svi": 0.21, "top_decile_gap": 0.0, "stratum": "metropolitan", "scored": 1}, "geometry": {"type": "Polygon", "coordinates": [[[-71.111, 42.6012], [-71.096, 42.5826], [-71.0871, 42.5668], [-71.0928, 42.5593], [-71.1049, 42.5664], [-71.1078, 42.5646], [-71.1128, 42.5823], [-71.1214, 42.6003], [-71.111, 42.6012]]]}}, {"type": "Feature", "properties": {"fips": "25017370301", "gap_national": -63.3, "gap_stratum": -62.9, "burden": 10.6, "capacity": 64.1, "svi": 0.27, "top_decile_gap": 0.0, "stratum": "metropolitan", "scored": 1}, "geometry": {"type": "Polygon", "coordinates": [[[-71.165, 42.3706], [-71.1589, 42.3706], [-71.1609, 42.3767], [-71.14, 42.3736], [-71.1439, 42.3656], [-71.147, 42.3654], [-71.154, 42.3704], [-71.1592, 42.365], [-71.1667, 42.3644], [-71.165, 42.3706]]]}}, {"type": "Feature", "properties": {"fips": "25011041501", "gap_national": -58.9, "gap_stratum": -92.1, "burden": 40.8, "capacity": 93.5, "svi": 0.24, "top_decile_gap": 0.0, "stratum": "rural", "scored": 1}, "geometry": {"type": "Polygon", "coordinates": [[[-72.7754, 42.568], [-72.7454, 42.5643], [-72.7422, 42.5831], [-72.7193, 42.5855], [-72.7158, 42.5808], [-72.7068, 42.5765], [-72.7072, 42.5694], [-72.7036, 42.5644], [-72.6802, 42.5627], [-72.6787, 42.5558], [-72.6641, 42.5492], [-72.6487, 42.5294], [-72.6628, 42.4693], [-72.6562, 42.47], [-72.6557, 42.4613], [-72.6574, 42.4584], [-72.7578, 42.4459], [-72.7571, 42.4524], [-72.7659, 42.4517], [-72.7651, 42.4559], [-72.7591, 42.4565], [-72.7583, 42.4609], [-72.7643, 42.4602], [-72.7638, 42.4637], [-72.8711, 42.484], [-72.8752, 42.5072], [-72.8703, 42.5251], [-72.8755, 42.5259], [-72.877, 42.5554], [-72.7754, 42.568]]]}}, {"type": "Feature", "properties": {"fips": "25013811500", "gap_national": 87.1, "gap_stratum": 87.1, "burden": 92.7, "capacity": 15.0, "svi": 0.99, "top_decile_gap": 1.0, "stratum": "metropolitan", "scored": 1}, "geometry": {"type": "Polygon", "coordinates": [[[-72.6058, 42.2027], [-72.5975, 42.1972], [-72.6099, 42.1898], [-72.6145, 42.1939], [-72.6058, 42.2027]]]}}, {"type": "Feature", "properties": {"fips": "25013800201", "gap_national": 18.5, "gap_stratum": 23.8, "burden": 61.9, "capacity": 48.1, "svi": 0.76, "top_decile_gap": 0.0, "stratum": "metropolitan", "scored": 1}, "geometry": {"type": "Polygon", "coordinates": [[[-72.5634, 42.1481], [-72.5489, 42.1542], [-72.55, 42.1424], [-72.5581, 42.1314], [-72.5669, 42.1269], [-72.5667, 42.1327], [-72.5747, 42.1433], [-72.5634, 42.1481]]]}}, {"type": "Feature", "properties": {"fips": "25005630201", "gap_national": -55.7, "gap_stratum": -48.6, "burden": 37.3, "capacity": 82.2, "svi": 0.04, "top_decile_gap": 0.0, "stratum": "metropolitan", "scored": 1}, "geometry": {"type": "Polygon", "coordinates": [[[-71.2883, 42.0145], [-71.2687, 41.9873], [-71.2964, 41.9682], [-71.2922, 41.9962], [-71.3036, 42.0086], [-71.2883, 42.0145]]]}}, {"type": "Feature", "properties": {"fips": "25027731802", "gap_national": 64.1, "gap_stratum": 66.9, "burden": 78.9, "capacity": 26.4, "svi": 0.9, "top_decile_gap": 1.0, "stratum": "metropolitan", "scored": 1}, "geometry": {"type": "Polygon", "coordinates": [[[-71.7883, 42.2725], [-71.7882, 42.2645], [-71.7936, 42.2622], [-71.7933, 42.2674], [-71.7969, 42.2705], [-71.7883, 42.2725]]]}}, {"type": "Feature", "properties": {"fips": "25025071201", "gap_national": -6.7, "gap_stratum": -0.4, "burden": 51.5, "capacity": 57.1, "svi": 0.94, "top_decile_gap": 0.0, "stratum": "metropolitan", "scored": 1}, "geometry": {"type": "Polygon", "coordinates": [[[-71.0659, 42.3439], [-71.0622, 42.3429], [-71.0654, 42.3354], [-71.0685, 42.3357], [-71.0718, 42.3401], [-71.0659, 42.3439]]]}}, {"type": "Feature", "properties": {"fips": "25025070801", "gap_national": -21.2, "gap_stratum": -21.7, "burden": 13.3, "capacity": 36.0, "svi": 0.27, "top_decile_gap": 0.0, "stratum": "metropolitan", "scored": 1}, "geometry": {"type": "Polygon", "coordinates": [[[-71.0832, 42.3416], [-71.0803, 42.3394], [-71.082, 42.3384], [-71.0847, 42.3403], [-71.0832, 42.3416]]]}}, {"type": "Feature", "properties": {"fips": "25027721103", "gap_national": -69.2, "gap_stratum": -66.1, "burden": 18.4, "capacity": 74.1, "svi": 0.02, "top_decile_gap": 0.0, "stratum": "metropolitan", "scored": 1}, "geometry": {"type": "Polygon", "coordinates": [[[-71.9654, 42.4466], [-71.8878, 42.395], [-71.9235, 42.3717], [-71.931, 42.3723], [-71.9402, 42.3791], [-71.9482, 42.3787], [-71.9679, 42.3709], [-71.9908, 42.3714], [-72.0018, 42.3745], [-72.0182, 42.3693], [-72.0351, 42.4039], [-71.9654, 42.4466]]]}}, {"type": "Feature", "properties": {"fips": "25009250300", "gap_national": 42.4, "gap_stratum": 49.4, "burden": 54.1, "capacity": 19.4, "svi": 0.85, "top_decile_gap": 0.0, "stratum": "metropolitan", "scored": 1}, "geometry": {"type": "Polygon", "coordinates": [[[-71.1788, 42.7179], [-71.1711, 42.7084], [-71.1758, 42.7066], [-71.1831, 42.7153], [-71.1788, 42.7179]]]}}, {"type": "Feature", "properties": {"fips": "25025110201", "gap_national": -20.7, "gap_stratum": -13.9, "burden": 46.4, "capacity": 62.3, "svi": 0.88, "top_decile_gap": 0.0, "stratum": "metropolitan", "scored": 1}, "geometry": {"type": "Polygon", "coordinates": [[[-71.1195, 42.2855], [-71.1122, 42.2802], [-71.1166, 42.279], [-71.1172, 42.2759], [-71.1195, 42.2855]]]}}, {"type": "Feature", "properties": {"fips": "25027707500", "gap_national": -11.6, "gap_stratum": -4.1, "burden": 59.1, "capacity": 66.1, "svi": 0.62, "top_decile_gap": 0.0, "stratum": "metropolitan", "scored": 1}, "geometry": {"type": "Polygon", "coordinates": [[[-71.9861, 42.63], [-71.9861, 42.6278], [-71.9759, 42.6275], [-71.9564, 42.6103], [-71.9521, 42.6107], [-71.9488, 42.6025], [-71.9506, 42.6017], [-71.9458, 42.5949], [-71.928, 42.602], [-71.9235, 42.5954], [-71.9509, 42.5614], [-71.9792, 42.5643], [-71.9838, 42.5676], [-71.9872, 42.5795], [-71.9935, 42.5791], [-71.9948, 42.581], [-71.9996, 42.595], [-71.9955, 42.6026], [-71.9956, 42.6086], [-72.0084, 42.6204], [-71.9861, 42.63]]]}}, {"type": "Feature", "properties": {"fips": "25027731202", "gap_national": -14.8, "gap_stratum": -15.7, "burden": 6.9, "capacity": 25.5, "svi": null, "top_decile_gap": 0.0, "stratum": "metropolitan", "scored": 1}, "geometry": {"type": "Polygon", "coordinates": [[[-71.8232, 42.2537], [-71.8211, 42.2508], [-71.8236, 42.2495], [-71.8254, 42.2519], [-71.8232, 42.2537]]]}}, {"type": "Feature", "properties": {"fips": "25005650700", "gap_national": 62.4, "gap_stratum": 69.3, "burden": 65.2, "capacity": 11.2, "svi": 0.92, "top_decile_gap": 1.0, "stratum": "metropolitan", "scored": 1}, "geometry": {"type": "Polygon", "coordinates": [[[-70.9171, 41.6633], [-70.9166, 41.6591], [-70.9293, 41.6574], [-70.93, 41.6619], [-70.9171, 41.6633]]]}}, {"type": "Feature", "properties": {"fips": "25005651700", "gap_national": 49.2, "gap_stratum": 48.5, "burden": 88.2, "capacity": 46.4, "svi": 0.92, "top_decile_gap": 0.0, "stratum": "metropolitan", "scored": 1}, "geometry": {"type": "Polygon", "coordinates": [[[-70.931, 41.6386], [-70.9295, 41.6321], [-70.9365, 41.6314], [-70.9378, 41.6378], [-70.931, 41.6386]]]}}, {"type": "Feature", "properties": {"fips": "25021402102", "gap_national": -43.5, "gap_stratum": -38.0, "burden": 32.8, "capacity": 67.1, "svi": 0.6, "top_decile_gap": 0.0, "stratum": "metropolitan", "scored": 1}, "geometry": {"type": "Polygon", "coordinates": [[[-71.1586, 42.2552], [-71.1521, 42.2582], [-71.1466, 42.2558], [-71.1435, 42.2401], [-71.1605, 42.2467], [-71.1615, 42.2526], [-71.1646, 42.2551], [-71.1616, 42.2575], [-71.1586, 42.2552]]]}}, {"type": "Feature", "properties": {"fips": "25015822000", "gap_national": -29.3, "gap_stratum": -31.6, "burden": 0.2, "capacity": 35.7, "svi": 0.21, "top_decile_gap": 0.0, "stratum": "metropolitan", "scored": 1}, "geometry": {"type": "Polygon", "coordinates": [[[-72.6434, 42.3219], [-72.638, 42.3199], [-72.6346, 42.3218], [-72.6342, 42.3178], [-72.6384, 42.3164], [-72.6376, 42.3138], [-72.6397, 42.312], [-72.6414, 42.3181], [-72.6444, 42.3168], [-72.6465, 42.3196], [-72.6434, 42.3219]]]}}, {"type": "Feature", "properties": {"fips": "25025160400", "gap_national": -1.3, "gap_stratum": -0.1, "burden": 17.0, "capacity": 20.6, "svi": 0.81, "top_decile_gap": 0.0, "stratum": "metropolitan", "scored": 1}, "geometry": {"type": "Polygon", "coordinates": [[[-71.0481, 42.3966], [-71.0393, 42.4029], [-71.0362, 42.4025], [-71.0381, 42.3999], [-71.0365, 42.3969], [-71.0304, 42.3949], [-71.0419, 42.3884], [-71.0445, 42.3924], [-71.0531, 42.3952], [-71.0519, 42.3976], [-71.0481, 42.3966]]]}}, {"type": "Feature", "properties": {"fips": "25025000201", "gap_national": -31.1, "gap_stratum": -33.2, "burden": 4.1, "capacity": 38.5, "svi": 0.46, "top_decile_gap": 0.0, "stratum": "metropolitan", "scored": 1}, "geometry": {"type": "Polygon", "coordinates": [[[-71.165, 42.3532], [-71.1609, 42.3586], [-71.1538, 42.3575], [-71.1606, 42.3527], [-71.1604, 42.3489], [-71.1676, 42.3506], [-71.1676, 42.3538], [-71.165, 42.3532]]]}}, {"type": "Feature", "properties": {"fips": "25001013400", "gap_national": -56.4, "gap_stratum": -48.7, "burden": 44.2, "capacity": 98.0, "svi": 0.04, "top_decile_gap": 0.0, "stratum": "metropolitan", "scored": 1}, "geometry": {"type": "Polygon", "coordinates": [[[-70.4889, 41.745], [-70.4835, 41.7436], [-70.4804, 41.7577], [-70.477, 41.7601], [-70.4802, 41.763], [-70.4758, 41.7639], [-70.4283, 41.7477], [-70.3836, 41.7398], [-70.4122, 41.7108], [-70.4397, 41.7272], [-70.4576, 41.7307], [-70.471, 41.7362], [-70.493, 41.7391], [-70.4946, 41.743], [-70.4889, 41.745]]]}}, {"type": "Feature", "properties": {"fips": "25023530500", "gap_national": -47.3, "gap_stratum": -39.0, "burden": 48.9, "capacity": 88.8, "svi": 0.63, "top_decile_gap": 0.0, "stratum": "metropolitan", "scored": 1}, "geometry": {"type": "Polygon", "coordinates": [[[-70.6602, 41.9572], [-70.6468, 41.9493], [-70.6284, 41.9464], [-70.6189, 41.9375], [-70.6318, 41.9334], [-70.6483, 41.9338], [-70.6668, 41.939], [-70.6789, 41.9499], [-70.6602, 41.9572]]]}}, {"type": "Feature", "properties": {"fips": "25023521201", "gap_national": -42.8, "gap_stratum": -38.0, "burden": 30.6, "capacity": 64.8, "svi": 0.33, "top_decile_gap": 0.0, "stratum": "metropolitan", "scored": 1}, "geometry": {"type": "Polygon", "coordinates": [[[-70.9269, 42.0981], [-70.9258, 42.0943], [-70.9282, 42.0909], [-70.9239, 42.0833], [-70.9324, 42.0735], [-70.9467, 42.0946], [-70.9269, 42.0981]]]}}, {"type": "Feature", "properties": {"fips": "25009207100", "gap_national": 15.9, "gap_stratum": 20.4, "burden": 32.0, "capacity": 20.4, "svi": 0.8, "top_decile_gap": 0.0, "stratum": "metropolitan", "scored": 1}, "geometry": {"type": "Polygon", "coordinates": [[[-70.9657, 42.4625], [-70.9622, 42.4627], [-70.96, 42.4591], [-70.9715, 42.4575], [-70.9657, 42.4625]]]}}, {"type": "Feature", "properties": {"fips": "25009203302", "gap_national": -71.7, "gap_stratum": -66.3, "burden": 30.8, "capacity": 96.9, "svi": 0.13, "top_decile_gap": 0.0, "stratum": "metropolitan", "scored": 1}, "geometry": {"type": "Polygon", "coordinates": [[[-70.8571, 42.5215], [-70.8456, 42.5175], [-70.8421, 42.5195], [-70.8424, 42.5088], [-70.85, 42.5017], [-70.86, 42.513], [-70.8668, 42.5153], [-70.8571, 42.5215]]]}}, {"type": "Feature", "properties": {"fips": "25009268300", "gap_national": -68.2, "gap_stratum": -62.2, "burden": 33.1, "capacity": 94.1, "svi": 0.28, "top_decile_gap": 0.0, "stratum": "metropolitan", "scored": 1}, "geometry": {"type": "Polygon", "coordinates": [[[-70.8866, 42.8141], [-70.8775, 42.8198], [-70.8665, 42.8136], [-70.8756, 42.7979], [-70.8792, 42.8033], [-70.8784, 42.8067], [-70.8892, 42.8098], [-70.8866, 42.8141]]]}}, {"type": "Feature", "properties": {"fips": "25025100500", "gap_national": -27.0, "gap_stratum": -20.2, "burden": 43.7, "capacity": 64.4, "svi": 0.87, "top_decile_gap": 0.0, "stratum": "metropolitan", "scored": 1}, "geometry": {"type": "Polygon", "coordinates": [[[-71.0708, 42.2901], [-71.0623, 42.293], [-71.0643, 42.2857], [-71.0667, 42.2851], [-71.0766, 42.2838], [-71.0782, 42.2908], [-71.0708, 42.2901]]]}}, {"type": "Feature", "properties": {"fips": "25013802200", "gap_national": 58.1, "gap_stratum": 62.9, "burden": 71.2, "capacity": 24.0, "svi": 0.91, "top_decile_gap": 1.0, "stratum": "metropolitan", "scored": 1}, "geometry": {"type": "Polygon", "coordinates": [[[-72.5637, 42.0973], [-72.5636, 42.0897], [-72.5578, 42.0863], [-72.5741, 42.0892], [-72.5637, 42.0973]]]}}, {"type": "Feature", "properties": {"fips": "25013810700", "gap_national": 14.8, "gap_stratum": 19.4, "burden": 69.7, "capacity": 57.0, "svi": 0.76, "top_decile_gap": 0.0, "stratum": "metropolitan", "scored": 1}, "geometry": {"type": "Polygon", "coordinates": [[[-72.5796, 42.1477], [-72.5819, 42.1598], [-72.5757, 42.1587], [-72.5623, 42.1612], [-72.5556, 42.1571], [-72.544, 42.1594], [-72.5408, 42.1575], [-72.582, 42.1403], [-72.5796, 42.1477]]]}}, {"type": "Feature", "properties": {"fips": "25013801502", "gap_national": 49.1, "gap_stratum": 49.4, "burden": 84.5, "capacity": 43.9, "svi": 0.96, "top_decile_gap": 0.0, "stratum": "metropolitan", "scored": 1}, "geometry": {"type": "Polygon", "coordinates": [[[-72.52, 42.1417], [-72.5192, 42.1368], [-72.5159, 42.1374], [-72.5138, 42.1296], [-72.5204, 42.1218], [-72.5197, 42.1317], [-72.5312, 42.1296], [-72.5462, 42.1336], [-72.52, 42.1417]]]}}, {"type": "Feature", "properties": {"fips": "25017340100", "gap_national": -68.0, "gap_stratum": -64.1, "burden": 21.5, "capacity": 76.1, "svi": 0.33, "top_decile_gap": 0.0, "stratum": "metropolitan", "scored": 1}, "geometry": {"type": "Polygon", "coordinates": [[[-71.1025, 42.4378], [-71.0936, 42.4425], [-71.0863, 42.4401], [-71.0894, 42.4267], [-71.0881, 42.4234], [-71.1012, 42.4259], [-71.1025, 42.4378]]]}}, {"type": "Feature", "properties": {"fips": "25017383200", "gap_national": 5.4, "gap_stratum": 9.9, "burden": 37.9, "capacity": 36.9, "svi": 0.83, "top_decile_gap": 0.0, "stratum": "metropolitan", "scored": 1}, "geometry": {"type": "Polygon", "coordinates": [[[-71.4371, 42.2745], [-71.4168, 42.2767], [-71.4185, 42.2729], [-71.4171, 42.2577], [-71.4446, 42.2706], [-71.4371, 42.2745]]]}}, {"type": "Feature", "properties": {"fips": "25017339803", "gap_national": -42.1, "gap_stratum": -44.5, "burden": 2.0, "capacity": 46.2, "svi": 0.25, "top_decile_gap": 0.0, "stratum": "metropolitan", "scored": 1}, "geometry": {"type": "Polygon", "coordinates": [[[-71.0804, 42.4081], [-71.077, 42.4075], [-71.0768, 42.4132], [-71.072, 42.4119], [-71.0736, 42.4094], [-71.0713, 42.4069], [-71.076, 42.3964], [-71.0834, 42.4], [-71.0804, 42.4081]]]}}, {"type": "Feature", "properties": {"fips": "25017342301", "gap_national": 11.4, "gap_stratum": 16.1, "burden": 36.4, "capacity": 30.1, "svi": 0.8, "top_decile_gap": 0.0, "stratum": "metropolitan", "scored": 1}, "geometry": {"type": "Polygon", "coordinates": [[[-71.0599, 42.4164], [-71.0536, 42.4119], [-71.0593, 42.4089], [-71.0616, 42.4156], [-71.0599, 42.4164]]]}}, {"type": "Feature", "properties": {"fips": "25017315403", "gap_national": -62.6, "gap_stratum": -57.5, "burden": 26.6, "capacity": 76.4, "svi": 0.16, "top_decile_gap": 0.0, "stratum": "metropolitan", "scored": 1}, "geometry": {"type": "Polygon", "coordinates": [[[-71.1925, 42.5925], [-71.195, 42.5969], [-71.1907, 42.6018], [-71.1826, 42.5951], [-71.1868, 42.5898], [-71.1867, 42.5849], [-71.1806, 42.5836], [-71.1886, 42.5709], [-71.2005, 42.5878], [-71.1978, 42.5876], [-71.1925, 42.5925]]]}}, {"type": "Feature", "properties": {"fips": "25017312000", "gap_national": 17.9, "gap_stratum": 23.4, "burden": 40.3, "capacity": 28.3, "svi": 0.92, "top_decile_gap": 0.0, "stratum": "metropolitan", "scored": 1}, "geometry": {"type": "Polygon", "coordinates": [[[-71.3029, 42.6382], [-71.3015, 42.636], [-71.3063, 42.6318], [-71.3137, 42.6345], [-71.3029, 42.6382]]]}}, {"type": "Feature", "properties": {"fips": "25017335200", "gap_national": -79.8, "gap_stratum": -77.2, "burden": 15.3, "capacity": 81.1, "svi": 0.19, "top_decile_gap": 0.0, "stratum": "metropolitan", "scored": 1}, "geometry": {"type": "Polygon", "coordinates": [[[-71.0997, 42.5064], [-71.0941, 42.5074], [-71.0974, 42.5104], [-71.0931, 42.5155], [-71.0891, 42.5138], [-71.0716, 42.4975], [-71.0694, 42.4897], [-71.074, 42.4898], [-71.0716, 42.4866], [-71.0854, 42.4922], [-71.0901, 42.5012], [-71.1007, 42.5022], [-71.0997, 42.5064]]]}}, {"type": "Feature", "properties": {"fips": "25003921500", "gap_national": -17.7, "gap_stratum": -45.5, "burden": 65.2, "capacity": 76.4, "svi": 0.35, "top_decile_gap": 0.0, "stratum": "micropolitan", "scored": 1}, "geometry": {"type": "Polygon", "coordinates": [[[-73.1754, 42.7123], [-73.1484, 42.7113], [-73.1504, 42.7049], [-73.1206, 42.7021], [-73.1206, 42.691], [-73.129, 42.6872], [-73.1387, 42.669], [-73.1411, 42.6587], [-73.1698, 42.6602], [-73.1678, 42.6867], [-73.1772, 42.687], [-73.1754, 42.7123]]]}}, {"type": "Feature", "properties": {"fips": "25013811600", "gap_national": 75.1, "gap_stratum": 77.7, "burden": 81.6, "capacity": 17.6, "svi": 0.98, "top_decile_gap": 1.0, "stratum": "metropolitan", "scored": 1}, "geometry": {"type": "Polygon", "coordinates": [[[-72.6142, 42.2073], [-72.6058, 42.2027], [-72.6145, 42.1939], [-72.6199, 42.2014], [-72.6142, 42.2073]]]}}, {"type": "Feature", "properties": {"fips": "25013801402", "gap_national": 9.0, "gap_stratum": 13.5, "burden": 76.4, "capacity": 65.7, "svi": 0.91, "top_decile_gap": 0.0, "stratum": "metropolitan", "scored": 1}, "geometry": {"type": "Polygon", "coordinates": [[[-72.5459, 42.1256], [-72.5461, 42.1324], [-72.5392, 42.1322], [-72.538, 42.1253], [-72.5506, 42.116], [-72.5532, 42.1202], [-72.5459, 42.1256]]]}}, {"type": "Feature", "properties": {"fips": "25017352900", "gap_national": -59.5, "gap_stratum": -60.9, "burden": 3.9, "capacity": 58.6, "svi": 0.29, "top_decile_gap": 0.0, "stratum": "metropolitan", "scored": 1}, "geometry": {"type": "Polygon", "coordinates": [[[-71.1054, 42.3763], [-71.099, 42.3722], [-71.101, 42.3693], [-71.1079, 42.3721], [-71.1054, 42.3763]]]}}, {"type": "Feature", "properties": {"fips": "25017354800", "gap_national": -67.6, "gap_stratum": -68.2, "burden": 3.3, "capacity": 63.8, "svi": 0.13, "top_decile_gap": 0.0, "stratum": "metropolitan", "scored": 1}, "geometry": {"type": "Polygon", "coordinates": [[[-71.1309, 42.3979], [-71.1233, 42.3913], [-71.1247, 42.3894], [-71.1303, 42.3903], [-71.1309, 42.3979]]]}}, {"type": "Feature", "properties": {"fips": "25017310700", "gap_national": 2.1, "gap_stratum": 5.0, "burden": 26.5, "capacity": 28.0, "svi": 0.82, "top_decile_gap": 0.0, "stratum": "metropolitan", "scored": 1}, "geometry": {"type": "Polygon", "coordinates": [[[-71.3297, 42.6508], [-71.3233, 42.6511], [-71.3249, 42.6489], [-71.3219, 42.6455], [-71.3262, 42.6443], [-71.3251, 42.6403], [-71.3435, 42.6403], [-71.3297, 42.6508]]]}}, {"type": "Feature", "properties": {"fips": "25009210302", "gap_national": -53.7, "gap_stratum": -46.1, "burden": 39.9, "capacity": 83.3, "svi": 0.57, "top_decile_gap": 0.0, "stratum": "metropolitan", "scored": 1}, "geometry": {"type": "Polygon", "coordinates": [[[-70.9861, 42.5426], [-70.9557, 42.5366], [-70.9513, 42.5408], [-70.9557, 42.5436], [-70.9524, 42.5489], [-70.9547, 42.5499], [-70.941, 42.5461], [-70.9366, 42.5471], [-70.9361, 42.5422], [-70.9382, 42.54], [-70.95, 42.5346], [-70.9568, 42.527], [-70.9741, 42.5256], [-70.9965, 42.5177], [-70.9994, 42.5194], [-70.9861, 42.5426]]]}}, {"type": "Feature", "properties": {"fips": "25025020200", "gap_national": -46.1, "gap_stratum": -48.5, "burden": 1.2, "capacity": 48.7, "svi": 0.04, "top_decile_gap": 0.0, "stratum": "metropolitan", "scored": 1}, "geometry": {"type": "Polygon", "coordinates": [[[-71.0652, 42.3612], [-71.065, 42.3594], [-71.0721, 42.3595], [-71.0724, 42.3612], [-71.0652, 42.3612]]]}}, {"type": "Feature", "properties": {"fips": "25021413401", "gap_national": -75.0, "gap_stratum": -71.7, "burden": 18.5, "capacity": 79.5, "svi": 0.31, "top_decile_gap": 0.0, "stratum": "metropolitan", "scored": 1}, "geometry": {"type": "Polygon", "coordinates": [[[-71.2026, 42.1966], [-71.1979, 42.1934], [-71.2042, 42.1817], [-71.2129, 42.1833], [-71.2166, 42.1875], [-71.2026, 42.1966]]]}}, {"type": "Feature", "properties": {"fips": "25021457100", "gap_national": -46.7, "gap_stratum": -38.9, "burden": 40.5, "capacity": 76.6, "svi": 0.4, "top_decile_gap": 0.0, "stratum": "metropolitan", "scored": 1}, "geometry": {"type": "Polygon", "coordinates": [[[-71.0565, 42.1538], [-71.0401, 42.1372], [-71.0272, 42.1329], [-71.027, 42.1237], [-71.0219, 42.1187], [-71.0613, 42.1032], [-71.0603, 42.107], [-71.0709, 42.1322], [-71.0565, 42.1538]]]}}, {"type": "Feature", "properties": {"fips": "25021419602", "gap_national": -70.5, "gap_stratum": -65.4, "burden": 27.5, "capacity": 86.3, "svi": 0.35, "top_decile_gap": 0.0, "stratum": "metropolitan", "scored": 1}, "geometry": {"type": "Polygon", "coordinates": [[[-71.0191, 42.184], [-71.0119, 42.1842], [-71.0082, 42.1868], [-70.9962, 42.1833], [-70.9864, 42.1888], [-70.9858, 42.1913], [-70.9736, 42.1872], [-70.9765, 42.1683], [-71.022, 42.169], [-71.0191, 42.184]]]}}, {"type": "Feature", "properties": {"fips": "25025120201", "gap_national": -54.0, "gap_stratum": -55.8, "burden": 3.8, "capacity": 55.0, "svi": 0.32, "top_decile_gap": 0.0, "stratum": "metropolitan", "scored": 1}, "geometry": {"type": "Polygon", "coordinates": [[[-71.1103, 42.3061], [-71.1073, 42.3106], [-71.1024, 42.3089], [-71.1067, 42.3009], [-71.1145, 42.3019], [-71.1152, 42.3066], [-71.1103, 42.3061]]]}}, {"type": "Feature", "properties": {"fips": "25005631400", "gap_national": 14.3, "gap_stratum": 19.8, "burden": 59.7, "capacity": 49.3, "svi": 0.92, "top_decile_gap": 0.0, "stratum": "metropolitan", "scored": 1}, "geometry": {"type": "Polygon", "coordinates": [[[-71.2839, 41.9477], [-71.2779, 41.9483], [-71.2751, 41.9463], [-71.2766, 41.9402], [-71.2886, 41.9413], [-71.2912, 41.9441], [-71.2839, 41.9477]]]}}, {"type": "Feature", "properties": {"fips": "25005641900", "gap_national": 29.1, "gap_stratum": 34.1, "burden": 63.6, "capacity": 41.7, "svi": 0.96, "top_decile_gap": 0.0, "stratum": "metropolitan", "scored": 1}, "geometry": {"type": "Polygon", "coordinates": [[[-71.1504, 41.7158], [-71.1528, 41.7082], [-71.1505, 41.7039], [-71.1474, 41.7052], [-71.1485, 41.7017], [-71.155, 41.7047], [-71.1504, 41.7158]]]}}, {"type": "Feature", "properties": {"fips": "25025050500", "gap_national": -19.0, "gap_stratum": -20.0, "burden": 8.0, "capacity": 30.2, "svi": 0.54, "top_decile_gap": 0.0, "stratum": "metropolitan", "scored": 1}, "geometry": {"type": "Polygon", "coordinates": [[[-71.0315, 42.3739], [-71.027, 42.3701], [-71.0312, 42.3702], [-71.0334, 42.3677], [-71.037, 42.3693], [-71.0315, 42.3739]]]}}, {"type": "Feature", "properties": {"fips": "25025082100", "gap_national": 37.0, "gap_stratum": 38.1, "burden": 81.8, "capacity": 50.7, "svi": 0.93, "top_decile_gap": 0.0, "stratum": "metropolitan", "scored": 1}, "geometry": {"type": "Polygon", "coordinates": [[[-71.0894, 42.3133], [-71.0833, 42.3106], [-71.0849, 42.3044], [-71.0922, 42.3099], [-71.0894, 42.3133]]]}}, {"type": "Feature", "properties": {"fips": "25025000503", "gap_national": -37.5, "gap_stratum": -40.1, "burden": 0.8, "capacity": 42.4, "svi": 0.34, "top_decile_gap": 0.0, "stratum": "metropolitan", "scored": 1}, "geometry": {"type": "Polygon", "coordinates": [[[-71.15, 42.3415], [-71.1459, 42.3419], [-71.1498, 42.3377], [-71.1534, 42.3382], [-71.15, 42.3415]]]}}, {"type": "Feature", "properties": {"fips": "25001012602", "gap_national": -18.3, "gap_stratum": -10.4, "burden": 54.7, "capacity": 67.2, "svi": 0.53, "top_decile_gap": 0.0, "stratum": "metropolitan", "scored": 1}, "geometry": {"type": "Polygon", "coordinates": [[[-70.3123, 41.6614], [-70.287, 41.6648], [-70.2871, 41.6546], [-70.2942, 41.652], [-70.2962, 41.6478], [-70.3154, 41.6511], [-70.3123, 41.6614]]]}}, {"type": "Feature", "properties": {"fips": "25017336403", "gap_national": -46.9, "gap_stratum": -48.7, "burden": 6.4, "capacity": 51.2, "svi": 0.38, "top_decile_gap": 0.0, "stratum": "metropolitan", "scored": 1}, "geometry": {"type": "Polygon", "coordinates": [[[-71.0806, 42.4531], [-71.0751, 42.4478], [-71.0716, 42.4481], [-71.0686, 42.4518], [-71.0677, 42.4404], [-71.0829, 42.4388], [-71.0806, 42.4531]]]}}, {"type": "Feature", "properties": {"fips": "25023510400", "gap_national": 52.7, "gap_stratum": 55.9, "burden": 75.7, "capacity": 33.8, "svi": 0.96, "top_decile_gap": 0.0, "stratum": "metropolitan", "scored": 1}, "geometry": {"type": "Polygon", "coordinates": [[[-71.0168, 42.0976], [-71.0166, 42.0893], [-71.0246, 42.089], [-71.0275, 42.0962], [-71.0168, 42.0976]]]}}, {"type": "Feature", "properties": {"fips": "25023511500", "gap_national": 30.6, "gap_stratum": 36.4, "burden": 58.5, "capacity": 35.8, "svi": 0.83, "top_decile_gap": 0.0, "stratum": "metropolitan", "scored": 1}, "geometry": {"type": "Polygon", "coordinates": [[[-71.0162, 42.074], [-71.0148, 42.0684], [-71.0264, 42.0661], [-71.0296, 42.0674], [-71.0306, 42.0711], [-71.0162, 42.074]]]}}, {"type": "Feature", "properties": {"fips": "25025000604", "gap_national": -25.0, "gap_stratum": -26.5, "burden": 7.8, "capacity": 35.4, "svi": 0.53, "top_decile_gap": 0.0, "stratum": "metropolitan", "scored": 1}, "geometry": {"type": "Polygon", "coordinates": [[[-71.1373, 42.3536], [-71.1346, 42.3534], [-71.1376, 42.3486], [-71.1471, 42.3502], [-71.1373, 42.3536]]]}}, {"type": "Feature", "properties": {"fips": "25009206100", "gap_national": 35.5, "gap_stratum": 42.3, "burden": 52.0, "capacity": 24.2, "svi": 0.98, "top_decile_gap": 0.0, "stratum": "metropolitan", "scored": 1}, "geometry": {"type": "Polygon", "coordinates": [[[-70.9545, 42.4683], [-70.9481, 42.4648], [-70.9582, 42.4636], [-70.9594, 42.4677], [-70.9545, 42.4683]]]}}, {"type": "Feature", "properties": {"fips": "25009252202", "gap_national": -68.0, "gap_stratum": -63.2, "burden": 24.8, "capacity": 79.7, "svi": 0.1, "top_decile_gap": 0.0, "stratum": "metropolitan", "scored": 1}, "geometry": {"type": "Polygon", "coordinates": [[[-71.2455, 42.7426], [-71.2239, 42.7467], [-71.2136, 42.7445], [-71.2137, 42.7402], [-71.2077, 42.7288], [-71.2334, 42.7275], [-71.2389, 42.7236], [-71.2512, 42.7212], [-71.2552, 42.7366], [-71.2455, 42.7426]]]}}, {"type": "Feature", "properties": {"fips": "25015820900", "gap_national": -64.1, "gap_stratum": -58.4, "burden": 29.5, "capacity": 81.3, "svi": 0.13, "top_decile_gap": 0.0, "stratum": "metropolitan", "scored": 1}, "geometry": {"type": "Polygon", "coordinates": [[[-72.5414, 42.2865], [-72.5395, 42.2933], [-72.5247, 42.3032], [-72.4991, 42.3063], [-72.4936, 42.3023], [-72.4789, 42.307], [-72.4642, 42.3081], [-72.4471, 42.2273], [-72.5464, 42.2165], [-72.5551, 42.2451], [-72.5585, 42.2804], [-72.5414, 42.2865]]]}}, {"type": "Feature", "properties": {"fips": "25017333602", "gap_national": -49.8, "gap_stratum": -47.1, "burden": 22.5, "capacity": 63.3, "svi": 0.47, "top_decile_gap": 0.0, "stratum": "metropolitan", "scored": 1}, "geometry": {"type": "Polygon", "coordinates": [[[-71.1492, 42.5243], [-71.1454, 42.5168], [-71.1519, 42.5079], [-71.1411, 42.5032], [-71.1422, 42.5013], [-71.1685, 42.4975], [-71.17, 42.5155], [-71.1492, 42.5243]]]}}, {"type": "Feature", "properties": {"fips": "25017383402", "gap_national": 2.2, "gap_stratum": 6.8, "burden": 40.3, "capacity": 41.6, "svi": 0.49, "top_decile_gap": 0.0, "stratum": "metropolitan", "scored": 1}, "geometry": {"type": "Polygon", "coordinates": [[[-71.4094, 42.2887], [-71.4021, 42.2917], [-71.3996, 42.2812], [-71.4062, 42.2792], [-71.4148, 42.2825], [-71.4094, 42.2887]]]}}, {"type": "Feature", "properties": {"fips": "25009260600", "gap_national": -2.4, "gap_stratum": 1.4, "burden": 35.4, "capacity": 40.7, "svi": 0.5, "top_decile_gap": 0.0, "stratum": "metropolitan", "scored": 1}, "geometry": {"type": "Polygon", "coordinates": [[[-71.0934, 42.8007], [-71.0874, 42.7969], [-71.0785, 42.7841], [-71.0889, 42.781], [-71.0947, 42.7911], [-71.1022, 42.7962], [-71.0934, 42.8007]]]}}, {"type": "Feature", "properties": {"fips": "25009250400", "gap_national": 54.7, "gap_stratum": 60.0, "burden": 68.8, "capacity": 24.6, "svi": 0.94, "top_decile_gap": 1.0, "stratum": "metropolitan", "scored": 1}, "geometry": {"type": "Polygon", "coordinates": [[[-71.1717, 42.7213], [-71.1706, 42.7135], [-71.1768, 42.7154], [-71.1788, 42.7179], [-71.1717, 42.7213]]]}}, {"type": "Feature", "properties": {"fips": "25009204701", "gap_national": -40.7, "gap_stratum": -32.2, "burden": 47.8, "capacity": 78.9, "svi": 0.51, "top_decile_gap": 0.0, "stratum": "metropolitan", "scored": 1}, "geometry": {"type": "Polygon", "coordinates": [[[-70.9262, 42.5151], [-70.9286, 42.5102], [-70.9243, 42.5029], [-70.9112, 42.5091], [-70.9074, 42.5132], [-70.9085, 42.5187], [-70.8972, 42.5121], [-70.8983, 42.5073], [-70.9135, 42.4859], [-70.9499, 42.4948], [-70.9262, 42.5151]]]}}, {"type": "Feature", "properties": {"fips": "25025040300", "gap_national": -61.1, "gap_stratum": -62.5, "burden": 2.3, "capacity": 59.1, "svi": 0.07, "top_decile_gap": 0.0, "stratum": "metropolitan", "scored": 1}, "geometry": {"type": "Polygon", "coordinates": [[[-71.0649, 42.3793], [-71.0642, 42.3819], [-71.059, 42.3797], [-71.0631, 42.3747], [-71.0691, 42.3794], [-71.0649, 42.3793]]]}}, {"type": "Feature", "properties": {"fips": "25025091100", "gap_national": -38.0, "gap_stratum": -39.7, "burden": 8.5, "capacity": 46.0, "svi": 0.5, "top_decile_gap": 0.0, "stratum": "metropolitan", "scored": 1}, "geometry": {"type": "Polygon", "coordinates": [[[-71.0587, 42.3187], [-71.0522, 42.3188], [-71.0531, 42.3113], [-71.06, 42.3147], [-71.0587, 42.3187]]]}}, {"type": "Feature", "properties": {"fips": "25023502102", "gap_national": -52.9, "gap_stratum": -46.3, "burden": 34.1, "capacity": 75.5, "svi": 0.2, "top_decile_gap": 0.0, "stratum": "metropolitan", "scored": 1}, "geometry": {"type": "Polygon", "coordinates": [[[-70.9145, 42.1223], [-70.9035, 42.1241], [-70.89, 42.1198], [-70.8876, 42.088], [-70.9024, 42.0859], [-70.9277, 42.1126], [-70.9145, 42.1223]]]}}, {"type": "Feature", "properties": {"fips": "25005640700", "gap_national": -1.2, "gap_stratum": 5.4, "burden": 63.4, "capacity": 62.5, "svi": 0.69, "top_decile_gap": 0.0, "stratum": "metropolitan", "scored": 1}, "geometry": {"type": "Polygon", "coordinates": [[[-71.1446, 41.6823], [-71.1479, 41.6732], [-71.1536, 41.6714], [-71.1582, 41.6849], [-71.1446, 41.6823]]]}}, {"type": "Feature", "properties": {"fips": "25025020301", "gap_national": -72.8, "gap_stratum": -72.5, "burden": 5.7, "capacity": 68.2, "svi": 0.4, "top_decile_gap": 0.0, "stratum": "metropolitan", "scored": 1}, "geometry": {"type": "Polygon", "coordinates": [[[-71.0685, 42.3665], [-71.0706, 42.368], [-71.0654, 42.3648], [-71.0637, 42.3622], [-71.0724, 42.3612], [-71.0685, 42.3665]]]}}, {"type": "Feature", "properties": {"fips": "25011040702", "gap_national": -45.3, "gap_stratum": -77.7, "burden": 45.7, "capacity": 81.4, "svi": 0.39, "top_decile_gap": 0.0, "stratum": "micropolitan", "scored": 1}, "geometry": {"type": "Polygon", "coordinates": [[[-72.5732, 42.5869], [-72.561, 42.5888], [-72.5609, 42.591], [-72.5502, 42.5966], [-72.5492, 42.5929], [-72.5455, 42.5934], [-72.5381, 42.5886], [-72.5286, 42.5895], [-72.5391, 42.5968], [-72.5238, 42.6039], [-72.5067, 42.6038], [-72.503, 42.5985], [-72.4971, 42.5976], [-72.4951, 42.5928], [-72.5035, 42.5804], [-72.4814, 42.5792], [-72.4736, 42.574], [-72.4661, 42.5767], [-72.4624, 42.5666], [-72.4539, 42.5583], [-72.4528, 42.5546], [-72.4596, 42.5164], [-72.5568, 42.5065], [-72.5552, 42.5107], [-72.567, 42.5245], [-72.5688, 42.5311], [-72.5558, 42.5547], [-72.5561, 42.5624], [-72.562, 42.5756], [-72.5746, 42.5801], [-72.5732, 42.5869]]]}}, {"type": "Feature", "properties": {"fips": "25013801503", "gap_national": 38.4, "gap_stratum": 39.5, "burden": 82.2, "capacity": 50.0, "svi": 0.77, "top_decile_gap": 0.0, "stratum": "metropolitan", "scored": 1}, "geometry": {"type": "Polygon", "coordinates": [[[-72.483, 42.1489], [-72.4808, 42.138], [-72.4958, 42.1412], [-72.4958, 42.1356], [-72.5138, 42.1296], [-72.5159, 42.1374], [-72.5192, 42.1368], [-72.52, 42.1417], [-72.483, 42.1489]]]}}, {"type": "Feature", "properties": {"fips": "25017388100", "gap_national": -82.3, "gap_stratum": -80.7, "burden": 9.9, "capacity": 78.5, "svi": 0.15, "top_decile_gap": 0.0, "stratum": "metropolitan", "scored": 1}, "geometry": {"type": "Polygon", "coordinates": [[[-71.5298, 42.5198], [-71.5178, 42.5156], [-71.5116, 42.509], [-71.5091, 42.51], [-71.5028, 42.5069], [-71.5001, 42.5093], [-71.4735, 42.5002], [-71.4985, 42.4638], [-71.5434, 42.4665], [-71.5603, 42.4743], [-71.5298, 42.5198]]]}}, {"type": "Feature", "properties": {"fips": "25017312100", "gap_national": -12.3, "gap_stratum": -10.3, "burden": 25.8, "capacity": 39.8, "svi": 0.81, "top_decile_gap": 0.0, "stratum": "metropolitan", "scored": 1}, "geometry": {"type": "Polygon", "coordinates": [[[-71.3063, 42.6318], [-71.3012, 42.6361], [-71.2961, 42.6259], [-71.3047, 42.6267], [-71.3125, 42.6325], [-71.3063, 42.6318]]]}}, {"type": "Feature", "properties": {"fips": "25021456301", "gap_national": -20.9, "gap_stratum": -15.3, "burden": 41.2, "capacity": 58.6, "svi": 0.63, "top_decile_gap": 0.0, "stratum": "metropolitan", "scored": 1}, "geometry": {"type": "Polygon", "coordinates": [[[-71.1197, 42.1315], [-71.1017, 42.1355], [-71.1023, 42.1253], [-71.1045, 42.1246], [-71.1241, 42.131], [-71.1197, 42.1315]]]}}, {"type": "Feature", "properties": {"fips": "25027710700", "gap_national": 60.3, "gap_stratum": 60.0, "burden": 87.3, "capacity": 37.1, "svi": 0.94, "top_decile_gap": 1.0, "stratum": "metropolitan", "scored": 1}, "geometry": {"type": "Polygon", "coordinates": [[[-71.7906, 42.5841], [-71.7904, 42.5799], [-71.8027, 42.5814], [-71.8064, 42.5857], [-71.7906, 42.5841]]]}}, {"type": "Feature", "properties": {"fips": "25027736400", "gap_national": -46.6, "gap_stratum": -38.3, "burden": 47.0, "capacity": 84.6, "svi": 0.4, "top_decile_gap": 0.0, "stratum": "metropolitan", "scored": 1}, "geometry": {"type": "Polygon", "coordinates": [[[-71.8196, 42.2303], [-71.8099, 42.2309], [-71.7994, 42.2137], [-71.8069, 42.2117], [-71.8112, 42.2071], [-71.8304, 42.209], [-71.8196, 42.2303]]]}}, {"type": "Feature", "properties": {"fips": "25025000102", "gap_national": -22.6, "gap_stratum": -23.4, "burden": 12.2, "capacity": 36.3, "svi": 0.7, "top_decile_gap": 0.0, "stratum": "metropolitan", "scored": 1}, "geometry": {"type": "Polygon", "coordinates": [[[-71.1479, 42.3606], [-71.1355, 42.3648], [-71.1391, 42.3538], [-71.1609, 42.3586], [-71.1479, 42.3606]]]}}, {"type": "Feature", "properties": {"fips": "25025070501", "gap_national": -76.3, "gap_stratum": -76.3, "burden": 2.0, "capacity": 69.4, "svi": 0.14, "top_decile_gap": 0.0, "stratum": "metropolitan", "scored": 1}, "geometry": {"type": "Polygon", "coordinates": [[[-71.0699, 42.3453], [-71.0659, 42.3439], [-71.0711, 42.3405], [-71.0699, 42.3453]]]}}, {"type": "Feature", "properties": {"fips": "25021400202", "gap_national": -41.3, "gap_stratum": -43.5, "burden": 3.9, "capacity": 46.3, "svi": 0.53, "top_decile_gap": 0.0, "stratum": "metropolitan", "scored": 1}, "geometry": {"type": "Polygon", "coordinates": [[[-71.1224, 42.3518], [-71.1158, 42.351], [-71.1186, 42.3451], [-71.1239, 42.3496], [-71.1224, 42.3518]]]}}, {"type": "Feature", "properties": {"fips": "25017322200", "gap_national": -72.5, "gap_stratum": -68.3, "burden": 22.4, "capacity": 81.6, "svi": 0.31, "top_decile_gap": 0.0, "stratum": "metropolitan", "scored": 1}, "geometry": {"type": "Polygon", "coordinates": [[[-71.5801, 42.387], [-71.5762, 42.3857], [-71.5727, 42.3907], [-71.561, 42.3874], [-71.5598, 42.3892], [-71.5493, 42.3878], [-71.549, 42.3804], [-71.5534, 42.3771], [-71.5541, 42.3724], [-71.6031, 42.3673], [-71.6078, 42.37], [-71.5801, 42.387]]]}}, {"type": "Feature", "properties": {"fips": "25025981201", "gap_national": null, "gap_stratum": null, "burden": null, "capacity": null, "svi": null, "top_decile_gap": null, "stratum": null, "scored": 0}, "geometry": {"type": "MultiPolygon", "coordinates": [[[[-71.0109, 42.3397], [-71.0102, 42.3376], [-71.0157, 42.3305], [-71.025, 42.3333], [-71.0251, 42.3383], [-71.0109, 42.3397]]], [[[-71.0474, 42.3304], [-71.0438, 42.3296], [-71.0476, 42.3281], [-71.0467, 42.3231], [-71.0506, 42.3208], [-71.0527, 42.3294], [-71.0474, 42.3304]]]]}}, {"type": "Feature", "properties": {"fips": "25009204101", "gap_national": -48.1, "gap_stratum": -47.8, "burden": 15.4, "capacity": 57.2, "svi": 0.54, "top_decile_gap": 0.0, "stratum": "metropolitan", "scored": 1}, "geometry": {"type": "Polygon", "coordinates": [[[-70.8972, 42.5114], [-70.886, 42.5124], [-70.8864, 42.5086], [-70.8787, 42.5053], [-70.8868, 42.4984], [-70.886, 42.4963], [-70.8948, 42.5019], [-70.8983, 42.5073], [-70.8972, 42.5114]]]}}, {"type": "Feature", "properties": {"fips": "25017351101", "gap_national": -58.1, "gap_stratum": -59.2, "burden": 5.8, "capacity": 58.4, "svi": 0.4, "top_decile_gap": 0.0, "stratum": "metropolitan", "scored": 1}, "geometry": {"type": "Polygon", "coordinates": [[[-71.1059, 42.3931], [-71.0976, 42.3884], [-71.0996, 42.3855], [-71.1104, 42.3895], [-71.1059, 42.3931]]]}}, {"type": "Feature", "properties": {"fips": "25025061203", "gap_national": -61.7, "gap_stratum": -63.1, "burden": 2.0, "capacity": 59.4, "svi": 0.22, "top_decile_gap": 0.0, "stratum": "metropolitan", "scored": 1}, "geometry": {"type": "Polygon", "coordinates": [[[-71.0565, 42.3461], [-71.0572, 42.3435], [-71.0502, 42.3417], [-71.0597, 42.3369], [-71.0596, 42.3449], [-71.0565, 42.3461]]]}}, {"type": "Feature", "properties": {"fips": "25021442204", "gap_national": -65.8, "gap_stratum": -62.6, "burden": 19.4, "capacity": 72.2, "svi": 0.37, "top_decile_gap": 0.0, "stratum": "metropolitan", "scored": 1}, "geometry": {"type": "Polygon", "coordinates": [[[-71.4015, 42.0797], [-71.4009, 42.0833], [-71.3918, 42.086], [-71.3658, 42.1031], [-71.3643, 42.1001], [-71.3681, 42.0936], [-71.3699, 42.0922], [-71.375, 42.0942], [-71.3904, 42.0797], [-71.3958, 42.0692], [-71.4009, 42.0651], [-71.4122, 42.0727], [-71.4015, 42.0797]]]}}, {"type": "Feature", "properties": {"fips": "25001012101", "gap_national": -48.5, "gap_stratum": -40.4, "burden": 46.6, "capacity": 86.6, "svi": 0.34, "top_decile_gap": 0.0, "stratum": "metropolitan", "scored": 1}, "geometry": {"type": "Polygon", "coordinates": [[[-70.2613, 41.6873], [-70.2395, 41.6855], [-70.2289, 41.6873], [-70.2286, 41.6842], [-70.2196, 41.6841], [-70.213, 41.667], [-70.2088, 41.6622], [-70.218, 41.6561], [-70.2227, 41.6496], [-70.2262, 41.649], [-70.2421, 41.6506], [-70.2443, 41.6608], [-70.2562, 41.6607], [-70.2633, 41.6645], [-70.2638, 41.6591], [-70.2701, 41.6603], [-70.2613, 41.6873]]]}}, {"type": "Feature", "properties": {"fips": "25017342401", "gap_national": 26.2, "gap_stratum": 32.1, "burden": 55.4, "capacity": 36.4, "svi": 0.73, "top_decile_gap": 0.0, "stratum": "metropolitan", "scored": 1}, "geometry": {"type": "Polygon", "coordinates": [[[-71.0536, 42.4119], [-71.052, 42.4108], [-71.0617, 42.4017], [-71.0639, 42.4016], [-71.0642, 42.4082], [-71.0536, 42.4119]]]}}, {"type": "Feature", "properties": {"fips": "25011041302", "gap_national": -15.4, "gap_stratum": -42.7, "burden": 64.5, "capacity": 73.7, "svi": 0.61, "top_decile_gap": 0.0, "stratum": "micropolitan", "scored": 1}, "geometry": {"type": "Polygon", "coordinates": [[[-72.6028, 42.5879], [-72.6035, 42.5919], [-72.6013, 42.594], [-72.5934, 42.5923], [-72.596, 42.5873], [-72.5933, 42.5844], [-72.595, 42.5773], [-72.601, 42.5856], [-72.6067, 42.5824], [-72.6107, 42.5829], [-72.6119, 42.5858], [-72.6028, 42.5879]]]}}, {"type": "Feature", "properties": {"fips": "25015820600", "gap_national": -20.8, "gap_stratum": -22.5, "burden": 0.2, "capacity": 28.1, "svi": 0.32, "top_decile_gap": 0.0, "stratum": "metropolitan", "scored": 1}, "geometry": {"type": "Polygon", "coordinates": [[[-72.5158, 42.3732], [-72.5012, 42.3729], [-72.5045, 42.358], [-72.5126, 42.3665], [-72.5201, 42.3676], [-72.5215, 42.3758], [-72.5158, 42.3732]]]}}, {"type": "Feature", "properties": {"fips": "25013800700", "gap_national": 78.2, "gap_stratum": 77.5, "burden": 92.4, "capacity": 24.5, "svi": 0.98, "top_decile_gap": 1.0, "stratum": "metropolitan", "scored": 1}, "geometry": {"type": "Polygon", "coordinates": [[[-72.6132, 42.1271], [-72.6082, 42.1117], [-72.6142, 42.1087], [-72.6209, 42.1164], [-72.622, 42.1218], [-72.6132, 42.1271]]]}}, {"type": "Feature", "properties": {"fips": "25025060604", "gap_national": -60.4, "gap_stratum": -62.1, "burden": 0.9, "capacity": 58.3, "svi": 0.05, "top_decile_gap": 0.0, "stratum": "metropolitan", "scored": 1}, "geometry": {"type": "Polygon", "coordinates": [[[-71.0483, 42.356], [-71.034, 42.35], [-71.036, 42.3477], [-71.0456, 42.3517], [-71.0476, 42.349], [-71.0522, 42.3511], [-71.0483, 42.356]]]}}, {"type": "Feature", "properties": {"fips": "25017337201", "gap_national": -60.1, "gap_stratum": -54.0, "burden": 31.7, "capacity": 79.7, "svi": 0.32, "top_decile_gap": 0.0, "stratum": "metropolitan", "scored": 1}, "geometry": {"type": "Polygon", "coordinates": [[[-71.0901, 42.5012], [-71.0855, 42.4923], [-71.1001, 42.4862], [-71.1018, 42.5021], [-71.0901, 42.5012]]]}}, {"type": "Feature", "properties": {"fips": "25021419800", "gap_national": -64.3, "gap_stratum": -58.9, "burden": 28.1, "capacity": 79.7, "svi": 0.51, "top_decile_gap": 0.0, "stratum": "metropolitan", "scored": 1}, "geometry": {"type": "Polygon", "coordinates": [[[-71.032, 42.2082], [-71.0258, 42.2066], [-71.0244, 42.2021], [-71.0198, 42.212], [-71.0141, 42.2086], [-71.0013, 42.2088], [-71.0003, 42.2193], [-70.9945, 42.2069], [-71.0049, 42.1957], [-71.0107, 42.1989], [-71.0151, 42.1895], [-71.0193, 42.1869], [-71.0296, 42.1915], [-71.0473, 42.1946], [-71.0495, 42.2067], [-71.032, 42.2082]]]}}, {"type": "Feature", "properties": {"fips": "25009210401", "gap_national": -47.6, "gap_stratum": -40.1, "burden": 39.2, "capacity": 76.1, "svi": 0.49, "top_decile_gap": 0.0, "stratum": "metropolitan", "scored": 1}, "geometry": {"type": "Polygon", "coordinates": [[[-70.9382, 42.54], [-70.9361, 42.5422], [-70.9366, 42.5471], [-70.9214, 42.5432], [-70.9342, 42.5306], [-70.9486, 42.5353], [-70.9382, 42.54]]]}}, {"type": "Feature", "properties": {"fips": "25021441204", "gap_national": -64.3, "gap_stratum": -58.6, "burden": 29.5, "capacity": 81.5, "svi": 0.19, "top_decile_gap": 0.0, "stratum": "metropolitan", "scored": 1}, "geometry": {"type": "Polygon", "coordinates": [[[-71.3593, 42.0895], [-71.3158, 42.0901], [-71.3037, 42.087], [-71.3383, 42.0561], [-71.3539, 42.0451], [-71.3569, 42.044], [-71.3782, 42.0565], [-71.3593, 42.0895]]]}}, {"type": "Feature", "properties": {"fips": "25027731400", "gap_national": 66.6, "gap_stratum": 67.7, "burden": 84.0, "capacity": 29.0, "svi": 0.96, "top_decile_gap": 1.0, "stratum": "metropolitan", "scored": 1}, "geometry": {"type": "Polygon", "coordinates": [[[-71.8229, 42.2621], [-71.8059, 42.26], [-71.8144, 42.2546], [-71.8251, 42.2575], [-71.8229, 42.2621]]]}}, {"type": "Feature", "properties": {"fips": "25005613300", "gap_national": -54.0, "gap_stratum": -46.6, "burden": 38.8, "capacity": 82.2, "svi": 0.21, "top_decile_gap": 0.0, "stratum": "metropolitan", "scored": 1}, "geometry": {"type": "Polygon", "coordinates": [[[-71.1554, 41.9383], [-71.1441, 41.9493], [-71.1074, 41.9092], [-71.1106, 41.9071], [-71.1054, 41.905], [-71.1102, 41.9022], [-71.1223, 41.9012], [-71.127, 41.9064], [-71.1253, 41.911], [-71.1466, 41.8991], [-71.1783, 41.8959], [-71.1907, 41.8968], [-71.1939, 41.9108], [-71.1554, 41.9383]]]}}, {"type": "Feature", "properties": {"fips": "25023511000", "gap_national": 47.0, "gap_stratum": 50.7, "burden": 72.2, "capacity": 35.6, "svi": 0.9, "top_decile_gap": 0.0, "stratum": "metropolitan", "scored": 1}, "geometry": {"type": "Polygon", "coordinates": [[[-71.0086, 42.0964], [-71.0066, 42.0936], [-71.0051, 42.0828], [-71.0082, 42.0801], [-71.0165, 42.0811], [-71.0168, 42.094], [-71.0086, 42.0964]]]}}, {"type": "Feature", "properties": {"fips": "25013800500", "gap_national": 31.1, "gap_stratum": 36.6, "burden": 61.4, "capacity": 38.0, "svi": 0.91, "top_decile_gap": 0.0, "stratum": "metropolitan", "scored": 1}, "geometry": {"type": "Polygon", "coordinates": [[[-72.6002, 42.1326], [-72.6004, 42.1297], [-72.5886, 42.122], [-72.5996, 42.1153], [-72.6075, 42.123], [-72.6083, 42.1292], [-72.6002, 42.1326]]]}}, {"type": "Feature", "properties": {"fips": "25001010400", "gap_national": -39.7, "gap_stratum": -31.7, "burden": 58.7, "capacity": 98.8, "svi": 0.28, "top_decile_gap": 0.0, "stratum": "metropolitan", "scored": 1}, "geometry": {"type": "Polygon", "coordinates": [[[-70.0089, 41.8005], [-69.9932, 41.7986], [-69.9874, 41.8024], [-69.9829, 41.7967], [-69.9881, 41.7885], [-69.9856, 41.77], [-69.9892, 41.7576], [-69.9579, 41.7551], [-69.9576, 41.749], [-69.9399, 41.7318], [-69.9363, 41.7232], [-69.9885, 41.725], [-70.002, 41.7356], [-69.9932, 41.7477], [-70.0054, 41.7646], [-70.0115, 41.7815], [-70.0227, 41.7884], [-70.0089, 41.8005]]]}}, {"type": "Feature", "properties": {"fips": "25025120103", "gap_national": -90.4, "gap_stratum": -89.5, "burden": 5.7, "capacity": 84.2, "svi": 0.01, "top_decile_gap": 0.0, "stratum": "metropolitan", "scored": 1}, "geometry": {"type": "Polygon", "coordinates": [[[-71.117, 42.3156], [-71.1141, 42.3132], [-71.1183, 42.3088], [-71.1216, 42.3098], [-71.1219, 42.3129], [-71.117, 42.3156]]]}}, {"type": "Feature", "properties": {"fips": "25025092200", "gap_national": -57.0, "gap_stratum": -51.7, "burden": 28.7, "capacity": 73.7, "svi": 0.61, "top_decile_gap": 0.0, "stratum": "metropolitan", "scored": 1}, "geometry": {"type": "Polygon", "coordinates": [[[-71.0664, 42.297], [-71.0602, 42.3003], [-71.0623, 42.293], [-71.0716, 42.2902], [-71.0721, 42.2955], [-71.0664, 42.297]]]}}, {"type": "Feature", "properties": {"fips": "25027716102", "gap_national": -39.3, "gap_stratum": -33.6, "burden": 35.1, "capacity": 66.0, "svi": 0.27, "top_decile_gap": 0.0, "stratum": "metropolitan", "scored": 1}, "geometry": {"type": "Polygon", "coordinates": [[[-71.7216, 42.4092], [-71.7014, 42.4251], [-71.6873, 42.4205], [-71.6899, 42.4158], [-71.6821, 42.4137], [-71.6819, 42.4096], [-71.6754, 42.4106], [-71.6666, 42.3992], [-71.6681, 42.3946], [-71.6765, 42.3961], [-71.6788, 42.3892], [-71.7009, 42.3958], [-71.726, 42.3903], [-71.7216, 42.4092]]]}}, {"type": "Feature", "properties": {"fips": "25017350105", "gap_national": -40.4, "gap_stratum": -40.8, "burden": 14.8, "capacity": 51.6, "svi": 0.19, "top_decile_gap": 0.0, "stratum": "metropolitan", "scored": 1}, "geometry": {"type": "Polygon", "coordinates": [[[-71.0857, 42.4007], [-71.0834, 42.4], [-71.0856, 42.3936], [-71.093, 42.3992], [-71.0857, 42.4007]]]}}, {"type": "Feature", "properties": {"fips": "25009217401", "gap_national": -24.3, "gap_stratum": -21.0, "burden": 31.4, "capacity": 53.2, "svi": 0.56, "top_decile_gap": 0.0, "stratum": "metropolitan", "scored": 1}, "geometry": {"type": "Polygon", "coordinates": [[[-70.8836, 42.5522], [-70.8788, 42.5521], [-70.8779, 42.5497], [-70.8812, 42.5444], [-70.8842, 42.5474], [-70.8836, 42.5522]]]}}, {"type": "Feature", "properties": {"fips": "25011040400", "gap_national": -47.5, "gap_stratum": -79.6, "burden": 44.7, "capacity": 82.4, "svi": 0.35, "top_decile_gap": 0.0, "stratum": "micropolitan", "scored": 1}, "geometry": {"type": "Polygon", "coordinates": [[[-72.4981, 42.5858], [-72.4951, 42.5928], [-72.4971, 42.5976], [-72.491, 42.604], [-72.4617, 42.6065], [-72.4634, 42.62], [-72.3771, 42.6393], [-72.412, 42.7254], [-72.283, 42.7216], [-72.272, 42.6747], [-72.2855, 42.6734], [-72.2832, 42.6625], [-72.2954, 42.6608], [-72.2932, 42.6506], [-72.3034, 42.6488], [-72.3019, 42.6414], [-72.3128, 42.6408], [-72.3112, 42.6328], [-72.3216, 42.6315], [-72.3184, 42.6149], [-72.3648, 42.6094], [-72.3623, 42.5953], [-72.3585, 42.5988], [-72.3538, 42.598], [-72.3582, 42.5013], [-72.4409, 42.5104], [-72.4395, 42.5186], [-72.4596, 42.5164], [-72.4528, 42.5546], [-72.4638, 42.569], [-72.4638, 42.5738], [-72.4661, 42.5767], [-72.4736, 42.574], [-72.4814, 42.5792], [-72.5037, 42.5806], [-72.4981, 42.5858]]]}}, {"type": "Feature", "properties": {"fips": "25011040501", "gap_national": 8.5, "gap_stratum": -14.2, "burden": 64.2, "capacity": 56.8, "svi": 0.65, "top_decile_gap": 0.0, "stratum": "micropolitan", "scored": 1}, "geometry": {"type": "Polygon", "coordinates": [[[-72.3184, 42.6149], [-72.3216, 42.6315], [-72.3112, 42.6328], [-72.3128, 42.6408], [-72.3019, 42.6414], [-72.3034, 42.6488], [-72.2932, 42.6506], [-72.2942, 42.6555], [-72.2825, 42.643], [-72.2831, 42.6267], [-72.2857, 42.6239], [-72.2835, 42.6146], [-72.2798, 42.6148], [-72.2805, 42.6033], [-72.2867, 42.5912], [-72.2916, 42.5865], [-72.2996, 42.5857], [-72.2999, 42.583], [-72.2953, 42.5792], [-72.3019, 42.5681], [-72.3042, 42.5679], [-72.3016, 42.5586], [-72.3227, 42.5728], [-72.3217, 42.5806], [-72.319, 42.5809], [-72.3227, 42.5914], [-72.3368, 42.5939], [-72.3395, 42.5972], [-72.3477, 42.5998], [-72.3585, 42.5988], [-72.3623, 42.5953], [-72.3648, 42.6094], [-72.3184, 42.6149]]]}}, {"type": "Feature", "properties": {"fips": "25013812702", "gap_national": 23.8, "gap_stratum": 28.4, "burden": 66.7, "capacity": 48.4, "svi": 0.83, "top_decile_gap": 0.0, "stratum": "metropolitan", "scored": 1}, "geometry": {"type": "Polygon", "coordinates": [[[-72.7495, 42.1301], [-72.734, 42.1255], [-72.7328, 42.1165], [-72.7289, 42.1159], [-72.7251, 42.1184], [-72.7168, 42.1145], [-72.717, 42.1124], [-72.7318, 42.1154], [-72.7364, 42.1181], [-72.7395, 42.1142], [-72.7504, 42.1146], [-72.7521, 42.1218], [-72.7495, 42.1301]]]}}, {"type": "Feature", "properties": {"fips": "25013812902", "gap_national": -59.4, "gap_stratum": -52.5, "burden": 37.1, "capacity": 86.6, "svi": 0.11, "top_decile_gap": 0.0, "stratum": "metropolitan", "scored": 1}, "geometry": {"type": "Polygon", "coordinates": [[[-72.8434, 42.1262], [-72.8443, 42.1314], [-72.8366, 42.1339], [-72.8361, 42.1372], [-72.8289, 42.137], [-72.8138, 42.1548], [-72.8077, 42.142], [-72.7992, 42.1366], [-72.787, 42.1342], [-72.78, 42.1365], [-72.7776, 42.1347], [-72.7789, 42.1325], [-72.7768, 42.1292], [-72.7627, 42.1319], [-72.7659, 42.1307], [-72.7653, 42.1284], [-72.7744, 42.1287], [-72.7781, 42.1247], [-72.7825, 42.1274], [-72.7836, 42.1257], [-72.7802, 42.1245], [-72.783, 42.1203], [-72.7867, 42.1203], [-72.7782, 42.1121], [-72.7695, 42.1115], [-72.7716, 42.1096], [-72.7678, 42.104], [-72.7683, 42.1], [-72.7632, 42.098], [-72.7631, 42.0902], [-72.8372, 42.1022], [-72.8393, 42.1117], [-72.8539, 42.115], [-72.8514, 42.1244], [-72.8434, 42.1262]], [[-72.7845, 42.1262], [-72.783, 42.1285], [-72.7949, 42.1341], [-72.8014, 42.1317], [-72.7845, 42.1262]]]}}, {"type": "Feature", "properties": {"fips": "25013813602", "gap_national": -78.2, "gap_stratum": -74.5, "burden": 22.0, "capacity": 88.7, "svi": 0.0, "top_decile_gap": 0.0, "stratum": "metropolitan", "scored": 1}, "geometry": {"type": "Polygon", "coordinates": [[[-72.4273, 42.1237], [-72.4113, 42.1356], [-72.4112, 42.1426], [-72.401, 42.1383], [-72.3968, 42.1424], [-72.4012, 42.1499], [-72.405, 42.1516], [-72.3888, 42.1513], [-72.3794, 42.1031], [-72.4145, 42.0992], [-72.4182, 42.0905], [-72.4699, 42.0848], [-72.4765, 42.1165], [-72.4273, 42.1237]]]}}, {"type": "Feature", "properties": {"fips": "25013813801", "gap_national": -43.5, "gap_stratum": -35.2, "burden": 46.7, "capacity": 80.5, "svi": 0.23, "top_decile_gap": 0.0, "stratum": "metropolitan", "scored": 1}, "geometry": {"type": "Polygon", "coordinates": [[[-72.2701, 42.0925], [-72.1351, 42.0907], [-72.1357, 42.0302], [-72.2707, 42.0317], [-72.2701, 42.0925]]]}}, {"type": "Feature", "properties": {"fips": "25013810800", "gap_national": 16.9, "gap_stratum": 22.3, "burden": 60.5, "capacity": 48.1, "svi": 0.79, "top_decile_gap": 0.0, "stratum": "metropolitan", "scored": 1}, "geometry": {"type": "Polygon", "coordinates": [[[-72.5869, 42.1504], [-72.5881, 42.1601], [-72.5819, 42.1598], [-72.5796, 42.1477], [-72.582, 42.1403], [-72.5916, 42.1362], [-72.5934, 42.1444], [-72.6036, 42.1448], [-72.6035, 42.1482], [-72.6078, 42.1501], [-72.5869, 42.1504]]]}}, {"type": "Feature", "properties": {"fips": "25013811102", "gap_national": 1.8, "gap_stratum": 7.9, "burden": 55.8, "capacity": 54.7, "svi": 0.75, "top_decile_gap": 0.0, "stratum": "metropolitan", "scored": 1}, "geometry": {"type": "Polygon", "coordinates": [[[-72.6261, 42.1811], [-72.6225, 42.1854], [-72.6208, 42.1842], [-72.625, 42.1782], [-72.6209, 42.1772], [-72.6183, 42.1794], [-72.6141, 42.1776], [-72.6146, 42.1715], [-72.6101, 42.1715], [-72.6102, 42.1579], [-72.6119, 42.1569], [-72.6078, 42.1501], [-72.619, 42.15], [-72.6224, 42.147], [-72.6258, 42.1496], [-72.6285, 42.1715], [-72.6261, 42.1811]]]}}, {"type": "Feature", "properties": {"fips": "25013813404", "gap_national": -65.8, "gap_stratum": -59.5, "burden": 35.2, "capacity": 94.2, "svi": 0.25, "top_decile_gap": 0.0, "stratum": "metropolitan", "scored": 1}, "geometry": {"type": "Polygon", "coordinates": [[[-72.5245, 42.0533], [-72.5001, 42.0562], [-72.5092, 42.0624], [-72.504, 42.0668], [-72.5017, 42.0723], [-72.4869, 42.0798], [-72.4784, 42.0807], [-72.468, 42.0763], [-72.4583, 42.034], [-72.5315, 42.034], [-72.5353, 42.0568], [-72.5245, 42.0533]]]}}, {"type": "Feature", "properties": {"fips": "25013811900", "gap_national": -54.9, "gap_stratum": -47.4, "burden": 39.8, "capacity": 84.5, "svi": 0.34, "top_decile_gap": 0.0, "stratum": "metropolitan", "scored": 1}, "geometry": {"type": "Polygon", "coordinates": [[[-72.6346, 42.2739], [-72.6131, 42.2863], [-72.6012, 42.2813], [-72.5988, 42.2699], [-72.6002, 42.2654], [-72.6116, 42.2569], [-72.624, 42.2355], [-72.6232, 42.2309], [-72.6141, 42.2261], [-72.6079, 42.2162], [-72.6118, 42.2111], [-72.6203, 42.2161], [-72.6293, 42.2155], [-72.6298, 42.2107], [-72.6329, 42.2107], [-72.6377, 42.2183], [-72.6464, 42.2254], [-72.6518, 42.2376], [-72.6346, 42.2739]]]}}, {"type": "Feature", "properties": {"fips": "25013813304", "gap_national": -72.4, "gap_stratum": -67.2, "burden": 29.5, "capacity": 94.2, "svi": 0.2, "top_decile_gap": 0.0, "stratum": "metropolitan", "scored": 1}, "geometry": {"type": "Polygon", "coordinates": [[[-72.5719, 42.0574], [-72.5501, 42.0565], [-72.5461, 42.0388], [-72.5508, 42.0357], [-72.5501, 42.0323], [-72.5635, 42.0317], [-72.5647, 42.0381], [-72.5718, 42.0428], [-72.5719, 42.0574]]]}}, {"type": "Feature", "properties": {"fips": "25013813701", "gap_national": -21.7, "gap_stratum": -13.5, "burden": 63.3, "capacity": 78.0, "svi": 0.28, "top_decile_gap": 0.0, "stratum": "metropolitan", "scored": 1}, "geometry": {"type": "Polygon", "coordinates": [[[-72.3216, 42.0604], [-72.3127, 42.0718], [-72.31, 42.0863], [-72.3127, 42.0966], [-72.3186, 42.1022], [-72.3065, 42.1279], [-72.3138, 42.144], [-72.2973, 42.1445], [-72.2846, 42.1412], [-72.2745, 42.1437], [-72.2701, 42.0925], [-72.2707, 42.0317], [-72.3213, 42.032], [-72.3241, 42.0492], [-72.3216, 42.0604]]]}}, {"type": "Feature", "properties": {"fips": "25013800400", "gap_national": 31.8, "gap_stratum": 37.4, "burden": 60.3, "capacity": 36.5, "svi": 0.72, "top_decile_gap": 0.0, "stratum": "metropolitan", "scored": 1}, "geometry": {"type": "Polygon", "coordinates": [[[-72.5934, 42.1355], [-72.5784, 42.126], [-72.5669, 42.1264], [-72.5818, 42.1155], [-72.6004, 42.1297], [-72.6002, 42.1326], [-72.5934, 42.1355]]]}}, {"type": "Feature", "properties": {"fips": "25013801300", "gap_national": 55.8, "gap_stratum": 56.2, "burden": 84.6, "capacity": 38.7, "svi": 0.97, "top_decile_gap": 1.0, "stratum": "metropolitan", "scored": 1}, "geometry": {"type": "Polygon", "coordinates": [[[-72.5669, 42.1264], [-72.5702, 42.1215], [-72.5661, 42.1209], [-72.5621, 42.1122], [-72.577, 42.1081], [-72.5818, 42.1155], [-72.5669, 42.1264]]]}}, {"type": "Feature", "properties": {"fips": "25013801603", "gap_national": -40.5, "gap_stratum": -31.9, "burden": 49.4, "capacity": 80.6, "svi": 0.37, "top_decile_gap": 0.0, "stratum": "metropolitan", "scored": 1}, "geometry": {"type": "Polygon", "coordinates": [[[-72.4957, 42.1293], [-72.4958, 42.1412], [-72.4808, 42.138], [-72.4765, 42.1165], [-72.4969, 42.1133], [-72.4987, 42.1135], [-72.4957, 42.1293]]]}}, {"type": "Feature", "properties": {"fips": "25013801700", "gap_national": 14.0, "gap_stratum": 18.9, "burden": 36.7, "capacity": 28.1, "svi": 0.89, "top_decile_gap": 0.0, "stratum": "metropolitan", "scored": 1}, "geometry": {"type": "Polygon", "coordinates": [[[-72.5506, 42.116], [-72.5478, 42.113], [-72.5395, 42.1136], [-72.5438, 42.1058], [-72.5573, 42.0983], [-72.5618, 42.1115], [-72.5644, 42.1115], [-72.5506, 42.116]]]}}, {"type": "Feature", "properties": {"fips": "25023561100", "gap_national": -54.3, "gap_stratum": -46.5, "burden": 44.2, "capacity": 91.5, "svi": 0.3, "top_decile_gap": 0.0, "stratum": "metropolitan", "scored": 1}, "geometry": {"type": "Polygon", "coordinates": [[[-70.7962, 41.7284], [-70.7917, 41.7326], [-70.7937, 41.7347], [-70.7932, 41.7432], [-70.7858, 41.7474], [-70.7875, 41.7498], [-70.7866, 41.7569], [-70.78, 41.7628], [-70.7816, 41.751], [-70.7743, 41.7389], [-70.775, 41.7342], [-70.7688, 41.7338], [-70.7638, 41.7387], [-70.7619, 41.7393], [-70.7606, 41.7389], [-70.7601, 41.739], [-70.7595, 41.7422], [-70.7554, 41.7422], [-70.7432, 41.7358], [-70.7435, 41.7312], [-70.7386, 41.7312], [-70.7291, 41.7265], [-70.7213, 41.713], [-70.712, 41.707], [-70.7142, 41.7017], [-70.7227, 41.7038], [-70.7275, 41.7024], [-70.7232, 41.696], [-70.7149, 41.6919], [-70.7184, 41.6902], [-70.715, 41.681], [-70.7156, 41.6753], [-70.7294, 41.6881], [-70.7396, 41.6918], [-70.7444, 41.698], [-70.7553, 41.6943], [-70.7491, 41.6804], [-70.7434, 41.6747], [-70.7451, 41.6724], [-70.7584, 41.6806], [-70.7638, 41.6769], [-70.7861, 41.6744], [-70.8029, 41.6871], [-70.7962, 41.7284]]]}}, {"type": "Feature", "properties": {"fips": "25023508101", "gap_national": -69.6, "gap_stratum": -65.2, "burden": 23.5, "capacity": 79.8, "svi": 0.07, "top_decile_gap": 0.0, "stratum": "metropolitan", "scored": 1}, "geometry": {"type": "Polygon", "coordinates": [[[-70.8267, 42.1003], [-70.8117, 42.0981], [-70.8097, 42.0991], [-70.8123, 42.1039], [-70.805, 42.1112], [-70.801, 42.1096], [-70.7989, 42.1125], [-70.794, 42.1072], [-70.7897, 42.1064], [-70.7923, 42.1089], [-70.783, 42.112], [-70.7823, 42.1168], [-70.7771, 42.1168], [-70.7751, 42.1153], [-70.776, 42.1129], [-70.7665, 42.114], [-70.7657, 42.1098], [-70.7595, 42.1096], [-70.7623, 42.1033], [-70.7497, 42.097], [-70.772, 42.0618], [-70.784, 42.0815], [-70.7913, 42.0883], [-70.8008, 42.0752], [-70.8112, 42.0718], [-70.8263, 42.0723], [-70.8304, 42.0662], [-70.8305, 42.06], [-70.8353, 42.0589], [-70.841, 42.0604], [-70.8382, 42.0639], [-70.8439, 42.0772], [-70.8427, 42.0886], [-70.8455, 42.0929], [-70.8267, 42.1003]]]}}, {"type": "Feature", "properties": {"fips": "25023560100", "gap_national": -67.1, "gap_stratum": -60.9, "burden": 34.4, "capacity": 95.3, "svi": 0.02, "top_decile_gap": 0.0, "stratum": "metropolitan", "scored": 1}, "geometry": {"type": "Polygon", "coordinates": [[[-70.8431, 41.7016], [-70.8435, 41.7053], [-70.7991, 41.7101], [-70.8029, 41.6871], [-70.7861, 41.6744], [-70.7638, 41.6769], [-70.7567, 41.6669], [-70.7624, 41.6677], [-70.7582, 41.6612], [-70.7571, 41.6529], [-70.7624, 41.6527], [-70.7622, 41.6483], [-70.7665, 41.6484], [-70.7684, 41.6458], [-70.7655, 41.6416], [-70.7693, 41.6411], [-70.7767, 41.6508], [-70.7908, 41.6532], [-70.7952, 41.6509], [-70.809, 41.6584], [-70.8216, 41.6548], [-70.8233, 41.649], [-70.8047, 41.6412], [-70.8011, 41.6295], [-70.8177, 41.6234], [-70.8221, 41.6275], [-70.8278, 41.6246], [-70.8353, 41.6245], [-70.8432, 41.6285], [-70.8452, 41.6447], [-70.865, 41.7002], [-70.8431, 41.7016]]]}}, {"type": "Feature", "properties": {"fips": "25009263100", "gap_national": -76.6, "gap_stratum": -72.3, "burden": 24.4, "capacity": 90.5, "svi": 0.03, "top_decile_gap": 0.0, "stratum": "metropolitan", "scored": 1}, "geometry": {"type": "Polygon", "coordinates": [[[-70.9998, 42.805], [-70.9986, 42.8075], [-71.0013, 42.8158], [-70.9982, 42.8204], [-70.9787, 42.8246], [-70.9615, 42.8199], [-70.9403, 42.8225], [-70.9307, 42.8146], [-70.9309, 42.8029], [-70.9174, 42.7875], [-70.9583, 42.7657], [-70.9634, 42.7654], [-70.9672, 42.7583], [-71.0204, 42.7843], [-71.0196, 42.7901], [-70.9998, 42.805]]]}}, {"type": "Feature", "properties": {"fips": "25009252502", "gap_national": -26.8, "gap_stratum": -18.2, "burden": 54.7, "capacity": 73.6, "svi": 0.87, "top_decile_gap": 0.0, "stratum": "metropolitan", "scored": 1}, "geometry": {"type": "Polygon", "coordinates": [[[-71.1689, 42.7425], [-71.1682, 42.741], [-71.1509, 42.7434], [-71.1454, 42.7386], [-71.1438, 42.7269], [-71.1414, 42.7264], [-71.1585, 42.727], [-71.1571, 42.7296], [-71.1603, 42.7303], [-71.164, 42.73], [-71.166, 42.7255], [-71.1801, 42.7257], [-71.1843, 42.7277], [-71.1855, 42.7348], [-71.1689, 42.7425]]]}}, {"type": "Feature", "properties": {"fips": "25009268100", "gap_national": -83.3, "gap_stratum": -81.1, "burden": 13.5, "capacity": 83.1, "svi": 0.03, "top_decile_gap": 0.0, "stratum": "metropolitan", "scored": 1}, "geometry": {"type": "Polygon", "coordinates": [[[-70.9233, 42.8399], [-70.9157, 42.8407], [-70.9118, 42.8345], [-70.9162, 42.8261], [-70.9153, 42.8026], [-70.9205, 42.791], [-70.9309, 42.8029], [-70.9307, 42.8146], [-70.9403, 42.8225], [-70.9233, 42.8399]]]}}, {"type": "Feature", "properties": {"fips": "25009253204", "gap_national": -83.2, "gap_stratum": -81.4, "burden": 11.3, "capacity": 80.7, "svi": 0.23, "top_decile_gap": 0.0, "stratum": "metropolitan", "scored": 1}, "geometry": {"type": "Polygon", "coordinates": [[[-71.1053, 42.6594], [-71.1071, 42.6644], [-71.0996, 42.6677], [-71.102, 42.671], [-71.0996, 42.6792], [-71.0916, 42.6726], [-71.0829, 42.6691], [-71.0645, 42.6709], [-71.0718, 42.6656], [-71.0702, 42.66], [-71.0593, 42.646], [-71.0433, 42.6325], [-71.0546, 42.6277], [-71.0588, 42.6091], [-71.0762, 42.6041], [-71.1188, 42.661], [-71.1148, 42.6652], [-71.1053, 42.6594]]]}}, {"type": "Feature", "properties": {"fips": "25023530400", "gap_national": -64.9, "gap_stratum": -58.7, "burden": 34.5, "capacity": 90.3, "svi": 0.08, "top_decile_gap": 0.0, "stratum": "metropolitan", "scored": 1}, "geometry": {"type": "Polygon", "coordinates": [[[-70.7294, 41.9314], [-70.7067, 41.9441], [-70.6924, 41.9442], [-70.6789, 41.9499], [-70.6693, 41.9351], [-70.6733, 41.9264], [-70.6804, 41.9305], [-70.7028, 41.9314], [-70.7024, 41.9243], [-70.7124, 41.9034], [-70.7128, 41.8939], [-70.7159, 41.8861], [-70.7507, 41.9259], [-70.7294, 41.9314]]]}}, {"type": "Feature", "properties": {"fips": "25023545200", "gap_national": -42.4, "gap_stratum": -34.9, "burden": 40.7, "capacity": 73.2, "svi": 0.63, "top_decile_gap": 0.0, "stratum": "metropolitan", "scored": 1}, "geometry": {"type": "Polygon", "coordinates": [[[-70.7373, 41.8005], [-70.6317, 41.8063], [-70.6166, 41.8054], [-70.6274, 41.7873], [-70.6307, 41.7866], [-70.6301, 41.7745], [-70.6363, 41.769], [-70.6326, 41.7633], [-70.6378, 41.7575], [-70.6463, 41.7558], [-70.7125, 41.7568], [-70.7228, 41.7676], [-70.7294, 41.769], [-70.7363, 41.7746], [-70.7354, 41.7853], [-70.7417, 41.7939], [-70.7373, 41.8005]]]}}, {"type": "Feature", "properties": {"fips": "25023521102", "gap_national": -46.8, "gap_stratum": -41.5, "burden": 31.5, "capacity": 68.4, "svi": 0.16, "top_decile_gap": 0.0, "stratum": "metropolitan", "scored": 1}, "geometry": {"type": "Polygon", "coordinates": [[[-70.9446, 42.0931], [-70.9311, 42.0714], [-70.948, 42.0703], [-70.9468, 42.0786], [-70.9502, 42.0937], [-70.9446, 42.0931]]]}}, {"type": "Feature", "properties": {"fips": "25023525101", "gap_national": -55.7, "gap_stratum": -51.2, "burden": 26.3, "capacity": 70.5, "svi": 0.31, "top_decile_gap": 0.0, "stratum": "metropolitan", "scored": 1}, "geometry": {"type": "Polygon", "coordinates": [[[-70.981, 42.0067], [-70.9776, 41.9978], [-70.9704, 41.99], [-70.9781, 41.9874], [-70.9823, 41.982], [-70.9858, 41.9869], [-70.99, 41.9864], [-71.0023, 41.9738], [-71.0074, 41.9593], [-70.9947, 41.9366], [-70.9873, 41.9363], [-70.99, 41.9317], [-70.9977, 41.9343], [-70.9998, 41.9297], [-71.0106, 41.9401], [-71.0495, 41.9631], [-71.0542, 41.9827], [-70.981, 42.0067]]]}}, {"type": "Feature", "properties": {"fips": "25023510800", "gap_national": 37.7, "gap_stratum": 41.1, "burden": 72.7, "capacity": 43.4, "svi": 0.9, "top_decile_gap": 0.0, "stratum": "metropolitan", "scored": 1}, "geometry": {"type": "Polygon", "coordinates": [[[-71.0335, 42.0903], [-71.0256, 42.0915], [-71.0223, 42.0783], [-71.0321, 42.0781], [-71.0335, 42.0903]]]}}, {"type": "Feature", "properties": {"fips": "25023544200", "gap_national": -45.5, "gap_stratum": -37.2, "burden": 50.9, "capacity": 89.6, "svi": 0.36, "top_decile_gap": 0.0, "stratum": "metropolitan", "scored": 1}, "geometry": {"type": "Polygon", "coordinates": [[[-70.8047, 41.8749], [-70.8039, 41.8732], [-70.7904, 41.8781], [-70.7903, 41.8824], [-70.7692, 41.889], [-70.7684, 41.9113], [-70.7507, 41.9259], [-70.6811, 41.8455], [-70.6937, 41.8363], [-70.6976, 41.8294], [-70.705, 41.8294], [-70.7083, 41.8268], [-70.715, 41.8175], [-70.7175, 41.8015], [-70.7409, 41.8003], [-70.7703, 41.8258], [-70.7722, 41.8316], [-70.7789, 41.8318], [-70.7889, 41.8365], [-70.7902, 41.8461], [-70.7945, 41.8492], [-70.7939, 41.8573], [-70.8092, 41.8687], [-70.8118, 41.8736], [-70.8047, 41.8749]]]}}, {"type": "Feature", "properties": {"fips": "25023523100", "gap_national": -56.3, "gap_stratum": -51.9, "burden": 25.7, "capacity": 70.4, "svi": 0.31, "top_decile_gap": 0.0, "stratum": "metropolitan", "scored": 1}, "geometry": {"type": "Polygon", "coordinates": [[[-70.976, 42.0345], [-70.9681, 42.0353], [-70.9596, 42.0329], [-70.9526, 42.0283], [-70.9511, 42.0225], [-70.9254, 42.0089], [-70.954, 42.0059], [-70.9796, 42.011], [-70.9864, 42.0428], [-70.976, 42.0345]]]}}, {"type": "Feature", "properties": {"fips": "25023522101", "gap_national": -59.4, "gap_stratum": -54.5, "burden": 26.4, "capacity": 73.5, "svi": 0.12, "top_decile_gap": 0.0, "stratum": "metropolitan", "scored": 1}, "geometry": {"type": "Polygon", "coordinates": [[[-70.8618, 42.0788], [-70.8662, 42.0857], [-70.8484, 42.0884], [-70.8491, 42.0958], [-70.8433, 42.0948], [-70.8455, 42.0919], [-70.8427, 42.0886], [-70.8439, 42.0772], [-70.8382, 42.0639], [-70.841, 42.0604], [-70.8368, 42.0593], [-70.8458, 42.0551], [-70.8471, 42.0488], [-70.8411, 42.0449], [-70.8448, 42.0427], [-70.8335, 42.0195], [-70.8528, 42.0159], [-70.8499, 42.0189], [-70.8537, 42.0194], [-70.8526, 42.0233], [-70.8595, 42.0415], [-70.8542, 42.0428], [-70.8579, 42.0479], [-70.8587, 42.06], [-70.8609, 42.0637], [-70.8664, 42.0655], [-70.8661, 42.0713], [-70.8618, 42.0788]]]}}, {"type": "Feature", "properties": {"fips": "25003911100", "gap_national": -49.4, "gap_stratum": -41.3, "burden": 45.2, "capacity": 85.4, "svi": 0.2, "top_decile_gap": 0.0, "stratum": "metropolitan", "scored": 1}, "geometry": {"type": "Polygon", "coordinates": [[[-73.2583, 42.5886], [-73.2019, 42.5792], [-73.2106, 42.5657], [-73.2045, 42.5647], [-73.2094, 42.5571], [-73.2035, 42.5561], [-73.2121, 42.5424], [-73.1875, 42.5386], [-73.2009, 42.5186], [-73.1658, 42.5109], [-73.1822, 42.4854], [-73.3117, 42.5046], [-73.2583, 42.5886]]]}}, {"type": "Feature", "properties": {"fips": "25001012200", "gap_national": -67.6, "gap_stratum": -61.5, "burden": 34.6, "capacity": 98.4, "svi": 0.07, "top_decile_gap": 0.0, "stratum": "metropolitan", "scored": 1}, "geometry": {"type": "MultiPolygon", "coordinates": [[[[-70.3836, 41.7398], [-70.2956, 41.7344], [-70.2739, 41.7243], [-70.2818, 41.7224], [-70.2902, 41.7295], [-70.2932, 41.7253], [-70.2963, 41.7253], [-70.3325, 41.7318], [-70.3408, 41.7308], [-70.3828, 41.7347], [-70.3853, 41.7339], [-70.3841, 41.731], [-70.3932, 41.7298], [-70.3836, 41.7398]]], [[[-70.3959, 41.7267], [-70.3626, 41.7119], [-70.3609, 41.7088], [-70.3629, 41.7051], [-70.3573, 41.7025], [-70.342, 41.7014], [-70.3285, 41.7039], [-70.3274, 41.7113], [-70.3006, 41.7085], [-70.2943, 41.7108], [-70.278, 41.71], [-70.2671, 41.7129], [-70.2643, 41.7117], [-70.2653, 41.7072], [-70.2607, 41.7051], [-70.2596, 41.6922], [-70.2613, 41.6873], [-70.2961, 41.6866], [-70.3217, 41.6898], [-70.358, 41.6842], [-70.3744, 41.6904], [-70.4119, 41.7111], [-70.3959, 41.7267]]]]}}, {"type": "Feature", "properties": {"fips": "25001014800", "gap_national": -22.4, "gap_stratum": -16.6, "burden": 73.3, "capacity": 97.2, "svi": 0.73, "top_decile_gap": 0.0, "stratum": "metropolitan", "scored": 1}, "geometry": {"type": "Polygon", "coordinates": [[[-70.618, 41.5699], [-70.6139, 41.5716], [-70.604, 41.57], [-70.6032, 41.5669], [-70.596, 41.5648], [-70.5992, 41.5609], [-70.5974, 41.558], [-70.5924, 41.5601], [-70.5888, 41.5453], [-70.6018, 41.5421], [-70.6167, 41.5418], [-70.6129, 41.5521], [-70.6207, 41.5571], [-70.618, 41.5699]]]}}, {"type": "Feature", "properties": {"fips": "25001012601", "gap_national": -33.5, "gap_stratum": -25.3, "burden": 59.7, "capacity": 86.8, "svi": 0.47, "top_decile_gap": 0.0, "stratum": "metropolitan", "scored": 1}, "geometry": {"type": "Polygon", "coordinates": [[[-70.3249, 41.6645], [-70.3129, 41.6764], [-70.3, 41.6632], [-70.3123, 41.6614], [-70.3154, 41.6511], [-70.3313, 41.6582], [-70.3401, 41.6574], [-70.3249, 41.6645]]]}}, {"type": "Feature", "properties": {"fips": "25001012800", "gap_national": -53.0, "gap_stratum": -45.1, "burden": 46.7, "capacity": 95.7, "svi": 0.42, "top_decile_gap": 0.0, "stratum": "metropolitan", "scored": 1}, "geometry": {"type": "Polygon", "coordinates": [[[-70.358, 41.6842], [-70.3359, 41.6877], [-70.3129, 41.6764], [-70.3263, 41.6635], [-70.3401, 41.6574], [-70.35, 41.6569], [-70.3619, 41.6727], [-70.3758, 41.6785], [-70.3781, 41.6925], [-70.358, 41.6842]]]}}, {"type": "Feature", "properties": {"fips": "25001013700", "gap_national": -46.7, "gap_stratum": -43.7, "burden": 24.2, "capacity": 62.6, "svi": 0.4, "top_decile_gap": 0.0, "stratum": "metropolitan", "scored": 1}, "geometry": {"type": "Polygon", "coordinates": [[[-70.6208, 41.7475], [-70.6326, 41.7629], [-70.5654, 41.7867], [-70.5609, 41.7905], [-70.5637, 41.786], [-70.5616, 41.7815], [-70.5624, 41.7757], [-70.5588, 41.7747], [-70.5656, 41.7696], [-70.5742, 41.7567], [-70.5895, 41.7477], [-70.6114, 41.7429], [-70.6257, 41.7366], [-70.6327, 41.7378], [-70.6208, 41.7475]]]}}, {"type": "Feature", "properties": {"fips": "25001013900", "gap_national": -44.8, "gap_stratum": -36.5, "burden": 54.3, "capacity": 97.9, "svi": 0.06, "top_decile_gap": 0.0, "stratum": "metropolitan", "scored": 1}, "geometry": {"type": "Polygon", "coordinates": [[[-70.6394, 41.728], [-70.6326, 41.7337], [-70.6327, 41.7378], [-70.6257, 41.7366], [-70.6114, 41.7429], [-70.5851, 41.7494], [-70.5728, 41.758], [-70.5645, 41.7691], [-70.5621, 41.7681], [-70.5653, 41.7642], [-70.5603, 41.76], [-70.5665, 41.7536], [-70.5705, 41.7556], [-70.5713, 41.7419], [-70.5796, 41.7254], [-70.5797, 41.7201], [-70.5842, 41.7195], [-70.584, 41.7172], [-70.5943, 41.7155], [-70.608, 41.7044], [-70.6053, 41.6969], [-70.61, 41.6985], [-70.6208, 41.6965], [-70.6234, 41.6995], [-70.6176, 41.7011], [-70.6238, 41.7037], [-70.6265, 41.713], [-70.6431, 41.7176], [-70.6394, 41.728]]]}}, {"type": "Feature", "properties": {"fips": "25001011100", "gap_national": -53.9, "gap_stratum": -46.1, "burden": 46.3, "capacity": 98.0, "svi": 0.02, "top_decile_gap": 0.0, "stratum": "metropolitan", "scored": 1}, "geometry": {"type": "Polygon", "coordinates": [[[-70.0849, 41.726], [-70.0755, 41.7218], [-70.0665, 41.7233], [-70.0506, 41.7216], [-70.0386, 41.7267], [-70.0279, 41.7246], [-70.0244, 41.7278], [-69.9918, 41.7289], [-69.9885, 41.725], [-69.9933, 41.7124], [-70.0133, 41.6999], [-70.0183, 41.7019], [-70.0224, 41.7077], [-70.0308, 41.7009], [-70.0688, 41.6863], [-70.0759, 41.6863], [-70.0739, 41.7015], [-70.0869, 41.7216], [-70.0849, 41.726]]]}}, {"type": "Feature", "properties": {"fips": "25001015100", "gap_national": -47.2, "gap_stratum": -39.0, "burden": 51.9, "capacity": 97.1, "svi": 0.29, "top_decile_gap": 0.0, "stratum": "metropolitan", "scored": 1}, "geometry": {"type": "Polygon", "coordinates": [[[-70.522, 41.6157], [-70.488, 41.6184], [-70.4655, 41.6321], [-70.4565, 41.635], [-70.4525, 41.6338], [-70.449, 41.6212], [-70.4504, 41.6167], [-70.461, 41.6064], [-70.4648, 41.5965], [-70.482, 41.5965], [-70.4949, 41.5941], [-70.4988, 41.5904], [-70.498, 41.5938], [-70.5254, 41.5999], [-70.5306, 41.6171], [-70.522, 41.6157]]]}}, {"type": "Feature", "properties": {"fips": "25001013500", "gap_national": -75.6, "gap_stratum": -71.0, "burden": 25.8, "capacity": 91.6, "svi": 0.03, "top_decile_gap": 0.0, "stratum": "metropolitan", "scored": 1}, "geometry": {"type": "Polygon", "coordinates": [[[-70.4719, 41.7095], [-70.4591, 41.7234], [-70.4576, 41.7307], [-70.4397, 41.7272], [-70.4122, 41.7108], [-70.4587, 41.664], [-70.4711, 41.666], [-70.4754, 41.6597], [-70.4806, 41.6611], [-70.4822, 41.666], [-70.4749, 41.6783], [-70.4836, 41.701], [-70.4719, 41.7095]]]}}, {"type": "Feature", "properties": {"fips": "25001014100", "gap_national": -20.2, "gap_stratum": -13.1, "burden": 11.6, "capacity": 33.8, "svi": 0.22, "top_decile_gap": 0.0, "stratum": "rural", "scored": 1}, "geometry": {"type": "Polygon", "coordinates": [[[-70.5824, 41.7046], [-70.5796, 41.7254], [-70.5707, 41.7445], [-70.5705, 41.7556], [-70.5665, 41.7536], [-70.5603, 41.76], [-70.5653, 41.7642], [-70.5594, 41.7701], [-70.5571, 41.7681], [-70.5521, 41.7709], [-70.5469, 41.77], [-70.5223, 41.7562], [-70.5079, 41.7426], [-70.4934, 41.7383], [-70.4886, 41.7187], [-70.4906, 41.7129], [-70.5001, 41.7035], [-70.5043, 41.7051], [-70.514, 41.6915], [-70.5213, 41.6938], [-70.5238, 41.6857], [-70.5313, 41.6852], [-70.5381, 41.6721], [-70.531, 41.6671], [-70.5251, 41.6689], [-70.5247, 41.6656], [-70.5161, 41.6663], [-70.5114, 41.6761], [-70.5027, 41.6728], [-70.5058, 41.6678], [-70.501, 41.6632], [-70.5061, 41.6593], [-70.5054, 41.652], [-70.503, 41.6507], [-70.506, 41.6499], [-70.5036, 41.6468], [-70.507, 41.6488], [-70.5181, 41.6412], [-70.5305, 41.6444], [-70.5396, 41.6372], [-70.5917, 41.6523], [-70.592, 41.6693], [-70.5978, 41.671], [-70.5824, 41.7046]]]}}, {"type": "Feature", "properties": {"fips": "25025010403", "gap_national": -21.7, "gap_stratum": -21.0, "burden": 20.3, "capacity": 42.2, "svi": 0.47, "top_decile_gap": 0.0, "stratum": "metropolitan", "scored": 1}, "geometry": {"type": "Polygon", "coordinates": [[[-71.0878, 42.3473], [-71.0858, 42.3433], [-71.09, 42.3439], [-71.0878, 42.3473]]]}}, {"type": "Feature", "properties": {"fips": "25025010801", "gap_national": -73.5, "gap_stratum": -73.5, "burden": 4.1, "capacity": 68.1, "svi": 0.2, "top_decile_gap": 0.0, "stratum": "metropolitan", "scored": 1}, "geometry": {"type": "Polygon", "coordinates": [[[-71.0735, 42.3561], [-71.0721, 42.3547], [-71.0809, 42.3523], [-71.0816, 42.3537], [-71.0735, 42.3561]]]}}, {"type": "Feature", "properties": {"fips": "25025040100", "gap_national": -81.2, "gap_stratum": -80.4, "burden": 4.6, "capacity": 74.2, "svi": 0.21, "top_decile_gap": 0.0, "stratum": "metropolitan", "scored": 1}, "geometry": {"type": "Polygon", "coordinates": [[[-71.0597, 42.3766], [-71.0587, 42.3724], [-71.055, 42.3707], [-71.0598, 42.3688], [-71.0642, 42.3728], [-71.0597, 42.3766]]]}}, {"type": "Feature", "properties": {"fips": "25025101102", "gap_national": 5.2, "gap_stratum": 10.6, "burden": 72.3, "capacity": 65.3, "svi": 0.96, "top_decile_gap": 0.0, "stratum": "metropolitan", "scored": 1}, "geometry": {"type": "Polygon", "coordinates": [[[-71.0979, 42.2813], [-71.0936, 42.2772], [-71.0914, 42.2842], [-71.0855, 42.281], [-71.0937, 42.2729], [-71.0979, 42.2813]]]}}, {"type": "Feature", "properties": {"fips": "25025110403", "gap_national": -74.5, "gap_stratum": -71.1, "burden": 18.9, "capacity": 79.5, "svi": 0.34, "top_decile_gap": 0.0, "stratum": "metropolitan", "scored": 1}, "geometry": {"type": "Polygon", "coordinates": [[[-71.1251, 42.2845], [-71.1197, 42.2803], [-71.1212, 42.2741], [-71.1249, 42.2727], [-71.1309, 42.2729], [-71.1348, 42.2769], [-71.1251, 42.2845]]]}}, {"type": "Feature", "properties": {"fips": "25025120104", "gap_national": -64.2, "gap_stratum": -65.3, "burden": 2.9, "capacity": 61.3, "svi": 0.07, "top_decile_gap": 0.0, "stratum": "metropolitan", "scored": 1}, "geometry": {"type": "Polygon", "coordinates": [[[-71.1155, 42.3097], [-71.1134, 42.3015], [-71.1154, 42.2982], [-71.1149, 42.3001], [-71.1201, 42.2997], [-71.1172, 42.3024], [-71.1207, 42.309], [-71.1155, 42.3097]]]}}, {"type": "Feature", "properties": {"fips": "25025130404", "gap_national": -68.4, "gap_stratum": -63.0, "burden": 29.5, "capacity": 86.6, "svi": 0.58, "top_decile_gap": 0.0, "stratum": "metropolitan", "scored": 1}, "geometry": {"type": "Polygon", "coordinates": [[[-71.1594, 42.2788], [-71.1473, 42.27], [-71.1616, 42.2575], [-71.1635, 42.2622], [-71.1594, 42.2788]]]}}, {"type": "Feature", "properties": {"fips": "25025160200", "gap_national": 46.4, "gap_stratum": 54.1, "burden": 50.8, "capacity": 10.3, "svi": 0.94, "top_decile_gap": 0.0, "stratum": "metropolitan", "scored": 1}, "geometry": {"type": "Polygon", "coordinates": [[[-71.0392, 42.3899], [-71.0327, 42.3935], [-71.0346, 42.3867], [-71.0392, 42.3899]]]}}, {"type": "Feature", "properties": {"fips": "25025160602", "gap_national": 9.1, "gap_stratum": 13.6, "burden": 36.1, "capacity": 31.8, "svi": 0.86, "top_decile_gap": 0.0, "stratum": "metropolitan", "scored": 1}, "geometry": {"type": "Polygon", "coordinates": [[[-71.0332, 42.4142], [-71.0265, 42.4061], [-71.0294, 42.4041], [-71.0409, 42.4017], [-71.0332, 42.4142]]]}}, {"type": "Feature", "properties": {"fips": "25025050600", "gap_national": -3.9, "gap_stratum": -3.5, "burden": 12.1, "capacity": 18.0, "svi": 0.64, "top_decile_gap": 0.0, "stratum": "metropolitan", "scored": 1}, "geometry": {"type": "Polygon", "coordinates": [[[-71.0388, 42.3749], [-71.0339, 42.3719], [-71.037, 42.3693], [-71.0403, 42.3707], [-71.0388, 42.3749]]]}}, {"type": "Feature", "properties": {"fips": "25025050901", "gap_national": 0.3, "gap_stratum": 1.7, "burden": 17.2, "capacity": 19.0, "svi": 0.84, "top_decile_gap": 0.0, "stratum": "metropolitan", "scored": 1}, "geometry": {"type": "Polygon", "coordinates": [[[-71.0277, 42.384], [-71.0227, 42.3863], [-71.0216, 42.3801], [-71.0277, 42.3772], [-71.0302, 42.3797], [-71.0345, 42.3781], [-71.0334, 42.3826], [-71.0393, 42.3826], [-71.0393, 42.3866], [-71.0277, 42.384]]]}}, {"type": "Feature", "properties": {"fips": "25025060200", "gap_national": -48.8, "gap_stratum": -51.2, "burden": 1.4, "capacity": 50.7, "svi": 0.04, "top_decile_gap": 0.0, "stratum": "metropolitan", "scored": 1}, "geometry": {"type": "Polygon", "coordinates": [[[-71.0333, 42.3323], [-71.0333, 42.3357], [-71.0292, 42.3357], [-71.0313, 42.3348], [-71.031, 42.3303], [-71.0353, 42.3289], [-71.0353, 42.3323], [-71.0333, 42.3323]]]}}, {"type": "Feature", "properties": {"fips": "25025060400", "gap_national": -50.8, "gap_stratum": -53.1, "burden": 1.4, "capacity": 52.0, "svi": 0.01, "top_decile_gap": 0.0, "stratum": "metropolitan", "scored": 1}, "geometry": {"type": "Polygon", "coordinates": [[[-71.0415, 42.3355], [-71.0415, 42.333], [-71.0373, 42.3331], [-71.0373, 42.3292], [-71.0474, 42.3301], [-71.0475, 42.3346], [-71.0415, 42.3355]]]}}, {"type": "Feature", "properties": {"fips": "25003923100", "gap_national": -41.7, "gap_stratum": -33.2, "burden": 52.6, "capacity": 86.8, "svi": 0.28, "top_decile_gap": 0.0, "stratum": "metropolitan", "scored": 1}, "geometry": {"type": "Polygon", "coordinates": [[[-73.2035, 42.5561], [-73.2094, 42.5571], [-73.2045, 42.5647], [-73.2106, 42.5657], [-73.2019, 42.5792], [-73.1997, 42.59], [-73.2044, 42.6061], [-73.1743, 42.5985], [-73.0843, 42.5948], [-73.0805, 42.5736], [-73.0956, 42.5612], [-73.0854, 42.5595], [-73.0886, 42.5484], [-73.1038, 42.5508], [-73.1079, 42.5365], [-73.1466, 42.5411], [-73.1658, 42.5109], [-73.2009, 42.5186], [-73.1875, 42.5386], [-73.2121, 42.5424], [-73.2035, 42.5561]]]}}, {"type": "Feature", "properties": {"fips": "25003924100", "gap_national": -40.6, "gap_stratum": -80.5, "burden": 57.7, "capacity": 97.2, "svi": 0.41, "top_decile_gap": 0.0, "stratum": "rural", "scored": 1}, "geometry": {"type": "Polygon", "coordinates": [[[-73.3647, 42.319], [-73.3523, 42.3201], [-73.3505, 42.3394], [-73.341, 42.3519], [-73.2881, 42.3523], [-73.2892, 42.2575], [-73.3645, 42.2585], [-73.3647, 42.319]]]}}, {"type": "Feature", "properties": {"fips": "25003921400", "gap_national": -14.8, "gap_stratum": -42.1, "burden": 64.4, "capacity": 73.2, "svi": 0.67, "top_decile_gap": 0.0, "stratum": "micropolitan", "scored": 1}, "geometry": {"type": "Polygon", "coordinates": [[[-73.1387, 42.669], [-73.129, 42.6872], [-73.1206, 42.691], [-73.1203, 42.7004], [-73.1158, 42.7004], [-73.1122, 42.6955], [-73.11, 42.6957], [-73.0991, 42.6843], [-73.0951, 42.6764], [-73.0618, 42.6753], [-73.0633, 42.6547], [-73.1411, 42.6587], [-73.1387, 42.669]]]}}, {"type": "Feature", "properties": {"fips": "25003900600", "gap_national": 28.1, "gap_stratum": 31.0, "burden": 75.2, "capacity": 52.1, "svi": 0.87, "top_decile_gap": 0.0, "stratum": "metropolitan", "scored": 1}, "geometry": {"type": "Polygon", "coordinates": [[[-73.262, 42.4662], [-73.2604, 42.4638], [-73.253, 42.4645], [-73.2508, 42.4611], [-73.2552, 42.459], [-73.2573, 42.4515], [-73.2621, 42.4497], [-73.2578, 42.4481], [-73.2579, 42.4454], [-73.2642, 42.4426], [-73.268, 42.4432], [-73.2638, 42.4552], [-73.2668, 42.4556], [-73.2635, 42.4605], [-73.2738, 42.4638], [-73.2705, 42.4676], [-73.262, 42.4662]]]}}, {"type": "Feature", "properties": {"fips": "25003934200", "gap_national": -64.6, "gap_stratum": -95.0, "burden": 36.5, "capacity": 95.3, "svi": 0.23, "top_decile_gap": 0.0, "stratum": "rural", "scored": 1}, "geometry": {"type": "Polygon", "coordinates": [[[-73.4106, 42.3517], [-73.341, 42.3519], [-73.3505, 42.3394], [-73.3523, 42.3201], [-73.3647, 42.319], [-73.3659, 42.2585], [-73.4024, 42.2585], [-73.4, 42.2725], [-73.4155, 42.2798], [-73.4154, 42.292], [-73.4311, 42.2961], [-73.4106, 42.3517]]]}}, {"type": "Feature", "properties": {"fips": "25025060800", "gap_national": -40.6, "gap_stratum": -43.1, "burden": 1.3, "capacity": 44.8, "svi": 0.1, "top_decile_gap": 0.0, "stratum": "metropolitan", "scored": 1}, "geometry": {"type": "Polygon", "coordinates": [[[-71.0539, 42.3362], [-71.0508, 42.3388], [-71.0457, 42.3355], [-71.0532, 42.3315], [-71.0571, 42.3383], [-71.0539, 42.3362]]]}}, {"type": "Feature", "properties": {"fips": "25025070700", "gap_national": -71.9, "gap_stratum": -69.5, "burden": 15.3, "capacity": 73.6, "svi": 0.59, "top_decile_gap": 0.0, "stratum": "metropolitan", "scored": 1}, "geometry": {"type": "Polygon", "coordinates": [[[-71.0762, 42.3479], [-71.072, 42.349], [-71.0745, 42.3443], [-71.0794, 42.3448], [-71.0762, 42.3479]]]}}, {"type": "Feature", "properties": {"fips": "25025071101", "gap_national": -42.6, "gap_stratum": -41.3, "burden": 20.2, "capacity": 56.9, "svi": 0.82, "top_decile_gap": 0.0, "stratum": "metropolitan", "scored": 1}, "geometry": {"type": "Polygon", "coordinates": [[[-71.0725, 42.3396], [-71.0671, 42.3353], [-71.0744, 42.3328], [-71.077, 42.3336], [-71.0769, 42.3365], [-71.0725, 42.3396]]]}}, {"type": "Feature", "properties": {"fips": "25025080401", "gap_national": 40.0, "gap_stratum": 42.4, "burden": 76.8, "capacity": 44.9, "svi": 0.98, "top_decile_gap": 0.0, "stratum": "metropolitan", "scored": 1}, "geometry": {"type": "Polygon", "coordinates": [[[-71.0809, 42.3329], [-71.0776, 42.336], [-71.0744, 42.3328], [-71.0793, 42.3285], [-71.0834, 42.3287], [-71.083, 42.3308], [-71.0862, 42.331], [-71.085, 42.3327], [-71.0875, 42.3341], [-71.0809, 42.3329]]]}}, {"type": "Feature", "properties": {"fips": "25025081700", "gap_national": 7.3, "gap_stratum": 12.5, "burden": 71.7, "capacity": 63.4, "svi": 0.93, "top_decile_gap": 0.0, "stratum": "metropolitan", "scored": 1}, "geometry": {"type": "Polygon", "coordinates": [[[-71.087, 42.3278], [-71.0834, 42.3287], [-71.0819, 42.318], [-71.0902, 42.3192], [-71.0919, 42.3217], [-71.087, 42.3278]]]}}, {"type": "Feature", "properties": {"fips": "25025090400", "gap_national": -5.9, "gap_stratum": 0.2, "burden": 50.3, "capacity": 55.6, "svi": 0.92, "top_decile_gap": 0.0, "stratum": "metropolitan", "scored": 1}, "geometry": {"type": "Polygon", "coordinates": [[[-71.0777, 42.3204], [-71.0722, 42.3214], [-71.0697, 42.3189], [-71.073, 42.317], [-71.0732, 42.3122], [-71.0785, 42.3152], [-71.0777, 42.3204]]]}}, {"type": "Feature", "properties": {"fips": "25025091400", "gap_national": 27.6, "gap_stratum": 31.4, "burden": 70.9, "capacity": 49.2, "svi": 0.97, "top_decile_gap": 0.0, "stratum": "metropolitan", "scored": 1}, "geometry": {"type": "Polygon", "coordinates": [[[-71.073, 42.317], [-71.0697, 42.3189], [-71.0652, 42.3171], [-71.0702, 42.3113], [-71.0732, 42.3122], [-71.073, 42.317]]]}}, {"type": "Feature", "properties": {"fips": "25025091600", "gap_national": 30.8, "gap_stratum": 36.6, "burden": 58.3, "capacity": 35.4, "svi": 0.96, "top_decile_gap": 0.0, "stratum": "metropolitan", "scored": 1}, "geometry": {"type": "Polygon", "coordinates": [[[-71.0606, 42.3088], [-71.056, 42.3045], [-71.0598, 42.3015], [-71.0615, 42.3054], [-71.0646, 42.304], [-71.0665, 42.3067], [-71.0606, 42.3088]]]}}, {"type": "Feature", "properties": {"fips": "25025100300", "gap_national": -30.0, "gap_stratum": -21.3, "burden": 53.2, "capacity": 74.8, "svi": 0.91, "top_decile_gap": 0.0, "stratum": "metropolitan", "scored": 1}, "geometry": {"type": "Polygon", "coordinates": [[[-71.08, 42.2871], [-71.0785, 42.2893], [-71.0753, 42.2797], [-71.0789, 42.2786], [-71.0855, 42.281], [-71.08, 42.2871]]]}}, {"type": "Feature", "properties": {"fips": "25025000202", "gap_national": -21.5, "gap_stratum": -22.3, "burden": 11.6, "capacity": 34.9, "svi": 0.66, "top_decile_gap": 0.0, "stratum": "metropolitan", "scored": 1}, "geometry": {"type": "Polygon", "coordinates": [[[-71.1538, 42.3575], [-71.1491, 42.3562], [-71.1509, 42.3534], [-71.1467, 42.3523], [-71.1479, 42.3503], [-71.1519, 42.3516], [-71.1534, 42.3491], [-71.1596, 42.3489], [-71.1606, 42.3527], [-71.1538, 42.3575]]]}}, {"type": "Feature", "properties": {"fips": "25025000401", "gap_national": -52.1, "gap_stratum": -53.1, "burden": 9.1, "capacity": 56.0, "svi": 0.47, "top_decile_gap": 0.0, "stratum": "metropolitan", "scored": 1}, "geometry": {"type": "Polygon", "coordinates": [[[-71.1531, 42.3462], [-71.1498, 42.3482], [-71.1431, 42.3439], [-71.1514, 42.3404], [-71.1547, 42.3412], [-71.1531, 42.3462]]]}}, {"type": "Feature", "properties": {"fips": "25025170601", "gap_national": -12.1, "gap_stratum": -9.1, "burden": 31.3, "capacity": 44.6, "svi": 0.6, "top_decile_gap": 0.0, "stratum": "metropolitan", "scored": 1}, "geometry": {"type": "Polygon", "coordinates": [[[-71.0084, 42.4161], [-71.0032, 42.4166], [-71.0002, 42.4096], [-71.0113, 42.3966], [-71.0134, 42.3974], [-71.0094, 42.4009], [-71.0181, 42.4034], [-71.0084, 42.4161]]]}}, {"type": "Feature", "properties": {"fips": "25025140107", "gap_national": -39.7, "gap_stratum": -31.4, "burden": 45.6, "capacity": 75.6, "svi": 0.81, "top_decile_gap": 0.0, "stratum": "metropolitan", "scored": 1}, "geometry": {"type": "Polygon", "coordinates": [[[-71.1289, 42.2581], [-71.1336, 42.261], [-71.1282, 42.2605], [-71.1273, 42.2645], [-71.1236, 42.2622], [-71.1282, 42.2523], [-71.1301, 42.2512], [-71.134, 42.2543], [-71.1289, 42.2581]]]}}, {"type": "Feature", "properties": {"fips": "25009260500", "gap_national": -54.9, "gap_stratum": -47.8, "burden": 37.2, "capacity": 81.2, "svi": 0.28, "top_decile_gap": 0.0, "stratum": "metropolitan", "scored": 1}, "geometry": {"type": "Polygon", "coordinates": [[[-71.0793, 42.8059], [-71.0658, 42.8053], [-71.0654, 42.7958], [-71.072, 42.7849], [-71.0747, 42.7876], [-71.0787, 42.7842], [-71.0844, 42.7943], [-71.0934, 42.8007], [-71.0793, 42.8059]]]}}, {"type": "Feature", "properties": {"fips": "25009260800", "gap_national": 6.1, "gap_stratum": 10.0, "burden": 32.2, "capacity": 30.6, "svi": 0.8, "top_decile_gap": 0.0, "stratum": "metropolitan", "scored": 1}, "geometry": {"type": "Polygon", "coordinates": [[[-71.0872, 42.7776], [-71.0862, 42.7708], [-71.0972, 42.763], [-71.0944, 42.7702], [-71.1, 42.7787], [-71.0872, 42.7776]]]}}, {"type": "Feature", "properties": {"fips": "25009260900", "gap_national": -34.6, "gap_stratum": -28.8, "burden": 36.9, "capacity": 64.3, "svi": 0.56, "top_decile_gap": 0.0, "stratum": "metropolitan", "scored": 1}, "geometry": {"type": "Polygon", "coordinates": [[[-71.116, 42.7834], [-71.1063, 42.7811], [-71.0989, 42.779], [-71.0998, 42.7765], [-71.0957, 42.7736], [-71.0941, 42.7675], [-71.0972, 42.763], [-71.1037, 42.7626], [-71.1142, 42.7682], [-71.1208, 42.7684], [-71.116, 42.7834]]]}}, {"type": "Feature", "properties": {"fips": "25009261101", "gap_national": -75.4, "gap_stratum": -72.1, "burden": 18.5, "capacity": 80.0, "svi": 0.17, "top_decile_gap": 0.0, "stratum": "metropolitan", "scored": 1}, "geometry": {"type": "Polygon", "coordinates": [[[-71.0753, 42.7672], [-71.0737, 42.7657], [-71.0665, 42.7709], [-71.0483, 42.7587], [-71.0418, 42.7572], [-71.0418, 42.7546], [-71.0589, 42.7325], [-71.0721, 42.7327], [-71.0842, 42.7365], [-71.0851, 42.7479], [-71.0806, 42.7588], [-71.0849, 42.7597], [-71.0852, 42.7637], [-71.0753, 42.7672]]]}}, {"type": "Feature", "properties": {"fips": "25009223300", "gap_national": -69.2, "gap_stratum": -63.6, "burden": 31.3, "capacity": 91.6, "svi": 0.02, "top_decile_gap": 0.0, "stratum": "metropolitan", "scored": 1}, "geometry": {"type": "Polygon", "coordinates": [[[-70.8809, 42.7063], [-70.8755, 42.7129], [-70.8644, 42.7091], [-70.8631, 42.7131], [-70.8577, 42.7137], [-70.8555, 42.7123], [-70.8525, 42.6935], [-70.8487, 42.69], [-70.8516, 42.6841], [-70.8459, 42.682], [-70.8493, 42.678], [-70.847, 42.6746], [-70.8389, 42.674], [-70.8425, 42.672], [-70.8406, 42.67], [-70.8448, 42.6675], [-70.8437, 42.6653], [-70.8505, 42.664], [-70.8515, 42.6612], [-70.8598, 42.6575], [-70.87, 42.6593], [-70.8793, 42.654], [-70.8862, 42.6568], [-70.8866, 42.6592], [-70.9036, 42.6595], [-70.905, 42.662], [-70.9163, 42.6608], [-70.9205, 42.6701], [-70.936, 42.6635], [-70.9653, 42.6719], [-70.9645, 42.6748], [-70.8809, 42.7063]]]}}, {"type": "Feature", "properties": {"fips": "25009223200", "gap_national": -67.5, "gap_stratum": -62.0, "burden": 29.0, "capacity": 84.6, "svi": 0.14, "top_decile_gap": 0.0, "stratum": "metropolitan", "scored": 1}, "geometry": {"type": "Polygon", "coordinates": [[[-70.8487, 42.6885], [-70.8413, 42.684], [-70.8326, 42.6828], [-70.8206, 42.6874], [-70.8136, 42.682], [-70.8128, 42.6798], [-70.8159, 42.6762], [-70.8112, 42.6743], [-70.8122, 42.6705], [-70.8162, 42.668], [-70.8281, 42.6712], [-70.831, 42.6745], [-70.836, 42.6742], [-70.8371, 42.6795], [-70.8389, 42.674], [-70.847, 42.6746], [-70.8493, 42.678], [-70.8459, 42.682], [-70.8516, 42.6841], [-70.8487, 42.6885]]]}}, {"type": "Feature", "properties": {"fips": "25009250600", "gap_national": 30.7, "gap_stratum": 37.2, "burden": 47.8, "capacity": 24.1, "svi": 0.9, "top_decile_gap": 0.0, "stratum": "metropolitan", "scored": 1}, "geometry": {"type": "Polygon", "coordinates": [[[-71.1709, 42.7233], [-71.1522, 42.7219], [-71.1533, 42.7194], [-71.1656, 42.7165], [-71.1724, 42.7217], [-71.1709, 42.7233]]]}}, {"type": "Feature", "properties": {"fips": "25009251400", "gap_national": 50.6, "gap_stratum": 56.9, "burden": 63.3, "capacity": 22.2, "svi": 0.97, "top_decile_gap": 0.0, "stratum": "metropolitan", "scored": 1}, "geometry": {"type": "Polygon", "coordinates": [[[-71.1744, 42.7045], [-71.1737, 42.7034], [-71.176, 42.6976], [-71.1782, 42.6978], [-71.1743, 42.695], [-71.1776, 42.693], [-71.1889, 42.6963], [-71.1893, 42.6985], [-71.1744, 42.7045]]]}}, {"type": "Feature", "properties": {"fips": "25009251700", "gap_national": 11.3, "gap_stratum": 16.2, "burden": 38.1, "capacity": 32.1, "svi": 0.87, "top_decile_gap": 0.0, "stratum": "metropolitan", "scored": 1}, "geometry": {"type": "Polygon", "coordinates": [[[-71.1449, 42.699], [-71.1425, 42.6942], [-71.1379, 42.6922], [-71.1394, 42.6845], [-71.1336, 42.6794], [-71.1345, 42.6768], [-71.15, 42.6814], [-71.1603, 42.694], [-71.1449, 42.699]]]}}, {"type": "Feature", "properties": {"fips": "25009252501", "gap_national": -11.2, "gap_stratum": -6.1, "burden": 42.1, "capacity": 52.8, "svi": 0.72, "top_decile_gap": 0.0, "stratum": "metropolitan", "scored": 1}, "geometry": {"type": "Polygon", "coordinates": [[[-71.166, 42.7255], [-71.164, 42.73], [-71.1571, 42.7296], [-71.1585, 42.727], [-71.1406, 42.7268], [-71.1419, 42.7216], [-71.1709, 42.7233], [-71.166, 42.7255]]]}}, {"type": "Feature", "properties": {"fips": "25009205700", "gap_national": -45.6, "gap_stratum": -43.6, "burden": 21.6, "capacity": 59.9, "svi": 0.33, "top_decile_gap": 0.0, "stratum": "metropolitan", "scored": 1}, "geometry": {"type": "Polygon", "coordinates": [[[-70.9765, 42.4689], [-70.9778, 42.473], [-70.9703, 42.4788], [-70.9689, 42.4727], [-70.9746, 42.4695], [-70.9769, 42.4587], [-70.9751, 42.4579], [-70.9795, 42.4562], [-70.9831, 42.4586], [-70.9867, 42.4546], [-70.9857, 42.4592], [-70.9885, 42.4609], [-70.9765, 42.4689]]]}}, {"type": "Feature", "properties": {"fips": "25009266200", "gap_national": -45.3, "gap_stratum": -37.5, "burden": 41.4, "capacity": 76.3, "svi": 0.49, "top_decile_gap": 0.0, "stratum": "metropolitan", "scored": 1}, "geometry": {"type": "Polygon", "coordinates": [[[-70.9665, 42.869], [-70.9306, 42.8846], [-70.9287, 42.8703], [-70.9309, 42.8572], [-70.9435, 42.8539], [-70.9521, 42.8556], [-70.9589, 42.8606], [-70.9705, 42.8602], [-70.9747, 42.8677], [-70.9665, 42.869]]]}}, {"type": "Feature", "properties": {"fips": "25009207200", "gap_national": 34.9, "gap_stratum": 39.5, "burden": 67.2, "capacity": 40.5, "svi": 0.81, "top_decile_gap": 0.0, "stratum": "metropolitan", "scored": 1}, "geometry": {"type": "Polygon", "coordinates": [[[-70.96, 42.4591], [-70.9622, 42.4627], [-70.9601, 42.4628], [-70.958, 42.4596], [-70.954, 42.4607], [-70.9541, 42.4564], [-70.9508, 42.457], [-70.9489, 42.4546], [-70.9661, 42.4435], [-70.9791, 42.4509], [-70.9715, 42.4575], [-70.96, 42.4591]]]}}, {"type": "Feature", "properties": {"fips": "25009209200", "gap_national": -83.1, "gap_stratum": -80.2, "burden": 18.3, "capacity": 89.7, "svi": 0.02, "top_decile_gap": 0.0, "stratum": "metropolitan", "scored": 1}, "geometry": {"type": "Polygon", "coordinates": [[[-71.057, 42.574], [-71.0498, 42.5711], [-71.0415, 42.5735], [-71.0355, 42.5703], [-71.0316, 42.5512], [-71.017, 42.5355], [-71.0447, 42.5365], [-71.0515, 42.5329], [-71.0584, 42.5236], [-71.0676, 42.5247], [-71.0751, 42.531], [-71.071, 42.5559], [-71.057, 42.574]]]}}, {"type": "Feature", "properties": {"fips": "25009211100", "gap_national": -50.6, "gap_stratum": -42.6, "burden": 46.6, "capacity": 90.0, "svi": 0.33, "top_decile_gap": 0.0, "stratum": "metropolitan", "scored": 1}, "geometry": {"type": "Polygon", "coordinates": [[[-70.9215, 42.5668], [-70.9084, 42.5715], [-70.9086, 42.5575], [-70.9124, 42.5467], [-70.9084, 42.5456], [-70.9099, 42.5436], [-70.9079, 42.5403], [-70.9366, 42.5471], [-70.9365, 42.5505], [-70.9215, 42.5668]]]}}, {"type": "Feature", "properties": {"fips": "25009254402", "gap_national": -85.0, "gap_stratum": -83.2, "burden": 11.0, "capacity": 82.4, "svi": 0.2, "top_decile_gap": 0.0, "stratum": "metropolitan", "scored": 1}, "geometry": {"type": "Polygon", "coordinates": [[[-71.2425, 42.6623], [-71.2277, 42.6809], [-71.2248, 42.6934], [-71.2198, 42.6998], [-71.2149, 42.7013], [-71.1889, 42.6963], [-71.1855, 42.6759], [-71.1725, 42.6781], [-71.1721, 42.6757], [-71.1945, 42.6643], [-71.1762, 42.6187], [-71.255, 42.6578], [-71.2425, 42.6623]]]}}, {"type": "Feature", "properties": {"fips": "25009221700", "gap_national": -40.2, "gap_stratum": -31.6, "burden": 49.1, "capacity": 79.9, "svi": 0.26, "top_decile_gap": 0.0, "stratum": "metropolitan", "scored": 1}, "geometry": {"type": "Polygon", "coordinates": [[[-70.681, 42.6229], [-70.6765, 42.6231], [-70.6663, 42.6114], [-70.6734, 42.6099], [-70.6787, 42.6128], [-70.6791, 42.618], [-70.6825, 42.6207], [-70.681, 42.6229]]]}}, {"type": "Feature", "properties": {"fips": "25009221500", "gap_national": -16.0, "gap_stratum": -8.3, "burden": 66.6, "capacity": 76.3, "svi": 0.72, "top_decile_gap": 0.0, "stratum": "metropolitan", "scored": 1}, "geometry": {"type": "Polygon", "coordinates": [[[-70.6663, 42.6114], [-70.6696, 42.6171], [-70.6667, 42.6166], [-70.6642, 42.6197], [-70.6563, 42.6156], [-70.652, 42.6161], [-70.6612, 42.6078], [-70.6732, 42.6099], [-70.6663, 42.6114]]]}}, {"type": "Feature", "properties": {"fips": "25009204300", "gap_national": 15.4, "gap_stratum": 21.0, "burden": 52.8, "capacity": 42.6, "svi": 0.93, "top_decile_gap": 0.0, "stratum": "metropolitan", "scored": 1}, "geometry": {"type": "Polygon", "coordinates": [[[-70.8858, 42.5236], [-70.8817, 42.519], [-70.8857, 42.5122], [-70.8881, 42.5151], [-70.8927, 42.5155], [-70.8957, 42.5214], [-70.8858, 42.5236]]]}}, {"type": "Feature", "properties": {"fips": "25009208200", "gap_national": -42.4, "gap_stratum": -34.1, "burden": 46.5, "capacity": 79.1, "svi": 0.35, "top_decile_gap": 0.0, "stratum": "metropolitan", "scored": 1}, "geometry": {"type": "Polygon", "coordinates": [[[-71.0236, 42.4539], [-71.0251, 42.4648], [-71.0044, 42.4656], [-70.9921, 42.4584], [-70.9934, 42.4566], [-70.9994, 42.4585], [-71.0077, 42.4536], [-71.0162, 42.4543], [-71.0146, 42.4453], [-71.0188, 42.4501], [-71.0258, 42.4447], [-71.0276, 42.4467], [-71.0236, 42.4539]]]}}, {"type": "Feature", "properties": {"fips": "25009214100", "gap_national": -77.0, "gap_stratum": -72.7, "burden": 25.1, "capacity": 93.2, "svi": 0.25, "top_decile_gap": 0.0, "stratum": "metropolitan", "scored": 1}, "geometry": {"type": "Polygon", "coordinates": [[[-70.9761, 42.6211], [-70.9766, 42.623], [-70.9682, 42.6263], [-70.9733, 42.6295], [-70.9757, 42.642], [-70.9604, 42.6491], [-70.969, 42.6732], [-70.936, 42.6635], [-70.9205, 42.6701], [-70.9163, 42.6608], [-70.905, 42.662], [-70.905, 42.6521], [-70.9018, 42.6528], [-70.8963, 42.6437], [-70.896, 42.6394], [-70.9046, 42.6382], [-70.9072, 42.6353], [-70.9038, 42.6327], [-70.9062, 42.6305], [-70.9161, 42.6285], [-70.9199, 42.6251], [-70.9179, 42.6238], [-70.9189, 42.6228], [-70.9257, 42.6229], [-70.9311, 42.6124], [-70.9425, 42.61], [-70.9648, 42.5996], [-70.9808, 42.6064], [-70.9852, 42.6117], [-70.9761, 42.6211]]]}}, {"type": "Feature", "properties": {"fips": "25017341200", "gap_national": -28.5, "gap_stratum": -24.7, "burden": 31.8, "capacity": 56.4, "svi": 0.59, "top_decile_gap": 0.0, "stratum": "metropolitan", "scored": 1}, "geometry": {"type": "Polygon", "coordinates": [[[-71.074, 42.4273], [-71.0768, 42.4132], [-71.0859, 42.418], [-71.0886, 42.4248], [-71.074, 42.4273]]]}}, {"type": "Feature", "properties": {"fips": "25017339200", "gap_national": -80.2, "gap_stratum": -77.7, "burden": 14.9, "capacity": 81.1, "svi": 0.12, "top_decile_gap": 0.0, "stratum": "metropolitan", "scored": 1}, "geometry": {"type": "Polygon", "coordinates": [[[-71.129, 42.4356], [-71.1319, 42.4339], [-71.131, 42.4317], [-71.1179, 42.4213], [-71.1179, 42.4191], [-71.1258, 42.4189], [-71.1269, 42.4217], [-71.1429, 42.4206], [-71.1468, 42.4253], [-71.1499, 42.4358], [-71.129, 42.4356]]]}}, {"type": "Feature", "properties": {"fips": "25017339700", "gap_national": -19.8, "gap_stratum": -18.7, "burden": 22.1, "capacity": 42.4, "svi": 0.38, "top_decile_gap": 0.0, "stratum": "metropolitan", "scored": 1}, "geometry": {"type": "Polygon", "coordinates": [[[-71.1033, 42.4148], [-71.1003, 42.4089], [-71.0941, 42.4046], [-71.0955, 42.4001], [-71.0996, 42.3971], [-71.1069, 42.4029], [-71.1102, 42.4108], [-71.1059, 42.4129], [-71.1105, 42.4171], [-71.1033, 42.4148]]]}}, {"type": "Feature", "properties": {"fips": "25017336100", "gap_national": -78.3, "gap_stratum": -75.1, "burden": 18.2, "capacity": 82.8, "svi": 0.3, "top_decile_gap": 0.0, "stratum": "metropolitan", "scored": 1}, "geometry": {"type": "Polygon", "coordinates": [[[-71.0782, 42.474], [-71.0693, 42.4716], [-71.0613, 42.4727], [-71.0631, 42.4588], [-71.0746, 42.4596], [-71.0787, 42.4578], [-71.0782, 42.474]]]}}, {"type": "Feature", "properties": {"fips": "25017373300", "gap_national": -82.9, "gap_stratum": -81.2, "burden": 10.2, "capacity": 79.3, "svi": 0.29, "top_decile_gap": 0.0, "stratum": "metropolitan", "scored": 1}, "geometry": {"type": "Polygon", "coordinates": [[[-71.2133, 42.365], [-71.2045, 42.3658], [-71.2095, 42.3615], [-71.2069, 42.3567], [-71.1957, 42.3549], [-71.2144, 42.3502], [-71.2136, 42.3542], [-71.217, 42.3599], [-71.2133, 42.365]]]}}, {"type": "Feature", "properties": {"fips": "25017374200", "gap_national": -89.7, "gap_stratum": -88.6, "burden": 7.3, "capacity": 84.6, "svi": 0.09, "top_decile_gap": 0.0, "stratum": "metropolitan", "scored": 1}, "geometry": {"type": "Polygon", "coordinates": [[[-71.2201, 42.3213], [-71.2189, 42.3306], [-71.2132, 42.3312], [-71.207, 42.3308], [-71.2014, 42.3228], [-71.202, 42.3192], [-71.2258, 42.3171], [-71.2267, 42.3236], [-71.2201, 42.3213]]]}}, {"type": "Feature", "properties": {"fips": "25017374700", "gap_national": -81.7, "gap_stratum": -80.1, "burden": 10.0, "capacity": 78.1, "svi": 0.4, "top_decile_gap": 0.0, "stratum": "metropolitan", "scored": 1}, "geometry": {"type": "Polygon", "coordinates": [[[-71.2586, 42.3494], [-71.2604, 42.3536], [-71.2565, 42.3549], [-71.2431, 42.3589], [-71.2319, 42.3529], [-71.2381, 42.3502], [-71.2321, 42.3474], [-71.2498, 42.3457], [-71.2609, 42.341], [-71.2586, 42.3494]]]}}, {"type": "Feature", "properties": {"fips": "25017338200", "gap_national": -81.3, "gap_stratum": -79.1, "burden": 13.5, "capacity": 80.8, "svi": 0.63, "top_decile_gap": 0.0, "stratum": "metropolitan", "scored": 1}, "geometry": {"type": "Polygon", "coordinates": [[[-71.146, 42.4658], [-71.1238, 42.4734], [-71.1265, 42.4653], [-71.1314, 42.4675], [-71.137, 42.453], [-71.1384, 42.457], [-71.1486, 42.4607], [-71.1505, 42.4643], [-71.146, 42.4658]]]}}, {"type": "Feature", "properties": {"fips": "25017333501", "gap_national": -61.7, "gap_stratum": -56.6, "burden": 26.6, "capacity": 75.6, "svi": 0.36, "top_decile_gap": 0.0, "stratum": "metropolitan", "scored": 1}, "geometry": {"type": "Polygon", "coordinates": [[[-71.1689, 42.4905], [-71.1685, 42.4975], [-71.1422, 42.5013], [-71.1435, 42.4964], [-71.1366, 42.4931], [-71.1352, 42.4879], [-71.1535, 42.4906], [-71.152, 42.4857], [-71.1559, 42.4871], [-71.1599, 42.4848], [-71.1707, 42.4898], [-71.1689, 42.4905]]]}}, {"type": "Feature", "properties": {"fips": "25017387100", "gap_national": -74.6, "gap_stratum": -70.8, "burden": 20.8, "capacity": 82.0, "svi": 0.19, "top_decile_gap": 0.0, "stratum": "metropolitan", "scored": 1}, "geometry": {"type": "Polygon", "coordinates": [[[-71.4745, 42.1626], [-71.4717, 42.1722], [-71.4476, 42.1806], [-71.4406, 42.1855], [-71.4374, 42.1911], [-71.4353, 42.1888], [-71.4184, 42.2084], [-71.4207, 42.2135], [-71.41, 42.2187], [-71.402, 42.2154], [-71.4037, 42.2149], [-71.3972, 42.2081], [-71.3939, 42.2071], [-71.3917, 42.2097], [-71.3882, 42.2043], [-71.3802, 42.2018], [-71.3848, 42.192], [-71.4044, 42.1884], [-71.4023, 42.1788], [-71.4302, 42.1794], [-71.4441, 42.1749], [-71.464, 42.1582], [-71.4781, 42.1568], [-71.4745, 42.1626]]]}}, {"type": "Feature", "properties": {"fips": "25017383600", "gap_national": -62.2, "gap_stratum": -57.3, "burden": 25.7, "capacity": 75.2, "svi": 0.64, "top_decile_gap": 0.0, "stratum": "metropolitan", "scored": 1}, "geometry": {"type": "Polygon", "coordinates": [[[-71.4447, 42.3114], [-71.4388, 42.3118], [-71.4329, 42.3049], [-71.431, 42.3101], [-71.424, 42.3119], [-71.4169, 42.3126], [-71.4112, 42.3091], [-71.402, 42.3119], [-71.401, 42.3078], [-71.3921, 42.3125], [-71.385, 42.3105], [-71.3831, 42.3077], [-71.3932, 42.2988], [-71.4194, 42.2977], [-71.4432, 42.302], [-71.4461, 42.3039], [-71.4447, 42.3114]]]}}, {"type": "Feature", "properties": {"fips": "25017382200", "gap_national": -82.6, "gap_stratum": -81.1, "burden": 9.4, "capacity": 78.4, "svi": 0.06, "top_decile_gap": 0.0, "stratum": "metropolitan", "scored": 1}, "geometry": {"type": "Polygon", "coordinates": [[[-71.3264, 42.3043], [-71.3215, 42.2937], [-71.3473, 42.2838], [-71.3507, 42.289], [-71.3569, 42.292], [-71.3599, 42.2999], [-71.3264, 42.3043]]]}}, {"type": "Feature", "properties": {"fips": "25017382100", "gap_national": -81.3, "gap_stratum": -78.6, "burden": 15.9, "capacity": 83.5, "svi": 0.14, "top_decile_gap": 0.0, "stratum": "metropolitan", "scored": 1}, "geometry": {"type": "Polygon", "coordinates": [[[-71.3552, 42.3172], [-71.3459, 42.3149], [-71.3338, 42.3324], [-71.3288, 42.3317], [-71.3273, 42.3137], [-71.3297, 42.313], [-71.3264, 42.3043], [-71.3599, 42.2999], [-71.3618, 42.3074], [-71.3604, 42.3141], [-71.3631, 42.3158], [-71.3552, 42.3172]]]}}, {"type": "Feature", "properties": {"fips": "25017367200", "gap_national": -86.9, "gap_stratum": -85.2, "burden": 11.3, "capacity": 84.9, "svi": 0.14, "top_decile_gap": 0.0, "stratum": "metropolitan", "scored": 1}, "geometry": {"type": "Polygon", "coordinates": [[[-71.2708, 42.3695], [-71.2735, 42.3655], [-71.2649, 42.3552], [-71.2604, 42.3536], [-71.2586, 42.3494], [-71.2619, 42.342], [-71.2558, 42.339], [-71.2651, 42.3318], [-71.2703, 42.3309], [-71.27, 42.3281], [-71.3273, 42.3137], [-71.3322, 42.3618], [-71.2708, 42.3695]]]}}, {"type": "Feature", "properties": {"fips": "25017366202", "gap_national": -84.6, "gap_stratum": -81.8, "burden": 18.2, "capacity": 92.4, "svi": 0.16, "top_decile_gap": 0.0, "stratum": "metropolitan", "scored": 1}, "geometry": {"type": "Polygon", "coordinates": [[[-71.3877, 42.3448], [-71.3918, 42.3618], [-71.3874, 42.37], [-71.3878, 42.3753], [-71.3742, 42.3741], [-71.3615, 42.3644], [-71.3329, 42.3678], [-71.3288, 42.3317], [-71.3338, 42.3324], [-71.3375, 42.3251], [-71.3446, 42.3245], [-71.3493, 42.3293], [-71.358, 42.3293], [-71.3673, 42.3376], [-71.3949, 42.3387], [-71.398, 42.3432], [-71.3877, 42.3448]]]}}, {"type": "Feature", "properties": {"fips": "25017365201", "gap_national": -88.3, "gap_stratum": -86.9, "burden": 9.3, "capacity": 84.7, "svi": 0.11, "top_decile_gap": 0.0, "stratum": "metropolitan", "scored": 1}, "geometry": {"type": "Polygon", "coordinates": [[[-71.4713, 42.3952], [-71.4628, 42.392], [-71.4421, 42.3917], [-71.3987, 42.3765], [-71.3878, 42.3753], [-71.3866, 42.3731], [-71.3917, 42.361], [-71.4135, 42.3596], [-71.4755, 42.3807], [-71.4713, 42.3952]]]}}, {"type": "Feature", "properties": {"fips": "25017364101", "gap_national": -73.1, "gap_stratum": -69.3, "burden": 21.2, "capacity": 80.8, "svi": 0.27, "top_decile_gap": 0.0, "stratum": "metropolitan", "scored": 1}, "geometry": {"type": "Polygon", "coordinates": [[[-71.4643, 42.4503], [-71.4352, 42.4388], [-71.4448, 42.4363], [-71.4486, 42.4322], [-71.4605, 42.4303], [-71.4584, 42.4257], [-71.4645, 42.4277], [-71.4745, 42.4221], [-71.4784, 42.4371], [-71.4643, 42.4503]]]}}, {"type": "Feature", "properties": {"fips": "25017363103", "gap_national": -86.5, "gap_stratum": -84.8, "burden": 11.2, "capacity": 84.3, "svi": 0.11, "top_decile_gap": 0.0, "stratum": "metropolitan", "scored": 1}, "geometry": {"type": "Polygon", "coordinates": [[[-71.4439, 42.5091], [-71.4347, 42.5225], [-71.421, 42.5096], [-71.4195, 42.5019], [-71.4267, 42.4908], [-71.4485, 42.478], [-71.4545, 42.4863], [-71.4735, 42.5002], [-71.4439, 42.5091]]]}}, {"type": "Feature", "properties": {"fips": "25017369100", "gap_national": -75.4, "gap_stratum": -72.4, "burden": 17.1, "capacity": 78.4, "svi": 0.2, "top_decile_gap": 0.0, "stratum": "metropolitan", "scored": 1}, "geometry": {"type": "Polygon", "coordinates": [[[-71.2195, 42.3808], [-71.2183, 42.385], [-71.2098, 42.3838], [-71.2052, 42.3865], [-71.2025, 42.3918], [-71.2072, 42.3956], [-71.2062, 42.397], [-71.2006, 42.3995], [-71.1966, 42.3952], [-71.1979, 42.3928], [-71.1942, 42.386], [-71.2085, 42.3739], [-71.2249, 42.3782], [-71.2195, 42.3808]]]}}, {"type": "Feature", "properties": {"fips": "25017370202", "gap_national": -80.5, "gap_stratum": -79.3, "burden": 7.5, "capacity": 75.2, "svi": 0.11, "top_decile_gap": 0.0, "stratum": "metropolitan", "scored": 1}, "geometry": {"type": "Polygon", "coordinates": [[[-71.188, 42.3774], [-71.1905, 42.3799], [-71.1892, 42.3807], [-71.1755, 42.3794], [-71.1798, 42.3675], [-71.1915, 42.3749], [-71.188, 42.3774]]]}}, {"type": "Feature", "properties": {"fips": "25017322400", "gap_national": -64.3, "gap_stratum": -60.7, "burden": 21.0, "capacity": 72.6, "svi": 0.15, "top_decile_gap": 0.0, "stratum": "metropolitan", "scored": 1}, "geometry": {"type": "Polygon", "coordinates": [[[-71.565, 42.3934], [-71.5668, 42.3964], [-71.5646, 42.4109], [-71.5591, 42.4119], [-71.5344, 42.4037], [-71.5441, 42.4015], [-71.5485, 42.3982], [-71.5473, 42.3947], [-71.561, 42.3874], [-71.5702, 42.3904], [-71.5714, 42.3941], [-71.565, 42.3934]]]}}, {"type": "Feature", "properties": {"fips": "25017318100", "gap_national": -81.1, "gap_stratum": -78.6, "burden": 14.3, "capacity": 81.4, "svi": 0.04, "top_decile_gap": 0.0, "stratum": "metropolitan", "scored": 1}, "geometry": {"type": "Polygon", "coordinates": [[[-71.4176, 42.6538], [-71.4054, 42.6104], [-71.4102, 42.6076], [-71.411, 42.61], [-71.4226, 42.6016], [-71.4351, 42.5973], [-71.4455, 42.6109], [-71.4576, 42.6195], [-71.4652, 42.631], [-71.4176, 42.6538]]]}}, {"type": "Feature", "properties": {"fips": "25017317201", "gap_national": -83.2, "gap_stratum": -80.7, "burden": 15.7, "capacity": 85.7, "svi": 0.03, "top_decile_gap": 0.0, "stratum": "metropolitan", "scored": 1}, "geometry": {"type": "Polygon", "coordinates": [[[-71.4034, 42.6189], [-71.4014, 42.6172], [-71.392, 42.6202], [-71.3913, 42.6149], [-71.388, 42.6144], [-71.389, 42.6099], [-71.3861, 42.6082], [-71.3928, 42.6052], [-71.389, 42.5978], [-71.3845, 42.6006], [-71.3766, 42.5988], [-71.3708, 42.6019], [-71.3682, 42.6008], [-71.3792, 42.5919], [-71.3978, 42.5831], [-71.4071, 42.6164], [-71.4034, 42.6189]]]}}, {"type": "Feature", "properties": {"fips": "25017316400", "gap_national": -61.9, "gap_stratum": -60.7, "burden": 13.7, "capacity": 65.1, "svi": 0.05, "top_decile_gap": 0.0, "stratum": "metropolitan", "scored": 1}, "geometry": {"type": "Polygon", "coordinates": [[[-71.3108, 42.5863], [-71.297, 42.5603], [-71.2952, 42.5716], [-71.2805, 42.5741], [-71.2841, 42.5643], [-71.2822, 42.5546], [-71.296, 42.5415], [-71.2968, 42.5367], [-71.3046, 42.5293], [-71.3075, 42.53], [-71.3072, 42.5332], [-71.3183, 42.5428], [-71.3144, 42.5496], [-71.3325, 42.5608], [-71.3108, 42.5863]]]}}, {"type": "Feature", "properties": {"fips": "25017315402", "gap_national": -69.0, "gap_stratum": -64.8, "burden": 22.5, "capacity": 78.0, "svi": 0.05, "top_decile_gap": 0.0, "stratum": "metropolitan", "scored": 1}, "geometry": {"type": "Polygon", "coordinates": [[[-71.2047, 42.6234], [-71.199, 42.6297], [-71.1718, 42.6165], [-71.1779, 42.6131], [-71.1775, 42.609], [-71.182, 42.6084], [-71.1649, 42.598], [-71.1752, 42.5923], [-71.1806, 42.5836], [-71.1867, 42.5849], [-71.1868, 42.5898], [-71.1826, 42.5951], [-71.1848, 42.5976], [-71.1907, 42.6018], [-71.1931, 42.5997], [-71.1915, 42.6031], [-71.196, 42.6099], [-71.2023, 42.6125], [-71.2152, 42.6127], [-71.2155, 42.6181], [-71.2047, 42.6234]]]}}, {"type": "Feature", "properties": {"fips": "25017361200", "gap_national": -72.7, "gap_stratum": -68.7, "burden": 21.7, "capacity": 81.0, "svi": 0.52, "top_decile_gap": 0.0, "stratum": "metropolitan", "scored": 1}, "geometry": {"type": "Polygon", "coordinates": [[[-71.4085, 42.4696], [-71.3914, 42.4658], [-71.3931, 42.4597], [-71.39, 42.4569], [-71.3891, 42.4499], [-71.3963, 42.424], [-71.4304, 42.4369], [-71.4085, 42.4696]]]}}, {"type": "Feature", "properties": {"fips": "25017326102", "gap_national": -80.1, "gap_stratum": -77.8, "burden": 13.7, "capacity": 79.7, "svi": 0.13, "top_decile_gap": 0.0, "stratum": "metropolitan", "scored": 1}, "geometry": {"type": "Polygon", "coordinates": [[[-71.5879, 42.6308], [-71.5928, 42.633], [-71.5924, 42.6366], [-71.5873, 42.6394], [-71.5865, 42.6464], [-71.583, 42.6441], [-71.5798, 42.6479], [-71.5789, 42.6544], [-71.5371, 42.6635], [-71.5343, 42.6484], [-71.515, 42.6436], [-71.4965, 42.6498], [-71.4986, 42.6388], [-71.4935, 42.6174], [-71.498, 42.5769], [-71.5114, 42.5694], [-71.5401, 42.5937], [-71.5586, 42.5962], [-71.5663, 42.6], [-71.5693, 42.6067], [-71.5937, 42.628], [-71.5879, 42.6308]]]}}, {"type": "Feature", "properties": {"fips": "25017388300", "gap_national": 13.2, "gap_stratum": 17.0, "burden": 27.1, "capacity": 17.1, "svi": 0.93, "top_decile_gap": 0.0, "stratum": "metropolitan", "scored": 1}, "geometry": {"type": "Polygon", "coordinates": [[[-71.3195, 42.6559], [-71.3124, 42.6524], [-71.3166, 42.6479], [-71.3144, 42.6461], [-71.3156, 42.6439], [-71.321, 42.6446], [-71.3249, 42.6489], [-71.3195, 42.6559]]]}}, {"type": "Feature", "properties": {"fips": "25017314101", "gap_national": -50.7, "gap_stratum": -46.2, "burden": 27.5, "capacity": 67.9, "svi": 0.38, "top_decile_gap": 0.0, "stratum": "metropolitan", "scored": 1}, "geometry": {"type": "Polygon", "coordinates": [[[-71.3697, 42.6986], [-71.3516, 42.6981], [-71.3504, 42.6934], [-71.355, 42.6844], [-71.3496, 42.6679], [-71.3418, 42.6577], [-71.3576, 42.6545], [-71.3689, 42.6618], [-71.3664, 42.6667], [-71.3696, 42.6693], [-71.3716, 42.6641], [-71.3734, 42.6661], [-71.3788, 42.683], [-71.3697, 42.6986]]]}}, {"type": "Feature", "properties": {"fips": "25017312502", "gap_national": -63.6, "gap_stratum": -58.7, "burden": 26.0, "capacity": 76.8, "svi": 0.23, "top_decile_gap": 0.0, "stratum": "metropolitan", "scored": 1}, "geometry": {"type": "Polygon", "coordinates": [[[-71.2876, 42.6405], [-71.2887, 42.6432], [-71.2815, 42.6447], [-71.2728, 42.6373], [-71.2747, 42.6289], [-71.2887, 42.6326], [-71.2976, 42.6364], [-71.2988, 42.639], [-71.2876, 42.6405]]]}}, {"type": "Feature", "properties": {"fips": "25017311800", "gap_national": 20.2, "gap_stratum": 26.1, "burden": 45.6, "capacity": 31.7, "svi": 0.77, "top_decile_gap": 0.0, "stratum": "metropolitan", "scored": 1}, "geometry": {"type": "Polygon", "coordinates": [[[-71.3158, 42.6384], [-71.3127, 42.6327], [-71.318, 42.6283], [-71.3212, 42.6302], [-71.3197, 42.6319], [-71.3251, 42.6333], [-71.3251, 42.6354], [-71.3158, 42.6384]]]}}, {"type": "Feature", "properties": {"fips": "25017311600", "gap_national": -46.5, "gap_stratum": -42.9, "burden": 26.1, "capacity": 63.8, "svi": 0.56, "top_decile_gap": 0.0, "stratum": "metropolitan", "scored": 1}, "geometry": {"type": "Polygon", "coordinates": [[[-71.3498, 42.6296], [-71.3445, 42.6291], [-71.3439, 42.6312], [-71.3384, 42.6305], [-71.3377, 42.6266], [-71.3191, 42.625], [-71.3198, 42.6157], [-71.3169, 42.6137], [-71.3193, 42.6136], [-71.3189, 42.6085], [-71.3238, 42.6076], [-71.3257, 42.6132], [-71.3518, 42.6228], [-71.3498, 42.6296]]]}}, {"type": "Feature", "properties": {"fips": "25021413402", "gap_national": -64.5, "gap_stratum": -63.9, "burden": 10.6, "capacity": 64.9, "svi": 0.35, "top_decile_gap": 0.0, "stratum": "metropolitan", "scored": 1}, "geometry": {"type": "Polygon", "coordinates": [[[-71.2352, 42.1858], [-71.2295, 42.1821], [-71.217, 42.1871], [-71.2129, 42.1833], [-71.2041, 42.1824], [-71.2214, 42.1705], [-71.2261, 42.1718], [-71.2336, 42.1813], [-71.2383, 42.1828], [-71.2352, 42.1858]]]}}, {"type": "Feature", "properties": {"fips": "25021417100", "gap_national": -67.8, "gap_stratum": -65.5, "burden": 16.1, "capacity": 71.0, "svi": 0.43, "top_decile_gap": 0.0, "stratum": "metropolitan", "scored": 1}, "geometry": {"type": "Polygon", "coordinates": [[[-71.0314, 42.2592], [-71.0343, 42.2612], [-71.0203, 42.2665], [-71.0144, 42.2606], [-71.0177, 42.2566], [-71.03, 42.2505], [-71.0389, 42.2546], [-71.0314, 42.2592]]]}}, {"type": "Feature", "properties": {"fips": "25021417702", "gap_national": -70.0, "gap_stratum": -66.7, "burden": 18.8, "capacity": 75.1, "svi": 0.5, "top_decile_gap": 0.0, "stratum": "metropolitan", "scored": 1}, "geometry": {"type": "Polygon", "coordinates": [[[-70.996, 42.2668], [-70.9801, 42.2614], [-70.9823, 42.2597], [-70.9825, 42.2543], [-70.9895, 42.2524], [-71.0034, 42.2605], [-70.996, 42.2668]]]}}, {"type": "Feature", "properties": {"fips": "25021420302", "gap_national": -34.8, "gap_stratum": -26.0, "burden": 53.3, "capacity": 79.4, "svi": 0.79, "top_decile_gap": 0.0, "stratum": "metropolitan", "scored": 1}, "geometry": {"type": "Polygon", "coordinates": [[[-71.0433, 42.1657], [-71.0326, 42.1575], [-71.0354, 42.1553], [-71.0297, 42.1505], [-71.0351, 42.1356], [-71.0401, 42.1372], [-71.0635, 42.1609], [-71.057, 42.1653], [-71.0433, 42.1657]]]}}, {"type": "Feature", "properties": {"fips": "25021456402", "gap_national": -63.6, "gap_stratum": -57.4, "burden": 32.5, "capacity": 84.8, "svi": 0.17, "top_decile_gap": 0.0, "stratum": "metropolitan", "scored": 1}, "geometry": {"type": "Polygon", "coordinates": [[[-71.132, 42.1264], [-71.1191, 42.1217], [-71.1111, 42.123], [-71.1013, 42.1201], [-71.0991, 42.1056], [-71.0933, 42.0905], [-71.1386, 42.0728], [-71.1393, 42.0852], [-71.1311, 42.1018], [-71.1335, 42.111], [-71.1421, 42.1226], [-71.132, 42.1264]]]}}, {"type": "Feature", "properties": {"fips": "25021404100", "gap_national": -89.5, "gap_stratum": -88.1, "burden": 9.8, "capacity": 86.9, "svi": 0.19, "top_decile_gap": 0.0, "stratum": "metropolitan", "scored": 1}, "geometry": {"type": "Polygon", "coordinates": [[[-71.2607, 42.325], [-71.2529, 42.3268], [-71.2468, 42.3211], [-71.2309, 42.3207], [-71.2275, 42.3154], [-71.233, 42.3163], [-71.2554, 42.3006], [-71.2533, 42.3053], [-71.2551, 42.3089], [-71.2615, 42.3084], [-71.2673, 42.3147], [-71.2722, 42.3143], [-71.2607, 42.325]]]}}, {"type": "Feature", "properties": {"fips": "25021412100", "gap_national": -84.0, "gap_stratum": -81.6, "burden": 15.2, "capacity": 86.1, "svi": 0.1, "top_decile_gap": 0.0, "stratum": "metropolitan", "scored": 1}, "geometry": {"type": "Polygon", "coordinates": [[[-71.2473, 42.2144], [-71.2371, 42.2166], [-71.2226, 42.225], [-71.2026, 42.221], [-71.1982, 42.2135], [-71.2107, 42.2088], [-71.2383, 42.1828], [-71.2409, 42.1843], [-71.2441, 42.197], [-71.2514, 42.2026], [-71.2473, 42.2144]]]}}, {"type": "Feature", "properties": {"fips": "25021441202", "gap_national": -83.8, "gap_stratum": -81.9, "burden": 11.9, "capacity": 81.8, "svi": 0.01, "top_decile_gap": 0.0, "stratum": "metropolitan", "scored": 1}, "geometry": {"type": "Polygon", "coordinates": [[[-71.4559, 42.0349], [-71.3883, 42.041], [-71.3782, 42.0565], [-71.3508, 42.0415], [-71.314, 42.038], [-71.3814, 42.0188], [-71.4581, 42.0178], [-71.4559, 42.0349]]]}}, {"type": "Feature", "properties": {"fips": "25021409101", "gap_national": -61.0, "gap_stratum": -57.5, "burden": 21.8, "capacity": 70.6, "svi": 0.07, "top_decile_gap": 0.0, "stratum": "metropolitan", "scored": 1}, "geometry": {"type": "Polygon", "coordinates": [[[-71.3397, 42.1494], [-71.3038, 42.1495], [-71.3001, 42.1472], [-71.2991, 42.1393], [-71.3022, 42.1369], [-71.3002, 42.1259], [-71.2803, 42.0885], [-71.2851, 42.0824], [-71.3158, 42.0901], [-71.3244, 42.09], [-71.3216, 42.0967], [-71.3288, 42.1042], [-71.3254, 42.1205], [-71.3315, 42.1279], [-71.3487, 42.1406], [-71.3397, 42.1494]]]}}, {"type": "Feature", "properties": {"fips": "25021419100", "gap_national": -71.1, "gap_stratum": -67.8, "burden": 18.5, "capacity": 75.9, "svi": 0.21, "top_decile_gap": 0.0, "stratum": "metropolitan", "scored": 1}, "geometry": {"type": "Polygon", "coordinates": [[[-71.033, 42.2279], [-71.0069, 42.2303], [-71.0001, 42.2181], [-71.0013, 42.2088], [-71.0141, 42.2086], [-71.0198, 42.212], [-71.0244, 42.2021], [-71.0282, 42.2075], [-71.0407, 42.2088], [-71.0449, 42.2065], [-71.0449, 42.2154], [-71.033, 42.2279]]]}}, {"type": "Feature", "properties": {"fips": "25021419200", "gap_national": -63.0, "gap_stratum": -56.9, "burden": 31.4, "capacity": 82.6, "svi": 0.38, "top_decile_gap": 0.0, "stratum": "metropolitan", "scored": 1}, "geometry": {"type": "Polygon", "coordinates": [[[-70.9962, 42.2332], [-70.9826, 42.2214], [-70.9858, 42.2213], [-70.9853, 42.2194], [-70.9819, 42.2192], [-70.9896, 42.2124], [-70.9955, 42.211], [-71.0069, 42.2303], [-70.9962, 42.2332]]]}}, {"type": "Feature", "properties": {"fips": "25021408102", "gap_national": -76.9, "gap_stratum": -74.5, "burden": 14.2, "capacity": 77.1, "svi": 0.22, "top_decile_gap": 0.0, "stratum": "metropolitan", "scored": 1}, "geometry": {"type": "Polygon", "coordinates": [[[-71.4435, 42.1589], [-71.4256, 42.1516], [-71.4204, 42.157], [-71.4193, 42.1493], [-71.4085, 42.1521], [-71.4077, 42.1476], [-71.401, 42.1421], [-71.3927, 42.1429], [-71.3854, 42.1514], [-71.3756, 42.1355], [-71.3828, 42.1332], [-71.3821, 42.1355], [-71.4023, 42.1395], [-71.413, 42.1336], [-71.4154, 42.135], [-71.4152, 42.1382], [-71.4185, 42.1365], [-71.4189, 42.1388], [-71.4311, 42.1382], [-71.4346, 42.1343], [-71.4447, 42.1356], [-71.4435, 42.1589]]]}}, {"type": "Feature", "properties": {"fips": "25021419700", "gap_national": -76.5, "gap_stratum": -72.3, "burden": 24.4, "capacity": 90.3, "svi": 0.32, "top_decile_gap": 0.0, "stratum": "metropolitan", "scored": 1}, "geometry": {"type": "Polygon", "coordinates": [[[-71.0151, 42.1895], [-71.0107, 42.1989], [-71.0049, 42.1957], [-70.9945, 42.2069], [-70.9848, 42.2032], [-70.9841, 42.195], [-70.9864, 42.1888], [-70.9962, 42.1833], [-71.0082, 42.1868], [-71.0119, 42.1842], [-71.0191, 42.184], [-71.0193, 42.1869], [-71.0151, 42.1895]]]}}, {"type": "Feature", "properties": {"fips": "25021400100", "gap_national": -63.9, "gap_stratum": -64.1, "burden": 7.3, "capacity": 62.9, "svi": 0.59, "top_decile_gap": 0.0, "stratum": "metropolitan", "scored": 1}, "geometry": {"type": "Polygon", "coordinates": [[[-71.1158, 42.351], [-71.1066, 42.3499], [-71.1055, 42.3438], [-71.1106, 42.3404], [-71.1174, 42.3419], [-71.1158, 42.351]]]}}, {"type": "Feature", "properties": {"fips": "25021400600", "gap_national": -86.6, "gap_stratum": -85.8, "burden": 3.5, "capacity": 78.6, "svi": 0.09, "top_decile_gap": 0.0, "stratum": "metropolitan", "scored": 1}, "geometry": {"type": "Polygon", "coordinates": [[[-71.1413, 42.3411], [-71.1283, 42.3297], [-71.1403, 42.3269], [-71.1453, 42.3338], [-71.1501, 42.3353], [-71.1413, 42.3411]]]}}, {"type": "Feature", "properties": {"fips": "25021400800", "gap_national": -76.7, "gap_stratum": -76.5, "burden": 3.4, "capacity": 70.2, "svi": 0.24, "top_decile_gap": 0.0, "stratum": "metropolitan", "scored": 1}, "geometry": {"type": "Polygon", "coordinates": [[[-71.1212, 42.342], [-71.1106, 42.3404], [-71.1108, 42.3356], [-71.1234, 42.3363], [-71.1243, 42.3396], [-71.1212, 42.342]]]}}, {"type": "Feature", "properties": {"fips": "25021402200", "gap_national": -71.1, "gap_stratum": -68.1, "burden": 17.4, "capacity": 74.8, "svi": 0.08, "top_decile_gap": 0.0, "stratum": "metropolitan", "scored": 1}, "geometry": {"type": "Polygon", "coordinates": [[[-71.1435, 42.2401], [-71.1427, 42.236], [-71.1367, 42.2319], [-71.139, 42.2272], [-71.1499, 42.2249], [-71.1448, 42.2308], [-71.1475, 42.2306], [-71.1495, 42.2381], [-71.1524, 42.2413], [-71.155, 42.2409], [-71.1552, 42.2449], [-71.1435, 42.2401]]]}}, {"type": "Feature", "properties": {"fips": "25021410300", "gap_national": -58.6, "gap_stratum": -52.2, "burden": 32.8, "capacity": 79.5, "svi": 0.32, "top_decile_gap": 0.0, "stratum": "metropolitan", "scored": 1}, "geometry": {"type": "Polygon", "coordinates": [[[-71.2479, 42.0355], [-71.2296, 42.0656], [-71.2228, 42.0794], [-71.2234, 42.0901], [-71.2059, 42.0741], [-71.1963, 42.0824], [-71.1785, 42.0574], [-71.2587, 42.026], [-71.2479, 42.0355]]]}}, {"type": "Feature", "properties": {"fips": "25021409102", "gap_national": -86.6, "gap_stratum": -85.1, "burden": 10.0, "capacity": 83.4, "svi": 0.02, "top_decile_gap": 0.0, "stratum": "metropolitan", "scored": 1}, "geometry": {"type": "Polygon", "coordinates": [[[-71.3798, 42.1355], [-71.3668, 42.1338], [-71.3663, 42.1319], [-71.3487, 42.1406], [-71.3424, 42.1368], [-71.3254, 42.1205], [-71.3288, 42.1042], [-71.3216, 42.0967], [-71.3235, 42.0902], [-71.3593, 42.0895], [-71.382, 42.1301], [-71.3798, 42.1355]]]}}, {"type": "Feature", "properties": {"fips": "25017351203", "gap_national": -45.3, "gap_stratum": -47.8, "burden": 1.9, "capacity": 48.4, "svi": 0.11, "top_decile_gap": 0.0, "stratum": "metropolitan", "scored": 1}, "geometry": {"type": "Polygon", "coordinates": [[[-71.0964, 42.3796], [-71.0956, 42.377], [-71.0974, 42.3744], [-71.1032, 42.3743], [-71.1073, 42.3781], [-71.0964, 42.3796]]]}}, {"type": "Feature", "properties": {"fips": "25017337300", "gap_national": -69.4, "gap_stratum": -67.7, "burden": 13.3, "capacity": 70.1, "svi": 0.13, "top_decile_gap": 0.0, "stratum": "metropolitan", "scored": 1}, "geometry": {"type": "Polygon", "coordinates": [[[-71.1095, 42.4739], [-71.1121, 42.4738], [-71.1132, 42.4787], [-71.0993, 42.4863], [-71.0933, 42.4793], [-71.097, 42.4738], [-71.0966, 42.4674], [-71.1005, 42.4672], [-71.1047, 42.4488], [-71.1194, 42.4534], [-71.1095, 42.4739]]]}}, {"type": "Feature", "properties": {"fips": "25017368600", "gap_national": -24.6, "gap_stratum": -25.0, "burden": 14.8, "capacity": 39.9, "svi": 0.33, "top_decile_gap": 0.0, "stratum": "metropolitan", "scored": 1}, "geometry": {"type": "Polygon", "coordinates": [[[-71.2494, 42.362], [-71.2462, 42.3621], [-71.2437, 42.3688], [-71.2431, 42.3668], [-71.2327, 42.3671], [-71.2262, 42.3639], [-71.2529, 42.356], [-71.2494, 42.362]]]}}, {"type": "Feature", "properties": {"fips": "25017356701", "gap_national": -76.8, "gap_stratum": -75.9, "burden": 7.0, "capacity": 71.9, "svi": 0.28, "top_decile_gap": 0.0, "stratum": "metropolitan", "scored": 1}, "geometry": {"type": "Polygon", "coordinates": [[[-71.1533, 42.4154], [-71.1339, 42.407], [-71.1349, 42.4026], [-71.1363, 42.4011], [-71.1423, 42.4058], [-71.15, 42.4038], [-71.1498, 42.4104], [-71.1557, 42.4135], [-71.1533, 42.4154]]]}}, {"type": "Feature", "properties": {"fips": "25017357100", "gap_national": -86.4, "gap_stratum": -85.2, "burden": 6.9, "capacity": 80.6, "svi": 0.23, "top_decile_gap": 0.0, "stratum": "metropolitan", "scored": 1}, "geometry": {"type": "Polygon", "coordinates": [[[-71.1639, 42.4057], [-71.1522, 42.4008], [-71.1563, 42.3959], [-71.1755, 42.396], [-71.1747, 42.4091], [-71.1777, 42.4102], [-71.1639, 42.4057]]]}}, {"type": "Feature", "properties": {"fips": "25017353200", "gap_national": -41.5, "gap_stratum": -43.9, "burden": 2.3, "capacity": 45.8, "svi": 0.47, "top_decile_gap": 0.0, "stratum": "metropolitan", "scored": 1}, "geometry": {"type": "Polygon", "coordinates": [[[-71.1043, 42.3631], [-71.0993, 42.3586], [-71.1104, 42.3526], [-71.112, 42.356], [-71.1043, 42.3631]]]}}, {"type": "Feature", "properties": {"fips": "25017353700", "gap_national": -29.3, "gap_stratum": -31.4, "burden": 2.0, "capacity": 36.2, "svi": 0.36, "top_decile_gap": 0.0, "stratum": "metropolitan", "scored": 1}, "geometry": {"type": "Polygon", "coordinates": [[[-71.1182, 42.3758], [-71.1073, 42.3781], [-71.1054, 42.3763], [-71.1079, 42.3721], [-71.1124, 42.3738], [-71.1139, 42.3708], [-71.1202, 42.3726], [-71.1182, 42.3758]]]}}, {"type": "Feature", "properties": {"fips": "25017354300", "gap_national": -81.7, "gap_stratum": -79.5, "burden": 13.4, "capacity": 81.1, "svi": 0.26, "top_decile_gap": 0.0, "stratum": "metropolitan", "scored": 1}, "geometry": {"type": "Polygon", "coordinates": [[[-71.158, 42.387], [-71.1573, 42.3909], [-71.1441, 42.3887], [-71.1411, 42.3863], [-71.14, 42.3809], [-71.1469, 42.3788], [-71.1457, 42.3752], [-71.1544, 42.3751], [-71.1558, 42.3816], [-71.1603, 42.3864], [-71.158, 42.387]]]}}, {"type": "Feature", "properties": {"fips": "25017342101", "gap_national": 9.0, "gap_stratum": 14.4, "burden": 47.4, "capacity": 42.7, "svi": 0.84, "top_decile_gap": 0.0, "stratum": "metropolitan", "scored": 1}, "geometry": {"type": "Polygon", "coordinates": [[[-71.0457, 42.4124], [-71.0326, 42.4155], [-71.0377, 42.4063], [-71.0462, 42.4084], [-71.0457, 42.4124]]]}}, {"type": "Feature", "properties": {"fips": "25021406102", "gap_national": -86.0, "gap_stratum": -84.2, "burden": 11.0, "capacity": 83.6, "svi": 0.02, "top_decile_gap": 0.0, "stratum": "metropolitan", "scored": 1}, "geometry": {"type": "Polygon", "coordinates": [[[-71.3315, 42.1576], [-71.3333, 42.1695], [-71.3279, 42.1727], [-71.319, 42.1738], [-71.3182, 42.178], [-71.3227, 42.1811], [-71.2958, 42.1901], [-71.2807, 42.1982], [-71.2696, 42.2006], [-71.2757, 42.1817], [-71.275, 42.1486], [-71.3397, 42.1494], [-71.3315, 42.1576]]]}}, {"type": "Feature", "properties": {"fips": "25021457200", "gap_national": -86.7, "gap_stratum": -84.8, "burden": 12.7, "capacity": 86.3, "svi": 0.18, "top_decile_gap": 0.0, "stratum": "metropolitan", "scored": 1}, "geometry": {"type": "Polygon", "coordinates": [[[-71.247, 42.2943], [-71.2319, 42.2931], [-71.225, 42.2964], [-71.2148, 42.2903], [-71.222, 42.2869], [-71.2245, 42.284], [-71.2237, 42.2804], [-71.2378, 42.2802], [-71.2372, 42.2828], [-71.2507, 42.2883], [-71.247, 42.2943]]]}}, {"type": "Feature", "properties": {"fips": "25021403400", "gap_national": -86.5, "gap_stratum": -84.1, "burden": 16.2, "capacity": 92.1, "svi": 0.36, "top_decile_gap": 0.0, "stratum": "metropolitan", "scored": 1}, "geometry": {"type": "Polygon", "coordinates": [[[-71.2978, 42.2722], [-71.2554, 42.3006], [-71.25, 42.2918], [-71.2505, 42.2879], [-71.2372, 42.2828], [-71.2428, 42.2696], [-71.2496, 42.2757], [-71.2603, 42.2754], [-71.2657, 42.2722], [-71.2702, 42.2632], [-71.2707, 42.2596], [-71.2714, 42.259], [-71.2721, 42.2621], [-71.28, 42.2602], [-71.2865, 42.2661], [-71.2911, 42.2671], [-71.2951, 42.2649], [-71.3001, 42.2681], [-71.2978, 42.2722]]]}}, {"type": "Feature", "properties": {"fips": "25005630102", "gap_national": -57.1, "gap_stratum": -51.5, "burden": 29.6, "capacity": 74.7, "svi": 0.51, "top_decile_gap": 0.0, "stratum": "metropolitan", "scored": 1}, "geometry": {"type": "Polygon", "coordinates": [[[-71.329, 41.9933], [-71.327, 41.9942], [-71.323, 41.9903], [-71.322, 41.9873], [-71.3252, 41.9867], [-71.322, 41.981], [-71.3181, 41.9788], [-71.3184, 41.9718], [-71.3135, 41.9698], [-71.3236, 41.9666], [-71.3294, 41.9765], [-71.3344, 41.9778], [-71.329, 41.9933]]]}}, {"type": "Feature", "properties": {"fips": "25005646103", "gap_national": -45.7, "gap_stratum": -37.4, "burden": 49.5, "capacity": 87.5, "svi": 0.11, "top_decile_gap": 0.0, "stratum": "metropolitan", "scored": 1}, "geometry": {"type": "Polygon", "coordinates": [[[-71.1339, 41.6287], [-71.1228, 41.6297], [-71.1124, 41.6268], [-71.1015, 41.627], [-71.0835, 41.6327], [-71.0513, 41.6355], [-71.0471, 41.6381], [-71.0366, 41.6241], [-71.0385, 41.6229], [-71.0365, 41.6178], [-71.0383, 41.6082], [-71.0368, 41.5982], [-71.0449, 41.5898], [-71.0407, 41.5819], [-71.0534, 41.5729], [-71.068, 41.5698], [-71.0753, 41.5715], [-71.0906, 41.57], [-71.0915, 41.5738], [-71.1009, 41.5722], [-71.1196, 41.5641], [-71.1266, 41.5552], [-71.1316, 41.5939], [-71.1383, 41.6041], [-71.1339, 41.6287]]]}}, {"type": "Feature", "properties": {"fips": "25005613600", "gap_national": 23.0, "gap_stratum": 27.1, "burden": 69.8, "capacity": 51.5, "svi": 0.83, "top_decile_gap": 0.0, "stratum": "metropolitan", "scored": 1}, "geometry": {"type": "Polygon", "coordinates": [[[-71.1014, 41.9162], [-71.1027, 41.919], [-71.101, 41.9188], [-71.1048, 41.9218], [-71.1002, 41.929], [-71.0907, 41.9216], [-71.09, 41.9136], [-71.0939, 41.9126], [-71.0948, 41.909], [-71.0981, 41.9097], [-71.099, 41.9029], [-71.1066, 41.9098], [-71.1014, 41.9162]]]}}, {"type": "Feature", "properties": {"fips": "25005640400", "gap_national": 17.8, "gap_stratum": 22.0, "burden": 71.6, "capacity": 56.5, "svi": 0.71, "top_decile_gap": 0.0, "stratum": "metropolitan", "scored": 1}, "geometry": {"type": "Polygon", "coordinates": [[[-71.1898, 41.6915], [-71.1713, 41.6874], [-71.1774, 41.6811], [-71.1962, 41.6863], [-71.1898, 41.6915]]]}}, {"type": "Feature", "properties": {"fips": "25005613700", "gap_national": -17.6, "gap_stratum": -9.7, "burden": 56.2, "capacity": 68.0, "svi": 0.66, "top_decile_gap": 0.0, "stratum": "metropolitan", "scored": 1}, "geometry": {"type": "Polygon", "coordinates": [[[-71.0893, 41.9164], [-71.0913, 41.9166], [-71.0907, 41.9216], [-71.0796, 41.923], [-71.0637, 41.9036], [-71.0701, 41.9058], [-71.0841, 41.9028], [-71.0844, 41.8978], [-71.0811, 41.8956], [-71.089, 41.8976], [-71.0887, 41.9068], [-71.0921, 41.9076], [-71.0893, 41.9164]]]}}, {"type": "Feature", "properties": {"fips": "25005652400", "gap_national": 42.4, "gap_stratum": 46.3, "burden": 71.0, "capacity": 38.2, "svi": 0.83, "top_decile_gap": 0.0, "stratum": "metropolitan", "scored": 1}, "geometry": {"type": "Polygon", "coordinates": [[[-70.9317, 41.6228], [-70.9273, 41.6213], [-70.9256, 41.6139], [-70.9305, 41.6133], [-70.9306, 41.6079], [-70.9358, 41.6127], [-70.9317, 41.6228]]]}}, {"type": "Feature", "properties": {"fips": "25005640300", "gap_national": 0.9, "gap_stratum": 7.2, "burden": 62.8, "capacity": 60.7, "svi": 0.74, "top_decile_gap": 0.0, "stratum": "metropolitan", "scored": 1}, "geometry": {"type": "Polygon", "coordinates": [[[-71.1825, 41.6835], [-71.183, 41.6821], [-71.1774, 41.6811], [-71.1843, 41.6731], [-71.1957, 41.6751], [-71.2012, 41.6819], [-71.1962, 41.6863], [-71.1825, 41.6835]]]}}, {"type": "Feature", "properties": {"fips": "25005650102", "gap_national": 20.1, "gap_stratum": 23.9, "burden": 73.8, "capacity": 56.5, "svi": 0.69, "top_decile_gap": 0.0, "stratum": "metropolitan", "scored": 1}, "geometry": {"type": "Polygon", "coordinates": [[[-70.938, 41.712], [-70.9353, 41.6968], [-70.9418, 41.6952], [-70.9414, 41.6935], [-70.9449, 41.6929], [-70.9646, 41.7344], [-70.9578, 41.7376], [-70.938, 41.712]]]}}, {"type": "Feature", "properties": {"fips": "25005641600", "gap_national": -3.8, "gap_stratum": 3.1, "burden": 62.7, "capacity": 63.7, "svi": 0.55, "top_decile_gap": 0.0, "stratum": "metropolitan", "scored": 1}, "geometry": {"type": "Polygon", "coordinates": [[[-71.1144, 41.6928], [-71.1191, 41.6801], [-71.1288, 41.6818], [-71.1239, 41.6818], [-71.1271, 41.6848], [-71.125, 41.6871], [-71.1262, 41.6891], [-71.1305, 41.6925], [-71.1309, 41.6974], [-71.1144, 41.6928]]]}}, {"type": "Feature", "properties": {"fips": "25005613100", "gap_national": -28.6, "gap_stratum": -19.9, "burden": 57.5, "capacity": 78.2, "svi": 0.54, "top_decile_gap": 0.0, "stratum": "metropolitan", "scored": 1}, "geometry": {"type": "Polygon", "coordinates": [[[-71.1009, 41.9932], [-71.0872, 41.9908], [-71.0853, 41.9823], [-71.0807, 41.9773], [-71.0838, 41.9656], [-71.0805, 41.9595], [-71.0863, 41.9463], [-71.0927, 41.939], [-71.0796, 41.923], [-71.0918, 41.9214], [-71.1002, 41.929], [-71.1048, 41.9218], [-71.101, 41.9188], [-71.1027, 41.919], [-71.1014, 41.9162], [-71.1074, 41.9092], [-71.1441, 41.9493], [-71.1009, 41.9932]]]}}, {"type": "Feature", "properties": {"fips": "25005650600", "gap_national": 48.8, "gap_stratum": 52.4, "burden": 73.2, "capacity": 34.9, "svi": 0.92, "top_decile_gap": 0.0, "stratum": "metropolitan", "scored": 1}, "geometry": {"type": "Polygon", "coordinates": [[[-70.9175, 41.6663], [-70.9171, 41.6633], [-70.93, 41.6619], [-70.9308, 41.6657], [-70.9175, 41.6663]]]}}, {"type": "Feature", "properties": {"fips": "25005651900", "gap_national": 66.5, "gap_stratum": 66.0, "burden": 89.4, "capacity": 33.3, "svi": 0.99, "top_decile_gap": 1.0, "stratum": "metropolitan", "scored": 1}, "geometry": {"type": "Polygon", "coordinates": [[[-70.9132, 41.6345], [-70.9076, 41.6305], [-70.9058, 41.6236], [-70.9193, 41.6185], [-70.92, 41.623], [-70.9248, 41.6218], [-70.9263, 41.6317], [-70.9132, 41.6345]]]}}, {"type": "Feature", "properties": {"fips": "25005652000", "gap_national": 33.5, "gap_stratum": 37.0, "burden": 72.1, "capacity": 46.1, "svi": 0.81, "top_decile_gap": 0.0, "stratum": "metropolitan", "scored": 1}, "geometry": {"type": "Polygon", "coordinates": [[[-70.9263, 41.6317], [-70.9248, 41.6218], [-70.9294, 41.6223], [-70.9311, 41.6319], [-70.9263, 41.6317]]]}}, {"type": "Feature", "properties": {"fips": "25005610203", "gap_national": -78.1, "gap_stratum": -74.9, "burden": 18.2, "capacity": 82.6, "svi": 0.09, "top_decile_gap": 0.0, "stratum": "metropolitan", "scored": 1}, "geometry": {"type": "Polygon", "coordinates": [[[-71.2172, 42.0191], [-71.2172, 42.0245], [-71.1928, 42.0326], [-71.1614, 42.026], [-71.1587, 42.0126], [-71.2105, 41.9927], [-71.2147, 42.0018], [-71.2132, 42.0061], [-71.2197, 42.009], [-71.2257, 42.0182], [-71.2172, 42.0191]]]}}, {"type": "Feature", "properties": {"fips": "25005651800", "gap_national": 40.7, "gap_stratum": 39.0, "burden": 96.1, "capacity": 56.2, "svi": 0.83, "top_decile_gap": 0.0, "stratum": "metropolitan", "scored": 1}, "geometry": {"type": "Polygon", "coordinates": [[[-70.9243, 41.6402], [-70.922, 41.6377], [-70.9163, 41.6397], [-70.9176, 41.6421], [-70.91, 41.6416], [-70.9139, 41.6375], [-70.9132, 41.6345], [-70.9206, 41.6321], [-70.9291, 41.6314], [-70.931, 41.6386], [-70.9243, 41.6402]]]}}, {"type": "Feature", "properties": {"fips": "25015820700", "gap_national": -72.8, "gap_stratum": -71.2, "burden": 11.9, "capacity": 71.7, "svi": 0.2, "top_decile_gap": 0.0, "stratum": "metropolitan", "scored": 1}, "geometry": {"type": "Polygon", "coordinates": [[[-72.4959, 42.4031], [-72.4919, 42.4033], [-72.484, 42.4087], [-72.4687, 42.3323], [-72.4834, 42.3394], [-72.5036, 42.3639], [-72.4959, 42.4031]]]}}, {"type": "Feature", "properties": {"fips": "25015822300", "gap_national": -58.0, "gap_stratum": -51.9, "burden": 31.4, "capacity": 77.3, "svi": 0.63, "top_decile_gap": 0.0, "stratum": "metropolitan", "scored": 1}, "geometry": {"type": "Polygon", "coordinates": [[[-72.6546, 42.2758], [-72.6528, 42.2796], [-72.656, 42.2899], [-72.6488, 42.2918], [-72.6421, 42.2882], [-72.6407, 42.2841], [-72.6374, 42.2874], [-72.6302, 42.2849], [-72.6211, 42.2896], [-72.6147, 42.2902], [-72.6131, 42.2863], [-72.6346, 42.2739], [-72.6518, 42.2376], [-72.6521, 42.2485], [-72.6532, 42.2498], [-72.6579, 42.2439], [-72.661, 42.2573], [-72.666, 42.2602], [-72.6678, 42.2666], [-72.6546, 42.2758]]]}}, {"type": "Feature", "properties": {"fips": "25015821904", "gap_national": -70.8, "gap_stratum": -70.6, "burden": 5.8, "capacity": 66.9, "svi": 0.36, "top_decile_gap": 0.0, "stratum": "metropolitan", "scored": 1}, "geometry": {"type": "Polygon", "coordinates": [[[-72.6314, 42.3243], [-72.6324, 42.3303], [-72.6177, 42.3365], [-72.6249, 42.3274], [-72.623, 42.3169], [-72.6297, 42.3195], [-72.6342, 42.3178], [-72.6346, 42.3218], [-72.6314, 42.3243]]]}}, {"type": "Feature", "properties": {"fips": "25015822500", "gap_national": -70.0, "gap_stratum": -64.9, "burden": 27.6, "capacity": 85.8, "svi": 0.05, "top_decile_gap": 0.0, "stratum": "metropolitan", "scored": 1}, "geometry": {"type": "Polygon", "coordinates": [[[-72.7358, 42.2665], [-72.7363, 42.2765], [-72.725, 42.2781], [-72.7128, 42.276], [-72.7078, 42.2693], [-72.6985, 42.2694], [-72.6958, 42.2652], [-72.7014, 42.2571], [-72.6826, 42.2441], [-72.6873, 42.2378], [-72.6858, 42.2323], [-72.6877, 42.2232], [-72.6678, 42.2255], [-72.67, 42.2165], [-72.6905, 42.2131], [-72.6869, 42.1834], [-72.781, 42.1997], [-72.7821, 42.2173], [-72.792, 42.2173], [-72.7934, 42.2369], [-72.8126, 42.235], [-72.8144, 42.2568], [-72.7358, 42.2665]]]}}, {"type": "Feature", "properties": {"fips": "25027733101", "gap_national": -32.9, "gap_stratum": -25.4, "burden": 44.1, "capacity": 68.9, "svi": 0.32, "top_decile_gap": 0.0, "stratum": "metropolitan", "scored": 1}, "geometry": {"type": "Polygon", "coordinates": [[[-71.8533, 42.232], [-71.8457, 42.2377], [-71.8286, 42.2421], [-71.8247, 42.2387], [-71.8137, 42.2402], [-71.8254, 42.2298], [-71.8544, 42.2269], [-71.8533, 42.232]]]}}, {"type": "Feature", "properties": {"fips": "25027710100", "gap_national": -7.5, "gap_stratum": -3.6, "burden": 36.2, "capacity": 45.3, "svi": 0.5, "top_decile_gap": 0.0, "stratum": "metropolitan", "scored": 1}, "geometry": {"type": "Polygon", "coordinates": [[[-71.772, 42.586], [-71.7729, 42.5696], [-71.7649, 42.5628], [-71.7629, 42.5639], [-71.7541, 42.5595], [-71.7478, 42.5499], [-71.7499, 42.5498], [-71.7497, 42.5452], [-71.7598, 42.5478], [-71.7643, 42.5551], [-71.7786, 42.5612], [-71.7806, 42.564], [-71.7789, 42.5677], [-71.7878, 42.5731], [-71.7881, 42.5795], [-71.7909, 42.5817], [-71.772, 42.586]]]}}, {"type": "Feature", "properties": {"fips": "25027710800", "gap_national": 0.7, "gap_stratum": 4.9, "burden": 37.4, "capacity": 40.3, "svi": 0.7, "top_decile_gap": 0.0, "stratum": "metropolitan", "scored": 1}, "geometry": {"type": "Polygon", "coordinates": [[[-71.8071, 42.5916], [-71.8087, 42.5964], [-71.8025, 42.5971], [-71.8011, 42.602], [-71.7916, 42.5962], [-71.7876, 42.5908], [-71.7887, 42.5878], [-71.7956, 42.5847], [-71.8165, 42.5871], [-71.8071, 42.5916]]]}}, {"type": "Feature", "properties": {"fips": "25027728100", "gap_national": -74.8, "gap_stratum": -70.5, "burden": 23.9, "capacity": 86.6, "svi": 0.17, "top_decile_gap": 0.0, "stratum": "metropolitan", "scored": 1}, "geometry": {"type": "Polygon", "coordinates": [[[-71.9235, 42.3717], [-71.8938, 42.366], [-71.8832, 42.3606], [-71.8807, 42.3567], [-71.8693, 42.3524], [-71.8626, 42.3458], [-71.8404, 42.3406], [-71.8364, 42.336], [-71.8326, 42.3252], [-71.832, 42.3196], [-71.8352, 42.3197], [-71.8339, 42.3119], [-71.8754, 42.2865], [-71.8822, 42.292], [-71.879, 42.2975], [-71.8915, 42.2957], [-71.9112, 42.3333], [-71.9035, 42.3357], [-71.9058, 42.3405], [-71.9017, 42.3417], [-71.9054, 42.3494], [-71.9188, 42.348], [-71.9289, 42.3682], [-71.9235, 42.3717]]]}}, {"type": "Feature", "properties": {"fips": "25027730801", "gap_national": -68.8, "gap_stratum": -63.1, "burden": 31.2, "capacity": 90.7, "svi": 0.23, "top_decile_gap": 0.0, "stratum": "metropolitan", "scored": 1}, "geometry": {"type": "Polygon", "coordinates": [[[-71.8316, 42.2912], [-71.8278, 42.2862], [-71.8176, 42.2809], [-71.8129, 42.2813], [-71.8094, 42.2776], [-71.8135, 42.2733], [-71.8184, 42.2736], [-71.8194, 42.2701], [-71.8264, 42.2716], [-71.8333, 42.28], [-71.8425, 42.2797], [-71.8422, 42.2911], [-71.8316, 42.2912]]]}}, {"type": "Feature", "properties": {"fips": "25027700100", "gap_national": -51.8, "gap_stratum": -44.2, "burden": 40.0, "capacity": 81.2, "svi": 0.09, "top_decile_gap": 0.0, "stratum": "metropolitan", "scored": 1}, "geometry": {"type": "Polygon", "coordinates": [[[-71.9814, 42.7133], [-71.8988, 42.7114], [-71.8971, 42.7037], [-71.8698, 42.6836], [-71.8658, 42.6841], [-71.8638, 42.6796], [-71.8578, 42.675], [-71.8564, 42.6676], [-71.8587, 42.629], [-71.882, 42.6199], [-71.8806, 42.6173], [-71.8831, 42.6153], [-71.9107, 42.6067], [-71.9129, 42.6078], [-71.9458, 42.5949], [-71.9506, 42.6017], [-71.9488, 42.6025], [-71.9521, 42.6107], [-71.9564, 42.6103], [-71.9759, 42.6275], [-71.9861, 42.6278], [-71.9814, 42.7133]]]}}, {"type": "Feature", "properties": {"fips": "25027703300", "gap_national": -21.9, "gap_stratum": -51.7, "burden": 61.7, "capacity": 76.4, "svi": 0.62, "top_decile_gap": 0.0, "stratum": "micropolitan", "scored": 1}, "geometry": {"type": "Polygon", "coordinates": [[[-72.2605, 42.5662], [-72.247, 42.5635], [-72.2188, 42.5661], [-72.2172, 42.5851], [-72.2146, 42.5875], [-72.2223, 42.5887], [-72.2233, 42.5949], [-72.2204, 42.5969], [-72.2127, 42.5956], [-72.2102, 42.5979], [-72.2122, 42.6023], [-72.2082, 42.6069], [-72.1956, 42.6083], [-72.1937, 42.6132], [-72.196, 42.6212], [-72.1793, 42.623], [-72.1766, 42.6156], [-72.1709, 42.6211], [-72.1644, 42.6226], [-72.158, 42.6176], [-72.1707, 42.597], [-72.1679, 42.6001], [-72.1636, 42.5983], [-72.1613, 42.6011], [-72.1571, 42.5994], [-72.1655, 42.5903], [-72.1631, 42.5889], [-72.1676, 42.5849], [-72.1756, 42.5899], [-72.1856, 42.5504], [-72.1964, 42.5489], [-72.2449, 42.5134], [-72.2691, 42.5334], [-72.2741, 42.5626], [-72.2605, 42.5662]]]}}, {"type": "Feature", "properties": {"fips": "25027706100", "gap_national": -45.7, "gap_stratum": -37.4, "burden": 45.6, "capacity": 81.5, "svi": 0.14, "top_decile_gap": 0.0, "stratum": "metropolitan", "scored": 1}, "geometry": {"type": "Polygon", "coordinates": [[[-72.0014, 42.5466], [-71.9198, 42.4914], [-71.9332, 42.4829], [-71.9203, 42.4745], [-72.0074, 42.421], [-72.0997, 42.4845], [-72.0014, 42.5466]]]}}, {"type": "Feature", "properties": {"fips": "25027730300", "gap_national": -39.1, "gap_stratum": -31.7, "burden": 41.2, "capacity": 71.0, "svi": 0.36, "top_decile_gap": 0.0, "stratum": "metropolitan", "scored": 1}, "geometry": {"type": "Polygon", "coordinates": [[[-71.7954, 42.3225], [-71.7935, 42.3243], [-71.7893, 42.313], [-71.7901, 42.2956], [-71.7942, 42.2987], [-71.8002, 42.2982], [-71.8013, 42.3022], [-71.7954, 42.3225]]]}}, {"type": "Feature", "properties": {"fips": "25027709100", "gap_national": -47.6, "gap_stratum": -40.3, "burden": 38.2, "capacity": 75.2, "svi": 0.47, "top_decile_gap": 0.0, "stratum": "metropolitan", "scored": 1}, "geometry": {"type": "Polygon", "coordinates": [[[-71.8371, 42.5486], [-71.8079, 42.5472], [-71.7987, 42.5526], [-71.791, 42.5506], [-71.7805, 42.542], [-71.7797, 42.5366], [-71.7757, 42.535], [-71.7756, 42.5254], [-71.7648, 42.5276], [-71.759, 42.5229], [-71.7687, 42.5202], [-71.7767, 42.5011], [-71.7756, 42.4876], [-71.7774, 42.4834], [-71.83, 42.4922], [-71.8223, 42.5043], [-71.8423, 42.5126], [-71.8371, 42.5486]]]}}, {"type": "Feature", "properties": {"fips": "25027744202", "gap_national": -28.3, "gap_stratum": -21.5, "burden": 42.8, "capacity": 64.6, "svi": 0.58, "top_decile_gap": 0.0, "stratum": "metropolitan", "scored": 1}, "geometry": {"type": "Polygon", "coordinates": [[[-71.5187, 42.1565], [-71.516, 42.1605], [-71.5084, 42.1619], [-71.5089, 42.1684], [-71.5028, 42.1675], [-71.4782, 42.154], [-71.4785, 42.1314], [-71.4958, 42.1207], [-71.4904, 42.1349], [-71.5123, 42.1392], [-71.5151, 42.1456], [-71.5182, 42.1446], [-71.5212, 42.1487], [-71.5232, 42.155], [-71.5187, 42.1565]]]}}, {"type": "Feature", "properties": {"fips": "25027742300", "gap_national": -63.4, "gap_stratum": -58.1, "burden": 27.7, "capacity": 78.5, "svi": 0.41, "top_decile_gap": 0.0, "stratum": "metropolitan", "scored": 1}, "geometry": {"type": "Polygon", "coordinates": [[[-71.6322, 42.2741], [-71.6102, 42.2781], [-71.6055, 42.2763], [-71.6015, 42.2681], [-71.5966, 42.267], [-71.6038, 42.2603], [-71.6135, 42.2596], [-71.6183, 42.2514], [-71.6248, 42.2631], [-71.6289, 42.2598], [-71.6366, 42.2646], [-71.6322, 42.2741]]]}}, {"type": "Feature", "properties": {"fips": "25007200300", "gap_national": -51.4, "gap_stratum": -82.3, "burden": 40.7, "capacity": 81.7, "svi": 0.35, "top_decile_gap": 0.0, "stratum": "micropolitan", "scored": 1}, "geometry": {"type": "Polygon", "coordinates": [[[-70.5737, 41.4138], [-70.5616, 41.4245], [-70.5581, 41.4248], [-70.5538, 41.4182], [-70.5537, 41.4137], [-70.5482, 41.4168], [-70.5286, 41.4051], [-70.507, 41.4002], [-70.5013, 41.3854], [-70.4908, 41.3836], [-70.4717, 41.3962], [-70.473, 41.4088], [-70.4708, 41.4129], [-70.4638, 41.4191], [-70.4504, 41.4207], [-70.4462, 41.3965], [-70.4493, 41.3804], [-70.4483, 41.3537], [-70.4522, 41.3498], [-70.4633, 41.3475], [-70.6068, 41.3489], [-70.6095, 41.3848], [-70.6151, 41.4136], [-70.5737, 41.4138]]]}}, {"type": "Feature", "properties": {"fips": "25027711100", "gap_national": -44.0, "gap_stratum": -36.5, "burden": 39.9, "capacity": 73.8, "svi": 0.5, "top_decile_gap": 0.0, "stratum": "metropolitan", "scored": 1}, "geometry": {"type": "Polygon", "coordinates": [[[-71.8585, 42.6338], [-71.8448, 42.638], [-71.7753, 42.6367], [-71.7709, 42.6037], [-71.7715, 42.5935], [-71.7887, 42.5878], [-71.7876, 42.5908], [-71.7916, 42.5962], [-71.8011, 42.602], [-71.8025, 42.5971], [-71.8087, 42.5964], [-71.8071, 42.5916], [-71.8088, 42.5899], [-71.8275, 42.585], [-71.8339, 42.5898], [-71.8355, 42.5983], [-71.8307, 42.5999], [-71.833, 42.6027], [-71.8451, 42.6035], [-71.8501, 42.6016], [-71.8468, 42.5951], [-71.8533, 42.5956], [-71.8572, 42.5903], [-71.8606, 42.5916], [-71.8585, 42.6338]]]}}, {"type": "Feature", "properties": {"fips": "25027710300", "gap_national": -22.8, "gap_stratum": -16.2, "burden": 44.9, "capacity": 62.6, "svi": 0.37, "top_decile_gap": 0.0, "stratum": "metropolitan", "scored": 1}, "geometry": {"type": "Polygon", "coordinates": [[[-71.8625, 42.5525], [-71.8556, 42.5521], [-71.8551, 42.5583], [-71.8623, 42.5581], [-71.8606, 42.5916], [-71.8572, 42.5903], [-71.8533, 42.5956], [-71.8468, 42.5951], [-71.8501, 42.6016], [-71.8451, 42.6035], [-71.833, 42.6027], [-71.8307, 42.5999], [-71.8355, 42.5983], [-71.8339, 42.5898], [-71.8275, 42.585], [-71.8159, 42.5862], [-71.8186, 42.5817], [-71.8331, 42.5766], [-71.8426, 42.5691], [-71.8459, 42.5591], [-71.8434, 42.5581], [-71.8412, 42.5495], [-71.8442, 42.5491], [-71.8371, 42.5486], [-71.8378, 42.5438], [-71.863, 42.5447], [-71.8625, 42.5525]]]}}, {"type": "Feature", "properties": {"fips": "25027740101", "gap_national": -77.8, "gap_stratum": -74.7, "burden": 17.8, "capacity": 81.9, "svi": 0.22, "top_decile_gap": 0.0, "stratum": "metropolitan", "scored": 1}, "geometry": {"type": "Polygon", "coordinates": [[[-71.6764, 42.3649], [-71.6339, 42.3584], [-71.6284, 42.3536], [-71.6419, 42.3435], [-71.6475, 42.3465], [-71.6543, 42.3456], [-71.6555, 42.3417], [-71.6622, 42.337], [-71.6535, 42.3342], [-71.6484, 42.3268], [-71.6548, 42.3246], [-71.6621, 42.3266], [-71.6605, 42.3218], [-71.658, 42.3213], [-71.6574, 42.3139], [-71.6543, 42.3116], [-71.6506, 42.3178], [-71.6484, 42.3143], [-71.6436, 42.3143], [-71.6427, 42.3052], [-71.6559, 42.2989], [-71.6573, 42.3006], [-71.6628, 42.2936], [-71.6377, 42.2939], [-71.6428, 42.2881], [-71.6701, 42.2788], [-71.677, 42.2861], [-71.6804, 42.3052], [-71.6897, 42.3188], [-71.6764, 42.3649]]]}}, {"type": "Feature", "properties": {"fips": "25027746100", "gap_national": -66.6, "gap_stratum": -61.2, "burden": 28.1, "capacity": 82.3, "svi": 0.06, "top_decile_gap": 0.0, "stratum": "metropolitan", "scored": 1}, "geometry": {"type": "Polygon", "coordinates": [[[-71.5734, 42.1358], [-71.57, 42.1392], [-71.5716, 42.1424], [-71.5693, 42.1426], [-71.55, 42.1227], [-71.5418, 42.1184], [-71.5293, 42.104], [-71.5182, 42.0994], [-71.4997, 42.1035], [-71.4967, 42.1021], [-71.4983, 42.0649], [-71.592, 42.0637], [-71.5927, 42.1216], [-71.5734, 42.1358]]]}}, {"type": "Feature", "properties": {"fips": "25027722100", "gap_national": -25.7, "gap_stratum": -17.2, "burden": 54.7, "capacity": 72.8, "svi": 0.2, "top_decile_gap": 0.0, "stratum": "metropolitan", "scored": 1}, "geometry": {"type": "Polygon", "coordinates": [[[-72.0997, 42.4845], [-72.0074, 42.421], [-72.1125, 42.3564], [-72.2051, 42.4177], [-72.0997, 42.4845]]]}}, {"type": "Feature", "properties": {"fips": "25027707100", "gap_national": -3.8, "gap_stratum": 2.2, "burden": 73.5, "capacity": 72.8, "svi": 0.77, "top_decile_gap": 0.0, "stratum": "metropolitan", "scored": 1}, "geometry": {"type": "Polygon", "coordinates": [[[-72.0054, 42.5606], [-71.9889, 42.5676], [-71.9721, 42.5623], [-71.9509, 42.5614], [-71.9639, 42.5494], [-71.9594, 42.5464], [-71.9797, 42.5323], [-72.0207, 42.5591], [-72.0054, 42.5606]]]}}, {"type": "Feature", "properties": {"fips": "25027758101", "gap_national": -54.1, "gap_stratum": -46.4, "burden": 45.2, "capacity": 94.1, "svi": 0.13, "top_decile_gap": 0.0, "stratum": "metropolitan", "scored": 1}, "geometry": {"type": "Polygon", "coordinates": [[[-72.1351, 42.1114], [-72.1219, 42.1078], [-72.1179, 42.1095], [-72.1156, 42.1151], [-72.1129, 42.1152], [-72.1014, 42.1108], [-72.0843, 42.1109], [-72.0826, 42.1097], [-72.087, 42.0971], [-72.0809, 42.0971], [-72.0775, 42.0904], [-72.0819, 42.0781], [-72.0705, 42.0718], [-72.0664, 42.0721], [-72.0744, 42.0585], [-72.0997, 42.0288], [-72.1357, 42.0315], [-72.1351, 42.1114]]]}}, {"type": "Feature", "properties": {"fips": "25027716300", "gap_national": -19.5, "gap_stratum": -14.8, "burden": 37.8, "capacity": 55.0, "svi": 0.52, "top_decile_gap": 0.0, "stratum": "metropolitan", "scored": 1}, "geometry": {"type": "Polygon", "coordinates": [[[-71.6873, 42.4205], [-71.6815, 42.4229], [-71.6663, 42.4232], [-71.6655, 42.4215], [-71.6678, 42.417], [-71.673, 42.4157], [-71.6789, 42.4104], [-71.6818, 42.4102], [-71.6821, 42.4137], [-71.6899, 42.4158], [-71.6873, 42.4205]]]}}, {"type": "Feature", "properties": {"fips": "25027736300", "gap_national": -52.2, "gap_stratum": -45.5, "burden": 34.8, "capacity": 75.6, "svi": 0.28, "top_decile_gap": 0.0, "stratum": "metropolitan", "scored": 1}, "geometry": {"type": "Polygon", "coordinates": [[[-71.8479, 42.2029], [-71.8424, 42.2136], [-71.846, 42.2146], [-71.845, 42.2206], [-71.837, 42.222], [-71.8384, 42.2285], [-71.8196, 42.2303], [-71.8304, 42.209], [-71.8492, 42.1887], [-71.8479, 42.2029]]]}}, {"type": "Feature", "properties": {"fips": "25027729200", "gap_national": -58.4, "gap_stratum": -51.7, "burden": 35.0, "capacity": 82.1, "svi": 0.14, "top_decile_gap": 0.0, "stratum": "metropolitan", "scored": 1}, "geometry": {"type": "Polygon", "coordinates": [[[-71.8026, 42.3426], [-71.7936, 42.3587], [-71.7854, 42.366], [-71.7896, 42.3694], [-71.7824, 42.3696], [-71.7748, 42.3575], [-71.7786, 42.3557], [-71.7784, 42.3459], [-71.7832, 42.3359], [-71.7862, 42.341], [-71.802, 42.3313], [-71.8052, 42.3418], [-71.8026, 42.3426]]]}}, {"type": "Feature", "properties": {"fips": "25027754400", "gap_national": -9.8, "gap_stratum": -2.4, "burden": 60.7, "capacity": 66.2, "svi": 0.73, "top_decile_gap": 0.0, "stratum": "metropolitan", "scored": 1}, "geometry": {"type": "Polygon", "coordinates": [[[-71.8873, 42.0432], [-71.8816, 42.0485], [-71.8751, 42.0493], [-71.8748, 42.0445], [-71.8795, 42.0422], [-71.879, 42.0386], [-71.866, 42.0241], [-71.8839, 42.0243], [-71.8891, 42.0376], [-71.8873, 42.0432]]]}}, {"type": "Feature", "properties": {"fips": "25027707200", "gap_national": -15.1, "gap_stratum": -7.3, "burden": 64.0, "capacity": 73.0, "svi": 0.75, "top_decile_gap": 0.0, "stratum": "metropolitan", "scored": 1}, "geometry": {"type": "Polygon", "coordinates": [[[-71.9939, 42.5792], [-71.9872, 42.5795], [-71.9838, 42.5676], [-71.9792, 42.5643], [-71.9868, 42.5673], [-71.9937, 42.5665], [-71.9907, 42.5687], [-71.9939, 42.5792]]]}}, {"type": "Feature", "properties": {"fips": "25027744102", "gap_national": -45.2, "gap_stratum": -36.9, "burden": 45.3, "capacity": 80.5, "svi": 0.12, "top_decile_gap": 0.0, "stratum": "metropolitan", "scored": 1}, "geometry": {"type": "Polygon", "coordinates": [[[-71.5628, 42.1678], [-71.5598, 42.1671], [-71.5604, 42.1701], [-71.5489, 42.1681], [-71.5326, 42.1567], [-71.5283, 42.1519], [-71.5401, 42.1495], [-71.5357, 42.1396], [-71.5393, 42.1384], [-71.5633, 42.1534], [-71.561, 42.1583], [-71.5643, 42.1656], [-71.5628, 42.1678]]]}}, {"type": "Feature", "properties": {"fips": "25027709502", "gap_national": -53.0, "gap_stratum": -46.0, "burden": 36.0, "capacity": 77.6, "svi": 0.46, "top_decile_gap": 0.0, "stratum": "metropolitan", "scored": 1}, "geometry": {"type": "Polygon", "coordinates": [[[-71.7451, 42.5739], [-71.7204, 42.5523], [-71.7163, 42.5447], [-71.7271, 42.5491], [-71.7402, 42.5405], [-71.7541, 42.5595], [-71.7629, 42.5639], [-71.7451, 42.5739]]]}}, {"type": "Feature", "properties": {"fips": "25027756101", "gap_national": -49.9, "gap_stratum": -41.8, "burden": 44.4, "capacity": 84.9, "svi": 0.38, "top_decile_gap": 0.0, "stratum": "metropolitan", "scored": 1}, "geometry": {"type": "Polygon", "coordinates": [[[-72.024, 42.1418], [-72.0294, 42.1744], [-72.0186, 42.1757], [-72.0199, 42.1838], [-71.9923, 42.1856], [-71.9889, 42.175], [-71.9778, 42.1743], [-71.9769, 42.1633], [-71.9678, 42.1512], [-71.9695, 42.1326], [-71.9746, 42.1312], [-71.976, 42.1256], [-71.9831, 42.1203], [-72.0006, 42.121], [-72.0089, 42.1156], [-72.0117, 42.1164], [-72.0177, 42.1017], [-72.0271, 42.1049], [-72.0255, 42.1079], [-72.0276, 42.1074], [-72.0291, 42.1151], [-72.0318, 42.1144], [-72.0308, 42.1098], [-72.036, 42.1082], [-72.0391, 42.1091], [-72.0396, 42.1123], [-72.042, 42.1116], [-72.0468, 42.1349], [-72.024, 42.1418]]]}}, {"type": "Feature", "properties": {"fips": "25013810602", "gap_national": -37.1, "gap_stratum": -28.9, "burden": 58.4, "capacity": 90.2, "svi": 0.19, "top_decile_gap": 0.0, "stratum": "metropolitan", "scored": 1}, "geometry": {"type": "Polygon", "coordinates": [[[-72.5608, 42.1838], [-72.5575, 42.1812], [-72.5603, 42.1793], [-72.5589, 42.1771], [-72.5507, 42.1732], [-72.5472, 42.1738], [-72.5335, 42.1896], [-72.5262, 42.1903], [-72.523, 42.1879], [-72.518, 42.1917], [-72.5139, 42.1744], [-72.5187, 42.1739], [-72.516, 42.1608], [-72.5215, 42.1612], [-72.5395, 42.1549], [-72.5419, 42.1592], [-72.5479, 42.1584], [-72.5466, 42.1654], [-72.5525, 42.1628], [-72.5732, 42.169], [-72.5608, 42.1838]]]}}, {"type": "Feature", "properties": {"fips": "25021442103", "gap_national": -83.0, "gap_stratum": -81.6, "burden": 8.7, "capacity": 78.3, "svi": 0.03, "top_decile_gap": 0.0, "stratum": "metropolitan", "scored": 1}, "geometry": {"type": "Polygon", "coordinates": [[[-71.4425, 42.1345], [-71.4346, 42.1343], [-71.4311, 42.1382], [-71.4229, 42.1391], [-71.4189, 42.1388], [-71.4185, 42.1365], [-71.4152, 42.1382], [-71.4154, 42.135], [-71.413, 42.1336], [-71.4023, 42.1395], [-71.3821, 42.1355], [-71.3828, 42.1332], [-71.3802, 42.1329], [-71.382, 42.1301], [-71.3677, 42.1073], [-71.3823, 42.112], [-71.3798, 42.1088], [-71.3947, 42.1072], [-71.3952, 42.097], [-71.3998, 42.0921], [-71.4219, 42.1216], [-71.4291, 42.1193], [-71.4334, 42.1224], [-71.4405, 42.115], [-71.4397, 42.111], [-71.4347, 42.1063], [-71.4373, 42.099], [-71.4464, 42.1033], [-71.4425, 42.1345]]]}}, {"type": "Feature", "properties": {"fips": "25021416101", "gap_national": -83.5, "gap_stratum": -81.1, "burden": 15.0, "capacity": 85.1, "svi": 0.15, "top_decile_gap": 0.0, "stratum": "metropolitan", "scored": 1}, "geometry": {"type": "Polygon", "coordinates": [[[-71.0775, 42.2546], [-71.0812, 42.2584], [-71.0632, 42.2601], [-71.0599, 42.2584], [-71.0619, 42.2581], [-71.0584, 42.2547], [-71.0581, 42.2509], [-71.0513, 42.2506], [-71.0513, 42.2478], [-71.0611, 42.2424], [-71.053, 42.2292], [-71.0766, 42.2211], [-71.0958, 42.2441], [-71.0775, 42.2546]]]}}, {"type": "Feature", "properties": {"fips": "25005985600", "gap_national": -44.0, "gap_stratum": -45.5, "burden": 9.1, "capacity": 50.5, "svi": 0.32, "top_decile_gap": 0.0, "stratum": "metropolitan", "scored": 1}, "geometry": {"type": "Polygon", "coordinates": [[[-71.0805, 42.0955], [-71.0712, 42.0565], [-71.0836, 42.0495], [-71.0873, 42.0667], [-71.1073, 42.0657], [-71.1162, 42.0677], [-71.1336, 42.0637], [-71.1386, 42.0728], [-71.0805, 42.0955]]]}}, {"type": "Feature", "properties": {"fips": "25009221902", "gap_national": -53.8, "gap_stratum": -46.1, "burden": 42.3, "capacity": 87.1, "svi": 0.14, "top_decile_gap": 0.0, "stratum": "metropolitan", "scored": 1}, "geometry": {"type": "Polygon", "coordinates": [[[-70.725, 42.6652], [-70.6802, 42.6511], [-70.6786, 42.6484], [-70.6903, 42.6308], [-70.6893, 42.6206], [-70.6796, 42.6186], [-70.6787, 42.6128], [-70.6734, 42.6099], [-70.6963, 42.6157], [-70.7075, 42.6108], [-70.7119, 42.6178], [-70.7214, 42.6183], [-70.7323, 42.6129], [-70.7466, 42.6012], [-70.7574, 42.6201], [-70.725, 42.6652]]]}}, {"type": "Feature", "properties": {"fips": "25027751101", "gap_national": -64.4, "gap_stratum": -59.1, "burden": 27.4, "capacity": 79.0, "svi": 0.02, "top_decile_gap": 0.0, "stratum": "metropolitan", "scored": 1}, "geometry": {"type": "Polygon", "coordinates": [[[-71.7222, 42.1495], [-71.7572, 42.1767], [-71.7441, 42.1824], [-71.7405, 42.1792], [-71.7338, 42.1835], [-71.734, 42.1868], [-71.7235, 42.1915], [-71.7186, 42.173], [-71.6952, 42.1758], [-71.6914, 42.1631], [-71.6937, 42.1612], [-71.6914, 42.1492], [-71.6937, 42.1362], [-71.7047, 42.1252], [-71.692, 42.1203], [-71.7077, 42.1001], [-71.6855, 42.1073], [-71.68, 42.1034], [-71.68, 42.1002], [-71.7681, 42.0818], [-71.7784, 42.1085], [-71.7949, 42.1169], [-71.7222, 42.1495]]]}}, {"type": "Feature", "properties": {"fips": "25017341901", "gap_national": -28.2, "gap_stratum": -22.2, "burden": 39.9, "capacity": 62.4, "svi": 0.21, "top_decile_gap": 0.0, "stratum": "metropolitan", "scored": 1}, "geometry": {"type": "Polygon", "coordinates": [[[-71.04, 42.431], [-71.023, 42.4335], [-71.0282, 42.4242], [-71.0428, 42.4233], [-71.04, 42.431]]]}}, {"type": "Feature", "properties": {"fips": "25023500103", "gap_national": -61.0, "gap_stratum": -53.8, "burden": 40.1, "capacity": 97.3, "svi": 0.05, "top_decile_gap": 0.0, "stratum": "metropolitan", "scored": 1}, "geometry": {"type": "Polygon", "coordinates": [[[-70.8626, 42.267], [-70.8584, 42.2646], [-70.8557, 42.2672], [-70.8564, 42.2694], [-70.8594, 42.2694], [-70.8575, 42.2729], [-70.8511, 42.2683], [-70.8247, 42.2659], [-70.8362, 42.2647], [-70.8485, 42.2584], [-70.8634, 42.2587], [-70.8655, 42.2605], [-70.8626, 42.2613], [-70.8677, 42.2629], [-70.8626, 42.267]]]}}, {"type": "Feature", "properties": {"fips": "25023509101", "gap_national": -76.6, "gap_stratum": -73.3, "burden": 18.8, "capacity": 81.7, "svi": 0.17, "top_decile_gap": 0.0, "stratum": "metropolitan", "scored": 1}, "geometry": {"type": "Polygon", "coordinates": [[[-70.7879, 42.0127], [-70.7859, 42.0032], [-70.7876, 42.0015], [-70.7783, 41.9984], [-70.7682, 41.9967], [-70.7638, 41.9987], [-70.7598, 41.9957], [-70.758, 41.9974], [-70.7483, 41.9937], [-70.7438, 41.9954], [-70.7277, 41.9929], [-70.6945, 41.982], [-70.7217, 41.9542], [-70.7535, 41.9332], [-70.7657, 41.9671], [-70.7875, 41.9784], [-70.8004, 42.0161], [-70.7879, 42.0127]]]}}, {"type": "Feature", "properties": {"fips": "25025981502", "gap_national": null, "gap_stratum": null, "burden": null, "capacity": null, "svi": null, "top_decile_gap": null, "stratum": null, "scored": 0}, "geometry": {"type": "Polygon", "coordinates": [[[-71.0043, 42.4049], [-71.0027, 42.4044], [-71.0048, 42.4017], [-70.9927, 42.3979], [-70.9982, 42.3903], [-71.0116, 42.3935], [-71.0043, 42.4049]]]}}, {"type": "Feature", "properties": {"fips": "25025170701", "gap_national": -15.9, "gap_stratum": -15.2, "burden": 19.4, "capacity": 36.9, "svi": 0.76, "top_decile_gap": 0.0, "stratum": "metropolitan", "scored": 1}, "geometry": {"type": "Polygon", "coordinates": [[[-70.9974, 42.401], [-70.9906, 42.4071], [-70.9877, 42.4024], [-70.9945, 42.3933], [-70.9927, 42.3979], [-71.0048, 42.4017], [-71.0027, 42.4044], [-70.9974, 42.401]]]}}, {"type": "Feature", "properties": {"fips": "25025080801", "gap_national": 7.9, "gap_stratum": 10.7, "burden": 23.3, "capacity": 18.2, "svi": 0.97, "top_decile_gap": 0.0, "stratum": "metropolitan", "scored": 1}, "geometry": {"type": "Polygon", "coordinates": [[[-71.1003, 42.3359], [-71.0957, 42.3377], [-71.0905, 42.3357], [-71.0954, 42.3316], [-71.1013, 42.333], [-71.1003, 42.3359]]]}}, {"type": "Feature", "properties": {"fips": "25025010701", "gap_national": -49.9, "gap_stratum": -52.2, "burden": 1.8, "capacity": 51.5, "svi": 0.06, "top_decile_gap": 0.0, "stratum": "metropolitan", "scored": 1}, "geometry": {"type": "Polygon", "coordinates": [[[-71.0809, 42.3523], [-71.0795, 42.3495], [-71.0878, 42.3473], [-71.0887, 42.3493], [-71.0809, 42.3523]]]}}, {"type": "Feature", "properties": {"fips": "25025170502", "gap_national": -22.1, "gap_stratum": -13.8, "burden": 61.3, "capacity": 76.2, "svi": 0.75, "top_decile_gap": 0.0, "stratum": "metropolitan", "scored": 1}, "geometry": {"type": "Polygon", "coordinates": [[[-70.9686, 42.4444], [-70.9599, 42.4412], [-70.9755, 42.4316], [-70.9837, 42.4229], [-70.9879, 42.426], [-70.9686, 42.4444]]]}}, {"type": "Feature", "properties": {"fips": "25025980101", "gap_national": null, "gap_stratum": null, "burden": null, "capacity": null, "svi": null, "top_decile_gap": null, "stratum": null, "scored": 0}, "geometry": {"type": "MultiPolygon", "coordinates": [[[[-70.926, 42.3219], [-70.9253, 42.3172], [-70.9308, 42.319], [-70.9309, 42.3216], [-70.926, 42.3219]]], [[[-70.9297, 42.334], [-70.9226, 42.3261], [-70.9259, 42.3249], [-70.9314, 42.3283], [-70.9321, 42.3327], [-70.9297, 42.334]]], [[[-70.9407, 42.3281], [-70.9349, 42.3268], [-70.9399, 42.3242], [-70.9428, 42.3272], [-70.9407, 42.3281]]], [[[-70.9515, 42.3136], [-70.9485, 42.3119], [-70.9543, 42.3086], [-70.9581, 42.3117], [-70.9515, 42.3136]]], [[[-70.9586, 42.3555], [-70.9533, 42.3497], [-70.953, 42.344], [-70.96, 42.3465], [-70.97, 42.3553], [-70.9586, 42.3555]]], [[[-70.9704, 42.3162], [-70.9675, 42.3229], [-70.9573, 42.3317], [-70.9528, 42.3306], [-70.9657, 42.3135], [-70.9743, 42.3102], [-70.9772, 42.3102], [-70.9774, 42.3123], [-70.9704, 42.3162]]], [[[-70.9831, 42.3272], [-70.9857, 42.3187], [-70.9888, 42.3192], [-70.9889, 42.3237], [-70.9916, 42.3263], [-70.9892, 42.3283], [-70.9831, 42.3272]]], [[[-71.0064, 42.3209], [-70.9995, 42.3199], [-71.0033, 42.3195], [-71.0115, 42.3093], [-71.0172, 42.3118], [-71.0064, 42.3209]]]]}}, {"type": "Feature", "properties": {"fips": "25001011801", "gap_national": -47.3, "gap_stratum": -39.0, "burden": 52.2, "capacity": 99.8, "svi": 0.09, "top_decile_gap": 0.0, "stratum": "metropolitan", "scored": 1}, "geometry": {"type": "Polygon", "coordinates": [[[-70.2581, 41.71], [-70.2512, 41.7073], [-70.2484, 41.7117], [-70.2443, 41.7123], [-70.2402, 41.7106], [-70.2411, 41.7146], [-70.2353, 41.7225], [-70.2393, 41.726], [-70.2336, 41.7252], [-70.2307, 41.7291], [-70.2235, 41.725], [-70.2205, 41.7257], [-70.2196, 41.7224], [-70.2151, 41.7251], [-70.2133, 41.7233], [-70.2024, 41.7244], [-70.197, 41.7216], [-70.2038, 41.7132], [-70.2198, 41.7049], [-70.2408, 41.7066], [-70.2603, 41.7012], [-70.2628, 41.7076], [-70.2581, 41.71]]]}}, {"type": "Feature", "properties": {"fips": "25013813001", "gap_national": -42.5, "gap_stratum": -34.0, "burden": 51.8, "capacity": 86.6, "svi": 0.19, "top_decile_gap": 0.0, "stratum": "metropolitan", "scored": 1}, "geometry": {"type": "Polygon", "coordinates": [[[-73.0719, 42.1082], [-73.0727, 42.1117], [-73.0612, 42.1181], [-73.0693, 42.1309], [-73.0711, 42.1482], [-73.0349, 42.1437], [-73.0043, 42.2513], [-73.0018, 42.251], [-73.0003, 42.3126], [-72.9539, 42.3438], [-72.8956, 42.3407], [-72.8948, 42.3315], [-72.8852, 42.3326], [-72.8806, 42.2654], [-72.9123, 42.2391], [-72.8722, 42.2164], [-72.8957, 42.1239], [-72.9819, 42.1367], [-72.9703, 42.0786], [-72.979, 42.0385], [-73.0533, 42.0399], [-73.0565, 42.0474], [-73.0547, 42.0576], [-73.0617, 42.0619], [-73.0582, 42.0668], [-73.0731, 42.0942], [-73.0748, 42.1061], [-73.0719, 42.1082]]]}}, {"type": "Feature", "properties": {"fips": "25013813002", "gap_national": -52.9, "gap_stratum": -45.5, "burden": 38.6, "capacity": 80.6, "svi": 0.06, "top_decile_gap": 0.0, "stratum": "metropolitan", "scored": 1}, "geometry": {"type": "Polygon", "coordinates": [[[-72.8957, 42.1239], [-72.8722, 42.2164], [-72.8576, 42.2405], [-72.8134, 42.245], [-72.8126, 42.235], [-72.7934, 42.2369], [-72.792, 42.2173], [-72.7821, 42.2173], [-72.781, 42.1997], [-72.7858, 42.2005], [-72.7979, 42.1659], [-72.8075, 42.1573], [-72.8129, 42.1558], [-72.8289, 42.137], [-72.8361, 42.1372], [-72.8366, 42.1339], [-72.8443, 42.1314], [-72.8434, 42.1262], [-72.8514, 42.1244], [-72.8539, 42.115], [-72.8393, 42.1117], [-72.8334, 42.0943], [-72.8324, 42.0842], [-72.8389, 42.0693], [-72.8341, 42.0583], [-72.835, 42.0367], [-72.979, 42.0385], [-72.9703, 42.0786], [-72.9819, 42.1367], [-72.8957, 42.1239]]]}}, {"type": "Feature", "properties": {"fips": "25005631102", "gap_national": -45.6, "gap_stratum": -37.7, "burden": 41.6, "capacity": 76.8, "svi": 0.39, "top_decile_gap": 0.0, "stratum": "metropolitan", "scored": 1}, "geometry": {"type": "Polygon", "coordinates": [[[-71.3817, 41.9148], [-71.353, 41.931], [-71.3691, 41.8987], [-71.3764, 41.894], [-71.3817, 41.8938], [-71.3817, 41.9148]]]}}, {"type": "Feature", "properties": {"fips": "25005630301", "gap_national": -70.3, "gap_stratum": -65.9, "burden": 23.9, "capacity": 81.1, "svi": 0.16, "top_decile_gap": 0.0, "stratum": "metropolitan", "scored": 1}, "geometry": {"type": "Polygon", "coordinates": [[[-71.3815, 41.9851], [-71.3643, 41.9853], [-71.3388, 41.9951], [-71.3373, 41.9928], [-71.3392, 41.9922], [-71.3391, 41.9844], [-71.3527, 41.9796], [-71.3448, 41.9664], [-71.3391, 41.9663], [-71.3459, 41.9491], [-71.3643, 41.9501], [-71.3652, 41.948], [-71.3622, 41.9394], [-71.3528, 41.9312], [-71.3817, 41.9156], [-71.3815, 41.9851]]]}}, {"type": "Feature", "properties": {"fips": "25005640201", "gap_national": 67.8, "gap_stratum": 69.3, "burden": 83.1, "capacity": 27.0, "svi": 0.89, "top_decile_gap": 1.0, "stratum": "metropolitan", "scored": 1}, "geometry": {"type": "Polygon", "coordinates": [[[-71.1665, 41.6901], [-71.1601, 41.6885], [-71.163, 41.6847], [-71.1724, 41.6865], [-71.1665, 41.6901]]]}}, {"type": "Feature", "properties": {"fips": "25009267103", "gap_national": -58.3, "gap_stratum": -50.9, "burden": 42.0, "capacity": 95.6, "svi": 0.12, "top_decile_gap": 0.0, "stratum": "metropolitan", "scored": 1}, "geometry": {"type": "Polygon", "coordinates": [[[-70.8245, 42.8238], [-70.8258, 42.8291], [-70.8196, 42.8304], [-70.8214, 42.8316], [-70.8193, 42.8341], [-70.8213, 42.8348], [-70.8197, 42.838], [-70.8266, 42.851], [-70.8221, 42.8512], [-70.821, 42.857], [-70.8252, 42.8576], [-70.8234, 42.8625], [-70.8245, 42.8608], [-70.8271, 42.8636], [-70.8191, 42.8687], [-70.8233, 42.8714], [-70.8173, 42.8723], [-70.8177, 42.8506], [-70.8124, 42.8224], [-70.8197, 42.8231], [-70.8258, 42.8208], [-70.8274, 42.823], [-70.8245, 42.8238]]]}}, {"type": "Feature", "properties": {"fips": "25009202104", "gap_national": -56.5, "gap_stratum": -48.9, "burden": 42.1, "capacity": 91.4, "svi": 0.53, "top_decile_gap": 0.0, "stratum": "metropolitan", "scored": 1}, "geometry": {"type": "Polygon", "coordinates": [[[-70.9208, 42.4763], [-70.914, 42.4823], [-70.9002, 42.485], [-70.9042, 42.4802], [-70.923, 42.4688], [-70.9265, 42.4757], [-70.9208, 42.4763]]]}}, {"type": "Feature", "properties": {"fips": "25003925102", "gap_national": -52.7, "gap_stratum": -88.1, "burden": 44.7, "capacity": 89.8, "svi": 0.49, "top_decile_gap": 0.0, "stratum": "rural", "scored": 1}, "geometry": {"type": "Polygon", "coordinates": [[[-73.3962, 42.225], [-73.4024, 42.2585], [-73.3808, 42.2585], [-73.3818, 42.2525], [-73.3765, 42.2422], [-73.3769, 42.2384], [-73.3713, 42.2287], [-73.3657, 42.2263], [-73.3592, 42.2305], [-73.3426, 42.2335], [-73.3442, 42.2306], [-73.3352, 42.2352], [-73.335, 42.2421], [-73.3282, 42.258], [-73.244, 42.2571], [-73.2901, 42.2009], [-73.2907, 42.184], [-73.2872, 42.1592], [-73.4084, 42.1603], [-73.4118, 42.1866], [-73.4139, 42.1864], [-73.4125, 42.192], [-73.4144, 42.2252], [-73.3962, 42.225]]]}}, {"type": "Feature", "properties": {"fips": "25021442104", "gap_national": -74.9, "gap_stratum": -71.7, "burden": 17.9, "capacity": 78.8, "svi": 0.06, "top_decile_gap": 0.0, "stratum": "metropolitan", "scored": 1}, "geometry": {"type": "Polygon", "coordinates": [[[-71.4334, 42.1224], [-71.4291, 42.1193], [-71.4219, 42.1216], [-71.3999, 42.0932], [-71.4003, 42.0912], [-71.4046, 42.0922], [-71.402, 42.0895], [-71.413, 42.0853], [-71.4082, 42.0789], [-71.4036, 42.0782], [-71.4122, 42.0727], [-71.4187, 42.0779], [-71.427, 42.0901], [-71.4373, 42.099], [-71.4347, 42.1063], [-71.4397, 42.111], [-71.4405, 42.115], [-71.4334, 42.1224]]]}}, {"type": "Feature", "properties": {"fips": "25021443105", "gap_national": -56.2, "gap_stratum": -49.5, "burden": 34.4, "capacity": 78.8, "svi": 0.29, "top_decile_gap": 0.0, "stratum": "metropolitan", "scored": 1}, "geometry": {"type": "Polygon", "coordinates": [[[-71.5004, 42.1127], [-71.5014, 42.1167], [-71.4899, 42.1247], [-71.4875, 42.1236], [-71.4887, 42.1116], [-71.4863, 42.1048], [-71.4784, 42.0965], [-71.4749, 42.0957], [-71.4756, 42.0919], [-71.4708, 42.0898], [-71.4606, 42.0903], [-71.4593, 42.0974], [-71.4507, 42.0978], [-71.4485, 42.1039], [-71.4464, 42.1033], [-71.4519, 42.0838], [-71.4642, 42.0816], [-71.4719, 42.0754], [-71.4806, 42.0768], [-71.4878, 42.07], [-71.4983, 42.0758], [-71.4982, 42.0934], [-71.4953, 42.0999], [-71.5031, 42.1103], [-71.5004, 42.1127]]]}}, {"type": "Feature", "properties": {"fips": "25021400401", "gap_national": -77.9, "gap_stratum": -76.0, "burden": 12.0, "capacity": 76.0, "svi": 0.47, "top_decile_gap": 0.0, "stratum": "metropolitan", "scored": 1}, "geometry": {"type": "Polygon", "coordinates": [[[-71.1287, 42.3438], [-71.1272, 42.3454], [-71.1212, 42.342], [-71.1344, 42.3394], [-71.1282, 42.3417], [-71.1355, 42.3458], [-71.1287, 42.3438]]]}}, {"type": "Feature", "properties": {"fips": "25021413201", "gap_national": -50.9, "gap_stratum": -42.8, "burden": 47.5, "capacity": 92.5, "svi": 0.58, "top_decile_gap": 0.0, "stratum": "metropolitan", "scored": 1}, "geometry": {"type": "Polygon", "coordinates": [[[-71.1906, 42.2137], [-71.1828, 42.2126], [-71.1871, 42.2001], [-71.1836, 42.1933], [-71.1843, 42.1889], [-71.2004, 42.1949], [-71.1906, 42.2137]]]}}, {"type": "Feature", "properties": {"fips": "25021400402", "gap_national": -85.2, "gap_stratum": -84.3, "burden": 4.4, "capacity": 77.6, "svi": 0.15, "top_decile_gap": 0.0, "stratum": "metropolitan", "scored": 1}, "geometry": {"type": "Polygon", "coordinates": [[[-71.136, 42.3454], [-71.1282, 42.3417], [-71.1393, 42.3382], [-71.1407, 42.3416], [-71.136, 42.3454]]]}}, {"type": "Feature", "properties": {"fips": "25021417202", "gap_national": -54.8, "gap_stratum": -49.4, "burden": 29.2, "capacity": 72.4, "svi": 0.59, "top_decile_gap": 0.0, "stratum": "metropolitan", "scored": 1}, "geometry": {"type": "Polygon", "coordinates": [[[-71.0375, 42.2685], [-71.0347, 42.2657], [-71.0252, 42.2711], [-71.0203, 42.2665], [-71.0338, 42.2611], [-71.0416, 42.2684], [-71.0375, 42.2685]]]}}, {"type": "Feature", "properties": {"fips": "25021422201", "gap_national": -72.4, "gap_stratum": -71.7, "burden": 8.3, "capacity": 69.2, "svi": 0.36, "top_decile_gap": 0.0, "stratum": "metropolitan", "scored": 1}, "geometry": {"type": "Polygon", "coordinates": [[[-70.9544, 42.1649], [-70.9494, 42.1642], [-70.9402, 42.1677], [-70.9285, 42.1562], [-70.949, 42.1482], [-70.9552, 42.1581], [-70.9544, 42.1649]]]}}, {"type": "Feature", "properties": {"fips": "25021980000", "gap_national": null, "gap_stratum": null, "burden": null, "capacity": null, "svi": null, "top_decile_gap": null, "stratum": null, "scored": 0}, "geometry": {"type": "Polygon", "coordinates": [[[-71.0532, 42.2295], [-71.0342, 42.2267], [-71.0449, 42.2154], [-71.0449, 42.2065], [-71.0827, 42.2043], [-71.0932, 42.2139], [-71.0532, 42.2295]]]}}, {"type": "Feature", "properties": {"fips": "25021420101", "gap_national": -50.9, "gap_stratum": -43.2, "burden": 40.7, "capacity": 81.2, "svi": 0.64, "top_decile_gap": 0.0, "stratum": "metropolitan", "scored": 1}, "geometry": {"type": "Polygon", "coordinates": [[[-71.0416, 42.1818], [-71.043, 42.1926], [-71.0415, 42.1936], [-71.0296, 42.1915], [-71.0193, 42.1869], [-71.0191, 42.184], [-71.0199, 42.1805], [-71.0351, 42.1751], [-71.0485, 42.1748], [-71.0549, 42.1851], [-71.0416, 42.1818]]]}}, {"type": "Feature", "properties": {"fips": "25021403501", "gap_national": -73.5, "gap_stratum": -68.5, "burden": 28.4, "capacity": 94.0, "svi": 0.35, "top_decile_gap": 0.0, "stratum": "metropolitan", "scored": 1}, "geometry": {"type": "Polygon", "coordinates": [[[-71.2297, 42.3029], [-71.2302, 42.3104], [-71.2271, 42.3124], [-71.2267, 42.3083], [-71.2133, 42.3062], [-71.2116, 42.2997], [-71.2079, 42.2972], [-71.2158, 42.2931], [-71.225, 42.2964], [-71.2361, 42.2932], [-71.2355, 42.2969], [-71.2297, 42.3029]]]}}, {"type": "Feature", "properties": {"fips": "25021411102", "gap_national": -83.2, "gap_stratum": -80.6, "burden": 16.3, "capacity": 86.6, "svi": 0.01, "top_decile_gap": 0.0, "stratum": "metropolitan", "scored": 1}, "geometry": {"type": "Polygon", "coordinates": [[[-71.2521, 42.147], [-71.2368, 42.1478], [-71.2153, 42.1403], [-71.232, 42.1315], [-71.2331, 42.1236], [-71.2636, 42.1309], [-71.2521, 42.147]]]}}, {"type": "Feature", "properties": {"fips": "25027761401", "gap_national": -76.5, "gap_stratum": -96.2, "burden": 25.3, "capacity": 92.4, "svi": 0.06, "top_decile_gap": 0.0, "stratum": "rural", "scored": 1}, "geometry": {"type": "Polygon", "coordinates": [[[-71.6348, 42.48], [-71.6321, 42.4832], [-71.6342, 42.4858], [-71.6316, 42.4854], [-71.6277, 42.4938], [-71.6067, 42.5171], [-71.5919, 42.5236], [-71.5622, 42.5226], [-71.5338, 42.5277], [-71.5298, 42.5198], [-71.5603, 42.4743], [-71.5434, 42.4665], [-71.5489, 42.4473], [-71.6358, 42.4769], [-71.6336, 42.4772], [-71.6348, 42.48]]]}}, {"type": "Feature", "properties": {"fips": "25027701102", "gap_national": -14.1, "gap_stratum": -6.3, "burden": 60.5, "capacity": 69.0, "svi": 0.56, "top_decile_gap": 0.0, "stratum": "metropolitan", "scored": 1}, "geometry": {"type": "Polygon", "coordinates": [[[-72.0643, 42.6809], [-72.0567, 42.6816], [-72.0613, 42.6883], [-72.0497, 42.6891], [-72.0484, 42.6932], [-72.0428, 42.6935], [-72.0378, 42.6977], [-72.035, 42.6981], [-72.0363, 42.6873], [-72.0238, 42.6879], [-72.0193, 42.6925], [-72.0268, 42.682], [-72.0329, 42.6806], [-72.0318, 42.6789], [-72.0356, 42.6769], [-72.0354, 42.6744], [-72.0451, 42.6792], [-72.0473, 42.6781], [-72.0438, 42.6694], [-72.0481, 42.6696], [-72.0595, 42.6782], [-72.0677, 42.6762], [-72.0643, 42.6809]]]}}, {"type": "Feature", "properties": {"fips": "25027752101", "gap_national": -71.4, "gap_stratum": -67.6, "burden": 20.6, "capacity": 78.3, "svi": 0.06, "top_decile_gap": 0.0, "stratum": "metropolitan", "scored": 1}, "geometry": {"type": "Polygon", "coordinates": [[[-71.6967, 42.0953], [-71.6963, 42.0711], [-71.6792, 42.0742], [-71.6824, 42.0438], [-71.6812, 42.0211], [-71.7544, 42.0613], [-71.7602, 42.0833], [-71.6967, 42.0953]]]}}, {"type": "Feature", "properties": {"fips": "25027744103", "gap_national": -62.2, "gap_stratum": -55.9, "burden": 32.9, "capacity": 83.7, "svi": 0.28, "top_decile_gap": 0.0, "stratum": "metropolitan", "scored": 1}, "geometry": {"type": "Polygon", "coordinates": [[[-71.5069, 42.1889], [-71.5026, 42.1914], [-71.4974, 42.1666], [-71.478, 42.1659], [-71.4782, 42.154], [-71.5028, 42.1675], [-71.5089, 42.1684], [-71.5084, 42.1619], [-71.516, 42.1605], [-71.5187, 42.1565], [-71.5232, 42.155], [-71.5264, 42.1666], [-71.5397, 42.1856], [-71.5393, 42.1897], [-71.5069, 42.1889]]]}}, {"type": "Feature", "properties": {"fips": "25027709203", "gap_national": -42.2, "gap_stratum": -33.7, "burden": 47.7, "capacity": 80.4, "svi": 0.66, "top_decile_gap": 0.0, "stratum": "metropolitan", "scored": 1}, "geometry": {"type": "Polygon", "coordinates": [[[-71.747, 42.5124], [-71.7387, 42.5004], [-71.7345, 42.4901], [-71.7355, 42.4763], [-71.7503, 42.4788], [-71.7451, 42.4912], [-71.7451, 42.5008], [-71.7584, 42.5192], [-71.747, 42.5124]]]}}, {"type": "Feature", "properties": {"fips": "25027705101", "gap_national": -52.4, "gap_stratum": -45.1, "burden": 37.8, "capacity": 79.1, "svi": 0.2, "top_decile_gap": 0.0, "stratum": "metropolitan", "scored": 1}, "geometry": {"type": "Polygon", "coordinates": [[[-72.1049, 42.5675], [-72.0747, 42.5699], [-72.062, 42.5664], [-72.0414, 42.5553], [-72.0421, 42.5629], [-72.0366, 42.5633], [-72.0275, 42.5701], [-72.027, 42.5734], [-72.0186, 42.5767], [-72.016, 42.5738], [-72.0195, 42.571], [-72.015, 42.5679], [-72.027, 42.5632], [-72.0014, 42.5466], [-72.082, 42.4956], [-72.0803, 42.4993], [-72.085, 42.5052], [-72.0853, 42.5121], [-72.0919, 42.5188], [-72.0906, 42.5238], [-72.0954, 42.5355], [-72.1226, 42.5699], [-72.1049, 42.5675]]]}}, {"type": "Feature", "properties": {"fips": "25025000806", "gap_national": -24.0, "gap_stratum": -25.8, "burden": 2.3, "capacity": 31.7, "svi": 0.38, "top_decile_gap": 0.0, "stratum": "metropolitan", "scored": 1}, "geometry": {"type": "Polygon", "coordinates": [[[-71.1313, 42.3674], [-71.1301, 42.3726], [-71.1279, 42.3726], [-71.1253, 42.3689], [-71.1186, 42.3672], [-71.1181, 42.3551], [-71.1314, 42.3561], [-71.1232, 42.359], [-71.1247, 42.3625], [-71.123, 42.3638], [-71.1302, 42.3627], [-71.1353, 42.3632], [-71.1313, 42.3674]]]}}, {"type": "Feature", "properties": {"fips": "25025010206", "gap_national": -23.2, "gap_stratum": -24.9, "burden": 2.7, "capacity": 31.2, "svi": 0.38, "top_decile_gap": 0.0, "stratum": "metropolitan", "scored": 1}, "geometry": {"type": "Polygon", "coordinates": [[[-71.0896, 42.3476], [-71.0878, 42.3473], [-71.0974, 42.3437], [-71.0981, 42.3476], [-71.0896, 42.3476]]]}}, {"type": "Feature", "properties": {"fips": "25025170301", "gap_national": -47.1, "gap_stratum": -43.0, "burden": 27.3, "capacity": 65.2, "svi": 0.5, "top_decile_gap": 0.0, "stratum": "metropolitan", "scored": 1}, "geometry": {"type": "Polygon", "coordinates": [[[-71.0241, 42.4316], [-71.016, 42.4287], [-71.0108, 42.4245], [-71.0139, 42.4224], [-71.0059, 42.4195], [-71.0084, 42.4161], [-71.0293, 42.4219], [-71.0241, 42.4316]]]}}, {"type": "Feature", "properties": {"fips": "25025081102", "gap_national": -31.6, "gap_stratum": -33.0, "burden": 10.5, "capacity": 42.3, "svi": 0.78, "top_decile_gap": 0.0, "stratum": "metropolitan", "scored": 1}, "geometry": {"type": "Polygon", "coordinates": [[[-71.1096, 42.3332], [-71.1096, 42.331], [-71.0994, 42.328], [-71.1065, 42.3265], [-71.1123, 42.332], [-71.1096, 42.3332]]]}}, {"type": "Feature", "properties": {"fips": "25025000805", "gap_national": -21.2, "gap_stratum": -22.9, "burden": 2.2, "capacity": 29.1, "svi": 0.54, "top_decile_gap": 0.0, "stratum": "metropolitan", "scored": 1}, "geometry": {"type": "Polygon", "coordinates": [[[-71.1314, 42.3561], [-71.1207, 42.3546], [-71.1213, 42.3519], [-71.1373, 42.3536], [-71.1314, 42.3561]]]}}, {"type": "Feature", "properties": {"fips": "25017385203", "gap_national": -78.4, "gap_stratum": -75.5, "burden": 16.5, "capacity": 80.9, "svi": 0.13, "top_decile_gap": 0.0, "stratum": "metropolitan", "scored": 1}, "geometry": {"type": "Polygon", "coordinates": [[[-71.4466, 42.2436], [-71.4399, 42.2487], [-71.4409, 42.252], [-71.4293, 42.2625], [-71.4193, 42.2573], [-71.4201, 42.2381], [-71.4461, 42.2341], [-71.451, 42.2447], [-71.4466, 42.2436]]]}}, {"type": "Feature", "properties": {"fips": "25017332202", "gap_national": -73.6, "gap_stratum": -71.8, "burden": 12.3, "capacity": 72.6, "svi": 0.24, "top_decile_gap": 0.0, "stratum": "metropolitan", "scored": 1}, "geometry": {"type": "Polygon", "coordinates": [[[-71.1897, 42.5122], [-71.1919, 42.5169], [-71.1892, 42.5213], [-71.1777, 42.5219], [-71.17, 42.5155], [-71.1685, 42.4975], [-71.1808, 42.4951], [-71.1916, 42.4885], [-71.1946, 42.4949], [-71.1958, 42.5064], [-71.1994, 42.5101], [-71.1897, 42.5122]]]}}, {"type": "Feature", "properties": {"fips": "25017350701", "gap_national": -45.0, "gap_stratum": -47.3, "burden": 3.0, "capacity": 48.5, "svi": 0.08, "top_decile_gap": 0.0, "stratum": "metropolitan", "scored": 1}, "geometry": {"type": "Polygon", "coordinates": [[[-71.1281, 42.4107], [-71.1261, 42.4093], [-71.1272, 42.4077], [-71.1249, 42.4068], [-71.1272, 42.4033], [-71.1307, 42.4009], [-71.1336, 42.4035], [-71.1281, 42.4107]]]}}, {"type": "Feature", "properties": {"fips": "25017325102", "gap_national": -34.5, "gap_stratum": -27.5, "burden": 41.3, "capacity": 67.8, "svi": 0.62, "top_decile_gap": 0.0, "stratum": "metropolitan", "scored": 1}, "geometry": {"type": "Polygon", "coordinates": [[[-71.611, 42.5543], [-71.6125, 42.5589], [-71.6066, 42.5663], [-71.6113, 42.5684], [-71.616, 42.5749], [-71.6096, 42.5781], [-71.6069, 42.5832], [-71.5632, 42.5773], [-71.5731, 42.5706], [-71.5726, 42.5671], [-71.5776, 42.5576], [-71.5645, 42.5574], [-71.5779, 42.55], [-71.5946, 42.5434], [-71.6079, 42.5454], [-71.6199, 42.5525], [-71.611, 42.5543]]]}}, {"type": "Feature", "properties": {"fips": "25017370403", "gap_national": -68.3, "gap_stratum": -68.5, "burden": 5.1, "capacity": 64.9, "svi": 0.12, "top_decile_gap": 0.0, "stratum": "metropolitan", "scored": 1}, "geometry": {"type": "Polygon", "coordinates": [[[-71.1922, 42.3654], [-71.1849, 42.3647], [-71.1821, 42.3607], [-71.1852, 42.3592], [-71.1963, 42.3618], [-71.1922, 42.3654]]]}}, {"type": "Feature", "properties": {"fips": "25017351002", "gap_national": -46.2, "gap_stratum": -48.6, "burden": 2.2, "capacity": 49.1, "svi": 0.2, "top_decile_gap": 0.0, "stratum": "metropolitan", "scored": 1}, "geometry": {"type": "Polygon", "coordinates": [[[-71.1137, 42.3948], [-71.1067, 42.3921], [-71.1094, 42.3909], [-71.1096, 42.3878], [-71.1151, 42.3928], [-71.1137, 42.3948]]]}}, {"type": "Feature", "properties": {"fips": "25017323101", "gap_national": -83.1, "gap_stratum": -80.8, "burden": 14.0, "capacity": 83.4, "svi": 0.12, "top_decile_gap": 0.0, "stratum": "metropolitan", "scored": 1}, "geometry": {"type": "Polygon", "coordinates": [[[-71.541, 42.4153], [-71.539, 42.4216], [-71.5292, 42.4346], [-71.5119, 42.4369], [-71.5111, 42.4473], [-71.5007, 42.4421], [-71.4827, 42.4483], [-71.4769, 42.4444], [-71.4827, 42.4404], [-71.4845, 42.4326], [-71.4744, 42.4216], [-71.4863, 42.4163], [-71.4966, 42.4147], [-71.4967, 42.4074], [-71.4849, 42.3995], [-71.482, 42.4004], [-71.4711, 42.3962], [-71.4727, 42.39], [-71.4861, 42.3933], [-71.4869, 42.396], [-71.5005, 42.3954], [-71.5036, 42.3975], [-71.5179, 42.3982], [-71.5268, 42.3961], [-71.528, 42.4015], [-71.5511, 42.4092], [-71.5512, 42.4124], [-71.541, 42.4153]]]}}, {"type": "Feature", "properties": {"fips": "25017354901", "gap_national": -49.9, "gap_stratum": -52.3, "burden": 0.8, "capacity": 51.3, "svi": 0.12, "top_decile_gap": 0.0, "stratum": "metropolitan", "scored": 1}, "geometry": {"type": "Polygon", "coordinates": [[[-71.1522, 42.4008], [-71.1428, 42.3979], [-71.1411, 42.3921], [-71.1563, 42.3959], [-71.1522, 42.4008]]]}}, {"type": "Feature", "properties": {"fips": "25017383401", "gap_national": -5.8, "gap_stratum": -3.3, "burden": 27.4, "capacity": 36.0, "svi": 0.73, "top_decile_gap": 0.0, "stratum": "metropolitan", "scored": 1}, "geometry": {"type": "Polygon", "coordinates": [[[-71.4188, 42.2907], [-71.4102, 42.2875], [-71.4148, 42.2825], [-71.4062, 42.2792], [-71.4168, 42.277], [-71.424, 42.2895], [-71.4188, 42.2907]]]}}, {"type": "Feature", "properties": {"fips": "25017321301", "gap_national": 24.1, "gap_stratum": 30.2, "burden": 47.5, "capacity": 30.3, "svi": 0.86, "top_decile_gap": 0.0, "stratum": "metropolitan", "scored": 1}, "geometry": {"type": "Polygon", "coordinates": [[[-71.5408, 42.3511], [-71.5435, 42.3452], [-71.5415, 42.3345], [-71.5475, 42.3348], [-71.5595, 42.3459], [-71.5408, 42.3511]]]}}, {"type": "Feature", "properties": {"fips": "25017320107", "gap_national": -81.0, "gap_stratum": -80.2, "burden": 4.4, "capacity": 73.9, "svi": 0.13, "top_decile_gap": 0.0, "stratum": "metropolitan", "scored": 1}, "geometry": {"type": "Polygon", "coordinates": [[[-71.5162, 42.2535], [-71.486, 42.247], [-71.4863, 42.2313], [-71.4671, 42.2308], [-71.4603, 42.2163], [-71.4796, 42.2056], [-71.4957, 42.21], [-71.4967, 42.2154], [-71.4947, 42.2185], [-71.5041, 42.2268], [-71.5017, 42.2288], [-71.5038, 42.2326], [-71.5157, 42.2347], [-71.5167, 42.2452], [-71.5216, 42.246], [-71.5162, 42.2535]]]}}, {"type": "Feature", "properties": {"fips": "25025030302", "gap_national": -38.4, "gap_stratum": -40.1, "burden": 8.2, "capacity": 46.1, "svi": 0.48, "top_decile_gap": 0.0, "stratum": "metropolitan", "scored": 1}, "geometry": {"type": "Polygon", "coordinates": [[[-71.0584, 42.3646], [-71.0516, 42.3588], [-71.0587, 42.357], [-71.0626, 42.358], [-71.0629, 42.3612], [-71.0584, 42.3646]]]}}, {"type": "Feature", "properties": {"fips": "25023505201", "gap_national": -69.8, "gap_stratum": -64.1, "burden": 31.8, "capacity": 94.7, "svi": 0.13, "top_decile_gap": 0.0, "stratum": "metropolitan", "scored": 1}, "geometry": {"type": "Polygon", "coordinates": [[[-70.7677, 42.1835], [-70.7558, 42.1779], [-70.7465, 42.1768], [-70.7464, 42.1798], [-70.7383, 42.1822], [-70.7343, 42.1872], [-70.7254, 42.1827], [-70.7186, 42.1847], [-70.7148, 42.1766], [-70.7143, 42.1688], [-70.7063, 42.1631], [-70.6795, 42.1263], [-70.683, 42.1253], [-70.7013, 42.1453], [-70.7022, 42.1511], [-70.7104, 42.1539], [-70.7133, 42.1612], [-70.7242, 42.1654], [-70.7293, 42.1651], [-70.733, 42.1607], [-70.7363, 42.1624], [-70.7456, 42.1616], [-70.749, 42.165], [-70.7524, 42.1639], [-70.7789, 42.1842], [-70.7677, 42.1835]]]}}, {"type": "Feature", "properties": {"fips": "25023505104", "gap_national": -71.8, "gap_stratum": -67.1, "burden": 26.1, "capacity": 85.9, "svi": 0.01, "top_decile_gap": 0.0, "stratum": "metropolitan", "scored": 1}, "geometry": {"type": "Polygon", "coordinates": [[[-70.755, 42.2217], [-70.7488, 42.2233], [-70.7391, 42.2196], [-70.7306, 42.2109], [-70.7223, 42.208], [-70.7181, 42.209], [-70.713, 42.2044], [-70.7135, 42.2024], [-70.7272, 42.2009], [-70.731, 42.2049], [-70.7386, 42.2066], [-70.7363, 42.1982], [-70.7417, 42.1988], [-70.7611, 42.2115], [-70.7575, 42.2123], [-70.755, 42.2217]]]}}, {"type": "Feature", "properties": {"fips": "25017359302", "gap_national": null, "gap_stratum": null, "burden": null, "capacity": null, "svi": null, "top_decile_gap": null, "stratum": null, "scored": 0}, "geometry": {"type": "Polygon", "coordinates": [[[-71.2893, 42.4646], [-71.2897, 42.4662], [-71.2804, 42.46], [-71.2873, 42.4573], [-71.2965, 42.4579], [-71.2988, 42.4627], [-71.2893, 42.4646]]]}}, {"type": "Feature", "properties": {"fips": "25009212101", "gap_national": -49.2, "gap_stratum": -45.0, "burden": 27.1, "capacity": 66.5, "svi": 0.15, "top_decile_gap": 0.0, "stratum": "metropolitan", "scored": 1}, "geometry": {"type": "Polygon", "coordinates": [[[-71.0223, 42.6416], [-70.9853, 42.6217], [-70.9761, 42.6211], [-70.9852, 42.6117], [-70.9808, 42.6064], [-70.9648, 42.5996], [-70.9861, 42.5918], [-70.9856, 42.5899], [-70.9916, 42.5865], [-70.9898, 42.581], [-70.9934, 42.5739], [-71.0113, 42.5881], [-71.0156, 42.5949], [-71.0014, 42.5965], [-71.0029, 42.6045], [-71.0081, 42.6118], [-71.0177, 42.6163], [-71.023, 42.6144], [-71.0253, 42.6051], [-71.0297, 42.604], [-71.0556, 42.6229], [-71.0546, 42.6277], [-71.0223, 42.6416]]]}}, {"type": "Feature", "properties": {"fips": "25025060602", "gap_national": -42.5, "gap_stratum": -44.9, "burden": 1.8, "capacity": 46.4, "svi": 0.06, "top_decile_gap": 0.0, "stratum": "metropolitan", "scored": 1}, "geometry": {"type": "Polygon", "coordinates": [[[-71.0461, 42.3483], [-71.0395, 42.3445], [-71.0471, 42.3397], [-71.0513, 42.3438], [-71.0461, 42.3483]]]}}, {"type": "Feature", "properties": {"fips": "25011040200", "gap_national": -46.9, "gap_stratum": -84.2, "burden": 48.1, "capacity": 86.8, "svi": 0.28, "top_decile_gap": 0.0, "stratum": "rural", "scored": 1}, "geometry": {"type": "Polygon", "coordinates": [[[-72.5167, 42.7285], [-72.4962, 42.6786], [-72.4901, 42.68], [-72.4894, 42.674], [-72.4865, 42.6733], [-72.4851, 42.6775], [-72.4807, 42.6771], [-72.4758, 42.6707], [-72.4718, 42.6701], [-72.4715, 42.6644], [-72.4654, 42.6568], [-72.4665, 42.6525], [-72.4888, 42.6361], [-72.4894, 42.6336], [-72.4803, 42.6191], [-72.482, 42.6114], [-72.5001, 42.5968], [-72.5067, 42.6038], [-72.5206, 42.6045], [-72.5391, 42.5968], [-72.5442, 42.5972], [-72.5458, 42.6048], [-72.5527, 42.6122], [-72.5493, 42.6175], [-72.5489, 42.6255], [-72.5517, 42.627], [-72.5514, 42.6303], [-72.5468, 42.6354], [-72.5491, 42.6412], [-72.5404, 42.6457], [-72.5408, 42.6557], [-72.6209, 42.6469], [-72.6196, 42.6486], [-72.6246, 42.6514], [-72.6254, 42.6578], [-72.6332, 42.661], [-72.6315, 42.6651], [-72.6371, 42.67], [-72.6518, 42.6764], [-72.6553, 42.6811], [-72.6521, 42.6851], [-72.6563, 42.6867], [-72.6567, 42.6908], [-72.6624, 42.6925], [-72.6662, 42.7004], [-72.6709, 42.7037], [-72.6706, 42.7079], [-72.6745, 42.7083], [-72.6699, 42.7168], [-72.6747, 42.7329], [-72.5167, 42.7285]]]}}, {"type": "Feature", "properties": {"fips": "25011040701", "gap_national": -15.7, "gap_stratum": -45.8, "burden": 51.7, "capacity": 63.1, "svi": 0.67, "top_decile_gap": 0.0, "stratum": "micropolitan", "scored": 1}, "geometry": {"type": "Polygon", "coordinates": [[[-72.5668, 42.6062], [-72.5527, 42.6122], [-72.5458, 42.6048], [-72.5442, 42.5972], [-72.5391, 42.5968], [-72.5286, 42.5895], [-72.5381, 42.5886], [-72.5455, 42.5934], [-72.5492, 42.5929], [-72.5502, 42.5966], [-72.5609, 42.591], [-72.561, 42.5888], [-72.5732, 42.5869], [-72.5748, 42.5794], [-72.5781, 42.5785], [-72.5832, 42.5924], [-72.5668, 42.6062]]]}}, {"type": "Feature", "properties": {"fips": "25011040300", "gap_national": -56.5, "gap_stratum": -85.5, "burden": 38.8, "capacity": 85.1, "svi": 0.2, "top_decile_gap": 0.0, "stratum": "micropolitan", "scored": 1}, "geometry": {"type": "Polygon", "coordinates": [[[-72.412, 42.7254], [-72.3771, 42.6393], [-72.4634, 42.62], [-72.4617, 42.6065], [-72.491, 42.604], [-72.482, 42.6114], [-72.4799, 42.616], [-72.4888, 42.6361], [-72.4665, 42.6525], [-72.4654, 42.6568], [-72.4715, 42.6644], [-72.4718, 42.6701], [-72.4758, 42.6707], [-72.4807, 42.6771], [-72.4851, 42.6775], [-72.4865, 42.6733], [-72.4894, 42.674], [-72.4901, 42.68], [-72.4962, 42.6786], [-72.5167, 42.7285], [-72.412, 42.7254]]]}}, {"type": "Feature", "properties": {"fips": "25011041100", "gap_national": -64.0, "gap_stratum": -89.1, "burden": 34.2, "capacity": 88.2, "svi": 0.54, "top_decile_gap": 0.0, "stratum": "micropolitan", "scored": 1}, "geometry": {"type": "Polygon", "coordinates": [[[-72.5946, 42.6171], [-72.5755, 42.637], [-72.5541, 42.6547], [-72.5408, 42.6557], [-72.5404, 42.6457], [-72.5491, 42.6412], [-72.5468, 42.6354], [-72.5514, 42.6303], [-72.5517, 42.627], [-72.5489, 42.6255], [-72.5493, 42.6175], [-72.5527, 42.6122], [-72.5668, 42.6062], [-72.5832, 42.5924], [-72.5781, 42.5785], [-72.5792, 42.5713], [-72.5913, 42.5699], [-72.5977, 42.5808], [-72.595, 42.5773], [-72.5933, 42.5844], [-72.596, 42.5873], [-72.5934, 42.5923], [-72.581, 42.6039], [-72.5912, 42.6065], [-72.6121, 42.607], [-72.5946, 42.6171]]]}}, {"type": "Feature", "properties": {"fips": "25011040800", "gap_national": -53.1, "gap_stratum": -49.5, "burden": 23.9, "capacity": 66.6, "svi": 0.56, "top_decile_gap": 0.0, "stratum": "metropolitan", "scored": 1}, "geometry": {"type": "Polygon", "coordinates": [[[-72.7009, 42.4529], [-72.6574, 42.4584], [-72.6562, 42.47], [-72.6324, 42.4729], [-72.6315, 42.4683], [-72.6111, 42.4712], [-72.6092, 42.464], [-72.5855, 42.4668], [-72.5712, 42.4819], [-72.5681, 42.497], [-72.5568, 42.5065], [-72.5209, 42.5102], [-72.5243, 42.4765], [-72.5347, 42.4585], [-72.5343, 42.4422], [-72.531, 42.4289], [-72.5856, 42.4231], [-72.6223, 42.4151], [-72.7044, 42.4056], [-72.7009, 42.4529]]]}}, {"type": "Feature", "properties": {"fips": "25025120105", "gap_national": -79.5, "gap_stratum": -75.5, "burden": 24.1, "capacity": 97.6, "svi": 0.24, "top_decile_gap": 0.0, "stratum": "metropolitan", "scored": 1}, "geometry": {"type": "Polygon", "coordinates": [[[-71.1237, 42.3227], [-71.1195, 42.3227], [-71.1258, 42.3187], [-71.1207, 42.309], [-71.1262, 42.3019], [-71.1279, 42.3002], [-71.1401, 42.3021], [-71.1237, 42.3227]]]}}, {"type": "Feature", "properties": {"fips": "25025010500", "gap_national": -31.2, "gap_stratum": -33.2, "burden": 4.8, "capacity": 38.8, "svi": 0.69, "top_decile_gap": 0.0, "stratum": "metropolitan", "scored": 1}, "geometry": {"type": "Polygon", "coordinates": [[[-71.0856, 42.3479], [-71.0801, 42.3442], [-71.0832, 42.3416], [-71.0878, 42.3473], [-71.0856, 42.3479]]]}}, {"type": "Feature", "properties": {"fips": "25025010600", "gap_national": -83.9, "gap_stratum": -82.5, "burden": 8.4, "capacity": 79.0, "svi": 0.3, "top_decile_gap": 0.0, "stratum": "metropolitan", "scored": 1}, "geometry": {"type": "Polygon", "coordinates": [[[-71.0774, 42.3501], [-71.072, 42.349], [-71.0801, 42.3442], [-71.0856, 42.3479], [-71.0774, 42.3501]]]}}, {"type": "Feature", "properties": {"fips": "25025030400", "gap_national": -56.6, "gap_stratum": -58.5, "burden": 1.8, "capacity": 56.1, "svi": 0.35, "top_decile_gap": 0.0, "stratum": "metropolitan", "scored": 1}, "geometry": {"type": "Polygon", "coordinates": [[[-71.054, 42.3669], [-71.0501, 42.3623], [-71.0528, 42.3609], [-71.0558, 42.3636], [-71.054, 42.3669]]]}}, {"type": "Feature", "properties": {"fips": "25025040200", "gap_national": -37.0, "gap_stratum": -35.3, "burden": 23.2, "capacity": 55.5, "svi": 0.66, "top_decile_gap": 0.0, "stratum": "metropolitan", "scored": 1}, "geometry": {"type": "Polygon", "coordinates": [[[-71.0565, 42.3769], [-71.0559, 42.3791], [-71.0529, 42.3784], [-71.0578, 42.3742], [-71.0599, 42.3781], [-71.0565, 42.3769]]]}}, {"type": "Feature", "properties": {"fips": "25025100900", "gap_national": -62.1, "gap_stratum": -55.8, "burden": 32.3, "capacity": 82.7, "svi": 0.56, "top_decile_gap": 0.0, "stratum": "metropolitan", "scored": 1}, "geometry": {"type": "Polygon", "coordinates": [[[-71.0789, 42.2716], [-71.0773, 42.2772], [-71.0804, 42.279], [-71.0659, 42.2799], [-71.0681, 42.271], [-71.0828, 42.2686], [-71.0901, 42.2699], [-71.0789, 42.2716]]]}}, {"type": "Feature", "properties": {"fips": "25025101002", "gap_national": -1.6, "gap_stratum": 2.9, "burden": 80.8, "capacity": 77.4, "svi": 0.98, "top_decile_gap": 0.0, "stratum": "metropolitan", "scored": 1}, "geometry": {"type": "Polygon", "coordinates": [[[-71.0937, 42.2729], [-71.0855, 42.281], [-71.0773, 42.2772], [-71.0789, 42.2716], [-71.0901, 42.2699], [-71.0903, 42.2666], [-71.0939, 42.2676], [-71.0937, 42.2729]]]}}, {"type": "Feature", "properties": {"fips": "25025110501", "gap_national": -82.9, "gap_stratum": -81.4, "burden": 9.2, "capacity": 78.6, "svi": 0.05, "top_decile_gap": 0.0, "stratum": "metropolitan", "scored": 1}, "geometry": {"type": "Polygon", "coordinates": [[[-71.1374, 42.2863], [-71.137, 42.2783], [-71.1407, 42.2752], [-71.1478, 42.286], [-71.1374, 42.2863]]]}}, {"type": "Feature", "properties": {"fips": "25021456102", "gap_national": -32.7, "gap_stratum": -24.2, "burden": 49.7, "capacity": 73.7, "svi": 0.48, "top_decile_gap": 0.0, "stratum": "metropolitan", "scored": 1}, "geometry": {"type": "Polygon", "coordinates": [[[-71.0703, 42.1259], [-71.0741, 42.1232], [-71.072, 42.1132], [-71.0742, 42.112], [-71.0867, 42.1201], [-71.0952, 42.1199], [-71.0987, 42.1223], [-71.1013, 42.1201], [-71.1017, 42.1355], [-71.0703, 42.1259]]]}}, {"type": "Feature", "properties": {"fips": "25021456401", "gap_national": -35.4, "gap_stratum": -27.4, "burden": 45.5, "capacity": 72.0, "svi": 0.49, "top_decile_gap": 0.0, "stratum": "metropolitan", "scored": 1}, "geometry": {"type": "Polygon", "coordinates": [[[-71.1023, 42.1253], [-71.1013, 42.1201], [-71.1111, 42.123], [-71.1191, 42.1217], [-71.132, 42.1264], [-71.1421, 42.1226], [-71.1484, 42.1285], [-71.1498, 42.1372], [-71.1023, 42.1253]]]}}, {"type": "Feature", "properties": {"fips": "25021411200", "gap_national": -79.5, "gap_stratum": -77.3, "burden": 13.1, "capacity": 78.5, "svi": 0.24, "top_decile_gap": 0.0, "stratum": "metropolitan", "scored": 1}, "geometry": {"type": "Polygon", "coordinates": [[[-71.2261, 42.1718], [-71.2199, 42.1684], [-71.2134, 42.1687], [-71.2025, 42.1601], [-71.1945, 42.1499], [-71.2179, 42.1402], [-71.2368, 42.1478], [-71.2521, 42.147], [-71.2261, 42.1718]]]}}, {"type": "Feature", "properties": {"fips": "25021411301", "gap_national": -78.2, "gap_stratum": -74.4, "burden": 22.0, "capacity": 88.6, "svi": 0.24, "top_decile_gap": 0.0, "stratum": "metropolitan", "scored": 1}, "geometry": {"type": "Polygon", "coordinates": [[[-71.2696, 42.2005], [-71.2582, 42.2041], [-71.2514, 42.2026], [-71.2441, 42.197], [-71.2409, 42.1843], [-71.2336, 42.1813], [-71.2261, 42.1718], [-71.2561, 42.1465], [-71.2754, 42.166], [-71.2757, 42.1817], [-71.2696, 42.2005]]]}}, {"type": "Feature", "properties": {"fips": "25021412200", "gap_national": -68.9, "gap_stratum": -63.0, "burden": 33.2, "capacity": 96.9, "svi": 0.2, "top_decile_gap": 0.0, "stratum": "metropolitan", "scored": 1}, "geometry": {"type": "Polygon", "coordinates": [[[-71.2317, 42.2593], [-71.1861, 42.2286], [-71.1987, 42.2213], [-71.2226, 42.225], [-71.2371, 42.2166], [-71.2473, 42.2144], [-71.2317, 42.2593]]]}}, {"type": "Feature", "properties": {"fips": "25021412300", "gap_national": -82.7, "gap_stratum": -80.3, "burden": 14.1, "capacity": 83.0, "svi": 0.2, "top_decile_gap": 0.0, "stratum": "metropolitan", "scored": 1}, "geometry": {"type": "Polygon", "coordinates": [[[-71.1955, 42.2222], [-71.1861, 42.2286], [-71.1667, 42.2236], [-71.1459, 42.2092], [-71.1484, 42.2064], [-71.1457, 42.2061], [-71.1548, 42.1969], [-71.1787, 42.2123], [-71.1991, 42.2137], [-71.2026, 42.221], [-71.1955, 42.2222]]]}}, {"type": "Feature", "properties": {"fips": "25021422502", "gap_national": -38.9, "gap_stratum": -31.7, "burden": 40.6, "capacity": 70.3, "svi": 0.54, "top_decile_gap": 0.0, "stratum": "metropolitan", "scored": 1}, "geometry": {"type": "Polygon", "coordinates": [[[-70.9473, 42.2188], [-70.9389, 42.2223], [-70.9395, 42.2251], [-70.9315, 42.2223], [-70.925, 42.2144], [-70.9354, 42.2064], [-70.9386, 42.1998], [-70.9456, 42.2014], [-70.943, 42.2078], [-70.9483, 42.2118], [-70.9473, 42.2188]]]}}, {"type": "Feature", "properties": {"fips": "25021422600", "gap_national": -71.6, "gap_stratum": -67.5, "burden": 22.0, "capacity": 80.1, "svi": 0.12, "top_decile_gap": 0.0, "stratum": "metropolitan", "scored": 1}, "geometry": {"type": "Polygon", "coordinates": [[[-70.9609, 42.2269], [-70.9605, 42.2351], [-70.9497, 42.2362], [-70.9491, 42.2384], [-70.9481, 42.234], [-70.9427, 42.2311], [-70.9361, 42.2359], [-70.9305, 42.2361], [-70.9335, 42.2394], [-70.9333, 42.2459], [-70.9311, 42.2464], [-70.9224, 42.2293], [-70.9235, 42.2259], [-70.9147, 42.2251], [-70.9163, 42.215], [-70.9181, 42.2147], [-70.9253, 42.2157], [-70.9366, 42.2246], [-70.9395, 42.2251], [-70.9389, 42.2223], [-70.9485, 42.2178], [-70.9488, 42.222], [-70.9551, 42.2215], [-70.9562, 42.225], [-70.9681, 42.2215], [-70.9609, 42.2269]]]}}, {"type": "Feature", "properties": {"fips": "25021456302", "gap_national": -30.7, "gap_stratum": -23.0, "burden": 63.6, "capacity": 89.8, "svi": 0.63, "top_decile_gap": 0.0, "stratum": "metropolitan", "scored": 1}, "geometry": {"type": "Polygon", "coordinates": [[[-71.1408, 42.1381], [-71.1346, 42.1437], [-71.1311, 42.1428], [-71.1318, 42.1393], [-71.1041, 42.1459], [-71.1017, 42.1355], [-71.1294, 42.1307], [-71.1494, 42.1382], [-71.1408, 42.1381]]]}}, {"type": "Feature", "properties": {"fips": "25021417602", "gap_national": -57.8, "gap_stratum": -51.6, "burden": 31.8, "capacity": 77.6, "svi": 0.63, "top_decile_gap": 0.0, "stratum": "metropolitan", "scored": 1}, "geometry": {"type": "Polygon", "coordinates": [[[-71.0154, 42.2707], [-71.0088, 42.2709], [-71.0088, 42.2768], [-70.9983, 42.2724], [-70.996, 42.2668], [-71.0034, 42.2605], [-71.0177, 42.2566], [-71.0144, 42.2606], [-71.0194, 42.2656], [-71.0154, 42.2707]]]}}, {"type": "Feature", "properties": {"fips": "25021415101", "gap_national": -83.1, "gap_stratum": -80.6, "burden": 15.7, "capacity": 85.5, "svi": 0.33, "top_decile_gap": 0.0, "stratum": "metropolitan", "scored": 1}, "geometry": {"type": "Polygon", "coordinates": [[[-71.1673, 42.1692], [-71.1687, 42.1723], [-71.1638, 42.1729], [-71.1654, 42.1749], [-71.1638, 42.1764], [-71.1679, 42.1794], [-71.164, 42.1813], [-71.1638, 42.1875], [-71.1603, 42.1885], [-71.1548, 42.1969], [-71.1408, 42.1753], [-71.1383, 42.1728], [-71.1361, 42.1738], [-71.1311, 42.1579], [-71.1468, 42.1595], [-71.1537, 42.1641], [-71.1539, 42.1669], [-71.1574, 42.1613], [-71.1541, 42.1579], [-71.1554, 42.1546], [-71.1607, 42.1479], [-71.1647, 42.1469], [-71.1758, 42.1556], [-71.1779, 42.1641], [-71.1673, 42.1692]]]}}, {"type": "Feature", "properties": {"fips": "25021414100", "gap_national": -89.8, "gap_stratum": -88.3, "burden": 11.3, "capacity": 89.5, "svi": 0.12, "top_decile_gap": 0.0, "stratum": "metropolitan", "scored": 1}, "geometry": {"type": "Polygon", "coordinates": [[[-71.2312, 42.1234], [-71.2335, 42.1286], [-71.226, 42.1354], [-71.1869, 42.1533], [-71.1886, 42.1608], [-71.1808, 42.1655], [-71.1782, 42.1658], [-71.1758, 42.1556], [-71.1628, 42.1457], [-71.1749, 42.1351], [-71.1901, 42.1162], [-71.1959, 42.0818], [-71.2059, 42.0741], [-71.2389, 42.1042], [-71.2399, 42.1207], [-71.2312, 42.1234]]]}}, {"type": "Feature", "properties": {"fips": "25021417502", "gap_national": -45.0, "gap_stratum": -44.1, "burden": 18.4, "capacity": 57.2, "svi": 0.73, "top_decile_gap": 0.0, "stratum": "metropolitan", "scored": 1}, "geometry": {"type": "Polygon", "coordinates": [[[-71.0278, 42.2861], [-71.0247, 42.2845], [-71.025, 42.2801], [-71.0208, 42.2762], [-71.0252, 42.2711], [-71.0346, 42.2821], [-71.0278, 42.2861]]]}}, {"type": "Feature", "properties": {"fips": "25021417802", "gap_national": 6.6, "gap_stratum": 11.0, "burden": 78.1, "capacity": 68.6, "svi": 0.93, "top_decile_gap": 0.0, "stratum": "metropolitan", "scored": 1}, "geometry": {"type": "Polygon", "coordinates": [[[-70.9782, 42.26], [-70.9661, 42.263], [-70.9632, 42.2619], [-70.9658, 42.2578], [-70.9573, 42.255], [-70.9623, 42.2474], [-70.9788, 42.254], [-70.9767, 42.2579], [-70.9782, 42.26]]]}}, {"type": "Feature", "properties": {"fips": "25021418002", "gap_national": -68.8, "gap_stratum": -68.2, "burden": 8.7, "capacity": 66.8, "svi": 0.52, "top_decile_gap": 0.0, "stratum": "metropolitan", "scored": 1}, "geometry": {"type": "Polygon", "coordinates": [[[-71.0034, 42.244], [-71.0002, 42.2454], [-70.9959, 42.2428], [-70.9848, 42.244], [-70.9841, 42.2391], [-70.9799, 42.2362], [-71.0055, 42.2308], [-71.0034, 42.244]]]}}, {"type": "Feature", "properties": {"fips": "25021415300", "gap_national": -81.3, "gap_stratum": -78.1, "burden": 19.5, "capacity": 89.1, "svi": 0.23, "top_decile_gap": 0.0, "stratum": "metropolitan", "scored": 1}, "geometry": {"type": "Polygon", "coordinates": [[[-71.1462, 42.2045], [-71.1457, 42.2061], [-71.1484, 42.2064], [-71.1423, 42.2117], [-71.1401, 42.2239], [-71.1308, 42.2279], [-71.0889, 42.1866], [-71.1021, 42.182], [-71.114, 42.1815], [-71.1383, 42.1728], [-71.1548, 42.1969], [-71.1462, 42.2045]]]}}, {"type": "Feature", "properties": {"fips": "25021420301", "gap_national": -48.3, "gap_stratum": -40.3, "burden": 43.6, "capacity": 82.0, "svi": 0.79, "top_decile_gap": 0.0, "stratum": "metropolitan", "scored": 1}, "geometry": {"type": "Polygon", "coordinates": [[[-71.0671, 42.175], [-71.0653, 42.1703], [-71.0621, 42.1695], [-71.0543, 42.1733], [-71.0351, 42.1751], [-71.0199, 42.1805], [-71.022, 42.169], [-71.0297, 42.1505], [-71.0354, 42.1553], [-71.0326, 42.1575], [-71.0433, 42.1657], [-71.057, 42.1653], [-71.0635, 42.1609], [-71.0726, 42.1701], [-71.0744, 42.1752], [-71.0671, 42.175]]]}}, {"type": "Feature", "properties": {"fips": "25021402400", "gap_national": -79.4, "gap_stratum": -77.3, "burden": 12.5, "capacity": 77.8, "svi": 0.18, "top_decile_gap": 0.0, "stratum": "metropolitan", "scored": 1}, "geometry": {"type": "Polygon", "coordinates": [[[-71.1721, 42.2465], [-71.171, 42.255], [-71.1664, 42.2562], [-71.1615, 42.2526], [-71.1605, 42.2467], [-71.1552, 42.2449], [-71.155, 42.2409], [-71.151, 42.2404], [-71.1484, 42.2354], [-71.1765, 42.2262], [-71.182, 42.2276], [-71.1721, 42.2465]]]}}, {"type": "Feature", "properties": {"fips": "25021405100", "gap_national": -89.8, "gap_stratum": -88.4, "burden": 10.5, "capacity": 88.3, "svi": 0.07, "top_decile_gap": 0.0, "stratum": "metropolitan", "scored": 1}, "geometry": {"type": "Polygon", "coordinates": [[[-71.3297, 42.2333], [-71.3312, 42.2376], [-71.3294, 42.2453], [-71.3326, 42.249], [-71.3029, 42.2483], [-71.3095, 42.2761], [-71.3006, 42.2827], [-71.2975, 42.2809], [-71.2995, 42.2748], [-71.2948, 42.2731], [-71.2998, 42.2705], [-71.301, 42.267], [-71.2953, 42.2667], [-71.2951, 42.2649], [-71.2911, 42.2671], [-71.2865, 42.2661], [-71.28, 42.2602], [-71.2721, 42.2621], [-71.2706, 42.2575], [-71.2653, 42.255], [-71.2655, 42.2599], [-71.2566, 42.2548], [-71.2488, 42.2556], [-71.2452, 42.2593], [-71.2323, 42.2584], [-71.2514, 42.2026], [-71.261, 42.2041], [-71.2696, 42.2005], [-71.2681, 42.2096], [-71.2711, 42.2156], [-71.3383, 42.2152], [-71.3431, 42.221], [-71.3297, 42.2333]]]}}, {"type": "Feature", "properties": {"fips": "25021410400", "gap_national": -74.1, "gap_stratum": -70.9, "burden": 18.2, "capacity": 78.2, "svi": 0.1, "top_decile_gap": 0.0, "stratum": "metropolitan", "scored": 1}, "geometry": {"type": "Polygon", "coordinates": [[[-71.2533, 42.1053], [-71.2388, 42.1064], [-71.2389, 42.1042], [-71.2234, 42.0901], [-71.2228, 42.0794], [-71.2371, 42.0532], [-71.2486, 42.0669], [-71.2634, 42.1013], [-71.2533, 42.1053]]]}}, {"type": "Feature", "properties": {"fips": "25021421200", "gap_national": -60.6, "gap_stratum": -55.2, "burden": 28.1, "capacity": 76.1, "svi": 0.33, "top_decile_gap": 0.0, "stratum": "metropolitan", "scored": 1}, "geometry": {"type": "Polygon", "coordinates": [[[-71.022, 42.169], [-70.9765, 42.1683], [-70.9813, 42.1355], [-71.002, 42.1265], [-71.0088, 42.1434], [-71.0085, 42.1548], [-71.0279, 42.1554], [-71.022, 42.169]]]}}, {"type": "Feature", "properties": {"fips": "25021416200", "gap_national": -65.8, "gap_stratum": -59.9, "burden": 31.5, "capacity": 86.3, "svi": 0.25, "top_decile_gap": 0.0, "stratum": "metropolitan", "scored": 1}, "geometry": {"type": "Polygon", "coordinates": [[[-71.1084, 42.2611], [-71.1037, 42.2597], [-71.0937, 42.2671], [-71.0935, 42.2589], [-71.0843, 42.2593], [-71.0775, 42.2546], [-71.0975, 42.243], [-71.1095, 42.2524], [-71.1133, 42.2589], [-71.1084, 42.2611]]]}}, {"type": "Feature", "properties": {"fips": "25021416400", "gap_national": -88.3, "gap_stratum": -86.9, "burden": 8.9, "capacity": 84.3, "svi": 0.09, "top_decile_gap": 0.0, "stratum": "metropolitan", "scored": 1}, "geometry": {"type": "Polygon", "coordinates": [[[-71.0622, 42.2672], [-71.0538, 42.2717], [-71.0556, 42.2751], [-71.0533, 42.2775], [-71.0428, 42.2771], [-71.0417, 42.2667], [-71.0314, 42.2592], [-71.0513, 42.2478], [-71.054, 42.252], [-71.0581, 42.2509], [-71.0584, 42.2547], [-71.0619, 42.2581], [-71.0599, 42.2584], [-71.0594, 42.262], [-71.0666, 42.2667], [-71.0681, 42.271], [-71.0622, 42.2672]]]}}, {"type": "Feature", "properties": {"fips": "25021403100", "gap_national": -89.0, "gap_stratum": -87.7, "burden": 8.6, "capacity": 84.8, "svi": 0.1, "top_decile_gap": 0.0, "stratum": "metropolitan", "scored": 1}, "geometry": {"type": "Polygon", "coordinates": [[[-71.2237, 42.2804], [-71.2245, 42.284], [-71.222, 42.2869], [-71.2148, 42.2903], [-71.2199, 42.2948], [-71.2158, 42.2931], [-71.2079, 42.2972], [-71.2052, 42.2896], [-71.1967, 42.2861], [-71.1926, 42.2877], [-71.1882, 42.2804], [-71.1967, 42.2692], [-71.205, 42.2671], [-71.2181, 42.2677], [-71.2297, 42.2757], [-71.23, 42.2793], [-71.2237, 42.2804]]]}}, {"type": "Feature", "properties": {"fips": "25021413100", "gap_national": -57.2, "gap_stratum": -50.5, "burden": 34.6, "capacity": 80.1, "svi": 0.43, "top_decile_gap": 0.0, "stratum": "metropolitan", "scored": 1}, "geometry": {"type": "Polygon", "coordinates": [[[-71.1979, 42.1934], [-71.1843, 42.1889], [-71.1836, 42.1933], [-71.1871, 42.2001], [-71.1828, 42.2126], [-71.1787, 42.2123], [-71.1548, 42.1969], [-71.1603, 42.1885], [-71.1638, 42.1875], [-71.164, 42.1813], [-71.1679, 42.1794], [-71.1638, 42.1764], [-71.1654, 42.1749], [-71.1638, 42.1729], [-71.1687, 42.1723], [-71.1673, 42.1692], [-71.1735, 42.1678], [-71.1774, 42.164], [-71.1835, 42.1663], [-71.182, 42.1692], [-71.1878, 42.1736], [-71.1889, 42.1776], [-71.1919, 42.177], [-71.1905, 42.1789], [-71.2042, 42.1817], [-71.1979, 42.1934]]]}}, {"type": "Feature", "properties": {"fips": "25017333100", "gap_national": -73.5, "gap_stratum": -69.2, "burden": 23.8, "capacity": 84.7, "svi": 0.41, "top_decile_gap": 0.0, "stratum": "metropolitan", "scored": 1}, "geometry": {"type": "Polygon", "coordinates": [[[-71.1829, 42.4821], [-71.1744, 42.4699], [-71.153, 42.4625], [-71.1562, 42.4569], [-71.1643, 42.4598], [-71.1896, 42.4498], [-71.2068, 42.4635], [-71.1829, 42.4821]]]}}, {"type": "Feature", "properties": {"fips": "25003932200", "gap_national": -44.9, "gap_stratum": -36.6, "burden": 52.3, "capacity": 91.9, "svi": 0.2, "top_decile_gap": 0.0, "stratum": "metropolitan", "scored": 1}, "geometry": {"type": "Polygon", "coordinates": [[[-73.2288, 42.3766], [-73.2219, 42.4006], [-73.2064, 42.3981], [-73.2019, 42.4138], [-73.1356, 42.412], [-73.1408, 42.3931], [-73.0685, 42.3807], [-73.0629, 42.329], [-73.0454, 42.3194], [-73.0408, 42.3202], [-73.039, 42.315], [-73.0294, 42.3086], [-73.0201, 42.3083], [-73.0169, 42.3111], [-73.0102, 42.3047], [-73.0066, 42.3048], [-73.0003, 42.3126], [-73.0018, 42.251], [-73.0043, 42.2513], [-73.0079, 42.2384], [-73.0363, 42.2362], [-73.0368, 42.2402], [-73.0909, 42.2342], [-73.0926, 42.2455], [-73.1207, 42.2432], [-73.1229, 42.2481], [-73.1212, 42.2526], [-73.1616, 42.2476], [-73.1599, 42.3042], [-73.1805, 42.3246], [-73.192, 42.3185], [-73.2364, 42.3645], [-73.2384, 42.3714], [-73.2288, 42.3766]]]}}, {"type": "Feature", "properties": {"fips": "25003933200", "gap_national": -52.5, "gap_stratum": -89.7, "burden": 47.2, "capacity": 96.4, "svi": 0.08, "top_decile_gap": 0.0, "stratum": "rural", "scored": 1}, "geometry": {"type": "Polygon", "coordinates": [[[-73.2261, 42.2786], [-73.1609, 42.2866], [-73.162, 42.1787], [-73.1668, 42.1629], [-73.1662, 42.1573], [-73.1867, 42.1558], [-73.1863, 42.1536], [-73.2245, 42.1482], [-73.2471, 42.1686], [-73.2715, 42.1657], [-73.2891, 42.1723], [-73.2901, 42.2009], [-73.2261, 42.2786]]]}}, {"type": "Feature", "properties": {"fips": "25003921300", "gap_national": 5.1, "gap_stratum": -20.4, "burden": 55.0, "capacity": 51.8, "svi": 0.62, "top_decile_gap": 0.0, "stratum": "micropolitan", "scored": 1}, "geometry": {"type": "Polygon", "coordinates": [[[-73.0979, 42.7029], [-73.0904, 42.7027], [-73.0888, 42.7044], [-73.0929, 42.7076], [-73.0921, 42.7095], [-73.0595, 42.7084], [-73.0618, 42.6753], [-73.0951, 42.6764], [-73.1104, 42.698], [-73.0979, 42.7029]]]}}, {"type": "Feature", "properties": {"fips": "25003900200", "gap_national": 26.6, "gap_stratum": 31.9, "burden": 60.9, "capacity": 41.2, "svi": 0.74, "top_decile_gap": 0.0, "stratum": "metropolitan", "scored": 1}, "geometry": {"type": "Polygon", "coordinates": [[[-73.2285, 42.4597], [-73.2268, 42.4554], [-73.2417, 42.4542], [-73.2424, 42.4517], [-73.2378, 42.4529], [-73.2368, 42.4506], [-73.2449, 42.4467], [-73.2484, 42.4476], [-73.2456, 42.4567], [-73.2504, 42.4574], [-73.2507, 42.4608], [-73.2285, 42.4597]]]}}, {"type": "Feature", "properties": {"fips": "25003900400", "gap_national": -38.7, "gap_stratum": -30.0, "burden": 50.1, "capacity": 79.6, "svi": 0.52, "top_decile_gap": 0.0, "stratum": "metropolitan", "scored": 1}, "geometry": {"type": "Polygon", "coordinates": [[[-73.2818, 42.5002], [-73.2141, 42.4902], [-73.2158, 42.4848], [-73.2131, 42.4783], [-73.2162, 42.4766], [-73.2154, 42.4733], [-73.2194, 42.4756], [-73.2381, 42.4739], [-73.2447, 42.4761], [-73.253, 42.4645], [-73.2604, 42.4638], [-73.262, 42.4662], [-73.2705, 42.4676], [-73.2738, 42.4638], [-73.2769, 42.4642], [-73.2765, 42.4694], [-73.2676, 42.4775], [-73.274, 42.4843], [-73.2837, 42.4852], [-73.2818, 42.5002]]]}}, {"type": "Feature", "properties": {"fips": "25017331101", "gap_national": -73.6, "gap_stratum": -71.0, "burden": 15.4, "capacity": 75.2, "svi": 0.08, "top_decile_gap": 0.0, "stratum": "metropolitan", "scored": 1}, "geometry": {"type": "Polygon", "coordinates": [[[-71.1639, 42.6019], [-71.1566, 42.615], [-71.1487, 42.6132], [-71.1432, 42.604], [-71.1355, 42.5991], [-71.1305, 42.5831], [-71.1371, 42.58], [-71.148, 42.5793], [-71.1546, 42.5754], [-71.1597, 42.5686], [-71.1594, 42.5619], [-71.1754, 42.5491], [-71.1639, 42.6019]]]}}, {"type": "Feature", "properties": {"fips": "25017331200", "gap_national": -69.2, "gap_stratum": -66.7, "burden": 16.3, "capacity": 72.4, "svi": 0.05, "top_decile_gap": 0.0, "stratum": "metropolitan", "scored": 1}, "geometry": {"type": "Polygon", "coordinates": [[[-71.1926, 42.5646], [-71.1752, 42.5923], [-71.1656, 42.5976], [-71.1754, 42.5491], [-71.192, 42.5613], [-71.2151, 42.5705], [-71.2116, 42.5732], [-71.1926, 42.5646]]]}}, {"type": "Feature", "properties": {"fips": "25017321500", "gap_national": -27.3, "gap_stratum": -24.9, "burden": 27.3, "capacity": 52.0, "svi": 0.66, "top_decile_gap": 0.0, "stratum": "metropolitan", "scored": 1}, "geometry": {"type": "Polygon", "coordinates": [[[-71.5621, 42.3716], [-71.5593, 42.3663], [-71.5531, 42.3625], [-71.5462, 42.3502], [-71.575, 42.3412], [-71.5768, 42.3505], [-71.5943, 42.3682], [-71.5621, 42.3716]]]}}, {"type": "Feature", "properties": {"fips": "25017321200", "gap_national": -15.2, "gap_stratum": -10.4, "burden": 39.8, "capacity": 53.7, "svi": 0.59, "top_decile_gap": 0.0, "stratum": "metropolitan", "scored": 1}, "geometry": {"type": "Polygon", "coordinates": [[[-71.5408, 42.3511], [-71.531, 42.3523], [-71.5255, 42.3491], [-71.5078, 42.348], [-71.5158, 42.342], [-71.5151, 42.3364], [-71.5108, 42.3325], [-71.5112, 42.3288], [-71.5165, 42.3303], [-71.5373, 42.328], [-71.541, 42.3322], [-71.5428, 42.3469], [-71.5408, 42.3511]]]}}, {"type": "Feature", "properties": {"fips": "25017321100", "gap_national": -51.7, "gap_stratum": -44.1, "burden": 40.0, "capacity": 81.1, "svi": 0.82, "top_decile_gap": 0.0, "stratum": "metropolitan", "scored": 1}, "geometry": {"type": "Polygon", "coordinates": [[[-71.5172, 42.3578], [-71.5156, 42.3615], [-71.5196, 42.3631], [-71.5171, 42.3675], [-71.5181, 42.3729], [-71.5151, 42.3765], [-71.4755, 42.3806], [-71.4833, 42.3531], [-71.4868, 42.3302], [-71.5112, 42.3288], [-71.5108, 42.3325], [-71.5151, 42.3364], [-71.5158, 42.342], [-71.5078, 42.348], [-71.5255, 42.3491], [-71.5295, 42.3529], [-71.5172, 42.3578]]]}}, {"type": "Feature", "properties": {"fips": "25017318200", "gap_national": -78.6, "gap_stratum": -77.4, "burden": 7.8, "capacity": 73.8, "svi": 0.08, "top_decile_gap": 0.0, "stratum": "metropolitan", "scored": 1}, "geometry": {"type": "Polygon", "coordinates": [[[-71.4935, 42.6174], [-71.4652, 42.631], [-71.4576, 42.6195], [-71.4455, 42.6109], [-71.4351, 42.5973], [-71.4593, 42.5911], [-71.4713, 42.592], [-71.4791, 42.5858], [-71.4788, 42.582], [-71.4656, 42.5813], [-71.4661, 42.5784], [-71.4752, 42.5764], [-71.476, 42.5732], [-71.4815, 42.5699], [-71.4818, 42.5657], [-71.4838, 42.5738], [-71.498, 42.5769], [-71.4935, 42.6174]]]}}, {"type": "Feature", "properties": {"fips": "25003900900", "gap_national": -32.8, "gap_stratum": -24.4, "burden": 49.3, "capacity": 73.4, "svi": 0.34, "top_decile_gap": 0.0, "stratum": "metropolitan", "scored": 1}, "geometry": {"type": "Polygon", "coordinates": [[[-73.2725, 42.4403], [-73.2626, 42.4368], [-73.2608, 42.4439], [-73.2579, 42.4454], [-73.2519, 42.4438], [-73.2506, 42.4479], [-73.2349, 42.4428], [-73.2367, 42.436], [-73.2463, 42.4373], [-73.2499, 42.4353], [-73.2516, 42.4331], [-73.249, 42.4294], [-73.2502, 42.4271], [-73.2552, 42.431], [-73.2589, 42.4295], [-73.2786, 42.4335], [-73.2877, 42.4323], [-73.2725, 42.4403]]]}}, {"type": "Feature", "properties": {"fips": "25003926100", "gap_national": -51.1, "gap_stratum": -87.5, "burden": 46.2, "capacity": 90.1, "svi": 0.13, "top_decile_gap": 0.0, "stratum": "rural", "scored": 1}, "geometry": {"type": "Polygon", "coordinates": [[[-73.4282, 42.0818], [-73.42, 42.1038], [-73.4349, 42.1324], [-73.4043, 42.132], [-73.4067, 42.1484], [-73.3931, 42.1526], [-73.3934, 42.1551], [-73.3883, 42.1552], [-73.389, 42.1602], [-73.2971, 42.1592], [-73.2913, 42.1207], [-73.3044, 42.1067], [-73.2963, 42.047], [-73.4368, 42.0505], [-73.4282, 42.0818]]]}}, {"type": "Feature", "properties": {"fips": "25003920101", "gap_national": -61.7, "gap_stratum": -70.2, "burden": 14.1, "capacity": 65.2, "svi": 0.21, "top_decile_gap": 0.0, "stratum": "micropolitan", "scored": 1}, "geometry": {"type": "Polygon", "coordinates": [[[-73.265, 42.7459], [-73.1636, 42.7439], [-73.1659, 42.7118], [-73.1754, 42.7123], [-73.1762, 42.7012], [-73.1846, 42.702], [-73.1957, 42.7103], [-73.211, 42.714], [-73.2209, 42.7097], [-73.2229, 42.7017], [-73.2323, 42.6873], [-73.2378, 42.6893], [-73.2392, 42.6929], [-73.2374, 42.7006], [-73.2407, 42.7043], [-73.2564, 42.7108], [-73.2622, 42.7186], [-73.2697, 42.7241], [-73.2731, 42.724], [-73.265, 42.7459]]]}}, {"type": "Feature", "properties": {"fips": "25003931400", "gap_national": -53.0, "gap_stratum": -45.3, "burden": 41.7, "capacity": 85.0, "svi": 0.06, "top_decile_gap": 0.0, "stratum": "metropolitan", "scored": 1}, "geometry": {"type": "Polygon", "coordinates": [[[-73.1038, 42.5508], [-73.0886, 42.5484], [-73.0854, 42.5595], [-72.9686, 42.54], [-72.9865, 42.4667], [-72.9881, 42.4669], [-73.0117, 42.3797], [-73.0658, 42.3891], [-73.0685, 42.3807], [-73.0914, 42.3848], [-73.0844, 42.4098], [-73.0816, 42.4094], [-73.0788, 42.4206], [-73.0835, 42.424], [-73.0759, 42.4265], [-73.0805, 42.4326], [-73.0761, 42.446], [-73.0795, 42.4473], [-73.0679, 42.4801], [-73.1152, 42.4878], [-73.1137, 42.4924], [-73.1203, 42.4935], [-73.1038, 42.5508]]]}}, {"type": "Feature", "properties": {"fips": "25013813601", "gap_national": -55.3, "gap_stratum": -47.7, "burden": 43.2, "capacity": 91.3, "svi": 0.29, "top_decile_gap": 0.0, "stratum": "metropolitan", "scored": 1}, "geometry": {"type": "Polygon", "coordinates": [[[-72.4782, 42.1534], [-72.4688, 42.1527], [-72.4236, 42.157], [-72.4135, 42.153], [-72.4095, 42.1538], [-72.412, 42.1669], [-72.4103, 42.1742], [-72.4124, 42.1752], [-72.3952, 42.1848], [-72.3888, 42.1513], [-72.405, 42.1516], [-72.4012, 42.1499], [-72.3968, 42.1424], [-72.401, 42.1383], [-72.4112, 42.1426], [-72.4113, 42.1356], [-72.4273, 42.1237], [-72.4765, 42.1165], [-72.4846, 42.1565], [-72.4782, 42.1534]]]}}, {"type": "Feature", "properties": {"fips": "25013813204", "gap_national": -64.0, "gap_stratum": -57.7, "burden": 34.3, "capacity": 88.5, "svi": 0.09, "top_decile_gap": 0.0, "stratum": "metropolitan", "scored": 1}, "geometry": {"type": "Polygon", "coordinates": [[[-72.7056, 42.0821], [-72.6949, 42.1059], [-72.6835, 42.1071], [-72.6814, 42.1007], [-72.6767, 42.1005], [-72.6663, 42.0866], [-72.6622, 42.0844], [-72.6582, 42.0962], [-72.6471, 42.0993], [-72.6386, 42.0979], [-72.6482, 42.0901], [-72.6549, 42.0922], [-72.6535, 42.0837], [-72.6616, 42.0798], [-72.679, 42.079], [-72.6787, 42.067], [-72.7031, 42.0653], [-72.7078, 42.0616], [-72.7056, 42.0821]]]}}, {"type": "Feature", "properties": {"fips": "25017361300", "gap_national": -85.9, "gap_stratum": -83.7, "burden": 13.9, "capacity": 86.9, "svi": 0.12, "top_decile_gap": 0.0, "stratum": "metropolitan", "scored": 1}, "geometry": {"type": "Polygon", "coordinates": [[[-71.385, 42.5045], [-71.3175, 42.5024], [-71.3196, 42.4869], [-71.3172, 42.4836], [-71.3213, 42.4805], [-71.3138, 42.4742], [-71.3095, 42.4764], [-71.3019, 42.4733], [-71.3043, 42.4714], [-71.2988, 42.4627], [-71.3032, 42.4613], [-71.3048, 42.4528], [-71.3136, 42.455], [-71.3336, 42.4392], [-71.3434, 42.4491], [-71.359, 42.4586], [-71.356, 42.462], [-71.358, 42.4654], [-71.3637, 42.4659], [-71.3628, 42.4706], [-71.369, 42.4726], [-71.3769, 42.4713], [-71.3914, 42.4658], [-71.4081, 42.47], [-71.385, 42.5045]]]}}, {"type": "Feature", "properties": {"fips": "25017361100", "gap_national": -81.3, "gap_stratum": -77.7, "burden": 22.0, "capacity": 95.5, "svi": 0.23, "top_decile_gap": 0.0, "stratum": "metropolitan", "scored": 1}, "geometry": {"type": "Polygon", "coordinates": [[[-71.3941, 42.4358], [-71.3891, 42.4499], [-71.3933, 42.4619], [-71.3914, 42.4658], [-71.3769, 42.4713], [-71.369, 42.4726], [-71.3628, 42.4706], [-71.3637, 42.4659], [-71.358, 42.4654], [-71.356, 42.462], [-71.359, 42.4586], [-71.3434, 42.4491], [-71.3336, 42.4392], [-71.3526, 42.4269], [-71.3569, 42.4198], [-71.3645, 42.4201], [-71.3639, 42.416], [-71.3663, 42.4127], [-71.3963, 42.424], [-71.3941, 42.4358]]]}}, {"type": "Feature", "properties": {"fips": "25017359100", "gap_national": -75.5, "gap_stratum": -71.0, "burden": 25.6, "capacity": 90.9, "svi": 0.42, "top_decile_gap": 0.0, "stratum": "metropolitan", "scored": 1}, "geometry": {"type": "Polygon", "coordinates": [[[-71.2781, 42.5267], [-71.2546, 42.5226], [-71.2501, 42.5257], [-71.2401, 42.5197], [-71.2369, 42.5115], [-71.2319, 42.5064], [-71.2409, 42.49], [-71.252, 42.485], [-71.2624, 42.4749], [-71.2736, 42.4849], [-71.2775, 42.4858], [-71.2751, 42.495], [-71.2755, 42.5138], [-71.2821, 42.5195], [-71.2835, 42.5257], [-71.2781, 42.5267]]]}}, {"type": "Feature", "properties": {"fips": "25017326101", "gap_national": -73.1, "gap_stratum": -69.8, "burden": 18.3, "capacity": 77.4, "svi": 0.21, "top_decile_gap": 0.0, "stratum": "metropolitan", "scored": 1}, "geometry": {"type": "Polygon", "coordinates": [[[-71.6579, 42.6499], [-71.6407, 42.6393], [-71.6142, 42.6285], [-71.6082, 42.6274], [-71.606, 42.631], [-71.6007, 42.6261], [-71.5931, 42.6265], [-71.5693, 42.6067], [-71.5663, 42.6], [-71.5586, 42.5962], [-71.5401, 42.5937], [-71.5114, 42.5694], [-71.6008, 42.583], [-71.6135, 42.5816], [-71.6138, 42.5854], [-71.6188, 42.5856], [-71.6241, 42.591], [-71.6233, 42.5928], [-71.626, 42.5936], [-71.6276, 42.6029], [-71.6303, 42.6037], [-71.6301, 42.6071], [-71.6348, 42.6093], [-71.6338, 42.6125], [-71.6423, 42.6146], [-71.6466, 42.6263], [-71.6478, 42.6248], [-71.6518, 42.6303], [-71.6605, 42.6351], [-71.6579, 42.6499]]]}}, {"type": "Feature", "properties": {"fips": "25017311200", "gap_national": 21.5, "gap_stratum": 27.4, "burden": 48.2, "capacity": 33.3, "svi": 0.88, "top_decile_gap": 0.0, "stratum": "metropolitan", "scored": 1}, "geometry": {"type": "Polygon", "coordinates": [[[-71.3178, 42.64], [-71.3158, 42.6384], [-71.329, 42.6348], [-71.3306, 42.6409], [-71.3178, 42.64]]]}}, {"type": "Feature", "properties": {"fips": "25017310602", "gap_national": -37.5, "gap_stratum": -33.4, "burden": 30.2, "capacity": 60.9, "svi": 0.55, "top_decile_gap": 0.0, "stratum": "metropolitan", "scored": 1}, "geometry": {"type": "Polygon", "coordinates": [[[-71.3487, 42.6449], [-71.3484, 42.6508], [-71.3409, 42.6563], [-71.3418, 42.6577], [-71.3279, 42.6606], [-71.3347, 42.6519], [-71.33, 42.6492], [-71.3397, 42.6421], [-71.3547, 42.639], [-71.3553, 42.6457], [-71.3487, 42.6449]]]}}, {"type": "Feature", "properties": {"fips": "25017301101", "gap_national": -49.4, "gap_stratum": -43.3, "burden": 33.3, "capacity": 71.8, "svi": 0.27, "top_decile_gap": 0.0, "stratum": "metropolitan", "scored": 1}, "geometry": {"type": "Polygon", "coordinates": [[[-71.6519, 42.7052], [-71.6507, 42.6909], [-71.658, 42.6497], [-71.6931, 42.658], [-71.7335, 42.6763], [-71.7546, 42.6771], [-71.7744, 42.6722], [-71.7726, 42.708], [-71.6519, 42.7052]]]}}, {"type": "Feature", "properties": {"fips": "25013813403", "gap_national": -62.8, "gap_stratum": -56.3, "burden": 35.6, "capacity": 88.8, "svi": 0.52, "top_decile_gap": 0.0, "stratum": "metropolitan", "scored": 1}, "geometry": {"type": "Polygon", "coordinates": [[[-72.5133, 42.0646], [-72.5095, 42.0771], [-72.5035, 42.0856], [-72.4711, 42.0897], [-72.468, 42.0763], [-72.4831, 42.081], [-72.5017, 42.0723], [-72.504, 42.0668], [-72.5092, 42.0624], [-72.5001, 42.0562], [-72.5245, 42.0533], [-72.5355, 42.0579], [-72.5133, 42.0646]]]}}, {"type": "Feature", "properties": {"fips": "25013813207", "gap_national": -38.3, "gap_stratum": -31.9, "burden": 37.4, "capacity": 67.3, "svi": 0.51, "top_decile_gap": 0.0, "stratum": "metropolitan", "scored": 1}, "geometry": {"type": "Polygon", "coordinates": [[[-72.6482, 42.0901], [-72.6394, 42.0961], [-72.6394, 42.0989], [-72.6308, 42.1002], [-72.629, 42.0911], [-72.6155, 42.0814], [-72.6235, 42.0835], [-72.6298, 42.0787], [-72.6305, 42.0738], [-72.6406, 42.0708], [-72.6479, 42.0714], [-72.6496, 42.0802], [-72.6555, 42.0889], [-72.6549, 42.0922], [-72.6482, 42.0901]]]}}, {"type": "Feature", "properties": {"fips": "25013810414", "gap_national": -35.1, "gap_stratum": -28.1, "burden": 41.5, "capacity": 68.4, "svi": 0.34, "top_decile_gap": 0.0, "stratum": "metropolitan", "scored": 1}, "geometry": {"type": "Polygon", "coordinates": [[[-72.4039, 42.2318], [-72.3952, 42.1848], [-72.4124, 42.1752], [-72.4103, 42.1742], [-72.412, 42.1669], [-72.4095, 42.1573], [-72.4416, 42.1693], [-72.4627, 42.1689], [-72.4737, 42.1756], [-72.4666, 42.1844], [-72.4656, 42.1817], [-72.4594, 42.1839], [-72.4648, 42.1862], [-72.4591, 42.1921], [-72.4817, 42.1892], [-72.4922, 42.1808], [-72.4986, 42.1798], [-72.509, 42.1826], [-72.5153, 42.1806], [-72.5243, 42.2187], [-72.4039, 42.2318]]]}}, {"type": "Feature", "properties": {"fips": "25013813802", "gap_national": -55.2, "gap_stratum": -89.1, "burden": 42.1, "capacity": 89.1, "svi": 0.17, "top_decile_gap": 0.0, "stratum": "rural", "scored": 1}, "geometry": {"type": "Polygon", "coordinates": [[[-72.269, 42.1459], [-72.2653, 42.1546], [-72.2684, 42.1583], [-72.2682, 42.1627], [-72.2616, 42.1717], [-72.2639, 42.1747], [-72.2617, 42.1769], [-72.2639, 42.1838], [-72.2006, 42.1613], [-72.1993, 42.1537], [-72.135, 42.1618], [-72.1351, 42.0907], [-72.2701, 42.0925], [-72.2745, 42.1437], [-72.269, 42.1459]]]}}, {"type": "Feature", "properties": {"fips": "25013813102", "gap_national": -50.7, "gap_stratum": -42.8, "burden": 45.0, "capacity": 87.1, "svi": 0.08, "top_decile_gap": 0.0, "stratum": "metropolitan", "scored": 1}, "geometry": {"type": "Polygon", "coordinates": [[[-72.8324, 42.0842], [-72.8334, 42.0943], [-72.8372, 42.1022], [-72.7631, 42.0902], [-72.7686, 42.0778], [-72.7643, 42.0696], [-72.7644, 42.0641], [-72.7691, 42.0557], [-72.7842, 42.0457], [-72.7862, 42.0256], [-72.7805, 42.0204], [-72.7707, 42.0196], [-72.7729, 42.01], [-72.7706, 42.0026], [-72.8167, 41.9976], [-72.8135, 42.0365], [-72.835, 42.0367], [-72.8341, 42.0583], [-72.8389, 42.0693], [-72.8324, 42.0842]]]}}, {"type": "Feature", "properties": {"fips": "25013811101", "gap_national": 13.5, "gap_stratum": 19.1, "burden": 58.1, "capacity": 48.5, "svi": 0.83, "top_decile_gap": 0.0, "stratum": "metropolitan", "scored": 1}, "geometry": {"type": "Polygon", "coordinates": [[[-72.6208, 42.1842], [-72.6225, 42.1854], [-72.6013, 42.195], [-72.5937, 42.1898], [-72.5973, 42.1907], [-72.5988, 42.1876], [-72.5942, 42.1845], [-72.596, 42.1827], [-72.5952, 42.1843], [-72.6024, 42.1873], [-72.6012, 42.1895], [-72.6063, 42.1849], [-72.6054, 42.1813], [-72.6109, 42.1713], [-72.6146, 42.1715], [-72.6141, 42.1776], [-72.6183, 42.1794], [-72.6209, 42.1772], [-72.625, 42.1782], [-72.6208, 42.1842]]]}}, {"type": "Feature", "properties": {"fips": "25013811200", "gap_national": -15.4, "gap_stratum": -7.6, "burden": 65.7, "capacity": 74.9, "svi": 0.54, "top_decile_gap": 0.0, "stratum": "metropolitan", "scored": 1}, "geometry": {"type": "Polygon", "coordinates": [[[-72.6012, 42.1895], [-72.6024, 42.1873], [-72.5952, 42.1843], [-72.596, 42.1827], [-72.5942, 42.1845], [-72.5988, 42.1876], [-72.5973, 42.1907], [-72.5795, 42.1862], [-72.5676, 42.1876], [-72.5668, 42.1837], [-72.5847, 42.177], [-72.5931, 42.1681], [-72.5978, 42.1714], [-72.6063, 42.1849], [-72.6012, 42.1895]]]}}, {"type": "Feature", "properties": {"fips": "25013813500", "gap_national": -59.7, "gap_stratum": -52.6, "burden": 39.7, "capacity": 92.2, "svi": 0.07, "top_decile_gap": 0.0, "stratum": "metropolitan", "scored": 1}, "geometry": {"type": "Polygon", "coordinates": [[[-72.4182, 42.0905], [-72.4145, 42.0992], [-72.3794, 42.1031], [-72.367, 42.0327], [-72.4583, 42.034], [-72.4699, 42.0848], [-72.4182, 42.0905]]]}}, {"type": "Feature", "properties": {"fips": "25013811400", "gap_national": 62.3, "gap_stratum": 67.7, "burden": 70.3, "capacity": 18.4, "svi": 0.97, "top_decile_gap": 1.0, "stratum": "metropolitan", "scored": 1}, "geometry": {"type": "Polygon", "coordinates": [[[-72.597, 42.2086], [-72.5962, 42.2118], [-72.5934, 42.2116], [-72.5905, 42.2067], [-72.5917, 42.2011], [-72.5975, 42.1972], [-72.6058, 42.2027], [-72.597, 42.2086]]]}}, {"type": "Feature", "properties": {"fips": "25013813205", "gap_national": -40.4, "gap_stratum": -31.9, "burden": 54.8, "capacity": 88.8, "svi": 0.32, "top_decile_gap": 0.0, "stratum": "metropolitan", "scored": 1}, "geometry": {"type": "Polygon", "coordinates": [[[-72.7078, 42.0616], [-72.7031, 42.0653], [-72.6787, 42.067], [-72.676, 42.0603], [-72.6701, 42.0605], [-72.6685, 42.0631], [-72.6613, 42.0644], [-72.651, 42.0623], [-72.6317, 42.0654], [-72.632, 42.062], [-72.6156, 42.0679], [-72.6169, 42.0312], [-72.7146, 42.0366], [-72.7078, 42.0616]]]}}, {"type": "Feature", "properties": {"fips": "25013812600", "gap_national": -60.8, "gap_stratum": -54.2, "burden": 35.1, "capacity": 85.1, "svi": 0.44, "top_decile_gap": 0.0, "stratum": "metropolitan", "scored": 1}, "geometry": {"type": "Polygon", "coordinates": [[[-72.7528, 42.1148], [-72.7395, 42.1142], [-72.7364, 42.1181], [-72.7133, 42.1104], [-72.7116, 42.1018], [-72.7012, 42.1067], [-72.6949, 42.1057], [-72.706, 42.0808], [-72.7631, 42.0902], [-72.7646, 42.1105], [-72.7528, 42.1148]]]}}, {"type": "Feature", "properties": {"fips": "25013812800", "gap_national": -38.6, "gap_stratum": -30.0, "burden": 51.0, "capacity": 80.7, "svi": 0.43, "top_decile_gap": 0.0, "stratum": "metropolitan", "scored": 1}, "geometry": {"type": "Polygon", "coordinates": [[[-72.7979, 42.1659], [-72.7858, 42.2005], [-72.7261, 42.1902], [-72.7257, 42.1528], [-72.7348, 42.1397], [-72.7464, 42.1284], [-72.759, 42.1319], [-72.7768, 42.1292], [-72.7789, 42.1325], [-72.7776, 42.1347], [-72.78, 42.1365], [-72.787, 42.1342], [-72.7992, 42.1366], [-72.8077, 42.142], [-72.8138, 42.1548], [-72.7979, 42.1659]]]}}, {"type": "Feature", "properties": {"fips": "25013812201", "gap_national": -15.6, "gap_stratum": -7.8, "burden": 56.6, "capacity": 67.0, "svi": 0.6, "top_decile_gap": 0.0, "stratum": "metropolitan", "scored": 1}, "geometry": {"type": "Polygon", "coordinates": [[[-72.6351, 42.1302], [-72.6266, 42.1295], [-72.6257, 42.1363], [-72.6153, 42.1357], [-72.6221, 42.1204], [-72.6142, 42.1087], [-72.6264, 42.1017], [-72.6323, 42.1041], [-72.6382, 42.1244], [-72.6351, 42.1302]]]}}, {"type": "Feature", "properties": {"fips": "25013812404", "gap_national": -56.7, "gap_stratum": -49.9, "burden": 35.5, "capacity": 80.8, "svi": 0.21, "top_decile_gap": 0.0, "stratum": "metropolitan", "scored": 1}, "geometry": {"type": "Polygon", "coordinates": [[[-72.6593, 42.126], [-72.6558, 42.1315], [-72.6378, 42.1304], [-72.6379, 42.1222], [-72.6339, 42.1094], [-72.6434, 42.1079], [-72.6445, 42.1105], [-72.6488, 42.111], [-72.6465, 42.1165], [-72.6493, 42.1171], [-72.6527, 42.1164], [-72.6561, 42.1055], [-72.6627, 42.105], [-72.662, 42.1123], [-72.6676, 42.1245], [-72.6593, 42.126]]]}}, {"type": "Feature", "properties": {"fips": "25013811800", "gap_national": 34.6, "gap_stratum": 40.8, "burden": 57.6, "capacity": 31.4, "svi": 0.83, "top_decile_gap": 0.0, "stratum": "metropolitan", "scored": 1}, "geometry": {"type": "Polygon", "coordinates": [[[-72.6293, 42.2155], [-72.6203, 42.2161], [-72.6171, 42.2156], [-72.6158, 42.212], [-72.6098, 42.2117], [-72.6142, 42.2073], [-72.6212, 42.211], [-72.6297, 42.2119], [-72.6293, 42.2155]]]}}, {"type": "Feature", "properties": {"fips": "25013812001", "gap_national": 21.1, "gap_stratum": 25.0, "burden": 72.5, "capacity": 54.8, "svi": 0.95, "top_decile_gap": 0.0, "stratum": "metropolitan", "scored": 1}, "geometry": {"type": "Polygon", "coordinates": [[[-72.6336, 42.2112], [-72.6212, 42.211], [-72.6142, 42.2073], [-72.6185, 42.2029], [-72.624, 42.2058], [-72.6372, 42.2075], [-72.6336, 42.2112]]]}}, {"type": "Feature", "properties": {"fips": "25013812002", "gap_national": 22.8, "gap_stratum": 26.6, "burden": 71.6, "capacity": 53.1, "svi": 0.88, "top_decile_gap": 0.0, "stratum": "metropolitan", "scored": 1}, "geometry": {"type": "Polygon", "coordinates": [[[-72.6579, 42.2204], [-72.6467, 42.2266], [-72.6336, 42.2112], [-72.6372, 42.2075], [-72.624, 42.2058], [-72.6185, 42.2029], [-72.635, 42.199], [-72.6476, 42.2039], [-72.6556, 42.1938], [-72.6576, 42.2004], [-72.6559, 42.2065], [-72.6573, 42.2094], [-72.6643, 42.2122], [-72.6579, 42.2204]]]}}, {"type": "Feature", "properties": {"fips": "25013813303", "gap_national": -68.9, "gap_stratum": -63.0, "burden": 33.4, "capacity": 97.8, "svi": 0.39, "top_decile_gap": 0.0, "stratum": "metropolitan", "scored": 1}, "geometry": {"type": "Polygon", "coordinates": [[[-72.5366, 42.0637], [-72.5315, 42.034], [-72.5501, 42.0323], [-72.5508, 42.0357], [-72.5461, 42.0388], [-72.5501, 42.0565], [-72.5719, 42.0574], [-72.574, 42.0697], [-72.5366, 42.0637]]]}}, {"type": "Feature", "properties": {"fips": "25013810412", "gap_national": -34.3, "gap_stratum": -26.0, "burden": 58.7, "capacity": 86.3, "svi": 0.22, "top_decile_gap": 0.0, "stratum": "metropolitan", "scored": 1}, "geometry": {"type": "Polygon", "coordinates": [[[-72.5139, 42.1744], [-72.5153, 42.1806], [-72.509, 42.1826], [-72.4986, 42.1798], [-72.4922, 42.1808], [-72.4817, 42.1892], [-72.4591, 42.1921], [-72.4648, 42.1862], [-72.4594, 42.1839], [-72.4656, 42.1817], [-72.4666, 42.1844], [-72.4737, 42.1756], [-72.4627, 42.1689], [-72.5165, 42.1633], [-72.5187, 42.1739], [-72.5139, 42.1744]]]}}, {"type": "Feature", "properties": {"fips": "25013810300", "gap_national": -37.2, "gap_stratum": -29.5, "burden": 43.3, "capacity": 71.4, "svi": 0.29, "top_decile_gap": 0.0, "stratum": "metropolitan", "scored": 1}, "geometry": {"type": "Polygon", "coordinates": [[[-72.3498, 42.1915], [-72.3454, 42.1758], [-72.3452, 42.1707], [-72.3516, 42.166], [-72.3484, 42.1608], [-72.3555, 42.1605], [-72.3687, 42.154], [-72.389, 42.1524], [-72.3955, 42.1857], [-72.3498, 42.1915]]]}}, {"type": "Feature", "properties": {"fips": "25013800102", "gap_national": 45.5, "gap_stratum": 50.9, "burden": 66.0, "capacity": 30.4, "svi": 0.92, "top_decile_gap": 0.0, "stratum": "metropolitan", "scored": 1}, "geometry": {"type": "Polygon", "coordinates": [[[-72.5065, 42.16], [-72.5105, 42.1605], [-72.5056, 42.1622], [-72.4898, 42.1621], [-72.4899, 42.1597], [-72.4873, 42.16], [-72.4881, 42.158], [-72.4843, 42.1553], [-72.5033, 42.1524], [-72.5036, 42.1568], [-72.5093, 42.1573], [-72.5136, 42.1537], [-72.5157, 42.1578], [-72.5065, 42.16]]]}}, {"type": "Feature", "properties": {"fips": "25013800600", "gap_national": 78.7, "gap_stratum": 80.9, "burden": 83.5, "capacity": 15.7, "svi": 0.98, "top_decile_gap": 1.0, "stratum": "metropolitan", "scored": 1}, "geometry": {"type": "Polygon", "coordinates": [[[-72.6083, 42.1292], [-72.6075, 42.123], [-72.6013, 42.1165], [-72.6083, 42.1117], [-72.6132, 42.1271], [-72.6083, 42.1292]]]}}, {"type": "Feature", "properties": {"fips": "25013801102", "gap_national": 33.2, "gap_stratum": 39.4, "burden": 57.5, "capacity": 32.5, "svi": 0.85, "top_decile_gap": 0.0, "stratum": "metropolitan", "scored": 1}, "geometry": {"type": "Polygon", "coordinates": [[[-72.584, 42.1023], [-72.5785, 42.0995], [-72.5898, 42.0945], [-72.592, 42.0967], [-72.584, 42.1023]]]}}, {"type": "Feature", "properties": {"fips": "25013801401", "gap_national": 62.5, "gap_stratum": 64.7, "burden": 80.5, "capacity": 29.5, "svi": 0.89, "top_decile_gap": 1.0, "stratum": "metropolitan", "scored": 1}, "geometry": {"type": "Polygon", "coordinates": [[[-72.5669, 42.1269], [-72.5581, 42.1314], [-72.55, 42.1424], [-72.5468, 42.1367], [-72.5456, 42.1262], [-72.5532, 42.1202], [-72.5506, 42.116], [-72.5621, 42.1122], [-72.5661, 42.1209], [-72.5697, 42.1228], [-72.5669, 42.1269]]]}}, {"type": "Feature", "properties": {"fips": "25017317202", "gap_national": -84.0, "gap_stratum": -81.7, "burden": 14.4, "capacity": 85.0, "svi": 0.01, "top_decile_gap": 0.0, "stratum": "metropolitan", "scored": 1}, "geometry": {"type": "Polygon", "coordinates": [[[-71.3861, 42.6082], [-71.389, 42.6099], [-71.388, 42.6144], [-71.3913, 42.6149], [-71.392, 42.6202], [-71.3741, 42.6185], [-71.367, 42.6218], [-71.3579, 42.6109], [-71.3537, 42.6018], [-71.3551, 42.5991], [-71.3708, 42.6019], [-71.3766, 42.5988], [-71.3845, 42.6006], [-71.389, 42.5978], [-71.3928, 42.6052], [-71.3861, 42.6082]]]}}, {"type": "Feature", "properties": {"fips": "25017316500", "gap_national": -49.9, "gap_stratum": -45.7, "burden": 26.8, "capacity": 66.7, "svi": 0.7, "top_decile_gap": 0.0, "stratum": "metropolitan", "scored": 1}, "geometry": {"type": "Polygon", "coordinates": [[[-71.2946, 42.6052], [-71.297, 42.613], [-71.2513, 42.5919], [-71.2621, 42.5745], [-71.2763, 42.5702], [-71.2815, 42.5747], [-71.2946, 42.5722], [-71.2969, 42.5691], [-71.297, 42.5603], [-71.3108, 42.5863], [-71.2946, 42.6052]]]}}, {"type": "Feature", "properties": {"fips": "25017316300", "gap_national": -65.0, "gap_stratum": -62.8, "burden": 16.5, "capacity": 69.2, "svi": 0.26, "top_decile_gap": 0.0, "stratum": "metropolitan", "scored": 1}, "geometry": {"type": "Polygon", "coordinates": [[[-71.3046, 42.5293], [-71.2911, 42.5455], [-71.2872, 42.5479], [-71.2835, 42.543], [-71.2819, 42.5475], [-71.2749, 42.5491], [-71.2716, 42.5535], [-71.2658, 42.5551], [-71.2525, 42.5425], [-71.2487, 42.5299], [-71.2495, 42.5252], [-71.2546, 42.5226], [-71.2781, 42.5267], [-71.3041, 42.52], [-71.3067, 42.5227], [-71.3046, 42.5293]]]}}, {"type": "Feature", "properties": {"fips": "25017316102", "gap_national": -74.5, "gap_stratum": -70.7, "burden": 21.0, "capacity": 82.2, "svi": 0.08, "top_decile_gap": 0.0, "stratum": "metropolitan", "scored": 1}, "geometry": {"type": "Polygon", "coordinates": [[[-71.2822, 42.5546], [-71.2841, 42.5643], [-71.2805, 42.5741], [-71.2763, 42.5702], [-71.2644, 42.5746], [-71.2576, 42.5748], [-71.2557, 42.5728], [-71.2551, 42.5755], [-71.241, 42.5747], [-71.2349, 42.5675], [-71.2387, 42.5671], [-71.241, 42.5695], [-71.2428, 42.5666], [-71.239, 42.5654], [-71.2358, 42.5573], [-71.237, 42.5551], [-71.2467, 42.5538], [-71.2473, 42.5466], [-71.2525, 42.5425], [-71.2658, 42.5551], [-71.2716, 42.5535], [-71.2749, 42.5491], [-71.2819, 42.5475], [-71.2835, 42.543], [-71.2872, 42.5479], [-71.2822, 42.5546]]]}}, {"type": "Feature", "properties": {"fips": "25017315500", "gap_national": -59.1, "gap_stratum": -53.6, "burden": 28.8, "capacity": 75.5, "svi": 0.07, "top_decile_gap": 0.0, "stratum": "metropolitan", "scored": 1}, "geometry": {"type": "Polygon", "coordinates": [[[-71.2276, 42.6043], [-71.2246, 42.6044], [-71.2215, 42.5997], [-71.2011, 42.5884], [-71.1886, 42.5709], [-71.1926, 42.5646], [-71.237, 42.5853], [-71.2407, 42.5924], [-71.2276, 42.6043]]]}}, {"type": "Feature", "properties": {"fips": "25017315401", "gap_national": -45.7, "gap_stratum": -37.4, "burden": 47.4, "capacity": 84.1, "svi": 0.56, "top_decile_gap": 0.0, "stratum": "metropolitan", "scored": 1}, "geometry": {"type": "Polygon", "coordinates": [[[-71.2213, 42.6117], [-71.2157, 42.6127], [-71.2023, 42.6125], [-71.196, 42.6099], [-71.1915, 42.6031], [-71.1952, 42.5946], [-71.1925, 42.5925], [-71.1952, 42.589], [-71.2005, 42.5878], [-71.2215, 42.5997], [-71.2261, 42.607], [-71.2213, 42.6117]]]}}, {"type": "Feature", "properties": {"fips": "25017315200", "gap_national": -66.5, "gap_stratum": -61.3, "burden": 27.1, "capacity": 80.9, "svi": 0.4, "top_decile_gap": 0.0, "stratum": "metropolitan", "scored": 1}, "geometry": {"type": "Polygon", "coordinates": [[[-71.2507, 42.6128], [-71.2383, 42.6426], [-71.2391, 42.6489], [-71.199, 42.6297], [-71.2047, 42.6234], [-71.2141, 42.6204], [-71.2152, 42.6127], [-71.2213, 42.6117], [-71.2261, 42.607], [-71.2246, 42.6044], [-71.2276, 42.6043], [-71.2407, 42.5924], [-71.237, 42.5853], [-71.2729, 42.6019], [-71.2655, 42.6038], [-71.2507, 42.6128]]]}}, {"type": "Feature", "properties": {"fips": "25013801602", "gap_national": -9.1, "gap_stratum": -3.6, "burden": 45.1, "capacity": 53.6, "svi": 0.59, "top_decile_gap": 0.0, "stratum": "metropolitan", "scored": 1}, "geometry": {"type": "Polygon", "coordinates": [[[-72.5182, 42.1222], [-72.5138, 42.1296], [-72.4958, 42.1356], [-72.4986, 42.1153], [-72.5045, 42.1175], [-72.5241, 42.116], [-72.5244, 42.1181], [-72.5182, 42.1222]]]}}, {"type": "Feature", "properties": {"fips": "25013801605", "gap_national": 7.4, "gap_stratum": 12.6, "burden": 71.7, "capacity": 63.4, "svi": 0.84, "top_decile_gap": 0.0, "stratum": "metropolitan", "scored": 1}, "geometry": {"type": "Polygon", "coordinates": [[[-72.509, 42.1016], [-72.4992, 42.112], [-72.491, 42.0872], [-72.5161, 42.0841], [-72.5146, 42.087], [-72.5184, 42.0935], [-72.5189, 42.1], [-72.509, 42.1016]]]}}, {"type": "Feature", "properties": {"fips": "25013802000", "gap_national": 77.9, "gap_stratum": 79.5, "burden": 85.2, "capacity": 18.4, "svi": 0.98, "top_decile_gap": 1.0, "stratum": "metropolitan", "scored": 1}, "geometry": {"type": "Polygon", "coordinates": [[[-72.5785, 42.0995], [-72.5741, 42.0955], [-72.5754, 42.0916], [-72.5808, 42.0888], [-72.58, 42.082], [-72.5827, 42.0816], [-72.5849, 42.0888], [-72.5898, 42.0945], [-72.5785, 42.0995]]]}}, {"type": "Feature", "properties": {"fips": "25017314102", "gap_national": -56.9, "gap_stratum": -51.6, "burden": 28.7, "capacity": 73.6, "svi": 0.34, "top_decile_gap": 0.0, "stratum": "metropolitan", "scored": 1}, "geometry": {"type": "Polygon", "coordinates": [[[-71.3504, 42.6934], [-71.3516, 42.6981], [-71.3303, 42.6972], [-71.3311, 42.6891], [-71.3347, 42.6854], [-71.3321, 42.6813], [-71.3348, 42.675], [-71.3322, 42.6728], [-71.3324, 42.6622], [-71.3294, 42.6603], [-71.3418, 42.6577], [-71.3496, 42.6679], [-71.355, 42.6844], [-71.3504, 42.6934]]]}}, {"type": "Feature", "properties": {"fips": "25017313102", "gap_national": -70.2, "gap_stratum": -66.5, "burden": 20.5, "capacity": 77.1, "svi": 0.29, "top_decile_gap": 0.0, "stratum": "metropolitan", "scored": 1}, "geometry": {"type": "Polygon", "coordinates": [[[-71.3697, 42.6986], [-71.3788, 42.683], [-71.3734, 42.6661], [-71.3716, 42.6641], [-71.3696, 42.6693], [-71.3664, 42.6667], [-71.3689, 42.6618], [-71.3782, 42.6607], [-71.3825, 42.6525], [-71.3809, 42.649], [-71.3892, 42.649], [-71.4049, 42.6657], [-71.4196, 42.6722], [-71.4209, 42.676], [-71.4187, 42.6821], [-71.4138, 42.6827], [-71.4127, 42.6864], [-71.4157, 42.6909], [-71.4277, 42.6956], [-71.4323, 42.7001], [-71.3697, 42.6986]]]}}, {"type": "Feature", "properties": {"fips": "25017313101", "gap_national": -74.3, "gap_stratum": -71.6, "burden": 15.7, "capacity": 76.0, "svi": 0.29, "top_decile_gap": 0.0, "stratum": "metropolitan", "scored": 1}, "geometry": {"type": "Polygon", "coordinates": [[[-71.4965, 42.6498], [-71.4825, 42.651], [-71.4795, 42.6588], [-71.4748, 42.6499], [-71.4572, 42.6584], [-71.4587, 42.6598], [-71.447, 42.6632], [-71.4478, 42.6666], [-71.4524, 42.6694], [-71.4464, 42.6704], [-71.4495, 42.6839], [-71.4521, 42.6872], [-71.4561, 42.6864], [-71.457, 42.6907], [-71.461, 42.692], [-71.4563, 42.6958], [-71.4577, 42.7007], [-71.4323, 42.7001], [-71.4277, 42.6956], [-71.4157, 42.6909], [-71.4126, 42.6839], [-71.4187, 42.6821], [-71.4209, 42.676], [-71.4196, 42.6722], [-71.4049, 42.6657], [-71.3892, 42.649], [-71.3943, 42.6485], [-71.399, 42.6525], [-71.4021, 42.6516], [-71.3989, 42.6449], [-71.404, 42.6484], [-71.412, 42.648], [-71.4176, 42.6538], [-71.4935, 42.6174], [-71.4986, 42.6388], [-71.4965, 42.6498]]]}}, {"type": "Feature", "properties": {"fips": "25017311700", "gap_national": -9.7, "gap_stratum": -5.8, "burden": 36.1, "capacity": 47.0, "svi": 0.71, "top_decile_gap": 0.0, "stratum": "metropolitan", "scored": 1}, "geometry": {"type": "Polygon", "coordinates": [[[-71.3251, 42.6354], [-71.3251, 42.6333], [-71.3197, 42.6319], [-71.3212, 42.6302], [-71.318, 42.6283], [-71.3191, 42.625], [-71.3296, 42.6267], [-71.331, 42.6345], [-71.3251, 42.6354]]]}}, {"type": "Feature", "properties": {"fips": "25017311400", "gap_national": -51.2, "gap_stratum": -50.5, "burden": 15.8, "capacity": 59.3, "svi": 0.6, "top_decile_gap": 0.0, "stratum": "metropolitan", "scored": 1}, "geometry": {"type": "Polygon", "coordinates": [[[-71.3435, 42.6403], [-71.339, 42.6303], [-71.3498, 42.6296], [-71.3518, 42.6228], [-71.3599, 42.626], [-71.3647, 42.6376], [-71.3435, 42.6403]]]}}, {"type": "Feature", "properties": {"fips": "25017352500", "gap_national": -42.8, "gap_stratum": -45.0, "burden": 4.7, "capacity": 47.6, "svi": 0.25, "top_decile_gap": 0.0, "stratum": "metropolitan", "scored": 1}, "geometry": {"type": "Polygon", "coordinates": [[[-71.099, 42.3722], [-71.0948, 42.3688], [-71.0963, 42.3649], [-71.1007, 42.366], [-71.099, 42.3685], [-71.101, 42.3693], [-71.099, 42.3722]]]}}, {"type": "Feature", "properties": {"fips": "25017352700", "gap_national": -46.6, "gap_stratum": -47.3, "burden": 12.4, "capacity": 54.1, "svi": 0.54, "top_decile_gap": 0.0, "stratum": "metropolitan", "scored": 1}, "geometry": {"type": "Polygon", "coordinates": [[[-71.0937, 42.3743], [-71.0875, 42.3734], [-71.0879, 42.372], [-71.1016, 42.3743], [-71.0937, 42.3743]]]}}, {"type": "Feature", "properties": {"fips": "25017353600", "gap_national": -39.3, "gap_stratum": -41.6, "burden": 2.9, "capacity": 44.4, "svi": 0.16, "top_decile_gap": 0.0, "stratum": "metropolitan", "scored": 1}, "geometry": {"type": "Polygon", "coordinates": [[[-71.1196, 42.3885], [-71.1073, 42.3781], [-71.1188, 42.3744], [-71.1196, 42.3885]]]}}, {"type": "Feature", "properties": {"fips": "25017353800", "gap_national": -58.3, "gap_stratum": -60.1, "burden": 1.9, "capacity": 57.3, "svi": 0.21, "top_decile_gap": 0.0, "stratum": "metropolitan", "scored": 1}, "geometry": {"type": "Polygon", "coordinates": [[[-71.1124, 42.3738], [-71.1048, 42.3708], [-71.1077, 42.3679], [-71.1131, 42.3717], [-71.1124, 42.3738]]]}}, {"type": "Feature", "properties": {"fips": "25017354200", "gap_national": -81.8, "gap_stratum": -78.3, "burden": 21.3, "capacity": 94.5, "svi": 0.18, "top_decile_gap": 0.0, "stratum": "metropolitan", "scored": 1}, "geometry": {"type": "Polygon", "coordinates": [[[-71.131, 42.3824], [-71.1289, 42.3811], [-71.1331, 42.3727], [-71.132, 42.3693], [-71.1399, 42.3644], [-71.1442, 42.3664], [-71.14, 42.3736], [-71.1457, 42.3752], [-71.1469, 42.3788], [-71.131, 42.3824]]]}}, {"type": "Feature", "properties": {"fips": "25017354500", "gap_national": -85.8, "gap_stratum": -84.7, "burden": 6.2, "capacity": 79.3, "svi": 0.13, "top_decile_gap": 0.0, "stratum": "metropolitan", "scored": 1}, "geometry": {"type": "Polygon", "coordinates": [[[-71.1285, 42.3857], [-71.1195, 42.3882], [-71.1195, 42.3848], [-71.1233, 42.3855], [-71.1275, 42.3804], [-71.1302, 42.3831], [-71.1285, 42.3857]]]}}, {"type": "Feature", "properties": {"fips": "25017342202", "gap_national": 1.0, "gap_stratum": 6.3, "burden": 45.9, "capacity": 47.3, "svi": 0.77, "top_decile_gap": 0.0, "stratum": "metropolitan", "scored": 1}, "geometry": {"type": "Polygon", "coordinates": [[[-71.0507, 42.4227], [-71.0409, 42.4235], [-71.0482, 42.4151], [-71.0546, 42.42], [-71.0507, 42.4227]]]}}, {"type": "Feature", "properties": {"fips": "25017358300", "gap_national": -88.7, "gap_stratum": -86.8, "burden": 13.5, "capacity": 91.1, "svi": 0.45, "top_decile_gap": 0.0, "stratum": "metropolitan", "scored": 1}, "geometry": {"type": "Polygon", "coordinates": [[[-71.2223, 42.4342], [-71.2257, 42.4291], [-71.2207, 42.4272], [-71.2198, 42.4222], [-71.2148, 42.4184], [-71.2189, 42.4156], [-71.2076, 42.4098], [-71.2113, 42.4061], [-71.257, 42.4211], [-71.2596, 42.4356], [-71.2223, 42.4342]]]}}, {"type": "Feature", "properties": {"fips": "25017358400", "gap_national": -82.5, "gap_stratum": -79.3, "burden": 20.1, "capacity": 92.8, "svi": 0.51, "top_decile_gap": 0.0, "stratum": "metropolitan", "scored": 1}, "geometry": {"type": "Polygon", "coordinates": [[[-71.2473, 42.4472], [-71.23, 42.4506], [-71.2164, 42.4446], [-71.2091, 42.4356], [-71.2291, 42.4339], [-71.2346, 42.4359], [-71.2416, 42.4343], [-71.2596, 42.4356], [-71.257, 42.4211], [-71.2672, 42.4244], [-71.2661, 42.4299], [-71.2705, 42.4483], [-71.2473, 42.4472]]]}}, {"type": "Feature", "properties": {"fips": "25017358600", "gap_national": -87.5, "gap_stratum": -85.6, "burden": 12.9, "capacity": 87.8, "svi": 0.25, "top_decile_gap": 0.0, "stratum": "metropolitan", "scored": 1}, "geometry": {"type": "Polygon", "coordinates": [[[-71.2633, 42.4736], [-71.252, 42.4766], [-71.2449, 42.4703], [-71.2376, 42.473], [-71.2328, 42.4685], [-71.23, 42.4506], [-71.2473, 42.4472], [-71.2705, 42.4483], [-71.2727, 42.4597], [-71.2633, 42.4736]]]}}, {"type": "Feature", "properties": {"fips": "25017358700", "gap_national": -90.2, "gap_stratum": -89.0, "burden": 9.1, "capacity": 87.2, "svi": 0.17, "top_decile_gap": 0.0, "stratum": "metropolitan", "scored": 1}, "geometry": {"type": "Polygon", "coordinates": [[[-71.252, 42.485], [-71.2409, 42.49], [-71.2122, 42.4664], [-71.2147, 42.4644], [-71.2134, 42.4601], [-71.2204, 42.4506], [-71.2206, 42.4463], [-71.2251, 42.4477], [-71.2304, 42.4512], [-71.2304, 42.4598], [-71.2355, 42.4716], [-71.2376, 42.473], [-71.2449, 42.4703], [-71.252, 42.4766], [-71.2611, 42.4733], [-71.2633, 42.4736], [-71.252, 42.485]]]}}, {"type": "Feature", "properties": {"fips": "25017341700", "gap_national": -47.8, "gap_stratum": -43.5, "burden": 27.9, "capacity": 66.2, "svi": 0.64, "top_decile_gap": 0.0, "stratum": "metropolitan", "scored": 1}, "geometry": {"type": "Polygon", "coordinates": [[[-71.0502, 42.4361], [-71.0482, 42.4395], [-71.0503, 42.4422], [-71.0442, 42.4428], [-71.0414, 42.4406], [-71.0421, 42.4382], [-71.0371, 42.4369], [-71.0388, 42.4342], [-71.0547, 42.4311], [-71.058, 42.4309], [-71.0595, 42.4343], [-71.0502, 42.4361]]]}}, {"type": "Feature", "properties": {"fips": "25017351300", "gap_national": -48.9, "gap_stratum": -50.1, "burden": 9.2, "capacity": 53.9, "svi": 0.4, "top_decile_gap": 0.0, "stratum": "metropolitan", "scored": 1}, "geometry": {"type": "Polygon", "coordinates": [[[-71.0976, 42.3884], [-71.0954, 42.3874], [-71.0898, 42.3803], [-71.0962, 42.3797], [-71.0996, 42.3855], [-71.0976, 42.3884]]]}}, {"type": "Feature", "properties": {"fips": "25017351404", "gap_national": -41.0, "gap_stratum": -42.3, "burden": 10.3, "capacity": 49.1, "svi": 0.58, "top_decile_gap": 0.0, "stratum": "metropolitan", "scored": 1}, "geometry": {"type": "Polygon", "coordinates": [[[-71.0842, 42.3846], [-71.0795, 42.3833], [-71.0898, 42.3803], [-71.0957, 42.3881], [-71.0842, 42.3846]]]}}, {"type": "Feature", "properties": {"fips": "25017337102", "gap_national": -75.9, "gap_stratum": -72.0, "burden": 21.2, "capacity": 84.1, "svi": 0.1, "top_decile_gap": 0.0, "stratum": "metropolitan", "scored": 1}, "geometry": {"type": "Polygon", "coordinates": [[[-71.1005, 42.4672], [-71.0966, 42.4674], [-71.0979, 42.4697], [-71.0933, 42.4793], [-71.0946, 42.4813], [-71.0758, 42.4836], [-71.0821, 42.4439], [-71.1047, 42.4488], [-71.1005, 42.4672]]]}}, {"type": "Feature", "properties": {"fips": "25017335400", "gap_national": -75.0, "gap_stratum": -72.0, "burden": 17.1, "capacity": 78.1, "svi": 0.22, "top_decile_gap": 0.0, "stratum": "metropolitan", "scored": 1}, "geometry": {"type": "Polygon", "coordinates": [[[-71.0752, 42.488], [-71.071, 42.4874], [-71.074, 42.4898], [-71.0694, 42.4897], [-71.0663, 42.4825], [-71.0642, 42.4865], [-71.061, 42.4862], [-71.0524, 42.4952], [-71.0419, 42.4933], [-71.0452, 42.4887], [-71.0526, 42.4861], [-71.0534, 42.4759], [-71.0693, 42.4716], [-71.0782, 42.474], [-71.0752, 42.488]]]}}, {"type": "Feature", "properties": {"fips": "25017368200", "gap_national": -66.1, "gap_stratum": -62.5, "burden": 20.6, "capacity": 73.6, "svi": 0.15, "top_decile_gap": 0.0, "stratum": "metropolitan", "scored": 1}, "geometry": {"type": "Polygon", "coordinates": [[[-71.2739, 42.4109], [-71.2721, 42.405], [-71.2752, 42.3993], [-71.2664, 42.397], [-71.2513, 42.3973], [-71.2392, 42.3898], [-71.2422, 42.3806], [-71.2698, 42.3746], [-71.276, 42.3759], [-71.2678, 42.3901], [-71.2762, 42.3929], [-71.2796, 42.3988], [-71.2828, 42.3997], [-71.2812, 42.4027], [-71.2856, 42.4048], [-71.2823, 42.4107], [-71.2739, 42.4109]]]}}, {"type": "Feature", "properties": {"fips": "25017368500", "gap_national": -39.7, "gap_stratum": -41.5, "burden": 7.2, "capacity": 46.6, "svi": 0.66, "top_decile_gap": 0.0, "stratum": "metropolitan", "scored": 1}, "geometry": {"type": "Polygon", "coordinates": [[[-71.2366, 42.3732], [-71.2313, 42.3705], [-71.2337, 42.371], [-71.2349, 42.366], [-71.2431, 42.3668], [-71.2437, 42.3688], [-71.2366, 42.3732]]]}}, {"type": "Feature", "properties": {"fips": "25017356500", "gap_national": -80.9, "gap_stratum": -78.5, "burden": 14.0, "capacity": 80.8, "svi": 0.33, "top_decile_gap": 0.0, "stratum": "metropolitan", "scored": 1}, "geometry": {"type": "Polygon", "coordinates": [[[-71.1823, 42.4363], [-71.1737, 42.4362], [-71.176, 42.4316], [-71.1747, 42.4268], [-71.1822, 42.4254], [-71.1904, 42.4194], [-71.1845, 42.4116], [-71.1943, 42.4153], [-71.1943, 42.4134], [-71.2026, 42.4148], [-71.1823, 42.4363]]]}}, {"type": "Feature", "properties": {"fips": "25017356602", "gap_national": -83.0, "gap_stratum": -80.7, "burden": 13.7, "capacity": 82.9, "svi": 0.14, "top_decile_gap": 0.0, "stratum": "metropolitan", "scored": 1}, "geometry": {"type": "Polygon", "coordinates": [[[-71.1822, 42.4254], [-71.1757, 42.4259], [-71.1725, 42.4218], [-71.1837, 42.4114], [-71.1904, 42.4194], [-71.1822, 42.4254]]]}}, {"type": "Feature", "properties": {"fips": "25017357500", "gap_national": -84.3, "gap_stratum": -83.2, "burden": 6.3, "capacity": 78.0, "svi": 0.19, "top_decile_gap": 0.0, "stratum": "metropolitan", "scored": 1}, "geometry": {"type": "Polygon", "coordinates": [[[-71.1788, 42.3877], [-71.1752, 42.3851], [-71.1694, 42.3864], [-71.1756, 42.3794], [-71.1811, 42.3802], [-71.1788, 42.3877]]]}}, {"type": "Feature", "properties": {"fips": "25017357600", "gap_national": -81.4, "gap_stratum": -80.4, "burden": 5.7, "capacity": 75.0, "svi": 0.17, "top_decile_gap": 0.0, "stratum": "metropolitan", "scored": 1}, "geometry": {"type": "Polygon", "coordinates": [[[-71.187, 42.3867], [-71.18, 42.3825], [-71.1811, 42.3802], [-71.1892, 42.3807], [-71.1928, 42.3846], [-71.187, 42.3867]]]}}, {"type": "Feature", "properties": {"fips": "25017332300", "gap_national": -76.5, "gap_stratum": -73.5, "burden": 17.1, "capacity": 79.5, "svi": 0.21, "top_decile_gap": 0.0, "stratum": "metropolitan", "scored": 1}, "geometry": {"type": "Polygon", "coordinates": [[[-71.2219, 42.5251], [-71.2037, 42.5142], [-71.1958, 42.5064], [-71.2069, 42.5041], [-71.2237, 42.4969], [-71.2253, 42.494], [-71.2319, 42.5064], [-71.2219, 42.5251]]]}}, {"type": "Feature", "properties": {"fips": "25017339300", "gap_national": -66.7, "gap_stratum": -62.5, "burden": 22.7, "capacity": 76.1, "svi": 0.38, "top_decile_gap": 0.0, "stratum": "metropolitan", "scored": 1}, "geometry": {"type": "Polygon", "coordinates": [[[-71.1269, 42.4217], [-71.1258, 42.4189], [-71.1324, 42.4152], [-71.1384, 42.4155], [-71.1429, 42.4206], [-71.1269, 42.4217]]]}}, {"type": "Feature", "properties": {"fips": "25017339500", "gap_national": -30.4, "gap_stratum": -32.3, "burden": 5.4, "capacity": 38.5, "svi": 0.34, "top_decile_gap": 0.0, "stratum": "metropolitan", "scored": 1}, "geometry": {"type": "Polygon", "coordinates": [[[-71.1231, 42.4096], [-71.1179, 42.4191], [-71.1105, 42.4171], [-71.1059, 42.4129], [-71.1164, 42.4073], [-71.1132, 42.403], [-71.1149, 42.4022], [-71.1155, 42.4051], [-71.1254, 42.4104], [-71.1231, 42.4096]]]}}, {"type": "Feature", "properties": {"fips": "25017339600", "gap_national": -43.7, "gap_stratum": -45.9, "burden": 4.3, "capacity": 48.1, "svi": 0.25, "top_decile_gap": 0.0, "stratum": "metropolitan", "scored": 1}, "geometry": {"type": "Polygon", "coordinates": [[[-71.1101, 42.4103], [-71.1069, 42.4029], [-71.1004, 42.3962], [-71.1139, 42.401], [-71.1164, 42.4073], [-71.1101, 42.4103]]]}}, {"type": "Feature", "properties": {"fips": "25017336300", "gap_national": -80.4, "gap_stratum": -78.5, "burden": 11.7, "capacity": 78.1, "svi": 0.11, "top_decile_gap": 0.0, "stratum": "metropolitan", "scored": 1}, "geometry": {"type": "Polygon", "coordinates": [[[-71.0647, 42.4561], [-71.04, 42.4607], [-71.0258, 42.4447], [-71.0503, 42.4422], [-71.0565, 42.4447], [-71.0633, 42.4533], [-71.0665, 42.4531], [-71.0647, 42.4561]]]}}, {"type": "Feature", "properties": {"fips": "25017336402", "gap_national": -69.7, "gap_stratum": -65.4, "burden": 23.1, "capacity": 79.5, "svi": 0.63, "top_decile_gap": 0.0, "stratum": "metropolitan", "scored": 1}, "geometry": {"type": "Polygon", "coordinates": [[[-71.0798, 42.458], [-71.0631, 42.4588], [-71.0716, 42.4481], [-71.0751, 42.4478], [-71.0806, 42.4531], [-71.0798, 42.458]]]}}, {"type": "Feature", "properties": {"fips": "25017373200", "gap_national": -73.6, "gap_stratum": -72.3, "burden": 10.6, "capacity": 71.5, "svi": 0.42, "top_decile_gap": 0.0, "stratum": "metropolitan", "scored": 1}, "geometry": {"type": "Polygon", "coordinates": [[[-71.1984, 42.3674], [-71.1922, 42.3654], [-71.1963, 42.3618], [-71.1931, 42.3611], [-71.1953, 42.3549], [-71.1988, 42.354], [-71.2069, 42.3567], [-71.2095, 42.3615], [-71.1984, 42.3674]]]}}, {"type": "Feature", "properties": {"fips": "25017373500", "gap_national": -85.7, "gap_stratum": -84.5, "burden": 6.9, "capacity": 79.8, "svi": 0.12, "top_decile_gap": 0.0, "stratum": "metropolitan", "scored": 1}, "geometry": {"type": "Polygon", "coordinates": [[[-71.1941, 42.3448], [-71.1953, 42.347], [-71.1922, 42.353], [-71.1819, 42.3513], [-71.1801, 42.3528], [-71.1748, 42.3503], [-71.1667, 42.34], [-71.1721, 42.337], [-71.1933, 42.336], [-71.1926, 42.3408], [-71.1975, 42.3404], [-71.1995, 42.3424], [-71.1941, 42.3448]]]}}, {"type": "Feature", "properties": {"fips": "25017373800", "gap_national": -86.0, "gap_stratum": -83.6, "burden": 15.5, "capacity": 89.6, "svi": 0.24, "top_decile_gap": 0.0, "stratum": "metropolitan", "scored": 1}, "geometry": {"type": "Polygon", "coordinates": [[[-71.1861, 42.3315], [-71.178, 42.3288], [-71.1757, 42.3256], [-71.1811, 42.3193], [-71.202, 42.3192], [-71.2021, 42.3246], [-71.207, 42.3308], [-71.1861, 42.3315]]]}}, {"type": "Feature", "properties": {"fips": "25017374400", "gap_national": -85.8, "gap_stratum": -83.3, "burden": 16.5, "capacity": 91.3, "svi": 0.41, "top_decile_gap": 0.0, "stratum": "metropolitan", "scored": 1}, "geometry": {"type": "Polygon", "coordinates": [[[-71.2407, 42.3342], [-71.241, 42.3376], [-71.2346, 42.3447], [-71.2319, 42.3425], [-71.2271, 42.3452], [-71.229, 42.3479], [-71.2107, 42.3507], [-71.2116, 42.338], [-71.2171, 42.337], [-71.218, 42.3331], [-71.2141, 42.3311], [-71.2312, 42.3263], [-71.2439, 42.3344], [-71.2407, 42.3342]]]}}, {"type": "Feature", "properties": {"fips": "25017334200", "gap_national": -75.6, "gap_stratum": -72.9, "burden": 15.3, "capacity": 76.8, "svi": 0.21, "top_decile_gap": 0.0, "stratum": "metropolitan", "scored": 1}, "geometry": {"type": "Polygon", "coordinates": [[[-71.1325, 42.5365], [-71.1296, 42.536], [-71.1035, 42.5258], [-71.1032, 42.5211], [-71.1196, 42.5174], [-71.1262, 42.5275], [-71.1325, 42.5313], [-71.1325, 42.5365]]]}}, {"type": "Feature", "properties": {"fips": "25017334300", "gap_national": -81.8, "gap_stratum": -79.4, "burden": 14.3, "capacity": 82.4, "svi": 0.08, "top_decile_gap": 0.0, "stratum": "metropolitan", "scored": 1}, "geometry": {"type": "Polygon", "coordinates": [[[-71.1273, 42.5543], [-71.1207, 42.5606], [-71.1103, 42.5614], [-71.1049, 42.5664], [-71.0928, 42.5593], [-71.0961, 42.551], [-71.0895, 42.5437], [-71.0928, 42.539], [-71.1041, 42.5408], [-71.1028, 42.5241], [-71.1085, 42.5281], [-71.1325, 42.5365], [-71.1365, 42.5524], [-71.1273, 42.5543]]]}}, {"type": "Feature", "properties": {"fips": "25017333300", "gap_national": -46.6, "gap_stratum": -44.1, "burden": 23.0, "capacity": 61.5, "svi": 0.52, "top_decile_gap": 0.0, "stratum": "metropolitan", "scored": 1}, "geometry": {"type": "Polygon", "coordinates": [[[-71.1602, 42.4736], [-71.1505, 42.4766], [-71.1508, 42.4815], [-71.1466, 42.4809], [-71.1415, 42.4705], [-71.1379, 42.4686], [-71.1547, 42.463], [-71.1586, 42.4643], [-71.1613, 42.471], [-71.1602, 42.4736]]]}}, {"type": "Feature", "properties": {"fips": "25027740102", "gap_national": -80.9, "gap_stratum": -78.0, "burden": 17.8, "capacity": 85.5, "svi": 0.14, "top_decile_gap": 0.0, "stratum": "metropolitan", "scored": 1}, "geometry": {"type": "Polygon", "coordinates": [[[-71.6573, 42.3006], [-71.6559, 42.2989], [-71.6427, 42.3052], [-71.6313, 42.3055], [-71.6269, 42.3126], [-71.6314, 42.3171], [-71.6319, 42.3226], [-71.6278, 42.3286], [-71.632, 42.3305], [-71.64, 42.3283], [-71.6409, 42.3241], [-71.6428, 42.3241], [-71.6484, 42.3268], [-71.6535, 42.3342], [-71.6622, 42.337], [-71.6555, 42.3417], [-71.6543, 42.3456], [-71.6475, 42.3465], [-71.6419, 42.3435], [-71.6284, 42.3536], [-71.6183, 42.3426], [-71.6041, 42.3368], [-71.6053, 42.3302], [-71.58, 42.3059], [-71.6332, 42.3006], [-71.6377, 42.2939], [-71.6628, 42.2936], [-71.6573, 42.3006]]]}}, {"type": "Feature", "properties": {"fips": "25017386100", "gap_national": -87.8, "gap_stratum": -86.4, "burden": 8.9, "capacity": 83.6, "svi": 0.01, "top_decile_gap": 0.0, "stratum": "metropolitan", "scored": 1}, "geometry": {"type": "Polygon", "coordinates": [[[-71.4193, 42.2573], [-71.3978, 42.2615], [-71.3904, 42.2719], [-71.3566, 42.263], [-71.3564, 42.2596], [-71.3526, 42.2563], [-71.3418, 42.2535], [-71.3425, 42.2505], [-71.3294, 42.2453], [-71.3312, 42.2376], [-71.3297, 42.2333], [-71.3431, 42.221], [-71.3385, 42.2152], [-71.3468, 42.2156], [-71.3515, 42.2115], [-71.3522, 42.2075], [-71.3442, 42.2007], [-71.3848, 42.192], [-71.3802, 42.2018], [-71.3882, 42.2043], [-71.3917, 42.2097], [-71.3939, 42.2071], [-71.3972, 42.2081], [-71.4037, 42.2149], [-71.402, 42.2154], [-71.41, 42.2187], [-71.4096, 42.2257], [-71.4123, 42.2279], [-71.4132, 42.2342], [-71.4201, 42.2381], [-71.4193, 42.2573]]]}}, {"type": "Feature", "properties": {"fips": "25017383800", "gap_national": -79.9, "gap_stratum": -77.9, "burden": 12.4, "capacity": 78.2, "svi": 0.11, "top_decile_gap": 0.0, "stratum": "metropolitan", "scored": 1}, "geometry": {"type": "Polygon", "coordinates": [[[-71.4191, 42.3327], [-71.4157, 42.3381], [-71.4103, 42.3401], [-71.4152, 42.3414], [-71.4155, 42.3437], [-71.3967, 42.341], [-71.3939, 42.3355], [-71.3888, 42.3363], [-71.3818, 42.3285], [-71.3861, 42.326], [-71.4076, 42.3225], [-71.4167, 42.3123], [-71.42, 42.3143], [-71.4228, 42.3207], [-71.4147, 42.3258], [-71.4264, 42.3307], [-71.4191, 42.3327]]]}}, {"type": "Feature", "properties": {"fips": "25017383501", "gap_national": -12.2, "gap_stratum": -6.7, "burden": 44.0, "capacity": 54.9, "svi": 0.88, "top_decile_gap": 0.0, "stratum": "metropolitan", "scored": 1}, "geometry": {"type": "Polygon", "coordinates": [[[-71.4194, 42.2977], [-71.3932, 42.2988], [-71.4102, 42.2875], [-71.4188, 42.2907], [-71.4244, 42.2887], [-71.4275, 42.2928], [-71.4268, 42.2988], [-71.4194, 42.2977]]]}}, {"type": "Feature", "properties": {"fips": "25017383102", "gap_national": 51.7, "gap_stratum": 58.4, "burden": 61.9, "capacity": 19.1, "svi": 0.97, "top_decile_gap": 0.0, "stratum": "metropolitan", "scored": 1}, "geometry": {"type": "Polygon", "coordinates": [[[-71.3996, 42.2812], [-71.3959, 42.2729], [-71.3904, 42.2719], [-71.3936, 42.2674], [-71.415, 42.2774], [-71.3996, 42.2812]]]}}, {"type": "Feature", "properties": {"fips": "25017368901", "gap_national": -76.8, "gap_stratum": -72.8, "burden": 23.0, "capacity": 88.2, "svi": 0.47, "top_decile_gap": 0.0, "stratum": "metropolitan", "scored": 1}, "geometry": {"type": "Polygon", "coordinates": [[[-71.2348, 42.3975], [-71.2329, 42.4132], [-71.2159, 42.4076], [-71.217, 42.4046], [-71.2126, 42.3994], [-71.2161, 42.3989], [-71.226, 42.3856], [-71.2306, 42.384], [-71.2381, 42.3868], [-71.2392, 42.3898], [-71.2348, 42.3975]]]}}, {"type": "Feature", "properties": {"fips": "25017368902", "gap_national": -18.6, "gap_stratum": -16.9, "burden": 25.0, "capacity": 44.0, "svi": 0.77, "top_decile_gap": 0.0, "stratum": "metropolitan", "scored": 1}, "geometry": {"type": "Polygon", "coordinates": [[[-71.236, 42.3798], [-71.2381, 42.3868], [-71.2306, 42.384], [-71.2276, 42.3855], [-71.2195, 42.3808], [-71.2368, 42.3762], [-71.239, 42.3762], [-71.2395, 42.3794], [-71.236, 42.3798]]]}}, {"type": "Feature", "properties": {"fips": "25009260200", "gap_national": 8.5, "gap_stratum": 14.2, "burden": 59.8, "capacity": 53.3, "svi": 0.97, "top_decile_gap": 0.0, "stratum": "metropolitan", "scored": 1}, "geometry": {"type": "Polygon", "coordinates": [[[-71.0747, 42.7876], [-71.072, 42.7849], [-71.0712, 42.7793], [-71.0689, 42.7791], [-71.07, 42.7769], [-71.0669, 42.776], [-71.0691, 42.7744], [-71.0678, 42.7734], [-71.0762, 42.7737], [-71.0787, 42.7842], [-71.0747, 42.7876]]]}}, {"type": "Feature", "properties": {"fips": "25009260302", "gap_national": -60.6, "gap_stratum": -54.0, "burden": 35.8, "capacity": 85.9, "svi": 0.25, "top_decile_gap": 0.0, "stratum": "metropolitan", "scored": 1}, "geometry": {"type": "Polygon", "coordinates": [[[-71.0654, 42.8066], [-71.0536, 42.8331], [-70.9996, 42.8105], [-70.9986, 42.8075], [-71.0034, 42.8011], [-71.0187, 42.7916], [-71.0219, 42.7796], [-71.0342, 42.7639], [-71.0416, 42.7707], [-71.0464, 42.7687], [-71.0476, 42.7733], [-71.0383, 42.7862], [-71.0383, 42.7907], [-71.057, 42.7958], [-71.0674, 42.7939], [-71.0654, 42.7958], [-71.0654, 42.8066]]]}}, {"type": "Feature", "properties": {"fips": "25009260402", "gap_national": -59.6, "gap_stratum": -53.6, "burden": 30.9, "capacity": 78.3, "svi": 0.27, "top_decile_gap": 0.0, "stratum": "metropolitan", "scored": 1}, "geometry": {"type": "Polygon", "coordinates": [[[-71.1656, 42.8087], [-71.1479, 42.8161], [-71.1125, 42.788], [-71.1208, 42.7684], [-71.1283, 42.7741], [-71.1314, 42.7728], [-71.1306, 42.7608], [-71.1823, 42.7943], [-71.1656, 42.8087]]]}}, {"type": "Feature", "properties": {"fips": "25009251100", "gap_national": 35.0, "gap_stratum": 35.0, "burden": 87.1, "capacity": 55.4, "svi": 0.99, "top_decile_gap": 0.0, "stratum": "metropolitan", "scored": 1}, "geometry": {"type": "Polygon", "coordinates": [[[-71.1639, 42.7142], [-71.1628, 42.711], [-71.1716, 42.709], [-71.1768, 42.7154], [-71.1639, 42.7142]]]}}, {"type": "Feature", "properties": {"fips": "25009251600", "gap_national": 26.1, "gap_stratum": 32.3, "burden": 44.6, "capacity": 24.9, "svi": 0.87, "top_decile_gap": 0.0, "stratum": "metropolitan", "scored": 1}, "geometry": {"type": "Polygon", "coordinates": [[[-71.1602, 42.7033], [-71.1373, 42.7072], [-71.1371, 42.7044], [-71.1404, 42.7034], [-71.1428, 42.6989], [-71.1464, 42.6997], [-71.1475, 42.6967], [-71.1507, 42.696], [-71.1603, 42.694], [-71.1651, 42.7013], [-71.1602, 42.7033]]]}}, {"type": "Feature", "properties": {"fips": "25009252601", "gap_national": -41.6, "gap_stratum": -33.3, "burden": 45.8, "capacity": 77.5, "svi": 0.42, "top_decile_gap": 0.0, "stratum": "metropolitan", "scored": 1}, "geometry": {"type": "Polygon", "coordinates": [[[-71.139, 42.7453], [-71.1276, 42.7547], [-71.1156, 42.7411], [-71.1342, 42.7215], [-71.1419, 42.7216], [-71.1406, 42.7268], [-71.1438, 42.7269], [-71.1454, 42.7386], [-71.1509, 42.7434], [-71.139, 42.7453]]]}}, {"type": "Feature", "properties": {"fips": "25009205300", "gap_national": -48.3, "gap_stratum": -42.0, "burden": 34.5, "capacity": 72.1, "svi": 0.42, "top_decile_gap": 0.0, "stratum": "metropolitan", "scored": 1}, "geometry": {"type": "Polygon", "coordinates": [[[-70.9649, 42.487], [-70.9746, 42.4899], [-70.9717, 42.4912], [-70.9689, 42.4977], [-70.9646, 42.5003], [-70.9509, 42.495], [-70.9508, 42.4854], [-70.9601, 42.4872], [-70.9603, 42.485], [-70.973, 42.4774], [-70.9752, 42.4797], [-70.9649, 42.487]]]}}, {"type": "Feature", "properties": {"fips": "25009205400", "gap_national": -55.4, "gap_stratum": -48.1, "burden": 37.8, "capacity": 82.4, "svi": 0.45, "top_decile_gap": 0.0, "stratum": "metropolitan", "scored": 1}, "geometry": {"type": "Polygon", "coordinates": [[[-71.0017, 42.5071], [-70.9953, 42.5056], [-70.9886, 42.5095], [-70.9927, 42.5122], [-70.9869, 42.5118], [-70.9646, 42.5003], [-70.9746, 42.4899], [-70.9649, 42.487], [-70.9752, 42.4797], [-70.973, 42.4774], [-70.9782, 42.4715], [-70.9843, 42.4751], [-70.9829, 42.4769], [-70.9949, 42.4749], [-71.0031, 42.4964], [-71.0116, 42.5016], [-71.0017, 42.5071]]]}}, {"type": "Feature", "properties": {"fips": "25009204400", "gap_national": -71.5, "gap_stratum": -67.5, "burden": 21.5, "capacity": 79.4, "svi": 0.47, "top_decile_gap": 0.0, "stratum": "metropolitan", "scored": 1}, "geometry": {"type": "MultiPolygon", "coordinates": [[[[-70.787, 42.5373], [-70.7823, 42.5337], [-70.7877, 42.5306], [-70.787, 42.5373]]], [[[-70.8901, 42.5287], [-70.8857, 42.5277], [-70.8812, 42.5339], [-70.8789, 42.5321], [-70.8676, 42.5363], [-70.8642, 42.5334], [-70.8663, 42.5267], [-70.8776, 42.5235], [-70.8817, 42.519], [-70.8858, 42.5236], [-70.8905, 42.5225], [-70.8924, 42.5255], [-70.8901, 42.5287]]]]}}, {"type": "Feature", "properties": {"fips": "25009211300", "gap_national": -71.2, "gap_stratum": -66.0, "burden": 28.6, "capacity": 89.4, "svi": 0.19, "top_decile_gap": 0.0, "stratum": "metropolitan", "scored": 1}, "geometry": {"type": "Polygon", "coordinates": [[[-70.9507, 42.5933], [-70.9391, 42.5895], [-70.9383, 42.6027], [-70.9311, 42.6124], [-70.9295, 42.609], [-70.9339, 42.5996], [-70.9275, 42.5922], [-70.9223, 42.5915], [-70.9084, 42.5715], [-70.923, 42.5653], [-70.9466, 42.5727], [-70.9503, 42.5793], [-70.9507, 42.5933]]]}}, {"type": "Feature", "properties": {"fips": "25009265102", "gap_national": -77.4, "gap_stratum": -74.0, "burden": 18.9, "capacity": 82.6, "svi": 0.1, "top_decile_gap": 0.0, "stratum": "metropolitan", "scored": 1}, "geometry": {"type": "Polygon", "coordinates": [[[-70.989, 42.739], [-70.9906, 42.7435], [-70.9597, 42.7538], [-70.9241, 42.736], [-70.9384, 42.7262], [-70.9589, 42.707], [-70.9662, 42.71], [-70.9711, 42.7159], [-70.9893, 42.7228], [-70.9907, 42.7357], [-70.989, 42.739]]]}}, {"type": "Feature", "properties": {"fips": "25009221100", "gap_national": -49.1, "gap_stratum": -40.9, "burden": 49.8, "capacity": 94.7, "svi": 0.16, "top_decile_gap": 0.0, "stratum": "metropolitan", "scored": 1}, "geometry": {"type": "Polygon", "coordinates": [[[-70.6799, 42.6603], [-70.6814, 42.6623], [-70.6668, 42.6717], [-70.6635, 42.6776], [-70.6471, 42.6879], [-70.6406, 42.6858], [-70.644, 42.6647], [-70.6432, 42.6369], [-70.6648, 42.6259], [-70.6756, 42.6243], [-70.6768, 42.6271], [-70.6742, 42.6306], [-70.6774, 42.6328], [-70.6765, 42.6413], [-70.6825, 42.6542], [-70.6799, 42.6603]]]}}, {"type": "Feature", "properties": {"fips": "25009221300", "gap_national": -53.7, "gap_stratum": -45.9, "burden": 46.3, "capacity": 97.0, "svi": 0.13, "top_decile_gap": 0.0, "stratum": "metropolitan", "scored": 1}, "geometry": {"type": "Polygon", "coordinates": [[[-70.657, 42.5983], [-70.6634, 42.6073], [-70.6453, 42.6165], [-70.6468, 42.6203], [-70.6609, 42.6256], [-70.6643, 42.6247], [-70.6629, 42.6268], [-70.6432, 42.6369], [-70.6427, 42.6345], [-70.618, 42.626], [-70.6322, 42.6168], [-70.6323, 42.6079], [-70.6356, 42.6002], [-70.6461, 42.5922], [-70.648, 42.5875], [-70.6547, 42.5822], [-70.6649, 42.5804], [-70.666, 42.5841], [-70.657, 42.5983]]]}}, {"type": "Feature", "properties": {"fips": "25009210800", "gap_national": -20.1, "gap_stratum": -12.7, "burden": 50.2, "capacity": 64.8, "svi": 0.7, "top_decile_gap": 0.0, "stratum": "metropolitan", "scored": 1}, "geometry": {"type": "Polygon", "coordinates": [[[-70.9288, 42.5346], [-70.9273, 42.5304], [-70.9155, 42.5288], [-70.9177, 42.5226], [-70.9319, 42.5274], [-70.9355, 42.5297], [-70.9288, 42.5346]]]}}, {"type": "Feature", "properties": {"fips": "25009210900", "gap_national": -34.3, "gap_stratum": -26.1, "burden": 47.5, "capacity": 73.0, "svi": 0.64, "top_decile_gap": 0.0, "stratum": "metropolitan", "scored": 1}, "geometry": {"type": "Polygon", "coordinates": [[[-70.9214, 42.5432], [-70.9135, 42.5415], [-70.9127, 42.5281], [-70.9273, 42.5304], [-70.9286, 42.5348], [-70.9214, 42.5432]]]}}, {"type": "Feature", "properties": {"fips": "25009204200", "gap_national": -42.1, "gap_stratum": -39.1, "burden": 25.6, "capacity": 60.5, "svi": 0.65, "top_decile_gap": 0.0, "stratum": "metropolitan", "scored": 1}, "geometry": {"type": "Polygon", "coordinates": [[[-70.9021, 42.5205], [-70.8957, 42.5214], [-70.8927, 42.5155], [-70.8881, 42.5151], [-70.886, 42.5124], [-70.8972, 42.5114], [-70.8991, 42.5148], [-70.9058, 42.5158], [-70.9021, 42.5205]]]}}, {"type": "Feature", "properties": {"fips": "25009205500", "gap_national": -3.0, "gap_stratum": 0.4, "burden": 32.0, "capacity": 38.1, "svi": 0.77, "top_decile_gap": 0.0, "stratum": "metropolitan", "scored": 1}, "geometry": {"type": "Polygon", "coordinates": [[[-70.962, 42.4828], [-70.9562, 42.4796], [-70.9584, 42.474], [-70.9548, 42.4763], [-70.9495, 42.4721], [-70.9553, 42.4669], [-70.96, 42.47], [-70.9628, 42.4675], [-70.9624, 42.4718], [-70.9649, 42.4733], [-70.9694, 42.471], [-70.9698, 42.479], [-70.962, 42.4828]]]}}, {"type": "Feature", "properties": {"fips": "25009206200", "gap_national": 24.9, "gap_stratum": 30.8, "burden": 39.3, "capacity": 19.8, "svi": 0.8, "top_decile_gap": 0.0, "stratum": "metropolitan", "scored": 1}, "geometry": {"type": "Polygon", "coordinates": [[[-70.9483, 42.4744], [-70.9435, 42.4716], [-70.9454, 42.4697], [-70.9429, 42.4681], [-70.9499, 42.4658], [-70.9545, 42.4683], [-70.9483, 42.4744]]]}}, {"type": "Feature", "properties": {"fips": "25009206400", "gap_national": -6.1, "gap_stratum": -1.9, "burden": 38.1, "capacity": 46.1, "svi": 0.71, "top_decile_gap": 0.0, "stratum": "metropolitan", "scored": 1}, "geometry": {"type": "Polygon", "coordinates": [[[-70.9311, 42.485], [-70.9266, 42.476], [-70.9346, 42.4717], [-70.939, 42.4773], [-70.9311, 42.485]]]}}, {"type": "Feature", "properties": {"fips": "25009206600", "gap_national": -7.2, "gap_stratum": -1.3, "burden": 48.6, "capacity": 55.1, "svi": 0.88, "top_decile_gap": 0.0, "stratum": "metropolitan", "scored": 1}, "geometry": {"type": "Polygon", "coordinates": [[[-70.9249, 42.4726], [-70.922, 42.4667], [-70.9285, 42.462], [-70.9345, 42.4682], [-70.9249, 42.4726]]]}}, {"type": "Feature", "properties": {"fips": "25009206800", "gap_national": 69.8, "gap_stratum": 69.3, "burden": 90.1, "capacity": 31.0, "svi": 1.0, "top_decile_gap": 1.0, "stratum": "metropolitan", "scored": 1}, "geometry": {"type": "Polygon", "coordinates": [[[-70.9429, 42.4681], [-70.9454, 42.4697], [-70.9437, 42.4714], [-70.9376, 42.4687], [-70.9378, 42.4666], [-70.9474, 42.4621], [-70.9497, 42.4634], [-70.9494, 42.4666], [-70.9429, 42.4681]]]}}, {"type": "Feature", "properties": {"fips": "25009207000", "gap_national": 41.0, "gap_stratum": 39.6, "burden": 92.9, "capacity": 54.5, "svi": 0.99, "top_decile_gap": 0.0, "stratum": "metropolitan", "scored": 1}, "geometry": {"type": "Polygon", "coordinates": [[[-70.9511, 42.4643], [-70.9444, 42.4579], [-70.9489, 42.4546], [-70.9508, 42.457], [-70.9541, 42.4564], [-70.954, 42.4607], [-70.958, 42.4596], [-70.9626, 42.4631], [-70.9511, 42.4643]]]}}, {"type": "Feature", "properties": {"fips": "25009209100", "gap_national": -70.2, "gap_stratum": -65.0, "burden": 28.3, "capacity": 87.2, "svi": 0.47, "top_decile_gap": 0.0, "stratum": "metropolitan", "scored": 1}, "geometry": {"type": "Polygon", "coordinates": [[[-71.0416, 42.537], [-71.017, 42.5355], [-71.0053, 42.523], [-70.9869, 42.5118], [-70.9927, 42.5122], [-70.9886, 42.5095], [-70.9953, 42.5056], [-71.0017, 42.5071], [-71.0116, 42.5016], [-71.0358, 42.5052], [-71.041, 42.5198], [-71.0386, 42.524], [-71.041, 42.5263], [-71.0575, 42.5242], [-71.0515, 42.5329], [-71.0416, 42.537]]]}}, {"type": "Feature", "properties": {"fips": "25009218100", "gap_national": -81.1, "gap_stratum": -77.4, "burden": 22.3, "capacity": 95.5, "svi": 0.04, "top_decile_gap": 0.0, "stratum": "metropolitan", "scored": 1}, "geometry": {"type": "MultiPolygon", "coordinates": [[[[-70.7212, 42.5699], [-70.7206, 42.5697], [-70.7217, 42.5661], [-70.7231, 42.5682], [-70.7212, 42.5699]]], [[[-70.7816, 42.554], [-70.7807, 42.5536], [-70.7823, 42.5518], [-70.7816, 42.554]]], [[[-70.7456, 42.5996], [-70.7405, 42.59], [-70.7171, 42.5815], [-70.7153, 42.5723], [-70.7297, 42.5715], [-70.7309, 42.5745], [-70.737, 42.5769], [-70.7573, 42.5705], [-70.7637, 42.5617], [-70.7775, 42.5594], [-70.7935, 42.5643], [-70.7941, 42.569], [-70.8069, 42.5804], [-70.8145, 42.5934], [-70.7456, 42.5996]]]]}}, {"type": "Feature", "properties": {"fips": "25009265101", "gap_national": -73.2, "gap_stratum": -68.8, "burden": 24.0, "capacity": 84.6, "svi": 0.03, "top_decile_gap": 0.0, "stratum": "metropolitan", "scored": 1}, "geometry": {"type": "Polygon", "coordinates": [[[-71.027, 42.7313], [-71.0113, 42.7342], [-70.9906, 42.7435], [-70.9893, 42.7228], [-70.9711, 42.7159], [-70.9662, 42.71], [-70.9589, 42.707], [-70.9764, 42.6944], [-70.9919, 42.7008], [-71.0236, 42.7016], [-71.0316, 42.718], [-71.0346, 42.7324], [-71.027, 42.7313]]]}}, {"type": "Feature", "properties": {"fips": "25009221600", "gap_national": -18.4, "gap_stratum": -10.4, "burden": 55.9, "capacity": 68.3, "svi": 0.56, "top_decile_gap": 0.0, "stratum": "metropolitan", "scored": 1}, "geometry": {"type": "Polygon", "coordinates": [[[-70.6766, 42.6329], [-70.6742, 42.6306], [-70.6768, 42.6271], [-70.6756, 42.6243], [-70.6648, 42.6259], [-70.6554, 42.6306], [-70.6629, 42.6268], [-70.6644, 42.6177], [-70.6667, 42.6166], [-70.6749, 42.6209], [-70.6798, 42.6284], [-70.6766, 42.6329]]]}}, {"type": "Feature", "properties": {"fips": "25001014600", "gap_national": -54.0, "gap_stratum": -46.2, "burden": 46.2, "capacity": 97.6, "svi": 0.26, "top_decile_gap": 0.0, "stratum": "metropolitan", "scored": 1}, "geometry": {"type": "Polygon", "coordinates": [[[-70.5731, 41.597], [-70.5665, 41.6069], [-70.5615, 41.6045], [-70.5629, 41.6021], [-70.5374, 41.5957], [-70.5338, 41.592], [-70.5365, 41.5816], [-70.5447, 41.5785], [-70.5433, 41.5679], [-70.5479, 41.5511], [-70.5705, 41.5472], [-70.5697, 41.561], [-70.5638, 41.5789], [-70.5733, 41.5782], [-70.5731, 41.597]]]}}, {"type": "Feature", "properties": {"fips": "25009267102", "gap_national": -61.6, "gap_stratum": -55.5, "burden": 32.0, "capacity": 81.8, "svi": 0.39, "top_decile_gap": 0.0, "stratum": "metropolitan", "scored": 1}, "geometry": {"type": "Polygon", "coordinates": [[[-70.9028, 42.8865], [-70.8861, 42.8826], [-70.8486, 42.8609], [-70.8233, 42.8714], [-70.8191, 42.8687], [-70.8271, 42.8636], [-70.8245, 42.8608], [-70.8234, 42.8625], [-70.8252, 42.8576], [-70.821, 42.857], [-70.8221, 42.8512], [-70.8364, 42.8519], [-70.8495, 42.8445], [-70.86, 42.8486], [-70.8617, 42.8466], [-70.8604, 42.8416], [-70.8574, 42.8409], [-70.8537, 42.8279], [-70.861, 42.8248], [-70.8659, 42.8158], [-70.8702, 42.8179], [-70.8731, 42.8158], [-70.8945, 42.8309], [-70.9042, 42.8339], [-70.8998, 42.8474], [-70.9145, 42.8866], [-70.9028, 42.8865]]]}}, {"type": "Feature", "properties": {"fips": "25009208101", "gap_national": -33.2, "gap_stratum": -25.5, "burden": 45.2, "capacity": 70.0, "svi": 0.3, "top_decile_gap": 0.0, "stratum": "metropolitan", "scored": 1}, "geometry": {"type": "Polygon", "coordinates": [[[-71.0077, 42.4536], [-70.9994, 42.4585], [-70.9934, 42.4566], [-70.9933, 42.4599], [-70.9966, 42.4599], [-70.9893, 42.4602], [-70.9915, 42.4533], [-70.9807, 42.4495], [-70.9873, 42.4432], [-70.9942, 42.4503], [-71.0103, 42.4487], [-71.0132, 42.4437], [-71.0155, 42.4537], [-71.0077, 42.4536]]]}}, {"type": "Feature", "properties": {"fips": "25009202200", "gap_national": -78.4, "gap_stratum": -74.6, "burden": 22.4, "capacity": 89.8, "svi": 0.05, "top_decile_gap": 0.0, "stratum": "metropolitan", "scored": 1}, "geometry": {"type": "Polygon", "coordinates": [[[-70.9125, 42.4703], [-70.908, 42.4729], [-70.9091, 42.4743], [-70.8934, 42.4753], [-70.8994, 42.4848], [-70.8797, 42.4788], [-70.8865, 42.4702], [-70.8873, 42.4649], [-70.8943, 42.4609], [-70.9015, 42.4642], [-70.9073, 42.4629], [-70.9081, 42.4669], [-70.9223, 42.4674], [-70.9125, 42.4703]]]}}, {"type": "Feature", "properties": {"fips": "25009216100", "gap_national": -69.0, "gap_stratum": -68.3, "burden": 9.5, "capacity": 67.4, "svi": 0.06, "top_decile_gap": 0.0, "stratum": "metropolitan", "scored": 1}, "geometry": {"type": "Polygon", "coordinates": [[[-70.9295, 42.609], [-70.9311, 42.6124], [-70.9257, 42.6229], [-70.9187, 42.6238], [-70.8145, 42.5934], [-70.8101, 42.5842], [-70.8133, 42.5801], [-70.8203, 42.5778], [-70.8354, 42.5907], [-70.9223, 42.5915], [-70.9275, 42.5922], [-70.9339, 42.5996], [-70.9295, 42.609]]]}}, {"type": "Feature", "properties": {"fips": "25009203200", "gap_national": -82.8, "gap_stratum": -79.6, "burden": 20.1, "capacity": 93.6, "svi": 0.02, "top_decile_gap": 0.0, "stratum": "metropolitan", "scored": 1}, "geometry": {"type": "MultiPolygon", "coordinates": [[[[-70.8121, 42.512], [-70.8121, 42.5103], [-70.8141, 42.5104], [-70.8174, 42.514], [-70.8121, 42.512]]], [[[-70.8787, 42.5053], [-70.8736, 42.5064], [-70.8597, 42.4993], [-70.8566, 42.5008], [-70.8528, 42.4969], [-70.8533, 42.493], [-70.8474, 42.4939], [-70.8338, 42.5059], [-70.8311, 42.5036], [-70.836, 42.4905], [-70.8416, 42.4876], [-70.8474, 42.4915], [-70.8634, 42.4887], [-70.8655, 42.4895], [-70.8635, 42.4923], [-70.8687, 42.4955], [-70.8868, 42.4984], [-70.8787, 42.5053]]]]}}, {"type": "Feature", "properties": {"fips": "25023540101", "gap_national": -55.8, "gap_stratum": -48.5, "burden": 38.9, "capacity": 84.5, "svi": 0.3, "top_decile_gap": 0.0, "stratum": "metropolitan", "scored": 1}, "geometry": {"type": "Polygon", "coordinates": [[[-70.9846, 41.9071], [-70.9763, 41.9012], [-70.9674, 41.9013], [-70.9633, 41.8964], [-70.9164, 41.8769], [-70.9163, 41.8726], [-70.9132, 41.8699], [-70.9167, 41.8673], [-70.9129, 41.8619], [-70.9174, 41.859], [-70.9187, 41.8521], [-70.9293, 41.8514], [-70.93, 41.8464], [-70.9367, 41.8429], [-70.943, 41.8453], [-70.9433, 41.8473], [-70.9466, 41.8457], [-70.9467, 41.8432], [-70.9598, 41.8511], [-70.9827, 41.8554], [-70.9737, 41.8609], [-70.9873, 41.9058], [-70.9846, 41.9071]]]}}, {"type": "Feature", "properties": {"fips": "25023507104", "gap_national": -70.2, "gap_stratum": -64.7, "burden": 30.1, "capacity": 90.8, "svi": 0.25, "top_decile_gap": 0.0, "stratum": "metropolitan", "scored": 1}, "geometry": {"type": "Polygon", "coordinates": [[[-70.6984, 42.0705], [-70.6972, 42.0672], [-70.6828, 42.0575], [-70.6477, 42.073], [-70.6432, 42.0508], [-70.6085, 42.0136], [-70.6156, 42.0135], [-70.6443, 42.0459], [-70.6715, 42.0482], [-70.6717, 42.0394], [-70.6887, 42.0394], [-70.6952, 42.0286], [-70.6965, 42.0327], [-70.7011, 42.0344], [-70.7108, 42.0297], [-70.7153, 42.0229], [-70.7153, 42.0197], [-70.7104, 42.0169], [-70.7113, 42.0024], [-70.7218, 42.0028], [-70.7263, 42.0119], [-70.7228, 42.0449], [-70.7275, 42.064], [-70.7497, 42.097], [-70.6984, 42.0705]]]}}, {"type": "Feature", "properties": {"fips": "25023504101", "gap_national": -75.6, "gap_stratum": -71.8, "burden": 21.5, "capacity": 84.2, "svi": 0.17, "top_decile_gap": 0.0, "stratum": "metropolitan", "scored": 1}, "geometry": {"type": "Polygon", "coordinates": [[[-70.8707, 42.1822], [-70.8389, 42.1948], [-70.8134, 42.1953], [-70.8024, 42.1874], [-70.7988, 42.1819], [-70.7969, 42.1781], [-70.8022, 42.1728], [-70.7957, 42.167], [-70.7937, 42.1618], [-70.8068, 42.1622], [-70.8156, 42.1573], [-70.8472, 42.1582], [-70.8843, 42.1537], [-70.8903, 42.1717], [-70.8707, 42.1822]]]}}, {"type": "Feature", "properties": {"fips": "25023504102", "gap_national": -81.6, "gap_stratum": -79.0, "burden": 15.3, "capacity": 83.1, "svi": 0.07, "top_decile_gap": 0.0, "stratum": "metropolitan", "scored": 1}, "geometry": {"type": "Polygon", "coordinates": [[[-70.8156, 42.1573], [-70.8068, 42.1622], [-70.7937, 42.1618], [-70.7957, 42.167], [-70.8022, 42.1728], [-70.7969, 42.1781], [-70.7988, 42.1819], [-70.8024, 42.1874], [-70.8134, 42.1953], [-70.7779, 42.1839], [-70.7524, 42.1639], [-70.7554, 42.1594], [-70.7602, 42.1592], [-70.7618, 42.1569], [-70.7646, 42.1588], [-70.7684, 42.1541], [-70.7824, 42.1558], [-70.7835, 42.15], [-70.7878, 42.1451], [-70.7806, 42.1372], [-70.7799, 42.1323], [-70.7823, 42.1305], [-70.7792, 42.1296], [-70.7771, 42.1168], [-70.7823, 42.1168], [-70.783, 42.112], [-70.7897, 42.1107], [-70.7923, 42.1089], [-70.7897, 42.1064], [-70.7922, 42.1061], [-70.7989, 42.1125], [-70.801, 42.1096], [-70.805, 42.1144], [-70.8088, 42.1147], [-70.809, 42.1244], [-70.816, 42.1286], [-70.8168, 42.1316], [-70.8347, 42.1345], [-70.8375, 42.1455], [-70.8472, 42.1582], [-70.8156, 42.1573]]]}}, {"type": "Feature", "properties": {"fips": "25023508200", "gap_national": -71.2, "gap_stratum": -67.0, "burden": 22.5, "capacity": 80.2, "svi": 0.04, "top_decile_gap": 0.0, "stratum": "metropolitan", "scored": 1}, "geometry": {"type": "Polygon", "coordinates": [[[-70.8204, 42.0332], [-70.8218, 42.0394], [-70.8191, 42.0481], [-70.8111, 42.0575], [-70.8092, 42.0724], [-70.8008, 42.0752], [-70.7913, 42.0883], [-70.784, 42.0815], [-70.772, 42.0618], [-70.7814, 42.0468], [-70.7687, 42.0451], [-70.7596, 42.033], [-70.7654, 42.0313], [-70.7695, 42.0221], [-70.7967, 42.0206], [-70.8004, 42.0161], [-70.7993, 42.0136], [-70.8073, 42.0129], [-70.8137, 42.0196], [-70.8134, 42.023], [-70.8214, 42.0224], [-70.8204, 42.0332]]]}}, {"type": "Feature", "properties": {"fips": "25023511400", "gap_national": 49.2, "gap_stratum": 54.1, "burden": 69.1, "capacity": 30.4, "svi": 0.81, "top_decile_gap": 0.0, "stratum": "metropolitan", "scored": 1}, "geometry": {"type": "Polygon", "coordinates": [[[-71.0164, 42.077], [-71.0162, 42.074], [-71.0306, 42.0711], [-71.0321, 42.0781], [-71.0164, 42.077]]]}}, {"type": "Feature", "properties": {"fips": "25023520202", "gap_national": -52.2, "gap_stratum": -45.0, "burden": 37.8, "capacity": 79.0, "svi": 0.09, "top_decile_gap": 0.0, "stratum": "metropolitan", "scored": 1}, "geometry": {"type": "Polygon", "coordinates": [[[-70.9774, 42.137], [-70.9645, 42.1301], [-70.95, 42.1293], [-70.9487, 42.1059], [-70.9767, 42.1006], [-70.9781, 42.1078], [-70.9807, 42.1093], [-70.9791, 42.1141], [-70.9986, 42.1116], [-71.0022, 42.1273], [-70.9774, 42.137]]]}}, {"type": "Feature", "properties": {"fips": "25023530802", "gap_national": -65.0, "gap_stratum": -59.1, "burden": 31.4, "capacity": 84.9, "svi": 0.09, "top_decile_gap": 0.0, "stratum": "metropolitan", "scored": 1}, "geometry": {"type": "Polygon", "coordinates": [[[-70.5608, 41.9336], [-70.544, 41.9263], [-70.5392, 41.9268], [-70.5401, 41.9237], [-70.5379, 41.9209], [-70.5449, 41.9186], [-70.5474, 41.9119], [-70.5321, 41.8896], [-70.5305, 41.8655], [-70.5256, 41.8587], [-70.5331, 41.8397], [-70.5403, 41.8396], [-70.5419, 41.845], [-70.5365, 41.8501], [-70.5392, 41.8595], [-70.5355, 41.8721], [-70.5361, 41.8853], [-70.5525, 41.9023], [-70.5514, 41.9117], [-70.5571, 41.9169], [-70.5648, 41.9187], [-70.5693, 41.9259], [-70.5608, 41.9336]]]}}, {"type": "Feature", "properties": {"fips": "25023545300", "gap_national": -35.8, "gap_stratum": -27.8, "burden": 60.2, "capacity": 91.8, "svi": 0.53, "top_decile_gap": 0.0, "stratum": "metropolitan", "scored": 1}, "geometry": {"type": "Polygon", "coordinates": [[[-70.6797, 41.7492], [-70.6767, 41.7571], [-70.6416, 41.7562], [-70.6326, 41.7633], [-70.6208, 41.7475], [-70.626, 41.745], [-70.6327, 41.7378], [-70.6326, 41.7337], [-70.6394, 41.728], [-70.6594, 41.7394], [-70.6645, 41.7367], [-70.6716, 41.743], [-70.6855, 41.7491], [-70.6797, 41.7492]]]}}, {"type": "Feature", "properties": {"fips": "25023545400", "gap_national": -49.6, "gap_stratum": -41.6, "burden": 47.2, "capacity": 89.6, "svi": 0.5, "top_decile_gap": 0.0, "stratum": "metropolitan", "scored": 1}, "geometry": {"type": "Polygon", "coordinates": [[[-70.7225, 41.7672], [-70.7102, 41.7563], [-70.6771, 41.7564], [-70.6797, 41.7492], [-70.6863, 41.7478], [-70.6716, 41.743], [-70.6645, 41.7367], [-70.6594, 41.7394], [-70.6394, 41.728], [-70.6431, 41.7176], [-70.6488, 41.718], [-70.6505, 41.7134], [-70.6741, 41.6914], [-70.6761, 41.6927], [-70.6562, 41.7134], [-70.6566, 41.7154], [-70.664, 41.7162], [-70.6792, 41.7274], [-70.6859, 41.7271], [-70.6883, 41.7237], [-70.6971, 41.7292], [-70.7062, 41.729], [-70.7187, 41.7357], [-70.7246, 41.7334], [-70.7335, 41.7376], [-70.7232, 41.747], [-70.7336, 41.7535], [-70.7302, 41.7575], [-70.7341, 41.7682], [-70.7225, 41.7672]]]}}, {"type": "Feature", "properties": {"fips": "25023524102", "gap_national": -62.0, "gap_stratum": -55.5, "burden": 33.9, "capacity": 84.8, "svi": 0.15, "top_decile_gap": 0.0, "stratum": "metropolitan", "scored": 1}, "geometry": {"type": "Polygon", "coordinates": [[[-71.0272, 42.0272], [-71.0213, 42.0271], [-71.0153, 42.0236], [-71.0089, 42.0262], [-71.0106, 42.034], [-71.0147, 42.0377], [-71.0199, 42.0379], [-71.0176, 42.0428], [-70.9872, 42.0466], [-70.9788, 42.0074], [-71.0027, 41.9981], [-71.0018, 42.0021], [-71.0058, 42.0083], [-71.0102, 42.0112], [-71.0133, 42.01], [-71.0159, 42.0139], [-71.0227, 42.0129], [-71.0239, 42.009], [-71.0284, 42.0071], [-71.0314, 42.0246], [-71.0272, 42.0272]]]}}, {"type": "Feature", "properties": {"fips": "25023510100", "gap_national": -22.3, "gap_stratum": -14.1, "burden": 55.0, "capacity": 70.5, "svi": 0.39, "top_decile_gap": 0.0, "stratum": "metropolitan", "scored": 1}, "geometry": {"type": "Polygon", "coordinates": [[[-71.002, 42.1265], [-70.998, 42.1075], [-71.0046, 42.1066], [-71.0141, 42.11], [-71.0231, 42.1084], [-71.0255, 42.1173], [-71.002, 42.1265]]]}}, {"type": "Feature", "properties": {"fips": "25023510200", "gap_national": -15.9, "gap_stratum": -8.4, "burden": 53.8, "capacity": 64.8, "svi": 0.57, "top_decile_gap": 0.0, "stratum": "metropolitan", "scored": 1}, "geometry": {"type": "Polygon", "coordinates": [[[-71.0141, 42.11], [-71.0046, 42.1066], [-70.998, 42.1075], [-70.9986, 42.1116], [-70.9791, 42.1141], [-70.9807, 42.1093], [-70.9781, 42.1078], [-70.9767, 42.1006], [-71.0168, 42.094], [-71.0226, 42.109], [-71.0141, 42.11]]]}}, {"type": "Feature", "properties": {"fips": "25023510900", "gap_national": 58.3, "gap_stratum": 56.0, "burden": 95.7, "capacity": 43.8, "svi": 1.0, "top_decile_gap": 1.0, "stratum": "metropolitan", "scored": 1}, "geometry": {"type": "Polygon", "coordinates": [[[-71.0166, 42.0893], [-71.0164, 42.077], [-71.0219, 42.0765], [-71.0246, 42.089], [-71.0166, 42.0893]]]}}, {"type": "Feature", "properties": {"fips": "25023507103", "gap_national": -83.4, "gap_stratum": -80.4, "burden": 18.8, "capacity": 91.3, "svi": 0.01, "top_decile_gap": 0.0, "stratum": "metropolitan", "scored": 1}, "geometry": {"type": "Polygon", "coordinates": [[[-70.7108, 42.0297], [-70.7033, 42.0341], [-70.6965, 42.0327], [-70.6952, 42.0286], [-70.6887, 42.0394], [-70.6717, 42.0394], [-70.6715, 42.0482], [-70.6505, 42.0472], [-70.6561, 42.042], [-70.6644, 42.0412], [-70.6694, 42.0371], [-70.6717, 42.0214], [-70.6675, 42.0123], [-70.6709, 42.0078], [-70.6788, 42.0055], [-70.6868, 42.0128], [-70.6958, 42.0133], [-70.7122, 42.0076], [-70.7104, 42.0169], [-70.7153, 42.0197], [-70.7108, 42.0297]]]}}, {"type": "Feature", "properties": {"fips": "25023503101", "gap_national": -75.1, "gap_stratum": -71.3, "burden": 20.9, "capacity": 82.7, "svi": 0.13, "top_decile_gap": 0.0, "stratum": "metropolitan", "scored": 1}, "geometry": {"type": "Polygon", "coordinates": [[[-70.8472, 42.1582], [-70.8375, 42.1455], [-70.8347, 42.1345], [-70.8275, 42.1319], [-70.8191, 42.1329], [-70.8165, 42.1304], [-70.8284, 42.1263], [-70.8404, 42.1337], [-70.8507, 42.1312], [-70.859, 42.132], [-70.8572, 42.1262], [-70.8522, 42.1215], [-70.8533, 42.1144], [-70.8768, 42.1174], [-70.8769, 42.1132], [-70.8791, 42.1123], [-70.8806, 42.1141], [-70.8891, 42.1127], [-70.9001, 42.1517], [-70.8472, 42.1582]]]}}, {"type": "Feature", "properties": {"fips": "25023503102", "gap_national": -67.1, "gap_stratum": -61.7, "burden": 28.3, "capacity": 83.2, "svi": 0.19, "top_decile_gap": 0.0, "stratum": "metropolitan", "scored": 1}, "geometry": {"type": "Polygon", "coordinates": [[[-70.8806, 42.1141], [-70.8791, 42.1123], [-70.8769, 42.1132], [-70.8768, 42.1174], [-70.8533, 42.1144], [-70.8522, 42.1215], [-70.8572, 42.1262], [-70.859, 42.132], [-70.8507, 42.1312], [-70.8404, 42.1337], [-70.8284, 42.1263], [-70.8165, 42.1304], [-70.809, 42.1244], [-70.8082, 42.1202], [-70.8101, 42.118], [-70.8038, 42.1115], [-70.8123, 42.1039], [-70.8097, 42.0991], [-70.8117, 42.0981], [-70.8267, 42.1003], [-70.8406, 42.0945], [-70.8537, 42.0954], [-70.8618, 42.0892], [-70.8653, 42.0906], [-70.8697, 42.0874], [-70.8749, 42.0897], [-70.8876, 42.088], [-70.8891, 42.1127], [-70.8806, 42.1141]]]}}, {"type": "Feature", "properties": {"fips": "25023522102", "gap_national": -63.6, "gap_stratum": -57.7, "burden": 31.2, "capacity": 83.1, "svi": 0.11, "top_decile_gap": 0.0, "stratum": "metropolitan", "scored": 1}, "geometry": {"type": "Polygon", "coordinates": [[[-70.8749, 42.0897], [-70.8697, 42.0874], [-70.8491, 42.0958], [-70.8484, 42.0884], [-70.8662, 42.0857], [-70.8618, 42.0788], [-70.8661, 42.0713], [-70.8664, 42.0655], [-70.8609, 42.0637], [-70.8587, 42.06], [-70.8579, 42.0479], [-70.8542, 42.0428], [-70.8595, 42.0415], [-70.8526, 42.0233], [-70.8537, 42.0194], [-70.8499, 42.0189], [-70.8528, 42.0159], [-70.8602, 42.0162], [-70.8644, 42.021], [-70.8945, 42.0264], [-70.8969, 42.0191], [-70.8966, 42.0233], [-70.8997, 42.0253], [-70.9033, 42.0384], [-70.913, 42.0844], [-70.8749, 42.0897]]]}}, {"type": "Feature", "properties": {"fips": "25023501101", "gap_national": -77.3, "gap_stratum": -73.5, "burden": 22.0, "capacity": 87.2, "svi": 0.29, "top_decile_gap": 0.0, "stratum": "metropolitan", "scored": 1}, "geometry": {"type": "Polygon", "coordinates": [[[-70.887, 42.2432], [-70.8872, 42.2474], [-70.8843, 42.2455], [-70.8778, 42.2484], [-70.8755, 42.2569], [-70.8873, 42.2731], [-70.8826, 42.2747], [-70.8766, 42.2738], [-70.8672, 42.267], [-70.8679, 42.2612], [-70.8647, 42.259], [-70.8485, 42.2584], [-70.8446, 42.2604], [-70.8493, 42.2473], [-70.8412, 42.2433], [-70.8593, 42.2432], [-70.8663, 42.2373], [-70.8765, 42.235], [-70.8761, 42.2291], [-70.8857, 42.2283], [-70.8903, 42.2423], [-70.887, 42.2432]]]}}, {"type": "Feature", "properties": {"fips": "25001010700", "gap_national": -49.9, "gap_stratum": -41.8, "burden": 49.9, "capacity": 99.4, "svi": 0.19, "top_decile_gap": 0.0, "stratum": "metropolitan", "scored": 1}, "geometry": {"type": "Polygon", "coordinates": [[[-70.0318, 41.6791], [-70.0273, 41.6999], [-70.0242, 41.7005], [-69.9807, 41.694], [-69.9655, 41.6828], [-69.949, 41.6772], [-69.9412, 41.6789], [-69.9439, 41.6697], [-69.958, 41.6514], [-69.9583, 41.6394], [-69.9515, 41.6422], [-69.9568, 41.6298], [-69.9578, 41.6204], [-69.9672, 41.612], [-69.9761, 41.6117], [-69.9832, 41.6083], [-69.9884, 41.5944], [-69.9882, 41.5547], [-69.9977, 41.5423], [-70.0084, 41.5414], [-70.0136, 41.551], [-69.9988, 41.5659], [-69.9939, 41.5763], [-69.9913, 41.5887], [-69.9922, 41.6033], [-69.9852, 41.6131], [-69.9856, 41.6197], [-69.9775, 41.6308], [-69.9759, 41.6389], [-69.9705, 41.6455], [-69.9757, 41.6537], [-70.007, 41.6716], [-70.0142, 41.672], [-70.0293, 41.6677], [-70.0374, 41.6675], [-70.0382, 41.67], [-70.0318, 41.6791]]]}}, {"type": "Feature", "properties": {"fips": "25001011600", "gap_national": -48.7, "gap_stratum": -40.5, "burden": 50.4, "capacity": 95.6, "svi": 0.56, "top_decile_gap": 0.0, "stratum": "metropolitan", "scored": 1}, "geometry": {"type": "Polygon", "coordinates": [[[-70.1446, 41.6703], [-70.1346, 41.678], [-70.1302, 41.6866], [-70.1277, 41.687], [-70.1176, 41.6553], [-70.1409, 41.6504], [-70.1575, 41.6518], [-70.1446, 41.6703]]]}}, {"type": "Feature", "properties": {"fips": "25001011400", "gap_national": -42.9, "gap_stratum": -34.7, "burden": 55.9, "capacity": 99.3, "svi": 0.18, "top_decile_gap": 0.0, "stratum": "metropolitan", "scored": 1}, "geometry": {"type": "Polygon", "coordinates": [[[-70.1415, 41.7601], [-70.122, 41.7588], [-70.1306, 41.7542], [-70.131, 41.7515], [-70.1458, 41.7445], [-70.1321, 41.7007], [-70.1495, 41.7078], [-70.1539, 41.7125], [-70.1662, 41.7128], [-70.1682, 41.7199], [-70.1766, 41.7301], [-70.1769, 41.7396], [-70.1743, 41.7406], [-70.1754, 41.7459], [-70.1807, 41.7512], [-70.1415, 41.7601]]]}}, {"type": "Feature", "properties": {"fips": "25001014300", "gap_national": -65.3, "gap_stratum": -58.7, "burden": 36.6, "capacity": 99.2, "svi": 0.12, "top_decile_gap": 0.0, "stratum": "metropolitan", "scored": 1}, "geometry": {"type": "Polygon", "coordinates": [[[-70.6504, 41.6417], [-70.6507, 41.6461], [-70.6337, 41.6489], [-70.6208, 41.6574], [-70.6135, 41.6584], [-70.6023, 41.6553], [-70.606, 41.6417], [-70.6263, 41.6057], [-70.6283, 41.5944], [-70.6382, 41.5924], [-70.6377, 41.5895], [-70.6401, 41.5891], [-70.6423, 41.5836], [-70.6524, 41.6052], [-70.652, 41.6102], [-70.6468, 41.6135], [-70.6461, 41.6197], [-70.64, 41.6246], [-70.6468, 41.635], [-70.642, 41.6356], [-70.6462, 41.6407], [-70.6533, 41.639], [-70.6504, 41.6417]]]}}, {"type": "Feature", "properties": {"fips": "25001011200", "gap_national": -52.7, "gap_stratum": -44.8, "burden": 47.5, "capacity": 99.1, "svi": 0.26, "top_decile_gap": 0.0, "stratum": "metropolitan", "scored": 1}, "geometry": {"type": "Polygon", "coordinates": [[[-70.0886, 41.6772], [-70.0759, 41.6863], [-70.0688, 41.6863], [-70.0315, 41.7006], [-70.0224, 41.7077], [-70.0157, 41.7003], [-70.0273, 41.6999], [-70.0318, 41.6791], [-70.0372, 41.6721], [-70.0374, 41.6675], [-70.0657, 41.6624], [-70.0866, 41.663], [-70.0869, 41.6701], [-70.0921, 41.6716], [-70.0886, 41.6772]]]}}, {"type": "Feature", "properties": {"fips": "25001011002", "gap_national": -53.6, "gap_stratum": -45.7, "burden": 46.5, "capacity": 97.5, "svi": 0.3, "top_decile_gap": 0.0, "stratum": "metropolitan", "scored": 1}, "geometry": {"type": "Polygon", "coordinates": [[[-70.0964, 41.716], [-70.094, 41.7245], [-70.0849, 41.726], [-70.0869, 41.7216], [-70.0857, 41.7183], [-70.0781, 41.7089], [-70.0736, 41.6983], [-70.0764, 41.6852], [-70.0886, 41.6772], [-70.0921, 41.6716], [-70.0869, 41.6701], [-70.0866, 41.663], [-70.1176, 41.6553], [-70.1338, 41.7061], [-70.0964, 41.716]]]}}, {"type": "Feature", "properties": {"fips": "25001015200", "gap_national": -59.0, "gap_stratum": -51.6, "burden": 42.0, "capacity": 99.4, "svi": 0.02, "top_decile_gap": 0.0, "stratum": "metropolitan", "scored": 1}, "geometry": {"type": "Polygon", "coordinates": [[[-70.5151, 41.5688], [-70.5127, 41.5681], [-70.5047, 41.5784], [-70.4995, 41.5911], [-70.4949, 41.5941], [-70.4648, 41.5965], [-70.4586, 41.5887], [-70.453, 41.5863], [-70.4504, 41.5876], [-70.4613, 41.5718], [-70.4763, 41.5585], [-70.4932, 41.552], [-70.5288, 41.5469], [-70.5151, 41.5688]]]}}, {"type": "Feature", "properties": {"fips": "25001010500", "gap_national": -52.2, "gap_stratum": -44.2, "burden": 47.9, "capacity": 99.6, "svi": 0.12, "top_decile_gap": 0.0, "stratum": "metropolitan", "scored": 1}, "geometry": {"type": "Polygon", "coordinates": [[[-69.9856, 41.77], [-69.9881, 41.7885], [-69.9829, 41.7967], [-69.9799, 41.7929], [-69.9723, 41.8049], [-69.967, 41.8068], [-69.9592, 41.8151], [-69.9382, 41.8104], [-69.9287, 41.7413], [-69.9285, 41.7225], [-69.9363, 41.7232], [-69.9399, 41.7318], [-69.9576, 41.749], [-69.9579, 41.7551], [-69.9892, 41.7576], [-69.9856, 41.77]]]}}, {"type": "Feature", "properties": {"fips": "25001013600", "gap_national": -60.3, "gap_stratum": -53.8, "burden": 34.4, "capacity": 83.5, "svi": 0.22, "top_decile_gap": 0.0, "stratum": "metropolitan", "scored": 1}, "geometry": {"type": "Polygon", "coordinates": [[[-70.5313, 41.6852], [-70.5238, 41.6857], [-70.5213, 41.6938], [-70.514, 41.6915], [-70.5043, 41.7051], [-70.5001, 41.7035], [-70.4906, 41.7129], [-70.4886, 41.7179], [-70.4902, 41.7283], [-70.4937, 41.7339], [-70.4934, 41.7383], [-70.496, 41.7393], [-70.471, 41.7362], [-70.4576, 41.7307], [-70.4591, 41.7234], [-70.4719, 41.7095], [-70.4838, 41.7008], [-70.4782, 41.6851], [-70.4972, 41.6835], [-70.4941, 41.6722], [-70.4972, 41.6706], [-70.5114, 41.6761], [-70.5161, 41.6663], [-70.5247, 41.6656], [-70.5251, 41.6689], [-70.531, 41.6671], [-70.5381, 41.6721], [-70.5313, 41.6852]]]}}, {"type": "Feature", "properties": {"fips": "25001010206", "gap_national": -51.4, "gap_stratum": -43.3, "burden": 48.6, "capacity": 98.9, "svi": 0.13, "top_decile_gap": 0.0, "stratum": "metropolitan", "scored": 1}, "geometry": {"type": "Polygon", "coordinates": [[[-69.9971, 41.9668], [-69.9861, 41.9496], [-69.9686, 41.9117], [-69.9575, 41.8799], [-69.993, 41.8762], [-70.0045, 41.8776], [-70.0041, 41.8811], [-70.0064, 41.8808], [-70.0002, 41.8869], [-70.0029, 41.8903], [-70.0185, 41.8915], [-70.0242, 41.8963], [-70.0243, 41.8988], [-70.0136, 41.9012], [-70.0134, 41.906], [-70.0256, 41.9117], [-70.0323, 41.9204], [-70.032, 41.9242], [-70.0274, 41.9293], [-70.0352, 41.93], [-70.055, 41.9279], [-70.0616, 41.9235], [-70.0578, 41.9205], [-70.0542, 41.9209], [-70.0657, 41.9117], [-70.0657, 41.8996], [-70.069, 41.8963], [-70.0668, 41.8833], [-70.073, 41.8998], [-70.074, 41.9387], [-70.0772, 41.9434], [-70.0773, 41.9578], [-69.9971, 41.9668]]]}}, {"type": "Feature", "properties": {"fips": "25001012001", "gap_national": -43.1, "gap_stratum": -34.8, "burden": 55.4, "capacity": 96.8, "svi": 0.46, "top_decile_gap": 0.0, "stratum": "metropolitan", "scored": 1}, "geometry": {"type": "Polygon", "coordinates": [[[-70.1699, 41.6937], [-70.1676, 41.6894], [-70.1613, 41.688], [-70.1594, 41.6847], [-70.1622, 41.6798], [-70.1819, 41.6658], [-70.1902, 41.6726], [-70.2023, 41.6663], [-70.2119, 41.6657], [-70.2168, 41.6808], [-70.2196, 41.6841], [-70.2286, 41.6842], [-70.2289, 41.6873], [-70.1699, 41.6937]]]}}, {"type": "Feature", "properties": {"fips": "25001012002", "gap_national": -36.1, "gap_stratum": -28.2, "burden": 60.7, "capacity": 94.0, "svi": 0.65, "top_decile_gap": 0.0, "stratum": "metropolitan", "scored": 1}, "geometry": {"type": "Polygon", "coordinates": [[[-70.218, 41.6561], [-70.2088, 41.6622], [-70.2119, 41.6657], [-70.2023, 41.6663], [-70.1902, 41.6726], [-70.1819, 41.6658], [-70.1962, 41.6537], [-70.1974, 41.6493], [-70.1953, 41.6477], [-70.198, 41.6442], [-70.2204, 41.6363], [-70.2202, 41.6449], [-70.2227, 41.6496], [-70.218, 41.6561]]]}}, {"type": "Feature", "properties": {"fips": "25001010900", "gap_national": -48.1, "gap_stratum": -39.9, "burden": 51.4, "capacity": 98.2, "svi": 0.23, "top_decile_gap": 0.0, "stratum": "metropolitan", "scored": 1}, "geometry": {"type": "Polygon", "coordinates": [[[-70.0689, 41.7559], [-70.0441, 41.7714], [-70.0474, 41.7727], [-70.048, 41.7788], [-70.023, 41.7882], [-70.0115, 41.7815], [-70.0054, 41.7646], [-69.9932, 41.7477], [-70.002, 41.7356], [-69.9918, 41.7289], [-70.0244, 41.7278], [-70.0327, 41.724], [-70.0386, 41.7267], [-70.0506, 41.7216], [-70.0665, 41.7233], [-70.0755, 41.7218], [-70.0846, 41.7266], [-70.0689, 41.7559]]]}}, {"type": "Feature", "properties": {"fips": "25001013002", "gap_national": -58.8, "gap_stratum": -51.3, "burden": 42.2, "capacity": 98.9, "svi": 0.18, "top_decile_gap": 0.0, "stratum": "metropolitan", "scored": 1}, "geometry": {"type": "Polygon", "coordinates": [[[-70.4298, 41.609], [-70.4258, 41.6201], [-70.4053, 41.6307], [-70.4065, 41.6367], [-70.4047, 41.6395], [-70.4069, 41.6429], [-70.4048, 41.6478], [-70.4085, 41.647], [-70.4127, 41.6512], [-70.3972, 41.6535], [-70.3755, 41.6524], [-70.3726, 41.6461], [-70.3672, 41.6447], [-70.3581, 41.6352], [-70.3677, 41.6267], [-70.3647, 41.6237], [-70.3699, 41.6159], [-70.3792, 41.6114], [-70.4006, 41.6064], [-70.4268, 41.6047], [-70.4327, 41.6056], [-70.4331, 41.6087], [-70.4298, 41.609]]]}}, {"type": "Feature", "properties": {"fips": "25001014900", "gap_national": -60.0, "gap_stratum": -52.6, "burden": 41.2, "capacity": 99.2, "svi": 0.28, "top_decile_gap": 0.0, "stratum": "metropolitan", "scored": 1}, "geometry": {"type": "Polygon", "coordinates": [[[-70.6833, 41.5329], [-70.6764, 41.529], [-70.6681, 41.5329], [-70.6665, 41.54], [-70.6587, 41.5434], [-70.6543, 41.5499], [-70.6539, 41.5652], [-70.6493, 41.5658], [-70.6488, 41.5699], [-70.6427, 41.5724], [-70.6412, 41.5766], [-70.6349, 41.5747], [-70.6303, 41.5763], [-70.618, 41.5699], [-70.6207, 41.5571], [-70.6129, 41.5521], [-70.6167, 41.5418], [-70.6336, 41.5383], [-70.6436, 41.5324], [-70.6541, 41.519], [-70.654, 41.5159], [-70.6683, 41.518], [-70.673, 41.5236], [-70.6854, 41.5213], [-70.6878, 41.5242], [-70.687, 41.5295], [-70.6833, 41.5329]]]}}, {"type": "Feature", "properties": {"fips": "25001015300", "gap_national": 16.8, "gap_stratum": 21.2, "burden": 70.5, "capacity": 56.2, "svi": 0.95, "top_decile_gap": 0.0, "stratum": "metropolitan", "scored": 1}, "geometry": {"type": "Polygon", "coordinates": [[[-70.3217, 41.6898], [-70.2961, 41.6866], [-70.2613, 41.6873], [-70.2746, 41.6468], [-70.2728, 41.6446], [-70.2758, 41.6445], [-70.2775, 41.6486], [-70.2832, 41.6465], [-70.281, 41.6515], [-70.2962, 41.6478], [-70.2942, 41.652], [-70.2871, 41.6546], [-70.287, 41.6648], [-70.3, 41.6632], [-70.3097, 41.6751], [-70.3357, 41.6877], [-70.3217, 41.6898]]]}}, {"type": "Feature", "properties": {"fips": "25001013200", "gap_national": -50.2, "gap_stratum": -42.1, "burden": 49.3, "capacity": 96.4, "svi": 0.06, "top_decile_gap": 0.0, "stratum": "metropolitan", "scored": 1}, "geometry": {"type": "Polygon", "coordinates": [[[-70.4526, 41.6387], [-70.4531, 41.6418], [-70.4465, 41.6503], [-70.4585, 41.6638], [-70.4395, 41.6612], [-70.4225, 41.664], [-70.4134, 41.6543], [-70.4148, 41.6508], [-70.4085, 41.647], [-70.4048, 41.6478], [-70.4069, 41.6429], [-70.4047, 41.6395], [-70.4065, 41.6367], [-70.4053, 41.6307], [-70.4258, 41.6201], [-70.4298, 41.609], [-70.4331, 41.6087], [-70.4327, 41.6056], [-70.4372, 41.6053], [-70.4466, 41.5902], [-70.453, 41.5863], [-70.4586, 41.5887], [-70.465, 41.5967], [-70.461, 41.6064], [-70.4504, 41.6167], [-70.449, 41.6212], [-70.4535, 41.6349], [-70.4646, 41.6325], [-70.4676, 41.6342], [-70.4663, 41.6371], [-70.4526, 41.6387]]]}}, {"type": "Feature", "properties": {"fips": "25025120301", "gap_national": -50.6, "gap_stratum": -52.3, "burden": 6.3, "capacity": 53.7, "svi": 0.44, "top_decile_gap": 0.0, "stratum": "metropolitan", "scored": 1}, "geometry": {"type": "Polygon", "coordinates": [[[-71.1029, 42.3193], [-71.0962, 42.3125], [-71.1027, 42.306], [-71.1024, 42.3089], [-71.1073, 42.3106], [-71.1029, 42.3193]]]}}, {"type": "Feature", "properties": {"fips": "25025120400", "gap_national": -79.2, "gap_stratum": -78.6, "burden": 4.3, "capacity": 72.5, "svi": 0.21, "top_decile_gap": 0.0, "stratum": "metropolitan", "scored": 1}, "geometry": {"type": "Polygon", "coordinates": [[[-71.1099, 42.322], [-71.1128, 42.3179], [-71.1045, 42.317], [-71.1103, 42.3061], [-71.1153, 42.3068], [-71.1141, 42.3132], [-71.117, 42.3156], [-71.1166, 42.321], [-71.1099, 42.322]]]}}, {"type": "Feature", "properties": {"fips": "25025120700", "gap_national": -69.5, "gap_stratum": -70.0, "burden": 2.7, "capacity": 64.8, "svi": 0.48, "top_decile_gap": 0.0, "stratum": "metropolitan", "scored": 1}, "geometry": {"type": "Polygon", "coordinates": [[[-71.1122, 42.3231], [-71.1108, 42.3291], [-71.1052, 42.3261], [-71.1085, 42.3224], [-71.1163, 42.321], [-71.1167, 42.3226], [-71.1122, 42.3231]]]}}, {"type": "Feature", "properties": {"fips": "25025130402", "gap_national": -79.7, "gap_stratum": -76.7, "burden": 17.1, "capacity": 83.1, "svi": 0.38, "top_decile_gap": 0.0, "stratum": "metropolitan", "scored": 1}, "geometry": {"type": "Polygon", "coordinates": [[[-71.1594, 42.2788], [-71.1634, 42.259], [-71.1744, 42.2673], [-71.1746, 42.2756], [-71.1724, 42.2769], [-71.1755, 42.2803], [-71.1594, 42.2788]]]}}, {"type": "Feature", "properties": {"fips": "25025140400", "gap_national": -30.6, "gap_stratum": -22.1, "burden": 59.6, "capacity": 82.9, "svi": 0.76, "top_decile_gap": 0.0, "stratum": "metropolitan", "scored": 1}, "geometry": {"type": "Polygon", "coordinates": [[[-71.1212, 42.2741], [-71.1204, 42.2788], [-71.1172, 42.2759], [-71.1166, 42.279], [-71.1034, 42.271], [-71.1044, 42.2695], [-71.0979, 42.2629], [-71.1037, 42.2597], [-71.1084, 42.2611], [-71.1069, 42.2619], [-71.111, 42.269], [-71.1183, 42.2666], [-71.1249, 42.2727], [-71.1212, 42.2741]]]}}, {"type": "Feature", "properties": {"fips": "25025140201", "gap_national": -44.8, "gap_stratum": -39.9, "burden": 30.6, "capacity": 66.3, "svi": 0.36, "top_decile_gap": 0.0, "stratum": "metropolitan", "scored": 1}, "geometry": {"type": "Polygon", "coordinates": [[[-71.1314, 42.2401], [-71.1284, 42.2492], [-71.1255, 42.248], [-71.1229, 42.2518], [-71.1264, 42.2392], [-71.1226, 42.2345], [-71.1308, 42.2279], [-71.1392, 42.2337], [-71.1314, 42.2401]]]}}, {"type": "Feature", "properties": {"fips": "25025160502", "gap_national": 42.2, "gap_stratum": 49.4, "burden": 52.6, "capacity": 17.7, "svi": 0.98, "top_decile_gap": 0.0, "stratum": "metropolitan", "scored": 1}, "geometry": {"type": "Polygon", "coordinates": [[[-71.0181, 42.4034], [-71.0094, 42.4009], [-71.0161, 42.3959], [-71.0178, 42.3907], [-71.0227, 42.3863], [-71.0229, 42.3901], [-71.0306, 42.3957], [-71.0181, 42.4034]]]}}, {"type": "Feature", "properties": {"fips": "25025160601", "gap_national": -8.0, "gap_stratum": -5.5, "burden": 27.9, "capacity": 38.2, "svi": 0.87, "top_decile_gap": 0.0, "stratum": "metropolitan", "scored": 1}, "geometry": {"type": "Polygon", "coordinates": [[[-71.0265, 42.4061], [-71.0181, 42.4034], [-71.0268, 42.3978], [-71.0362, 42.4027], [-71.0265, 42.4061]]]}}, {"type": "Feature", "properties": {"fips": "25025050200", "gap_national": 0.0, "gap_stratum": 1.5, "burden": 17.8, "capacity": 20.0, "svi": 0.81, "top_decile_gap": 0.0, "stratum": "metropolitan", "scored": 1}, "geometry": {"type": "Polygon", "coordinates": [[[-71.0358, 42.3799], [-71.0292, 42.3781], [-71.0391, 42.3742], [-71.04, 42.3787], [-71.0358, 42.3799]]]}}, {"type": "Feature", "properties": {"fips": "25025040600", "gap_national": -54.5, "gap_stratum": -56.5, "burden": 1.9, "capacity": 54.7, "svi": 0.16, "top_decile_gap": 0.0, "stratum": "metropolitan", "scored": 1}, "geometry": {"type": "Polygon", "coordinates": [[[-71.0735, 42.3918], [-71.0669, 42.3948], [-71.0709, 42.389], [-71.0657, 42.3866], [-71.0555, 42.3871], [-71.0616, 42.3808], [-71.0709, 42.3799], [-71.0679, 42.3746], [-71.0705, 42.3724], [-71.0757, 42.3802], [-71.0809, 42.3821], [-71.0735, 42.3918]]]}}, {"type": "Feature", "properties": {"fips": "25025050700", "gap_national": -4.4, "gap_stratum": -3.5, "burden": 16.0, "capacity": 22.8, "svi": 0.84, "top_decile_gap": 0.0, "stratum": "metropolitan", "scored": 1}, "geometry": {"type": "Polygon", "coordinates": [[[-71.0341, 42.3775], [-71.0277, 42.3772], [-71.0335, 42.3726], [-71.0388, 42.3749], [-71.0341, 42.3775]]]}}, {"type": "Feature", "properties": {"fips": "25025051000", "gap_national": -31.1, "gap_stratum": -31.8, "burden": 14.3, "capacity": 44.6, "svi": 0.65, "top_decile_gap": 0.0, "stratum": "metropolitan", "scored": 1}, "geometry": {"type": "Polygon", "coordinates": [[[-71.0178, 42.3907], [-71.0161, 42.3959], [-71.0134, 42.3974], [-71.01, 42.3955], [-71.013, 42.3915], [-71.008, 42.3871], [-71.0134, 42.3829], [-71.0113, 42.3807], [-71.0216, 42.3801], [-71.0227, 42.3863], [-71.0178, 42.3907]]]}}, {"type": "Feature", "properties": {"fips": "25025081500", "gap_national": -12.3, "gap_stratum": -7.8, "burden": 38.3, "capacity": 50.6, "svi": 0.95, "top_decile_gap": 0.0, "stratum": "metropolitan", "scored": 1}, "geometry": {"type": "Polygon", "coordinates": [[[-71.0931, 42.3208], [-71.0954, 42.3233], [-71.0935, 42.3233], [-71.0929, 42.3269], [-71.0888, 42.3242], [-71.0925, 42.3213], [-71.0902, 42.3192], [-71.0916, 42.317], [-71.0971, 42.317], [-71.0931, 42.3208]]]}}, {"type": "Feature", "properties": {"fips": "25025081800", "gap_national": 7.3, "gap_stratum": 13.1, "burden": 59.4, "capacity": 53.8, "svi": 0.89, "top_decile_gap": 0.0, "stratum": "metropolitan", "scored": 1}, "geometry": {"type": "Polygon", "coordinates": [[[-71.0767, 42.3229], [-71.0788, 42.3146], [-71.0828, 42.3164], [-71.0814, 42.3198], [-71.0833, 42.326], [-71.0767, 42.3229]]]}}, {"type": "Feature", "properties": {"fips": "25025090300", "gap_national": 49.6, "gap_stratum": 53.3, "burden": 73.1, "capacity": 34.1, "svi": 0.97, "top_decile_gap": 0.0, "stratum": "metropolitan", "scored": 1}, "geometry": {"type": "Polygon", "coordinates": [[[-71.0788, 42.3146], [-71.0702, 42.3113], [-71.0761, 42.3076], [-71.082, 42.3103], [-71.0788, 42.3146]]]}}, {"type": "Feature", "properties": {"fips": "25025090700", "gap_national": -32.4, "gap_stratum": -33.8, "burden": 10.2, "capacity": 42.7, "svi": 0.6, "top_decile_gap": 0.0, "stratum": "metropolitan", "scored": 1}, "geometry": {"type": "Polygon", "coordinates": [[[-71.0636, 42.3308], [-71.0582, 42.3297], [-71.0522, 42.3188], [-71.0659, 42.3215], [-71.0664, 42.3263], [-71.0636, 42.3308]]]}}, {"type": "Feature", "properties": {"fips": "25025090901", "gap_national": -11.8, "gap_stratum": -12.0, "burden": 12.1, "capacity": 26.4, "svi": 0.76, "top_decile_gap": 0.0, "stratum": "metropolitan", "scored": 1}, "geometry": {"type": "Polygon", "coordinates": [[[-71.0467, 42.3231], [-71.0331, 42.3161], [-71.0328, 42.3135], [-71.0402, 42.3098], [-71.0467, 42.313], [-71.0506, 42.3208], [-71.0467, 42.3231]]]}}, {"type": "Feature", "properties": {"fips": "25025091300", "gap_national": 40.9, "gap_stratum": 46.0, "burden": 66.3, "capacity": 34.8, "svi": 0.98, "top_decile_gap": 0.0, "stratum": "metropolitan", "scored": 1}, "geometry": {"type": "Polygon", "coordinates": [[[-71.0681, 42.3213], [-71.0675, 42.3233], [-71.0615, 42.3205], [-71.0652, 42.3171], [-71.0722, 42.3214], [-71.0681, 42.3213]]]}}, {"type": "Feature", "properties": {"fips": "25001013100", "gap_national": -59.6, "gap_stratum": -52.4, "burden": 40.2, "capacity": 93.5, "svi": 0.03, "top_decile_gap": 0.0, "stratum": "metropolitan", "scored": 1}, "geometry": {"type": "Polygon", "coordinates": [[[-70.4122, 41.7108], [-70.3781, 41.6925], [-70.3739, 41.6766], [-70.3856, 41.6678], [-70.3908, 41.6604], [-70.3923, 41.6534], [-70.4148, 41.6508], [-70.4134, 41.6543], [-70.4225, 41.664], [-70.4395, 41.6612], [-70.4587, 41.664], [-70.4122, 41.7108]]]}}, {"type": "Feature", "properties": {"fips": "25001014002", "gap_national": -51.1, "gap_stratum": -43.1, "burden": 48.8, "capacity": 98.5, "svi": 0.32, "top_decile_gap": 0.0, "stratum": "metropolitan", "scored": 1}, "geometry": {"type": "Polygon", "coordinates": [[[-70.6502, 41.6902], [-70.6459, 41.6902], [-70.646, 41.6938], [-70.6425, 41.6952], [-70.6234, 41.6995], [-70.6186, 41.6957], [-70.616, 41.698], [-70.6053, 41.6969], [-70.608, 41.7044], [-70.5943, 41.7155], [-70.584, 41.7172], [-70.5842, 41.7195], [-70.5797, 41.7201], [-70.5824, 41.7046], [-70.5978, 41.671], [-70.592, 41.6693], [-70.5917, 41.6523], [-70.6135, 41.6584], [-70.6208, 41.6574], [-70.6317, 41.6637], [-70.6457, 41.6595], [-70.652, 41.663], [-70.6538, 41.6671], [-70.6425, 41.6712], [-70.6361, 41.6678], [-70.6329, 41.6704], [-70.6327, 41.6756], [-70.6363, 41.68], [-70.6573, 41.6815], [-70.6604, 41.68], [-70.662, 41.6809], [-70.6502, 41.6902]]]}}, {"type": "Feature", "properties": {"fips": "25025091800", "gap_national": 51.4, "gap_stratum": 53.2, "burden": 79.7, "capacity": 38.4, "svi": 0.92, "top_decile_gap": 0.0, "stratum": "metropolitan", "scored": 1}, "geometry": {"type": "Polygon", "coordinates": [[[-71.0702, 42.3113], [-71.065, 42.3081], [-71.0714, 42.3034], [-71.0768, 42.3052], [-71.0702, 42.3113]]]}}, {"type": "Feature", "properties": {"fips": "25025092101", "gap_national": 0.1, "gap_stratum": 5.2, "burden": 44.3, "capacity": 46.7, "svi": 0.86, "top_decile_gap": 0.0, "stratum": "metropolitan", "scored": 1}, "geometry": {"type": "Polygon", "coordinates": [[[-71.0594, 42.3031], [-71.056, 42.3045], [-71.0493, 42.3012], [-71.0476, 42.3045], [-71.0445, 42.3015], [-71.0482, 42.298], [-71.0475, 42.2936], [-71.0623, 42.293], [-71.0594, 42.3031]]]}}, {"type": "Feature", "properties": {"fips": "25025100100", "gap_national": 28.8, "gap_stratum": 31.2, "burden": 78.1, "capacity": 53.8, "svi": 0.96, "top_decile_gap": 0.0, "stratum": "metropolitan", "scored": 1}, "geometry": {"type": "Polygon", "coordinates": [[[-71.088, 42.2949], [-71.0782, 42.2908], [-71.0792, 42.2881], [-71.0916, 42.2842], [-71.0945, 42.293], [-71.088, 42.2949]]]}}, {"type": "Feature", "properties": {"fips": "25025000601", "gap_national": -33.1, "gap_stratum": -35.3, "burden": 2.8, "capacity": 39.5, "svi": 0.46, "top_decile_gap": 0.0, "stratum": "metropolitan", "scored": 1}, "geometry": {"type": "Polygon", "coordinates": [[[-71.1519, 42.3516], [-71.1479, 42.3503], [-71.1467, 42.3523], [-71.1509, 42.3534], [-71.1491, 42.3562], [-71.1373, 42.3536], [-71.1503, 42.3488], [-71.1512, 42.3458], [-71.1539, 42.3475], [-71.1519, 42.3516]]]}}, {"type": "Feature", "properties": {"fips": "25025000701", "gap_national": -31.7, "gap_stratum": -34.0, "burden": 0.6, "capacity": 37.7, "svi": 0.54, "top_decile_gap": 0.0, "stratum": "metropolitan", "scored": 1}, "geometry": {"type": "Polygon", "coordinates": [[[-71.1364, 42.3504], [-71.1343, 42.3466], [-71.1378, 42.3439], [-71.1415, 42.3463], [-71.1364, 42.3504]]]}}, {"type": "Feature", "properties": {"fips": "25025170400", "gap_national": -1.1, "gap_stratum": 3.6, "burden": 41.6, "capacity": 45.3, "svi": 0.85, "top_decile_gap": 0.0, "stratum": "metropolitan", "scored": 1}, "geometry": {"type": "Polygon", "coordinates": [[[-71.0089, 42.4259], [-71.0037, 42.4223], [-70.9972, 42.4311], [-70.9901, 42.4349], [-70.9837, 42.4317], [-71.0007, 42.4094], [-71.0032, 42.4166], [-71.0084, 42.4161], [-71.0059, 42.4195], [-71.0139, 42.4224], [-71.0089, 42.4259]]]}}, {"type": "Feature", "properties": {"fips": "25025170800", "gap_national": -1.7, "gap_stratum": 2.2, "burden": 36.2, "capacity": 41.0, "svi": 0.81, "top_decile_gap": 0.0, "stratum": "metropolitan", "scored": 1}, "geometry": {"type": "Polygon", "coordinates": [[[-70.9896, 42.4021], [-70.9851, 42.402], [-70.9805, 42.3917], [-70.9861, 42.3881], [-70.988, 42.3928], [-70.9945, 42.3933], [-70.9896, 42.4021]]]}}, {"type": "Feature", "properties": {"fips": "25025981300", "gap_national": -36.1, "gap_stratum": -38.0, "burden": 7.2, "capacity": 43.9, "svi": 0.0, "top_decile_gap": 0.0, "stratum": "metropolitan", "scored": 1}, "geometry": {"type": "Polygon", "coordinates": [[[-71.0271, 42.3699], [-71.0299, 42.3738], [-71.0321, 42.3735], [-71.0251, 42.3798], [-71.0134, 42.3809], [-70.998, 42.3782], [-70.9938, 42.3771], [-71.0002, 42.3724], [-71.0028, 42.3659], [-70.9977, 42.3606], [-70.988, 42.3619], [-70.9853, 42.3583], [-70.9895, 42.3545], [-71.0037, 42.356], [-71.0056, 42.3474], [-71.0078, 42.3471], [-71.0277, 42.3586], [-71.0269, 42.3638], [-71.0326, 42.3687], [-71.0271, 42.3699]]]}}, {"type": "Feature", "properties": {"fips": "25009252201", "gap_national": -31.3, "gap_stratum": -23.7, "burden": 45.4, "capacity": 68.8, "svi": 0.21, "top_decile_gap": 0.0, "stratum": "metropolitan", "scored": 1}, "geometry": {"type": "Polygon", "coordinates": [[[-71.2098, 42.7292], [-71.2018, 42.7275], [-71.2033, 42.7231], [-71.1958, 42.7186], [-71.1971, 42.7145], [-71.2054, 42.7079], [-71.2178, 42.7115], [-71.2224, 42.718], [-71.2278, 42.719], [-71.2315, 42.7276], [-71.2098, 42.7292]]]}}, {"type": "Feature", "properties": {"fips": "25009252603", "gap_national": -76.0, "gap_stratum": -73.4, "burden": 15.0, "capacity": 76.9, "svi": 0.22, "top_decile_gap": 0.0, "stratum": "metropolitan", "scored": 1}, "geometry": {"type": "MultiPolygon", "coordinates": [[[[-71.1818, 42.7376], [-71.1914, 42.7328], [-71.1937, 42.7402], [-71.1818, 42.7376]]], [[[-71.1829, 42.751], [-71.1799, 42.7499], [-71.173, 42.7523], [-71.1706, 42.7586], [-71.175, 42.7654], [-71.1623, 42.768], [-71.1615, 42.7646], [-71.1642, 42.7622], [-71.1558, 42.7576], [-71.1643, 42.7462], [-71.1818, 42.7376], [-71.1829, 42.751]]]]}}, {"type": "Feature", "properties": {"fips": "25009201100", "gap_national": -59.7, "gap_stratum": -52.4, "burden": 41.1, "capacity": 96.7, "svi": 0.13, "top_decile_gap": 0.0, "stratum": "metropolitan", "scored": 1}, "geometry": {"type": "Polygon", "coordinates": [[[-70.9388, 42.4557], [-70.9352, 42.4566], [-70.9375, 42.4401], [-70.9362, 42.4374], [-70.928, 42.4372], [-70.9334, 42.4334], [-70.9286, 42.4288], [-70.9251, 42.4303], [-70.9132, 42.4277], [-70.9029, 42.4201], [-70.9057, 42.4162], [-70.9109, 42.4165], [-70.9199, 42.4236], [-70.928, 42.4207], [-70.928, 42.4171], [-70.9364, 42.4181], [-70.9374, 42.4258], [-70.9355, 42.4315], [-70.9405, 42.4438], [-70.9388, 42.4557]]]}}, {"type": "Feature", "properties": {"fips": "25009269100", "gap_national": -65.1, "gap_stratum": -58.7, "burden": 35.2, "capacity": 92.7, "svi": 0.11, "top_decile_gap": 0.0, "stratum": "metropolitan", "scored": 1}, "geometry": {"type": "Polygon", "coordinates": [[[-70.9634, 42.7654], [-70.9583, 42.7657], [-70.9259, 42.7813], [-70.9051, 42.7974], [-70.898, 42.7984], [-70.8908, 42.7943], [-70.8631, 42.8015], [-70.841, 42.7959], [-70.8082, 42.8117], [-70.8052, 42.7818], [-70.795, 42.7532], [-70.8098, 42.75], [-70.8296, 42.7505], [-70.8329, 42.7541], [-70.8459, 42.7497], [-70.8509, 42.7531], [-70.8554, 42.7501], [-70.8696, 42.7488], [-70.8727, 42.7504], [-70.8761, 42.7476], [-70.8797, 42.7477], [-70.8821, 42.7513], [-70.8848, 42.7475], [-70.8886, 42.7494], [-70.8897, 42.7471], [-70.8933, 42.7476], [-70.8914, 42.7456], [-70.8928, 42.7442], [-70.8958, 42.7472], [-70.8985, 42.7425], [-70.9223, 42.7353], [-70.9587, 42.7532], [-70.9672, 42.7583], [-70.9634, 42.7654]]]}}, {"type": "Feature", "properties": {"fips": "25009253100", "gap_national": -54.4, "gap_stratum": -47.9, "burden": 33.7, "capacity": 76.5, "svi": 0.51, "top_decile_gap": 0.0, "stratum": "metropolitan", "scored": 1}, "geometry": {"type": "Polygon", "coordinates": [[[-71.1371, 42.7044], [-71.1351, 42.7088], [-71.1332, 42.7065], [-71.1256, 42.7064], [-71.1248, 42.7031], [-71.1183, 42.6991], [-71.1216, 42.6877], [-71.1324, 42.6928], [-71.1425, 42.6942], [-71.1449, 42.699], [-71.1371, 42.7044]]]}}, {"type": "Feature", "properties": {"fips": "25009253202", "gap_national": -30.8, "gap_stratum": -28.9, "burden": 25.2, "capacity": 52.7, "svi": 0.68, "top_decile_gap": 0.0, "stratum": "metropolitan", "scored": 1}, "geometry": {"type": "Polygon", "coordinates": [[[-71.1373, 42.6893], [-71.1379, 42.6922], [-71.1324, 42.6928], [-71.1109, 42.6849], [-71.1103, 42.6825], [-71.1161, 42.6793], [-71.113, 42.6716], [-71.1188, 42.661], [-71.1288, 42.6745], [-71.1345, 42.6768], [-71.1336, 42.6794], [-71.1398, 42.6872], [-71.1373, 42.6893]]]}}, {"type": "Feature", "properties": {"fips": "25009253203", "gap_national": -75.3, "gap_stratum": -70.6, "burden": 27.1, "capacity": 94.9, "svi": 0.1, "top_decile_gap": 0.0, "stratum": "metropolitan", "scored": 1}, "geometry": {"type": "Polygon", "coordinates": [[[-71.1116, 42.7201], [-71.1123, 42.7383], [-71.0965, 42.7241], [-71.0937, 42.7267], [-71.0918, 42.7243], [-71.0953, 42.7221], [-71.0917, 42.7181], [-71.0645, 42.6947], [-71.0685, 42.6942], [-71.0716, 42.6892], [-71.0839, 42.6834], [-71.0996, 42.6792], [-71.102, 42.671], [-71.0996, 42.6677], [-71.1071, 42.6644], [-71.106, 42.6588], [-71.1148, 42.6652], [-71.113, 42.6716], [-71.1161, 42.6793], [-71.1103, 42.6825], [-71.1103, 42.6906], [-71.1111, 42.6984], [-71.1175, 42.7066], [-71.1185, 42.7124], [-71.1116, 42.7201]]]}}, {"type": "Feature", "properties": {"fips": "25009210200", "gap_national": -52.5, "gap_stratum": -44.6, "burden": 45.7, "capacity": 91.3, "svi": 0.11, "top_decile_gap": 0.0, "stratum": "metropolitan", "scored": 1}, "geometry": {"type": "Polygon", "coordinates": [[[-71.023, 42.553], [-71.0154, 42.55], [-70.9833, 42.5484], [-70.9994, 42.5194], [-71.0053, 42.523], [-71.0319, 42.5527], [-71.023, 42.553]]]}}, {"type": "Feature", "properties": {"fips": "25009210600", "gap_national": -41.6, "gap_stratum": -33.9, "burden": 41.6, "capacity": 73.3, "svi": 0.59, "top_decile_gap": 0.0, "stratum": "metropolitan", "scored": 1}, "geometry": {"type": "Polygon", "coordinates": [[[-70.9518, 42.5065], [-70.9432, 42.5179], [-70.9396, 42.5216], [-70.9294, 42.5245], [-70.933, 42.5207], [-70.9281, 42.5135], [-70.9499, 42.4948], [-70.9571, 42.4965], [-70.9525, 42.4996], [-70.9518, 42.5065]]]}}, {"type": "Feature", "properties": {"fips": "25005641700", "gap_national": -4.7, "gap_stratum": 2.0, "burden": 67.6, "capacity": 68.4, "svi": 0.54, "top_decile_gap": 0.0, "stratum": "metropolitan", "scored": 1}, "geometry": {"type": "Polygon", "coordinates": [[[-71.1476, 41.7089], [-71.1411, 41.7077], [-71.1405, 41.7103], [-71.129, 41.71], [-71.1288, 41.7121], [-71.1201, 41.7085], [-71.1136, 41.7149], [-71.1087, 41.7129], [-71.1098, 41.7106], [-71.1062, 41.7102], [-71.1129, 41.7052], [-71.1182, 41.7081], [-71.1212, 41.6955], [-71.1309, 41.6974], [-71.1306, 41.6937], [-71.1335, 41.6943], [-71.133, 41.7026], [-71.1484, 41.7064], [-71.1476, 41.7089]]]}}, {"type": "Feature", "properties": {"fips": "25015821400", "gap_national": -82.6, "gap_stratum": -79.8, "burden": 16.9, "capacity": 86.6, "svi": 0.16, "top_decile_gap": 0.0, "stratum": "metropolitan", "scored": 1}, "geometry": {"type": "Polygon", "coordinates": [[[-72.6339, 42.3512], [-72.603, 42.3495], [-72.5914, 42.3524], [-72.5875, 42.3612], [-72.5918, 42.374], [-72.5862, 42.3898], [-72.5902, 42.3959], [-72.5889, 42.3987], [-72.579, 42.3974], [-72.5753, 42.4009], [-72.5752, 42.4082], [-72.5811, 42.4226], [-72.5442, 42.4272], [-72.5468, 42.4001], [-72.5316, 42.4015], [-72.5409, 42.3196], [-72.538, 42.3201], [-72.5352, 42.3043], [-72.5447, 42.3057], [-72.5773, 42.303], [-72.588, 42.3004], [-72.6021, 42.288], [-72.612, 42.2856], [-72.6147, 42.2902], [-72.6113, 42.2958], [-72.5937, 42.3165], [-72.5866, 42.3187], [-72.5844, 42.3239], [-72.5875, 42.3271], [-72.6123, 42.3333], [-72.623, 42.343], [-72.638, 42.3442], [-72.6389, 42.347], [-72.6339, 42.3512]]]}}, {"type": "Feature", "properties": {"fips": "25005655400", "gap_national": -42.0, "gap_stratum": -33.7, "burden": 55.7, "capacity": 94.3, "svi": 0.1, "top_decile_gap": 0.0, "stratum": "metropolitan", "scored": 1}, "geometry": {"type": "MultiPolygon", "coordinates": [[[[-70.8328, 41.6015], [-70.83, 41.6045], [-70.824, 41.5996], [-70.8255, 41.5963], [-70.8235, 41.5917], [-70.8184, 41.5908], [-70.8221, 41.5836], [-70.8295, 41.5846], [-70.8351, 41.5909], [-70.8385, 41.5965], [-70.8357, 41.6023], [-70.8328, 41.6015]]], [[[-70.8813, 41.6389], [-70.8654, 41.6219], [-70.8596, 41.6241], [-70.8551, 41.6218], [-70.8537, 41.614], [-70.8496, 41.6103], [-70.848, 41.603], [-70.8432, 41.5966], [-70.8509, 41.5934], [-70.8548, 41.5824], [-70.8637, 41.5976], [-70.863, 41.6039], [-70.8689, 41.6147], [-70.8696, 41.6256], [-70.8892, 41.6329], [-70.8946, 41.6241], [-70.9058, 41.6236], [-70.9076, 41.6305], [-70.9103, 41.632], [-70.8813, 41.6389]]]]}}, {"type": "Feature", "properties": {"fips": "25005652300", "gap_national": 31.8, "gap_stratum": 35.0, "burden": 73.5, "capacity": 48.3, "svi": 0.81, "top_decile_gap": 0.0, "stratum": "metropolitan", "scored": 1}, "geometry": {"type": "Polygon", "coordinates": [[[-70.9438, 41.6205], [-70.9462, 41.6241], [-70.9317, 41.6228], [-70.9358, 41.6127], [-70.9482, 41.6202], [-70.9438, 41.6205]]]}}, {"type": "Feature", "properties": {"fips": "25005640500", "gap_national": 19.2, "gap_stratum": 23.8, "burden": 68.3, "capacity": 52.8, "svi": 0.79, "top_decile_gap": 0.0, "stratum": "metropolitan", "scored": 1}, "geometry": {"type": "Polygon", "coordinates": [[[-71.1742, 41.7022], [-71.1699, 41.7013], [-71.1705, 41.6992], [-71.1778, 41.6958], [-71.1573, 41.6923], [-71.1601, 41.6885], [-71.1665, 41.6901], [-71.1713, 41.6874], [-71.1898, 41.6915], [-71.1742, 41.7022]]]}}, {"type": "Feature", "properties": {"fips": "25015820300", "gap_national": -27.3, "gap_stratum": -27.6, "burden": 15.9, "capacity": 42.8, "svi": 0.45, "top_decile_gap": 0.0, "stratum": "metropolitan", "scored": 1}, "geometry": {"type": "Polygon", "coordinates": [[[-72.5442, 42.4272], [-72.4899, 42.4338], [-72.484, 42.4087], [-72.4919, 42.4033], [-72.4959, 42.4031], [-72.4981, 42.3869], [-72.5169, 42.3883], [-72.5157, 42.3985], [-72.5279, 42.4003], [-72.5284, 42.3948], [-72.5323, 42.3955], [-72.5316, 42.4015], [-72.5468, 42.4001], [-72.5442, 42.4272]]]}}, {"type": "Feature", "properties": {"fips": "25015820801", "gap_national": -82.0, "gap_stratum": -80.9, "burden": 6.7, "capacity": 76.1, "svi": 0.42, "top_decile_gap": 0.0, "stratum": "metropolitan", "scored": 1}, "geometry": {"type": "Polygon", "coordinates": [[[-72.537, 42.35], [-72.5236, 42.3522], [-72.5209, 42.3557], [-72.5201, 42.3676], [-72.5126, 42.3665], [-72.5045, 42.358], [-72.5038, 42.3628], [-72.4834, 42.3394], [-72.4687, 42.3323], [-72.4642, 42.3081], [-72.4789, 42.307], [-72.4936, 42.3023], [-72.4991, 42.3063], [-72.5067, 42.3064], [-72.528, 42.3015], [-72.5352, 42.3043], [-72.538, 42.3201], [-72.5409, 42.3196], [-72.537, 42.35]], [[-72.5276, 42.3189], [-72.5248, 42.3233], [-72.5337, 42.3296], [-72.5361, 42.3217], [-72.5276, 42.3189]]]}}, {"type": "Feature", "properties": {"fips": "25015820802", "gap_national": -26.3, "gap_stratum": -13.1, "burden": 0.0, "capacity": 33.1, "svi": null, "top_decile_gap": 0.0, "stratum": "rural", "scored": 1}, "geometry": {"type": "Polygon", "coordinates": [[[-72.5337, 42.3296], [-72.5248, 42.3233], [-72.5276, 42.3189], [-72.5371, 42.3224], [-72.5337, 42.3296]]]}}, {"type": "Feature", "properties": {"fips": "25015822700", "gap_national": -54.4, "gap_stratum": -90.3, "burden": 45.1, "capacity": 94.5, "svi": 0.19, "top_decile_gap": 0.0, "stratum": "rural", "scored": 1}, "geometry": {"type": "Polygon", "coordinates": [[[-73.0117, 42.3797], [-72.9881, 42.4669], [-72.9865, 42.4667], [-72.9686, 42.54], [-72.979, 42.5416], [-72.9754, 42.556], [-72.8768, 42.5412], [-72.8755, 42.5259], [-72.8703, 42.5251], [-72.8752, 42.5072], [-72.8711, 42.484], [-72.8556, 42.4809], [-72.8479, 42.4365], [-72.9046, 42.4304], [-72.8852, 42.3326], [-72.8948, 42.3315], [-72.8956, 42.3407], [-72.9539, 42.3438], [-73.0019, 42.3118], [-73.0054, 42.3052], [-73.0102, 42.3047], [-73.0169, 42.3111], [-73.0201, 42.3083], [-73.0294, 42.3086], [-73.039, 42.315], [-73.0408, 42.3202], [-73.0454, 42.3194], [-73.0629, 42.329], [-73.0685, 42.3807], [-73.0658, 42.3891], [-73.0117, 42.3797]]]}}, {"type": "Feature", "properties": {"fips": "25015821500", "gap_national": -62.3, "gap_stratum": -55.6, "burden": 37.0, "capacity": 91.1, "svi": 0.21, "top_decile_gap": 0.0, "stratum": "metropolitan", "scored": 1}, "geometry": {"type": "Polygon", "coordinates": [[[-72.6691, 42.4097], [-72.6223, 42.4151], [-72.5856, 42.4231], [-72.5811, 42.4226], [-72.5752, 42.4082], [-72.5767, 42.3985], [-72.5889, 42.3987], [-72.5902, 42.3959], [-72.5862, 42.3898], [-72.5918, 42.374], [-72.5876, 42.3583], [-72.5932, 42.3513], [-72.6059, 42.3495], [-72.6339, 42.3512], [-72.6403, 42.3753], [-72.6721, 42.3714], [-72.6691, 42.4097]]]}}, {"type": "Feature", "properties": {"fips": "25015821700", "gap_national": -62.7, "gap_stratum": -55.8, "burden": 38.3, "capacity": 96.0, "svi": 0.42, "top_decile_gap": 0.0, "stratum": "metropolitan", "scored": 1}, "geometry": {"type": "Polygon", "coordinates": [[[-72.6753, 42.371], [-72.6704, 42.3676], [-72.6736, 42.355], [-72.6709, 42.3495], [-72.672, 42.3355], [-72.6774, 42.3338], [-72.679, 42.33], [-72.7046, 42.3105], [-72.7253, 42.3089], [-72.7383, 42.3119], [-72.7412, 42.3627], [-72.6753, 42.371]]]}}, {"type": "Feature", "properties": {"fips": "25015821901", "gap_national": -83.4, "gap_stratum": -81.7, "burden": 10.5, "capacity": 80.1, "svi": 0.3, "top_decile_gap": 0.0, "stratum": "metropolitan", "scored": 1}, "geometry": {"type": "Polygon", "coordinates": [[[-72.6508, 42.3211], [-72.645, 42.3321], [-72.632, 42.3277], [-72.632, 42.3221], [-72.638, 42.3199], [-72.6434, 42.3219], [-72.6508, 42.3168], [-72.6555, 42.3192], [-72.6508, 42.3211]]]}}, {"type": "Feature", "properties": {"fips": "25015821903", "gap_national": -34.6, "gap_stratum": -28.2, "burden": 38.8, "capacity": 65.8, "svi": 0.73, "top_decile_gap": 0.0, "stratum": "metropolitan", "scored": 1}, "geometry": {"type": "Polygon", "coordinates": [[[-72.6546, 42.3177], [-72.6414, 42.3181], [-72.6397, 42.312], [-72.6376, 42.3138], [-72.6384, 42.3164], [-72.6297, 42.3195], [-72.6259, 42.3165], [-72.6224, 42.3189], [-72.6183, 42.3149], [-72.6258, 42.3089], [-72.6315, 42.3117], [-72.6339, 42.308], [-72.6378, 42.3098], [-72.6471, 42.3063], [-72.6427, 42.3119], [-72.6523, 42.3115], [-72.6505, 42.3095], [-72.6547, 42.3074], [-72.65, 42.3067], [-72.6556, 42.3035], [-72.6587, 42.3042], [-72.6618, 42.3103], [-72.6546, 42.3177]]]}}, {"type": "Feature", "properties": {"fips": "25015822200", "gap_national": -64.9, "gap_stratum": -58.7, "burden": 33.4, "capacity": 88.1, "svi": 0.37, "top_decile_gap": 0.0, "stratum": "metropolitan", "scored": 1}, "geometry": {"type": "Polygon", "coordinates": [[[-72.7253, 42.3089], [-72.7053, 42.3103], [-72.679, 42.3306], [-72.6686, 42.326], [-72.6652, 42.3191], [-72.663, 42.3183], [-72.6579, 42.3231], [-72.6544, 42.3209], [-72.6594, 42.3107], [-72.6624, 42.3095], [-72.6587, 42.3042], [-72.65, 42.3067], [-72.6547, 42.3074], [-72.6505, 42.3095], [-72.6523, 42.3115], [-72.6427, 42.3119], [-72.6471, 42.3063], [-72.6378, 42.3098], [-72.6339, 42.308], [-72.6315, 42.3117], [-72.6258, 42.3089], [-72.6183, 42.3149], [-72.6232, 42.3194], [-72.6252, 42.3253], [-72.6177, 42.3365], [-72.6034, 42.3297], [-72.5875, 42.3271], [-72.5844, 42.3239], [-72.5866, 42.3187], [-72.5937, 42.3165], [-72.6147, 42.2902], [-72.6211, 42.2896], [-72.6302, 42.2849], [-72.6374, 42.2874], [-72.6407, 42.2841], [-72.6421, 42.2882], [-72.6488, 42.2918], [-72.6605, 42.2887], [-72.672, 42.2902], [-72.6722, 42.2919], [-72.7367, 42.2842], [-72.7383, 42.3119], [-72.7253, 42.3089]]]}}, {"type": "Feature", "properties": {"fips": "25005640100", "gap_national": -0.9, "gap_stratum": 5.5, "burden": 58.8, "capacity": 58.7, "svi": 0.73, "top_decile_gap": 0.0, "stratum": "metropolitan", "scored": 1}, "geometry": {"type": "Polygon", "coordinates": [[[-71.1731, 41.6712], [-71.1678, 41.6715], [-71.165, 41.6819], [-71.1601, 41.6885], [-71.1541, 41.6749], [-71.154, 41.6666], [-71.1252, 41.6609], [-71.1342, 41.634], [-71.133, 41.631], [-71.1385, 41.6034], [-71.1406, 41.6051], [-71.1415, 41.6161], [-71.1405, 41.6239], [-71.1357, 41.6284], [-71.1329, 41.6601], [-71.1761, 41.6685], [-71.1731, 41.6712]]]}}, {"type": "Feature", "properties": {"fips": "25005641000", "gap_national": 47.0, "gap_stratum": 46.1, "burden": 88.8, "capacity": 48.2, "svi": 0.72, "top_decile_gap": 0.0, "stratum": "metropolitan", "scored": 1}, "geometry": {"type": "Polygon", "coordinates": [[[-71.1684, 41.7083], [-71.1569, 41.7026], [-71.1607, 41.6971], [-71.1706, 41.6986], [-71.1699, 41.7013], [-71.1742, 41.7022], [-71.1684, 41.7083]]]}}, {"type": "Feature", "properties": {"fips": "25005655300", "gap_national": -30.2, "gap_stratum": -21.8, "burden": 59.3, "capacity": 82.0, "svi": 0.54, "top_decile_gap": 0.0, "stratum": "metropolitan", "scored": 1}, "geometry": {"type": "Polygon", "coordinates": [[[-70.91, 41.6416], [-70.9009, 41.6437], [-70.9067, 41.654], [-70.8973, 41.6559], [-70.8813, 41.6408], [-70.8813, 41.6389], [-70.9043, 41.6326], [-70.9103, 41.632], [-70.9139, 41.6375], [-70.91, 41.6416]]]}}, {"type": "Feature", "properties": {"fips": "25005640600", "gap_national": 46.0, "gap_stratum": 50.5, "burden": 69.7, "capacity": 33.8, "svi": 0.85, "top_decile_gap": 0.0, "stratum": "metropolitan", "scored": 1}, "geometry": {"type": "Polygon", "coordinates": [[[-71.1573, 41.6923], [-71.1474, 41.6904], [-71.1498, 41.6833], [-71.1582, 41.6849], [-71.1596, 41.6893], [-71.1573, 41.6923]]]}}, {"type": "Feature", "properties": {"fips": "25005641101", "gap_national": 34.7, "gap_stratum": 33.6, "burden": 94.7, "capacity": 59.5, "svi": 0.91, "top_decile_gap": 0.0, "stratum": "metropolitan", "scored": 1}, "geometry": {"type": "Polygon", "coordinates": [[[-71.1562, 41.7048], [-71.1522, 41.703], [-71.1546, 41.6949], [-71.1607, 41.6971], [-71.1562, 41.7048]]]}}, {"type": "Feature", "properties": {"fips": "25005642500", "gap_national": -46.5, "gap_stratum": -38.3, "burden": 45.4, "capacity": 82.3, "svi": 0.44, "top_decile_gap": 0.0, "stratum": "metropolitan", "scored": 1}, "geometry": {"type": "Polygon", "coordinates": [[[-71.1308, 41.7212], [-71.1285, 41.7249], [-71.1335, 41.7258], [-71.1239, 41.74], [-71.1294, 41.7409], [-71.1247, 41.7487], [-71.1173, 41.7583], [-71.1061, 41.7637], [-71.0095, 41.7462], [-71.0119, 41.7118], [-71.0666, 41.6856], [-71.1212, 41.6955], [-71.1182, 41.7081], [-71.1129, 41.7052], [-71.1062, 41.7102], [-71.1098, 41.7106], [-71.1087, 41.7129], [-71.1136, 41.7149], [-71.1201, 41.7085], [-71.1247, 41.7093], [-71.1288, 41.7121], [-71.1243, 41.7185], [-71.1335, 41.7216], [-71.1308, 41.7212]]]}}, {"type": "Feature", "properties": {"fips": "25005642100", "gap_national": 2.8, "gap_stratum": 8.9, "burden": 59.8, "capacity": 57.2, "svi": 0.82, "top_decile_gap": 0.0, "stratum": "metropolitan", "scored": 1}, "geometry": {"type": "Polygon", "coordinates": [[[-71.1319, 41.7494], [-71.1313, 41.7575], [-71.124, 41.7667], [-71.1201, 41.7676], [-71.118, 41.7647], [-71.1061, 41.7637], [-71.1173, 41.7583], [-71.1463, 41.7206], [-71.1554, 41.7238], [-71.1319, 41.7494]]]}}, {"type": "Feature", "properties": {"fips": "25005645103", "gap_national": -53.2, "gap_stratum": -45.5, "burden": 42.5, "capacity": 86.5, "svi": 0.2, "top_decile_gap": 0.0, "stratum": "metropolitan", "scored": 1}, "geometry": {"type": "Polygon", "coordinates": [[[-71.2836, 41.7748], [-71.2227, 41.7801], [-71.2233, 41.7767], [-71.2198, 41.7756], [-71.221, 41.7622], [-71.2111, 41.7632], [-71.2089, 41.7503], [-71.2028, 41.7497], [-71.2016, 41.7404], [-71.2032, 41.736], [-71.21, 41.7365], [-71.2156, 41.7337], [-71.2452, 41.7339], [-71.2614, 41.7523], [-71.3164, 41.7755], [-71.2836, 41.7748]]]}}, {"type": "Feature", "properties": {"fips": "25005610202", "gap_national": -75.3, "gap_stratum": -71.9, "burden": 18.8, "capacity": 80.2, "svi": 0.02, "top_decile_gap": 0.0, "stratum": "metropolitan", "scored": 1}, "geometry": {"type": "Polygon", "coordinates": [[[-71.2424, 42.0324], [-71.2367, 42.0318], [-71.2354, 42.0265], [-71.2238, 42.0234], [-71.2259, 42.0184], [-71.2197, 42.009], [-71.2132, 42.0061], [-71.2147, 42.0018], [-71.2105, 41.9927], [-71.2593, 41.9742], [-71.2883, 42.0145], [-71.2424, 42.0324]]]}}, {"type": "Feature", "properties": {"fips": "25005651300", "gap_national": 47.5, "gap_stratum": 47.0, "burden": 87.4, "capacity": 47.0, "svi": 0.93, "top_decile_gap": 0.0, "stratum": "metropolitan", "scored": 1}, "geometry": {"type": "Polygon", "coordinates": [[[-70.9316, 41.6487], [-70.92, 41.6492], [-70.917, 41.6447], [-70.9119, 41.6442], [-70.91, 41.6416], [-70.9176, 41.6421], [-70.9163, 41.6397], [-70.922, 41.6377], [-70.9243, 41.6402], [-70.931, 41.6386], [-70.9316, 41.6487]]]}}, {"type": "Feature", "properties": {"fips": "25005654100", "gap_national": -49.7, "gap_stratum": -41.7, "burden": 43.0, "capacity": 82.7, "svi": 0.21, "top_decile_gap": 0.0, "stratum": "metropolitan", "scored": 1}, "geometry": {"type": "Polygon", "coordinates": [[[-70.9223, 41.7548], [-70.9263, 41.7588], [-70.9072, 41.7635], [-70.9044, 41.758], [-70.8864, 41.7602], [-70.8582, 41.6812], [-70.8896, 41.6685], [-70.9059, 41.6658], [-70.9021, 41.6693], [-70.9078, 41.6696], [-70.9083, 41.6772], [-70.9044, 41.6777], [-70.906, 41.6841], [-70.9024, 41.6866], [-70.906, 41.6873], [-70.9026, 41.6937], [-70.9225, 41.6971], [-70.9216, 41.7001], [-70.9273, 41.7086], [-70.9317, 41.7106], [-70.943, 41.7447], [-70.9223, 41.7548]]]}}, {"type": "Feature", "properties": {"fips": "25005652100", "gap_national": -17.8, "gap_stratum": -10.4, "burden": 50.9, "capacity": 63.9, "svi": 0.46, "top_decile_gap": 0.0, "stratum": "metropolitan", "scored": 1}, "geometry": {"type": "Polygon", "coordinates": [[[-70.9311, 41.6319], [-70.9294, 41.6223], [-70.9365, 41.6245], [-70.9375, 41.6292], [-70.9401, 41.6289], [-70.9405, 41.6309], [-70.9311, 41.6319]]]}}, {"type": "Feature", "properties": {"fips": "25005654200", "gap_national": -30.5, "gap_stratum": -21.8, "burden": 55.5, "capacity": 77.8, "svi": 0.45, "top_decile_gap": 0.0, "stratum": "metropolitan", "scored": 1}, "geometry": {"type": "Polygon", "coordinates": [[[-70.9273, 41.7086], [-70.9216, 41.7001], [-70.9225, 41.6971], [-70.9026, 41.6937], [-70.906, 41.6873], [-70.9024, 41.6866], [-70.906, 41.6841], [-70.9044, 41.6777], [-70.9083, 41.6772], [-70.9085, 41.6731], [-70.9078, 41.6696], [-70.9024, 41.6704], [-70.9031, 41.6666], [-70.9172, 41.6636], [-70.9155, 41.6741], [-70.9174, 41.681], [-70.9237, 41.6861], [-70.9317, 41.7106], [-70.9273, 41.7086]]]}}, {"type": "Feature", "properties": {"fips": "25005650500", "gap_national": 7.9, "gap_stratum": 13.5, "burden": 51.6, "capacity": 47.2, "svi": 0.6, "top_decile_gap": 0.0, "stratum": "metropolitan", "scored": 1}, "geometry": {"type": "Polygon", "coordinates": [[[-70.9301, 41.6731], [-70.9297, 41.6691], [-70.9276, 41.6693], [-70.9288, 41.6659], [-70.9374, 41.6658], [-70.9382, 41.6726], [-70.9301, 41.6731]]]}}, {"type": "Feature", "properties": {"fips": "25005653304", "gap_national": -55.6, "gap_stratum": -47.9, "burden": 44.1, "capacity": 94.5, "svi": 0.03, "top_decile_gap": 0.0, "stratum": "metropolitan", "scored": 1}, "geometry": {"type": "Polygon", "coordinates": [[[-71.0368, 41.5982], [-71.0343, 41.5919], [-71.0235, 41.5887], [-71.0155, 41.58], [-70.9917, 41.5848], [-70.9889, 41.5883], [-70.9667, 41.5811], [-70.9502, 41.5846], [-70.947, 41.5727], [-70.9378, 41.5652], [-70.9346, 41.5487], [-70.9285, 41.5398], [-70.9418, 41.5401], [-70.9463, 41.5376], [-70.9479, 41.5298], [-70.9549, 41.5276], [-70.9533, 41.515], [-70.9566, 41.5155], [-70.9614, 41.5297], [-70.9666, 41.5317], [-70.9801, 41.5276], [-70.9846, 41.5204], [-70.9816, 41.5137], [-70.984, 41.5089], [-71.0033, 41.5119], [-71.0194, 41.5089], [-71.0223, 41.5045], [-71.0285, 41.5137], [-71.0327, 41.5278], [-71.0266, 41.5304], [-71.0314, 41.5465], [-71.0291, 41.5582], [-71.0331, 41.5709], [-71.0449, 41.5898], [-71.0368, 41.5982]]]}}, {"type": "Feature", "properties": {"fips": "25005632100", "gap_national": -61.8, "gap_stratum": -55.4, "burden": 34.7, "capacity": 85.8, "svi": 0.06, "top_decile_gap": 0.0, "stratum": "metropolitan", "scored": 1}, "geometry": {"type": "Polygon", "coordinates": [[[-71.334, 41.8623], [-71.3408, 41.8816], [-71.3388, 41.8986], [-71.3007, 41.9037], [-71.2966, 41.8393], [-71.3072, 41.8356], [-71.3103, 41.8312], [-71.3268, 41.8369], [-71.3375, 41.8338], [-71.3352, 41.8355], [-71.3422, 41.8448], [-71.334, 41.8623]]]}}, {"type": "Feature", "properties": {"fips": "25005610100", "gap_national": -56.3, "gap_stratum": -52.8, "burden": 22.9, "capacity": 68.1, "svi": 0.38, "top_decile_gap": 0.0, "stratum": "metropolitan", "scored": 1}, "geometry": {"type": "Polygon", "coordinates": [[[-71.2239, 42.0396], [-71.2085, 42.0456], [-71.2146, 42.0388], [-71.2083, 42.0272], [-71.2172, 42.0245], [-71.2172, 42.0191], [-71.2257, 42.0182], [-71.2238, 42.0234], [-71.2354, 42.0265], [-71.2367, 42.0318], [-71.2424, 42.0324], [-71.2239, 42.0396]]]}}, {"type": "Feature", "properties": {"fips": "25005653203", "gap_national": -20.4, "gap_stratum": -13.3, "burden": 69.2, "capacity": 84.2, "svi": 0.59, "top_decile_gap": 0.0, "stratum": "metropolitan", "scored": 1}, "geometry": {"type": "Polygon", "coordinates": [[[-70.959, 41.6357], [-70.9497, 41.6209], [-70.9364, 41.6144], [-70.9323, 41.6082], [-70.9406, 41.6071], [-70.9413, 41.6024], [-70.9444, 41.6026], [-70.9447, 41.6046], [-70.9579, 41.6049], [-70.9616, 41.6138], [-70.9603, 41.6165], [-70.9682, 41.6332], [-70.959, 41.6357]]]}}, {"type": "Feature", "properties": {"fips": "25005650900", "gap_national": 67.9, "gap_stratum": 68.0, "burden": 87.9, "capacity": 31.0, "svi": 0.86, "top_decile_gap": 1.0, "stratum": "metropolitan", "scored": 1}, "geometry": {"type": "Polygon", "coordinates": [[[-70.9377, 41.6627], [-70.9341, 41.6604], [-70.938, 41.6602], [-70.9352, 41.6536], [-70.9326, 41.6539], [-70.9434, 41.6523], [-70.949, 41.6625], [-70.9377, 41.6627]]]}}, {"type": "Feature", "properties": {"fips": "25005653301", "gap_national": -48.8, "gap_stratum": -40.7, "burden": 50.4, "capacity": 96.5, "svi": 0.29, "top_decile_gap": 0.0, "stratum": "metropolitan", "scored": 1}, "geometry": {"type": "Polygon", "coordinates": [[[-70.986, 41.5921], [-70.9804, 41.5931], [-70.9803, 41.5979], [-70.9783, 41.5987], [-70.9645, 41.6002], [-70.9579, 41.6049], [-70.9447, 41.6046], [-70.9444, 41.6026], [-70.9413, 41.6024], [-70.9406, 41.6071], [-70.9323, 41.6082], [-70.9306, 41.6079], [-70.9274, 41.5941], [-70.9313, 41.5842], [-70.9376, 41.5775], [-70.9456, 41.5866], [-70.9667, 41.5811], [-70.9889, 41.5883], [-70.986, 41.5921]]]}}, {"type": "Feature", "properties": {"fips": "25005611202", "gap_national": -69.1, "gap_stratum": -63.9, "burden": 27.9, "capacity": 85.1, "svi": 0.3, "top_decile_gap": 0.0, "stratum": "metropolitan", "scored": 1}, "geometry": {"type": "Polygon", "coordinates": [[[-71.1909, 41.9996], [-71.1757, 41.9825], [-71.185, 41.9749], [-71.188, 41.9813], [-71.1914, 41.983], [-71.1979, 41.9787], [-71.1982, 41.9759], [-71.2011, 41.9784], [-71.2038, 41.9738], [-71.1985, 41.9616], [-71.2294, 41.9501], [-71.2434, 41.9538], [-71.2593, 41.9742], [-71.1909, 41.9996]]]}}, {"type": "Feature", "properties": {"fips": "25005631600", "gap_national": 29.6, "gap_stratum": 34.3, "burden": 66.1, "capacity": 43.6, "svi": 0.88, "top_decile_gap": 0.0, "stratum": "metropolitan", "scored": 1}, "geometry": {"type": "Polygon", "coordinates": [[[-71.2845, 41.9416], [-71.2766, 41.9402], [-71.2762, 41.9461], [-71.2715, 41.9431], [-71.2719, 41.9359], [-71.2763, 41.9351], [-71.2803, 41.9287], [-71.2878, 41.9286], [-71.2882, 41.9363], [-71.2845, 41.9416]]]}}, {"type": "Feature", "properties": {"fips": "25005631800", "gap_national": -34.1, "gap_stratum": -25.5, "burden": 50.6, "capacity": 75.8, "svi": 0.67, "top_decile_gap": 0.0, "stratum": "metropolitan", "scored": 1}, "geometry": {"type": "Polygon", "coordinates": [[[-71.3196, 41.9052], [-71.3198, 41.9131], [-71.3173, 41.9157], [-71.3144, 41.9142], [-71.2985, 41.9217], [-71.2894, 41.9346], [-71.2878, 41.9286], [-71.2851, 41.9272], [-71.2773, 41.9311], [-71.2763, 41.9351], [-71.2619, 41.9347], [-71.2573, 41.916], [-71.2588, 41.912], [-71.2555, 41.9086], [-71.3255, 41.9013], [-71.3196, 41.9052]]]}}, {"type": "Feature", "properties": {"fips": "25005631300", "gap_national": -58.8, "gap_stratum": -52.9, "burden": 30.5, "capacity": 77.0, "svi": 0.22, "top_decile_gap": 0.0, "stratum": "metropolitan", "scored": 1}, "geometry": {"type": "Polygon", "coordinates": [[[-71.2687, 41.9873], [-71.2604, 41.9757], [-71.2798, 41.9482], [-71.2879, 41.9472], [-71.2902, 41.9444], [-71.295, 41.9464], [-71.2981, 41.9529], [-71.3065, 41.9523], [-71.3078, 41.9591], [-71.2687, 41.9873]]]}}, {"type": "Feature", "properties": {"fips": "25005612100", "gap_national": -45.9, "gap_stratum": -37.6, "burden": 46.0, "capacity": 82.4, "svi": 0.43, "top_decile_gap": 0.0, "stratum": "metropolitan", "scored": 1}, "geometry": {"type": "Polygon", "coordinates": [[[-71.0863, 41.9463], [-71.0805, 41.9595], [-71.0838, 41.9656], [-71.0807, 41.9773], [-71.0853, 41.9823], [-71.0872, 41.9908], [-71.0547, 41.9851], [-71.0495, 41.9631], [-71.0426, 41.9595], [-71.0457, 41.9472], [-71.0529, 41.9397], [-71.0638, 41.9335], [-71.0636, 41.9241], [-71.0681, 41.9216], [-71.0796, 41.923], [-71.0927, 41.939], [-71.0863, 41.9463]]]}}, {"type": "Feature", "properties": {"fips": "25005613400", "gap_national": -36.5, "gap_stratum": -27.8, "burden": 51.5, "capacity": 79.1, "svi": 0.46, "top_decile_gap": 0.0, "stratum": "metropolitan", "scored": 1}, "geometry": {"type": "Polygon", "coordinates": [[[-71.1717, 41.8956], [-71.1466, 41.8991], [-71.1253, 41.911], [-71.127, 41.9064], [-71.1223, 41.9012], [-71.1143, 41.9019], [-71.1174, 41.8956], [-71.1127, 41.888], [-71.1164, 41.8848], [-71.1341, 41.886], [-71.1335, 41.8822], [-71.1298, 41.8827], [-71.1306, 41.8703], [-71.1868, 41.8793], [-71.1907, 41.8968], [-71.1717, 41.8956]]]}}, {"type": "Feature", "properties": {"fips": "25005645101", "gap_national": -54.9, "gap_stratum": -47.4, "burden": 40.5, "capacity": 85.5, "svi": 0.28, "top_decile_gap": 0.0, "stratum": "metropolitan", "scored": 1}, "geometry": {"type": "Polygon", "coordinates": [[[-71.2032, 41.736], [-71.2001, 41.7332], [-71.204, 41.7338], [-71.2046, 41.7315], [-71.192, 41.7281], [-71.2083, 41.6905], [-71.2452, 41.7339], [-71.2032, 41.736]]]}}, {"type": "Feature", "properties": {"fips": "25005616100", "gap_national": -65.9, "gap_stratum": -61.0, "burden": 25.4, "capacity": 78.1, "svi": 0.04, "top_decile_gap": 0.0, "stratum": "metropolitan", "scored": 1}, "geometry": {"type": "Polygon", "coordinates": [[[-71.1176, 41.7998], [-71.1189, 41.8072], [-71.1124, 41.8136], [-71.1177, 41.8249], [-71.1084, 41.835], [-71.1128, 41.8487], [-71.1078, 41.8532], [-71.1067, 41.8598], [-71.1044, 41.8604], [-71.1029, 41.8715], [-71.0765, 41.873], [-71.0075, 41.8385], [-71.0366, 41.8165], [-71.0885, 41.8178], [-71.0933, 41.81], [-71.0877, 41.808], [-71.0877, 41.8025], [-71.0954, 41.7992], [-71.1145, 41.7788], [-71.1194, 41.7954], [-71.1176, 41.7998]]]}}, {"type": "Feature", "properties": {"fips": "25005645102", "gap_national": -59.8, "gap_stratum": -53.4, "burden": 33.2, "capacity": 81.4, "svi": 0.19, "top_decile_gap": 0.0, "stratum": "metropolitan", "scored": 1}, "geometry": {"type": "Polygon", "coordinates": [[[-71.1878, 41.7832], [-71.1935, 41.8165], [-71.1762, 41.8159], [-71.1711, 41.7894], [-71.1532, 41.7896], [-71.1563, 41.7395], [-71.1906, 41.7447], [-71.1868, 41.7404], [-71.192, 41.7281], [-71.2046, 41.7315], [-71.204, 41.7338], [-71.1999, 41.7341], [-71.2032, 41.736], [-71.2028, 41.7497], [-71.2089, 41.7503], [-71.2111, 41.7632], [-71.221, 41.7622], [-71.2198, 41.7756], [-71.2233, 41.7767], [-71.2227, 41.7801], [-71.1878, 41.7832]]]}}, {"type": "Feature", "properties": {"fips": "25027703100", "gap_national": -11.5, "gap_stratum": -38.5, "burden": 63.9, "capacity": 70.1, "svi": 0.74, "top_decile_gap": 0.0, "stratum": "micropolitan", "scored": 1}, "geometry": {"type": "Polygon", "coordinates": [[[-72.2764, 42.5774], [-72.2732, 42.5793], [-72.2711, 42.5762], [-72.2686, 42.5779], [-72.2572, 42.5757], [-72.2421, 42.5872], [-72.2391, 42.5923], [-72.2405, 42.5961], [-72.2353, 42.5975], [-72.2269, 42.5944], [-72.2204, 42.5969], [-72.2233, 42.5949], [-72.2223, 42.5887], [-72.2146, 42.5875], [-72.2172, 42.5851], [-72.2188, 42.5661], [-72.247, 42.5635], [-72.2605, 42.5662], [-72.2741, 42.5626], [-72.2764, 42.5774]]]}}, {"type": "Feature", "properties": {"fips": "25027753100", "gap_national": -50.7, "gap_stratum": -43.5, "burden": 37.0, "capacity": 76.6, "svi": 0.2, "top_decile_gap": 0.0, "stratum": "metropolitan", "scored": 1}, "geometry": {"type": "Polygon", "coordinates": [[[-71.8951, 42.1924], [-71.8759, 42.1702], [-71.8579, 42.1607], [-71.8349, 42.1598], [-71.8315, 42.1643], [-71.826, 42.1658], [-71.8255, 42.1599], [-71.8345, 42.1573], [-71.8341, 42.155], [-71.8249, 42.1553], [-71.8319, 42.1438], [-71.8295, 42.1294], [-71.818, 42.1333], [-71.7972, 42.0992], [-71.8092, 42.0954], [-71.8113, 42.0989], [-71.8911, 42.0727], [-71.8951, 42.0942], [-71.9092, 42.0913], [-71.9119, 42.1013], [-71.8995, 42.1041], [-71.917, 42.1909], [-71.8951, 42.1924]], [[-71.8825, 42.1341], [-71.8801, 42.1338], [-71.8785, 42.1281], [-71.8814, 42.1257], [-71.8787, 42.1219], [-71.8815, 42.1202], [-71.8763, 42.1153], [-71.8793, 42.1131], [-71.8816, 42.1143], [-71.8835, 42.1092], [-71.8831, 42.1061], [-71.8799, 42.1043], [-71.8812, 42.0927], [-71.8707, 42.0887], [-71.8658, 42.0978], [-71.853, 42.0995], [-71.8475, 42.103], [-71.8419, 42.1134], [-71.8581, 42.1166], [-71.8624, 42.1235], [-71.861, 42.1378], [-71.8661, 42.1366], [-71.8671, 42.1389], [-71.8653, 42.1432], [-71.8703, 42.1449], [-71.884, 42.1374], [-71.8825, 42.1341]]]}}, {"type": "Feature", "properties": {"fips": "25027751102", "gap_national": -71.8, "gap_stratum": -66.8, "burden": 28.1, "capacity": 89.5, "svi": 0.03, "top_decile_gap": 0.0, "stratum": "metropolitan", "scored": 1}, "geometry": {"type": "Polygon", "coordinates": [[[-71.7572, 42.1767], [-71.7222, 42.1495], [-71.7949, 42.1169], [-71.7784, 42.1085], [-71.7768, 42.1004], [-71.7972, 42.0992], [-71.818, 42.1333], [-71.8295, 42.1294], [-71.8319, 42.1438], [-71.7572, 42.1767]]]}}, {"type": "Feature", "properties": {"fips": "25027709501", "gap_national": -52.6, "gap_stratum": -45.3, "burden": 37.8, "capacity": 79.4, "svi": 0.13, "top_decile_gap": 0.0, "stratum": "metropolitan", "scored": 1}, "geometry": {"type": "Polygon", "coordinates": [[[-71.7271, 42.5491], [-71.7163, 42.5447], [-71.7112, 42.5354], [-71.7022, 42.5339], [-71.7122, 42.5216], [-71.718, 42.5219], [-71.7341, 42.5294], [-71.7397, 42.5343], [-71.7424, 42.5397], [-71.7271, 42.5491]]]}}, {"type": "Feature", "properties": {"fips": "25027754300", "gap_national": 10.3, "gap_stratum": 16.0, "burden": 56.1, "capacity": 49.2, "svi": 0.85, "top_decile_gap": 0.0, "stratum": "metropolitan", "scored": 1}, "geometry": {"type": "Polygon", "coordinates": [[[-71.8805, 42.0518], [-71.8821, 42.0618], [-71.8791, 42.0651], [-71.8782, 42.058], [-71.8729, 42.0587], [-71.8713, 42.0569], [-71.8744, 42.0557], [-71.8732, 42.0486], [-71.8816, 42.0485], [-71.8862, 42.043], [-71.8872, 42.0508], [-71.8805, 42.0518]]]}}, {"type": "Feature", "properties": {"fips": "25027720100", "gap_national": -68.7, "gap_stratum": -63.1, "burden": 31.3, "capacity": 90.7, "svi": 0.03, "top_decile_gap": 0.0, "stratum": "metropolitan", "scored": 1}, "geometry": {"type": "Polygon", "coordinates": [[[-71.9332, 42.4829], [-71.9198, 42.4914], [-71.9096, 42.4845], [-71.8645, 42.5169], [-71.8568, 42.5191], [-71.8494, 42.5179], [-71.8474, 42.5147], [-71.842, 42.5147], [-71.8423, 42.5126], [-71.8223, 42.5043], [-71.8356, 42.4836], [-71.8278, 42.4721], [-71.8272, 42.4636], [-71.8241, 42.4618], [-71.821, 42.4507], [-71.8177, 42.4465], [-71.8131, 42.4456], [-71.8878, 42.395], [-71.9654, 42.4466], [-71.9203, 42.4745], [-71.9332, 42.4829]]]}}, {"type": "Feature", "properties": {"fips": "25027726200", "gap_national": -7.4, "gap_stratum": -0.2, "burden": 63.2, "capacity": 66.6, "svi": 0.45, "top_decile_gap": 0.0, "stratum": "metropolitan", "scored": 1}, "geometry": {"type": "Polygon", "coordinates": [[[-72.0084, 42.2439], [-72.0038, 42.2537], [-71.9954, 42.2588], [-71.9932, 42.2629], [-71.991, 42.2545], [-71.9809, 42.2557], [-71.9784, 42.2533], [-71.9776, 42.2512], [-71.9814, 42.2496], [-71.9771, 42.2409], [-71.9822, 42.2327], [-71.9805, 42.231], [-72.009, 42.2381], [-72.0084, 42.2439]]]}}, {"type": "Feature", "properties": {"fips": "25027707300", "gap_national": 28.4, "gap_stratum": 30.0, "burden": 82.2, "capacity": 56.8, "svi": 0.66, "top_decile_gap": 0.0, "stratum": "metropolitan", "scored": 1}, "geometry": {"type": "Polygon", "coordinates": [[[-72.015, 42.5679], [-72.0195, 42.571], [-72.016, 42.5738], [-71.9987, 42.5758], [-71.9978, 42.578], [-71.9932, 42.5766], [-71.9907, 42.5687], [-72.0103, 42.5594], [-72.0207, 42.5591], [-72.027, 42.5632], [-72.015, 42.5679]]]}}, {"type": "Feature", "properties": {"fips": "25027757500", "gap_national": -13.8, "gap_stratum": -41.3, "burden": 62.8, "capacity": 70.8, "svi": 0.62, "top_decile_gap": 0.0, "stratum": "micropolitan", "scored": 1}, "geometry": {"type": "Polygon", "coordinates": [[[-72.0664, 42.0721], [-72.0631, 42.0727], [-72.0589, 42.0678], [-72.0378, 42.0638], [-72.0343, 42.0684], [-72.0267, 42.0706], [-72.0168, 42.087], [-72.0083, 42.0888], [-71.9981, 42.0979], [-71.9961, 42.0873], [-71.9939, 42.0875], [-71.9949, 42.0854], [-71.9927, 42.0831], [-71.9966, 42.0821], [-71.9957, 42.0775], [-71.9925, 42.0782], [-71.9933, 42.0654], [-71.9916, 42.0578], [-71.9882, 42.0545], [-71.989, 42.0446], [-71.9947, 42.031], [-71.9931, 42.0269], [-72.0997, 42.0288], [-72.0744, 42.0585], [-72.0664, 42.0721]]]}}, {"type": "Feature", "properties": {"fips": "25027732600", "gap_national": 35.2, "gap_stratum": 41.7, "burden": 55.3, "capacity": 28.5, "svi": 0.85, "top_decile_gap": 0.0, "stratum": "metropolitan", "scored": 1}, "geometry": {"type": "Polygon", "coordinates": [[[-71.799, 42.252], [-71.7972, 42.2541], [-71.7947, 42.2477], [-71.7974, 42.2422], [-71.8021, 42.2407], [-71.8038, 42.244], [-71.799, 42.252]]]}}, {"type": "Feature", "properties": {"fips": "25027719100", "gap_national": -65.7, "gap_stratum": -59.7, "burden": 32.5, "capacity": 87.9, "svi": 0.1, "top_decile_gap": 0.0, "stratum": "metropolitan", "scored": 1}, "geometry": {"type": "Polygon", "coordinates": [[[-71.83, 42.4922], [-71.7187, 42.4734], [-71.7184, 42.4102], [-71.7216, 42.4092], [-71.726, 42.3903], [-71.7419, 42.3869], [-71.7419, 42.3928], [-71.7633, 42.4004], [-71.7866, 42.399], [-71.8178, 42.404], [-71.8317, 42.4318], [-71.8131, 42.4456], [-71.8177, 42.4465], [-71.821, 42.4507], [-71.8241, 42.4618], [-71.8272, 42.4636], [-71.8278, 42.4721], [-71.8356, 42.4836], [-71.83, 42.4922]]]}}, {"type": "Feature", "properties": {"fips": "25027736200", "gap_national": -57.2, "gap_stratum": -51.1, "burden": 31.7, "capacity": 77.0, "svi": 0.1, "top_decile_gap": 0.0, "stratum": "metropolitan", "scored": 1}, "geometry": {"type": "Polygon", "coordinates": [[[-71.866, 42.226], [-71.8372, 42.2282], [-71.837, 42.222], [-71.845, 42.2206], [-71.846, 42.2146], [-71.8424, 42.2136], [-71.8479, 42.2029], [-71.8472, 42.195], [-71.861, 42.199], [-71.8682, 42.207], [-71.8736, 42.208], [-71.8762, 42.215], [-71.866, 42.226]]]}}, {"type": "Feature", "properties": {"fips": "25027761200", "gap_national": -61.9, "gap_stratum": -55.8, "burden": 31.5, "capacity": 81.5, "svi": 0.58, "top_decile_gap": 0.0, "stratum": "metropolitan", "scored": 1}, "geometry": {"type": "Polygon", "coordinates": [[[-71.6342, 42.297], [-71.6332, 42.3006], [-71.58, 42.3059], [-71.5427, 42.2697], [-71.5429, 42.2672], [-71.5646, 42.2669], [-71.5868, 42.2595], [-71.5899, 42.2513], [-71.5933, 42.2564], [-71.6092, 42.2591], [-71.6038, 42.2603], [-71.5966, 42.267], [-71.6015, 42.2681], [-71.6055, 42.2763], [-71.6102, 42.2781], [-71.6249, 42.2743], [-71.6317, 42.2828], [-71.6372, 42.2962], [-71.6342, 42.297]]]}}, {"type": "Feature", "properties": {"fips": "25027749100", "gap_national": -59.7, "gap_stratum": -53.3, "burden": 33.4, "capacity": 81.5, "svi": 0.09, "top_decile_gap": 0.0, "stratum": "metropolitan", "scored": 1}, "geometry": {"type": "Polygon", "coordinates": [[[-71.68, 42.1002], [-71.68, 42.1034], [-71.6573, 42.0972], [-71.6629, 42.0939], [-71.6482, 42.0866], [-71.6503, 42.0772], [-71.6576, 42.0707], [-71.6427, 42.0636], [-71.6385, 42.0642], [-71.6197, 42.0756], [-71.6199, 42.0825], [-71.6175, 42.0847], [-71.6198, 42.091], [-71.6185, 42.0929], [-71.6231, 42.0979], [-71.6234, 42.1051], [-71.5926, 42.1142], [-71.5911, 42.0138], [-71.6809, 42.0117], [-71.6824, 42.0438], [-71.6792, 42.0742], [-71.6963, 42.0711], [-71.6966, 42.0972], [-71.68, 42.1002]]]}}, {"type": "Feature", "properties": {"fips": "25027731900", "gap_national": 28.5, "gap_stratum": 34.4, "burden": 57.7, "capacity": 36.7, "svi": 0.92, "top_decile_gap": 0.0, "stratum": "metropolitan", "scored": 1}, "geometry": {"type": "Polygon", "coordinates": [[[-71.7888, 42.2829], [-71.7902, 42.278], [-71.7834, 42.2774], [-71.7837, 42.2737], [-71.7816, 42.2734], [-71.7948, 42.2718], [-71.7979, 42.2839], [-71.7888, 42.2829]]]}}, {"type": "Feature", "properties": {"fips": "25027712102", "gap_national": -68.6, "gap_stratum": -63.6, "burden": 26.0, "capacity": 81.8, "svi": 0.15, "top_decile_gap": 0.0, "stratum": "metropolitan", "scored": 1}, "geometry": {"type": "Polygon", "coordinates": [[[-71.7259, 42.5709], [-71.7299, 42.5866], [-71.7239, 42.5932], [-71.7088, 42.5992], [-71.7055, 42.6038], [-71.6973, 42.6073], [-71.6991, 42.6128], [-71.6941, 42.6203], [-71.6646, 42.6116], [-71.679, 42.5304], [-71.7112, 42.5354], [-71.7204, 42.5523], [-71.7306, 42.562], [-71.7259, 42.5709]]]}}, {"type": "Feature", "properties": {"fips": "25027745100", "gap_national": -65.3, "gap_stratum": -59.9, "burden": 28.3, "capacity": 81.2, "svi": 0.27, "top_decile_gap": 0.0, "stratum": "metropolitan", "scored": 1}, "geometry": {"type": "Polygon", "coordinates": [[[-71.5714, 42.1518], [-71.561, 42.1583], [-71.5633, 42.1534], [-71.5192, 42.1242], [-71.5097, 42.1236], [-71.5014, 42.1167], [-71.5004, 42.1127], [-71.5031, 42.1103], [-71.4997, 42.1035], [-71.5182, 42.0994], [-71.5293, 42.104], [-71.5418, 42.1184], [-71.55, 42.1227], [-71.5693, 42.1426], [-71.5716, 42.1424], [-71.5714, 42.1518]]]}}, {"type": "Feature", "properties": {"fips": "25027730700", "gap_national": -51.5, "gap_stratum": -43.6, "burden": 42.1, "capacity": 83.7, "svi": 0.51, "top_decile_gap": 0.0, "stratum": "metropolitan", "scored": 1}, "geometry": {"type": "Polygon", "coordinates": [[[-71.8454, 42.3049], [-71.8347, 42.2922], [-71.8422, 42.2911], [-71.8437, 42.2781], [-71.8514, 42.278], [-71.8612, 42.271], [-71.8624, 42.266], [-71.8767, 42.2667], [-71.884, 42.2813], [-71.8454, 42.3049]]]}}, {"type": "Feature", "properties": {"fips": "25027733102", "gap_national": -6.6, "gap_stratum": -1.9, "burden": 40.9, "capacity": 48.7, "svi": 0.72, "top_decile_gap": 0.0, "stratum": "metropolitan", "scored": 1}, "geometry": {"type": "Polygon", "coordinates": [[[-71.8567, 42.2397], [-71.8335, 42.245], [-71.8286, 42.2421], [-71.8479, 42.2367], [-71.8533, 42.232], [-71.8544, 42.2269], [-71.8566, 42.2267], [-71.8637, 42.2407], [-71.8567, 42.2397]]]}}, {"type": "Feature", "properties": {"fips": "25027730600", "gap_national": -69.3, "gap_stratum": -65.5, "burden": 20.7, "capacity": 76.5, "svi": 0.55, "top_decile_gap": 0.0, "stratum": "metropolitan", "scored": 1}, "geometry": {"type": "Polygon", "coordinates": [[[-71.8267, 42.3163], [-71.819, 42.3139], [-71.8194, 42.308], [-71.8157, 42.3022], [-71.8173, 42.2948], [-71.8149, 42.2907], [-71.8075, 42.2883], [-71.806, 42.2819], [-71.8086, 42.2816], [-71.8094, 42.2776], [-71.8129, 42.2813], [-71.8176, 42.2809], [-71.8278, 42.2862], [-71.8454, 42.3049], [-71.8267, 42.3163]]]}}, {"type": "Feature", "properties": {"fips": "25027730901", "gap_national": -61.5, "gap_stratum": -55.1, "burden": 33.4, "capacity": 83.5, "svi": 0.53, "top_decile_gap": 0.0, "stratum": "metropolitan", "scored": 1}, "geometry": {"type": "Polygon", "coordinates": [[[-71.8403, 42.2773], [-71.8374, 42.2773], [-71.8253, 42.2698], [-71.8366, 42.2632], [-71.842, 42.2711], [-71.8403, 42.2773]]]}}, {"type": "Feature", "properties": {"fips": "25027732700", "gap_national": 6.6, "gap_stratum": 12.4, "burden": 54.2, "capacity": 50.2, "svi": 0.69, "top_decile_gap": 0.0, "stratum": "metropolitan", "scored": 1}, "geometry": {"type": "Polygon", "coordinates": [[[-71.7974, 42.2422], [-71.7948, 42.2502], [-71.7857, 42.2453], [-71.7912, 42.243], [-71.7924, 42.2366], [-71.7904, 42.2344], [-71.7965, 42.2376], [-71.7965, 42.2359], [-71.8016, 42.2409], [-71.7974, 42.2422]]]}}, {"type": "Feature", "properties": {"fips": "25027733000", "gap_national": 40.4, "gap_stratum": 46.3, "burden": 62.2, "capacity": 31.0, "svi": 0.95, "top_decile_gap": 0.0, "stratum": "metropolitan", "scored": 1}, "geometry": {"type": "Polygon", "coordinates": [[[-71.8064, 42.2545], [-71.8029, 42.2459], [-71.8179, 42.2384], [-71.8263, 42.2392], [-71.8286, 42.2421], [-71.8064, 42.2545]]]}}, {"type": "Feature", "properties": {"fips": "25027718100", "gap_national": -66.3, "gap_stratum": -60.5, "burden": 31.3, "capacity": 86.8, "svi": 0.07, "top_decile_gap": 0.0, "stratum": "metropolitan", "scored": 1}, "geometry": {"type": "Polygon", "coordinates": [[[-71.7597, 42.3707], [-71.7538, 42.3831], [-71.7009, 42.3958], [-71.6706, 42.3867], [-71.6879, 42.3255], [-71.691, 42.329], [-71.6976, 42.3284], [-71.6955, 42.3303], [-71.6987, 42.3324], [-71.7302, 42.3211], [-71.7318, 42.3179], [-71.7417, 42.3157], [-71.7414, 42.3173], [-71.7565, 42.3121], [-71.7645, 42.3129], [-71.7597, 42.3707]]]}}, {"type": "Feature", "properties": {"fips": "25027728200", "gap_national": -60.1, "gap_stratum": -53.6, "burden": 34.6, "capacity": 83.5, "svi": 0.11, "top_decile_gap": 0.0, "stratum": "metropolitan", "scored": 1}, "geometry": {"type": "Polygon", "coordinates": [[[-71.8262, 42.332], [-71.8109, 42.339], [-71.8054, 42.3393], [-71.802, 42.3313], [-71.8339, 42.3119], [-71.8352, 42.3197], [-71.832, 42.3196], [-71.8365, 42.3357], [-71.8262, 42.332]]]}}, {"type": "Feature", "properties": {"fips": "25027761100", "gap_national": -38.5, "gap_stratum": -30.0, "burden": 48.4, "capacity": 77.6, "svi": 0.51, "top_decile_gap": 0.0, "stratum": "metropolitan", "scored": 1}, "geometry": {"type": "Polygon", "coordinates": [[[-72.2602, 42.2059], [-72.2181, 42.2486], [-72.2105, 42.2472], [-72.2111, 42.2513], [-72.1825, 42.2514], [-72.1777, 42.2373], [-72.1714, 42.2341], [-72.1539, 42.2072], [-72.1419, 42.161], [-72.1993, 42.1537], [-72.2006, 42.1613], [-72.2639, 42.1838], [-72.2647, 42.1967], [-72.2602, 42.2059]]]}}, {"type": "Feature", "properties": {"fips": "25027724100", "gap_national": -29.0, "gap_stratum": -65.9, "burden": 65.9, "capacity": 91.5, "svi": 0.44, "top_decile_gap": 0.0, "stratum": "rural", "scored": 1}, "geometry": {"type": "Polygon", "coordinates": [[[-72.2128, 42.2698], [-72.212, 42.2827], [-72.2071, 42.2852], [-72.2033, 42.2912], [-72.2108, 42.2945], [-72.169, 42.2979], [-72.1705, 42.2915], [-72.1617, 42.2919], [-72.1615, 42.2884], [-72.1449, 42.2912], [-72.1457, 42.2772], [-72.1348, 42.2811], [-72.1174, 42.2788], [-72.125, 42.2635], [-72.1133, 42.2524], [-72.1173, 42.243], [-72.1113, 42.2386], [-72.1127, 42.2332], [-72.1188, 42.2309], [-72.1199, 42.2141], [-72.1298, 42.2212], [-72.1423, 42.1975], [-72.1397, 42.1795], [-72.1472, 42.1815], [-72.1539, 42.2072], [-72.1714, 42.2341], [-72.1777, 42.2373], [-72.1825, 42.2514], [-72.2111, 42.2513], [-72.2111, 42.2557], [-72.2161, 42.2562], [-72.2176, 42.2702], [-72.2128, 42.2698]]]}}, {"type": "Feature", "properties": {"fips": "25027737200", "gap_national": -27.3, "gap_stratum": -18.8, "burden": 53.2, "capacity": 72.6, "svi": 0.69, "top_decile_gap": 0.0, "stratum": "metropolitan", "scored": 1}, "geometry": {"type": "Polygon", "coordinates": [[[-71.764, 42.1893], [-71.765, 42.1934], [-71.7582, 42.1963], [-71.7556, 42.2038], [-71.7501, 42.1968], [-71.7517, 42.1914], [-71.7468, 42.1873], [-71.7588, 42.1893], [-71.7631, 42.1841], [-71.7663, 42.1877], [-71.764, 42.1893]]]}}, {"type": "Feature", "properties": {"fips": "25027715100", "gap_national": -85.1, "gap_stratum": -83.0, "burden": 13.3, "capacity": 84.9, "svi": 0.04, "top_decile_gap": 0.0, "stratum": "metropolitan", "scored": 1}, "geometry": {"type": "Polygon", "coordinates": [[[-71.6424, 42.4795], [-71.5489, 42.4473], [-71.5591, 42.4119], [-71.5853, 42.4071], [-71.6043, 42.3977], [-71.6304, 42.4095], [-71.6605, 42.4185], [-71.6424, 42.4795]]]}}, {"type": "Feature", "properties": {"fips": "25027750100", "gap_national": -42.9, "gap_stratum": -35.6, "burden": 39.4, "capacity": 72.3, "svi": 0.44, "top_decile_gap": 0.0, "stratum": "metropolitan", "scored": 1}, "geometry": {"type": "Polygon", "coordinates": [[[-71.6885, 42.12], [-71.6729, 42.1266], [-71.6725, 42.1328], [-71.6637, 42.1313], [-71.6583, 42.1334], [-71.6621, 42.1269], [-71.6466, 42.1136], [-71.6562, 42.1056], [-71.6468, 42.0969], [-71.6509, 42.0955], [-71.68, 42.1034], [-71.685, 42.1069], [-71.6847, 42.1096], [-71.6899, 42.1105], [-71.6885, 42.12]]]}}, {"type": "Feature", "properties": {"fips": "25027728400", "gap_national": -73.6, "gap_stratum": -70.0, "burden": 19.9, "capacity": 79.8, "svi": 0.22, "top_decile_gap": 0.0, "stratum": "metropolitan", "scored": 1}, "geometry": {"type": "Polygon", "coordinates": [[[-71.8317, 42.4318], [-71.8178, 42.404], [-71.8242, 42.4049], [-71.8043, 42.339], [-71.8109, 42.339], [-71.8262, 42.332], [-71.8334, 42.3361], [-71.839, 42.3614], [-71.8482, 42.367], [-71.8509, 42.3722], [-71.861, 42.3673], [-71.8777, 42.3659], [-71.8693, 42.3524], [-71.8807, 42.3567], [-71.8832, 42.3606], [-71.8938, 42.366], [-71.9235, 42.3717], [-71.8317, 42.4318]]]}}, {"type": "Feature", "properties": {"fips": "25027731102", "gap_national": -59.9, "gap_stratum": -56.9, "burden": 20.4, "capacity": 68.7, "svi": 0.25, "top_decile_gap": 0.0, "stratum": "metropolitan", "scored": 1}, "geometry": {"type": "Polygon", "coordinates": [[[-71.8253, 42.2698], [-71.8204, 42.2642], [-71.8251, 42.2575], [-71.833, 42.2602], [-71.8354, 42.2636], [-71.8253, 42.2698]]]}}, {"type": "Feature", "properties": {"fips": "25027729100", "gap_national": -47.0, "gap_stratum": -38.9, "burden": 43.6, "capacity": 80.4, "svi": 0.39, "top_decile_gap": 0.0, "stratum": "metropolitan", "scored": 1}, "geometry": {"type": "Polygon", "coordinates": [[[-71.7866, 42.399], [-71.7633, 42.4004], [-71.7419, 42.3928], [-71.7419, 42.3869], [-71.7538, 42.3831], [-71.7597, 42.3707], [-71.7637, 42.3442], [-71.7645, 42.3129], [-71.7683, 42.3113], [-71.7832, 42.3359], [-71.7784, 42.3459], [-71.7786, 42.3557], [-71.7748, 42.3575], [-71.7824, 42.3696], [-71.7896, 42.3694], [-71.7854, 42.366], [-71.7992, 42.3514], [-71.8026, 42.3426], [-71.8055, 42.3428], [-71.8242, 42.4049], [-71.7866, 42.399]]]}}, {"type": "Feature", "properties": {"fips": "25027713100", "gap_national": -61.5, "gap_stratum": -57.3, "burden": 23.8, "capacity": 72.8, "svi": 0.27, "top_decile_gap": 0.0, "stratum": "metropolitan", "scored": 1}, "geometry": {"type": "Polygon", "coordinates": [[[-71.7167, 42.519], [-71.7022, 42.5339], [-71.6359, 42.524], [-71.6302, 42.5188], [-71.6323, 42.5163], [-71.6274, 42.513], [-71.6342, 42.5044], [-71.6258, 42.4991], [-71.6289, 42.4888], [-71.6316, 42.4854], [-71.6342, 42.4858], [-71.6321, 42.4832], [-71.6348, 42.48], [-71.6336, 42.4772], [-71.6424, 42.4795], [-71.6567, 42.431], [-71.6882, 42.4367], [-71.7184, 42.4102], [-71.7187, 42.4734], [-71.7284, 42.4751], [-71.7167, 42.519]]]}}, {"type": "Feature", "properties": {"fips": "25027732202", "gap_national": -43.2, "gap_stratum": -39.5, "burden": 27.0, "capacity": 62.3, "svi": 0.39, "top_decile_gap": 0.0, "stratum": "metropolitan", "scored": 1}, "geometry": {"type": "Polygon", "coordinates": [[[-71.7698, 42.272], [-71.7639, 42.269], [-71.7611, 42.259], [-71.7824, 42.256], [-71.7826, 42.2584], [-71.7698, 42.272]]]}}, {"type": "Feature", "properties": {"fips": "25007200400", "gap_national": -69.9, "gap_stratum": -95.3, "burden": 31.3, "capacity": 93.1, "svi": 0.15, "top_decile_gap": 0.0, "stratum": "rural", "scored": 1}, "geometry": {"type": "MultiPolygon", "coordinates": [[[[-70.8026, 41.4593], [-70.8017, 41.4673], [-70.7924, 41.4693], [-70.787, 41.4767], [-70.7755, 41.4771], [-70.768, 41.4878], [-70.7549, 41.491], [-70.7472, 41.4999], [-70.7376, 41.5043], [-70.7302, 41.5032], [-70.7102, 41.5189], [-70.7025, 41.5196], [-70.7006, 41.5218], [-70.6982, 41.5209], [-70.7004, 41.5173], [-70.6994, 41.5136], [-70.6873, 41.5123], [-70.6783, 41.5173], [-70.6752, 41.5139], [-70.6816, 41.5073], [-70.6899, 41.5045], [-70.6937, 41.5068], [-70.707, 41.5015], [-70.7045, 41.4968], [-70.7123, 41.4906], [-70.7344, 41.4869], [-70.7472, 41.4778], [-70.7567, 41.4791], [-70.761, 41.473], [-70.7557, 41.4671], [-70.7581, 41.463], [-70.7664, 41.4605], [-70.7679, 41.4577], [-70.7763, 41.4577], [-70.7904, 41.4465], [-70.8, 41.4462], [-70.8052, 41.4504], [-70.8071, 41.4586], [-70.8026, 41.4593]]], [[[-70.8197, 41.2601], [-70.812, 41.2648], [-70.8096, 41.2607], [-70.8016, 41.2584], [-70.8033, 41.2502], [-70.8092, 41.2491], [-70.8255, 41.2523], [-70.832, 41.2595], [-70.8197, 41.2601]]], [[[-70.8338, 41.3534], [-70.8123, 41.3557], [-70.7833, 41.3478], [-70.775, 41.3492], [-70.7689, 41.3532], [-70.7586, 41.3669], [-70.7451, 41.3766], [-70.7319, 41.3978], [-70.7244, 41.3989], [-70.7124, 41.4089], [-70.7115, 41.4155], [-70.7066, 41.4192], [-70.701, 41.434], [-70.6899, 41.4368], [-70.6869, 41.4413], [-70.6719, 41.4424], [-70.6659, 41.4511], [-70.6651, 41.4562], [-70.6597, 41.4607], [-70.6561, 41.4608], [-70.6151, 41.4136], [-70.6095, 41.3848], [-70.6068, 41.3489], [-70.6911, 41.3443], [-70.7333, 41.3362], [-70.7475, 41.33], [-70.7484, 41.3268], [-70.7642, 41.3187], [-70.768, 41.312], [-70.7662, 41.309], [-70.7687, 41.3037], [-70.7757, 41.301], [-70.8021, 41.3142], [-70.8194, 41.3272], [-70.8388, 41.3472], [-70.8338, 41.3534]]], [[[-70.8325, 41.458], [-70.8227, 41.4568], [-70.8206, 41.4585], [-70.8083, 41.4495], [-70.81, 41.4466], [-70.8081, 41.445], [-70.8229, 41.4453], [-70.8309, 41.4413], [-70.8369, 41.442], [-70.8416, 41.4491], [-70.8404, 41.4529], [-70.8325, 41.458]]], [[[-70.901, 41.4345], [-70.8822, 41.4326], [-70.8803, 41.438], [-70.8637, 41.4425], [-70.8571, 41.4503], [-70.8546, 41.4486], [-70.8558, 41.4406], [-70.8486, 41.4328], [-70.8627, 41.4241], [-70.8844, 41.4215], [-70.9023, 41.4217], [-70.9055, 41.4253], [-70.901, 41.4345]]], [[[-70.9207, 41.4546], [-70.9152, 41.451], [-70.9203, 41.4489], [-70.9212, 41.4454], [-70.9254, 41.4517], [-70.9207, 41.4546]]], [[[-70.9437, 41.415], [-70.9411, 41.4217], [-70.937, 41.4253], [-70.9324, 41.4251], [-70.9275, 41.4318], [-70.9231, 41.4302], [-70.9199, 41.4256], [-70.9086, 41.4224], [-70.9233, 41.4225], [-70.929, 41.4156], [-70.949, 41.4096], [-70.951, 41.4119], [-70.9492, 41.4158], [-70.9437, 41.415]]]]}}, {"type": "Feature", "properties": {"fips": "25027754100", "gap_national": -50.3, "gap_stratum": -42.4, "burden": 45.3, "capacity": 87.0, "svi": 0.22, "top_decile_gap": 0.0, "stratum": "metropolitan", "scored": 1}, "geometry": {"type": "Polygon", "coordinates": [[[-71.8301, 42.0928], [-71.8046, 42.0236], [-71.866, 42.0241], [-71.879, 42.0386], [-71.8795, 42.0422], [-71.8748, 42.0445], [-71.8765, 42.0478], [-71.8751, 42.0493], [-71.8548, 42.0451], [-71.8548, 42.0496], [-71.8477, 42.0543], [-71.8781, 42.0674], [-71.8815, 42.0759], [-71.8301, 42.0928]]]}}, {"type": "Feature", "properties": {"fips": "25027741102", "gap_national": -81.9, "gap_stratum": -79.6, "burden": 13.5, "capacity": 81.4, "svi": 0.21, "top_decile_gap": 0.0, "stratum": "metropolitan", "scored": 1}, "geometry": {"type": "Polygon", "coordinates": [[[-71.5691, 42.3204], [-71.5511, 42.3264], [-71.5373, 42.328], [-71.5303, 42.3214], [-71.5317, 42.3113], [-71.5278, 42.3018], [-71.5224, 42.2664], [-71.5323, 42.2661], [-71.5396, 42.2628], [-71.5501, 42.266], [-71.5429, 42.2672], [-71.5427, 42.2697], [-71.5852, 42.311], [-71.5691, 42.3204]]]}}, {"type": "Feature", "properties": {"fips": "25027723100", "gap_national": -39.2, "gap_stratum": -30.5, "burden": 53.0, "capacity": 83.9, "svi": 0.34, "top_decile_gap": 0.0, "stratum": "metropolitan", "scored": 1}, "geometry": {"type": "Polygon", "coordinates": [[[-72.2874, 42.3553], [-72.2841, 42.3566], [-72.286, 42.3578], [-72.285, 42.3731], [-72.282, 42.3719], [-72.2795, 42.3746], [-72.2815, 42.3787], [-72.274, 42.3845], [-72.2729, 42.3893], [-72.2685, 42.3903], [-72.2641, 42.3866], [-72.2582, 42.3935], [-72.2423, 42.3881], [-72.2378, 42.3912], [-72.2385, 42.3953], [-72.2365, 42.3973], [-72.2296, 42.4002], [-72.219, 42.3955], [-72.2051, 42.4177], [-72.0412, 42.3087], [-72.1175, 42.3022], [-72.1296, 42.2903], [-72.1348, 42.2811], [-72.1457, 42.2772], [-72.1449, 42.2912], [-72.1615, 42.2884], [-72.1617, 42.2919], [-72.1705, 42.2915], [-72.169, 42.2979], [-72.2167, 42.2941], [-72.2163, 42.2993], [-72.2122, 42.3026], [-72.2108, 42.3114], [-72.2746, 42.302], [-72.28, 42.3291], [-72.2771, 42.3294], [-72.2785, 42.3365], [-72.2814, 42.3361], [-72.2842, 42.3521], [-72.2887, 42.352], [-72.2864, 42.3527], [-72.2874, 42.3553]]]}}, {"type": "Feature", "properties": {"fips": "25021417300", "gap_national": -71.9, "gap_stratum": -66.7, "burden": 29.4, "capacity": 92.8, "svi": 0.38, "top_decile_gap": 0.0, "stratum": "metropolitan", "scored": 1}, "geometry": {"type": "MultiPolygon", "coordinates": [[[[-71.0139, 42.3034], [-71.0108, 42.3045], [-71.0107, 42.3043], [-71.0138, 42.3009], [-71.0145, 42.3004], [-71.0139, 42.3034]]], [[[-71.0258, 42.2997], [-71.0233, 42.2979], [-71.0234, 42.2945], [-71.0203, 42.2954], [-71.0235, 42.2874], [-71.0273, 42.2873], [-71.0346, 42.2821], [-71.0371, 42.2842], [-71.0321, 42.2886], [-71.039, 42.3001], [-71.0258, 42.2997]]]]}}, {"type": "Feature", "properties": {"fips": "25009221901", "gap_national": -59.8, "gap_stratum": -52.7, "burden": 39.8, "capacity": 92.8, "svi": 0.08, "top_decile_gap": 0.0, "stratum": "metropolitan", "scored": 1}, "geometry": {"type": "Polygon", "coordinates": [[[-70.7323, 42.6129], [-70.7214, 42.6183], [-70.7119, 42.6178], [-70.7075, 42.6108], [-70.6963, 42.6157], [-70.6707, 42.6084], [-70.6767, 42.6075], [-70.6765, 42.6033], [-70.6843, 42.5962], [-70.6808, 42.5935], [-70.6845, 42.5889], [-70.6929, 42.5842], [-70.6986, 42.5774], [-70.7082, 42.5756], [-70.7103, 42.5726], [-70.7153, 42.5723], [-70.7171, 42.5815], [-70.7405, 42.59], [-70.7466, 42.6012], [-70.7323, 42.6129]]]}}, {"type": "Feature", "properties": {"fips": "25009211401", "gap_national": -53.2, "gap_stratum": -45.5, "burden": 42.5, "capacity": 86.6, "svi": 0.63, "top_decile_gap": 0.0, "stratum": "metropolitan", "scored": 1}, "geometry": {"type": "Polygon", "coordinates": [[[-70.9978, 42.5671], [-70.9934, 42.5739], [-70.9898, 42.581], [-70.9916, 42.5865], [-70.9856, 42.5899], [-70.9861, 42.5918], [-70.9659, 42.599], [-70.9618, 42.5921], [-70.9616, 42.5865], [-70.964, 42.5821], [-70.9676, 42.5835], [-70.9798, 42.5559], [-71.0028, 42.5634], [-70.9978, 42.5671]]]}}, {"type": "Feature", "properties": {"fips": "25009220102", "gap_national": -47.2, "gap_stratum": -39.0, "burden": 51.8, "capacity": 96.6, "svi": 0.22, "top_decile_gap": 0.0, "stratum": "metropolitan", "scored": 1}, "geometry": {"type": "Polygon", "coordinates": [[[-70.6406, 42.6858], [-70.6363, 42.6903], [-70.6301, 42.6927], [-70.6273, 42.6914], [-70.6272, 42.6884], [-70.6209, 42.6868], [-70.6241, 42.6769], [-70.6215, 42.6727], [-70.6268, 42.6589], [-70.623, 42.6548], [-70.627, 42.6471], [-70.6347, 42.6431], [-70.6392, 42.6375], [-70.6398, 42.6335], [-70.6432, 42.6369], [-70.644, 42.6647], [-70.6406, 42.6858]]]}}, {"type": "Feature", "properties": {"fips": "25009252602", "gap_national": -68.1, "gap_stratum": -63.2, "burden": 25.7, "capacity": 80.8, "svi": 0.05, "top_decile_gap": 0.0, "stratum": "metropolitan", "scored": 1}, "geometry": {"type": "Polygon", "coordinates": [[[-71.1823, 42.7943], [-71.1306, 42.7608], [-71.1276, 42.7547], [-71.139, 42.7453], [-71.1682, 42.741], [-71.1701, 42.7439], [-71.1643, 42.7462], [-71.1558, 42.7576], [-71.1642, 42.7622], [-71.1615, 42.7646], [-71.1623, 42.768], [-71.1718, 42.7673], [-71.175, 42.7654], [-71.1706, 42.7586], [-71.173, 42.7523], [-71.1799, 42.7499], [-71.1829, 42.751], [-71.1861, 42.7907], [-71.1823, 42.7943]]]}}, {"type": "Feature", "properties": {"fips": "25027732801", "gap_national": -58.7, "gap_stratum": -53.3, "burden": 28.5, "capacity": 75.0, "svi": 0.37, "top_decile_gap": 0.0, "stratum": "metropolitan", "scored": 1}, "geometry": {"type": "Polygon", "coordinates": [[[-71.7663, 42.2472], [-71.7557, 42.2412], [-71.742, 42.2431], [-71.7312, 42.2413], [-71.7334, 42.238], [-71.7617, 42.2256], [-71.7637, 42.234], [-71.7724, 42.2467], [-71.7663, 42.2472]]]}}, {"type": "Feature", "properties": {"fips": "25027731001", "gap_national": -39.2, "gap_stratum": -31.9, "burden": 41.2, "capacity": 71.1, "svi": 0.53, "top_decile_gap": 0.0, "stratum": "metropolitan", "scored": 1}, "geometry": {"type": "Polygon", "coordinates": [[[-71.8624, 42.266], [-71.8612, 42.271], [-71.8547, 42.2738], [-71.8539, 42.2666], [-71.8494, 42.2594], [-71.8547, 42.26], [-71.8615, 42.2548], [-71.8543, 42.2487], [-71.8511, 42.2411], [-71.8637, 42.2407], [-71.8767, 42.2667], [-71.8624, 42.266]]]}}, {"type": "Feature", "properties": {"fips": "25017388200", "gap_national": -46.8, "gap_stratum": -43.2, "burden": 26.0, "capacity": 63.9, "svi": 0.39, "top_decile_gap": 0.0, "stratum": "metropolitan", "scored": 1}, "geometry": {"type": "Polygon", "coordinates": [[[-71.6646, 42.6116], [-71.6605, 42.6351], [-71.6518, 42.6303], [-71.6478, 42.6248], [-71.6466, 42.6263], [-71.6423, 42.6146], [-71.6338, 42.6125], [-71.6348, 42.6093], [-71.6301, 42.6071], [-71.6303, 42.6037], [-71.6276, 42.6029], [-71.6241, 42.591], [-71.6188, 42.5856], [-71.6138, 42.5854], [-71.6135, 42.5816], [-71.6092, 42.5812], [-71.6096, 42.5781], [-71.616, 42.5749], [-71.6113, 42.5684], [-71.6066, 42.5663], [-71.6125, 42.5589], [-71.6115, 42.5538], [-71.6251, 42.5501], [-71.6359, 42.54], [-71.6366, 42.5331], [-71.6392, 42.531], [-71.6359, 42.524], [-71.679, 42.5304], [-71.6646, 42.6116]]]}}, {"type": "Feature", "properties": {"fips": "25017352300", "gap_national": -52.7, "gap_stratum": -54.9, "burden": 1.5, "capacity": 53.3, "svi": 0.14, "top_decile_gap": 0.0, "stratum": "metropolitan", "scored": 1}, "geometry": {"type": "Polygon", "coordinates": [[[-71.0883, 42.3706], [-71.0774, 42.3686], [-71.0782, 42.3618], [-71.0899, 42.365], [-71.0883, 42.3706]]]}}, {"type": "Feature", "properties": {"fips": "25017324101", "gap_national": -76.6, "gap_stratum": -73.4, "burden": 18.2, "capacity": 80.8, "svi": 0.13, "top_decile_gap": 0.0, "stratum": "metropolitan", "scored": 1}, "geometry": {"type": "Polygon", "coordinates": [[[-71.49, 42.5433], [-71.4688, 42.5517], [-71.4285, 42.5288], [-71.4439, 42.5091], [-71.4735, 42.5002], [-71.5001, 42.5093], [-71.5028, 42.5069], [-71.5091, 42.51], [-71.5116, 42.509], [-71.5162, 42.5134], [-71.49, 42.5433]]]}}, {"type": "Feature", "properties": {"fips": "25017352101", "gap_national": -38.0, "gap_stratum": -40.6, "burden": 1.0, "capacity": 42.8, "svi": 0.35, "top_decile_gap": 0.0, "stratum": "metropolitan", "scored": 1}, "geometry": {"type": "Polygon", "coordinates": [[[-71.0671, 42.3718], [-71.0641, 42.369], [-71.0706, 42.3679], [-71.082, 42.3736], [-71.0671, 42.3718]]]}}, {"type": "Feature", "properties": {"fips": "25017353102", "gap_national": -19.8, "gap_stratum": -21.5, "burden": 0.9, "capacity": 27.3, "svi": 0.37, "top_decile_gap": 0.0, "stratum": "metropolitan", "scored": 1}, "geometry": {"type": "Polygon", "coordinates": [[[-71.0897, 42.3649], [-71.0757, 42.3616], [-71.0773, 42.3591], [-71.093, 42.3539], [-71.1104, 42.3526], [-71.0897, 42.3649]]]}}, {"type": "Feature", "properties": {"fips": "25017385201", "gap_national": -58.1, "gap_stratum": -51.4, "burden": 35.1, "capacity": 81.9, "svi": 0.36, "top_decile_gap": 0.0, "stratum": "metropolitan", "scored": 1}, "geometry": {"type": "Polygon", "coordinates": [[[-71.4861, 42.2413], [-71.4758, 42.2462], [-71.4641, 42.2595], [-71.4542, 42.2497], [-71.4461, 42.2341], [-71.4754, 42.2295], [-71.4863, 42.2322], [-71.4861, 42.2413]]]}}, {"type": "Feature", "properties": {"fips": "25023540103", "gap_national": -64.8, "gap_stratum": -59.8, "burden": 25.9, "capacity": 77.8, "svi": 0.04, "top_decile_gap": 0.0, "stratum": "metropolitan", "scored": 1}, "geometry": {"type": "Polygon", "coordinates": [[[-70.9827, 41.8554], [-70.9598, 41.8511], [-70.9491, 41.8458], [-70.943, 41.8353], [-70.9572, 41.8284], [-70.9682, 41.8191], [-70.9615, 41.8036], [-70.9606, 41.7866], [-71.0263, 41.7789], [-71.0146, 41.7996], [-71.0366, 41.8165], [-70.9827, 41.8554]]]}}, {"type": "Feature", "properties": {"fips": "25023542102", "gap_national": -44.5, "gap_stratum": -36.4, "burden": 43.2, "capacity": 77.5, "svi": 0.5, "top_decile_gap": 0.0, "stratum": "metropolitan", "scored": 1}, "geometry": {"type": "Polygon", "coordinates": [[[-70.9174, 41.859], [-70.9129, 41.8619], [-70.9167, 41.8673], [-70.9132, 41.8699], [-70.9163, 41.8726], [-70.9165, 41.8764], [-70.9097, 41.8798], [-70.9084, 41.8829], [-70.8941, 41.8778], [-70.8705, 41.8642], [-70.8552, 41.8528], [-70.8606, 41.8457], [-70.8624, 41.8358], [-70.8521, 41.8338], [-70.8505, 41.8317], [-70.8508, 41.8203], [-70.8466, 41.8014], [-70.8445, 41.8003], [-70.8964, 41.7943], [-70.8986, 41.8149], [-70.8937, 41.8285], [-70.9187, 41.8521], [-70.9174, 41.859]]]}}, {"type": "Feature", "properties": {"fips": "25005630101", "gap_national": -49.1, "gap_stratum": -44.5, "burden": 28.3, "capacity": 67.3, "svi": 0.52, "top_decile_gap": 0.0, "stratum": "metropolitan", "scored": 1}, "geometry": {"type": "Polygon", "coordinates": [[[-71.3373, 41.9928], [-71.3388, 41.9951], [-71.3269, 41.9996], [-71.3324, 41.983], [-71.3391, 41.9844], [-71.3392, 41.9922], [-71.3373, 41.9928]]]}}, {"type": "Feature", "properties": {"fips": "25005985500", "gap_national": -24.7, "gap_stratum": -26.4, "burden": 4.4, "capacity": 33.2, "svi": 0.1, "top_decile_gap": 0.0, "stratum": "metropolitan", "scored": 1}, "geometry": {"type": "Polygon", "coordinates": [[[-71.0224, 41.6257], [-71.0072, 41.634], [-70.9909, 41.6341], [-71.0022, 41.6128], [-71.0025, 41.5967], [-70.9993, 41.5842], [-71.0027, 41.5816], [-71.0095, 41.5828], [-71.0155, 41.58], [-71.0235, 41.5887], [-71.0343, 41.5919], [-71.0383, 41.6082], [-71.0365, 41.6178], [-71.0385, 41.6229], [-71.0224, 41.6257]]]}}, {"type": "Feature", "properties": {"fips": "25005617101", "gap_national": -65.5, "gap_stratum": -59.9, "burden": 29.2, "capacity": 82.6, "svi": 0.11, "top_decile_gap": 0.0, "stratum": "metropolitan", "scored": 1}, "geometry": {"type": "Polygon", "coordinates": [[[-71.1016, 41.7936], [-71.0877, 41.8025], [-71.0877, 41.808], [-71.0933, 41.81], [-71.0885, 41.8178], [-71.0366, 41.8165], [-71.0146, 41.7996], [-71.0263, 41.7789], [-70.988, 41.7834], [-70.9798, 41.7662], [-71.0041, 41.7623], [-71.0217, 41.7667], [-71.002, 41.7427], [-70.9979, 41.7267], [-70.9936, 41.7205], [-71.0119, 41.7118], [-71.0095, 41.7462], [-71.118, 41.7647], [-71.1201, 41.7676], [-71.124, 41.7667], [-71.1016, 41.7936]]]}}, {"type": "Feature", "properties": {"fips": "25013810404", "gap_national": -31.1, "gap_stratum": -22.5, "burden": 57.1, "capacity": 80.2, "svi": 0.47, "top_decile_gap": 0.0, "stratum": "metropolitan", "scored": 1}, "geometry": {"type": "Polygon", "coordinates": [[[-72.4416, 42.1693], [-72.4095, 42.1573], [-72.4095, 42.1538], [-72.4135, 42.153], [-72.4236, 42.157], [-72.4688, 42.1527], [-72.4685, 42.156], [-72.4631, 42.1571], [-72.4655, 42.1628], [-72.4718, 42.1602], [-72.4726, 42.1631], [-72.4805, 42.1623], [-72.4818, 42.167], [-72.4416, 42.1693]]]}}, {"type": "Feature", "properties": {"fips": "25013801101", "gap_national": 65.1, "gap_stratum": 63.3, "burden": 93.9, "capacity": 37.4, "svi": 0.87, "top_decile_gap": 1.0, "stratum": "metropolitan", "scored": 1}, "geometry": {"type": "Polygon", "coordinates": [[[-72.6028, 42.1076], [-72.595, 42.1111], [-72.584, 42.1023], [-72.592, 42.0967], [-72.6038, 42.1035], [-72.6012, 42.1062], [-72.6028, 42.1076]]]}}, {"type": "Feature", "properties": {"fips": "25015821200", "gap_national": -29.2, "gap_stratum": -31.5, "burden": 0.0, "capacity": 35.7, "svi": 0.03, "top_decile_gap": 0.0, "stratum": "metropolitan", "scored": 1}, "geometry": {"type": "Polygon", "coordinates": [[[-72.567, 42.2593], [-72.5595, 42.2512], [-72.5778, 42.2528], [-72.5774, 42.2572], [-72.567, 42.2593]]]}}, {"type": "Feature", "properties": {"fips": "25025980700", "gap_national": null, "gap_stratum": null, "burden": null, "capacity": null, "svi": null, "top_decile_gap": null, "stratum": null, "scored": 0}, "geometry": {"type": "Polygon", "coordinates": [[[-71.1437, 42.2728], [-71.1457, 42.2751], [-71.1425, 42.2776], [-71.144, 42.2805], [-71.1366, 42.2715], [-71.1338, 42.2744], [-71.1311, 42.273], [-71.1325, 42.2699], [-71.1269, 42.2619], [-71.1336, 42.261], [-71.1289, 42.2581], [-71.1362, 42.251], [-71.1323, 42.2482], [-71.1363, 42.2463], [-71.1391, 42.249], [-71.1381, 42.2553], [-71.1402, 42.2585], [-71.1428, 42.2559], [-71.147, 42.261], [-71.1464, 42.2646], [-71.1501, 42.2676], [-71.1437, 42.2728]]]}}, {"type": "Feature", "properties": {"fips": "25025980300", "gap_national": 50.7, "gap_stratum": 48.3, "burden": 99.0, "capacity": 50.5, "svi": null, "top_decile_gap": 0.0, "stratum": "metropolitan", "scored": 1}, "geometry": {"type": "Polygon", "coordinates": [[[-71.0951, 42.3133], [-71.085, 42.3052], [-71.087, 42.2981], [-71.0913, 42.2969], [-71.0958, 42.292], [-71.1065, 42.3013], [-71.0951, 42.3133]]]}}, {"type": "Feature", "properties": {"fips": "25025140105", "gap_national": -28.3, "gap_stratum": -21.7, "burden": 42.0, "capacity": 64.1, "svi": 0.67, "top_decile_gap": 0.0, "stratum": "metropolitan", "scored": 1}, "geometry": {"type": "Polygon", "coordinates": [[[-71.1282, 42.2742], [-71.1206, 42.2703], [-71.1183, 42.2666], [-71.119, 42.2619], [-71.1298, 42.2657], [-71.1318, 42.2726], [-71.1282, 42.2742]]]}}, {"type": "Feature", "properties": {"fips": "25025180101", "gap_national": -57.4, "gap_stratum": -50.2, "burden": 39.4, "capacity": 87.4, "svi": 0.63, "top_decile_gap": 0.0, "stratum": "metropolitan", "scored": 1}, "geometry": {"type": "Polygon", "coordinates": [[[-70.9805, 42.3917], [-70.9673, 42.3882], [-70.9725, 42.385], [-70.9725, 42.3811], [-70.9767, 42.3819], [-70.9791, 42.3795], [-70.9883, 42.3871], [-70.9805, 42.3917]]]}}, {"type": "Feature", "properties": {"fips": "25015821300", "gap_national": -71.6, "gap_stratum": -66.5, "burden": 28.7, "capacity": 90.5, "svi": 0.39, "top_decile_gap": 0.0, "stratum": "metropolitan", "scored": 1}, "geometry": {"type": "Polygon", "coordinates": [[[-72.6116, 42.2569], [-72.5989, 42.2681], [-72.6012, 42.2813], [-72.6099, 42.2852], [-72.6021, 42.288], [-72.588, 42.3004], [-72.5693, 42.3045], [-72.5447, 42.3057], [-72.528, 42.3015], [-72.5395, 42.2933], [-72.5414, 42.2865], [-72.5585, 42.2804], [-72.5556, 42.2502], [-72.5595, 42.2512], [-72.567, 42.2593], [-72.5775, 42.2579], [-72.5804, 42.2449], [-72.5909, 42.2389], [-72.6032, 42.2374], [-72.605, 42.2248], [-72.6133, 42.2312], [-72.6098, 42.2241], [-72.6116, 42.2228], [-72.6232, 42.2309], [-72.624, 42.2355], [-72.6116, 42.2569]]]}}, {"type": "Feature", "properties": {"fips": "25027755201", "gap_national": -40.7, "gap_stratum": -32.2, "burden": 48.2, "capacity": 79.4, "svi": 0.29, "top_decile_gap": 0.0, "stratum": "metropolitan", "scored": 1}, "geometry": {"type": "Polygon", "coordinates": [[[-71.9253, 42.0729], [-71.9184, 42.0727], [-71.9147, 42.0752], [-71.9182, 42.0845], [-71.9175, 42.0894], [-71.8951, 42.0942], [-71.8911, 42.0727], [-71.8815, 42.0759], [-71.8791, 42.0651], [-71.8827, 42.0618], [-71.8834, 42.0542], [-71.8978, 42.058], [-71.9087, 42.0536], [-71.909, 42.049], [-71.9057, 42.0439], [-71.9026, 42.0437], [-71.9034, 42.0402], [-71.8942, 42.0359], [-71.8903, 42.0392], [-71.8839, 42.0243], [-71.9234, 42.0263], [-71.9232, 42.0409], [-71.9288, 42.0478], [-71.9265, 42.0513], [-71.9288, 42.053], [-71.9304, 42.0676], [-71.9253, 42.0729]]]}}, {"type": "Feature", "properties": {"fips": "25009211202", "gap_national": -55.8, "gap_stratum": -49.5, "burden": 32.6, "capacity": 76.5, "svi": 0.24, "top_decile_gap": 0.0, "stratum": "metropolitan", "scored": 1}, "geometry": {"type": "Polygon", "coordinates": [[[-70.9497, 42.5719], [-70.9466, 42.5727], [-70.9281, 42.5682], [-70.9385, 42.563], [-70.9463, 42.5521], [-70.9513, 42.5675], [-70.9497, 42.5719]]]}}, {"type": "Feature", "properties": {"fips": "25009210301", "gap_national": -40.7, "gap_stratum": -32.6, "burden": 57.9, "capacity": 99.1, "svi": 0.67, "top_decile_gap": 0.0, "stratum": "metropolitan", "scored": 1}, "geometry": {"type": "Polygon", "coordinates": [[[-70.9798, 42.5559], [-70.9524, 42.5489], [-70.9557, 42.5436], [-70.9513, 42.5408], [-70.9557, 42.5366], [-70.9861, 42.5426], [-70.9798, 42.5559]]]}}, {"type": "Feature", "properties": {"fips": "25009267104", "gap_national": -48.5, "gap_stratum": -40.4, "burden": 50.5, "capacity": 95.8, "svi": 0.28, "top_decile_gap": 0.0, "stratum": "metropolitan", "scored": 1}, "geometry": {"type": "Polygon", "coordinates": [[[-70.8702, 42.8179], [-70.8659, 42.8158], [-70.861, 42.8248], [-70.8537, 42.8279], [-70.8574, 42.8409], [-70.8604, 42.8416], [-70.8617, 42.8466], [-70.86, 42.8486], [-70.8486, 42.8446], [-70.8364, 42.8519], [-70.8266, 42.851], [-70.8197, 42.838], [-70.8216, 42.836], [-70.8193, 42.8341], [-70.8214, 42.8316], [-70.8196, 42.8304], [-70.8258, 42.8291], [-70.8245, 42.8238], [-70.8274, 42.823], [-70.8272, 42.8209], [-70.8171, 42.8231], [-70.8124, 42.8224], [-70.8105, 42.8188], [-70.8199, 42.8196], [-70.8356, 42.8141], [-70.8499, 42.8123], [-70.8731, 42.8158], [-70.8702, 42.8179]]]}}, {"type": "Feature", "properties": {"fips": "25019950307", "gap_national": -80.8, "gap_stratum": -95.4, "burden": 22.2, "capacity": 94.5, "svi": 0.01, "top_decile_gap": 0.0, "stratum": "micropolitan", "scored": 1}, "geometry": {"type": "MultiPolygon", "coordinates": [[[[-70.215, 41.2796], [-70.2117, 41.2757], [-70.2017, 41.2765], [-70.1939, 41.2803], [-70.1917, 41.2865], [-70.1958, 41.2907], [-70.2022, 41.288], [-70.2074, 41.2887], [-70.1991, 41.2962], [-70.1934, 41.2967], [-70.187, 41.2945], [-70.1229, 41.294], [-70.119, 41.2853], [-70.1196, 41.2823], [-70.1297, 41.2829], [-70.1443, 41.2624], [-70.1546, 41.2562], [-70.163, 41.2553], [-70.2213, 41.277], [-70.2371, 41.2851], [-70.215, 41.2796]]], [[[-70.2629, 41.3115], [-70.2466, 41.3062], [-70.2428, 41.3034], [-70.2398, 41.2958], [-70.2433, 41.2931], [-70.2427, 41.2892], [-70.2477, 41.2886], [-70.2597, 41.296], [-70.2773, 41.3105], [-70.2629, 41.3115]]], [[[-70.3043, 41.3384], [-70.292, 41.3378], [-70.2893, 41.335], [-70.307, 41.3324], [-70.309, 41.3361], [-70.3043, 41.3384]]]]}}, {"type": "Feature", "properties": {"fips": "25015820205", "gap_national": -74.3, "gap_stratum": -70.6, "burden": 20.5, "capacity": 81.3, "svi": 0.06, "top_decile_gap": 0.0, "stratum": "metropolitan", "scored": 1}, "geometry": {"type": "Polygon", "coordinates": [[[-72.375, 42.4208], [-72.372, 42.416], [-72.3735, 42.4134], [-72.3666, 42.4035], [-72.3694, 42.4003], [-72.3688, 42.3964], [-72.3637, 42.387], [-72.3668, 42.3854], [-72.3637, 42.3818], [-72.3667, 42.3808], [-72.3661, 42.3782], [-72.3642, 42.3788], [-72.3608, 42.3688], [-72.3565, 42.3663], [-72.3593, 42.3639], [-72.3565, 42.3506], [-72.3595, 42.3495], [-72.3594, 42.3456], [-72.3551, 42.3432], [-72.3511, 42.3349], [-72.3511, 42.3296], [-72.3536, 42.3277], [-72.3512, 42.3249], [-72.3539, 42.3242], [-72.3546, 42.316], [-72.3606, 42.3077], [-72.3538, 42.3025], [-72.3545, 42.299], [-72.3508, 42.2982], [-72.3527, 42.296], [-72.3486, 42.2946], [-72.3507, 42.2847], [-72.3396, 42.281], [-72.3388, 42.2751], [-72.3316, 42.2715], [-72.3339, 42.2625], [-72.3384, 42.2591], [-72.3348, 42.2512], [-72.3329, 42.2371], [-72.337, 42.2237], [-72.336, 42.2202], [-72.3432, 42.2186], [-72.3462, 42.216], [-72.3465, 42.2108], [-72.3523, 42.207], [-72.3573, 42.209], [-72.3609, 42.2053], [-72.3647, 42.2073], [-72.3635, 42.197], [-72.3599, 42.1963], [-72.3594, 42.1943], [-72.3617, 42.1935], [-72.3582, 42.1898], [-72.3955, 42.1857], [-72.4029, 42.2263], [-72.4009, 42.2325], [-72.3944, 42.2322], [-72.388, 42.2412], [-72.3865, 42.2455], [-72.3892, 42.2535], [-72.3826, 42.2582], [-72.3786, 42.2652], [-72.386, 42.268], [-72.3873, 42.2746], [-72.395, 42.2816], [-72.3901, 42.2844], [-72.4068, 42.2893], [-72.4143, 42.2959], [-72.4304, 42.3248], [-72.4409, 42.3257], [-72.4546, 42.3319], [-72.4591, 42.3414], [-72.4723, 42.3515], [-72.4837, 42.4075], [-72.375, 42.4208]]]}}, {"type": "Feature", "properties": {"fips": "25015822607", "gap_national": -68.5, "gap_stratum": -62.7, "burden": 31.7, "capacity": 91.0, "svi": 0.11, "top_decile_gap": 0.0, "stratum": "metropolitan", "scored": 1}, "geometry": {"type": "Polygon", "coordinates": [[[-72.8479, 42.4365], [-72.8556, 42.4809], [-72.7638, 42.4637], [-72.7643, 42.4602], [-72.7583, 42.4609], [-72.7591, 42.4565], [-72.7651, 42.4559], [-72.7659, 42.4517], [-72.7571, 42.4524], [-72.7578, 42.4459], [-72.7009, 42.4529], [-72.7044, 42.4056], [-72.6691, 42.4097], [-72.6721, 42.3714], [-72.8223, 42.3528], [-72.8211, 42.3386], [-72.8261, 42.3423], [-72.8335, 42.3417], [-72.8404, 42.3451], [-72.8437, 42.3447], [-72.8465, 42.3405], [-72.8542, 42.3434], [-72.8856, 42.34], [-72.9046, 42.4304], [-72.8479, 42.4365]]]}}, {"type": "Feature", "properties": {"fips": "25015820207", "gap_national": -67.4, "gap_stratum": -62.4, "burden": 26.3, "capacity": 80.9, "svi": 0.17, "top_decile_gap": 0.0, "stratum": "metropolitan", "scored": 1}, "geometry": {"type": "Polygon", "coordinates": [[[-72.4591, 42.3414], [-72.4546, 42.3319], [-72.4409, 42.3257], [-72.4304, 42.3248], [-72.4205, 42.3042], [-72.4068, 42.2893], [-72.3901, 42.2844], [-72.4166, 42.2686], [-72.4309, 42.2688], [-72.4367, 42.266], [-72.455, 42.2646], [-72.4723, 42.3515], [-72.4591, 42.3414]]]}}, {"type": "Feature", "properties": {"fips": "25027744104", "gap_national": -64.6, "gap_stratum": -59.4, "burden": 27.1, "capacity": 79.0, "svi": 0.11, "top_decile_gap": 0.0, "stratum": "metropolitan", "scored": 1}, "geometry": {"type": "Polygon", "coordinates": [[[-71.5619, 42.1787], [-71.5525, 42.1774], [-71.5529, 42.1811], [-71.5557, 42.1825], [-71.5393, 42.1897], [-71.5397, 42.1856], [-71.5349, 42.177], [-71.5264, 42.1666], [-71.5229, 42.1535], [-71.5283, 42.1519], [-71.5443, 42.1663], [-71.5613, 42.1698], [-71.5633, 42.172], [-71.5619, 42.1787]]]}}, {"type": "Feature", "properties": {"fips": "25027758103", "gap_national": -62.4, "gap_stratum": -87.5, "burden": 32.1, "capacity": 82.8, "svi": 0.36, "top_decile_gap": 0.0, "stratum": "micropolitan", "scored": 1}, "geometry": {"type": "Polygon", "coordinates": [[[-72.135, 42.1618], [-72.1115, 42.1645], [-72.1087, 42.1516], [-72.0868, 42.1544], [-72.0894, 42.1671], [-72.0294, 42.1744], [-72.024, 42.1418], [-72.0613, 42.1297], [-72.086, 42.1361], [-72.0916, 42.1115], [-72.0935, 42.1106], [-72.1014, 42.1108], [-72.1129, 42.1152], [-72.1156, 42.1151], [-72.1179, 42.1095], [-72.1219, 42.1078], [-72.1351, 42.1118], [-72.135, 42.1618]]]}}, {"type": "Feature", "properties": {"fips": "25027701101", "gap_national": -29.5, "gap_stratum": -69.3, "burden": 54.3, "capacity": 75.5, "svi": 0.36, "top_decile_gap": 0.0, "stratum": "rural", "scored": 1}, "geometry": {"type": "Polygon", "coordinates": [[[-72.0781, 42.6568], [-72.079, 42.6679], [-72.0771, 42.6699], [-72.0676, 42.6761], [-72.0595, 42.6782], [-72.0481, 42.6696], [-72.0438, 42.6694], [-72.0473, 42.6781], [-72.0451, 42.6792], [-72.0354, 42.6744], [-72.0356, 42.6769], [-72.0318, 42.6789], [-72.0329, 42.6806], [-72.0268, 42.682], [-72.0193, 42.6925], [-72.0238, 42.6879], [-72.0363, 42.6873], [-72.035, 42.6981], [-72.0428, 42.6935], [-72.0484, 42.6932], [-72.0497, 42.6891], [-72.0579, 42.6891], [-72.0632, 42.7059], [-72.0706, 42.7131], [-72.0777, 42.7162], [-71.9814, 42.7133], [-71.9861, 42.63], [-72.035, 42.6089], [-72.0461, 42.6018], [-72.0745, 42.6242], [-72.0804, 42.6367], [-72.0812, 42.6464], [-72.0781, 42.6568]]]}}, {"type": "Feature", "properties": {"fips": "25027721104", "gap_national": -55.8, "gap_stratum": -49.0, "burden": 34.9, "capacity": 79.0, "svi": 0.13, "top_decile_gap": 0.0, "stratum": "metropolitan", "scored": 1}, "geometry": {"type": "Polygon", "coordinates": [[[-72.0018, 42.3745], [-71.9908, 42.3714], [-71.9679, 42.3709], [-71.9482, 42.3787], [-71.9384, 42.3787], [-71.931, 42.3723], [-71.9235, 42.3717], [-71.9289, 42.3682], [-71.9188, 42.348], [-71.9938, 42.3193], [-72.0182, 42.3693], [-72.0018, 42.3745]]]}}, {"type": "Feature", "properties": {"fips": "25027731801", "gap_national": 30.0, "gap_stratum": 32.1, "burden": 79.3, "capacity": 53.7, "svi": 0.73, "top_decile_gap": 0.0, "stratum": "metropolitan", "scored": 1}, "geometry": {"type": "Polygon", "coordinates": [[[-71.7882, 42.2645], [-71.7883, 42.2725], [-71.7679, 42.2737], [-71.7852, 42.2633], [-71.7936, 42.2622], [-71.7882, 42.2645]]]}}, {"type": "Feature", "properties": {"fips": "25027710601", "gap_national": 20.7, "gap_stratum": 26.5, "burden": 44.6, "capacity": 30.3, "svi": 0.68, "top_decile_gap": 0.0, "stratum": "metropolitan", "scored": 1}, "geometry": {"type": "Polygon", "coordinates": [[[-71.8089, 42.587], [-71.8027, 42.5814], [-71.7972, 42.5812], [-71.7921, 42.5772], [-71.7991, 42.5765], [-71.8042, 42.5787], [-71.8076, 42.5693], [-71.8072, 42.5739], [-71.8133, 42.5762], [-71.8154, 42.584], [-71.8184, 42.5849], [-71.8089, 42.587]]]}}, {"type": "Feature", "properties": {"fips": "25027709204", "gap_national": -12.4, "gap_stratum": -5.8, "burden": 50.4, "capacity": 59.9, "svi": 0.57, "top_decile_gap": 0.0, "stratum": "metropolitan", "scored": 1}, "geometry": {"type": "Polygon", "coordinates": [[[-71.7575, 42.526], [-71.7486, 42.5186], [-71.7458, 42.5206], [-71.7421, 42.5162], [-71.7126, 42.5212], [-71.7167, 42.519], [-71.7284, 42.4751], [-71.7355, 42.4763], [-71.7345, 42.4901], [-71.7387, 42.5004], [-71.747, 42.5124], [-71.7584, 42.5192], [-71.7575, 42.526]]]}}, {"type": "Feature", "properties": {"fips": "25027739101", "gap_national": -72.3, "gap_stratum": -67.8, "burden": 24.3, "capacity": 83.9, "svi": 0.12, "top_decile_gap": 0.0, "stratum": "metropolitan", "scored": 1}, "geometry": {"type": "Polygon", "coordinates": [[[-71.7507, 42.2679], [-71.7472, 42.2626], [-71.7337, 42.2639], [-71.7323, 42.2671], [-71.7343, 42.2704], [-71.7298, 42.2726], [-71.7299, 42.2762], [-71.7105, 42.2768], [-71.7114, 42.2451], [-71.7312, 42.2413], [-71.7461, 42.2438], [-71.7512, 42.2542], [-71.7535, 42.2675], [-71.7507, 42.2679]]]}}, {"type": "Feature", "properties": {"fips": "25005630202", "gap_national": -76.5, "gap_stratum": -73.5, "burden": 17.0, "capacity": 79.5, "svi": 0.04, "top_decile_gap": 0.0, "stratum": "metropolitan", "scored": 1}, "geometry": {"type": "Polygon", "coordinates": [[[-71.3269, 41.9996], [-71.3036, 42.0086], [-71.2922, 41.9962], [-71.2961, 41.9692], [-71.3091, 41.9695], [-71.311, 41.9673], [-71.3109, 41.9696], [-71.3184, 41.9718], [-71.3181, 41.9788], [-71.3205, 41.9792], [-71.3252, 41.9867], [-71.322, 41.9873], [-71.323, 41.9903], [-71.329, 41.9945], [-71.3269, 41.9996]]]}}, {"type": "Feature", "properties": {"fips": "25001014500", "gap_national": -55.1, "gap_stratum": -47.4, "burden": 44.4, "capacity": 94.3, "svi": 0.18, "top_decile_gap": 0.0, "stratum": "metropolitan", "scored": 1}, "geometry": {"type": "Polygon", "coordinates": [[[-70.5545, 41.6173], [-70.5464, 41.6312], [-70.5396, 41.6372], [-70.5336, 41.6268], [-70.5254, 41.5999], [-70.498, 41.5938], [-70.5047, 41.5784], [-70.5127, 41.5681], [-70.5151, 41.5688], [-70.5288, 41.5469], [-70.5388, 41.5513], [-70.5479, 41.5511], [-70.5483, 41.5537], [-70.5464, 41.5544], [-70.5433, 41.5679], [-70.5447, 41.5785], [-70.5365, 41.5816], [-70.5346, 41.5934], [-70.5629, 41.6021], [-70.5615, 41.6045], [-70.5665, 41.6069], [-70.5545, 41.6173]]]}}, {"type": "Feature", "properties": {"fips": "25009223100", "gap_national": -57.0, "gap_stratum": -49.4, "burden": 43.6, "capacity": 97.7, "svi": 0.27, "top_decile_gap": 0.0, "stratum": "metropolitan", "scored": 1}, "geometry": {"type": "Polygon", "coordinates": [[[-70.8515, 42.6612], [-70.8505, 42.664], [-70.8437, 42.6653], [-70.8448, 42.6675], [-70.8406, 42.67], [-70.8425, 42.672], [-70.8389, 42.674], [-70.8371, 42.6795], [-70.836, 42.6742], [-70.831, 42.6745], [-70.8281, 42.6712], [-70.8162, 42.668], [-70.8122, 42.6705], [-70.8112, 42.6743], [-70.8159, 42.6762], [-70.8128, 42.6798], [-70.8136, 42.682], [-70.8206, 42.6874], [-70.8326, 42.6828], [-70.8413, 42.684], [-70.8501, 42.6891], [-70.8487, 42.69], [-70.8525, 42.6935], [-70.8557, 42.706], [-70.8555, 42.7123], [-70.8606, 42.7155], [-70.8583, 42.7175], [-70.859, 42.7216], [-70.8523, 42.7267], [-70.8489, 42.7259], [-70.8398, 42.7311], [-70.8295, 42.7325], [-70.8204, 42.7305], [-70.8152, 42.7228], [-70.7983, 42.7284], [-70.7983, 42.7336], [-70.7882, 42.7389], [-70.7705, 42.7048], [-70.7758, 42.7007], [-70.7761, 42.6913], [-70.7644, 42.6857], [-70.7446, 42.6813], [-70.7305, 42.6666], [-70.725, 42.6652], [-70.7325, 42.654], [-70.7515, 42.6708], [-70.7595, 42.6749], [-70.7774, 42.6731], [-70.7895, 42.6678], [-70.7901, 42.6619], [-70.794, 42.6632], [-70.7909, 42.6596], [-70.7956, 42.6592], [-70.794, 42.656], [-70.8006, 42.6572], [-70.8075, 42.6547], [-70.8102, 42.6497], [-70.8159, 42.6473], [-70.8145, 42.6466], [-70.8169, 42.6413], [-70.8218, 42.6423], [-70.8241, 42.6342], [-70.8341, 42.6402], [-70.831, 42.6421], [-70.8335, 42.6488], [-70.8443, 42.6474], [-70.8576, 42.6417], [-70.8633, 42.6462], [-70.8598, 42.6575], [-70.8515, 42.6612]]]}}, {"type": "Feature", "properties": {"fips": "25009251200", "gap_national": 58.9, "gap_stratum": 61.6, "burden": 78.2, "capacity": 30.7, "svi": 0.97, "top_decile_gap": 1.0, "stratum": "metropolitan", "scored": 1}, "geometry": {"type": "Polygon", "coordinates": [[[-71.1659, 42.7114], [-71.1623, 42.7098], [-71.1677, 42.7067], [-71.1716, 42.709], [-71.1659, 42.7114]]]}}, {"type": "Feature", "properties": {"fips": "25001010600", "gap_national": -42.8, "gap_stratum": -34.5, "burden": 56.1, "capacity": 99.2, "svi": 0.36, "top_decile_gap": 0.0, "stratum": "metropolitan", "scored": 1}, "geometry": {"type": "Polygon", "coordinates": [[[-69.9933, 41.7124], [-69.9885, 41.725], [-69.9285, 41.7225], [-69.9284, 41.7084], [-69.9337, 41.6786], [-69.9437, 41.6648], [-69.944, 41.6556], [-69.9551, 41.6394], [-69.9583, 41.6394], [-69.958, 41.6514], [-69.9439, 41.6697], [-69.9412, 41.6789], [-69.949, 41.6772], [-69.9655, 41.6828], [-69.9807, 41.694], [-70.0133, 41.6999], [-69.9933, 41.7124]]]}}, {"type": "Feature", "properties": {"fips": "25001014402", "gap_national": -59.9, "gap_stratum": -52.7, "burden": 40.3, "capacity": 94.4, "svi": 0.11, "top_decile_gap": 0.0, "stratum": "metropolitan", "scored": 1}, "geometry": {"type": "Polygon", "coordinates": [[[-70.6401, 41.5891], [-70.6377, 41.5895], [-70.6382, 41.5924], [-70.6283, 41.5944], [-70.6263, 41.6057], [-70.606, 41.6417], [-70.6023, 41.6553], [-70.5396, 41.6372], [-70.5731, 41.597], [-70.5733, 41.5782], [-70.59, 41.581], [-70.596, 41.5648], [-70.6032, 41.5669], [-70.604, 41.57], [-70.6139, 41.5716], [-70.618, 41.5699], [-70.6303, 41.5763], [-70.6349, 41.5747], [-70.6412, 41.5766], [-70.6423, 41.5836], [-70.6401, 41.5891]]]}}, {"type": "Feature", "properties": {"fips": "25001010100", "gap_national": -39.9, "gap_stratum": -80.1, "burden": 58.4, "capacity": 97.8, "svi": 0.51, "top_decile_gap": 0.0, "stratum": "small_town", "scored": 1}, "geometry": {"type": "Polygon", "coordinates": [[[-70.2381, 42.0729], [-70.2256, 42.0786], [-70.1893, 42.0823], [-70.1543, 42.0772], [-70.1465, 42.0652], [-70.1478, 42.0606], [-70.1554, 42.0624], [-70.1785, 42.0564], [-70.1868, 42.0505], [-70.195, 42.0364], [-70.2059, 42.0327], [-70.1923, 42.0232], [-70.1738, 42.0274], [-70.1669, 42.0346], [-70.171, 42.028], [-70.1796, 42.0219], [-70.1867, 42.0199], [-70.1963, 42.022], [-70.2087, 42.0307], [-70.2187, 42.0458], [-70.2389, 42.0605], [-70.2435, 42.0606], [-70.2454, 42.0637], [-70.2381, 42.0729]]]}}, {"type": "Feature", "properties": {"fips": "25009260301", "gap_national": -51.9, "gap_stratum": -44.6, "burden": 37.5, "capacity": 78.3, "svi": 0.27, "top_decile_gap": 0.0, "stratum": "metropolitan", "scored": 1}, "geometry": {"type": "Polygon", "coordinates": [[[-71.0687, 42.7927], [-71.0651, 42.7948], [-71.057, 42.7958], [-71.0406, 42.7926], [-71.0383, 42.7907], [-71.0383, 42.7862], [-71.0476, 42.7733], [-71.0464, 42.7687], [-71.0416, 42.7707], [-71.0342, 42.7639], [-71.0418, 42.7572], [-71.0483, 42.7587], [-71.0691, 42.7724], [-71.0669, 42.776], [-71.07, 42.7769], [-71.0689, 42.7791], [-71.0712, 42.7793], [-71.072, 42.7849], [-71.0687, 42.7927]]]}}, {"type": "Feature", "properties": {"fips": "25009261000", "gap_national": -22.3, "gap_stratum": -16.9, "burden": 39.7, "capacity": 58.2, "svi": 0.29, "top_decile_gap": 0.0, "stratum": "metropolitan", "scored": 1}, "geometry": {"type": "Polygon", "coordinates": [[[-71.0996, 42.7624], [-71.0841, 42.7718], [-71.0762, 42.7737], [-71.0665, 42.7709], [-71.0737, 42.7657], [-71.0815, 42.7659], [-71.0893, 42.7608], [-71.0995, 42.7588], [-71.0996, 42.7624]]]}}, {"type": "Feature", "properties": {"fips": "25003935100", "gap_national": -43.6, "gap_stratum": -35.3, "burden": 54.5, "capacity": 94.8, "svi": 0.17, "top_decile_gap": 0.0, "stratum": "metropolitan", "scored": 1}, "geometry": {"type": "Polygon", "coordinates": [[[-73.307, 42.6327], [-73.1715, 42.6287], [-73.1743, 42.5985], [-73.2044, 42.6061], [-73.1997, 42.59], [-73.2019, 42.5792], [-73.2583, 42.5886], [-73.3117, 42.5046], [-73.3151, 42.4929], [-73.3195, 42.4934], [-73.3389, 42.4186], [-73.2953, 42.4119], [-73.2965, 42.4047], [-73.3084, 42.4067], [-73.3111, 42.392], [-73.3232, 42.392], [-73.3208, 42.3781], [-73.3295, 42.3782], [-73.3293, 42.3691], [-73.3336, 42.3689], [-73.3308, 42.352], [-73.4106, 42.3517], [-73.307, 42.6327]]]}}, {"type": "Feature", "properties": {"fips": "25003900800", "gap_national": -66.1, "gap_stratum": -59.8, "burden": 34.5, "capacity": 92.7, "svi": 0.08, "top_decile_gap": 0.0, "stratum": "metropolitan", "scored": 1}, "geometry": {"type": "Polygon", "coordinates": [[[-73.2973, 42.43], [-73.2877, 42.4323], [-73.2786, 42.4335], [-73.2589, 42.4295], [-73.2552, 42.431], [-73.2502, 42.4271], [-73.249, 42.4294], [-73.2516, 42.4331], [-73.2499, 42.4353], [-73.2463, 42.4373], [-73.2367, 42.436], [-73.2352, 42.4434], [-73.2157, 42.4327], [-73.1974, 42.4298], [-73.2064, 42.3981], [-73.3126, 42.4145], [-73.2973, 42.43]]]}}, {"type": "Feature", "properties": {"fips": "25003931300", "gap_national": -27.4, "gap_stratum": -56.8, "burden": 62.1, "capacity": 82.6, "svi": 0.19, "top_decile_gap": 0.0, "stratum": "micropolitan", "scored": 1}, "geometry": {"type": "Polygon", "coordinates": [[[-73.0805, 42.5736], [-73.0843, 42.5948], [-73.0675, 42.594], [-73.0595, 42.7084], [-73.0484, 42.7416], [-73.023, 42.7411], [-73.0237, 42.7027], [-72.9979, 42.7013], [-72.9497, 42.7051], [-72.9496, 42.7019], [-72.9539, 42.6982], [-72.9516, 42.694], [-72.9544, 42.6903], [-72.9638, 42.6875], [-72.9735, 42.6888], [-72.9775, 42.6859], [-72.9766, 42.6791], [-72.9889, 42.6787], [-72.9893, 42.6742], [-72.9957, 42.6736], [-72.9763, 42.661], [-72.9639, 42.6643], [-72.9621, 42.667], [-72.9549, 42.6658], [-72.9556, 42.6545], [-72.9526, 42.6509], [-72.951, 42.641], [-72.979, 42.5416], [-73.0951, 42.5616], [-73.0805, 42.5736]]]}}, {"type": "Feature", "properties": {"fips": "25023506203", "gap_national": -65.6, "gap_stratum": -60.0, "burden": 29.6, "capacity": 83.3, "svi": 0.05, "top_decile_gap": 0.0, "stratum": "metropolitan", "scored": 1}, "geometry": {"type": "Polygon", "coordinates": [[[-70.7122, 42.093], [-70.6979, 42.0962], [-70.6962, 42.1037], [-70.6858, 42.1042], [-70.6819, 42.1084], [-70.6786, 42.1048], [-70.6777, 42.0982], [-70.6674, 42.1022], [-70.6626, 42.0993], [-70.6665, 42.0948], [-70.664, 42.0913], [-70.648, 42.0852], [-70.6442, 42.0782], [-70.6485, 42.0723], [-70.6828, 42.0575], [-70.6898, 42.0624], [-70.6749, 42.0679], [-70.6725, 42.0714], [-70.6745, 42.0752], [-70.6943, 42.0827], [-70.7049, 42.0918], [-70.7147, 42.0928], [-70.7181, 42.0946], [-70.7122, 42.093]]]}}, {"type": "Feature", "properties": {"fips": "25023542200", "gap_national": -47.1, "gap_stratum": -38.9, "burden": 51.6, "capacity": 95.4, "svi": 0.38, "top_decile_gap": 0.0, "stratum": "metropolitan", "scored": 1}, "geometry": {"type": "Polygon", "coordinates": [[[-70.9977, 41.9343], [-70.99, 41.9317], [-70.9869, 41.9378], [-70.9803, 41.9403], [-70.9459, 41.9328], [-70.9386, 41.9415], [-70.9358, 41.9536], [-70.9321, 41.9591], [-70.9238, 41.959], [-70.9204, 41.9631], [-70.9135, 41.9613], [-70.9148, 41.9621], [-70.9085, 41.9664], [-70.9006, 41.9627], [-70.8841, 41.932], [-70.8746, 41.9189], [-70.874, 41.9163], [-70.8821, 41.9117], [-70.8845, 41.907], [-70.8779, 41.8977], [-70.8825, 41.8857], [-70.8767, 41.8753], [-70.8841, 41.8794], [-70.888, 41.8739], [-70.9084, 41.8829], [-70.9051, 41.8854], [-70.9045, 41.8903], [-70.9014, 41.8912], [-70.9026, 41.8931], [-70.8983, 41.8949], [-70.9, 41.8993], [-70.8985, 41.9009], [-70.9149, 41.9076], [-70.9372, 41.9037], [-70.9582, 41.9032], [-70.9575, 41.8941], [-70.9633, 41.8964], [-70.9674, 41.9013], [-70.9763, 41.9012], [-70.9846, 41.9071], [-70.9932, 41.9064], [-70.9911, 41.9091], [-70.992, 41.9156], [-70.9971, 41.9167], [-70.9956, 41.9256], [-70.9998, 41.9297], [-70.9977, 41.9343]]]}}, {"type": "Feature", "properties": {"fips": "25023530700", "gap_national": -53.5, "gap_stratum": -45.6, "burden": 46.8, "capacity": 98.8, "svi": 0.14, "top_decile_gap": 0.0, "stratum": "metropolitan", "scored": 1}, "geometry": {"type": "MultiPolygon", "coordinates": [[[[-70.6364, 42.0138], [-70.6339, 42.012], [-70.6344, 42.005], [-70.6299, 42.0015], [-70.6142, 42.0111], [-70.6156, 42.0135], [-70.6085, 42.0136], [-70.5979, 42.0046], [-70.6027, 42.0021], [-70.614, 42.0066], [-70.6225, 42.0021], [-70.6319, 41.9929], [-70.6391, 41.9939], [-70.6412, 42.0059], [-70.6364, 42.0138]]], [[[-70.6494, 41.9786], [-70.6455, 41.9752], [-70.6239, 41.9431], [-70.6165, 41.9402], [-70.6082, 41.9407], [-70.5981, 41.9478], [-70.5836, 41.95], [-70.5608, 41.9336], [-70.5726, 41.9211], [-70.576, 41.9024], [-70.5832, 41.8899], [-70.6014, 41.8737], [-70.6105, 41.8852], [-70.6237, 41.9196], [-70.6352, 41.9295], [-70.6483, 41.9338], [-70.6318, 41.9334], [-70.6189, 41.9375], [-70.6385, 41.9564], [-70.6529, 41.9774], [-70.6494, 41.9786]]]]}}, {"type": "Feature", "properties": {"fips": "25023505102", "gap_national": -81.7, "gap_stratum": -78.7, "burden": 18.7, "capacity": 88.2, "svi": 0.06, "top_decile_gap": 0.0, "stratum": "metropolitan", "scored": 1}, "geometry": {"type": "Polygon", "coordinates": [[[-70.7914, 42.2215], [-70.7627, 42.2126], [-70.7417, 42.1988], [-70.7552, 42.1997], [-70.7687, 42.1967], [-70.7561, 42.1805], [-70.7509, 42.1771], [-70.8134, 42.1953], [-70.8389, 42.1948], [-70.7914, 42.2215]]]}}, {"type": "Feature", "properties": {"fips": "25023510501", "gap_national": -23.4, "gap_stratum": -15.1, "burden": 54.5, "capacity": 70.7, "svi": 0.79, "top_decile_gap": 0.0, "stratum": "metropolitan", "scored": 1}, "geometry": {"type": "Polygon", "coordinates": [[[-71.0255, 42.1173], [-71.022, 42.1068], [-71.0373, 42.101], [-71.0352, 42.106], [-71.0411, 42.1112], [-71.0255, 42.1173]]]}}, {"type": "Feature", "properties": {"fips": "25023511302", "gap_national": -5.5, "gap_stratum": 1.5, "burden": 64.0, "capacity": 65.9, "svi": 0.8, "top_decile_gap": 0.0, "stratum": "metropolitan", "scored": 1}, "geometry": {"type": "Polygon", "coordinates": [[[-71.0035, 42.0632], [-70.9962, 42.0666], [-70.983, 42.0666], [-70.9899, 42.0595], [-70.9872, 42.0466], [-70.9967, 42.0454], [-71.0067, 42.0589], [-71.0035, 42.0632]]]}}, {"type": "Feature", "properties": {"fips": "25023500104", "gap_national": -56.6, "gap_stratum": -49.1, "burden": 41.6, "capacity": 90.4, "svi": 0.03, "top_decile_gap": 0.0, "stratum": "metropolitan", "scored": 1}, "geometry": {"type": "Polygon", "coordinates": [[[-70.9015, 42.2827], [-70.8847, 42.2778], [-70.8783, 42.2783], [-70.8847, 42.2901], [-70.8759, 42.2929], [-70.8575, 42.2729], [-70.8594, 42.2694], [-70.8564, 42.2694], [-70.8557, 42.2672], [-70.8584, 42.2646], [-70.8647, 42.266], [-70.8677, 42.2629], [-70.8626, 42.2613], [-70.8655, 42.2605], [-70.8632, 42.2594], [-70.8647, 42.259], [-70.8679, 42.2612], [-70.8681, 42.263], [-70.8672, 42.267], [-70.8766, 42.2738], [-70.8873, 42.2731], [-70.9032, 42.2813], [-70.9015, 42.2827]]]}}, {"type": "Feature", "properties": {"fips": "25009205200", "gap_national": -4.3, "gap_stratum": 0.6, "burden": 42.6, "capacity": 48.4, "svi": 0.82, "top_decile_gap": 0.0, "stratum": "metropolitan", "scored": 1}, "geometry": {"type": "Polygon", "coordinates": [[[-70.9601, 42.4872], [-70.9555, 42.4873], [-70.9508, 42.4854], [-70.9511, 42.4826], [-70.9472, 42.4839], [-70.9424, 42.4794], [-70.9498, 42.4726], [-70.9548, 42.4763], [-70.9584, 42.474], [-70.9562, 42.4796], [-70.9637, 42.4832], [-70.9601, 42.4872]]]}}, {"type": "Feature", "properties": {"fips": "25009266100", "gap_national": -72.3, "gap_stratum": -68.1, "burden": 22.7, "capacity": 81.8, "svi": 0.16, "top_decile_gap": 0.0, "stratum": "metropolitan", "scored": 1}, "geometry": {"type": "Polygon", "coordinates": [[[-70.9747, 42.8677], [-70.9705, 42.8602], [-70.9589, 42.8606], [-70.9521, 42.8556], [-70.9435, 42.8539], [-70.9309, 42.8572], [-70.9376, 42.8501], [-70.9345, 42.8342], [-70.93, 42.8361], [-70.933, 42.8328], [-70.9315, 42.8322], [-70.9403, 42.8225], [-70.9458, 42.8207], [-70.9615, 42.8199], [-70.9692, 42.8225], [-70.9798, 42.8449], [-71.0046, 42.8632], [-70.9747, 42.8677]]]}}, {"type": "Feature", "properties": {"fips": "25009254200", "gap_national": -64.0, "gap_stratum": -63.0, "burden": 12.4, "capacity": 65.7, "svi": 0.53, "top_decile_gap": 0.0, "stratum": "metropolitan", "scored": 1}, "geometry": {"type": "Polygon", "coordinates": [[[-71.1469, 42.6572], [-71.15, 42.6593], [-71.148, 42.6615], [-71.135, 42.6627], [-71.1268, 42.6718], [-71.1188, 42.661], [-71.1202, 42.6584], [-71.1293, 42.6566], [-71.1297, 42.6542], [-71.1395, 42.6517], [-71.1432, 42.6482], [-71.1507, 42.6475], [-71.1508, 42.6528], [-71.1469, 42.6572]]]}}, {"type": "Feature", "properties": {"fips": "25009211402", "gap_national": -76.3, "gap_stratum": -72.2, "burden": 23.4, "capacity": 87.9, "svi": 0.29, "top_decile_gap": 0.0, "stratum": "metropolitan", "scored": 1}, "geometry": {"type": "Polygon", "coordinates": [[[-70.9676, 42.5835], [-70.964, 42.5821], [-70.9616, 42.5865], [-70.9618, 42.5921], [-70.9659, 42.599], [-70.9547, 42.6053], [-70.9312, 42.6124], [-70.9383, 42.6027], [-70.9391, 42.5895], [-70.9507, 42.5933], [-70.9518, 42.5916], [-70.9503, 42.5793], [-70.9466, 42.5727], [-70.9497, 42.5719], [-70.9512, 42.5651], [-70.9467, 42.5562], [-70.9455, 42.5478], [-70.9798, 42.5559], [-70.9676, 42.5835]]]}}, {"type": "Feature", "properties": {"fips": "25009215102", "gap_national": -75.2, "gap_stratum": -71.0, "burden": 23.6, "capacity": 86.6, "svi": 0.02, "top_decile_gap": 0.0, "stratum": "metropolitan", "scored": 1}, "geometry": {"type": "Polygon", "coordinates": [[[-70.9062, 42.6305], [-70.9038, 42.6327], [-70.9072, 42.6353], [-70.9046, 42.6382], [-70.896, 42.6394], [-70.8963, 42.6437], [-70.9002, 42.6475], [-70.8983, 42.6481], [-70.9018, 42.6528], [-70.905, 42.6521], [-70.9056, 42.6587], [-70.901, 42.6603], [-70.8866, 42.6592], [-70.8862, 42.6568], [-70.8793, 42.654], [-70.87, 42.6593], [-70.8598, 42.6575], [-70.8633, 42.6462], [-70.857, 42.6421], [-70.8747, 42.6097], [-70.9189, 42.6228], [-70.9195, 42.6259], [-70.9062, 42.6305]]]}}, {"type": "Feature", "properties": {"fips": "25009260401", "gap_national": -50.7, "gap_stratum": -42.8, "burden": 42.0, "capacity": 82.6, "svi": 0.33, "top_decile_gap": 0.0, "stratum": "metropolitan", "scored": 1}, "geometry": {"type": "Polygon", "coordinates": [[[-71.1325, 42.8214], [-71.0654, 42.8066], [-71.0842, 42.8046], [-71.1022, 42.7962], [-71.1125, 42.788], [-71.1479, 42.8161], [-71.1325, 42.8214]]]}}, {"type": "Feature", "properties": {"fips": "25009252300", "gap_national": 2.2, "gap_stratum": 8.3, "burden": 56.0, "capacity": 54.6, "svi": 0.91, "top_decile_gap": 0.0, "stratum": "metropolitan", "scored": 1}, "geometry": {"type": "Polygon", "coordinates": [[[-71.2136, 42.7445], [-71.1937, 42.7402], [-71.1914, 42.7328], [-71.1855, 42.7348], [-71.1851, 42.7254], [-71.1818, 42.7215], [-71.1845, 42.7182], [-71.1825, 42.7157], [-71.1942, 42.7094], [-71.1969, 42.7125], [-71.1958, 42.7203], [-71.2033, 42.7231], [-71.2018, 42.7275], [-71.2077, 42.7288], [-71.2138, 42.7405], [-71.2136, 42.7445]]]}}, {"type": "Feature", "properties": {"fips": "25009210500", "gap_national": -61.2, "gap_stratum": -55.1, "burden": 31.6, "capacity": 80.9, "svi": 0.2, "top_decile_gap": 0.0, "stratum": "metropolitan", "scored": 1}, "geometry": {"type": "Polygon", "coordinates": [[[-70.9729, 42.5173], [-70.9396, 42.5216], [-70.9392, 42.52], [-70.946, 42.5146], [-70.9518, 42.5065], [-70.9525, 42.4996], [-70.9571, 42.4965], [-70.9871, 42.5119], [-70.9729, 42.5173]]]}}, {"type": "Feature", "properties": {"fips": "25019950500", "gap_national": -60.1, "gap_stratum": -87.9, "burden": 40.0, "capacity": 94.1, "svi": 0.58, "top_decile_gap": 0.0, "stratum": "micropolitan", "scored": 1}, "geometry": {"type": "Polygon", "coordinates": [[[-70.0821, 41.2991], [-70.0626, 41.3087], [-70.0461, 41.3217], [-70.0313, 41.3393], [-70.0244, 41.3606], [-70.024, 41.3686], [-70.0346, 41.379], [-70.0456, 41.3836], [-70.0496, 41.3879], [-70.0491, 41.3917], [-70.0427, 41.3893], [-70.0204, 41.369], [-69.9603, 41.2787], [-69.9602, 41.2645], [-69.9641, 41.2554], [-69.975, 41.2465], [-70.0152, 41.238], [-70.037, 41.2414], [-70.034, 41.246], [-70.039, 41.2662], [-70.0883, 41.2711], [-70.0913, 41.2738], [-70.0868, 41.2773], [-70.0825, 41.2862], [-70.0947, 41.2977], [-70.0821, 41.2991]]]}}, {"type": "Feature", "properties": {"fips": "25025100700", "gap_national": -69.5, "gap_stratum": -67.9, "burden": 12.9, "capacity": 69.8, "svi": 0.08, "top_decile_gap": 0.0, "stratum": "metropolitan", "scored": 1}, "geometry": {"type": "Polygon", "coordinates": [[[-71.0558, 42.2832], [-71.0553, 42.2882], [-71.0515, 42.2893], [-71.0391, 42.284], [-71.0416, 42.2781], [-71.0449, 42.2763], [-71.0533, 42.2775], [-71.0589, 42.282], [-71.0558, 42.2832]]]}}, {"type": "Feature", "properties": {"fips": "25025140102", "gap_national": -72.9, "gap_stratum": -69.5, "burden": 19.1, "capacity": 78.1, "svi": 0.52, "top_decile_gap": 0.0, "stratum": "metropolitan", "scored": 1}, "geometry": {"type": "Polygon", "coordinates": [[[-71.1402, 42.2585], [-71.1381, 42.2553], [-71.1391, 42.249], [-71.1363, 42.2463], [-71.1323, 42.2482], [-71.1364, 42.2497], [-71.134, 42.2543], [-71.129, 42.2496], [-71.1314, 42.2401], [-71.1392, 42.2337], [-71.1427, 42.236], [-71.1461, 42.253], [-71.1402, 42.2585]]]}}, {"type": "Feature", "properties": {"fips": "25025040801", "gap_national": -72.3, "gap_stratum": -69.1, "burden": 18.3, "capacity": 76.7, "svi": 0.75, "top_decile_gap": 0.0, "stratum": "metropolitan", "scored": 1}, "geometry": {"type": "Polygon", "coordinates": [[[-71.0555, 42.3871], [-71.0443, 42.3832], [-71.0468, 42.373], [-71.0526, 42.3707], [-71.0587, 42.3724], [-71.0529, 42.3784], [-71.0559, 42.3791], [-71.0565, 42.3769], [-71.0616, 42.3808], [-71.0555, 42.3871]]]}}, {"type": "Feature", "properties": {"fips": "25025051200", "gap_national": -40.4, "gap_stratum": -42.7, "burden": 3.2, "capacity": 45.3, "svi": 0.27, "top_decile_gap": 0.0, "stratum": "metropolitan", "scored": 1}, "geometry": {"type": "Polygon", "coordinates": [[[-71.0387, 42.3684], [-71.0368, 42.3657], [-71.0326, 42.3687], [-71.0269, 42.3638], [-71.038, 42.3638], [-71.0417, 42.3665], [-71.0387, 42.3684]]]}}, {"type": "Feature", "properties": {"fips": "25025061101", "gap_national": 31.5, "gap_stratum": 35.4, "burden": 70.2, "capacity": 45.8, "svi": 0.92, "top_decile_gap": 0.0, "stratum": "metropolitan", "scored": 1}, "geometry": {"type": "Polygon", "coordinates": [[[-71.0526, 42.3286], [-71.0521, 42.3215], [-71.0568, 42.3263], [-71.0569, 42.3286], [-71.0526, 42.3286]]]}}, {"type": "Feature", "properties": {"fips": "25025080601", "gap_national": -10.5, "gap_stratum": -10.7, "burden": 10.0, "capacity": 23.3, "svi": 0.84, "top_decile_gap": 0.0, "stratum": "metropolitan", "scored": 1}, "geometry": {"type": "Polygon", "coordinates": [[[-71.0847, 42.3403], [-71.082, 42.3384], [-71.0885, 42.3349], [-71.085, 42.3327], [-71.0862, 42.331], [-71.083, 42.3308], [-71.0834, 42.3287], [-71.0877, 42.3279], [-71.0914, 42.33], [-71.0882, 42.3306], [-71.0944, 42.3324], [-71.0847, 42.3403]]]}}, {"type": "Feature", "properties": {"fips": "25025091001", "gap_national": -45.6, "gap_stratum": -46.1, "burden": 13.4, "capacity": 54.2, "svi": 0.6, "top_decile_gap": 0.0, "stratum": "metropolitan", "scored": 1}, "geometry": {"type": "Polygon", "coordinates": [[[-71.0589, 42.3128], [-71.0531, 42.3113], [-71.0521, 42.3215], [-71.0467, 42.313], [-71.0402, 42.3098], [-71.0448, 42.3092], [-71.0493, 42.3012], [-71.0574, 42.3055], [-71.0607, 42.3102], [-71.0589, 42.3128]]]}}, {"type": "Feature", "properties": {"fips": "25025092400", "gap_national": 19.2, "gap_stratum": 24.3, "burden": 63.5, "capacity": 49.0, "svi": 0.91, "top_decile_gap": 0.0, "stratum": "metropolitan", "scored": 1}, "geometry": {"type": "Polygon", "coordinates": [[[-71.087, 42.2981], [-71.0859, 42.3014], [-71.0789, 42.2967], [-71.0781, 42.292], [-71.088, 42.2949], [-71.0898, 42.2929], [-71.0932, 42.2946], [-71.087, 42.2981]]]}}, {"type": "Feature", "properties": {"fips": "25025000502", "gap_national": -25.5, "gap_stratum": -27.3, "burden": 2.2, "capacity": 32.9, "svi": 0.47, "top_decile_gap": 0.0, "stratum": "metropolitan", "scored": 1}, "geometry": {"type": "Polygon", "coordinates": [[[-71.1547, 42.3412], [-71.1514, 42.3404], [-71.1523, 42.3372], [-71.1473, 42.3372], [-71.157, 42.3304], [-71.1609, 42.3336], [-71.1676, 42.3334], [-71.1689, 42.3384], [-71.1547, 42.3412]]]}}, {"type": "Feature", "properties": {"fips": "25021418101", "gap_national": -63.4, "gap_stratum": -60.1, "burden": 20.5, "capacity": 71.4, "svi": 0.57, "top_decile_gap": 0.0, "stratum": "metropolitan", "scored": 1}, "geometry": {"type": "Polygon", "coordinates": [[[-71.0215, 42.2558], [-71.0109, 42.2575], [-71.0038, 42.2487], [-71.007, 42.2441], [-71.0108, 42.2444], [-71.0253, 42.2517], [-71.0215, 42.2558]]]}}, {"type": "Feature", "properties": {"fips": "25021456200", "gap_national": -61.8, "gap_stratum": -55.7, "burden": 31.7, "capacity": 81.7, "svi": 0.35, "top_decile_gap": 0.0, "stratum": "metropolitan", "scored": 1}, "geometry": {"type": "Polygon", "coordinates": [[[-71.0956, 42.1479], [-71.0666, 42.1641], [-71.0565, 42.1538], [-71.0709, 42.1322], [-71.0677, 42.1243], [-71.1017, 42.1355], [-71.1041, 42.1459], [-71.0956, 42.1479]]]}}, {"type": "Feature", "properties": {"fips": "25021404202", "gap_national": -56.1, "gap_stratum": -57.8, "burden": 3.3, "capacity": 56.2, "svi": 0.18, "top_decile_gap": 0.0, "stratum": "metropolitan", "scored": 1}, "geometry": {"type": "Polygon", "coordinates": [[[-71.2673, 42.3147], [-71.2615, 42.3084], [-71.2551, 42.3089], [-71.2533, 42.3053], [-71.2554, 42.3006], [-71.2694, 42.2908], [-71.2798, 42.2988], [-71.2861, 42.2978], [-71.2848, 42.3009], [-71.292, 42.3071], [-71.2673, 42.3147]]]}}, {"type": "Feature", "properties": {"fips": "25021419300", "gap_national": -42.1, "gap_stratum": -36.2, "burden": 34.9, "capacity": 67.8, "svi": 0.46, "top_decile_gap": 0.0, "stratum": "metropolitan", "scored": 1}, "geometry": {"type": "Polygon", "coordinates": [[[-70.9812, 42.2357], [-70.9738, 42.2219], [-70.9853, 42.2194], [-70.9858, 42.2213], [-70.9826, 42.2214], [-70.9962, 42.2332], [-70.9812, 42.2357]]]}}, {"type": "Feature", "properties": {"fips": "25021420201", "gap_national": -41.9, "gap_stratum": -33.4, "burden": 50.6, "capacity": 83.9, "svi": 0.68, "top_decile_gap": 0.0, "stratum": "metropolitan", "scored": 1}, "geometry": {"type": "Polygon", "coordinates": [[[-71.067, 42.1878], [-71.0552, 42.1855], [-71.0482, 42.1742], [-71.0621, 42.1695], [-71.0653, 42.1703], [-71.067, 42.1878]]]}}, {"type": "Feature", "properties": {"fips": "25021400900", "gap_national": -76.4, "gap_stratum": -75.4, "burden": 8.2, "capacity": 72.3, "svi": 0.53, "top_decile_gap": 0.0, "stratum": "metropolitan", "scored": 1}, "geometry": {"type": "Polygon", "coordinates": [[[-71.1174, 42.3371], [-71.1114, 42.3345], [-71.1145, 42.3284], [-71.1183, 42.3294], [-71.1205, 42.336], [-71.1174, 42.3371]]]}}, {"type": "Feature", "properties": {"fips": "25021402101", "gap_national": -69.7, "gap_stratum": -64.6, "burden": 27.9, "capacity": 85.8, "svi": 0.11, "top_decile_gap": 0.0, "stratum": "metropolitan", "scored": 1}, "geometry": {"type": "Polygon", "coordinates": [[[-71.1882, 42.2804], [-71.1832, 42.2759], [-71.1768, 42.2768], [-71.1733, 42.2708], [-71.1744, 42.2673], [-71.1616, 42.2575], [-71.1782, 42.2515], [-71.1841, 42.2571], [-71.1901, 42.2577], [-71.189, 42.2609], [-71.1919, 42.2591], [-71.193, 42.2614], [-71.1898, 42.2628], [-71.1914, 42.2656], [-71.1896, 42.2651], [-71.1913, 42.2682], [-71.1897, 42.2707], [-71.1967, 42.2692], [-71.1882, 42.2804]]]}}, {"type": "Feature", "properties": {"fips": "25021442101", "gap_national": -71.4, "gap_stratum": -70.5, "burden": 9.3, "capacity": 69.0, "svi": 0.08, "top_decile_gap": 0.0, "stratum": "metropolitan", "scored": 1}, "geometry": {"type": "Polygon", "coordinates": [[[-71.402, 42.0895], [-71.4046, 42.0922], [-71.4003, 42.0912], [-71.3962, 42.0951], [-71.3947, 42.1072], [-71.3798, 42.1088], [-71.3823, 42.112], [-71.3677, 42.1073], [-71.3658, 42.1031], [-71.3918, 42.086], [-71.4009, 42.0833], [-71.4036, 42.0782], [-71.4099, 42.0805], [-71.413, 42.0853], [-71.402, 42.0895]]]}}, {"type": "Feature", "properties": {"fips": "25017368102", "gap_national": -63.5, "gap_stratum": -58.6, "burden": 25.7, "capacity": 76.3, "svi": 0.35, "top_decile_gap": 0.0, "stratum": "metropolitan", "scored": 1}, "geometry": {"type": "Polygon", "coordinates": [[[-71.2719, 42.4075], [-71.2739, 42.4109], [-71.2672, 42.4244], [-71.257, 42.4211], [-71.2577, 42.4123], [-71.2498, 42.4056], [-71.2341, 42.4021], [-71.2392, 42.3898], [-71.2513, 42.3973], [-71.2664, 42.397], [-71.2752, 42.3993], [-71.2719, 42.4075]]]}}, {"type": "Feature", "properties": {"fips": "25017356400", "gap_national": -84.4, "gap_stratum": -82.1, "burden": 14.6, "capacity": 85.7, "svi": 0.23, "top_decile_gap": 0.0, "stratum": "metropolitan", "scored": 1}, "geometry": {"type": "Polygon", "coordinates": [[[-71.1737, 42.4362], [-71.1499, 42.4358], [-71.1468, 42.4253], [-71.1429, 42.4206], [-71.1491, 42.4162], [-71.152, 42.4195], [-71.1604, 42.4199], [-71.1691, 42.4241], [-71.1702, 42.429], [-71.1743, 42.4283], [-71.1755, 42.4341], [-71.1737, 42.4362]]]}}, {"type": "Feature", "properties": {"fips": "25017352600", "gap_national": -34.0, "gap_stratum": -36.0, "burden": 5.6, "capacity": 41.4, "svi": 0.44, "top_decile_gap": 0.0, "stratum": "metropolitan", "scored": 1}, "geometry": {"type": "Polygon", "coordinates": [[[-71.0933, 42.3728], [-71.0879, 42.372], [-71.0899, 42.365], [-71.0948, 42.3688], [-71.0933, 42.3728]]]}}, {"type": "Feature", "properties": {"fips": "25017353900", "gap_national": -21.0, "gap_stratum": -22.6, "burden": 2.4, "capacity": 29.0, "svi": 0.47, "top_decile_gap": 0.0, "stratum": "metropolitan", "scored": 1}, "geometry": {"type": "Polygon", "coordinates": [[[-71.1202, 42.3726], [-71.1126, 42.3698], [-71.1139, 42.3645], [-71.1169, 42.3642], [-71.1184, 42.3686], [-71.1232, 42.3689], [-71.1202, 42.3726]]]}}, {"type": "Feature", "properties": {"fips": "25017339400", "gap_national": -50.6, "gap_stratum": -51.9, "burden": 8.1, "capacity": 54.5, "svi": 0.31, "top_decile_gap": 0.0, "stratum": "metropolitan", "scored": 1}, "geometry": {"type": "Polygon", "coordinates": [[[-71.1258, 42.4189], [-71.1179, 42.4191], [-71.1231, 42.4096], [-71.1261, 42.4093], [-71.1299, 42.4133], [-71.1258, 42.4189]]]}}, {"type": "Feature", "properties": {"fips": "25017373100", "gap_national": -78.0, "gap_stratum": -77.2, "burden": 6.4, "capacity": 72.6, "svi": 0.22, "top_decile_gap": 0.0, "stratum": "metropolitan", "scored": 1}, "geometry": {"type": "Polygon", "coordinates": [[[-71.1931, 42.3611], [-71.1852, 42.3592], [-71.1676, 42.3601], [-71.1748, 42.3503], [-71.1842, 42.3531], [-71.195, 42.3515], [-71.1968, 42.3538], [-71.1931, 42.3611]]]}}, {"type": "Feature", "properties": {"fips": "25017374000", "gap_national": -83.0, "gap_stratum": -79.9, "burden": 19.6, "capacity": 92.7, "svi": 0.22, "top_decile_gap": 0.0, "stratum": "metropolitan", "scored": 1}, "geometry": {"type": "Polygon", "coordinates": [[[-71.2056, 42.3058], [-71.2091, 42.3136], [-71.2061, 42.3135], [-71.2063, 42.3159], [-71.2027, 42.3172], [-71.2041, 42.3192], [-71.1944, 42.319], [-71.1982, 42.3083], [-71.1786, 42.2946], [-71.1912, 42.283], [-71.1926, 42.2877], [-71.1967, 42.2861], [-71.2052, 42.2896], [-71.2113, 42.3023], [-71.2056, 42.3058]]]}}, {"type": "Feature", "properties": {"fips": "25017333200", "gap_national": -60.6, "gap_stratum": -55.4, "burden": 27.3, "capacity": 75.4, "svi": 0.28, "top_decile_gap": 0.0, "stratum": "metropolitan", "scored": 1}, "geometry": {"type": "Polygon", "coordinates": [[[-71.1689, 42.4871], [-71.1702, 42.489], [-71.1561, 42.4831], [-71.1505, 42.4766], [-71.1602, 42.4736], [-71.1614, 42.4703], [-71.1586, 42.4643], [-71.153, 42.4625], [-71.1569, 42.4624], [-71.1744, 42.4699], [-71.1829, 42.4821], [-71.1689, 42.4871]]]}}, {"type": "Feature", "properties": {"fips": "25017383902", "gap_national": -77.5, "gap_stratum": -73.9, "burden": 20.6, "capacity": 85.2, "svi": 0.1, "top_decile_gap": 0.0, "stratum": "metropolitan", "scored": 1}, "geometry": {"type": "Polygon", "coordinates": [[[-71.4859, 42.3112], [-71.4867, 42.3299], [-71.4585, 42.3373], [-71.4439, 42.3291], [-71.4315, 42.3296], [-71.4454, 42.3106], [-71.4461, 42.3039], [-71.4612, 42.304], [-71.4685, 42.3067], [-71.4716, 42.3039], [-71.4764, 42.3065], [-71.4853, 42.303], [-71.4899, 42.3037], [-71.4859, 42.3112]]]}}, {"type": "Feature", "properties": {"fips": "25017367100", "gap_national": -83.6, "gap_stratum": -80.8, "burden": 18.0, "capacity": 90.0, "svi": 0.2, "top_decile_gap": 0.0, "stratum": "metropolitan", "scored": 1}, "geometry": {"type": "Polygon", "coordinates": [[[-71.3346, 42.3961], [-71.3177, 42.3922], [-71.31, 42.3996], [-71.2934, 42.4022], [-71.2796, 42.3988], [-71.2762, 42.3929], [-71.2678, 42.3901], [-71.2765, 42.375], [-71.2708, 42.3695], [-71.3322, 42.3618], [-71.3346, 42.3961]]]}}, {"type": "Feature", "properties": {"fips": "25017366100", "gap_national": -81.1, "gap_stratum": -78.3, "burden": 16.6, "capacity": 84.2, "svi": 0.27, "top_decile_gap": 0.0, "stratum": "metropolitan", "scored": 1}, "geometry": {"type": "Polygon", "coordinates": [[[-71.3673, 42.3376], [-71.358, 42.3293], [-71.3493, 42.3293], [-71.3446, 42.3245], [-71.3375, 42.3251], [-71.3459, 42.3149], [-71.3599, 42.3171], [-71.3734, 42.3099], [-71.3777, 42.3147], [-71.3818, 42.3285], [-71.3888, 42.3363], [-71.3939, 42.3355], [-71.3949, 42.3387], [-71.3673, 42.3376]]]}}, {"type": "Feature", "properties": {"fips": "25017365100", "gap_national": -86.1, "gap_stratum": -84.9, "burden": 7.0, "capacity": 80.3, "svi": 0.02, "top_decile_gap": 0.0, "stratum": "metropolitan", "scored": 1}, "geometry": {"type": "Polygon", "coordinates": [[[-71.4695, 42.4026], [-71.4425, 42.4073], [-71.4304, 42.4369], [-71.3663, 42.4127], [-71.3747, 42.4071], [-71.3681, 42.4039], [-71.3701, 42.4011], [-71.3672, 42.4002], [-71.3694, 42.3979], [-71.3616, 42.3953], [-71.3644, 42.3899], [-71.3773, 42.3878], [-71.384, 42.38], [-71.3835, 42.3766], [-71.3878, 42.3753], [-71.3987, 42.3765], [-71.4421, 42.3917], [-71.4628, 42.392], [-71.4711, 42.3962], [-71.4695, 42.4026]]]}}, {"type": "Feature", "properties": {"fips": "25017368800", "gap_national": -60.5, "gap_stratum": -58.9, "burden": 15.7, "capacity": 65.5, "svi": 0.43, "top_decile_gap": 0.0, "stratum": "metropolitan", "scored": 1}, "geometry": {"type": "Polygon", "coordinates": [[[-71.2418, 42.3763], [-71.2219, 42.3779], [-71.2085, 42.3739], [-71.2172, 42.3665], [-71.2314, 42.3734], [-71.2426, 42.3719], [-71.2418, 42.3763]]]}}, {"type": "Feature", "properties": {"fips": "25017331102", "gap_national": -78.2, "gap_stratum": -75.4, "burden": 16.3, "capacity": 80.5, "svi": 0.06, "top_decile_gap": 0.0, "stratum": "metropolitan", "scored": 1}, "geometry": {"type": "Polygon", "coordinates": [[[-71.1594, 42.5619], [-71.1597, 42.5686], [-71.1546, 42.5754], [-71.148, 42.5793], [-71.1371, 42.58], [-71.1305, 42.5831], [-71.1367, 42.5535], [-71.1313, 42.5318], [-71.1492, 42.5243], [-71.1754, 42.5491], [-71.1594, 42.5619]]]}}, {"type": "Feature", "properties": {"fips": "25017321400", "gap_national": -68.2, "gap_stratum": -66.6, "burden": 13.4, "capacity": 69.3, "svi": 0.51, "top_decile_gap": 0.0, "stratum": "metropolitan", "scored": 1}, "geometry": {"type": "Polygon", "coordinates": [[[-71.61, 42.3574], [-71.6031, 42.3673], [-71.5943, 42.3682], [-71.5753, 42.3474], [-71.575, 42.3329], [-71.5703, 42.3197], [-71.5852, 42.311], [-71.6053, 42.3302], [-71.6041, 42.3368], [-71.6183, 42.3426], [-71.6247, 42.3505], [-71.61, 42.3574]]]}}, {"type": "Feature", "properties": {"fips": "25017316101", "gap_national": -67.0, "gap_stratum": -63.7, "burden": 19.5, "capacity": 73.3, "svi": 0.03, "top_decile_gap": 0.0, "stratum": "metropolitan", "scored": 1}, "geometry": {"type": "Polygon", "coordinates": [[[-71.2513, 42.5919], [-71.2111, 42.5733], [-71.2151, 42.5705], [-71.2157, 42.5626], [-71.2209, 42.5608], [-71.2203, 42.5574], [-71.2231, 42.5574], [-71.2229, 42.5487], [-71.2291, 42.5603], [-71.2358, 42.5573], [-71.239, 42.5654], [-71.2428, 42.5666], [-71.241, 42.5695], [-71.2387, 42.5671], [-71.2349, 42.5675], [-71.241, 42.5747], [-71.2551, 42.5755], [-71.2557, 42.5728], [-71.2623, 42.5758], [-71.2513, 42.5919]]]}}, {"type": "Feature", "properties": {"fips": "25017314301", "gap_national": -60.2, "gap_stratum": -55.7, "burden": 25.0, "capacity": 72.9, "svi": 0.43, "top_decile_gap": 0.0, "stratum": "metropolitan", "scored": 1}, "geometry": {"type": "Polygon", "coordinates": [[[-71.2942, 42.697], [-71.2888, 42.702], [-71.274, 42.6857], [-71.2655, 42.6848], [-71.2585, 42.6675], [-71.2553, 42.6664], [-71.2553, 42.6622], [-71.2517, 42.6603], [-71.2562, 42.6571], [-71.2752, 42.6562], [-71.2869, 42.6489], [-71.2995, 42.6664], [-71.3034, 42.6657], [-71.3134, 42.6971], [-71.2942, 42.697]]]}}, {"type": "Feature", "properties": {"fips": "25017310601", "gap_national": -49.7, "gap_stratum": -43.1, "burden": 35.5, "capacity": 74.1, "svi": 0.73, "top_decile_gap": 0.0, "stratum": "metropolitan", "scored": 1}, "geometry": {"type": "Polygon", "coordinates": [[[-71.3782, 42.6607], [-71.3689, 42.6618], [-71.3576, 42.6545], [-71.3418, 42.6577], [-71.3409, 42.6563], [-71.3484, 42.6508], [-71.3487, 42.6449], [-71.3553, 42.6457], [-71.3547, 42.639], [-71.367, 42.6374], [-71.3743, 42.6394], [-71.3771, 42.6427], [-71.3825, 42.6525], [-71.3782, 42.6607]]]}}, {"type": "Feature", "properties": {"fips": "25017314200", "gap_national": -34.9, "gap_stratum": -28.2, "burden": 40.2, "capacity": 67.1, "svi": 0.33, "top_decile_gap": 0.0, "stratum": "metropolitan", "scored": 1}, "geometry": {"type": "Polygon", "coordinates": [[[-71.3321, 42.6813], [-71.3347, 42.6854], [-71.3311, 42.6891], [-71.3303, 42.6972], [-71.3134, 42.6971], [-71.3034, 42.6657], [-71.3294, 42.6603], [-71.3324, 42.6622], [-71.3322, 42.6728], [-71.3343, 42.6761], [-71.3321, 42.6813]]]}}, {"type": "Feature", "properties": {"fips": "25011041502", "gap_national": -48.1, "gap_stratum": -86.2, "burden": 49.8, "capacity": 92.4, "svi": 0.41, "top_decile_gap": 0.0, "stratum": "rural", "scored": 1}, "geometry": {"type": "Polygon", "coordinates": [[[-72.8317, 42.6166], [-72.8237, 42.6186], [-72.8029, 42.6167], [-72.7835, 42.6213], [-72.7643, 42.6194], [-72.7541, 42.621], [-72.7496, 42.618], [-72.7454, 42.6195], [-72.747, 42.6229], [-72.744, 42.6268], [-72.7369, 42.627], [-72.7351, 42.6331], [-72.633, 42.6454], [-72.6499, 42.5769], [-72.6368, 42.578], [-72.6389, 42.57], [-72.652, 42.5686], [-72.6553, 42.5552], [-72.6754, 42.553], [-72.6787, 42.5558], [-72.6802, 42.5627], [-72.7036, 42.5644], [-72.7072, 42.5694], [-72.7068, 42.5765], [-72.7158, 42.5808], [-72.7193, 42.5855], [-72.7422, 42.5831], [-72.7454, 42.5643], [-72.7754, 42.568], [-72.8485, 42.5591], [-72.8317, 42.6166]]]}}, {"type": "Feature", "properties": {"fips": "25011040600", "gap_national": -63.9, "gap_stratum": -92.5, "burden": 35.1, "capacity": 89.8, "svi": 0.26, "top_decile_gap": 0.0, "stratum": "rural", "scored": 1}, "geometry": {"type": "Polygon", "coordinates": [[[-72.5243, 42.4765], [-72.5209, 42.5102], [-72.4395, 42.5186], [-72.4409, 42.5104], [-72.3582, 42.5013], [-72.3568, 42.5487], [-72.2714, 42.5472], [-72.2691, 42.5334], [-72.2449, 42.5134], [-72.2913, 42.4795], [-72.2833, 42.4412], [-72.2873, 42.4372], [-72.2907, 42.4373], [-72.2887, 42.4356], [-72.2921, 42.43], [-72.3025, 42.424], [-72.301, 42.4219], [-72.3067, 42.4192], [-72.3104, 42.4079], [-72.3136, 42.4066], [-72.3136, 42.3964], [-72.3158, 42.3945], [-72.31, 42.3874], [-72.3143, 42.3817], [-72.3114, 42.3722], [-72.3157, 42.3695], [-72.3105, 42.3643], [-72.313, 42.3621], [-72.312, 42.3579], [-72.3138, 42.3578], [-72.3126, 42.3508], [-72.3148, 42.3398], [-72.3178, 42.3395], [-72.325, 42.3307], [-72.3247, 42.3268], [-72.3282, 42.3252], [-72.3283, 42.3186], [-72.3323, 42.3194], [-72.3352, 42.3152], [-72.3421, 42.3143], [-72.3459, 42.31], [-72.3515, 42.31], [-72.3504, 42.3042], [-72.3519, 42.3064], [-72.356, 42.3033], [-72.3606, 42.3077], [-72.3546, 42.316], [-72.3539, 42.3242], [-72.3512, 42.3249], [-72.3536, 42.3277], [-72.3511, 42.3296], [-72.3511, 42.3349], [-72.3551, 42.3432], [-72.3594, 42.3456], [-72.3595, 42.3495], [-72.3565, 42.3506], [-72.3593, 42.3639], [-72.3565, 42.3663], [-72.3608, 42.3688], [-72.3642, 42.3788], [-72.3661, 42.3782], [-72.3667, 42.3808], [-72.3637, 42.3818], [-72.3668, 42.3854], [-72.3637, 42.387], [-72.3694, 42.4003], [-72.3666, 42.4035], [-72.3714, 42.4086], [-72.3699, 42.4107], [-72.3735, 42.4134], [-72.372, 42.416], [-72.375, 42.4208], [-72.4837, 42.4075], [-72.4899, 42.4338], [-72.531, 42.4289], [-72.5343, 42.4422], [-72.5347, 42.4585], [-72.5243, 42.4765]]]}}, {"type": "Feature", "properties": {"fips": "25013812500", "gap_national": -34.0, "gap_stratum": -26.2, "burden": 45.2, "capacity": 70.6, "svi": 0.71, "top_decile_gap": 0.0, "stratum": "metropolitan", "scored": 1}, "geometry": {"type": "Polygon", "coordinates": [[[-72.7348, 42.1397], [-72.7257, 42.1528], [-72.7261, 42.1902], [-72.6869, 42.1834], [-72.6849, 42.1629], [-72.6892, 42.1463], [-72.6867, 42.1439], [-72.6864, 42.1359], [-72.6902, 42.1287], [-72.6949, 42.1057], [-72.7012, 42.1067], [-72.7116, 42.1018], [-72.7119, 42.1091], [-72.716, 42.1112], [-72.7168, 42.1145], [-72.7251, 42.1184], [-72.7289, 42.1159], [-72.7328, 42.1165], [-72.7328, 42.1243], [-72.7456, 42.13], [-72.7348, 42.1397]]]}}, {"type": "Feature", "properties": {"fips": "25013801604", "gap_national": -51.5, "gap_stratum": -43.7, "burden": 42.7, "capacity": 84.4, "svi": 0.22, "top_decile_gap": 0.0, "stratum": "metropolitan", "scored": 1}, "geometry": {"type": "Polygon", "coordinates": [[[-72.4765, 42.1165], [-72.4711, 42.0897], [-72.491, 42.0872], [-72.4992, 42.112], [-72.4765, 42.1165]]]}}, {"type": "Feature", "properties": {"fips": "25013810601", "gap_national": -4.0, "gap_stratum": 1.9, "burden": 73.9, "capacity": 73.3, "svi": 0.63, "top_decile_gap": 0.0, "stratum": "metropolitan", "scored": 1}, "geometry": {"type": "Polygon", "coordinates": [[[-72.5778, 42.181], [-72.5677, 42.1824], [-72.5676, 42.1876], [-72.5638, 42.188], [-72.5624, 42.1849], [-72.549, 42.1908], [-72.5432, 42.1876], [-72.551, 42.179], [-72.5608, 42.1838], [-72.5732, 42.169], [-72.5525, 42.1628], [-72.5466, 42.1654], [-72.5479, 42.1584], [-72.5556, 42.1571], [-72.5623, 42.1612], [-72.5757, 42.1587], [-72.5819, 42.1598], [-72.5931, 42.1681], [-72.5778, 42.181]]]}}, {"type": "Feature", "properties": {"fips": "25013811302", "gap_national": -24.1, "gap_stratum": -15.8, "burden": 62.4, "capacity": 79.2, "svi": 0.58, "top_decile_gap": 0.0, "stratum": "metropolitan", "scored": 1}, "geometry": {"type": "Polygon", "coordinates": [[[-72.5709, 42.2052], [-72.5722, 42.2138], [-72.5243, 42.2187], [-72.518, 42.1917], [-72.523, 42.1879], [-72.5262, 42.1903], [-72.5335, 42.1896], [-72.5472, 42.1738], [-72.5507, 42.1732], [-72.5603, 42.1783], [-72.5575, 42.1812], [-72.551, 42.179], [-72.5432, 42.1876], [-72.549, 42.1908], [-72.5624, 42.1849], [-72.5638, 42.188], [-72.5774, 42.1865], [-72.5709, 42.2052]]]}}, {"type": "Feature", "properties": {"fips": "25013810200", "gap_national": -30.2, "gap_stratum": -21.4, "burden": 54.6, "capacity": 76.4, "svi": 0.28, "top_decile_gap": 0.0, "stratum": "metropolitan", "scored": 1}, "geometry": {"type": "Polygon", "coordinates": [[[-72.3609, 42.2053], [-72.3573, 42.209], [-72.3523, 42.207], [-72.3465, 42.2108], [-72.3462, 42.216], [-72.3432, 42.2186], [-72.2945, 42.2314], [-72.3172, 42.2037], [-72.3147, 42.1824], [-72.316, 42.1772], [-72.3452, 42.1707], [-72.3498, 42.1915], [-72.3602, 42.1901], [-72.3617, 42.1935], [-72.3594, 42.1943], [-72.3599, 42.1963], [-72.3635, 42.197], [-72.3647, 42.2073], [-72.3609, 42.2053]]]}}, {"type": "Feature", "properties": {"fips": "25013801902", "gap_national": 72.3, "gap_stratum": 71.4, "burden": 92.0, "capacity": 30.0, "svi": 1.0, "top_decile_gap": 1.0, "stratum": "metropolitan", "scored": 1}, "geometry": {"type": "Polygon", "coordinates": [[[-72.577, 42.1081], [-72.5657, 42.1003], [-72.5738, 42.0993], [-72.5756, 42.0971], [-72.5851, 42.1026], [-72.577, 42.1081]]]}}, {"type": "Feature", "properties": {"fips": "25025070104", "gap_national": -72.5, "gap_stratum": -70.7, "burden": 12.9, "capacity": 72.2, "svi": 0.32, "top_decile_gap": 0.0, "stratum": "metropolitan", "scored": 1}, "geometry": {"type": "Polygon", "coordinates": [[[-71.0587, 42.357], [-71.0516, 42.3588], [-71.0496, 42.3545], [-71.0548, 42.3469], [-71.0606, 42.3437], [-71.0607, 42.3463], [-71.0577, 42.3471], [-71.0594, 42.3487], [-71.058, 42.3524], [-71.0625, 42.3533], [-71.0587, 42.357]]]}}, {"type": "Feature", "properties": {"fips": "25025060603", "gap_national": -50.5, "gap_stratum": -52.9, "burden": 0.6, "capacity": 51.7, "svi": 0.01, "top_decile_gap": 0.0, "stratum": "metropolitan", "scored": 1}, "geometry": {"type": "Polygon", "coordinates": [[[-71.0456, 42.3517], [-71.0351, 42.3466], [-71.0375, 42.3432], [-71.0476, 42.349], [-71.0456, 42.3517]]]}}, {"type": "Feature", "properties": {"fips": "25025070901", "gap_national": -4.9, "gap_stratum": 0.6, "burden": 46.3, "capacity": 51.7, "svi": 0.79, "top_decile_gap": 0.0, "stratum": "metropolitan", "scored": 1}, "geometry": {"type": "Polygon", "coordinates": [[[-71.0769, 42.3365], [-71.082, 42.3384], [-71.0803, 42.3394], [-71.0769, 42.3365]]]}}, {"type": "Feature", "properties": {"fips": "25025170302", "gap_national": -32.2, "gap_stratum": -32.5, "burden": 16.0, "capacity": 46.7, "svi": 0.63, "top_decile_gap": 0.0, "stratum": "metropolitan", "scored": 1}, "geometry": {"type": "Polygon", "coordinates": [[[-71.0188, 42.4501], [-71.0097, 42.441], [-71.0123, 42.4397], [-71.0108, 42.4347], [-70.9972, 42.4311], [-71.0037, 42.4223], [-71.0089, 42.4259], [-71.0108, 42.4245], [-71.0241, 42.4316], [-71.0204, 42.4382], [-71.0258, 42.4447], [-71.0188, 42.4501]]]}}, {"type": "Feature", "properties": {"fips": "25025070103", "gap_national": -44.5, "gap_stratum": -46.9, "burden": 2.2, "capacity": 47.9, "svi": 0.73, "top_decile_gap": 0.0, "stratum": "metropolitan", "scored": 1}, "geometry": {"type": "Polygon", "coordinates": [[[-71.0612, 42.3479], [-71.0595, 42.3511], [-71.0577, 42.3471], [-71.063, 42.3469], [-71.0612, 42.3479]]]}}, {"type": "Feature", "properties": {"fips": "25025070201", "gap_national": -9.5, "gap_stratum": -7.7, "burden": 24.1, "capacity": 36.0, "svi": 0.69, "top_decile_gap": 0.0, "stratum": "metropolitan", "scored": 1}, "geometry": {"type": "Polygon", "coordinates": [[[-71.0675, 42.3525], [-71.0628, 42.3515], [-71.0644, 42.3472], [-71.0682, 42.3479], [-71.0675, 42.3525]]]}}, {"type": "Feature", "properties": {"fips": "25025061201", "gap_national": -38.7, "gap_stratum": -41.1, "burden": 2.6, "capacity": 43.8, "svi": 0.27, "top_decile_gap": 0.0, "stratum": "metropolitan", "scored": 1}, "geometry": {"type": "Polygon", "coordinates": [[[-71.0572, 42.3388], [-71.0526, 42.3286], [-71.0578, 42.3281], [-71.0628, 42.332], [-71.0572, 42.3388]]]}}, {"type": "Feature", "properties": {"fips": "25025000505", "gap_national": -58.6, "gap_stratum": -59.8, "burden": 5.1, "capacity": 58.4, "svi": 0.69, "top_decile_gap": 0.0, "stratum": "metropolitan", "scored": 1}, "geometry": {"type": "Polygon", "coordinates": [[[-71.1415, 42.343], [-71.1431, 42.3439], [-71.1417, 42.346], [-71.1378, 42.3439], [-71.1446, 42.3406], [-71.1415, 42.343]]]}}, {"type": "Feature", "properties": {"fips": "25025170504", "gap_national": -35.6, "gap_stratum": -37.2, "burden": 8.7, "capacity": 44.3, "svi": 0.42, "top_decile_gap": 0.0, "stratum": "metropolitan", "scored": 1}, "geometry": {"type": "Polygon", "coordinates": [[[-70.9935, 42.4186], [-70.9866, 42.4184], [-70.9906, 42.4071], [-70.9935, 42.4086], [-70.9936, 42.4127], [-71.0002, 42.4096], [-70.9935, 42.4186]]]}}, {"type": "Feature", "properties": {"fips": "25025081101", "gap_national": -58.9, "gap_stratum": -60.4, "burden": 3.5, "capacity": 58.1, "svi": 0.61, "top_decile_gap": 0.0, "stratum": "metropolitan", "scored": 1}, "geometry": {"type": "Polygon", "coordinates": [[[-71.1128, 42.3259], [-71.1121, 42.3319], [-71.1122, 42.3231], [-71.1147, 42.3244], [-71.1128, 42.3259]]]}}, {"type": "Feature", "properties": {"fips": "25025170102", "gap_national": -31.4, "gap_stratum": -30.9, "burden": 19.5, "capacity": 48.8, "svi": 0.53, "top_decile_gap": 0.0, "stratum": "metropolitan", "scored": 1}, "geometry": {"type": "Polygon", "coordinates": [[[-71.0317, 42.4174], [-71.0112, 42.4118], [-71.0135, 42.4082], [-71.0332, 42.4142], [-71.0317, 42.4174]]]}}, {"type": "Feature", "properties": {"fips": "25025070301", "gap_national": -71.0, "gap_stratum": -71.2, "burden": 4.2, "capacity": 66.4, "svi": 0.17, "top_decile_gap": 0.0, "stratum": "metropolitan", "scored": 1}, "geometry": {"type": "Polygon", "coordinates": [[[-71.0727, 42.3479], [-71.0682, 42.3479], [-71.0719, 42.3438], [-71.0753, 42.3459], [-71.0727, 42.3479]]]}}, {"type": "Feature", "properties": {"fips": "25025981900", "gap_national": null, "gap_stratum": null, "burden": null, "capacity": null, "svi": null, "top_decile_gap": null, "stratum": null, "scored": 0}, "geometry": {"type": "Polygon", "coordinates": [[[-71.177, 42.2804], [-71.1724, 42.2769], [-71.1829, 42.2759], [-71.1853, 42.2795], [-71.177, 42.2804]]]}}, {"type": "Feature", "properties": {"fips": "25025081302", "gap_national": 52.0, "gap_stratum": 51.6, "burden": 86.8, "capacity": 43.3, "svi": 0.97, "top_decile_gap": 0.0, "stratum": "metropolitan", "scored": 1}, "geometry": {"type": "Polygon", "coordinates": [[[-71.0965, 42.3262], [-71.0931, 42.3208], [-71.0971, 42.317], [-71.0936, 42.3155], [-71.0951, 42.3133], [-71.0983, 42.3158], [-71.0986, 42.3242], [-71.0965, 42.3262]]]}}, {"type": "Feature", "properties": {"fips": "25025070502", "gap_national": 14.6, "gap_stratum": 20.1, "burden": 60.5, "capacity": 49.7, "svi": 0.89, "top_decile_gap": 0.0, "stratum": "metropolitan", "scored": 1}, "geometry": {"type": "Polygon", "coordinates": [[[-71.0716, 42.344], [-71.0699, 42.3426], [-71.075, 42.3379], [-71.0766, 42.3413], [-71.0716, 42.344]]]}}, {"type": "Feature", "properties": {"fips": "25025110104", "gap_national": 2.3, "gap_stratum": 6.2, "burden": 34.4, "capacity": 36.1, "svi": 0.93, "top_decile_gap": 0.0, "stratum": "metropolitan", "scored": 1}, "geometry": {"type": "Polygon", "coordinates": [[[-71.1222, 42.2946], [-71.1154, 42.2989], [-71.1193, 42.2905], [-71.1225, 42.2917], [-71.126, 42.2885], [-71.1222, 42.2946]]]}}, {"type": "Feature", "properties": {"fips": "25009217201", "gap_national": -72.2, "gap_stratum": -68.1, "burden": 22.4, "capacity": 81.4, "svi": 0.14, "top_decile_gap": 0.0, "stratum": "metropolitan", "scored": 1}, "geometry": {"type": "Polygon", "coordinates": [[[-70.9084, 42.5715], [-70.8952, 42.5743], [-70.8932, 42.572], [-70.8934, 42.5633], [-70.8894, 42.5601], [-70.8926, 42.5587], [-70.8915, 42.5563], [-70.8978, 42.5541], [-70.8958, 42.5506], [-70.9023, 42.5521], [-70.9086, 42.5575], [-70.9084, 42.5715]]]}}, {"type": "Feature", "properties": {"fips": "25027742402", "gap_national": -75.2, "gap_stratum": -75.1, "burden": 3.1, "capacity": 68.9, "svi": 0.45, "top_decile_gap": 0.0, "stratum": "metropolitan", "scored": 1}, "geometry": {"type": "Polygon", "coordinates": [[[-71.6706, 42.2611], [-71.6591, 42.2668], [-71.6701, 42.2788], [-71.6428, 42.2881], [-71.6373, 42.2945], [-71.6261, 42.2757], [-71.6322, 42.2741], [-71.6326, 42.2697], [-71.6366, 42.2646], [-71.6289, 42.2598], [-71.6323, 42.256], [-71.6513, 42.2506], [-71.6494, 42.2479], [-71.6709, 42.2447], [-71.6764, 42.2542], [-71.6706, 42.2611]]]}}, {"type": "Feature", "properties": {"fips": "25017369000", "gap_national": -13.8, "gap_stratum": -14.8, "burden": 4.7, "capacity": 22.9, "svi": 0.08, "top_decile_gap": 0.0, "stratum": "metropolitan", "scored": 1}, "geometry": {"type": "Polygon", "coordinates": [[[-71.2161, 42.3989], [-71.2126, 42.3994], [-71.217, 42.4046], [-71.2159, 42.4076], [-71.2026, 42.4037], [-71.2006, 42.3995], [-71.2072, 42.3956], [-71.2025, 42.3918], [-71.2052, 42.3865], [-71.2098, 42.3838], [-71.2183, 42.385], [-71.2201, 42.3818], [-71.2225, 42.3836], [-71.2253, 42.3825], [-71.2276, 42.3855], [-71.2161, 42.3989]]]}}, {"type": "Feature", "properties": {"fips": "25013802101", "gap_national": 31.2, "gap_stratum": 34.3, "burden": 73.9, "capacity": 49.0, "svi": 0.86, "top_decile_gap": 0.0, "stratum": "metropolitan", "scored": 1}, "geometry": {"type": "Polygon", "coordinates": [[[-72.5827, 42.0816], [-72.58, 42.082], [-72.5813, 42.0875], [-72.5741, 42.0892], [-72.5578, 42.0863], [-72.5509, 42.073], [-72.5555, 42.0667], [-72.5888, 42.0732], [-72.5827, 42.0816]]]}}, {"type": "Feature", "properties": {"fips": "25025981800", "gap_national": null, "gap_stratum": null, "burden": null, "capacity": null, "svi": null, "top_decile_gap": null, "stratum": null, "scored": 0}, "geometry": {"type": "Polygon", "coordinates": [[[-71.1165, 42.3239], [-71.1106, 42.3404], [-71.1043, 42.3442], [-71.0984, 42.3408], [-71.0909, 42.3465], [-71.0921, 42.3414], [-71.0969, 42.339], [-71.1047, 42.3434], [-71.11, 42.3403], [-71.1128, 42.3259], [-71.1167, 42.3226], [-71.117, 42.3156], [-71.1219, 42.3129], [-71.1258, 42.3187], [-71.1165, 42.3239]]]}}, {"type": "Feature", "properties": {"fips": "25023530902", "gap_national": -66.8, "gap_stratum": -61.2, "burden": 30.2, "capacity": 85.5, "svi": 0.16, "top_decile_gap": 0.0, "stratum": "metropolitan", "scored": 1}, "geometry": {"type": "Polygon", "coordinates": [[[-70.6185, 41.8443], [-70.5936, 41.8498], [-70.5895, 41.8588], [-70.5858, 41.859], [-70.575, 41.8667], [-70.5634, 41.8648], [-70.5631, 41.8603], [-70.5477, 41.8511], [-70.5404, 41.8428], [-70.5403, 41.8396], [-70.5331, 41.8397], [-70.5363, 41.8347], [-70.5421, 41.8313], [-70.5432, 41.8244], [-70.5373, 41.8109], [-70.5459, 41.8035], [-70.5527, 41.8213], [-70.5611, 41.8296], [-70.5822, 41.8345], [-70.5823, 41.8308], [-70.5864, 41.8301], [-70.5894, 41.8257], [-70.5898, 41.8286], [-70.6167, 41.8347], [-70.6202, 41.8411], [-70.6185, 41.8443]]]}}, {"type": "Feature", "properties": {"fips": "25019950100", "gap_national": -73.5, "gap_stratum": -93.4, "burden": 28.8, "capacity": 95.3, "svi": 0.25, "top_decile_gap": 0.0, "stratum": "micropolitan", "scored": 1}, "geometry": {"type": "Polygon", "coordinates": [[[-70.1297, 41.2829], [-70.1196, 41.2823], [-70.1229, 41.294], [-70.1044, 41.2973], [-70.0947, 41.2977], [-70.0825, 41.2862], [-70.0868, 41.2773], [-70.0913, 41.2738], [-70.0941, 41.2759], [-70.0993, 41.2742], [-70.1152, 41.2768], [-70.1191, 41.2746], [-70.129, 41.2772], [-70.1297, 41.2829]]]}}, {"type": "Feature", "properties": {"fips": "25023501204", "gap_national": -58.6, "gap_stratum": -51.2, "burden": 42.4, "capacity": 99.3, "svi": 0.22, "top_decile_gap": 0.0, "stratum": "metropolitan", "scored": 1}, "geometry": {"type": "Polygon", "coordinates": [[[-70.9163, 42.215], [-70.8998, 42.202], [-70.8999, 42.1952], [-70.8959, 42.1922], [-70.8889, 42.1932], [-70.8901, 42.1968], [-70.8845, 42.1995], [-70.8823, 42.1935], [-70.8663, 42.1916], [-70.8614, 42.1864], [-70.8935, 42.1698], [-70.9249, 42.1576], [-70.9163, 42.215]]]}}, {"type": "Feature", "properties": {"fips": "25015821101", "gap_national": -68.9, "gap_stratum": -64.0, "burden": 25.6, "capacity": 81.7, "svi": 0.18, "top_decile_gap": 0.0, "stratum": "metropolitan", "scored": 1}, "geometry": {"type": "Polygon", "coordinates": [[[-72.605, 42.2248], [-72.6032, 42.2374], [-72.5909, 42.2389], [-72.5804, 42.2449], [-72.5834, 42.2356], [-72.5712, 42.2252], [-72.5722, 42.2138], [-72.5934, 42.2116], [-72.6038, 42.2139], [-72.6107, 42.2194], [-72.6116, 42.2228], [-72.6098, 42.2241], [-72.6133, 42.2312], [-72.605, 42.2248]]]}}, {"type": "Feature", "properties": {"fips": "25023542301", "gap_national": -32.4, "gap_stratum": -26.5, "burden": 37.7, "capacity": 63.4, "svi": 0.55, "top_decile_gap": 0.0, "stratum": "metropolitan", "scored": 1}, "geometry": {"type": "Polygon", "coordinates": [[[-70.9149, 41.9076], [-70.903, 41.9036], [-70.8985, 41.9009], [-70.8998, 41.8981], [-70.8976, 41.8962], [-70.9026, 41.8931], [-70.9024, 41.8905], [-70.9163, 41.893], [-70.9196, 41.8943], [-70.9245, 41.9067], [-70.9149, 41.9076]]]}}, {"type": "Feature", "properties": {"fips": "25023523203", "gap_national": -65.9, "gap_stratum": -61.2, "burden": 24.6, "capacity": 77.4, "svi": 0.2, "top_decile_gap": 0.0, "stratum": "metropolitan", "scored": 1}, "geometry": {"type": "Polygon", "coordinates": [[[-70.9312, 42.0369], [-70.9328, 42.0407], [-70.9259, 42.0477], [-70.9277, 42.0633], [-70.9232, 42.0639], [-70.9067, 42.0555], [-70.8997, 42.0253], [-70.8966, 42.0233], [-70.8992, 41.9964], [-70.9135, 41.9976], [-70.9186, 42.0059], [-70.9333, 42.0137], [-70.9312, 42.0369]]]}}, {"type": "Feature", "properties": {"fips": "25015820206", "gap_national": -57.8, "gap_stratum": -50.5, "burden": 40.3, "capacity": 89.7, "svi": 0.18, "top_decile_gap": 0.0, "stratum": "metropolitan", "scored": 1}, "geometry": {"type": "Polygon", "coordinates": [[[-72.4367, 42.266], [-72.4309, 42.2688], [-72.4166, 42.2686], [-72.395, 42.2816], [-72.3873, 42.2746], [-72.386, 42.268], [-72.3786, 42.2652], [-72.3826, 42.2582], [-72.3892, 42.2535], [-72.3865, 42.2455], [-72.388, 42.2412], [-72.3944, 42.2322], [-72.4009, 42.2325], [-72.4029, 42.2263], [-72.4039, 42.2318], [-72.4471, 42.2273], [-72.455, 42.2646], [-72.4367, 42.266]]]}}, {"type": "Feature", "properties": {"fips": "25021407102", "gap_national": -73.2, "gap_stratum": -69.1, "burden": 22.5, "capacity": 82.5, "svi": 0.19, "top_decile_gap": 0.0, "stratum": "metropolitan", "scored": 1}, "geometry": {"type": "Polygon", "coordinates": [[[-71.3664, 42.1639], [-71.3584, 42.1487], [-71.352, 42.1564], [-71.3571, 42.1675], [-71.3392, 42.1756], [-71.3346, 42.1819], [-71.3429, 42.1794], [-71.3343, 42.1885], [-71.3182, 42.178], [-71.319, 42.1738], [-71.3279, 42.1727], [-71.3333, 42.1695], [-71.3311, 42.1617], [-71.3341, 42.1539], [-71.3487, 42.1406], [-71.3634, 42.1322], [-71.3756, 42.1355], [-71.389, 42.1573], [-71.3664, 42.1639]]]}}, {"type": "Feature", "properties": {"fips": "25021401201", "gap_national": -89.1, "gap_stratum": -87.8, "burden": 9.1, "capacity": 85.4, "svi": 0.33, "top_decile_gap": 0.0, "stratum": "metropolitan", "scored": 1}, "geometry": {"type": "Polygon", "coordinates": [[[-71.1717, 42.3195], [-71.1629, 42.3106], [-71.1554, 42.3074], [-71.1467, 42.3072], [-71.1471, 42.3056], [-71.1401, 42.3021], [-71.1522, 42.2947], [-71.1788, 42.3144], [-71.1717, 42.3195]]]}}, {"type": "Feature", "properties": {"fips": "25005612201", "gap_national": -41.5, "gap_stratum": -33.1, "burden": 46.3, "capacity": 78.0, "svi": 0.39, "top_decile_gap": 0.0, "stratum": "metropolitan", "scored": 1}, "geometry": {"type": "Polygon", "coordinates": [[[-71.0638, 41.9335], [-71.0529, 41.9397], [-71.0457, 41.9472], [-71.0426, 41.9595], [-71.021, 41.9464], [-71.0324, 41.9229], [-71.0544, 41.9214], [-71.0572, 41.9153], [-71.0626, 41.9137], [-71.0638, 41.9335]]]}}, {"type": "Feature", "properties": {"fips": "25005631101", "gap_national": -30.3, "gap_stratum": -21.8, "burden": 59.7, "capacity": 82.7, "svi": 0.6, "top_decile_gap": 0.0, "stratum": "metropolitan", "scored": 1}, "geometry": {"type": "Polygon", "coordinates": [[[-71.3691, 41.8987], [-71.3524, 41.9314], [-71.3502, 41.924], [-71.3525, 41.9187], [-71.3523, 41.9092], [-71.3441, 41.9043], [-71.3398, 41.8983], [-71.3764, 41.894], [-71.3691, 41.8987]]]}}, {"type": "Feature", "properties": {"fips": "25005630302", "gap_national": -73.7, "gap_stratum": -70.5, "burden": 17.9, "capacity": 77.6, "svi": 0.18, "top_decile_gap": 0.0, "stratum": "metropolitan", "scored": 1}, "geometry": {"type": "Polygon", "coordinates": [[[-71.3391, 41.9844], [-71.3324, 41.983], [-71.3391, 41.9663], [-71.3448, 41.9664], [-71.3523, 41.9806], [-71.3391, 41.9844]]]}}, {"type": "Feature", "properties": {"fips": "25021443103", "gap_national": -51.4, "gap_stratum": -46.5, "burden": 28.7, "capacity": 69.3, "svi": 0.09, "top_decile_gap": 0.0, "stratum": "metropolitan", "scored": 1}, "geometry": {"type": "Polygon", "coordinates": [[[-71.4879, 42.0367], [-71.4549, 42.059], [-71.4581, 42.0178], [-71.4983, 42.0172], [-71.4983, 42.0344], [-71.4879, 42.0367]]]}}, {"type": "Feature", "properties": {"fips": "25021422303", "gap_national": -51.0, "gap_stratum": -47.3, "burden": 24.8, "capacity": 65.9, "svi": 0.49, "top_decile_gap": 0.0, "stratum": "metropolitan", "scored": 1}, "geometry": {"type": "Polygon", "coordinates": [[[-70.9456, 42.2014], [-70.9195, 42.1937], [-70.9212, 42.1823], [-70.9332, 42.1874], [-70.9394, 42.1869], [-70.9412, 42.183], [-70.9506, 42.1858], [-70.9524, 42.1876], [-70.9501, 42.1928], [-70.9557, 42.1945], [-70.9558, 42.1995], [-70.9456, 42.2014]]]}}, {"type": "Feature", "properties": {"fips": "25021407101", "gap_national": -75.9, "gap_stratum": -72.2, "burden": 20.6, "capacity": 83.2, "svi": 0.13, "top_decile_gap": 0.0, "stratum": "metropolitan", "scored": 1}, "geometry": {"type": "Polygon", "coordinates": [[[-71.3442, 42.2007], [-71.3451, 42.1992], [-71.3384, 42.1954], [-71.3405, 42.1951], [-71.3395, 42.1908], [-71.3365, 42.1914], [-71.3341, 42.1888], [-71.3429, 42.1794], [-71.3346, 42.1819], [-71.3392, 42.1756], [-71.3571, 42.1675], [-71.352, 42.1564], [-71.3584, 42.1487], [-71.3664, 42.1639], [-71.389, 42.1573], [-71.4023, 42.1788], [-71.4044, 42.1884], [-71.3442, 42.2007]]]}}, {"type": "Feature", "properties": {"fips": "25021408104", "gap_national": -80.5, "gap_stratum": -77.5, "burden": 17.9, "capacity": 85.1, "svi": 0.11, "top_decile_gap": 0.0, "stratum": "metropolitan", "scored": 1}, "geometry": {"type": "Polygon", "coordinates": [[[-71.4302, 42.1794], [-71.4023, 42.1788], [-71.3854, 42.1514], [-71.3927, 42.1429], [-71.401, 42.1421], [-71.4077, 42.1476], [-71.4085, 42.1521], [-71.4193, 42.1493], [-71.4204, 42.157], [-71.4256, 42.1516], [-71.4435, 42.1589], [-71.4441, 42.1749], [-71.4302, 42.1794]]]}}, {"type": "Feature", "properties": {"fips": "25021418201", "gap_national": -35.4, "gap_stratum": -29.9, "burden": 35.6, "capacity": 63.8, "svi": 0.67, "top_decile_gap": 0.0, "stratum": "metropolitan", "scored": 1}, "geometry": {"type": "Polygon", "coordinates": [[[-71.0389, 42.2546], [-71.03, 42.2505], [-71.0218, 42.243], [-71.0244, 42.2402], [-71.0228, 42.2333], [-71.0182, 42.2284], [-71.0342, 42.2267], [-71.0521, 42.229], [-71.0611, 42.2424], [-71.0389, 42.2546]]]}}, {"type": "Feature", "properties": {"fips": "25021422202", "gap_national": -57.4, "gap_stratum": -50.9, "burden": 33.4, "capacity": 78.9, "svi": 0.53, "top_decile_gap": 0.0, "stratum": "metropolitan", "scored": 1}, "geometry": {"type": "Polygon", "coordinates": [[[-70.9553, 42.1797], [-70.9394, 42.1771], [-70.9214, 42.181], [-70.9249, 42.1576], [-70.9285, 42.1562], [-70.9402, 42.1677], [-70.9494, 42.1642], [-70.9544, 42.1649], [-70.9552, 42.1627], [-70.9553, 42.1797]]]}}, {"type": "Feature", "properties": {"fips": "25021422304", "gap_national": -53.7, "gap_stratum": -46.3, "burden": 38.5, "capacity": 81.5, "svi": 0.04, "top_decile_gap": 0.0, "stratum": "metropolitan", "scored": 1}, "geometry": {"type": "Polygon", "coordinates": [[[-70.9501, 42.1928], [-70.9524, 42.1876], [-70.9506, 42.1858], [-70.9412, 42.183], [-70.9394, 42.1869], [-70.9332, 42.1874], [-70.9214, 42.181], [-70.9394, 42.1771], [-70.9553, 42.1797], [-70.9557, 42.1945], [-70.9501, 42.1928]]]}}, {"type": "Feature", "properties": {"fips": "25017385102", "gap_national": -69.4, "gap_stratum": -66.3, "burden": 18.3, "capacity": 74.2, "svi": 0.14, "top_decile_gap": 0.0, "stratum": "metropolitan", "scored": 1}, "geometry": {"type": "Polygon", "coordinates": [[[-71.497, 42.2898], [-71.4609, 42.2791], [-71.4446, 42.2706], [-71.4509, 42.2621], [-71.4645, 42.26], [-71.4671, 42.2557], [-71.4677, 42.2603], [-71.506, 42.2655], [-71.5059, 42.2729], [-71.497, 42.2898]]]}}, {"type": "Feature", "properties": {"fips": "25017354602", "gap_national": -77.6, "gap_stratum": -76.2, "burden": 9.4, "capacity": 73.9, "svi": 0.3, "top_decile_gap": 0.0, "stratum": "metropolitan", "scored": 1}, "geometry": {"type": "Polygon", "coordinates": [[[-71.1354, 42.3911], [-71.129, 42.3901], [-71.1269, 42.3864], [-71.131, 42.3824], [-71.1412, 42.3884], [-71.1354, 42.3911]]]}}, {"type": "Feature", "properties": {"fips": "25017325101", "gap_national": -67.6, "gap_stratum": -65.5, "burden": 15.2, "capacity": 70.2, "svi": 0.09, "top_decile_gap": 0.0, "stratum": "metropolitan", "scored": 1}, "geometry": {"type": "Polygon", "coordinates": [[[-71.5645, 42.5574], [-71.5776, 42.5576], [-71.5726, 42.5671], [-71.5731, 42.5706], [-71.5632, 42.5773], [-71.5115, 42.5694], [-71.5209, 42.5643], [-71.5232, 42.5598], [-71.533, 42.5527], [-71.5423, 42.5503], [-71.5388, 42.543], [-71.5779, 42.55], [-71.5645, 42.5574]]]}}, {"type": "Feature", "properties": {"fips": "25017351001", "gap_national": -42.3, "gap_stratum": -44.8, "burden": 1.3, "capacity": 46.1, "svi": 0.04, "top_decile_gap": 0.0, "stratum": "metropolitan", "scored": 1}, "geometry": {"type": "Polygon", "coordinates": [[[-71.1157, 42.3918], [-71.109, 42.3875], [-71.1127, 42.3834], [-71.1182, 42.388], [-71.1157, 42.3918]]]}}, {"type": "Feature", "properties": {"fips": "25017384003", "gap_national": -68.0, "gap_stratum": -67.7, "burden": 7.6, "capacity": 65.8, "svi": 0.38, "top_decile_gap": 0.0, "stratum": "metropolitan", "scored": 1}, "geometry": {"type": "Polygon", "coordinates": [[[-71.4899, 42.3037], [-71.4853, 42.303], [-71.4764, 42.3065], [-71.4723, 42.3056], [-71.47, 42.2995], [-71.4609, 42.2945], [-71.4497, 42.298], [-71.4474, 42.2954], [-71.449, 42.2937], [-71.444, 42.2924], [-71.4505, 42.2868], [-71.4431, 42.2815], [-71.4442, 42.2726], [-71.4457, 42.2711], [-71.4609, 42.2791], [-71.497, 42.2898], [-71.4899, 42.3037]]]}}, {"type": "Feature", "properties": {"fips": "25017350202", "gap_national": -46.9, "gap_stratum": -48.8, "burden": 5.8, "capacity": 51.0, "svi": 0.3, "top_decile_gap": 0.0, "stratum": "metropolitan", "scored": 1}, "geometry": {"type": "Polygon", "coordinates": [[[-71.0931, 42.3924], [-71.0969, 42.3895], [-71.0954, 42.3874], [-71.104, 42.3924], [-71.1018, 42.3967], [-71.0931, 42.3924]]]}}, {"type": "Feature", "properties": {"fips": "25017363106", "gap_national": -82.3, "gap_stratum": -80.0, "burden": 13.8, "capacity": 82.2, "svi": 0.5, "top_decile_gap": 0.0, "stratum": "metropolitan", "scored": 1}, "geometry": {"type": "Polygon", "coordinates": [[[-71.4285, 42.5288], [-71.4238, 42.5262], [-71.3995, 42.534], [-71.3979, 42.5263], [-71.4195, 42.5019], [-71.421, 42.5096], [-71.4347, 42.5225], [-71.4285, 42.5288]]]}}, {"type": "Feature", "properties": {"fips": "25017341904", "gap_national": 2.9, "gap_stratum": 9.0, "burden": 63.3, "capacity": 59.7, "svi": 0.84, "top_decile_gap": 0.0, "stratum": "metropolitan", "scored": 1}, "geometry": {"type": "Polygon", "coordinates": [[[-71.0369, 42.4369], [-71.0342, 42.4344], [-71.0247, 42.4378], [-71.0213, 42.4365], [-71.0272, 42.4321], [-71.0397, 42.4316], [-71.0369, 42.4369]]]}}, {"type": "Feature", "properties": {"fips": "25017350702", "gap_national": -13.0, "gap_stratum": -6.4, "burden": 49.1, "capacity": 59.2, "svi": 0.78, "top_decile_gap": 0.0, "stratum": "metropolitan", "scored": 1}, "geometry": {"type": "Polygon", "coordinates": [[[-71.1316, 42.4166], [-71.1267, 42.4182], [-71.1299, 42.4133], [-71.127, 42.4123], [-71.1309, 42.4056], [-71.1336, 42.4035], [-71.1316, 42.4166]]]}}, {"type": "Feature", "properties": {"fips": "25017370401", "gap_national": -58.9, "gap_stratum": -59.8, "burden": 6.7, "capacity": 59.3, "svi": 0.48, "top_decile_gap": 0.0, "stratum": "metropolitan", "scored": 1}, "geometry": {"type": "Polygon", "coordinates": [[[-71.1717, 42.3699], [-71.165, 42.3706], [-71.167, 42.3639], [-71.1834, 42.3658], [-71.1717, 42.3699]]]}}, {"type": "Feature", "properties": {"fips": "25017339804", "gap_national": -52.4, "gap_stratum": -52.9, "burden": 11.4, "capacity": 57.4, "svi": 0.05, "top_decile_gap": 0.0, "stratum": "metropolitan", "scored": 1}, "geometry": {"type": "Polygon", "coordinates": [[[-71.0843, 42.4166], [-71.0795, 42.415], [-71.0768, 42.4132], [-71.077, 42.4075], [-71.0804, 42.4081], [-71.0815, 42.4051], [-71.0848, 42.4124], [-71.0843, 42.4166]]]}}, {"type": "Feature", "properties": {"fips": "25017342502", "gap_national": 26.1, "gap_stratum": 32.4, "burden": 49.3, "capacity": 30.2, "svi": 0.77, "top_decile_gap": 0.0, "stratum": "metropolitan", "scored": 1}, "geometry": {"type": "Polygon", "coordinates": [[[-71.0482, 42.4151], [-71.0457, 42.4124], [-71.0465, 42.4078], [-71.052, 42.4108], [-71.0482, 42.4151]]]}}, {"type": "Feature", "properties": {"fips": "25017323102", "gap_national": -82.8, "gap_stratum": -80.2, "burden": 16.3, "capacity": 86.0, "svi": 0.0, "top_decile_gap": 0.0, "stratum": "metropolitan", "scored": 1}, "geometry": {"type": "Polygon", "coordinates": [[[-71.5434, 42.4665], [-71.4985, 42.4638], [-71.4643, 42.4503], [-71.4784, 42.4371], [-71.4748, 42.4233], [-71.4807, 42.4267], [-71.4845, 42.4326], [-71.4827, 42.4404], [-71.4769, 42.4444], [-71.4827, 42.4483], [-71.5007, 42.4421], [-71.5111, 42.4473], [-71.5119, 42.4369], [-71.5292, 42.4346], [-71.539, 42.4216], [-71.541, 42.4153], [-71.5508, 42.4127], [-71.5511, 42.4092], [-71.5591, 42.4119], [-71.5434, 42.4665]]]}}, {"type": "Feature", "properties": {"fips": "25017320106", "gap_national": -79.1, "gap_stratum": -76.9, "burden": 13.0, "capacity": 78.0, "svi": 0.12, "top_decile_gap": 0.0, "stratum": "metropolitan", "scored": 1}, "geometry": {"type": "Polygon", "coordinates": [[[-71.5296, 42.2252], [-71.5089, 42.2349], [-71.5038, 42.2326], [-71.5017, 42.2288], [-71.5041, 42.2268], [-71.4947, 42.2185], [-71.4967, 42.2154], [-71.4957, 42.21], [-71.4796, 42.2056], [-71.5069, 42.1889], [-71.5359, 42.1896], [-71.55, 42.221], [-71.5511, 42.23], [-71.5296, 42.2252]]]}}, {"type": "Feature", "properties": {"fips": "25017333601", "gap_national": -44.5, "gap_stratum": -46.1, "burden": 8.1, "capacity": 50.4, "svi": 0.14, "top_decile_gap": 0.0, "stratum": "metropolitan", "scored": 1}, "geometry": {"type": "Polygon", "coordinates": [[[-71.1472, 42.512], [-71.1454, 42.5168], [-71.1492, 42.5243], [-71.1355, 42.53], [-71.1198, 42.5003], [-71.1352, 42.4879], [-71.1366, 42.4931], [-71.1435, 42.4964], [-71.1411, 42.5032], [-71.1519, 42.5079], [-71.1472, 42.512]]]}}, {"type": "Feature", "properties": {"fips": "25017363105", "gap_national": -62.8, "gap_stratum": -56.7, "burden": 31.3, "capacity": 82.2, "svi": 0.68, "top_decile_gap": 0.0, "stratum": "metropolitan", "scored": 1}, "geometry": {"type": "Polygon", "coordinates": [[[-71.3979, 42.5263], [-71.3916, 42.5068], [-71.385, 42.5045], [-71.4081, 42.47], [-71.4176, 42.4859], [-71.4189, 42.5029], [-71.3979, 42.5263]]]}}, {"type": "Feature", "properties": {"fips": "25017320105", "gap_national": -83.7, "gap_stratum": -82.5, "burden": 7.6, "capacity": 78.2, "svi": 0.14, "top_decile_gap": 0.0, "stratum": "metropolitan", "scored": 1}, "geometry": {"type": "Polygon", "coordinates": [[[-71.5566, 42.2681], [-71.5396, 42.2628], [-71.5323, 42.2661], [-71.5222, 42.2665], [-71.5228, 42.2552], [-71.5132, 42.2531], [-71.5188, 42.2522], [-71.5183, 42.2487], [-71.5216, 42.246], [-71.5167, 42.2452], [-71.5172, 42.2396], [-71.5133, 42.2331], [-71.5309, 42.225], [-71.5511, 42.23], [-71.5646, 42.2669], [-71.5566, 42.2681]]]}}, {"type": "Feature", "properties": {"fips": "25023530904", "gap_national": -69.8, "gap_stratum": -66.4, "burden": 18.9, "capacity": 75.1, "svi": 0.04, "top_decile_gap": 0.0, "stratum": "metropolitan", "scored": 1}, "geometry": {"type": "Polygon", "coordinates": [[[-70.6301, 41.7745], [-70.6307, 41.7866], [-70.6274, 41.7873], [-70.6119, 41.8092], [-70.608, 41.8042], [-70.5973, 41.809], [-70.5988, 41.7963], [-70.5887, 41.8013], [-70.5827, 41.8073], [-70.5748, 41.8079], [-70.5636, 41.8144], [-70.5553, 41.8106], [-70.5521, 41.8178], [-70.551, 41.8162], [-70.5459, 41.8035], [-70.5654, 41.7867], [-70.6326, 41.7629], [-70.6363, 41.769], [-70.6301, 41.7745]]]}}, {"type": "Feature", "properties": {"fips": "25023530903", "gap_national": -56.3, "gap_stratum": -50.7, "burden": 29.8, "capacity": 74.1, "svi": 0.26, "top_decile_gap": 0.0, "stratum": "metropolitan", "scored": 1}, "geometry": {"type": "Polygon", "coordinates": [[[-70.63, 41.8216], [-70.6189, 41.8303], [-70.6167, 41.8347], [-70.5898, 41.8286], [-70.5894, 41.8257], [-70.5864, 41.8301], [-70.5823, 41.8308], [-70.5822, 41.8345], [-70.5788, 41.8349], [-70.5763, 41.8325], [-70.5611, 41.8296], [-70.5527, 41.8213], [-70.5522, 41.8167], [-70.5553, 41.8106], [-70.5636, 41.8144], [-70.5693, 41.8127], [-70.5748, 41.8079], [-70.5827, 41.8073], [-70.5887, 41.8013], [-70.5988, 41.7963], [-70.5973, 41.809], [-70.608, 41.8042], [-70.6119, 41.8092], [-70.6178, 41.8026], [-70.6166, 41.8054], [-70.6328, 41.8063], [-70.63, 41.8216]]]}}, {"type": "Feature", "properties": {"fips": "25023510505", "gap_national": 12.2, "gap_stratum": 16.3, "burden": 76.6, "capacity": 63.6, "svi": 0.85, "top_decile_gap": 0.0, "stratum": "metropolitan", "scored": 1}, "geometry": {"type": "Polygon", "coordinates": [[[-71.0578, 42.1046], [-71.0411, 42.1112], [-71.0352, 42.106], [-71.0373, 42.101], [-71.0391, 42.1011], [-71.0373, 42.0901], [-71.0468, 42.0887], [-71.0592, 42.094], [-71.0578, 42.1046]]]}}, {"type": "Feature", "properties": {"fips": "25023523204", "gap_national": -55.2, "gap_stratum": -47.7, "burden": 40.7, "capacity": 86.4, "svi": 0.21, "top_decile_gap": 0.0, "stratum": "metropolitan", "scored": 1}, "geometry": {"type": "Polygon", "coordinates": [[[-70.951, 42.0609], [-70.929, 42.0662], [-70.9129, 42.065], [-70.9082, 42.0617], [-70.9067, 42.0555], [-70.9212, 42.0633], [-70.9277, 42.0633], [-70.9259, 42.0477], [-70.9328, 42.0407], [-70.9312, 42.0369], [-70.9333, 42.0137], [-70.9511, 42.0225], [-70.9539, 42.0292], [-70.9514, 42.0308], [-70.958, 42.0363], [-70.951, 42.0609]]]}}, {"type": "Feature", "properties": {"fips": "25023506104", "gap_national": -81.3, "gap_stratum": -78.3, "burden": 18.5, "capacity": 87.1, "svi": 0.01, "top_decile_gap": 0.0, "stratum": "metropolitan", "scored": 1}, "geometry": {"type": "Polygon", "coordinates": [[[-70.7424, 42.1611], [-70.7363, 42.1624], [-70.733, 42.1607], [-70.7293, 42.1651], [-70.7197, 42.1649], [-70.7133, 42.1612], [-70.7104, 42.1539], [-70.7022, 42.1511], [-70.7013, 42.1453], [-70.6932, 42.1377], [-70.696, 42.1264], [-70.7022, 42.1215], [-70.713, 42.1189], [-70.7164, 42.1115], [-70.7278, 42.1088], [-70.7393, 42.1189], [-70.7371, 42.1249], [-70.7419, 42.1396], [-70.7424, 42.1611]]]}}, {"type": "Feature", "properties": {"fips": "25017339101", "gap_national": -47.4, "gap_stratum": -39.2, "burden": 48.0, "capacity": 87.5, "svi": 0.68, "top_decile_gap": 0.0, "stratum": "metropolitan", "scored": 1}, "geometry": {"type": "Polygon", "coordinates": [[[-71.1037, 42.4226], [-71.104, 42.4137], [-71.1179, 42.4191], [-71.1183, 42.4248], [-71.1037, 42.4226]]]}}, {"type": "Feature", "properties": {"fips": "25017332401", "gap_national": -65.3, "gap_stratum": -59.0, "burden": 34.2, "capacity": 90.5, "svi": 0.19, "top_decile_gap": 0.0, "stratum": "metropolitan", "scored": 1}, "geometry": {"type": "Polygon", "coordinates": [[[-71.2069, 42.5041], [-71.1959, 42.505], [-71.1916, 42.4885], [-71.2153, 42.4779], [-71.2253, 42.4945], [-71.2069, 42.5041]]]}}, {"type": "Feature", "properties": {"fips": "25017336201", "gap_national": -77.9, "gap_stratum": -75.4, "burden": 14.5, "capacity": 78.2, "svi": 0.07, "top_decile_gap": 0.0, "stratum": "metropolitan", "scored": 1}, "geometry": {"type": "Polygon", "coordinates": [[[-71.0613, 42.4742], [-71.0534, 42.4759], [-71.0416, 42.4626], [-71.0541, 42.4619], [-71.0561, 42.4674], [-71.0599, 42.4659], [-71.0613, 42.4742]]]}}, {"type": "Feature", "properties": {"fips": "25017373902", "gap_national": -82.3, "gap_stratum": -78.8, "burden": 21.0, "capacity": 94.8, "svi": 0.18, "top_decile_gap": 0.0, "stratum": "metropolitan", "scored": 1}, "geometry": {"type": "Polygon", "coordinates": [[[-71.1944, 42.319], [-71.1725, 42.3212], [-71.1717, 42.3195], [-71.1788, 42.3144], [-71.1698, 42.3076], [-71.175, 42.3053], [-71.1835, 42.3103], [-71.1921, 42.3036], [-71.1976, 42.3093], [-71.1944, 42.319]]]}}, {"type": "Feature", "properties": {"fips": "25017354902", "gap_national": -50.6, "gap_stratum": -45.8, "burden": 28.6, "capacity": 68.7, "svi": 0.64, "top_decile_gap": 0.0, "stratum": "metropolitan", "scored": 1}, "geometry": {"type": "Polygon", "coordinates": [[[-71.1309, 42.3977], [-71.1303, 42.3903], [-71.1411, 42.3921], [-71.1414, 42.399], [-71.1309, 42.3977]]]}}, {"type": "Feature", "properties": {"fips": "25017370103", "gap_national": -69.5, "gap_stratum": -68.2, "burden": 11.9, "capacity": 69.2, "svi": 0.46, "top_decile_gap": 0.0, "stratum": "metropolitan", "scored": 1}, "geometry": {"type": "Polygon", "coordinates": [[[-71.1931, 42.3671], [-71.1894, 42.3743], [-71.1798, 42.3675], [-71.1856, 42.3648], [-71.1914, 42.3651], [-71.1949, 42.3679], [-71.1931, 42.3671]]]}}, {"type": "Feature", "properties": {"fips": "25025051101", "gap_national": -6.6, "gap_stratum": -4.0, "burden": 28.6, "capacity": 37.8, "svi": 0.76, "top_decile_gap": 0.0, "stratum": "metropolitan", "scored": 1}, "geometry": {"type": "Polygon", "coordinates": [[[-71.008, 42.3871], [-71.013, 42.3915], [-71.0116, 42.3935], [-70.9982, 42.3903], [-70.9945, 42.3933], [-70.9967, 42.3903], [-70.9953, 42.3894], [-71.0011, 42.3871], [-70.9956, 42.3851], [-71.0008, 42.3845], [-70.9946, 42.3827], [-70.998, 42.3782], [-71.0113, 42.3807], [-71.0134, 42.3829], [-71.008, 42.3871]]]}}, {"type": "Feature", "properties": {"fips": "25025981202", "gap_national": null, "gap_stratum": null, "burden": null, "capacity": null, "svi": null, "top_decile_gap": null, "stratum": null, "scored": 0}, "geometry": {"type": "Polygon", "coordinates": [[[-71.0414, 42.3445], [-71.0375, 42.3432], [-71.034, 42.35], [-71.0109, 42.3397], [-71.0219, 42.3378], [-71.0471, 42.3397], [-71.0414, 42.3445]]]}}, {"type": "Feature", "properties": {"fips": "25027744300", "gap_national": 23.5, "gap_stratum": 29.6, "burden": 48.8, "capacity": 32.0, "svi": 0.85, "top_decile_gap": 0.0, "stratum": "metropolitan", "scored": 1}, "geometry": {"type": "Polygon", "coordinates": [[[-71.5267, 42.1405], [-71.5279, 42.1429], [-71.523, 42.1436], [-71.5238, 42.1455], [-71.5192, 42.1458], [-71.5151, 42.1456], [-71.5123, 42.1392], [-71.5154, 42.1396], [-71.5136, 42.1337], [-71.524, 42.1357], [-71.5242, 42.1383], [-71.5305, 42.1379], [-71.5311, 42.1399], [-71.5267, 42.1405]]]}}, {"type": "Feature", "properties": {"fips": "25027757100", "gap_national": 14.3, "gap_stratum": -8.8, "burden": 59.7, "capacity": 49.2, "svi": 0.68, "top_decile_gap": 0.0, "stratum": "micropolitan", "scored": 1}, "geometry": {"type": "Polygon", "coordinates": [[[-72.0572, 42.0832], [-72.0534, 42.0825], [-72.0468, 42.1034], [-72.0405, 42.1042], [-72.042, 42.1116], [-72.0396, 42.1123], [-72.0391, 42.1091], [-72.036, 42.1082], [-72.0308, 42.1098], [-72.0318, 42.1144], [-72.0291, 42.1151], [-72.0276, 42.1074], [-72.0255, 42.1079], [-72.0271, 42.1049], [-72.0005, 42.0973], [-72.0023, 42.0931], [-72.0104, 42.0879], [-72.0168, 42.087], [-72.0217, 42.0808], [-72.0282, 42.0815], [-72.0318, 42.0779], [-72.036, 42.0828], [-72.0408, 42.0832], [-72.0449, 42.078], [-72.0513, 42.0771], [-72.0589, 42.0678], [-72.0609, 42.0788], [-72.0572, 42.0832]]]}}, {"type": "Feature", "properties": {"fips": "25027756102", "gap_national": -62.6, "gap_stratum": -57.1, "burden": 28.4, "capacity": 78.3, "svi": 0.08, "top_decile_gap": 0.0, "stratum": "metropolitan", "scored": 1}, "geometry": {"type": "Polygon", "coordinates": [[[-72.0117, 42.1164], [-72.0089, 42.1156], [-72.0006, 42.121], [-71.9831, 42.1203], [-71.976, 42.1256], [-71.9746, 42.1312], [-71.9695, 42.1326], [-71.9678, 42.1512], [-71.9769, 42.1633], [-71.9778, 42.1743], [-71.9889, 42.175], [-71.9923, 42.1856], [-71.917, 42.1909], [-71.8995, 42.1041], [-71.9119, 42.1013], [-71.9092, 42.0913], [-71.9928, 42.0726], [-71.9925, 42.0782], [-71.9957, 42.0775], [-71.9966, 42.0821], [-71.9927, 42.0831], [-71.9949, 42.0854], [-71.9939, 42.0875], [-71.9961, 42.0873], [-71.9981, 42.0979], [-72.003, 42.0966], [-72.0177, 42.1017], [-72.0117, 42.1164]]]}}, {"type": "Feature", "properties": {"fips": "25027757200", "gap_national": 54.1, "gap_stratum": 40.2, "burden": 73.1, "capacity": 30.1, "svi": 0.96, "top_decile_gap": 1.0, "stratum": "micropolitan", "scored": 1}, "geometry": {"type": "Polygon", "coordinates": [[[-72.0318, 42.0784], [-72.0282, 42.0815], [-72.0217, 42.0808], [-72.0267, 42.0706], [-72.0363, 42.0672], [-72.0318, 42.0784]]]}}, {"type": "Feature", "properties": {"fips": "25027755100", "gap_national": -9.3, "gap_stratum": -2.2, "burden": 56.1, "capacity": 62.3, "svi": 0.59, "top_decile_gap": 0.0, "stratum": "metropolitan", "scored": 1}, "geometry": {"type": "Polygon", "coordinates": [[[-71.9087, 42.0536], [-71.8978, 42.058], [-71.8834, 42.0542], [-71.8827, 42.0618], [-71.8802, 42.0581], [-71.8805, 42.0518], [-71.8872, 42.0508], [-71.8863, 42.046], [-71.8891, 42.0376], [-71.892, 42.0392], [-71.8942, 42.0359], [-71.9034, 42.0402], [-71.9026, 42.0437], [-71.9057, 42.0439], [-71.909, 42.049], [-71.9087, 42.0536]]]}}, {"type": "Feature", "properties": {"fips": "25027730401", "gap_national": -19.1, "gap_stratum": -10.9, "burden": 61.0, "capacity": 73.3, "svi": 0.82, "top_decile_gap": 0.0, "stratum": "metropolitan", "scored": 1}, "geometry": {"type": "Polygon", "coordinates": [[[-71.8002, 42.2982], [-71.7942, 42.2987], [-71.7901, 42.2956], [-71.7895, 42.2999], [-71.7845, 42.3004], [-71.7855, 42.3038], [-71.7787, 42.3068], [-71.7692, 42.2975], [-71.7842, 42.2905], [-71.7963, 42.2888], [-71.7979, 42.2819], [-71.8006, 42.2892], [-71.8002, 42.2982]]]}}, {"type": "Feature", "properties": {"fips": "25027750200", "gap_national": -54.7, "gap_stratum": -47.7, "burden": 36.1, "capacity": 79.4, "svi": 0.23, "top_decile_gap": 0.0, "stratum": "metropolitan", "scored": 1}, "geometry": {"type": "Polygon", "coordinates": [[[-71.692, 42.1203], [-71.7047, 42.1252], [-71.6937, 42.1362], [-71.6914, 42.1492], [-71.6937, 42.1612], [-71.679, 42.1658], [-71.6723, 42.1658], [-71.6582, 42.1593], [-71.6527, 42.1539], [-71.6636, 42.1392], [-71.6611, 42.1403], [-71.6521, 42.136], [-71.6471, 42.1366], [-71.645, 42.14], [-71.6387, 42.1385], [-71.6281, 42.1499], [-71.6058, 42.1249], [-71.6023, 42.1256], [-71.5927, 42.1216], [-71.5926, 42.1142], [-71.596, 42.1126], [-71.6035, 42.1121], [-71.6468, 42.0969], [-71.6562, 42.1056], [-71.6466, 42.1136], [-71.6621, 42.1269], [-71.6583, 42.1334], [-71.6637, 42.1313], [-71.6725, 42.1328], [-71.6729, 42.1266], [-71.6885, 42.12], [-71.6899, 42.1105], [-71.6847, 42.1096], [-71.685, 42.1069], [-71.7077, 42.1001], [-71.692, 42.1203]]]}}, {"type": "Feature", "properties": {"fips": "25027759100", "gap_national": -49.3, "gap_stratum": -41.5, "burden": 41.1, "capacity": 79.9, "svi": 0.13, "top_decile_gap": 0.0, "stratum": "metropolitan", "scored": 1}, "geometry": {"type": "Polygon", "coordinates": [[[-72.073, 42.2223], [-72.0728, 42.2321], [-72.0455, 42.23], [-72.0386, 42.2445], [-72.0304, 42.2452], [-72.0186, 42.1757], [-72.0724, 42.1693], [-72.0742, 42.1766], [-72.0605, 42.203], [-72.0788, 42.2146], [-72.073, 42.2223]]]}}, {"type": "Feature", "properties": {"fips": "25007200200", "gap_national": -47.7, "gap_stratum": -79.0, "burden": 47.8, "capacity": 87.5, "svi": 0.52, "top_decile_gap": 0.0, "stratum": "micropolitan", "scored": 1}, "geometry": {"type": "Polygon", "coordinates": [[[-70.6032, 41.4266], [-70.6003, 41.4297], [-70.6017, 41.4322], [-70.585, 41.4548], [-70.5883, 41.46], [-70.5837, 41.4607], [-70.5748, 41.4683], [-70.5674, 41.4712], [-70.5633, 41.4691], [-70.5533, 41.453], [-70.5556, 41.4309], [-70.5482, 41.4168], [-70.5537, 41.4137], [-70.5538, 41.4182], [-70.5581, 41.4248], [-70.5616, 41.4245], [-70.5737, 41.4138], [-70.6151, 41.4136], [-70.6207, 41.4445], [-70.6032, 41.4266]]]}}, {"type": "Feature", "properties": {"fips": "25005633100", "gap_national": -53.1, "gap_stratum": -45.5, "burden": 40.1, "capacity": 82.9, "svi": 0.08, "top_decile_gap": 0.0, "stratum": "metropolitan", "scored": 1}, "geometry": {"type": "Polygon", "coordinates": [[[-71.2225, 41.9122], [-71.2082, 41.9089], [-71.1939, 41.9108], [-71.1868, 41.8793], [-71.2035, 41.8818], [-71.2016, 41.8695], [-71.222, 41.864], [-71.2557, 41.8453], [-71.2962, 41.8334], [-71.3007, 41.9037], [-71.2225, 41.9122]]]}}, {"type": "Feature", "properties": {"fips": "25005652200", "gap_national": -20.7, "gap_stratum": -12.6, "burden": 64.1, "capacity": 77.9, "svi": 0.54, "top_decile_gap": 0.0, "stratum": "metropolitan", "scored": 1}, "geometry": {"type": "Polygon", "coordinates": [[[-70.9405, 41.6309], [-70.9401, 41.6289], [-70.9375, 41.6292], [-70.9365, 41.6245], [-70.9462, 41.6241], [-70.9438, 41.6205], [-70.9482, 41.6202], [-70.9539, 41.6274], [-70.9405, 41.6309]]]}}, {"type": "Feature", "properties": {"fips": "25005631200", "gap_national": -47.0, "gap_stratum": -39.1, "burden": 42.7, "capacity": 79.4, "svi": 0.22, "top_decile_gap": 0.0, "stratum": "metropolitan", "scored": 1}, "geometry": {"type": "Polygon", "coordinates": [[[-71.3502, 41.924], [-71.3524, 41.9314], [-71.3079, 41.9602], [-71.3081, 41.9538], [-71.3039, 41.9512], [-71.2981, 41.9529], [-71.295, 41.9464], [-71.2902, 41.9444], [-71.2941, 41.9438], [-71.294, 41.9374], [-71.2989, 41.9349], [-71.3015, 41.9366], [-71.3037, 41.9341], [-71.3004, 41.9336], [-71.3015, 41.9311], [-71.3134, 41.9224], [-71.3059, 41.9178], [-71.3144, 41.9142], [-71.3173, 41.9157], [-71.3198, 41.9131], [-71.3196, 41.9052], [-71.3256, 41.9004], [-71.3398, 41.8983], [-71.3441, 41.9043], [-71.3516, 41.9075], [-71.3525, 41.9187], [-71.3502, 41.924]]]}}, {"type": "Feature", "properties": {"fips": "25005614000", "gap_national": 42.6, "gap_stratum": 44.6, "burden": 78.2, "capacity": 44.2, "svi": 0.94, "top_decile_gap": 0.0, "stratum": "metropolitan", "scored": 1}, "geometry": {"type": "Polygon", "coordinates": [[[-71.1034, 41.9009], [-71.0982, 41.8971], [-71.101, 41.894], [-71.0929, 41.8943], [-71.0897, 41.8996], [-71.0811, 41.8956], [-71.0825, 41.8895], [-71.0901, 41.8856], [-71.1006, 41.8879], [-71.1031, 41.8931], [-71.1062, 41.8935], [-71.1037, 41.8946], [-71.1048, 41.896], [-71.1088, 41.8958], [-71.1034, 41.9009]]]}}, {"type": "Feature", "properties": {"fips": "25005653101", "gap_national": -34.2, "gap_stratum": -25.7, "burden": 57.7, "capacity": 84.6, "svi": 0.58, "top_decile_gap": 0.0, "stratum": "metropolitan", "scored": 1}, "geometry": {"type": "Polygon", "coordinates": [[[-70.9712, 41.6543], [-70.9695, 41.6485], [-70.9605, 41.6402], [-70.959, 41.6357], [-70.9682, 41.6332], [-70.9633, 41.6225], [-70.9803, 41.6195], [-70.9816, 41.6233], [-70.9783, 41.6296], [-70.9836, 41.6394], [-70.9864, 41.6394], [-70.9909, 41.6341], [-71.0052, 41.6345], [-71.0224, 41.6257], [-71.0366, 41.6241], [-71.0483, 41.6395], [-71.0578, 41.6582], [-70.9712, 41.6543]]]}}, {"type": "Feature", "properties": {"fips": "25005650300", "gap_national": -28.1, "gap_stratum": -19.8, "burden": 51.0, "capacity": 71.3, "svi": 0.43, "top_decile_gap": 0.0, "stratum": "metropolitan", "scored": 1}, "geometry": {"type": "Polygon", "coordinates": [[[-70.9245, 41.6886], [-70.9174, 41.681], [-70.9155, 41.6741], [-70.924, 41.6735], [-70.9234, 41.6772], [-70.9275, 41.6772], [-70.928, 41.6856], [-70.9306, 41.6873], [-70.9245, 41.6886]]]}}, {"type": "Feature", "properties": {"fips": "25005640800", "gap_national": -4.6, "gap_stratum": 0.7, "burden": 45.0, "capacity": 50.5, "svi": 0.63, "top_decile_gap": 0.0, "stratum": "metropolitan", "scored": 1}, "geometry": {"type": "Polygon", "coordinates": [[[-71.1499, 41.6966], [-71.1336, 41.6831], [-71.1191, 41.6801], [-71.1252, 41.6609], [-71.154, 41.6666], [-71.1536, 41.6714], [-71.1479, 41.6732], [-71.1446, 41.6823], [-71.1498, 41.6833], [-71.1474, 41.6904], [-71.1573, 41.6923], [-71.1499, 41.6966]]]}}, {"type": "Feature", "properties": {"fips": "25027747102", "gap_national": -53.3, "gap_stratum": -47.0, "burden": 33.1, "capacity": 74.9, "svi": 0.19, "top_decile_gap": 0.0, "stratum": "metropolitan", "scored": 1}, "geometry": {"type": "Polygon", "coordinates": [[[-71.525, 42.0645], [-71.5326, 42.0513], [-71.5363, 42.0252], [-71.5337, 42.0193], [-71.5277, 42.015], [-71.5637, 42.0143], [-71.5639, 42.0641], [-71.525, 42.0645]]]}}, {"type": "Feature", "properties": {"fips": "25017980000", "gap_national": null, "gap_stratum": null, "burden": null, "capacity": null, "svi": null, "top_decile_gap": null, "stratum": null, "scored": 0}, "geometry": {"type": "Polygon", "coordinates": [[[-71.4863, 42.4163], [-71.4744, 42.4216], [-71.4695, 42.4026], [-71.4711, 42.3962], [-71.482, 42.4004], [-71.4849, 42.3995], [-71.4967, 42.4074], [-71.4966, 42.4147], [-71.4863, 42.4163]]]}}, {"type": "Feature", "properties": {"fips": "25017352800", "gap_national": -44.6, "gap_stratum": -46.9, "burden": 3.2, "capacity": 48.3, "svi": 0.12, "top_decile_gap": 0.0, "stratum": "metropolitan", "scored": 1}, "geometry": {"type": "Polygon", "coordinates": [[[-71.0933, 42.3728], [-71.0948, 42.3688], [-71.099, 42.3722], [-71.1008, 42.3737], [-71.0933, 42.3728]]]}}, {"type": "Feature", "properties": {"fips": "25015822601", "gap_national": -43.4, "gap_stratum": -35.1, "burden": 45.5, "capacity": 78.9, "svi": 0.12, "top_decile_gap": 0.0, "stratum": "metropolitan", "scored": 1}, "geometry": {"type": "Polygon", "coordinates": [[[-72.8806, 42.2654], [-72.8856, 42.34], [-72.8542, 42.3434], [-72.8465, 42.3405], [-72.8437, 42.3447], [-72.8404, 42.3451], [-72.8335, 42.3417], [-72.8261, 42.3423], [-72.8211, 42.3386], [-72.8134, 42.245], [-72.8576, 42.2405], [-72.8722, 42.2164], [-72.9123, 42.2391], [-72.8806, 42.2654]]]}}, {"type": "Feature", "properties": {"fips": "25015820102", "gap_national": 29.6, "gap_stratum": 34.1, "burden": 67.1, "capacity": 44.5, "svi": 0.85, "top_decile_gap": 0.0, "stratum": "metropolitan", "scored": 1}, "geometry": {"type": "Polygon", "coordinates": [[[-72.2501, 42.2449], [-72.2487, 42.2529], [-72.2509, 42.2561], [-72.2471, 42.2754], [-72.2415, 42.273], [-72.2397, 42.2695], [-72.2322, 42.269], [-72.2398, 42.2597], [-72.2347, 42.2605], [-72.232, 42.2584], [-72.2176, 42.2682], [-72.2161, 42.2562], [-72.2111, 42.2557], [-72.2105, 42.2472], [-72.2181, 42.2486], [-72.2212, 42.2453], [-72.247, 42.2421], [-72.2498, 42.239], [-72.2565, 42.2432], [-72.2501, 42.2449]]]}}, {"type": "Feature", "properties": {"fips": "25027737100", "gap_national": -49.5, "gap_stratum": -41.4, "burden": 46.1, "capacity": 87.1, "svi": 0.11, "top_decile_gap": 0.0, "stratum": "metropolitan", "scored": 1}, "geometry": {"type": "Polygon", "coordinates": [[[-71.8255, 42.1599], [-71.826, 42.1658], [-71.8315, 42.1643], [-71.7971, 42.2101], [-71.7831, 42.2162], [-71.7762, 42.2027], [-71.7623, 42.1949], [-71.765, 42.1934], [-71.764, 42.1893], [-71.7665, 42.1876], [-71.7631, 42.1841], [-71.7588, 42.1893], [-71.7468, 42.1873], [-71.7518, 42.193], [-71.7415, 42.1923], [-71.7248, 42.1974], [-71.7235, 42.1915], [-71.734, 42.1868], [-71.7338, 42.1835], [-71.7405, 42.1792], [-71.7441, 42.1824], [-71.8296, 42.1449], [-71.8249, 42.1553], [-71.8341, 42.155], [-71.8345, 42.1573], [-71.8255, 42.1599]]]}}, {"type": "Feature", "properties": {"fips": "25027703200", "gap_national": -3.6, "gap_stratum": -22.9, "burden": 74.2, "capacity": 73.3, "svi": 0.33, "top_decile_gap": 0.0, "stratum": "micropolitan", "scored": 1}, "geometry": {"type": "Polygon", "coordinates": [[[-72.2622, 42.6003], [-72.2533, 42.6053], [-72.2547, 42.6116], [-72.2281, 42.6154], [-72.2274, 42.6218], [-72.2316, 42.6249], [-72.2255, 42.6307], [-72.2291, 42.6384], [-72.1675, 42.6465], [-72.1644, 42.6326], [-72.1583, 42.6332], [-72.1566, 42.6236], [-72.1544, 42.6238], [-72.1548, 42.62], [-72.158, 42.6176], [-72.1644, 42.6226], [-72.1709, 42.6211], [-72.1766, 42.6156], [-72.1793, 42.623], [-72.196, 42.6212], [-72.1937, 42.6132], [-72.1956, 42.6083], [-72.2082, 42.6069], [-72.2122, 42.6023], [-72.2102, 42.5979], [-72.2153, 42.5949], [-72.2222, 42.5972], [-72.2269, 42.5944], [-72.2353, 42.5975], [-72.2405, 42.5961], [-72.2391, 42.5923], [-72.2421, 42.5872], [-72.2572, 42.5757], [-72.2613, 42.5759], [-72.2671, 42.6008], [-72.2622, 42.6003]]]}}, {"type": "Feature", "properties": {"fips": "25027735200", "gap_national": -50.0, "gap_stratum": -42.7, "burden": 38.0, "capacity": 77.1, "svi": 0.29, "top_decile_gap": 0.0, "stratum": "metropolitan", "scored": 1}, "geometry": {"type": "Polygon", "coordinates": [[[-71.922, 42.2006], [-71.9161, 42.2027], [-71.9164, 42.2065], [-71.9043, 42.2123], [-71.8877, 42.2251], [-71.8919, 42.2369], [-71.8992, 42.2434], [-71.8976, 42.2458], [-71.9005, 42.2508], [-71.9079, 42.2494], [-71.9093, 42.2611], [-71.9056, 42.2727], [-71.9082, 42.2836], [-71.8856, 42.2846], [-71.8566, 42.2267], [-71.866, 42.226], [-71.8951, 42.1924], [-71.9258, 42.1902], [-71.922, 42.2006]]]}}, {"type": "Feature", "properties": {"fips": "25027732400", "gap_national": 35.5, "gap_stratum": 41.5, "burden": 59.4, "capacity": 32.3, "svi": 0.87, "top_decile_gap": 0.0, "stratum": "metropolitan", "scored": 1}, "geometry": {"type": "Polygon", "coordinates": [[[-71.7936, 42.2586], [-71.7859, 42.2559], [-71.7793, 42.2496], [-71.7903, 42.2481], [-71.7972, 42.2541], [-71.7936, 42.2586]]]}}, {"type": "Feature", "properties": {"fips": "25005600100", "gap_national": -61.7, "gap_stratum": -54.8, "burden": 38.0, "capacity": 92.4, "svi": 0.34, "top_decile_gap": 0.0, "stratum": "metropolitan", "scored": 1}, "geometry": {"type": "Polygon", "coordinates": [[[-71.1162, 42.0677], [-71.1073, 42.0657], [-71.0873, 42.0667], [-71.0865, 42.0576], [-71.0816, 42.0474], [-71.0899, 42.0415], [-71.0993, 42.0443], [-71.1093, 42.048], [-71.1121, 42.0514], [-71.1224, 42.054], [-71.1336, 42.0637], [-71.1162, 42.0677]]]}}, {"type": "Feature", "properties": {"fips": "25005614102", "gap_national": -34.1, "gap_stratum": -26.1, "burden": 45.9, "capacity": 71.4, "svi": 0.21, "top_decile_gap": 0.0, "stratum": "metropolitan", "scored": 1}, "geometry": {"type": "Polygon", "coordinates": [[[-71.0453, 41.9017], [-71.0417, 41.8951], [-71.0472, 41.8935], [-71.0448, 41.8915], [-71.0487, 41.8891], [-71.0457, 41.8856], [-71.0425, 41.8863], [-71.0433, 41.8844], [-71.0387, 41.8858], [-71.0376, 41.8834], [-71.0338, 41.8864], [-71.0255, 41.8863], [-71.0131, 41.8924], [-71.0119, 41.89], [-71.0086, 41.8905], [-71.0035, 41.8831], [-70.995, 41.8851], [-70.9921, 41.8897], [-70.9945, 41.897], [-70.9997, 41.8969], [-70.9932, 41.9064], [-70.9873, 41.9058], [-70.9737, 41.8609], [-71.0075, 41.8385], [-71.0583, 41.8627], [-71.0453, 41.9017]]]}}, {"type": "Feature", "properties": {"fips": "25005631700", "gap_national": -63.2, "gap_stratum": -57.5, "burden": 29.4, "capacity": 80.1, "svi": 0.2, "top_decile_gap": 0.0, "stratum": "metropolitan", "scored": 1}, "geometry": {"type": "Polygon", "coordinates": [[[-71.2604, 41.9757], [-71.2082, 41.9089], [-71.2225, 41.9122], [-71.2555, 41.9086], [-71.2588, 41.912], [-71.2573, 41.916], [-71.2619, 41.9347], [-71.2719, 41.9359], [-71.2715, 41.9431], [-71.2798, 41.9482], [-71.2604, 41.9757]]]}}, {"type": "Feature", "properties": {"fips": "25005644200", "gap_national": -52.2, "gap_stratum": -44.4, "burden": 43.4, "capacity": 86.6, "svi": 0.3, "top_decile_gap": 0.0, "stratum": "metropolitan", "scored": 1}, "geometry": {"type": "Polygon", "coordinates": [[[-71.1875, 41.7376], [-71.1868, 41.7404], [-71.1906, 41.7447], [-71.1563, 41.7395], [-71.1556, 41.7505], [-71.1492, 41.7483], [-71.1514, 41.7439], [-71.1434, 41.7419], [-71.1447, 41.7402], [-71.1405, 41.7386], [-71.1742, 41.7022], [-71.2012, 41.6819], [-71.2083, 41.6905], [-71.1875, 41.7376]]]}}, {"type": "Feature", "properties": {"fips": "25005600203", "gap_national": -60.9, "gap_stratum": -54.3, "burden": 35.8, "capacity": 86.4, "svi": 0.23, "top_decile_gap": 0.0, "stratum": "metropolitan", "scored": 1}, "geometry": {"type": "Polygon", "coordinates": [[[-71.1386, 42.0728], [-71.1328, 42.0622], [-71.1224, 42.054], [-71.1, 42.0461], [-71.0978, 42.0359], [-71.1089, 42.0333], [-71.1165, 42.0288], [-71.1202, 42.0235], [-71.1432, 42.0234], [-71.1614, 42.026], [-71.1675, 42.0616], [-71.1386, 42.0728]]]}}, {"type": "Feature", "properties": {"fips": "25005646104", "gap_national": -47.3, "gap_stratum": -39.1, "burden": 52.1, "capacity": 98.5, "svi": 0.02, "top_decile_gap": 0.0, "stratum": "metropolitan", "scored": 1}, "geometry": {"type": "Polygon", "coordinates": [[[-71.116, 41.5663], [-71.1009, 41.5722], [-71.0915, 41.5738], [-71.0906, 41.57], [-71.0753, 41.5715], [-71.068, 41.5698], [-71.0534, 41.5729], [-71.0407, 41.5819], [-71.0331, 41.5709], [-71.0291, 41.5582], [-71.0314, 41.5465], [-71.0266, 41.5304], [-71.0327, 41.5278], [-71.0285, 41.5137], [-71.0223, 41.5045], [-71.0355, 41.499], [-71.0383, 41.4922], [-71.0336, 41.4868], [-71.0355, 41.4816], [-71.0384, 41.4811], [-71.041, 41.4975], [-71.0486, 41.5027], [-71.0707, 41.5089], [-71.0857, 41.5093], [-71.0931, 41.5042], [-71.1138, 41.5001], [-71.1158, 41.4965], [-71.1206, 41.4974], [-71.1263, 41.5564], [-71.116, 41.5663]]]}}, {"type": "Feature", "properties": {"fips": "25005650201", "gap_national": -34.4, "gap_stratum": -26.1, "burden": 47.6, "capacity": 73.1, "svi": 0.38, "top_decile_gap": 0.0, "stratum": "metropolitan", "scored": 1}, "geometry": {"type": "Polygon", "coordinates": [[[-70.9646, 41.7344], [-70.9421, 41.6856], [-70.9345, 41.6884], [-70.935, 41.6934], [-70.9319, 41.6941], [-70.9297, 41.6915], [-70.9257, 41.6923], [-70.9245, 41.6886], [-70.9306, 41.6873], [-70.9277, 41.6824], [-70.935, 41.6822], [-70.9442, 41.6761], [-70.9417, 41.6686], [-70.9472, 41.6626], [-70.9728, 41.6605], [-70.9775, 41.6787], [-70.9646, 41.7344]]]}}, {"type": "Feature", "properties": {"fips": "25005652600", "gap_national": 68.0, "gap_stratum": 71.1, "burden": 79.0, "capacity": 22.4, "svi": 0.84, "top_decile_gap": 1.0, "stratum": "metropolitan", "scored": 1}, "geometry": {"type": "Polygon", "coordinates": [[[-70.92, 41.623], [-70.9193, 41.6185], [-70.9117, 41.6177], [-70.9216, 41.6132], [-70.9248, 41.6218], [-70.92, 41.623]]]}}, {"type": "Feature", "properties": {"fips": "25027730902", "gap_national": -34.5, "gap_stratum": -34.5, "burden": 17.1, "capacity": 49.1, "svi": 0.54, "top_decile_gap": 0.0, "stratum": "metropolitan", "scored": 1}, "geometry": {"type": "Polygon", "coordinates": [[[-71.8514, 42.278], [-71.8403, 42.2773], [-71.8416, 42.2694], [-71.8366, 42.2632], [-71.8454, 42.2602], [-71.8513, 42.2629], [-71.8547, 42.2738], [-71.8514, 42.278]]]}}, {"type": "Feature", "properties": {"fips": "25027732901", "gap_national": -6.8, "gap_stratum": -0.6, "burden": 50.3, "capacity": 56.1, "svi": 0.81, "top_decile_gap": 0.0, "stratum": "metropolitan", "scored": 1}, "geometry": {"type": "Polygon", "coordinates": [[[-71.8123, 42.2414], [-71.8111, 42.2362], [-71.8084, 42.2368], [-71.8038, 42.2314], [-71.8006, 42.236], [-71.7964, 42.2353], [-71.7959, 42.2374], [-71.7862, 42.231], [-71.7831, 42.2162], [-71.7971, 42.2101], [-71.8099, 42.2309], [-71.8254, 42.2298], [-71.8123, 42.2414]]]}}, {"type": "Feature", "properties": {"fips": "25027738202", "gap_national": -64.3, "gap_stratum": -58.7, "burden": 29.0, "capacity": 80.8, "svi": 0.21, "top_decile_gap": 0.0, "stratum": "metropolitan", "scored": 1}, "geometry": {"type": "Polygon", "coordinates": [[[-71.6869, 42.2273], [-71.6901, 42.2353], [-71.6816, 42.2406], [-71.679, 42.2389], [-71.6772, 42.2439], [-71.6743, 42.2442], [-71.673, 42.2398], [-71.6641, 42.2408], [-71.6626, 42.2459], [-71.6502, 42.2478], [-71.6373, 42.1832], [-71.6481, 42.1807], [-71.6412, 42.1746], [-71.6548, 42.1827], [-71.663, 42.1792], [-71.6695, 42.1838], [-71.6863, 42.1846], [-71.69, 42.1889], [-71.6889, 42.1944], [-71.6929, 42.2052], [-71.6907, 42.2138], [-71.706, 42.225], [-71.6869, 42.2273]]]}}, {"type": "Feature", "properties": {"fips": "25027760100", "gap_national": -27.6, "gap_stratum": -19.3, "burden": 62.2, "capacity": 82.9, "svi": 0.35, "top_decile_gap": 0.0, "stratum": "metropolitan", "scored": 1}, "geometry": {"type": "Polygon", "coordinates": [[[-72.1397, 42.1795], [-72.1423, 42.1975], [-72.1298, 42.2212], [-72.1199, 42.2141], [-72.1188, 42.2309], [-72.1127, 42.2332], [-72.1113, 42.2386], [-72.0992, 42.2308], [-72.0728, 42.2321], [-72.073, 42.2223], [-72.0788, 42.2146], [-72.0605, 42.203], [-72.0742, 42.1766], [-72.0724, 42.1693], [-72.0894, 42.1671], [-72.0868, 42.1544], [-72.1087, 42.1516], [-72.1115, 42.1645], [-72.1419, 42.161], [-72.1472, 42.1815], [-72.1397, 42.1795]]]}}, {"type": "Feature", "properties": {"fips": "25027712101", "gap_national": -50.5, "gap_stratum": -42.6, "burden": 42.7, "capacity": 83.4, "svi": 0.54, "top_decile_gap": 0.0, "stratum": "metropolitan", "scored": 1}, "geometry": {"type": "Polygon", "coordinates": [[[-71.6941, 42.6203], [-71.6991, 42.6128], [-71.6973, 42.6073], [-71.7055, 42.6038], [-71.7088, 42.5992], [-71.7239, 42.5932], [-71.7299, 42.5866], [-71.7259, 42.5709], [-71.7308, 42.5614], [-71.7451, 42.5739], [-71.7649, 42.5628], [-71.7729, 42.5696], [-71.7709, 42.6037], [-71.7758, 42.6442], [-71.6941, 42.6203]]]}}, {"type": "Feature", "properties": {"fips": "25027735100", "gap_national": -47.3, "gap_stratum": -39.6, "burden": 40.3, "capacity": 77.0, "svi": 0.24, "top_decile_gap": 0.0, "stratum": "metropolitan", "scored": 1}, "geometry": {"type": "Polygon", "coordinates": [[[-71.9082, 42.2836], [-71.9056, 42.2727], [-71.9093, 42.2625], [-71.9079, 42.2494], [-71.9005, 42.2508], [-71.8976, 42.2458], [-71.8992, 42.2434], [-71.8919, 42.2369], [-71.8877, 42.2251], [-71.9043, 42.2123], [-71.9164, 42.2065], [-71.9161, 42.2027], [-71.922, 42.2006], [-71.9258, 42.1902], [-71.9394, 42.1892], [-71.9605, 42.2814], [-71.9082, 42.2836]]]}}, {"type": "Feature", "properties": {"fips": "25027717100", "gap_national": -68.1, "gap_stratum": -62.5, "burden": 30.5, "capacity": 87.9, "svi": 0.11, "top_decile_gap": 0.0, "stratum": "metropolitan", "scored": 1}, "geometry": {"type": "Polygon", "coordinates": [[[-71.6765, 42.3961], [-71.6681, 42.3946], [-71.6606, 42.4182], [-71.6304, 42.4095], [-71.5801, 42.387], [-71.6078, 42.37], [-71.6031, 42.3673], [-71.61, 42.3574], [-71.6247, 42.3505], [-71.6339, 42.3584], [-71.6778, 42.3652], [-71.6706, 42.3867], [-71.6788, 42.3892], [-71.6765, 42.3961]]]}}, {"type": "Feature", "properties": {"fips": "25027736100", "gap_national": -63.0, "gap_stratum": -56.9, "burden": 32.0, "capacity": 83.5, "svi": 0.25, "top_decile_gap": 0.0, "stratum": "metropolitan", "scored": 1}, "geometry": {"type": "Polygon", "coordinates": [[[-71.8762, 42.215], [-71.8736, 42.208], [-71.8682, 42.207], [-71.861, 42.199], [-71.8472, 42.195], [-71.8492, 42.1887], [-71.8474, 42.1897], [-71.8473, 42.1842], [-71.8515, 42.1833], [-71.8466, 42.1764], [-71.8468, 42.1682], [-71.8579, 42.1607], [-71.8759, 42.1702], [-71.8951, 42.1924], [-71.8762, 42.215]]]}}, {"type": "Feature", "properties": {"fips": "25027753200", "gap_national": -30.9, "gap_stratum": -22.1, "burden": 53.4, "capacity": 75.8, "svi": 0.26, "top_decile_gap": 0.0, "stratum": "metropolitan", "scored": 1}, "geometry": {"type": "Polygon", "coordinates": [[[-71.8703, 42.1449], [-71.8653, 42.1432], [-71.8671, 42.1389], [-71.8661, 42.1366], [-71.861, 42.1378], [-71.8624, 42.1235], [-71.8581, 42.1166], [-71.8419, 42.1134], [-71.8475, 42.103], [-71.853, 42.0995], [-71.8658, 42.0978], [-71.8707, 42.0887], [-71.8812, 42.0927], [-71.8799, 42.1043], [-71.8831, 42.1061], [-71.8835, 42.1092], [-71.8816, 42.1143], [-71.8793, 42.1131], [-71.8763, 42.1153], [-71.8815, 42.1202], [-71.8787, 42.1219], [-71.8814, 42.1257], [-71.8785, 42.1281], [-71.884, 42.1379], [-71.8703, 42.1449]]]}}, {"type": "Feature", "properties": {"fips": "25021416102", "gap_national": -74.9, "gap_stratum": -73.6, "burden": 9.5, "capacity": 71.8, "svi": 0.2, "top_decile_gap": 0.0, "stratum": "metropolitan", "scored": 1}, "geometry": {"type": "Polygon", "coordinates": [[[-71.1226, 42.2345], [-71.1264, 42.2392], [-71.1093, 42.248], [-71.1095, 42.2524], [-71.0975, 42.243], [-71.0958, 42.2441], [-71.0802, 42.224], [-71.0734, 42.2215], [-71.0932, 42.2139], [-71.0827, 42.2043], [-71.103, 42.2007], [-71.1308, 42.2279], [-71.1226, 42.2345]]]}}, {"type": "Feature", "properties": {"fips": "25027736500", "gap_national": -55.4, "gap_stratum": -47.8, "burden": 43.1, "capacity": 91.3, "svi": 0.54, "top_decile_gap": 0.0, "stratum": "metropolitan", "scored": 1}, "geometry": {"type": "Polygon", "coordinates": [[[-71.8458, 42.1718], [-71.8487, 42.1817], [-71.8515, 42.1833], [-71.8473, 42.1842], [-71.8474, 42.1897], [-71.8386, 42.2023], [-71.8281, 42.2098], [-71.8112, 42.2071], [-71.8069, 42.2117], [-71.7994, 42.2137], [-71.7963, 42.2092], [-71.8349, 42.1598], [-71.8559, 42.1606], [-71.8458, 42.1718]]]}}, {"type": "Feature", "properties": {"fips": "25027732001", "gap_national": 66.9, "gap_stratum": 71.7, "burden": 73.2, "capacity": 17.0, "svi": 0.96, "top_decile_gap": 1.0, "stratum": "metropolitan", "scored": 1}, "geometry": {"type": "Polygon", "coordinates": [[[-71.7704, 42.3146], [-71.7631, 42.3033], [-71.7648, 42.3009], [-71.7677, 42.3044], [-71.7756, 42.3033], [-71.7809, 42.3113], [-71.7704, 42.3146]]]}}, {"type": "Feature", "properties": {"fips": "25021403300", "gap_national": -89.8, "gap_stratum": -88.3, "burden": 10.8, "capacity": 88.7, "svi": 0.07, "top_decile_gap": 0.0, "stratum": "metropolitan", "scored": 1}, "geometry": {"type": "Polygon", "coordinates": [[[-71.2651, 42.2727], [-71.2603, 42.2754], [-71.2496, 42.2757], [-71.2428, 42.2696], [-71.2378, 42.2802], [-71.2299, 42.2803], [-71.2297, 42.2757], [-71.2181, 42.2677], [-71.2197, 42.2636], [-71.2292, 42.2641], [-71.2323, 42.2584], [-71.2452, 42.2593], [-71.2488, 42.2556], [-71.2566, 42.2548], [-71.2655, 42.2599], [-71.2653, 42.255], [-71.2712, 42.2591], [-71.2651, 42.2727]]]}}, {"type": "Feature", "properties": {"fips": "25027740200", "gap_national": -72.9, "gap_stratum": -68.4, "burden": 24.2, "capacity": 84.5, "svi": 0.38, "top_decile_gap": 0.0, "stratum": "metropolitan", "scored": 1}, "geometry": {"type": "Polygon", "coordinates": [[[-71.6548, 42.3246], [-71.6484, 42.3268], [-71.6409, 42.3241], [-71.64, 42.3283], [-71.629, 42.3294], [-71.6319, 42.3226], [-71.6314, 42.3171], [-71.6271, 42.3113], [-71.6313, 42.3055], [-71.6406, 42.3039], [-71.644, 42.306], [-71.6436, 42.3143], [-71.6484, 42.3143], [-71.6506, 42.3178], [-71.6543, 42.3116], [-71.6574, 42.3139], [-71.658, 42.3213], [-71.6605, 42.3218], [-71.6621, 42.3266], [-71.6548, 42.3246]]]}}, {"type": "Feature", "properties": {"fips": "25027737300", "gap_national": -60.2, "gap_stratum": -54.6, "burden": 28.8, "capacity": 76.6, "svi": 0.25, "top_decile_gap": 0.0, "stratum": "metropolitan", "scored": 1}, "geometry": {"type": "Polygon", "coordinates": [[[-71.7831, 42.2162], [-71.7334, 42.238], [-71.7248, 42.1974], [-71.7415, 42.1923], [-71.7518, 42.193], [-71.7501, 42.1968], [-71.7556, 42.2038], [-71.7582, 42.1963], [-71.7629, 42.1958], [-71.7762, 42.2027], [-71.7831, 42.2162]]]}}, {"type": "Feature", "properties": {"fips": "25027710400", "gap_national": -5.8, "gap_stratum": 1.0, "burden": 56.3, "capacity": 60.0, "svi": 0.51, "top_decile_gap": 0.0, "stratum": "metropolitan", "scored": 1}, "geometry": {"type": "Polygon", "coordinates": [[[-71.8304, 42.5761], [-71.8089, 42.5744], [-71.8072, 42.5739], [-71.8065, 42.5669], [-71.8321, 42.5698], [-71.8339, 42.5741], [-71.8304, 42.5761]]]}}, {"type": "Feature", "properties": {"fips": "25007200100", "gap_national": -47.9, "gap_stratum": -79.9, "burden": 43.9, "capacity": 81.9, "svi": 0.53, "top_decile_gap": 0.0, "stratum": "micropolitan", "scored": 1}, "geometry": {"type": "Polygon", "coordinates": [[[-70.6421, 41.4623], [-70.6036, 41.4824], [-70.5984, 41.4812], [-70.5963, 41.4719], [-70.5998, 41.4614], [-70.5991, 41.4554], [-70.592, 41.4559], [-70.5883, 41.46], [-70.585, 41.4548], [-70.6017, 41.4322], [-70.6003, 41.4297], [-70.6032, 41.4266], [-70.6213, 41.4452], [-70.6151, 41.4136], [-70.6561, 41.4608], [-70.6421, 41.4623]]]}}, {"type": "Feature", "properties": {"fips": "25027702201", "gap_national": -24.7, "gap_stratum": -17.4, "burden": 67.6, "capacity": 87.6, "svi": 0.24, "top_decile_gap": 0.0, "stratum": "metropolitan", "scored": 1}, "geometry": {"type": "Polygon", "coordinates": [[[-72.1111, 42.7172], [-72.1166, 42.6266], [-72.1566, 42.6236], [-72.1583, 42.6332], [-72.1644, 42.6326], [-72.1675, 42.6465], [-72.2249, 42.6389], [-72.2295, 42.6627], [-72.2421, 42.6616], [-72.2435, 42.6692], [-72.2573, 42.6679], [-72.2585, 42.6754], [-72.272, 42.6747], [-72.283, 42.7216], [-72.1111, 42.7172]]]}}, {"type": "Feature", "properties": {"fips": "25027752102", "gap_national": -52.7, "gap_stratum": -45.8, "burden": 35.9, "capacity": 77.2, "svi": 0.01, "top_decile_gap": 0.0, "stratum": "metropolitan", "scored": 1}, "geometry": {"type": "Polygon", "coordinates": [[[-71.8113, 42.0989], [-71.8092, 42.0954], [-71.7924, 42.1007], [-71.7746, 42.1003], [-71.7681, 42.0818], [-71.7602, 42.0833], [-71.7544, 42.0613], [-71.6812, 42.0211], [-71.6809, 42.0117], [-71.7992, 42.0081], [-71.8006, 42.0236], [-71.8046, 42.0236], [-71.8301, 42.0928], [-71.8113, 42.0989]]]}}, {"type": "Feature", "properties": {"fips": "25025981000", "gap_national": null, "gap_stratum": null, "burden": null, "capacity": null, "svi": null, "top_decile_gap": null, "stratum": null, "scored": 0}, "geometry": {"type": "Polygon", "coordinates": [[[-71.1301, 42.2982], [-71.1202, 42.3083], [-71.1172, 42.3024], [-71.1201, 42.2997], [-71.1154, 42.2989], [-71.1262, 42.2901], [-71.1304, 42.2949], [-71.1301, 42.2982]]]}}, {"type": "Feature", "properties": {"fips": "25009210402", "gap_national": -47.4, "gap_stratum": -39.7, "burden": 40.5, "capacity": 77.3, "svi": 0.18, "top_decile_gap": 0.0, "stratum": "metropolitan", "scored": 1}, "geometry": {"type": "Polygon", "coordinates": [[[-70.9741, 42.5256], [-70.9568, 42.527], [-70.9486, 42.5353], [-70.9381, 42.5329], [-70.9294, 42.5245], [-70.9598, 42.5176], [-70.9729, 42.5173], [-70.9849, 42.512], [-70.9965, 42.5177], [-70.9741, 42.5256]]]}}, {"type": "Feature", "properties": {"fips": "25025092000", "gap_national": 31.0, "gap_stratum": 34.9, "burden": 70.6, "capacity": 46.6, "svi": 0.94, "top_decile_gap": 0.0, "stratum": "metropolitan", "scored": 1}, "geometry": {"type": "Polygon", "coordinates": [[[-71.0714, 42.3034], [-71.0674, 42.301], [-71.0606, 42.3031], [-71.0598, 42.3015], [-71.0721, 42.2955], [-71.0736, 42.2994], [-71.0714, 42.3034]]]}}, {"type": "Feature", "properties": {"fips": "25025000402", "gap_national": -35.8, "gap_stratum": -38.2, "burden": 2.4, "capacity": 41.5, "svi": 0.43, "top_decile_gap": 0.0, "stratum": "metropolitan", "scored": 1}, "geometry": {"type": "Polygon", "coordinates": [[[-71.1604, 42.3489], [-71.1534, 42.3491], [-71.1553, 42.3403], [-71.1661, 42.3401], [-71.1604, 42.3489]]]}}, {"type": "Feature", "properties": {"fips": "25025170702", "gap_national": 26.1, "gap_stratum": 32.1, "burden": 40.5, "capacity": 20.0, "svi": 0.9, "top_decile_gap": 0.0, "stratum": "metropolitan", "scored": 1}, "geometry": {"type": "Polygon", "coordinates": [[[-70.9987, 42.4107], [-70.993, 42.4125], [-70.9921, 42.4055], [-70.9961, 42.4018], [-71.0035, 42.4056], [-70.9987, 42.4107]]]}}, {"type": "Feature", "properties": {"fips": "25001012502", "gap_national": -26.4, "gap_stratum": -17.9, "burden": 60.6, "capacity": 79.5, "svi": 0.86, "top_decile_gap": 0.0, "stratum": "metropolitan", "scored": 1}, "geometry": {"type": "Polygon", "coordinates": [[[-70.3193, 41.6316], [-70.3216, 41.6391], [-70.3101, 41.6393], [-70.3143, 41.6506], [-70.2955, 41.6473], [-70.281, 41.6515], [-70.2832, 41.6465], [-70.2775, 41.6486], [-70.2775, 41.6461], [-70.2728, 41.6446], [-70.2616, 41.6307], [-70.2629, 41.6283], [-70.2675, 41.6297], [-70.2708, 41.628], [-70.2745, 41.6329], [-70.2906, 41.6352], [-70.3002, 41.6325], [-70.3007, 41.6295], [-70.3166, 41.6254], [-70.3221, 41.6314], [-70.3193, 41.6316]]]}}, {"type": "Feature", "properties": {"fips": "25005633200", "gap_national": -61.7, "gap_stratum": -55.2, "burden": 34.0, "capacity": 84.6, "svi": 0.02, "top_decile_gap": 0.0, "stratum": "metropolitan", "scored": 1}, "geometry": {"type": "Polygon", "coordinates": [[[-71.2557, 41.8453], [-71.222, 41.864], [-71.2016, 41.8695], [-71.1878, 41.7832], [-71.2925, 41.7749], [-71.2962, 41.8334], [-71.2557, 41.8453]]]}}, {"type": "Feature", "properties": {"fips": "25005611101", "gap_national": -64.9, "gap_stratum": -59.4, "burden": 28.9, "capacity": 81.5, "svi": 0.35, "top_decile_gap": 0.0, "stratum": "metropolitan", "scored": 1}, "geometry": {"type": "Polygon", "coordinates": [[[-71.1587, 42.0126], [-71.1565, 42.001], [-71.1009, 41.9932], [-71.1441, 41.9493], [-71.1481, 41.956], [-71.1488, 41.9632], [-71.1608, 41.9696], [-71.1651, 41.9778], [-71.1731, 41.98], [-71.1909, 41.9996], [-71.1587, 42.0126]]]}}, {"type": "Feature", "properties": {"fips": "25005630400", "gap_national": -64.4, "gap_stratum": -58.8, "burden": 28.9, "capacity": 80.9, "svi": 0.37, "top_decile_gap": 0.0, "stratum": "metropolitan", "scored": 1}, "geometry": {"type": "Polygon", "coordinates": [[[-71.3459, 41.9491], [-71.3344, 41.9778], [-71.3294, 41.9765], [-71.3236, 41.9666], [-71.3135, 41.9698], [-71.3093, 41.9672], [-71.3091, 41.9695], [-71.2961, 41.9692], [-71.3528, 41.9312], [-71.3622, 41.9394], [-71.3647, 41.944], [-71.3643, 41.9501], [-71.3459, 41.9491]]]}}, {"type": "Feature", "properties": {"fips": "25021413500", "gap_national": -22.1, "gap_stratum": -16.5, "burden": 40.7, "capacity": 58.9, "svi": 0.66, "top_decile_gap": 0.0, "stratum": "metropolitan", "scored": 1}, "geometry": {"type": "Polygon", "coordinates": [[[-71.2042, 42.1817], [-71.1905, 42.1789], [-71.1919, 42.177], [-71.1889, 42.1776], [-71.1878, 42.1736], [-71.182, 42.1692], [-71.1835, 42.1663], [-71.1808, 42.1655], [-71.1886, 42.1608], [-71.1869, 42.1533], [-71.1945, 42.1499], [-71.2025, 42.1601], [-71.2134, 42.1687], [-71.2199, 42.1684], [-71.2214, 42.1705], [-71.2042, 42.1817]]]}}, {"type": "Feature", "properties": {"fips": "25021415202", "gap_national": -75.6, "gap_stratum": -70.9, "burden": 26.6, "capacity": 94.1, "svi": 0.58, "top_decile_gap": 0.0, "stratum": "metropolitan", "scored": 1}, "geometry": {"type": "Polygon", "coordinates": [[[-71.114, 42.1815], [-71.1041, 42.1459], [-71.1175, 42.1427], [-71.1199, 42.1476], [-71.1282, 42.1511], [-71.1361, 42.1738], [-71.114, 42.1815]]]}}, {"type": "Feature", "properties": {"fips": "25021422402", "gap_national": -68.7, "gap_stratum": -64.0, "burden": 24.8, "capacity": 80.3, "svi": 0.25, "top_decile_gap": 0.0, "stratum": "metropolitan", "scored": 1}, "geometry": {"type": "Polygon", "coordinates": [[[-70.9681, 42.2215], [-70.9562, 42.225], [-70.9551, 42.2215], [-70.9488, 42.222], [-70.9485, 42.2178], [-70.9635, 42.2162], [-70.9622, 42.2149], [-70.964, 42.2128], [-70.9605, 42.208], [-70.9652, 42.207], [-70.9717, 42.2], [-70.9681, 42.2215]]]}}, {"type": "Feature", "properties": {"fips": "25023525104", "gap_national": -66.2, "gap_stratum": -62.0, "burden": 22.9, "capacity": 75.9, "svi": 0.08, "top_decile_gap": 0.0, "stratum": "metropolitan", "scored": 1}, "geometry": {"type": "Polygon", "coordinates": [[[-71.0023, 41.9738], [-70.99, 41.9864], [-70.9858, 41.9869], [-70.9823, 41.982], [-70.9781, 41.9874], [-70.9677, 41.9873], [-70.9562, 41.9706], [-70.9657, 41.9678], [-70.9587, 41.9587], [-70.9603, 41.9542], [-70.9683, 41.9488], [-70.9656, 41.9368], [-70.9803, 41.9403], [-70.9873, 41.9363], [-70.9947, 41.9366], [-71.0024, 41.9476], [-71.0074, 41.96], [-71.0023, 41.9738]]]}}, {"type": "Feature", "properties": {"fips": "25021417601", "gap_national": -60.9, "gap_stratum": -59.1, "burden": 16.4, "capacity": 66.3, "svi": 0.54, "top_decile_gap": 0.0, "stratum": "metropolitan", "scored": 1}, "geometry": {"type": "Polygon", "coordinates": [[[-71.019, 42.2728], [-71.0136, 42.2786], [-71.0075, 42.2747], [-71.0099, 42.2701], [-71.0154, 42.2707], [-71.0194, 42.2656], [-71.0252, 42.2711], [-71.019, 42.2728]]]}}, {"type": "Feature", "properties": {"fips": "25009208402", "gap_national": -67.4, "gap_stratum": -62.5, "burden": 25.7, "capacity": 80.0, "svi": 0.17, "top_decile_gap": 0.0, "stratum": "metropolitan", "scored": 1}, "geometry": {"type": "Polygon", "coordinates": [[[-71.0526, 42.4861], [-71.0469, 42.488], [-71.0379, 42.4736], [-71.0282, 42.4687], [-71.0251, 42.4648], [-71.0236, 42.4539], [-71.0276, 42.4467], [-71.0542, 42.4769], [-71.0526, 42.4861]]]}}, {"type": "Feature", "properties": {"fips": "25025000807", "gap_national": -0.7, "gap_stratum": 0.2, "burden": 13.8, "capacity": 16.4, "svi": null, "top_decile_gap": 0.0, "stratum": "metropolitan", "scored": 1}, "geometry": {"type": "Polygon", "coordinates": [[[-71.1207, 42.3546], [-71.1181, 42.3551], [-71.1107, 42.3518], [-71.1213, 42.3519], [-71.1207, 42.3546]]]}}, {"type": "Feature", "properties": {"fips": "25025081301", "gap_national": 51.9, "gap_stratum": 51.6, "burden": 86.5, "capacity": 43.2, "svi": 1.0, "top_decile_gap": 0.0, "stratum": "metropolitan", "scored": 1}, "geometry": {"type": "Polygon", "coordinates": [[[-71.0984, 42.3249], [-71.0983, 42.3158], [-71.0951, 42.3133], [-71.0992, 42.3144], [-71.1029, 42.3193], [-71.0984, 42.3249]]]}}, {"type": "Feature", "properties": {"fips": "25011041400", "gap_national": 20.0, "gap_stratum": -1.6, "burden": 62.2, "capacity": 47.3, "svi": 0.85, "top_decile_gap": 0.0, "stratum": "micropolitan", "scored": 1}, "geometry": {"type": "Polygon", "coordinates": [[[-72.6121, 42.607], [-72.6127, 42.5855], [-72.6067, 42.5824], [-72.601, 42.5856], [-72.5913, 42.5699], [-72.5945, 42.5663], [-72.6029, 42.5718], [-72.6208, 42.5704], [-72.6214, 42.5861], [-72.6121, 42.607]]]}}, {"type": "Feature", "properties": {"fips": "25017327101", "gap_national": -69.5, "gap_stratum": -66.6, "burden": 17.5, "capacity": 73.5, "svi": 0.03, "top_decile_gap": 0.0, "stratum": "metropolitan", "scored": 1}, "geometry": {"type": "Polygon", "coordinates": [[[-71.6507, 42.6909], [-71.6519, 42.7052], [-71.5425, 42.7027], [-71.5564, 42.6896], [-71.5555, 42.6784], [-71.5647, 42.672], [-71.5783, 42.6724], [-71.5868, 42.6806], [-71.5964, 42.6844], [-71.601, 42.6805], [-71.5998, 42.6743], [-71.6092, 42.6757], [-71.61, 42.6693], [-71.6345, 42.6733], [-71.6452, 42.6703], [-71.6535, 42.6751], [-71.6507, 42.6909]]]}}, {"type": "Feature", "properties": {"fips": "25017300100", "gap_national": -61.0, "gap_stratum": -55.9, "burden": 27.0, "capacity": 75.5, "svi": 0.01, "top_decile_gap": 0.0, "stratum": "metropolitan", "scored": 1}, "geometry": {"type": "Polygon", "coordinates": [[[-71.7726, 42.708], [-71.7753, 42.6367], [-71.8448, 42.638], [-71.8585, 42.6338], [-71.8578, 42.675], [-71.8638, 42.6796], [-71.8658, 42.6841], [-71.8698, 42.6836], [-71.8971, 42.7037], [-71.8988, 42.7114], [-71.7726, 42.708]]]}}, {"type": "Feature", "properties": {"fips": "25017312501", "gap_national": -42.7, "gap_stratum": -35.8, "burden": 38.1, "capacity": 71.1, "svi": 0.46, "top_decile_gap": 0.0, "stratum": "metropolitan", "scored": 1}, "geometry": {"type": "Polygon", "coordinates": [[[-71.2976, 42.6422], [-71.2993, 42.6468], [-71.2924, 42.6446], [-71.2752, 42.6562], [-71.2717, 42.648], [-71.2728, 42.6373], [-71.2815, 42.6447], [-71.2887, 42.6432], [-71.2876, 42.6405], [-71.2988, 42.639], [-71.3, 42.6416], [-71.2976, 42.6422]]]}}, {"type": "Feature", "properties": {"fips": "25025070802", "gap_national": -60.8, "gap_stratum": -61.7, "burden": 5.9, "capacity": 60.3, "svi": 0.64, "top_decile_gap": 0.0, "stratum": "metropolitan", "scored": 1}, "geometry": {"type": "Polygon", "coordinates": [[[-71.0801, 42.3442], [-71.0774, 42.3409], [-71.0803, 42.3394], [-71.0826, 42.3421], [-71.0801, 42.3442]]]}}, {"type": "Feature", "properties": {"fips": "25017356703", "gap_national": -74.8, "gap_stratum": -70.1, "burden": 27.0, "capacity": 93.3, "svi": 0.39, "top_decile_gap": 0.0, "stratum": "metropolitan", "scored": 1}, "geometry": {"type": "Polygon", "coordinates": [[[-71.1616, 42.412], [-71.1572, 42.419], [-71.152, 42.4195], [-71.1514, 42.4166], [-71.1557, 42.4135], [-71.1498, 42.4104], [-71.15, 42.4038], [-71.1575, 42.4024], [-71.167, 42.4083], [-71.1616, 42.412]]]}}, {"type": "Feature", "properties": {"fips": "25017342402", "gap_national": 7.7, "gap_stratum": 11.2, "burden": 28.7, "capacity": 25.0, "svi": 0.59, "top_decile_gap": 0.0, "stratum": "metropolitan", "scored": 1}, "geometry": {"type": "Polygon", "coordinates": [[[-71.0713, 42.4069], [-71.0736, 42.4094], [-71.0733, 42.4148], [-71.0681, 42.4151], [-71.0642, 42.4082], [-71.0639, 42.4016], [-71.0409, 42.4017], [-71.0481, 42.3966], [-71.0519, 42.3976], [-71.0531, 42.3952], [-71.05, 42.3935], [-71.0553, 42.3871], [-71.0657, 42.3866], [-71.0709, 42.389], [-71.0669, 42.3948], [-71.0727, 42.3908], [-71.076, 42.3997], [-71.0713, 42.4069]]]}}, {"type": "Feature", "properties": {"fips": "25017384004", "gap_national": -72.8, "gap_stratum": -68.9, "burden": 21.1, "capacity": 80.3, "svi": 0.35, "top_decile_gap": 0.0, "stratum": "metropolitan", "scored": 1}, "geometry": {"type": "Polygon", "coordinates": [[[-71.4685, 42.3067], [-71.4612, 42.304], [-71.4461, 42.3039], [-71.4419, 42.2995], [-71.4609, 42.2945], [-71.47, 42.2995], [-71.4716, 42.3039], [-71.4685, 42.3067]]]}}, {"type": "Feature", "properties": {"fips": "25017336404", "gap_national": -58.4, "gap_stratum": -56.0, "burden": 18.9, "capacity": 66.3, "svi": 0.16, "top_decile_gap": 0.0, "stratum": "metropolitan", "scored": 1}, "geometry": {"type": "Polygon", "coordinates": [[[-71.0633, 42.4533], [-71.0565, 42.4447], [-71.0503, 42.4422], [-71.0677, 42.4404], [-71.0686, 42.4518], [-71.0633, 42.4533]]]}}, {"type": "Feature", "properties": {"fips": "25017332201", "gap_national": -70.5, "gap_stratum": -66.7, "burden": 20.6, "capacity": 77.4, "svi": 0.26, "top_decile_gap": 0.0, "stratum": "metropolitan", "scored": 1}, "geometry": {"type": "Polygon", "coordinates": [[[-71.1808, 42.4951], [-71.1685, 42.4975], [-71.1689, 42.4905], [-71.1707, 42.4898], [-71.1689, 42.4871], [-71.1864, 42.481], [-71.1916, 42.4885], [-71.1808, 42.4951]]]}}, {"type": "Feature", "properties": {"fips": "25023509102", "gap_national": -66.6, "gap_stratum": -61.1, "burden": 29.3, "capacity": 84.0, "svi": 0.26, "top_decile_gap": 0.0, "stratum": "metropolitan", "scored": 1}, "geometry": {"type": "Polygon", "coordinates": [[[-70.7755, 42.0232], [-70.7312, 42.0177], [-70.7242, 42.0094], [-70.7218, 42.0028], [-70.711, 42.0032], [-70.71, 41.9995], [-70.7064, 42.0007], [-70.7, 41.9983], [-70.699, 41.9871], [-70.6935, 41.9831], [-70.7174, 41.9881], [-70.7277, 41.9929], [-70.7438, 41.9954], [-70.7483, 41.9937], [-70.758, 41.9974], [-70.7598, 41.9957], [-70.7638, 41.9987], [-70.7682, 41.9967], [-70.7876, 42.0015], [-70.7859, 42.0032], [-70.7879, 42.0127], [-70.8004, 42.0161], [-70.7967, 42.0206], [-70.7755, 42.0232]]]}}, {"type": "Feature", "properties": {"fips": "25023507101", "gap_national": -80.8, "gap_stratum": -77.2, "burden": 21.4, "capacity": 92.0, "svi": 0.15, "top_decile_gap": 0.0, "stratum": "metropolitan", "scored": 1}, "geometry": {"type": "Polygon", "coordinates": [[[-70.7504, 42.096], [-70.7275, 42.064], [-70.7228, 42.0449], [-70.7263, 42.0119], [-70.7312, 42.0177], [-70.7695, 42.0221], [-70.7654, 42.0313], [-70.7615, 42.0314], [-70.7592, 42.0342], [-70.7647, 42.0381], [-70.7687, 42.0451], [-70.7814, 42.0468], [-70.7504, 42.096]]]}}, {"type": "Feature", "properties": {"fips": "25023542101", "gap_national": -48.0, "gap_stratum": -40.6, "burden": 38.6, "capacity": 76.0, "svi": 0.08, "top_decile_gap": 0.0, "stratum": "metropolitan", "scored": 1}, "geometry": {"type": "Polygon", "coordinates": [[[-70.8691, 41.9483], [-70.8609, 41.955], [-70.8155, 41.9136], [-70.8025, 41.8753], [-70.8118, 41.8736], [-70.8092, 41.8687], [-70.7939, 41.8573], [-70.7945, 41.8492], [-70.7902, 41.8461], [-70.7889, 41.8365], [-70.7789, 41.8318], [-70.7722, 41.8316], [-70.7632, 41.8098], [-70.8466, 41.8014], [-70.8508, 41.8203], [-70.8505, 41.8317], [-70.8521, 41.8338], [-70.8624, 41.8358], [-70.8606, 41.8457], [-70.8552, 41.8528], [-70.888, 41.8739], [-70.8841, 41.8794], [-70.8767, 41.8753], [-70.8825, 41.8857], [-70.8779, 41.8977], [-70.8845, 41.907], [-70.8821, 41.9117], [-70.874, 41.9163], [-70.9006, 41.9627], [-70.8691, 41.9483]]]}}, {"type": "Feature", "properties": {"fips": "25023530100", "gap_national": -52.7, "gap_stratum": -44.9, "burden": 43.2, "capacity": 86.9, "svi": 0.39, "top_decile_gap": 0.0, "stratum": "metropolitan", "scored": 1}, "geometry": {"type": "Polygon", "coordinates": [[[-70.7217, 41.9542], [-70.7043, 41.9721], [-70.6857, 41.9579], [-70.6789, 41.9499], [-70.6924, 41.9442], [-70.7067, 41.9441], [-70.7294, 41.9314], [-70.7362, 41.9313], [-70.7507, 41.9259], [-70.7535, 41.9332], [-70.7217, 41.9542]]]}}, {"type": "Feature", "properties": {"fips": "25023524101", "gap_national": -63.2, "gap_stratum": -57.8, "burden": 28.0, "capacity": 78.6, "svi": 0.12, "top_decile_gap": 0.0, "stratum": "metropolitan", "scored": 1}, "geometry": {"type": "Polygon", "coordinates": [[[-71.0258, 42.0551], [-71.0229, 42.0422], [-71.0176, 42.0428], [-71.0199, 42.0379], [-71.0147, 42.0377], [-71.0089, 42.0321], [-71.0084, 42.0279], [-71.0153, 42.0236], [-71.0213, 42.0271], [-71.0272, 42.0272], [-71.0314, 42.0246], [-71.0298, 42.0098], [-71.0284, 42.0071], [-71.0239, 42.009], [-71.0227, 42.0129], [-71.0159, 42.0139], [-71.0133, 42.01], [-71.0102, 42.0112], [-71.0058, 42.0083], [-71.0018, 42.0021], [-71.0027, 41.9981], [-71.0542, 41.9827], [-71.0696, 42.0497], [-71.0258, 42.0551]]]}}, {"type": "Feature", "properties": {"fips": "25023510600", "gap_national": -38.6, "gap_stratum": -29.9, "burden": 53.2, "capacity": 83.5, "svi": 0.25, "top_decile_gap": 0.0, "stratum": "metropolitan", "scored": 1}, "geometry": {"type": "Polygon", "coordinates": [[[-71.046, 42.0889], [-71.0426, 42.0732], [-71.0498, 42.0681], [-71.054, 42.0725], [-71.0742, 42.0691], [-71.0788, 42.0883], [-71.046, 42.0889]]]}}, {"type": "Feature", "properties": {"fips": "25023511301", "gap_national": -7.1, "gap_stratum": -0.3, "burden": 55.5, "capacity": 60.3, "svi": 0.84, "top_decile_gap": 0.0, "stratum": "metropolitan", "scored": 1}, "geometry": {"type": "Polygon", "coordinates": [[[-70.9933, 42.0738], [-70.9832, 42.0667], [-70.9943, 42.0671], [-71.0035, 42.0632], [-71.0062, 42.0558], [-71.0138, 42.0649], [-71.0165, 42.0811], [-70.9933, 42.0738]]]}}, {"type": "Feature", "properties": {"fips": "25013812701", "gap_national": 15.3, "gap_stratum": 20.1, "burden": 68.9, "capacity": 56.0, "svi": 0.77, "top_decile_gap": 0.0, "stratum": "metropolitan", "scored": 1}, "geometry": {"type": "Polygon", "coordinates": [[[-72.7601, 42.1191], [-72.7624, 42.1224], [-72.7594, 42.1271], [-72.7573, 42.1266], [-72.7545, 42.1306], [-72.7495, 42.1301], [-72.7526, 42.1202], [-72.7504, 42.12], [-72.7504, 42.1146], [-72.7652, 42.1126], [-72.7601, 42.1191]]]}}, {"type": "Feature", "properties": {"fips": "25021423101", "gap_national": -86.5, "gap_stratum": -84.5, "burden": 13.5, "capacity": 87.4, "svi": 0.2, "top_decile_gap": 0.0, "stratum": "metropolitan", "scored": 1}, "geometry": {"type": "Polygon", "coordinates": [[[-70.8094, 42.2427], [-70.8105, 42.244], [-70.8039, 42.2442], [-70.7914, 42.255], [-70.7844, 42.2486], [-70.7815, 42.2487], [-70.789, 42.2402], [-70.7834, 42.2405], [-70.782, 42.2364], [-70.7887, 42.2326], [-70.7848, 42.2259], [-70.7889, 42.2255], [-70.7891, 42.2228], [-70.7971, 42.2182], [-70.8046, 42.2236], [-70.8075, 42.2214], [-70.8234, 42.2348], [-70.8094, 42.2427]]]}}, {"type": "Feature", "properties": {"fips": "25013812202", "gap_national": -20.6, "gap_stratum": -12.3, "burden": 56.7, "capacity": 70.6, "svi": 0.73, "top_decile_gap": 0.0, "stratum": "metropolitan", "scored": 1}, "geometry": {"type": "Polygon", "coordinates": [[[-72.6273, 42.162], [-72.627, 42.1513], [-72.6184, 42.1437], [-72.6153, 42.1357], [-72.6257, 42.1363], [-72.6266, 42.1295], [-72.6351, 42.1302], [-72.6371, 42.1285], [-72.6467, 42.1464], [-72.6535, 42.149], [-72.653, 42.1548], [-72.6585, 42.155], [-72.6673, 42.1627], [-72.6273, 42.162]]]}}, {"type": "Feature", "properties": {"fips": "25013812401", "gap_national": -60.9, "gap_stratum": -54.1, "burden": 36.9, "capacity": 88.6, "svi": 0.03, "top_decile_gap": 0.0, "stratum": "metropolitan", "scored": 1}, "geometry": {"type": "Polygon", "coordinates": [[[-72.6902, 42.1287], [-72.6864, 42.1359], [-72.6867, 42.1439], [-72.6892, 42.1463], [-72.6849, 42.1629], [-72.6673, 42.1627], [-72.6585, 42.155], [-72.653, 42.1548], [-72.6535, 42.149], [-72.6467, 42.1464], [-72.6378, 42.1304], [-72.6558, 42.1315], [-72.6593, 42.126], [-72.6676, 42.1245], [-72.662, 42.1123], [-72.6627, 42.105], [-72.6536, 42.1062], [-72.6496, 42.1037], [-72.6498, 42.0997], [-72.6362, 42.0994], [-72.6582, 42.0962], [-72.6622, 42.0844], [-72.6663, 42.0866], [-72.6767, 42.1005], [-72.6814, 42.1007], [-72.6835, 42.1071], [-72.6947, 42.1062], [-72.6902, 42.1287]]]}}, {"type": "Feature", "properties": {"fips": "25017350800", "gap_national": -48.6, "gap_stratum": -51.0, "burden": 1.6, "capacity": 50.6, "svi": 0.08, "top_decile_gap": 0.0, "stratum": "metropolitan", "scored": 1}, "geometry": {"type": "Polygon", "coordinates": [[[-71.1287, 42.404], [-71.1269, 42.4031], [-71.1229, 42.397], [-71.1277, 42.3975], [-71.1307, 42.4009], [-71.1287, 42.404]]]}}, {"type": "Feature", "properties": {"fips": "25021423102", "gap_national": -85.8, "gap_stratum": -83.6, "burden": 14.7, "capacity": 88.1, "svi": 0.16, "top_decile_gap": 0.0, "stratum": "metropolitan", "scored": 1}, "geometry": {"type": "Polygon", "coordinates": [[[-70.8412, 42.2433], [-70.8493, 42.2473], [-70.8489, 42.2519], [-70.8446, 42.2604], [-70.8362, 42.2647], [-70.8247, 42.2659], [-70.7914, 42.255], [-70.8039, 42.2442], [-70.8105, 42.244], [-70.8094, 42.2427], [-70.8234, 42.2348], [-70.8075, 42.2214], [-70.8046, 42.2236], [-70.7971, 42.2182], [-70.827, 42.2008], [-70.8408, 42.2131], [-70.8528, 42.2398], [-70.8412, 42.2433]]]}}, {"type": "Feature", "properties": {"fips": "25021420102", "gap_national": -53.3, "gap_stratum": -46.9, "burden": 33.5, "capacity": 75.3, "svi": 0.64, "top_decile_gap": 0.0, "stratum": "metropolitan", "scored": 1}, "geometry": {"type": "Polygon", "coordinates": [[[-71.0495, 42.2067], [-71.0473, 42.1946], [-71.0415, 42.1936], [-71.043, 42.1926], [-71.0416, 42.1818], [-71.0549, 42.1851], [-71.0651, 42.2054], [-71.0495, 42.2067]]]}}, {"type": "Feature", "properties": {"fips": "25021443106", "gap_national": -69.2, "gap_stratum": -65.2, "burden": 21.8, "capacity": 77.6, "svi": 0.39, "top_decile_gap": 0.0, "stratum": "metropolitan", "scored": 1}, "geometry": {"type": "Polygon", "coordinates": [[[-71.4785, 42.1314], [-71.4414, 42.1348], [-71.4464, 42.1033], [-71.4485, 42.1039], [-71.4507, 42.0978], [-71.4593, 42.0974], [-71.4597, 42.0919], [-71.4627, 42.0896], [-71.4734, 42.0904], [-71.4756, 42.0919], [-71.4749, 42.0957], [-71.4852, 42.1033], [-71.4887, 42.1116], [-71.4875, 42.1236], [-71.4898, 42.1248], [-71.4785, 42.1314]]]}}, {"type": "Feature", "properties": {"fips": "25021400201", "gap_national": -81.0, "gap_stratum": -80.3, "burden": 3.8, "capacity": 73.7, "svi": 0.25, "top_decile_gap": 0.0, "stratum": "metropolitan", "scored": 1}, "geometry": {"type": "Polygon", "coordinates": [[[-71.1217, 42.3461], [-71.1186, 42.3451], [-71.1166, 42.3473], [-71.1175, 42.341], [-71.1224, 42.3442], [-71.1217, 42.3461]]]}}, {"type": "Feature", "properties": {"fips": "25021442203", "gap_national": -55.9, "gap_stratum": -48.7, "burden": 37.3, "capacity": 82.4, "svi": 0.41, "top_decile_gap": 0.0, "stratum": "metropolitan", "scored": 1}, "geometry": {"type": "Polygon", "coordinates": [[[-71.3958, 42.0692], [-71.3904, 42.0797], [-71.3786, 42.091], [-71.375, 42.0942], [-71.3699, 42.0922], [-71.3643, 42.1001], [-71.3593, 42.0895], [-71.3782, 42.0565], [-71.4009, 42.0651], [-71.3958, 42.0692]]]}}, {"type": "Feature", "properties": {"fips": "25023506206", "gap_national": -61.4, "gap_stratum": -54.6, "burden": 37.5, "capacity": 90.6, "svi": 0.1, "top_decile_gap": 0.0, "stratum": "metropolitan", "scored": 1}, "geometry": {"type": "Polygon", "coordinates": [[[-70.6639, 42.1083], [-70.6402, 42.0886], [-70.6385, 42.0816], [-70.6442, 42.0782], [-70.648, 42.0852], [-70.664, 42.0913], [-70.6665, 42.0948], [-70.6626, 42.0993], [-70.6674, 42.1022], [-70.6742, 42.0981], [-70.6777, 42.0982], [-70.6783, 42.1004], [-70.6639, 42.1083]]]}}, {"type": "Feature", "properties": {"fips": "25017351500", "gap_national": -22.0, "gap_stratum": -20.0, "burden": 26.6, "capacity": 47.8, "svi": 0.55, "top_decile_gap": 0.0, "stratum": "metropolitan", "scored": 1}, "geometry": {"type": "Polygon", "coordinates": [[[-71.0964, 42.3796], [-71.0809, 42.3821], [-71.0757, 42.3802], [-71.0727, 42.3732], [-71.0974, 42.3744], [-71.0964, 42.3796]]]}}, {"type": "Feature", "properties": {"fips": "25017335302", "gap_national": -75.1, "gap_stratum": -72.0, "burden": 17.6, "capacity": 78.7, "svi": 0.13, "top_decile_gap": 0.0, "stratum": "metropolitan", "scored": 1}, "geometry": {"type": "Polygon", "coordinates": [[[-71.0635, 42.5148], [-71.0575, 42.5242], [-71.041, 42.5263], [-71.0386, 42.524], [-71.041, 42.5198], [-71.0349, 42.5068], [-71.0438, 42.5012], [-71.0421, 42.4983], [-71.0667, 42.5036], [-71.0635, 42.5148]]]}}, {"type": "Feature", "properties": {"fips": "25017368400", "gap_national": -39.0, "gap_stratum": -41.4, "burden": 2.1, "capacity": 43.9, "svi": 0.18, "top_decile_gap": 0.0, "stratum": "metropolitan", "scored": 1}, "geometry": {"type": "Polygon", "coordinates": [[[-71.2708, 42.3695], [-71.2615, 42.3738], [-71.2437, 42.374], [-71.2426, 42.3719], [-71.2365, 42.3741], [-71.2437, 42.3688], [-71.2462, 42.3621], [-71.2494, 42.362], [-71.2561, 42.3538], [-71.2649, 42.3552], [-71.2735, 42.3655], [-71.2708, 42.3695]]]}}, {"type": "Feature", "properties": {"fips": "25017358100", "gap_national": -89.6, "gap_stratum": -88.2, "burden": 10.1, "capacity": 87.4, "svi": 0.14, "top_decile_gap": 0.0, "stratum": "metropolitan", "scored": 1}, "geometry": {"type": "Polygon", "coordinates": [[[-71.2223, 42.4342], [-71.2102, 42.4348], [-71.203, 42.4401], [-71.1914, 42.4337], [-71.1894, 42.4283], [-71.2076, 42.4098], [-71.2189, 42.4156], [-71.2148, 42.4184], [-71.2198, 42.4222], [-71.2207, 42.4272], [-71.2257, 42.4291], [-71.2223, 42.4342]]]}}, {"type": "Feature", "properties": {"fips": "25027702202", "gap_national": -27.5, "gap_stratum": -19.8, "burden": 47.7, "capacity": 68.0, "svi": 0.2, "top_decile_gap": 0.0, "stratum": "metropolitan", "scored": 1}, "geometry": {"type": "Polygon", "coordinates": [[[-72.0777, 42.7162], [-72.0706, 42.7131], [-72.0632, 42.7059], [-72.0579, 42.6891], [-72.0613, 42.6883], [-72.0567, 42.6816], [-72.065, 42.6805], [-72.0674, 42.6754], [-72.079, 42.6679], [-72.0781, 42.6568], [-72.0812, 42.6464], [-72.0808, 42.6385], [-72.0745, 42.6242], [-72.1166, 42.6266], [-72.1111, 42.7172], [-72.0777, 42.7162]]]}}, {"type": "Feature", "properties": {"fips": "25023506205", "gap_national": -58.2, "gap_stratum": -50.9, "burden": 40.3, "capacity": 90.5, "svi": 0.03, "top_decile_gap": 0.0, "stratum": "metropolitan", "scored": 1}, "geometry": {"type": "Polygon", "coordinates": [[[-70.6795, 42.1263], [-70.6639, 42.1083], [-70.6656, 42.106], [-70.6791, 42.1], [-70.6786, 42.1048], [-70.6819, 42.1084], [-70.6776, 42.1174], [-70.6826, 42.1254], [-70.6795, 42.1263]]]}}, {"type": "Feature", "properties": {"fips": "25003900100", "gap_national": 29.1, "gap_stratum": 31.0, "burden": 80.5, "capacity": 55.1, "svi": 0.82, "top_decile_gap": 0.0, "stratum": "metropolitan", "scored": 1}, "geometry": {"type": "Polygon", "coordinates": [[[-73.2573, 42.4515], [-73.2552, 42.459], [-73.2508, 42.4611], [-73.2504, 42.4574], [-73.2456, 42.4567], [-73.2519, 42.4438], [-73.2577, 42.4447], [-73.2578, 42.4481], [-73.2621, 42.4497], [-73.2573, 42.4515]]]}}, {"type": "Feature", "properties": {"fips": "25009254100", "gap_national": -85.0, "gap_stratum": -82.4, "burden": 17.0, "capacity": 90.7, "svi": 0.16, "top_decile_gap": 0.0, "stratum": "metropolitan", "scored": 1}, "geometry": {"type": "Polygon", "coordinates": [[[-71.1725, 42.6781], [-71.1512, 42.6817], [-71.1345, 42.6768], [-71.1268, 42.6718], [-71.135, 42.6627], [-71.1447, 42.6627], [-71.15, 42.6593], [-71.1665, 42.6605], [-71.174, 42.6712], [-71.1725, 42.6781]]]}}, {"type": "Feature", "properties": {"fips": "25009222100", "gap_national": -76.9, "gap_stratum": -73.1, "burden": 21.9, "capacity": 86.3, "svi": 0.06, "top_decile_gap": 0.0, "stratum": "metropolitan", "scored": 1}, "geometry": {"type": "Polygon", "coordinates": [[[-70.8119, 42.6253], [-70.8131, 42.6405], [-70.8169, 42.6413], [-70.8145, 42.6466], [-70.8159, 42.6473], [-70.8033, 42.6567], [-70.794, 42.656], [-70.7956, 42.6592], [-70.7909, 42.6596], [-70.794, 42.6632], [-70.7901, 42.6619], [-70.7895, 42.6678], [-70.7774, 42.6731], [-70.7595, 42.6749], [-70.7515, 42.6708], [-70.7325, 42.654], [-70.7574, 42.6201], [-70.7456, 42.5996], [-70.8008, 42.5953], [-70.8009, 42.602], [-70.8095, 42.6073], [-70.8186, 42.6249], [-70.8119, 42.6253]]]}}, {"type": "Feature", "properties": {"fips": "25009221400", "gap_national": -5.3, "gap_stratum": 1.7, "burden": 61.6, "capacity": 63.8, "svi": 0.74, "top_decile_gap": 0.0, "stratum": "metropolitan", "scored": 1}, "geometry": {"type": "Polygon", "coordinates": [[[-70.6539, 42.6236], [-70.6468, 42.6203], [-70.6453, 42.6165], [-70.6546, 42.6126], [-70.6525, 42.617], [-70.6563, 42.6156], [-70.6628, 42.6177], [-70.6643, 42.6247], [-70.6539, 42.6236]]]}}, {"type": "Feature", "properties": {"fips": "25009215101", "gap_national": -77.0, "gap_stratum": -73.3, "burden": 21.0, "capacity": 85.2, "svi": 0.11, "top_decile_gap": 0.0, "stratum": "metropolitan", "scored": 1}, "geometry": {"type": "Polygon", "coordinates": [[[-70.857, 42.6421], [-70.8443, 42.6474], [-70.8335, 42.6488], [-70.831, 42.6421], [-70.8341, 42.6402], [-70.8241, 42.6342], [-70.8218, 42.6423], [-70.8131, 42.6405], [-70.8119, 42.6253], [-70.8186, 42.6249], [-70.8186, 42.6217], [-70.8095, 42.6073], [-70.8009, 42.602], [-70.8008, 42.5953], [-70.8145, 42.5934], [-70.8747, 42.6097], [-70.857, 42.6421]]]}}, {"type": "Feature", "properties": {"fips": "25009202101", "gap_national": -71.3, "gap_stratum": -66.3, "burden": 27.7, "capacity": 88.0, "svi": 0.35, "top_decile_gap": 0.0, "stratum": "metropolitan", "scored": 1}, "geometry": {"type": "Polygon", "coordinates": [[[-70.9042, 42.4802], [-70.9002, 42.485], [-70.8925, 42.4761], [-70.9091, 42.4743], [-70.908, 42.4729], [-70.917, 42.4681], [-70.9223, 42.4674], [-70.9227, 42.4695], [-70.9042, 42.4802]]]}}, {"type": "Feature", "properties": {"fips": "25009253205", "gap_national": -88.0, "gap_stratum": -86.6, "burden": 8.8, "capacity": 83.8, "svi": 0.0, "top_decile_gap": 0.0, "stratum": "metropolitan", "scored": 1}, "geometry": {"type": "Polygon", "coordinates": [[[-71.0716, 42.6892], [-71.0685, 42.6942], [-71.0645, 42.6947], [-71.0405, 42.6727], [-71.0223, 42.6416], [-71.0433, 42.6325], [-71.0593, 42.646], [-71.0702, 42.66], [-71.0718, 42.6656], [-71.0645, 42.6709], [-71.0829, 42.6691], [-71.0916, 42.6726], [-71.0979, 42.6784], [-71.0716, 42.6892]]]}}, {"type": "Feature", "properties": {"fips": "25027704201", "gap_national": -40.3, "gap_stratum": -31.8, "burden": 47.9, "capacity": 78.7, "svi": 0.06, "top_decile_gap": 0.0, "stratum": "metropolitan", "scored": 1}, "geometry": {"type": "Polygon", "coordinates": [[[-72.1756, 42.5899], [-72.1676, 42.5849], [-72.1631, 42.5889], [-72.1655, 42.5903], [-72.1571, 42.5994], [-72.1613, 42.6011], [-72.1636, 42.5983], [-72.1679, 42.6001], [-72.1707, 42.597], [-72.1548, 42.62], [-72.1544, 42.6238], [-72.139, 42.6239], [-72.1287, 42.6121], [-72.1248, 42.6113], [-72.1216, 42.5784], [-72.1269, 42.5753], [-72.0954, 42.5355], [-72.0906, 42.5238], [-72.0919, 42.5188], [-72.0853, 42.5121], [-72.085, 42.5052], [-72.0803, 42.4993], [-72.082, 42.4956], [-72.1009, 42.4837], [-72.1856, 42.5504], [-72.1756, 42.5899]]]}}, {"type": "Feature", "properties": {"fips": "25027716101", "gap_national": -60.3, "gap_stratum": -53.9, "burden": 33.2, "capacity": 81.8, "svi": 0.18, "top_decile_gap": 0.0, "stratum": "metropolitan", "scored": 1}, "geometry": {"type": "Polygon", "coordinates": [[[-71.6567, 42.431], [-71.6666, 42.3992], [-71.6754, 42.4106], [-71.6819, 42.4096], [-71.6678, 42.417], [-71.6655, 42.4215], [-71.6663, 42.4232], [-71.6789, 42.4234], [-71.6808, 42.4283], [-71.678, 42.4314], [-71.6823, 42.4337], [-71.6811, 42.4354], [-71.6567, 42.431]]]}}, {"type": "Feature", "properties": {"fips": "25003900700", "gap_national": -50.0, "gap_stratum": -42.0, "burden": 44.5, "capacity": 85.2, "svi": 0.46, "top_decile_gap": 0.0, "stratum": "metropolitan", "scored": 1}, "geometry": {"type": "Polygon", "coordinates": [[[-73.3178, 42.4341], [-73.3081, 42.4397], [-73.2849, 42.4451], [-73.2672, 42.446], [-73.268, 42.4432], [-73.2608, 42.4439], [-73.2626, 42.4368], [-73.2725, 42.4403], [-73.2877, 42.4323], [-73.2973, 42.43], [-73.3126, 42.4145], [-73.3313, 42.4174], [-73.3178, 42.4341]]]}}, {"type": "Feature", "properties": {"fips": "25003920102", "gap_national": -62.8, "gap_stratum": -85.3, "burden": 27.9, "capacity": 78.1, "svi": 0.29, "top_decile_gap": 0.0, "stratum": "micropolitan", "scored": 1}, "geometry": {"type": "Polygon", "coordinates": [[[-73.2731, 42.724], [-73.2697, 42.7241], [-73.2564, 42.7108], [-73.2407, 42.7043], [-73.2374, 42.7006], [-73.2392, 42.6929], [-73.2378, 42.6893], [-73.2323, 42.6873], [-73.2229, 42.7017], [-73.2209, 42.7097], [-73.211, 42.714], [-73.1957, 42.7103], [-73.1846, 42.702], [-73.1762, 42.7012], [-73.1772, 42.687], [-73.1678, 42.6867], [-73.1715, 42.6287], [-73.307, 42.6327], [-73.2731, 42.724]]]}}, {"type": "Feature", "properties": {"fips": "25013813702", "gap_national": -39.3, "gap_stratum": -30.6, "burden": 52.5, "capacity": 83.4, "svi": 0.39, "top_decile_gap": 0.0, "stratum": "metropolitan", "scored": 1}, "geometry": {"type": "Polygon", "coordinates": [[[-72.3687, 42.154], [-72.3555, 42.1605], [-72.3463, 42.1617], [-72.3361, 42.1592], [-72.3303, 42.152], [-72.3189, 42.1464], [-72.3162, 42.1482], [-72.3107, 42.1407], [-72.3068, 42.1254], [-72.3128, 42.1169], [-72.3186, 42.1022], [-72.3127, 42.0966], [-72.31, 42.0863], [-72.3127, 42.0718], [-72.3216, 42.0604], [-72.3241, 42.0492], [-72.3213, 42.032], [-72.367, 42.0327], [-72.389, 42.1524], [-72.3687, 42.154]]]}}, {"type": "Feature", "properties": {"fips": "25013813101", "gap_national": -48.3, "gap_stratum": -40.2, "burden": 44.8, "capacity": 83.4, "svi": 0.15, "top_decile_gap": 0.0, "stratum": "metropolitan", "scored": 1}, "geometry": {"type": "Polygon", "coordinates": [[[-72.7842, 42.0457], [-72.7691, 42.0557], [-72.7644, 42.0641], [-72.7643, 42.0696], [-72.7686, 42.0778], [-72.7631, 42.0902], [-72.706, 42.0808], [-72.7081, 42.0555], [-72.7146, 42.0366], [-72.7558, 42.0362], [-72.7575, 42.0333], [-72.7517, 42.0302], [-72.7575, 42.0209], [-72.7622, 42.0215], [-72.7597, 42.017], [-72.7661, 42.0077], [-72.7667, 42.003], [-72.7706, 42.0026], [-72.7729, 42.01], [-72.7707, 42.0196], [-72.7805, 42.0204], [-72.7862, 42.0256], [-72.7842, 42.0457]]]}}, {"type": "Feature", "properties": {"fips": "25013801601", "gap_national": -36.7, "gap_stratum": -32.9, "burden": 29.9, "capacity": 60.3, "svi": 0.74, "top_decile_gap": 0.0, "stratum": "metropolitan", "scored": 1}, "geometry": {"type": "Polygon", "coordinates": [[[-72.5275, 42.1184], [-72.5244, 42.1181], [-72.5241, 42.116], [-72.5037, 42.1174], [-72.4984, 42.1142], [-72.509, 42.1016], [-72.5174, 42.1007], [-72.522, 42.1048], [-72.5293, 42.1036], [-72.5339, 42.1077], [-72.5425, 42.1079], [-72.541, 42.1121], [-72.5275, 42.1184]]]}}, {"type": "Feature", "properties": {"fips": "25013801901", "gap_national": 81.4, "gap_stratum": 82.2, "burden": 88.5, "capacity": 17.7, "svi": 0.99, "top_decile_gap": 1.0, "stratum": "metropolitan", "scored": 1}, "geometry": {"type": "Polygon", "coordinates": [[[-72.5749, 42.0924], [-72.5738, 42.0993], [-72.5642, 42.099], [-72.5652, 42.095], [-72.5747, 42.0878], [-72.5808, 42.0888], [-72.5749, 42.0924]]]}}, {"type": "Feature", "properties": {"fips": "25017374100", "gap_national": -82.5, "gap_stratum": -80.2, "burden": 14.2, "capacity": 83.0, "svi": 0.31, "top_decile_gap": 0.0, "stratum": "metropolitan", "scored": 1}, "geometry": {"type": "Polygon", "coordinates": [[[-71.2077, 42.3194], [-71.2027, 42.3172], [-71.2063, 42.3159], [-71.2061, 42.3135], [-71.2091, 42.3136], [-71.2056, 42.3058], [-71.2113, 42.3031], [-71.2133, 42.3062], [-71.2267, 42.3083], [-71.228, 42.3168], [-71.2077, 42.3194]]]}}, {"type": "Feature", "properties": {"fips": "25025030500", "gap_national": -59.0, "gap_stratum": -60.6, "burden": 2.1, "capacity": 57.7, "svi": 0.23, "top_decile_gap": 0.0, "stratum": "metropolitan", "scored": 1}, "geometry": {"type": "Polygon", "coordinates": [[[-71.0526, 42.3707], [-71.0502, 42.3641], [-71.0535, 42.3648], [-71.0534, 42.3675], [-71.0585, 42.367], [-71.0598, 42.3688], [-71.0526, 42.3707]]]}}, {"type": "Feature", "properties": {"fips": "25025101001", "gap_national": -23.8, "gap_stratum": -16.8, "burden": 68.7, "capacity": 88.3, "svi": 0.86, "top_decile_gap": 0.0, "stratum": "metropolitan", "scored": 1}, "geometry": {"type": "Polygon", "coordinates": [[[-71.1075, 42.2783], [-71.1011, 42.2778], [-71.0984, 42.2817], [-71.0981, 42.2776], [-71.0937, 42.2744], [-71.0939, 42.2671], [-71.0979, 42.2629], [-71.1086, 42.2754], [-71.1075, 42.2783]]]}}, {"type": "Feature", "properties": {"fips": "25025981100", "gap_national": 47.0, "gap_stratum": 54.7, "burden": 52.5, "capacity": 12.1, "svi": 0.19, "top_decile_gap": 0.0, "stratum": "metropolitan", "scored": 1}, "geometry": {"type": "Polygon", "coordinates": [[[-71.1047, 42.3003], [-71.0964, 42.2932], [-71.1006, 42.2879], [-71.0949, 42.2872], [-71.1011, 42.2778], [-71.1075, 42.2783], [-71.1092, 42.2744], [-71.1153, 42.278], [-71.1054, 42.2867], [-71.1154, 42.2946], [-71.1047, 42.3003]]]}}, {"type": "Feature", "properties": {"fips": "25009217601", "gap_national": -65.1, "gap_stratum": -58.7, "burden": 35.6, "capacity": 93.8, "svi": 0.25, "top_decile_gap": 0.0, "stratum": "metropolitan", "scored": 1}, "geometry": {"type": "Polygon", "coordinates": [[[-70.8459, 42.5796], [-70.8609, 42.5908], [-70.8354, 42.5907], [-70.8241, 42.5806], [-70.8467, 42.573], [-70.8464, 42.5702], [-70.8523, 42.5628], [-70.8504, 42.557], [-70.8518, 42.5557], [-70.8455, 42.5527], [-70.8462, 42.5501], [-70.8501, 42.5511], [-70.8566, 42.5469], [-70.8609, 42.5529], [-70.8603, 42.5584], [-70.8682, 42.5625], [-70.8459, 42.5796]]]}}, {"type": "Feature", "properties": {"fips": "25017374800", "gap_national": -71.0, "gap_stratum": -70.1, "burden": 9.8, "capacity": 69.0, "svi": 0.35, "top_decile_gap": 0.0, "stratum": "metropolitan", "scored": 1}, "geometry": {"type": "Polygon", "coordinates": [[[-71.2651, 42.3318], [-71.2558, 42.339], [-71.2609, 42.341], [-71.2498, 42.3457], [-71.2376, 42.3469], [-71.2399, 42.3445], [-71.2364, 42.3432], [-71.241, 42.3376], [-71.2407, 42.3342], [-71.2439, 42.3344], [-71.2545, 42.3264], [-71.2631, 42.3261], [-71.27, 42.3281], [-71.2703, 42.3309], [-71.2651, 42.3318]]]}}, {"type": "Feature", "properties": {"fips": "25017333400", "gap_national": -52.0, "gap_stratum": -47.6, "burden": 27.1, "capacity": 68.5, "svi": 0.32, "top_decile_gap": 0.0, "stratum": "metropolitan", "scored": 1}, "geometry": {"type": "Polygon", "coordinates": [[[-71.1331, 42.481], [-71.1357, 42.4877], [-71.1215, 42.4985], [-71.1168, 42.4945], [-71.1121, 42.4738], [-71.1238, 42.4734], [-71.1379, 42.4686], [-71.1415, 42.4705], [-71.1466, 42.4809], [-71.1331, 42.481]]]}}, {"type": "Feature", "properties": {"fips": "25025981501", "gap_national": null, "gap_stratum": null, "burden": null, "capacity": null, "svi": null, "top_decile_gap": null, "stratum": null, "scored": 0}, "geometry": {"type": "Polygon", "coordinates": [[[-71.1639, 42.3585], [-71.1483, 42.3611], [-71.1445, 42.3648], [-71.1399, 42.3644], [-71.132, 42.3693], [-71.1331, 42.3727], [-71.1282, 42.3736], [-71.1232, 42.3689], [-71.1172, 42.3674], [-71.1169, 42.3555], [-71.1043, 42.3524], [-71.0794, 42.3583], [-71.0715, 42.3671], [-71.0685, 42.3665], [-71.0735, 42.3561], [-71.095, 42.3506], [-71.1141, 42.3524], [-71.1181, 42.3551], [-71.1186, 42.3672], [-71.1253, 42.3689], [-71.1279, 42.3726], [-71.1301, 42.3726], [-71.1313, 42.3674], [-71.1355, 42.3648], [-71.1479, 42.3606], [-71.1629, 42.358], [-71.1695, 42.358], [-71.1676, 42.3601], [-71.1639, 42.3585]]]}}, {"type": "Feature", "properties": {"fips": "25017387201", "gap_national": -77.1, "gap_stratum": -73.8, "burden": 18.8, "capacity": 82.3, "svi": 0.09, "top_decile_gap": 0.0, "stratum": "metropolitan", "scored": 1}, "geometry": {"type": "Polygon", "coordinates": [[[-71.4174, 42.238], [-71.4132, 42.2342], [-71.4086, 42.2217], [-71.4103, 42.2184], [-71.4207, 42.2135], [-71.4184, 42.2084], [-71.4313, 42.1924], [-71.4353, 42.1888], [-71.4374, 42.1911], [-71.4395, 42.1892], [-71.4489, 42.2033], [-71.4459, 42.2065], [-71.4586, 42.2321], [-71.4174, 42.238]]]}}, {"type": "Feature", "properties": {"fips": "25017383502", "gap_national": -33.9, "gap_stratum": -36.1, "burden": 4.0, "capacity": 40.6, "svi": 0.49, "top_decile_gap": 0.0, "stratum": "metropolitan", "scored": 1}, "geometry": {"type": "Polygon", "coordinates": [[[-71.4419, 42.2995], [-71.4461, 42.3039], [-71.4268, 42.2988], [-71.4266, 42.2916], [-71.4312, 42.2889], [-71.4354, 42.2911], [-71.4393, 42.2898], [-71.449, 42.2937], [-71.4474, 42.2954], [-71.4499, 42.2983], [-71.4419, 42.2995]]]}}, {"type": "Feature", "properties": {"fips": "25027744201", "gap_national": 1.8, "gap_stratum": 7.4, "burden": 49.9, "capacity": 50.1, "svi": 0.73, "top_decile_gap": 0.0, "stratum": "metropolitan", "scored": 1}, "geometry": {"type": "Polygon", "coordinates": [[[-71.5236, 42.1357], [-71.5136, 42.1337], [-71.5154, 42.1396], [-71.501, 42.1383], [-71.4904, 42.1349], [-71.4905, 42.1311], [-71.4937, 42.1292], [-71.4958, 42.1207], [-71.5014, 42.1167], [-71.5097, 42.1236], [-71.5192, 42.1242], [-71.5256, 42.129], [-71.5258, 42.1342], [-71.5236, 42.1357]]]}}, {"type": "Feature", "properties": {"fips": "25009217402", "gap_national": -63.9, "gap_stratum": -61.5, "burden": 17.3, "capacity": 69.0, "svi": 0.54, "top_decile_gap": 0.0, "stratum": "metropolitan", "scored": 1}, "geometry": {"type": "Polygon", "coordinates": [[[-70.8856, 42.5506], [-70.8834, 42.5502], [-70.8845, 42.5461], [-70.8759, 42.5434], [-70.8806, 42.5374], [-70.8875, 42.5364], [-70.8881, 42.539], [-70.8944, 42.5407], [-70.8856, 42.5506]]]}}, {"type": "Feature", "properties": {"fips": "25027758104", "gap_national": -73.0, "gap_stratum": -88.9, "burden": 20.4, "capacity": 79.6, "svi": 0.1, "top_decile_gap": 0.0, "stratum": "micropolitan", "scored": 1}, "geometry": {"type": "Polygon", "coordinates": [[[-72.086, 42.1361], [-72.0643, 42.1296], [-72.0466, 42.1339], [-72.0405, 42.1042], [-72.0468, 42.1034], [-72.0534, 42.0825], [-72.0572, 42.0832], [-72.0609, 42.0788], [-72.0606, 42.0718], [-72.0705, 42.0718], [-72.0819, 42.0781], [-72.0775, 42.0904], [-72.0809, 42.0971], [-72.087, 42.0971], [-72.0826, 42.1097], [-72.0916, 42.1115], [-72.086, 42.1361]]]}}, {"type": "Feature", "properties": {"fips": "25027705102", "gap_national": -25.6, "gap_stratum": -17.0, "burden": 57.7, "capacity": 75.6, "svi": 0.21, "top_decile_gap": 0.0, "stratum": "metropolitan", "scored": 1}, "geometry": {"type": "Polygon", "coordinates": [[[-72.1166, 42.6266], [-72.0757, 42.6252], [-72.036, 42.5939], [-72.0419, 42.592], [-72.0422, 42.5894], [-72.0388, 42.5862], [-72.0423, 42.5838], [-72.0421, 42.5799], [-72.0376, 42.5771], [-72.0344, 42.5799], [-72.0317, 42.5782], [-72.0314, 42.5744], [-72.027, 42.5734], [-72.0275, 42.5701], [-72.0366, 42.5633], [-72.0421, 42.5629], [-72.0414, 42.5553], [-72.062, 42.5664], [-72.0747, 42.5699], [-72.1049, 42.5675], [-72.1226, 42.5699], [-72.1269, 42.5753], [-72.1216, 42.5784], [-72.1248, 42.6113], [-72.1287, 42.6121], [-72.139, 42.6239], [-72.1166, 42.6266]]]}}, {"type": "Feature", "properties": {"fips": "25027755202", "gap_national": -29.5, "gap_stratum": -28.2, "burden": 22.9, "capacity": 50.2, "svi": 0.26, "top_decile_gap": 0.0, "stratum": "metropolitan", "scored": 1}, "geometry": {"type": "Polygon", "coordinates": [[[-71.989, 42.0446], [-71.9882, 42.0545], [-71.9916, 42.0578], [-71.9928, 42.0726], [-71.9175, 42.0894], [-71.9182, 42.0845], [-71.9147, 42.0752], [-71.9184, 42.0727], [-71.9253, 42.0729], [-71.9304, 42.0676], [-71.9288, 42.053], [-71.9265, 42.0513], [-71.9288, 42.0478], [-71.9232, 42.0409], [-71.9234, 42.0263], [-71.921, 42.0252], [-71.9931, 42.0269], [-71.9947, 42.031], [-71.989, 42.0446]]]}}, {"type": "Feature", "properties": {"fips": "25013802601", "gap_national": 30.9, "gap_stratum": 35.7, "burden": 65.3, "capacity": 41.9, "svi": 0.7, "top_decile_gap": 0.0, "stratum": "metropolitan", "scored": 1}, "geometry": {"type": "Polygon", "coordinates": [[[-72.5443, 42.0888], [-72.5344, 42.0818], [-72.5424, 42.0827], [-72.5437, 42.0808], [-72.5402, 42.077], [-72.543, 42.0764], [-72.5433, 42.0706], [-72.548, 42.0754], [-72.5518, 42.0744], [-72.5578, 42.0863], [-72.5443, 42.0888]]]}}, {"type": "Feature", "properties": {"fips": "25013812901", "gap_national": -55.6, "gap_stratum": -48.2, "burden": 40.6, "capacity": 86.8, "svi": 0.13, "top_decile_gap": 0.0, "stratum": "metropolitan", "scored": 1}, "geometry": {"type": "Polygon", "coordinates": [[[-72.783, 42.1203], [-72.7802, 42.1245], [-72.7836, 42.1257], [-72.7825, 42.1274], [-72.7781, 42.1247], [-72.7744, 42.1287], [-72.7653, 42.1284], [-72.7659, 42.1307], [-72.7627, 42.1319], [-72.7545, 42.1306], [-72.7624, 42.1224], [-72.7601, 42.1191], [-72.7652, 42.1126], [-72.7632, 42.098], [-72.7683, 42.1], [-72.7678, 42.104], [-72.7716, 42.1096], [-72.7695, 42.1115], [-72.7782, 42.1121], [-72.7862, 42.1207], [-72.783, 42.1203]]]}}, {"type": "Feature", "properties": {"fips": "25017350109", "gap_national": -24.6, "gap_stratum": -25.5, "burden": 11.2, "capacity": 37.2, "svi": 0.68, "top_decile_gap": 0.0, "stratum": "metropolitan", "scored": 1}, "geometry": {"type": "Polygon", "coordinates": [[[-71.0909, 42.3976], [-71.0856, 42.3936], [-71.0882, 42.3896], [-71.0934, 42.3926], [-71.0909, 42.3976]]]}}, {"type": "Feature", "properties": {"fips": "25017373901", "gap_national": -88.0, "gap_stratum": -86.2, "burden": 12.6, "capacity": 88.2, "svi": 0.04, "top_decile_gap": 0.0, "stratum": "metropolitan", "scored": 1}, "geometry": {"type": "Polygon", "coordinates": [[[-71.1835, 42.3103], [-71.175, 42.3053], [-71.1698, 42.3076], [-71.1647, 42.3038], [-71.1786, 42.2946], [-71.1921, 42.3036], [-71.1835, 42.3103]]]}}, {"type": "Feature", "properties": {"fips": "25017341301", "gap_national": -41.0, "gap_stratum": -43.0, "burden": 5.3, "capacity": 46.6, "svi": 0.59, "top_decile_gap": 0.0, "stratum": "metropolitan", "scored": 1}, "geometry": {"type": "Polygon", "coordinates": [[[-71.073, 42.4299], [-71.0676, 42.4308], [-71.0667, 42.427], [-71.0604, 42.4265], [-71.0695, 42.4222], [-71.0694, 42.4182], [-71.0719, 42.4181], [-71.0711, 42.4149], [-71.0732, 42.413], [-71.0768, 42.4132], [-71.073, 42.4299]]]}}, {"type": "Feature", "properties": {"fips": "25017359301", "gap_national": null, "gap_stratum": null, "burden": null, "capacity": null, "svi": null, "top_decile_gap": null, "stratum": null, "scored": 0}, "geometry": {"type": "Polygon", "coordinates": [[[-71.2987, 42.4729], [-71.2893, 42.4646], [-71.2988, 42.4627], [-71.3041, 42.473], [-71.2987, 42.4729]]]}}, {"type": "Feature", "properties": {"fips": "25009212102", "gap_national": -61.2, "gap_stratum": -54.6, "burden": 35.2, "capacity": 85.7, "svi": 0.1, "top_decile_gap": 0.0, "stratum": "metropolitan", "scored": 1}, "geometry": {"type": "Polygon", "coordinates": [[[-71.0556, 42.6229], [-71.0297, 42.604], [-71.0253, 42.6051], [-71.023, 42.6144], [-71.0177, 42.6163], [-71.0102, 42.6133], [-71.0029, 42.6045], [-71.0014, 42.5965], [-71.0156, 42.5949], [-71.0113, 42.5881], [-70.9934, 42.5739], [-71.0028, 42.5634], [-71.0233, 42.5704], [-71.0292, 42.57], [-71.0298, 42.5652], [-71.0348, 42.5655], [-71.0355, 42.5703], [-71.0283, 42.5741], [-71.034, 42.5855], [-71.0594, 42.6063], [-71.0556, 42.6229]]]}}, {"type": "Feature", "properties": {"fips": "25025100800", "gap_national": -61.5, "gap_stratum": -56.9, "burden": 25.1, "capacity": 73.9, "svi": 0.54, "top_decile_gap": 0.0, "stratum": "metropolitan", "scored": 1}, "geometry": {"type": "Polygon", "coordinates": [[[-71.0638, 42.2875], [-71.0557, 42.2892], [-71.0558, 42.2832], [-71.0589, 42.282], [-71.0533, 42.2775], [-71.0556, 42.2751], [-71.0538, 42.2717], [-71.0622, 42.2672], [-71.0682, 42.2711], [-71.0638, 42.2875]]]}}, {"type": "Feature", "properties": {"fips": "25009211201", "gap_national": -71.0, "gap_stratum": -66.7, "burden": 23.1, "capacity": 80.9, "svi": 0.01, "top_decile_gap": 0.0, "stratum": "metropolitan", "scored": 1}, "geometry": {"type": "Polygon", "coordinates": [[[-70.9357, 42.5654], [-70.9281, 42.5682], [-70.923, 42.5653], [-70.9352, 42.5528], [-70.9366, 42.5471], [-70.941, 42.5461], [-70.9469, 42.5506], [-70.9357, 42.5654]]]}}, {"type": "Feature", "properties": {"fips": "25025130200", "gap_national": -89.6, "gap_stratum": -88.1, "burden": 10.5, "capacity": 87.9, "svi": 0.17, "top_decile_gap": 0.0, "stratum": "metropolitan", "scored": 1}, "geometry": {"type": "Polygon", "coordinates": [[[-71.1606, 42.2916], [-71.1535, 42.2933], [-71.1494, 42.2931], [-71.1451, 42.2881], [-71.1619, 42.2798], [-71.167, 42.2863], [-71.1606, 42.2916]]]}}, {"type": "Feature", "properties": {"fips": "25009203301", "gap_national": -76.2, "gap_stratum": -71.7, "burden": 25.8, "capacity": 93.1, "svi": 0.04, "top_decile_gap": 0.0, "stratum": "metropolitan", "scored": 1}, "geometry": {"type": "Polygon", "coordinates": [[[-70.8651, 42.5154], [-70.8497, 42.5022], [-70.8528, 42.4969], [-70.8566, 42.5008], [-70.8597, 42.4993], [-70.8736, 42.5064], [-70.8651, 42.5154]]]}}, {"type": "Feature", "properties": {"fips": "25025060101", "gap_national": -53.7, "gap_stratum": -55.8, "burden": 1.6, "capacity": 54.1, "svi": 0.07, "top_decile_gap": 0.0, "stratum": "metropolitan", "scored": 1}, "geometry": {"type": "Polygon", "coordinates": [[[-71.0292, 42.3349], [-71.0293, 42.3382], [-71.0251, 42.3383], [-71.0244, 42.3331], [-71.031, 42.3303], [-71.0313, 42.3348], [-71.0292, 42.3349]]]}}, {"type": "Feature", "properties": {"fips": "25025070600", "gap_national": -72.5, "gap_stratum": -72.7, "burden": 2.7, "capacity": 66.9, "svi": 0.09, "top_decile_gap": 0.0, "stratum": "metropolitan", "scored": 1}, "geometry": {"type": "Polygon", "coordinates": [[[-71.0727, 42.3457], [-71.0719, 42.3438], [-71.0774, 42.3409], [-71.0792, 42.3427], [-71.0727, 42.3457]]]}}, {"type": "Feature", "properties": {"fips": "25025081001", "gap_national": -1.4, "gap_stratum": 1.4, "burden": 27.4, "capacity": 32.2, "svi": 0.85, "top_decile_gap": 0.0, "stratum": "metropolitan", "scored": 1}, "geometry": {"type": "Polygon", "coordinates": [[[-71.1099, 42.3354], [-71.11, 42.3403], [-71.1003, 42.3359], [-71.1056, 42.3324], [-71.0989, 42.3291], [-71.1089, 42.3307], [-71.1096, 42.3332], [-71.113, 42.3319], [-71.1099, 42.3354]]]}}, {"type": "Feature", "properties": {"fips": "25023530300", "gap_national": -42.5, "gap_stratum": -34.4, "burden": 43.3, "capacity": 75.8, "svi": 0.42, "top_decile_gap": 0.0, "stratum": "metropolitan", "scored": 1}, "geometry": {"type": "Polygon", "coordinates": [[[-70.6727, 41.9686], [-70.6602, 41.9572], [-70.6789, 41.9499], [-70.6929, 41.9631], [-70.6727, 41.9686]]]}}, {"type": "Feature", "properties": {"fips": "25023501102", "gap_national": -84.6, "gap_stratum": -82.1, "burden": 16.0, "capacity": 88.3, "svi": 0.17, "top_decile_gap": 0.0, "stratum": "metropolitan", "scored": 1}, "geometry": {"type": "Polygon", "coordinates": [[[-70.9171, 42.2556], [-70.9175, 42.2635], [-70.9083, 42.2647], [-70.9075, 42.2623], [-70.8938, 42.2623], [-70.8984, 42.2572], [-70.8872, 42.2474], [-70.887, 42.2432], [-70.8903, 42.2423], [-70.8878, 42.2385], [-70.8863, 42.2251], [-70.8941, 42.2217], [-70.9235, 42.2259], [-70.9224, 42.2293], [-70.9313, 42.2443], [-70.9324, 42.2526], [-70.9171, 42.2556]]]}}, {"type": "Feature", "properties": {"fips": "25019950400", "gap_national": -40.5, "gap_stratum": -46.3, "burden": 16.5, "capacity": 52.8, "svi": 0.2, "top_decile_gap": 0.0, "stratum": "micropolitan", "scored": 1}, "geometry": {"type": "Polygon", "coordinates": [[[-70.1007, 41.2444], [-70.1007, 41.2488], [-70.1028, 41.2491], [-70.0974, 41.2594], [-70.0869, 41.2693], [-70.0883, 41.2711], [-70.039, 41.2662], [-70.034, 41.246], [-70.037, 41.2414], [-70.0835, 41.2448], [-70.1005, 41.2406], [-70.103, 41.2439], [-70.1007, 41.2444]]]}}, {"type": "Feature", "properties": {"fips": "25025010404", "gap_national": -15.9, "gap_stratum": -17.0, "burden": 4.9, "capacity": 25.2, "svi": 0.58, "top_decile_gap": 0.0, "stratum": "metropolitan", "scored": 1}, "geometry": {"type": "Polygon", "coordinates": [[[-71.09, 42.3439], [-71.085, 42.3428], [-71.091, 42.3396], [-71.09, 42.3439]]]}}, {"type": "Feature", "properties": {"fips": "25017368300", "gap_national": -37.9, "gap_stratum": -38.4, "burden": 14.5, "capacity": 49.6, "svi": 0.43, "top_decile_gap": 0.0, "stratum": "metropolitan", "scored": 1}, "geometry": {"type": "Polygon", "coordinates": [[[-71.2698, 42.3746], [-71.2422, 42.3806], [-71.2392, 42.3898], [-71.236, 42.3798], [-71.2395, 42.3794], [-71.239, 42.3762], [-71.2465, 42.3731], [-71.2615, 42.3738], [-71.2708, 42.3695], [-71.276, 42.3759], [-71.2698, 42.3746]]]}}, {"type": "Feature", "properties": {"fips": "25017332100", "gap_national": -80.7, "gap_stratum": -78.0, "burden": 15.5, "capacity": 82.3, "svi": 0.06, "top_decile_gap": 0.0, "stratum": "metropolitan", "scored": 1}, "geometry": {"type": "Polygon", "coordinates": [[[-71.218, 42.524], [-71.205, 42.5445], [-71.1777, 42.5219], [-71.1892, 42.5213], [-71.1919, 42.5169], [-71.1897, 42.5122], [-71.1994, 42.5101], [-71.2219, 42.5251], [-71.218, 42.524]]]}}, {"type": "Feature", "properties": {"fips": "25017339900", "gap_national": -54.5, "gap_stratum": -54.1, "burden": 13.9, "capacity": 60.2, "svi": 0.16, "top_decile_gap": 0.0, "stratum": "metropolitan", "scored": 1}, "geometry": {"type": "Polygon", "coordinates": [[[-71.0897, 42.4241], [-71.0844, 42.4141], [-71.1042, 42.4174], [-71.0897, 42.4241]]]}}, {"type": "Feature", "properties": {"fips": "25017334400", "gap_national": -76.5, "gap_stratum": -73.3, "burden": 18.3, "capacity": 80.9, "svi": 0.26, "top_decile_gap": 0.0, "stratum": "metropolitan", "scored": 1}, "geometry": {"type": "Polygon", "coordinates": [[[-71.1041, 42.5408], [-71.0928, 42.539], [-71.0895, 42.5437], [-71.0961, 42.551], [-71.0928, 42.5593], [-71.071, 42.5559], [-71.0751, 42.531], [-71.0958, 42.5126], [-71.0974, 42.5104], [-71.0941, 42.5074], [-71.0997, 42.5064], [-71.1007, 42.5022], [-71.1042, 42.508], [-71.102, 42.5262], [-71.1051, 42.5369], [-71.1041, 42.5408]]]}}, {"type": "Feature", "properties": {"fips": "25017366201", "gap_national": -88.6, "gap_stratum": -87.3, "burden": 9.0, "capacity": 84.7, "svi": 0.01, "top_decile_gap": 0.0, "stratum": "metropolitan", "scored": 1}, "geometry": {"type": "Polygon", "coordinates": [[[-71.384, 42.38], [-71.3773, 42.3878], [-71.3728, 42.3872], [-71.3722, 42.3894], [-71.3657, 42.3894], [-71.3619, 42.3921], [-71.3626, 42.3964], [-71.37, 42.3985], [-71.3672, 42.4002], [-71.3701, 42.4011], [-71.3681, 42.4039], [-71.3747, 42.4071], [-71.3663, 42.4127], [-71.3326, 42.3994], [-71.3359, 42.3939], [-71.3329, 42.3678], [-71.3615, 42.3644], [-71.3742, 42.3741], [-71.3875, 42.3754], [-71.3835, 42.3766], [-71.384, 42.38]]]}}, {"type": "Feature", "properties": {"fips": "25017322100", "gap_national": -73.2, "gap_stratum": -69.7, "burden": 19.4, "capacity": 78.8, "svi": 0.05, "top_decile_gap": 0.0, "stratum": "metropolitan", "scored": 1}, "geometry": {"type": "Polygon", "coordinates": [[[-71.5473, 42.3947], [-71.5485, 42.3982], [-71.5441, 42.4015], [-71.5344, 42.4037], [-71.528, 42.4015], [-71.5268, 42.3961], [-71.5179, 42.3982], [-71.5036, 42.3975], [-71.5005, 42.3954], [-71.4869, 42.396], [-71.4861, 42.3933], [-71.4727, 42.39], [-71.4755, 42.3806], [-71.5541, 42.3724], [-71.5534, 42.3771], [-71.549, 42.3804], [-71.5493, 42.3878], [-71.5593, 42.3899], [-71.5473, 42.3947]]]}}, {"type": "Feature", "properties": {"fips": "25017315100", "gap_national": -63.1, "gap_stratum": -58.8, "burden": 23.8, "capacity": 74.1, "svi": 0.07, "top_decile_gap": 0.0, "stratum": "metropolitan", "scored": 1}, "geometry": {"type": "Polygon", "coordinates": [[[-71.2834, 42.6153], [-71.2778, 42.6208], [-71.2747, 42.6289], [-71.2712, 42.6442], [-71.2752, 42.6562], [-71.2562, 42.6571], [-71.2391, 42.6489], [-71.2383, 42.6426], [-71.2483, 42.6174], [-71.2507, 42.6128], [-71.2608, 42.6056], [-71.2729, 42.6019], [-71.2963, 42.6127], [-71.2834, 42.6153]]]}}, {"type": "Feature", "properties": {"fips": "25001010208", "gap_national": -46.7, "gap_stratum": -85.6, "burden": 52.7, "capacity": 98.9, "svi": 0.08, "top_decile_gap": 0.0, "stratum": "small_town", "scored": 1}, "geometry": {"type": "Polygon", "coordinates": [[[-70.116, 42.0676], [-70.0826, 42.0547], [-70.0585, 42.0404], [-70.0335, 42.0177], [-69.9971, 41.9668], [-70.0773, 41.9578], [-70.0774, 41.9855], [-70.0838, 42.012], [-70.0896, 42.0249], [-70.1081, 42.0436], [-70.123, 42.0517], [-70.1478, 42.0606], [-70.1465, 42.0652], [-70.1543, 42.0772], [-70.116, 42.0676]]]}}, {"type": "Feature", "properties": {"fips": "25021422100", "gap_national": -72.0, "gap_stratum": -68.2, "burden": 20.6, "capacity": 79.0, "svi": 0.08, "top_decile_gap": 0.0, "stratum": "metropolitan", "scored": 1}, "geometry": {"type": "Polygon", "coordinates": [[[-70.9741, 42.1843], [-70.9663, 42.1788], [-70.9553, 42.1797], [-70.9552, 42.1581], [-70.949, 42.1482], [-70.9813, 42.1355], [-70.9741, 42.1843]]]}}, {"type": "Feature", "properties": {"fips": "25021419400", "gap_national": -58.1, "gap_stratum": -52.4, "burden": 29.7, "capacity": 75.6, "svi": 0.64, "top_decile_gap": 0.0, "stratum": "metropolitan", "scored": 1}, "geometry": {"type": "Polygon", "coordinates": [[[-70.9775, 42.2384], [-70.9605, 42.2351], [-70.9609, 42.2269], [-70.9681, 42.2215], [-70.9738, 42.2219], [-70.9812, 42.2357], [-70.9775, 42.2384]]]}}, {"type": "Feature", "properties": {"fips": "25021402500", "gap_national": -63.0, "gap_stratum": -56.2, "burden": 37.7, "capacity": 94.9, "svi": 0.33, "top_decile_gap": 0.0, "stratum": "metropolitan", "scored": 1}, "geometry": {"type": "Polygon", "coordinates": [[[-71.2197, 42.2636], [-71.2181, 42.2687], [-71.205, 42.2671], [-71.1897, 42.2707], [-71.1913, 42.2682], [-71.1896, 42.2651], [-71.1914, 42.2656], [-71.1898, 42.2628], [-71.193, 42.2614], [-71.1919, 42.2591], [-71.189, 42.2609], [-71.1901, 42.2577], [-71.1841, 42.2571], [-71.1782, 42.2515], [-71.1717, 42.2529], [-71.171, 42.2493], [-71.182, 42.2276], [-71.2317, 42.2593], [-71.2292, 42.2641], [-71.2197, 42.2636]]]}}, {"type": "Feature", "properties": {"fips": "25001015002", "gap_national": -41.8, "gap_stratum": -33.7, "burden": 56.8, "capacity": 98.3, "svi": 0.32, "top_decile_gap": 0.0, "stratum": "metropolitan", "scored": 1}, "geometry": {"type": "Polygon", "coordinates": [[[-70.5305, 41.6444], [-70.5181, 41.6412], [-70.507, 41.6488], [-70.5036, 41.6468], [-70.506, 41.6499], [-70.503, 41.6507], [-70.5054, 41.652], [-70.5061, 41.6593], [-70.501, 41.6632], [-70.4869, 41.6498], [-70.4814, 41.6489], [-70.4779, 41.637], [-70.4808, 41.6282], [-70.4789, 41.6239], [-70.488, 41.6184], [-70.522, 41.6157], [-70.5306, 41.6171], [-70.5396, 41.6372], [-70.5305, 41.6444]]]}}, {"type": "Feature", "properties": {"fips": "25023501203", "gap_national": -82.5, "gap_stratum": -80.4, "burden": 12.9, "capacity": 81.5, "svi": 0.01, "top_decile_gap": 0.0, "stratum": "metropolitan", "scored": 1}, "geometry": {"type": "Polygon", "coordinates": [[[-70.8998, 42.202], [-70.8921, 42.2042], [-70.8692, 42.2031], [-70.8716, 42.2128], [-70.8696, 42.219], [-70.8737, 42.2227], [-70.8715, 42.2289], [-70.8732, 42.2336], [-70.8593, 42.2432], [-70.8447, 42.2423], [-70.8534, 42.2396], [-70.8408, 42.2131], [-70.827, 42.2008], [-70.8614, 42.1864], [-70.8663, 42.1916], [-70.8823, 42.1935], [-70.8845, 42.1995], [-70.8901, 42.1968], [-70.8889, 42.1932], [-70.8959, 42.1922], [-70.8997, 42.197], [-70.8998, 42.202]]]}}, {"type": "Feature", "properties": {"fips": "25023561400", "gap_national": -51.0, "gap_stratum": -43.4, "burden": 40.0, "capacity": 80.4, "svi": 0.48, "top_decile_gap": 0.0, "stratum": "metropolitan", "scored": 1}, "geometry": {"type": "Polygon", "coordinates": [[[-70.9788, 42.0074], [-70.9796, 42.011], [-70.954, 42.0059], [-70.9254, 42.0089], [-70.9186, 42.0059], [-70.9142, 41.999], [-70.9263, 41.9931], [-70.9376, 41.9934], [-70.9424, 41.9903], [-70.9517, 41.99], [-70.9578, 41.9931], [-70.9656, 41.9919], [-70.967, 41.989], [-70.9776, 41.9978], [-70.981, 42.0067], [-70.9788, 42.0074]]]}}, {"type": "Feature", "properties": {"fips": "25023506103", "gap_national": -53.4, "gap_stratum": -45.6, "burden": 44.7, "capacity": 91.0, "svi": 0.02, "top_decile_gap": 0.0, "stratum": "metropolitan", "scored": 1}, "geometry": {"type": "Polygon", "coordinates": [[[-70.7164, 42.1115], [-70.713, 42.1189], [-70.6986, 42.1233], [-70.6932, 42.1377], [-70.6776, 42.1174], [-70.6827, 42.1056], [-70.6962, 42.1037], [-70.6963, 42.0982], [-70.7029, 42.0943], [-70.7122, 42.093], [-70.7181, 42.0946], [-70.7191, 42.1037], [-70.7253, 42.1065], [-70.7265, 42.1094], [-70.7164, 42.1115]]]}}, {"type": "Feature", "properties": {"fips": "25009250800", "gap_national": 23.3, "gap_stratum": 29.1, "burden": 39.1, "capacity": 21.3, "svi": 0.93, "top_decile_gap": 0.0, "stratum": "metropolitan", "scored": 1}, "geometry": {"type": "Polygon", "coordinates": [[[-71.1522, 42.7219], [-71.1342, 42.7215], [-71.1336, 42.7114], [-71.1373, 42.7066], [-71.1459, 42.7055], [-71.1515, 42.7092], [-71.1476, 42.7089], [-71.1476, 42.7106], [-71.1533, 42.7194], [-71.1522, 42.7219]]]}}, {"type": "Feature", "properties": {"fips": "25009206300", "gap_national": 15.1, "gap_stratum": 20.2, "burden": 39.3, "capacity": 29.8, "svi": 0.64, "top_decile_gap": 0.0, "stratum": "metropolitan", "scored": 1}, "geometry": {"type": "Polygon", "coordinates": [[[-70.9424, 42.4794], [-70.9346, 42.4717], [-70.9416, 42.4691], [-70.9471, 42.4744], [-70.9424, 42.4794]]]}}, {"type": "Feature", "properties": {"fips": "25009217602", "gap_national": -41.0, "gap_stratum": -43.3, "burden": 3.5, "capacity": 45.9, "svi": 0.03, "top_decile_gap": 0.0, "stratum": "metropolitan", "scored": 1}, "geometry": {"type": "MultiPolygon", "coordinates": [[[[-70.795, 42.5507], [-70.7944, 42.548], [-70.8021, 42.5472], [-70.8022, 42.551], [-70.795, 42.5507]]], [[[-70.8464, 42.5702], [-70.8467, 42.573], [-70.8241, 42.5806], [-70.8203, 42.5778], [-70.8133, 42.5801], [-70.8101, 42.5842], [-70.7941, 42.569], [-70.7935, 42.5643], [-70.8041, 42.5616], [-70.8154, 42.5542], [-70.8455, 42.5482], [-70.8482, 42.5496], [-70.8455, 42.5527], [-70.8518, 42.5557], [-70.852, 42.5633], [-70.8464, 42.5702]]]]}}, {"type": "Feature", "properties": {"fips": "25023530600", "gap_national": -46.8, "gap_stratum": -43.0, "burden": 26.6, "capacity": 64.4, "svi": 0.09, "top_decile_gap": 0.0, "stratum": "metropolitan", "scored": 1}, "geometry": {"type": "Polygon", "coordinates": [[[-70.715, 41.8175], [-70.7064, 41.8291], [-70.6976, 41.8294], [-70.6937, 41.8363], [-70.6811, 41.8455], [-70.7159, 41.8861], [-70.7128, 41.8939], [-70.7124, 41.9034], [-70.7024, 41.9243], [-70.7028, 41.9314], [-70.6804, 41.9305], [-70.6733, 41.9264], [-70.6693, 41.9351], [-70.6751, 41.9445], [-70.664, 41.9378], [-70.6352, 41.9295], [-70.6208, 41.9153], [-70.6085, 41.8812], [-70.5854, 41.8592], [-70.5895, 41.8588], [-70.5936, 41.8498], [-70.6197, 41.8433], [-70.6198, 41.8394], [-70.6165, 41.8372], [-70.617, 41.8326], [-70.63, 41.8216], [-70.6328, 41.8063], [-70.7175, 41.8015], [-70.715, 41.8175]]]}}, {"type": "Feature", "properties": {"fips": "25023525204", "gap_national": -71.0, "gap_stratum": -68.5, "burden": 15.5, "capacity": 73.1, "svi": 0.01, "top_decile_gap": 0.0, "stratum": "metropolitan", "scored": 1}, "geometry": {"type": "Polygon", "coordinates": [[[-70.9564, 41.99], [-70.9562, 41.9928], [-70.9532, 41.9902], [-70.9424, 41.9903], [-70.9376, 41.9934], [-70.9263, 41.9931], [-70.9164, 41.9994], [-70.9086, 41.9962], [-70.8992, 41.9964], [-70.9014, 41.983], [-70.9122, 41.9784], [-70.9073, 41.9702], [-70.9073, 41.9675], [-70.9108, 41.966], [-70.9099, 41.9642], [-70.9147, 41.961], [-70.9204, 41.9631], [-70.9238, 41.959], [-70.9321, 41.9591], [-70.9344, 41.9553], [-70.9418, 41.9592], [-70.9468, 41.9669], [-70.9484, 41.9629], [-70.952, 41.9623], [-70.9639, 41.9834], [-70.9564, 41.99]]]}}, {"type": "Feature", "properties": {"fips": "25009254301", "gap_national": -83.7, "gap_stratum": -81.1, "burden": 16.1, "capacity": 87.0, "svi": 0.12, "top_decile_gap": 0.0, "stratum": "metropolitan", "scored": 1}, "geometry": {"type": "Polygon", "coordinates": [[[-71.1775, 42.609], [-71.1779, 42.6131], [-71.1678, 42.6171], [-71.1655, 42.6207], [-71.1581, 42.6193], [-71.1583, 42.6316], [-71.1562, 42.6317], [-71.1583, 42.6332], [-71.1569, 42.6381], [-71.1504, 42.6437], [-71.1507, 42.6475], [-71.1432, 42.6482], [-71.1395, 42.6517], [-71.1297, 42.6542], [-71.1293, 42.6566], [-71.1202, 42.6584], [-71.1286, 42.6498], [-71.1317, 42.6429], [-71.1235, 42.6112], [-71.1318, 42.6163], [-71.1364, 42.6158], [-71.1446, 42.6115], [-71.1459, 42.6083], [-71.1487, 42.6132], [-71.1566, 42.615], [-71.1649, 42.598], [-71.182, 42.6084], [-71.1775, 42.609]]]}}, {"type": "Feature", "properties": {"fips": "25009220101", "gap_national": -55.4, "gap_stratum": -47.7, "burden": 45.1, "capacity": 98.6, "svi": 0.28, "top_decile_gap": 0.0, "stratum": "metropolitan", "scored": 1}, "geometry": {"type": "MultiPolygon", "coordinates": [[[[-70.5751, 42.6398], [-70.5734, 42.6395], [-70.5756, 42.6345], [-70.5803, 42.636], [-70.5751, 42.6398]]], [[[-70.5882, 42.6306], [-70.5868, 42.6282], [-70.588, 42.6264], [-70.592, 42.6295], [-70.5882, 42.6306]]], [[[-70.5893, 42.6627], [-70.5876, 42.6619], [-70.59, 42.659], [-70.5937, 42.6605], [-70.5893, 42.6627]]], [[[-70.6347, 42.6431], [-70.6261, 42.6482], [-70.623, 42.6548], [-70.6268, 42.6589], [-70.6232, 42.6652], [-70.6239, 42.6616], [-70.6207, 42.6587], [-70.5974, 42.6596], [-70.5951, 42.6561], [-70.5971, 42.6515], [-70.5917, 42.6485], [-70.5959, 42.6425], [-70.5954, 42.6403], [-70.5915, 42.6398], [-70.594, 42.635], [-70.6056, 42.6349], [-70.6184, 42.6286], [-70.618, 42.626], [-70.64, 42.635], [-70.6347, 42.6431]]]]}}, {"type": "Feature", "properties": {"fips": "25009252102", "gap_national": -65.0, "gap_stratum": -58.8, "burden": 33.8, "capacity": 89.2, "svi": 0.06, "top_decile_gap": 0.0, "stratum": "metropolitan", "scored": 1}, "geometry": {"type": "Polygon", "coordinates": [[[-71.2424, 42.7224], [-71.2315, 42.7276], [-71.2278, 42.719], [-71.2224, 42.718], [-71.2178, 42.7115], [-71.2043, 42.7067], [-71.2105, 42.7049], [-71.2099, 42.7006], [-71.2149, 42.7013], [-71.2212, 42.6985], [-71.2248, 42.6934], [-71.2277, 42.6809], [-71.2382, 42.6694], [-71.2508, 42.7212], [-71.2424, 42.7224]]]}}, {"type": "Feature", "properties": {"fips": "25005600202", "gap_national": -59.8, "gap_stratum": -53.3, "burden": 33.7, "capacity": 82.0, "svi": 0.35, "top_decile_gap": 0.0, "stratum": "metropolitan", "scored": 1}, "geometry": {"type": "Polygon", "coordinates": [[[-71.0978, 42.0359], [-71.0993, 42.0443], [-71.0899, 42.0415], [-71.0816, 42.0474], [-71.0836, 42.0495], [-71.0712, 42.0565], [-71.0547, 41.9851], [-71.1023, 41.9934], [-71.0961, 42.0041], [-71.0983, 42.0123], [-71.0906, 42.0249], [-71.0972, 42.0225], [-71.1138, 42.0303], [-71.0978, 42.0359]]]}}, {"type": "Feature", "properties": {"fips": "25005644101", "gap_national": -57.4, "gap_stratum": -50.1, "burden": 39.7, "capacity": 87.9, "svi": 0.08, "top_decile_gap": 0.0, "stratum": "metropolitan", "scored": 1}, "geometry": {"type": "Polygon", "coordinates": [[[-71.1543, 41.7718], [-71.1539, 41.769], [-71.1471, 41.7677], [-71.1464, 41.7695], [-71.1405, 41.7695], [-71.1342, 41.7672], [-71.1348, 41.7648], [-71.1294, 41.7599], [-71.1319, 41.7494], [-71.1405, 41.7386], [-71.1447, 41.7402], [-71.1434, 41.7419], [-71.1514, 41.7439], [-71.1492, 41.7483], [-71.1556, 41.7505], [-71.1543, 41.7718]]]}}, {"type": "Feature", "properties": {"fips": "25005641300", "gap_national": 55.7, "gap_stratum": 58.8, "burden": 76.3, "capacity": 31.8, "svi": 0.93, "top_decile_gap": 1.0, "stratum": "metropolitan", "scored": 1}, "geometry": {"type": "Polygon", "coordinates": [[[-71.1403, 41.7039], [-71.133, 41.7026], [-71.1344, 41.6981], [-71.1335, 41.6943], [-71.1306, 41.6937], [-71.1302, 41.6873], [-71.1417, 41.6964], [-71.1403, 41.7039]]]}}, {"type": "Feature", "properties": {"fips": "25005642400", "gap_national": -37.5, "gap_stratum": -28.9, "burden": 48.8, "capacity": 77.0, "svi": 0.8, "top_decile_gap": 0.0, "stratum": "metropolitan", "scored": 1}, "geometry": {"type": "Polygon", "coordinates": [[[-71.1391, 41.7174], [-71.1335, 41.7164], [-71.1324, 41.72], [-71.1243, 41.7185], [-71.129, 41.71], [-71.1405, 41.7103], [-71.1411, 41.7077], [-71.1443, 41.7094], [-71.1391, 41.7174]]]}}, {"type": "Feature", "properties": {"fips": "25005650101", "gap_national": -19.3, "gap_stratum": -11.4, "burden": 65.5, "capacity": 78.2, "svi": 0.5, "top_decile_gap": 0.0, "stratum": "metropolitan", "scored": 1}, "geometry": {"type": "Polygon", "coordinates": [[[-70.943, 41.7447], [-70.9257, 41.6923], [-70.935, 41.6934], [-70.9345, 41.6884], [-70.9421, 41.6856], [-70.9449, 41.6929], [-70.9353, 41.6968], [-70.938, 41.712], [-70.9578, 41.7376], [-70.943, 41.7447]]]}}, {"type": "Feature", "properties": {"fips": "25005613901", "gap_national": 1.5, "gap_stratum": 7.7, "burden": 59.6, "capacity": 57.8, "svi": 0.89, "top_decile_gap": 0.0, "stratum": "metropolitan", "scored": 1}, "geometry": {"type": "Polygon", "coordinates": [[[-71.1143, 41.9019], [-71.1054, 41.905], [-71.1014, 41.9019], [-71.1088, 41.8958], [-71.1048, 41.896], [-71.1052, 41.8922], [-71.1127, 41.888], [-71.1169, 41.8983], [-71.1143, 41.9019]]]}}, {"type": "Feature", "properties": {"fips": "25015822401", "gap_national": -65.9, "gap_stratum": -59.8, "burden": 33.4, "capacity": 89.8, "svi": 0.28, "top_decile_gap": 0.0, "stratum": "metropolitan", "scored": 1}, "geometry": {"type": "Polygon", "coordinates": [[[-72.6843, 42.2904], [-72.6855, 42.2852], [-72.6815, 42.2775], [-72.6753, 42.2733], [-72.689, 42.2738], [-72.694, 42.2688], [-72.6874, 42.2628], [-72.6892, 42.2612], [-72.6855, 42.2601], [-72.688, 42.2581], [-72.6873, 42.2554], [-72.684, 42.2575], [-72.6788, 42.2525], [-72.6788, 42.2589], [-72.669, 42.2587], [-72.669, 42.2654], [-72.666, 42.2602], [-72.661, 42.2573], [-72.6579, 42.2439], [-72.6532, 42.2498], [-72.6518, 42.2376], [-72.6565, 42.2277], [-72.6877, 42.2232], [-72.6858, 42.2323], [-72.6873, 42.2378], [-72.6826, 42.2441], [-72.7014, 42.2571], [-72.6988, 42.2584], [-72.6957, 42.266], [-72.6985, 42.2694], [-72.7078, 42.2693], [-72.7128, 42.276], [-72.725, 42.2781], [-72.7363, 42.2765], [-72.7367, 42.2842], [-72.6843, 42.2904]]]}}, {"type": "Feature", "properties": {"fips": "25025130300", "gap_national": -89.9, "gap_stratum": -88.6, "burden": 9.5, "capacity": 87.3, "svi": 0.15, "top_decile_gap": 0.0, "stratum": "metropolitan", "scored": 1}, "geometry": {"type": "Polygon", "coordinates": [[[-71.1487, 42.2872], [-71.1425, 42.2776], [-71.1457, 42.2751], [-71.1437, 42.2728], [-71.1473, 42.27], [-71.1611, 42.2803], [-71.1487, 42.2872]]]}}, {"type": "Feature", "properties": {"fips": "25025050300", "gap_national": -25.7, "gap_stratum": -26.0, "burden": 16.0, "capacity": 41.7, "svi": 0.84, "top_decile_gap": 0.0, "stratum": "metropolitan", "scored": 1}, "geometry": {"type": "Polygon", "coordinates": [[[-71.045, 42.3785], [-71.04, 42.3787], [-71.04, 42.3671], [-71.0426, 42.3672], [-71.0461, 42.3748], [-71.045, 42.3785]]]}}, {"type": "Feature", "properties": {"fips": "25025081900", "gap_national": -4.2, "gap_stratum": 2.5, "burden": 58.6, "capacity": 60.7, "svi": 0.77, "top_decile_gap": 0.0, "stratum": "metropolitan", "scored": 1}, "geometry": {"type": "Polygon", "coordinates": [[[-71.0902, 42.3192], [-71.0819, 42.318], [-71.0865, 42.3171], [-71.0922, 42.3099], [-71.0944, 42.3139], [-71.0902, 42.3192]]]}}, {"type": "Feature", "properties": {"fips": "25025091500", "gap_national": 11.1, "gap_stratum": 16.6, "burden": 49.3, "capacity": 42.7, "svi": 0.84, "top_decile_gap": 0.0, "stratum": "metropolitan", "scored": 1}, "geometry": {"type": "Polygon", "coordinates": [[[-71.0659, 42.3148], [-71.0589, 42.3128], [-71.0614, 42.3087], [-71.065, 42.3081], [-71.0697, 42.3116], [-71.0659, 42.3148]]]}}, {"type": "Feature", "properties": {"fips": "25025110105", "gap_national": -60.2, "gap_stratum": -61.6, "burden": 2.9, "capacity": 58.7, "svi": 0.17, "top_decile_gap": 0.0, "stratum": "metropolitan", "scored": 1}, "geometry": {"type": "Polygon", "coordinates": [[[-71.1134, 42.3015], [-71.1047, 42.3003], [-71.1154, 42.2946], [-71.1167, 42.2962], [-71.1134, 42.3015]]]}}, {"type": "Feature", "properties": {"fips": "25025160103", "gap_national": 33.1, "gap_stratum": 39.8, "burden": 46.3, "capacity": 19.7, "svi": 0.96, "top_decile_gap": 0.0, "stratum": "metropolitan", "scored": 1}, "geometry": {"type": "Polygon", "coordinates": [[[-71.0326, 42.3916], [-71.0231, 42.3895], [-71.0227, 42.3863], [-71.032, 42.3846], [-71.0339, 42.3887], [-71.0326, 42.3916]]]}}, {"type": "Feature", "properties": {"fips": "25025000301", "gap_national": -44.0, "gap_stratum": -46.3, "burden": 2.5, "capacity": 47.7, "svi": 0.29, "top_decile_gap": 0.0, "stratum": "metropolitan", "scored": 1}, "geometry": {"type": "Polygon", "coordinates": [[[-71.1695, 42.358], [-71.1618, 42.3582], [-71.1628, 42.3548], [-71.1676, 42.3538], [-71.1699, 42.3494], [-71.1748, 42.3503], [-71.1695, 42.358]]]}}, {"type": "Feature", "properties": {"fips": "25001012700", "gap_national": -60.1, "gap_stratum": -52.8, "burden": 40.9, "capacity": 97.5, "svi": 0.15, "top_decile_gap": 0.0, "stratum": "metropolitan", "scored": 1}, "geometry": {"type": "Polygon", "coordinates": [[[-70.3313, 41.6582], [-70.3143, 41.6506], [-70.3101, 41.6393], [-70.3216, 41.6391], [-70.3193, 41.6316], [-70.3224, 41.6309], [-70.3381, 41.6363], [-70.3516, 41.6347], [-70.3604, 41.6311], [-70.3649, 41.6267], [-70.3648, 41.6241], [-70.3677, 41.6267], [-70.3581, 41.6352], [-70.3672, 41.6447], [-70.3726, 41.6461], [-70.3755, 41.6524], [-70.3313, 41.6582]]]}}, {"type": "Feature", "properties": {"fips": "25023506102", "gap_national": -62.1, "gap_stratum": -55.7, "burden": 34.6, "capacity": 86.2, "svi": 0.4, "top_decile_gap": 0.0, "stratum": "metropolitan", "scored": 1}, "geometry": {"type": "Polygon", "coordinates": [[[-70.782, 42.1564], [-70.7684, 42.1541], [-70.7662, 42.1581], [-70.7618, 42.1569], [-70.7602, 42.1592], [-70.7554, 42.1594], [-70.7543, 42.163], [-70.749, 42.165], [-70.7424, 42.1611], [-70.7419, 42.1396], [-70.7371, 42.1249], [-70.7393, 42.1189], [-70.7191, 42.1037], [-70.7176, 42.0939], [-70.7385, 42.0912], [-70.7623, 42.1033], [-70.7595, 42.1096], [-70.7657, 42.1098], [-70.7665, 42.114], [-70.7773, 42.1134], [-70.7751, 42.1153], [-70.7793, 42.1215], [-70.7792, 42.1296], [-70.7823, 42.1305], [-70.7799, 42.1323], [-70.7806, 42.1372], [-70.7878, 42.1451], [-70.782, 42.1564]]]}}, {"type": "Feature", "properties": {"fips": "25023511100", "gap_national": -23.9, "gap_stratum": -15.7, "burden": 52.6, "capacity": 69.4, "svi": 0.38, "top_decile_gap": 0.0, "stratum": "metropolitan", "scored": 1}, "geometry": {"type": "Polygon", "coordinates": [[[-70.9767, 42.1006], [-70.9751, 42.0962], [-70.9758, 42.0895], [-70.9786, 42.088], [-71.005, 42.0839], [-71.0086, 42.0964], [-70.9767, 42.1006]]]}}, {"type": "Feature", "properties": {"fips": "25001010306", "gap_national": -36.8, "gap_stratum": -28.9, "burden": 61.0, "capacity": 97.7, "svi": 0.19, "top_decile_gap": 0.0, "stratum": "metropolitan", "scored": 1}, "geometry": {"type": "Polygon", "coordinates": [[[-70.0041, 41.8811], [-70.0045, 41.8776], [-69.993, 41.8762], [-69.9575, 41.8799], [-69.9503, 41.8595], [-69.9531, 41.8592], [-69.9485, 41.8462], [-69.9558, 41.8456], [-69.9617, 41.8408], [-69.9751, 41.8377], [-69.9869, 41.8476], [-70.005, 41.8431], [-70.009, 41.8766], [-70.0041, 41.8811]]]}}, {"type": "Feature", "properties": {"fips": "25021417801", "gap_national": -65.1, "gap_stratum": -59.5, "burden": 28.8, "capacity": 81.5, "svi": 0.37, "top_decile_gap": 0.0, "stratum": "metropolitan", "scored": 1}, "geometry": {"type": "Polygon", "coordinates": [[[-70.9734, 42.263], [-70.9649, 42.269], [-70.9562, 42.2708], [-70.9541, 42.2748], [-70.9549, 42.2805], [-70.9493, 42.2742], [-70.9518, 42.2606], [-70.9594, 42.2626], [-70.9642, 42.2606], [-70.9632, 42.2619], [-70.9707, 42.2631], [-70.9782, 42.26], [-70.976, 42.2588], [-70.9788, 42.254], [-70.9825, 42.2543], [-70.9823, 42.2597], [-70.9801, 42.2614], [-70.9864, 42.2622], [-70.9867, 42.2647], [-70.9734, 42.263]]]}}, {"type": "Feature", "properties": {"fips": "25023544100", "gap_national": -39.6, "gap_stratum": -32.0, "burden": 42.1, "capacity": 72.3, "svi": 0.12, "top_decile_gap": 0.0, "stratum": "metropolitan", "scored": 1}, "geometry": {"type": "Polygon", "coordinates": [[[-70.7717, 41.9461], [-70.7587, 41.9475], [-70.7507, 41.9259], [-70.7684, 41.9113], [-70.7692, 41.889], [-70.783, 41.886], [-70.7903, 41.8824], [-70.7904, 41.8781], [-70.8039, 41.8732], [-70.8047, 41.8749], [-70.8025, 41.8753], [-70.8155, 41.9136], [-70.8298, 41.9277], [-70.7717, 41.9461]]]}}, {"type": "Feature", "properties": {"fips": "25023501201", "gap_national": -88.0, "gap_stratum": -86.2, "burden": 12.3, "capacity": 87.8, "svi": 0.0, "top_decile_gap": 0.0, "stratum": "metropolitan", "scored": 1}, "geometry": {"type": "Polygon", "coordinates": [[[-70.8941, 42.2217], [-70.8863, 42.2251], [-70.8857, 42.2283], [-70.8761, 42.2291], [-70.8765, 42.235], [-70.8722, 42.2346], [-70.8737, 42.2227], [-70.8696, 42.219], [-70.8716, 42.2128], [-70.8692, 42.2031], [-70.884, 42.2052], [-70.8998, 42.202], [-70.9163, 42.215], [-70.9147, 42.2251], [-70.8941, 42.2217]]]}}, {"type": "Feature", "properties": {"fips": "25017359303", "gap_national": -81.6, "gap_stratum": -79.1, "burden": 14.5, "capacity": 82.2, "svi": 0.45, "top_decile_gap": 0.0, "stratum": "metropolitan", "scored": 1}, "geometry": {"type": "Polygon", "coordinates": [[[-71.3172, 42.4836], [-71.3196, 42.4869], [-71.3177, 42.5048], [-71.3062, 42.5146], [-71.3067, 42.5206], [-71.2835, 42.5257], [-71.2821, 42.5195], [-71.2755, 42.5138], [-71.2751, 42.495], [-71.2776, 42.4861], [-71.2624, 42.4749], [-71.2727, 42.4597], [-71.2818, 42.4596], [-71.2987, 42.4729], [-71.3095, 42.4764], [-71.3138, 42.4742], [-71.321, 42.4815], [-71.3172, 42.4836]]]}}, {"type": "Feature", "properties": {"fips": "25009251800", "gap_national": -2.5, "gap_stratum": 2.6, "burden": 44.2, "capacity": 48.5, "svi": 0.7, "top_decile_gap": 0.0, "stratum": "metropolitan", "scored": 1}, "geometry": {"type": "Polygon", "coordinates": [[[-71.1775, 42.6813], [-71.1776, 42.6842], [-71.1657, 42.692], [-71.1625, 42.6895], [-71.1576, 42.6907], [-71.15, 42.6814], [-71.1855, 42.6759], [-71.1861, 42.6793], [-71.1775, 42.6813]]]}}, {"type": "Feature", "properties": {"fips": "25009205800", "gap_national": 12.0, "gap_stratum": 17.0, "burden": 39.0, "capacity": 32.3, "svi": 0.94, "top_decile_gap": 0.0, "stratum": "metropolitan", "scored": 1}, "geometry": {"type": "Polygon", "coordinates": [[[-70.9751, 42.4579], [-70.9769, 42.4587], [-70.9759, 42.4637], [-70.9666, 42.4657], [-70.9647, 42.4633], [-70.9791, 42.4509], [-70.9834, 42.4538], [-70.9751, 42.4579]]]}}, {"type": "Feature", "properties": {"fips": "25009254302", "gap_national": -86.8, "gap_stratum": -85.0, "burden": 12.0, "capacity": 85.6, "svi": 0.08, "top_decile_gap": 0.0, "stratum": "metropolitan", "scored": 1}, "geometry": {"type": "Polygon", "coordinates": [[[-71.1318, 42.6163], [-71.1235, 42.6112], [-71.1317, 42.6429], [-71.1188, 42.661], [-71.0762, 42.6041], [-71.1355, 42.5991], [-71.1432, 42.604], [-71.1459, 42.6083], [-71.1446, 42.6115], [-71.1318, 42.6163]]]}}, {"type": "Feature", "properties": {"fips": "25009221800", "gap_national": -43.1, "gap_stratum": -34.8, "burden": 55.5, "capacity": 97.1, "svi": 0.07, "top_decile_gap": 0.0, "stratum": "metropolitan", "scored": 1}, "geometry": {"type": "Polygon", "coordinates": [[[-70.68, 42.6457], [-70.679, 42.6454], [-70.6762, 42.6382], [-70.6804, 42.6267], [-70.6765, 42.6231], [-70.681, 42.6229], [-70.6815, 42.6189], [-70.688, 42.6197], [-70.6903, 42.6308], [-70.68, 42.6457]]]}}, {"type": "Feature", "properties": {"fips": "25009204600", "gap_national": -61.5, "gap_stratum": -58.1, "burden": 21.1, "capacity": 70.4, "svi": 0.12, "top_decile_gap": 0.0, "stratum": "metropolitan", "scored": 1}, "geometry": {"type": "Polygon", "coordinates": [[[-70.9155, 42.5288], [-70.9127, 42.5281], [-70.9135, 42.5415], [-70.9079, 42.5403], [-70.9092, 42.5462], [-70.8903, 42.5393], [-70.8988, 42.5239], [-70.9088, 42.5212], [-70.9182, 42.5251], [-70.9155, 42.5288]]]}}, {"type": "Feature", "properties": {"fips": "25021404400", "gap_national": -76.5, "gap_stratum": -76.1, "burden": 4.7, "capacity": 70.5, "svi": 0.17, "top_decile_gap": 0.0, "stratum": "metropolitan", "scored": 1}, "geometry": {"type": "Polygon", "coordinates": [[[-71.2973, 42.2965], [-71.287, 42.3024], [-71.2848, 42.3009], [-71.2861, 42.2978], [-71.2798, 42.2988], [-71.2694, 42.2908], [-71.2948, 42.2731], [-71.2995, 42.2748], [-71.2975, 42.2809], [-71.3006, 42.2827], [-71.3095, 42.2761], [-71.3085, 42.2707], [-71.3217, 42.2939], [-71.2973, 42.2965]]]}}, {"type": "Feature", "properties": {"fips": "25021422800", "gap_national": -68.1, "gap_stratum": -62.4, "burden": 31.3, "capacity": 89.7, "svi": 0.15, "top_decile_gap": 0.0, "stratum": "metropolitan", "scored": 1}, "geometry": {"type": "Polygon", "coordinates": [[[-70.9654, 42.2468], [-70.9595, 42.2453], [-70.9362, 42.2568], [-70.9272, 42.2574], [-70.9248, 42.2633], [-70.9259, 42.2692], [-70.9182, 42.2719], [-70.9094, 42.2683], [-70.9083, 42.2647], [-70.9175, 42.2635], [-70.9171, 42.2556], [-70.9324, 42.2526], [-70.9335, 42.25], [-70.931, 42.247], [-70.949, 42.2432], [-70.9671, 42.2443], [-70.9654, 42.2468]]]}}, {"type": "Feature", "properties": {"fips": "25021406101", "gap_national": -85.3, "gap_stratum": -83.5, "burden": 11.5, "capacity": 83.3, "svi": 0.08, "top_decile_gap": 0.0, "stratum": "metropolitan", "scored": 1}, "geometry": {"type": "Polygon", "coordinates": [[[-71.3468, 42.2156], [-71.3403, 42.2139], [-71.2711, 42.2156], [-71.2681, 42.2096], [-71.2696, 42.2006], [-71.2807, 42.1982], [-71.2958, 42.1901], [-71.3227, 42.1811], [-71.3365, 42.1914], [-71.3395, 42.1908], [-71.3405, 42.1951], [-71.3384, 42.1954], [-71.3451, 42.1992], [-71.3465, 42.2046], [-71.3522, 42.2075], [-71.3515, 42.2115], [-71.3468, 42.2156]]]}}, {"type": "Feature", "properties": {"fips": "25013812104", "gap_national": 46.6, "gap_stratum": 48.0, "burden": 80.4, "capacity": 42.7, "svi": 0.82, "top_decile_gap": 0.0, "stratum": "metropolitan", "scored": 1}, "geometry": {"type": "Polygon", "coordinates": [[[-72.6379, 42.1915], [-72.6382, 42.2001], [-72.6276, 42.1995], [-72.6207, 42.2023], [-72.6163, 42.1982], [-72.617, 42.1953], [-72.6227, 42.1931], [-72.6312, 42.1812], [-72.63, 42.1882], [-72.6318, 42.1883], [-72.6417, 42.1805], [-72.6379, 42.1915]]]}}, {"type": "Feature", "properties": {"fips": "25005611102", "gap_national": -43.6, "gap_stratum": -44.5, "burden": 12.5, "capacity": 52.2, "svi": 0.23, "top_decile_gap": 0.0, "stratum": "metropolitan", "scored": 1}, "geometry": {"type": "Polygon", "coordinates": [[[-71.1985, 41.9616], [-71.2038, 41.9738], [-71.2011, 41.9784], [-71.1982, 41.9759], [-71.1979, 41.9787], [-71.1914, 41.983], [-71.188, 41.9813], [-71.185, 41.9749], [-71.1757, 41.9825], [-71.1651, 41.9778], [-71.1608, 41.9696], [-71.1488, 41.9632], [-71.1481, 41.956], [-71.1441, 41.9493], [-71.1552, 41.9385], [-71.1899, 41.9407], [-71.2038, 41.9452], [-71.204, 41.9499], [-71.209, 41.9522], [-71.2105, 41.956], [-71.1985, 41.9616]]]}}, {"type": "Feature", "properties": {"fips": "25023530801", "gap_national": -62.3, "gap_stratum": -55.4, "burden": 38.2, "capacity": 94.4, "svi": 0.07, "top_decile_gap": 0.0, "stratum": "metropolitan", "scored": 1}, "geometry": {"type": "Polygon", "coordinates": [[[-70.5832, 41.8899], [-70.576, 41.9024], [-70.5726, 41.9211], [-70.5699, 41.9241], [-70.5648, 41.9187], [-70.5571, 41.9169], [-70.5514, 41.9117], [-70.5525, 41.9023], [-70.5361, 41.8853], [-70.5355, 41.8721], [-70.5392, 41.8595], [-70.5367, 41.8493], [-70.5419, 41.845], [-70.5477, 41.8511], [-70.5631, 41.8603], [-70.5634, 41.8648], [-70.572, 41.8668], [-70.5786, 41.865], [-70.5854, 41.8592], [-70.6014, 41.8737], [-70.5832, 41.8899]]]}}, {"type": "Feature", "properties": {"fips": "25027739500", "gap_national": -82.4, "gap_stratum": -79.6, "burden": 17.3, "capacity": 87.0, "svi": 0.08, "top_decile_gap": 0.0, "stratum": "metropolitan", "scored": 1}, "geometry": {"type": "Polygon", "coordinates": [[[-71.7565, 42.3121], [-71.7414, 42.3173], [-71.7417, 42.3157], [-71.7318, 42.3179], [-71.7302, 42.3211], [-71.6987, 42.3324], [-71.6955, 42.3303], [-71.6976, 42.3284], [-71.691, 42.329], [-71.6879, 42.3255], [-71.6897, 42.3188], [-71.687, 42.315], [-71.7068, 42.3084], [-71.7137, 42.2966], [-71.7269, 42.2863], [-71.7381, 42.282], [-71.7421, 42.282], [-71.7432, 42.2854], [-71.7412, 42.2914], [-71.7511, 42.2951], [-71.7581, 42.2937], [-71.7683, 42.3113], [-71.7672, 42.3132], [-71.7565, 42.3121]]]}}, {"type": "Feature", "properties": {"fips": "25027709600", "gap_national": -17.5, "gap_stratum": -12.1, "burden": 41.4, "capacity": 56.5, "svi": 0.61, "top_decile_gap": 0.0, "stratum": "metropolitan", "scored": 1}, "geometry": {"type": "Polygon", "coordinates": [[[-71.7588, 42.5277], [-71.7559, 42.5318], [-71.7604, 42.5473], [-71.7578, 42.5486], [-71.7497, 42.5452], [-71.7499, 42.5498], [-71.7478, 42.5499], [-71.7402, 42.5405], [-71.7424, 42.5397], [-71.739, 42.5359], [-71.7407, 42.5315], [-71.7369, 42.5246], [-71.7477, 42.5305], [-71.7589, 42.5263], [-71.759, 42.5229], [-71.7631, 42.5273], [-71.7588, 42.5277]]]}}, {"type": "Feature", "properties": {"fips": "25027707400", "gap_national": -32.7, "gap_stratum": -26.1, "burden": 40.2, "capacity": 65.7, "svi": 0.32, "top_decile_gap": 0.0, "stratum": "metropolitan", "scored": 1}, "geometry": {"type": "Polygon", "coordinates": [[[-72.0084, 42.6204], [-71.9956, 42.6086], [-71.9955, 42.6026], [-71.9996, 42.595], [-71.9941, 42.5773], [-72.016, 42.5738], [-72.0195, 42.5767], [-72.027, 42.5734], [-72.0314, 42.5744], [-72.0317, 42.5782], [-72.0344, 42.5799], [-72.0376, 42.5771], [-72.0407, 42.5788], [-72.0423, 42.5838], [-72.0388, 42.5862], [-72.0422, 42.5894], [-72.0419, 42.592], [-72.036, 42.5939], [-72.0461, 42.6018], [-72.0084, 42.6204]]]}}, {"type": "Feature", "properties": {"fips": "25027743100", "gap_national": -73.2, "gap_stratum": -69.1, "burden": 22.1, "capacity": 82.1, "svi": 0.13, "top_decile_gap": 0.0, "stratum": "metropolitan", "scored": 1}, "geometry": {"type": "Polygon", "coordinates": [[[-71.6373, 42.1832], [-71.6444, 42.2266], [-71.6211, 42.2309], [-71.5993, 42.226], [-71.6022, 42.2181], [-71.5829, 42.1956], [-71.5715, 42.1947], [-71.5723, 42.1927], [-71.5568, 42.1925], [-71.5556, 42.1822], [-71.5517, 42.1786], [-71.5619, 42.1787], [-71.5633, 42.172], [-71.5598, 42.1671], [-71.5628, 42.1678], [-71.5643, 42.1656], [-71.561, 42.1583], [-71.5714, 42.1518], [-71.57, 42.1392], [-71.5927, 42.1216], [-71.6023, 42.1256], [-71.6058, 42.1249], [-71.6422, 42.1657], [-71.6463, 42.1729], [-71.6412, 42.1746], [-71.6472, 42.182], [-71.6373, 42.1832]]]}}, {"type": "Feature", "properties": {"fips": "25027731700", "gap_national": 2.7, "gap_stratum": 5.8, "burden": 27.6, "capacity": 28.7, "svi": 0.83, "top_decile_gap": 0.0, "stratum": "metropolitan", "scored": 1}, "geometry": {"type": "Polygon", "coordinates": [[[-71.8059, 42.26], [-71.803, 42.2714], [-71.7967, 42.2716], [-71.7958, 42.2677], [-71.7933, 42.2674], [-71.7936, 42.2612], [-71.8046, 42.2556], [-71.808, 42.2589], [-71.8059, 42.26]]]}}, {"type": "Feature", "properties": {"fips": "25027732500", "gap_national": 34.0, "gap_stratum": 40.6, "burden": 52.9, "capacity": 26.8, "svi": 0.9, "top_decile_gap": 0.0, "stratum": "metropolitan", "scored": 1}, "geometry": {"type": "Polygon", "coordinates": [[[-71.7982, 42.2596], [-71.7936, 42.2612], [-71.8028, 42.2452], [-71.8064, 42.2545], [-71.7982, 42.2596]]]}}, {"type": "Feature", "properties": {"fips": "25027726100", "gap_national": -56.6, "gap_stratum": -49.5, "burden": 37.3, "capacity": 83.2, "svi": 0.25, "top_decile_gap": 0.0, "stratum": "metropolitan", "scored": 1}, "geometry": {"type": "Polygon", "coordinates": [[[-71.9673, 42.3107], [-71.9394, 42.1892], [-72.0199, 42.1838], [-72.0412, 42.3087], [-71.9673, 42.3107]], [[-71.9805, 42.231], [-71.9822, 42.2327], [-71.9771, 42.2409], [-71.9814, 42.2496], [-71.9776, 42.2512], [-71.9784, 42.2533], [-71.9809, 42.2557], [-71.991, 42.2545], [-71.9932, 42.2629], [-71.9954, 42.2588], [-72.0038, 42.2537], [-72.009, 42.2381], [-71.9805, 42.231]]]}}, {"type": "Feature", "properties": {"fips": "25021411302", "gap_national": -74.7, "gap_stratum": -70.4, "burden": 23.8, "capacity": 86.3, "svi": 0.38, "top_decile_gap": 0.0, "stratum": "metropolitan", "scored": 1}, "geometry": {"type": "Polygon", "coordinates": [[[-71.275, 42.1486], [-71.2754, 42.166], [-71.2561, 42.1465], [-71.25, 42.15], [-71.2647, 42.1295], [-71.2829, 42.1143], [-71.2883, 42.1029], [-71.3002, 42.1259], [-71.3022, 42.1369], [-71.2991, 42.1393], [-71.3001, 42.1472], [-71.3038, 42.1495], [-71.275, 42.1486]]]}}, {"type": "Feature", "properties": {"fips": "25027750300", "gap_national": -29.5, "gap_stratum": -21.1, "burden": 60.1, "capacity": 82.4, "svi": 0.62, "top_decile_gap": 0.0, "stratum": "metropolitan", "scored": 1}, "geometry": {"type": "Polygon", "coordinates": [[[-71.6422, 42.1657], [-71.6281, 42.1499], [-71.6387, 42.1385], [-71.645, 42.14], [-71.6471, 42.1366], [-71.6521, 42.136], [-71.6611, 42.1403], [-71.6636, 42.1392], [-71.6527, 42.1539], [-71.6582, 42.1593], [-71.6723, 42.1658], [-71.6422, 42.1657]]]}}, {"type": "Feature", "properties": {"fips": "25017320102", "gap_national": -82.2, "gap_stratum": -80.9, "burden": 7.9, "capacity": 77.0, "svi": 0.01, "top_decile_gap": 0.0, "stratum": "metropolitan", "scored": 1}, "geometry": {"type": "Polygon", "coordinates": [[[-71.5868, 42.2595], [-71.5646, 42.2669], [-71.5518, 42.2348], [-71.55, 42.221], [-71.5359, 42.1896], [-71.5557, 42.1825], [-71.5568, 42.1925], [-71.5723, 42.1927], [-71.5715, 42.1947], [-71.5829, 42.1956], [-71.6022, 42.2181], [-71.5868, 42.2595]]]}}, {"type": "Feature", "properties": {"fips": "25027721101", "gap_national": -53.0, "gap_stratum": -45.3, "burden": 42.3, "capacity": 85.8, "svi": 0.14, "top_decile_gap": 0.0, "stratum": "metropolitan", "scored": 1}, "geometry": {"type": "Polygon", "coordinates": [[[-72.0351, 42.4039], [-71.9894, 42.3102], [-72.0412, 42.3087], [-72.1125, 42.3564], [-72.0351, 42.4039]]]}}, {"type": "Feature", "properties": {"fips": "25027761402", "gap_national": -37.8, "gap_stratum": -30.0, "burden": 43.7, "capacity": 72.2, "svi": 0.25, "top_decile_gap": 0.0, "stratum": "metropolitan", "scored": 1}, "geometry": {"type": "Polygon", "coordinates": [[[-71.632, 42.5445], [-71.6199, 42.5525], [-71.6079, 42.5454], [-71.5946, 42.5434], [-71.5803, 42.5505], [-71.5388, 42.543], [-71.5338, 42.5277], [-71.5622, 42.5226], [-71.5919, 42.5236], [-71.6067, 42.5171], [-71.6277, 42.4938], [-71.6258, 42.4991], [-71.6342, 42.5044], [-71.6274, 42.513], [-71.6323, 42.5163], [-71.6302, 42.5188], [-71.6361, 42.5231], [-71.6392, 42.531], [-71.632, 42.5445]]]}}, {"type": "Feature", "properties": {"fips": "25027739402", "gap_national": -87.6, "gap_stratum": -85.9, "burden": 11.9, "capacity": 86.6, "svi": 0.19, "top_decile_gap": 0.0, "stratum": "metropolitan", "scored": 1}, "geometry": {"type": "Polygon", "coordinates": [[[-71.7068, 42.3084], [-71.687, 42.315], [-71.6804, 42.3052], [-71.6936, 42.2961], [-71.7137, 42.2966], [-71.7068, 42.3084]]]}}, {"type": "Feature", "properties": {"fips": "25001011700", "gap_national": -45.8, "gap_stratum": -37.5, "burden": 53.5, "capacity": 99.3, "svi": 0.15, "top_decile_gap": 0.0, "stratum": "metropolitan", "scored": 1}, "geometry": {"type": "Polygon", "coordinates": [[[-70.1897, 41.6577], [-70.1794, 41.6693], [-70.174, 41.6703], [-70.1622, 41.6798], [-70.1604, 41.6856], [-70.1516, 41.6859], [-70.1481, 41.68], [-70.1465, 41.6672], [-70.1575, 41.6518], [-70.1953, 41.6477], [-70.1974, 41.6493], [-70.1962, 41.6537], [-70.1897, 41.6577]]]}}, {"type": "Feature", "properties": {"fips": "25015822402", "gap_national": -38.7, "gap_stratum": -33.1, "burden": 34.6, "capacity": 65.2, "svi": 0.64, "top_decile_gap": 0.0, "stratum": "metropolitan", "scored": 1}, "geometry": {"type": "Polygon", "coordinates": [[[-72.689, 42.2738], [-72.6753, 42.2733], [-72.6815, 42.2775], [-72.6855, 42.2852], [-72.6843, 42.2904], [-72.6722, 42.2919], [-72.672, 42.2902], [-72.6552, 42.2887], [-72.6528, 42.2796], [-72.6546, 42.2758], [-72.664, 42.2709], [-72.669, 42.2654], [-72.669, 42.2587], [-72.6788, 42.2589], [-72.6788, 42.2525], [-72.684, 42.2575], [-72.6873, 42.2554], [-72.688, 42.2581], [-72.6855, 42.2601], [-72.6892, 42.2612], [-72.6874, 42.2628], [-72.694, 42.2688], [-72.689, 42.2738]]]}}, {"type": "Feature", "properties": {"fips": "25005611201", "gap_national": -51.1, "gap_stratum": -44.1, "burden": 36.5, "capacity": 76.5, "svi": 0.13, "top_decile_gap": 0.0, "stratum": "metropolitan", "scored": 1}, "geometry": {"type": "Polygon", "coordinates": [[[-71.2294, 41.9501], [-71.2081, 41.9575], [-71.2105, 41.956], [-71.209, 41.9522], [-71.204, 41.9499], [-71.2038, 41.9452], [-71.1899, 41.9407], [-71.1552, 41.9385], [-71.1939, 41.9108], [-71.2082, 41.9089], [-71.2434, 41.9538], [-71.2294, 41.9501]]]}}, {"type": "Feature", "properties": {"fips": "25005655200", "gap_national": -32.6, "gap_stratum": -24.3, "burden": 59.4, "capacity": 85.1, "svi": 0.46, "top_decile_gap": 0.0, "stratum": "metropolitan", "scored": 1}, "geometry": {"type": "Polygon", "coordinates": [[[-70.9172, 41.6636], [-70.9149, 41.6643], [-70.9052, 41.6659], [-70.8973, 41.6559], [-70.9067, 41.654], [-70.9009, 41.6437], [-70.91, 41.6416], [-70.9119, 41.6442], [-70.917, 41.6447], [-70.92, 41.6492], [-70.9172, 41.6636]]]}}, {"type": "Feature", "properties": {"fips": "25005652800", "gap_national": -40.3, "gap_stratum": -32.0, "burden": 45.3, "capacity": 75.8, "svi": 0.44, "top_decile_gap": 0.0, "stratum": "metropolitan", "scored": 1}, "geometry": {"type": "Polygon", "coordinates": [[[-70.9055, 41.6114], [-70.8986, 41.5927], [-70.9091, 41.5937], [-70.9171, 41.6079], [-70.9055, 41.6114]]]}}, {"type": "Feature", "properties": {"fips": "25003914100", "gap_national": -52.8, "gap_stratum": -89.1, "burden": 45.5, "capacity": 91.4, "svi": 0.41, "top_decile_gap": 0.0, "stratum": "small_town", "scored": 1}, "geometry": {"type": "Polygon", "coordinates": [[[-73.2883, 42.3235], [-73.2807, 42.3235], [-73.2782, 42.3273], [-73.2436, 42.327], [-73.2456, 42.3453], [-73.2436, 42.3496], [-73.2372, 42.3541], [-73.2399, 42.3538], [-73.2407, 42.3577], [-73.2385, 42.3625], [-73.2396, 42.3679], [-73.192, 42.3185], [-73.1805, 42.3246], [-73.1599, 42.3042], [-73.1609, 42.2866], [-73.2261, 42.2786], [-73.244, 42.2571], [-73.2892, 42.2575], [-73.2883, 42.3235]]]}}, {"type": "Feature", "properties": {"fips": "25011040502", "gap_national": -9.9, "gap_stratum": -38.2, "burden": 74.8, "capacity": 79.4, "svi": 0.81, "top_decile_gap": 0.0, "stratum": "rural", "scored": 1}, "geometry": {"type": "Polygon", "coordinates": [[[-72.3538, 42.598], [-72.3509, 42.5994], [-72.3429, 42.5988], [-72.3368, 42.5939], [-72.3312, 42.5944], [-72.3313, 42.5922], [-72.3227, 42.5914], [-72.319, 42.5809], [-72.3217, 42.5806], [-72.3227, 42.5728], [-72.3016, 42.5586], [-72.3042, 42.5679], [-72.3019, 42.5681], [-72.2953, 42.5792], [-72.2999, 42.583], [-72.2996, 42.5857], [-72.2916, 42.5865], [-72.2867, 42.5912], [-72.2849, 42.5976], [-72.2814, 42.6], [-72.2799, 42.6102], [-72.2798, 42.6148], [-72.2835, 42.6146], [-72.2857, 42.6239], [-72.2831, 42.6267], [-72.2825, 42.643], [-72.2942, 42.6555], [-72.2954, 42.6608], [-72.2832, 42.6625], [-72.2855, 42.6734], [-72.2585, 42.6754], [-72.2573, 42.6679], [-72.2435, 42.6692], [-72.2421, 42.6616], [-72.2295, 42.6627], [-72.2249, 42.6389], [-72.2291, 42.6384], [-72.2255, 42.63], [-72.2316, 42.6249], [-72.2274, 42.6218], [-72.2278, 42.6161], [-72.2547, 42.6116], [-72.2533, 42.6053], [-72.2622, 42.6003], [-72.2671, 42.6008], [-72.2613, 42.5759], [-72.2686, 42.5779], [-72.2711, 42.5762], [-72.2732, 42.5793], [-72.2764, 42.5774], [-72.2714, 42.5472], [-72.3568, 42.5487], [-72.3538, 42.598]]]}}, {"type": "Feature", "properties": {"fips": "25005612202", "gap_national": -54.7, "gap_stratum": -47.2, "burden": 40.5, "capacity": 85.3, "svi": 0.45, "top_decile_gap": 0.0, "stratum": "metropolitan", "scored": 1}, "geometry": {"type": "Polygon", "coordinates": [[[-71.0681, 41.9216], [-71.0636, 41.9241], [-71.0626, 41.9137], [-71.0572, 41.9153], [-71.0544, 41.9214], [-71.0324, 41.9229], [-71.021, 41.9464], [-71.0106, 41.9401], [-70.9959, 41.9264], [-70.9971, 41.9167], [-70.992, 41.9156], [-70.9911, 41.9091], [-70.9997, 41.8969], [-70.9945, 41.897], [-70.9921, 41.8897], [-70.995, 41.8851], [-71.0035, 41.8831], [-71.0086, 41.8905], [-71.0119, 41.89], [-71.0131, 41.8924], [-71.0255, 41.8863], [-71.0338, 41.8864], [-71.0376, 41.8834], [-71.0387, 41.8858], [-71.0433, 41.8844], [-71.0425, 41.8863], [-71.0457, 41.8856], [-71.0487, 41.8891], [-71.0448, 41.8915], [-71.0472, 41.8935], [-71.0417, 41.8951], [-71.0453, 41.9017], [-71.0484, 41.9048], [-71.0538, 41.9047], [-71.0551, 41.9013], [-71.0637, 41.9036], [-71.0796, 41.923], [-71.0681, 41.9216]]]}}, {"type": "Feature", "properties": {"fips": "25017354601", "gap_national": -62.0, "gap_stratum": -61.0, "burden": 13.0, "capacity": 64.7, "svi": 0.42, "top_decile_gap": 0.0, "stratum": "metropolitan", "scored": 1}, "geometry": {"type": "Polygon", "coordinates": [[[-71.1523, 42.3955], [-71.1354, 42.3911], [-71.1416, 42.3871], [-71.1573, 42.3909], [-71.1584, 42.3946], [-71.1523, 42.3955]]]}}, {"type": "Feature", "properties": {"fips": "25017356704", "gap_national": -85.5, "gap_stratum": -84.1, "burden": 8.4, "capacity": 80.5, "svi": 0.21, "top_decile_gap": 0.0, "stratum": "metropolitan", "scored": 1}, "geometry": {"type": "Polygon", "coordinates": [[[-71.17, 42.4158], [-71.1722, 42.4169], [-71.1685, 42.4197], [-71.1658, 42.4183], [-71.1628, 42.4218], [-71.1572, 42.419], [-71.1616, 42.412], [-71.167, 42.4083], [-71.1638, 42.4057], [-71.1744, 42.4094], [-71.17, 42.4158]]]}}, {"type": "Feature", "properties": {"fips": "25017339102", "gap_national": -72.2, "gap_stratum": -67.6, "burden": 24.7, "capacity": 84.3, "svi": 0.03, "top_decile_gap": 0.0, "stratum": "metropolitan", "scored": 1}, "geometry": {"type": "Polygon", "coordinates": [[[-71.1271, 42.4389], [-71.122, 42.4398], [-71.1241, 42.4442], [-71.1194, 42.4534], [-71.0856, 42.4447], [-71.0863, 42.4401], [-71.0936, 42.4425], [-71.1025, 42.4378], [-71.1012, 42.4331], [-71.1037, 42.4226], [-71.1148, 42.4252], [-71.1183, 42.4248], [-71.1177, 42.4212], [-71.1295, 42.4296], [-71.1319, 42.4339], [-71.1271, 42.4389]]]}}, {"type": "Feature", "properties": {"fips": "25005610204", "gap_national": -64.9, "gap_stratum": -61.2, "burden": 21.3, "capacity": 73.3, "svi": 0.44, "top_decile_gap": 0.0, "stratum": "metropolitan", "scored": 1}, "geometry": {"type": "Polygon", "coordinates": [[[-71.2085, 42.0456], [-71.1687, 42.0612], [-71.1614, 42.026], [-71.1928, 42.0326], [-71.2083, 42.0272], [-71.2146, 42.0388], [-71.2085, 42.0456]]]}}, {"type": "Feature", "properties": {"fips": "25017370402", "gap_national": -61.9, "gap_stratum": -61.6, "burden": 10.6, "capacity": 63.2, "svi": 0.29, "top_decile_gap": 0.0, "stratum": "metropolitan", "scored": 1}, "geometry": {"type": "Polygon", "coordinates": [[[-71.1714, 42.3642], [-71.1615, 42.359], [-71.1782, 42.3596], [-71.1853, 42.365], [-71.1714, 42.3642]]]}}, {"type": "Feature", "properties": {"fips": "25013813209", "gap_national": -43.8, "gap_stratum": -35.4, "burden": 52.2, "capacity": 89.4, "svi": 0.45, "top_decile_gap": 0.0, "stratum": "metropolitan", "scored": 1}, "geometry": {"type": "Polygon", "coordinates": [[[-72.6305, 42.0738], [-72.6298, 42.0787], [-72.6235, 42.0835], [-72.6155, 42.0814], [-72.6268, 42.0899], [-72.6013, 42.086], [-72.5988, 42.0932], [-72.5885, 42.0932], [-72.5827, 42.0816], [-72.5879, 42.0741], [-72.6152, 42.0696], [-72.632, 42.062], [-72.6315, 42.0672], [-72.6406, 42.0708], [-72.6305, 42.0738]]]}}, {"type": "Feature", "properties": {"fips": "25013812101", "gap_national": -40.9, "gap_stratum": -32.5, "burden": 54.1, "capacity": 88.1, "svi": 0.38, "top_decile_gap": 0.0, "stratum": "metropolitan", "scored": 1}, "geometry": {"type": "Polygon", "coordinates": [[[-72.67, 42.2165], [-72.6678, 42.2255], [-72.6565, 42.2277], [-72.6518, 42.2376], [-72.6467, 42.2266], [-72.6579, 42.2204], [-72.6648, 42.2115], [-72.6573, 42.2094], [-72.6556, 42.1938], [-72.6476, 42.2039], [-72.6382, 42.2001], [-72.6379, 42.1915], [-72.6461, 42.1623], [-72.6849, 42.1629], [-72.6862, 42.1891], [-72.6905, 42.2131], [-72.67, 42.2165]]]}}, {"type": "Feature", "properties": {"fips": "25009254403", "gap_national": -89.4, "gap_stratum": -88.0, "burden": 10.1, "capacity": 87.2, "svi": 0.15, "top_decile_gap": 0.0, "stratum": "metropolitan", "scored": 1}, "geometry": {"type": "Polygon", "coordinates": [[[-71.1712, 42.6516], [-71.1611, 42.6443], [-71.1511, 42.6462], [-71.1504, 42.6437], [-71.1569, 42.6381], [-71.1583, 42.6332], [-71.1562, 42.6317], [-71.1583, 42.6316], [-71.1581, 42.6193], [-71.1655, 42.6207], [-71.1678, 42.6171], [-71.1718, 42.6165], [-71.1762, 42.6187], [-71.1862, 42.6461], [-71.1821, 42.6493], [-71.1712, 42.6516]]]}}, {"type": "Feature", "properties": {"fips": "25017357700", "gap_national": -79.3, "gap_stratum": -76.2, "burden": 18.1, "capacity": 84.0, "svi": 0.68, "top_decile_gap": 0.0, "stratum": "metropolitan", "scored": 1}, "geometry": {"type": "Polygon", "coordinates": [[[-71.2032, 42.4143], [-71.1965, 42.4034], [-71.1779, 42.3964], [-71.1837, 42.3908], [-71.1788, 42.3877], [-71.18, 42.3825], [-71.187, 42.3867], [-71.1928, 42.3846], [-71.2026, 42.4037], [-71.2113, 42.4061], [-71.2032, 42.4143]]]}}, {"type": "Feature", "properties": {"fips": "25017358500", "gap_national": -88.3, "gap_stratum": -86.4, "burden": 13.8, "capacity": 90.8, "svi": 0.19, "top_decile_gap": 0.0, "stratum": "metropolitan", "scored": 1}, "geometry": {"type": "Polygon", "coordinates": [[[-71.2134, 42.4601], [-71.2147, 42.4644], [-71.2102, 42.4707], [-71.2043, 42.4658], [-71.2068, 42.4635], [-71.1779, 42.4402], [-71.1894, 42.4283], [-71.1914, 42.4337], [-71.203, 42.4401], [-71.2091, 42.4356], [-71.2164, 42.4446], [-71.2206, 42.4463], [-71.2134, 42.4601]]]}}, {"type": "Feature", "properties": {"fips": "25017373600", "gap_national": -37.8, "gap_stratum": -40.2, "burden": 2.5, "capacity": 43.1, "svi": 0.18, "top_decile_gap": 0.0, "stratum": "metropolitan", "scored": 1}, "geometry": {"type": "Polygon", "coordinates": [[[-71.1933, 42.336], [-71.1784, 42.3361], [-71.1667, 42.3399], [-71.1689, 42.3384], [-71.1676, 42.3334], [-71.1609, 42.3336], [-71.157, 42.3304], [-71.1717, 42.3195], [-71.1725, 42.3212], [-71.1811, 42.3193], [-71.1757, 42.3256], [-71.178, 42.3288], [-71.1861, 42.3315], [-71.1948, 42.3301], [-71.1933, 42.336]]]}}, {"type": "Feature", "properties": {"fips": "25017382400", "gap_national": -76.0, "gap_stratum": -72.4, "burden": 20.3, "capacity": 83.0, "svi": 0.21, "top_decile_gap": 0.0, "stratum": "metropolitan", "scored": 1}, "geometry": {"type": "Polygon", "coordinates": [[[-71.3763, 42.2782], [-71.3472, 42.2834], [-71.3423, 42.2587], [-71.3564, 42.2596], [-71.3566, 42.263], [-71.3817, 42.2704], [-71.3763, 42.2782]]]}}, {"type": "Feature", "properties": {"fips": "25017364102", "gap_national": -76.0, "gap_stratum": -74.2, "burden": 11.8, "capacity": 74.2, "svi": 0.19, "top_decile_gap": 0.0, "stratum": "metropolitan", "scored": 1}, "geometry": {"type": "Polygon", "coordinates": [[[-71.4645, 42.4277], [-71.4584, 42.4257], [-71.4605, 42.4303], [-71.4486, 42.4322], [-71.4429, 42.4371], [-71.4352, 42.4388], [-71.4304, 42.4369], [-71.4425, 42.4073], [-71.4695, 42.4026], [-71.4745, 42.4221], [-71.4645, 42.4277]]]}}, {"type": "Feature", "properties": {"fips": "25017318300", "gap_national": -86.6, "gap_stratum": -85.2, "burden": 8.8, "capacity": 82.2, "svi": 0.13, "top_decile_gap": 0.0, "stratum": "metropolitan", "scored": 1}, "geometry": {"type": "Polygon", "coordinates": [[[-71.476, 42.5732], [-71.4752, 42.5764], [-71.4661, 42.5784], [-71.4656, 42.5813], [-71.4788, 42.582], [-71.4791, 42.5858], [-71.4713, 42.592], [-71.4593, 42.5911], [-71.4493, 42.5951], [-71.4317, 42.5976], [-71.411, 42.61], [-71.4102, 42.6076], [-71.4054, 42.6104], [-71.3977, 42.5827], [-71.4175, 42.5754], [-71.4405, 42.5588], [-71.4688, 42.5517], [-71.48, 42.5581], [-71.4815, 42.5699], [-71.476, 42.5732]]]}}, {"type": "Feature", "properties": {"fips": "25009205600", "gap_national": 10.3, "gap_stratum": 15.8, "burden": 62.8, "capacity": 54.5, "svi": 0.66, "top_decile_gap": 0.0, "stratum": "metropolitan", "scored": 1}, "geometry": {"type": "Polygon", "coordinates": [[[-70.9829, 42.4769], [-70.9843, 42.4751], [-70.9765, 42.4689], [-70.9865, 42.4635], [-70.9891, 42.4597], [-70.9949, 42.4749], [-70.9829, 42.4769]]]}}, {"type": "Feature", "properties": {"fips": "25009217300", "gap_national": -29.1, "gap_stratum": -24.1, "burden": 36.3, "capacity": 60.2, "svi": 0.46, "top_decile_gap": 0.0, "stratum": "metropolitan", "scored": 1}, "geometry": {"type": "Polygon", "coordinates": [[[-70.8932, 42.572], [-70.8913, 42.57], [-70.8854, 42.5709], [-70.885, 42.5753], [-70.8822, 42.5753], [-70.8784, 42.5697], [-70.8792, 42.5634], [-70.8745, 42.5605], [-70.8803, 42.5578], [-70.8784, 42.5568], [-70.8788, 42.5521], [-70.8882, 42.5497], [-70.8867, 42.553], [-70.8891, 42.5597], [-70.893, 42.5622], [-70.8932, 42.572]]]}}, {"type": "Feature", "properties": {"fips": "25009253201", "gap_national": -78.9, "gap_stratum": -75.6, "burden": 19.5, "capacity": 85.4, "svi": 0.37, "top_decile_gap": 0.0, "stratum": "metropolitan", "scored": 1}, "geometry": {"type": "Polygon", "coordinates": [[[-71.1342, 42.7215], [-71.1156, 42.7411], [-71.1123, 42.7383], [-71.1116, 42.7201], [-71.1185, 42.7119], [-71.1175, 42.7066], [-71.1111, 42.6984], [-71.1109, 42.6849], [-71.1216, 42.6877], [-71.1183, 42.6991], [-71.1248, 42.7031], [-71.1256, 42.7064], [-71.1332, 42.7065], [-71.1351, 42.7088], [-71.1342, 42.7215]]]}}, {"type": "Feature", "properties": {"fips": "25017328100", "gap_national": -77.8, "gap_stratum": -75.5, "burden": 13.7, "capacity": 77.5, "svi": 0.0, "top_decile_gap": 0.0, "stratum": "metropolitan", "scored": 1}, "geometry": {"type": "Polygon", "coordinates": [[[-71.5555, 42.6784], [-71.5564, 42.6896], [-71.5425, 42.7027], [-71.4577, 42.7007], [-71.4563, 42.6958], [-71.461, 42.692], [-71.457, 42.6907], [-71.4561, 42.6864], [-71.4521, 42.6872], [-71.4495, 42.6839], [-71.4464, 42.6704], [-71.4516, 42.6698], [-71.4524, 42.6694], [-71.4478, 42.6666], [-71.447, 42.6632], [-71.4587, 42.6598], [-71.4572, 42.6584], [-71.4748, 42.6499], [-71.4795, 42.6588], [-71.4825, 42.651], [-71.4965, 42.6498], [-71.515, 42.6436], [-71.5343, 42.6484], [-71.5371, 42.6635], [-71.5325, 42.6689], [-71.5389, 42.6742], [-71.5575, 42.6763], [-71.5555, 42.6784]]]}}, {"type": "Feature", "properties": {"fips": "25025140202", "gap_national": -64.0, "gap_stratum": -59.0, "burden": 26.3, "capacity": 77.4, "svi": 0.53, "top_decile_gap": 0.0, "stratum": "metropolitan", "scored": 1}, "geometry": {"type": "Polygon", "coordinates": [[[-71.1229, 42.2518], [-71.1133, 42.2589], [-71.1095, 42.2554], [-71.1093, 42.248], [-71.1257, 42.2395], [-71.1229, 42.2518]]]}}, {"type": "Feature", "properties": {"fips": "25025060301", "gap_national": -49.6, "gap_stratum": -51.8, "burden": 3.3, "capacity": 51.8, "svi": 0.13, "top_decile_gap": 0.0, "stratum": "metropolitan", "scored": 1}, "geometry": {"type": "Polygon", "coordinates": [[[-71.0333, 42.3357], [-71.0353, 42.3289], [-71.0373, 42.3292], [-71.0373, 42.3331], [-71.0415, 42.333], [-71.0415, 42.3355], [-71.0333, 42.3357]]]}}, {"type": "Feature", "properties": {"fips": "25025080100", "gap_national": 19.5, "gap_stratum": 25.3, "burden": 44.7, "capacity": 31.4, "svi": 0.86, "top_decile_gap": 0.0, "stratum": "metropolitan", "scored": 1}, "geometry": {"type": "Polygon", "coordinates": [[[-71.0766, 42.3271], [-71.0752, 42.326], [-71.075, 42.3291], [-71.0775, 42.3309], [-71.0734, 42.3336], [-71.0654, 42.3354], [-71.0628, 42.332], [-71.0675, 42.3233], [-71.0715, 42.3267], [-71.0746, 42.3232], [-71.0796, 42.3242], [-71.0766, 42.3271]]]}}, {"type": "Feature", "properties": {"fips": "25025000703", "gap_national": -24.1, "gap_stratum": -25.9, "burden": 1.5, "capacity": 31.5, "svi": 0.55, "top_decile_gap": 0.0, "stratum": "metropolitan", "scored": 1}, "geometry": {"type": "Polygon", "coordinates": [[[-71.1252, 42.3522], [-71.1213, 42.3519], [-71.1297, 42.3489], [-71.1321, 42.3531], [-71.1252, 42.3522]]]}}, {"type": "Feature", "properties": {"fips": "25023511701", "gap_national": -36.2, "gap_stratum": -27.7, "burden": 48.5, "capacity": 75.5, "svi": 0.44, "top_decile_gap": 0.0, "stratum": "metropolitan", "scored": 1}, "geometry": {"type": "Polygon", "coordinates": [[[-71.0441, 42.0718], [-71.0389, 42.0698], [-71.0306, 42.0711], [-71.0296, 42.0674], [-71.0242, 42.0667], [-71.0231, 42.0637], [-71.0289, 42.0576], [-71.0252, 42.0551], [-71.0443, 42.0528], [-71.0498, 42.0681], [-71.0441, 42.0718]]]}}, {"type": "Feature", "properties": {"fips": "25005613902", "gap_national": -18.6, "gap_stratum": -10.5, "burden": 59.5, "capacity": 71.6, "svi": 0.4, "top_decile_gap": 0.0, "stratum": "metropolitan", "scored": 1}, "geometry": {"type": "Polygon", "coordinates": [[[-71.1164, 41.8848], [-71.1031, 41.8931], [-71.1006, 41.8879], [-71.0891, 41.8861], [-71.0945, 41.8752], [-71.0936, 41.873], [-71.1031, 41.8713], [-71.1044, 41.8604], [-71.1067, 41.8598], [-71.1087, 41.8541], [-71.12, 41.8575], [-71.1228, 41.8665], [-71.13, 41.8682], [-71.1298, 41.8827], [-71.1335, 41.8822], [-71.1339, 41.8851], [-71.1164, 41.8848]]]}}, {"type": "Feature", "properties": {"fips": "25001010304", "gap_national": -47.9, "gap_stratum": -39.7, "burden": 51.6, "capacity": 99.4, "svi": 0.1, "top_decile_gap": 0.0, "stratum": "metropolitan", "scored": 1}, "geometry": {"type": "Polygon", "coordinates": [[[-70.0038, 41.8085], [-70.005, 41.8431], [-69.9869, 41.8476], [-69.9751, 41.8377], [-69.9663, 41.839], [-69.9582, 41.8447], [-69.9485, 41.8462], [-69.9531, 41.8592], [-69.9503, 41.8595], [-69.9382, 41.8104], [-69.9609, 41.8144], [-69.967, 41.8068], [-69.9723, 41.8049], [-69.9799, 41.7929], [-69.9874, 41.8024], [-69.9932, 41.7986], [-70.0085, 41.8008], [-70.0038, 41.8085]]]}}, {"type": "Feature", "properties": {"fips": "25001013300", "gap_national": -55.3, "gap_stratum": -47.5, "burden": 45.3, "capacity": 98.8, "svi": 0.2, "top_decile_gap": 0.0, "stratum": "metropolitan", "scored": 1}, "geometry": {"type": "Polygon", "coordinates": [[[-70.5206, 41.7715], [-70.5194, 41.7928], [-70.4945, 41.7782], [-70.494, 41.7739], [-70.4758, 41.7639], [-70.4802, 41.763], [-70.477, 41.7601], [-70.4804, 41.7577], [-70.4835, 41.7436], [-70.4889, 41.745], [-70.4946, 41.743], [-70.493, 41.7391], [-70.5079, 41.7426], [-70.5262, 41.7583], [-70.5206, 41.7715]]]}}, {"type": "Feature", "properties": {"fips": "25023506202", "gap_national": -74.3, "gap_stratum": -69.5, "burden": 27.3, "capacity": 92.8, "svi": 0.07, "top_decile_gap": 0.0, "stratum": "metropolitan", "scored": 1}, "geometry": {"type": "Polygon", "coordinates": [[[-70.7206, 42.0949], [-70.7049, 42.0918], [-70.6943, 42.0827], [-70.6758, 42.0762], [-70.6725, 42.0714], [-70.6763, 42.0667], [-70.6898, 42.0624], [-70.6972, 42.0672], [-70.6984, 42.0705], [-70.738, 42.0915], [-70.7206, 42.0949]]]}}, {"type": "Feature", "properties": {"fips": "25023502200", "gap_national": -45.6, "gap_stratum": -37.2, "burden": 49.6, "capacity": 87.2, "svi": 0.48, "top_decile_gap": 0.0, "stratum": "metropolitan", "scored": 1}, "geometry": {"type": "Polygon", "coordinates": [[[-70.8903, 42.1717], [-70.8843, 42.1537], [-70.9001, 42.1517], [-70.8957, 42.138], [-70.9346, 42.1283], [-70.9408, 42.1514], [-70.8903, 42.1717]]]}}, {"type": "Feature", "properties": {"fips": "25003934300", "gap_national": -53.2, "gap_stratum": -90.4, "burden": 46.8, "capacity": 97.1, "svi": 0.08, "top_decile_gap": 0.0, "stratum": "rural", "scored": 1}, "geometry": {"type": "Polygon", "coordinates": [[[-73.4311, 42.2961], [-73.4154, 42.292], [-73.4155, 42.2798], [-73.4, 42.2725], [-73.4024, 42.2585], [-73.3962, 42.225], [-73.4144, 42.2252], [-73.4125, 42.192], [-73.4139, 42.1864], [-73.4118, 42.1866], [-73.4084, 42.1603], [-73.389, 42.1602], [-73.3883, 42.1552], [-73.3934, 42.1551], [-73.3931, 42.1526], [-73.4067, 42.1484], [-73.4043, 42.132], [-73.4349, 42.1324], [-73.42, 42.1038], [-73.4368, 42.0505], [-73.4969, 42.0497], [-73.5081, 42.0863], [-73.4311, 42.2961]]]}}, {"type": "Feature", "properties": {"fips": "25003900500", "gap_national": -41.8, "gap_stratum": -33.5, "burden": 56.0, "capacity": 94.8, "svi": 0.32, "top_decile_gap": 0.0, "stratum": "metropolitan", "scored": 1}, "geometry": {"type": "Polygon", "coordinates": [[[-73.3195, 42.4934], [-73.3151, 42.4929], [-73.3117, 42.5046], [-73.2818, 42.5002], [-73.2837, 42.4852], [-73.274, 42.4843], [-73.2676, 42.4775], [-73.2765, 42.4694], [-73.2769, 42.4642], [-73.2635, 42.4605], [-73.2668, 42.4556], [-73.2638, 42.4552], [-73.2672, 42.446], [-73.2849, 42.4451], [-73.3081, 42.4397], [-73.3178, 42.4341], [-73.3313, 42.4174], [-73.3389, 42.4186], [-73.3195, 42.4934]]]}}, {"type": "Feature", "properties": {"fips": "25013813206", "gap_national": -46.0, "gap_stratum": -37.9, "burden": 43.6, "capacity": 79.4, "svi": 0.13, "top_decile_gap": 0.0, "stratum": "metropolitan", "scored": 1}, "geometry": {"type": "Polygon", "coordinates": [[[-72.6616, 42.0798], [-72.6535, 42.0837], [-72.6496, 42.0802], [-72.6479, 42.0714], [-72.6432, 42.0719], [-72.6315, 42.0672], [-72.6317, 42.0654], [-72.651, 42.0623], [-72.6653, 42.0642], [-72.6701, 42.0605], [-72.676, 42.0603], [-72.6787, 42.067], [-72.679, 42.079], [-72.6616, 42.0798]]]}}, {"type": "Feature", "properties": {"fips": "25021415103", "gap_national": -75.4, "gap_stratum": -71.4, "burden": 22.4, "capacity": 85.0, "svi": 0.35, "top_decile_gap": 0.0, "stratum": "metropolitan", "scored": 1}, "geometry": {"type": "Polygon", "coordinates": [[[-71.1539, 42.1669], [-71.1537, 42.1641], [-71.1468, 42.1595], [-71.1311, 42.1579], [-71.1282, 42.1511], [-71.1199, 42.1476], [-71.1175, 42.1427], [-71.1318, 42.1393], [-71.1311, 42.1428], [-71.1387, 42.1445], [-71.1408, 42.1495], [-71.1539, 42.155], [-71.1574, 42.1613], [-71.1539, 42.1669]]]}}, {"type": "Feature", "properties": {"fips": "25021401202", "gap_national": -77.8, "gap_stratum": -73.6, "burden": 24.4, "capacity": 93.2, "svi": 0.62, "top_decile_gap": 0.0, "stratum": "metropolitan", "scored": 1}, "geometry": {"type": "Polygon", "coordinates": [[[-71.1646, 42.3246], [-71.1633, 42.3228], [-71.1506, 42.3217], [-71.1448, 42.3238], [-71.1415, 42.3219], [-71.144, 42.3177], [-71.142, 42.3103], [-71.1344, 42.3093], [-71.1401, 42.3021], [-71.1471, 42.3056], [-71.1467, 42.3072], [-71.159, 42.3085], [-71.1687, 42.3148], [-71.1717, 42.3195], [-71.1646, 42.3246]]]}}, {"type": "Feature", "properties": {"fips": "25023505202", "gap_national": -67.3, "gap_stratum": -61.1, "burden": 34.0, "capacity": 94.5, "svi": 0.21, "top_decile_gap": 0.0, "stratum": "metropolitan", "scored": 1}, "geometry": {"type": "Polygon", "coordinates": [[[-70.7552, 42.1997], [-70.7363, 42.1982], [-70.7386, 42.2066], [-70.731, 42.2049], [-70.7272, 42.2009], [-70.7135, 42.2024], [-70.7186, 42.1847], [-70.7254, 42.1827], [-70.7343, 42.1872], [-70.7383, 42.1822], [-70.7464, 42.1798], [-70.7465, 42.1768], [-70.7561, 42.1805], [-70.7687, 42.1967], [-70.7552, 42.1997]]]}}, {"type": "Feature", "properties": {"fips": "25005617102", "gap_national": -56.1, "gap_stratum": -48.9, "burden": 37.3, "capacity": 82.6, "svi": 0.12, "top_decile_gap": 0.0, "stratum": "metropolitan", "scored": 1}, "geometry": {"type": "Polygon", "coordinates": [[[-71.0041, 41.7623], [-70.9798, 41.7662], [-70.988, 41.7834], [-70.9218, 41.7912], [-70.9072, 41.7635], [-70.9263, 41.7588], [-70.9223, 41.7548], [-70.9936, 41.7205], [-70.9979, 41.7267], [-71.002, 41.7427], [-71.0217, 41.7667], [-71.0041, 41.7623]]]}}, {"type": "Feature", "properties": {"fips": "25005651500", "gap_national": 7.2, "gap_stratum": 13.0, "burden": 56.3, "capacity": 51.5, "svi": 0.83, "top_decile_gap": 0.0, "stratum": "metropolitan", "scored": 1}, "geometry": {"type": "Polygon", "coordinates": [[[-70.9483, 41.6425], [-70.9406, 41.6432], [-70.9417, 41.6463], [-70.9369, 41.6468], [-70.9353, 41.6381], [-70.9492, 41.6365], [-70.9483, 41.6425]]]}}, {"type": "Feature", "properties": {"fips": "25005655100", "gap_national": -53.4, "gap_stratum": -45.7, "burden": 41.8, "capacity": 85.7, "svi": 0.25, "top_decile_gap": 0.0, "stratum": "metropolitan", "scored": 1}, "geometry": {"type": "Polygon", "coordinates": [[[-70.8896, 41.6685], [-70.8582, 41.6812], [-70.8452, 41.6447], [-70.8432, 41.6285], [-70.8654, 41.6219], [-70.9052, 41.6659], [-70.8896, 41.6685]]]}}, {"type": "Feature", "properties": {"fips": "25013813401", "gap_national": -59.3, "gap_stratum": -52.8, "burden": 33.8, "capacity": 81.6, "svi": 0.14, "top_decile_gap": 0.0, "stratum": "metropolitan", "scored": 1}, "geometry": {"type": "Polygon", "coordinates": [[[-72.5161, 42.0841], [-72.5035, 42.0856], [-72.5095, 42.0771], [-72.5133, 42.0646], [-72.5355, 42.0579], [-72.5394, 42.0812], [-72.5161, 42.0841]]]}}, {"type": "Feature", "properties": {"fips": "25013812103", "gap_national": 8.4, "gap_stratum": 12.0, "burden": 81.8, "capacity": 70.0, "svi": 0.9, "top_decile_gap": 0.0, "stratum": "metropolitan", "scored": 1}, "geometry": {"type": "Polygon", "coordinates": [[[-72.6435, 42.1752], [-72.6398, 42.1828], [-72.63, 42.1882], [-72.6312, 42.1812], [-72.6211, 42.1945], [-72.617, 42.1953], [-72.612, 42.1927], [-72.6099, 42.1898], [-72.6231, 42.1851], [-72.6261, 42.1811], [-72.6285, 42.1715], [-72.6273, 42.162], [-72.6461, 42.1623], [-72.6435, 42.1752]]]}}, {"type": "Feature", "properties": {"fips": "25013800202", "gap_national": 21.9, "gap_stratum": 26.6, "burden": 66.8, "capacity": 49.8, "svi": 0.84, "top_decile_gap": 0.0, "stratum": "metropolitan", "scored": 1}, "geometry": {"type": "Polygon", "coordinates": [[[-72.5489, 42.1542], [-72.5408, 42.1575], [-72.5395, 42.1549], [-72.5215, 42.1612], [-72.5065, 42.16], [-72.5157, 42.1578], [-72.5136, 42.1537], [-72.5243, 42.1404], [-72.5462, 42.1336], [-72.5494, 42.1437], [-72.5489, 42.1542]]]}}, {"type": "Feature", "properties": {"fips": "25017354000", "gap_national": -44.0, "gap_stratum": -46.2, "burden": 3.8, "capacity": 48.1, "svi": 0.29, "top_decile_gap": 0.0, "stratum": "metropolitan", "scored": 1}, "geometry": {"type": "Polygon", "coordinates": [[[-71.1233, 42.3855], [-71.1195, 42.3848], [-71.1191, 42.3752], [-71.1275, 42.3804], [-71.1233, 42.3855]]]}}, {"type": "Feature", "properties": {"fips": "25017342600", "gap_national": 12.7, "gap_stratum": 17.8, "burden": 39.5, "capacity": 32.1, "svi": 0.68, "top_decile_gap": 0.0, "stratum": "metropolitan", "scored": 1}, "geometry": {"type": "Polygon", "coordinates": [[[-71.0462, 42.4084], [-71.0377, 42.4063], [-71.0415, 42.4017], [-71.0476, 42.4024], [-71.0462, 42.4084]]]}}, {"type": "Feature", "properties": {"fips": "25017341500", "gap_national": -35.6, "gap_stratum": -34.7, "burden": 20.5, "capacity": 52.5, "svi": 0.72, "top_decile_gap": 0.0, "stratum": "metropolitan", "scored": 1}, "geometry": {"type": "Polygon", "coordinates": [[[-71.0604, 42.4265], [-71.0638, 42.4261], [-71.064, 42.428], [-71.0578, 42.431], [-71.0554, 42.4266], [-71.0578, 42.4254], [-71.0528, 42.4212], [-71.0568, 42.4187], [-71.0637, 42.4249], [-71.0604, 42.4265]]]}}, {"type": "Feature", "properties": {"fips": "25027739102", "gap_national": -82.1, "gap_stratum": -81.1, "burden": 5.6, "capacity": 75.6, "svi": 0.14, "top_decile_gap": 0.0, "stratum": "metropolitan", "scored": 1}, "geometry": {"type": "Polygon", "coordinates": [[[-71.7105, 42.2768], [-71.6729, 42.2818], [-71.6591, 42.2668], [-71.6706, 42.2611], [-71.6764, 42.2542], [-71.6745, 42.2524], [-71.7047, 42.2484], [-71.7114, 42.2451], [-71.7105, 42.2768]]]}}, {"type": "Feature", "properties": {"fips": "25023500101", "gap_national": -63.2, "gap_stratum": -56.6, "burden": 36.6, "capacity": 92.1, "svi": 0.09, "top_decile_gap": 0.0, "stratum": "metropolitan", "scored": 1}, "geometry": {"type": "MultiPolygon", "coordinates": [[[[-70.8802, 42.3423], [-70.874, 42.3436], [-70.8761, 42.3412], [-70.8834, 42.3405], [-70.8802, 42.3423]]], [[[-70.8863, 42.3399], [-70.8848, 42.3393], [-70.8875, 42.3382], [-70.8918, 42.3389], [-70.8863, 42.3399]]], [[[-70.889, 42.3289], [-70.8888, 42.3285], [-70.892, 42.3272], [-70.889, 42.3289]]], [[[-70.8972, 42.3433], [-70.8956, 42.3439], [-70.8952, 42.3389], [-70.8984, 42.3403], [-70.8972, 42.3433]]], [[[-70.8971, 42.334], [-70.8941, 42.335], [-70.8961, 42.3304], [-70.8984, 42.3312], [-70.8971, 42.334]]], [[[-70.9076, 42.3079], [-70.8959, 42.3059], [-70.8895, 42.3105], [-70.8827, 42.3104], [-70.8812, 42.3007], [-70.8759, 42.2929], [-70.8847, 42.2901], [-70.8873, 42.2977], [-70.904, 42.3017], [-70.9104, 42.2991], [-70.9156, 42.3025], [-70.9234, 42.3024], [-70.9239, 42.305], [-70.9076, 42.3079]]], [[[-70.9417, 42.2922], [-70.9357, 42.2965], [-70.9353, 42.3021], [-70.9294, 42.3033], [-70.9264, 42.3014], [-70.9353, 42.2919], [-70.9373, 42.2849], [-70.9426, 42.2875], [-70.949, 42.2859], [-70.9511, 42.2897], [-70.9417, 42.2922]]]]}}, {"type": "Feature", "properties": {"fips": "25017374300", "gap_national": -90.7, "gap_stratum": -89.3, "burden": 10.6, "capacity": 89.8, "svi": 0.07, "top_decile_gap": 0.0, "stratum": "metropolitan", "scored": 1}, "geometry": {"type": "Polygon", "coordinates": [[[-71.2449, 42.3337], [-71.2312, 42.3263], [-71.2189, 42.3306], [-71.2183, 42.3286], [-71.221, 42.3233], [-71.2186, 42.3223], [-71.2209, 42.321], [-71.2267, 42.3238], [-71.2258, 42.3171], [-71.228, 42.3168], [-71.2309, 42.3207], [-71.2468, 42.3211], [-71.2529, 42.3268], [-71.2585, 42.3253], [-71.2449, 42.3337]]]}}, {"type": "Feature", "properties": {"fips": "25017338500", "gap_national": -84.4, "gap_stratum": -82.5, "burden": 11.7, "capacity": 82.4, "svi": 0.05, "top_decile_gap": 0.0, "stratum": "metropolitan", "scored": 1}, "geometry": {"type": "Polygon", "coordinates": [[[-71.1347, 42.4593], [-71.1198, 42.4586], [-71.1203, 42.4638], [-71.1223, 42.4642], [-71.1208, 42.4679], [-71.1152, 42.4686], [-71.1146, 42.4633], [-71.1241, 42.4442], [-71.122, 42.4398], [-71.1271, 42.4389], [-71.129, 42.4356], [-71.1453, 42.4358], [-71.1347, 42.4593]]]}}, {"type": "Feature", "properties": {"fips": "25015820101", "gap_national": -44.1, "gap_stratum": -35.7, "burden": 48.0, "capacity": 83.0, "svi": 0.25, "top_decile_gap": 0.0, "stratum": "metropolitan", "scored": 1}, "geometry": {"type": "Polygon", "coordinates": [[[-72.3519, 42.3064], [-72.3504, 42.3042], [-72.3515, 42.31], [-72.3459, 42.31], [-72.3421, 42.3143], [-72.3352, 42.3152], [-72.3323, 42.3194], [-72.3283, 42.3186], [-72.3282, 42.3252], [-72.3247, 42.3268], [-72.325, 42.3307], [-72.3178, 42.3395], [-72.3148, 42.3398], [-72.3143, 42.3437], [-72.307, 42.3442], [-72.292, 42.3518], [-72.2842, 42.3521], [-72.2814, 42.3361], [-72.2785, 42.3365], [-72.2771, 42.3294], [-72.28, 42.3291], [-72.2746, 42.302], [-72.2108, 42.3114], [-72.2122, 42.3026], [-72.2163, 42.2993], [-72.2167, 42.2941], [-72.2108, 42.2945], [-72.2033, 42.2912], [-72.2071, 42.2852], [-72.212, 42.2827], [-72.2128, 42.2698], [-72.2176, 42.2702], [-72.2176, 42.2676], [-72.232, 42.2584], [-72.2347, 42.2605], [-72.2398, 42.2597], [-72.2322, 42.269], [-72.2397, 42.2695], [-72.2415, 42.273], [-72.2471, 42.2754], [-72.2509, 42.2561], [-72.2487, 42.2529], [-72.2501, 42.2449], [-72.2565, 42.2432], [-72.2498, 42.239], [-72.2576, 42.2299], [-72.2682, 42.2293], [-72.2705, 42.2368], [-72.2777, 42.2331], [-72.2813, 42.235], [-72.336, 42.2202], [-72.337, 42.2237], [-72.3329, 42.2371], [-72.3348, 42.2512], [-72.3384, 42.2591], [-72.3339, 42.2625], [-72.3316, 42.2715], [-72.3388, 42.2751], [-72.3396, 42.281], [-72.3507, 42.2847], [-72.3486, 42.2946], [-72.3527, 42.296], [-72.3508, 42.2982], [-72.3545, 42.299], [-72.3538, 42.3025], [-72.356, 42.3033], [-72.3519, 42.3064]]]}}, {"type": "Feature", "properties": {"fips": "25017321600", "gap_national": -48.5, "gap_stratum": -45.8, "burden": 22.9, "capacity": 62.8, "svi": 0.42, "top_decile_gap": 0.0, "stratum": "metropolitan", "scored": 1}, "geometry": {"type": "Polygon", "coordinates": [[[-71.5151, 42.3765], [-71.5181, 42.3729], [-71.5171, 42.3675], [-71.5196, 42.3631], [-71.5156, 42.3615], [-71.5196, 42.3563], [-71.5343, 42.3512], [-71.5462, 42.3502], [-71.5531, 42.3625], [-71.5593, 42.3663], [-71.5621, 42.3716], [-71.5151, 42.3765]]]}}, {"type": "Feature", "properties": {"fips": "25017317103", "gap_national": -78.5, "gap_stratum": -75.2, "burden": 19.1, "capacity": 84.3, "svi": 0.08, "top_decile_gap": 0.0, "stratum": "metropolitan", "scored": 1}, "geometry": {"type": "Polygon", "coordinates": [[[-71.3828, 42.5658], [-71.3804, 42.5715], [-71.3772, 42.5714], [-71.3634, 42.5823], [-71.3469, 42.5833], [-71.3345, 42.5784], [-71.3253, 42.5791], [-71.3185, 42.5839], [-71.3148, 42.5824], [-71.3325, 42.5608], [-71.3463, 42.5637], [-71.3884, 42.5499], [-71.3899, 42.5601], [-71.3828, 42.5658]]]}}, {"type": "Feature", "properties": {"fips": "25017327103", "gap_national": -53.4, "gap_stratum": -45.8, "burden": 41.5, "capacity": 85.2, "svi": 0.41, "top_decile_gap": 0.0, "stratum": "metropolitan", "scored": 1}, "geometry": {"type": "Polygon", "coordinates": [[[-71.6535, 42.6751], [-71.6452, 42.6703], [-71.6345, 42.6733], [-71.6025, 42.6667], [-71.5757, 42.6653], [-71.5796, 42.6569], [-71.5798, 42.6479], [-71.583, 42.6441], [-71.5865, 42.6464], [-71.5873, 42.6394], [-71.5924, 42.6366], [-71.5928, 42.633], [-71.5879, 42.6308], [-71.593, 42.6293], [-71.5931, 42.6265], [-71.6007, 42.6261], [-71.606, 42.631], [-71.6082, 42.6274], [-71.6142, 42.6285], [-71.6407, 42.6393], [-71.6579, 42.6499], [-71.6535, 42.6751]]]}}, {"type": "Feature", "properties": {"fips": "25017310200", "gap_national": 6.2, "gap_stratum": 11.4, "burden": 45.3, "capacity": 42.9, "svi": 0.78, "top_decile_gap": 0.0, "stratum": "metropolitan", "scored": 1}, "geometry": {"type": "Polygon", "coordinates": [[[-71.3023, 42.6537], [-71.3034, 42.6657], [-71.2995, 42.6664], [-71.286, 42.6496], [-71.2924, 42.6446], [-71.3052, 42.6481], [-71.3023, 42.6537]]]}}, {"type": "Feature", "properties": {"fips": "25013802602", "gap_national": -43.2, "gap_stratum": -35.2, "burden": 42.9, "capacity": 76.0, "svi": 0.42, "top_decile_gap": 0.0, "stratum": "metropolitan", "scored": 1}, "geometry": {"type": "Polygon", "coordinates": [[[-72.548, 42.0754], [-72.5433, 42.0706], [-72.543, 42.0764], [-72.5402, 42.077], [-72.5437, 42.0808], [-72.5424, 42.0827], [-72.5396, 42.0812], [-72.5366, 42.0637], [-72.5555, 42.0667], [-72.548, 42.0754]]]}}, {"type": "Feature", "properties": {"fips": "25017356601", "gap_national": -82.2, "gap_stratum": -80.5, "burden": 9.9, "capacity": 78.4, "svi": 0.38, "top_decile_gap": 0.0, "stratum": "metropolitan", "scored": 1}, "geometry": {"type": "Polygon", "coordinates": [[[-71.1725, 42.4218], [-71.1757, 42.4254], [-71.1743, 42.4283], [-71.1702, 42.429], [-71.1691, 42.4241], [-71.1628, 42.4218], [-71.1658, 42.4183], [-71.1685, 42.4197], [-71.1722, 42.4169], [-71.17, 42.4158], [-71.1744, 42.4094], [-71.1837, 42.4114], [-71.1725, 42.4218]]]}}, {"type": "Feature", "properties": {"fips": "25003922200", "gap_national": -25.4, "gap_stratum": -57.0, "burden": 55.0, "capacity": 72.9, "svi": 0.6, "top_decile_gap": 0.0, "stratum": "micropolitan", "scored": 1}, "geometry": {"type": "Polygon", "coordinates": [[[-73.1698, 42.6602], [-73.0633, 42.6547], [-73.0663, 42.6124], [-73.0731, 42.6118], [-73.0775, 42.6064], [-73.0805, 42.6072], [-73.087, 42.602], [-73.0973, 42.6075], [-73.0965, 42.6149], [-73.104, 42.6157], [-73.1154, 42.6283], [-73.1164, 42.625], [-73.1254, 42.6279], [-73.1298, 42.6261], [-73.1433, 42.6361], [-73.1581, 42.6374], [-73.1614, 42.6426], [-73.1648, 42.6391], [-73.1652, 42.6348], [-73.1712, 42.6345], [-73.1698, 42.6602]]]}}, {"type": "Feature", "properties": {"fips": "25017341101", "gap_national": -58.8, "gap_stratum": -57.0, "burden": 16.8, "capacity": 65.2, "svi": 0.24, "top_decile_gap": 0.0, "stratum": "metropolitan", "scored": 1}, "geometry": {"type": "Polygon", "coordinates": [[[-71.0856, 42.4447], [-71.0821, 42.4439], [-71.0829, 42.4388], [-71.0706, 42.4401], [-71.0721, 42.432], [-71.0818, 42.4312], [-71.0868, 42.4368], [-71.0856, 42.4447]]]}}, {"type": "Feature", "properties": {"fips": "25017340000", "gap_national": -38.1, "gap_stratum": -37.0, "burden": 20.7, "capacity": 54.3, "svi": 0.33, "top_decile_gap": 0.0, "stratum": "metropolitan", "scored": 1}, "geometry": {"type": "Polygon", "coordinates": [[[-71.1027, 42.428], [-71.1012, 42.4259], [-71.0897, 42.4241], [-71.1042, 42.4187], [-71.1027, 42.428]]]}}, {"type": "Feature", "properties": {"fips": "25017374600", "gap_national": -83.5, "gap_stratum": -82.4, "burden": 6.7, "capacity": 77.5, "svi": 0.09, "top_decile_gap": 0.0, "stratum": "metropolitan", "scored": 1}, "geometry": {"type": "Polygon", "coordinates": [[[-71.2262, 42.3639], [-71.2224, 42.3594], [-71.2263, 42.3494], [-71.2337, 42.3474], [-71.2379, 42.3491], [-71.2381, 42.3519], [-71.2319, 42.3529], [-71.2431, 42.3589], [-71.2262, 42.3639]]]}}, {"type": "Feature", "properties": {"fips": "25025101101", "gap_national": -13.3, "gap_stratum": -5.6, "burden": 61.6, "capacity": 69.4, "svi": 0.85, "top_decile_gap": 0.0, "stratum": "metropolitan", "scored": 1}, "geometry": {"type": "Polygon", "coordinates": [[[-71.0958, 42.292], [-71.0916, 42.2842], [-71.0936, 42.2772], [-71.0996, 42.2823], [-71.0949, 42.2872], [-71.0997, 42.2864], [-71.1001, 42.2903], [-71.0958, 42.292]]]}}, {"type": "Feature", "properties": {"fips": "25025980900", "gap_national": -88.0, "gap_stratum": -86.6, "burden": 9.6, "capacity": 84.6, "svi": 0.04, "top_decile_gap": 0.0, "stratum": "metropolitan", "scored": 1}, "geometry": {"type": "Polygon", "coordinates": [[[-71.1786, 42.2946], [-71.1716, 42.288], [-71.1712, 42.2798], [-71.1853, 42.2795], [-71.1909, 42.2832], [-71.1786, 42.2946]]]}}, {"type": "Feature", "properties": {"fips": "25013810403", "gap_national": 1.8, "gap_stratum": 7.7, "burden": 70.1, "capacity": 65.9, "svi": 0.69, "top_decile_gap": 0.0, "stratum": "metropolitan", "scored": 1}, "geometry": {"type": "Polygon", "coordinates": [[[-72.4818, 42.167], [-72.4805, 42.1623], [-72.4726, 42.1631], [-72.4718, 42.1602], [-72.4655, 42.1628], [-72.4631, 42.1571], [-72.4685, 42.156], [-72.4688, 42.1527], [-72.4782, 42.1534], [-72.4881, 42.158], [-72.4898, 42.1621], [-72.5105, 42.1605], [-72.516, 42.1608], [-72.5165, 42.1633], [-72.4818, 42.167]]]}}, {"type": "Feature", "properties": {"fips": "25013810901", "gap_national": 45.6, "gap_stratum": 50.0, "burden": 69.7, "capacity": 34.3, "svi": 0.81, "top_decile_gap": 0.0, "stratum": "metropolitan", "scored": 1}, "geometry": {"type": "Polygon", "coordinates": [[[-72.6078, 42.1501], [-72.6035, 42.1482], [-72.6036, 42.1448], [-72.6108, 42.1429], [-72.613, 42.1356], [-72.6153, 42.1357], [-72.6184, 42.1437], [-72.6224, 42.147], [-72.6212, 42.1488], [-72.6078, 42.1501]]]}}, {"type": "Feature", "properties": {"fips": "25013810100", "gap_national": -25.4, "gap_stratum": -16.9, "burden": 55.2, "capacity": 73.0, "svi": 0.66, "top_decile_gap": 0.0, "stratum": "metropolitan", "scored": 1}, "geometry": {"type": "Polygon", "coordinates": [[[-72.348, 42.17], [-72.316, 42.1772], [-72.3147, 42.1824], [-72.3172, 42.2037], [-72.2945, 42.2314], [-72.2813, 42.235], [-72.2777, 42.2331], [-72.2705, 42.2368], [-72.2682, 42.2293], [-72.2576, 42.2299], [-72.247, 42.2421], [-72.2212, 42.2453], [-72.2628, 42.2025], [-72.2647, 42.1967], [-72.264, 42.1807], [-72.2617, 42.1769], [-72.2639, 42.1747], [-72.2616, 42.1717], [-72.2671, 42.166], [-72.2684, 42.1583], [-72.2653, 42.1546], [-72.2716, 42.1431], [-72.2804, 42.1434], [-72.2846, 42.1412], [-72.2973, 42.1445], [-72.3114, 42.1433], [-72.3162, 42.1482], [-72.3189, 42.1464], [-72.3303, 42.152], [-72.3361, 42.1592], [-72.3484, 42.1608], [-72.3516, 42.166], [-72.348, 42.17]]]}}, {"type": "Feature", "properties": {"fips": "25017387202", "gap_national": -81.7, "gap_stratum": -79.5, "burden": 13.0, "capacity": 80.6, "svi": 0.07, "top_decile_gap": 0.0, "stratum": "metropolitan", "scored": 1}, "geometry": {"type": "Polygon", "coordinates": [[[-71.4603, 42.2163], [-71.4671, 42.2308], [-71.4586, 42.2321], [-71.4459, 42.2065], [-71.4489, 42.2033], [-71.4395, 42.1892], [-71.4406, 42.1855], [-71.4476, 42.1806], [-71.4717, 42.1722], [-71.4745, 42.1626], [-71.4781, 42.1587], [-71.478, 42.1659], [-71.4974, 42.1666], [-71.5026, 42.1914], [-71.4603, 42.2163]]]}}, {"type": "Feature", "properties": {"fips": "25017331300", "gap_national": -57.9, "gap_stratum": -52.6, "burden": 28.2, "capacity": 73.9, "svi": 0.31, "top_decile_gap": 0.0, "stratum": "metropolitan", "scored": 1}, "geometry": {"type": "Polygon", "coordinates": [[[-71.2144, 42.565], [-71.2151, 42.5705], [-71.192, 42.5613], [-71.1788, 42.552], [-71.1492, 42.5243], [-71.17, 42.5155], [-71.2058, 42.5454], [-71.2122, 42.5475], [-71.2098, 42.5514], [-71.2114, 42.5531], [-71.2089, 42.5545], [-71.2187, 42.5617], [-71.2144, 42.565]]]}}, {"type": "Feature", "properties": {"fips": "25017317102", "gap_national": -71.8, "gap_stratum": -69.3, "burden": 15.6, "capacity": 73.8, "svi": 0.17, "top_decile_gap": 0.0, "stratum": "metropolitan", "scored": 1}, "geometry": {"type": "Polygon", "coordinates": [[[-71.3315, 42.5918], [-71.3408, 42.5995], [-71.342, 42.6048], [-71.3278, 42.6123], [-71.3257, 42.6132], [-71.3238, 42.6076], [-71.3199, 42.6069], [-71.3193, 42.6136], [-71.2964, 42.6147], [-71.2946, 42.6052], [-71.3196, 42.5759], [-71.3148, 42.5824], [-71.3185, 42.5839], [-71.3253, 42.5791], [-71.3345, 42.5784], [-71.3419, 42.5803], [-71.3502, 42.5902], [-71.3315, 42.5918]]]}}, {"type": "Feature", "properties": {"fips": "25021414200", "gap_national": -87.0, "gap_stratum": -85.2, "burden": 12.3, "capacity": 86.2, "svi": 0.11, "top_decile_gap": 0.0, "stratum": "metropolitan", "scored": 1}, "geometry": {"type": "Polygon", "coordinates": [[[-71.1935, 42.0975], [-71.1873, 42.1045], [-71.1799, 42.1115], [-71.1752, 42.1111], [-71.1677, 42.1156], [-71.1629, 42.1211], [-71.1473, 42.1267], [-71.1391, 42.1202], [-71.1335, 42.111], [-71.1311, 42.1018], [-71.1393, 42.0852], [-71.1386, 42.0728], [-71.1785, 42.0574], [-71.1959, 42.0818], [-71.1935, 42.0975]]]}}, {"type": "Feature", "properties": {"fips": "25025010300", "gap_national": -20.6, "gap_stratum": -22.3, "burden": 0.4, "capacity": 28.0, "svi": 0.45, "top_decile_gap": 0.0, "stratum": "metropolitan", "scored": 1}, "geometry": {"type": "Polygon", "coordinates": [[[-71.1047, 42.3434], [-71.099, 42.3391], [-71.0932, 42.3409], [-71.0922, 42.3391], [-71.1003, 42.3359], [-71.11, 42.3403], [-71.1047, 42.3434]]]}}, {"type": "Feature", "properties": {"fips": "25025110607", "gap_national": -86.0, "gap_stratum": -84.0, "burden": 13.2, "capacity": 86.2, "svi": 0.09, "top_decile_gap": 0.0, "stratum": "metropolitan", "scored": 1}, "geometry": {"type": "Polygon", "coordinates": [[[-71.1301, 42.2982], [-71.1305, 42.2932], [-71.126, 42.2885], [-71.1478, 42.2866], [-71.1301, 42.2982]]]}}, {"type": "Feature", "properties": {"fips": "25017314302", "gap_national": -65.5, "gap_stratum": -62.9, "burden": 17.5, "capacity": 70.4, "svi": 0.06, "top_decile_gap": 0.0, "stratum": "metropolitan", "scored": 1}, "geometry": {"type": "Polygon", "coordinates": [[[-71.2679, 42.7259], [-71.2552, 42.7366], [-71.2382, 42.6694], [-71.2425, 42.6623], [-71.254, 42.6611], [-71.2655, 42.6848], [-71.274, 42.6857], [-71.2888, 42.702], [-71.2679, 42.7259]]]}}, {"type": "Feature", "properties": {"fips": "25017312300", "gap_national": -38.7, "gap_stratum": -34.3, "burden": 30.8, "capacity": 62.2, "svi": 0.59, "top_decile_gap": 0.0, "stratum": "metropolitan", "scored": 1}, "geometry": {"type": "Polygon", "coordinates": [[[-71.2937, 42.6361], [-71.2747, 42.6289], [-71.2778, 42.6208], [-71.2834, 42.6153], [-71.297, 42.613], [-71.2961, 42.6259], [-71.3012, 42.6361], [-71.2937, 42.6361]]]}}, {"type": "Feature", "properties": {"fips": "25017341903", "gap_national": -48.4, "gap_stratum": -50.0, "burden": 7.7, "capacity": 52.8, "svi": 0.39, "top_decile_gap": 0.0, "stratum": "metropolitan", "scored": 1}, "geometry": {"type": "Polygon", "coordinates": [[[-71.0258, 42.4447], [-71.0204, 42.4382], [-71.0361, 42.4346], [-71.0369, 42.4369], [-71.0421, 42.4382], [-71.0414, 42.4406], [-71.0442, 42.4428], [-71.0258, 42.4447]]]}}, {"type": "Feature", "properties": {"fips": "25021404301", "gap_national": -90.9, "gap_stratum": -89.9, "burden": 6.6, "capacity": 85.7, "svi": 0.01, "top_decile_gap": 0.0, "stratum": "metropolitan", "scored": 1}, "geometry": {"type": "Polygon", "coordinates": [[[-71.2918, 42.3226], [-71.2905, 42.3208], [-71.2942, 42.3186], [-71.2908, 42.3167], [-71.2966, 42.3092], [-71.2965, 42.3061], [-71.3264, 42.3044], [-71.3297, 42.313], [-71.2918, 42.3226]]]}}, {"type": "Feature", "properties": {"fips": "25021410100", "gap_national": -68.3, "gap_stratum": -63.2, "burden": 26.6, "capacity": 82.2, "svi": 0.49, "top_decile_gap": 0.0, "stratum": "metropolitan", "scored": 1}, "geometry": {"type": "Polygon", "coordinates": [[[-71.2871, 42.0637], [-71.2877, 42.0769], [-71.2845, 42.0836], [-71.2717, 42.0984], [-71.2634, 42.1013], [-71.2486, 42.0669], [-71.2371, 42.0532], [-71.2526, 42.0304], [-71.2883, 42.0145], [-71.2894, 42.0591], [-71.2871, 42.0637]]]}}, {"type": "Feature", "properties": {"fips": "25021413300", "gap_national": -76.0, "gap_stratum": -72.1, "burden": 22.2, "capacity": 85.6, "svi": 0.12, "top_decile_gap": 0.0, "stratum": "metropolitan", "scored": 1}, "geometry": {"type": "Polygon", "coordinates": [[[-71.2107, 42.2088], [-71.2026, 42.1966], [-71.2212, 42.1848], [-71.2295, 42.1821], [-71.2352, 42.1858], [-71.2107, 42.2088]]]}}, {"type": "Feature", "properties": {"fips": "25025091700", "gap_national": 17.4, "gap_stratum": 23.2, "burden": 49.9, "capacity": 38.4, "svi": 0.95, "top_decile_gap": 0.0, "stratum": "metropolitan", "scored": 1}, "geometry": {"type": "Polygon", "coordinates": [[[-71.0665, 42.3067], [-71.0606, 42.3031], [-71.0674, 42.301], [-71.0703, 42.3039], [-71.0665, 42.3067]]]}}, {"type": "Feature", "properties": {"fips": "25009251500", "gap_national": 29.9, "gap_stratum": 36.3, "burden": 51.7, "capacity": 29.4, "svi": 0.99, "top_decile_gap": 0.0, "stratum": "metropolitan", "scored": 1}, "geometry": {"type": "Polygon", "coordinates": [[[-71.1776, 42.693], [-71.1651, 42.7013], [-71.1576, 42.6907], [-71.1625, 42.6895], [-71.1671, 42.6916], [-71.1776, 42.6842], [-71.1775, 42.6813], [-71.1861, 42.6793], [-71.1889, 42.6963], [-71.1776, 42.693]]]}}, {"type": "Feature", "properties": {"fips": "25009208102", "gap_national": -44.0, "gap_stratum": -36.8, "burden": 38.5, "capacity": 72.5, "svi": 0.25, "top_decile_gap": 0.0, "stratum": "metropolitan", "scored": 1}, "geometry": {"type": "Polygon", "coordinates": [[[-71.0103, 42.4487], [-70.9942, 42.4503], [-70.9873, 42.4432], [-70.9807, 42.4495], [-70.9915, 42.4533], [-70.9891, 42.4597], [-70.9857, 42.4592], [-70.9867, 42.4546], [-70.9831, 42.4586], [-70.9795, 42.4562], [-70.9838, 42.4524], [-70.9686, 42.4444], [-70.9823, 42.4313], [-70.9901, 42.4349], [-70.9972, 42.4311], [-71.0108, 42.4347], [-71.0123, 42.4397], [-71.0097, 42.441], [-71.0132, 42.4437], [-71.0103, 42.4487]]]}}, {"type": "Feature", "properties": {"fips": "25009213100", "gap_national": -81.9, "gap_stratum": -79.0, "burden": 17.9, "capacity": 87.2, "svi": 0.02, "top_decile_gap": 0.0, "stratum": "metropolitan", "scored": 1}, "geometry": {"type": "Polygon", "coordinates": [[[-71.0819, 42.7367], [-71.0721, 42.7327], [-71.0589, 42.7325], [-71.0316, 42.718], [-71.0236, 42.7016], [-70.9919, 42.7008], [-70.9486, 42.6807], [-70.9645, 42.6748], [-70.9653, 42.6719], [-70.969, 42.6732], [-70.9604, 42.6491], [-70.9764, 42.6407], [-70.9734, 42.6369], [-70.9733, 42.6295], [-70.9685, 42.627], [-70.9691, 42.6251], [-70.9766, 42.623], [-70.9766, 42.6208], [-70.9853, 42.6217], [-71.0223, 42.6416], [-71.0405, 42.6727], [-71.0917, 42.7181], [-71.0953, 42.7221], [-71.0918, 42.7243], [-71.0937, 42.7267], [-71.0965, 42.7241], [-71.1086, 42.7353], [-71.0819, 42.7367]]]}}, {"type": "Feature", "properties": {"fips": "25009270100", "gap_national": -74.4, "gap_stratum": -70.1, "burden": 24.3, "capacity": 86.7, "svi": 0.1, "top_decile_gap": 0.0, "stratum": "metropolitan", "scored": 1}, "geometry": {"type": "Polygon", "coordinates": [[[-70.9241, 42.736], [-70.9004, 42.7417], [-70.8958, 42.7472], [-70.8928, 42.7442], [-70.8914, 42.7456], [-70.8933, 42.7476], [-70.8897, 42.7471], [-70.8886, 42.7494], [-70.8848, 42.7475], [-70.8821, 42.7513], [-70.8797, 42.7477], [-70.8761, 42.7476], [-70.8727, 42.7504], [-70.8696, 42.7488], [-70.8554, 42.7501], [-70.8509, 42.7531], [-70.8459, 42.7497], [-70.8329, 42.7541], [-70.8296, 42.7505], [-70.8098, 42.75], [-70.795, 42.7532], [-70.7882, 42.7389], [-70.7983, 42.7336], [-70.7983, 42.7284], [-70.8152, 42.7228], [-70.8204, 42.7305], [-70.8263, 42.7326], [-70.8382, 42.7316], [-70.8489, 42.7259], [-70.8523, 42.7267], [-70.859, 42.7216], [-70.8583, 42.7175], [-70.8606, 42.7155], [-70.8577, 42.7137], [-70.8631, 42.7131], [-70.8644, 42.7091], [-70.8755, 42.7129], [-70.8809, 42.7063], [-70.9486, 42.6807], [-70.9764, 42.6944], [-70.9241, 42.736]]]}}, {"type": "Feature", "properties": {"fips": "25011040100", "gap_national": -45.0, "gap_stratum": -82.8, "burden": 49.1, "capacity": 85.7, "svi": 0.38, "top_decile_gap": 0.0, "stratum": "rural", "scored": 1}, "geometry": {"type": "Polygon", "coordinates": [[[-72.6747, 42.7329], [-72.6699, 42.7168], [-72.6745, 42.7083], [-72.6706, 42.7079], [-72.6709, 42.7037], [-72.6662, 42.7004], [-72.6624, 42.6925], [-72.6567, 42.6908], [-72.6563, 42.6867], [-72.6521, 42.6851], [-72.6553, 42.6811], [-72.6518, 42.6764], [-72.6371, 42.67], [-72.6315, 42.6651], [-72.6332, 42.661], [-72.6271, 42.6595], [-72.6246, 42.6514], [-72.6196, 42.6486], [-72.6209, 42.6469], [-72.7351, 42.6331], [-72.7369, 42.627], [-72.744, 42.6268], [-72.747, 42.6229], [-72.7454, 42.6195], [-72.7496, 42.618], [-72.7541, 42.621], [-72.7643, 42.6194], [-72.7835, 42.6213], [-72.8029, 42.6167], [-72.8237, 42.6186], [-72.8317, 42.6166], [-72.8485, 42.5591], [-72.877, 42.5554], [-72.8768, 42.5412], [-72.9754, 42.556], [-72.951, 42.641], [-72.9526, 42.6509], [-72.9556, 42.6545], [-72.9549, 42.6658], [-72.9621, 42.667], [-72.9639, 42.6643], [-72.9763, 42.661], [-72.9957, 42.6736], [-72.9893, 42.6742], [-72.9889, 42.6787], [-72.9766, 42.6791], [-72.9775, 42.6859], [-72.9735, 42.6888], [-72.9638, 42.6875], [-72.9544, 42.6903], [-72.9516, 42.694], [-72.9539, 42.6982], [-72.9488, 42.7041], [-72.9979, 42.7013], [-73.0237, 42.7027], [-73.023, 42.7411], [-72.6747, 42.7329]]]}}, {"type": "Feature", "properties": {"fips": "25001010800", "gap_national": -50.9, "gap_stratum": -42.8, "burden": 49.1, "capacity": 99.0, "svi": 0.25, "top_decile_gap": 0.0, "stratum": "metropolitan", "scored": 1}, "geometry": {"type": "Polygon", "coordinates": [[[-70.131, 41.7515], [-70.1306, 41.7542], [-70.122, 41.7588], [-70.0961, 41.7665], [-70.0725, 41.7729], [-70.0643, 41.7728], [-70.048, 41.7788], [-70.0474, 41.7727], [-70.0443, 41.773], [-70.0689, 41.7559], [-70.0849, 41.726], [-70.094, 41.7245], [-70.0964, 41.716], [-70.1338, 41.7061], [-70.1451, 41.7448], [-70.131, 41.7515]]]}}, {"type": "Feature", "properties": {"fips": "25025140300", "gap_national": -32.7, "gap_stratum": -24.0, "burden": 54.8, "capacity": 79.2, "svi": 0.85, "top_decile_gap": 0.0, "stratum": "metropolitan", "scored": 1}, "geometry": {"type": "Polygon", "coordinates": [[[-71.1253, 42.2557], [-71.1233, 42.2635], [-71.119, 42.2619], [-71.1183, 42.2666], [-71.111, 42.269], [-71.1069, 42.2619], [-71.1115, 42.2608], [-71.1255, 42.248], [-71.129, 42.248], [-71.1301, 42.2512], [-71.1253, 42.2557]]]}}, {"type": "Feature", "properties": {"fips": "25009268200", "gap_national": -77.9, "gap_stratum": -73.8, "burden": 24.1, "capacity": 92.6, "svi": 0.41, "top_decile_gap": 0.0, "stratum": "metropolitan", "scored": 1}, "geometry": {"type": "Polygon", "coordinates": [[[-70.9153, 42.8026], [-70.9162, 42.8261], [-70.9118, 42.8345], [-70.8976, 42.8326], [-70.8775, 42.8198], [-70.8904, 42.8093], [-70.8784, 42.8067], [-70.8792, 42.8033], [-70.8756, 42.7979], [-70.8908, 42.7943], [-70.898, 42.7984], [-70.9051, 42.7974], [-70.9174, 42.7875], [-70.9205, 42.791], [-70.9153, 42.8026]]]}}, {"type": "Feature", "properties": {"fips": "25017368101", "gap_national": -74.2, "gap_stratum": -73.1, "burden": 9.3, "capacity": 71.1, "svi": 0.34, "top_decile_gap": 0.0, "stratum": "metropolitan", "scored": 1}, "geometry": {"type": "Polygon", "coordinates": [[[-71.257, 42.4211], [-71.2329, 42.4132], [-71.2341, 42.4021], [-71.2498, 42.4056], [-71.2577, 42.4123], [-71.257, 42.4211]]]}}, {"type": "Feature", "properties": {"fips": "25017357300", "gap_national": -80.5, "gap_stratum": -79.7, "burden": 4.7, "capacity": 73.7, "svi": 0.07, "top_decile_gap": 0.0, "stratum": "metropolitan", "scored": 1}, "geometry": {"type": "Polygon", "coordinates": [[[-71.1603, 42.3864], [-71.1558, 42.3816], [-71.1544, 42.3751], [-71.1634, 42.3768], [-71.1653, 42.386], [-71.1603, 42.3864]]]}}, {"type": "Feature", "properties": {"fips": "25017385101", "gap_national": -78.5, "gap_stratum": -77.4, "burden": 7.3, "capacity": 73.4, "svi": 0.06, "top_decile_gap": 0.0, "stratum": "metropolitan", "scored": 1}, "geometry": {"type": "Polygon", "coordinates": [[[-71.5139, 42.2676], [-71.509, 42.2645], [-71.5013, 42.2656], [-71.4677, 42.2603], [-71.4671, 42.2557], [-71.4758, 42.2462], [-71.4861, 42.2413], [-71.486, 42.247], [-71.5228, 42.2552], [-71.5222, 42.2665], [-71.5139, 42.2676]]]}}, {"type": "Feature", "properties": {"fips": "25025120500", "gap_national": -31.5, "gap_stratum": -33.4, "burden": 6.4, "capacity": 39.9, "svi": 0.58, "top_decile_gap": 0.0, "stratum": "metropolitan", "scored": 1}, "geometry": {"type": "Polygon", "coordinates": [[[-71.1025, 42.3229], [-71.1, 42.3228], [-71.1045, 42.317], [-71.1067, 42.3173], [-71.1051, 42.3193], [-71.1085, 42.3224], [-71.1025, 42.3229]]]}}, {"type": "Feature", "properties": {"fips": "25025090100", "gap_national": 27.1, "gap_stratum": 30.1, "burden": 75.1, "capacity": 52.7, "svi": 0.97, "top_decile_gap": 0.0, "stratum": "metropolitan", "scored": 1}, "geometry": {"type": "Polygon", "coordinates": [[[-71.0833, 42.3085], [-71.0784, 42.3032], [-71.0789, 42.2967], [-71.0859, 42.3014], [-71.0833, 42.3085]]]}}, {"type": "Feature", "properties": {"fips": "25025180200", "gap_national": -55.3, "gap_stratum": -49.2, "burden": 31.9, "capacity": 75.5, "svi": 0.58, "top_decile_gap": 0.0, "stratum": "metropolitan", "scored": 1}, "geometry": {"type": "Polygon", "coordinates": [[[-70.9942, 42.3846], [-70.9883, 42.3871], [-70.9791, 42.3795], [-70.9799, 42.3758], [-70.9857, 42.3728], [-70.9875, 42.3759], [-70.998, 42.3782], [-70.9942, 42.3846]]]}}, {"type": "Feature", "properties": {"fips": "25023526100", "gap_national": -62.1, "gap_stratum": -56.0, "burden": 31.5, "capacity": 81.7, "svi": 0.12, "top_decile_gap": 0.0, "stratum": "metropolitan", "scored": 1}, "geometry": {"type": "Polygon", "coordinates": [[[-70.9014, 41.983], [-70.8977, 42.0164], [-70.8945, 42.0264], [-70.8644, 42.021], [-70.8602, 42.0162], [-70.8492, 42.0157], [-70.815, 42.024], [-70.8073, 42.0129], [-70.8069, 42.0106], [-70.8187, 41.9967], [-70.8229, 41.9845], [-70.8631, 41.9568], [-70.8609, 41.955], [-70.8691, 41.9483], [-70.9085, 41.9664], [-70.9073, 41.9702], [-70.9122, 41.9784], [-70.9014, 41.983]]]}}, {"type": "Feature", "properties": {"fips": "25025170101", "gap_national": -18.6, "gap_stratum": -14.8, "burden": 34.6, "capacity": 51.9, "svi": 0.82, "top_decile_gap": 0.0, "stratum": "metropolitan", "scored": 1}, "geometry": {"type": "Polygon", "coordinates": [[[-71.0287, 42.413], [-71.0135, 42.4082], [-71.0181, 42.4034], [-71.0208, 42.4035], [-71.0265, 42.4061], [-71.0314, 42.4125], [-71.0287, 42.413]]]}}, {"type": "Feature", "properties": {"fips": "25025000603", "gap_national": 0.9, "gap_stratum": 6.8, "burden": 52.4, "capacity": 52.6, "svi": 0.89, "top_decile_gap": 0.0, "stratum": "metropolitan", "scored": 1}, "geometry": {"type": "Polygon", "coordinates": [[[-71.1471, 42.3502], [-71.1404, 42.3487], [-71.1431, 42.3439], [-71.1503, 42.3488], [-71.1471, 42.3502]]]}}, {"type": "Feature", "properties": {"fips": "25023545100", "gap_national": -20.3, "gap_stratum": -13.1, "burden": 69.0, "capacity": 83.8, "svi": 0.53, "top_decile_gap": 0.0, "stratum": "metropolitan", "scored": 1}, "geometry": {"type": "Polygon", "coordinates": [[[-70.7743, 41.7699], [-70.7778, 41.7968], [-70.7729, 41.8021], [-70.7718, 41.8089], [-70.7632, 41.8098], [-70.7703, 41.8258], [-70.7409, 41.8003], [-70.7373, 41.8005], [-70.7417, 41.7939], [-70.7354, 41.7853], [-70.7363, 41.7746], [-70.7294, 41.769], [-70.7225, 41.7672], [-70.7341, 41.7682], [-70.7302, 41.7575], [-70.7336, 41.7535], [-70.7232, 41.747], [-70.7335, 41.7376], [-70.7246, 41.7334], [-70.7263, 41.7327], [-70.7208, 41.7276], [-70.7209, 41.7232], [-70.7268, 41.724], [-70.7386, 41.7312], [-70.7426, 41.7307], [-70.7445, 41.7326], [-70.7432, 41.7358], [-70.7554, 41.7422], [-70.7595, 41.7422], [-70.7601, 41.739], [-70.7638, 41.7387], [-70.7688, 41.7338], [-70.775, 41.7342], [-70.7743, 41.7389], [-70.7816, 41.751], [-70.7743, 41.7699]]]}}, {"type": "Feature", "properties": {"fips": "25009250200", "gap_national": -0.3, "gap_stratum": 2.7, "burden": 28.3, "capacity": 32.1, "svi": 0.79, "top_decile_gap": 0.0, "stratum": "metropolitan", "scored": 1}, "geometry": {"type": "Polygon", "coordinates": [[[-71.1836, 42.7151], [-71.1744, 42.7045], [-71.1893, 42.6985], [-71.1909, 42.7107], [-71.1836, 42.7151]]]}}, {"type": "Feature", "properties": {"fips": "25017341102", "gap_national": -39.1, "gap_stratum": -39.2, "burden": 16.3, "capacity": 51.8, "svi": 0.67, "top_decile_gap": 0.0, "stratum": "metropolitan", "scored": 1}, "geometry": {"type": "Polygon", "coordinates": [[[-71.0868, 42.4368], [-71.0818, 42.4312], [-71.0721, 42.432], [-71.074, 42.4273], [-71.0886, 42.4248], [-71.0868, 42.4368]]]}}, {"type": "Feature", "properties": {"fips": "25017382300", "gap_national": -85.9, "gap_stratum": -83.9, "burden": 13.1, "capacity": 85.8, "svi": 0.13, "top_decile_gap": 0.0, "stratum": "metropolitan", "scored": 1}, "geometry": {"type": "Polygon", "coordinates": [[[-71.3423, 42.2587], [-71.3473, 42.2838], [-71.3215, 42.2937], [-71.3085, 42.2707], [-71.3029, 42.2483], [-71.3324, 42.2477], [-71.3425, 42.2505], [-71.3418, 42.2535], [-71.3526, 42.2563], [-71.3555, 42.2597], [-71.3423, 42.2587]]]}}, {"type": "Feature", "properties": {"fips": "25017317101", "gap_national": -66.8, "gap_stratum": -62.1, "burden": 24.5, "capacity": 78.1, "svi": 0.45, "top_decile_gap": 0.0, "stratum": "metropolitan", "scored": 1}, "geometry": {"type": "Polygon", "coordinates": [[[-71.3792, 42.5919], [-71.3682, 42.6008], [-71.3551, 42.5991], [-71.3537, 42.6018], [-71.3531, 42.5995], [-71.3479, 42.6007], [-71.342, 42.6048], [-71.3408, 42.5995], [-71.3315, 42.5918], [-71.3502, 42.5902], [-71.345, 42.5827], [-71.3634, 42.5823], [-71.3772, 42.5714], [-71.3804, 42.5715], [-71.3828, 42.5658], [-71.3907, 42.558], [-71.3978, 42.5831], [-71.3792, 42.5919]]]}}, {"type": "Feature", "properties": {"fips": "25021440102", "gap_national": -70.5, "gap_stratum": -67.6, "burden": 17.4, "capacity": 74.2, "svi": 0.1, "top_decile_gap": 0.0, "stratum": "metropolitan", "scored": 1}, "geometry": {"type": "Polygon", "coordinates": [[[-71.3814, 42.0188], [-71.3474, 42.0285], [-71.3439, 42.0175], [-71.3356, 42.004], [-71.3228, 42.0076], [-71.3269, 41.9996], [-71.3643, 41.9853], [-71.3815, 41.9851], [-71.3814, 42.0188]]]}}, {"type": "Feature", "properties": {"fips": "25017330202", "gap_national": -71.7, "gap_stratum": -68.8, "burden": 17.0, "capacity": 75.0, "svi": 0.43, "top_decile_gap": 0.0, "stratum": "metropolitan", "scored": 1}, "geometry": {"type": "Polygon", "coordinates": [[[-71.1305, 42.5831], [-71.1355, 42.5991], [-71.1214, 42.6003], [-71.1128, 42.5823], [-71.1078, 42.5646], [-71.1103, 42.5614], [-71.1207, 42.5606], [-71.1313, 42.5527], [-71.1367, 42.5535], [-71.1305, 42.5831]]]}}, {"type": "Feature", "properties": {"fips": "25027708100", "gap_national": -58.2, "gap_stratum": -87.0, "burden": 34.8, "capacity": 81.5, "svi": 0.15, "top_decile_gap": 0.0, "stratum": "rural", "scored": 1}, "geometry": {"type": "Polygon", "coordinates": [[[-71.9594, 42.5464], [-71.9639, 42.5494], [-71.9518, 42.5603], [-71.9235, 42.5954], [-71.928, 42.602], [-71.8831, 42.6153], [-71.8806, 42.6173], [-71.882, 42.6199], [-71.8587, 42.629], [-71.8623, 42.5581], [-71.8551, 42.5583], [-71.8556, 42.5521], [-71.8625, 42.5525], [-71.863, 42.5447], [-71.8378, 42.5438], [-71.842, 42.5147], [-71.8474, 42.5147], [-71.8494, 42.5179], [-71.8568, 42.5191], [-71.8645, 42.5169], [-71.9096, 42.4845], [-71.9797, 42.5323], [-71.9594, 42.5464]]]}}, {"type": "Feature", "properties": {"fips": "25027731203", "gap_national": 65.9, "gap_stratum": 67.9, "burden": 81.5, "capacity": 27.3, "svi": 0.92, "top_decile_gap": 1.0, "stratum": "metropolitan", "scored": 1}, "geometry": {"type": "Polygon", "coordinates": [[[-71.8231, 42.257], [-71.8144, 42.2546], [-71.8211, 42.2508], [-71.8232, 42.2537], [-71.8259, 42.2513], [-71.8236, 42.2495], [-71.8367, 42.2444], [-71.8231, 42.257]]]}}, {"type": "Feature", "properties": {"fips": "25023980300", "gap_national": -21.0, "gap_stratum": -22.7, "burden": 0.2, "capacity": 28.3, "svi": 0.12, "top_decile_gap": 0.0, "stratum": "metropolitan", "scored": 1}, "geometry": {"type": "Polygon", "coordinates": [[[-70.9695, 41.9903], [-70.967, 41.989], [-70.9656, 41.9919], [-70.9562, 41.9928], [-70.9564, 41.99], [-70.9639, 41.9834], [-70.9677, 41.9873], [-70.9723, 41.9861], [-70.9749, 41.9883], [-70.9695, 41.9903]]]}}, {"type": "Feature", "properties": {"fips": "25017360300", "gap_national": -80.8, "gap_stratum": -77.5, "burden": 20.5, "capacity": 90.3, "svi": 0.33, "top_decile_gap": 0.0, "stratum": "metropolitan", "scored": 1}, "geometry": {"type": "Polygon", "coordinates": [[[-71.3639, 42.416], [-71.3645, 42.4201], [-71.3569, 42.4198], [-71.3526, 42.4269], [-71.3136, 42.455], [-71.3048, 42.4528], [-71.3032, 42.4613], [-71.2988, 42.4627], [-71.2965, 42.4579], [-71.2896, 42.4574], [-71.2779, 42.4607], [-71.2727, 42.4597], [-71.2661, 42.4299], [-71.2744, 42.4099], [-71.2814, 42.4122], [-71.2856, 42.4048], [-71.2812, 42.4027], [-71.2832, 42.399], [-71.2934, 42.4022], [-71.31, 42.3996], [-71.3152, 42.3935], [-71.3215, 42.3927], [-71.3346, 42.3961], [-71.3326, 42.3994], [-71.3663, 42.4127], [-71.3639, 42.416]]]}}, {"type": "Feature", "properties": {"fips": "25017383904", "gap_national": -70.0, "gap_stratum": -64.6, "burden": 29.5, "capacity": 89.3, "svi": 0.29, "top_decile_gap": 0.0, "stratum": "metropolitan", "scored": 1}, "geometry": {"type": "Polygon", "coordinates": [[[-71.4833, 42.3531], [-71.4155, 42.3437], [-71.4152, 42.3414], [-71.4103, 42.3401], [-71.4157, 42.3381], [-71.4191, 42.3327], [-71.4339, 42.329], [-71.4439, 42.3291], [-71.4585, 42.3373], [-71.4697, 42.3353], [-71.477, 42.331], [-71.4868, 42.3302], [-71.4833, 42.3531]]]}}, {"type": "Feature", "properties": {"fips": "25025180500", "gap_national": -71.6, "gap_stratum": -69.9, "burden": 12.6, "capacity": 71.2, "svi": 0.24, "top_decile_gap": 0.0, "stratum": "metropolitan", "scored": 1}, "geometry": {"type": "Polygon", "coordinates": [[[-70.9707, 42.3706], [-70.9748, 42.3781], [-70.9749, 42.3809], [-70.9725, 42.3811], [-70.9666, 42.3676], [-70.9692, 42.3643], [-70.9673, 42.3573], [-70.97, 42.3553], [-70.9754, 42.3623], [-70.9707, 42.3706]]]}}, {"type": "Feature", "properties": {"fips": "25005632200", "gap_national": -57.6, "gap_stratum": -50.9, "burden": 35.0, "capacity": 81.2, "svi": 0.29, "top_decile_gap": 0.0, "stratum": "metropolitan", "scored": 1}, "geometry": {"type": "Polygon", "coordinates": [[[-71.3375, 41.8338], [-71.3268, 41.8369], [-71.3103, 41.8312], [-71.3072, 41.8356], [-71.2966, 41.8393], [-71.2925, 41.7749], [-71.3164, 41.7755], [-71.3279, 41.7805], [-71.3322, 41.7923], [-71.3407, 41.7983], [-71.3389, 41.8083], [-71.3472, 41.8231], [-71.3375, 41.8338]]]}}, {"type": "Feature", "properties": {"fips": "25005642200", "gap_national": -7.0, "gap_stratum": -0.6, "burden": 71.6, "capacity": 73.7, "svi": 0.9, "top_decile_gap": 0.0, "stratum": "metropolitan", "scored": 1}, "geometry": {"type": "Polygon", "coordinates": [[[-71.1294, 41.7409], [-71.1239, 41.74], [-71.1312, 41.729], [-71.1393, 41.724], [-71.1439, 41.7146], [-71.151, 41.7159], [-71.1294, 41.7409]]]}}, {"type": "Feature", "properties": {"fips": "25009208401", "gap_national": -53.3, "gap_stratum": -45.7, "burden": 40.9, "capacity": 84.2, "svi": 0.51, "top_decile_gap": 0.0, "stratum": "metropolitan", "scored": 1}, "geometry": {"type": "Polygon", "coordinates": [[[-71.04, 42.4958], [-71.0438, 42.5012], [-71.0358, 42.5052], [-71.0147, 42.5021], [-71.0168, 42.49], [-71.0234, 42.4767], [-71.0251, 42.4648], [-71.0379, 42.4736], [-71.0469, 42.488], [-71.04, 42.4958]]]}}, {"type": "Feature", "properties": {"fips": "25009206900", "gap_national": 20.0, "gap_stratum": 21.5, "burden": 87.0, "capacity": 65.3, "svi": 0.98, "top_decile_gap": 0.0, "stratum": "metropolitan", "scored": 1}, "geometry": {"type": "Polygon", "coordinates": [[[-70.9417, 42.4647], [-70.9343, 42.4585], [-70.9388, 42.4557], [-70.9444, 42.4579], [-70.9474, 42.4621], [-70.9417, 42.4647]]]}}, {"type": "Feature", "properties": {"fips": "25009203100", "gap_national": -83.0, "gap_stratum": -80.0, "burden": 18.9, "capacity": 90.8, "svi": 0.06, "top_decile_gap": 0.0, "stratum": "metropolitan", "scored": 1}, "geometry": {"type": "MultiPolygon", "coordinates": [[[[-70.8337, 42.4853], [-70.8335, 42.482], [-70.8354, 42.4823], [-70.8337, 42.4853]]], [[[-70.8942, 42.486], [-70.8899, 42.4901], [-70.8908, 42.4936], [-70.8837, 42.4983], [-70.8687, 42.4955], [-70.8635, 42.4923], [-70.8655, 42.4895], [-70.8609, 42.4887], [-70.8797, 42.4788], [-70.8994, 42.4849], [-70.8942, 42.486]]]]}}, {"type": "Feature", "properties": {"fips": "25023505103", "gap_national": -75.5, "gap_stratum": -71.1, "burden": 25.4, "capacity": 90.6, "svi": 0.0, "top_decile_gap": 0.0, "stratum": "metropolitan", "scored": 1}, "geometry": {"type": "Polygon", "coordinates": [[[-70.7889, 42.2255], [-70.7848, 42.2259], [-70.7887, 42.2326], [-70.782, 42.2364], [-70.7834, 42.2405], [-70.789, 42.2402], [-70.7848, 42.2463], [-70.7763, 42.249], [-70.7739, 42.2542], [-70.7663, 42.2547], [-70.7628, 42.2503], [-70.7648, 42.2441], [-70.7607, 42.2412], [-70.7602, 42.235], [-70.7488, 42.2233], [-70.755, 42.2217], [-70.7575, 42.2123], [-70.7611, 42.2115], [-70.7741, 42.217], [-70.7886, 42.2195], [-70.7914, 42.2215], [-70.7889, 42.2255]]]}}, {"type": "Feature", "properties": {"fips": "25003933400", "gap_national": -42.8, "gap_stratum": -82.5, "burden": 54.6, "capacity": 93.2, "svi": 0.21, "top_decile_gap": 0.0, "stratum": "rural", "scored": 1}, "geometry": {"type": "Polygon", "coordinates": [[[-73.1662, 42.1573], [-73.1668, 42.1629], [-73.162, 42.1787], [-73.1616, 42.2476], [-73.1212, 42.2526], [-73.1229, 42.2481], [-73.1207, 42.2432], [-73.0926, 42.2455], [-73.0909, 42.2342], [-73.0368, 42.2402], [-73.0363, 42.2362], [-73.0079, 42.2384], [-73.0349, 42.1437], [-73.0711, 42.1482], [-73.0693, 42.1309], [-73.0612, 42.1181], [-73.0727, 42.1117], [-73.0719, 42.1082], [-73.0748, 42.1041], [-73.0731, 42.0942], [-73.0582, 42.0668], [-73.0617, 42.0619], [-73.0547, 42.0576], [-73.0565, 42.0474], [-73.0533, 42.0399], [-73.1721, 42.0432], [-73.1867, 42.1558], [-73.1662, 42.1573]]]}}, {"type": "Feature", "properties": {"fips": "25017317302", "gap_national": -72.6, "gap_stratum": -69.2, "burden": 18.8, "capacity": 77.5, "svi": 0.09, "top_decile_gap": 0.0, "stratum": "metropolitan", "scored": 1}, "geometry": {"type": "Polygon", "coordinates": [[[-71.412, 42.648], [-71.404, 42.6484], [-71.3989, 42.6449], [-71.4021, 42.6516], [-71.399, 42.6525], [-71.3943, 42.6485], [-71.3809, 42.649], [-71.3743, 42.6394], [-71.402, 42.6177], [-71.4071, 42.6164], [-71.4176, 42.6538], [-71.412, 42.648]]]}}, {"type": "Feature", "properties": {"fips": "25027748100", "gap_national": -45.8, "gap_stratum": -39.4, "burden": 35.6, "capacity": 71.1, "svi": 0.11, "top_decile_gap": 0.0, "stratum": "metropolitan", "scored": 1}, "geometry": {"type": "Polygon", "coordinates": [[[-71.5639, 42.0641], [-71.5637, 42.0143], [-71.5911, 42.0138], [-71.592, 42.0637], [-71.5639, 42.0641]]]}}, {"type": "Feature", "properties": {"fips": "25027731101", "gap_national": 0.7, "gap_stratum": 6.7, "burden": 52.5, "capacity": 52.8, "svi": 0.62, "top_decile_gap": 0.0, "stratum": "metropolitan", "scored": 1}, "geometry": {"type": "Polygon", "coordinates": [[[-71.8454, 42.2602], [-71.8366, 42.2632], [-71.8231, 42.257], [-71.8319, 42.2494], [-71.8374, 42.2512], [-71.8426, 42.2575], [-71.8414, 42.2586], [-71.8472, 42.2588], [-71.8476, 42.2618], [-71.8454, 42.2602]]]}}, {"type": "Feature", "properties": {"fips": "25027709201", "gap_national": -36.7, "gap_stratum": -28.6, "burden": 45.8, "capacity": 73.3, "svi": 0.47, "top_decile_gap": 0.0, "stratum": "metropolitan", "scored": 1}, "geometry": {"type": "Polygon", "coordinates": [[[-71.7767, 42.5011], [-71.7687, 42.5202], [-71.7588, 42.5231], [-71.7582, 42.5175], [-71.7451, 42.5008], [-71.7451, 42.4912], [-71.7503, 42.4788], [-71.7774, 42.4834], [-71.7756, 42.4876], [-71.7767, 42.5011]]]}}, {"type": "Feature", "properties": {"fips": "25027744400", "gap_national": 23.6, "gap_stratum": 28.4, "burden": 65.4, "capacity": 47.4, "svi": 0.7, "top_decile_gap": 0.0, "stratum": "metropolitan", "scored": 1}, "geometry": {"type": "Polygon", "coordinates": [[[-71.5229, 42.1535], [-71.5192, 42.1458], [-71.5238, 42.1455], [-71.523, 42.1436], [-71.5279, 42.1429], [-71.5267, 42.1405], [-71.5311, 42.1399], [-71.5305, 42.1379], [-71.5242, 42.1383], [-71.5256, 42.129], [-71.5381, 42.138], [-71.5357, 42.1396], [-71.5401, 42.1495], [-71.5229, 42.1535]]]}}, {"type": "Feature", "properties": {"fips": "25027730500", "gap_national": -21.6, "gap_stratum": -19.3, "burden": 27.5, "capacity": 48.2, "svi": 0.76, "top_decile_gap": 0.0, "stratum": "metropolitan", "scored": 1}, "geometry": {"type": "Polygon", "coordinates": [[[-71.8167, 42.3047], [-71.8028, 42.3044], [-71.7992, 42.2958], [-71.8006, 42.2892], [-71.7948, 42.2718], [-71.7997, 42.2714], [-71.8094, 42.2776], [-71.8086, 42.2816], [-71.806, 42.2819], [-71.8066, 42.2865], [-71.8149, 42.2907], [-71.8173, 42.2948], [-71.8155, 42.2976], [-71.8167, 42.3047]]]}}, {"type": "Feature", "properties": {"fips": "25021414300", "gap_national": -86.7, "gap_stratum": -84.8, "burden": 13.4, "capacity": 87.6, "svi": 0.22, "top_decile_gap": 0.0, "stratum": "metropolitan", "scored": 1}, "geometry": {"type": "Polygon", "coordinates": [[[-71.1901, 42.1162], [-71.1847, 42.1243], [-71.1628, 42.1457], [-71.1635, 42.1415], [-71.1492, 42.1386], [-71.1473, 42.1267], [-71.165, 42.1201], [-71.1737, 42.1117], [-71.1799, 42.1115], [-71.1935, 42.0975], [-71.1901, 42.1162]]]}}, {"type": "Feature", "properties": {"fips": "25021420202", "gap_national": -49.8, "gap_stratum": -42.6, "burden": 37.2, "capacity": 76.0, "svi": 0.71, "top_decile_gap": 0.0, "stratum": "metropolitan", "scored": 1}, "geometry": {"type": "Polygon", "coordinates": [[[-71.0651, 42.2054], [-71.0552, 42.1855], [-71.067, 42.1878], [-71.0671, 42.175], [-71.0744, 42.1752], [-71.0726, 42.1701], [-71.103, 42.2007], [-71.0651, 42.2054]]]}}, {"type": "Feature", "properties": {"fips": "25021401100", "gap_national": -90.5, "gap_stratum": -89.2, "burden": 9.2, "capacity": 87.6, "svi": 0.25, "top_decile_gap": 0.0, "stratum": "metropolitan", "scored": 1}, "geometry": {"type": "Polygon", "coordinates": [[[-71.1501, 42.3353], [-71.1453, 42.3338], [-71.1403, 42.3269], [-71.1283, 42.3297], [-71.1195, 42.3227], [-71.1237, 42.3227], [-71.1344, 42.3093], [-71.142, 42.3103], [-71.144, 42.3177], [-71.1415, 42.3219], [-71.1448, 42.3238], [-71.1506, 42.3217], [-71.1633, 42.3228], [-71.1646, 42.3246], [-71.1501, 42.3353]]]}}, {"type": "Feature", "properties": {"fips": "25023511702", "gap_national": -45.7, "gap_stratum": -37.5, "burden": 45.0, "capacity": 80.8, "svi": 0.44, "top_decile_gap": 0.0, "stratum": "metropolitan", "scored": 1}, "geometry": {"type": "Polygon", "coordinates": [[[-71.054, 42.0725], [-71.0503, 42.0708], [-71.0443, 42.0528], [-71.0696, 42.0497], [-71.0742, 42.0691], [-71.054, 42.0725]]]}}, {"type": "Feature", "properties": {"fips": "25027738201", "gap_national": -79.7, "gap_stratum": -76.9, "burden": 16.4, "capacity": 82.2, "svi": 0.04, "top_decile_gap": 0.0, "stratum": "metropolitan", "scored": 1}, "geometry": {"type": "Polygon", "coordinates": [[[-71.706, 42.225], [-71.6907, 42.2138], [-71.6929, 42.2052], [-71.6889, 42.1944], [-71.69, 42.1889], [-71.6863, 42.1846], [-71.7226, 42.1879], [-71.7302, 42.2228], [-71.706, 42.225]]]}}, {"type": "Feature", "properties": {"fips": "25005615100", "gap_national": -63.0, "gap_stratum": -57.6, "burden": 28.1, "capacity": 78.5, "svi": 0.17, "top_decile_gap": 0.0, "stratum": "metropolitan", "scored": 1}, "geometry": {"type": "Polygon", "coordinates": [[[-71.1306, 41.8703], [-71.13, 41.8682], [-71.1228, 41.8665], [-71.12, 41.8575], [-71.1078, 41.8532], [-71.1128, 41.8487], [-71.1084, 41.8369], [-71.1095, 41.8317], [-71.1146, 41.8298], [-71.1177, 41.8249], [-71.1124, 41.8136], [-71.1189, 41.8072], [-71.1176, 41.7998], [-71.1196, 41.791], [-71.1711, 41.7894], [-71.1762, 41.8159], [-71.1935, 41.8165], [-71.2035, 41.8818], [-71.1306, 41.8703]]]}}, {"type": "Feature", "properties": {"fips": "25025030301", "gap_national": -83.6, "gap_stratum": -80.3, "burden": 20.6, "capacity": 98.3, "svi": 0.1, "top_decile_gap": 0.0, "stratum": "metropolitan", "scored": 1}, "geometry": {"type": "Polygon", "coordinates": [[[-71.0501, 42.3623], [-71.0496, 42.3545], [-71.0511, 42.3551], [-71.0528, 42.3609], [-71.0501, 42.3623]]]}}, {"type": "Feature", "properties": {"fips": "25021443104", "gap_national": -67.6, "gap_stratum": -63.1, "burden": 23.8, "capacity": 78.1, "svi": 0.06, "top_decile_gap": 0.0, "stratum": "metropolitan", "scored": 1}, "geometry": {"type": "Polygon", "coordinates": [[[-71.4983, 42.0758], [-71.4878, 42.07], [-71.4806, 42.0768], [-71.4719, 42.0754], [-71.4642, 42.0816], [-71.4519, 42.0838], [-71.4537, 42.0726], [-71.4553, 42.0728], [-71.4549, 42.059], [-71.4932, 42.0341], [-71.4983, 42.0344], [-71.4983, 42.0758]]]}}, {"type": "Feature", "properties": {"fips": "25017310102", "gap_national": 16.4, "gap_stratum": 22.1, "burden": 50.9, "capacity": 40.1, "svi": 0.77, "top_decile_gap": 0.0, "stratum": "metropolitan", "scored": 1}, "geometry": {"type": "Polygon", "coordinates": [[[-71.3124, 42.6524], [-71.3052, 42.6481], [-71.3084, 42.6443], [-71.3148, 42.6435], [-71.316, 42.6486], [-71.3124, 42.6524]]]}}, {"type": "Feature", "properties": {"fips": "25013801200", "gap_national": 73.6, "gap_stratum": 71.9, "burden": 96.3, "capacity": 31.5, "svi": 1.0, "top_decile_gap": 1.0, "stratum": "metropolitan", "scored": 1}, "geometry": {"type": "Polygon", "coordinates": [[[-72.5818, 42.1155], [-72.577, 42.1081], [-72.5851, 42.1026], [-72.5915, 42.1077], [-72.5818, 42.1155]]]}}, {"type": "Feature", "properties": {"fips": "25025110601", "gap_national": -75.5, "gap_stratum": -70.7, "burden": 27.6, "capacity": 97.5, "svi": 0.4, "top_decile_gap": 0.0, "stratum": "metropolitan", "scored": 1}, "geometry": {"type": "Polygon", "coordinates": [[[-71.1401, 42.3021], [-71.1279, 42.3002], [-71.1451, 42.2881], [-71.1503, 42.2955], [-71.1401, 42.3021]]]}}, {"type": "Feature", "properties": {"fips": "25011040900", "gap_national": -56.6, "gap_stratum": -88.8, "burden": 36.2, "capacity": 81.6, "svi": 0.17, "top_decile_gap": 0.0, "stratum": "small_town", "scored": 1}, "geometry": {"type": "Polygon", "coordinates": [[[-72.6553, 42.5552], [-72.652, 42.5686], [-72.6389, 42.57], [-72.6368, 42.578], [-72.6297, 42.5787], [-72.6239, 42.5706], [-72.6029, 42.5718], [-72.5945, 42.5663], [-72.5913, 42.5699], [-72.5792, 42.5713], [-72.5781, 42.5785], [-72.5653, 42.5771], [-72.5611, 42.5746], [-72.5572, 42.5664], [-72.5558, 42.5547], [-72.5688, 42.5311], [-72.567, 42.5245], [-72.5565, 42.5131], [-72.5553, 42.5087], [-72.5681, 42.497], [-72.5712, 42.4819], [-72.5855, 42.4668], [-72.6092, 42.464], [-72.6111, 42.4712], [-72.6315, 42.4683], [-72.6324, 42.4729], [-72.6628, 42.4693], [-72.6487, 42.5294], [-72.6641, 42.5492], [-72.6754, 42.553], [-72.6553, 42.5552]]]}}, {"type": "Feature", "properties": {"fips": "25027732002", "gap_national": -19.3, "gap_stratum": -11.2, "burden": 56.5, "capacity": 69.4, "svi": 0.77, "top_decile_gap": 0.0, "stratum": "metropolitan", "scored": 1}, "geometry": {"type": "Polygon", "coordinates": [[[-71.7868, 42.2863], [-71.7841, 42.2874], [-71.7851, 42.2901], [-71.7699, 42.2962], [-71.7739, 42.3031], [-71.7677, 42.3044], [-71.7648, 42.3009], [-71.7631, 42.3033], [-71.7585, 42.2962], [-71.7547, 42.2744], [-71.7816, 42.2734], [-71.7837, 42.2737], [-71.7834, 42.2774], [-71.7896, 42.2791], [-71.7868, 42.2863]]]}}, {"type": "Feature", "properties": {"fips": "25017368700", "gap_national": -26.2, "gap_stratum": -27.3, "burden": 10.9, "capacity": 38.3, "svi": 0.42, "top_decile_gap": 0.0, "stratum": "metropolitan", "scored": 1}, "geometry": {"type": "Polygon", "coordinates": [[[-71.2337, 42.371], [-71.2313, 42.3705], [-71.2331, 42.3728], [-71.2314, 42.3734], [-71.2172, 42.3665], [-71.2262, 42.3639], [-71.2343, 42.3683], [-71.2337, 42.371]]]}}, {"type": "Feature", "properties": {"fips": "25025010204", "gap_national": -17.7, "gap_stratum": -18.9, "burden": 5.0, "capacity": 27.1, "svi": 0.64, "top_decile_gap": 0.0, "stratum": "metropolitan", "scored": 1}, "geometry": {"type": "Polygon", "coordinates": [[[-71.1011, 42.3478], [-71.0981, 42.3476], [-71.1025, 42.3434], [-71.1055, 42.3438], [-71.1069, 42.3486], [-71.1011, 42.3478]]]}}, {"type": "Feature", "properties": {"fips": "25009208301", "gap_national": -44.6, "gap_stratum": -36.2, "burden": 50.7, "capacity": 87.8, "svi": 0.65, "top_decile_gap": 0.0, "stratum": "metropolitan", "scored": 1}, "geometry": {"type": "Polygon", "coordinates": [[[-71.0234, 42.4767], [-71.0172, 42.489], [-71.0099, 42.481], [-71.0073, 42.4722], [-71.0095, 42.4691], [-71.0086, 42.465], [-71.0251, 42.4648], [-71.0234, 42.4767]]]}}, {"type": "Feature", "properties": {"fips": "25009206700", "gap_national": -15.4, "gap_stratum": -8.2, "burden": 51.3, "capacity": 62.6, "svi": 0.84, "top_decile_gap": 0.0, "stratum": "metropolitan", "scored": 1}, "geometry": {"type": "Polygon", "coordinates": [[[-70.9345, 42.4682], [-70.9268, 42.4618], [-70.9343, 42.4585], [-70.9417, 42.4647], [-70.9345, 42.4682]]]}}, {"type": "Feature", "properties": {"fips": "25025061000", "gap_national": -15.3, "gap_stratum": -14.6, "burden": 19.3, "capacity": 36.3, "svi": 0.44, "top_decile_gap": 0.0, "stratum": "metropolitan", "scored": 1}, "geometry": {"type": "Polygon", "coordinates": [[[-71.0497, 42.3335], [-71.0475, 42.3346], [-71.0474, 42.3304], [-71.0522, 42.3291], [-71.053, 42.3316], [-71.0497, 42.3335]]]}}, {"type": "Feature", "properties": {"fips": "25023508102", "gap_national": -67.0, "gap_stratum": -62.2, "burden": 24.9, "capacity": 78.8, "svi": 0.02, "top_decile_gap": 0.0, "stratum": "metropolitan", "scored": 1}, "geometry": {"type": "Polygon", "coordinates": [[[-70.8458, 42.0551], [-70.8305, 42.06], [-70.8304, 42.0662], [-70.8263, 42.0723], [-70.8092, 42.0724], [-70.8111, 42.0575], [-70.8191, 42.0481], [-70.8218, 42.0394], [-70.8214, 42.0224], [-70.8335, 42.0195], [-70.8448, 42.0427], [-70.8411, 42.0449], [-70.8458, 42.0464], [-70.8458, 42.0551]]]}}, {"type": "Feature", "properties": {"fips": "25017351204", "gap_national": -48.4, "gap_stratum": -50.7, "burden": 2.2, "capacity": 50.6, "svi": 0.14, "top_decile_gap": 0.0, "stratum": "metropolitan", "scored": 1}, "geometry": {"type": "Polygon", "coordinates": [[[-71.1004, 42.3844], [-71.0959, 42.3797], [-71.1073, 42.3781], [-71.1118, 42.3846], [-71.1004, 42.3844]]]}}, {"type": "Feature", "properties": {"fips": "25025070202", "gap_national": -8.6, "gap_stratum": -6.7, "burden": 24.5, "capacity": 35.6, "svi": 0.86, "top_decile_gap": 0.0, "stratum": "metropolitan", "scored": 1}, "geometry": {"type": "Polygon", "coordinates": [[[-71.0598, 42.3525], [-71.058, 42.3524], [-71.063, 42.3469], [-71.0628, 42.3515], [-71.0646, 42.3524], [-71.0598, 42.3525]]]}}, {"type": "Feature", "properties": {"fips": "25017352200", "gap_national": -35.0, "gap_stratum": -32.2, "burden": 27.1, "capacity": 57.1, "svi": 0.58, "top_decile_gap": 0.0, "stratum": "metropolitan", "scored": 1}, "geometry": {"type": "Polygon", "coordinates": [[[-71.0853, 42.374], [-71.081, 42.3732], [-71.0835, 42.3701], [-71.0879, 42.372], [-71.0853, 42.374]]]}}, {"type": "Feature", "properties": {"fips": "25017370201", "gap_national": -81.8, "gap_stratum": -80.3, "burden": 9.1, "capacity": 77.4, "svi": 0.23, "top_decile_gap": 0.0, "stratum": "metropolitan", "scored": 1}, "geometry": {"type": "Polygon", "coordinates": [[[-71.1755, 42.3794], [-71.1609, 42.3767], [-71.1589, 42.3706], [-71.1783, 42.3682], [-71.1755, 42.3794]]]}}, {"type": "Feature", "properties": {"fips": "25021419500", "gap_national": -74.5, "gap_stratum": -70.6, "burden": 21.5, "capacity": 82.8, "svi": 0.2, "top_decile_gap": 0.0, "stratum": "metropolitan", "scored": 1}, "geometry": {"type": "Polygon", "coordinates": [[[-70.9943, 42.2111], [-70.9819, 42.2192], [-70.9681, 42.2215], [-70.9717, 42.1999], [-70.992, 42.2053], [-70.9965, 42.2098], [-70.9972, 42.2157], [-70.9943, 42.2111]]]}}, {"type": "Feature", "properties": {"fips": "25017351403", "gap_national": -13.9, "gap_stratum": -13.0, "burden": 20.4, "capacity": 36.2, "svi": 0.69, "top_decile_gap": 0.0, "stratum": "metropolitan", "scored": 1}, "geometry": {"type": "Polygon", "coordinates": [[[-71.0882, 42.3896], [-71.0776, 42.3858], [-71.0795, 42.3833], [-71.0905, 42.3865], [-71.0882, 42.3896]]]}}, {"type": "Feature", "properties": {"fips": "25021417902", "gap_national": -44.4, "gap_stratum": -42.9, "burden": 20.3, "capacity": 58.1, "svi": 0.69, "top_decile_gap": 0.0, "stratum": "metropolitan", "scored": 1}, "geometry": {"type": "Polygon", "coordinates": [[[-70.9931, 42.2498], [-70.9825, 42.2481], [-70.9837, 42.2434], [-70.9959, 42.2428], [-71.0002, 42.2454], [-70.9931, 42.2498]]]}}, {"type": "Feature", "properties": {"fips": "25003925101", "gap_national": -66.5, "gap_stratum": -93.5, "burden": 33.0, "capacity": 90.2, "svi": 0.04, "top_decile_gap": 0.0, "stratum": "rural", "scored": 1}, "geometry": {"type": "Polygon", "coordinates": [[[-73.3808, 42.2585], [-73.3282, 42.258], [-73.335, 42.2421], [-73.3352, 42.2352], [-73.3442, 42.2306], [-73.3426, 42.2335], [-73.3592, 42.2305], [-73.3657, 42.2263], [-73.3713, 42.2287], [-73.3815, 42.2531], [-73.3808, 42.2585]]]}}, {"type": "Feature", "properties": {"fips": "25027704202", "gap_national": -38.6, "gap_stratum": -30.5, "burden": 58.3, "capacity": 93.5, "svi": 0.14, "top_decile_gap": 0.0, "stratum": "metropolitan", "scored": 1}, "geometry": {"type": "Polygon", "coordinates": [[[-72.3136, 42.4066], [-72.3104, 42.4079], [-72.3067, 42.4192], [-72.3023, 42.4203], [-72.3025, 42.424], [-72.2921, 42.43], [-72.2887, 42.4356], [-72.2907, 42.4373], [-72.2873, 42.4372], [-72.2833, 42.4412], [-72.2913, 42.4795], [-72.1964, 42.5489], [-72.1856, 42.5504], [-72.1009, 42.4837], [-72.2051, 42.4177], [-72.219, 42.3955], [-72.2296, 42.4002], [-72.2365, 42.3973], [-72.2385, 42.3953], [-72.2378, 42.3912], [-72.2423, 42.3881], [-72.2582, 42.3935], [-72.2641, 42.3866], [-72.2685, 42.3903], [-72.2729, 42.3893], [-72.274, 42.3845], [-72.2815, 42.3787], [-72.2795, 42.3746], [-72.282, 42.3719], [-72.285, 42.3731], [-72.286, 42.3578], [-72.2841, 42.3566], [-72.2874, 42.3553], [-72.2864, 42.3527], [-72.3122, 42.3428], [-72.3143, 42.3437], [-72.3138, 42.3578], [-72.312, 42.3579], [-72.313, 42.3621], [-72.3105, 42.3643], [-72.3157, 42.3695], [-72.3114, 42.3722], [-72.3143, 42.3817], [-72.31, 42.3874], [-72.3158, 42.3945], [-72.3136, 42.3964], [-72.3136, 42.4066]]]}}, {"type": "Feature", "properties": {"fips": "25027710200", "gap_national": -30.4, "gap_stratum": -21.7, "burden": 53.4, "capacity": 75.4, "svi": 0.51, "top_decile_gap": 0.0, "stratum": "metropolitan", "scored": 1}, "geometry": {"type": "Polygon", "coordinates": [[[-71.8426, 42.5691], [-71.8343, 42.575], [-71.8321, 42.5698], [-71.8114, 42.5664], [-71.7963, 42.5689], [-71.7904, 42.573], [-71.7886, 42.5691], [-71.7855, 42.5704], [-71.7795, 42.5621], [-71.7734, 42.5581], [-71.786, 42.551], [-71.7987, 42.5526], [-71.8079, 42.5472], [-71.8207, 42.5465], [-71.8442, 42.5491], [-71.8412, 42.5495], [-71.8449, 42.5599], [-71.8426, 42.5691]]]}}, {"type": "Feature", "properties": {"fips": "25017357800", "gap_national": -85.9, "gap_stratum": -84.1, "burden": 11.6, "capacity": 84.0, "svi": 0.15, "top_decile_gap": 0.0, "stratum": "metropolitan", "scored": 1}, "geometry": {"type": "Polygon", "coordinates": [[[-71.1943, 42.4134], [-71.1943, 42.4153], [-71.1747, 42.4091], [-71.1763, 42.4037], [-71.1742, 42.3989], [-71.1766, 42.3951], [-71.1741, 42.3924], [-71.1752, 42.3851], [-71.1837, 42.3908], [-71.1779, 42.3964], [-71.1965, 42.4034], [-71.2026, 42.4148], [-71.1943, 42.4134]]]}}, {"type": "Feature", "properties": {"fips": "25003913100", "gap_national": -45.5, "gap_stratum": -84.8, "burden": 53.5, "capacity": 97.0, "svi": 0.45, "top_decile_gap": 0.0, "stratum": "small_town", "scored": 1}, "geometry": {"type": "Polygon", "coordinates": [[[-73.3295, 42.3782], [-73.3208, 42.3781], [-73.3232, 42.392], [-73.3111, 42.392], [-73.3084, 42.4067], [-73.2965, 42.4047], [-73.2953, 42.4119], [-73.2219, 42.4006], [-73.2288, 42.3766], [-73.2384, 42.3714], [-73.2364, 42.3645], [-73.2396, 42.3679], [-73.2404, 42.3659], [-73.2385, 42.3625], [-73.2399, 42.3538], [-73.2372, 42.3541], [-73.2436, 42.3496], [-73.2456, 42.3453], [-73.2436, 42.327], [-73.2782, 42.3273], [-73.2807, 42.3235], [-73.2883, 42.3235], [-73.2881, 42.3523], [-73.3308, 42.352], [-73.3336, 42.3689], [-73.3308, 42.369], [-73.3295, 42.3782]]]}}, {"type": "Feature", "properties": {"fips": "25017382500", "gap_national": -73.3, "gap_stratum": -71.4, "burden": 12.8, "capacity": 72.8, "svi": 0.28, "top_decile_gap": 0.0, "stratum": "metropolitan", "scored": 1}, "geometry": {"type": "Polygon", "coordinates": [[[-71.3777, 42.3147], [-71.3734, 42.3099], [-71.3641, 42.3159], [-71.3604, 42.3141], [-71.3615, 42.3041], [-71.3578, 42.2939], [-71.3472, 42.2834], [-71.3763, 42.2782], [-71.3752, 42.2879], [-71.3823, 42.3087], [-71.3777, 42.3147]]]}}, {"type": "Feature", "properties": {"fips": "25027730200", "gap_national": -27.9, "gap_stratum": -19.2, "burden": 56.5, "capacity": 76.5, "svi": 0.77, "top_decile_gap": 0.0, "stratum": "metropolitan", "scored": 1}, "geometry": {"type": "Polygon", "coordinates": [[[-71.7862, 42.341], [-71.7704, 42.3146], [-71.7816, 42.3108], [-71.7787, 42.3068], [-71.7855, 42.3038], [-71.7848, 42.3003], [-71.7895, 42.2999], [-71.7893, 42.313], [-71.7935, 42.3243], [-71.7862, 42.341]]]}}, {"type": "Feature", "properties": {"fips": "25027709400", "gap_national": 38.9, "gap_stratum": 43.8, "burden": 66.7, "capacity": 36.8, "svi": 0.84, "top_decile_gap": 0.0, "stratum": "metropolitan", "scored": 1}, "geometry": {"type": "Polygon", "coordinates": [[[-71.7477, 42.5305], [-71.7369, 42.5246], [-71.7407, 42.5315], [-71.7397, 42.5343], [-71.7277, 42.5249], [-71.7122, 42.5216], [-71.7421, 42.5162], [-71.7458, 42.5206], [-71.7486, 42.5186], [-71.7589, 42.5263], [-71.7477, 42.5305]]]}}, {"type": "Feature", "properties": {"fips": "25027709702", "gap_national": -18.7, "gap_stratum": -10.5, "burden": 59.5, "capacity": 71.6, "svi": 0.57, "top_decile_gap": 0.0, "stratum": "metropolitan", "scored": 1}, "geometry": {"type": "Polygon", "coordinates": [[[-71.7656, 42.5348], [-71.7671, 42.5422], [-71.7594, 42.5424], [-71.756, 42.5351], [-71.7567, 42.5302], [-71.7612, 42.5267], [-71.7681, 42.5308], [-71.7656, 42.5348]]]}}, {"type": "Feature", "properties": {"fips": "25027741101", "gap_national": -86.2, "gap_stratum": -84.2, "burden": 13.8, "capacity": 87.3, "svi": 0.02, "top_decile_gap": 0.0, "stratum": "metropolitan", "scored": 1}, "geometry": {"type": "Polygon", "coordinates": [[[-71.4868, 42.3302], [-71.4859, 42.3112], [-71.5059, 42.2729], [-71.5065, 42.2643], [-71.5139, 42.2676], [-71.5224, 42.2664], [-71.5278, 42.3018], [-71.5317, 42.3113], [-71.5303, 42.3214], [-71.5373, 42.328], [-71.4868, 42.3302]]]}}, {"type": "Feature", "properties": {"fips": "25027728300", "gap_national": -75.3, "gap_stratum": -71.0, "burden": 24.1, "capacity": 87.6, "svi": 0.25, "top_decile_gap": 0.0, "stratum": "metropolitan", "scored": 1}, "geometry": {"type": "Polygon", "coordinates": [[[-71.861, 42.3673], [-71.8509, 42.3722], [-71.8482, 42.367], [-71.839, 42.3614], [-71.8334, 42.3361], [-71.8364, 42.336], [-71.842, 42.3412], [-71.8629, 42.346], [-71.8777, 42.3659], [-71.861, 42.3673]]]}}, {"type": "Feature", "properties": {"fips": "25017353101", "gap_national": -29.1, "gap_stratum": -30.7, "burden": 7.6, "capacity": 38.6, "svi": 0.64, "top_decile_gap": 0.0, "stratum": "metropolitan", "scored": 1}, "geometry": {"type": "Polygon", "coordinates": [[[-71.1007, 42.366], [-71.0908, 42.3627], [-71.0993, 42.3586], [-71.1025, 42.3603], [-71.1008, 42.3619], [-71.1067, 42.3646], [-71.1007, 42.366]]]}}, {"type": "Feature", "properties": {"fips": "25027747101", "gap_national": -53.8, "gap_stratum": -46.8, "burden": 36.2, "capacity": 78.6, "svi": 0.24, "top_decile_gap": 0.0, "stratum": "metropolitan", "scored": 1}, "geometry": {"type": "Polygon", "coordinates": [[[-71.5326, 42.0513], [-71.525, 42.0645], [-71.4983, 42.0649], [-71.4983, 42.0172], [-71.5277, 42.015], [-71.5337, 42.0193], [-71.5363, 42.0252], [-71.5326, 42.0513]]]}}, {"type": "Feature", "properties": {"fips": "25017310300", "gap_national": 7.6, "gap_stratum": 12.6, "burden": 42.0, "capacity": 38.9, "svi": 0.79, "top_decile_gap": 0.0, "stratum": "metropolitan", "scored": 1}, "geometry": {"type": "Polygon", "coordinates": [[[-71.3034, 42.6657], [-71.303, 42.6519], [-71.3116, 42.6566], [-71.3133, 42.6602], [-71.3222, 42.6618], [-71.3034, 42.6657]]]}}, {"type": "Feature", "properties": {"fips": "25021411101", "gap_national": -70.2, "gap_stratum": -69.6, "burden": 8.9, "capacity": 68.0, "svi": 0.25, "top_decile_gap": 0.0, "stratum": "metropolitan", "scored": 1}, "geometry": {"type": "Polygon", "coordinates": [[[-71.2824, 42.1148], [-71.2636, 42.1309], [-71.2312, 42.1234], [-71.2399, 42.1207], [-71.2388, 42.1064], [-71.2533, 42.1053], [-71.2717, 42.0984], [-71.2803, 42.0885], [-71.2883, 42.1029], [-71.2824, 42.1148]]]}}, {"type": "Feature", "properties": {"fips": "25017317301", "gap_national": -72.2, "gap_stratum": -67.8, "burden": 23.5, "capacity": 82.7, "svi": 0.44, "top_decile_gap": 0.0, "stratum": "metropolitan", "scored": 1}, "geometry": {"type": "Polygon", "coordinates": [[[-71.3743, 42.6394], [-71.3647, 42.6376], [-71.3599, 42.626], [-71.3741, 42.6185], [-71.3853, 42.6204], [-71.402, 42.6177], [-71.3743, 42.6394]]]}}]}