{"type": "FeatureCollection", "features": [{"type": "Feature", "properties": {"fips": "28053950100", "gap_national": 28.6, "gap_stratum": 36.1, "burden": 96.7, "capacity": 64.4, "svi": 0.87, "top_decile_gap": 0.0, "stratum": "rural", "scored": 1}, "geometry": {"type": "Polygon", "coordinates": [[[-90.6311, 33.2606], [-90.6335, 33.2619], [-90.6268, 33.2656], [-90.6196, 33.2664], [-90.6158, 33.2644], [-90.6058, 33.2705], [-90.5552, 33.2705], [-90.5555, 33.3292], [-90.4532, 33.3295], [-90.4538, 33.2673], [-90.4132, 33.2353], [-90.4112, 33.2397], [-90.4125, 33.2437], [-90.4096, 33.2453], [-90.3864, 33.2453], [-90.3779, 33.2419], [-90.3741, 33.2428], [-90.3738, 33.2385], [-90.3665, 33.2395], [-90.3701, 33.2412], [-90.3674, 33.2441], [-90.3684, 33.2461], [-90.3751, 33.2464], [-90.3717, 33.2509], [-90.3709, 33.2579], [-90.3672, 33.2603], [-90.3709, 33.2658], [-90.37, 33.2705], [-90.3767, 33.2814], [-90.368, 33.2811], [-90.3648, 33.2758], [-90.3632, 33.2764], [-90.3597, 33.2814], [-90.362, 33.2876], [-90.357, 33.2971], [-90.3463, 33.3039], [-90.3438, 33.3091], [-90.3362, 33.3079], [-90.3338, 33.3028], [-90.3316, 33.3028], [-90.3306, 33.1354], [-90.3457, 33.1332], [-90.3536, 33.1228], [-90.3555, 33.1131], [-90.347, 33.1012], [-90.3541, 33.0942], [-90.3595, 33.0943], [-90.3662, 33.1037], [-90.3656, 33.1206], [-90.3677, 33.1247], [-90.3751, 33.1259], [-90.3831, 33.1214], [-90.3862, 33.1125], [-90.3829, 33.1075], [-90.3655, 33.0955], [-90.3653, 33.0886], [-90.373, 33.0841], [-90.3877, 33.0896], [-90.3934, 33.1017], [-90.3971, 33.1047], [-90.404, 33.1055], [-90.4104, 33.1012], [-90.4143, 33.1014], [-90.4196, 33.116], [-90.4249, 33.1153], [-90.4287, 33.109], [-90.4222, 33.099], [-90.4319, 33.0959], [-90.4374, 33.0973], [-90.4381, 33.0932], [-90.4489, 33.0887], [-90.4507, 33.0838], [-90.4674, 33.0912], [-90.4749, 33.0885], [-90.4786, 33.0907], [-90.4829, 33.1007], [-90.4894, 33.0974], [-90.4968, 33.1073], [-90.4973, 33.1098], [-90.4935, 33.1117], [-90.4983, 33.118], [-90.4947, 33.1214], [-90.4957, 33.1258], [-90.5018, 33.1289], [-90.5026, 33.1269], [-90.5001, 33.1251], [-90.503, 33.1218], [-90.5129, 33.1232], [-90.5091, 33.1266], [-90.515, 33.1388], [-90.5115, 33.1393], [-90.5063, 33.1352], [-90.4982, 33.1465], [-90.4921, 33.1461], [-90.4942, 33.1601], [-90.493, 33.1675], [-90.4856, 33.1751], [-90.4739, 33.1736], [-90.4601, 33.1853], [-90.4621, 33.1981], [-90.4882, 33.198], [-90.4899, 33.2051], [-90.5202, 33.2044], [-90.4977, 33.1892], [-90.4987, 33.1677], [-90.572, 33.1675], [-90.5721, 33.2175], [-90.5765, 33.2177], [-90.5771, 33.2412], [-90.6136, 33.2413], [-90.6207, 33.2394], [-90.6338, 33.2441], [-90.6311, 33.2606]]]}}, {"type": "Feature", "properties": {"fips": "28053950300", "gap_national": 33.6, "gap_stratum": 44.9, "burden": 97.6, "capacity": 61.4, "svi": 0.97, "top_decile_gap": 0.0, "stratum": "rural", "scored": 1}, "geometry": {"type": "Polygon", "coordinates": [[[-90.4899, 33.2051], [-90.4882, 33.198], [-90.4621, 33.1981], [-90.4601, 33.1853], [-90.4739, 33.1736], [-90.4856, 33.1751], [-90.4911, 33.1703], [-90.4943, 33.1633], [-90.4992, 33.1638], [-90.4977, 33.1892], [-90.5202, 33.2044], [-90.4899, 33.2051]]]}}, {"type": "Feature", "properties": {"fips": "28105950500", "gap_national": 21.0, "gap_stratum": -4.5, "burden": 49.8, "capacity": 35.4, "svi": 0.58, "top_decile_gap": 0.0, "stratum": "micropolitan", "scored": 1}, "geometry": {"type": "Polygon", "coordinates": [[[-88.8455, 33.462], [-88.8102, 33.4659], [-88.8103, 33.4546], [-88.8308, 33.4539], [-88.8452, 33.4455], [-88.8455, 33.462]]]}}, {"type": "Feature", "properties": {"fips": "28001000800", "gap_national": 21.2, "gap_stratum": 18.2, "burden": 94.0, "capacity": 68.4, "svi": 0.62, "top_decile_gap": 0.0, "stratum": "micropolitan", "scored": 1}, "geometry": {"type": "Polygon", "coordinates": [[[-91.6487, 31.2622], [-91.6377, 31.2677], [-91.5642, 31.2616], [-91.5377, 31.2674], [-91.5156, 31.2782], [-91.5089, 31.2916], [-91.5087, 31.3151], [-91.549, 31.3473], [-91.551, 31.3636], [-91.5499, 31.3763], [-91.5462, 31.3825], [-91.5557, 31.3864], [-91.569, 31.3776], [-91.5783, 31.3991], [-91.5763, 31.4105], [-91.5652, 31.4234], [-91.5485, 31.4327], [-91.5416, 31.4317], [-91.5371, 31.4242], [-91.5395, 31.414], [-91.5323, 31.3903], [-91.5218, 31.3752], [-91.5042, 31.365], [-91.4789, 31.365], [-91.4725, 31.3713], [-91.4711, 31.3769], [-91.4721, 31.3959], [-91.4769, 31.3978], [-91.4802, 31.4044], [-91.5, 31.4205], [-91.5134, 31.4444], [-91.517, 31.4606], [-91.5181, 31.4835], [-91.5149, 31.5101], [-91.5206, 31.5132], [-91.5225, 31.5221], [-91.514, 31.5321], [-91.4896, 31.5343], [-91.4797, 31.5304], [-91.45, 31.5397], [-91.4194, 31.5592], [-91.4022, 31.5419], [-91.3967, 31.5392], [-91.4033, 31.5317], [-91.4095, 31.518], [-91.3969, 31.5187], [-91.3841, 31.5088], [-91.3775, 31.5078], [-91.3756, 31.5103], [-91.3697, 31.5042], [-91.3677, 31.488], [-91.3777, 31.4635], [-91.3677, 31.4541], [-91.3631, 31.4541], [-91.3661, 31.45], [-91.3743, 31.4484], [-91.3746, 31.443], [-91.3832, 31.4377], [-91.3778, 31.4334], [-91.3884, 31.428], [-91.3876, 31.4257], [-91.3837, 31.4261], [-91.3864, 31.4195], [-91.3846, 31.4176], [-91.3876, 31.4151], [-91.384, 31.4106], [-91.3879, 31.4104], [-91.3866, 31.4051], [-91.3892, 31.4019], [-91.3853, 31.3937], [-91.389, 31.3903], [-91.387, 31.3878], [-91.3881, 31.382], [-91.3912, 31.3789], [-91.3883, 31.3742], [-91.3906, 31.3707], [-91.3858, 31.3651], [-91.378, 31.3634], [-91.3799, 31.3602], [-91.374, 31.3611], [-91.3752, 31.3588], [-91.3721, 31.3514], [-91.3578, 31.3429], [-91.3648, 31.342], [-91.366, 31.3358], [-91.3776, 31.337], [-91.3816, 31.3336], [-91.384, 31.3354], [-91.3842, 31.3312], [-91.3888, 31.3302], [-91.3876, 31.3271], [-91.3917, 31.3248], [-91.3933, 31.3314], [-91.3987, 31.3246], [-91.413, 31.3239], [-91.4238, 31.3153], [-91.4343, 31.3142], [-91.4364, 31.3173], [-91.4433, 31.3193], [-91.4684, 31.3196], [-91.4711, 31.2856], [-91.4753, 31.286], [-91.4802, 31.2816], [-91.4915, 31.2847], [-91.4962, 31.2826], [-91.4973, 31.2758], [-91.4916, 31.2712], [-91.489, 31.2652], [-91.483, 31.2653], [-91.4773, 31.2598], [-91.4803, 31.2518], [-91.4784, 31.2492], [-91.4796, 31.2462], [-91.4776, 31.2458], [-91.4809, 31.2434], [-91.4788, 31.239], [-91.4835, 31.2374], [-91.4832, 31.2336], [-91.4887, 31.2342], [-91.487, 31.2275], [-91.4974, 31.2247], [-91.5073, 31.226], [-91.5092, 31.221], [-91.5148, 31.2175], [-91.5297, 31.2145], [-91.5294, 31.2268], [-91.5318, 31.2324], [-91.5409, 31.2383], [-91.5526, 31.2386], [-91.5605, 31.2356], [-91.5757, 31.2245], [-91.5849, 31.2106], [-91.5869, 31.2047], [-91.5839, 31.1975], [-91.5895, 31.1911], [-91.595, 31.202], [-91.6016, 31.2086], [-91.6251, 31.2261], [-91.6444, 31.2344], [-91.652, 31.2427], [-91.655, 31.2518], [-91.6487, 31.2622]]]}}, {"type": "Feature", "properties": {"fips": "28025950300", "gap_national": 43.5, "gap_stratum": 51.3, "burden": 97.5, "capacity": 54.9, "svi": 0.8, "top_decile_gap": 0.0, "stratum": "small_town", "scored": 1}, "geometry": {"type": "Polygon", "coordinates": [[[-88.6637, 33.5993], [-88.659, 33.6145], [-88.659, 33.6272], [-88.6404, 33.6266], [-88.6455, 33.6163], [-88.6441, 33.6126], [-88.6472, 33.6108], [-88.6457, 33.5977], [-88.6558, 33.5977], [-88.6562, 33.5925], [-88.6758, 33.5926], [-88.6637, 33.5993]]]}}, {"type": "Feature", "properties": {"fips": "28047000900", "gap_national": -8.1, "gap_stratum": -8.8, "burden": 3.0, "capacity": 15.8, "svi": 0.06, "top_decile_gap": 0.0, "stratum": "metropolitan", "scored": 1}, "geometry": {"type": "Polygon", "coordinates": [[[-88.9399, 30.4179], [-88.9329, 30.4173], [-88.916, 30.4235], [-88.9158, 30.4195], [-88.9129, 30.4199], [-88.9089, 30.41], [-88.9042, 30.41], [-88.9041, 30.4021], [-88.9085, 30.4021], [-88.9083, 30.3986], [-88.9338, 30.398], [-88.9336, 30.41], [-88.9386, 30.4088], [-88.9386, 30.4111], [-88.9424, 30.4111], [-88.9399, 30.4179]]]}}, {"type": "Feature", "properties": {"fips": "28149950500", "gap_national": 16.2, "gap_stratum": 10.3, "burden": 88.8, "capacity": 69.0, "svi": 0.88, "top_decile_gap": 0.0, "stratum": "micropolitan", "scored": 1}, "geometry": {"type": "Polygon", "coordinates": [[[-90.8703, 32.3315], [-90.8643, 32.3367], [-90.8645, 32.3445], [-90.8569, 32.3433], [-90.8556, 32.3455], [-90.8472, 32.343], [-90.8367, 32.3473], [-90.825, 32.3488], [-90.8207, 32.331], [-90.8268, 32.3235], [-90.8282, 32.3251], [-90.8349, 32.324], [-90.8344, 32.3264], [-90.8403, 32.3264], [-90.8404, 32.3242], [-90.8433, 32.3274], [-90.8613, 32.3301], [-90.8656, 32.3243], [-90.8773, 32.319], [-90.8755, 32.3274], [-90.8784, 32.3333], [-90.8703, 32.3315]]]}}, {"type": "Feature", "properties": {"fips": "28151000900", "gap_national": 38.7, "gap_stratum": 40.2, "burden": 98.4, "capacity": 58.3, "svi": 0.88, "top_decile_gap": 0.0, "stratum": "micropolitan", "scored": 1}, "geometry": {"type": "Polygon", "coordinates": [[[-91.055, 33.3992], [-91.0377, 33.3995], [-91.0388, 33.3853], [-91.0666, 33.3855], [-91.055, 33.3992]]]}}, {"type": "Feature", "properties": {"fips": "28151001200", "gap_national": 30.7, "gap_stratum": 30.2, "burden": 99.3, "capacity": 63.9, "svi": 0.96, "top_decile_gap": 0.0, "stratum": "micropolitan", "scored": 1}, "geometry": {"type": "Polygon", "coordinates": [[[-91.0375, 33.4134], [-91.0236, 33.4146], [-91.0234, 33.3998], [-91.0377, 33.3995], [-91.0375, 33.4134]]]}}, {"type": "Feature", "properties": {"fips": "28081950601", "gap_national": -15.7, "gap_stratum": -45.8, "burden": 51.9, "capacity": 63.2, "svi": 0.63, "top_decile_gap": 0.0, "stratum": "micropolitan", "scored": 1}, "geometry": {"type": "Polygon", "coordinates": [[[-88.7642, 34.2951], [-88.748, 34.2901], [-88.7251, 34.2782], [-88.7283, 34.2776], [-88.7258, 34.2647], [-88.7641, 34.2647], [-88.7642, 34.2951]]]}}, {"type": "Feature", "properties": {"fips": "28081950800", "gap_national": 1.4, "gap_stratum": -16.5, "burden": 75.0, "capacity": 70.0, "svi": 0.93, "top_decile_gap": 0.0, "stratum": "micropolitan", "scored": 1}, "geometry": {"type": "Polygon", "coordinates": [[[-88.7285, 34.2562], [-88.7232, 34.2572], [-88.7206, 34.2573], [-88.72, 34.2502], [-88.7165, 34.2502], [-88.7196, 34.2306], [-88.7239, 34.229], [-88.7248, 34.2241], [-88.7287, 34.2236], [-88.7285, 34.2562]]]}}, {"type": "Feature", "properties": {"fips": "28049000301", "gap_national": 42.1, "gap_stratum": 44.2, "burden": 78.2, "capacity": 44.5, "svi": 0.65, "top_decile_gap": 0.0, "stratum": "metropolitan", "scored": 1}, "geometry": {"type": "Polygon", "coordinates": [[[-90.1653, 32.3736], [-90.1583, 32.3736], [-90.1584, 32.3599], [-90.1665, 32.3599], [-90.1655, 32.3631], [-90.1711, 32.3639], [-90.1653, 32.3736]]]}}, {"type": "Feature", "properties": {"fips": "28049000400", "gap_national": 17.8, "gap_stratum": 19.8, "burden": 85.3, "capacity": 65.7, "svi": 0.86, "top_decile_gap": 0.0, "stratum": "metropolitan", "scored": 1}, "geometry": {"type": "Polygon", "coordinates": [[[-90.1711, 32.3639], [-90.1655, 32.3631], [-90.1665, 32.3599], [-90.1584, 32.3599], [-90.1584, 32.3558], [-90.1518, 32.3558], [-90.1544, 32.3484], [-90.1637, 32.3441], [-90.1641, 32.35], [-90.1753, 32.3502], [-90.1711, 32.3639]]]}}, {"type": "Feature", "properties": {"fips": "28049000900", "gap_national": 37.0, "gap_stratum": 35.5, "burden": 99.8, "capacity": 59.9, "svi": 0.76, "top_decile_gap": 0.0, "stratum": "metropolitan", "scored": 1}, "geometry": {"type": "Polygon", "coordinates": [[[-90.2076, 32.3517], [-90.2076, 32.3478], [-90.2056, 32.3478], [-90.2055, 32.3324], [-90.2158, 32.3414], [-90.2111, 32.3414], [-90.2111, 32.3498], [-90.22, 32.3498], [-90.22, 32.3518], [-90.2076, 32.3517]]]}}, {"type": "Feature", "properties": {"fips": "28049003700", "gap_national": 50.0, "gap_stratum": 48.4, "burden": 91.6, "capacity": 47.7, "svi": 0.85, "top_decile_gap": 0.0, "stratum": "metropolitan", "scored": 1}, "geometry": {"type": "Polygon", "coordinates": [[[-90.2469, 32.2576], [-90.2222, 32.2573], [-90.2332, 32.2375], [-90.247, 32.2539], [-90.2469, 32.2576]]]}}, {"type": "Feature", "properties": {"fips": "28089030104", "gap_national": -65.0, "gap_stratum": -59.0, "burden": 31.9, "capacity": 85.8, "svi": 0.13, "top_decile_gap": 0.0, "stratum": "metropolitan", "scored": 1}, "geometry": {"type": "Polygon", "coordinates": [[[-90.1234, 32.4269], [-90.1063, 32.4271], [-90.1063, 32.414], [-90.1235, 32.4141], [-90.1234, 32.4269]]]}}, {"type": "Feature", "properties": {"fips": "28071950301", "gap_national": -4.9, "gap_stratum": -6.2, "burden": 8.0, "capacity": 15.6, "svi": 0.39, "top_decile_gap": 0.0, "stratum": "micropolitan", "scored": 1}, "geometry": {"type": "Polygon", "coordinates": [[[-89.5368, 34.3721], [-89.5256, 34.3717], [-89.532, 34.3623], [-89.5395, 34.3569], [-89.5598, 34.3574], [-89.5668, 34.3593], [-89.5672, 34.3619], [-89.5368, 34.3721]]]}}, {"type": "Feature", "properties": {"fips": "28033070422", "gap_national": 41.2, "gap_stratum": 40.5, "burden": 88.7, "capacity": 52.2, "svi": 0.85, "top_decile_gap": 0.0, "stratum": "metropolitan", "scored": 1}, "geometry": {"type": "Polygon", "coordinates": [[[-90.0158, 34.9805], [-90.0164, 34.9649], [-90.0293, 34.9664], [-90.0331, 34.9765], [-90.0158, 34.9805]]]}}, {"type": "Feature", "properties": {"fips": "28033070822", "gap_national": -3.2, "gap_stratum": 1.6, "burden": 41.8, "capacity": 47.1, "svi": 0.19, "top_decile_gap": 0.0, "stratum": "metropolitan", "scored": 1}, "geometry": {"type": "Polygon", "coordinates": [[[-89.7957, 34.9623], [-89.795, 34.939], [-89.8247, 34.9622], [-89.7957, 34.9623]]]}}, {"type": "Feature", "properties": {"fips": "28049011400", "gap_national": 30.3, "gap_stratum": 29.9, "burden": 91.7, "capacity": 61.0, "svi": 0.83, "top_decile_gap": 0.0, "stratum": "metropolitan", "scored": 1}, "geometry": {"type": "Polygon", "coordinates": [[[-90.1906, 32.3122], [-90.1887, 32.3195], [-90.1843, 32.3194], [-90.1831, 32.3051], [-90.1908, 32.3043], [-90.1909, 32.3085], [-90.1944, 32.3085], [-90.1943, 32.3122], [-90.1906, 32.3122]]]}}, {"type": "Feature", "properties": {"fips": "28029950502", "gap_national": 33.0, "gap_stratum": 32.4, "burden": 94.8, "capacity": 60.6, "svi": 0.46, "top_decile_gap": 0.0, "stratum": "micropolitan", "scored": 1}, "geometry": {"type": "Polygon", "coordinates": [[[-90.399, 31.8163], [-90.396, 31.846], [-90.3839, 31.846], [-90.3798, 31.8428], [-90.3796, 31.8391], [-90.3615, 31.8306], [-90.3653, 31.8388], [-90.3699, 31.8427], [-90.37, 31.8491], [-90.3743, 31.8536], [-90.3752, 31.8621], [-90.38, 31.8676], [-90.3662, 31.8676], [-90.3678, 31.8744], [-90.3739, 31.8746], [-90.3699, 31.8847], [-90.3591, 31.8884], [-90.3501, 31.8848], [-90.3272, 31.8866], [-90.3164, 31.8846], [-90.3069, 31.8917], [-90.2863, 31.895], [-90.2854, 31.8886], [-90.2807, 31.8886], [-90.2765, 31.8845], [-90.2737, 31.8861], [-90.2733, 31.8785], [-90.2694, 31.8758], [-90.263, 31.8784], [-90.2567, 31.8705], [-90.252, 31.8718], [-90.2466, 31.8698], [-90.2373, 31.8605], [-90.2344, 31.8635], [-90.2203, 31.8603], [-90.2161, 31.8656], [-90.2136, 31.8629], [-90.2092, 31.8636], [-90.2076, 31.8684], [-90.1997, 31.8649], [-90.1964, 31.8674], [-90.1845, 31.863], [-90.1751, 31.8634], [-90.1712, 31.8594], [-90.1707, 31.8518], [-90.1676, 31.85], [-90.1697, 31.8468], [-90.1659, 31.8471], [-90.1654, 31.8437], [-90.1592, 31.8447], [-90.1446, 31.8299], [-90.1351, 31.8322], [-90.1273, 31.8256], [-90.1297, 31.8228], [-90.1327, 31.8268], [-90.1369, 31.826], [-90.136, 31.819], [-90.1487, 31.8078], [-90.1507, 31.7999], [-90.1408, 31.7894], [-90.1125, 31.7913], [-90.1075, 31.7777], [-90.1141, 31.7682], [-90.1197, 31.768], [-90.1232, 31.775], [-90.1281, 31.7697], [-90.1288, 31.7659], [-90.1218, 31.7559], [-90.1231, 31.752], [-90.1313, 31.756], [-90.1436, 31.7472], [-90.1545, 31.7471], [-90.1637, 31.7441], [-90.1841, 31.7315], [-90.2036, 31.7258], [-90.2299, 31.7237], [-90.2548, 31.7123], [-90.2603, 31.7158], [-90.2598, 31.7202], [-90.2729, 31.7206], [-90.2775, 31.7348], [-90.2874, 31.7376], [-90.2892, 31.7409], [-90.2871, 31.743], [-90.2903, 31.7469], [-90.3122, 31.7555], [-90.3163, 31.765], [-90.3165, 31.7693], [-90.3127, 31.7726], [-90.3132, 31.7747], [-90.3185, 31.7761], [-90.3244, 31.7826], [-90.323, 31.7906], [-90.3312, 31.7976], [-90.3343, 31.7965], [-90.3414, 31.8047], [-90.3522, 31.8043], [-90.3615, 31.7987], [-90.3713, 31.7996], [-90.3724, 31.7955], [-90.3822, 31.7916], [-90.4005, 31.7969], [-90.4073, 31.8022], [-90.399, 31.8163]]]}}, {"type": "Feature", "properties": {"fips": "28085950401", "gap_national": -25.4, "gap_stratum": -56.7, "burden": 56.7, "capacity": 74.4, "svi": 0.28, "top_decile_gap": 0.0, "stratum": "micropolitan", "scored": 1}, "geometry": {"type": "Polygon", "coordinates": [[[-90.5708, 31.4583], [-90.5703, 31.4698], [-90.55, 31.4694], [-90.5493, 31.4735], [-90.5267, 31.4817], [-90.5209, 31.4907], [-90.5185, 31.4843], [-90.5098, 31.4771], [-90.4791, 31.4772], [-90.4798, 31.4506], [-90.4669, 31.4476], [-90.464, 31.4435], [-90.4522, 31.4461], [-90.4528, 31.4439], [-90.4477, 31.4418], [-90.4628, 31.3832], [-90.4547, 31.3495], [-90.527, 31.3494], [-90.527, 31.364], [-90.5351, 31.365], [-90.5444, 31.3723], [-90.5618, 31.3769], [-90.5561, 31.3921], [-90.5578, 31.4065], [-90.5564, 31.4185], [-90.5609, 31.4179], [-90.5686, 31.4222], [-90.5846, 31.4233], [-90.5708, 31.4583]]]}}, {"type": "Feature", "properties": {"fips": "28005950302", "gap_national": 21.9, "gap_stratum": 25.2, "burden": 97.6, "capacity": 69.4, "svi": 0.62, "top_decile_gap": 0.0, "stratum": "rural", "scored": 1}, "geometry": {"type": "Polygon", "coordinates": [[[-90.8569, 31.0328], [-90.8545, 31.0326], [-90.8501, 31.0432], [-90.8526, 31.0512], [-90.8498, 31.0546], [-90.8524, 31.0554], [-90.8522, 31.062], [-90.854, 31.0611], [-90.8548, 31.0635], [-90.8521, 31.0644], [-90.853, 31.0689], [-90.8478, 31.0733], [-90.8503, 31.0742], [-90.8484, 31.0769], [-90.8514, 31.0816], [-90.8501, 31.083], [-90.8552, 31.0904], [-90.8474, 31.095], [-90.8488, 31.0971], [-90.8458, 31.1012], [-90.8473, 31.1054], [-90.845, 31.1161], [-90.848, 31.1171], [-90.8476, 31.1222], [-90.8504, 31.1251], [-90.8487, 31.125], [-90.8479, 31.1318], [-90.8512, 31.1395], [-90.8499, 31.1455], [-90.846, 31.1495], [-90.8473, 31.151], [-90.8445, 31.156], [-90.8471, 31.1602], [-90.845, 31.164], [-90.8158, 31.1581], [-90.8142, 31.1523], [-90.8029, 31.1484], [-90.7992, 31.1436], [-90.7941, 31.1489], [-90.7792, 31.1355], [-90.7691, 31.1307], [-90.7657, 31.1366], [-90.7515, 31.1394], [-90.7461, 31.1454], [-90.7306, 31.1463], [-90.7201, 31.1443], [-90.7146, 31.1395], [-90.7154, 31.1368], [-90.7078, 31.1311], [-90.7055, 31.1317], [-90.7057, 31.146], [-90.6805, 31.1433], [-90.679, 31.1504], [-90.6813, 31.1544], [-90.6665, 31.1582], [-90.6633, 31.1568], [-90.6522, 31.1633], [-90.6484, 31.162], [-90.635, 31.1655], [-90.6317, 31.1738], [-90.6227, 31.1685], [-90.6077, 31.1658], [-90.5901, 31.1588], [-90.5481, 31.1597], [-90.5476, 30.9997], [-90.8349, 30.9994], [-90.8375, 31.0057], [-90.8448, 31.0106], [-90.845, 31.0145], [-90.8478, 31.0144], [-90.8468, 31.0172], [-90.8483, 31.0167], [-90.8506, 31.0227], [-90.858, 31.0265], [-90.8569, 31.0328]]]}}, {"type": "Feature", "properties": {"fips": "28047003212", "gap_national": 33.6, "gap_stratum": 36.9, "burden": 73.4, "capacity": 47.0, "svi": 0.54, "top_decile_gap": 0.0, "stratum": "metropolitan", "scored": 1}, "geometry": {"type": "Polygon", "coordinates": [[[-89.0906, 30.4586], [-89.0866, 30.4587], [-89.0848, 30.4631], [-89.0876, 30.4715], [-89.0696, 30.4715], [-89.0697, 30.4569], [-89.0864, 30.4568], [-89.0899, 30.4495], [-89.0928, 30.4495], [-89.0906, 30.4586]]]}}, {"type": "Feature", "properties": {"fips": "28047003106", "gap_national": -55.5, "gap_stratum": -48.1, "burden": 39.4, "capacity": 84.8, "svi": 0.13, "top_decile_gap": 0.0, "stratum": "metropolitan", "scored": 1}, "geometry": {"type": "Polygon", "coordinates": [[[-89.1744, 30.3672], [-89.1744, 30.369], [-89.1506, 30.3691], [-89.1869, 30.3449], [-89.1871, 30.367], [-89.1744, 30.3672]]]}}, {"type": "Feature", "properties": {"fips": "28047003210", "gap_national": 18.2, "gap_stratum": 21.6, "burden": 77.1, "capacity": 60.1, "svi": 0.44, "top_decile_gap": 0.0, "stratum": "metropolitan", "scored": 1}, "geometry": {"type": "Polygon", "coordinates": [[[-89.0864, 30.4568], [-89.0697, 30.4569], [-89.0751, 30.4495], [-89.0899, 30.4495], [-89.0864, 30.4568]]]}}, {"type": "Feature", "properties": {"fips": "28047001504", "gap_national": -9.6, "gap_stratum": -3.1, "burden": 72.0, "capacity": 76.4, "svi": 0.15, "top_decile_gap": 0.0, "stratum": "metropolitan", "scored": 1}, "geometry": {"type": "Polygon", "coordinates": [[[-89.0184, 30.4006], [-89.0034, 30.4006], [-89.0055, 30.3969], [-89.0013, 30.397], [-89.0013, 30.3932], [-89.0186, 30.3888], [-89.0184, 30.4006]]]}}, {"type": "Feature", "properties": {"fips": "28059040701", "gap_national": -31.9, "gap_stratum": -23.2, "burden": 51.9, "capacity": 75.2, "svi": 0.28, "top_decile_gap": 0.0, "stratum": "metropolitan", "scored": 1}, "geometry": {"type": "Polygon", "coordinates": [[[-88.7822, 30.4125], [-88.749, 30.4071], [-88.7491, 30.4258], [-88.7408, 30.4285], [-88.7211, 30.4412], [-88.7157, 30.4356], [-88.7154, 30.4131], [-88.721, 30.3998], [-88.7514, 30.405], [-88.7524, 30.401], [-88.7655, 30.4012], [-88.7643, 30.3966], [-88.7691, 30.3907], [-88.773, 30.3928], [-88.7716, 30.3983], [-88.7821, 30.3995], [-88.7828, 30.4067], [-88.7859, 30.4106], [-88.7822, 30.4125]]]}}, {"type": "Feature", "properties": {"fips": "28073020307", "gap_national": 10.5, "gap_stratum": 14.5, "burden": 31.1, "capacity": 25.0, "svi": 0.35, "top_decile_gap": 0.0, "stratum": "metropolitan", "scored": 1}, "geometry": {"type": "Polygon", "coordinates": [[[-89.3523, 31.3466], [-89.3479, 31.3467], [-89.3479, 31.325], [-89.3525, 31.3249], [-89.3523, 31.3466]]]}}, {"type": "Feature", "properties": {"fips": "28035000602", "gap_national": 59.7, "gap_stratum": 61.3, "burden": 81.7, "capacity": 33.0, "svi": 0.8, "top_decile_gap": 1.0, "stratum": "metropolitan", "scored": 1}, "geometry": {"type": "Polygon", "coordinates": [[[-89.3135, 31.3043], [-89.2994, 31.303], [-89.2994, 31.3062], [-89.285, 31.3062], [-89.2889, 31.2946], [-89.2949, 31.292], [-89.2947, 31.2877], [-89.2979, 31.2858], [-89.2981, 31.2825], [-89.3081, 31.277], [-89.3183, 31.2983], [-89.3135, 31.3043]]]}}, {"type": "Feature", "properties": {"fips": "28049011600", "gap_national": 43.7, "gap_stratum": 41.6, "burden": 99.1, "capacity": 55.3, "svi": 0.97, "top_decile_gap": 0.0, "stratum": "metropolitan", "scored": 1}, "geometry": {"type": "Polygon", "coordinates": [[[-90.2081, 32.3268], [-90.1942, 32.3268], [-90.1944, 32.3085], [-90.1985, 32.3085], [-90.2079, 32.3178], [-90.2204, 32.3238], [-90.2081, 32.3268]]]}}, {"type": "Feature", "properties": {"fips": "28093950502", "gap_national": 24.6, "gap_stratum": 24.8, "burden": 92.3, "capacity": 65.1, "svi": 0.81, "top_decile_gap": 0.0, "stratum": "metropolitan", "scored": 1}, "geometry": {"type": "Polygon", "coordinates": [[[-89.5111, 34.5824], [-89.5115, 34.5876], [-89.5088, 34.5905], [-89.5107, 34.5973], [-89.5091, 34.6015], [-89.5134, 34.6063], [-89.5138, 34.6116], [-89.5188, 34.6138], [-89.5045, 34.6308], [-89.5074, 34.6364], [-89.5064, 34.6418], [-89.5101, 34.6418], [-89.5101, 34.6566], [-89.4874, 34.6563], [-89.4769, 34.6489], [-89.4646, 34.6502], [-89.4571, 34.6476], [-89.4496, 34.6518], [-89.4472, 34.6626], [-89.4506, 34.6645], [-89.4535, 34.6714], [-89.4529, 34.6801], [-89.4578, 34.6883], [-89.4419, 34.7393], [-89.4233, 34.7268], [-89.4159, 34.7285], [-89.4143, 34.7481], [-89.41, 34.746], [-89.4089, 34.7559], [-89.4079, 34.7579], [-89.4045, 34.7571], [-89.4072, 34.7622], [-89.4027, 34.7715], [-89.4148, 34.7719], [-89.4141, 34.7825], [-89.4104, 34.7856], [-89.4073, 34.7937], [-89.4111, 34.7926], [-89.4114, 34.7989], [-89.4177, 34.8021], [-89.4233, 34.8006], [-89.4307, 34.7938], [-89.4435, 34.8051], [-89.4301, 34.8379], [-89.421, 34.832], [-89.4103, 34.832], [-89.4057, 34.8298], [-89.3993, 34.8379], [-89.3887, 34.8445], [-89.3841, 34.8448], [-89.3764, 34.8594], [-89.3631, 34.8588], [-89.3572, 34.8612], [-89.3529, 34.861], [-89.3527, 34.8444], [-89.2992, 34.8444], [-89.2983, 34.5829], [-89.2456, 34.5832], [-89.2461, 34.4956], [-89.2488, 34.4949], [-89.2496, 34.4969], [-89.2467, 34.4975], [-89.2489, 34.4996], [-89.2512, 34.4965], [-89.258, 34.4969], [-89.258, 34.5004], [-89.2632, 34.5007], [-89.262, 34.5038], [-89.2697, 34.5052], [-89.2694, 34.5069], [-89.2747, 34.5077], [-89.2742, 34.5056], [-89.2761, 34.5052], [-89.2825, 34.509], [-89.2891, 34.5064], [-89.2883, 34.5098], [-89.2928, 34.5158], [-89.2915, 34.5168], [-89.2947, 34.5147], [-89.2951, 34.5184], [-89.2976, 34.5193], [-89.3005, 34.5135], [-89.3028, 34.5182], [-89.3105, 34.5176], [-89.3111, 34.52], [-89.3137, 34.5181], [-89.3151, 34.5244], [-89.3189, 34.5202], [-89.3264, 34.5231], [-89.3257, 34.526], [-89.3308, 34.5231], [-89.331, 34.5271], [-89.3364, 34.5221], [-89.3373, 34.5248], [-89.3426, 34.5244], [-89.3432, 34.5212], [-89.3449, 34.5259], [-89.3499, 34.5218], [-89.3537, 34.5223], [-89.3528, 34.5271], [-89.3628, 34.5224], [-89.3622, 34.5252], [-89.3644, 34.5239], [-89.3658, 34.5263], [-89.3667, 34.5238], [-89.3638, 34.5196], [-89.369, 34.5206], [-89.3737, 34.5182], [-89.3761, 34.5205], [-89.3795, 34.5169], [-89.3788, 34.519], [-89.3815, 34.5207], [-89.386, 34.519], [-89.389, 34.5242], [-89.4015, 34.5256], [-89.402, 34.5281], [-89.4065, 34.526], [-89.4072, 34.5224], [-89.4104, 34.5228], [-89.4119, 34.526], [-89.4149, 34.5222], [-89.4245, 34.5191], [-89.434, 34.5199], [-89.4402, 34.5234], [-89.442, 34.5305], [-89.4557, 34.5325], [-89.4684, 34.5463], [-89.4767, 34.549], [-89.475, 34.5516], [-89.4767, 34.554], [-89.5138, 34.5545], [-89.5194, 34.5614], [-89.5204, 34.5688], [-89.5111, 34.5824]]]}}, {"type": "Feature", "properties": {"fips": "28033070523", "gap_national": 7.6, "gap_stratum": 13.1, "burden": 68.4, "capacity": 60.6, "svi": 0.41, "top_decile_gap": 0.0, "stratum": "metropolitan", "scored": 1}, "geometry": {"type": "Polygon", "coordinates": [[[-89.9722, 34.9946], [-89.9368, 34.9945], [-89.9367, 34.9624], [-89.9721, 34.9626], [-89.9722, 34.9946]]]}}, {"type": "Feature", "properties": {"fips": "28033070723", "gap_national": -18.9, "gap_stratum": -10.9, "burden": 64.4, "capacity": 76.6, "svi": 0.26, "top_decile_gap": 0.0, "stratum": "metropolitan", "scored": 1}, "geometry": {"type": "Polygon", "coordinates": [[[-89.8783, 34.9943], [-89.8525, 34.9622], [-89.9014, 34.9626], [-89.9015, 34.9944], [-89.8783, 34.9943]]]}}, {"type": "Feature", "properties": {"fips": "28001000300", "gap_national": 30.8, "gap_stratum": 30.3, "burden": 99.3, "capacity": 63.9, "svi": 0.83, "top_decile_gap": 0.0, "stratum": "micropolitan", "scored": 1}, "geometry": {"type": "Polygon", "coordinates": [[[-91.3943, 31.5785], [-91.3753, 31.5771], [-91.3705, 31.5731], [-91.3742, 31.5678], [-91.3934, 31.5637], [-91.398, 31.5685], [-91.3943, 31.5785]]]}}, {"type": "Feature", "properties": {"fips": "28157950100", "gap_national": 20.7, "gap_stratum": 23.4, "burden": 97.2, "capacity": 70.1, "svi": 0.87, "top_decile_gap": 0.0, "stratum": "rural", "scored": 1}, "geometry": {"type": "Polygon", "coordinates": [[[-91.3648, 31.342], [-91.3622, 31.3409], [-91.3555, 31.3459], [-91.3531, 31.3451], [-91.3553, 31.3436], [-91.3537, 31.3398], [-91.3499, 31.3401], [-91.3509, 31.3375], [-91.3442, 31.3418], [-91.346, 31.3391], [-91.3417, 31.34], [-91.3309, 31.3518], [-91.3237, 31.3523], [-91.3242, 31.3545], [-91.3207, 31.3522], [-91.3143, 31.3572], [-91.3101, 31.3539], [-91.308, 31.3595], [-91.2994, 31.3611], [-91.2987, 31.3647], [-91.2992, 31.3599], [-91.2938, 31.3603], [-91.2873, 31.3561], [-91.2745, 31.3655], [-91.2753, 31.3698], [-91.271, 31.3681], [-91.2628, 31.3694], [-91.2616, 31.3642], [-91.2648, 31.3633], [-91.264, 31.3617], [-91.2571, 31.3601], [-91.2548, 31.3655], [-91.251, 31.3634], [-91.2453, 31.3677], [-91.2394, 31.3667], [-91.2371, 31.3712], [-91.2311, 31.3732], [-91.2301, 31.3706], [-91.2283, 31.3722], [-91.2229, 31.3701], [-91.218, 31.3723], [-91.2193, 31.3683], [-91.2104, 31.3629], [-91.2131, 31.3571], [-91.2088, 31.3548], [-91.1982, 31.3535], [-91.1896, 31.3569], [-91.1846, 31.348], [-91.1788, 31.3511], [-91.1722, 31.3457], [-91.1627, 31.3507], [-91.1546, 31.3431], [-91.1525, 31.3486], [-91.1519, 31.3454], [-91.1452, 31.3475], [-91.1473, 31.3437], [-91.142, 31.344], [-91.1408, 31.342], [-91.1439, 31.34], [-91.138, 31.3375], [-91.1349, 31.3314], [-91.1308, 31.3318], [-91.1271, 31.3269], [-91.1197, 31.325], [-91.1197, 31.3211], [-91.1115, 31.32], [-91.1027, 31.3271], [-91.0975, 31.3216], [-91.0879, 31.3175], [-91.0858, 31.3118], [-91.0873, 31.3117], [-91.0832, 31.3081], [-91.0849, 31.3076], [-91.0833, 31.2996], [-91.0795, 31.2961], [-91.08, 31.2888], [-91.0733, 31.2875], [-91.0649, 31.2821], [-91.0595, 31.2819], [-91.0602, 30.999], [-91.2315, 30.9993], [-91.2325, 31.0109], [-91.2291, 31.0196], [-91.2174, 31.0339], [-91.206, 31.0402], [-91.2052, 31.0452], [-91.2016, 31.0485], [-91.2013, 31.0545], [-91.2048, 31.062], [-91.2023, 31.084], [-91.1769, 31.0815], [-91.1783, 31.1075], [-91.1799, 31.1123], [-91.1893, 31.1189], [-91.1891, 31.1243], [-91.1859, 31.1281], [-91.1887, 31.1325], [-91.1932, 31.1322], [-91.1937, 31.1371], [-91.205, 31.1407], [-91.2081, 31.1441], [-91.2151, 31.1413], [-91.2427, 31.1383], [-91.247, 31.1353], [-91.2518, 31.1368], [-91.2556, 31.1344], [-91.273, 31.1346], [-91.273, 31.1539], [-91.2827, 31.1679], [-91.2859, 31.1911], [-91.2854, 31.2133], [-91.3009, 31.2345], [-91.3214, 31.2454], [-91.3361, 31.2699], [-91.3498, 31.2816], [-91.359, 31.3059], [-91.3548, 31.3255], [-91.3566, 31.3292], [-91.366, 31.3358], [-91.3648, 31.342]]]}}, {"type": "Feature", "properties": {"fips": "28011950701", "gap_national": 39.2, "gap_stratum": 40.9, "burden": 99.4, "capacity": 58.3, "svi": 0.99, "top_decile_gap": 0.0, "stratum": "micropolitan", "scored": 1}, "geometry": {"type": "Polygon", "coordinates": [[[-90.6972, 33.7621], [-90.6982, 33.7543], [-90.6947, 33.7492], [-90.6861, 33.7444], [-90.6769, 33.733], [-90.7101, 33.733], [-90.7103, 33.7376], [-90.7158, 33.7376], [-90.7158, 33.742], [-90.7231, 33.7431], [-90.7247, 33.7514], [-90.7332, 33.7622], [-90.6972, 33.7621]]]}}, {"type": "Feature", "properties": {"fips": "28021950300", "gap_national": 37.6, "gap_stratum": 31.2, "burden": 77.8, "capacity": 47.5, "svi": 0.82, "top_decile_gap": 0.0, "stratum": "rural", "scored": 1}, "geometry": {"type": "Polygon", "coordinates": [[[-91.2028, 31.908], [-91.1938, 31.9096], [-91.1806, 31.918], [-91.1846, 31.926], [-91.1676, 31.9319], [-91.1657, 31.9399], [-91.152, 31.9497], [-91.1498, 31.9569], [-91.1449, 31.9575], [-91.1381, 31.9544], [-91.1375, 31.962], [-91.1334, 31.9645], [-91.1278, 31.9604], [-91.124, 31.9711], [-91.1143, 31.9709], [-91.1117, 31.9677], [-91.0935, 31.9763], [-91.0905, 31.9745], [-91.0843, 31.9767], [-91.0794, 31.9743], [-91.0673, 31.9588], [-91.0488, 31.9634], [-91.0439, 31.9721], [-91.0555, 31.9792], [-91.0547, 31.9841], [-91.0372, 31.9849], [-91.0336, 31.987], [-91.0347, 31.9925], [-91.0327, 31.9941], [-91.0289, 31.9939], [-91.0291, 31.9887], [-91.023, 31.9868], [-91.0143, 31.9769], [-91.0058, 31.9869], [-90.9985, 31.9823], [-90.9964, 31.9731], [-90.9891, 31.9644], [-90.9907, 31.9593], [-90.9897, 31.9577], [-90.985, 31.9593], [-90.9883, 31.9454], [-90.9856, 31.9426], [-90.98, 31.9426], [-90.9795, 31.9444], [-90.9723, 31.9404], [-90.9686, 31.9466], [-90.9694, 31.9513], [-90.9727, 31.954], [-90.9719, 31.9562], [-90.9662, 31.9575], [-90.9584, 31.9524], [-90.9596, 31.9461], [-90.9551, 31.9428], [-90.9546, 31.9367], [-90.9408, 31.93], [-90.9347, 31.9312], [-90.9343, 31.927], [-90.9281, 31.9194], [-90.9244, 31.919], [-90.919, 31.9227], [-90.9148, 31.9192], [-90.9103, 31.9208], [-90.905, 31.9193], [-90.9035, 31.9158], [-90.8973, 31.9178], [-90.8923, 31.9149], [-90.8877, 31.9194], [-90.8761, 31.9151], [-90.8732, 31.9112], [-90.8683, 31.916], [-90.8627, 31.916], [-90.8572, 31.9089], [-90.8414, 31.9077], [-90.8381, 31.9054], [-90.8254, 31.9085], [-90.8173, 31.9155], [-90.8064, 31.9082], [-90.7951, 31.9125], [-90.7928, 31.9081], [-90.7908, 31.9085], [-90.7916, 31.9117], [-90.7899, 31.9123], [-90.7772, 31.9052], [-90.7715, 31.9044], [-90.7705, 31.9], [-90.765, 31.9002], [-90.7632, 31.8952], [-90.7602, 31.8982], [-90.7555, 31.8915], [-90.7502, 31.8935], [-90.7479, 31.8919], [-90.7366, 31.8992], [-90.7293, 31.8978], [-90.7197, 31.905], [-90.7164, 31.9042], [-90.7168, 31.8446], [-90.733, 31.83], [-90.7356, 31.8155], [-90.7363, 31.7861], [-90.8527, 31.7854], [-90.8504, 31.7935], [-90.8483, 31.793], [-90.8403, 31.8043], [-90.8432, 31.8089], [-90.843, 31.8136], [-90.8405, 31.8142], [-90.8457, 31.8226], [-90.8421, 31.8232], [-90.842, 31.8265], [-91.0137, 31.8619], [-91.2481, 31.8698], [-91.2349, 31.8769], [-91.2028, 31.908]]]}}, {"type": "Feature", "properties": {"fips": "28033070412", "gap_national": 42.2, "gap_stratum": 42.4, "burden": 84.7, "capacity": 49.1, "svi": 0.78, "top_decile_gap": 0.0, "stratum": "metropolitan", "scored": 1}, "geometry": {"type": "Polygon", "coordinates": [[[-90.0082, 34.9866], [-90.0081, 34.9947], [-90.0025, 34.9947], [-89.9994, 34.9625], [-90.0165, 34.9627], [-90.0158, 34.9834], [-90.0179, 34.9864], [-90.0082, 34.9866]]]}}, {"type": "Feature", "properties": {"fips": "28033070610", "gap_national": 19.4, "gap_stratum": 24.9, "burden": 57.4, "capacity": 43.7, "svi": 0.36, "top_decile_gap": 0.0, "stratum": "metropolitan", "scored": 1}, "geometry": {"type": "Polygon", "coordinates": [[[-89.9804, 34.9627], [-89.9811, 34.9335], [-89.9946, 34.9336], [-89.9994, 34.9625], [-89.9804, 34.9627]]]}}, {"type": "Feature", "properties": {"fips": "28135950400", "gap_national": 36.1, "gap_stratum": 49.2, "burden": 98.9, "capacity": 60.2, "svi": 0.81, "top_decile_gap": 0.0, "stratum": "rural", "scored": 1}, "geometry": {"type": "Polygon", "coordinates": [[[-90.4503, 33.96], [-90.4362, 33.9507], [-90.4298, 33.9493], [-90.4242, 33.9503], [-90.4112, 33.9592], [-90.403, 33.9557], [-90.3986, 33.96], [-90.3856, 33.9627], [-90.3818, 33.9612], [-90.3823, 33.9586], [-90.3785, 33.9559], [-90.3694, 33.9541], [-90.3586, 33.9483], [-90.354, 33.9374], [-90.3399, 33.9366], [-90.3305, 33.9135], [-90.3281, 33.915], [-90.3204, 33.9127], [-90.317, 33.9053], [-90.3074, 33.8988], [-90.3016, 33.8977], [-90.2947, 33.9001], [-90.2851, 33.9129], [-90.2832, 33.9085], [-90.2849, 33.8807], [-90.2785, 33.882], [-90.2766, 33.8918], [-90.2781, 33.9007], [-90.2727, 33.9055], [-90.275, 33.9092], [-90.2634, 33.9075], [-90.251, 33.9207], [-90.2452, 33.9237], [-90.2416, 33.9197], [-90.2348, 33.9241], [-90.2329, 33.92], [-90.2297, 33.9193], [-90.2188, 33.9254], [-90.1898, 33.9336], [-90.192, 33.9223], [-90.1892, 33.9113], [-90.1806, 33.912], [-90.1724, 33.906], [-90.1688, 33.9002], [-90.1705, 33.8975], [-90.1637, 33.8898], [-90.15, 33.8824], [-90.1225, 33.8858], [-90.1134, 33.8828], [-90.063, 33.8829], [-90.072, 33.8963], [-90.0698, 33.9178], [-90.0617, 33.9173], [-90.0554, 33.9202], [-90.0421, 33.9181], [-90.0347, 33.9149], [-90.0309, 33.9099], [-90.025, 33.9096], [-90.0115, 33.915], [-90.0041, 33.9154], [-89.9992, 33.9062], [-89.993, 33.9039], [-89.9924, 33.8945], [-89.99, 33.8978], [-89.9841, 33.899], [-89.9751, 33.898], [-89.972, 33.9056], [-89.9605, 33.9068], [-89.957, 33.9114], [-89.9527, 33.9119], [-89.9408, 33.8994], [-89.9288, 33.8922], [-89.9261, 33.8927], [-89.9263, 33.8239], [-89.9783, 33.824], [-89.9793, 33.8097], [-90.1365, 33.8093], [-90.1368, 33.7216], [-90.2204, 33.7221], [-90.2291, 33.7322], [-90.2422, 33.737], [-90.2517, 33.7317], [-90.2562, 33.7144], [-90.262, 33.7033], [-90.2691, 33.6972], [-90.2785, 33.6944], [-90.3, 33.698], [-90.3109, 33.7149], [-90.3139, 33.7257], [-90.3056, 33.7427], [-90.2964, 33.7506], [-90.2501, 33.7631], [-90.2431, 33.7636], [-90.2391, 33.7612], [-90.2356, 33.7659], [-90.2252, 33.7593], [-90.2042, 33.7594], [-90.1856, 33.7655], [-90.1752, 33.7776], [-90.1712, 33.7873], [-90.1723, 33.7913], [-90.1817, 33.7994], [-90.1797, 33.8053], [-90.1825, 33.809], [-90.4516, 33.8114], [-90.4503, 33.96]]]}}, {"type": "Feature", "properties": {"fips": "28043950300", "gap_national": 41.1, "gap_stratum": 43.2, "burden": 98.8, "capacity": 57.0, "svi": 0.88, "top_decile_gap": 0.0, "stratum": "micropolitan", "scored": 1}, "geometry": {"type": "Polygon", "coordinates": [[[-89.8394, 33.799], [-89.8318, 33.7967], [-89.8254, 33.8015], [-89.817, 33.7954], [-89.8122, 33.8003], [-89.809, 33.7691], [-89.8168, 33.7691], [-89.8231, 33.7748], [-89.8414, 33.763], [-89.8394, 33.799]]]}}, {"type": "Feature", "properties": {"fips": "28163950400", "gap_national": -1.3, "gap_stratum": -12.7, "burden": 83.8, "capacity": 80.2, "svi": 0.19, "top_decile_gap": 0.0, "stratum": "micropolitan", "scored": 1}, "geometry": {"type": "Polygon", "coordinates": [[[-90.6567, 32.9225], [-90.4639, 32.9233], [-90.4609, 32.919], [-90.4472, 32.9152], [-90.4429, 32.9019], [-90.4532, 32.8981], [-90.4593, 32.8847], [-90.4501, 32.8691], [-90.452, 32.8654], [-90.4364, 32.8577], [-90.4435, 32.8541], [-90.4426, 32.8327], [-90.4536, 32.824], [-90.45, 32.823], [-90.4527, 32.8206], [-90.4495, 32.8165], [-90.4796, 32.7669], [-90.4883, 32.7459], [-90.5056, 32.7233], [-90.5014, 32.7229], [-90.5029, 32.7205], [-90.5004, 32.7181], [-90.5012, 32.7135], [-90.4894, 32.7145], [-90.4869, 32.7107], [-90.4772, 32.71], [-90.4714, 32.7062], [-90.4641, 32.7054], [-90.4532, 32.7089], [-90.4364, 32.6904], [-90.4413, 32.6854], [-90.439, 32.6781], [-90.4454, 32.6683], [-90.445, 32.6578], [-90.4478, 32.6517], [-90.4523, 32.6508], [-90.448, 32.6401], [-90.4555, 32.6326], [-90.4482, 32.623], [-90.44, 32.6195], [-90.4314, 32.6115], [-90.433, 32.6065], [-90.4293, 32.6038], [-90.4306, 32.6015], [-90.4274, 32.597], [-90.4314, 32.588], [-90.4441, 32.5848], [-90.4461, 32.5833], [-90.444, 32.5812], [-90.4514, 32.5786], [-90.45, 32.5738], [-90.455, 32.566], [-90.4512, 32.5637], [-90.4537, 32.5623], [-90.454, 32.5583], [-90.4578, 32.5569], [-90.4577, 32.5598], [-90.4625, 32.559], [-90.4651, 32.5477], [-90.4725, 32.548], [-90.4715, 32.5433], [-90.4841, 32.543], [-90.4924, 32.5339], [-90.4923, 32.5306], [-90.4987, 32.5274], [-90.4972, 32.5255], [-90.499, 32.5239], [-90.5016, 32.5254], [-90.5027, 32.523], [-90.5103, 32.5224], [-90.5153, 32.5253], [-90.5158, 32.5228], [-90.5235, 32.5193], [-90.5198, 32.5161], [-90.5253, 32.5166], [-90.5206, 32.5091], [-90.5222, 32.5031], [-90.5302, 32.5109], [-90.5365, 32.5071], [-90.5404, 32.5092], [-90.5399, 32.5058], [-90.5432, 32.5055], [-90.5436, 32.5081], [-90.5479, 32.5105], [-90.5538, 32.5076], [-90.5539, 32.5319], [-90.5879, 32.5318], [-90.588, 32.5461], [-90.6542, 32.546], [-90.6555, 32.5898], [-90.6902, 32.5894], [-90.6899, 32.6187], [-90.7201, 32.6189], [-90.7211, 32.6212], [-90.7194, 32.6244], [-90.6976, 32.6251], [-90.6923, 32.6327], [-90.6919, 32.6383], [-90.6947, 32.6411], [-90.7165, 32.6443], [-90.7246, 32.6573], [-90.7121, 32.6784], [-90.7122, 32.6874], [-90.708, 32.6903], [-90.6972, 32.6879], [-90.6949, 32.6711], [-90.6908, 32.6661], [-90.6842, 32.6637], [-90.6758, 32.6651], [-90.6677, 32.671], [-90.6642, 32.6795], [-90.6644, 32.6891], [-90.6714, 32.6965], [-90.6887, 32.7054], [-90.7177, 32.709], [-90.7339, 32.7187], [-90.7426, 32.7292], [-90.7352, 32.7438], [-90.7358, 32.7562], [-90.7296, 32.7572], [-90.7176, 32.748], [-90.7094, 32.7474], [-90.6995, 32.7501], [-90.6905, 32.7576], [-90.6898, 32.7659], [-90.6968, 32.773], [-90.7077, 32.7778], [-90.7158, 32.7934], [-90.711, 32.8055], [-90.6943, 32.8149], [-90.6972, 32.8172], [-90.7055, 32.8159], [-90.7087, 32.818], [-90.7154, 32.8143], [-90.7203, 32.815], [-90.7256, 32.8197], [-90.7284, 32.8186], [-90.7281, 32.8157], [-90.7327, 32.8104], [-90.7394, 32.809], [-90.7486, 32.8182], [-90.754, 32.818], [-90.7596, 32.814], [-90.7598, 32.8358], [-90.6567, 32.9225]]]}}, {"type": "Feature", "properties": {"fips": "28051950400", "gap_national": 20.1, "gap_stratum": 17.1, "burden": 95.7, "capacity": 69.9, "svi": 0.79, "top_decile_gap": 0.0, "stratum": "micropolitan", "scored": 1}, "geometry": {"type": "Polygon", "coordinates": [[[-90.4222, 33.099], [-90.4287, 33.109], [-90.4249, 33.1153], [-90.4196, 33.116], [-90.4143, 33.1014], [-90.4104, 33.1012], [-90.404, 33.1055], [-90.3971, 33.1047], [-90.3849, 33.0873], [-90.373, 33.0841], [-90.3693, 33.0855], [-90.3653, 33.0886], [-90.3655, 33.0955], [-90.3816, 33.106], [-90.3862, 33.1125], [-90.3831, 33.1214], [-90.3724, 33.1261], [-90.3677, 33.1247], [-90.3656, 33.1206], [-90.3662, 33.1037], [-90.3595, 33.0943], [-90.3541, 33.0942], [-90.347, 33.1012], [-90.3555, 33.1131], [-90.3536, 33.1228], [-90.3457, 33.1332], [-90.3306, 33.1354], [-90.3304, 33.1689], [-90.3218, 33.1617], [-90.3205, 33.1569], [-90.3063, 33.1551], [-90.2942, 33.1468], [-90.2861, 33.1348], [-90.2705, 33.1251], [-90.2683, 33.1157], [-90.2663, 33.1151], [-90.2593, 33.1163], [-90.2481, 33.1116], [-90.2205, 33.1327], [-90.2213, 33.1349], [-90.2172, 33.1344], [-90.2088, 33.1387], [-90.2042, 33.1346], [-90.1972, 33.1391], [-90.1943, 33.1356], [-90.1937, 33.1244], [-90.1912, 33.1195], [-90.1764, 33.1186], [-90.1764, 33.1139], [-90.1714, 33.1126], [-90.1704, 33.1164], [-90.1589, 33.1168], [-90.1565, 33.1148], [-90.1527, 33.1166], [-90.1447, 33.1153], [-90.1427, 33.1173], [-90.1348, 33.1131], [-90.1337, 33.119], [-90.13, 33.1208], [-90.1261, 33.1188], [-90.1274, 33.1167], [-90.124, 33.1173], [-90.1186, 33.1124], [-90.1068, 33.1173], [-90.1003, 33.1152], [-90.0959, 33.1168], [-90.0947, 33.1132], [-90.0908, 33.1175], [-90.0727, 33.1103], [-90.0741, 33.1072], [-90.0683, 33.1087], [-90.0656, 33.1053], [-90.0633, 33.1089], [-90.0534, 33.1054], [-90.0571, 33.0779], [-90.0624, 33.0735], [-90.0684, 33.0592], [-90.0648, 33.0521], [-90.0648, 33.0457], [-90.071, 33.0344], [-90.0713, 33.0155], [-90.097, 32.9568], [-90.0973, 32.9434], [-90.1106, 32.9303], [-90.3383, 33.0101], [-90.337, 33.0141], [-90.3434, 33.0219], [-90.3495, 33.0206], [-90.3539, 33.0121], [-90.364, 33.0106], [-90.3731, 33.0133], [-90.3829, 33.0234], [-90.3795, 33.0387], [-90.3838, 33.0476], [-90.3881, 33.0499], [-90.4039, 33.0477], [-90.4154, 33.049], [-90.4283, 33.0573], [-90.4317, 33.0969], [-90.4222, 33.099]]]}}, {"type": "Feature", "properties": {"fips": "28051950200", "gap_national": 36.2, "gap_stratum": 36.7, "burden": 97.4, "capacity": 59.6, "svi": 0.86, "top_decile_gap": 0.0, "stratum": "micropolitan", "scored": 1}, "geometry": {"type": "Polygon", "coordinates": [[[-90.1881, 33.1393], [-90.188, 33.1444], [-90.1834, 33.1473], [-90.1826, 33.1511], [-90.1788, 33.1514], [-90.1778, 33.1546], [-90.1745, 33.1543], [-90.1733, 33.1568], [-90.1669, 33.1579], [-90.1701, 33.1688], [-90.1647, 33.1701], [-90.1629, 33.1734], [-90.1685, 33.1764], [-90.1644, 33.1774], [-90.1682, 33.1782], [-90.166, 33.1838], [-90.1677, 33.1908], [-90.1555, 33.184], [-90.1509, 33.1839], [-90.1466, 33.1872], [-90.1446, 33.1976], [-90.1481, 33.2126], [-90.1464, 33.2168], [-90.1364, 33.2248], [-90.1401, 33.228], [-90.1394, 33.2319], [-90.1435, 33.2379], [-90.1413, 33.2484], [-90.1353, 33.2585], [-90.1477, 33.2878], [-90.1511, 33.3041], [-90.1476, 33.3171], [-90.1484, 33.3247], [-89.9319, 33.2649], [-89.9311, 33.2578], [-89.9243, 33.2524], [-89.937, 33.2347], [-89.9361, 33.2328], [-89.9307, 33.2326], [-89.9313, 33.2259], [-89.9365, 33.2199], [-89.9356, 33.2153], [-89.9217, 33.2067], [-89.9198, 33.2011], [-89.9141, 33.1964], [-89.9205, 33.1852], [-89.9211, 33.173], [-89.9256, 33.169], [-89.9247, 33.1657], [-89.9201, 33.1634], [-89.9411, 33.1558], [-89.9398, 33.1421], [-89.9448, 33.1419], [-89.9472, 33.1366], [-89.947, 33.13], [-89.9411, 33.1315], [-89.9401, 33.1259], [-89.9424, 33.1137], [-89.9408, 33.1111], [-89.9437, 33.1061], [-89.9412, 33.1029], [-89.9463, 33.0989], [-89.9548, 33.097], [-89.9546, 33.0947], [-89.9625, 33.0902], [-89.9709, 33.0909], [-89.9736, 33.0964], [-89.9806, 33.0982], [-89.9971, 33.0985], [-89.9975, 33.1003], [-90.0111, 33.1033], [-90.0141, 33.1019], [-90.0201, 33.1045], [-90.0308, 33.1043], [-90.0306, 33.1063], [-90.036, 33.1047], [-90.038, 33.1083], [-90.0431, 33.1101], [-90.048, 33.1096], [-90.0526, 33.1052], [-90.0633, 33.1089], [-90.0656, 33.1053], [-90.0683, 33.1087], [-90.0741, 33.1072], [-90.0727, 33.1103], [-90.0908, 33.1175], [-90.0947, 33.1132], [-90.0959, 33.1168], [-90.1003, 33.1152], [-90.1068, 33.1173], [-90.1186, 33.1124], [-90.124, 33.1173], [-90.1274, 33.1167], [-90.1261, 33.1188], [-90.13, 33.1208], [-90.1337, 33.119], [-90.1348, 33.1131], [-90.1427, 33.1173], [-90.1447, 33.1153], [-90.1527, 33.1166], [-90.1565, 33.1148], [-90.1589, 33.1168], [-90.1704, 33.1164], [-90.1714, 33.1126], [-90.1764, 33.1139], [-90.1764, 33.1186], [-90.1912, 33.1195], [-90.1958, 33.1375], [-90.1881, 33.1393]]]}}, {"type": "Feature", "properties": {"fips": "28055950100", "gap_national": 75.1, "gap_stratum": 80.4, "burden": 91.3, "capacity": 26.8, "svi": 0.9, "top_decile_gap": 1.0, "stratum": "rural", "scored": 1}, "geometry": {"type": "Polygon", "coordinates": [[[-91.2107, 32.9398], [-91.1994, 32.9523], [-91.2018, 32.9612], [-91.169, 32.9921], [-91.1663, 33.0114], [-90.9654, 33.0105], [-90.9654, 33.0079], [-90.9143, 33.0077], [-90.914, 32.9442], [-90.9174, 32.9438], [-90.9169, 32.9406], [-90.9198, 32.9378], [-90.921, 32.9273], [-90.9254, 32.9176], [-90.925, 32.9112], [-90.9316, 32.904], [-90.9315, 32.9004], [-90.9403, 32.8853], [-90.936, 32.8763], [-90.942, 32.8697], [-90.9402, 32.8621], [-90.9445, 32.8573], [-90.9497, 32.856], [-90.9501, 32.8537], [-90.956, 32.8529], [-90.9586, 32.8484], [-90.9548, 32.8459], [-90.9633, 32.8382], [-90.9649, 32.6628], [-90.7232, 32.6621], [-90.7246, 32.6573], [-90.7165, 32.6443], [-90.6947, 32.6411], [-90.6914, 32.6363], [-90.7003, 32.6237], [-90.7063, 32.6262], [-90.7207, 32.624], [-90.7164, 32.6116], [-90.7232, 32.5913], [-90.7317, 32.5873], [-90.7308, 32.5825], [-90.7259, 32.5777], [-90.727, 32.5678], [-90.7298, 32.5657], [-90.7395, 32.5718], [-90.7537, 32.5714], [-90.7628, 32.5774], [-90.7681, 32.5748], [-90.8606, 32.5752], [-90.8614, 32.4428], [-90.8709, 32.4516], [-90.8751, 32.4443], [-90.8815, 32.4408], [-90.8947, 32.4486], [-90.9188, 32.4441], [-90.9265, 32.4506], [-90.9398, 32.4521], [-90.9473, 32.4483], [-90.9532, 32.4411], [-90.9634, 32.4112], [-90.964, 32.5756], [-91.0435, 32.5763], [-91.031, 32.5833], [-91.0137, 32.5984], [-91.0046, 32.6098], [-91.0035, 32.6248], [-91.0143, 32.6405], [-91.0258, 32.6466], [-91.0384, 32.6364], [-91.0498, 32.6072], [-91.1128, 32.5902], [-91.1199, 32.5848], [-91.1279, 32.5865], [-91.1411, 32.5972], [-91.1513, 32.6159], [-91.1537, 32.6352], [-91.1498, 32.644], [-91.1376, 32.6506], [-91.1277, 32.6653], [-91.1183, 32.6741], [-91.0988, 32.6853], [-91.0761, 32.6938], [-91.0639, 32.7029], [-91.0547, 32.7192], [-91.057, 32.7256], [-91.0772, 32.7325], [-91.1232, 32.7428], [-91.1545, 32.7423], [-91.1634, 32.747], [-91.1653, 32.7513], [-91.165, 32.762], [-91.1569, 32.7803], [-91.1644, 32.7858], [-91.1614, 32.8], [-91.1617, 32.8125], [-91.1583, 32.8223], [-91.1522, 32.8267], [-91.145, 32.8429], [-91.1279, 32.8551], [-91.1056, 32.8584], [-91.0706, 32.8887], [-91.0644, 32.9011], [-91.0648, 32.9265], [-91.0721, 32.9378], [-91.0819, 32.9448], [-91.0831, 32.9479], [-91.0789, 32.9518], [-91.0804, 32.9628], [-91.0868, 32.9763], [-91.0969, 32.9864], [-91.1066, 32.9889], [-91.1251, 32.9847], [-91.1355, 32.9797], [-91.1386, 32.9714], [-91.1307, 32.9623], [-91.1366, 32.9573], [-91.1379, 32.9528], [-91.1313, 32.9269], [-91.134, 32.9177], [-91.1451, 32.9055], [-91.1517, 32.9019], [-91.1702, 32.8994], [-91.1968, 32.9068], [-91.2116, 32.9196], [-91.214, 32.9303], [-91.2107, 32.9398]]]}}, {"type": "Feature", "properties": {"fips": "28049000100", "gap_national": -47.2, "gap_stratum": -39.1, "burden": 44.1, "capacity": 81.5, "svi": 0.3, "top_decile_gap": 0.0, "stratum": "metropolitan", "scored": 1}, "geometry": {"type": "Polygon", "coordinates": [[[-90.1461, 32.3854], [-90.1231, 32.3843], [-90.1191, 32.3817], [-90.1212, 32.3789], [-90.1138, 32.3753], [-90.1101, 32.3706], [-90.1316, 32.3705], [-90.1373, 32.367], [-90.1497, 32.3667], [-90.1461, 32.3854]]]}}, {"type": "Feature", "properties": {"fips": "28049010201", "gap_national": 39.9, "gap_stratum": 38.8, "burden": 91.7, "capacity": 54.7, "svi": 0.98, "top_decile_gap": 0.0, "stratum": "metropolitan", "scored": 1}, "geometry": {"type": "Polygon", "coordinates": [[[-90.1638, 32.3856], [-90.1668, 32.3917], [-90.1662, 32.4002], [-90.145, 32.3998], [-90.147, 32.3804], [-90.1611, 32.3803], [-90.1684, 32.3685], [-90.1798, 32.3725], [-90.1796, 32.3853], [-90.1638, 32.3856]]]}}, {"type": "Feature", "properties": {"fips": "28049010600", "gap_national": 2.8, "gap_stratum": 5.3, "burden": 87.6, "capacity": 79.4, "svi": 0.61, "top_decile_gap": 0.0, "stratum": "metropolitan", "scored": 1}, "geometry": {"type": "Polygon", "coordinates": [[[-90.7131, 32.2645], [-90.7135, 32.2668], [-90.7182, 32.2664], [-90.7207, 32.2691], [-90.717, 32.2709], [-90.7195, 32.2773], [-90.7146, 32.276], [-90.7129, 32.2797], [-90.7074, 32.2824], [-90.7071, 32.2862], [-90.7001, 32.2876], [-90.7037, 32.2878], [-90.7067, 32.2923], [-90.7034, 32.2909], [-90.7029, 32.2945], [-90.6959, 32.2977], [-90.6985, 32.3021], [-90.6959, 32.3054], [-90.7003, 32.3073], [-90.6991, 32.3118], [-90.7035, 32.3109], [-90.7078, 32.3167], [-90.7077, 32.3186], [-90.7031, 32.3168], [-90.7054, 32.3247], [-90.6993, 32.3311], [-90.6992, 32.3378], [-90.7033, 32.3349], [-90.7074, 32.339], [-90.7047, 32.3473], [-90.6974, 32.3478], [-90.6929, 32.3543], [-90.689, 32.3514], [-90.6811, 32.3527], [-90.6417, 32.3434], [-90.6325, 32.339], [-90.628, 32.3395], [-90.6362, 32.3745], [-90.6274, 32.378], [-90.6227, 32.3834], [-90.6258, 32.3882], [-90.6177, 32.3934], [-90.6214, 32.3949], [-90.6157, 32.398], [-90.617, 32.4017], [-90.6145, 32.4033], [-90.6154, 32.4097], [-90.6121, 32.41], [-90.6132, 32.4134], [-90.6061, 32.4161], [-90.6, 32.4246], [-90.5994, 32.4363], [-90.5954, 32.4412], [-90.5922, 32.4397], [-90.5858, 32.4451], [-90.5978, 32.4503], [-90.5978, 32.4573], [-90.6016, 32.4593], [-90.5997, 32.4704], [-90.6041, 32.4813], [-90.6008, 32.4842], [-90.5978, 32.4829], [-90.5911, 32.4874], [-90.5873, 32.4869], [-90.5866, 32.4889], [-90.5899, 32.4886], [-90.5891, 32.4953], [-90.5873, 32.4969], [-90.582, 32.4942], [-90.5787, 32.5037], [-90.5734, 32.4991], [-90.5701, 32.4996], [-90.5707, 32.5063], [-90.5655, 32.506], [-90.5656, 32.5029], [-90.5555, 32.505], [-90.5479, 32.5105], [-90.5436, 32.5081], [-90.5432, 32.5055], [-90.5399, 32.5058], [-90.5404, 32.5092], [-90.5365, 32.5071], [-90.5302, 32.5109], [-90.5222, 32.5031], [-90.5206, 32.5091], [-90.5253, 32.5166], [-90.5198, 32.5161], [-90.5235, 32.5193], [-90.5158, 32.5228], [-90.5153, 32.5253], [-90.5103, 32.5224], [-90.5027, 32.523], [-90.5025, 32.5251], [-90.499, 32.5239], [-90.4972, 32.5255], [-90.4987, 32.5274], [-90.4907, 32.5307], [-90.4843, 32.5272], [-90.4877, 32.5259], [-90.4877, 32.5236], [-90.48, 32.5073], [-90.489, 32.4984], [-90.4892, 32.4947], [-90.4862, 32.4894], [-90.4879, 32.4821], [-90.4797, 32.4718], [-90.4844, 32.4675], [-90.4838, 32.436], [-90.4815, 32.4305], [-90.4846, 32.4288], [-90.4845, 32.4047], [-90.4808, 32.3847], [-90.4651, 32.3645], [-90.4804, 32.3594], [-90.4837, 32.355], [-90.4743, 32.3537], [-90.4704, 32.3481], [-90.459, 32.3434], [-90.4622, 32.2984], [-90.4587, 32.2915], [-90.4482, 32.2829], [-90.4666, 32.2807], [-90.4791, 32.2762], [-90.4912, 32.266], [-90.5334, 32.2461], [-90.5464, 32.2327], [-90.5615, 32.2217], [-90.5869, 32.2147], [-90.5983, 32.2195], [-90.6029, 32.225], [-90.62, 32.2264], [-90.6356, 32.2342], [-90.651, 32.2379], [-90.6593, 32.2446], [-90.6649, 32.2453], [-90.6717, 32.252], [-90.6644, 32.2611], [-90.6817, 32.2664], [-90.6851, 32.2703], [-90.6881, 32.2697], [-90.6937, 32.2737], [-90.7, 32.2687], [-90.7027, 32.2704], [-90.7019, 32.2672], [-90.7046, 32.2683], [-90.7061, 32.2657], [-90.7018, 32.2637], [-90.708, 32.2629], [-90.7057, 32.2597], [-90.714, 32.2542], [-90.7154, 32.256], [-90.7195, 32.2528], [-90.718, 32.2576], [-90.7225, 32.2566], [-90.7232, 32.259], [-90.7282, 32.2592], [-90.7131, 32.2645]]]}}, {"type": "Feature", "properties": {"fips": "28049003400", "gap_national": 51.2, "gap_stratum": 49.8, "burden": 90.8, "capacity": 46.5, "svi": 0.88, "top_decile_gap": 0.0, "stratum": "metropolitan", "scored": 1}, "geometry": {"type": "Polygon", "coordinates": [[[-90.2321, 32.2935], [-90.2198, 32.2882], [-90.2062, 32.286], [-90.2144, 32.2773], [-90.2184, 32.2684], [-90.2273, 32.2685], [-90.2271, 32.2787], [-90.2322, 32.2788], [-90.2321, 32.2935]]]}}, {"type": "Feature", "properties": {"fips": "28049010805", "gap_national": -50.6, "gap_stratum": -43.0, "burden": 39.3, "capacity": 79.0, "svi": 0.27, "top_decile_gap": 0.0, "stratum": "metropolitan", "scored": 1}, "geometry": {"type": "Polygon", "coordinates": [[[-90.3427, 32.3256], [-90.338, 32.3342], [-90.3257, 32.3265], [-90.3261, 32.3115], [-90.3403, 32.3117], [-90.3556, 32.3212], [-90.3427, 32.3256]]]}}, {"type": "Feature", "properties": {"fips": "28049003600", "gap_national": 55.4, "gap_stratum": 54.6, "burden": 88.3, "capacity": 41.7, "svi": 0.57, "top_decile_gap": 1.0, "stratum": "metropolitan", "scored": 1}, "geometry": {"type": "Polygon", "coordinates": [[[-90.2349, 32.2685], [-90.2363, 32.2575], [-90.2469, 32.2576], [-90.2473, 32.2539], [-90.2534, 32.2592], [-90.2591, 32.2691], [-90.2349, 32.2685]]]}}, {"type": "Feature", "properties": {"fips": "28049003800", "gap_national": 62.7, "gap_stratum": 60.5, "burden": 95.7, "capacity": 40.3, "svi": 0.85, "top_decile_gap": 1.0, "stratum": "metropolitan", "scored": 1}, "geometry": {"type": "Polygon", "coordinates": [[[-90.2218, 32.2583], [-90.2109, 32.2559], [-90.2188, 32.2351], [-90.228, 32.2335], [-90.2332, 32.2375], [-90.2218, 32.2583]]]}}, {"type": "Feature", "properties": {"fips": "28075000200", "gap_national": 24.1, "gap_stratum": 22.9, "burden": 98.4, "capacity": 68.2, "svi": 0.86, "top_decile_gap": 0.0, "stratum": "micropolitan", "scored": 1}, "geometry": {"type": "Polygon", "coordinates": [[[-88.7175, 32.375], [-88.7181, 32.378], [-88.7014, 32.3781], [-88.7013, 32.3708], [-88.7047, 32.3708], [-88.7047, 32.365], [-88.7207, 32.3646], [-88.7214, 32.3679], [-88.7175, 32.375]]]}}, {"type": "Feature", "properties": {"fips": "28095950502", "gap_national": 25.8, "gap_stratum": 29.2, "burden": 91.2, "capacity": 63.8, "svi": 0.41, "top_decile_gap": 0.0, "stratum": "rural", "scored": 1}, "geometry": {"type": "Polygon", "coordinates": [[[-88.5449, 33.9066], [-88.5416, 33.9058], [-88.538, 33.9139], [-88.528, 33.9145], [-88.528, 33.9187], [-88.5322, 33.9225], [-88.5335, 33.9281], [-88.5322, 33.9362], [-88.5229, 33.9392], [-88.5132, 33.9313], [-88.5095, 33.9319], [-88.5059, 33.9364], [-88.507, 33.9391], [-88.5037, 33.9397], [-88.5008, 33.9441], [-88.4939, 33.9428], [-88.4921, 33.945], [-88.4966, 33.9565], [-88.4695, 33.9586], [-88.4601, 33.9477], [-88.4388, 33.9344], [-88.4175, 33.9336], [-88.4177, 33.9354], [-88.4046, 33.9412], [-88.3739, 33.9217], [-88.3549, 33.9146], [-88.3494, 33.9212], [-88.3388, 33.9233], [-88.3243, 33.9212], [-88.3123, 33.9261], [-88.3105, 33.9357], [-88.3035, 33.9392], [-88.304, 33.9448], [-88.2813, 33.9552], [-88.2535, 33.9496], [-88.2342, 33.9516], [-88.2298, 33.9464], [-88.2221, 33.9447], [-88.2416, 33.8029], [-88.2603, 33.7945], [-88.274, 33.8002], [-88.2783, 33.8059], [-88.2958, 33.8078], [-88.2985, 33.7919], [-88.3167, 33.7901], [-88.3177, 33.8094], [-88.328, 33.8118], [-88.355, 33.8335], [-88.365, 33.82], [-88.371, 33.8158], [-88.3796, 33.8144], [-88.3879, 33.8172], [-88.3868, 33.8289], [-88.4008, 33.8299], [-88.4019, 33.8358], [-88.4089, 33.8386], [-88.408, 33.842], [-88.4109, 33.8419], [-88.4104, 33.8452], [-88.414, 33.8476], [-88.4457, 33.8397], [-88.4575, 33.8461], [-88.4625, 33.8032], [-88.4842, 33.8098], [-88.4985, 33.8173], [-88.5067, 33.8194], [-88.5162, 33.8183], [-88.5172, 33.8231], [-88.5377, 33.8272], [-88.5308, 33.8293], [-88.5342, 33.8315], [-88.5352, 33.8366], [-88.5258, 33.8415], [-88.5224, 33.8396], [-88.5207, 33.8505], [-88.5316, 33.8539], [-88.5243, 33.8612], [-88.5256, 33.867], [-88.5279, 33.8707], [-88.531, 33.8702], [-88.5365, 33.8738], [-88.5391, 33.8824], [-88.5477, 33.8909], [-88.5496, 33.8987], [-88.5449, 33.9066]]]}}, {"type": "Feature", "properties": {"fips": "28059041700", "gap_national": 19.9, "gap_stratum": 20.1, "burden": 97.1, "capacity": 70.7, "svi": 0.76, "top_decile_gap": 0.0, "stratum": "metropolitan", "scored": 1}, "geometry": {"type": "Polygon", "coordinates": [[[-88.5191, 30.4024], [-88.4966, 30.4024], [-88.4972, 30.3964], [-88.5072, 30.39], [-88.5191, 30.3908], [-88.5191, 30.4024]]]}}, {"type": "Feature", "properties": {"fips": "28059042900", "gap_national": 39.0, "gap_stratum": 38.7, "burden": 87.5, "capacity": 53.0, "svi": 0.77, "top_decile_gap": 0.0, "stratum": "metropolitan", "scored": 1}, "geometry": {"type": "MultiPolygon", "coordinates": [[[[-88.4916, 30.2096], [-88.4534, 30.2012], [-88.4427, 30.2023], [-88.4303, 30.2085], [-88.4164, 30.2086], [-88.4131, 30.2063], [-88.4144, 30.2036], [-88.4537, 30.1966], [-88.4935, 30.2059], [-88.5028, 30.2105], [-88.5066, 30.2141], [-88.505, 30.2157], [-88.4916, 30.2096]]], [[[-88.5753, 30.3378], [-88.571, 30.341], [-88.5682, 30.3322], [-88.5725, 30.329], [-88.5795, 30.3299], [-88.5826, 30.3313], [-88.5843, 30.3372], [-88.5753, 30.3378]]], [[[-88.6119, 30.4577], [-88.6142, 30.4648], [-88.6108, 30.4643], [-88.6109, 30.4608], [-88.6077, 30.4596], [-88.6033, 30.4651], [-88.6038, 30.4721], [-88.6083, 30.4741], [-88.6057, 30.4788], [-88.61, 30.4813], [-88.6072, 30.4838], [-88.6054, 30.4955], [-88.6091, 30.4981], [-88.6142, 30.489], [-88.6163, 30.4907], [-88.6114, 30.4974], [-88.6144, 30.5039], [-88.6185, 30.5044], [-88.6169, 30.5168], [-88.6142, 30.5178], [-88.6126, 30.5154], [-88.6109, 30.5181], [-88.6074, 30.5182], [-88.6006, 30.5139], [-88.5938, 30.5183], [-88.5911, 30.5156], [-88.5924, 30.511], [-88.5859, 30.5092], [-88.5863, 30.5061], [-88.5898, 30.5046], [-88.5826, 30.4994], [-88.5772, 30.4986], [-88.5779, 30.4958], [-88.5698, 30.4977], [-88.5644, 30.4946], [-88.565, 30.4908], [-88.5618, 30.4858], [-88.5626, 30.4774], [-88.5573, 30.4714], [-88.5613, 30.4586], [-88.5598, 30.4538], [-88.5686, 30.4458], [-88.5593, 30.4429], [-88.5577, 30.4384], [-88.5605, 30.4223], [-88.5715, 30.4199], [-88.5748, 30.4132], [-88.5676, 30.4048], [-88.559, 30.4047], [-88.5553, 30.3911], [-88.5478, 30.3921], [-88.5485, 30.3892], [-88.5452, 30.3863], [-88.5536, 30.3814], [-88.5625, 30.3809], [-88.5627, 30.3718], [-88.5533, 30.3708], [-88.5483, 30.3732], [-88.5474, 30.3599], [-88.5393, 30.3599], [-88.5393, 30.3549], [-88.554, 30.3547], [-88.5635, 30.3449], [-88.5798, 30.3458], [-88.5814, 30.3565], [-88.5852, 30.359], [-88.585, 30.3687], [-88.5892, 30.368], [-88.5928, 30.3612], [-88.6071, 30.3547], [-88.6115, 30.356], [-88.6128, 30.3652], [-88.6057, 30.3917], [-88.6128, 30.4069], [-88.619, 30.4115], [-88.613, 30.4144], [-88.618, 30.4238], [-88.6123, 30.4284], [-88.612, 30.438], [-88.6276, 30.452], [-88.6119, 30.4577]]], [[[-88.7302, 30.2461], [-88.7153, 30.2523], [-88.6568, 30.234], [-88.5955, 30.2242], [-88.5973, 30.2216], [-88.6656, 30.2296], [-88.687, 30.234], [-88.7149, 30.2437], [-88.7355, 30.2393], [-88.7528, 30.2388], [-88.7644, 30.2414], [-88.7645, 30.2438], [-88.7302, 30.2461]]]]}}, {"type": "Feature", "properties": {"fips": "28109950300", "gap_national": 9.8, "gap_stratum": -10.0, "burden": 48.1, "capacity": 42.6, "svi": 0.73, "top_decile_gap": 0.0, "stratum": "rural", "scored": 1}, "geometry": {"type": "Polygon", "coordinates": [[[-89.549, 30.8417], [-89.5515, 30.8782], [-89.5493, 30.8789], [-89.5245, 30.8635], [-89.5079, 30.859], [-89.503, 30.8601], [-89.496, 30.8543], [-89.4974, 30.8298], [-89.5182, 30.8052], [-89.5204, 30.7935], [-89.5311, 30.7938], [-89.5313, 30.8273], [-89.5361, 30.8263], [-89.5384, 30.822], [-89.5515, 30.8191], [-89.55, 30.8257], [-89.5521, 30.8304], [-89.5553, 30.8334], [-89.5631, 30.8334], [-89.5631, 30.8362], [-89.549, 30.8417]]]}}, {"type": "Feature", "properties": {"fips": "28113950300", "gap_national": 42.5, "gap_stratum": 45.1, "burden": 99.0, "capacity": 56.1, "svi": 0.98, "top_decile_gap": 0.0, "stratum": "micropolitan", "scored": 1}, "geometry": {"type": "Polygon", "coordinates": [[[-90.4529, 31.2713], [-90.4383, 31.262], [-90.4391, 31.2459], [-90.4321, 31.2457], [-90.4314, 31.2323], [-90.4357, 31.2319], [-90.4382, 31.2223], [-90.4442, 31.2219], [-90.4447, 31.2183], [-90.4484, 31.2186], [-90.452, 31.2481], [-90.4631, 31.2662], [-90.4651, 31.2739], [-90.4529, 31.2713]]]}}, {"type": "Feature", "properties": {"fips": "28139950300", "gap_national": 19.3, "gap_stratum": 14.6, "burden": 87.3, "capacity": 65.9, "svi": 0.78, "top_decile_gap": 0.0, "stratum": "rural", "scored": 1}, "geometry": {"type": "Polygon", "coordinates": [[[-88.9715, 34.7426], [-88.9573, 34.7357], [-88.9545, 34.7444], [-88.9557, 34.7543], [-88.9491, 34.7537], [-88.9447, 34.7494], [-88.9424, 34.7538], [-88.9462, 34.7415], [-88.9301, 34.7434], [-88.9296, 34.7366], [-88.9251, 34.7318], [-88.9448, 34.7289], [-88.9482, 34.7236], [-88.9656, 34.7113], [-88.9617, 34.7249], [-88.9706, 34.7214], [-88.9715, 34.7426]]]}}, {"type": "Feature", "properties": {"fips": "28149950700", "gap_national": -1.6, "gap_stratum": -17.7, "burden": 78.8, "capacity": 75.7, "svi": 0.62, "top_decile_gap": 0.0, "stratum": "micropolitan", "scored": 1}, "geometry": {"type": "Polygon", "coordinates": [[[-90.9012, 32.3234], [-90.9007, 32.3304], [-90.8961, 32.3371], [-90.8863, 32.3378], [-90.8784, 32.3331], [-90.8755, 32.3274], [-90.8773, 32.319], [-90.8958, 32.31], [-90.9065, 32.314], [-90.9012, 32.3234]]]}}, {"type": "Feature", "properties": {"fips": "28151001500", "gap_national": 28.1, "gap_stratum": 21.8, "burden": 83.9, "capacity": 58.0, "svi": 0.65, "top_decile_gap": 0.0, "stratum": "micropolitan", "scored": 1}, "geometry": {"type": "Polygon", "coordinates": [[[-91.1926, 33.1371], [-91.1837, 33.1417], [-91.1631, 33.1422], [-91.1504, 33.1307], [-91.1433, 33.1298], [-91.1132, 33.1292], [-91.0877, 33.1354], [-91.0817, 33.1538], [-91.0808, 33.1822], [-91.1003, 33.2194], [-91.0829, 33.2216], [-91.0778, 33.2275], [-91.0707, 33.2273], [-91.0687, 33.2329], [-91.0656, 33.233], [-91.0504, 33.2512], [-91.0452, 33.2654], [-91.0436, 33.2746], [-91.0482, 33.2828], [-91.0587, 33.2869], [-91.0726, 33.2859], [-91.0837, 33.2786], [-91.0987, 33.2385], [-91.1061, 33.2418], [-91.1106, 33.2459], [-91.1172, 33.2606], [-91.1281, 33.2685], [-91.1255, 33.2803], [-91.1416, 33.2995], [-91.1437, 33.3284], [-91.1418, 33.3334], [-91.1074, 33.332], [-91.1118, 33.3263], [-91.0234, 33.3275], [-91.025, 33.3564], [-91.0087, 33.3569], [-91.006, 33.3597], [-91.0061, 33.3709], [-90.9719, 33.3718], [-90.9718, 33.3915], [-90.9672, 33.3936], [-90.9702, 33.3987], [-90.9607, 33.405], [-90.9642, 33.4054], [-90.967, 33.4113], [-90.9751, 33.413], [-90.9763, 33.4169], [-90.9816, 33.4183], [-90.9375, 33.4221], [-90.9371, 33.4059], [-90.9399, 33.4013], [-90.9197, 33.4012], [-90.9002, 33.3973], [-90.8897, 33.3997], [-90.8868, 33.3974], [-90.8861, 33.3897], [-90.9007, 33.3926], [-90.8958, 33.3791], [-90.9019, 33.3809], [-90.9042, 33.384], [-90.9077, 33.3821], [-90.9023, 33.3735], [-90.8943, 33.3694], [-90.9025, 33.3602], [-90.9092, 33.3565], [-90.904, 33.3547], [-90.8982, 33.3563], [-90.8975, 33.3528], [-90.8995, 33.3504], [-90.9123, 33.3498], [-90.8967, 33.3384], [-90.8912, 33.3375], [-90.8931, 33.3298], [-90.8857, 33.3203], [-90.8943, 33.3179], [-90.8957, 33.3142], [-90.8912, 33.3057], [-90.9046, 33.2986], [-90.9324, 33.2985], [-90.9295, 33.2925], [-90.9229, 33.2872], [-90.9278, 33.2758], [-90.9394, 33.2653], [-90.9448, 33.2562], [-90.941, 33.244], [-90.9331, 33.2325], [-90.9324, 33.2207], [-90.9361, 33.2158], [-90.9323, 33.21], [-90.9339, 33.2071], [-90.9317, 33.2056], [-90.9341, 33.2037], [-90.9245, 33.1931], [-90.9258, 33.1908], [-90.9231, 33.1822], [-90.9283, 33.1673], [-90.9218, 33.165], [-90.9276, 33.1636], [-90.9244, 33.1596], [-90.9255, 33.1564], [-90.938, 33.1366], [-90.9578, 33.1229], [-90.9531, 33.119], [-90.9476, 33.1007], [-90.9157, 33.101], [-90.8992, 33.0974], [-90.9145, 33.0974], [-90.9143, 33.0077], [-90.9654, 33.0079], [-90.9654, 33.0105], [-91.1663, 33.0114], [-91.1618, 33.0199], [-91.1575, 33.0227], [-91.1374, 33.0287], [-91.1283, 33.0343], [-91.1204, 33.0545], [-91.1212, 33.0592], [-91.1246, 33.0641], [-91.1502, 33.0821], [-91.1706, 33.0874], [-91.1808, 33.0984], [-91.2002, 33.1069], [-91.202, 33.1231], [-91.1926, 33.1371]]]}}, {"type": "Feature", "properties": {"fips": "28151001000", "gap_national": 32.9, "gap_stratum": 32.8, "burden": 98.6, "capacity": 62.3, "svi": 1.0, "top_decile_gap": 0.0, "stratum": "micropolitan", "scored": 1}, "geometry": {"type": "Polygon", "coordinates": [[[-91.06, 33.4026], [-91.0459, 33.41], [-91.0464, 33.3994], [-91.0567, 33.3976], [-91.0609, 33.4007], [-91.06, 33.4026]]]}}, {"type": "Feature", "properties": {"fips": "28151001300", "gap_national": 34.4, "gap_stratum": 34.4, "burden": 96.7, "capacity": 60.5, "svi": 0.95, "top_decile_gap": 0.0, "stratum": "micropolitan", "scored": 1}, "geometry": {"type": "Polygon", "coordinates": [[[-90.9816, 33.4183], [-90.9763, 33.4169], [-90.9751, 33.413], [-90.967, 33.4113], [-90.9642, 33.4054], [-90.9607, 33.405], [-90.9617, 33.4027], [-90.968, 33.401], [-91.0234, 33.3998], [-91.0236, 33.4146], [-90.9816, 33.4183]]]}}, {"type": "Feature", "properties": {"fips": "28017950300", "gap_national": 45.9, "gap_stratum": 59.3, "burden": 91.9, "capacity": 50.7, "svi": 0.89, "top_decile_gap": 0.0, "stratum": "rural", "scored": 1}, "geometry": {"type": "Polygon", "coordinates": [[[-89.0723, 33.8883], [-89.0683, 33.8888], [-89.0673, 33.9055], [-89.0526, 33.9113], [-89.046, 33.9179], [-89.0508, 33.9209], [-89.0498, 33.9416], [-89.0399, 33.9436], [-89.0406, 33.9526], [-89.0137, 33.932], [-89.0006, 33.9279], [-88.9928, 33.9288], [-88.9624, 33.9482], [-88.9536, 33.9493], [-88.9461, 33.9541], [-88.9323, 33.9532], [-88.9307, 33.9548], [-88.9264, 33.9441], [-88.9253, 33.9284], [-88.9479, 33.9004], [-88.9526, 33.8855], [-88.9643, 33.8872], [-88.9644, 33.8738], [-88.9678, 33.8776], [-88.9774, 33.856], [-88.9752, 33.8526], [-88.9856, 33.8669], [-88.9962, 33.8694], [-89.0156, 33.869], [-89.0223, 33.8734], [-89.0261, 33.8706], [-89.0359, 33.8706], [-89.0533, 33.8642], [-89.053, 33.8707], [-89.0589, 33.8813], [-89.0734, 33.8833], [-89.0723, 33.8883]]]}}, {"type": "Feature", "properties": {"fips": "28029950200", "gap_national": 2.2, "gap_stratum": 6.9, "burden": 78.4, "capacity": 72.2, "svi": 0.35, "top_decile_gap": 0.0, "stratum": "metropolitan", "scored": 1}, "geometry": {"type": "Polygon", "coordinates": [[[-90.3916, 31.9261], [-90.3681, 31.9694], [-90.3638, 31.9683], [-90.366, 31.9646], [-90.3643, 31.9528], [-90.3576, 31.9528], [-90.348, 31.9591], [-90.3482, 31.9731], [-90.3344, 31.9732], [-90.3359, 31.9768], [-90.3119, 31.9769], [-90.3082, 31.9837], [-90.3103, 31.9916], [-90.3619, 32.0147], [-90.3382, 32.0497], [-90.2303, 32.0497], [-90.23, 32.0467], [-90.2372, 32.0371], [-90.2427, 32.0374], [-90.2478, 32.0307], [-90.2436, 32.0226], [-90.2346, 32.025], [-90.2341, 32.0227], [-90.2382, 32.0228], [-90.2396, 32.0206], [-90.2343, 32.0172], [-90.2293, 32.0209], [-90.2209, 32.0189], [-90.2136, 32.025], [-90.2238, 32.0108], [-90.2327, 32.0083], [-90.2228, 31.9948], [-90.2224, 31.9885], [-90.217, 31.9898], [-90.213, 31.9864], [-90.2104, 31.9892], [-90.2061, 31.988], [-90.207, 31.9761], [-90.2018, 31.9714], [-90.2013, 31.9679], [-90.1973, 31.966], [-90.1981, 31.9579], [-90.1922, 31.9565], [-90.1875, 31.952], [-90.19, 31.9495], [-90.191, 31.9533], [-90.192, 31.9536], [-90.193, 31.9531], [-90.1919, 31.9441], [-90.1983, 31.9419], [-90.1914, 31.9394], [-90.187, 31.9416], [-90.183, 31.9374], [-90.1787, 31.9427], [-90.1716, 31.9349], [-90.1665, 31.9264], [-90.1698, 31.9176], [-90.1703, 31.9045], [-90.1592, 31.9005], [-90.1441, 31.8911], [-90.1369, 31.8708], [-90.1371, 31.8643], [-90.132, 31.8583], [-90.1389, 31.8481], [-90.1654, 31.8437], [-90.1659, 31.8471], [-90.1697, 31.8468], [-90.1676, 31.85], [-90.1707, 31.8518], [-90.1712, 31.8594], [-90.1751, 31.8634], [-90.1845, 31.863], [-90.1964, 31.8674], [-90.1997, 31.8649], [-90.2076, 31.8684], [-90.2092, 31.8636], [-90.2136, 31.8629], [-90.2161, 31.8656], [-90.2203, 31.8603], [-90.2344, 31.8635], [-90.2373, 31.8605], [-90.2466, 31.8698], [-90.252, 31.8718], [-90.2567, 31.8705], [-90.263, 31.8784], [-90.2694, 31.8758], [-90.2733, 31.8785], [-90.2737, 31.8861], [-90.2765, 31.8845], [-90.2807, 31.8886], [-90.2854, 31.8886], [-90.2863, 31.895], [-90.3069, 31.8917], [-90.3164, 31.8846], [-90.3228, 31.8843], [-90.3272, 31.8866], [-90.3501, 31.8848], [-90.3591, 31.8884], [-90.363, 31.8862], [-90.3775, 31.8862], [-90.3824, 31.8914], [-90.3908, 31.8892], [-90.3944, 31.8861], [-90.3946, 31.8823], [-90.3997, 31.8986], [-90.3916, 31.9261]]]}}, {"type": "Feature", "properties": {"fips": "28081950902", "gap_national": -2.8, "gap_stratum": -24.3, "burden": 70.8, "capacity": 69.7, "svi": 0.79, "top_decile_gap": 0.0, "stratum": "micropolitan", "scored": 1}, "geometry": {"type": "Polygon", "coordinates": [[[-88.7463, 34.247], [-88.7375, 34.247], [-88.7375, 34.2511], [-88.7286, 34.2511], [-88.7287, 34.2236], [-88.7248, 34.2241], [-88.7239, 34.229], [-88.7196, 34.2306], [-88.72, 34.2065], [-88.7374, 34.2064], [-88.7376, 34.221], [-88.7462, 34.221], [-88.7463, 34.247]]]}}, {"type": "Feature", "properties": {"fips": "28035000700", "gap_national": -8.5, "gap_stratum": -1.2, "burden": 63.4, "capacity": 67.5, "svi": 0.47, "top_decile_gap": 0.0, "stratum": "metropolitan", "scored": 1}, "geometry": {"type": "Polygon", "coordinates": [[[-89.3143, 31.3247], [-89.3143, 31.3174], [-89.3058, 31.311], [-89.3183, 31.2983], [-89.3312, 31.2991], [-89.3313, 31.3247], [-89.3143, 31.3247]]]}}, {"type": "Feature", "properties": {"fips": "28035000500", "gap_national": 48.6, "gap_stratum": 46.7, "burden": 93.6, "capacity": 49.7, "svi": 0.88, "top_decile_gap": 0.0, "stratum": "metropolitan", "scored": 1}, "geometry": {"type": "Polygon", "coordinates": [[[-89.2808, 31.3289], [-89.2794, 31.3309], [-89.2819, 31.332], [-89.2776, 31.3353], [-89.2672, 31.3266], [-89.2768, 31.3251], [-89.276, 31.3076], [-89.2787, 31.3076], [-89.2807, 31.3025], [-89.285, 31.303], [-89.2851, 31.3165], [-89.2833, 31.3161], [-89.2869, 31.3246], [-89.2808, 31.3289]]]}}, {"type": "Feature", "properties": {"fips": "28047000600", "gap_national": -17.3, "gap_stratum": -9.7, "burden": 67.2, "capacity": 78.2, "svi": 0.73, "top_decile_gap": 0.0, "stratum": "metropolitan", "scored": 1}, "geometry": {"type": "Polygon", "coordinates": [[[-88.895, 30.3989], [-88.8944, 30.3934], [-88.9343, 30.3931], [-88.9344, 30.3979], [-88.895, 30.3989]]]}}, {"type": "Feature", "properties": {"fips": "28047002900", "gap_national": -49.4, "gap_stratum": -41.2, "burden": 50.1, "capacity": 97.1, "svi": 0.33, "top_decile_gap": 0.0, "stratum": "metropolitan", "scored": 1}, "geometry": {"type": "Polygon", "coordinates": [[[-89.2721, 30.3108], [-89.1868, 30.3389], [-89.1868, 30.3312], [-89.24, 30.316], [-89.2453, 30.311], [-89.252, 30.3118], [-89.2857, 30.3031], [-89.2914, 30.3033], [-89.2944, 30.3076], [-89.2721, 30.3108]]]}}, {"type": "Feature", "properties": {"fips": "28163950300", "gap_national": 45.1, "gap_stratum": 48.3, "burden": 98.9, "capacity": 54.3, "svi": 0.99, "top_decile_gap": 0.0, "stratum": "micropolitan", "scored": 1}, "geometry": {"type": "Polygon", "coordinates": [[[-90.4081, 32.8924], [-90.388, 32.8868], [-90.405, 32.8559], [-90.4109, 32.8584], [-90.4112, 32.8618], [-90.4147, 32.8618], [-90.4171, 32.8543], [-90.4262, 32.8543], [-90.4262, 32.8526], [-90.4313, 32.855], [-90.4081, 32.8924]]]}}, {"type": "Feature", "properties": {"fips": "28121020801", "gap_national": -21.0, "gap_stratum": -13.3, "burden": 51.1, "capacity": 66.2, "svi": 0.37, "top_decile_gap": 0.0, "stratum": "metropolitan", "scored": 1}, "geometry": {"type": "Polygon", "coordinates": [[[-89.9899, 32.2899], [-89.9771, 32.2918], [-89.9404, 32.2891], [-89.9387, 32.2789], [-89.9643, 32.2728], [-89.9892, 32.2731], [-90.0033, 32.2802], [-89.9899, 32.2899]]]}}, {"type": "Feature", "properties": {"fips": "28083950800", "gap_national": 41.5, "gap_stratum": 43.6, "burden": 98.6, "capacity": 56.6, "svi": 0.91, "top_decile_gap": 0.0, "stratum": "micropolitan", "scored": 1}, "geometry": {"type": "Polygon", "coordinates": [[[-90.2071, 33.5041], [-90.2068, 33.5149], [-90.1744, 33.5179], [-90.1745, 33.5092], [-90.1778, 33.5085], [-90.196, 33.4882], [-90.2109, 33.4958], [-90.2234, 33.4978], [-90.2071, 33.5041]]]}}, {"type": "Feature", "properties": {"fips": "28063950200", "gap_national": 40.6, "gap_stratum": 52.4, "burden": 91.7, "capacity": 54.3, "svi": 0.89, "top_decile_gap": 0.0, "stratum": "rural", "scored": 1}, "geometry": {"type": "Polygon", "coordinates": [[[-91.0676, 31.7129], [-91.0748, 31.7194], [-91.0727, 31.7251], [-91.0627, 31.728], [-91.0599, 31.7319], [-91.0598, 31.7143], [-91.0464, 31.714], [-91.0572, 31.7098], [-91.0543, 31.708], [-91.0567, 31.6911], [-91.0753, 31.6916], [-91.0764, 31.7025], [-91.0805, 31.7062], [-91.0676, 31.7129]]]}}, {"type": "Feature", "properties": {"fips": "28089030108", "gap_national": 11.9, "gap_stratum": 17.3, "burden": 48.7, "capacity": 41.6, "svi": 0.81, "top_decile_gap": 0.0, "stratum": "metropolitan", "scored": 1}, "geometry": {"type": "Polygon", "coordinates": [[[-90.1063, 32.414], [-90.0858, 32.4111], [-90.0678, 32.3995], [-90.1087, 32.3995], [-90.1063, 32.414]]]}}, {"type": "Feature", "properties": {"fips": "28075980000", "gap_national": null, "gap_stratum": null, "burden": null, "capacity": null, "svi": null, "top_decile_gap": null, "stratum": null, "scored": 0}, "geometry": {"type": "Polygon", "coordinates": [[[-88.7585, 32.3146], [-88.76, 32.3172], [-88.7566, 32.335], [-88.7577, 32.3435], [-88.7498, 32.349], [-88.7424, 32.3508], [-88.7349, 32.3496], [-88.7583, 32.3091], [-88.7609, 32.3124], [-88.7585, 32.3146]]]}}, {"type": "Feature", "properties": {"fips": "28049002300", "gap_national": 28.7, "gap_stratum": 30.1, "burden": 82.7, "capacity": 56.9, "svi": 0.94, "top_decile_gap": 0.0, "stratum": "metropolitan", "scored": 1}, "geometry": {"type": "Polygon", "coordinates": [[[-90.2527, 32.3287], [-90.2464, 32.3275], [-90.2475, 32.3197], [-90.2395, 32.3197], [-90.2351, 32.312], [-90.2348, 32.3059], [-90.2529, 32.3052], [-90.2527, 32.3287]]]}}, {"type": "Feature", "properties": {"fips": "28033070411", "gap_national": 41.0, "gap_stratum": 40.3, "burden": 88.8, "capacity": 52.3, "svi": 0.63, "top_decile_gap": 0.0, "stratum": "metropolitan", "scored": 1}, "geometry": {"type": "Polygon", "coordinates": [[[-90.0081, 34.9947], [-90.0082, 34.9866], [-90.0179, 34.9864], [-90.025, 34.9948], [-90.0081, 34.9947]]]}}, {"type": "Feature", "properties": {"fips": "28089030109", "gap_national": -34.9, "gap_stratum": -26.8, "burden": 60.3, "capacity": 90.3, "svi": 0.35, "top_decile_gap": 0.0, "stratum": "metropolitan", "scored": 1}, "geometry": {"type": "Polygon", "coordinates": [[[-90.1422, 32.4579], [-90.13, 32.4578], [-90.1176, 32.4494], [-90.1064, 32.4505], [-90.1063, 32.4271], [-90.13, 32.4263], [-90.1438, 32.4282], [-90.1444, 32.4507], [-90.1422, 32.4579]]]}}, {"type": "Feature", "properties": {"fips": "28089030111", "gap_national": 23.8, "gap_stratum": 29.0, "burden": 61.9, "capacity": 44.3, "svi": 0.76, "top_decile_gap": 0.0, "stratum": "metropolitan", "scored": 1}, "geometry": {"type": "Polygon", "coordinates": [[[-90.1235, 32.4141], [-90.1235, 32.4078], [-90.1149, 32.409], [-90.1156, 32.3995], [-90.132, 32.3995], [-90.1321, 32.4141], [-90.1235, 32.4141]]]}}, {"type": "Feature", "properties": {"fips": "28107950602", "gap_national": 50.2, "gap_stratum": 59.6, "burden": 96.3, "capacity": 49.9, "svi": 0.81, "top_decile_gap": 0.0, "stratum": "small_town", "scored": 1}, "geometry": {"type": "Polygon", "coordinates": [[[-89.9827, 34.3306], [-89.9774, 34.329], [-89.9749, 34.332], [-89.9733, 34.3285], [-89.9656, 34.3314], [-89.9501, 34.3113], [-89.983, 34.3032], [-89.983, 34.3178], [-89.9808, 34.3183], [-89.9877, 34.3238], [-89.9827, 34.3306]]]}}, {"type": "Feature", "properties": {"fips": "28003950202", "gap_national": -45.7, "gap_stratum": -77.6, "burden": 48.4, "capacity": 85.4, "svi": 0.33, "top_decile_gap": 0.0, "stratum": "micropolitan", "scored": 1}, "geometry": {"type": "Polygon", "coordinates": [[[-88.4763, 34.9958], [-88.4792, 34.9606], [-88.4874, 34.9598], [-88.4911, 34.9571], [-88.4888, 34.9453], [-88.517, 34.9454], [-88.5259, 34.9555], [-88.5281, 34.9651], [-88.5268, 34.9864], [-88.5285, 34.9959], [-88.4763, 34.9958]]]}}, {"type": "Feature", "properties": {"fips": "28047003215", "gap_national": 21.1, "gap_stratum": 25.3, "burden": 69.8, "capacity": 52.8, "svi": 0.88, "top_decile_gap": 0.0, "stratum": "metropolitan", "scored": 1}, "geometry": {"type": "Polygon", "coordinates": [[[-89.0697, 30.4569], [-89.0696, 30.4715], [-89.0418, 30.4716], [-89.0359, 30.4606], [-89.0254, 30.4555], [-89.0309, 30.4497], [-89.0751, 30.4495], [-89.0697, 30.4569]]]}}, {"type": "Feature", "properties": {"fips": "28047002702", "gap_national": -3.6, "gap_stratum": 3.2, "burden": 61.2, "capacity": 62.4, "svi": 0.72, "top_decile_gap": 0.0, "stratum": "metropolitan", "scored": 1}, "geometry": {"type": "Polygon", "coordinates": [[[-89.159, 30.3649], [-89.1506, 30.3691], [-89.1356, 30.3692], [-89.1368, 30.3661], [-89.1313, 30.3573], [-89.1533, 30.3501], [-89.157, 30.3567], [-89.1624, 30.3604], [-89.159, 30.3649]]]}}, {"type": "Feature", "properties": {"fips": "28059042202", "gap_national": 57.5, "gap_stratum": 56.5, "burden": 89.2, "capacity": 40.6, "svi": 0.83, "top_decile_gap": 1.0, "stratum": "metropolitan", "scored": 1}, "geometry": {"type": "Polygon", "coordinates": [[[-88.5483, 30.3732], [-88.5349, 30.3801], [-88.5344, 30.3728], [-88.5391, 30.3678], [-88.5393, 30.364], [-88.5354, 30.364], [-88.5375, 30.3548], [-88.5393, 30.3549], [-88.5393, 30.3599], [-88.5474, 30.3599], [-88.5483, 30.3732]]]}}, {"type": "Feature", "properties": {"fips": "28059042201", "gap_national": 51.7, "gap_stratum": 49.5, "burden": 95.3, "capacity": 48.3, "svi": 0.99, "top_decile_gap": 0.0, "stratum": "metropolitan", "scored": 1}, "geometry": {"type": "Polygon", "coordinates": [[[-88.5389, 30.37], [-88.5249, 30.3789], [-88.5307, 30.3734], [-88.5307, 30.3548], [-88.5375, 30.3548], [-88.5354, 30.364], [-88.5393, 30.365], [-88.5389, 30.37]]]}}, {"type": "Feature", "properties": {"fips": "28047001206", "gap_national": 60.5, "gap_stratum": 59.0, "burden": 91.4, "capacity": 39.7, "svi": 0.84, "top_decile_gap": 1.0, "stratum": "metropolitan", "scored": 1}, "geometry": {"type": "Polygon", "coordinates": [[[-89.0034, 30.4006], [-89.0013, 30.4007], [-89.0013, 30.3985], [-88.9937, 30.4001], [-88.9927, 30.3951], [-89.0013, 30.3932], [-89.0013, 30.397], [-89.0055, 30.3969], [-89.0034, 30.4006]]]}}, {"type": "Feature", "properties": {"fips": "28047002801", "gap_national": -30.3, "gap_stratum": -24.8, "burden": 37.5, "capacity": 61.9, "svi": 0.38, "top_decile_gap": 0.0, "stratum": "metropolitan", "scored": 1}, "geometry": {"type": "Polygon", "coordinates": [[[-89.1706, 30.3443], [-89.1705, 30.3376], [-89.1245, 30.3536], [-89.1868, 30.3312], [-89.1868, 30.3389], [-89.1706, 30.3443]]]}}, {"type": "Feature", "properties": {"fips": "28047003306", "gap_national": -10.6, "gap_stratum": -9.3, "burden": 21.4, "capacity": 34.4, "svi": 0.29, "top_decile_gap": 0.0, "stratum": "metropolitan", "scored": 1}, "geometry": {"type": "Polygon", "coordinates": [[[-88.8915, 30.4466], [-88.8913, 30.4211], [-88.8998, 30.4263], [-88.9001, 30.4466], [-88.8915, 30.4466]]]}}, {"type": "Feature", "properties": {"fips": "28109950201", "gap_national": 2.7, "gap_stratum": -18.6, "burden": 79.1, "capacity": 72.4, "svi": 0.61, "top_decile_gap": 0.0, "stratum": "rural", "scored": 1}, "geometry": {"type": "Polygon", "coordinates": [[[-89.8164, 30.7961], [-89.8121, 30.7884], [-89.8068, 30.7891], [-89.8049, 30.7925], [-89.8115, 30.798], [-89.7972, 30.8118], [-89.7997, 30.8152], [-89.7987, 30.8209], [-89.7955, 30.8208], [-89.7953, 30.8172], [-89.7917, 30.8204], [-89.7859, 30.816], [-89.7812, 30.8201], [-89.7875, 30.8226], [-89.7823, 30.8326], [-89.7904, 30.831], [-89.7875, 30.8441], [-89.7925, 30.8504], [-89.7895, 30.8514], [-89.7847, 30.8462], [-89.7806, 30.8455], [-89.7844, 30.8537], [-89.7834, 30.856], [-89.7747, 30.8533], [-89.7717, 30.8547], [-89.7678, 30.8656], [-89.7792, 30.8752], [-89.7771, 30.8811], [-89.77, 30.8823], [-89.7731, 30.8983], [-89.7587, 30.8973], [-89.7567, 30.9011], [-89.7598, 30.9062], [-89.7636, 30.9077], [-89.7642, 30.9119], [-89.7594, 30.9151], [-89.7501, 30.9129], [-89.7448, 30.9189], [-89.7452, 30.9224], [-89.7528, 30.9254], [-89.7489, 30.9339], [-89.7566, 30.9419], [-89.7512, 30.9514], [-89.7357, 30.9666], [-89.7271, 30.9674], [-89.7284, 30.9711], [-89.7371, 30.9761], [-89.7305, 30.9797], [-89.7277, 30.9933], [-89.7342, 30.9956], [-89.7355, 30.9997], [-89.73, 30.9997], [-89.7281, 31.0023], [-89.5519, 31.0019], [-89.5519, 31.0077], [-89.5486, 31.0061], [-89.5391, 30.9922], [-89.5392, 30.99], [-89.5453, 30.9867], [-89.5516, 30.9863], [-89.5504, 30.9827], [-89.5442, 30.9784], [-89.543, 30.972], [-89.5468, 30.9687], [-89.5531, 30.955], [-89.5526, 30.9318], [-89.5722, 30.9318], [-89.577, 30.9277], [-89.5956, 30.9219], [-89.6115, 30.9242], [-89.6221, 30.9299], [-89.6385, 30.9248], [-89.6356, 30.9197], [-89.636, 30.9068], [-89.6315, 30.8945], [-89.6355, 30.8859], [-89.6342, 30.862], [-89.6388, 30.8541], [-89.6525, 30.8458], [-89.6651, 30.8483], [-89.6712, 30.8447], [-89.6687, 30.8389], [-89.6507, 30.8423], [-89.642, 30.8415], [-89.6306, 30.8351], [-89.6235, 30.8337], [-89.6276, 30.8314], [-89.6298, 30.8243], [-89.6369, 30.8184], [-89.6372, 30.8035], [-89.6312, 30.8049], [-89.6351, 30.7949], [-89.6353, 30.7791], [-89.6286, 30.7766], [-89.6282, 30.7662], [-89.6154, 30.7637], [-89.5992, 30.7651], [-89.5832, 30.759], [-89.5829, 30.7554], [-89.5728, 30.75], [-89.555, 30.748], [-89.5507, 30.75], [-89.5325, 30.7502], [-89.524, 30.7578], [-89.5212, 30.7646], [-89.5235, 30.75], [-89.55, 30.7264], [-89.5542, 30.7182], [-89.5921, 30.7248], [-89.6289, 30.7121], [-89.6468, 30.7109], [-89.6636, 30.7265], [-89.6626, 30.7355], [-89.6787, 30.7356], [-89.7119, 30.744], [-89.7148, 30.7725], [-89.7136, 30.794], [-89.7458, 30.7927], [-89.7867, 30.7861], [-89.7994, 30.7882], [-89.8108, 30.7862], [-89.8211, 30.7925], [-89.8164, 30.7961]]]}}, {"type": "Feature", "properties": {"fips": "28121020217", "gap_national": 12.4, "gap_stratum": 17.9, "burden": 60.8, "capacity": 51.5, "svi": 0.66, "top_decile_gap": 0.0, "stratum": "metropolitan", "scored": 1}, "geometry": {"type": "Polygon", "coordinates": [[[-90.0918, 32.2905], [-90.0909, 32.3068], [-90.088, 32.311], [-90.0769, 32.2907], [-90.07, 32.291], [-90.0687, 32.2979], [-90.0645, 32.3016], [-90.0648, 32.3097], [-90.0616, 32.3116], [-90.0491, 32.3082], [-90.0442, 32.2907], [-90.0359, 32.2908], [-90.036, 32.2838], [-90.1096, 32.2837], [-90.0918, 32.2905]]]}}, {"type": "Feature", "properties": {"fips": "28121020215", "gap_national": -44.1, "gap_stratum": -37.6, "burden": 36.2, "capacity": 70.4, "svi": 0.27, "top_decile_gap": 0.0, "stratum": "metropolitan", "scored": 1}, "geometry": {"type": "Polygon", "coordinates": [[[-90.0647, 32.3455], [-90.0541, 32.3686], [-90.048, 32.3742], [-90.0472, 32.3718], [-90.044, 32.3715], [-90.0356, 32.3736], [-90.03, 32.3593], [-90.0326, 32.3534], [-90.0302, 32.3517], [-90.0642, 32.3395], [-90.0795, 32.339], [-90.0647, 32.3455]]]}}, {"type": "Feature", "properties": {"fips": "28149950102", "gap_national": -34.6, "gap_stratum": -67.7, "burden": 53.1, "capacity": 78.9, "svi": 0.13, "top_decile_gap": 0.0, "stratum": "micropolitan", "scored": 1}, "geometry": {"type": "Polygon", "coordinates": [[[-90.8217, 32.4165], [-90.8234, 32.4266], [-90.8175, 32.4505], [-90.7974, 32.5], [-90.7823, 32.52], [-90.7557, 32.5356], [-90.7656, 32.5361], [-90.7799, 32.5312], [-90.7879, 32.5233], [-90.7923, 32.5216], [-90.7961, 32.5234], [-90.7943, 32.5287], [-90.7888, 32.5337], [-90.794, 32.5498], [-90.7882, 32.5559], [-90.7877, 32.5684], [-90.7861, 32.571], [-90.7726, 32.5713], [-90.7612, 32.5772], [-90.7537, 32.5714], [-90.7395, 32.5718], [-90.7335, 32.5664], [-90.7283, 32.5663], [-90.7259, 32.5777], [-90.7308, 32.5825], [-90.7317, 32.5873], [-90.7227, 32.5921], [-90.7164, 32.6116], [-90.7201, 32.6189], [-90.6899, 32.6187], [-90.6902, 32.5894], [-90.6555, 32.5898], [-90.6542, 32.546], [-90.588, 32.5461], [-90.5879, 32.5318], [-90.5539, 32.5319], [-90.5538, 32.5076], [-90.5555, 32.505], [-90.5656, 32.5029], [-90.5655, 32.506], [-90.5707, 32.5063], [-90.5701, 32.4996], [-90.5734, 32.4991], [-90.5787, 32.5037], [-90.582, 32.4942], [-90.5873, 32.4969], [-90.5891, 32.4953], [-90.5899, 32.4886], [-90.5866, 32.4889], [-90.5873, 32.4869], [-90.5911, 32.4874], [-90.5978, 32.4829], [-90.6008, 32.4842], [-90.6041, 32.4813], [-90.5997, 32.4704], [-90.6016, 32.4593], [-90.5978, 32.4573], [-90.5978, 32.4503], [-90.5858, 32.4451], [-90.5922, 32.4397], [-90.5954, 32.4412], [-90.5994, 32.4363], [-90.6, 32.4246], [-90.6061, 32.4161], [-90.6132, 32.4134], [-90.6121, 32.41], [-90.6154, 32.4097], [-90.6145, 32.4033], [-90.617, 32.4017], [-90.6157, 32.398], [-90.6214, 32.3949], [-90.6177, 32.3934], [-90.6258, 32.3882], [-90.6224, 32.3848], [-90.6274, 32.378], [-90.6356, 32.3758], [-90.6355, 32.3681], [-90.6393, 32.3676], [-90.6375, 32.3708], [-90.6397, 32.3699], [-90.6432, 32.3741], [-90.6419, 32.3756], [-90.6455, 32.3787], [-90.6452, 32.3842], [-90.6506, 32.3849], [-90.6517, 32.3875], [-90.6507, 32.3875], [-90.6497, 32.3895], [-90.6579, 32.3901], [-90.6681, 32.4003], [-90.6801, 32.403], [-90.6874, 32.4028], [-90.6934, 32.3983], [-90.7015, 32.3977], [-90.7202, 32.4028], [-90.7307, 32.3959], [-90.7525, 32.3915], [-90.759, 32.3824], [-90.7582, 32.3866], [-90.7671, 32.3878], [-90.7704, 32.3936], [-90.7772, 32.398], [-90.7913, 32.3971], [-90.7952, 32.3929], [-90.7939, 32.3973], [-90.7961, 32.3981], [-90.8, 32.3923], [-90.8055, 32.3902], [-90.797, 32.4048], [-90.811, 32.4136], [-90.8171, 32.4059], [-90.8271, 32.4022], [-90.8217, 32.4165]]]}}, {"type": "Feature", "properties": {"fips": "28047003313", "gap_national": -24.6, "gap_stratum": -16.7, "burden": 64.9, "capacity": 83.2, "svi": 0.14, "top_decile_gap": 0.0, "stratum": "metropolitan", "scored": 1}, "geometry": {"type": "Polygon", "coordinates": [[[-88.9774, 30.4432], [-88.9781, 30.4411], [-88.9721, 30.4413], [-88.9719, 30.4354], [-88.9673, 30.4354], [-88.9675, 30.4322], [-88.9594, 30.4325], [-88.9631, 30.4309], [-88.9618, 30.4257], [-88.9592, 30.4279], [-88.9551, 30.4273], [-88.9605, 30.4253], [-88.9588, 30.4203], [-88.9788, 30.4159], [-88.9795, 30.4257], [-88.9834, 30.4298], [-88.9904, 30.4317], [-88.9928, 30.4346], [-88.9774, 30.4432]]]}}, {"type": "Feature", "properties": {"fips": "28047003310", "gap_national": 9.7, "gap_stratum": 15.3, "burden": 62.4, "capacity": 54.5, "svi": 0.28, "top_decile_gap": 0.0, "stratum": "metropolitan", "scored": 1}, "geometry": {"type": "Polygon", "coordinates": [[[-88.9594, 30.4377], [-88.9519, 30.4398], [-88.951, 30.4354], [-88.9386, 30.4355], [-88.9386, 30.4283], [-88.9552, 30.4281], [-88.9553, 30.4317], [-88.9594, 30.4325], [-88.9594, 30.4377]]]}}, {"type": "Feature", "properties": {"fips": "28085950602", "gap_national": 43.8, "gap_stratum": 46.8, "burden": 98.6, "capacity": 55.0, "svi": 0.78, "top_decile_gap": 0.0, "stratum": "micropolitan", "scored": 1}, "geometry": {"type": "Polygon", "coordinates": [[[-90.4421, 31.5809], [-90.4391, 31.5837], [-90.4303, 31.5795], [-90.4215, 31.5813], [-90.4199, 31.5671], [-90.4243, 31.5584], [-90.4284, 31.5587], [-90.444, 31.5498], [-90.4455, 31.5533], [-90.4533, 31.5496], [-90.4421, 31.5809]]]}}, {"type": "Feature", "properties": {"fips": "28157950201", "gap_national": 18.9, "gap_stratum": 20.3, "burden": 96.1, "capacity": 71.0, "svi": 0.4, "top_decile_gap": 0.0, "stratum": "rural", "scored": 1}, "geometry": {"type": "Polygon", "coordinates": [[[-91.5905, 31.0173], [-91.5784, 31.024], [-91.5644, 31.039], [-91.5604, 31.0495], [-91.5613, 31.0609], [-91.5641, 31.0668], [-91.5947, 31.0914], [-91.6186, 31.1073], [-91.6265, 31.1191], [-91.6242, 31.1337], [-91.5997, 31.1596], [-91.5915, 31.1731], [-91.5887, 31.181], [-91.5895, 31.1911], [-91.5839, 31.1975], [-91.5869, 31.2047], [-91.5757, 31.2245], [-91.5605, 31.2356], [-91.5473, 31.2393], [-91.5377, 31.2369], [-91.5318, 31.2324], [-91.5294, 31.2268], [-91.5297, 31.2145], [-91.5148, 31.2175], [-91.5092, 31.221], [-91.5073, 31.226], [-91.4974, 31.2247], [-91.487, 31.2275], [-91.4887, 31.2342], [-91.4832, 31.2336], [-91.4835, 31.2374], [-91.4788, 31.239], [-91.4809, 31.2434], [-91.4776, 31.2458], [-91.4796, 31.2462], [-91.4784, 31.2492], [-91.4803, 31.2518], [-91.4773, 31.2598], [-91.483, 31.2653], [-91.489, 31.2652], [-91.4916, 31.2712], [-91.4973, 31.2758], [-91.4962, 31.2826], [-91.4915, 31.2847], [-91.4802, 31.2816], [-91.4753, 31.286], [-91.4711, 31.2856], [-91.4684, 31.3196], [-91.4433, 31.3193], [-91.4364, 31.3173], [-91.4343, 31.3142], [-91.4238, 31.3153], [-91.413, 31.3239], [-91.3987, 31.3246], [-91.3933, 31.3314], [-91.3917, 31.3248], [-91.3876, 31.3271], [-91.3888, 31.3302], [-91.3842, 31.3312], [-91.384, 31.3354], [-91.3816, 31.3336], [-91.3776, 31.337], [-91.3704, 31.3348], [-91.3667, 31.3359], [-91.3566, 31.3292], [-91.3549, 31.3234], [-91.359, 31.3059], [-91.3498, 31.2816], [-91.3361, 31.2699], [-91.3214, 31.2454], [-91.2994, 31.233], [-91.2842, 31.2097], [-91.2845, 31.1807], [-91.2954, 31.1826], [-91.303, 31.1735], [-91.3021, 31.162], [-91.3042, 31.1555], [-91.2985, 31.1424], [-91.3016, 31.142], [-91.3014, 31.137], [-91.3188, 31.1321], [-91.3157, 31.124], [-91.317, 31.1186], [-91.3095, 31.1045], [-91.3119, 31.1037], [-91.3164, 31.0871], [-91.3129, 31.0853], [-91.3053, 31.0864], [-91.304, 31.0846], [-91.3167, 31.0606], [-91.3263, 31.0506], [-91.3332, 31.0271], [-91.3485, 31.0051], [-91.3478, 30.9992], [-91.6369, 30.9994], [-91.5905, 31.0173]]]}}, {"type": "Feature", "properties": {"fips": "28001000102", "gap_national": 4.5, "gap_stratum": -5.4, "burden": 86.0, "capacity": 76.5, "svi": 0.28, "top_decile_gap": 0.0, "stratum": "micropolitan", "scored": 1}, "geometry": {"type": "Polygon", "coordinates": [[[-91.3881, 31.382], [-91.3887, 31.3913], [-91.3853, 31.3937], [-91.3892, 31.4019], [-91.3866, 31.4051], [-91.3879, 31.4104], [-91.384, 31.4106], [-91.3876, 31.4151], [-91.3846, 31.4176], [-91.3864, 31.4195], [-91.3837, 31.4261], [-91.3876, 31.4257], [-91.3884, 31.428], [-91.3778, 31.4334], [-91.3832, 31.4377], [-91.3746, 31.443], [-91.3743, 31.4484], [-91.3661, 31.45], [-91.3631, 31.4541], [-91.3677, 31.4541], [-91.3777, 31.4635], [-91.3676, 31.4895], [-91.3701, 31.5057], [-91.3756, 31.5103], [-91.3755, 31.5228], [-91.3777, 31.5268], [-91.3704, 31.5275], [-91.374, 31.5339], [-91.3619, 31.5415], [-91.3403, 31.5287], [-91.3267, 31.5271], [-91.3217, 31.5196], [-91.3154, 31.5158], [-91.3226, 31.5084], [-91.3227, 31.5042], [-91.3066, 31.4946], [-91.308, 31.4893], [-91.3063, 31.4874], [-91.3029, 31.4868], [-91.2971, 31.4954], [-91.2911, 31.4926], [-91.2891, 31.4946], [-91.178, 31.3892], [-91.1568, 31.3687], [-91.1582, 31.3467], [-91.1627, 31.3507], [-91.1722, 31.3457], [-91.1788, 31.3511], [-91.1846, 31.348], [-91.1896, 31.3569], [-91.1982, 31.3535], [-91.2088, 31.3548], [-91.2131, 31.3571], [-91.2104, 31.3629], [-91.2193, 31.3683], [-91.218, 31.3723], [-91.2229, 31.3701], [-91.2283, 31.3722], [-91.2301, 31.3706], [-91.2311, 31.3732], [-91.2371, 31.3712], [-91.2394, 31.3667], [-91.2453, 31.3677], [-91.251, 31.3634], [-91.2548, 31.3655], [-91.2571, 31.3601], [-91.264, 31.3617], [-91.2648, 31.3633], [-91.2616, 31.3642], [-91.2628, 31.3694], [-91.271, 31.3681], [-91.2753, 31.3698], [-91.2745, 31.3655], [-91.2873, 31.3561], [-91.2938, 31.3603], [-91.2992, 31.3599], [-91.2987, 31.3647], [-91.2994, 31.3611], [-91.308, 31.3595], [-91.3101, 31.3539], [-91.3143, 31.3572], [-91.3207, 31.3522], [-91.3242, 31.3545], [-91.3237, 31.3523], [-91.3309, 31.3518], [-91.3417, 31.34], [-91.346, 31.3391], [-91.3442, 31.3418], [-91.3509, 31.3375], [-91.3499, 31.3401], [-91.3537, 31.3398], [-91.3553, 31.3436], [-91.3531, 31.3451], [-91.3555, 31.3459], [-91.3578, 31.3429], [-91.3675, 31.3479], [-91.3721, 31.3514], [-91.3752, 31.3588], [-91.374, 31.3611], [-91.3799, 31.3602], [-91.378, 31.3634], [-91.3858, 31.3651], [-91.3906, 31.3707], [-91.3883, 31.3742], [-91.3912, 31.3789], [-91.3881, 31.382]]]}}, {"type": "Feature", "properties": {"fips": "28045030203", "gap_national": 23.9, "gap_stratum": 25.8, "burden": 82.2, "capacity": 59.7, "svi": 0.73, "top_decile_gap": 0.0, "stratum": "metropolitan", "scored": 1}, "geometry": {"type": "Polygon", "coordinates": [[[-89.3785, 30.3061], [-89.3639, 30.2936], [-89.3888, 30.2803], [-89.3966, 30.2887], [-89.3975, 30.2982], [-89.3785, 30.3061]]]}}, {"type": "Feature", "properties": {"fips": "28075010700", "gap_national": 60.7, "gap_stratum": 65.3, "burden": 99.6, "capacity": 43.5, "svi": 0.96, "top_decile_gap": 1.0, "stratum": "micropolitan", "scored": 1}, "geometry": {"type": "Polygon", "coordinates": [[[-88.6865, 32.3709], [-88.6787, 32.3818], [-88.6738, 32.3818], [-88.677, 32.3737], [-88.678, 32.3647], [-88.6759, 32.3638], [-88.6958, 32.3506], [-88.7012, 32.3491], [-88.7012, 32.3532], [-88.6981, 32.3533], [-88.6983, 32.3563], [-88.7045, 32.3637], [-88.7047, 32.3708], [-88.6865, 32.3709]]]}}, {"type": "Feature", "properties": {"fips": "28095950600", "gap_national": 15.5, "gap_stratum": 11.2, "burden": 93.4, "capacity": 72.3, "svi": 0.57, "top_decile_gap": 0.0, "stratum": "micropolitan", "scored": 1}, "geometry": {"type": "Polygon", "coordinates": [[[-88.7202, 33.8984], [-88.7106, 33.8984], [-88.6938, 33.8941], [-88.6938, 33.94], [-88.6843, 33.9261], [-88.6671, 33.9184], [-88.6491, 33.9019], [-88.6437, 33.8998], [-88.64, 33.8944], [-88.6318, 33.8946], [-88.6246, 33.8838], [-88.6183, 33.883], [-88.6113, 33.877], [-88.6028, 33.8984], [-88.5753, 33.9006], [-88.5719, 33.8985], [-88.5611, 33.8986], [-88.5604, 33.9174], [-88.5308, 33.9355], [-88.5335, 33.9281], [-88.5322, 33.9225], [-88.528, 33.9187], [-88.528, 33.9145], [-88.538, 33.9139], [-88.5416, 33.9058], [-88.5449, 33.9066], [-88.5497, 33.898], [-88.5477, 33.8909], [-88.5391, 33.8824], [-88.5365, 33.8738], [-88.531, 33.8702], [-88.5279, 33.8707], [-88.5256, 33.867], [-88.5243, 33.8612], [-88.5316, 33.8539], [-88.5207, 33.8505], [-88.5224, 33.8396], [-88.5258, 33.8415], [-88.5352, 33.8366], [-88.536, 33.8347], [-88.5328, 33.8308], [-88.5444, 33.8371], [-88.5472, 33.8342], [-88.5517, 33.8385], [-88.5512, 33.8424], [-88.5562, 33.8432], [-88.558, 33.8483], [-88.5621, 33.8459], [-88.565, 33.852], [-88.5717, 33.8508], [-88.5688, 33.8538], [-88.5716, 33.8545], [-88.5722, 33.8582], [-88.5675, 33.86], [-88.5697, 33.8646], [-88.5762, 33.8646], [-88.5806, 33.8682], [-88.5844, 33.8682], [-88.5854, 33.8656], [-88.596, 33.8705], [-88.5943, 33.8571], [-88.5728, 33.8403], [-88.5954, 33.8401], [-88.5962, 33.8349], [-88.5893, 33.8284], [-88.5893, 33.8256], [-88.5849, 33.8255], [-88.5852, 33.8232], [-88.5789, 33.8198], [-88.5752, 33.8133], [-88.5663, 33.8132], [-88.5456, 33.7913], [-88.5408, 33.7888], [-88.5315, 33.7881], [-88.5215, 33.7944], [-88.5189, 33.793], [-88.5186, 33.8041], [-88.5121, 33.8], [-88.5065, 33.8003], [-88.5162, 33.8183], [-88.5067, 33.8194], [-88.4985, 33.8173], [-88.4657, 33.8033], [-88.4593, 33.7891], [-88.4558, 33.7681], [-88.448, 33.7501], [-88.4573, 33.746], [-88.4455, 33.7343], [-88.4457, 33.7249], [-88.4561, 33.6993], [-88.4541, 33.6875], [-88.4582, 33.6771], [-88.4569, 33.6635], [-88.4628, 33.6632], [-88.4628, 33.6665], [-88.4663, 33.6676], [-88.4681, 33.6674], [-88.4675, 33.6632], [-88.4731, 33.6643], [-88.4737, 33.6668], [-88.4757, 33.6648], [-88.4832, 33.6657], [-88.4863, 33.6628], [-88.4877, 33.6656], [-88.4915, 33.6608], [-88.4964, 33.6641], [-88.4978, 33.661], [-88.5085, 33.6556], [-88.5103, 33.6503], [-88.5139, 33.6502], [-88.5131, 33.6607], [-88.5019, 33.6662], [-88.5021, 33.6713], [-88.4992, 33.6752], [-88.4929, 33.6712], [-88.491, 33.6737], [-88.4927, 33.6782], [-88.4969, 33.6802], [-88.7196, 33.6803], [-88.7202, 33.8984]]]}}, {"type": "Feature", "properties": {"fips": "28113950400", "gap_national": 0.8, "gap_stratum": -10.5, "burden": 84.0, "capacity": 78.3, "svi": 0.85, "top_decile_gap": 0.0, "stratum": "micropolitan", "scored": 1}, "geometry": {"type": "Polygon", "coordinates": [[[-90.4732, 31.2779], [-90.4651, 31.2739], [-90.4631, 31.2662], [-90.452, 31.2481], [-90.4595, 31.2465], [-90.4875, 31.2497], [-90.4928, 31.2525], [-90.4954, 31.259], [-90.5005, 31.2618], [-90.4732, 31.2779]]]}}, {"type": "Feature", "properties": {"fips": "28149950300", "gap_national": 30.3, "gap_stratum": 28.4, "burden": 93.0, "capacity": 61.6, "svi": 0.96, "top_decile_gap": 0.0, "stratum": "micropolitan", "scored": 1}, "geometry": {"type": "Polygon", "coordinates": [[[-90.8825, 32.357], [-90.8779, 32.3537], [-90.8671, 32.3523], [-90.8624, 32.3545], [-90.863, 32.3498], [-90.8557, 32.3474], [-90.8556, 32.3455], [-90.8569, 32.3433], [-90.8704, 32.3459], [-90.8803, 32.3434], [-90.8867, 32.3459], [-90.8853, 32.3485], [-90.8879, 32.3491], [-90.8825, 32.357]]]}}, {"type": "Feature", "properties": {"fips": "28137950400", "gap_national": 20.4, "gap_stratum": 26.2, "burden": 54.2, "capacity": 39.9, "svi": 0.75, "top_decile_gap": 0.0, "stratum": "metropolitan", "scored": 1}, "geometry": {"type": "Polygon", "coordinates": [[[-89.9705, 34.6413], [-89.9731, 34.6543], [-89.9561, 34.6377], [-89.9499, 34.6145], [-89.9685, 34.6098], [-89.9686, 34.6121], [-89.973, 34.6121], [-90.0039, 34.6093], [-90.0042, 34.6409], [-89.9705, 34.6413]]]}}, {"type": "Feature", "properties": {"fips": "28081950901", "gap_national": 4.6, "gap_stratum": -13.4, "burden": 73.5, "capacity": 66.5, "svi": 0.68, "top_decile_gap": 0.0, "stratum": "micropolitan", "scored": 1}, "geometry": {"type": "Polygon", "coordinates": [[[-88.7463, 34.2554], [-88.7285, 34.2562], [-88.7286, 34.2511], [-88.7375, 34.2511], [-88.7375, 34.247], [-88.7463, 34.247], [-88.7462, 34.2283], [-88.7618, 34.2283], [-88.766, 34.2361], [-88.77, 34.2315], [-88.7766, 34.2485], [-88.7463, 34.2554]]]}}, {"type": "Feature", "properties": {"fips": "28163950100", "gap_national": 74.9, "gap_stratum": 73.4, "burden": 88.6, "capacity": 24.8, "svi": 0.8, "top_decile_gap": 1.0, "stratum": "micropolitan", "scored": 1}, "geometry": {"type": "Polygon", "coordinates": [[[-90.4499, 32.9233], [-90.4493, 33.009], [-90.364, 33.0099], [-90.3539, 33.0121], [-90.3495, 33.0206], [-90.3462, 33.0224], [-90.3424, 33.0212], [-90.337, 33.0141], [-90.3383, 33.0101], [-89.9659, 32.8796], [-89.9728, 32.8723], [-89.9735, 32.8669], [-89.9833, 32.8645], [-89.9814, 32.8619], [-89.9852, 32.8564], [-89.983, 32.8563], [-89.9863, 32.8542], [-89.9878, 32.8474], [-89.9926, 32.8475], [-89.9898, 32.8445], [-89.9954, 32.834], [-90.0065, 32.829], [-90.0074, 32.8316], [-90.0103, 32.8279], [-90.0135, 32.8315], [-90.0175, 32.827], [-90.0201, 32.8132], [-90.0179, 32.8127], [-90.0207, 32.8052], [-90.0172, 32.8032], [-90.0212, 32.7989], [-90.0203, 32.7961], [-90.0239, 32.7953], [-90.0207, 32.7931], [-90.0227, 32.7849], [-90.0265, 32.7809], [-90.0252, 32.7781], [-90.032, 32.775], [-90.0298, 32.7705], [-90.033, 32.7679], [-90.0306, 32.7664], [-90.0331, 32.7632], [-90.0324, 32.7598], [-90.0394, 32.7591], [-90.0395, 32.7476], [-90.0466, 32.7433], [-90.0491, 32.7357], [-90.0574, 32.7356], [-90.0576, 32.7312], [-90.0612, 32.7331], [-90.0614, 32.7308], [-90.0652, 32.7293], [-90.071, 32.7317], [-90.0761, 32.7295], [-90.0759, 32.7273], [-90.0739, 32.7278], [-90.075, 32.7253], [-90.0778, 32.7261], [-90.0795, 32.7196], [-90.0876, 32.717], [-90.0898, 32.7149], [-90.0874, 32.7129], [-90.0936, 32.7076], [-90.1041, 32.7337], [-90.1317, 32.7409], [-90.1464, 32.7538], [-90.1873, 32.7734], [-90.2034, 32.7888], [-90.2143, 32.7968], [-90.2311, 32.8035], [-90.239, 32.8122], [-90.2478, 32.8157], [-90.2612, 32.8167], [-90.2818, 32.8269], [-90.3009, 32.8316], [-90.3304, 32.8317], [-90.3361, 32.841], [-90.3418, 32.843], [-90.3731, 32.8399], [-90.3694, 32.8494], [-90.375, 32.8509], [-90.3776, 32.8584], [-90.3874, 32.862], [-90.3881, 32.8648], [-90.3807, 32.8707], [-90.3732, 32.8691], [-90.3647, 32.8726], [-90.3626, 32.8843], [-90.3655, 32.8865], [-90.3692, 32.8978], [-90.379, 32.898], [-90.3834, 32.9033], [-90.388, 32.8868], [-90.4081, 32.8924], [-90.4313, 32.855], [-90.452, 32.8654], [-90.4501, 32.8691], [-90.4573, 32.8784], [-90.4587, 32.8888], [-90.4532, 32.8981], [-90.4429, 32.9019], [-90.4472, 32.9152], [-90.4609, 32.919], [-90.4639, 32.9233], [-90.4499, 32.9233]]]}}, {"type": "Feature", "properties": {"fips": "28049010202", "gap_national": -7.1, "gap_stratum": -3.6, "burden": 83.2, "capacity": 86.3, "svi": 0.75, "top_decile_gap": 0.0, "stratum": "metropolitan", "scored": 1}, "geometry": {"type": "Polygon", "coordinates": [[[-90.2012, 32.3832], [-90.1807, 32.3975], [-90.1766, 32.4002], [-90.1662, 32.4002], [-90.1668, 32.3917], [-90.1638, 32.3856], [-90.1796, 32.3853], [-90.1798, 32.3681], [-90.188, 32.3706], [-90.2011, 32.3705], [-90.2012, 32.3832]]]}}, {"type": "Feature", "properties": {"fips": "28049003500", "gap_national": 41.3, "gap_stratum": 43.4, "burden": 78.0, "capacity": 45.0, "svi": 0.82, "top_decile_gap": 0.0, "stratum": "metropolitan", "scored": 1}, "geometry": {"type": "Polygon", "coordinates": [[[-90.2349, 32.2685], [-90.2102, 32.2683], [-90.2109, 32.2559], [-90.2218, 32.2583], [-90.2363, 32.2575], [-90.2349, 32.2685]]]}}, {"type": "Feature", "properties": {"fips": "28119950200", "gap_national": 27.5, "gap_stratum": 34.0, "burden": 97.5, "capacity": 65.5, "svi": 0.92, "top_decile_gap": 0.0, "stratum": "rural", "scored": 1}, "geometry": {"type": "Polygon", "coordinates": [[[-90.2668, 34.261], [-90.2623, 34.2501], [-90.2723, 34.2475], [-90.2722, 34.2403], [-90.2952, 34.2349], [-90.2949, 34.2607], [-90.3139, 34.265], [-90.2668, 34.261]]]}}, {"type": "Feature", "properties": {"fips": "28027950500", "gap_national": 40.8, "gap_stratum": 42.2, "burden": 94.5, "capacity": 55.5, "svi": 0.92, "top_decile_gap": 0.0, "stratum": "micropolitan", "scored": 1}, "geometry": {"type": "Polygon", "coordinates": [[[-90.6064, 34.1938], [-90.6063, 34.1985], [-90.6105, 34.2012], [-90.6104, 34.2043], [-90.5872, 34.204], [-90.5789, 34.2035], [-90.5763, 34.1969], [-90.5709, 34.1924], [-90.5763, 34.1901], [-90.5778, 34.1828], [-90.6111, 34.183], [-90.617, 34.1875], [-90.615, 34.1924], [-90.6195, 34.194], [-90.6064, 34.1938]]]}}, {"type": "Feature", "properties": {"fips": "28123020400", "gap_national": 60.5, "gap_stratum": 73.2, "burden": 92.3, "capacity": 40.1, "svi": 0.99, "top_decile_gap": 1.0, "stratum": "rural", "scored": 1}, "geometry": {"type": "Polygon", "coordinates": [[[-89.6711, 32.3488], [-89.6664, 32.3664], [-89.6575, 32.3854], [-89.6531, 32.3611], [-89.6504, 32.3626], [-89.6446, 32.3599], [-89.6442, 32.3547], [-89.6364, 32.3597], [-89.6318, 32.3542], [-89.6275, 32.3543], [-89.6275, 32.3475], [-89.6497, 32.3443], [-89.6368, 32.3361], [-89.6361, 32.3266], [-89.6484, 32.3315], [-89.6529, 32.3403], [-89.6571, 32.3436], [-89.6669, 32.3303], [-89.6794, 32.3295], [-89.6871, 32.3334], [-89.6912, 32.3397], [-89.6711, 32.3488]]]}}, {"type": "Feature", "properties": {"fips": "28001000700", "gap_national": -3.6, "gap_stratum": -15.0, "burden": 83.7, "capacity": 82.7, "svi": 0.71, "top_decile_gap": 0.0, "stratum": "micropolitan", "scored": 1}, "geometry": {"type": "Polygon", "coordinates": [[[-91.4078, 31.5696], [-91.4029, 31.5664], [-91.3979, 31.5701], [-91.3987, 31.5678], [-91.3934, 31.5637], [-91.3988, 31.5585], [-91.3963, 31.5556], [-91.3994, 31.5502], [-91.3967, 31.5392], [-91.4022, 31.5419], [-91.4194, 31.5592], [-91.4078, 31.5696]]]}}, {"type": "Feature", "properties": {"fips": "28021950100", "gap_national": 33.2, "gap_stratum": 43.9, "burden": 98.6, "capacity": 62.0, "svi": 0.76, "top_decile_gap": 0.0, "stratum": "rural", "scored": 1}, "geometry": {"type": "Polygon", "coordinates": [[[-91.1895, 31.9464], [-91.1883, 31.961], [-91.1702, 31.9791], [-91.1644, 31.9826], [-91.1174, 31.9871], [-91.1041, 31.9904], [-91.0901, 32.0002], [-91.0759, 32.0168], [-91.0799, 32.0183], [-91.0826, 32.0287], [-91.0881, 32.0345], [-91.1451, 32.0466], [-91.1563, 32.0527], [-91.1613, 32.0598], [-91.1616, 32.0678], [-91.1558, 32.0756], [-91.1488, 32.0802], [-91.1393, 32.0818], [-91.1286, 32.0766], [-91.1143, 32.0583], [-91.1037, 32.0503], [-91.0823, 32.0476], [-91.0791, 32.0503], [-91.0815, 32.0778], [-91.0347, 32.1011], [-91.0305, 32.1082], [-91.0307, 32.1143], [-90.9903, 32.097], [-90.9788, 32.0989], [-90.9703, 32.0946], [-90.9637, 32.1047], [-90.9612, 32.1052], [-90.9574, 32.1016], [-90.9616, 32.099], [-90.9606, 32.0946], [-90.966, 32.0879], [-90.9577, 32.0903], [-90.9568, 32.0836], [-90.951, 32.0816], [-90.9525, 32.0902], [-90.9503, 32.0905], [-90.9492, 32.086], [-90.9434, 32.0891], [-90.9439, 32.0783], [-90.9383, 32.081], [-90.9384, 32.0853], [-90.934, 32.0816], [-90.918, 32.0807], [-90.9125, 32.0865], [-90.9207, 32.0874], [-90.9145, 32.0942], [-90.9145, 32.0977], [-90.9232, 32.0971], [-90.9254, 32.0997], [-90.9246, 32.102], [-90.9169, 32.1021], [-90.9224, 32.1042], [-90.9176, 32.1074], [-90.9217, 32.1178], [-90.9127, 32.1185], [-90.9139, 32.1206], [-90.9077, 32.1319], [-90.904, 32.1315], [-90.9022, 32.1276], [-90.8798, 32.1143], [-90.8774, 32.1167], [-90.8823, 32.1198], [-90.8821, 32.1218], [-90.8794, 32.1224], [-90.8771, 32.1199], [-90.8751, 32.1276], [-90.8717, 32.1266], [-90.8751, 32.1217], [-90.8705, 32.12], [-90.8624, 32.1217], [-90.862, 32.1248], [-90.8458, 32.1284], [-90.8438, 32.1386], [-90.8472, 32.1413], [-90.8524, 32.1393], [-90.8581, 32.142], [-90.8529, 32.1484], [-90.8493, 32.1492], [-90.8507, 32.1528], [-90.8453, 32.1511], [-90.8443, 32.1544], [-90.8513, 32.1556], [-90.8438, 32.159], [-90.8261, 32.1563], [-90.8298, 32.1508], [-90.8297, 32.1449], [-90.8207, 32.1371], [-90.8182, 32.1398], [-90.8136, 32.1396], [-90.8147, 32.1423], [-90.8094, 32.1476], [-90.8112, 32.1555], [-90.8067, 32.1551], [-90.8095, 32.152], [-90.8033, 32.1526], [-90.8, 32.1497], [-90.7986, 32.1472], [-90.8008, 32.1459], [-90.7983, 32.1428], [-90.7924, 32.1442], [-90.7968, 32.1464], [-90.7919, 32.1479], [-90.7929, 32.1516], [-90.7799, 32.1538], [-90.7763, 32.157], [-90.7748, 32.154], [-90.7721, 32.154], [-90.7668, 32.163], [-90.7694, 32.1654], [-90.7756, 32.1628], [-90.7756, 32.1667], [-90.7807, 32.1719], [-90.7855, 32.171], [-90.7854, 32.1756], [-90.79, 32.1747], [-90.7904, 32.1782], [-90.7864, 32.1794], [-90.7867, 32.183], [-90.7826, 32.1848], [-90.7765, 32.1939], [-90.7766, 32.1895], [-90.767, 32.1946], [-90.7641, 32.1916], [-90.7635, 32.196], [-90.7567, 32.1939], [-90.7505, 32.1958], [-90.7543, 32.2062], [-90.7495, 32.2077], [-90.747, 32.2034], [-90.7458, 32.2073], [-90.7433, 32.2059], [-90.7403, 32.208], [-90.7385, 32.2056], [-90.7369, 32.2122], [-90.7319, 32.2145], [-90.7395, 32.2155], [-90.7341, 32.2189], [-90.7321, 32.2255], [-90.7286, 32.2251], [-90.7144, 31.9776], [-90.7164, 31.9042], [-90.7197, 31.905], [-90.7293, 31.8978], [-90.7366, 31.8992], [-90.7479, 31.8919], [-90.7502, 31.8935], [-90.7555, 31.8915], [-90.7602, 31.8982], [-90.7632, 31.8952], [-90.765, 31.9002], [-90.7705, 31.9], [-90.7715, 31.9044], [-90.7772, 31.9052], [-90.7899, 31.9123], [-90.7916, 31.9117], [-90.7908, 31.9085], [-90.7928, 31.9081], [-90.7951, 31.9125], [-90.8064, 31.9082], [-90.8173, 31.9155], [-90.8254, 31.9085], [-90.8381, 31.9054], [-90.8414, 31.9077], [-90.8572, 31.9089], [-90.8627, 31.916], [-90.8683, 31.916], [-90.8732, 31.9112], [-90.8761, 31.9151], [-90.8877, 31.9194], [-90.8923, 31.9149], [-90.8973, 31.9178], [-90.9035, 31.9158], [-90.905, 31.9193], [-90.9103, 31.9208], [-90.9148, 31.9192], [-90.919, 31.9227], [-90.9244, 31.919], [-90.9281, 31.9194], [-90.9343, 31.927], [-90.9347, 31.9312], [-90.9408, 31.93], [-90.9546, 31.9367], [-90.9551, 31.9428], [-90.9596, 31.9461], [-90.9584, 31.9524], [-90.9662, 31.9575], [-90.9719, 31.9562], [-90.9687, 31.9599], [-90.9706, 31.9626], [-90.9843, 31.9667], [-90.9892, 31.9659], [-90.9881, 31.9712], [-90.9952, 31.974], [-90.9985, 31.9823], [-91.0048, 31.9868], [-91.009, 31.9855], [-91.0128, 31.9777], [-91.0164, 31.978], [-91.023, 31.9868], [-91.0291, 31.9887], [-91.0289, 31.9939], [-91.0306, 31.9942], [-91.0347, 31.9925], [-91.0336, 31.987], [-91.0372, 31.9849], [-91.0547, 31.9841], [-91.0555, 31.9792], [-91.0439, 31.9721], [-91.0488, 31.9634], [-91.0686, 31.9593], [-91.0742, 31.9692], [-91.0843, 31.9767], [-91.1033, 31.9732], [-91.1117, 31.9677], [-91.1143, 31.9709], [-91.124, 31.9711], [-91.1278, 31.9604], [-91.1334, 31.9645], [-91.1375, 31.962], [-91.1381, 31.9544], [-91.1449, 31.9575], [-91.1498, 31.9569], [-91.152, 31.9497], [-91.1657, 31.9399], [-91.1676, 31.9319], [-91.1846, 31.926], [-91.1847, 31.9351], [-91.1932, 31.9357], [-91.1895, 31.9464]]]}}, {"type": "Feature", "properties": {"fips": "28035000200", "gap_national": 12.1, "gap_stratum": 17.0, "burden": 69.9, "capacity": 58.8, "svi": 0.5, "top_decile_gap": 0.0, "stratum": "metropolitan", "scored": 1}, "geometry": {"type": "Polygon", "coordinates": [[[-89.2974, 31.3248], [-89.2935, 31.3218], [-89.2858, 31.3219], [-89.2833, 31.3161], [-89.2981, 31.3178], [-89.3058, 31.311], [-89.3143, 31.3174], [-89.3143, 31.3247], [-89.2974, 31.3248]]]}}, {"type": "Feature", "properties": {"fips": "28105950402", "gap_national": 19.0, "gap_stratum": 0.7, "burden": 68.1, "capacity": 52.8, "svi": 0.62, "top_decile_gap": 0.0, "stratum": "micropolitan", "scored": 1}, "geometry": {"type": "Polygon", "coordinates": [[[-88.8103, 33.504], [-88.8103, 33.4904], [-88.7971, 33.4863], [-88.8073, 33.4659], [-88.8139, 33.4659], [-88.8151, 33.4839], [-88.8296, 33.5024], [-88.8103, 33.504]]]}}, {"type": "Feature", "properties": {"fips": "28023950202", "gap_national": 40.6, "gap_stratum": 41.9, "burden": 93.6, "capacity": 55.1, "svi": 0.54, "top_decile_gap": 0.0, "stratum": "micropolitan", "scored": 1}, "geometry": {"type": "Polygon", "coordinates": [[[-88.8986, 32.1083], [-88.8912, 32.1052], [-88.8896, 32.1013], [-88.8753, 32.1251], [-88.8737, 32.1229], [-88.8641, 32.126], [-88.8621, 32.1341], [-88.8554, 32.1302], [-88.8525, 32.1398], [-88.839, 32.1596], [-88.8336, 32.1534], [-88.8289, 32.1411], [-88.8206, 32.1468], [-88.8187, 32.1442], [-88.8203, 32.142], [-88.8133, 32.1382], [-88.8131, 32.1271], [-88.8166, 32.1162], [-88.8162, 32.1139], [-88.8135, 32.1143], [-88.813, 32.1096], [-88.8106, 32.1093], [-88.8104, 32.1036], [-88.7986, 32.1074], [-88.7983, 32.1036], [-88.7959, 32.103], [-88.7972, 32.1048], [-88.7906, 32.1126], [-88.7969, 32.1187], [-88.7964, 32.1207], [-88.7939, 32.1215], [-88.7959, 32.1183], [-88.7884, 32.1167], [-88.7878, 32.1213], [-88.7806, 32.1245], [-88.7809, 32.1306], [-88.7767, 32.1335], [-88.7743, 32.1394], [-88.7684, 32.1415], [-88.7579, 32.1383], [-88.7386, 32.1396], [-88.7275, 32.1305], [-88.7184, 32.1328], [-88.7108, 32.1282], [-88.7136, 32.1161], [-88.7215, 32.1089], [-88.7212, 32.1031], [-88.7234, 32.1014], [-88.7223, 32.096], [-88.7173, 32.0911], [-88.7202, 32.0884], [-88.7172, 32.079], [-88.7213, 32.0738], [-88.7182, 32.0709], [-88.7305, 32.0695], [-88.7293, 32.0762], [-88.7335, 32.0776], [-88.7421, 32.0749], [-88.7448, 32.0666], [-88.7504, 32.0662], [-88.7493, 32.0641], [-88.7456, 32.0645], [-88.744, 32.0614], [-88.7461, 32.0594], [-88.7372, 32.0522], [-88.7392, 32.0459], [-88.7443, 32.0418], [-88.7433, 32.0362], [-88.7471, 32.0372], [-88.7484, 32.0408], [-88.7565, 32.0347], [-88.7622, 32.0381], [-88.7631, 32.0352], [-88.7713, 32.0374], [-88.7729, 32.0303], [-88.7642, 32.0291], [-88.764, 32.0256], [-88.7596, 32.0215], [-88.7685, 32.0219], [-88.7692, 32.017], [-88.7739, 32.016], [-88.7818, 32.0209], [-88.7852, 32.015], [-88.7804, 32.0111], [-88.786, 32.0119], [-88.7879, 32.0061], [-88.7984, 32.007], [-88.8034, 32.0113], [-88.8021, 31.9993], [-88.8068, 32.0028], [-88.8113, 32.0024], [-88.8132, 31.9981], [-88.8182, 31.9975], [-88.821, 32.0035], [-88.828, 32.0048], [-88.8327, 32.0103], [-88.8317, 32.0178], [-88.8358, 32.0214], [-88.8346, 32.024], [-88.8421, 32.03], [-88.8482, 32.044], [-88.8516, 32.0465], [-88.8531, 32.0444], [-88.8702, 32.0496], [-88.8742, 32.0528], [-88.8737, 32.0593], [-88.881, 32.0573], [-88.8801, 32.0636], [-88.8865, 32.0664], [-88.8846, 32.0671], [-88.8867, 32.0712], [-88.8964, 32.0735], [-88.8996, 32.0791], [-88.9068, 32.0837], [-88.9133, 32.0825], [-88.9136, 32.1085], [-88.8986, 32.1083]]]}}, {"type": "Feature", "properties": {"fips": "28033070632", "gap_national": -59.7, "gap_stratum": -53.8, "burden": 30.6, "capacity": 78.1, "svi": 0.02, "top_decile_gap": 0.0, "stratum": "metropolitan", "scored": 1}, "geometry": {"type": "Polygon", "coordinates": [[[-89.9804, 34.9627], [-89.9367, 34.9624], [-89.9368, 34.9333], [-89.9811, 34.9335], [-89.9804, 34.9627]]]}}, {"type": "Feature", "properties": {"fips": "28011950602", "gap_national": -39.3, "gap_stratum": -54.0, "burden": 24.6, "capacity": 58.0, "svi": 0.22, "top_decile_gap": 0.0, "stratum": "micropolitan", "scored": 1}, "geometry": {"type": "Polygon", "coordinates": [[[-90.763, 33.7695], [-90.7394, 33.7694], [-90.7247, 33.7514], [-90.7236, 33.7478], [-90.7337, 33.7476], [-90.7333, 33.7373], [-90.7351, 33.7354], [-90.7405, 33.7364], [-90.7405, 33.733], [-90.763, 33.7331], [-90.763, 33.7695]]]}}, {"type": "Feature", "properties": {"fips": "28059040106", "gap_national": -13.6, "gap_stratum": -7.9, "burden": 44.4, "capacity": 56.1, "svi": 0.42, "top_decile_gap": 0.0, "stratum": "metropolitan", "scored": 1}, "geometry": {"type": "Polygon", "coordinates": [[[-88.5087, 30.7227], [-88.5083, 30.7303], [-88.5049, 30.735], [-88.4125, 30.7356], [-88.4081, 30.6369], [-88.4269, 30.6294], [-88.4405, 30.6296], [-88.4544, 30.6349], [-88.4745, 30.6509], [-88.4918, 30.6533], [-88.4924, 30.6585], [-88.5129, 30.6899], [-88.513, 30.7177], [-88.5087, 30.7227]]]}}, {"type": "Feature", "properties": {"fips": "28059040301", "gap_national": 45.6, "gap_stratum": 48.9, "burden": 73.9, "capacity": 38.2, "svi": 0.71, "top_decile_gap": 0.0, "stratum": "metropolitan", "scored": 1}, "geometry": {"type": "Polygon", "coordinates": [[[-88.8431, 30.4544], [-88.8414, 30.4501], [-88.8628, 30.4503], [-88.8628, 30.4431], [-88.8725, 30.4424], [-88.8832, 30.4371], [-88.8834, 30.4541], [-88.8431, 30.4544]]]}}, {"type": "Feature", "properties": {"fips": "28071950203", "gap_national": 22.1, "gap_stratum": -2.4, "burden": 40.8, "capacity": 24.7, "svi": 0.61, "top_decile_gap": 0.0, "stratum": "micropolitan", "scored": 1}, "geometry": {"type": "Polygon", "coordinates": [[[-89.5415, 34.3496], [-89.5344, 34.3514], [-89.5328, 34.3554], [-89.5084, 34.3543], [-89.5143, 34.3367], [-89.5177, 34.3397], [-89.5313, 34.3356], [-89.5464, 34.3418], [-89.5415, 34.3496]]]}}, {"type": "Feature", "properties": {"fips": "28121020218", "gap_national": -52.8, "gap_stratum": -47.7, "burden": 29.0, "capacity": 70.7, "svi": 0.27, "top_decile_gap": 0.0, "stratum": "metropolitan", "scored": 1}, "geometry": {"type": "Polygon", "coordinates": [[[-90.0078, 32.3589], [-89.9916, 32.3632], [-89.9658, 32.3788], [-89.9646, 32.3769], [-89.9654, 32.3707], [-89.9719, 32.3597], [-89.9722, 32.342], [-89.9747, 32.3379], [-89.9828, 32.333], [-89.987, 32.3346], [-89.9907, 32.3322], [-89.998, 32.333], [-89.9974, 32.3351], [-90.0026, 32.3397], [-90.0029, 32.3456], [-90.0078, 32.3589]]]}}, {"type": "Feature", "properties": {"fips": "28073020203", "gap_national": -28.3, "gap_stratum": -21.9, "burden": 41.4, "capacity": 63.6, "svi": 0.28, "top_decile_gap": 0.0, "stratum": "metropolitan", "scored": 1}, "geometry": {"type": "Polygon", "coordinates": [[[-89.446, 31.2887], [-89.4417, 31.2882], [-89.4352, 31.281], [-89.4318, 31.2805], [-89.4315, 31.2825], [-89.4145, 31.2862], [-89.4113, 31.2927], [-89.3998, 31.2918], [-89.3958, 31.2891], [-89.3903, 31.2931], [-89.3898, 31.2846], [-89.3814, 31.2838], [-89.3816, 31.2736], [-89.4211, 31.2716], [-89.4276, 31.2618], [-89.4302, 31.2613], [-89.4333, 31.2626], [-89.4315, 31.2692], [-89.4351, 31.27], [-89.4391, 31.276], [-89.4438, 31.2771], [-89.446, 31.2887]]]}}, {"type": "Feature", "properties": {"fips": "28067980000", "gap_national": null, "gap_stratum": null, "burden": null, "capacity": null, "svi": null, "top_decile_gap": null, "stratum": null, "scored": 0}, "geometry": {"type": "Polygon", "coordinates": [[[-89.3399, 31.4866], [-89.3387, 31.4874], [-89.334, 31.4809], [-89.3318, 31.481], [-89.3318, 31.4693], [-89.3231, 31.4688], [-89.3228, 31.4642], [-89.3267, 31.4648], [-89.3269, 31.4602], [-89.3362, 31.4547], [-89.3402, 31.4561], [-89.3399, 31.4866]]]}}, {"type": "Feature", "properties": {"fips": "28107950201", "gap_national": 44.3, "gap_stratum": 60.7, "burden": 99.4, "capacity": 55.0, "svi": 1.0, "top_decile_gap": 0.0, "stratum": "rural", "scored": 1}, "geometry": {"type": "Polygon", "coordinates": [[[-89.9214, 34.437], [-89.9204, 34.4335], [-89.9113, 34.4337], [-89.9114, 34.4371], [-89.8898, 34.4372], [-89.8899, 34.4284], [-89.8964, 34.4112], [-89.9074, 34.4235], [-89.9483, 34.4232], [-89.9484, 34.4373], [-89.9214, 34.437]]]}}, {"type": "Feature", "properties": {"fips": "28061950402", "gap_national": 19.3, "gap_stratum": 19.7, "burden": 94.6, "capacity": 70.0, "svi": 0.38, "top_decile_gap": 0.0, "stratum": "metropolitan", "scored": 1}, "geometry": {"type": "Polygon", "coordinates": [[[-89.155, 31.9499], [-89.1567, 31.9604], [-89.1383, 31.9626], [-89.127, 31.9676], [-89.1329, 31.9714], [-89.1356, 31.9802], [-89.1313, 31.9888], [-89.1326, 31.9941], [-89.1449, 32.0093], [-89.149, 32.0196], [-89.1414, 32.0219], [-89.1344, 32.0274], [-89.0865, 32.029], [-89.0734, 32.0249], [-89.0589, 32.0278], [-89.0416, 32.0279], [-89.035, 32.0312], [-89.0302, 32.0255], [-89.0221, 32.0213], [-88.9996, 32.021], [-88.9743, 32.0317], [-88.931, 32.0338], [-88.9128, 32.0425], [-88.9118, 31.9569], [-88.9179, 31.9559], [-88.9322, 31.9348], [-88.9403, 31.9305], [-88.9444, 31.9332], [-88.9512, 31.933], [-88.9567, 31.9391], [-88.9755, 31.9342], [-88.9942, 31.934], [-88.9971, 31.9292], [-88.9983, 31.934], [-89.0127, 31.934], [-89.0207, 31.9269], [-89.0183, 31.9118], [-89.0102, 31.9022], [-89.0101, 31.8939], [-89.0048, 31.8889], [-89.0064, 31.8866], [-89.0024, 31.8831], [-88.9994, 31.8731], [-89.0075, 31.8702], [-89.0078, 31.8723], [-89.0165, 31.8754], [-89.0336, 31.8757], [-89.0375, 31.886], [-89.0461, 31.8695], [-89.0499, 31.8711], [-89.0506, 31.8623], [-89.0645, 31.8608], [-89.0784, 31.8531], [-89.0865, 31.8614], [-89.0915, 31.8575], [-89.0939, 31.8582], [-89.0941, 31.8548], [-89.0976, 31.8529], [-89.0955, 31.8508], [-89.0966, 31.8481], [-89.0946, 31.8449], [-89.0868, 31.8433], [-89.087, 31.8397], [-89.0849, 31.8408], [-89.0851, 31.8379], [-89.081, 31.8358], [-89.0843, 31.8322], [-89.0829, 31.8279], [-89.0855, 31.8226], [-89.0824, 31.8192], [-89.0832, 31.8163], [-89.127, 31.8135], [-89.1367, 31.8295], [-89.1383, 31.8487], [-89.1452, 31.8514], [-89.148, 31.8596], [-89.1439, 31.8731], [-89.1384, 31.8778], [-89.138, 31.8817], [-89.1452, 31.8899], [-89.1492, 31.9036], [-89.1469, 31.9081], [-89.1549, 31.9127], [-89.1577, 31.9453], [-89.155, 31.9499]]]}}, {"type": "Feature", "properties": {"fips": "28045030202", "gap_national": -34.5, "gap_stratum": -26.2, "burden": 58.2, "capacity": 85.8, "svi": 0.29, "top_decile_gap": 0.0, "stratum": "metropolitan", "scored": 1}, "geometry": {"type": "Polygon", "coordinates": [[[-89.3639, 30.2936], [-89.3785, 30.3061], [-89.3659, 30.3104], [-89.3687, 30.3022], [-89.3619, 30.3034], [-89.3513, 30.3], [-89.3547, 30.2982], [-89.3441, 30.2943], [-89.3677, 30.2838], [-89.3799, 30.2712], [-89.3889, 30.2801], [-89.3639, 30.2936]]]}}, {"type": "Feature", "properties": {"fips": "28045030502", "gap_national": -47.4, "gap_stratum": -39.2, "burden": 51.0, "capacity": 94.2, "svi": 0.01, "top_decile_gap": 0.0, "stratum": "metropolitan", "scored": 1}, "geometry": {"type": "Polygon", "coordinates": [[[-89.3792, 30.3908], [-89.3654, 30.4006], [-89.3532, 30.4027], [-89.3515, 30.4005], [-89.3619, 30.3891], [-89.3698, 30.376], [-89.378, 30.3754], [-89.3815, 30.386], [-89.3792, 30.3908]]]}}, {"type": "Feature", "properties": {"fips": "28143980000", "gap_national": null, "gap_stratum": null, "burden": null, "capacity": null, "svi": null, "top_decile_gap": null, "stratum": null, "scored": 0}, "geometry": {"type": "Polygon", "coordinates": [[[-90.3411, 34.7082], [-90.3406, 34.6849], [-90.3584, 34.6848], [-90.3585, 34.7037], [-90.3411, 34.7082]]]}}, {"type": "Feature", "properties": {"fips": "28047003405", "gap_national": -21.1, "gap_stratum": -16.5, "burden": 37.0, "capacity": 55.5, "svi": 0.22, "top_decile_gap": 0.0, "stratum": "metropolitan", "scored": 1}, "geometry": {"type": "Polygon", "coordinates": [[[-88.9655, 30.5229], [-88.9619, 30.5339], [-88.9563, 30.5368], [-88.9501, 30.545], [-88.9349, 30.5353], [-88.9234, 30.5335], [-88.9274, 30.5422], [-88.9279, 30.5511], [-88.9125, 30.5588], [-88.9006, 30.5564], [-88.8839, 30.561], [-88.8834, 30.4647], [-88.9006, 30.4599], [-88.9099, 30.4733], [-88.9141, 30.4904], [-88.9206, 30.4991], [-88.9401, 30.5122], [-88.9751, 30.5208], [-88.9655, 30.5229]]]}}, {"type": "Feature", "properties": {"fips": "28047002701", "gap_national": -26.5, "gap_stratum": -18.5, "burden": 50.2, "capacity": 69.4, "svi": 0.48, "top_decile_gap": 0.0, "stratum": "metropolitan", "scored": 1}, "geometry": {"type": "Polygon", "coordinates": [[[-89.1624, 30.3604], [-89.1533, 30.3516], [-89.1868, 30.3389], [-89.1869, 30.3449], [-89.1624, 30.3604]]]}}, {"type": "Feature", "properties": {"fips": "28047003901", "gap_national": 31.1, "gap_stratum": 30.4, "burden": 93.9, "capacity": 61.5, "svi": 0.43, "top_decile_gap": 0.0, "stratum": "metropolitan", "scored": 1}, "geometry": {"type": "Polygon", "coordinates": [[[-88.8944, 30.4223], [-88.8835, 30.4162], [-88.8859, 30.4156], [-88.8852, 30.3991], [-88.895, 30.3989], [-88.8944, 30.4223]]]}}, {"type": "Feature", "properties": {"fips": "28121020208", "gap_national": -46.1, "gap_stratum": -37.9, "burden": 51.2, "capacity": 91.5, "svi": 0.03, "top_decile_gap": 0.0, "stratum": "metropolitan", "scored": 1}, "geometry": {"type": "Polygon", "coordinates": [[[-90.0336, 32.3202], [-90.0226, 32.3202], [-90.0207, 32.3143], [-90.0006, 32.2958], [-90.0175, 32.2838], [-90.036, 32.2838], [-90.0336, 32.3202]]]}}, {"type": "Feature", "properties": {"fips": "28089030900", "gap_national": 9.3, "gap_stratum": 11.2, "burden": 89.6, "capacity": 75.1, "svi": 0.64, "top_decile_gap": 0.0, "stratum": "metropolitan", "scored": 1}, "geometry": {"type": "Polygon", "coordinates": [[[-90.0306, 32.7061], [-90.0337, 32.7357], [-90.0279, 32.7325], [-90.0186, 32.7363], [-90.0116, 32.7352], [-90.0089, 32.737], [-90.0083, 32.7349], [-89.9986, 32.7335], [-89.9977, 32.7305], [-89.9889, 32.7334], [-89.9844, 32.7316], [-89.979, 32.7339], [-89.9752, 32.7394], [-89.9676, 32.7407], [-89.9663, 32.7492], [-89.9453, 32.7395], [-89.9416, 32.7353], [-89.9423, 32.7328], [-89.9362, 32.7313], [-89.9345, 32.7252], [-89.9265, 32.7245], [-89.9199, 32.7197], [-89.9081, 32.7193], [-89.9085, 32.7173], [-89.9048, 32.7175], [-89.8996, 32.7117], [-89.8961, 32.7127], [-89.8907, 32.71], [-89.8801, 32.714], [-89.8759, 32.7096], [-89.872, 32.7096], [-89.8673, 32.7029], [-89.8633, 32.7021], [-89.856, 32.7021], [-89.8537, 32.7051], [-89.8477, 32.7037], [-89.8447, 32.7071], [-89.8289, 32.7109], [-89.8233, 32.7062], [-89.8005, 32.72], [-89.7812, 32.7356], [-89.7675, 32.7401], [-89.7438, 32.7386], [-89.7302, 32.7411], [-89.7303, 32.6342], [-89.7361, 32.6331], [-89.7357, 32.6305], [-89.7394, 32.6299], [-89.7411, 32.6259], [-89.7554, 32.6171], [-89.7592, 32.6135], [-89.7613, 32.6067], [-89.7659, 32.6081], [-89.7709, 32.6062], [-89.7714, 32.6043], [-89.7673, 32.6027], [-89.7686, 32.6], [-89.7829, 32.5966], [-89.7813, 32.5898], [-89.7859, 32.5837], [-89.7892, 32.5859], [-89.7875, 32.592], [-89.794, 32.593], [-89.7921, 32.5874], [-89.7939, 32.5854], [-89.796, 32.5848], [-89.7985, 32.59], [-89.8081, 32.5908], [-89.8079, 32.5841], [-89.8124, 32.586], [-89.8139, 32.5819], [-89.8179, 32.5867], [-89.8269, 32.5846], [-89.8326, 32.5864], [-89.8329, 32.5902], [-89.8369, 32.5854], [-89.8367, 32.5907], [-89.84, 32.5933], [-89.8417, 32.5875], [-89.8465, 32.5827], [-89.8589, 32.5848], [-89.8612, 32.5832], [-89.8638, 32.5693], [-89.867, 32.5645], [-89.8751, 32.5592], [-89.8869, 32.5629], [-89.8959, 32.5544], [-89.8929, 32.5497], [-89.8951, 32.5445], [-89.8932, 32.5424], [-89.8997, 32.5428], [-89.9022, 32.5383], [-89.9113, 32.5373], [-89.9129, 32.5356], [-89.9106, 32.5325], [-89.9112, 32.5287], [-89.9233, 32.5289], [-89.9248, 32.5218], [-89.9314, 32.5123], [-89.9398, 32.5137], [-89.943, 32.5192], [-89.9715, 32.5224], [-89.9775, 32.5271], [-89.9937, 32.5169], [-90.0261, 32.517], [-90.0248, 32.5243], [-90.0165, 32.5388], [-90.0174, 32.5445], [-90.0228, 32.5459], [-90.0209, 32.5569], [-90.0189, 32.558], [-90.0211, 32.5637], [-90.0199, 32.5678], [-90.0283, 32.577], [-90.0247, 32.5819], [-90.0309, 32.5842], [-90.03, 32.5882], [-90.0161, 32.5854], [-90.0101, 32.5897], [-89.9949, 32.5907], [-89.9846, 32.5947], [-89.9873, 32.613], [-89.9479, 32.6257], [-89.9627, 32.6295], [-89.98, 32.627], [-89.9849, 32.6297], [-89.9884, 32.6294], [-89.9929, 32.6248], [-90.0034, 32.6332], [-90.0292, 32.6332], [-90.0247, 32.6403], [-90.0347, 32.6404], [-90.026, 32.6702], [-90.0264, 32.6956], [-90.0356, 32.6997], [-90.0306, 32.7061]]]}}, {"type": "Feature", "properties": {"fips": "28089031000", "gap_national": 8.2, "gap_stratum": 10.0, "burden": 90.4, "capacity": 76.5, "svi": 0.62, "top_decile_gap": 0.0, "stratum": "metropolitan", "scored": 1}, "geometry": {"type": "Polygon", "coordinates": [[[-90.038, 32.7542], [-90.0394, 32.7591], [-90.0324, 32.7598], [-90.0331, 32.7632], [-90.0306, 32.7664], [-90.033, 32.7679], [-90.0298, 32.7705], [-90.032, 32.775], [-90.0258, 32.777], [-90.0265, 32.7809], [-90.0227, 32.7849], [-90.0207, 32.7931], [-90.0239, 32.7953], [-90.0203, 32.7961], [-90.0212, 32.7989], [-90.0172, 32.8032], [-90.0207, 32.8052], [-90.0179, 32.8127], [-90.0201, 32.8132], [-90.0175, 32.827], [-90.0135, 32.8315], [-90.0103, 32.8279], [-90.0074, 32.8316], [-90.0065, 32.829], [-89.9954, 32.834], [-89.9898, 32.8445], [-89.9926, 32.8475], [-89.9878, 32.8474], [-89.9863, 32.8542], [-89.983, 32.8563], [-89.9852, 32.8564], [-89.9814, 32.8619], [-89.9833, 32.8645], [-89.9735, 32.8669], [-89.9728, 32.8723], [-89.9659, 32.8796], [-89.8395, 32.8797], [-89.8404, 32.8854], [-89.73, 32.8851], [-89.7307, 32.7407], [-89.7438, 32.7386], [-89.7675, 32.7401], [-89.7812, 32.7356], [-89.8005, 32.72], [-89.8233, 32.7062], [-89.8289, 32.7109], [-89.8447, 32.7071], [-89.8477, 32.7037], [-89.8537, 32.7051], [-89.856, 32.7021], [-89.8633, 32.7021], [-89.8673, 32.7029], [-89.872, 32.7096], [-89.8759, 32.7096], [-89.8801, 32.714], [-89.8907, 32.71], [-89.8961, 32.7127], [-89.8996, 32.7117], [-89.9048, 32.7175], [-89.9085, 32.7173], [-89.9081, 32.7193], [-89.9199, 32.7197], [-89.9265, 32.7245], [-89.9345, 32.7252], [-89.9362, 32.7313], [-89.9423, 32.7328], [-89.9416, 32.7353], [-89.9453, 32.7395], [-89.9519, 32.7412], [-89.9547, 32.7451], [-89.9616, 32.7463], [-89.9626, 32.7484], [-89.9663, 32.7492], [-89.9676, 32.7407], [-89.9752, 32.7394], [-89.979, 32.7339], [-89.9977, 32.7305], [-89.9986, 32.7335], [-90.0083, 32.7349], [-90.0089, 32.737], [-90.0116, 32.7352], [-90.0186, 32.7363], [-90.0279, 32.7325], [-90.0372, 32.7367], [-90.0395, 32.7358], [-90.0382, 32.741], [-90.0424, 32.7441], [-90.038, 32.7542]]]}}, {"type": "Feature", "properties": {"fips": "28013950200", "gap_national": 26.3, "gap_stratum": 31.6, "burden": 96.0, "capacity": 65.7, "svi": 0.87, "top_decile_gap": 0.0, "stratum": "rural", "scored": 1}, "geometry": {"type": "Polygon", "coordinates": [[[-89.3508, 33.9977], [-89.3493, 34.0013], [-89.3331, 34.0026], [-89.3289, 33.9927], [-89.3139, 33.9882], [-89.3479, 33.9737], [-89.3499, 33.9874], [-89.3542, 33.9858], [-89.3587, 33.9977], [-89.3508, 33.9977]]]}}, {"type": "Feature", "properties": {"fips": "28163950601", "gap_national": -1.4, "gap_stratum": -15.1, "burden": 81.7, "capacity": 78.1, "svi": 0.45, "top_decile_gap": 0.0, "stratum": "micropolitan", "scored": 1}, "geometry": {"type": "Polygon", "coordinates": [[[-90.4126, 32.7932], [-90.4089, 32.8011], [-90.4103, 32.8176], [-90.408, 32.8198], [-90.4088, 32.8272], [-90.4129, 32.8301], [-90.413, 32.8335], [-90.403, 32.8383], [-90.3996, 32.8373], [-90.3981, 32.8407], [-90.3749, 32.8396], [-90.3476, 32.8435], [-90.3384, 32.8422], [-90.3304, 32.8317], [-90.3009, 32.8316], [-90.2818, 32.8269], [-90.2612, 32.8167], [-90.2478, 32.8157], [-90.239, 32.8122], [-90.2311, 32.8035], [-90.2143, 32.7968], [-90.2034, 32.7888], [-90.1873, 32.7734], [-90.1464, 32.7538], [-90.1317, 32.7409], [-90.1041, 32.7337], [-90.0936, 32.7076], [-90.0959, 32.7058], [-90.094, 32.7048], [-90.1004, 32.7], [-90.1053, 32.704], [-90.1073, 32.7006], [-90.1106, 32.7012], [-90.1108, 32.7042], [-90.1154, 32.7045], [-90.1156, 32.7016], [-90.1222, 32.7022], [-90.1216, 32.6997], [-90.1296, 32.6997], [-90.132, 32.7022], [-90.1373, 32.6988], [-90.1353, 32.6918], [-90.138, 32.6908], [-90.1365, 32.6873], [-90.1415, 32.6851], [-90.1456, 32.6917], [-90.1514, 32.6898], [-90.154, 32.6916], [-90.1564, 32.6872], [-90.1682, 32.6815], [-90.1808, 32.6799], [-90.1848, 32.6735], [-90.1933, 32.6717], [-90.1927, 32.6658], [-90.1977, 32.6638], [-90.2069, 32.6663], [-90.2229, 32.6599], [-90.2275, 32.668], [-90.2277, 32.665], [-90.231, 32.6676], [-90.2394, 32.6653], [-90.2383, 32.6633], [-90.2416, 32.6645], [-90.2457, 32.6609], [-90.2447, 32.6587], [-90.2571, 32.6629], [-90.2654, 32.6562], [-90.2712, 32.6579], [-90.2714, 32.6602], [-90.2744, 32.6575], [-90.2748, 32.6602], [-90.2782, 32.6602], [-90.2772, 32.6586], [-90.2802, 32.6548], [-90.2839, 32.6551], [-90.2832, 32.646], [-90.2881, 32.6418], [-90.2889, 32.6444], [-90.2939, 32.6439], [-90.2952, 32.6467], [-90.3041, 32.6451], [-90.2987, 32.6655], [-90.302, 32.6676], [-90.3033, 32.6745], [-90.3016, 32.6766], [-90.3057, 32.6821], [-90.3061, 32.6889], [-90.2996, 32.6906], [-90.2929, 32.6975], [-90.2932, 32.7032], [-90.2873, 32.7122], [-90.2893, 32.7148], [-90.2873, 32.7175], [-90.2931, 32.7221], [-90.2921, 32.7271], [-90.2949, 32.7285], [-90.294, 32.7302], [-90.3042, 32.7361], [-90.3075, 32.7496], [-90.3571, 32.7495], [-90.3555, 32.7395], [-90.3662, 32.7316], [-90.3665, 32.7252], [-90.3764, 32.7155], [-90.3742, 32.7107], [-90.3805, 32.7], [-90.3897, 32.6963], [-90.3931, 32.7087], [-90.3925, 32.7172], [-90.401, 32.7207], [-90.404, 32.7253], [-90.4049, 32.7382], [-90.3993, 32.7485], [-90.3901, 32.7517], [-90.3881, 32.7569], [-90.4022, 32.7709], [-90.4018, 32.7753], [-90.4077, 32.7771], [-90.4078, 32.7845], [-90.4134, 32.7864], [-90.4126, 32.7932]]]}}, {"type": "Feature", "properties": {"fips": "28149951102", "gap_national": 24.6, "gap_stratum": 18.8, "burden": 86.7, "capacity": 62.0, "svi": 0.59, "top_decile_gap": 0.0, "stratum": "micropolitan", "scored": 1}, "geometry": {"type": "Polygon", "coordinates": [[[-91.1642, 32.1969], [-91.158, 32.202], [-91.1336, 32.2134], [-91.113, 32.2066], [-91.1085, 32.2082], [-91.0921, 32.2239], [-91.0837, 32.2265], [-91.0711, 32.2261], [-91.0614, 32.2186], [-91.0531, 32.228], [-91.0503, 32.2379], [-91.0465, 32.2411], [-91.039, 32.2423], [-91.0215, 32.2361], [-91.0029, 32.2231], [-91.0045, 32.2125], [-91.0025, 32.1959], [-91.0011, 32.1928], [-90.9952, 32.1921], [-90.9838, 32.2106], [-90.9831, 32.2314], [-90.9803, 32.2436], [-90.9694, 32.2525], [-90.9713, 32.2577], [-90.983, 32.2703], [-90.9841, 32.28], [-90.9795, 32.2937], [-90.9746, 32.2971], [-90.9641, 32.2969], [-90.9514, 32.2832], [-90.934, 32.2903], [-90.9234, 32.2978], [-90.9175, 32.2906], [-90.9265, 32.2833], [-90.9194, 32.279], [-90.9167, 32.2805], [-90.9154, 32.2776], [-90.9214, 32.2509], [-90.9147, 32.2537], [-90.9099, 32.2591], [-90.8962, 32.2571], [-90.8858, 32.2597], [-90.8772, 32.256], [-90.8713, 32.2584], [-90.8682, 32.2502], [-90.8607, 32.2465], [-90.8636, 32.2386], [-90.8611, 32.2356], [-90.864, 32.2311], [-90.8691, 32.2253], [-90.8756, 32.2238], [-90.8772, 32.2188], [-90.8813, 32.2199], [-90.8833, 32.2179], [-90.866, 32.209], [-90.8696, 32.205], [-90.8806, 32.2017], [-90.8802, 32.1991], [-90.871, 32.1877], [-90.8696, 32.1802], [-90.8721, 32.1784], [-90.8712, 32.1738], [-90.8631, 32.1653], [-90.8636, 32.1601], [-90.855, 32.1476], [-90.8581, 32.142], [-90.8524, 32.1393], [-90.8472, 32.1413], [-90.8431, 32.1365], [-90.8458, 32.1284], [-90.862, 32.1248], [-90.8624, 32.1217], [-90.8678, 32.1201], [-90.8751, 32.1217], [-90.8717, 32.1266], [-90.876, 32.1272], [-90.8771, 32.1199], [-90.8794, 32.1224], [-90.8821, 32.1218], [-90.8823, 32.1198], [-90.8774, 32.1167], [-90.8798, 32.1143], [-90.9022, 32.1276], [-90.904, 32.1315], [-90.9077, 32.1319], [-90.9139, 32.1206], [-90.9127, 32.1185], [-90.9217, 32.1178], [-90.9176, 32.1074], [-90.9224, 32.1042], [-90.9169, 32.1021], [-90.9246, 32.102], [-90.9254, 32.0997], [-90.9232, 32.0971], [-90.9145, 32.0977], [-90.9145, 32.0942], [-90.9207, 32.0874], [-90.9131, 32.0874], [-90.9139, 32.0838], [-90.918, 32.0807], [-90.934, 32.0816], [-90.9384, 32.0853], [-90.9383, 32.081], [-90.9439, 32.0783], [-90.9434, 32.0891], [-90.9492, 32.086], [-90.9503, 32.0905], [-90.9525, 32.0902], [-90.951, 32.0816], [-90.9568, 32.0836], [-90.9577, 32.0903], [-90.966, 32.0879], [-90.9606, 32.0946], [-90.9616, 32.099], [-90.9574, 32.1016], [-90.9612, 32.1052], [-90.9637, 32.1047], [-90.9703, 32.0946], [-90.9788, 32.0989], [-90.9903, 32.097], [-91.0307, 32.1143], [-91.0309, 32.1206], [-91.0176, 32.1252], [-91.0064, 32.14], [-91.0029, 32.1621], [-91.0166, 32.1609], [-91.025, 32.1626], [-91.0418, 32.1746], [-91.0583, 32.181], [-91.0589, 32.1713], [-91.0497, 32.1574], [-91.0485, 32.1502], [-91.0512, 32.1442], [-91.0532, 32.1242], [-91.0691, 32.1315], [-91.0816, 32.134], [-91.1012, 32.1311], [-91.1113, 32.125], [-91.1314, 32.1262], [-91.1628, 32.1327], [-91.1735, 32.149], [-91.1737, 32.1642], [-91.1642, 32.1969]]]}}, {"type": "Feature", "properties": {"fips": "28149951101", "gap_national": -1.2, "gap_stratum": -17.5, "burden": 78.5, "capacity": 75.1, "svi": 0.44, "top_decile_gap": 0.0, "stratum": "micropolitan", "scored": 1}, "geometry": {"type": "Polygon", "coordinates": [[[-90.8772, 32.2188], [-90.8756, 32.2238], [-90.8691, 32.2253], [-90.8611, 32.2356], [-90.8636, 32.2386], [-90.8607, 32.2465], [-90.8682, 32.2502], [-90.8715, 32.2577], [-90.8634, 32.2748], [-90.8693, 32.2822], [-90.8685, 32.2894], [-90.864, 32.2908], [-90.8554, 32.2901], [-90.8473, 32.2853], [-90.8335, 32.2836], [-90.832, 32.2793], [-90.8247, 32.2753], [-90.8079, 32.2934], [-90.799, 32.2928], [-90.7968, 32.2978], [-90.7873, 32.2865], [-90.7842, 32.2885], [-90.7727, 32.2829], [-90.7553, 32.2816], [-90.7492, 32.2756], [-90.7472, 32.2711], [-90.7488, 32.2693], [-90.7417, 32.264], [-90.7416, 32.2609], [-90.737, 32.2587], [-90.7305, 32.2595], [-90.7306, 32.2626], [-90.7283, 32.263], [-90.726, 32.261], [-90.7282, 32.2592], [-90.7232, 32.259], [-90.7225, 32.2566], [-90.718, 32.2576], [-90.7195, 32.2528], [-90.7154, 32.256], [-90.7136, 32.2524], [-90.7165, 32.2475], [-90.7269, 32.2415], [-90.7273, 32.2319], [-90.7255, 32.2301], [-90.7286, 32.2251], [-90.7321, 32.2255], [-90.7341, 32.2189], [-90.7395, 32.2155], [-90.7319, 32.2145], [-90.7369, 32.2122], [-90.7385, 32.2056], [-90.7403, 32.208], [-90.7433, 32.2059], [-90.7458, 32.2073], [-90.747, 32.2034], [-90.7495, 32.2077], [-90.7533, 32.2075], [-90.7543, 32.2019], [-90.7505, 32.1958], [-90.7567, 32.1939], [-90.7635, 32.196], [-90.7641, 32.1916], [-90.767, 32.1946], [-90.7766, 32.1895], [-90.7765, 32.1939], [-90.7826, 32.1848], [-90.7867, 32.183], [-90.7864, 32.1794], [-90.7904, 32.1782], [-90.79, 32.1747], [-90.7854, 32.1756], [-90.7855, 32.171], [-90.7807, 32.1719], [-90.7756, 32.1667], [-90.7756, 32.1628], [-90.7694, 32.1654], [-90.7668, 32.163], [-90.7709, 32.157], [-90.7697, 32.1553], [-90.7748, 32.154], [-90.7763, 32.157], [-90.7799, 32.1538], [-90.7929, 32.1516], [-90.7919, 32.1479], [-90.7968, 32.1464], [-90.7924, 32.1442], [-90.7983, 32.1428], [-90.8008, 32.1459], [-90.7986, 32.1472], [-90.8, 32.1497], [-90.8033, 32.1526], [-90.8095, 32.152], [-90.8067, 32.1551], [-90.8112, 32.1555], [-90.8094, 32.1476], [-90.8147, 32.1423], [-90.8136, 32.1396], [-90.8182, 32.1398], [-90.8192, 32.1373], [-90.8249, 32.1388], [-90.8297, 32.1449], [-90.8298, 32.1508], [-90.8255, 32.1549], [-90.8276, 32.1568], [-90.8438, 32.159], [-90.85, 32.1567], [-90.851, 32.1547], [-90.8436, 32.1533], [-90.8453, 32.1511], [-90.8507, 32.1528], [-90.8493, 32.1492], [-90.8549, 32.1458], [-90.8636, 32.1601], [-90.8631, 32.1653], [-90.8712, 32.1738], [-90.8721, 32.1784], [-90.8696, 32.1802], [-90.871, 32.1877], [-90.8802, 32.1991], [-90.8806, 32.2017], [-90.8696, 32.205], [-90.866, 32.209], [-90.8783, 32.2148], [-90.8827, 32.2195], [-90.8772, 32.2188]]]}}, {"type": "Feature", "properties": {"fips": "28151000600", "gap_national": 48.5, "gap_stratum": 52.3, "burden": 99.4, "capacity": 52.1, "svi": 0.9, "top_decile_gap": 0.0, "stratum": "micropolitan", "scored": 1}, "geometry": {"type": "Polygon", "coordinates": [[[-91.0701, 33.4122], [-91.0662, 33.4102], [-91.0622, 33.4145], [-91.0496, 33.4076], [-91.06, 33.4026], [-91.0611, 33.4], [-91.0567, 33.3976], [-91.0666, 33.3855], [-91.072, 33.3889], [-91.0713, 33.3991], [-91.0798, 33.4027], [-91.0701, 33.4122]]]}}, {"type": "Feature", "properties": {"fips": "28089030403", "gap_national": -8.9, "gap_stratum": -4.4, "burden": 79.7, "capacity": 84.3, "svi": 0.02, "top_decile_gap": 0.0, "stratum": "metropolitan", "scored": 1}, "geometry": {"type": "Polygon", "coordinates": [[[-90.2839, 32.6551], [-90.2802, 32.6548], [-90.2772, 32.6586], [-90.2782, 32.6602], [-90.2748, 32.6602], [-90.2744, 32.6575], [-90.2714, 32.6602], [-90.2712, 32.6579], [-90.2654, 32.6562], [-90.2571, 32.6629], [-90.2447, 32.6587], [-90.2457, 32.6609], [-90.2416, 32.6645], [-90.2383, 32.6633], [-90.2394, 32.6653], [-90.231, 32.6676], [-90.2277, 32.665], [-90.2261, 32.6681], [-90.2229, 32.6599], [-90.2069, 32.6663], [-90.1977, 32.6638], [-90.1927, 32.6658], [-90.1933, 32.6717], [-90.1848, 32.6735], [-90.1808, 32.6799], [-90.1682, 32.6815], [-90.1564, 32.6872], [-90.154, 32.6916], [-90.1514, 32.6898], [-90.1456, 32.6917], [-90.1415, 32.6851], [-90.1365, 32.6873], [-90.138, 32.6908], [-90.1353, 32.6918], [-90.1373, 32.6988], [-90.132, 32.7022], [-90.1296, 32.6997], [-90.1216, 32.6997], [-90.1222, 32.7022], [-90.1156, 32.7016], [-90.1154, 32.7045], [-90.1108, 32.7042], [-90.1106, 32.7012], [-90.1073, 32.7006], [-90.1053, 32.704], [-90.0996, 32.7003], [-90.094, 32.7048], [-90.0957, 32.7067], [-90.0874, 32.7129], [-90.0898, 32.7149], [-90.0848, 32.717], [-90.0844, 32.7192], [-90.0795, 32.7196], [-90.0778, 32.7261], [-90.075, 32.7253], [-90.0739, 32.7278], [-90.0759, 32.7273], [-90.0761, 32.7295], [-90.071, 32.7317], [-90.0652, 32.7293], [-90.0614, 32.7308], [-90.0612, 32.7331], [-90.0576, 32.7312], [-90.0574, 32.7356], [-90.0491, 32.7357], [-90.0495, 32.7385], [-90.0452, 32.7442], [-90.0382, 32.741], [-90.0395, 32.7358], [-90.0337, 32.7357], [-90.0306, 32.7061], [-90.0356, 32.6997], [-90.0268, 32.6971], [-90.0254, 32.6741], [-90.0347, 32.6404], [-90.0545, 32.6403], [-90.0548, 32.6326], [-90.0627, 32.633], [-90.063, 32.6247], [-90.0684, 32.6146], [-90.0695, 32.606], [-90.0826, 32.6009], [-90.0933, 32.589], [-90.1069, 32.5799], [-90.116, 32.5774], [-90.1272, 32.5817], [-90.1451, 32.5822], [-90.1646, 32.5682], [-90.1859, 32.5637], [-90.2031, 32.5633], [-90.2158, 32.5533], [-90.2262, 32.5567], [-90.242, 32.5563], [-90.2476, 32.5601], [-90.236, 32.5638], [-90.2318, 32.5793], [-90.2341, 32.584], [-90.2286, 32.5972], [-90.2299, 32.6074], [-90.2462, 32.6216], [-90.2537, 32.6249], [-90.2615, 32.6337], [-90.263, 32.641], [-90.2767, 32.6464], [-90.2832, 32.646], [-90.2839, 32.6551]]]}}, {"type": "Feature", "properties": {"fips": "28049000302", "gap_national": 44.4, "gap_stratum": 45.6, "burden": 81.0, "capacity": 44.9, "svi": 0.69, "top_decile_gap": 0.0, "stratum": "metropolitan", "scored": 1}, "geometry": {"type": "Polygon", "coordinates": [[[-90.147, 32.3804], [-90.1518, 32.3558], [-90.1584, 32.3558], [-90.1583, 32.3736], [-90.1653, 32.3736], [-90.1611, 32.3803], [-90.147, 32.3804]]]}}, {"type": "Feature", "properties": {"fips": "28049001600", "gap_national": 57.2, "gap_stratum": 58.7, "burden": 81.4, "capacity": 35.0, "svi": 0.73, "top_decile_gap": 1.0, "stratum": "metropolitan", "scored": 1}, "geometry": {"type": "Polygon", "coordinates": [[[-90.1757, 32.3267], [-90.178, 32.3122], [-90.1636, 32.3101], [-90.1666, 32.3029], [-90.1843, 32.306], [-90.1843, 32.3194], [-90.1887, 32.3195], [-90.1868, 32.3268], [-90.1757, 32.3267]]]}}, {"type": "Feature", "properties": {"fips": "28033070812", "gap_national": 5.6, "gap_stratum": 11.4, "burden": 52.9, "capacity": 49.8, "svi": 0.53, "top_decile_gap": 0.0, "stratum": "metropolitan", "scored": 1}, "geometry": {"type": "Polygon", "coordinates": [[[-89.821, 34.9763], [-89.813, 34.9851], [-89.8131, 34.9943], [-89.7954, 34.9943], [-89.7957, 34.9623], [-89.8448, 34.9622], [-89.8462, 34.964], [-89.821, 34.9763]]]}}, {"type": "Feature", "properties": {"fips": "28121020301", "gap_national": 0.1, "gap_stratum": 6.4, "burden": 57.6, "capacity": 57.2, "svi": 0.3, "top_decile_gap": 0.0, "stratum": "metropolitan", "scored": 1}, "geometry": {"type": "Polygon", "coordinates": [[[-90.1131, 32.2979], [-90.104, 32.2945], [-90.0915, 32.2961], [-90.0918, 32.2905], [-90.1094, 32.2834], [-90.13, 32.2809], [-90.1302, 32.2959], [-90.1131, 32.2979]]]}}, {"type": "Feature", "properties": {"fips": "28059041101", "gap_national": 19.1, "gap_stratum": 21.1, "burden": 84.5, "capacity": 64.3, "svi": 0.72, "top_decile_gap": 0.0, "stratum": "metropolitan", "scored": 1}, "geometry": {"type": "Polygon", "coordinates": [[[-88.6102, 30.3776], [-88.611, 30.3735], [-88.6182, 30.3726], [-88.6377, 30.3598], [-88.6454, 30.3605], [-88.647, 30.3849], [-88.6102, 30.3776]]]}}, {"type": "Feature", "properties": {"fips": "28047003307", "gap_national": -9.5, "gap_stratum": -2.2, "burden": 65.7, "capacity": 70.1, "svi": 0.47, "top_decile_gap": 0.0, "stratum": "metropolitan", "scored": 1}, "geometry": {"type": "Polygon", "coordinates": [[[-88.9068, 30.4543], [-88.9085, 30.4597], [-88.8883, 30.462], [-88.8834, 30.4647], [-88.8834, 30.4541], [-88.8917, 30.454], [-88.8915, 30.4466], [-88.9171, 30.4431], [-88.9172, 30.4536], [-88.9068, 30.4543]]]}}, {"type": "Feature", "properties": {"fips": "28109950702", "gap_national": 30.9, "gap_stratum": 24.9, "burden": 83.0, "capacity": 55.6, "svi": 0.81, "top_decile_gap": 0.0, "stratum": "micropolitan", "scored": 1}, "geometry": {"type": "Polygon", "coordinates": [[[-89.6978, 30.5268], [-89.689, 30.5277], [-89.6605, 30.5238], [-89.6669, 30.5085], [-89.6813, 30.5203], [-89.6818, 30.5183], [-89.688, 30.5183], [-89.6978, 30.5145], [-89.6978, 30.5268]]]}}, {"type": "Feature", "properties": {"fips": "28049001500", "gap_national": -39.1, "gap_stratum": -40.2, "burden": 11.9, "capacity": 48.7, "svi": 0.22, "top_decile_gap": 0.0, "stratum": "metropolitan", "scored": 1}, "geometry": {"type": "Polygon", "coordinates": [[[-90.1757, 32.3267], [-90.1625, 32.3254], [-90.1607, 32.3278], [-90.1585, 32.3223], [-90.1584, 32.318], [-90.1662, 32.3113], [-90.178, 32.3122], [-90.1757, 32.3267]]]}}, {"type": "Feature", "properties": {"fips": "28071950204", "gap_national": 47.1, "gap_stratum": 25.7, "burden": 64.2, "capacity": 26.8, "svi": 0.42, "top_decile_gap": 0.0, "stratum": "micropolitan", "scored": 1}, "geometry": {"type": "Polygon", "coordinates": [[[-89.5276, 34.3684], [-89.4885, 34.3587], [-89.5045, 34.3542], [-89.5287, 34.3544], [-89.5391, 34.3572], [-89.5276, 34.3684]]]}}, {"type": "Feature", "properties": {"fips": "28035000601", "gap_national": 42.4, "gap_stratum": 40.8, "burden": 93.7, "capacity": 54.0, "svi": 0.99, "top_decile_gap": 0.0, "stratum": "metropolitan", "scored": 1}, "geometry": {"type": "Polygon", "coordinates": [[[-89.2981, 31.3178], [-89.2851, 31.3165], [-89.285, 31.3062], [-89.2994, 31.3062], [-89.2994, 31.303], [-89.3135, 31.3043], [-89.2981, 31.3178]]]}}, {"type": "Feature", "properties": {"fips": "28047003800", "gap_national": -30.7, "gap_stratum": -22.5, "burden": 60.9, "capacity": 84.9, "svi": 0.27, "top_decile_gap": 0.0, "stratum": "metropolitan", "scored": 1}, "geometry": {"type": "Polygon", "coordinates": [[[-89.0953, 30.369], [-89.0953, 30.3713], [-89.0874, 30.3724], [-89.0874, 30.3676], [-89.1245, 30.3536], [-89.1275, 30.3586], [-89.0953, 30.369]]]}}, {"type": "Feature", "properties": {"fips": "28075000402", "gap_national": 50.8, "gap_stratum": 54.8, "burden": 99.4, "capacity": 50.7, "svi": 0.94, "top_decile_gap": 0.0, "stratum": "micropolitan", "scored": 1}, "geometry": {"type": "Polygon", "coordinates": [[[-88.6887, 32.378], [-88.693, 32.3923], [-88.6808, 32.3904], [-88.6712, 32.3975], [-88.6703, 32.3952], [-88.663, 32.4047], [-88.6589, 32.3977], [-88.6621, 32.3924], [-88.6702, 32.3903], [-88.6738, 32.3818], [-88.6787, 32.3818], [-88.6832, 32.3732], [-88.6945, 32.3731], [-88.6945, 32.3782], [-88.6887, 32.378]]]}}, {"type": "Feature", "properties": {"fips": "28137950301", "gap_national": 15.8, "gap_stratum": 17.8, "burden": 86.2, "capacity": 67.6, "svi": 0.7, "top_decile_gap": 0.0, "stratum": "metropolitan", "scored": 1}, "geometry": {"type": "Polygon", "coordinates": [[[-90.2251, 34.7024], [-90.2292, 34.7052], [-90.2251, 34.7115], [-90.2206, 34.7119], [-90.2223, 34.7158], [-90.2135, 34.7225], [-90.2053, 34.7245], [-90.2064, 34.7226], [-90.2021, 34.7201], [-90.2002, 34.7244], [-90.1957, 34.7209], [-90.1986, 34.7253], [-90.1954, 34.7275], [-90.1956, 34.7254], [-90.1925, 34.7249], [-90.1928, 34.7287], [-90.1886, 34.7284], [-90.1901, 34.7307], [-90.1838, 34.7335], [-90.1871, 34.7348], [-90.1887, 34.7386], [-90.1861, 34.7367], [-90.1813, 34.7437], [-90.1784, 34.7431], [-90.1766, 34.7455], [-90.1744, 34.744], [-90.1728, 34.7478], [-90.1762, 34.7481], [-90.1737, 34.751], [-90.175, 34.7535], [-90.1714, 34.7548], [-90.1725, 34.7581], [-90.17, 34.7587], [-90.1699, 34.7555], [-90.1681, 34.7584], [-90.1608, 34.7602], [-90.1618, 34.7583], [-90.1575, 34.7547], [-90.1532, 34.7567], [-90.1542, 34.7593], [-90.1428, 34.7566], [-90.1399, 34.7619], [-90.1351, 34.7588], [-90.1358, 34.7605], [-90.1289, 34.7605], [-90.1271, 34.7574], [-90.1214, 34.7564], [-90.1211, 34.7526], [-90.1172, 34.754], [-90.1148, 34.7466], [-90.1071, 34.7414], [-90.1104, 34.7379], [-90.1062, 34.7367], [-90.1065, 34.733], [-90.1053, 34.7352], [-90.0999, 34.7308], [-90.1003, 34.7325], [-90.094, 34.7314], [-90.091, 34.732], [-90.0906, 34.7358], [-90.0809, 34.7315], [-90.083, 34.7297], [-90.0811, 34.7269], [-90.0747, 34.7253], [-90.0737, 34.721], [-90.0693, 34.7234], [-90.0698, 34.7265], [-90.0606, 34.7282], [-90.0612, 34.7261], [-90.057, 34.7244], [-90.0599, 34.7244], [-90.058, 34.7227], [-90.0596, 34.7202], [-90.0528, 34.7151], [-90.0542, 34.7126], [-90.0527, 34.7145], [-90.0494, 34.7124], [-90.0482, 34.7151], [-90.0482, 34.7118], [-90.0451, 34.7146], [-90.0448, 34.7127], [-90.0373, 34.713], [-90.0394, 34.7117], [-90.0383, 34.7093], [-90.033, 34.7101], [-90.0301, 34.7079], [-90.0239, 34.7101], [-90.0218, 34.7137], [-90.0196, 34.712], [-90.0193, 34.7139], [-90.0114, 34.714], [-90.0074, 34.7171], [-90.0009, 34.716], [-90.0001, 34.7203], [-89.9988, 34.7177], [-89.9953, 34.7193], [-89.9954, 34.7168], [-89.9888, 34.7212], [-89.9866, 34.719], [-89.9857, 34.7213], [-89.9828, 34.7203], [-89.9843, 34.7232], [-89.9818, 34.7262], [-89.9814, 34.7244], [-89.9741, 34.7239], [-89.9689, 34.7258], [-89.9638, 34.7238], [-89.9662, 34.6773], [-89.9557, 34.6375], [-89.974, 34.6545], [-89.9705, 34.6413], [-90.0249, 34.6412], [-90.0275, 34.6457], [-90.0382, 34.6478], [-90.0403, 34.6518], [-90.0632, 34.6524], [-90.0658, 34.6503], [-90.0831, 34.6589], [-90.1094, 34.6668], [-90.1247, 34.6687], [-90.1712, 34.6476], [-90.1857, 34.6429], [-90.1888, 34.6462], [-90.1917, 34.6416], [-90.2055, 34.6418], [-90.2129, 34.6347], [-90.2257, 34.6343], [-90.2303, 34.6307], [-90.2244, 34.6414], [-90.2163, 34.6469], [-90.2154, 34.6534], [-90.2175, 34.6555], [-90.2145, 34.6591], [-90.2252, 34.6616], [-90.2233, 34.664], [-90.2201, 34.6618], [-90.2185, 34.6644], [-90.2258, 34.6748], [-90.2202, 34.6843], [-90.2218, 34.6862], [-90.2202, 34.6894], [-90.2311, 34.6981], [-90.2314, 34.702], [-90.2251, 34.7024]]]}}, {"type": "Feature", "properties": {"fips": "28107950202", "gap_national": 36.3, "gap_stratum": 40.9, "burden": 97.8, "capacity": 59.7, "svi": 0.56, "top_decile_gap": 0.0, "stratum": "small_town", "scored": 1}, "geometry": {"type": "Polygon", "coordinates": [[[-89.9161, 34.4515], [-89.916, 34.4808], [-89.8983, 34.4808], [-89.8901, 34.463], [-89.8898, 34.4372], [-89.9114, 34.4371], [-89.9113, 34.4337], [-89.9204, 34.4335], [-89.9214, 34.437], [-89.9258, 34.437], [-89.9277, 34.4516], [-89.9161, 34.4515]]]}}, {"type": "Feature", "properties": {"fips": "28047003214", "gap_national": 50.9, "gap_stratum": 53.5, "burden": 77.0, "capacity": 36.5, "svi": 0.89, "top_decile_gap": 0.0, "stratum": "metropolitan", "scored": 1}, "geometry": {"type": "Polygon", "coordinates": [[[-89.0751, 30.4495], [-89.0605, 30.4496], [-89.0594, 30.4411], [-89.0569, 30.4415], [-89.086, 30.4349], [-89.0751, 30.4495]]]}}, {"type": "Feature", "properties": {"fips": "28105950603", "gap_national": -8.5, "gap_stratum": -34.0, "burden": 66.0, "capacity": 69.6, "svi": 0.56, "top_decile_gap": 0.0, "stratum": "micropolitan", "scored": 1}, "geometry": {"type": "Polygon", "coordinates": [[[-88.854, 33.4407], [-88.8371, 33.4502], [-88.835, 33.4274], [-88.8222, 33.4373], [-88.8215, 33.4408], [-88.8103, 33.4422], [-88.8103, 33.403], [-88.856, 33.403], [-88.854, 33.4407]]]}}, {"type": "Feature", "properties": {"fips": "28063950102", "gap_national": 33.3, "gap_stratum": 33.3, "burden": 98.8, "capacity": 62.0, "svi": 0.67, "top_decile_gap": 0.0, "stratum": "micropolitan", "scored": 1}, "geometry": {"type": "Polygon", "coordinates": [[[-91.2917, 31.7453], [-91.2755, 31.7455], [-91.2634, 31.7545], [-91.2596, 31.7613], [-91.2663, 31.7682], [-91.2665, 31.7724], [-91.273, 31.7726], [-91.2739, 31.7786], [-91.2668, 31.7785], [-91.2497, 31.7844], [-91.2485, 31.7874], [-91.243, 31.7876], [-91.245, 31.7897], [-91.2404, 31.7955], [-91.2319, 31.7931], [-91.2289, 31.7876], [-91.2167, 31.7813], [-91.2134, 31.7703], [-91.2106, 31.7703], [-91.2013, 31.7811], [-91.1978, 31.7802], [-91.2012, 31.7747], [-91.1988, 31.7726], [-91.1988, 31.7663], [-91.1894, 31.7656], [-91.1861, 31.769], [-91.1831, 31.7684], [-91.1826, 31.7654], [-91.1866, 31.7613], [-91.1781, 31.7585], [-91.1856, 31.7545], [-91.1772, 31.7533], [-91.1792, 31.7477], [-91.1686, 31.7497], [-91.1563, 31.7454], [-91.1401, 31.7465], [-91.1245, 31.7433], [-91.1116, 31.7375], [-91.106, 31.7385], [-91.0909, 31.7349], [-91.0674, 31.7132], [-91.0805, 31.7062], [-91.0764, 31.7025], [-91.0753, 31.6916], [-91.0567, 31.6911], [-91.0543, 31.708], [-91.0572, 31.7098], [-91.0422, 31.7159], [-91.0335, 31.7247], [-91.0306, 31.7248], [-91.0351, 31.7197], [-91.0325, 31.714], [-91.029, 31.7147], [-91.028, 31.7107], [-91.0298, 31.7062], [-91.0276, 31.697], [-91.0305, 31.6955], [-91.0309, 31.6921], [-91.029, 31.692], [-91.0293, 31.6867], [-91.0359, 31.6747], [-91.0402, 31.6756], [-91.0495, 31.672], [-91.0474, 31.6654], [-91.0504, 31.6654], [-91.0512, 31.6607], [-91.0436, 31.6563], [-91.0443, 31.652], [-91.0405, 31.6471], [-91.043, 31.646], [-91.0428, 31.6415], [-91.031, 31.6416], [-91.0178, 31.6362], [-91.011, 31.6282], [-91.0112, 31.617], [-91.0063, 31.6107], [-91.1539, 31.6101], [-91.1538, 31.6305], [-91.2333, 31.6294], [-91.249, 31.6438], [-91.2534, 31.6428], [-91.2694, 31.6474], [-91.2709, 31.6509], [-91.2656, 31.6578], [-91.267, 31.6639], [-91.2698, 31.666], [-91.274, 31.6648], [-91.2785, 31.6678], [-91.279, 31.666], [-91.2834, 31.6668], [-91.2879, 31.6707], [-91.2956, 31.6699], [-91.296, 31.6718], [-91.3001, 31.6722], [-91.2972, 31.6784], [-91.3004, 31.6811], [-91.2964, 31.6841], [-91.297, 31.6858], [-91.2926, 31.6871], [-91.2944, 31.6873], [-91.2918, 31.6916], [-91.2946, 31.6939], [-91.294, 31.6979], [-91.2991, 31.7001], [-91.2977, 31.7087], [-91.3026, 31.7075], [-91.3, 31.7123], [-91.3035, 31.7143], [-91.3069, 31.711], [-91.3179, 31.7498], [-91.2917, 31.7453]]]}}, {"type": "Feature", "properties": {"fips": "28121020213", "gap_national": -36.8, "gap_stratum": -35.2, "burden": 22.7, "capacity": 54.9, "svi": 0.33, "top_decile_gap": 0.0, "stratum": "metropolitan", "scored": 1}, "geometry": {"type": "Polygon", "coordinates": [[[-90.0082, 32.2888], [-90.0006, 32.2958], [-89.9972, 32.2943], [-89.9979, 32.2903], [-89.9951, 32.2862], [-90.0033, 32.2802], [-90.0175, 32.2844], [-90.0082, 32.2888]]]}}, {"type": "Feature", "properties": {"fips": "28089030302", "gap_national": -5.7, "gap_stratum": -0.9, "burden": 79.0, "capacity": 79.8, "svi": 0.57, "top_decile_gap": 0.0, "stratum": "metropolitan", "scored": 1}, "geometry": {"type": "Polygon", "coordinates": [[[-90.444, 32.5812], [-90.4461, 32.5833], [-90.4441, 32.5848], [-90.4354, 32.5861], [-90.4319, 32.5839], [-90.4278, 32.5857], [-90.4262, 32.5833], [-90.4216, 32.5833], [-90.4186, 32.5773], [-90.4151, 32.5799], [-90.415, 32.5782], [-90.4125, 32.5796], [-90.4093, 32.5776], [-90.4113, 32.5737], [-90.4079, 32.5763], [-90.4044, 32.5747], [-90.4029, 32.5781], [-90.3982, 32.5796], [-90.3967, 32.5849], [-90.394, 32.5825], [-90.3865, 32.5835], [-90.3888, 32.5871], [-90.383, 32.5886], [-90.3814, 32.5934], [-90.378, 32.5925], [-90.3814, 32.5959], [-90.3748, 32.5963], [-90.371, 32.6026], [-90.3689, 32.6022], [-90.3687, 32.5955], [-90.3636, 32.5986], [-90.3648, 32.6026], [-90.3584, 32.6065], [-90.3565, 32.6021], [-90.3529, 32.6047], [-90.3513, 32.6082], [-90.3532, 32.6114], [-90.3502, 32.6131], [-90.3456, 32.6128], [-90.3447, 32.6061], [-90.3381, 32.6055], [-90.3299, 32.6115], [-90.3323, 32.6133], [-90.3228, 32.6156], [-90.3222, 32.6198], [-90.3248, 32.6223], [-90.3153, 32.6267], [-90.3157, 32.6314], [-90.3132, 32.6343], [-90.3098, 32.6338], [-90.3112, 32.6407], [-90.3022, 32.6465], [-90.2952, 32.6467], [-90.2939, 32.6439], [-90.2895, 32.6449], [-90.2881, 32.6418], [-90.2832, 32.646], [-90.2767, 32.6464], [-90.263, 32.641], [-90.2615, 32.6337], [-90.2537, 32.6249], [-90.2462, 32.6216], [-90.2299, 32.6074], [-90.2286, 32.5972], [-90.2341, 32.584], [-90.2318, 32.5793], [-90.236, 32.5638], [-90.2476, 32.5601], [-90.2437, 32.5571], [-90.2437, 32.5407], [-90.233, 32.5276], [-90.226, 32.5258], [-90.2247, 32.5218], [-90.2179, 32.5228], [-90.218, 32.4942], [-90.2052, 32.4877], [-90.2042, 32.484], [-90.1872, 32.4828], [-90.1786, 32.4856], [-90.176, 32.4836], [-90.1787, 32.4791], [-90.1795, 32.4692], [-90.1855, 32.4634], [-90.1865, 32.4549], [-90.1917, 32.4545], [-90.195, 32.4466], [-90.2009, 32.4443], [-90.199, 32.4237], [-90.2134, 32.4221], [-90.216, 32.4173], [-90.2436, 32.4034], [-90.2436, 32.4875], [-90.4499, 32.4884], [-90.4498, 32.5754], [-90.4514, 32.5786], [-90.444, 32.5812]]]}}, {"type": "Feature", "properties": {"fips": "28071950304", "gap_national": -17.5, "gap_stratum": -24.4, "burden": 18.8, "capacity": 37.6, "svi": 0.35, "top_decile_gap": 0.0, "stratum": "micropolitan", "scored": 1}, "geometry": {"type": "Polygon", "coordinates": [[[-89.5639, 34.3684], [-89.5626, 34.3723], [-89.5695, 34.3799], [-89.5532, 34.3794], [-89.5521, 34.3834], [-89.5505, 34.3797], [-89.5446, 34.3829], [-89.5445, 34.3803], [-89.534, 34.3723], [-89.5672, 34.3619], [-89.5706, 34.3683], [-89.5639, 34.3684]]]}}, {"type": "Feature", "properties": {"fips": "28033070522", "gap_national": -2.7, "gap_stratum": 4.0, "burden": 66.5, "capacity": 65.9, "svi": 0.63, "top_decile_gap": 0.0, "stratum": "metropolitan", "scored": 1}, "geometry": {"type": "Polygon", "coordinates": [[[-89.9786, 34.9789], [-89.9722, 34.9772], [-89.9721, 34.9626], [-89.9994, 34.9625], [-90.0017, 34.9773], [-89.9786, 34.9789]]]}}, {"type": "Feature", "properties": {"fips": "28007060200", "gap_national": 13.8, "gap_stratum": 0.5, "burden": 87.8, "capacity": 70.2, "svi": 0.8, "top_decile_gap": 0.0, "stratum": "small_town", "scored": 1}, "geometry": {"type": "Polygon", "coordinates": [[[-89.8242, 33.0641], [-89.8216, 33.0699], [-89.8213, 33.0757], [-89.8261, 33.0764], [-89.8237, 33.0803], [-89.8287, 33.0819], [-89.8248, 33.0862], [-89.8273, 33.0879], [-89.8236, 33.0916], [-89.8244, 33.0948], [-89.819, 33.0992], [-89.823, 33.1007], [-89.8215, 33.1018], [-89.825, 33.1056], [-89.8248, 33.1098], [-89.8218, 33.114], [-89.8177, 33.1147], [-89.8158, 33.1125], [-89.8138, 33.1155], [-89.8106, 33.1155], [-89.8129, 33.1148], [-89.8118, 33.1127], [-89.806, 33.1129], [-89.8084, 33.1168], [-89.805, 33.1164], [-89.796, 33.1244], [-89.7938, 33.1307], [-89.796, 33.1317], [-89.7951, 33.1349], [-89.7993, 33.1356], [-89.7915, 33.1401], [-89.7947, 33.1416], [-89.7923, 33.1453], [-89.7944, 33.1453], [-89.793, 33.1477], [-89.7951, 33.1489], [-89.7941, 33.1544], [-89.7958, 33.1568], [-89.793, 33.1565], [-89.7939, 33.1595], [-89.7902, 33.158], [-89.7875, 33.1616], [-89.7836, 33.1621], [-89.7795, 33.1715], [-89.7742, 33.1761], [-89.7789, 33.1817], [-89.775, 33.1843], [-89.7787, 33.1915], [-89.7767, 33.1938], [-89.7711, 33.1942], [-89.7699, 33.1967], [-89.7682, 33.1951], [-89.7609, 33.1981], [-89.7586, 33.1951], [-89.755, 33.1987], [-89.7504, 33.2055], [-89.7524, 33.2071], [-89.7486, 33.2116], [-89.75, 33.2125], [-89.7484, 33.2169], [-89.7441, 33.2183], [-89.7453, 33.2282], [-89.7391, 33.2379], [-89.7341, 33.2391], [-89.7296, 33.2438], [-89.7274, 33.2526], [-89.7229, 33.2553], [-89.7212, 33.2601], [-89.7143, 33.2581], [-89.7096, 33.2632], [-89.7116, 33.2649], [-89.7096, 33.2666], [-89.7128, 33.2672], [-89.7062, 33.27], [-89.7073, 33.2714], [-89.6999, 33.2818], [-89.7015, 33.2854], [-89.5454, 33.2858], [-89.5445, 33.2699], [-89.5371, 33.2658], [-89.5328, 33.2567], [-89.5334, 33.2427], [-89.5245, 33.2338], [-89.5279, 33.2234], [-89.5352, 33.2166], [-89.5355, 33.2057], [-89.5437, 33.1962], [-89.5394, 33.1862], [-89.5313, 33.1806], [-89.5174, 33.176], [-89.5235, 33.1615], [-89.5329, 33.159], [-89.5342, 33.1562], [-89.5311, 33.148], [-89.5347, 33.1458], [-89.5376, 33.1356], [-89.5446, 33.128], [-89.5402, 33.1192], [-89.5403, 33.1139], [-89.5461, 33.1073], [-89.5699, 33.0912], [-89.5793, 33.0786], [-89.5936, 33.0784], [-89.6021, 33.0925], [-89.6365, 33.0578], [-89.6437, 33.0581], [-89.6535, 33.0535], [-89.6595, 33.0585], [-89.6763, 33.0641], [-89.698, 33.0611], [-89.7058, 33.0624], [-89.7085, 33.0597], [-89.7184, 33.0631], [-89.7918, 33.0633], [-89.7977, 33.0701], [-89.8089, 33.0754], [-89.8182, 33.0702], [-89.8192, 33.0603], [-89.8237, 33.0558], [-89.8334, 33.0624], [-89.8242, 33.0641]]]}}, {"type": "Feature", "properties": {"fips": "28075000800", "gap_national": 52.2, "gap_stratum": 56.2, "burden": 98.8, "capacity": 49.5, "svi": 0.96, "top_decile_gap": 0.0, "stratum": "micropolitan", "scored": 1}, "geometry": {"type": "Polygon", "coordinates": [[[-88.732, 32.3771], [-88.7181, 32.378], [-88.7207, 32.3646], [-88.7364, 32.3669], [-88.7326, 32.3707], [-88.732, 32.3771]]]}}, {"type": "Feature", "properties": {"fips": "28051950100", "gap_national": 27.8, "gap_stratum": 26.6, "burden": 97.4, "capacity": 65.2, "svi": 0.96, "top_decile_gap": 0.0, "stratum": "micropolitan", "scored": 1}, "geometry": {"type": "Polygon", "coordinates": [[[-89.9573, 33.0651], [-89.9491, 33.0678], [-89.9486, 33.0705], [-89.9415, 33.0727], [-89.9373, 33.0779], [-89.9382, 33.086], [-89.9515, 33.0843], [-89.9545, 33.0863], [-89.9548, 33.097], [-89.9463, 33.0989], [-89.9412, 33.1029], [-89.9437, 33.1061], [-89.9408, 33.1111], [-89.9424, 33.1137], [-89.9401, 33.1259], [-89.9411, 33.1315], [-89.947, 33.13], [-89.9472, 33.1366], [-89.9448, 33.1419], [-89.9398, 33.1421], [-89.9411, 33.1558], [-89.9201, 33.1634], [-89.9247, 33.1657], [-89.9256, 33.169], [-89.9211, 33.173], [-89.9205, 33.1852], [-89.9141, 33.1964], [-89.9198, 33.2011], [-89.9217, 33.2067], [-89.9356, 33.2153], [-89.9365, 33.2199], [-89.9313, 33.2259], [-89.9307, 33.2326], [-89.9361, 33.2328], [-89.937, 33.2347], [-89.9243, 33.2524], [-89.9311, 33.2578], [-89.9319, 33.2649], [-89.7494, 33.2145], [-89.7486, 33.2116], [-89.7524, 33.2071], [-89.7504, 33.2055], [-89.7586, 33.1951], [-89.7609, 33.1981], [-89.7682, 33.1951], [-89.7699, 33.1967], [-89.7711, 33.1942], [-89.7767, 33.1938], [-89.7787, 33.1915], [-89.775, 33.1843], [-89.7789, 33.1817], [-89.7742, 33.1761], [-89.7795, 33.1715], [-89.7836, 33.1621], [-89.7875, 33.1616], [-89.7902, 33.158], [-89.7939, 33.1595], [-89.793, 33.1565], [-89.7958, 33.1568], [-89.7941, 33.1544], [-89.7951, 33.1489], [-89.793, 33.1477], [-89.7944, 33.1453], [-89.7923, 33.1453], [-89.7947, 33.1416], [-89.7915, 33.1401], [-89.7993, 33.1356], [-89.7951, 33.1349], [-89.796, 33.1317], [-89.7938, 33.1307], [-89.796, 33.1244], [-89.805, 33.1164], [-89.8084, 33.1168], [-89.806, 33.1129], [-89.8118, 33.1127], [-89.8129, 33.1148], [-89.8106, 33.1155], [-89.8138, 33.1155], [-89.8158, 33.1125], [-89.8177, 33.1147], [-89.8233, 33.1127], [-89.8257, 33.1076], [-89.8215, 33.1018], [-89.823, 33.1007], [-89.819, 33.0992], [-89.8244, 33.0948], [-89.8236, 33.0916], [-89.8273, 33.0879], [-89.8248, 33.0862], [-89.8287, 33.0819], [-89.8237, 33.0803], [-89.8249, 33.075], [-89.8213, 33.0757], [-89.8227, 33.066], [-89.8416, 33.0583], [-89.839, 33.0561], [-89.8401, 33.0516], [-89.8379, 33.0531], [-89.8401, 33.0479], [-89.8382, 33.0467], [-89.84, 33.0462], [-89.8364, 33.04], [-89.8567, 33.0212], [-89.8579, 33.0188], [-89.8557, 33.0181], [-89.8583, 33.0148], [-89.8679, 33.0105], [-89.8675, 33.0078], [-89.8736, 33.001], [-89.8815, 32.9989], [-89.8777, 32.993], [-89.8813, 32.9885], [-89.8841, 32.9887], [-89.8867, 32.9844], [-89.885, 32.9826], [-89.8883, 32.9806], [-89.8853, 32.975], [-89.8835, 32.9752], [-89.8852, 32.9716], [-89.8899, 32.9706], [-89.891, 32.9741], [-89.8952, 32.9759], [-89.8994, 32.9746], [-89.9111, 32.9791], [-89.9167, 32.9851], [-89.9273, 32.9843], [-89.9338, 32.9897], [-89.9436, 32.9922], [-89.9544, 33.0073], [-89.9558, 33.0131], [-89.9499, 33.0299], [-89.9502, 33.0355], [-89.9576, 33.0374], [-89.9578, 33.0417], [-89.9526, 33.0471], [-89.9532, 33.0547], [-89.959, 33.0549], [-89.9626, 33.0586], [-89.9573, 33.0651]]]}}, {"type": "Feature", "properties": {"fips": "28081950602", "gap_national": 9.0, "gap_stratum": -1.9, "burden": 82.8, "capacity": 70.3, "svi": 0.95, "top_decile_gap": 0.0, "stratum": "micropolitan", "scored": 1}, "geometry": {"type": "Polygon", "coordinates": [[[-88.7652, 34.2574], [-88.7574, 34.2647], [-88.7258, 34.2647], [-88.7256, 34.268], [-88.7201, 34.2677], [-88.72, 34.2646], [-88.7113, 34.2646], [-88.7112, 34.2558], [-88.7086, 34.2558], [-88.7068, 34.2502], [-88.7104, 34.2488], [-88.7161, 34.2524], [-88.7165, 34.2502], [-88.72, 34.2502], [-88.7206, 34.2573], [-88.7463, 34.2554], [-88.7671, 34.2501], [-88.7652, 34.2574]]]}}, {"type": "Feature", "properties": {"fips": "28047002300", "gap_national": 46.3, "gap_stratum": 44.6, "burden": 92.9, "capacity": 51.0, "svi": 0.72, "top_decile_gap": 0.0, "stratum": "metropolitan", "scored": 1}, "geometry": {"type": "Polygon", "coordinates": [[[-89.1114, 30.3693], [-89.1115, 30.3766], [-89.103, 30.3766], [-89.1028, 30.3818], [-89.1121, 30.382], [-89.112, 30.384], [-89.0955, 30.384], [-89.0953, 30.369], [-89.1113, 30.364], [-89.1114, 30.3683], [-89.1136, 30.3692], [-89.1114, 30.3693]]]}}, {"type": "Feature", "properties": {"fips": "28035000900", "gap_national": 4.6, "gap_stratum": 6.2, "burden": 16.2, "capacity": 13.1, "svi": 0.75, "top_decile_gap": 0.0, "stratum": "metropolitan", "scored": 1}, "geometry": {"type": "Polygon", "coordinates": [[[-89.329, 31.3357], [-89.3289, 31.3247], [-89.3409, 31.3249], [-89.3409, 31.3285], [-89.3444, 31.3285], [-89.3444, 31.3321], [-89.341, 31.3326], [-89.3436, 31.3359], [-89.329, 31.3357]]]}}, {"type": "Feature", "properties": {"fips": "28049010902", "gap_national": 30.4, "gap_stratum": 29.6, "burden": 98.8, "capacity": 64.0, "svi": 0.82, "top_decile_gap": 0.0, "stratum": "metropolitan", "scored": 1}, "geometry": {"type": "Polygon", "coordinates": [[[-90.2817, 32.3176], [-90.2463, 32.3005], [-90.2495, 32.2916], [-90.2557, 32.2895], [-90.2656, 32.2922], [-90.283, 32.3022], [-90.2817, 32.3176]]]}}, {"type": "Feature", "properties": {"fips": "28047001702", "gap_national": -19.3, "gap_stratum": -15.6, "burden": 34.3, "capacity": 52.1, "svi": 0.12, "top_decile_gap": 0.0, "stratum": "metropolitan", "scored": 1}, "geometry": {"type": "Polygon", "coordinates": [[[-89.0371, 30.4035], [-89.0356, 30.3966], [-89.0444, 30.394], [-89.0445, 30.4017], [-89.0371, 30.4035]]]}}, {"type": "Feature", "properties": {"fips": "28047001503", "gap_national": 36.3, "gap_stratum": 37.4, "burden": 81.9, "capacity": 51.3, "svi": 0.6, "top_decile_gap": 0.0, "stratum": "metropolitan", "scored": 1}, "geometry": {"type": "Polygon", "coordinates": [[[-89.0268, 30.3987], [-89.0184, 30.4006], [-89.0186, 30.3888], [-89.027, 30.3866], [-89.0268, 30.3987]]]}}, {"type": "Feature", "properties": {"fips": "28075000600", "gap_national": 44.0, "gap_stratum": 46.8, "burden": 97.9, "capacity": 54.6, "svi": 1.0, "top_decile_gap": 0.0, "stratum": "micropolitan", "scored": 1}, "geometry": {"type": "Polygon", "coordinates": [[[-88.7207, 32.3646], [-88.7047, 32.365], [-88.6983, 32.3563], [-88.6981, 32.3533], [-88.7012, 32.3532], [-88.7012, 32.3491], [-88.7248, 32.349], [-88.7207, 32.3646]]]}}, {"type": "Feature", "properties": {"fips": "28135950100", "gap_national": 1.8, "gap_stratum": -17.0, "burden": 81.7, "capacity": 75.2, "svi": 0.38, "top_decile_gap": 0.0, "stratum": "rural", "scored": 1}, "geometry": {"type": "Polygon", "coordinates": [[[-90.243, 33.9356], [-90.2354, 33.9339], [-90.2349, 33.9388], [-90.2403, 33.9451], [-90.2273, 33.9533], [-90.2203, 33.9619], [-90.2245, 33.965], [-90.2189, 33.9688], [-90.2236, 33.9697], [-90.2258, 33.9757], [-90.2297, 33.9785], [-90.2259, 33.986], [-90.2152, 33.9891], [-90.2019, 33.9975], [-90.1977, 33.9969], [-90.1933, 34.0021], [-90.188, 34.0008], [-90.1839, 34.0062], [-90.1857, 34.0104], [-90.1908, 34.0122], [-90.1942, 34.0253], [-90.1869, 34.0236], [-90.1836, 34.0366], [-90.1774, 34.0375], [-90.1733, 34.0429], [-90.1852, 34.046], [-90.1838, 34.0505], [-90.1869, 34.0536], [-90.1839, 34.0558], [-90.1911, 34.0642], [-90.1899, 34.0729], [-90.1357, 34.0729], [-90.1355, 34.1601], [-89.9586, 34.1596], [-89.9661, 34.1644], [-89.9315, 34.1643], [-89.9317, 34.1443], [-89.9255, 34.1406], [-89.9261, 33.8927], [-89.9288, 33.8922], [-89.9408, 33.8994], [-89.9527, 33.9119], [-89.957, 33.9114], [-89.9605, 33.9068], [-89.972, 33.9056], [-89.9751, 33.898], [-89.9841, 33.899], [-89.99, 33.8978], [-89.9924, 33.8945], [-89.993, 33.9039], [-89.9992, 33.9062], [-90.0041, 33.9154], [-90.0115, 33.915], [-90.025, 33.9096], [-90.0309, 33.9099], [-90.0347, 33.9149], [-90.0421, 33.9181], [-90.0554, 33.9202], [-90.0617, 33.9173], [-90.0698, 33.9178], [-90.072, 33.8963], [-90.063, 33.8829], [-90.1134, 33.8828], [-90.1225, 33.8858], [-90.15, 33.8824], [-90.1637, 33.8898], [-90.1705, 33.8975], [-90.1688, 33.9002], [-90.1724, 33.906], [-90.1806, 33.912], [-90.1892, 33.9113], [-90.192, 33.9223], [-90.1898, 33.9336], [-90.2188, 33.9254], [-90.2297, 33.9193], [-90.2329, 33.92], [-90.2348, 33.9241], [-90.2416, 33.9197], [-90.2452, 33.9237], [-90.2484, 33.9221], [-90.2499, 33.9276], [-90.243, 33.9356]], [[-90.0646, 33.9992], [-90.0606, 33.9987], [-90.0582, 34.0014], [-90.0491, 33.9971], [-90.0439, 33.9987], [-90.0402, 34.007], [-90.0423, 34.0082], [-90.0445, 34.0201], [-90.0537, 34.0162], [-90.056, 34.0223], [-90.0666, 34.0085], [-90.0759, 34.0057], [-90.0646, 33.9992]]]}}, {"type": "Feature", "properties": {"fips": "28019950100", "gap_national": 3.2, "gap_stratum": -8.9, "burden": 82.6, "capacity": 74.9, "svi": 0.35, "top_decile_gap": 0.0, "stratum": "micropolitan", "scored": 1}, "geometry": {"type": "Polygon", "coordinates": [[[-89.4463, 33.4398], [-89.4461, 33.4351], [-89.4423, 33.439], [-89.4374, 33.4361], [-89.435, 33.4373], [-89.4327, 33.4351], [-89.4278, 33.4354], [-89.4282, 33.4327], [-89.4257, 33.4335], [-89.4222, 33.4295], [-89.4189, 33.431], [-89.4216, 33.4332], [-89.4127, 33.4338], [-89.4094, 33.4401], [-89.4113, 33.4444], [-89.4099, 33.4487], [-89.4056, 33.449], [-89.4063, 33.4515], [-89.4022, 33.4503], [-89.4023, 33.4528], [-89.3978, 33.4544], [-89.3937, 33.4526], [-89.3939, 33.4553], [-89.3881, 33.454], [-89.3855, 33.4571], [-89.3833, 33.4554], [-89.3813, 33.4568], [-89.3822, 33.4618], [-89.3774, 33.4605], [-89.3753, 33.4637], [-89.368, 33.4641], [-89.368, 33.4686], [-89.3624, 33.4734], [-89.3546, 33.4691], [-89.3405, 33.4694], [-89.3325, 33.4829], [-89.319, 33.4943], [-89.3198, 33.4965], [-89.3132, 33.4971], [-89.3026, 33.5043], [-89.3015, 33.5021], [-89.2961, 33.5035], [-89.2961, 33.5067], [-89.293, 33.5078], [-89.2717, 33.5112], [-89.2611, 33.5186], [-89.2421, 33.5164], [-89.2392, 33.5196], [-89.2289, 33.5197], [-89.2213, 33.5281], [-89.2084, 33.5252], [-89.2048, 33.5288], [-89.1835, 33.5308], [-89.181, 33.5328], [-89.0884, 33.5332], [-89.0884, 33.4038], [-89.0971, 33.4081], [-89.1081, 33.4099], [-89.1129, 33.4045], [-89.1362, 33.3961], [-89.1426, 33.3961], [-89.148, 33.392], [-89.1552, 33.3904], [-89.1628, 33.3935], [-89.1718, 33.3893], [-89.1731, 33.3916], [-89.1949, 33.3726], [-89.2083, 33.3838], [-89.217, 33.3762], [-89.2238, 33.3661], [-89.2354, 33.363], [-89.2396, 33.3572], [-89.2592, 33.3452], [-89.2759, 33.3435], [-89.2892, 33.3493], [-89.2931, 33.3535], [-89.2971, 33.3519], [-89.3046, 33.3557], [-89.3148, 33.3532], [-89.322, 33.3578], [-89.3324, 33.3584], [-89.3555, 33.3423], [-89.3839, 33.3442], [-89.3817, 33.3521], [-89.3873, 33.3509], [-89.3926, 33.3455], [-89.3954, 33.3378], [-89.4012, 33.3363], [-89.402, 33.3334], [-89.4112, 33.3311], [-89.4132, 33.3342], [-89.4347, 33.3419], [-89.4539, 33.3438], [-89.454, 33.4332], [-89.4463, 33.4398]]]}}, {"type": "Feature", "properties": {"fips": "28047001600", "gap_national": -36.7, "gap_stratum": -28.0, "burden": 53.4, "capacity": 81.6, "svi": 0.3, "top_decile_gap": 0.0, "stratum": "metropolitan", "scored": 1}, "geometry": {"type": "Polygon", "coordinates": [[[-89.0526, 30.4266], [-89.0477, 30.4251], [-89.0494, 30.4237], [-89.0406, 30.4242], [-89.0412, 30.4195], [-89.0387, 30.4187], [-89.0401, 30.417], [-89.0382, 30.4148], [-89.04, 30.4097], [-89.0372, 30.41], [-89.0383, 30.4074], [-89.0354, 30.4042], [-89.0574, 30.3967], [-89.0619, 30.4018], [-89.0621, 30.412], [-89.0591, 30.4162], [-89.0706, 30.4245], [-89.0526, 30.4266]]]}}, {"type": "Feature", "properties": {"fips": "28075001101", "gap_national": -33.1, "gap_stratum": -66.3, "burden": 52.0, "capacity": 76.4, "svi": 0.37, "top_decile_gap": 0.0, "stratum": "micropolitan", "scored": 1}, "geometry": {"type": "Polygon", "coordinates": [[[-88.7047, 32.3991], [-88.6996, 32.4093], [-88.6915, 32.4135], [-88.6791, 32.4137], [-88.6786, 32.4], [-88.6826, 32.3915], [-88.693, 32.3923], [-88.6903, 32.3854], [-88.7013, 32.3829], [-88.7014, 32.3853], [-88.7049, 32.3853], [-88.7047, 32.3991]]]}}, {"type": "Feature", "properties": {"fips": "28151000100", "gap_national": -2.4, "gap_stratum": -24.9, "burden": 79.2, "capacity": 76.7, "svi": 0.86, "top_decile_gap": 0.0, "stratum": "rural", "scored": 1}, "geometry": {"type": "Polygon", "coordinates": [[[-90.9825, 33.444], [-90.9567, 33.4586], [-90.9544, 33.4729], [-90.9546, 33.5166], [-90.9457, 33.5167], [-90.9455, 33.5302], [-90.7613, 33.5294], [-90.7605, 33.4458], [-90.7645, 33.4457], [-90.7638, 33.2704], [-90.7163, 33.27], [-90.7215, 33.2652], [-90.7277, 33.2675], [-90.732, 33.2634], [-90.7291, 33.2501], [-90.7323, 33.2297], [-90.7223, 33.229], [-90.7136, 33.2184], [-90.7042, 33.2126], [-90.6865, 33.2075], [-90.679, 33.1997], [-90.6804, 33.1934], [-90.6869, 33.1869], [-90.6838, 33.174], [-90.6897, 33.1581], [-90.6881, 33.1485], [-90.6918, 33.1421], [-90.6985, 33.138], [-90.6977, 33.1304], [-90.7006, 33.1251], [-90.6977, 33.1213], [-90.689, 33.123], [-90.6882, 33.1159], [-90.6796, 33.1146], [-90.6789, 33.1038], [-90.683, 33.0983], [-90.6858, 33.0971], [-90.6957, 33.1003], [-90.7018, 33.0963], [-90.8629, 33.0951], [-90.8627, 33.0975], [-90.898, 33.0973], [-90.9157, 33.101], [-90.9476, 33.1007], [-90.9531, 33.119], [-90.9578, 33.1229], [-90.938, 33.1366], [-90.9255, 33.1564], [-90.9244, 33.1596], [-90.9276, 33.1636], [-90.9218, 33.165], [-90.9283, 33.1673], [-90.9231, 33.1822], [-90.9258, 33.1908], [-90.9245, 33.1931], [-90.9341, 33.2037], [-90.9317, 33.2056], [-90.9339, 33.2071], [-90.9323, 33.21], [-90.9361, 33.2158], [-90.9324, 33.2207], [-90.9331, 33.2325], [-90.941, 33.244], [-90.9448, 33.2562], [-90.9394, 33.2653], [-90.9278, 33.2758], [-90.9229, 33.2872], [-90.9295, 33.2925], [-90.9324, 33.2985], [-90.9046, 33.2986], [-90.8912, 33.3057], [-90.8957, 33.3142], [-90.8943, 33.3179], [-90.8857, 33.3203], [-90.8931, 33.3298], [-90.8912, 33.3375], [-90.8967, 33.3384], [-90.9123, 33.3498], [-90.8995, 33.3504], [-90.8966, 33.3554], [-90.9073, 33.3551], [-90.9081, 33.3576], [-90.871, 33.3575], [-90.8683, 33.3849], [-90.8762, 33.4114], [-90.8811, 33.4195], [-90.8769, 33.4272], [-90.9816, 33.4183], [-90.9848, 33.4228], [-90.9893, 33.4242], [-90.9894, 33.4437], [-90.9825, 33.444]], [[-90.8636, 33.1428], [-90.8659, 33.1386], [-90.8563, 33.1319], [-90.85, 33.1323], [-90.8477, 33.1366], [-90.8544, 33.1433], [-90.8419, 33.1418], [-90.8479, 33.1472], [-90.8434, 33.1581], [-90.8464, 33.1633], [-90.8388, 33.176], [-90.8385, 33.1805], [-90.8553, 33.2184], [-90.8846, 33.2177], [-90.8786, 33.2069], [-90.8636, 33.1428]]]}}, {"type": "Feature", "properties": {"fips": "28047001207", "gap_national": 2.9, "gap_stratum": 8.8, "burden": 53.0, "capacity": 51.7, "svi": 0.69, "top_decile_gap": 0.0, "stratum": "metropolitan", "scored": 1}, "geometry": {"type": "Polygon", "coordinates": [[[-88.9472, 30.4031], [-88.9471, 30.3977], [-88.9927, 30.3951], [-88.9937, 30.4001], [-88.9472, 30.4031]]]}}, {"type": "Feature", "properties": {"fips": "28109950506", "gap_national": -16.1, "gap_stratum": -38.0, "burden": 71.4, "capacity": 82.4, "svi": 0.44, "top_decile_gap": 0.0, "stratum": "micropolitan", "scored": 1}, "geometry": {"type": "Polygon", "coordinates": [[[-89.6612, 30.584], [-89.6526, 30.596], [-89.6508, 30.6175], [-89.6484, 30.6137], [-89.6187, 30.6005], [-89.6472, 30.5483], [-89.6686, 30.5475], [-89.6612, 30.584]]]}}, {"type": "Feature", "properties": {"fips": "28047003308", "gap_national": 43.2, "gap_stratum": 44.2, "burden": 82.0, "capacity": 46.6, "svi": 0.77, "top_decile_gap": 0.0, "stratum": "metropolitan", "scored": 1}, "geometry": {"type": "Polygon", "coordinates": [[[-88.9171, 30.4431], [-88.9, 30.4454], [-88.8997, 30.4327], [-88.9107, 30.4331], [-88.917, 30.4301], [-88.9171, 30.4431]]]}}, {"type": "Feature", "properties": {"fips": "28033070724", "gap_national": -25.6, "gap_stratum": -17.8, "burden": 64.7, "capacity": 84.1, "svi": 0.4, "top_decile_gap": 0.0, "stratum": "metropolitan", "scored": 1}, "geometry": {"type": "Polygon", "coordinates": [[[-89.8525, 34.9622], [-89.8474, 34.9565], [-89.8305, 34.9458], [-89.8308, 34.9433], [-89.8357, 34.9477], [-89.8539, 34.9476], [-89.8638, 34.9458], [-89.8702, 34.9405], [-89.8823, 34.9376], [-89.9014, 34.9379], [-89.9014, 34.9626], [-89.8525, 34.9622]]]}}, {"type": "Feature", "properties": {"fips": "28033070310", "gap_national": 12.1, "gap_stratum": 17.8, "burden": 52.9, "capacity": 45.2, "svi": 0.61, "top_decile_gap": 0.0, "stratum": "metropolitan", "scored": 1}, "geometry": {"type": "Polygon", "coordinates": [[[-90.0165, 34.9627], [-89.9994, 34.9625], [-89.9946, 34.9336], [-90.0134, 34.9336], [-90.0168, 34.9441], [-90.0165, 34.9627]]]}}, {"type": "Feature", "properties": {"fips": "28047001401", "gap_national": -21.0, "gap_stratum": -14.8, "burden": 71.9, "capacity": 89.9, "svi": 0.67, "top_decile_gap": 0.0, "stratum": "metropolitan", "scored": 1}, "geometry": {"type": "Polygon", "coordinates": [[[-89.027, 30.3866], [-89.0013, 30.3932], [-89.0012, 30.3881], [-89.0271, 30.3822], [-89.027, 30.3842], [-89.0356, 30.3844], [-89.027, 30.3866]]]}}, {"type": "Feature", "properties": {"fips": "28049010809", "gap_national": -7.8, "gap_stratum": -3.8, "burden": 81.5, "capacity": 85.1, "svi": 0.5, "top_decile_gap": 0.0, "stratum": "metropolitan", "scored": 1}, "geometry": {"type": "Polygon", "coordinates": [[[-90.3278, 32.2959], [-90.3262, 32.304], [-90.3089, 32.2993], [-90.3093, 32.2583], [-90.3066, 32.2523], [-90.301, 32.2485], [-90.3018, 32.2322], [-90.318, 32.2324], [-90.318, 32.2415], [-90.3266, 32.2415], [-90.3265, 32.2527], [-90.3383, 32.2569], [-90.3392, 32.2731], [-90.3278, 32.2959]]]}}, {"type": "Feature", "properties": {"fips": "28133950200", "gap_national": 30.2, "gap_stratum": 38.9, "burden": 96.9, "capacity": 63.4, "svi": 0.89, "top_decile_gap": 0.0, "stratum": "rural", "scored": 1}, "geometry": {"type": "Polygon", "coordinates": [[[-90.7635, 33.6162], [-90.6587, 33.6163], [-90.6587, 33.7759], [-90.5578, 33.7636], [-90.541, 33.7531], [-90.5437, 33.7465], [-90.5097, 33.746], [-90.5079, 33.7433], [-90.5027, 33.7455], [-90.4994, 33.7438], [-90.4882, 33.7481], [-90.4726, 33.7597], [-90.4522, 33.7596], [-90.4523, 33.5932], [-90.5226, 33.5936], [-90.5213, 33.6009], [-90.5396, 33.6014], [-90.5485, 33.5805], [-90.5573, 33.5699], [-90.5778, 33.5721], [-90.5869, 33.5698], [-90.59, 33.5655], [-90.6094, 33.5653], [-90.6147, 33.5581], [-90.6152, 33.5508], [-90.6377, 33.5367], [-90.6585, 33.5434], [-90.6657, 33.548], [-90.6746, 33.5483], [-90.6766, 33.5528], [-90.7093, 33.5657], [-90.7273, 33.5653], [-90.7321, 33.5671], [-90.7371, 33.5581], [-90.7635, 33.5578], [-90.7635, 33.6162]]]}}, {"type": "Feature", "properties": {"fips": "28133950300", "gap_national": 31.5, "gap_stratum": 28.5, "burden": 90.6, "capacity": 59.6, "svi": 0.87, "top_decile_gap": 0.0, "stratum": "small_town", "scored": 1}, "geometry": {"type": "Polygon", "coordinates": [[[-90.7605, 33.4458], [-90.7635, 33.5578], [-90.7371, 33.5581], [-90.7321, 33.5671], [-90.7273, 33.5653], [-90.7093, 33.5657], [-90.6766, 33.5528], [-90.6746, 33.5483], [-90.6657, 33.548], [-90.6585, 33.5434], [-90.6377, 33.5367], [-90.6152, 33.5508], [-90.6147, 33.5581], [-90.6094, 33.5653], [-90.59, 33.5655], [-90.5869, 33.5698], [-90.5778, 33.5721], [-90.5573, 33.5699], [-90.5485, 33.5805], [-90.5396, 33.6014], [-90.5213, 33.6009], [-90.5226, 33.5936], [-90.4523, 33.5932], [-90.4527, 33.4613], [-90.5625, 33.4622], [-90.5652, 33.4676], [-90.5758, 33.4737], [-90.5766, 33.4772], [-90.5914, 33.4839], [-90.5909, 33.4911], [-90.5969, 33.4916], [-90.6081, 33.4788], [-90.6186, 33.4789], [-90.6208, 33.473], [-90.6336, 33.4691], [-90.6446, 33.4687], [-90.6479, 33.4714], [-90.6598, 33.47], [-90.6584, 33.458], [-90.723, 33.4425], [-90.7313, 33.4457], [-90.7645, 33.4457], [-90.7605, 33.4458]]]}}, {"type": "Feature", "properties": {"fips": "28159950400", "gap_national": 16.9, "gap_stratum": 15.7, "burden": 92.8, "capacity": 70.9, "svi": 0.78, "top_decile_gap": 0.0, "stratum": "rural", "scored": 1}, "geometry": {"type": "Polygon", "coordinates": [[[-89.0618, 33.0943], [-89.0556, 33.11], [-89.0405, 33.1102], [-89.0467, 33.1153], [-89.0531, 33.1167], [-89.053, 33.1254], [-89.0477, 33.1318], [-89.0531, 33.1318], [-89.054, 33.1528], [-89.0454, 33.1601], [-89.0364, 33.1611], [-89.0371, 33.1548], [-89.0424, 33.1487], [-89.0393, 33.1458], [-89.0309, 33.1522], [-89.0232, 33.1529], [-89.023, 33.1481], [-89.0107, 33.1513], [-89.0066, 33.1392], [-88.9957, 33.1306], [-89.014, 33.1305], [-89.0227, 33.1246], [-88.9911, 33.1058], [-88.991, 33.0957], [-88.9865, 33.0928], [-88.9926, 33.0927], [-89.0036, 33.0837], [-88.9978, 33.0796], [-89.0171, 33.0794], [-89.028, 33.0762], [-89.0279, 33.0652], [-89.053, 33.0616], [-89.0655, 33.0685], [-89.0618, 33.0943]]]}}, {"type": "Feature", "properties": {"fips": "28031950200", "gap_national": 22.9, "gap_stratum": 26.0, "burden": 94.4, "capacity": 67.3, "svi": 0.81, "top_decile_gap": 0.0, "stratum": "rural", "scored": 1}, "geometry": {"type": "Polygon", "coordinates": [[[-89.5922, 31.6479], [-89.5812, 31.6524], [-89.5782, 31.6579], [-89.5734, 31.6559], [-89.5634, 31.6579], [-89.561, 31.6537], [-89.5499, 31.6473], [-89.5487, 31.643], [-89.5411, 31.6412], [-89.5287, 31.6276], [-89.5291, 31.6251], [-89.5416, 31.623], [-89.5607, 31.6354], [-89.5653, 31.6247], [-89.5723, 31.6223], [-89.574, 31.6293], [-89.578, 31.6342], [-89.5849, 31.6383], [-89.6011, 31.6385], [-89.5922, 31.6479]]]}}, {"type": "Feature", "properties": {"fips": "28031950100", "gap_national": 11.2, "gap_stratum": 14.2, "burden": 83.0, "capacity": 68.8, "svi": 0.63, "top_decile_gap": 0.0, "stratum": "metropolitan", "scored": 1}, "geometry": {"type": "Polygon", "coordinates": [[[-89.5868, 31.7658], [-89.587, 31.7791], [-89.5908, 31.7847], [-89.4012, 31.7969], [-89.4002, 31.608], [-89.4085, 31.6107], [-89.4194, 31.6102], [-89.4213, 31.6131], [-89.4281, 31.6135], [-89.4446, 31.6013], [-89.4459, 31.6091], [-89.4565, 31.6088], [-89.4606, 31.6054], [-89.4717, 31.6119], [-89.4771, 31.6094], [-89.4856, 31.6105], [-89.489, 31.6134], [-89.5056, 31.6131], [-89.5136, 31.6159], [-89.5184, 31.6115], [-89.5247, 31.6129], [-89.5316, 31.6312], [-89.5411, 31.6412], [-89.5487, 31.643], [-89.5499, 31.6473], [-89.5632, 31.6568], [-89.5647, 31.6611], [-89.5608, 31.6676], [-89.566, 31.6729], [-89.5727, 31.6871], [-89.5714, 31.692], [-89.5809, 31.7168], [-89.5853, 31.7198], [-89.5882, 31.7284], [-89.595, 31.734], [-89.5922, 31.741], [-89.5993, 31.7569], [-89.5868, 31.7658]]]}}, {"type": "Feature", "properties": {"fips": "28091950300", "gap_national": 49.5, "gap_stratum": 58.1, "burden": 95.5, "capacity": 50.0, "svi": 0.96, "top_decile_gap": 0.0, "stratum": "small_town", "scored": 1}, "geometry": {"type": "Polygon", "coordinates": [[[-89.8539, 31.2828], [-89.8531, 31.2895], [-89.8478, 31.2877], [-89.8448, 31.2884], [-89.8452, 31.2914], [-89.8368, 31.2803], [-89.8358, 31.273], [-89.826, 31.2767], [-89.8208, 31.2847], [-89.8131, 31.2892], [-89.8099, 31.2882], [-89.8057, 31.2802], [-89.8226, 31.2555], [-89.8312, 31.2576], [-89.8383, 31.2562], [-89.8428, 31.2596], [-89.8633, 31.2499], [-89.8717, 31.2651], [-89.8539, 31.2828]]]}}, {"type": "Feature", "properties": {"fips": "28091950500", "gap_national": 7.9, "gap_stratum": -12.3, "burden": 84.5, "capacity": 72.5, "svi": 0.63, "top_decile_gap": 0.0, "stratum": "small_town", "scored": 1}, "geometry": {"type": "Polygon", "coordinates": [[[-89.84, 31.2023], [-89.8359, 31.1986], [-89.8287, 31.2014], [-89.8342, 31.2084], [-89.8306, 31.2099], [-89.8247, 31.2076], [-89.8216, 31.211], [-89.8217, 31.2146], [-89.8248, 31.2172], [-89.8361, 31.2183], [-89.8362, 31.22], [-89.8277, 31.2276], [-89.8207, 31.2264], [-89.8169, 31.2289], [-89.815, 31.2361], [-89.8047, 31.2416], [-89.8055, 31.2443], [-89.7814, 31.2543], [-89.726, 31.2626], [-89.6538, 31.2827], [-89.654, 31.0025], [-89.7281, 31.0023], [-89.7325, 31.0048], [-89.7521, 31.0002], [-89.751, 31.0094], [-89.7578, 31.0121], [-89.759, 31.0158], [-89.7567, 31.0192], [-89.748, 31.0154], [-89.7437, 31.0166], [-89.7448, 31.028], [-89.7548, 31.0274], [-89.7556, 31.0328], [-89.7607, 31.0386], [-89.7651, 31.0371], [-89.7674, 31.0292], [-89.7718, 31.0284], [-89.7776, 31.036], [-89.7732, 31.0446], [-89.7773, 31.0489], [-89.7875, 31.0526], [-89.7875, 31.0554], [-89.782, 31.06], [-89.7724, 31.0593], [-89.7788, 31.0676], [-89.7685, 31.0742], [-89.7678, 31.0775], [-89.7706, 31.0781], [-89.7749, 31.0745], [-89.7797, 31.0752], [-89.7806, 31.0784], [-89.7718, 31.0818], [-89.7728, 31.0876], [-89.7755, 31.089], [-89.7807, 31.0852], [-89.7909, 31.0912], [-89.7881, 31.0975], [-89.7896, 31.1057], [-89.7957, 31.1114], [-89.7981, 31.1286], [-89.8066, 31.1342], [-89.8071, 31.1426], [-89.822, 31.1493], [-89.822, 31.1585], [-89.8159, 31.1594], [-89.814, 31.164], [-89.8237, 31.1655], [-89.8289, 31.1705], [-89.8288, 31.1802], [-89.8337, 31.1855], [-89.8289, 31.1884], [-89.8282, 31.1922], [-89.8404, 31.193], [-89.8434, 31.2006], [-89.84, 31.2023]]]}}, {"type": "Feature", "properties": {"fips": "28091950200", "gap_national": 32.4, "gap_stratum": 27.5, "burden": 89.3, "capacity": 58.4, "svi": 0.77, "top_decile_gap": 0.0, "stratum": "small_town", "scored": 1}, "geometry": {"type": "Polygon", "coordinates": [[[-90.0405, 31.3946], [-89.9754, 31.3947], [-89.9733, 31.3925], [-89.9645, 31.3957], [-89.9635, 31.3939], [-89.9676, 31.3872], [-89.9663, 31.3831], [-89.9589, 31.3838], [-89.9578, 31.3796], [-89.9687, 31.3718], [-89.967, 31.3701], [-89.9601, 31.3725], [-89.9525, 31.3628], [-89.9528, 31.3597], [-89.9604, 31.3592], [-89.9618, 31.3546], [-89.9593, 31.3465], [-89.9509, 31.3431], [-89.952, 31.3379], [-89.9498, 31.3352], [-89.9403, 31.3275], [-89.9289, 31.3336], [-89.9261, 31.3257], [-89.9134, 31.3163], [-89.9115, 31.3176], [-89.9135, 31.3213], [-89.9117, 31.3236], [-89.9006, 31.3276], [-89.8944, 31.3261], [-89.8875, 31.3119], [-89.8776, 31.3106], [-89.8761, 31.3081], [-89.8833, 31.2901], [-89.8816, 31.2829], [-89.8531, 31.2895], [-89.8539, 31.2828], [-89.8717, 31.2651], [-89.8633, 31.2499], [-89.8428, 31.2596], [-89.8415, 31.2584], [-89.842, 31.251], [-89.847, 31.25], [-89.845, 31.2418], [-89.8474, 31.2381], [-89.8555, 31.2384], [-89.8773, 31.2241], [-90.0319, 31.1812], [-90.0319, 31.2339], [-90.0404, 31.2339], [-90.0405, 31.3946]]]}}, {"type": "Feature", "properties": {"fips": "28099010600", "gap_national": 40.6, "gap_stratum": 42.9, "burden": 91.6, "capacity": 54.2, "svi": 0.88, "top_decile_gap": 0.0, "stratum": "small_town", "scored": 1}, "geometry": {"type": "Polygon", "coordinates": [[[-89.1358, 32.7319], [-89.1274, 32.7401], [-89.1252, 32.7512], [-89.1161, 32.7514], [-89.1006, 32.7446], [-89.0731, 32.7589], [-89.0532, 32.7544], [-89.0462, 32.7472], [-89.028, 32.7431], [-89.0164, 32.7334], [-88.981, 32.7227], [-88.956, 32.7229], [-88.9521, 32.7266], [-88.9367, 32.7264], [-88.9343, 32.7286], [-88.9297, 32.727], [-88.9243, 32.7291], [-88.9152, 32.7264], [-88.9145, 32.577], [-89.1257, 32.5769], [-89.128, 32.5921], [-89.134, 32.6007], [-89.1366, 32.6113], [-89.1352, 32.6225], [-89.1318, 32.6283], [-89.1365, 32.6486], [-89.1301, 32.6565], [-89.1297, 32.6793], [-89.1326, 32.687], [-89.1384, 32.692], [-89.1399, 32.7185], [-89.1358, 32.7319]]]}}, {"type": "Feature", "properties": {"fips": "28099010200", "gap_national": 27.7, "gap_stratum": 25.0, "burden": 91.8, "capacity": 62.7, "svi": 0.66, "top_decile_gap": 0.0, "stratum": "small_town", "scored": 1}, "geometry": {"type": "Polygon", "coordinates": [[[-89.3192, 32.9317], [-89.0177, 32.9313], [-89.0177, 32.9264], [-88.9748, 32.9265], [-88.9828, 32.9186], [-88.9806, 32.9179], [-88.982, 32.9162], [-88.986, 32.9155], [-88.9911, 32.9105], [-88.995, 32.9114], [-89.0005, 32.9008], [-89.0036, 32.902], [-89.0065, 32.8995], [-89.0133, 32.9014], [-89.0185, 32.8965], [-89.0288, 32.8928], [-89.0286, 32.89], [-89.0336, 32.8903], [-89.036, 32.8852], [-89.0414, 32.8886], [-89.0502, 32.8801], [-89.0521, 32.8816], [-89.0563, 32.88], [-89.0558, 32.8822], [-89.0599, 32.8767], [-89.0576, 32.8737], [-89.0594, 32.8692], [-89.064, 32.8673], [-89.0663, 32.8616], [-89.0699, 32.8627], [-89.0705, 32.8579], [-89.0725, 32.86], [-89.073, 32.8571], [-89.0745, 32.8582], [-89.0728, 32.8558], [-89.076, 32.8565], [-89.0739, 32.8521], [-89.0781, 32.8524], [-89.0809, 32.8501], [-89.0799, 32.8479], [-89.084, 32.8456], [-89.0864, 32.8478], [-89.0864, 32.8451], [-89.091, 32.846], [-89.0977, 32.8411], [-89.0966, 32.8361], [-89.0994, 32.825], [-89.1054, 32.8124], [-89.1097, 32.8099], [-89.1239, 32.809], [-89.1313, 32.8039], [-89.1363, 32.7698], [-89.1399, 32.7651], [-89.156, 32.7823], [-89.1945, 32.7942], [-89.1995, 32.7977], [-89.2091, 32.8283], [-89.2076, 32.834], [-89.215, 32.8331], [-89.2145, 32.8315], [-89.217, 32.8329], [-89.222, 32.8291], [-89.2244, 32.8334], [-89.2242, 32.8298], [-89.2283, 32.8281], [-89.235, 32.8324], [-89.2408, 32.8301], [-89.2429, 32.8323], [-89.2458, 32.8307], [-89.251, 32.8324], [-89.2577, 32.8295], [-89.269, 32.8317], [-89.2677, 32.8375], [-89.2705, 32.8394], [-89.27, 32.8416], [-89.2634, 32.8445], [-89.2633, 32.848], [-89.2728, 32.8615], [-89.2811, 32.8556], [-89.2866, 32.8474], [-89.2964, 32.8452], [-89.3098, 32.836], [-89.3106, 32.8225], [-89.3053, 32.8146], [-89.3186, 32.8124], [-89.3192, 32.9317]]]}}, {"type": "Feature", "properties": {"fips": "28123020500", "gap_national": 64.0, "gap_stratum": 63.9, "burden": 85.8, "capacity": 32.8, "svi": 0.91, "top_decile_gap": 1.0, "stratum": "rural", "scored": 1}, "geometry": {"type": "Polygon", "coordinates": [[[-89.5087, 32.3929], [-89.5002, 32.396], [-89.4895, 32.3963], [-89.4807, 32.402], [-89.4792, 32.3763], [-89.4718, 32.3759], [-89.4719, 32.3691], [-89.4546, 32.3691], [-89.4519, 32.3732], [-89.4518, 32.3861], [-89.4468, 32.3888], [-89.4403, 32.3881], [-89.4455, 32.3773], [-89.4431, 32.3709], [-89.4443, 32.3646], [-89.4523, 32.3471], [-89.4506, 32.3408], [-89.4564, 32.3436], [-89.4695, 32.3416], [-89.4597, 32.3292], [-89.4779, 32.3359], [-89.4876, 32.3369], [-89.4989, 32.3586], [-89.4907, 32.3588], [-89.4904, 32.3618], [-89.5084, 32.362], [-89.5102, 32.3675], [-89.5075, 32.379], [-89.511, 32.3893], [-89.5087, 32.3929]]]}}, {"type": "Feature", "properties": {"fips": "28161950100", "gap_national": 27.0, "gap_stratum": 32.7, "burden": 93.6, "capacity": 64.1, "svi": 0.58, "top_decile_gap": 0.0, "stratum": "rural", "scored": 1}, "geometry": {"type": "Polygon", "coordinates": [[[-89.753, 33.9107], [-89.718, 33.9375], [-89.6923, 33.9606], [-89.6897, 33.9669], [-89.6893, 33.9807], [-89.685, 33.9794], [-89.6864, 33.9847], [-89.6737, 33.9841], [-89.6735, 33.9913], [-89.6822, 34.0133], [-89.6821, 34.0265], [-89.6609, 34.0496], [-89.6619, 34.0568], [-89.6536, 34.0676], [-89.6537, 34.0752], [-89.6431, 34.0934], [-89.6443, 34.1093], [-89.6419, 34.1146], [-89.641, 34.1308], [-89.6096, 34.1244], [-89.5888, 34.1261], [-89.5971, 34.1346], [-89.5973, 34.1407], [-89.5849, 34.1406], [-89.5803, 34.1472], [-89.576, 34.1478], [-89.5754, 34.1575], [-89.5867, 34.1585], [-89.5925, 34.1539], [-89.5991, 34.1553], [-89.6061, 34.1609], [-89.6016, 34.1672], [-89.5889, 34.1724], [-89.5865, 34.1784], [-89.5899, 34.1831], [-89.5938, 34.1823], [-89.5993, 34.1912], [-89.5094, 34.191], [-89.5074, 33.8675], [-89.769, 33.8673], [-89.7693, 33.8971], [-89.7792, 33.8972], [-89.753, 33.9107]]]}}, {"type": "Feature", "properties": {"fips": "28043950500", "gap_national": 11.9, "gap_stratum": 4.5, "burden": 87.9, "capacity": 71.8, "svi": 0.79, "top_decile_gap": 0.0, "stratum": "micropolitan", "scored": 1}, "geometry": {"type": "Polygon", "coordinates": [[[-89.8231, 33.7748], [-89.8168, 33.7691], [-89.809, 33.7691], [-89.809, 33.772], [-89.7998, 33.772], [-89.7987, 33.7755], [-89.7927, 33.7795], [-89.7922, 33.7757], [-89.7812, 33.7715], [-89.7852, 33.763], [-89.7818, 33.7577], [-89.7869, 33.7563], [-89.7841, 33.7454], [-89.7889, 33.7457], [-89.7926, 33.7398], [-89.7986, 33.738], [-89.7942, 33.7323], [-89.7956, 33.7311], [-89.8104, 33.7302], [-89.813, 33.7318], [-89.813, 33.7362], [-89.8206, 33.7354], [-89.8315, 33.7278], [-89.8413, 33.7564], [-89.8414, 33.763], [-89.8231, 33.7748]]]}}, {"type": "Feature", "properties": {"fips": "28027950100", "gap_national": 32.6, "gap_stratum": 43.0, "burden": 97.8, "capacity": 62.2, "svi": 0.8, "top_decile_gap": 0.0, "stratum": "rural", "scored": 1}, "geometry": {"type": "Polygon", "coordinates": [[[-90.7656, 34.2695], [-90.7604, 34.2707], [-90.7467, 34.2798], [-90.738, 34.2893], [-90.736, 34.2959], [-90.7364, 34.3121], [-90.7687, 34.3478], [-90.7692, 34.3584], [-90.7573, 34.3674], [-90.7496, 34.3681], [-90.7158, 34.3603], [-90.7011, 34.3625], [-90.6762, 34.3711], [-90.6815, 34.3526], [-90.6916, 34.3386], [-90.6931, 34.3226], [-90.686, 34.3158], [-90.6781, 34.313], [-90.6614, 34.3154], [-90.6575, 34.3222], [-90.6604, 34.3358], [-90.6669, 34.3486], [-90.6668, 34.3558], [-90.6553, 34.3718], [-90.6585, 34.3757], [-90.6409, 34.3889], [-90.6135, 34.3903], [-90.606, 34.3933], [-90.5862, 34.4092], [-90.5809, 34.4199], [-90.5783, 34.4339], [-90.5874, 34.4548], [-90.5939, 34.4842], [-90.5813, 34.5156], [-90.5747, 34.5218], [-90.5678, 34.524], [-90.3975, 34.4226], [-90.3994, 34.4073], [-90.399, 34.2795], [-90.4142, 34.2803], [-90.4254, 34.2994], [-90.4348, 34.2989], [-90.4412, 34.2973], [-90.4446, 34.2895], [-90.4529, 34.2808], [-90.457, 34.2808], [-90.4688, 34.2919], [-90.4768, 34.2911], [-90.5437, 34.2701], [-90.5765, 34.2673], [-90.597, 34.2834], [-90.597, 34.2773], [-90.605, 34.2773], [-90.6364, 34.2926], [-90.6397, 34.3051], [-90.6502, 34.2911], [-90.6721, 34.295], [-90.6867, 34.2948], [-90.7035, 34.2815], [-90.7029, 34.2657], [-90.7288, 34.2652], [-90.7354, 34.2616], [-90.7503, 34.2611], [-90.7899, 34.27], [-90.7869, 34.2724], [-90.7656, 34.2695]]]}}, {"type": "Feature", "properties": {"fips": "28007060600", "gap_national": 24.3, "gap_stratum": 22.5, "burden": 94.2, "capacity": 66.2, "svi": 0.93, "top_decile_gap": 0.0, "stratum": "small_town", "scored": 1}, "geometry": {"type": "Polygon", "coordinates": [[[-89.6021, 33.0925], [-89.5936, 33.0784], [-89.5802, 33.0785], [-89.5876, 33.0642], [-89.5874, 33.0561], [-89.5932, 33.0524], [-89.594, 33.0398], [-89.6002, 33.0348], [-89.6059, 33.0386], [-89.6095, 33.0472], [-89.6221, 33.0484], [-89.6197, 33.0508], [-89.6287, 33.057], [-89.6365, 33.0578], [-89.6021, 33.0925]]]}}, {"type": "Feature", "properties": {"fips": "28135950300", "gap_national": 76.9, "gap_stratum": 78.2, "burden": 89.7, "capacity": 23.7, "svi": 0.93, "top_decile_gap": 1.0, "stratum": "rural", "scored": 1}, "geometry": {"type": "Polygon", "coordinates": [[[-90.451, 34.0729], [-90.1899, 34.0729], [-90.1911, 34.0642], [-90.1839, 34.0558], [-90.1869, 34.0536], [-90.1838, 34.0505], [-90.1852, 34.046], [-90.1733, 34.0429], [-90.1774, 34.0375], [-90.1836, 34.0366], [-90.1869, 34.0236], [-90.1942, 34.0253], [-90.1908, 34.0122], [-90.1857, 34.0104], [-90.1839, 34.0062], [-90.188, 34.0008], [-90.1933, 34.0021], [-90.1977, 33.9969], [-90.2019, 33.9975], [-90.2152, 33.9891], [-90.2259, 33.986], [-90.2297, 33.9785], [-90.2258, 33.9757], [-90.2236, 33.9697], [-90.2185, 33.968], [-90.2245, 33.965], [-90.2203, 33.9619], [-90.2224, 33.9579], [-90.2403, 33.9451], [-90.2342, 33.9356], [-90.2376, 33.9337], [-90.243, 33.9356], [-90.2499, 33.9276], [-90.2484, 33.9221], [-90.2609, 33.909], [-90.2664, 33.9073], [-90.275, 33.9092], [-90.2727, 33.9055], [-90.2781, 33.9007], [-90.2766, 33.8918], [-90.2785, 33.882], [-90.2849, 33.8807], [-90.2832, 33.9085], [-90.2851, 33.9129], [-90.2947, 33.9001], [-90.3016, 33.8977], [-90.3074, 33.8988], [-90.317, 33.9053], [-90.3204, 33.9127], [-90.3281, 33.915], [-90.3305, 33.9135], [-90.3399, 33.9366], [-90.354, 33.9374], [-90.3586, 33.9483], [-90.3694, 33.9541], [-90.3785, 33.9559], [-90.3823, 33.9586], [-90.3818, 33.9612], [-90.3856, 33.9627], [-90.3986, 33.96], [-90.403, 33.9557], [-90.4112, 33.9592], [-90.4242, 33.9503], [-90.4298, 33.9493], [-90.4362, 33.9507], [-90.4503, 33.96], [-90.451, 34.0729]]]}}, {"type": "Feature", "properties": {"fips": "28135950200", "gap_national": 23.4, "gap_stratum": 27.2, "burden": 95.7, "capacity": 67.5, "svi": 0.96, "top_decile_gap": 0.0, "stratum": "rural", "scored": 1}, "geometry": {"type": "Polygon", "coordinates": [[[-90.0666, 34.0085], [-90.056, 34.0223], [-90.0537, 34.0162], [-90.0445, 34.0201], [-90.0423, 34.0082], [-90.0402, 34.007], [-90.0439, 33.9987], [-90.0491, 33.9971], [-90.0582, 34.0014], [-90.0606, 33.9987], [-90.0646, 33.9992], [-90.0756, 34.0062], [-90.0666, 34.0085]]]}}, {"type": "Feature", "properties": {"fips": "28151002000", "gap_national": 35.2, "gap_stratum": 47.8, "burden": 98.1, "capacity": 60.5, "svi": 0.95, "top_decile_gap": 0.0, "stratum": "rural", "scored": 1}, "geometry": {"type": "Polygon", "coordinates": [[[-90.8553, 33.2184], [-90.8385, 33.1805], [-90.8388, 33.176], [-90.8464, 33.1633], [-90.8434, 33.1581], [-90.8479, 33.1472], [-90.8419, 33.1418], [-90.8544, 33.1433], [-90.8477, 33.1366], [-90.85, 33.1323], [-90.8563, 33.1319], [-90.8659, 33.1386], [-90.8636, 33.1428], [-90.8718, 33.1776], [-90.856, 33.1777], [-90.8558, 33.1829], [-90.8571, 33.1903], [-90.862, 33.1939], [-90.865, 33.2011], [-90.8647, 33.2106], [-90.8718, 33.2179], [-90.8553, 33.2184]]]}}, {"type": "Feature", "properties": {"fips": "28129950100", "gap_national": 30.1, "gap_stratum": 29.4, "burden": 95.6, "capacity": 63.0, "svi": 0.62, "top_decile_gap": 0.0, "stratum": "metropolitan", "scored": 1}, "geometry": {"type": "Polygon", "coordinates": [[[-89.7311, 32.2219], [-89.7013, 32.222], [-89.7016, 32.2238], [-89.3227, 32.2235], [-89.322, 31.9758], [-89.3332, 31.9782], [-89.3382, 31.9829], [-89.3482, 31.9867], [-89.3679, 32.006], [-89.3828, 32.0117], [-89.4312, 32.0124], [-89.4645, 32.0156], [-89.482, 32.029], [-89.4995, 32.0354], [-89.501, 32.04], [-89.5057, 32.0413], [-89.5078, 32.0458], [-89.5148, 32.0406], [-89.5226, 32.0424], [-89.5261, 32.0478], [-89.5315, 32.0476], [-89.5386, 32.0434], [-89.5617, 32.0477], [-89.61, 32.0468], [-89.6413, 32.0609], [-89.6485, 32.0577], [-89.664, 32.0571], [-89.6725, 32.0487], [-89.6712, 32.0472], [-89.7301, 32.0471], [-89.7311, 32.2219]]]}}, {"type": "Feature", "properties": {"fips": "28137950302", "gap_national": 32.4, "gap_stratum": 35.4, "burden": 74.5, "capacity": 48.6, "svi": 0.89, "top_decile_gap": 0.0, "stratum": "metropolitan", "scored": 1}, "geometry": {"type": "Polygon", "coordinates": [[[-90.2366, 34.6076], [-90.2365, 34.6111], [-90.2411, 34.6149], [-90.2384, 34.6212], [-90.24, 34.6262], [-90.2284, 34.6334], [-90.2129, 34.6347], [-90.2055, 34.6418], [-90.1917, 34.6416], [-90.1888, 34.6462], [-90.1857, 34.6429], [-90.1712, 34.6476], [-90.1264, 34.6683], [-90.1094, 34.6668], [-90.075, 34.6559], [-90.0658, 34.6503], [-90.0632, 34.6524], [-90.0403, 34.6518], [-90.0382, 34.6478], [-90.0275, 34.6457], [-90.0249, 34.6412], [-90.0042, 34.6409], [-90.0039, 34.6093], [-89.973, 34.6121], [-89.9686, 34.6121], [-89.9685, 34.6098], [-89.9499, 34.6145], [-89.9464, 34.5769], [-89.9372, 34.5537], [-90.2049, 34.5544], [-90.2041, 34.5592], [-90.2069, 34.5579], [-90.2113, 34.5607], [-90.2189, 34.5609], [-90.2107, 34.564], [-90.2111, 34.5731], [-90.2244, 34.5764], [-90.2207, 34.5791], [-90.2215, 34.5825], [-90.2317, 34.5882], [-90.2313, 34.5919], [-90.2342, 34.5951], [-90.236, 34.5929], [-90.2399, 34.5932], [-90.2381, 34.5976], [-90.2345, 34.5984], [-90.2363, 34.605], [-90.2414, 34.5991], [-90.2439, 34.5996], [-90.2439, 34.6022], [-90.2366, 34.6076]]]}}, {"type": "Feature", "properties": {"fips": "28145950200", "gap_national": 38.9, "gap_stratum": 26.9, "burden": 80.1, "capacity": 48.2, "svi": 0.64, "top_decile_gap": 0.0, "stratum": "small_town", "scored": 1}, "geometry": {"type": "Polygon", "coordinates": [[[-89.2456, 34.5976], [-89.0545, 34.5986], [-89.0529, 34.5956], [-89.0451, 34.5927], [-89.0397, 34.581], [-89.0369, 34.5417], [-89.0336, 34.5325], [-89.0483, 34.5415], [-89.0498, 34.5198], [-89.0569, 34.5099], [-89.0606, 34.4919], [-89.0793, 34.4899], [-89.0909, 34.4793], [-89.1221, 34.4676], [-89.1702, 34.4672], [-89.1854, 34.4779], [-89.2119, 34.4862], [-89.2217, 34.4845], [-89.2462, 34.466], [-89.2456, 34.5976]]]}}, {"type": "Feature", "properties": {"fips": "28137950100", "gap_national": 27.4, "gap_stratum": 28.6, "burden": 84.2, "capacity": 58.7, "svi": 0.8, "top_decile_gap": 0.0, "stratum": "metropolitan", "scored": 1}, "geometry": {"type": "Polygon", "coordinates": [[[-89.8462, 34.685], [-89.8472, 34.7286], [-89.8384, 34.7289], [-89.8384, 34.7435], [-89.8295, 34.7436], [-89.8296, 34.7729], [-89.7234, 34.7723], [-89.7223, 34.6855], [-89.6692, 34.6857], [-89.6684, 34.5544], [-89.8097, 34.5538], [-89.8098, 34.5684], [-89.8205, 34.5684], [-89.8169, 34.5786], [-89.8127, 34.5767], [-89.8103, 34.5798], [-89.81, 34.5908], [-89.8103, 34.5976], [-89.8203, 34.5976], [-89.8127, 34.6002], [-89.8114, 34.6055], [-89.8213, 34.6166], [-89.8114, 34.6192], [-89.8104, 34.6559], [-89.8459, 34.6558], [-89.8482, 34.6849], [-89.8462, 34.685]]]}}, {"type": "Feature", "properties": {"fips": "28131020100", "gap_national": 42.9, "gap_stratum": 49.9, "burden": 87.2, "capacity": 50.1, "svi": 0.78, "top_decile_gap": 0.0, "stratum": "rural", "scored": 1}, "geometry": {"type": "Polygon", "coordinates": [[[-89.1644, 30.8831], [-89.1444, 30.8866], [-89.1336, 30.8788], [-89.1315, 30.8743], [-89.1199, 30.8697], [-89.1155, 30.8657], [-89.1212, 30.8625], [-89.121, 30.8374], [-89.1075, 30.8371], [-89.1041, 30.8336], [-89.1051, 30.8274], [-89.0957, 30.8122], [-89.1004, 30.8113], [-89.1138, 30.8184], [-89.124, 30.8189], [-89.1271, 30.8262], [-89.1367, 30.8261], [-89.138, 30.8372], [-89.1521, 30.8468], [-89.1639, 30.8637], [-89.1644, 30.8831]]]}}, {"type": "Feature", "properties": {"fips": "28149950600", "gap_national": -8.0, "gap_stratum": -25.7, "burden": 76.7, "capacity": 79.7, "svi": 0.65, "top_decile_gap": 0.0, "stratum": "micropolitan", "scored": 1}, "geometry": {"type": "Polygon", "coordinates": [[[-90.8773, 32.319], [-90.8656, 32.3243], [-90.8613, 32.3301], [-90.8433, 32.3274], [-90.8404, 32.3242], [-90.8403, 32.3264], [-90.8344, 32.3264], [-90.8349, 32.324], [-90.8282, 32.3251], [-90.8268, 32.3235], [-90.8307, 32.315], [-90.8288, 32.3112], [-90.8314, 32.309], [-90.8252, 32.3032], [-90.8243, 32.2951], [-90.823, 32.2933], [-90.8079, 32.2934], [-90.8247, 32.2753], [-90.8273, 32.2756], [-90.833, 32.2805], [-90.8335, 32.2836], [-90.8473, 32.2853], [-90.8572, 32.2905], [-90.8685, 32.2894], [-90.8773, 32.3086], [-90.8773, 32.319]]]}}, {"type": "Feature", "properties": {"fips": "28149950400", "gap_national": 10.3, "gap_stratum": 3.9, "burden": 90.2, "capacity": 74.6, "svi": 0.77, "top_decile_gap": 0.0, "stratum": "micropolitan", "scored": 1}, "geometry": {"type": "Polygon", "coordinates": [[[-90.8879, 32.3491], [-90.8853, 32.3485], [-90.8867, 32.3459], [-90.8803, 32.3434], [-90.8704, 32.3459], [-90.8645, 32.3445], [-90.8643, 32.3367], [-90.8703, 32.3315], [-90.8763, 32.3316], [-90.8863, 32.3378], [-90.8961, 32.3371], [-90.8879, 32.3491]]]}}, {"type": "Feature", "properties": {"fips": "28151000702", "gap_national": -4.5, "gap_stratum": -27.1, "burden": 69.3, "capacity": 69.7, "svi": 0.82, "top_decile_gap": 0.0, "stratum": "micropolitan", "scored": 1}, "geometry": {"type": "Polygon", "coordinates": [[[-91.1204, 33.3638], [-91.1015, 33.3872], [-91.0808, 33.4021], [-91.0713, 33.3991], [-91.0724, 33.3907], [-91.0707, 33.3875], [-91.0586, 33.3851], [-91.0545, 33.382], [-91.0564, 33.3765], [-91.0398, 33.3726], [-91.0427, 33.3602], [-91.052, 33.3604], [-91.0635, 33.3665], [-91.0741, 33.3576], [-91.077, 33.3472], [-91.0909, 33.352], [-91.1074, 33.332], [-91.1418, 33.3334], [-91.1418, 33.3501], [-91.1204, 33.3638]]]}}, {"type": "Feature", "properties": {"fips": "28151001400", "gap_national": 24.4, "gap_stratum": 19.7, "burden": 89.2, "capacity": 63.6, "svi": 0.88, "top_decile_gap": 0.0, "stratum": "micropolitan", "scored": 1}, "geometry": {"type": "Polygon", "coordinates": [[[-91.0377, 33.3995], [-90.968, 33.401], [-90.9706, 33.3964], [-90.9672, 33.3936], [-90.9718, 33.3915], [-90.9719, 33.3718], [-91.0061, 33.3709], [-91.0063, 33.3859], [-91.0388, 33.3853], [-91.0377, 33.3995]]]}}, {"type": "Feature", "properties": {"fips": "28081950102", "gap_national": 9.7, "gap_stratum": -1.5, "burden": 82.2, "capacity": 69.4, "svi": 0.69, "top_decile_gap": 0.0, "stratum": "micropolitan", "scored": 1}, "geometry": {"type": "Polygon", "coordinates": [[[-88.5417, 34.5092], [-88.5425, 34.3863], [-88.5687, 34.3902], [-88.5687, 34.3958], [-88.596, 34.4076], [-88.5955, 34.4103], [-88.6098, 34.4181], [-88.6289, 34.4146], [-88.6322, 34.4201], [-88.6311, 34.4363], [-88.6364, 34.4363], [-88.6605, 34.4466], [-88.6663, 34.447], [-88.6661, 34.4922], [-88.6755, 34.4954], [-88.682, 34.5091], [-88.5417, 34.5092]]]}}, {"type": "Feature", "properties": {"fips": "28081950700", "gap_national": 22.1, "gap_stratum": 14.7, "burden": 84.6, "capacity": 62.4, "svi": 0.75, "top_decile_gap": 0.0, "stratum": "micropolitan", "scored": 1}, "geometry": {"type": "Polygon", "coordinates": [[[-88.7161, 34.2524], [-88.7104, 34.2488], [-88.7069, 34.2492], [-88.7086, 34.2558], [-88.7112, 34.2558], [-88.7113, 34.2646], [-88.7036, 34.2647], [-88.7029, 34.2575], [-88.6491, 34.2597], [-88.668, 34.228], [-88.6815, 34.2208], [-88.6723, 34.2059], [-88.6884, 34.1934], [-88.7069, 34.1924], [-88.708, 34.2092], [-88.7199, 34.2099], [-88.7161, 34.2524]]]}}, {"type": "Feature", "properties": {"fips": "28081950401", "gap_national": 4.1, "gap_stratum": -14.3, "burden": 73.5, "capacity": 66.9, "svi": 0.77, "top_decile_gap": 0.0, "stratum": "micropolitan", "scored": 1}, "geometry": {"type": "Polygon", "coordinates": [[[-88.8083, 34.2715], [-88.8066, 34.2653], [-88.8025, 34.2646], [-88.7989, 34.257], [-88.7876, 34.2527], [-88.7822, 34.2464], [-88.7766, 34.2485], [-88.77, 34.2315], [-88.766, 34.2361], [-88.7618, 34.2283], [-88.7462, 34.2283], [-88.7462, 34.221], [-88.7376, 34.221], [-88.7374, 34.2064], [-88.7451, 34.2063], [-88.747, 34.1977], [-88.7515, 34.1955], [-88.7519, 34.1918], [-88.8108, 34.1916], [-88.8157, 34.1938], [-88.8182, 34.1986], [-88.8177, 34.206], [-88.8248, 34.206], [-88.8254, 34.2718], [-88.8083, 34.2715]]]}}, {"type": "Feature", "properties": {"fips": "28151002100", "gap_national": 30.4, "gap_stratum": 39.1, "burden": 96.9, "capacity": 63.3, "svi": 0.81, "top_decile_gap": 0.0, "stratum": "rural", "scored": 1}, "geometry": {"type": "Polygon", "coordinates": [[[-90.8718, 33.2179], [-90.8656, 33.212], [-90.865, 33.2011], [-90.862, 33.1939], [-90.8568, 33.1896], [-90.856, 33.1777], [-90.8718, 33.1776], [-90.8786, 33.2069], [-90.8846, 33.2177], [-90.8718, 33.2179]]]}}, {"type": "Feature", "properties": {"fips": "28155950200", "gap_national": 6.0, "gap_stratum": -4.9, "burden": 83.4, "capacity": 73.2, "svi": 0.64, "top_decile_gap": 0.0, "stratum": "micropolitan", "scored": 1}, "geometry": {"type": "Polygon", "coordinates": [[[-89.232, 33.7219], [-89.2323, 33.7146], [-89.2376, 33.7066], [-89.2302, 33.6998], [-89.2262, 33.6919], [-89.2263, 33.6894], [-89.2336, 33.6835], [-89.2343, 33.6781], [-89.2331, 33.6518], [-89.2273, 33.646], [-89.2293, 33.6355], [-89.2358, 33.6306], [-89.2375, 33.6199], [-89.2321, 33.6084], [-89.2242, 33.6017], [-89.2262, 33.5908], [-89.2346, 33.591], [-89.2347, 33.5872], [-89.2297, 33.566], [-89.2208, 33.5561], [-89.22, 33.5502], [-89.2119, 33.543], [-89.2172, 33.5301], [-89.2245, 33.526], [-89.2289, 33.5197], [-89.2392, 33.5196], [-89.2421, 33.5164], [-89.2515, 33.5169], [-89.2586, 33.5248], [-89.2533, 33.5265], [-89.253, 33.5337], [-89.2581, 33.5406], [-89.2674, 33.5408], [-89.2685, 33.5473], [-89.29, 33.5472], [-89.2972, 33.5426], [-89.2962, 33.5362], [-89.2933, 33.533], [-89.2931, 33.5257], [-89.2829, 33.5171], [-89.2833, 33.5098], [-89.2961, 33.5067], [-89.2961, 33.5035], [-89.2984, 33.5027], [-89.3015, 33.5021], [-89.3026, 33.5043], [-89.3132, 33.4971], [-89.3198, 33.4965], [-89.319, 33.4943], [-89.3325, 33.4829], [-89.3405, 33.4694], [-89.3546, 33.4691], [-89.3624, 33.4734], [-89.368, 33.4686], [-89.368, 33.4641], [-89.3753, 33.4637], [-89.3774, 33.4605], [-89.3822, 33.4618], [-89.3811, 33.4603], [-89.5065, 33.4598], [-89.5071, 33.7218], [-89.232, 33.7219]]]}}, {"type": "Feature", "properties": {"fips": "28029950300", "gap_national": 7.9, "gap_stratum": 11.2, "burden": 82.7, "capacity": 71.1, "svi": 0.76, "top_decile_gap": 0.0, "stratum": "metropolitan", "scored": 1}, "geometry": {"type": "Polygon", "coordinates": [[[-90.6551, 32.05], [-90.3382, 32.0497], [-90.3619, 32.0147], [-90.3805, 31.9696], [-90.3681, 31.9694], [-90.3916, 31.9261], [-90.3993, 31.9025], [-90.3955, 31.8831], [-90.403, 31.894], [-90.4018, 31.8846], [-90.4157, 31.8875], [-90.4175, 31.8792], [-90.4199, 31.8818], [-90.4232, 31.8794], [-90.4337, 31.8788], [-90.4374, 31.8751], [-90.4443, 31.8756], [-90.4592, 31.8677], [-90.4759, 31.8657], [-90.4823, 31.861], [-90.4917, 31.8625], [-90.4921, 31.8592], [-90.5025, 31.8523], [-90.5055, 31.8521], [-90.5063, 31.8591], [-90.5184, 31.8596], [-90.519, 31.8521], [-90.5318, 31.8413], [-90.5363, 31.8346], [-90.5367, 31.8295], [-90.5481, 31.8208], [-90.57, 31.828], [-90.6098, 31.8299], [-90.6161, 31.8333], [-90.6193, 31.8389], [-90.6259, 31.8373], [-90.6331, 31.828], [-90.6432, 31.8236], [-90.6797, 31.8226], [-90.6892, 31.8281], [-90.6894, 31.8351], [-90.6951, 31.8392], [-90.7075, 31.8394], [-90.7145, 31.8424], [-90.7168, 31.8458], [-90.7144, 31.9776], [-90.7183, 32.0484], [-90.6551, 32.05]]]}}, {"type": "Feature", "properties": {"fips": "28077960100", "gap_national": 25.6, "gap_stratum": 30.5, "burden": 95.8, "capacity": 66.1, "svi": 0.64, "top_decile_gap": 0.0, "stratum": "rural", "scored": 1}, "geometry": {"type": "Polygon", "coordinates": [[[-90.1209, 31.6635], [-90.115, 31.658], [-90.1077, 31.6592], [-90.1131, 31.6647], [-90.1128, 31.6713], [-90.1167, 31.6778], [-90.1085, 31.6817], [-90.1081, 31.6857], [-90.1136, 31.6888], [-90.1042, 31.697], [-90.1014, 31.7049], [-90.1073, 31.7243], [-90.1176, 31.7222], [-90.1211, 31.7277], [-90.1172, 31.7339], [-90.1164, 31.7417], [-90.1195, 31.7457], [-90.1244, 31.745], [-90.1226, 31.7527], [-89.9746, 31.7617], [-89.9761, 31.5225], [-89.9591, 31.5224], [-89.9589, 31.3905], [-89.9663, 31.3905], [-89.9635, 31.3939], [-89.9645, 31.3957], [-89.9733, 31.3925], [-89.9754, 31.3947], [-89.9747, 31.4007], [-89.9815, 31.3978], [-89.9898, 31.3991], [-89.9908, 31.4021], [-89.9872, 31.4084], [-89.9941, 31.4111], [-89.9985, 31.4083], [-90.0001, 31.4035], [-90.0064, 31.4033], [-90.0038, 31.4059], [-90.0096, 31.4134], [-89.9976, 31.4187], [-89.9974, 31.4211], [-90.0121, 31.4173], [-90.0159, 31.4202], [-90.0157, 31.4233], [-90.0151, 31.428], [-90.013, 31.4287], [-90.0104, 31.4238], [-90.0062, 31.424], [-90.0098, 31.4316], [-90.0045, 31.4317], [-90.0035, 31.4362], [-90.0089, 31.4358], [-90.0155, 31.4403], [-90.0199, 31.4345], [-90.0296, 31.429], [-90.0343, 31.4339], [-90.0463, 31.4375], [-90.0411, 31.4403], [-90.0401, 31.4474], [-90.0456, 31.4467], [-90.0479, 31.4419], [-90.0517, 31.4427], [-90.0476, 31.4493], [-90.052, 31.4561], [-90.0502, 31.4648], [-90.0534, 31.4648], [-90.0547, 31.4601], [-90.0675, 31.4653], [-90.0648, 31.4704], [-90.0597, 31.4659], [-90.0554, 31.4665], [-90.052, 31.4742], [-90.0534, 31.4774], [-90.061, 31.4771], [-90.0682, 31.4835], [-90.0743, 31.4841], [-90.0807, 31.4896], [-90.0811, 31.4936], [-90.0768, 31.5032], [-90.0701, 31.5078], [-90.0757, 31.5113], [-90.0764, 31.5146], [-90.0677, 31.5162], [-90.0612, 31.5256], [-90.0645, 31.5256], [-90.0661, 31.5217], [-90.0696, 31.5225], [-90.0741, 31.5326], [-90.0695, 31.5383], [-90.0747, 31.5427], [-90.0855, 31.5429], [-90.0895, 31.5552], [-90.1081, 31.5564], [-90.1034, 31.5618], [-90.099, 31.5807], [-90.0842, 31.583], [-90.0812, 31.5736], [-90.0741, 31.5739], [-90.0726, 31.5757], [-90.0768, 31.5823], [-90.0706, 31.5908], [-90.0826, 31.5996], [-90.082, 31.6077], [-90.089, 31.6146], [-90.089, 31.6233], [-90.0924, 31.6242], [-90.1054, 31.6195], [-90.1103, 31.6252], [-90.1125, 31.6296], [-90.1052, 31.6476], [-90.1243, 31.6535], [-90.1245, 31.6583], [-90.1209, 31.6635]]]}}, {"type": "Feature", "properties": {"fips": "28001000600", "gap_national": 22.0, "gap_stratum": 18.3, "burden": 92.3, "capacity": 66.9, "svi": 0.67, "top_decile_gap": 0.0, "stratum": "micropolitan", "scored": 1}, "geometry": {"type": "Polygon", "coordinates": [[[-91.3968, 31.5577], [-91.3857, 31.5548], [-91.3605, 31.5613], [-91.3596, 31.5593], [-91.3632, 31.5586], [-91.3596, 31.5566], [-91.3612, 31.5548], [-91.3593, 31.5528], [-91.362, 31.5511], [-91.359, 31.5462], [-91.3619, 31.5415], [-91.3683, 31.5452], [-91.3809, 31.5395], [-91.3967, 31.5406], [-91.3994, 31.5502], [-91.3968, 31.5577]]]}}, {"type": "Feature", "properties": {"fips": "28001000200", "gap_national": 13.4, "gap_stratum": 9.2, "burden": 94.8, "capacity": 74.9, "svi": 0.65, "top_decile_gap": 0.0, "stratum": "micropolitan", "scored": 1}, "geometry": {"type": "Polygon", "coordinates": [[[-91.5167, 31.6273], [-91.5123, 31.6347], [-91.4977, 31.6454], [-91.4927, 31.6443], [-91.4826, 31.6316], [-91.4743, 31.6254], [-91.4367, 31.6127], [-91.4211, 31.6116], [-91.401, 31.6204], [-91.3957, 31.6442], [-91.4001, 31.6882], [-91.3971, 31.7114], [-91.3718, 31.7429], [-91.365, 31.7482], [-91.3387, 31.75], [-91.3179, 31.7498], [-91.3069, 31.711], [-91.3035, 31.7143], [-91.3, 31.7123], [-91.3026, 31.7075], [-91.2977, 31.7087], [-91.2991, 31.7001], [-91.294, 31.6979], [-91.2946, 31.6939], [-91.2918, 31.6916], [-91.2944, 31.6873], [-91.2926, 31.6871], [-91.297, 31.6858], [-91.2964, 31.6841], [-91.3004, 31.6811], [-91.2972, 31.6784], [-91.3001, 31.6722], [-91.296, 31.6718], [-91.2956, 31.6699], [-91.2879, 31.6707], [-91.2834, 31.6668], [-91.279, 31.666], [-91.2785, 31.6678], [-91.274, 31.6648], [-91.2698, 31.666], [-91.267, 31.6639], [-91.2656, 31.6578], [-91.2709, 31.6509], [-91.2694, 31.6474], [-91.2534, 31.6428], [-91.249, 31.6438], [-91.2333, 31.6294], [-91.25, 31.6239], [-91.262, 31.6092], [-91.2729, 31.6048], [-91.2819, 31.5977], [-91.2937, 31.5812], [-91.3055, 31.5968], [-91.3194, 31.6017], [-91.3271, 31.5975], [-91.3393, 31.5966], [-91.3437, 31.5899], [-91.347, 31.591], [-91.3496, 31.5876], [-91.3543, 31.5867], [-91.3564, 31.5806], [-91.354, 31.5783], [-91.3587, 31.5783], [-91.3583, 31.5756], [-91.3618, 31.574], [-91.3598, 31.5692], [-91.3753, 31.5771], [-91.3943, 31.5785], [-91.3979, 31.5701], [-91.4029, 31.5664], [-91.4078, 31.5696], [-91.4039, 31.5898], [-91.413, 31.5954], [-91.4307, 31.5965], [-91.4575, 31.5876], [-91.4852, 31.5862], [-91.5028, 31.5957], [-91.5166, 31.6118], [-91.5167, 31.6273]]]}}, {"type": "Feature", "properties": {"fips": "28001000400", "gap_national": 36.5, "gap_stratum": 37.3, "burden": 99.1, "capacity": 60.0, "svi": 0.96, "top_decile_gap": 0.0, "stratum": "micropolitan", "scored": 1}, "geometry": {"type": "Polygon", "coordinates": [[[-91.3922, 31.5643], [-91.3738, 31.568], [-91.3705, 31.5731], [-91.3596, 31.5686], [-91.3619, 31.5664], [-91.3605, 31.5613], [-91.3851, 31.5549], [-91.3981, 31.5594], [-91.3922, 31.5643]]]}}, {"type": "Feature", "properties": {"fips": "28085950500", "gap_national": 31.7, "gap_stratum": 30.8, "burden": 95.1, "capacity": 61.6, "svi": 0.96, "top_decile_gap": 0.0, "stratum": "micropolitan", "scored": 1}, "geometry": {"type": "Polygon", "coordinates": [[[-90.4626, 31.6179], [-90.4595, 31.6188], [-90.4516, 31.612], [-90.4237, 31.6117], [-90.4215, 31.5813], [-90.4303, 31.5795], [-90.4391, 31.5837], [-90.4421, 31.5809], [-90.4468, 31.5833], [-90.4726, 31.5829], [-90.4626, 31.6179]]]}}, {"type": "Feature", "properties": {"fips": "28113950102", "gap_national": -3.6, "gap_stratum": -23.5, "burden": 73.2, "capacity": 72.4, "svi": 0.16, "top_decile_gap": 0.0, "stratum": "micropolitan", "scored": 1}, "geometry": {"type": "Polygon", "coordinates": [[[-90.5482, 31.3496], [-90.3533, 31.3501], [-90.3496, 31.3457], [-90.3488, 31.3387], [-90.3344, 31.3265], [-90.3461, 31.3259], [-90.3742, 31.3168], [-90.3984, 31.2943], [-90.4088, 31.2905], [-90.411, 31.2944], [-90.4269, 31.3051], [-90.4354, 31.3065], [-90.451, 31.3045], [-90.4485, 31.3266], [-90.4595, 31.3115], [-90.4621, 31.3022], [-90.4787, 31.302], [-90.4788, 31.2888], [-90.4828, 31.2894], [-90.4812, 31.2842], [-90.4852, 31.2842], [-90.4732, 31.2779], [-90.5005, 31.2618], [-90.4954, 31.259], [-90.4928, 31.2525], [-90.493, 31.2367], [-90.4838, 31.2365], [-90.4906, 31.2328], [-90.5147, 31.2328], [-90.5228, 31.2307], [-90.5283, 31.2257], [-90.5484, 31.2234], [-90.5482, 31.3496]]]}}, {"type": "Feature", "properties": {"fips": "28011950200", "gap_national": 30.1, "gap_stratum": 38.6, "burden": 98.7, "capacity": 64.1, "svi": 1.0, "top_decile_gap": 0.0, "stratum": "rural", "scored": 1}, "geometry": {"type": "Polygon", "coordinates": [[[-91.0627, 33.8786], [-91.0346, 33.8983], [-91.0108, 33.9283], [-90.9992, 33.9281], [-90.9959, 33.9311], [-90.9891, 33.9315], [-90.9869, 33.9306], [-90.9885, 33.9277], [-90.9798, 33.9218], [-90.9753, 33.915], [-90.9589, 33.9317], [-90.9514, 33.934], [-90.9415, 33.9425], [-90.9219, 33.9416], [-90.9186, 33.9374], [-90.8945, 33.9372], [-90.8769, 33.9258], [-90.8679, 33.9131], [-90.8676, 33.8558], [-90.8695, 33.8555], [-90.8694, 33.8501], [-90.8737, 33.8465], [-90.8687, 33.843], [-90.8696, 33.8308], [-90.8657, 33.8273], [-90.8667, 33.8217], [-90.8487, 33.821], [-90.8487, 33.8064], [-90.8323, 33.8065], [-90.8323, 33.7919], [-90.8496, 33.7918], [-90.8501, 33.762], [-90.889, 33.7636], [-90.8925, 33.7721], [-90.907, 33.7811], [-90.9188, 33.7789], [-90.9245, 33.7719], [-90.9352, 33.7687], [-90.9413, 33.7698], [-90.9455, 33.7739], [-90.9606, 33.7804], [-90.976, 33.7836], [-90.9811, 33.7835], [-90.9809, 33.7686], [-90.9937, 33.7632], [-90.9937, 33.7675], [-90.9963, 33.7671], [-90.9866, 33.7789], [-90.9849, 33.7889], [-90.988, 33.7897], [-90.9891, 33.7871], [-90.9917, 33.7926], [-91.0058, 33.802], [-91.0319, 33.8078], [-91.0491, 33.816], [-91.0682, 33.841], [-91.0731, 33.8602], [-91.0728, 33.8673], [-91.0627, 33.8786]]]}}, {"type": "Feature", "properties": {"fips": "28013950100", "gap_national": 16.1, "gap_stratum": 8.0, "burden": 85.5, "capacity": 67.0, "svi": 0.51, "top_decile_gap": 0.0, "stratum": "rural", "scored": 1}, "geometry": {"type": "Polygon", "coordinates": [[[-89.2455, 34.1612], [-89.2444, 34.0739], [-89.1392, 34.0741], [-89.138, 33.9523], [-89.1575, 33.9609], [-89.1671, 33.9574], [-89.2411, 33.9572], [-89.2472, 33.9601], [-89.2524, 33.9687], [-89.2624, 33.9666], [-89.2732, 33.9701], [-89.2938, 33.9818], [-89.2991, 33.9813], [-89.298, 33.9834], [-89.3289, 33.9927], [-89.3331, 34.0026], [-89.3493, 34.0013], [-89.3508, 33.9977], [-89.3587, 33.9977], [-89.3586, 33.9948], [-89.3555, 33.9919], [-89.3542, 33.9858], [-89.3499, 33.9874], [-89.3479, 33.9737], [-89.398, 33.9584], [-89.4525, 33.9532], [-89.5001, 33.9313], [-89.5074, 33.9229], [-89.5097, 34.1621], [-89.2455, 34.1612]]]}}, {"type": "Feature", "properties": {"fips": "28013950400", "gap_national": 38.6, "gap_stratum": 43.8, "burden": 86.2, "capacity": 52.5, "svi": 0.76, "top_decile_gap": 0.0, "stratum": "rural", "scored": 1}, "geometry": {"type": "Polygon", "coordinates": [[[-89.3073, 33.9559], [-89.3023, 33.9636], [-89.2997, 33.9804], [-89.2961, 33.9822], [-89.2624, 33.9666], [-89.2524, 33.9687], [-89.2472, 33.9601], [-89.2411, 33.9572], [-89.1671, 33.9574], [-89.1575, 33.9609], [-89.138, 33.9523], [-89.1379, 33.8121], [-89.19, 33.8117], [-89.1919, 33.7222], [-89.232, 33.7219], [-89.2309, 33.7233], [-89.2411, 33.7292], [-89.2466, 33.7295], [-89.2481, 33.7359], [-89.2466, 33.7432], [-89.244, 33.7453], [-89.2467, 33.7508], [-89.2422, 33.7526], [-89.2411, 33.76], [-89.245, 33.7682], [-89.2518, 33.8053], [-89.2725, 33.8281], [-89.2758, 33.8379], [-89.2728, 33.8475], [-89.2797, 33.8553], [-89.2794, 33.8647], [-89.2851, 33.8844], [-89.291, 33.8817], [-89.2944, 33.885], [-89.3018, 33.8862], [-89.3054, 33.9084], [-89.3105, 33.92], [-89.3067, 33.9282], [-89.308, 33.9376], [-89.3172, 33.9517], [-89.3073, 33.9559]]]}}, {"type": "Feature", "properties": {"fips": "28033070900", "gap_national": -13.9, "gap_stratum": -7.1, "burden": 50.7, "capacity": 61.1, "svi": 0.18, "top_decile_gap": 0.0, "stratum": "metropolitan", "scored": 1}, "geometry": {"type": "Polygon", "coordinates": [[[-89.9041, 34.7849], [-89.8918, 34.7897], [-89.8803, 34.8607], [-89.8355, 34.8607], [-89.8314, 34.8625], [-89.8068, 34.8607], [-89.8046, 34.8639], [-89.8026, 34.8626], [-89.798, 34.8659], [-89.7967, 34.8721], [-89.7916, 34.8721], [-89.7889, 34.8771], [-89.7844, 34.8785], [-89.7867, 34.8801], [-89.785, 34.884], [-89.7869, 34.8871], [-89.7814, 34.8886], [-89.7772, 34.8866], [-89.778, 34.8891], [-89.7742, 34.8925], [-89.7646, 34.8932], [-89.7628, 34.8957], [-89.7643, 34.8984], [-89.7597, 34.8972], [-89.7549, 34.9], [-89.7532, 34.9081], [-89.7462, 34.9094], [-89.7443, 34.9107], [-89.7455, 34.9134], [-89.742, 34.9134], [-89.7318, 34.9238], [-89.7282, 34.9238], [-89.7298, 34.9255], [-89.724, 34.9276], [-89.7234, 34.7723], [-89.91, 34.7726], [-89.9041, 34.7849]]]}}, {"type": "Feature", "properties": {"fips": "28033070830", "gap_national": -40.5, "gap_stratum": -32.6, "burden": 42.9, "capacity": 73.7, "svi": 0.06, "top_decile_gap": 0.0, "stratum": "metropolitan", "scored": 1}, "geometry": {"type": "Polygon", "coordinates": [[[-89.7954, 34.9943], [-89.7243, 34.9952], [-89.724, 34.9276], [-89.7298, 34.9255], [-89.7282, 34.9238], [-89.7318, 34.9238], [-89.742, 34.9134], [-89.7455, 34.9134], [-89.7443, 34.9107], [-89.7462, 34.9094], [-89.7544, 34.9065], [-89.7949, 34.927], [-89.7954, 34.9943]]]}}, {"type": "Feature", "properties": {"fips": "28087001000", "gap_national": -12.2, "gap_stratum": -30.5, "burden": 75.7, "capacity": 83.1, "svi": 0.36, "top_decile_gap": 0.0, "stratum": "micropolitan", "scored": 1}, "geometry": {"type": "Polygon", "coordinates": [[[-88.6094, 33.5068], [-88.6062, 33.5073], [-88.6065, 33.5092], [-88.6012, 33.5079], [-88.598, 33.5112], [-88.5802, 33.5177], [-88.5821, 33.5196], [-88.5797, 33.5216], [-88.5725, 33.5189], [-88.5707, 33.5237], [-88.5638, 33.527], [-88.5563, 33.5214], [-88.5524, 33.5233], [-88.5511, 33.5283], [-88.5439, 33.5268], [-88.5411, 33.5299], [-88.5412, 33.5346], [-88.5314, 33.5374], [-88.5277, 33.5414], [-88.5274, 33.5484], [-88.5242, 33.5509], [-88.5182, 33.5483], [-88.5161, 33.5433], [-88.5147, 33.5451], [-88.5074, 33.5437], [-88.5038, 33.5359], [-88.4972, 33.5348], [-88.4933, 33.5285], [-88.4861, 33.5282], [-88.4808, 33.5238], [-88.4955, 33.5236], [-88.4996, 33.5212], [-88.4982, 33.5175], [-88.4903, 33.5116], [-88.4855, 33.5001], [-88.4633, 33.4952], [-88.4543, 33.4879], [-88.4346, 33.494], [-88.4331, 33.4894], [-88.4356, 33.4775], [-88.4333, 33.4721], [-88.4361, 33.4617], [-88.4327, 33.4559], [-88.4425, 33.4433], [-88.4394, 33.4284], [-88.4338, 33.4215], [-88.4262, 33.4193], [-88.4097, 33.4226], [-88.4041, 33.4215], [-88.4001, 33.4026], [-88.4004, 33.3882], [-88.3969, 33.379], [-88.3873, 33.3658], [-88.3762, 33.3571], [-88.3754, 33.3533], [-88.3809, 33.3508], [-88.3916, 33.3638], [-88.4043, 33.3655], [-88.4021, 33.3691], [-88.4035, 33.3793], [-88.4169, 33.3841], [-88.4419, 33.3772], [-88.4467, 33.3818], [-88.4626, 33.379], [-88.4747, 33.3829], [-88.5002, 33.3827], [-88.5194, 33.3749], [-88.5307, 33.3734], [-88.5507, 33.3765], [-88.584, 33.3748], [-88.6002, 33.3851], [-88.6205, 33.3817], [-88.626, 33.3779], [-88.6293, 33.3714], [-88.6379, 33.3704], [-88.6394, 33.3747], [-88.6374, 33.3528], [-88.6697, 33.3528], [-88.6712, 33.5062], [-88.6094, 33.5068]]]}}, {"type": "Feature", "properties": {"fips": "28087000800", "gap_national": 36.5, "gap_stratum": 37.3, "burden": 98.5, "capacity": 59.8, "svi": 0.88, "top_decile_gap": 0.0, "stratum": "micropolitan", "scored": 1}, "geometry": {"type": "Polygon", "coordinates": [[[-88.3943, 33.529], [-88.3921, 33.5387], [-88.384, 33.5425], [-88.3909, 33.5358], [-88.3864, 33.5332], [-88.3871, 33.524], [-88.3916, 33.522], [-88.3948, 33.5163], [-88.3933, 33.5054], [-88.395, 33.5001], [-88.392, 33.4997], [-88.3923, 33.4975], [-88.415, 33.4969], [-88.4125, 33.4997], [-88.4151, 33.5029], [-88.4167, 33.516], [-88.3943, 33.529]]]}}, {"type": "Feature", "properties": {"fips": "28035000800", "gap_national": -20.3, "gap_stratum": -12.4, "burden": 64.8, "capacity": 78.4, "svi": 0.75, "top_decile_gap": 0.0, "stratum": "metropolitan", "scored": 1}, "geometry": {"type": "Polygon", "coordinates": [[[-89.3479, 31.325], [-89.3313, 31.3247], [-89.3312, 31.2991], [-89.3183, 31.2983], [-89.3283, 31.2885], [-89.3333, 31.2781], [-89.3446, 31.277], [-89.3478, 31.2724], [-89.3479, 31.325]]]}}, {"type": "Feature", "properties": {"fips": "28035010500", "gap_national": 12.9, "gap_stratum": 14.9, "burden": 87.8, "capacity": 70.9, "svi": 0.94, "top_decile_gap": 0.0, "stratum": "metropolitan", "scored": 1}, "geometry": {"type": "Polygon", "coordinates": [[[-89.3478, 31.2724], [-89.346, 31.276], [-89.3333, 31.2781], [-89.3283, 31.2885], [-89.3183, 31.2983], [-89.3081, 31.277], [-89.2981, 31.2825], [-89.2979, 31.2858], [-89.2947, 31.2877], [-89.2949, 31.292], [-89.2893, 31.2941], [-89.285, 31.303], [-89.2804, 31.3026], [-89.2787, 31.3076], [-89.276, 31.3076], [-89.2768, 31.3251], [-89.2672, 31.3266], [-89.2626, 31.3213], [-89.2525, 31.3192], [-89.2573, 31.315], [-89.2579, 31.3109], [-89.2621, 31.3098], [-89.2624, 31.3054], [-89.2559, 31.3044], [-89.2522, 31.2962], [-89.2472, 31.2962], [-89.2453, 31.2928], [-89.2419, 31.2934], [-89.2396, 31.299], [-89.2381, 31.2981], [-89.2434, 31.2829], [-89.2376, 31.2792], [-89.2384, 31.2732], [-89.2312, 31.2737], [-89.2308, 31.2675], [-89.2254, 31.2595], [-89.2161, 31.2609], [-89.2141, 31.2533], [-89.2043, 31.2508], [-89.2024, 31.2468], [-89.1958, 31.2481], [-89.1911, 31.2367], [-89.1955, 31.2315], [-89.2366, 31.2459], [-89.2761, 31.2447], [-89.2724, 31.2361], [-89.2773, 31.2372], [-89.2799, 31.2353], [-89.2938, 31.2411], [-89.3021, 31.237], [-89.3014, 31.2433], [-89.3113, 31.24], [-89.3202, 31.2446], [-89.3297, 31.2445], [-89.3417, 31.2376], [-89.348, 31.2408], [-89.3478, 31.2724]]]}}, {"type": "Feature", "properties": {"fips": "28035010300", "gap_national": 18.4, "gap_stratum": 23.3, "burden": 65.6, "capacity": 51.2, "svi": 0.56, "top_decile_gap": 0.0, "stratum": "metropolitan", "scored": 1}, "geometry": {"type": "Polygon", "coordinates": [[[-89.2782, 31.3599], [-89.2696, 31.3632], [-89.262, 31.3546], [-89.2562, 31.3548], [-89.2555, 31.3599], [-89.2585, 31.3618], [-89.2505, 31.3734], [-89.2463, 31.3755], [-89.2423, 31.3925], [-89.2305, 31.3901], [-89.2305, 31.3811], [-89.2343, 31.3756], [-89.2344, 31.365], [-89.2261, 31.3688], [-89.2262, 31.3503], [-89.2484, 31.3469], [-89.2731, 31.3467], [-89.2801, 31.3433], [-89.2782, 31.3599]]]}}, {"type": "Feature", "properties": {"fips": "28039950102", "gap_national": 28.6, "gap_stratum": 20.0, "burden": 76.7, "capacity": 52.9, "svi": 0.75, "top_decile_gap": 0.0, "stratum": "rural", "scored": 1}, "geometry": {"type": "Polygon", "coordinates": [[[-88.6617, 30.9902], [-88.6637, 30.9911], [-88.6511, 30.9945], [-88.6466, 30.9985], [-88.4256, 30.9983], [-88.4183, 30.8586], [-88.428, 30.8605], [-88.4481, 30.8716], [-88.4793, 30.8767], [-88.4887, 30.8813], [-88.5037, 30.8951], [-88.524, 30.903], [-88.5304, 30.9093], [-88.5366, 30.9094], [-88.5438, 30.9051], [-88.5601, 30.909], [-88.5912, 30.9341], [-88.5954, 30.948], [-88.6126, 30.9438], [-88.6175, 30.9406], [-88.6469, 30.9505], [-88.6506, 30.9549], [-88.6475, 30.9583], [-88.6544, 30.9715], [-88.6603, 30.9756], [-88.664, 30.9836], [-88.6617, 30.9902]]]}}, {"type": "Feature", "properties": {"fips": "28047002600", "gap_national": 42.0, "gap_stratum": 40.2, "burden": 95.8, "capacity": 55.2, "svi": 0.99, "top_decile_gap": 0.0, "stratum": "metropolitan", "scored": 1}, "geometry": {"type": "Polygon", "coordinates": [[[-89.1356, 30.3692], [-89.1206, 30.3718], [-89.1194, 30.3766], [-89.1115, 30.3766], [-89.1114, 30.3693], [-89.1136, 30.3692], [-89.1114, 30.3683], [-89.1113, 30.364], [-89.1313, 30.3573], [-89.1362, 30.3664], [-89.1356, 30.3692]]]}}, {"type": "Feature", "properties": {"fips": "28101050500", "gap_national": 28.1, "gap_stratum": 35.1, "burden": 95.9, "capacity": 64.3, "svi": 0.81, "top_decile_gap": 0.0, "stratum": "rural", "scored": 1}, "geometry": {"type": "Polygon", "coordinates": [[[-89.2051, 32.3171], [-89.1911, 32.3214], [-89.1832, 32.3261], [-89.1811, 32.3305], [-89.1752, 32.33], [-89.1692, 32.3368], [-89.1651, 32.338], [-89.1097, 32.342], [-89.1099, 32.3372], [-89.1323, 32.3304], [-89.1301, 32.3176], [-89.1487, 32.3152], [-89.1513, 32.2965], [-89.1687, 32.3023], [-89.169, 32.2966], [-89.1817, 32.2966], [-89.1811, 32.3132], [-89.1978, 32.3078], [-89.2114, 32.3106], [-89.2114, 32.3179], [-89.2051, 32.3171]]]}}, {"type": "Feature", "properties": {"fips": "28115950500", "gap_national": 36.5, "gap_stratum": 35.0, "burden": 81.3, "capacity": 50.7, "svi": 0.44, "top_decile_gap": 0.0, "stratum": "rural", "scored": 1}, "geometry": {"type": "Polygon", "coordinates": [[[-89.2372, 34.2264], [-89.2368, 34.2213], [-89.231, 34.2193], [-89.2281, 34.2118], [-89.2246, 34.2195], [-89.217, 34.2175], [-89.209, 34.2224], [-89.2048, 34.2267], [-89.2045, 34.231], [-89.188, 34.2313], [-89.1866, 34.2333], [-89.1729, 34.2304], [-89.1703, 34.2314], [-89.1682, 34.2398], [-89.1619, 34.2423], [-89.1496, 34.2378], [-89.1349, 34.2407], [-89.1208, 34.2399], [-89.1036, 34.2318], [-89.0764, 34.2382], [-89.0356, 34.2376], [-89.0355, 34.2305], [-89.0236, 34.2275], [-89.0183, 34.2303], [-89.0071, 34.2305], [-88.9984, 34.2241], [-89.0085, 34.2045], [-89.0139, 34.1763], [-89.0179, 34.1763], [-89.0176, 34.1556], [-89.021, 34.1507], [-89.0182, 34.1458], [-89.0163, 34.1314], [-89.0287, 34.1184], [-89.0305, 34.1128], [-89.0299, 34.1096], [-89.0269, 34.1094], [-89.0268, 34.0744], [-89.2444, 34.0739], [-89.2459, 34.2273], [-89.2372, 34.2264]]]}}, {"type": "Feature", "properties": {"fips": "28125950100", "gap_national": 28.8, "gap_stratum": 36.2, "burden": 98.0, "capacity": 64.7, "svi": 0.9, "top_decile_gap": 0.0, "stratum": "rural", "scored": 1}, "geometry": {"type": "Polygon", "coordinates": [[[-90.9633, 32.8382], [-90.9548, 32.8459], [-90.9586, 32.8484], [-90.956, 32.8529], [-90.9501, 32.8537], [-90.9497, 32.856], [-90.9445, 32.8573], [-90.9402, 32.8621], [-90.942, 32.8697], [-90.936, 32.8763], [-90.9403, 32.8853], [-90.9315, 32.9004], [-90.9316, 32.904], [-90.925, 32.9112], [-90.9254, 32.9176], [-90.921, 32.9273], [-90.9198, 32.9378], [-90.9169, 32.9406], [-90.9174, 32.9438], [-90.914, 32.9442], [-90.9145, 33.0974], [-90.8627, 33.0975], [-90.8629, 33.0951], [-90.658, 33.0965], [-90.6566, 32.9225], [-90.7598, 32.8358], [-90.7596, 32.814], [-90.754, 32.818], [-90.7486, 32.8182], [-90.7394, 32.809], [-90.7327, 32.8104], [-90.7281, 32.8157], [-90.7284, 32.8186], [-90.7256, 32.8197], [-90.7203, 32.815], [-90.7154, 32.8143], [-90.7087, 32.818], [-90.7055, 32.8159], [-90.6972, 32.8172], [-90.6943, 32.8149], [-90.711, 32.8055], [-90.7158, 32.7934], [-90.7077, 32.7778], [-90.6968, 32.773], [-90.6898, 32.7659], [-90.6905, 32.7576], [-90.6995, 32.7501], [-90.7094, 32.7474], [-90.7176, 32.748], [-90.7296, 32.7572], [-90.7358, 32.7562], [-90.7352, 32.7438], [-90.7426, 32.7292], [-90.7339, 32.7187], [-90.7177, 32.709], [-90.6887, 32.7054], [-90.6714, 32.6965], [-90.6638, 32.686], [-90.6677, 32.671], [-90.6786, 32.6642], [-90.6908, 32.6661], [-90.6949, 32.6711], [-90.6956, 32.6851], [-90.7044, 32.6908], [-90.7122, 32.6874], [-90.7121, 32.6784], [-90.7232, 32.6621], [-90.9649, 32.6628], [-90.9633, 32.8382]], [[-90.8952, 32.8935], [-90.8807, 32.8934], [-90.8807, 32.8909], [-90.8671, 32.9166], [-90.8764, 32.9165], [-90.8854, 32.9133], [-90.8957, 32.9143], [-90.8952, 32.8935]]]}}, {"type": "Feature", "properties": {"fips": "28125950200", "gap_national": 25.2, "gap_stratum": 30.4, "burden": 98.1, "capacity": 67.2, "svi": 0.97, "top_decile_gap": 0.0, "stratum": "rural", "scored": 1}, "geometry": {"type": "Polygon", "coordinates": [[[-90.8854, 32.9133], [-90.8764, 32.9165], [-90.8671, 32.9166], [-90.8807, 32.8909], [-90.8807, 32.8934], [-90.8952, 32.8935], [-90.8957, 32.9143], [-90.8854, 32.9133]]]}}, {"type": "Feature", "properties": {"fips": "28057950300", "gap_national": -1.2, "gap_stratum": -13.5, "burden": 35.0, "capacity": 39.5, "svi": 0.63, "top_decile_gap": 0.0, "stratum": "rural", "scored": 1}, "geometry": {"type": "Polygon", "coordinates": [[[-88.4262, 34.2779], [-88.3886, 34.2896], [-88.3711, 34.3044], [-88.3647, 34.2988], [-88.3768, 34.2967], [-88.3774, 34.2836], [-88.3743, 34.2816], [-88.3744, 34.2685], [-88.3718, 34.2625], [-88.3771, 34.2542], [-88.3852, 34.256], [-88.395, 34.2477], [-88.4107, 34.2452], [-88.4082, 34.2402], [-88.4133, 34.2371], [-88.4227, 34.2485], [-88.4262, 34.2779]]]}}, {"type": "Feature", "properties": {"fips": "28095950501", "gap_national": 2.8, "gap_stratum": -14.0, "burden": 76.4, "capacity": 70.1, "svi": 0.43, "top_decile_gap": 0.0, "stratum": "micropolitan", "scored": 1}, "geometry": {"type": "Polygon", "coordinates": [[[-88.4625, 33.8032], [-88.4575, 33.8461], [-88.4457, 33.8397], [-88.414, 33.8476], [-88.4104, 33.8452], [-88.4109, 33.8419], [-88.408, 33.842], [-88.4089, 33.8386], [-88.4019, 33.8358], [-88.4008, 33.8299], [-88.3868, 33.8289], [-88.3879, 33.8172], [-88.3796, 33.8144], [-88.371, 33.8158], [-88.365, 33.82], [-88.355, 33.8335], [-88.328, 33.8118], [-88.3177, 33.8094], [-88.3167, 33.7901], [-88.2985, 33.7919], [-88.2958, 33.8078], [-88.2783, 33.8059], [-88.274, 33.8002], [-88.2603, 33.7945], [-88.2416, 33.8029], [-88.2489, 33.745], [-88.3215, 33.7439], [-88.3251, 33.7456], [-88.3299, 33.7347], [-88.3266, 33.7329], [-88.3289, 33.7289], [-88.3263, 33.7257], [-88.3305, 33.7186], [-88.3381, 33.7171], [-88.3443, 33.7097], [-88.3436, 33.7061], [-88.3615, 33.6946], [-88.3646, 33.6896], [-88.3705, 33.6887], [-88.3703, 33.6859], [-88.3796, 33.6861], [-88.3864, 33.689], [-88.384, 33.6934], [-88.3888, 33.693], [-88.393, 33.6956], [-88.3987, 33.6904], [-88.3965, 33.683], [-88.403, 33.6826], [-88.3988, 33.6789], [-88.405, 33.6789], [-88.4066, 33.6733], [-88.41, 33.6757], [-88.4091, 33.6776], [-88.4132, 33.6736], [-88.4137, 33.6773], [-88.4164, 33.6763], [-88.415, 33.6728], [-88.4169, 33.6697], [-88.423, 33.6697], [-88.4212, 33.6731], [-88.4255, 33.6754], [-88.4335, 33.6679], [-88.4451, 33.6716], [-88.4476, 33.6678], [-88.4498, 33.6705], [-88.4535, 33.6686], [-88.4569, 33.6635], [-88.4582, 33.6771], [-88.4541, 33.6875], [-88.4561, 33.6993], [-88.4457, 33.7249], [-88.4455, 33.7343], [-88.4573, 33.746], [-88.448, 33.7501], [-88.4558, 33.7681], [-88.4593, 33.7891], [-88.4657, 33.8033], [-88.4625, 33.8032]]]}}, {"type": "Feature", "properties": {"fips": "28071950402", "gap_national": 13.0, "gap_stratum": 5.9, "burden": 87.7, "capacity": 70.7, "svi": 0.4, "top_decile_gap": 0.0, "stratum": "micropolitan", "scored": 1}, "geometry": {"type": "Polygon", "coordinates": [[[-89.7213, 34.5543], [-89.4767, 34.554], [-89.475, 34.5516], [-89.4767, 34.549], [-89.4684, 34.5463], [-89.465, 34.5407], [-89.4605, 34.5386], [-89.4606, 34.5147], [-89.4702, 34.4764], [-89.4809, 34.4459], [-89.4819, 34.437], [-89.4794, 34.4275], [-89.482, 34.4288], [-89.4836, 34.4436], [-89.4972, 34.4511], [-89.5, 34.4564], [-89.5066, 34.4553], [-89.5105, 34.4572], [-89.5191, 34.4658], [-89.5264, 34.4625], [-89.5285, 34.4561], [-89.5453, 34.4571], [-89.5456, 34.4548], [-89.5494, 34.455], [-89.5596, 34.4489], [-89.5536, 34.4291], [-89.5551, 34.426], [-89.5612, 34.4236], [-89.5693, 34.4234], [-89.5749, 34.4311], [-89.5882, 34.4393], [-89.5935, 34.4371], [-89.5977, 34.426], [-89.6039, 34.4223], [-89.6038, 34.4157], [-89.5961, 34.4111], [-89.6089, 34.4095], [-89.6081, 34.4033], [-89.6128, 34.3943], [-89.6231, 34.3904], [-89.6233, 34.3819], [-89.6309, 34.3683], [-89.6221, 34.3633], [-89.6192, 34.3586], [-89.6866, 34.3529], [-89.7096, 34.354], [-89.721, 34.3492], [-89.7213, 34.5543]]]}}, {"type": "Feature", "properties": {"fips": "28107950400", "gap_national": 15.8, "gap_stratum": -1.5, "burden": 83.6, "capacity": 66.0, "svi": 0.53, "top_decile_gap": 0.0, "stratum": "small_town", "scored": 1}, "geometry": {"type": "Polygon", "coordinates": [[[-89.9195, 34.31], [-89.8734, 34.3114], [-89.8522, 34.3224], [-89.7679, 34.3332], [-89.7558, 34.3393], [-89.739, 34.3417], [-89.721, 34.3492], [-89.7212, 34.3381], [-89.7194, 34.338], [-89.7214, 34.1635], [-89.9208, 34.1643], [-89.9257, 34.1808], [-89.9278, 34.2474], [-89.9195, 34.31]]]}}, {"type": "Feature", "properties": {"fips": "28059042000", "gap_national": 57.8, "gap_stratum": 57.7, "burden": 86.4, "capacity": 38.5, "svi": 0.95, "top_decile_gap": 1.0, "stratum": "metropolitan", "scored": 1}, "geometry": {"type": "Polygon", "coordinates": [[[-88.5307, 30.3734], [-88.5249, 30.3789], [-88.5072, 30.39], [-88.5013, 30.3835], [-88.4993, 30.3681], [-88.5307, 30.3694], [-88.5307, 30.3734]]]}}, {"type": "Feature", "properties": {"fips": "28059041600", "gap_national": 33.1, "gap_stratum": 32.0, "burden": 97.8, "capacity": 61.8, "svi": 0.85, "top_decile_gap": 0.0, "stratum": "metropolitan", "scored": 1}, "geometry": {"type": "Polygon", "coordinates": [[[-88.5165, 30.4118], [-88.5172, 30.421], [-88.5113, 30.4251], [-88.5068, 30.4224], [-88.5091, 30.4196], [-88.501, 30.4217], [-88.497, 30.4189], [-88.4897, 30.4197], [-88.489, 30.4135], [-88.4919, 30.4095], [-88.4886, 30.4018], [-88.4972, 30.3964], [-88.4966, 30.4024], [-88.5191, 30.4024], [-88.5192, 30.41], [-88.5165, 30.4118]]]}}, {"type": "Feature", "properties": {"fips": "28059041400", "gap_national": -5.5, "gap_stratum": -1.8, "burden": 82.7, "capacity": 83.7, "svi": 0.42, "top_decile_gap": 0.0, "stratum": "metropolitan", "scored": 1}, "geometry": {"type": "Polygon", "coordinates": [[[-88.5715, 30.4199], [-88.5504, 30.4239], [-88.5433, 30.4181], [-88.5438, 30.4083], [-88.5459, 30.4065], [-88.5434, 30.3895], [-88.5485, 30.3892], [-88.5491, 30.3933], [-88.5553, 30.3911], [-88.559, 30.4047], [-88.5676, 30.4048], [-88.5743, 30.4113], [-88.5746, 30.4166], [-88.5715, 30.4199]]]}}, {"type": "Feature", "properties": {"fips": "28059040500", "gap_national": -27.1, "gap_stratum": -19.8, "burden": 67.0, "capacity": 90.4, "svi": 0.52, "top_decile_gap": 0.0, "stratum": "metropolitan", "scored": 1}, "geometry": {"type": "Polygon", "coordinates": [[[-88.8327, 30.4187], [-88.8279, 30.4192], [-88.8218, 30.4241], [-88.8188, 30.4232], [-88.8184, 30.4261], [-88.8064, 30.4217], [-88.8027, 30.4186], [-88.803, 30.4159], [-88.8101, 30.4136], [-88.8104, 30.3948], [-88.8413, 30.4096], [-88.8457, 30.4206], [-88.8533, 30.423], [-88.854, 30.4274], [-88.8327, 30.4187]]]}}, {"type": "Feature", "properties": {"fips": "28003950600", "gap_national": 31.6, "gap_stratum": 27.5, "burden": 86.4, "capacity": 57.3, "svi": 0.63, "top_decile_gap": 0.0, "stratum": "micropolitan", "scored": 1}, "geometry": {"type": "Polygon", "coordinates": [[[-88.4929, 34.825], [-88.4879, 34.8304], [-88.4793, 34.8388], [-88.4731, 34.8381], [-88.4724, 34.8425], [-88.4804, 34.8478], [-88.4837, 34.8579], [-88.4878, 34.858], [-88.4723, 34.8699], [-88.4756, 34.8764], [-88.4481, 34.8831], [-88.475, 34.9051], [-88.4732, 34.9064], [-88.4658, 34.9038], [-88.4492, 34.9082], [-88.4441, 34.9128], [-88.4358, 34.9121], [-88.4361, 34.9013], [-88.4212, 34.9028], [-88.4157, 34.911], [-88.4187, 34.9181], [-88.4214, 34.9185], [-88.4241, 34.9298], [-88.4128, 34.9292], [-88.4038, 34.9243], [-88.4013, 34.9278], [-88.3936, 34.93], [-88.3914, 34.933], [-88.3984, 34.9446], [-88.392, 34.9551], [-88.3788, 34.9551], [-88.3707, 34.9503], [-88.3642, 34.9508], [-88.3655, 34.7556], [-88.481, 34.7559], [-88.4835, 34.7597], [-88.4805, 34.7634], [-88.4805, 34.769], [-88.4867, 34.7698], [-88.4792, 34.7774], [-88.4825, 34.783], [-88.4805, 34.7864], [-88.491, 34.7975], [-88.4905, 34.8061], [-88.4947, 34.8148], [-88.4929, 34.825]]]}}, {"type": "Feature", "properties": {"fips": "28049000700", "gap_national": 32.6, "gap_stratum": 31.7, "burden": 94.6, "capacity": 60.8, "svi": 0.92, "top_decile_gap": 0.0, "stratum": "metropolitan", "scored": 1}, "geometry": {"type": "Polygon", "coordinates": [[[-90.2826, 32.3566], [-90.2397, 32.3561], [-90.2397, 32.3269], [-90.2811, 32.3346], [-90.2826, 32.3566]]]}}, {"type": "Feature", "properties": {"fips": "28049000500", "gap_national": 17.8, "gap_stratum": 18.2, "burden": 95.8, "capacity": 71.8, "svi": 0.9, "top_decile_gap": 0.0, "stratum": "metropolitan", "scored": 1}, "geometry": {"type": "Polygon", "coordinates": [[[-90.1805, 32.3677], [-90.1798, 32.3725], [-90.1684, 32.3685], [-90.1753, 32.3502], [-90.1927, 32.3512], [-90.1928, 32.3706], [-90.1805, 32.3677]]]}}, {"type": "Feature", "properties": {"fips": "28049002100", "gap_national": 49.0, "gap_stratum": 46.6, "burden": 98.5, "capacity": 51.6, "svi": 0.96, "top_decile_gap": 0.0, "stratum": "metropolitan", "scored": 1}, "geometry": {"type": "Polygon", "coordinates": [[[-90.2315, 32.3161], [-90.2253, 32.326], [-90.2079, 32.3178], [-90.2105, 32.3137], [-90.2135, 32.3153], [-90.2149, 32.3123], [-90.2229, 32.3124], [-90.2229, 32.3051], [-90.2348, 32.3059], [-90.2366, 32.3151], [-90.2315, 32.3161]]]}}, {"type": "Feature", "properties": {"fips": "28049002400", "gap_national": 27.6, "gap_stratum": 27.0, "burden": 98.8, "capacity": 65.9, "svi": 0.9, "top_decile_gap": 0.0, "stratum": "metropolitan", "scored": 1}, "geometry": {"type": "Polygon", "coordinates": [[[-90.2453, 32.3063], [-90.2229, 32.3051], [-90.2229, 32.3124], [-90.2149, 32.3123], [-90.2147, 32.2978], [-90.2387, 32.2967], [-90.2545, 32.3044], [-90.2453, 32.3063]]]}}, {"type": "Feature", "properties": {"fips": "28049010806", "gap_national": -60.1, "gap_stratum": -53.3, "burden": 36.8, "capacity": 87.0, "svi": 0.28, "top_decile_gap": 0.0, "stratum": "metropolitan", "scored": 1}, "geometry": {"type": "Polygon", "coordinates": [[[-90.3602, 32.3302], [-90.3542, 32.3424], [-90.338, 32.3342], [-90.3427, 32.3256], [-90.3556, 32.3212], [-90.3514, 32.3176], [-90.3403, 32.3117], [-90.3261, 32.3115], [-90.3257, 32.3265], [-90.309, 32.317], [-90.3096, 32.3118], [-90.3016, 32.299], [-90.3262, 32.304], [-90.3278, 32.2959], [-90.3388, 32.2748], [-90.339, 32.2658], [-90.3619, 32.2614], [-90.3738, 32.2552], [-90.3736, 32.2619], [-90.3685, 32.2691], [-90.3692, 32.2852], [-90.3661, 32.2896], [-90.3659, 32.2971], [-90.3701, 32.303], [-90.3703, 32.3171], [-90.3789, 32.3149], [-90.3602, 32.3302]]]}}, {"type": "Feature", "properties": {"fips": "28049002500", "gap_national": 23.5, "gap_stratum": 23.5, "burden": 94.7, "capacity": 67.0, "svi": 0.93, "top_decile_gap": 0.0, "stratum": "metropolitan", "scored": 1}, "geometry": {"type": "Polygon", "coordinates": [[[-90.2135, 32.3153], [-90.2105, 32.3137], [-90.2079, 32.3178], [-90.1985, 32.3085], [-90.2014, 32.3075], [-90.2014, 32.3029], [-90.2112, 32.3031], [-90.2112, 32.2978], [-90.2147, 32.2978], [-90.2135, 32.3153]]]}}, {"type": "Feature", "properties": {"fips": "28049003000", "gap_national": 48.5, "gap_stratum": 46.2, "burden": 98.1, "capacity": 51.7, "svi": 0.97, "top_decile_gap": 0.0, "stratum": "metropolitan", "scored": 1}, "geometry": {"type": "Polygon", "coordinates": [[[-90.1973, 32.2975], [-90.1927, 32.2988], [-90.1932, 32.2686], [-90.2184, 32.2684], [-90.2149, 32.2765], [-90.1973, 32.2975]]]}}, {"type": "Feature", "properties": {"fips": "28121020402", "gap_national": 7.5, "gap_stratum": 12.5, "burden": 73.4, "capacity": 64.5, "svi": 0.8, "top_decile_gap": 0.0, "stratum": "metropolitan", "scored": 1}, "geometry": {"type": "Polygon", "coordinates": [[[-90.1671, 32.2795], [-90.1608, 32.2641], [-90.1341, 32.248], [-90.1318, 32.2474], [-90.1309, 32.2498], [-90.0993, 32.24], [-90.1006, 32.2312], [-90.0865, 32.2202], [-90.0854, 32.2166], [-90.0832, 32.2181], [-90.0789, 32.2151], [-90.0685, 32.2148], [-90.0681, 32.2127], [-90.0617, 32.2114], [-90.0547, 32.2063], [-90.0615, 32.2006], [-90.0709, 32.2011], [-90.081, 32.185], [-90.0895, 32.1818], [-90.0882, 32.1706], [-90.098, 32.1698], [-90.1131, 32.1581], [-90.1215, 32.1553], [-90.1167, 32.1697], [-90.1177, 32.1754], [-90.1144, 32.1811], [-90.1358, 32.1811], [-90.1719, 32.2506], [-90.1734, 32.258], [-90.1671, 32.2795]]]}}, {"type": "Feature", "properties": {"fips": "28083950300", "gap_national": 50.0, "gap_stratum": 65.7, "burden": 93.9, "capacity": 48.8, "svi": 0.88, "top_decile_gap": 0.0, "stratum": "rural", "scored": 1}, "geometry": {"type": "Polygon", "coordinates": [[[-90.4528, 33.5529], [-90.4418, 33.5563], [-90.4396, 33.555], [-90.43, 33.5624], [-90.4259, 33.5662], [-90.4262, 33.5701], [-90.4285, 33.5708], [-90.4265, 33.5734], [-90.4181, 33.5675], [-90.4019, 33.5637], [-90.4001, 33.5562], [-90.3941, 33.5488], [-90.3833, 33.5505], [-90.37, 33.5477], [-90.3635, 33.5496], [-90.3602, 33.5531], [-90.3358, 33.5492], [-90.313, 33.542], [-90.2866, 33.548], [-90.2742, 33.548], [-90.2627, 33.5442], [-90.2488, 33.5456], [-90.2409, 33.5313], [-90.2517, 33.5304], [-90.2496, 33.5188], [-90.2517, 33.4956], [-90.2607, 33.484], [-90.2565, 33.4799], [-90.2573, 33.4782], [-90.2615, 33.473], [-90.2658, 33.4719], [-90.265, 33.4557], [-90.2672, 33.4558], [-90.2671, 33.4505], [-90.2643, 33.4426], [-90.2675, 33.44], [-90.2786, 33.4451], [-90.3004, 33.4426], [-90.3133, 33.3915], [-90.3091, 33.3909], [-90.3161, 33.3869], [-90.3226, 33.3703], [-90.3181, 33.363], [-90.3084, 33.364], [-90.295, 33.3618], [-90.2867, 33.356], [-90.2796, 33.341], [-90.2819, 33.3339], [-90.2919, 33.3237], [-90.2917, 33.319], [-90.2864, 33.3127], [-90.2895, 33.3117], [-90.2949, 33.3149], [-90.3048, 33.3096], [-90.3038, 33.3169], [-90.3104, 33.3204], [-90.3177, 33.3173], [-90.315, 33.3102], [-90.3256, 33.3121], [-90.3316, 33.3028], [-90.3338, 33.3028], [-90.3362, 33.3079], [-90.3438, 33.3091], [-90.3463, 33.3039], [-90.357, 33.2971], [-90.362, 33.2876], [-90.3597, 33.2814], [-90.3632, 33.2764], [-90.3648, 33.2758], [-90.368, 33.2811], [-90.3767, 33.2814], [-90.37, 33.2705], [-90.3709, 33.2658], [-90.3672, 33.2603], [-90.3709, 33.2579], [-90.3717, 33.2509], [-90.3751, 33.2464], [-90.3684, 33.2461], [-90.3674, 33.2441], [-90.3701, 33.2412], [-90.3665, 33.2395], [-90.3738, 33.2385], [-90.3741, 33.2428], [-90.3779, 33.2419], [-90.3864, 33.2453], [-90.4096, 33.2453], [-90.4125, 33.2437], [-90.4112, 33.2397], [-90.4132, 33.2353], [-90.4538, 33.2673], [-90.4528, 33.5529]]]}}, {"type": "Feature", "properties": {"fips": "28089030204", "gap_national": -70.8, "gap_stratum": -65.6, "burden": 28.8, "capacity": 89.2, "svi": 0.14, "top_decile_gap": 0.0, "stratum": "metropolitan", "scored": 1}, "geometry": {"type": "Polygon", "coordinates": [[[-90.1855, 32.4634], [-90.1795, 32.4692], [-90.1787, 32.4791], [-90.176, 32.4836], [-90.1408, 32.4779], [-90.1394, 32.5057], [-90.132, 32.5168], [-90.0874, 32.5163], [-90.0891, 32.5121], [-90.0855, 32.5117], [-90.0989, 32.4858], [-90.1076, 32.497], [-90.1171, 32.4884], [-90.1261, 32.4917], [-90.1303, 32.4849], [-90.1306, 32.4764], [-90.1422, 32.4579], [-90.1664, 32.4591], [-90.1752, 32.4549], [-90.1865, 32.4549], [-90.1855, 32.4634]]]}}, {"type": "Feature", "properties": {"fips": "28067950302", "gap_national": 15.5, "gap_stratum": 6.6, "burden": 83.8, "capacity": 66.4, "svi": 0.46, "top_decile_gap": 0.0, "stratum": "micropolitan", "scored": 1}, "geometry": {"type": "Polygon", "coordinates": [[[-89.2745, 31.7295], [-89.2671, 31.7265], [-89.2618, 31.728], [-89.2525, 31.7245], [-89.2457, 31.7278], [-89.2292, 31.7281], [-89.2332, 31.7343], [-89.2241, 31.7346], [-89.2194, 31.7328], [-89.2187, 31.7274], [-89.2134, 31.7233], [-89.2085, 31.7144], [-89.1993, 31.7106], [-89.1958, 31.703], [-89.185, 31.6942], [-89.1706, 31.693], [-89.1799, 31.6868], [-89.1798, 31.6811], [-89.1903, 31.6749], [-89.1911, 31.6703], [-89.1889, 31.667], [-89.1953, 31.6568], [-89.1925, 31.6547], [-89.1948, 31.6519], [-89.192, 31.6476], [-89.1915, 31.637], [-89.1957, 31.633], [-89.1944, 31.6288], [-89.1912, 31.6274], [-89.2074, 31.6132], [-89.2232, 31.6421], [-89.229, 31.6467], [-89.2344, 31.6579], [-89.2474, 31.6732], [-89.2585, 31.6944], [-89.2628, 31.6981], [-89.2647, 31.7055], [-89.2826, 31.7296], [-89.2745, 31.7295]]]}}, {"type": "Feature", "properties": {"fips": "28033070222", "gap_national": -15.0, "gap_stratum": -8.8, "burden": 46.1, "capacity": 58.3, "svi": 0.46, "top_decile_gap": 0.0, "stratum": "metropolitan", "scored": 1}, "geometry": {"type": "Polygon", "coordinates": [[[-90.0429, 34.9335], [-89.9946, 34.9336], [-89.9913, 34.9133], [-89.9913, 34.8833], [-90.016, 34.8822], [-90.0163, 34.8801], [-90.0428, 34.8812], [-90.0429, 34.9335]]]}}, {"type": "Feature", "properties": {"fips": "28033070811", "gap_national": -41.8, "gap_stratum": -33.3, "burden": 48.3, "capacity": 80.8, "svi": 0.26, "top_decile_gap": 0.0, "stratum": "metropolitan", "scored": 1}, "geometry": {"type": "Polygon", "coordinates": [[[-89.8131, 34.9943], [-89.813, 34.9851], [-89.8278, 34.9717], [-89.8469, 34.9627], [-89.8525, 34.9622], [-89.8783, 34.9943], [-89.8131, 34.9943]]]}}, {"type": "Feature", "properties": {"fips": "28047980000", "gap_national": null, "gap_stratum": null, "burden": null, "capacity": null, "svi": null, "top_decile_gap": null, "stratum": null, "scored": 0}, "geometry": {"type": "Polygon", "coordinates": [[[-89.0702, 30.4153], [-89.0647, 30.4206], [-89.0591, 30.4162], [-89.0621, 30.412], [-89.0619, 30.4018], [-89.0574, 30.3967], [-89.0606, 30.394], [-89.0666, 30.3951], [-89.0693, 30.3986], [-89.0775, 30.3986], [-89.0772, 30.4017], [-89.082, 30.4021], [-89.0825, 30.4132], [-89.0862, 30.4185], [-89.0702, 30.4153]]]}}, {"type": "Feature", "properties": {"fips": "28033070102", "gap_national": -2.7, "gap_stratum": 3.9, "burden": 57.9, "capacity": 59.3, "svi": 0.5, "top_decile_gap": 0.0, "stratum": "metropolitan", "scored": 1}, "geometry": {"type": "Polygon", "coordinates": [[[-90.144, 34.9522], [-90.1415, 34.9768], [-90.1276, 34.9951], [-90.0963, 34.995], [-90.0961, 34.9333], [-90.1683, 34.9336], [-90.144, 34.9522]]]}}, {"type": "Feature", "properties": {"fips": "28121980000", "gap_national": -37.8, "gap_stratum": -29.2, "burden": 55.2, "capacity": 85.6, "svi": 0.0, "top_decile_gap": 0.0, "stratum": "metropolitan", "scored": 1}, "geometry": {"type": "Polygon", "coordinates": [[[-90.0808, 32.3376], [-90.0678, 32.332], [-90.0578, 32.3342], [-90.0504, 32.3268], [-90.0514, 32.3238], [-90.056, 32.3243], [-90.0558, 32.3167], [-90.0648, 32.3097], [-90.0645, 32.3016], [-90.0687, 32.2979], [-90.07, 32.291], [-90.0769, 32.2907], [-90.0812, 32.2968], [-90.0917, 32.3198], [-90.0913, 32.3283], [-90.0808, 32.3376]]]}}, {"type": "Feature", "properties": {"fips": "28121020210", "gap_national": -59.3, "gap_stratum": -52.6, "burden": 35.9, "capacity": 84.4, "svi": 0.06, "top_decile_gap": 0.0, "stratum": "metropolitan", "scored": 1}, "geometry": {"type": "Polygon", "coordinates": [[[-90.0705, 32.42], [-90.0705, 32.4177], [-90.0658, 32.4163], [-90.0638, 32.4177], [-90.0629, 32.42], [-90.0701, 32.4338], [-90.0681, 32.4386], [-90.0575, 32.4351], [-90.055, 32.4398], [-90.0484, 32.4379], [-90.0407, 32.4417], [-90.0368, 32.4457], [-90.0381, 32.4484], [-90.0411, 32.4469], [-90.0409, 32.4495], [-90.0306, 32.4619], [-90.0264, 32.4628], [-90.0249, 32.4716], [-90.019, 32.4727], [-90.0197, 32.4765], [-90.0145, 32.4779], [-90.0129, 32.4808], [-90.007, 32.4804], [-90.0063, 32.4847], [-90.0025, 32.4859], [-89.9968, 32.4863], [-89.9928, 32.4828], [-89.9883, 32.4875], [-89.9847, 32.4876], [-89.9816, 32.4982], [-89.9747, 32.4933], [-89.9701, 32.4963], [-89.9606, 32.4914], [-89.9549, 32.5024], [-89.9411, 32.5083], [-89.9456, 32.509], [-89.9419, 32.5132], [-89.9398, 32.5137], [-89.9258, 32.4992], [-89.9123, 32.4705], [-89.9462, 32.4352], [-89.9534, 32.4194], [-89.9566, 32.4171], [-89.9581, 32.4093], [-89.9659, 32.3992], [-89.9678, 32.3939], [-89.9668, 32.3819], [-89.9734, 32.3835], [-89.9764, 32.3818], [-89.9755, 32.3792], [-89.9774, 32.3821], [-89.9765, 32.3838], [-89.9833, 32.381], [-89.9998, 32.3832], [-90.004, 32.3796], [-90.0035, 32.3844], [-90.0259, 32.3863], [-90.0285, 32.394], [-90.0366, 32.3948], [-90.0389, 32.394], [-90.0367, 32.3928], [-90.036, 32.3907], [-90.0407, 32.3919], [-90.0384, 32.3872], [-90.0435, 32.3911], [-90.0427, 32.3864], [-90.0452, 32.3891], [-90.0462, 32.386], [-90.0479, 32.3889], [-90.0521, 32.3894], [-90.067, 32.399], [-90.0641, 32.3999], [-90.0637, 32.4042], [-90.0753, 32.4191], [-90.0705, 32.42]]]}}, {"type": "Feature", "properties": {"fips": "28049011500", "gap_national": 38.5, "gap_stratum": 45.4, "burden": 52.9, "capacity": 22.0, "svi": 0.62, "top_decile_gap": 0.0, "stratum": "metropolitan", "scored": 1}, "geometry": {"type": "Polygon", "coordinates": [[[-90.2112, 32.2978], [-90.2112, 32.3031], [-90.2062, 32.3031], [-90.2014, 32.3029], [-90.2014, 32.2981], [-90.1973, 32.2975], [-90.2062, 32.286], [-90.2116, 32.288], [-90.2115, 32.293], [-90.2144, 32.2938], [-90.2146, 32.2978], [-90.2112, 32.2978]]]}}, {"type": "Feature", "properties": {"fips": "28049010700", "gap_national": -3.1, "gap_stratum": 3.4, "burden": 58.7, "capacity": 60.1, "svi": 0.71, "top_decile_gap": 0.0, "stratum": "metropolitan", "scored": 1}, "geometry": {"type": "Polygon", "coordinates": [[[-90.5334, 32.2461], [-90.4912, 32.266], [-90.4791, 32.2762], [-90.4666, 32.2807], [-90.4418, 32.2846], [-90.4264, 32.2905], [-90.4073, 32.2925], [-90.3833, 32.312], [-90.3703, 32.3171], [-90.3701, 32.303], [-90.3659, 32.2971], [-90.3658, 32.2926], [-90.3692, 32.2852], [-90.3685, 32.2691], [-90.3738, 32.2604], [-90.3738, 32.2123], [-90.3778, 32.2025], [-90.3716, 32.1787], [-90.3765, 32.168], [-90.3766, 32.1582], [-90.371, 32.1483], [-90.3913, 32.1448], [-90.4149, 32.1531], [-90.4245, 32.1481], [-90.4289, 32.1504], [-90.4376, 32.1493], [-90.4423, 32.1568], [-90.4423, 32.1684], [-90.4454, 32.1736], [-90.4591, 32.1664], [-90.4666, 32.1669], [-90.4718, 32.1739], [-90.5053, 32.1756], [-90.5122, 32.1669], [-90.542, 32.1688], [-90.545, 32.1929], [-90.5377, 32.1926], [-90.5384, 32.1974], [-90.5318, 32.2088], [-90.5353, 32.2141], [-90.5453, 32.2172], [-90.5467, 32.2215], [-90.5541, 32.2272], [-90.5334, 32.2461]]]}}, {"type": "Feature", "properties": {"fips": "28099940100", "gap_national": 69.4, "gap_stratum": 66.5, "burden": 85.6, "capacity": 27.7, "svi": 0.98, "top_decile_gap": 1.0, "stratum": "rural", "scored": 1}, "geometry": {"type": "Polygon", "coordinates": [[[-89.3186, 32.8124], [-89.3053, 32.8146], [-89.3106, 32.8225], [-89.3098, 32.836], [-89.2964, 32.8452], [-89.2866, 32.8474], [-89.2811, 32.8556], [-89.2728, 32.8615], [-89.2633, 32.848], [-89.2634, 32.8445], [-89.27, 32.8416], [-89.2705, 32.8394], [-89.2677, 32.8375], [-89.269, 32.8317], [-89.2577, 32.8295], [-89.251, 32.8324], [-89.2458, 32.8307], [-89.2429, 32.8323], [-89.2408, 32.8301], [-89.235, 32.8324], [-89.2283, 32.8281], [-89.2242, 32.8298], [-89.2244, 32.8334], [-89.222, 32.8291], [-89.217, 32.8329], [-89.2145, 32.8315], [-89.215, 32.8331], [-89.2076, 32.834], [-89.2091, 32.8283], [-89.2003, 32.7992], [-89.1945, 32.7942], [-89.1978, 32.7861], [-89.1945, 32.7873], [-89.1791, 32.7807], [-89.1805, 32.7763], [-89.1879, 32.7724], [-89.1842, 32.7639], [-89.1756, 32.755], [-89.1786, 32.7423], [-89.1821, 32.7352], [-89.2061, 32.7315], [-89.2151, 32.7443], [-89.2152, 32.7499], [-89.2293, 32.7534], [-89.2428, 32.75], [-89.2474, 32.7446], [-89.2568, 32.7402], [-89.2762, 32.7569], [-89.2971, 32.7799], [-89.298, 32.7859], [-89.302, 32.7892], [-89.3186, 32.7919], [-89.3186, 32.8124]]]}}, {"type": "Feature", "properties": {"fips": "28009950101", "gap_national": 18.5, "gap_stratum": 19.3, "burden": 91.6, "capacity": 69.0, "svi": 0.43, "top_decile_gap": 0.0, "stratum": "metropolitan", "scored": 1}, "geometry": {"type": "Polygon", "coordinates": [[[-89.3527, 34.9941], [-89.2332, 34.9947], [-89.2661, 34.9727], [-89.2491, 34.9541], [-89.2469, 34.9465], [-89.2109, 34.9464], [-89.2113, 34.8955], [-89.2083, 34.8883], [-89.2021, 34.8831], [-89.1952, 34.8616], [-89.1846, 34.8518], [-89.1897, 34.8269], [-89.1953, 34.8275], [-89.2198, 34.8196], [-89.2201, 34.8089], [-89.2262, 34.8072], [-89.2286, 34.8041], [-89.232, 34.7907], [-89.2352, 34.7874], [-89.2334, 34.7793], [-89.2607, 34.7702], [-89.2665, 34.7575], [-89.2878, 34.7494], [-89.2892, 34.7609], [-89.299, 34.7635], [-89.2992, 34.8444], [-89.3527, 34.8444], [-89.3527, 34.9941]]]}}, {"type": "Feature", "properties": {"fips": "28065950101", "gap_national": 4.1, "gap_stratum": -6.2, "burden": 87.7, "capacity": 78.3, "svi": 0.59, "top_decile_gap": 0.0, "stratum": "rural", "scored": 1}, "geometry": {"type": "Polygon", "coordinates": [[[-89.9746, 31.7617], [-89.8759, 31.7673], [-89.8658, 31.6886], [-89.8584, 31.6497], [-89.8584, 31.6145], [-89.8797, 31.6112], [-89.8907, 31.5953], [-89.9035, 31.5874], [-89.9631, 31.5881], [-89.9754, 31.5916], [-89.9746, 31.7617]]]}}, {"type": "Feature", "properties": {"fips": "28085950601", "gap_national": -42.4, "gap_stratum": -74.2, "burden": 51.9, "capacity": 86.6, "svi": 0.22, "top_decile_gap": 0.0, "stratum": "micropolitan", "scored": 1}, "geometry": {"type": "Polygon", "coordinates": [[[-90.4785, 31.5711], [-90.473, 31.5821], [-90.4418, 31.5821], [-90.4543, 31.5468], [-90.4718, 31.5471], [-90.4797, 31.5425], [-90.4785, 31.5711]]]}}, {"type": "Feature", "properties": {"fips": "28085950201", "gap_national": -1.4, "gap_stratum": -26.7, "burden": 63.3, "capacity": 62.6, "svi": 0.22, "top_decile_gap": 0.0, "stratum": "micropolitan", "scored": 1}, "geometry": {"type": "Polygon", "coordinates": [[[-90.7368, 31.6985], [-90.4975, 31.6991], [-90.4925, 31.6888], [-90.4869, 31.6869], [-90.4933, 31.6823], [-90.4932, 31.6708], [-90.4974, 31.67], [-90.4989, 31.6518], [-90.4863, 31.6537], [-90.4787, 31.6515], [-90.4761, 31.6339], [-90.4721, 31.6359], [-90.4722, 31.6121], [-90.4776, 31.6151], [-90.4978, 31.613], [-90.5184, 31.618], [-90.5336, 31.6175], [-90.5501, 31.6266], [-90.5614, 31.6065], [-90.5656, 31.5821], [-90.5734, 31.5771], [-90.5791, 31.5777], [-90.5977, 31.5724], [-90.6021, 31.5771], [-90.6083, 31.5778], [-90.6264, 31.5877], [-90.6332, 31.5858], [-90.6332, 31.6114], [-90.7373, 31.6111], [-90.7368, 31.6985]]]}}, {"type": "Feature", "properties": {"fips": "28147950301", "gap_national": 1.1, "gap_stratum": -12.4, "burden": 81.5, "capacity": 75.7, "svi": 0.56, "top_decile_gap": 0.0, "stratum": "micropolitan", "scored": 1}, "geometry": {"type": "Polygon", "coordinates": [[[-90.1062, 31.1206], [-90.1078, 31.1236], [-90.1004, 31.1308], [-90.039, 31.178], [-90.0319, 31.1816], [-90.0319, 31.1757], [-90.0061, 31.1756], [-90.0059, 31.1323], [-89.9382, 31.1329], [-89.9382, 31.1112], [-89.9295, 31.1112], [-89.9295, 31.0892], [-89.921, 31.0893], [-89.9209, 31.0747], [-89.8359, 31.0749], [-89.8359, 31.0021], [-90.0731, 31.0012], [-90.0735, 31.0212], [-90.0766, 31.0288], [-90.069, 31.0358], [-90.0774, 31.0555], [-90.0773, 31.0692], [-90.0824, 31.0729], [-90.082, 31.0801], [-90.078, 31.0856], [-90.0824, 31.0891], [-90.1012, 31.0895], [-90.1113, 31.1059], [-90.11, 31.1085], [-90.1119, 31.1133], [-90.1062, 31.1206]]]}}, {"type": "Feature", "properties": {"fips": "28147950302", "gap_national": 23.8, "gap_stratum": 24.9, "burden": 90.6, "capacity": 64.7, "svi": 0.28, "top_decile_gap": 0.0, "stratum": "rural", "scored": 1}, "geometry": {"type": "Polygon", "coordinates": [[[-90.251, 31.1173], [-90.2272, 31.1156], [-90.2115, 31.1208], [-90.1766, 31.1227], [-90.1671, 31.1197], [-90.1666, 31.1067], [-90.1455, 31.1067], [-90.1421, 31.1047], [-90.1363, 31.1116], [-90.137, 31.1142], [-90.1297, 31.111], [-90.1304, 31.1149], [-90.1163, 31.1173], [-90.1078, 31.1236], [-90.1062, 31.1206], [-90.1119, 31.1133], [-90.11, 31.1085], [-90.1113, 31.1059], [-90.1012, 31.0895], [-90.0824, 31.0891], [-90.078, 31.0856], [-90.082, 31.0801], [-90.0824, 31.0729], [-90.0773, 31.0692], [-90.0774, 31.0555], [-90.069, 31.0358], [-90.0766, 31.0288], [-90.0735, 31.0212], [-90.0731, 31.0012], [-90.2596, 31.0007], [-90.26, 31.1135], [-90.251, 31.1173]]]}}, {"type": "Feature", "properties": {"fips": "28121020804", "gap_national": -9.3, "gap_stratum": -5.0, "burden": 37.8, "capacity": 48.0, "svi": 0.23, "top_decile_gap": 0.0, "stratum": "metropolitan", "scored": 1}, "geometry": {"type": "Polygon", "coordinates": [[[-90.0643, 32.2173], [-90.0637, 32.2253], [-90.048, 32.2251], [-90.0479, 32.2397], [-90.0574, 32.2397], [-90.0574, 32.2447], [-90.038, 32.267], [-90.034, 32.2685], [-90.0328, 32.2613], [-90.026, 32.2564], [-89.996, 32.256], [-89.9893, 32.2616], [-89.9879, 32.2306], [-89.9905, 32.2283], [-89.9904, 32.2222], [-90.0007, 32.2137], [-90.0065, 32.2153], [-90.0311, 32.2033], [-90.0351, 32.2055], [-90.0361, 32.2024], [-90.0415, 32.2042], [-90.0466, 32.2029], [-90.0681, 32.2127], [-90.0685, 32.2148], [-90.0728, 32.2144], [-90.073, 32.2173], [-90.0643, 32.2173]]]}}, {"type": "Feature", "properties": {"fips": "28121020602", "gap_national": -5.1, "gap_stratum": 1.8, "burden": 60.3, "capacity": 62.7, "svi": 0.65, "top_decile_gap": 0.0, "stratum": "metropolitan", "scored": 1}, "geometry": {"type": "Polygon", "coordinates": [[[-90.1576, 32.2781], [-90.1582, 32.273], [-90.1421, 32.2657], [-90.1021, 32.2669], [-90.0731, 32.2716], [-90.0813, 32.2573], [-90.08, 32.2469], [-90.0869, 32.2468], [-90.0869, 32.2497], [-90.0996, 32.2503], [-90.1037, 32.2414], [-90.1309, 32.2498], [-90.1318, 32.2474], [-90.1341, 32.248], [-90.1608, 32.2641], [-90.1671, 32.2795], [-90.1576, 32.2781]]]}}, {"type": "Feature", "properties": {"fips": "28003950501", "gap_national": 42.9, "gap_stratum": 41.3, "burden": 87.2, "capacity": 50.2, "svi": 0.91, "top_decile_gap": 0.0, "stratum": "micropolitan", "scored": 1}, "geometry": {"type": "Polygon", "coordinates": [[[-88.5825, 34.9236], [-88.5742, 34.9275], [-88.5609, 34.9265], [-88.5586, 34.9282], [-88.5633, 34.9287], [-88.5638, 34.9309], [-88.5474, 34.9309], [-88.542, 34.9187], [-88.5444, 34.909], [-88.5235, 34.9087], [-88.5233, 34.9252], [-88.5059, 34.9163], [-88.5057, 34.9308], [-88.5027, 34.9308], [-88.4579, 34.8892], [-88.4481, 34.8831], [-88.4533, 34.8831], [-88.4541, 34.8801], [-88.4726, 34.8784], [-88.4756, 34.8764], [-88.4723, 34.8699], [-88.4878, 34.858], [-88.4976, 34.8633], [-88.5054, 34.8545], [-88.5059, 34.8453], [-88.5095, 34.8422], [-88.5179, 34.8406], [-88.5242, 34.8431], [-88.5562, 34.8433], [-88.5589, 34.8444], [-88.5589, 34.8579], [-88.5858, 34.858], [-88.5856, 34.8763], [-88.5901, 34.876], [-88.5855, 34.8857], [-88.5854, 34.892], [-88.588, 34.8944], [-88.5943, 34.8947], [-88.5947, 34.9071], [-88.5825, 34.9236]]]}}, {"type": "Feature", "properties": {"fips": "28121020902", "gap_national": -15.2, "gap_stratum": -7.3, "burden": 61.8, "capacity": 70.9, "svi": 0.18, "top_decile_gap": 0.0, "stratum": "metropolitan", "scored": 1}, "geometry": {"type": "Polygon", "coordinates": [[[-89.9386, 32.2684], [-89.9387, 32.2789], [-89.8772, 32.2936], [-89.8557, 32.3086], [-89.8262, 32.3078], [-89.8091, 32.3121], [-89.8008, 32.3059], [-89.8012, 32.3042], [-89.7953, 32.3017], [-89.7967, 32.3003], [-89.794, 32.2984], [-89.7842, 32.2973], [-89.7795, 32.2945], [-89.7625, 32.3018], [-89.7587, 32.307], [-89.753, 32.309], [-89.7525, 32.3113], [-89.7502, 32.3104], [-89.7472, 32.3157], [-89.7442, 32.3153], [-89.7437, 32.3178], [-89.733, 32.3189], [-89.7299, 32.3213], [-89.7313, 32.1404], [-89.7297, 32.1114], [-89.7381, 32.1063], [-89.7502, 32.1061], [-89.7596, 32.113], [-89.7736, 32.1293], [-89.8187, 32.1318], [-89.8332, 32.1296], [-89.8803, 32.1487], [-89.9438, 32.2147], [-89.9477, 32.2299], [-89.9565, 32.2434], [-89.9386, 32.2684]]]}}, {"type": "Feature", "properties": {"fips": "28121020901", "gap_national": -7.4, "gap_stratum": -0.4, "burden": 68.1, "capacity": 70.7, "svi": 0.65, "top_decile_gap": 0.0, "stratum": "metropolitan", "scored": 1}, "geometry": {"type": "Polygon", "coordinates": [[[-89.9371, 32.0604], [-89.9329, 32.065], [-89.9323, 32.1018], [-89.9214, 32.1083], [-89.9186, 32.1158], [-89.9196, 32.1215], [-89.9135, 32.1274], [-89.9232, 32.1405], [-89.9229, 32.1478], [-89.9292, 32.1609], [-89.9282, 32.1715], [-89.9228, 32.1866], [-89.9141, 32.1827], [-89.8803, 32.1487], [-89.8382, 32.1316], [-89.8332, 32.1296], [-89.8187, 32.1318], [-89.7736, 32.1293], [-89.7596, 32.113], [-89.7502, 32.1061], [-89.7381, 32.1063], [-89.7297, 32.1114], [-89.7301, 32.0471], [-89.936, 32.0479], [-89.9384, 32.0531], [-89.9371, 32.0604]]]}}, {"type": "Feature", "properties": {"fips": "28121020104", "gap_national": 8.4, "gap_stratum": 13.9, "burden": 68.0, "capacity": 59.7, "svi": 0.35, "top_decile_gap": 0.0, "stratum": "metropolitan", "scored": 1}, "geometry": {"type": "Polygon", "coordinates": [[[-89.9642, 32.3754], [-89.9678, 32.3932], [-89.9657, 32.3995], [-89.9392, 32.3994], [-89.917, 32.3963], [-89.8809, 32.3966], [-89.877, 32.3899], [-89.8764, 32.371], [-89.882, 32.3662], [-89.8797, 32.363], [-89.8823, 32.3617], [-89.8802, 32.3585], [-89.8814, 32.3558], [-89.8791, 32.3567], [-89.8773, 32.3526], [-89.8735, 32.3515], [-89.8756, 32.3494], [-89.8689, 32.3432], [-89.8718, 32.3426], [-89.8678, 32.3412], [-89.8698, 32.3391], [-89.8668, 32.3391], [-89.8709, 32.3347], [-89.8692, 32.3218], [-89.8626, 32.3162], [-89.8594, 32.3093], [-89.8557, 32.3086], [-89.8772, 32.2936], [-89.9387, 32.2789], [-89.9404, 32.2891], [-89.9517, 32.2899], [-89.9396, 32.3087], [-89.9291, 32.316], [-89.9291, 32.3293], [-89.9243, 32.3474], [-89.925, 32.3531], [-89.9389, 32.3566], [-89.9722, 32.3566], [-89.9642, 32.3754]]]}}, {"type": "Feature", "properties": {"fips": "28081951101", "gap_national": -3.1, "gap_stratum": -21.9, "burden": 74.6, "capacity": 73.2, "svi": 0.5, "top_decile_gap": 0.0, "stratum": "micropolitan", "scored": 1}, "geometry": {"type": "Polygon", "coordinates": [[[-88.7193, 34.1206], [-88.7194, 34.1626], [-88.703, 34.1625], [-88.7069, 34.1924], [-88.6884, 34.1934], [-88.6723, 34.2059], [-88.6468, 34.1431], [-88.6371, 34.1525], [-88.629, 34.153], [-88.6269, 34.155], [-88.6153, 34.1422], [-88.6145, 34.1403], [-88.6224, 34.1312], [-88.6226, 34.1106], [-88.6491, 34.1006], [-88.6532, 34.0942], [-88.6532, 34.0892], [-88.7187, 34.0893], [-88.719, 34.0745], [-88.7336, 34.0748], [-88.7193, 34.1206]]]}}, {"type": "Feature", "properties": {"fips": "28059041002", "gap_national": 34.5, "gap_stratum": 35.6, "burden": 82.3, "capacity": 52.8, "svi": 0.93, "top_decile_gap": 0.0, "stratum": "metropolitan", "scored": 1}, "geometry": {"type": "Polygon", "coordinates": [[[-88.612, 30.438], [-88.6123, 30.4284], [-88.618, 30.4238], [-88.613, 30.4144], [-88.619, 30.4115], [-88.6128, 30.4069], [-88.6063, 30.3939], [-88.6074, 30.3859], [-88.6111, 30.3873], [-88.6123, 30.3914], [-88.6207, 30.3908], [-88.6245, 30.3943], [-88.6353, 30.3975], [-88.6371, 30.3956], [-88.6486, 30.4024], [-88.6552, 30.4105], [-88.6491, 30.4213], [-88.6558, 30.4347], [-88.612, 30.438]]]}}, {"type": "Feature", "properties": {"fips": "28059041102", "gap_national": 9.2, "gap_stratum": 13.8, "burden": 75.5, "capacity": 64.9, "svi": 0.65, "top_decile_gap": 0.0, "stratum": "metropolitan", "scored": 1}, "geometry": {"type": "Polygon", "coordinates": [[[-88.647, 30.3849], [-88.6454, 30.3605], [-88.6683, 30.3622], [-88.6773, 30.3655], [-88.6826, 30.3642], [-88.6736, 30.3709], [-88.6727, 30.3691], [-88.6702, 30.3727], [-88.677, 30.3727], [-88.6874, 30.3857], [-88.6882, 30.3932], [-88.647, 30.3849]]]}}, {"type": "Feature", "properties": {"fips": "28059040205", "gap_national": -14.2, "gap_stratum": -6.4, "burden": 63.1, "capacity": 71.4, "svi": 0.26, "top_decile_gap": 0.0, "stratum": "metropolitan", "scored": 1}, "geometry": {"type": "Polygon", "coordinates": [[[-88.6875, 30.5309], [-88.69, 30.5537], [-88.6866, 30.5717], [-88.682, 30.5762], [-88.6635, 30.5848], [-88.6568, 30.5848], [-88.6565, 30.5883], [-88.6525, 30.5885], [-88.6555, 30.602], [-88.6522, 30.6059], [-88.6411, 30.6107], [-88.6372, 30.6049], [-88.64, 30.5988], [-88.6302, 30.6002], [-88.629, 30.594], [-88.6269, 30.5931], [-88.6126, 30.5963], [-88.6136, 30.5925], [-88.6213, 30.5886], [-88.6211, 30.5858], [-88.6114, 30.5905], [-88.6055, 30.589], [-88.6051, 30.5951], [-88.5857, 30.5904], [-88.5888, 30.5957], [-88.5842, 30.5982], [-88.5712, 30.5849], [-88.5707, 30.583], [-88.5831, 30.5786], [-88.58, 30.5749], [-88.585, 30.5599], [-88.5768, 30.5553], [-88.5834, 30.5526], [-88.5875, 30.5459], [-88.5936, 30.5443], [-88.588, 30.5411], [-88.5916, 30.5327], [-88.585, 30.5333], [-88.5908, 30.5289], [-88.591, 30.5225], [-88.6027, 30.516], [-88.6074, 30.5182], [-88.6109, 30.5181], [-88.6126, 30.5154], [-88.6142, 30.5178], [-88.6176, 30.5159], [-88.6185, 30.5044], [-88.6144, 30.5039], [-88.6114, 30.4974], [-88.6157, 30.489], [-88.6098, 30.494], [-88.6091, 30.4981], [-88.6048, 30.4944], [-88.6072, 30.4838], [-88.61, 30.4813], [-88.6057, 30.4788], [-88.6083, 30.4741], [-88.6038, 30.4721], [-88.6038, 30.4633], [-88.6077, 30.4596], [-88.6109, 30.4608], [-88.6108, 30.4643], [-88.6142, 30.4648], [-88.6119, 30.4577], [-88.6192, 30.4561], [-88.6178, 30.4595], [-88.6233, 30.4663], [-88.6221, 30.4703], [-88.6277, 30.4744], [-88.627, 30.4822], [-88.6327, 30.4859], [-88.6483, 30.4789], [-88.6509, 30.4736], [-88.6608, 30.4735], [-88.6632, 30.4755], [-88.6617, 30.4772], [-88.6665, 30.4762], [-88.6674, 30.4786], [-88.6717, 30.4787], [-88.6717, 30.4823], [-88.674, 30.4801], [-88.6777, 30.4847], [-88.6749, 30.4874], [-88.6845, 30.4915], [-88.6871, 30.4956], [-88.6876, 30.5073], [-88.6938, 30.517], [-88.6875, 30.5309]]]}}, {"type": "Feature", "properties": {"fips": "28059041302", "gap_national": 44.3, "gap_stratum": 43.0, "burden": 91.2, "capacity": 51.5, "svi": 0.11, "top_decile_gap": 0.0, "stratum": "metropolitan", "scored": 1}, "geometry": {"type": "Polygon", "coordinates": [[[-88.5303, 30.5288], [-88.5218, 30.5347], [-88.5013, 30.5005], [-88.4899, 30.4935], [-88.4841, 30.4847], [-88.4723, 30.4789], [-88.4733, 30.4649], [-88.4697, 30.4613], [-88.48, 30.4476], [-88.479, 30.4406], [-88.4826, 30.4326], [-88.4865, 30.4313], [-88.484, 30.4283], [-88.4879, 30.4281], [-88.486, 30.4231], [-88.4904, 30.4198], [-88.497, 30.4189], [-88.501, 30.4217], [-88.5091, 30.4196], [-88.5068, 30.4224], [-88.5113, 30.4251], [-88.5195, 30.419], [-88.5311, 30.4482], [-88.538, 30.4867], [-88.5356, 30.5105], [-88.5433, 30.5243], [-88.5303, 30.5288]]]}}, {"type": "Feature", "properties": {"fips": "28059040801", "gap_national": 49.2, "gap_stratum": 49.5, "burden": 84.3, "capacity": 43.7, "svi": 0.59, "top_decile_gap": 0.0, "stratum": "metropolitan", "scored": 1}, "geometry": {"type": "Polygon", "coordinates": [[[-88.7154, 30.4131], [-88.7154, 30.4343], [-88.7192, 30.4674], [-88.7122, 30.4824], [-88.7042, 30.4919], [-88.7033, 30.5068], [-88.6938, 30.517], [-88.6876, 30.5073], [-88.6871, 30.4956], [-88.6845, 30.4915], [-88.6749, 30.4874], [-88.6777, 30.4847], [-88.674, 30.4801], [-88.6717, 30.4823], [-88.6717, 30.4787], [-88.6674, 30.4786], [-88.6665, 30.4762], [-88.6617, 30.4772], [-88.6632, 30.4755], [-88.6608, 30.4735], [-88.6509, 30.4736], [-88.6503, 30.4754], [-88.6473, 30.4729], [-88.6497, 30.4589], [-88.6533, 30.4538], [-88.6667, 30.4488], [-88.6581, 30.4417], [-88.6496, 30.4246], [-88.6496, 30.4197], [-88.6549, 30.4114], [-88.6557, 30.4055], [-88.6516, 30.3949], [-88.6519, 30.3883], [-88.6464, 30.3882], [-88.647, 30.3849], [-88.721, 30.3998], [-88.7154, 30.4131]]]}}, {"type": "Feature", "properties": {"fips": "28059040702", "gap_national": -26.8, "gap_stratum": -18.3, "burden": 59.5, "capacity": 78.6, "svi": 0.57, "top_decile_gap": 0.0, "stratum": "metropolitan", "scored": 1}, "geometry": {"type": "Polygon", "coordinates": [[[-88.7951, 30.4201], [-88.7956, 30.4217], [-88.7783, 30.4266], [-88.7684, 30.4249], [-88.7618, 30.4291], [-88.7474, 30.4309], [-88.7413, 30.4338], [-88.7433, 30.4355], [-88.7403, 30.4355], [-88.7421, 30.4372], [-88.7392, 30.4398], [-88.7336, 30.4405], [-88.7293, 30.4383], [-88.7247, 30.4424], [-88.7175, 30.4417], [-88.7172, 30.4388], [-88.7237, 30.4404], [-88.7408, 30.4285], [-88.7491, 30.4258], [-88.749, 30.4071], [-88.7822, 30.4125], [-88.7859, 30.4104], [-88.8058, 30.4136], [-88.8058, 30.4162], [-88.7951, 30.4201]]]}}, {"type": "Feature", "properties": {"fips": "28059040103", "gap_national": 43.5, "gap_stratum": 42.0, "burden": 92.0, "capacity": 52.4, "svi": 0.58, "top_decile_gap": 0.0, "stratum": "metropolitan", "scored": 1}, "geometry": {"type": "Polygon", "coordinates": [[[-88.6328, 30.6144], [-88.623, 30.615], [-88.5896, 30.6409], [-88.5607, 30.6428], [-88.5526, 30.6452], [-88.5407, 30.6529], [-88.5337, 30.6514], [-88.5212, 30.6588], [-88.5061, 30.6613], [-88.4924, 30.6585], [-88.4922, 30.6387], [-88.4861, 30.5972], [-88.481, 30.5851], [-88.4812, 30.574], [-88.4878, 30.5569], [-88.4991, 30.5436], [-88.517, 30.538], [-88.5303, 30.5288], [-88.5474, 30.5222], [-88.5508, 30.5158], [-88.5505, 30.5041], [-88.5547, 30.4982], [-88.5579, 30.4993], [-88.5637, 30.4946], [-88.5698, 30.4977], [-88.5773, 30.4956], [-88.5772, 30.4986], [-88.5826, 30.4994], [-88.5898, 30.5046], [-88.5863, 30.5061], [-88.5859, 30.5092], [-88.5924, 30.511], [-88.5911, 30.5156], [-88.5938, 30.5183], [-88.599, 30.514], [-88.603, 30.5144], [-88.591, 30.5225], [-88.5908, 30.5289], [-88.5853, 30.5319], [-88.5859, 30.5338], [-88.5924, 30.5339], [-88.5877, 30.5394], [-88.5936, 30.5443], [-88.5875, 30.5459], [-88.5834, 30.5526], [-88.5768, 30.5553], [-88.585, 30.5599], [-88.58, 30.5749], [-88.5834, 30.5771], [-88.5758, 30.5824], [-88.5707, 30.583], [-88.5712, 30.5849], [-88.5842, 30.5982], [-88.5888, 30.5957], [-88.5857, 30.5904], [-88.6051, 30.5951], [-88.6055, 30.589], [-88.6114, 30.5905], [-88.6211, 30.5858], [-88.6213, 30.5886], [-88.6136, 30.5925], [-88.6126, 30.5963], [-88.6269, 30.5931], [-88.629, 30.594], [-88.6302, 30.6002], [-88.64, 30.5988], [-88.6372, 30.6049], [-88.6411, 30.6107], [-88.6328, 30.6144]]]}}, {"type": "Feature", "properties": {"fips": "28109950102", "gap_national": 17.8, "gap_stratum": 20.4, "burden": 82.3, "capacity": 63.8, "svi": 0.44, "top_decile_gap": 0.0, "stratum": "metropolitan", "scored": 1}, "geometry": {"type": "Polygon", "coordinates": [[[-89.5566, 30.9229], [-89.5522, 30.9337], [-89.5531, 30.955], [-89.5468, 30.9687], [-89.543, 30.972], [-89.5442, 30.9784], [-89.5504, 30.9827], [-89.5516, 30.9863], [-89.5453, 30.9867], [-89.5392, 30.99], [-89.5391, 30.9922], [-89.5519, 31.0077], [-89.552, 31.016], [-89.5013, 31.016], [-89.5014, 31.0015], [-89.4759, 31.0014], [-89.476, 30.9829], [-89.4253, 30.9825], [-89.4248, 31.0101], [-89.3489, 31.0104], [-89.349, 31.001], [-89.3407, 31.001], [-89.3409, 30.8576], [-89.3791, 30.8545], [-89.3956, 30.8506], [-89.416, 30.8538], [-89.4815, 30.8465], [-89.496, 30.8479], [-89.496, 30.8543], [-89.503, 30.8601], [-89.5079, 30.859], [-89.5214, 30.8621], [-89.5493, 30.8789], [-89.5485, 30.8895], [-89.5532, 30.892], [-89.5566, 30.9229]]]}}, {"type": "Feature", "properties": {"fips": "28109950405", "gap_national": 16.9, "gap_stratum": 2.0, "burden": 74.8, "capacity": 59.2, "svi": 0.66, "top_decile_gap": 0.0, "stratum": "micropolitan", "scored": 1}, "geometry": {"type": "Polygon", "coordinates": [[[-89.7069, 30.5905], [-89.6946, 30.5913], [-89.6958, 30.5936], [-89.6921, 30.5999], [-89.6922, 30.6047], [-89.6902, 30.6043], [-89.6933, 30.6152], [-89.7058, 30.6238], [-89.7073, 30.6291], [-89.6936, 30.6254], [-89.6798, 30.6278], [-89.6701, 30.6223], [-89.6525, 30.6213], [-89.65, 30.6126], [-89.6526, 30.596], [-89.6612, 30.584], [-89.6619, 30.5735], [-89.6693, 30.5458], [-89.6917, 30.5553], [-89.691, 30.5464], [-89.6928, 30.5435], [-89.6972, 30.5428], [-89.7008, 30.5472], [-89.7095, 30.5455], [-89.7144, 30.5479], [-89.7188, 30.5516], [-89.717, 30.5577], [-89.721, 30.5663], [-89.7218, 30.5775], [-89.7069, 30.5905]]]}}, {"type": "Feature", "properties": {"fips": "28059040206", "gap_national": -7.3, "gap_stratum": -0.1, "burden": 61.2, "capacity": 64.9, "svi": 0.32, "top_decile_gap": 0.0, "stratum": "metropolitan", "scored": 1}, "geometry": {"type": "Polygon", "coordinates": [[[-88.6611, 30.7347], [-88.6656, 30.7318], [-88.6664, 30.7281], [-88.654, 30.7283], [-88.6552, 30.7196], [-88.6524, 30.717], [-88.6466, 30.7205], [-88.6423, 30.7133], [-88.6475, 30.7067], [-88.6417, 30.7005], [-88.6353, 30.6997], [-88.6343, 30.6976], [-88.6371, 30.6942], [-88.6325, 30.6792], [-88.6337, 30.6741], [-88.6381, 30.6706], [-88.6287, 30.6668], [-88.6357, 30.6669], [-88.6383, 30.6628], [-88.6294, 30.6587], [-88.6283, 30.6514], [-88.6319, 30.6505], [-88.6342, 30.6548], [-88.6367, 30.6511], [-88.6435, 30.6521], [-88.6443, 30.6454], [-88.6518, 30.6329], [-88.6467, 30.6287], [-88.6408, 30.617], [-88.6411, 30.6107], [-88.6522, 30.6059], [-88.6555, 30.602], [-88.6525, 30.5885], [-88.6565, 30.5883], [-88.6568, 30.5848], [-88.6635, 30.5848], [-88.682, 30.5762], [-88.6866, 30.5717], [-88.69, 30.5537], [-88.6875, 30.5309], [-88.6938, 30.517], [-88.7007, 30.5244], [-88.7074, 30.5218], [-88.7124, 30.5256], [-88.7127, 30.5283], [-88.7069, 30.5306], [-88.6973, 30.5314], [-88.7297, 30.5417], [-88.7491, 30.5456], [-88.8685, 30.5446], [-88.877, 30.5704], [-88.8808, 30.5686], [-88.8839, 30.561], [-88.8845, 30.7356], [-88.6611, 30.7347]]]}}, {"type": "Feature", "properties": {"fips": "28059040902", "gap_national": 4.5, "gap_stratum": 10.5, "burden": 61.4, "capacity": 57.2, "svi": 0.21, "top_decile_gap": 0.0, "stratum": "metropolitan", "scored": 1}, "geometry": {"type": "Polygon", "coordinates": [[[-88.7745, 30.3861], [-88.7743, 30.3919], [-88.7691, 30.3907], [-88.7643, 30.3966], [-88.7655, 30.4012], [-88.7524, 30.401], [-88.7514, 30.405], [-88.721, 30.3998], [-88.7217, 30.3956], [-88.7238, 30.3956], [-88.7239, 30.3812], [-88.7384, 30.3826], [-88.7394, 30.3751], [-88.749, 30.3708], [-88.7595, 30.3713], [-88.7628, 30.3777], [-88.7676, 30.3779], [-88.7701, 30.3818], [-88.7778, 30.3827], [-88.7745, 30.3861]]]}}, {"type": "Feature", "properties": {"fips": "28059040903", "gap_national": -33.8, "gap_stratum": -29.3, "burden": 33.0, "capacity": 60.6, "svi": 0.37, "top_decile_gap": 0.0, "stratum": "metropolitan", "scored": 1}, "geometry": {"type": "Polygon", "coordinates": [[[-88.796, 30.3835], [-88.79, 30.3856], [-88.7786, 30.3818], [-88.7701, 30.3818], [-88.7676, 30.3779], [-88.7628, 30.3777], [-88.7595, 30.3713], [-88.749, 30.3708], [-88.7438, 30.3734], [-88.7203, 30.3504], [-88.7182, 30.3436], [-88.7348, 30.3455], [-88.7482, 30.3519], [-88.7489, 30.349], [-88.7717, 30.3654], [-88.8112, 30.3865], [-88.796, 30.3835]]]}}, {"type": "Feature", "properties": {"fips": "28059040401", "gap_national": 28.9, "gap_stratum": 32.7, "burden": 70.5, "capacity": 47.9, "svi": 0.74, "top_decile_gap": 0.0, "stratum": "metropolitan", "scored": 1}, "geometry": {"type": "Polygon", "coordinates": [[[-88.8114, 30.4547], [-88.783, 30.4594], [-88.7461, 30.4471], [-88.732, 30.4466], [-88.7217, 30.4433], [-88.7293, 30.4383], [-88.7336, 30.4405], [-88.7392, 30.4398], [-88.7421, 30.4372], [-88.7403, 30.4355], [-88.7433, 30.4355], [-88.7413, 30.4338], [-88.7474, 30.4309], [-88.7618, 30.4291], [-88.7684, 30.4249], [-88.7783, 30.4266], [-88.8027, 30.4186], [-88.8045, 30.4207], [-88.8002, 30.4219], [-88.8005, 30.4303], [-88.7927, 30.4292], [-88.7991, 30.4417], [-88.82, 30.439], [-88.82, 30.436], [-88.8305, 30.4355], [-88.8387, 30.4432], [-88.8431, 30.4544], [-88.8114, 30.4547]]]}}, {"type": "Feature", "properties": {"fips": "28109950404", "gap_national": 0.8, "gap_stratum": -16.7, "burden": 75.8, "capacity": 71.1, "svi": 0.35, "top_decile_gap": 0.0, "stratum": "micropolitan", "scored": 1}, "geometry": {"type": "Polygon", "coordinates": [[[-89.8489, 30.6652], [-89.8434, 30.6637], [-89.8379, 30.6725], [-89.8406, 30.6729], [-89.8438, 30.6688], [-89.8472, 30.67], [-89.8355, 30.6912], [-89.8381, 30.704], [-89.8436, 30.7025], [-89.8466, 30.7062], [-89.8363, 30.7162], [-89.8301, 30.7163], [-89.8281, 30.725], [-89.8363, 30.7272], [-89.8369, 30.7347], [-89.8338, 30.737], [-89.8175, 30.7373], [-89.8161, 30.7394], [-89.8195, 30.7407], [-89.8277, 30.7384], [-89.8225, 30.7546], [-89.8293, 30.7513], [-89.8332, 30.7533], [-89.8326, 30.756], [-89.8269, 30.7561], [-89.8261, 30.759], [-89.8324, 30.7645], [-89.8278, 30.7712], [-89.8304, 30.7798], [-89.8281, 30.7834], [-89.8244, 30.7796], [-89.8201, 30.7824], [-89.8213, 30.7919], [-89.8108, 30.7862], [-89.7994, 30.7882], [-89.7867, 30.7861], [-89.7458, 30.7927], [-89.7136, 30.794], [-89.7148, 30.7725], [-89.7119, 30.744], [-89.6787, 30.7356], [-89.6626, 30.7355], [-89.6636, 30.7265], [-89.6525, 30.7168], [-89.6637, 30.7085], [-89.6756, 30.7103], [-89.6764, 30.7017], [-89.6809, 30.6931], [-89.6874, 30.6907], [-89.6972, 30.6831], [-89.6983, 30.6794], [-89.704, 30.677], [-89.7013, 30.6647], [-89.7056, 30.6601], [-89.704, 30.6349], [-89.7105, 30.6248], [-89.7348, 30.6235], [-89.7504, 30.609], [-89.7547, 30.6001], [-89.7702, 30.6259], [-89.7894, 30.6129], [-89.7955, 30.616], [-89.797, 30.6239], [-89.7932, 30.6306], [-89.7932, 30.6405], [-89.8114, 30.6252], [-89.8227, 30.6248], [-89.8201, 30.6328], [-89.814, 30.6382], [-89.8234, 30.6399], [-89.8214, 30.6465], [-89.8257, 30.6453], [-89.825, 30.6494], [-89.8333, 30.6575], [-89.8519, 30.6612], [-89.8489, 30.6652]]]}}, {"type": "Feature", "properties": {"fips": "28071950504", "gap_national": 3.9, "gap_stratum": -17.0, "burden": 36.9, "capacity": 37.2, "svi": 0.29, "top_decile_gap": 0.0, "stratum": "micropolitan", "scored": 1}, "geometry": {"type": "Polygon", "coordinates": [[[-89.6545, 34.3373], [-89.6589, 34.3552], [-89.5667, 34.361], [-89.5652, 34.3561], [-89.5684, 34.3488], [-89.5619, 34.3431], [-89.5597, 34.3361], [-89.565, 34.3324], [-89.5691, 34.3241], [-89.5894, 34.3072], [-89.5875, 34.2726], [-89.5943, 34.2609], [-89.5983, 34.259], [-89.6034, 34.2572], [-89.6099, 34.2679], [-89.6126, 34.2783], [-89.599, 34.2777], [-89.5992, 34.2797], [-89.6064, 34.2921], [-89.6125, 34.2945], [-89.6132, 34.3007], [-89.6171, 34.3022], [-89.6204, 34.3004], [-89.6256, 34.3043], [-89.6422, 34.3092], [-89.6473, 34.3061], [-89.6588, 34.3049], [-89.6645, 34.3135], [-89.6545, 34.3373]]]}}, {"type": "Feature", "properties": {"fips": "28081950403", "gap_national": -41.4, "gap_stratum": -72.1, "burden": 41.7, "capacity": 73.4, "svi": 0.25, "top_decile_gap": 0.0, "stratum": "micropolitan", "scored": 1}, "geometry": {"type": "Polygon", "coordinates": [[[-88.8248, 34.3533], [-88.8212, 34.3501], [-88.8161, 34.3502], [-88.8162, 34.3576], [-88.8051, 34.3574], [-88.7949, 34.3601], [-88.7988, 34.3642], [-88.799, 34.368], [-88.7943, 34.372], [-88.79, 34.3719], [-88.7894, 34.3751], [-88.7808, 34.3598], [-88.7381, 34.3366], [-88.7357, 34.3218], [-88.7209, 34.3078], [-88.7324, 34.282], [-88.748, 34.2901], [-88.7708, 34.2972], [-88.7839, 34.3085], [-88.8255, 34.3082], [-88.8248, 34.3533]]]}}, {"type": "Feature", "properties": {"fips": "28081950501", "gap_national": -5.0, "gap_stratum": -23.9, "burden": 75.0, "capacity": 75.1, "svi": 0.71, "top_decile_gap": 0.0, "stratum": "micropolitan", "scored": 1}, "geometry": {"type": "Polygon", "coordinates": [[[-88.7209, 34.3078], [-88.7092, 34.2944], [-88.7067, 34.3155], [-88.6934, 34.3156], [-88.7006, 34.2714], [-88.7047, 34.2746], [-88.7155, 34.2731], [-88.7324, 34.282], [-88.7209, 34.3078]]]}}, {"type": "Feature", "properties": {"fips": "28141950101", "gap_national": 10.4, "gap_stratum": 1.9, "burden": 88.3, "capacity": 73.2, "svi": 0.59, "top_decile_gap": 0.0, "stratum": "rural", "scored": 1}, "geometry": {"type": "Polygon", "coordinates": [[[-88.3635, 34.9956], [-88.2001, 34.9956], [-88.1874, 34.9749], [-88.1761, 34.9625], [-88.1601, 34.9311], [-88.1679, 34.925], [-88.1696, 34.9134], [-88.1729, 34.9155], [-88.1711, 34.9219], [-88.1738, 34.9203], [-88.1795, 34.9237], [-88.1988, 34.9192], [-88.1986, 34.9154], [-88.2064, 34.9067], [-88.2055, 34.8999], [-88.2222, 34.9015], [-88.2284, 34.9059], [-88.2437, 34.9033], [-88.2447, 34.9068], [-88.2475, 34.9051], [-88.2558, 34.9064], [-88.2564, 34.9], [-88.2583, 34.9011], [-88.2585, 34.8967], [-88.262, 34.8932], [-88.2576, 34.8893], [-88.2578, 34.8808], [-88.2494, 34.8701], [-88.2521, 34.8647], [-88.2519, 34.8563], [-88.2428, 34.8486], [-88.2426, 34.8438], [-88.2561, 34.8386], [-88.26, 34.8429], [-88.2671, 34.844], [-88.2701, 34.8501], [-88.2861, 34.8558], [-88.3014, 34.8517], [-88.3034, 34.856], [-88.3126, 34.8562], [-88.3103, 34.864], [-88.3153, 34.8621], [-88.3324, 34.8711], [-88.3375, 34.8683], [-88.3445, 34.851], [-88.3655, 34.8543], [-88.3635, 34.9956]]]}}, {"type": "Feature", "properties": {"fips": "28141950402", "gap_national": 23.5, "gap_stratum": 12.8, "burden": 76.2, "capacity": 55.9, "svi": 0.74, "top_decile_gap": 0.0, "stratum": "rural", "scored": 1}, "geometry": {"type": "Polygon", "coordinates": [[[-88.221, 34.5338], [-88.2183, 34.5335], [-88.226, 34.5585], [-88.2208, 34.5656], [-88.2244, 34.5711], [-88.2245, 34.5834], [-88.2282, 34.5845], [-88.2308, 34.5991], [-88.1712, 34.6191], [-88.1568, 34.6276], [-88.1478, 34.639], [-88.1308, 34.6448], [-88.1563, 34.4632], [-88.2143, 34.4634], [-88.2049, 34.4684], [-88.2048, 34.4779], [-88.2215, 34.4793], [-88.2297, 34.4848], [-88.2338, 34.484], [-88.2365, 34.4907], [-88.2496, 34.4933], [-88.2512, 34.4996], [-88.2493, 34.5046], [-88.2572, 34.5106], [-88.221, 34.5338]]]}}, {"type": "Feature", "properties": {"fips": "28047003213", "gap_national": -5.3, "gap_stratum": 1.7, "burden": 63.0, "capacity": 65.0, "svi": 0.71, "top_decile_gap": 0.0, "stratum": "metropolitan", "scored": 1}, "geometry": {"type": "Polygon", "coordinates": [[[-89.0913, 30.4739], [-89.0851, 30.4686], [-89.0848, 30.4631], [-89.0866, 30.4587], [-89.0906, 30.4586], [-89.0923, 30.4559], [-89.0928, 30.4495], [-89.103, 30.4495], [-89.1037, 30.477], [-89.0913, 30.4739]]]}}, {"type": "Feature", "properties": {"fips": "28047003002", "gap_national": -11.8, "gap_stratum": -4.8, "burden": 69.8, "capacity": 76.0, "svi": 0.35, "top_decile_gap": 0.0, "stratum": "metropolitan", "scored": 1}, "geometry": {"type": "Polygon", "coordinates": [[[-89.2918, 30.3281], [-89.2878, 30.3332], [-89.2816, 30.332], [-89.2728, 30.334], [-89.2687, 30.3406], [-89.2702, 30.3422], [-89.2644, 30.3423], [-89.2631, 30.3276], [-89.2578, 30.3155], [-89.2766, 30.3097], [-89.293, 30.309], [-89.2901, 30.3121], [-89.2918, 30.3281]]]}}, {"type": "Feature", "properties": {"fips": "28047002402", "gap_national": 45.6, "gap_stratum": 43.4, "burden": 98.8, "capacity": 53.9, "svi": 0.94, "top_decile_gap": 0.0, "stratum": "metropolitan", "scored": 1}, "geometry": {"type": "Polygon", "coordinates": [[[-89.0959, 30.4118], [-89.0955, 30.384], [-89.1142, 30.384], [-89.1147, 30.4034], [-89.0959, 30.4118]]]}}, {"type": "Feature", "properties": {"fips": "28047003104", "gap_national": -9.4, "gap_stratum": -3.5, "burden": 75.0, "capacity": 79.2, "svi": 0.44, "top_decile_gap": 0.0, "stratum": "metropolitan", "scored": 1}, "geometry": {"type": "Polygon", "coordinates": [[[-89.2662, 30.4271], [-89.2495, 30.4124], [-89.2481, 30.3982], [-89.2398, 30.3842], [-89.2244, 30.3721], [-89.2181, 30.3635], [-89.2151, 30.3453], [-89.2181, 30.3375], [-89.2374, 30.336], [-89.2378, 30.3382], [-89.2403, 30.3364], [-89.2434, 30.3414], [-89.2494, 30.3427], [-89.2702, 30.3422], [-89.285, 30.3538], [-89.2925, 30.3656], [-89.306, 30.3658], [-89.311, 30.361], [-89.3072, 30.371], [-89.308, 30.3734], [-89.3149, 30.3761], [-89.3409, 30.3729], [-89.3414, 30.427], [-89.2662, 30.4271]]]}}, {"type": "Feature", "properties": {"fips": "28047003105", "gap_national": -10.9, "gap_stratum": -3.8, "burden": 68.7, "capacity": 74.2, "svi": 0.61, "top_decile_gap": 0.0, "stratum": "metropolitan", "scored": 1}, "geometry": {"type": "Polygon", "coordinates": [[[-89.1917, 30.4274], [-89.1914, 30.4136], [-89.1871, 30.3981], [-89.1869, 30.3449], [-89.2042, 30.3369], [-89.2181, 30.3375], [-89.2151, 30.3453], [-89.2181, 30.3635], [-89.2244, 30.3721], [-89.2398, 30.3842], [-89.2481, 30.3982], [-89.2495, 30.4124], [-89.2662, 30.4271], [-89.1917, 30.4274]]]}}, {"type": "Feature", "properties": {"fips": "28047003506", "gap_national": 34.9, "gap_stratum": 34.7, "burden": 88.6, "capacity": 56.4, "svi": 0.6, "top_decile_gap": 0.0, "stratum": "metropolitan", "scored": 1}, "geometry": {"type": "Polygon", "coordinates": [[[-89.2401, 30.6476], [-89.2401, 30.6772], [-89.1382, 30.677], [-89.1377, 30.6584], [-89.1344, 30.6511], [-89.1381, 30.6305], [-89.1354, 30.6192], [-89.1343, 30.5686], [-89.1414, 30.5703], [-89.1451, 30.5775], [-89.1523, 30.5824], [-89.1547, 30.5816], [-89.1656, 30.5872], [-89.164, 30.5874], [-89.167, 30.5932], [-89.1789, 30.5939], [-89.1794, 30.5975], [-89.1828, 30.5986], [-89.1961, 30.5951], [-89.2144, 30.5817], [-89.2223, 30.5795], [-89.2345, 30.582], [-89.261, 30.5799], [-89.272, 30.5827], [-89.2777, 30.5805], [-89.2778, 30.5778], [-89.2879, 30.5848], [-89.2953, 30.5937], [-89.3124, 30.5937], [-89.3233, 30.5984], [-89.3414, 30.5941], [-89.3414, 30.6477], [-89.2401, 30.6476]]]}}, {"type": "Feature", "properties": {"fips": "28047003103", "gap_national": 40.3, "gap_stratum": 39.7, "burden": 88.6, "capacity": 52.7, "svi": 0.85, "top_decile_gap": 0.0, "stratum": "metropolitan", "scored": 1}, "geometry": {"type": "Polygon", "coordinates": [[[-89.1327, 30.4264], [-89.0974, 30.4357], [-89.0959, 30.4118], [-89.1065, 30.4084], [-89.1201, 30.3993], [-89.1366, 30.3974], [-89.1365, 30.3839], [-89.1871, 30.3837], [-89.1871, 30.3981], [-89.1914, 30.4136], [-89.1917, 30.4274], [-89.1327, 30.4264]]]}}, {"type": "Feature", "properties": {"fips": "28047002002", "gap_national": 70.8, "gap_stratum": 68.9, "burden": 96.1, "capacity": 33.9, "svi": 0.97, "top_decile_gap": 1.0, "stratum": "metropolitan", "scored": 1}, "geometry": {"type": "Polygon", "coordinates": [[[-89.0694, 30.3914], [-89.0693, 30.3862], [-89.0777, 30.3842], [-89.0777, 30.3779], [-89.0836, 30.3779], [-89.0836, 30.3841], [-89.0888, 30.384], [-89.0888, 30.3756], [-89.0953, 30.3734], [-89.0956, 30.3902], [-89.0694, 30.3914]]]}}, {"type": "Feature", "properties": {"fips": "28047003107", "gap_national": 3.7, "gap_stratum": 9.7, "burden": 64.6, "capacity": 60.2, "svi": 0.76, "top_decile_gap": 0.0, "stratum": "metropolitan", "scored": 1}, "geometry": {"type": "Polygon", "coordinates": [[[-89.145, 30.3838], [-89.1446, 30.3766], [-89.141, 30.3759], [-89.1369, 30.3692], [-89.1871, 30.367], [-89.1871, 30.3837], [-89.145, 30.3838]]]}}, {"type": "Feature", "properties": {"fips": "28047001205", "gap_national": -54.5, "gap_stratum": -46.9, "burden": 42.8, "capacity": 89.1, "svi": 0.34, "top_decile_gap": 0.0, "stratum": "metropolitan", "scored": 1}, "geometry": {"type": "Polygon", "coordinates": [[[-88.9756, 30.4155], [-88.9763, 30.4018], [-89.0013, 30.3985], [-89.0014, 30.4159], [-88.9756, 30.4155]]]}}, {"type": "Feature", "properties": {"fips": "28047003309", "gap_national": -4.7, "gap_stratum": 2.2, "burden": 64.6, "capacity": 65.8, "svi": 0.91, "top_decile_gap": 0.0, "stratum": "metropolitan", "scored": 1}, "geometry": {"type": "Polygon", "coordinates": [[[-88.9631, 30.4309], [-88.9594, 30.4318], [-88.9553, 30.4317], [-88.9552, 30.4281], [-88.9386, 30.4283], [-88.9386, 30.4355], [-88.9342, 30.4356], [-88.9339, 30.4427], [-88.9171, 30.4431], [-88.917, 30.4301], [-88.9107, 30.4331], [-88.9, 30.4325], [-88.8998, 30.4263], [-88.8946, 30.4246], [-88.8944, 30.4223], [-88.9093, 30.4259], [-88.9329, 30.4173], [-88.9484, 30.4209], [-88.9588, 30.4203], [-88.9605, 30.4253], [-88.9551, 30.4273], [-88.9592, 30.4279], [-88.9618, 30.4257], [-88.9631, 30.4309]]]}}, {"type": "Feature", "properties": {"fips": "28047001402", "gap_national": -41.4, "gap_stratum": -32.8, "burden": 52.5, "capacity": 86.0, "svi": 0.27, "top_decile_gap": 0.0, "stratum": "metropolitan", "scored": 1}, "geometry": {"type": "Polygon", "coordinates": [[[-89.0874, 30.3676], [-89.0874, 30.371], [-89.0356, 30.3844], [-89.027, 30.3842], [-89.0271, 30.3822], [-89.0781, 30.37], [-89.0898, 30.3647], [-89.0901, 30.3617], [-89.0947, 30.3602], [-89.0946, 30.358], [-89.0888, 30.3501], [-89.0933, 30.3477], [-89.0992, 30.3546], [-89.0972, 30.3589], [-89.0988, 30.3626], [-89.1014, 30.363], [-89.0874, 30.3676]]]}}, {"type": "Feature", "properties": {"fips": "28047003311", "gap_national": -16.3, "gap_stratum": -10.2, "burden": 45.4, "capacity": 58.6, "svi": 0.47, "top_decile_gap": 0.0, "stratum": "metropolitan", "scored": 1}, "geometry": {"type": "Polygon", "coordinates": [[[-88.9498, 30.442], [-88.9512, 30.4509], [-88.9489, 30.4483], [-88.9359, 30.4618], [-88.9343, 30.4608], [-88.9357, 30.4564], [-88.9317, 30.4598], [-88.9294, 30.457], [-88.9185, 30.4613], [-88.9186, 30.4585], [-88.9154, 30.4588], [-88.9153, 30.4566], [-88.9085, 30.4597], [-88.9068, 30.4543], [-88.9172, 30.4536], [-88.9171, 30.4431], [-88.9339, 30.4427], [-88.9342, 30.4356], [-88.951, 30.4354], [-88.9519, 30.4398], [-88.9498, 30.442]]]}}, {"type": "Feature", "properties": {"fips": "28045030102", "gap_national": 4.6, "gap_stratum": 7.0, "burden": 87.8, "capacity": 77.9, "svi": 0.93, "top_decile_gap": 0.0, "stratum": "metropolitan", "scored": 1}, "geometry": {"type": "Polygon", "coordinates": [[[-89.3374, 30.3198], [-89.3223, 30.3193], [-89.3225, 30.3149], [-89.3297, 30.3033], [-89.3594, 30.3126], [-89.3374, 30.3198]]]}}, {"type": "Feature", "properties": {"fips": "28045030301", "gap_national": -5.5, "gap_stratum": 0.2, "burden": 75.8, "capacity": 76.2, "svi": 0.42, "top_decile_gap": 0.0, "stratum": "metropolitan", "scored": 1}, "geometry": {"type": "Polygon", "coordinates": [[[-89.398, 30.3611], [-89.3905, 30.3564], [-89.3887, 30.3518], [-89.3827, 30.3489], [-89.376, 30.3491], [-89.3783, 30.3433], [-89.3763, 30.3364], [-89.3724, 30.3334], [-89.3459, 30.3436], [-89.3388, 30.343], [-89.3325, 30.3379], [-89.3296, 30.3264], [-89.3224, 30.3194], [-89.3374, 30.3198], [-89.3594, 30.3126], [-89.3762, 30.3189], [-89.3731, 30.3279], [-89.3747, 30.3313], [-89.378, 30.3353], [-89.3967, 30.3384], [-89.4026, 30.3451], [-89.4032, 30.3529], [-89.398, 30.3611]]]}}, {"type": "Feature", "properties": {"fips": "28045030303", "gap_national": 39.9, "gap_stratum": 43.3, "burden": 72.8, "capacity": 41.7, "svi": 0.61, "top_decile_gap": 0.0, "stratum": "metropolitan", "scored": 1}, "geometry": {"type": "Polygon", "coordinates": [[[-89.4562, 30.3003], [-89.41, 30.2989], [-89.4103, 30.277], [-89.4197, 30.2731], [-89.4297, 30.2737], [-89.4483, 30.2662], [-89.4567, 30.2929], [-89.4562, 30.3003]]]}}, {"type": "Feature", "properties": {"fips": "28153950301", "gap_national": 27.4, "gap_stratum": 32.7, "burden": 92.7, "capacity": 63.4, "svi": 0.4, "top_decile_gap": 0.0, "stratum": "rural", "scored": 1}, "geometry": {"type": "Polygon", "coordinates": [[[-88.7634, 31.8359], [-88.6909, 31.8466], [-88.6907, 31.8386], [-88.7008, 31.8399], [-88.7028, 31.8342], [-88.7089, 31.8317], [-88.7155, 31.8237], [-88.7117, 31.8191], [-88.7014, 31.8192], [-88.7018, 31.8124], [-88.6949, 31.8102], [-88.6946, 31.8082], [-88.6994, 31.8046], [-88.709, 31.8099], [-88.7101, 31.8066], [-88.7036, 31.8021], [-88.7112, 31.8008], [-88.7162, 31.7934], [-88.7117, 31.783], [-88.6956, 31.7849], [-88.7026, 31.7745], [-88.6851, 31.761], [-88.6921, 31.7612], [-88.6863, 31.7546], [-88.682, 31.7573], [-88.6762, 31.7457], [-88.6722, 31.7475], [-88.6723, 31.7455], [-88.6779, 31.7438], [-88.6747, 31.7413], [-88.6741, 31.7368], [-88.6787, 31.7333], [-88.6754, 31.731], [-88.6723, 31.7338], [-88.6722, 31.7296], [-88.6759, 31.7276], [-88.6586, 31.7199], [-88.6597, 31.7102], [-88.6703, 31.6947], [-88.6769, 31.6964], [-88.6859, 31.7034], [-88.7011, 31.7094], [-88.7143, 31.7215], [-88.7458, 31.7219], [-88.7741, 31.7365], [-88.7788, 31.7347], [-88.7831, 31.743], [-88.7983, 31.7386], [-88.8148, 31.7401], [-88.8141, 31.7335], [-88.8253, 31.7309], [-88.8261, 31.7239], [-88.8316, 31.7215], [-88.8264, 31.7159], [-88.8212, 31.7015], [-88.8173, 31.6974], [-88.8903, 31.6971], [-88.91, 31.7031], [-88.9432, 31.707], [-88.9434, 31.8246], [-88.7634, 31.8359]]]}}, {"type": "Feature", "properties": {"fips": "28045030606", "gap_national": 8.8, "gap_stratum": -11.3, "burden": 76.1, "capacity": 65.6, "svi": 0.27, "top_decile_gap": 0.0, "stratum": "rural", "scored": 1}, "geometry": {"type": "Polygon", "coordinates": [[[-89.647, 30.4589], [-89.6471, 30.5027], [-89.5957, 30.5025], [-89.5959, 30.5171], [-89.5581, 30.5169], [-89.5627, 30.5124], [-89.5592, 30.4998], [-89.5539, 30.4943], [-89.5278, 30.4942], [-89.5277, 30.4867], [-89.5196, 30.4867], [-89.4956, 30.493], [-89.4922, 30.4712], [-89.4651, 30.447], [-89.4817, 30.4426], [-89.477, 30.4306], [-89.4634, 30.4231], [-89.4529, 30.4211], [-89.4435, 30.4118], [-89.4303, 30.407], [-89.412, 30.4044], [-89.3836, 30.4135], [-89.3718, 30.4222], [-89.3607, 30.425], [-89.3444, 30.4194], [-89.3579, 30.4106], [-89.3594, 30.4127], [-89.365, 30.4121], [-89.3695, 30.4167], [-89.3736, 30.4141], [-89.374, 30.4065], [-89.3819, 30.3992], [-89.3892, 30.3974], [-89.3919, 30.3868], [-89.3961, 30.3866], [-89.3965, 30.3821], [-89.3935, 30.3828], [-89.3933, 30.3798], [-89.4013, 30.3806], [-89.4053, 30.3764], [-89.4051, 30.368], [-89.4016, 30.3649], [-89.4612, 30.3466], [-89.5217, 30.3314], [-89.5458, 30.3314], [-89.6416, 30.3033], [-89.6399, 30.3073], [-89.6316, 30.3093], [-89.6262, 30.3143], [-89.6299, 30.321], [-89.6297, 30.3393], [-89.6452, 30.3481], [-89.6467, 30.3525], [-89.6572, 30.3565], [-89.6622, 30.3713], [-89.6837, 30.4059], [-89.6841, 30.4126], [-89.6801, 30.4114], [-89.6785, 30.414], [-89.6805, 30.4289], [-89.6848, 30.4395], [-89.6834, 30.4518], [-89.6898, 30.4593], [-89.647, 30.4589]]]}}, {"type": "Feature", "properties": {"fips": "28045030605", "gap_national": 32.6, "gap_stratum": 35.9, "burden": 73.1, "capacity": 47.4, "svi": 0.36, "top_decile_gap": 0.0, "stratum": "metropolitan", "scored": 1}, "geometry": {"type": "Polygon", "coordinates": [[[-89.4875, 30.4772], [-89.482, 30.4831], [-89.4724, 30.479], [-89.4685, 30.4852], [-89.4588, 30.4851], [-89.4549, 30.4873], [-89.4438, 30.4876], [-89.4431, 30.4894], [-89.4431, 30.4821], [-89.428, 30.4819], [-89.4291, 30.4775], [-89.424, 30.4782], [-89.4029, 30.498], [-89.3795, 30.4936], [-89.3731, 30.4981], [-89.3419, 30.5017], [-89.3414, 30.4205], [-89.3444, 30.4194], [-89.3607, 30.425], [-89.3718, 30.4222], [-89.3836, 30.4135], [-89.412, 30.4044], [-89.4303, 30.407], [-89.4435, 30.4118], [-89.4529, 30.4211], [-89.4634, 30.4231], [-89.477, 30.4306], [-89.4817, 30.4426], [-89.4651, 30.447], [-89.4901, 30.4687], [-89.4949, 30.4796], [-89.4875, 30.4772]]]}}, {"type": "Feature", "properties": {"fips": "28045030501", "gap_national": -25.2, "gap_stratum": -16.8, "burden": 60.9, "capacity": 78.7, "svi": 0.41, "top_decile_gap": 0.0, "stratum": "metropolitan", "scored": 1}, "geometry": {"type": "Polygon", "coordinates": [[[-89.4013, 30.3806], [-89.3933, 30.3798], [-89.3935, 30.3828], [-89.3965, 30.3821], [-89.3961, 30.3866], [-89.3919, 30.3868], [-89.3892, 30.3974], [-89.3819, 30.3992], [-89.374, 30.4065], [-89.3736, 30.4141], [-89.3695, 30.4167], [-89.365, 30.4121], [-89.3594, 30.4127], [-89.3579, 30.4106], [-89.3414, 30.4205], [-89.3413, 30.4102], [-89.3518, 30.4032], [-89.3654, 30.4006], [-89.3792, 30.3908], [-89.3815, 30.386], [-89.377, 30.3728], [-89.4011, 30.3653], [-89.4051, 30.368], [-89.4053, 30.3764], [-89.4013, 30.3806]]]}}, {"type": "Feature", "properties": {"fips": "28045030604", "gap_national": 24.6, "gap_stratum": 15.4, "burden": 77.7, "capacity": 56.3, "svi": 0.37, "top_decile_gap": 0.0, "stratum": "rural", "scored": 1}, "geometry": {"type": "Polygon", "coordinates": [[[-89.5581, 30.5169], [-89.5445, 30.5169], [-89.5442, 30.6484], [-89.4281, 30.6478], [-89.4147, 30.6368], [-89.4121, 30.6243], [-89.4071, 30.6146], [-89.4085, 30.608], [-89.414, 30.5998], [-89.4065, 30.5808], [-89.4117, 30.5629], [-89.4106, 30.5531], [-89.4238, 30.5395], [-89.431, 30.5264], [-89.4343, 30.4946], [-89.428, 30.4819], [-89.4431, 30.4821], [-89.4431, 30.4894], [-89.4438, 30.4876], [-89.4549, 30.4873], [-89.4588, 30.4851], [-89.4685, 30.4852], [-89.4724, 30.479], [-89.482, 30.4831], [-89.4875, 30.4772], [-89.4923, 30.4775], [-89.4897, 30.479], [-89.4949, 30.4796], [-89.4956, 30.493], [-89.5196, 30.4867], [-89.5277, 30.4867], [-89.5278, 30.4942], [-89.5562, 30.4953], [-89.5607, 30.5029], [-89.5627, 30.5129], [-89.5581, 30.5169]]]}}, {"type": "Feature", "properties": {"fips": "28087000103", "gap_national": -19.0, "gap_stratum": -48.4, "burden": 47.4, "capacity": 61.9, "svi": 0.22, "top_decile_gap": 0.0, "stratum": "micropolitan", "scored": 1}, "geometry": {"type": "Polygon", "coordinates": [[[-88.3666, 33.6325], [-88.3663, 33.6773], [-88.362, 33.6818], [-88.3543, 33.6847], [-88.3577, 33.6923], [-88.356, 33.6932], [-88.3588, 33.6959], [-88.3436, 33.7061], [-88.3443, 33.7097], [-88.3381, 33.7171], [-88.3305, 33.7186], [-88.3263, 33.7257], [-88.3289, 33.7289], [-88.3266, 33.7329], [-88.3299, 33.7347], [-88.3251, 33.7456], [-88.3215, 33.7439], [-88.2489, 33.745], [-88.2624, 33.6324], [-88.2683, 33.6261], [-88.2664, 33.6263], [-88.2671, 33.6207], [-88.2702, 33.6256], [-88.2672, 33.6311], [-88.2729, 33.6328], [-88.273, 33.6402], [-88.2942, 33.6422], [-88.2968, 33.646], [-88.3101, 33.6315], [-88.3109, 33.6259], [-88.3182, 33.6158], [-88.331, 33.603], [-88.3313, 33.6087], [-88.3773, 33.6098], [-88.3774, 33.6149], [-88.3666, 33.6325]]]}}, {"type": "Feature", "properties": {"fips": "28087000302", "gap_national": -40.1, "gap_stratum": -71.4, "burden": 43.4, "capacity": 73.8, "svi": 0.28, "top_decile_gap": 0.0, "stratum": "micropolitan", "scored": 1}, "geometry": {"type": "Polygon", "coordinates": [[[-88.4914, 33.5628], [-88.4863, 33.566], [-88.4949, 33.5795], [-88.4884, 33.5829], [-88.4802, 33.5943], [-88.4747, 33.5981], [-88.475, 33.6034], [-88.4665, 33.6062], [-88.4647, 33.6037], [-88.4587, 33.6026], [-88.4545, 33.6106], [-88.454, 33.608], [-88.4392, 33.6084], [-88.4225, 33.6038], [-88.4283, 33.5818], [-88.4032, 33.5839], [-88.4092, 33.5687], [-88.4044, 33.5609], [-88.4034, 33.5512], [-88.4116, 33.551], [-88.419, 33.5563], [-88.4292, 33.5597], [-88.433, 33.5569], [-88.4332, 33.5498], [-88.4379, 33.5401], [-88.4377, 33.5336], [-88.497, 33.565], [-88.4914, 33.5628]]]}}, {"type": "Feature", "properties": {"fips": "28049011203", "gap_national": -14.3, "gap_stratum": -7.6, "burden": 71.5, "capacity": 80.4, "svi": 0.21, "top_decile_gap": 0.0, "stratum": "metropolitan", "scored": 1}, "geometry": {"type": "Polygon", "coordinates": [[[-90.3716, 32.1787], [-90.3755, 32.1882], [-90.3355, 32.1883], [-90.3324, 32.1905], [-90.3298, 32.1876], [-90.3209, 32.194], [-90.3058, 32.1957], [-90.2995, 32.1996], [-90.2968, 32.1959], [-90.2958, 32.1782], [-90.2804, 32.172], [-90.2893, 32.1659], [-90.2918, 32.1539], [-90.3004, 32.1441], [-90.3001, 32.1468], [-90.3353, 32.1445], [-90.3478, 32.1373], [-90.3703, 32.1373], [-90.3704, 32.1466], [-90.3766, 32.1582], [-90.3767, 32.1668], [-90.3716, 32.1787]]]}}, {"type": "Feature", "properties": {"fips": "28049010502", "gap_national": 5.7, "gap_stratum": 8.0, "burden": 88.4, "capacity": 77.3, "svi": 0.76, "top_decile_gap": 0.0, "stratum": "metropolitan", "scored": 1}, "geometry": {"type": "Polygon", "coordinates": [[[-90.4841, 32.543], [-90.4715, 32.5433], [-90.4725, 32.548], [-90.4651, 32.5477], [-90.4625, 32.559], [-90.4577, 32.5598], [-90.4578, 32.5569], [-90.454, 32.5583], [-90.4537, 32.5623], [-90.4512, 32.5637], [-90.455, 32.566], [-90.45, 32.5738], [-90.4499, 32.4884], [-90.3799, 32.4877], [-90.3726, 32.482], [-90.3726, 32.4524], [-90.375, 32.4511], [-90.3718, 32.446], [-90.3609, 32.4401], [-90.3474, 32.4374], [-90.3454, 32.4231], [-90.3411, 32.4202], [-90.3406, 32.4113], [-90.3355, 32.4003], [-90.3364, 32.3932], [-90.3574, 32.3932], [-90.3659, 32.3726], [-90.3604, 32.3656], [-90.3636, 32.3595], [-90.3628, 32.3452], [-90.3542, 32.3424], [-90.3585, 32.3327], [-90.3727, 32.319], [-90.4073, 32.2925], [-90.4264, 32.2905], [-90.4482, 32.2829], [-90.4555, 32.2888], [-90.4622, 32.2984], [-90.4629, 32.3058], [-90.4586, 32.3295], [-90.459, 32.3434], [-90.4704, 32.3481], [-90.4743, 32.3537], [-90.4837, 32.355], [-90.4804, 32.3594], [-90.4651, 32.3645], [-90.4808, 32.3847], [-90.4828, 32.3939], [-90.4846, 32.4288], [-90.4815, 32.4305], [-90.4838, 32.436], [-90.4847, 32.4624], [-90.4844, 32.4675], [-90.4797, 32.4718], [-90.4879, 32.4821], [-90.4862, 32.4894], [-90.4892, 32.4947], [-90.489, 32.4984], [-90.48, 32.5073], [-90.4877, 32.5236], [-90.4877, 32.5259], [-90.4843, 32.5272], [-90.4923, 32.5306], [-90.4924, 32.5339], [-90.4841, 32.543]]]}}, {"type": "Feature", "properties": {"fips": "28049010104", "gap_national": -32.0, "gap_stratum": -23.8, "burden": 60.5, "capacity": 85.9, "svi": 0.75, "top_decile_gap": 0.0, "stratum": "metropolitan", "scored": 1}, "geometry": {"type": "Polygon", "coordinates": [[[-90.1235, 32.3995], [-90.1087, 32.3995], [-90.1166, 32.3854], [-90.1239, 32.3956], [-90.1235, 32.3995]]]}}, {"type": "Feature", "properties": {"fips": "28049010103", "gap_national": 10.1, "gap_stratum": 15.7, "burden": 62.5, "capacity": 54.4, "svi": 0.55, "top_decile_gap": 0.0, "stratum": "metropolitan", "scored": 1}, "geometry": {"type": "Polygon", "coordinates": [[[-90.1087, 32.3995], [-90.0657, 32.3995], [-90.0688, 32.3984], [-90.0657, 32.3948], [-90.0679, 32.3918], [-90.0739, 32.3887], [-90.0779, 32.3877], [-90.0803, 32.39], [-90.0761, 32.3938], [-90.0815, 32.3953], [-90.0804, 32.3917], [-90.084, 32.3904], [-90.0874, 32.3847], [-90.0937, 32.3902], [-90.0952, 32.3891], [-90.0957, 32.3817], [-90.1007, 32.3823], [-90.097, 32.3759], [-90.0989, 32.3731], [-90.1018, 32.3757], [-90.1033, 32.3713], [-90.0998, 32.3668], [-90.1016, 32.3653], [-90.1101, 32.3686], [-90.1105, 32.3719], [-90.1205, 32.3797], [-90.1087, 32.3995]]]}}, {"type": "Feature", "properties": {"fips": "28129950302", "gap_national": 15.8, "gap_stratum": 4.4, "burden": 81.6, "capacity": 64.6, "svi": 0.47, "top_decile_gap": 0.0, "stratum": "rural", "scored": 1}, "geometry": {"type": "Polygon", "coordinates": [[[-89.5024, 32.004], [-89.4983, 32.0026], [-89.4964, 32.0044], [-89.4973, 32.0091], [-89.4864, 32.0177], [-89.4698, 32.013], [-89.4709, 32.0176], [-89.4689, 32.0193], [-89.4645, 32.0156], [-89.4312, 32.0124], [-89.3872, 32.0124], [-89.3679, 32.006], [-89.3501, 31.9878], [-89.3382, 31.9829], [-89.3332, 31.9782], [-89.322, 31.9758], [-89.3207, 31.8743], [-89.3171, 31.8743], [-89.317, 31.861], [-89.3313, 31.87], [-89.3331, 31.8739], [-89.3532, 31.866], [-89.3626, 31.8684], [-89.3796, 31.8653], [-89.3817, 31.8632], [-89.3791, 31.8584], [-89.3845, 31.8589], [-89.39, 31.8541], [-89.4077, 31.8551], [-89.4122, 31.8519], [-89.4098, 31.85], [-89.4099, 31.8391], [-89.4124, 31.8373], [-89.4174, 31.8346], [-89.4275, 31.8371], [-89.4294, 31.8457], [-89.439, 31.8542], [-89.441, 31.8645], [-89.4474, 31.8647], [-89.4507, 31.8692], [-89.4606, 31.8675], [-89.4726, 31.8727], [-89.4779, 31.8812], [-89.4831, 31.8839], [-89.4831, 31.8883], [-89.4771, 31.8923], [-89.4725, 31.8919], [-89.4759, 31.9164], [-89.4707, 31.936], [-89.4741, 31.9443], [-89.4826, 31.9524], [-89.4888, 31.9688], [-89.4983, 31.9822], [-89.4993, 31.9909], [-89.504, 31.9962], [-89.5024, 32.004]]]}}, {"type": "Feature", "properties": {"fips": "28129950301", "gap_national": 32.6, "gap_stratum": 42.7, "burden": 93.6, "capacity": 60.3, "svi": 0.73, "top_decile_gap": 0.0, "stratum": "rural", "scored": 1}, "geometry": {"type": "Polygon", "coordinates": [[[-89.4936, 31.8531], [-89.4953, 31.8594], [-89.4755, 31.8772], [-89.4726, 31.8727], [-89.4606, 31.8675], [-89.4507, 31.8692], [-89.4474, 31.8647], [-89.441, 31.8645], [-89.439, 31.8542], [-89.4294, 31.8457], [-89.4275, 31.8371], [-89.4174, 31.8346], [-89.4099, 31.8391], [-89.4098, 31.85], [-89.4122, 31.8519], [-89.4077, 31.8551], [-89.39, 31.8541], [-89.3845, 31.8589], [-89.3791, 31.8584], [-89.3817, 31.8632], [-89.3796, 31.8653], [-89.3626, 31.8684], [-89.3532, 31.866], [-89.3331, 31.8739], [-89.3313, 31.87], [-89.317, 31.861], [-89.3166, 31.8021], [-89.4844, 31.7918], [-89.4896, 31.7956], [-89.4882, 31.8005], [-89.4923, 31.8052], [-89.4895, 31.808], [-89.4937, 31.8212], [-89.4908, 31.8237], [-89.4897, 31.8297], [-89.486, 31.832], [-89.4891, 31.8419], [-89.4951, 31.8421], [-89.4965, 31.8503], [-89.4936, 31.8531]]]}}, {"type": "Feature", "properties": {"fips": "28035010202", "gap_national": -4.7, "gap_stratum": 1.2, "burden": 74.1, "capacity": 74.1, "svi": 0.67, "top_decile_gap": 0.0, "stratum": "metropolitan", "scored": 1}, "geometry": {"type": "Polygon", "coordinates": [[[-89.299, 31.4341], [-89.3024, 31.4312], [-89.2932, 31.4234], [-89.2935, 31.4204], [-89.2825, 31.4132], [-89.2889, 31.4083], [-89.2861, 31.4024], [-89.2889, 31.3961], [-89.2823, 31.3932], [-89.2847, 31.3915], [-89.2788, 31.3828], [-89.2824, 31.3798], [-89.2748, 31.379], [-89.2801, 31.3771], [-89.2802, 31.3704], [-89.277, 31.3701], [-89.2798, 31.3665], [-89.2778, 31.3641], [-89.2847, 31.3639], [-89.2802, 31.3436], [-89.2868, 31.3477], [-89.2935, 31.3468], [-89.2967, 31.3514], [-89.2982, 31.3501], [-89.3025, 31.3523], [-89.3077, 31.3501], [-89.3116, 31.3577], [-89.3176, 31.3562], [-89.3265, 31.3581], [-89.3299, 31.3547], [-89.333, 31.3663], [-89.3365, 31.3679], [-89.3466, 31.3569], [-89.3716, 31.3844], [-89.3779, 31.3873], [-89.4011, 31.4073], [-89.4067, 31.4086], [-89.4355, 31.4258], [-89.4445, 31.434], [-89.299, 31.4341]]]}}, {"type": "Feature", "properties": {"fips": "28035010201", "gap_national": 2.4, "gap_stratum": 8.5, "burden": 60.5, "capacity": 57.9, "svi": 0.55, "top_decile_gap": 0.0, "stratum": "metropolitan", "scored": 1}, "geometry": {"type": "Polygon", "coordinates": [[[-89.4445, 31.434], [-89.4355, 31.4258], [-89.4067, 31.4086], [-89.4011, 31.4073], [-89.3779, 31.3873], [-89.3716, 31.3844], [-89.3466, 31.3569], [-89.3523, 31.3466], [-89.4511, 31.3464], [-89.4516, 31.434], [-89.4445, 31.434]]]}}, {"type": "Feature", "properties": {"fips": "28035010103", "gap_national": -3.9, "gap_stratum": 3.0, "burden": 65.4, "capacity": 65.9, "svi": 0.26, "top_decile_gap": 0.0, "stratum": "metropolitan", "scored": 1}, "geometry": {"type": "Polygon", "coordinates": [[[-89.205, 31.3614], [-89.205, 31.3826], [-89.1939, 31.3866], [-89.1856, 31.3949], [-89.1706, 31.403], [-89.1659, 31.4185], [-89.1686, 31.4341], [-89.1461, 31.4341], [-89.1462, 31.3632], [-89.1799, 31.3511], [-89.2134, 31.3503], [-89.2134, 31.3585], [-89.205, 31.3614]]]}}, {"type": "Feature", "properties": {"fips": "28031950401", "gap_national": 19.8, "gap_stratum": 12.7, "burden": 83.1, "capacity": 62.9, "svi": 0.87, "top_decile_gap": 0.0, "stratum": "rural", "scored": 1}, "geometry": {"type": "Polygon", "coordinates": [[[-89.6929, 31.6095], [-89.6707, 31.6164], [-89.6547, 31.6174], [-89.651, 31.6203], [-89.6524, 31.6247], [-89.6323, 31.6236], [-89.6263, 31.6201], [-89.6164, 31.6208], [-89.5785, 31.6093], [-89.5723, 31.6223], [-89.5653, 31.6247], [-89.5607, 31.6354], [-89.5416, 31.623], [-89.5291, 31.6251], [-89.5264, 31.615], [-89.5184, 31.6115], [-89.5136, 31.6159], [-89.5056, 31.6131], [-89.489, 31.6134], [-89.4856, 31.6105], [-89.4771, 31.6094], [-89.4717, 31.6119], [-89.4606, 31.6054], [-89.4565, 31.6088], [-89.4459, 31.6091], [-89.4446, 31.6013], [-89.4281, 31.6135], [-89.4213, 31.6131], [-89.4194, 31.6102], [-89.4085, 31.6107], [-89.4002, 31.608], [-89.3999, 31.5413], [-89.4058, 31.5408], [-89.4094, 31.5464], [-89.417, 31.5476], [-89.4238, 31.552], [-89.4594, 31.5529], [-89.4697, 31.5521], [-89.4678, 31.5442], [-89.4698, 31.5403], [-89.4778, 31.5361], [-89.4899, 31.5495], [-89.4946, 31.5463], [-89.5039, 31.5489], [-89.5112, 31.5609], [-89.5138, 31.5611], [-89.5239, 31.5534], [-89.5375, 31.5547], [-89.549, 31.5511], [-89.5618, 31.5543], [-89.584, 31.553], [-89.5802, 31.5474], [-89.5846, 31.533], [-89.588, 31.5265], [-89.5966, 31.5258], [-89.6023, 31.5313], [-89.5993, 31.5346], [-89.6029, 31.5388], [-89.6144, 31.5406], [-89.62, 31.5497], [-89.6289, 31.5525], [-89.6322, 31.5565], [-89.6395, 31.5595], [-89.6509, 31.5596], [-89.6674, 31.5654], [-89.673, 31.5647], [-89.6879, 31.5755], [-89.6989, 31.5772], [-89.7036, 31.5829], [-89.717, 31.5889], [-89.7299, 31.6039], [-89.7303, 31.6097], [-89.6929, 31.6095]]]}}, {"type": "Feature", "properties": {"fips": "28075010502", "gap_national": -2.3, "gap_stratum": -19.5, "burden": 77.0, "capacity": 74.6, "svi": 0.58, "top_decile_gap": 0.0, "stratum": "micropolitan", "scored": 1}, "geometry": {"type": "Polygon", "coordinates": [[[-88.7693, 32.2329], [-88.761, 32.2361], [-88.7603, 32.2418], [-88.7641, 32.2437], [-88.7602, 32.2472], [-88.762, 32.2488], [-88.7513, 32.2688], [-88.7527, 32.2747], [-88.7567, 32.2768], [-88.7515, 32.2794], [-88.7535, 32.2804], [-88.7505, 32.2812], [-88.7509, 32.2842], [-88.7482, 32.2869], [-88.75, 32.2867], [-88.7495, 32.2901], [-88.7528, 32.2936], [-88.7542, 32.2927], [-88.7532, 32.3029], [-88.7503, 32.3036], [-88.7511, 32.3056], [-88.7452, 32.304], [-88.7451, 32.3092], [-88.7422, 32.3124], [-88.7432, 32.3161], [-88.7349, 32.3221], [-88.7353, 32.328], [-88.7333, 32.3279], [-88.7363, 32.3319], [-88.7335, 32.34], [-88.7236, 32.3457], [-88.7248, 32.349], [-88.7012, 32.3491], [-88.6838, 32.3581], [-88.6805, 32.3573], [-88.6749, 32.3484], [-88.6747, 32.3417], [-88.6669, 32.3345], [-88.6654, 32.3274], [-88.6514, 32.3228], [-88.6438, 32.315], [-88.627, 32.3071], [-88.62, 32.3009], [-88.6268, 32.3006], [-88.6301, 32.3028], [-88.646, 32.2952], [-88.6509, 32.2976], [-88.6507, 32.3048], [-88.6541, 32.3063], [-88.6683, 32.3025], [-88.6737, 32.2965], [-88.6893, 32.2983], [-88.6933, 32.2858], [-88.7053, 32.2678], [-88.6944, 32.2453], [-88.6996, 32.234], [-88.7002, 32.2256], [-88.7694, 32.2255], [-88.7675, 32.2267], [-88.7693, 32.2329]]]}}, {"type": "Feature", "properties": {"fips": "28075010501", "gap_national": -0.2, "gap_stratum": -25.5, "burden": 62.6, "capacity": 61.2, "svi": 0.25, "top_decile_gap": 0.0, "stratum": "micropolitan", "scored": 1}, "geometry": {"type": "Polygon", "coordinates": [[[-88.6933, 32.2858], [-88.6893, 32.2983], [-88.6737, 32.2965], [-88.6683, 32.3025], [-88.6541, 32.3063], [-88.6507, 32.3048], [-88.6509, 32.2976], [-88.646, 32.2952], [-88.6301, 32.3028], [-88.6103, 32.2968], [-88.593, 32.2981], [-88.5703, 32.2957], [-88.576, 32.2818], [-88.5754, 32.2766], [-88.5692, 32.2728], [-88.5682, 32.2685], [-88.5736, 32.2528], [-88.5684, 32.2479], [-88.5686, 32.2441], [-88.5737, 32.2409], [-88.5701, 32.2377], [-88.5746, 32.2324], [-88.5724, 32.2268], [-88.7002, 32.2256], [-88.6996, 32.234], [-88.6944, 32.2453], [-88.7053, 32.2678], [-88.6933, 32.2858]]]}}, {"type": "Feature", "properties": {"fips": "28075010206", "gap_national": 5.5, "gap_stratum": -11.1, "burden": 40.6, "capacity": 39.3, "svi": 0.76, "top_decile_gap": 0.0, "stratum": "rural", "scored": 1}, "geometry": {"type": "Polygon", "coordinates": [[[-88.63, 32.5153], [-88.6283, 32.529], [-88.6322, 32.5361], [-88.6298, 32.5425], [-88.6265, 32.5414], [-88.6242, 32.5441], [-88.624, 32.5515], [-88.6194, 32.5516], [-88.6194, 32.5551], [-88.6077, 32.5551], [-88.6077, 32.5625], [-88.6101, 32.5624], [-88.61, 32.5661], [-88.6145, 32.5662], [-88.6142, 32.5696], [-88.5883, 32.5711], [-88.5884, 32.5693], [-88.578, 32.5674], [-88.5546, 32.5661], [-88.5542, 32.5779], [-88.4846, 32.5779], [-88.4809, 32.5652], [-88.5081, 32.5399], [-88.5184, 32.5191], [-88.5458, 32.5128], [-88.5883, 32.4885], [-88.6141, 32.4682], [-88.628, 32.4502], [-88.6368, 32.4502], [-88.635, 32.4684], [-88.637, 32.4721], [-88.6371, 32.4858], [-88.6344, 32.4915], [-88.6378, 32.4991], [-88.63, 32.5153]]]}}, {"type": "Feature", "properties": {"fips": "28051950502", "gap_national": 32.5, "gap_stratum": 31.5, "burden": 97.0, "capacity": 61.9, "svi": 0.88, "top_decile_gap": 0.0, "stratum": "metropolitan", "scored": 1}, "geometry": {"type": "Polygon", "coordinates": [[[-90.0973, 32.9434], [-90.097, 32.9568], [-90.0713, 33.0155], [-90.071, 33.0344], [-90.0648, 33.0457], [-90.0648, 33.0521], [-90.0684, 33.0592], [-90.0624, 33.0735], [-90.0571, 33.0779], [-90.0534, 33.1054], [-90.048, 33.1096], [-90.0431, 33.1101], [-90.038, 33.1083], [-90.036, 33.1047], [-90.0306, 33.1063], [-90.0308, 33.1043], [-90.0201, 33.1045], [-90.0141, 33.1019], [-90.0111, 33.1033], [-89.9975, 33.1003], [-89.9971, 33.0985], [-89.9736, 33.0964], [-89.9699, 33.0906], [-89.9625, 33.0902], [-89.9546, 33.0947], [-89.9545, 33.0863], [-89.9515, 33.0843], [-89.9382, 33.086], [-89.9378, 33.0767], [-89.9415, 33.0727], [-89.9486, 33.0705], [-89.9491, 33.0678], [-89.9573, 33.0651], [-89.9626, 33.0586], [-89.959, 33.0549], [-89.9532, 33.0547], [-89.9526, 33.0471], [-89.9578, 33.0417], [-89.9576, 33.0374], [-89.9502, 33.0355], [-89.9499, 33.0299], [-89.9558, 33.0131], [-89.9502, 33.0022], [-89.9666, 32.9691], [-89.9712, 32.9498], [-90.0046, 32.9139], [-90.0163, 32.8972], [-90.1106, 32.9303], [-90.0973, 32.9434]]]}}, {"type": "Feature", "properties": {"fips": "28041950201", "gap_national": 15.4, "gap_stratum": -0.8, "burden": 74.0, "capacity": 59.6, "svi": 0.56, "top_decile_gap": 0.0, "stratum": "rural", "scored": 1}, "geometry": {"type": "Polygon", "coordinates": [[[-88.8255, 31.0864], [-88.8215, 31.0831], [-88.8117, 31.0826], [-88.808, 31.085], [-88.8017, 31.0844], [-88.7993, 31.0872], [-88.7971, 31.0868], [-88.7973, 31.0826], [-88.795, 31.0823], [-88.7924, 31.0869], [-88.7856, 31.0883], [-88.7869, 31.0938], [-88.7855, 31.0955], [-88.7835, 31.094], [-88.7817, 31.1031], [-88.7779, 31.1042], [-88.7485, 31.0775], [-88.7379, 31.0793], [-88.7278, 31.082], [-88.7241, 31.0951], [-88.7057, 31.1038], [-88.6955, 31.1008], [-88.6866, 31.0933], [-88.6793, 31.0918], [-88.6779, 31.0855], [-88.6707, 31.0807], [-88.6617, 31.0805], [-88.6539, 31.0773], [-88.6498, 31.0712], [-88.6473, 31.0739], [-88.638, 31.0719], [-88.6324, 31.0759], [-88.6308, 31.0846], [-88.6169, 31.0844], [-88.6126, 31.0878], [-88.592, 31.0881], [-88.5816, 31.0933], [-88.5777, 31.1007], [-88.5645, 31.1129], [-88.5633, 31.1164], [-88.5542, 31.1104], [-88.5476, 31.1143], [-88.5476, 31.1185], [-88.5413, 31.1199], [-88.5359, 31.1363], [-88.538, 31.1393], [-88.5374, 31.1482], [-88.5223, 31.1607], [-88.4628, 31.1717], [-88.4576, 31.1702], [-88.4516, 31.1589], [-88.4386, 31.1507], [-88.4335, 31.1428], [-88.4256, 30.9983], [-88.8409, 30.9984], [-88.841, 31.0772], [-88.8255, 31.0864]]]}}, {"type": "Feature", "properties": {"fips": "28043950102", "gap_national": 11.0, "gap_stratum": 1.0, "burden": 83.7, "capacity": 69.5, "svi": 0.38, "top_decile_gap": 0.0, "stratum": "micropolitan", "scored": 1}, "geometry": {"type": "Polygon", "coordinates": [[[-89.8046, 33.6791], [-89.7953, 33.6954], [-89.7914, 33.7136], [-89.7912, 33.721], [-89.7952, 33.7273], [-89.7942, 33.7323], [-89.7986, 33.738], [-89.7926, 33.7398], [-89.7889, 33.7457], [-89.7841, 33.7454], [-89.7869, 33.7563], [-89.7818, 33.7577], [-89.7852, 33.763], [-89.7812, 33.7715], [-89.7876, 33.774], [-89.7779, 33.7804], [-89.7523, 33.7792], [-89.6603, 33.7508], [-89.6463, 33.7507], [-89.6161, 33.7565], [-89.6141, 33.761], [-89.6185, 33.7731], [-89.6119, 33.7832], [-89.6149, 33.8193], [-89.6491, 33.8191], [-89.6684, 33.8292], [-89.7021, 33.825], [-89.7172, 33.8267], [-89.7173, 33.8671], [-89.5074, 33.8675], [-89.5069, 33.6776], [-89.8099, 33.6767], [-89.8046, 33.6791]]]}}, {"type": "Feature", "properties": {"fips": "28041950102", "gap_national": 71.0, "gap_stratum": 71.9, "burden": 85.8, "capacity": 26.2, "svi": 0.86, "top_decile_gap": 1.0, "stratum": "metropolitan", "scored": 1}, "geometry": {"type": "Polygon", "coordinates": [[[-88.6809, 31.417], [-88.675, 31.4245], [-88.6612, 31.4285], [-88.6601, 31.4341], [-88.4496, 31.4358], [-88.4335, 31.1428], [-88.4386, 31.1507], [-88.4516, 31.1589], [-88.4576, 31.1702], [-88.4628, 31.1717], [-88.5223, 31.1607], [-88.538, 31.1461], [-88.5477, 31.1503], [-88.5446, 31.1556], [-88.549, 31.1624], [-88.5588, 31.1625], [-88.5611, 31.1575], [-88.5814, 31.1701], [-88.5949, 31.1713], [-88.5978, 31.1746], [-88.6079, 31.1701], [-88.6168, 31.1709], [-88.6261, 31.167], [-88.6405, 31.1681], [-88.6468, 31.1717], [-88.6751, 31.1762], [-88.6787, 31.1992], [-88.6703, 31.2051], [-88.6669, 31.2119], [-88.6472, 31.2164], [-88.6422, 31.2236], [-88.639, 31.2228], [-88.6344, 31.2404], [-88.6286, 31.2431], [-88.629, 31.2603], [-88.6207, 31.2609], [-88.6109, 31.2679], [-88.6104, 31.272], [-88.6138, 31.2798], [-88.6207, 31.2853], [-88.6253, 31.3008], [-88.6297, 31.3057], [-88.6303, 31.315], [-88.6346, 31.316], [-88.6444, 31.3327], [-88.6604, 31.3521], [-88.6624, 31.3627], [-88.6607, 31.3686], [-88.6652, 31.3739], [-88.6678, 31.3735], [-88.6719, 31.3809], [-88.677, 31.3833], [-88.6798, 31.391], [-88.6848, 31.3958], [-88.688, 31.4129], [-88.6809, 31.417]]]}}, {"type": "Feature", "properties": {"fips": "28061950101", "gap_national": 17.8, "gap_stratum": 15.5, "burden": 90.6, "capacity": 69.0, "svi": 0.42, "top_decile_gap": 0.0, "stratum": "rural", "scored": 1}, "geometry": {"type": "Polygon", "coordinates": [[[-89.0682, 32.224], [-89.0621, 32.1997], [-89.0531, 32.1792], [-89.053, 32.1535], [-89.0573, 32.1493], [-89.0608, 32.132], [-89.0579, 32.1279], [-89.0579, 32.1203], [-89.0529, 32.1131], [-89.055, 32.1052], [-89.0473, 32.0915], [-89.0477, 32.0678], [-89.0402, 32.0622], [-89.0332, 32.0521], [-89.0339, 32.0441], [-89.0389, 32.0322], [-89.0372, 32.0304], [-89.0416, 32.0279], [-89.0589, 32.0278], [-89.0734, 32.0249], [-89.0865, 32.029], [-89.131, 32.028], [-89.1483, 32.0204], [-89.1531, 32.0149], [-89.1636, 32.0124], [-89.1858, 32.0161], [-89.1921, 32.0189], [-89.1978, 32.0259], [-89.2035, 32.0257], [-89.215, 32.0127], [-89.2211, 32.0107], [-89.2624, 32.0151], [-89.2691, 32.0219], [-89.2769, 32.0245], [-89.2873, 32.0236], [-89.2879, 32.0124], [-89.3222, 32.0199], [-89.3227, 32.2235], [-89.0682, 32.224]]]}}, {"type": "Feature", "properties": {"fips": "28061950102", "gap_national": 13.4, "gap_stratum": 11.7, "burden": 94.7, "capacity": 74.8, "svi": 0.2, "top_decile_gap": 0.0, "stratum": "rural", "scored": 1}, "geometry": {"type": "Polygon", "coordinates": [[[-88.9138, 32.2242], [-88.9128, 32.0425], [-88.931, 32.0338], [-88.9743, 32.0317], [-88.9996, 32.021], [-89.0221, 32.0213], [-89.0389, 32.0322], [-89.0339, 32.0441], [-89.0332, 32.0521], [-89.0402, 32.0622], [-89.0477, 32.0678], [-89.0473, 32.0915], [-89.055, 32.1052], [-89.0529, 32.1131], [-89.0579, 32.1203], [-89.0579, 32.1279], [-89.0608, 32.132], [-89.0573, 32.1493], [-89.053, 32.1535], [-89.0531, 32.1792], [-89.0621, 32.1997], [-89.0682, 32.224], [-88.9138, 32.2242]]]}}, {"type": "Feature", "properties": {"fips": "28073020502", "gap_national": 16.6, "gap_stratum": 22.0, "burden": 60.6, "capacity": 48.3, "svi": 0.32, "top_decile_gap": 0.0, "stratum": "metropolitan", "scored": 1}, "geometry": {"type": "Polygon", "coordinates": [[[-89.5527, 31.2937], [-89.5188, 31.3022], [-89.4929, 31.3056], [-89.472, 31.3129], [-89.4691, 31.2999], [-89.4708, 31.29], [-89.4659, 31.2789], [-89.4661, 31.2681], [-89.4627, 31.2557], [-89.4591, 31.2522], [-89.4591, 31.2383], [-89.4521, 31.2251], [-89.4507, 31.2177], [-89.4428, 31.2095], [-89.4442, 31.2025], [-89.4644, 31.1962], [-89.4671, 31.1893], [-89.4716, 31.1854], [-89.472, 31.1792], [-89.4903, 31.1928], [-89.4942, 31.1998], [-89.495, 31.2104], [-89.5082, 31.2124], [-89.514, 31.217], [-89.5422, 31.2188], [-89.546, 31.2286], [-89.5526, 31.2341], [-89.5548, 31.2435], [-89.5727, 31.2545], [-89.5817, 31.275], [-89.5846, 31.2905], [-89.5527, 31.2937]]]}}, {"type": "Feature", "properties": {"fips": "28073020205", "gap_national": -49.0, "gap_stratum": -41.1, "burden": 42.7, "capacity": 81.6, "svi": 0.33, "top_decile_gap": 0.0, "stratum": "metropolitan", "scored": 1}, "geometry": {"type": "Polygon", "coordinates": [[[-89.475, 31.3388], [-89.4632, 31.3494], [-89.454, 31.3487], [-89.4455, 31.3349], [-89.4385, 31.3316], [-89.4193, 31.3345], [-89.4223, 31.3464], [-89.399, 31.3465], [-89.3964, 31.3356], [-89.3996, 31.3253], [-89.4074, 31.324], [-89.4075, 31.3176], [-89.472, 31.3129], [-89.479, 31.3275], [-89.475, 31.3388]]]}}, {"type": "Feature", "properties": {"fips": "28073020204", "gap_national": -25.9, "gap_stratum": -20.8, "burden": 37.3, "capacity": 58.8, "svi": 0.34, "top_decile_gap": 0.0, "stratum": "metropolitan", "scored": 1}, "geometry": {"type": "Polygon", "coordinates": [[[-89.4527, 31.2905], [-89.446, 31.2887], [-89.4438, 31.2771], [-89.4391, 31.276], [-89.4351, 31.27], [-89.4315, 31.2692], [-89.4333, 31.2626], [-89.4302, 31.2613], [-89.4276, 31.2618], [-89.4211, 31.2716], [-89.4089, 31.2707], [-89.3825, 31.2737], [-89.3841, 31.2672], [-89.3905, 31.2624], [-89.3863, 31.2381], [-89.3894, 31.2351], [-89.4034, 31.2325], [-89.4106, 31.2226], [-89.4158, 31.2238], [-89.4174, 31.2292], [-89.446, 31.2133], [-89.4507, 31.2177], [-89.4521, 31.2251], [-89.4591, 31.2383], [-89.4591, 31.2522], [-89.4627, 31.2557], [-89.4661, 31.2681], [-89.4659, 31.2789], [-89.468, 31.2836], [-89.4527, 31.2905]]]}}, {"type": "Feature", "properties": {"fips": "28041950101", "gap_national": 7.9, "gap_stratum": -14.7, "burden": 66.0, "capacity": 58.5, "svi": 0.26, "top_decile_gap": 0.0, "stratum": "rural", "scored": 1}, "geometry": {"type": "Polygon", "coordinates": [[[-88.8417, 31.4337], [-88.6601, 31.4341], [-88.6612, 31.4285], [-88.675, 31.4245], [-88.6809, 31.417], [-88.6865, 31.4152], [-88.6873, 31.4026], [-88.677, 31.3833], [-88.6719, 31.3809], [-88.6678, 31.3735], [-88.6652, 31.3739], [-88.6607, 31.3686], [-88.6624, 31.3627], [-88.6604, 31.3521], [-88.6444, 31.3327], [-88.6346, 31.316], [-88.6303, 31.315], [-88.6297, 31.3057], [-88.6253, 31.3008], [-88.6207, 31.2853], [-88.6138, 31.2798], [-88.6104, 31.272], [-88.6109, 31.2679], [-88.6207, 31.2609], [-88.629, 31.2603], [-88.6286, 31.2431], [-88.6344, 31.2404], [-88.639, 31.2228], [-88.6422, 31.2236], [-88.6472, 31.2164], [-88.6669, 31.2119], [-88.6703, 31.2051], [-88.6787, 31.1992], [-88.6752, 31.1813], [-88.6764, 31.1782], [-88.6716, 31.1749], [-88.6736, 31.1715], [-88.6788, 31.1694], [-88.7001, 31.1736], [-88.7274, 31.1647], [-88.7467, 31.1688], [-88.7512, 31.1685], [-88.7548, 31.1647], [-88.7698, 31.1682], [-88.7905, 31.1675], [-88.8057, 31.1725], [-88.8073, 31.169], [-88.8177, 31.1748], [-88.8206, 31.1814], [-88.8207, 31.19], [-88.8397, 31.1949], [-88.8412, 31.1934], [-88.8417, 31.4337]]]}}, {"type": "Feature", "properties": {"fips": "28061950302", "gap_national": 15.3, "gap_stratum": 6.8, "burden": 85.6, "capacity": 67.6, "svi": 0.61, "top_decile_gap": 0.0, "stratum": "rural", "scored": 1}, "geometry": {"type": "Polygon", "coordinates": [[[-89.2583, 31.8762], [-89.2517, 31.8924], [-89.2558, 31.9125], [-89.2541, 31.9265], [-89.2623, 31.9446], [-89.2534, 31.9466], [-89.2535, 31.965], [-89.2578, 31.969], [-89.2469, 31.9617], [-89.2147, 31.963], [-89.2191, 31.9689], [-89.2183, 32.008], [-89.2035, 32.0257], [-89.1978, 32.0259], [-89.1921, 32.0189], [-89.1858, 32.0161], [-89.1687, 32.0124], [-89.1531, 32.0149], [-89.149, 32.0196], [-89.1449, 32.0093], [-89.1326, 31.9941], [-89.1313, 31.9888], [-89.1356, 31.9802], [-89.1329, 31.9714], [-89.127, 31.9676], [-89.1383, 31.9626], [-89.1567, 31.9604], [-89.155, 31.9499], [-89.1583, 31.9435], [-89.1557, 31.9351], [-89.1576, 31.9269], [-89.1545, 31.9229], [-89.1538, 31.9106], [-89.1485, 31.9096], [-89.1461, 31.9066], [-89.1492, 31.9036], [-89.1452, 31.8899], [-89.138, 31.8817], [-89.1384, 31.8778], [-89.1454, 31.8695], [-89.148, 31.8596], [-89.1465, 31.8532], [-89.1383, 31.8487], [-89.1377, 31.8323], [-89.127, 31.8135], [-89.2524, 31.806], [-89.2544, 31.8155], [-89.2621, 31.8254], [-89.2613, 31.8323], [-89.2557, 31.8386], [-89.2596, 31.8473], [-89.2567, 31.8514], [-89.2573, 31.8582], [-89.2629, 31.8631], [-89.2631, 31.8707], [-89.2583, 31.8762]]]}}, {"type": "Feature", "properties": {"fips": "28089030112", "gap_national": -8.9, "gap_stratum": -2.7, "burden": 49.2, "capacity": 56.7, "svi": 0.64, "top_decile_gap": 0.0, "stratum": "metropolitan", "scored": 1}, "geometry": {"type": "Polygon", "coordinates": [[[-90.1063, 32.414], [-90.1087, 32.3995], [-90.1156, 32.3995], [-90.1149, 32.409], [-90.1235, 32.4078], [-90.1235, 32.4141], [-90.1063, 32.414]]]}}, {"type": "Feature", "properties": {"fips": "28089030208", "gap_national": -57.6, "gap_stratum": -51.9, "burden": 29.5, "capacity": 75.0, "svi": 0.02, "top_decile_gap": 0.0, "stratum": "metropolitan", "scored": 1}, "geometry": {"type": "Polygon", "coordinates": [[[-90.0855, 32.5117], [-90.0718, 32.5171], [-89.9937, 32.5169], [-89.9775, 32.5271], [-89.9715, 32.5224], [-89.943, 32.5192], [-89.9398, 32.5137], [-89.9449, 32.5105], [-89.9456, 32.509], [-89.9411, 32.5083], [-89.9437, 32.506], [-89.9549, 32.5024], [-89.9606, 32.4914], [-89.9701, 32.4963], [-89.9747, 32.4933], [-89.9816, 32.4982], [-89.9847, 32.4876], [-89.9883, 32.4875], [-89.9928, 32.4828], [-89.9968, 32.4863], [-90.0025, 32.4859], [-90.0063, 32.4847], [-90.007, 32.4804], [-90.0103, 32.4791], [-90.0254, 32.4844], [-90.0321, 32.4766], [-90.0606, 32.4646], [-90.0821, 32.4652], [-90.0821, 32.475], [-90.0847, 32.4776], [-90.0924, 32.4749], [-90.0976, 32.48], [-90.1018, 32.48], [-90.0855, 32.5117]]]}}, {"type": "Feature", "properties": {"fips": "28089030501", "gap_national": 57.1, "gap_stratum": 54.5, "burden": 99.8, "capacity": 46.4, "svi": 0.99, "top_decile_gap": 1.0, "stratum": "metropolitan", "scored": 1}, "geometry": {"type": "Polygon", "coordinates": [[[-90.0467, 32.6126], [-90.0464, 32.6237], [-90.0382, 32.6237], [-90.0419, 32.6068], [-90.0488, 32.593], [-90.0514, 32.5962], [-90.0533, 32.5948], [-90.0563, 32.5997], [-90.0581, 32.5985], [-90.0624, 32.6018], [-90.0601, 32.6026], [-90.0628, 32.6082], [-90.0467, 32.6126]]]}}, {"type": "Feature", "properties": {"fips": "28095950202", "gap_national": 35.9, "gap_stratum": 35.9, "burden": 94.2, "capacity": 58.5, "svi": 0.64, "top_decile_gap": 0.0, "stratum": "micropolitan", "scored": 1}, "geometry": {"type": "Polygon", "coordinates": [[[-88.7187, 34.0893], [-88.3998, 34.0875], [-88.4046, 34.0779], [-88.4191, 34.0655], [-88.4194, 34.0614], [-88.416, 34.0592], [-88.4439, 34.0303], [-88.4604, 34.0222], [-88.4766, 34.0054], [-88.4776, 34.0077], [-88.4751, 34.0123], [-88.4884, 34.0115], [-88.5147, 33.9895], [-88.5203, 33.9812], [-88.5511, 33.9854], [-88.5495, 33.989], [-88.5444, 33.9903], [-88.5447, 33.9953], [-88.5626, 33.9979], [-88.5662, 34.0037], [-88.5601, 34.0055], [-88.5621, 34.0088], [-88.5609, 34.0128], [-88.5585, 34.0123], [-88.5533, 34.0171], [-88.5558, 34.0194], [-88.5556, 34.0237], [-88.5688, 34.0245], [-88.5727, 34.0215], [-88.5722, 34.0174], [-88.5943, 34.0087], [-88.6321, 34.0113], [-88.6312, 34.003], [-88.6273, 33.9972], [-88.6564, 34.0012], [-88.7199, 34.0012], [-88.7187, 34.0893]]]}}, {"type": "Feature", "properties": {"fips": "28095950102", "gap_national": -9.7, "gap_stratum": -47.9, "burden": 68.0, "capacity": 72.4, "svi": 0.15, "top_decile_gap": 0.0, "stratum": "small_town", "scored": 1}, "geometry": {"type": "Polygon", "coordinates": [[[-88.4612, 33.9662], [-88.4579, 33.9656], [-88.4605, 33.9686], [-88.4382, 33.9757], [-88.4404, 33.9772], [-88.4428, 33.9906], [-88.4295, 33.991], [-88.4296, 33.9946], [-88.4267, 33.9955], [-88.4275, 34.0014], [-88.4202, 34.0061], [-88.4124, 34.0244], [-88.3714, 34.0266], [-88.3657, 34.0298], [-88.3648, 34.0354], [-88.3617, 34.0368], [-88.3539, 34.0393], [-88.3461, 34.0377], [-88.3413, 34.0417], [-88.3352, 34.0429], [-88.3263, 34.0359], [-88.3271, 34.0157], [-88.3305, 34.0121], [-88.3211, 34.0094], [-88.3192, 34.0051], [-88.3228, 33.9936], [-88.3188, 33.9877], [-88.3248, 33.9837], [-88.3199, 33.9819], [-88.3103, 33.9634], [-88.3085, 33.9556], [-88.3107, 33.9458], [-88.3097, 33.9428], [-88.305, 33.9407], [-88.306, 33.9368], [-88.3105, 33.9357], [-88.3123, 33.9261], [-88.3243, 33.9212], [-88.3388, 33.9233], [-88.3494, 33.9212], [-88.3549, 33.9146], [-88.3739, 33.9217], [-88.4046, 33.9412], [-88.4177, 33.9354], [-88.4175, 33.9336], [-88.4421, 33.935], [-88.4615, 33.9488], [-88.4695, 33.9586], [-88.4612, 33.9662]]]}}, {"type": "Feature", "properties": {"fips": "28113950502", "gap_national": 22.8, "gap_stratum": 21.0, "burden": 97.2, "capacity": 68.7, "svi": 0.75, "top_decile_gap": 0.0, "stratum": "micropolitan", "scored": 1}, "geometry": {"type": "Polygon", "coordinates": [[[-90.5283, 31.2257], [-90.5228, 31.2307], [-90.5147, 31.2328], [-90.4906, 31.2328], [-90.4813, 31.2379], [-90.4831, 31.221], [-90.4495, 31.231], [-90.4471, 31.2033], [-90.4296, 31.204], [-90.4298, 31.1936], [-90.4334, 31.1939], [-90.4339, 31.1895], [-90.4367, 31.1889], [-90.4959, 31.1893], [-90.4971, 31.1919], [-90.5111, 31.1886], [-90.5211, 31.1798], [-90.5234, 31.1745], [-90.5288, 31.1748], [-90.5255, 31.1592], [-90.5217, 31.1546], [-90.521, 31.1459], [-90.5178, 31.1438], [-90.5269, 31.1404], [-90.5363, 31.128], [-90.5452, 31.129], [-90.548, 31.131], [-90.5484, 31.2234], [-90.5283, 31.2257]]]}}, {"type": "Feature", "properties": {"fips": "28113950601", "gap_national": 27.1, "gap_stratum": 25.3, "burden": 96.1, "capacity": 65.2, "svi": 0.91, "top_decile_gap": 0.0, "stratum": "micropolitan", "scored": 1}, "geometry": {"type": "Polygon", "coordinates": [[[-90.5269, 31.1404], [-90.5178, 31.1438], [-90.521, 31.1459], [-90.5217, 31.1546], [-90.5255, 31.1592], [-90.5288, 31.1748], [-90.5234, 31.1745], [-90.5211, 31.1798], [-90.5111, 31.1886], [-90.4971, 31.1919], [-90.4959, 31.1893], [-90.4339, 31.1895], [-90.4365, 31.1839], [-90.4342, 31.1817], [-90.4391, 31.1777], [-90.4446, 31.1574], [-90.4501, 31.1562], [-90.4529, 31.1509], [-90.4514, 31.1491], [-90.4564, 31.1426], [-90.4615, 31.1445], [-90.4794, 31.1129], [-90.4811, 31.1141], [-90.479, 31.1162], [-90.4915, 31.1186], [-90.5004, 31.1173], [-90.5109, 31.1274], [-90.517, 31.1265], [-90.5205, 31.1291], [-90.534, 31.1294], [-90.5269, 31.1404]]]}}, {"type": "Feature", "properties": {"fips": "28113950602", "gap_national": 36.9, "gap_stratum": 37.8, "burden": 98.8, "capacity": 59.6, "svi": 0.69, "top_decile_gap": 0.0, "stratum": "micropolitan", "scored": 1}, "geometry": {"type": "Polygon", "coordinates": [[[-90.4615, 31.1445], [-90.4564, 31.1426], [-90.4514, 31.1491], [-90.4529, 31.1509], [-90.4501, 31.1562], [-90.4446, 31.1574], [-90.4391, 31.1777], [-90.4342, 31.1817], [-90.4365, 31.1839], [-90.4339, 31.1865], [-90.4334, 31.1939], [-90.4127, 31.1931], [-90.4125, 31.1898], [-90.3782, 31.1941], [-90.3603, 31.1819], [-90.331, 31.1832], [-90.3114, 31.1757], [-90.2728, 31.1743], [-90.2605, 31.1683], [-90.2598, 31.0729], [-90.2697, 31.0856], [-90.2847, 31.0981], [-90.2892, 31.0959], [-90.3085, 31.098], [-90.3444, 31.1148], [-90.3556, 31.115], [-90.3625, 31.1175], [-90.3845, 31.0876], [-90.4408, 31.0873], [-90.4464, 31.1013], [-90.4701, 31.098], [-90.4732, 31.1003], [-90.4749, 31.1098], [-90.4772, 31.1094], [-90.4763, 31.1132], [-90.4794, 31.1129], [-90.4615, 31.1445]]]}}, {"type": "Feature", "properties": {"fips": "28117950301", "gap_national": 31.8, "gap_stratum": 1.9, "burden": 53.6, "capacity": 29.6, "svi": 0.78, "top_decile_gap": 0.0, "stratum": "small_town", "scored": 1}, "geometry": {"type": "Polygon", "coordinates": [[[-88.5489, 34.685], [-88.5516, 34.68], [-88.5354, 34.6794], [-88.5353, 34.672], [-88.5404, 34.6656], [-88.5374, 34.6638], [-88.5417, 34.6535], [-88.5668, 34.6545], [-88.5641, 34.669], [-88.5692, 34.669], [-88.5726, 34.6835], [-88.5765, 34.6839], [-88.5489, 34.685]]]}}, {"type": "Feature", "properties": {"fips": "28131020204", "gap_national": 26.8, "gap_stratum": 29.4, "burden": 88.9, "capacity": 61.7, "svi": 0.81, "top_decile_gap": 0.0, "stratum": "rural", "scored": 1}, "geometry": {"type": "Polygon", "coordinates": [[[-88.885, 30.9108], [-88.8846, 30.795], [-88.8952, 30.795], [-88.9078, 30.7882], [-88.9164, 30.789], [-88.9234, 30.8037], [-88.9408, 30.8149], [-88.9504, 30.8169], [-88.9536, 30.8219], [-88.9615, 30.8266], [-88.9698, 30.8293], [-88.9738, 30.838], [-88.9941, 30.85], [-88.9967, 30.8555], [-89.0099, 30.8553], [-89.0396, 30.8479], [-89.0399, 30.8423], [-89.0521, 30.8116], [-89.0655, 30.785], [-89.0574, 30.7704], [-89.0799, 30.7742], [-89.0949, 30.7802], [-89.0964, 30.7781], [-89.1019, 30.7817], [-89.1077, 30.7791], [-89.1137, 30.7845], [-89.1214, 30.7828], [-89.1326, 30.7924], [-89.1362, 30.7924], [-89.1367, 30.8261], [-89.1271, 30.8262], [-89.124, 30.8189], [-89.1138, 30.8184], [-89.1004, 30.8113], [-89.0957, 30.8122], [-89.1051, 30.8274], [-89.1041, 30.8336], [-89.1075, 30.8371], [-89.121, 30.8374], [-89.1212, 30.8625], [-89.1155, 30.8657], [-89.1199, 30.8697], [-89.1315, 30.8743], [-89.1336, 30.8788], [-89.1444, 30.8866], [-89.1644, 30.8831], [-89.1711, 30.9099], [-88.885, 30.9108]]]}}, {"type": "Feature", "properties": {"fips": "28131020205", "gap_national": 28.1, "gap_stratum": 34.2, "burden": 54.3, "capacity": 33.7, "svi": 0.58, "top_decile_gap": 0.0, "stratum": "metropolitan", "scored": 1}, "geometry": {"type": "Polygon", "coordinates": [[[-89.3413, 30.786], [-89.3358, 30.7887], [-89.3318, 30.7966], [-89.3152, 30.8022], [-89.3118, 30.8094], [-89.314, 30.8207], [-89.3035, 30.8179], [-89.295, 30.8078], [-89.2827, 30.7999], [-89.2608, 30.7984], [-89.252, 30.7947], [-89.2464, 30.7875], [-89.232, 30.7894], [-89.1812, 30.7877], [-89.173, 30.7824], [-89.1626, 30.7808], [-89.1556, 30.7836], [-89.1436, 30.784], [-89.1398, 30.781], [-89.1361, 30.7846], [-89.1344, 30.677], [-89.2401, 30.6772], [-89.2401, 30.6476], [-89.3414, 30.6477], [-89.3413, 30.786]]]}}, {"type": "Feature", "properties": {"fips": "28011950601", "gap_national": -9.7, "gap_stratum": -36.0, "burden": 46.1, "capacity": 54.8, "svi": 0.45, "top_decile_gap": 0.0, "stratum": "micropolitan", "scored": 1}, "geometry": {"type": "Polygon", "coordinates": [[[-90.7405, 33.733], [-90.7405, 33.7364], [-90.7351, 33.7354], [-90.7333, 33.7373], [-90.7337, 33.7476], [-90.7236, 33.7478], [-90.7231, 33.7424], [-90.73, 33.7185], [-90.7631, 33.7185], [-90.763, 33.7331], [-90.7405, 33.733]]]}}, {"type": "Feature", "properties": {"fips": "28105950101", "gap_national": 1.6, "gap_stratum": -13.2, "burden": 27.3, "capacity": 29.4, "svi": 0.58, "top_decile_gap": 0.0, "stratum": "micropolitan", "scored": 1}, "geometry": {"type": "Polygon", "coordinates": [[[-88.8211, 33.5425], [-88.7922, 33.5621], [-88.7731, 33.5632], [-88.7706, 33.5652], [-88.7328, 33.5652], [-88.7282, 33.5642], [-88.7302, 33.5623], [-88.7246, 33.5638], [-88.7254, 33.5619], [-88.7101, 33.559], [-88.6997, 33.5612], [-88.6947, 33.5652], [-88.6715, 33.5651], [-88.6705, 33.426], [-88.7762, 33.4259], [-88.7767, 33.438], [-88.793, 33.4469], [-88.7849, 33.4471], [-88.7849, 33.4494], [-88.7911, 33.4511], [-88.7967, 33.4564], [-88.7959, 33.4586], [-88.785, 33.4559], [-88.7798, 33.4583], [-88.7751, 33.457], [-88.7725, 33.4532], [-88.7687, 33.4542], [-88.7686, 33.4473], [-88.7389, 33.4473], [-88.7331, 33.4443], [-88.7326, 33.4403], [-88.6975, 33.4404], [-88.6976, 33.4477], [-88.7064, 33.4547], [-88.7067, 33.4988], [-88.7153, 33.4991], [-88.7155, 33.5062], [-88.7197, 33.5064], [-88.72, 33.5144], [-88.7378, 33.5063], [-88.7617, 33.5061], [-88.7679, 33.5038], [-88.7711, 33.4992], [-88.7802, 33.498], [-88.7971, 33.4863], [-88.8103, 33.4904], [-88.8103, 33.504], [-88.8296, 33.5024], [-88.8411, 33.5203], [-88.8211, 33.5425]]]}}, {"type": "Feature", "properties": {"fips": "28067950202", "gap_national": 6.1, "gap_stratum": -3.9, "burden": 84.6, "capacity": 74.0, "svi": 0.25, "top_decile_gap": 0.0, "stratum": "micropolitan", "scored": 1}, "geometry": {"type": "Polygon", "coordinates": [[[-89.2378, 31.8066], [-89.2323, 31.7939], [-89.2208, 31.7843], [-89.2191, 31.7777], [-89.2261, 31.7737], [-89.219, 31.7624], [-89.2296, 31.7552], [-89.2386, 31.755], [-89.2361, 31.7443], [-89.2318, 31.7405], [-89.2331, 31.733], [-89.2292, 31.7281], [-89.2457, 31.7278], [-89.2525, 31.7245], [-89.2618, 31.728], [-89.2671, 31.7265], [-89.2745, 31.7295], [-89.2826, 31.7296], [-89.2856, 31.7363], [-89.2925, 31.7427], [-89.2979, 31.7403], [-89.3097, 31.7448], [-89.3167, 31.7419], [-89.3274, 31.7435], [-89.3379, 31.7488], [-89.3396, 31.7455], [-89.3472, 31.7432], [-89.3474, 31.7476], [-89.356, 31.7537], [-89.3711, 31.7512], [-89.3773, 31.7561], [-89.3854, 31.7574], [-89.391, 31.7526], [-89.392, 31.7454], [-89.4009, 31.7531], [-89.4012, 31.7969], [-89.2378, 31.8066]]]}}, {"type": "Feature", "properties": {"fips": "28097950302", "gap_national": 34.8, "gap_stratum": 47.1, "burden": 98.2, "capacity": 60.7, "svi": 0.89, "top_decile_gap": 0.0, "stratum": "rural", "scored": 1}, "geometry": {"type": "Polygon", "coordinates": [[[-89.7254, 33.5053], [-89.7209, 33.5019], [-89.7194, 33.4972], [-89.6779, 33.479], [-89.6792, 33.4751], [-89.6981, 33.4699], [-89.7057, 33.4585], [-89.7111, 33.4604], [-89.7248, 33.4768], [-89.7357, 33.4779], [-89.7366, 33.5083], [-89.7254, 33.5053]]]}}, {"type": "Feature", "properties": {"fips": "28067950801", "gap_national": -6.7, "gap_stratum": -29.6, "burden": 69.6, "capacity": 71.6, "svi": 0.23, "top_decile_gap": 0.0, "stratum": "micropolitan", "scored": 1}, "geometry": {"type": "Polygon", "coordinates": [[[-89.0897, 31.6988], [-89.093, 31.7079], [-89.0905, 31.7184], [-89.0865, 31.723], [-89.0458, 31.7278], [-89.0041, 31.7396], [-88.9887, 31.7246], [-88.9773, 31.7349], [-88.9695, 31.7378], [-88.9532, 31.7497], [-88.948, 31.7561], [-88.9432, 31.7545], [-88.943, 31.663], [-88.955, 31.6661], [-88.9608, 31.6622], [-88.9798, 31.6644], [-89.0007, 31.6583], [-89.0183, 31.66], [-89.0282, 31.6579], [-89.039, 31.6502], [-89.0461, 31.6613], [-89.0405, 31.6993], [-89.0928, 31.6958], [-89.0897, 31.6988]]]}}, {"type": "Feature", "properties": {"fips": "28137950201", "gap_national": -36.9, "gap_stratum": -28.2, "burden": 53.2, "capacity": 81.6, "svi": 0.32, "top_decile_gap": 0.0, "stratum": "metropolitan", "scored": 1}, "geometry": {"type": "Polygon", "coordinates": [[[-89.9294, 34.6321], [-89.9109, 34.6329], [-89.8911, 34.6306], [-89.8604, 34.6446], [-89.8104, 34.6414], [-89.8114, 34.6192], [-89.8213, 34.6166], [-89.8114, 34.6055], [-89.8127, 34.6002], [-89.8203, 34.5976], [-89.8103, 34.5976], [-89.81, 34.5908], [-89.8103, 34.5798], [-89.8127, 34.5767], [-89.8169, 34.5786], [-89.8205, 34.5684], [-89.8098, 34.5684], [-89.8097, 34.5538], [-89.9372, 34.5537], [-89.9464, 34.5769], [-89.948, 34.6072], [-89.9557, 34.6375], [-89.9294, 34.6321]]]}}, {"type": "Feature", "properties": {"fips": "28015950100", "gap_national": 19.6, "gap_stratum": 14.0, "burden": 88.8, "capacity": 66.7, "svi": 0.63, "top_decile_gap": 0.0, "stratum": "micropolitan", "scored": 1}, "geometry": {"type": "Polygon", "coordinates": [[[-90.1247, 33.6078], [-90.1169, 33.6041], [-90.1145, 33.6099], [-90.1079, 33.6063], [-90.1046, 33.6174], [-90.1087, 33.6335], [-90.1049, 33.6392], [-90.1018, 33.6509], [-90.1082, 33.6542], [-90.1047, 33.6565], [-90.1038, 33.662], [-90.1177, 33.6618], [-90.1203, 33.6643], [-90.1192, 33.6665], [-90.122, 33.6676], [-90.1197, 33.6677], [-90.1223, 33.6737], [-90.1285, 33.6744], [-90.1256, 33.676], [-90.1278, 33.677], [-89.7869, 33.6767], [-89.7852, 33.4867], [-89.9208, 33.4979], [-89.923, 33.4908], [-89.9559, 33.4619], [-89.9618, 33.4667], [-89.9678, 33.4638], [-89.9719, 33.4694], [-89.9833, 33.4683], [-89.9889, 33.4702], [-89.9953, 33.4672], [-89.9966, 33.4714], [-90.0024, 33.4754], [-90.01, 33.4724], [-90.0092, 33.4781], [-90.0138, 33.4805], [-90.0193, 33.4751], [-90.0276, 33.4785], [-90.0348, 33.4775], [-90.0399, 33.4869], [-90.0421, 33.4872], [-90.0421, 33.4833], [-90.0449, 33.4835], [-90.0476, 33.491], [-90.0531, 33.4889], [-90.0576, 33.4952], [-90.0624, 33.4951], [-90.0682, 33.5026], [-90.0838, 33.5075], [-90.0952, 33.5035], [-90.1016, 33.4871], [-90.102, 33.6038], [-90.1303, 33.6039], [-90.1247, 33.6078]]]}}, {"type": "Feature", "properties": {"fips": "28027950400", "gap_national": 26.0, "gap_stratum": 23.9, "burden": 94.7, "capacity": 65.4, "svi": 0.94, "top_decile_gap": 0.0, "stratum": "micropolitan", "scored": 1}, "geometry": {"type": "Polygon", "coordinates": [[[-90.6067, 34.2108], [-90.6055, 34.2162], [-90.6013, 34.2191], [-90.5747, 34.219], [-90.5718, 34.2173], [-90.5432, 34.2189], [-90.5442, 34.2144], [-90.5392, 34.2128], [-90.5401, 34.2101], [-90.5664, 34.1991], [-90.569, 34.2052], [-90.5829, 34.2027], [-90.6067, 34.2043], [-90.6088, 34.2111], [-90.6067, 34.2108]]]}}, {"type": "Feature", "properties": {"fips": "28007060500", "gap_national": 31.6, "gap_stratum": 30.4, "burden": 92.0, "capacity": 60.3, "svi": 0.66, "top_decile_gap": 0.0, "stratum": "small_town", "scored": 1}, "geometry": {"type": "Polygon", "coordinates": [[[-89.5932, 33.0524], [-89.5874, 33.0561], [-89.5876, 33.0642], [-89.5802, 33.0785], [-89.5542, 33.0788], [-89.5545, 33.0697], [-89.5469, 33.0696], [-89.5851, 33.0321], [-89.594, 33.0398], [-89.5932, 33.0524]]]}}, {"type": "Feature", "properties": {"fips": "28007060300", "gap_national": 6.6, "gap_stratum": -9.6, "burden": 87.6, "capacity": 75.9, "svi": 0.7, "top_decile_gap": 0.0, "stratum": "small_town", "scored": 1}, "geometry": {"type": "Polygon", "coordinates": [[[-89.9629, 32.8821], [-89.9598, 32.8866], [-89.9613, 32.8886], [-89.9575, 32.8917], [-89.9518, 32.8898], [-89.9407, 32.8935], [-89.9419, 32.8956], [-89.9382, 32.8973], [-89.9363, 32.895], [-89.9334, 32.8965], [-89.938, 32.9043], [-89.9284, 32.9094], [-89.9255, 32.9083], [-89.9258, 32.9103], [-89.9224, 32.9117], [-89.9205, 32.9098], [-89.9178, 32.9116], [-89.9198, 32.9132], [-89.9151, 32.9168], [-89.9182, 32.9229], [-89.9151, 32.9223], [-89.9161, 32.9249], [-89.9132, 32.9266], [-89.9064, 32.9257], [-89.8964, 32.9326], [-89.8985, 32.9353], [-89.8955, 32.936], [-89.8983, 32.9373], [-89.8991, 32.9439], [-89.893, 32.9459], [-89.8959, 32.9487], [-89.8882, 32.959], [-89.8932, 32.9608], [-89.8942, 32.9648], [-89.8922, 32.9645], [-89.8883, 32.9724], [-89.8852, 32.9716], [-89.8837, 32.974], [-89.8883, 32.9806], [-89.885, 32.9826], [-89.8867, 32.9844], [-89.8841, 32.9887], [-89.8813, 32.9885], [-89.8777, 32.993], [-89.8815, 32.9989], [-89.8736, 33.001], [-89.8675, 33.0078], [-89.8679, 33.0105], [-89.8583, 33.0148], [-89.8557, 33.0181], [-89.8579, 33.0188], [-89.8567, 33.0212], [-89.8364, 33.04], [-89.84, 33.0462], [-89.8382, 33.0467], [-89.8401, 33.0479], [-89.8379, 33.0531], [-89.8401, 33.0516], [-89.839, 33.0561], [-89.8416, 33.0583], [-89.8334, 33.0624], [-89.8237, 33.0558], [-89.8192, 33.0603], [-89.8182, 33.0702], [-89.8102, 33.0752], [-89.7977, 33.0701], [-89.7918, 33.0633], [-89.7872, 33.0627], [-89.7184, 33.0631], [-89.7085, 33.0597], [-89.7058, 33.0624], [-89.698, 33.0611], [-89.6763, 33.0641], [-89.6595, 33.0585], [-89.6535, 33.0535], [-89.6437, 33.0581], [-89.6304, 33.0575], [-89.6197, 33.0508], [-89.6221, 33.0484], [-89.6095, 33.0472], [-89.6059, 33.0386], [-89.6002, 33.0348], [-89.6107, 33.0082], [-89.6111, 32.9884], [-89.6168, 32.9815], [-89.6189, 32.9379], [-89.6229, 32.9301], [-89.7302, 32.9299], [-89.73, 32.8851], [-89.8404, 32.8854], [-89.8395, 32.8797], [-89.9659, 32.8796], [-89.9629, 32.8821]]]}}, {"type": "Feature", "properties": {"fips": "28079040500", "gap_national": 16.1, "gap_stratum": 18.0, "burden": 86.5, "capacity": 67.7, "svi": 0.69, "top_decile_gap": 0.0, "stratum": "metropolitan", "scored": 1}, "geometry": {"type": "Polygon", "coordinates": [[[-89.7301, 32.6973], [-89.7056, 32.7057], [-89.6927, 32.7073], [-89.6177, 32.7032], [-89.5876, 32.7136], [-89.5862, 32.7107], [-89.5822, 32.7117], [-89.582, 32.7028], [-89.5751, 32.7004], [-89.5718, 32.6953], [-89.5669, 32.6984], [-89.5615, 32.6955], [-89.5548, 32.6994], [-89.5463, 32.6981], [-89.5407, 32.7016], [-89.5384, 32.7094], [-89.5312, 32.7113], [-89.5329, 32.7075], [-89.5292, 32.7057], [-89.5264, 32.7072], [-89.4632, 32.6093], [-89.4611, 32.6026], [-89.4679, 32.5764], [-89.7302, 32.5772], [-89.7301, 32.6973]]]}}, {"type": "Feature", "properties": {"fips": "28079040100", "gap_national": 6.9, "gap_stratum": -11.8, "burden": 79.2, "capacity": 69.1, "svi": 0.34, "top_decile_gap": 0.0, "stratum": "rural", "scored": 1}, "geometry": {"type": "Polygon", "coordinates": [[[-89.3192, 32.9317], [-89.3186, 32.7919], [-89.3383, 32.7999], [-89.3793, 32.7907], [-89.3985, 32.7899], [-89.4209, 32.7834], [-89.4442, 32.7672], [-89.4949, 32.7475], [-89.4957, 32.7516], [-89.5014, 32.751], [-89.507, 32.7624], [-89.5046, 32.768], [-89.5074, 32.776], [-89.5058, 32.7891], [-89.5234, 32.7761], [-89.5292, 32.7884], [-89.528, 32.8031], [-89.5305, 32.8063], [-89.5351, 32.8052], [-89.541, 32.8074], [-89.5335, 32.8744], [-89.5484, 32.9308], [-89.3192, 32.9317]]]}}, {"type": "Feature", "properties": {"fips": "28097950100", "gap_national": 6.8, "gap_stratum": -0.1, "burden": 90.4, "capacity": 77.9, "svi": 0.4, "top_decile_gap": 0.0, "stratum": "micropolitan", "scored": 1}, "geometry": {"type": "Polygon", "coordinates": [[[-89.5069, 33.6776], [-89.5065, 33.4598], [-89.4978, 33.4601], [-89.5018, 33.4572], [-89.5019, 33.4389], [-89.5509, 33.439], [-89.5707, 33.4548], [-89.5934, 33.4584], [-89.6206, 33.4744], [-89.6427, 33.4734], [-89.6583, 33.4779], [-89.6846, 33.4809], [-89.7194, 33.4972], [-89.7209, 33.5019], [-89.7254, 33.5053], [-89.7366, 33.5083], [-89.7362, 33.5247], [-89.732, 33.5338], [-89.7349, 33.5417], [-89.7417, 33.5438], [-89.7441, 33.5521], [-89.7588, 33.5566], [-89.7636, 33.5526], [-89.7669, 33.5545], [-89.7739, 33.5525], [-89.7793, 33.548], [-89.7813, 33.5415], [-89.7857, 33.5431], [-89.7869, 33.6767], [-89.5069, 33.6776]]]}}, {"type": "Feature", "properties": {"fips": "28119950100", "gap_national": 29.5, "gap_stratum": 28.8, "burden": 97.9, "capacity": 64.2, "svi": 0.89, "top_decile_gap": 0.0, "stratum": "metropolitan", "scored": 1}, "geometry": {"type": "Polygon", "coordinates": [[[-90.399, 34.2615], [-90.3994, 34.4073], [-90.3975, 34.4226], [-90.3995, 34.4238], [-90.3019, 34.4245], [-90.3043, 34.5096], [-90.1985, 34.5111], [-90.1976, 34.3403], [-90.1934, 34.3403], [-90.1941, 34.3014], [-90.1667, 34.2852], [-90.2193, 34.2839], [-90.2622, 34.2607], [-90.3075, 34.2649], [-90.3203, 34.2642], [-90.4508, 34.2233], [-90.4506, 34.2624], [-90.399, 34.2615]]]}}, {"type": "Feature", "properties": {"fips": "28133950401", "gap_national": -8.8, "gap_stratum": -43.0, "burden": 74.3, "capacity": 77.9, "svi": 0.52, "top_decile_gap": 0.0, "stratum": "small_town", "scored": 1}, "geometry": {"type": "Polygon", "coordinates": [[[-90.6584, 33.458], [-90.6598, 33.47], [-90.6479, 33.4714], [-90.6446, 33.4687], [-90.6336, 33.4691], [-90.6208, 33.473], [-90.6186, 33.4789], [-90.6081, 33.4788], [-90.6325, 33.4579], [-90.625, 33.4585], [-90.6251, 33.4461], [-90.6214, 33.4425], [-90.6673, 33.4522], [-90.6675, 33.4568], [-90.6584, 33.458]]]}}, {"type": "Feature", "properties": {"fips": "28133950500", "gap_national": 49.9, "gap_stratum": 56.0, "burden": 92.4, "capacity": 48.2, "svi": 0.94, "top_decile_gap": 0.0, "stratum": "small_town", "scored": 1}, "geometry": {"type": "Polygon", "coordinates": [[[-90.5995, 33.4137], [-90.5826, 33.4239], [-90.5884, 33.4231], [-90.5916, 33.4271], [-90.5799, 33.431], [-90.5722, 33.4377], [-90.5787, 33.4455], [-90.5778, 33.4498], [-90.5742, 33.4554], [-90.564, 33.4592], [-90.5625, 33.4622], [-90.4527, 33.4613], [-90.4532, 33.3295], [-90.5555, 33.3292], [-90.5552, 33.2705], [-90.5889, 33.2706], [-90.5897, 33.3411], [-90.5793, 33.3455], [-90.564, 33.3478], [-90.5728, 33.3567], [-90.5722, 33.36], [-90.5648, 33.3645], [-90.5632, 33.3713], [-90.5677, 33.371], [-90.5682, 33.3745], [-90.5759, 33.3763], [-90.5812, 33.3697], [-90.59, 33.373], [-90.5917, 33.3783], [-90.6019, 33.3867], [-90.5995, 33.4137]]]}}, {"type": "Feature", "properties": {"fips": "28159950100", "gap_national": 8.4, "gap_stratum": -5.5, "burden": 83.8, "capacity": 71.5, "svi": 0.71, "top_decile_gap": 0.0, "stratum": "rural", "scored": 1}, "geometry": {"type": "Polygon", "coordinates": [[[-89.1089, 33.1981], [-89.1089, 33.2859], [-88.8131, 33.2864], [-88.8136, 33.0518], [-88.8174, 33.0476], [-88.8227, 33.0462], [-88.8352, 33.0497], [-88.8393, 33.0547], [-88.8541, 33.0547], [-88.8579, 33.0457], [-88.8717, 33.0408], [-88.8779, 33.0424], [-88.8878, 33.0502], [-88.9093, 33.05], [-88.9264, 33.0623], [-88.9322, 33.0575], [-88.9394, 33.0576], [-88.9687, 33.066], [-88.9838, 33.0672], [-88.9933, 33.0777], [-89.0036, 33.0837], [-88.9926, 33.0927], [-88.9865, 33.0928], [-88.991, 33.0957], [-88.9911, 33.1058], [-89.0227, 33.1246], [-89.014, 33.1305], [-88.9957, 33.1306], [-89.0066, 33.1392], [-89.0107, 33.1513], [-89.023, 33.1481], [-89.0232, 33.1529], [-89.0309, 33.1522], [-89.0393, 33.1458], [-89.0424, 33.1487], [-89.0371, 33.1548], [-89.0364, 33.1611], [-89.0454, 33.1601], [-89.045, 33.1661], [-89.0484, 33.1642], [-89.0656, 33.1648], [-89.0706, 33.1681], [-89.0738, 33.1649], [-89.0856, 33.1693], [-89.0944, 33.1644], [-89.0986, 33.1651], [-89.1119, 33.1724], [-89.1228, 33.1914], [-89.1289, 33.1977], [-89.1089, 33.1981]]]}}, {"type": "Feature", "properties": {"fips": "28159950300", "gap_national": 35.4, "gap_stratum": 48.3, "burden": 97.7, "capacity": 60.2, "svi": 0.92, "top_decile_gap": 0.0, "stratum": "rural", "scored": 1}, "geometry": {"type": "Polygon", "coordinates": [[[-89.0899, 33.1111], [-89.096, 33.1157], [-89.0964, 33.1244], [-89.1034, 33.1246], [-89.1024, 33.1338], [-89.0966, 33.1435], [-89.0891, 33.1468], [-89.0865, 33.1456], [-89.0881, 33.1589], [-89.0986, 33.1651], [-89.0944, 33.1644], [-89.0856, 33.1693], [-89.0738, 33.1649], [-89.0706, 33.1681], [-89.0656, 33.1648], [-89.0484, 33.1642], [-89.045, 33.1661], [-89.0454, 33.1601], [-89.054, 33.1528], [-89.0531, 33.1318], [-89.0477, 33.1318], [-89.053, 33.1254], [-89.0531, 33.1167], [-89.0467, 33.1153], [-89.0405, 33.1102], [-89.0556, 33.11], [-89.0618, 33.0943], [-89.0649, 33.0723], [-89.0721, 33.0724], [-89.0842, 33.0784], [-89.086, 33.0815], [-89.0929, 33.0818], [-89.1016, 33.0944], [-89.1101, 33.0947], [-89.0899, 33.1111]]]}}, {"type": "Feature", "properties": {"fips": "28019950300", "gap_national": 21.2, "gap_stratum": 16.5, "burden": 89.8, "capacity": 66.1, "svi": 0.9, "top_decile_gap": 0.0, "stratum": "micropolitan", "scored": 1}, "geometry": {"type": "Polygon", "coordinates": [[[-89.186, 33.301], [-89.1813, 33.311], [-89.1893, 33.3081], [-89.1918, 33.3164], [-89.1858, 33.3161], [-89.1774, 33.3207], [-89.1794, 33.3326], [-89.1743, 33.3314], [-89.1743, 33.322], [-89.1605, 33.3315], [-89.1386, 33.3418], [-89.1232, 33.3385], [-89.123, 33.3367], [-89.1354, 33.34], [-89.1391, 33.3386], [-89.1446, 33.3303], [-89.1447, 33.3195], [-89.1578, 33.3092], [-89.1622, 33.3085], [-89.16, 33.304], [-89.1701, 33.3039], [-89.1702, 33.3003], [-89.1774, 33.2932], [-89.1917, 33.2956], [-89.186, 33.301]]]}}, {"type": "Feature", "properties": {"fips": "28011950300", "gap_national": 16.4, "gap_stratum": 16.0, "burden": 94.8, "capacity": 72.3, "svi": 0.79, "top_decile_gap": 0.0, "stratum": "rural", "scored": 1}, "geometry": {"type": "Polygon", "coordinates": [[[-90.8694, 33.8501], [-90.8695, 33.8555], [-90.8676, 33.8558], [-90.8675, 33.8644], [-90.8677, 33.912], [-90.8715, 33.919], [-90.8241, 33.9194], [-90.8236, 33.9307], [-90.8056, 33.9267], [-90.7891, 33.9301], [-90.7889, 33.916], [-90.7541, 33.9162], [-90.7597, 33.9233], [-90.7463, 33.9233], [-90.7509, 33.9379], [-90.657, 33.938], [-90.6583, 33.8277], [-90.6698, 33.8318], [-90.6927, 33.8326], [-90.693, 33.8145], [-90.7215, 33.8146], [-90.7228, 33.8217], [-90.7887, 33.8212], [-90.7886, 33.8067], [-90.8487, 33.8064], [-90.8487, 33.821], [-90.8667, 33.8217], [-90.8657, 33.8273], [-90.8696, 33.8308], [-90.8687, 33.843], [-90.8737, 33.8465], [-90.8694, 33.8501]]]}}, {"type": "Feature", "properties": {"fips": "28011950500", "gap_national": 19.3, "gap_stratum": 13.5, "burden": 88.6, "capacity": 66.7, "svi": 0.87, "top_decile_gap": 0.0, "stratum": "micropolitan", "scored": 1}, "geometry": {"type": "Polygon", "coordinates": [[[-90.7886, 33.8067], [-90.7887, 33.8212], [-90.7228, 33.8217], [-90.7215, 33.8146], [-90.693, 33.8145], [-90.6927, 33.8326], [-90.6698, 33.8318], [-90.6583, 33.8277], [-90.6587, 33.6163], [-90.7373, 33.6163], [-90.7373, 33.631], [-90.7811, 33.6312], [-90.7806, 33.6459], [-90.7983, 33.6459], [-90.7982, 33.6748], [-90.8158, 33.675], [-90.8157, 33.6896], [-90.8153, 33.7184], [-90.7978, 33.7184], [-90.7973, 33.7921], [-90.8323, 33.7919], [-90.8323, 33.8065], [-90.7886, 33.8067]], [[-90.7107, 33.7183], [-90.7101, 33.733], [-90.6769, 33.733], [-90.6861, 33.7444], [-90.6947, 33.7492], [-90.6982, 33.7543], [-90.6972, 33.7621], [-90.733, 33.7619], [-90.7394, 33.7694], [-90.763, 33.7695], [-90.7631, 33.7185], [-90.7107, 33.7183]]]}}, {"type": "Feature", "properties": {"fips": "28013950300", "gap_national": 25.5, "gap_stratum": 30.4, "burden": 95.5, "capacity": 66.0, "svi": 0.87, "top_decile_gap": 0.0, "stratum": "rural", "scored": 1}, "geometry": {"type": "Polygon", "coordinates": [[[-89.5001, 33.9313], [-89.4525, 33.9532], [-89.3967, 33.9587], [-89.3504, 33.9725], [-89.3139, 33.9882], [-89.298, 33.9834], [-89.3023, 33.9636], [-89.3073, 33.9559], [-89.3172, 33.9517], [-89.308, 33.9376], [-89.3067, 33.9282], [-89.3105, 33.92], [-89.3054, 33.9084], [-89.3045, 33.8968], [-89.3011, 33.8886], [-89.302, 33.8826], [-89.307, 33.8756], [-89.3154, 33.8812], [-89.3151, 33.8684], [-89.3245, 33.8699], [-89.3255, 33.8542], [-89.3446, 33.8519], [-89.3466, 33.8367], [-89.3183, 33.8392], [-89.2993, 33.8338], [-89.2758, 33.8379], [-89.2719, 33.8272], [-89.2518, 33.8053], [-89.245, 33.7682], [-89.2411, 33.76], [-89.2422, 33.7526], [-89.2467, 33.7508], [-89.244, 33.7453], [-89.2466, 33.7432], [-89.2481, 33.7359], [-89.2466, 33.7295], [-89.2411, 33.7292], [-89.2309, 33.7233], [-89.232, 33.7219], [-89.5071, 33.7218], [-89.5074, 33.9229], [-89.5001, 33.9313]]]}}, {"type": "Feature", "properties": {"fips": "28023950100", "gap_national": 2.1, "gap_stratum": -10.7, "burden": 82.1, "capacity": 75.3, "svi": 0.45, "top_decile_gap": 0.0, "stratum": "micropolitan", "scored": 1}, "geometry": {"type": "Polygon", "coordinates": [[[-88.7212, 32.1031], [-88.7215, 32.1089], [-88.7136, 32.1161], [-88.7105, 32.1365], [-88.7077, 32.1384], [-88.7077, 32.1479], [-88.6948, 32.1678], [-88.6942, 32.1718], [-88.7074, 32.1804], [-88.7038, 32.1856], [-88.703, 32.1937], [-88.6982, 32.1955], [-88.6924, 32.2059], [-88.6989, 32.2133], [-88.7002, 32.2256], [-88.4313, 32.2277], [-88.4732, 31.8939], [-88.6224, 31.8572], [-88.6909, 31.8466], [-88.6861, 31.853], [-88.6893, 31.8624], [-88.6864, 31.8675], [-88.6894, 31.8712], [-88.6889, 31.8756], [-88.6851, 31.8788], [-88.6757, 31.8791], [-88.6804, 31.8841], [-88.6848, 31.8844], [-88.6882, 31.8814], [-88.6961, 31.8855], [-88.6916, 31.8874], [-88.6919, 31.898], [-88.6941, 31.901], [-88.6889, 31.9015], [-88.6875, 31.905], [-88.6892, 31.9126], [-88.7003, 31.9156], [-88.6923, 31.917], [-88.6874, 31.9249], [-88.6835, 31.922], [-88.6773, 31.9296], [-88.6855, 31.9328], [-88.6863, 31.9388], [-88.6938, 31.94], [-88.6961, 31.947], [-88.7021, 31.9502], [-88.7006, 31.9639], [-88.7042, 31.9677], [-88.7046, 31.9747], [-88.7138, 31.9821], [-88.7173, 31.9884], [-88.6791, 32.0041], [-88.6719, 32.0409], [-88.6729, 32.0606], [-88.6698, 32.0608], [-88.6705, 32.0665], [-88.6735, 32.0746], [-88.6784, 32.075], [-88.6889, 32.0688], [-88.6975, 32.0698], [-88.7048, 32.0741], [-88.7102, 32.0706], [-88.7182, 32.0709], [-88.7213, 32.0738], [-88.7172, 32.079], [-88.7202, 32.0884], [-88.7173, 32.0911], [-88.7223, 32.096], [-88.7234, 32.1014], [-88.7212, 32.1031]]]}}, {"type": "Feature", "properties": {"fips": "28025950100", "gap_national": 17.0, "gap_stratum": 7.8, "burden": 90.6, "capacity": 69.5, "svi": 0.36, "top_decile_gap": 0.0, "stratum": "small_town", "scored": 1}, "geometry": {"type": "Polygon", "coordinates": [[[-88.8535, 33.7865], [-88.8527, 33.8024], [-88.8498, 33.8117], [-88.72, 33.8113], [-88.7196, 33.6803], [-88.6498, 33.6802], [-88.6501, 33.6264], [-88.659, 33.6272], [-88.659, 33.6145], [-88.6637, 33.5993], [-88.6854, 33.5884], [-88.707, 33.581], [-88.704, 33.5748], [-88.7063, 33.5745], [-88.7028, 33.5696], [-88.6955, 33.568], [-88.6921, 33.5702], [-88.6901, 33.5684], [-88.692, 33.5652], [-88.7101, 33.559], [-88.7254, 33.5619], [-88.7246, 33.5638], [-88.7302, 33.5623], [-88.7282, 33.5642], [-88.7328, 33.5652], [-88.7706, 33.5652], [-88.7666, 33.5674], [-88.7772, 33.5673], [-88.7816, 33.5708], [-88.7814, 33.5739], [-88.7886, 33.5721], [-88.7926, 33.5735], [-88.792, 33.5763], [-88.7981, 33.578], [-88.7976, 33.582], [-88.8007, 33.5818], [-88.8014, 33.5857], [-88.8065, 33.5889], [-88.8171, 33.5888], [-88.8162, 33.5915], [-88.8237, 33.5978], [-88.8248, 33.6015], [-88.8296, 33.6009], [-88.8317, 33.6036], [-88.8424, 33.6021], [-88.8448, 33.6056], [-88.8473, 33.6042], [-88.8492, 33.6103], [-88.8573, 33.6142], [-88.8584, 33.6172], [-88.8489, 33.6197], [-88.8478, 33.6364], [-88.833, 33.6511], [-88.8279, 33.6628], [-88.8273, 33.6766], [-88.831, 33.6954], [-88.8465, 33.7245], [-88.824, 33.7241], [-88.8594, 33.7703], [-88.8612, 33.7782], [-88.8535, 33.7865]]]}}, {"type": "Feature", "properties": {"fips": "28033070325", "gap_national": 41.3, "gap_stratum": 44.9, "burden": 71.9, "capacity": 39.9, "svi": 0.69, "top_decile_gap": 0.0, "stratum": "metropolitan", "scored": 1}, "geometry": {"type": "Polygon", "coordinates": [[[-90.0341, 34.9626], [-90.0342, 34.9481], [-90.0431, 34.9481], [-90.0468, 34.9557], [-90.0468, 34.9626], [-90.0341, 34.9626]]]}}, {"type": "Feature", "properties": {"fips": "28033070722", "gap_national": -42.8, "gap_stratum": -35.7, "burden": 38.7, "capacity": 71.6, "svi": 0.07, "top_decile_gap": 0.0, "stratum": "metropolitan", "scored": 1}, "geometry": {"type": "Polygon", "coordinates": [[[-89.8888, 34.9186], [-89.7949, 34.9187], [-89.7949, 34.927], [-89.7582, 34.9097], [-89.7544, 34.9065], [-89.7539, 34.9018], [-89.7597, 34.8972], [-89.7643, 34.8984], [-89.7628, 34.8957], [-89.7658, 34.8927], [-89.7742, 34.8925], [-89.778, 34.8891], [-89.7772, 34.8866], [-89.7814, 34.8886], [-89.7869, 34.8871], [-89.785, 34.884], [-89.7867, 34.8801], [-89.7844, 34.8785], [-89.7889, 34.8771], [-89.7916, 34.8721], [-89.7967, 34.8721], [-89.798, 34.8659], [-89.8026, 34.8626], [-89.8046, 34.8639], [-89.8068, 34.8607], [-89.8314, 34.8625], [-89.8355, 34.8607], [-89.9015, 34.8607], [-89.9007, 34.8888], [-89.9026, 34.8931], [-89.8888, 34.9186]]]}}, {"type": "Feature", "properties": {"fips": "28161950200", "gap_national": 22.4, "gap_stratum": 23.6, "burden": 91.7, "capacity": 66.3, "svi": 0.85, "top_decile_gap": 0.0, "stratum": "rural", "scored": 1}, "geometry": {"type": "Polygon", "coordinates": [[[-89.6729, 34.1571], [-89.6746, 34.1622], [-89.6794, 34.1631], [-89.6757, 34.1795], [-89.665, 34.1845], [-89.6691, 34.192], [-89.5993, 34.1912], [-89.5938, 34.1823], [-89.5899, 34.1831], [-89.5865, 34.1784], [-89.5889, 34.1724], [-89.5964, 34.1701], [-89.6044, 34.1641], [-89.6061, 34.1609], [-89.6044, 34.1582], [-89.5925, 34.1539], [-89.5867, 34.1585], [-89.5754, 34.1575], [-89.5742, 34.1531], [-89.576, 34.1478], [-89.5803, 34.1472], [-89.5849, 34.1406], [-89.5973, 34.1407], [-89.5971, 34.1346], [-89.5888, 34.1261], [-89.6096, 34.1244], [-89.641, 34.1308], [-89.641, 34.1244], [-89.648, 34.1341], [-89.6514, 34.1437], [-89.6768, 34.1492], [-89.6836, 34.1543], [-89.6729, 34.1571]]]}}, {"type": "Feature", "properties": {"fips": "28027950600", "gap_national": 18.5, "gap_stratum": 13.8, "burden": 90.3, "capacity": 68.3, "svi": 0.73, "top_decile_gap": 0.0, "stratum": "micropolitan", "scored": 1}, "geometry": {"type": "Polygon", "coordinates": [[[-90.569, 34.2052], [-90.5589, 34.1853], [-90.5646, 34.1831], [-90.5697, 34.1842], [-90.5685, 34.1908], [-90.5763, 34.1969], [-90.5779, 34.2036], [-90.569, 34.2052]]]}}, {"type": "Feature", "properties": {"fips": "28027950700", "gap_national": 32.9, "gap_stratum": 33.0, "burden": 98.9, "capacity": 62.3, "svi": 0.98, "top_decile_gap": 0.0, "stratum": "micropolitan", "scored": 1}, "geometry": {"type": "Polygon", "coordinates": [[[-90.5401, 34.2101], [-90.5433, 34.2031], [-90.5501, 34.1998], [-90.5501, 34.1977], [-90.5475, 34.1973], [-90.5383, 34.1982], [-90.5466, 34.1851], [-90.5439, 34.1775], [-90.5574, 34.1781], [-90.5612, 34.1844], [-90.5589, 34.1853], [-90.5641, 34.1949], [-90.5641, 34.2], [-90.5401, 34.2101]]]}}, {"type": "Feature", "properties": {"fips": "28123020600", "gap_national": 26.6, "gap_stratum": 28.5, "burden": 88.5, "capacity": 61.7, "svi": 0.75, "top_decile_gap": 0.0, "stratum": "rural", "scored": 1}, "geometry": {"type": "Polygon", "coordinates": [[[-89.5967, 32.2726], [-89.5871, 32.2772], [-89.5844, 32.2851], [-89.5777, 32.2883], [-89.576, 32.2919], [-89.5696, 32.294], [-89.5705, 32.3196], [-89.5635, 32.3207], [-89.5559, 32.3302], [-89.5422, 32.3333], [-89.5402, 32.3374], [-89.5427, 32.3432], [-89.5363, 32.357], [-89.5641, 32.3624], [-89.5645, 32.3686], [-89.5597, 32.382], [-89.5594, 32.3976], [-89.5538, 32.4038], [-89.5569, 32.411], [-89.5518, 32.4185], [-89.5436, 32.4215], [-89.5372, 32.4289], [-89.5357, 32.4434], [-89.5388, 32.4588], [-89.5048, 32.4579], [-89.4855, 32.4528], [-89.4523, 32.4579], [-89.458, 32.4438], [-89.4637, 32.4386], [-89.4654, 32.432], [-89.4692, 32.4301], [-89.4747, 32.4192], [-89.4817, 32.4168], [-89.4807, 32.402], [-89.4895, 32.3963], [-89.5002, 32.396], [-89.5087, 32.3929], [-89.511, 32.3893], [-89.5075, 32.379], [-89.5102, 32.3675], [-89.5084, 32.362], [-89.4904, 32.3618], [-89.4907, 32.3588], [-89.4989, 32.3586], [-89.4876, 32.3369], [-89.4779, 32.3359], [-89.4597, 32.3292], [-89.4695, 32.3416], [-89.4564, 32.3436], [-89.4506, 32.3408], [-89.4523, 32.3471], [-89.4499, 32.3558], [-89.4442, 32.3672], [-89.4389, 32.3686], [-89.439, 32.3613], [-89.3384, 32.3514], [-89.339, 32.3532], [-89.3226, 32.3486], [-89.3227, 32.2235], [-89.5976, 32.2237], [-89.598, 32.2308], [-89.6033, 32.2343], [-89.6033, 32.2415], [-89.598, 32.2544], [-89.6035, 32.2657], [-89.6028, 32.273], [-89.5967, 32.2726]]]}}, {"type": "Feature", "properties": {"fips": "28049001400", "gap_national": -81.1, "gap_stratum": -77.9, "burden": 19.5, "capacity": 88.7, "svi": 0.11, "top_decile_gap": 0.0, "stratum": "metropolitan", "scored": 1}, "geometry": {"type": "Polygon", "coordinates": [[[-90.1518, 32.3558], [-90.1418, 32.3558], [-90.1419, 32.3485], [-90.1388, 32.3484], [-90.1231, 32.3487], [-90.1232, 32.351], [-90.116, 32.3559], [-90.1131, 32.3552], [-90.1097, 32.3487], [-90.1101, 32.3444], [-90.1128, 32.3432], [-90.116, 32.3461], [-90.1184, 32.34], [-90.1423, 32.3211], [-90.148, 32.3251], [-90.1584, 32.318], [-90.1625, 32.3338], [-90.1518, 32.3558]]]}}, {"type": "Feature", "properties": {"fips": "28049010301", "gap_national": 6.9, "gap_stratum": 8.3, "burden": 91.9, "capacity": 78.9, "svi": 0.81, "top_decile_gap": 0.0, "stratum": "metropolitan", "scored": 1}, "geometry": {"type": "Polygon", "coordinates": [[[-90.2661, 32.3795], [-90.2589, 32.3807], [-90.2358, 32.3593], [-90.2397, 32.3561], [-90.2826, 32.3566], [-90.2843, 32.3677], [-90.2661, 32.3795]]]}}, {"type": "Feature", "properties": {"fips": "28049000600", "gap_national": 21.1, "gap_stratum": 21.1, "burden": 97.9, "capacity": 70.1, "svi": 0.96, "top_decile_gap": 0.0, "stratum": "metropolitan", "scored": 1}, "geometry": {"type": "Polygon", "coordinates": [[[-90.2221, 32.356], [-90.1927, 32.3559], [-90.1927, 32.3413], [-90.2057, 32.3414], [-90.2076, 32.3517], [-90.22, 32.3518], [-90.2206, 32.3486], [-90.2227, 32.3486], [-90.2221, 32.356]]]}}, {"type": "Feature", "properties": {"fips": "28049000800", "gap_national": 30.9, "gap_stratum": 30.0, "burden": 98.4, "capacity": 63.5, "svi": 0.78, "top_decile_gap": 0.0, "stratum": "metropolitan", "scored": 1}, "geometry": {"type": "Polygon", "coordinates": [[[-90.2397, 32.3566], [-90.2358, 32.3593], [-90.2227, 32.3475], [-90.22, 32.3498], [-90.2111, 32.3498], [-90.2111, 32.3414], [-90.2158, 32.3414], [-90.2115, 32.3381], [-90.2151, 32.338], [-90.2154, 32.3356], [-90.2107, 32.3285], [-90.2167, 32.3285], [-90.2153, 32.3243], [-90.2183, 32.3236], [-90.2334, 32.3294], [-90.2398, 32.3287], [-90.2397, 32.3566]]]}}, {"type": "Feature", "properties": {"fips": "28049001300", "gap_national": -8.3, "gap_stratum": -2.8, "burden": 45.7, "capacity": 53.6, "svi": 0.6, "top_decile_gap": 0.0, "stratum": "metropolitan", "scored": 1}, "geometry": {"type": "Polygon", "coordinates": [[[-90.1792, 32.3502], [-90.1641, 32.35], [-90.1637, 32.3441], [-90.1544, 32.3484], [-90.1616, 32.3373], [-90.1606, 32.3265], [-90.1625, 32.3254], [-90.1868, 32.3268], [-90.1792, 32.3502]]]}}, {"type": "Feature", "properties": {"fips": "28049001000", "gap_national": 26.2, "gap_stratum": 25.8, "burden": 98.3, "capacity": 66.6, "svi": 0.94, "top_decile_gap": 0.0, "stratum": "metropolitan", "scored": 1}, "geometry": {"type": "Polygon", "coordinates": [[[-90.2107, 32.3285], [-90.2154, 32.3356], [-90.2151, 32.338], [-90.2115, 32.3381], [-90.207, 32.3324], [-90.1969, 32.3268], [-90.2153, 32.3243], [-90.2167, 32.3285], [-90.2107, 32.3285]]]}}, {"type": "Feature", "properties": {"fips": "28049003300", "gap_national": 55.5, "gap_stratum": 53.3, "burden": 95.2, "capacity": 45.6, "svi": 0.92, "top_decile_gap": 1.0, "stratum": "metropolitan", "scored": 1}, "geometry": {"type": "Polygon", "coordinates": [[[-90.2495, 32.2916], [-90.2463, 32.3005], [-90.2321, 32.2935], [-90.2322, 32.2788], [-90.2271, 32.2787], [-90.2273, 32.2685], [-90.2537, 32.2688], [-90.2534, 32.2746], [-90.244, 32.2745], [-90.2436, 32.2843], [-90.2404, 32.2842], [-90.2403, 32.2887], [-90.2546, 32.2894], [-90.2495, 32.2916]]]}}, {"type": "Feature", "properties": {"fips": "28049010808", "gap_national": -11.7, "gap_stratum": -6.0, "burden": 75.7, "capacity": 82.6, "svi": 0.42, "top_decile_gap": 0.0, "stratum": "metropolitan", "scored": 1}, "geometry": {"type": "Polygon", "coordinates": [[[-90.3089, 32.2993], [-90.283, 32.3001], [-90.2836, 32.2944], [-90.2875, 32.2889], [-90.2877, 32.278], [-90.2796, 32.2641], [-90.2938, 32.2506], [-90.3007, 32.247], [-90.3078, 32.2538], [-90.3089, 32.2993]]]}}, {"type": "Feature", "properties": {"fips": "28049011001", "gap_national": 40.8, "gap_stratum": 40.7, "burden": 86.4, "capacity": 51.1, "svi": 0.99, "top_decile_gap": 0.0, "stratum": "metropolitan", "scored": 1}, "geometry": {"type": "Polygon", "coordinates": [[[-90.2875, 32.2889], [-90.2836, 32.2944], [-90.283, 32.3022], [-90.2633, 32.2912], [-90.2403, 32.2887], [-90.2404, 32.2842], [-90.2436, 32.2843], [-90.244, 32.2745], [-90.2534, 32.2746], [-90.2537, 32.2688], [-90.2697, 32.2723], [-90.2796, 32.2641], [-90.2865, 32.2744], [-90.2875, 32.2889]]]}}, {"type": "Feature", "properties": {"fips": "28049010305", "gap_national": -7.9, "gap_stratum": -0.6, "burden": 62.2, "capacity": 66.0, "svi": 0.65, "top_decile_gap": 0.0, "stratum": "metropolitan", "scored": 1}, "geometry": {"type": "Polygon", "coordinates": [[[-90.3116, 32.3466], [-90.2973, 32.3441], [-90.2976, 32.3346], [-90.2957, 32.3346], [-90.2947, 32.3239], [-90.3071, 32.3299], [-90.3077, 32.3347], [-90.3112, 32.3348], [-90.3116, 32.3466]]]}}, {"type": "Feature", "properties": {"fips": "28049010400", "gap_national": -15.2, "gap_stratum": -14.1, "burden": 21.6, "capacity": 38.4, "svi": 0.56, "top_decile_gap": 0.0, "stratum": "metropolitan", "scored": 1}, "geometry": {"type": "Polygon", "coordinates": [[[-90.3604, 32.3656], [-90.3462, 32.359], [-90.3374, 32.3586], [-90.3257, 32.3506], [-90.3133, 32.3477], [-90.3116, 32.3466], [-90.3112, 32.3348], [-90.3077, 32.3347], [-90.3071, 32.3299], [-90.3171, 32.3337], [-90.3271, 32.3333], [-90.3257, 32.3265], [-90.3455, 32.3392], [-90.3628, 32.3452], [-90.3636, 32.3595], [-90.3604, 32.3656]]]}}, {"type": "Feature", "properties": {"fips": "28049011002", "gap_national": 36.2, "gap_stratum": 35.7, "burden": 89.4, "capacity": 55.9, "svi": 0.43, "top_decile_gap": 0.0, "stratum": "metropolitan", "scored": 1}, "geometry": {"type": "Polygon", "coordinates": [[[-90.2697, 32.2723], [-90.2591, 32.2691], [-90.2534, 32.2592], [-90.2473, 32.2539], [-90.2663, 32.2505], [-90.2728, 32.2545], [-90.2756, 32.2603], [-90.2802, 32.2635], [-90.2697, 32.2723]]]}}, {"type": "Feature", "properties": {"fips": "28049002700", "gap_national": -13.8, "gap_stratum": -6.4, "burden": 54.5, "capacity": 64.0, "svi": 0.41, "top_decile_gap": 0.0, "stratum": "metropolitan", "scored": 1}, "geometry": {"type": "Polygon", "coordinates": [[[-90.2014, 32.3075], [-90.1985, 32.3085], [-90.1909, 32.3085], [-90.1908, 32.3043], [-90.1861, 32.3057], [-90.1666, 32.3029], [-90.1636, 32.3101], [-90.1662, 32.3113], [-90.153, 32.3208], [-90.1542, 32.314], [-90.1506, 32.3117], [-90.1627, 32.3062], [-90.1589, 32.3009], [-90.1565, 32.3017], [-90.1562, 32.2973], [-90.1512, 32.2917], [-90.1525, 32.2901], [-90.1571, 32.2938], [-90.1596, 32.2926], [-90.1569, 32.2879], [-90.1656, 32.2839], [-90.1667, 32.2869], [-90.1708, 32.2875], [-90.1716, 32.2839], [-90.174, 32.2869], [-90.1715, 32.2891], [-90.1777, 32.2903], [-90.1797, 32.2762], [-90.1884, 32.273], [-90.1931, 32.276], [-90.1927, 32.2988], [-90.2014, 32.2981], [-90.2014, 32.3075]]]}}, {"type": "Feature", "properties": {"fips": "28075000900", "gap_national": 42.1, "gap_stratum": 43.9, "burden": 95.1, "capacity": 54.8, "svi": 0.91, "top_decile_gap": 0.0, "stratum": "micropolitan", "scored": 1}, "geometry": {"type": "Polygon", "coordinates": [[[-88.7505, 32.3893], [-88.7492, 32.4058], [-88.7425, 32.4108], [-88.7427, 32.4148], [-88.7354, 32.4084], [-88.7366, 32.396], [-88.7349, 32.3938], [-88.7304, 32.3928], [-88.7268, 32.397], [-88.7123, 32.3964], [-88.7119, 32.391], [-88.7163, 32.3858], [-88.7181, 32.378], [-88.732, 32.3771], [-88.7326, 32.3707], [-88.7369, 32.3666], [-88.7521, 32.3695], [-88.7481, 32.3703], [-88.7483, 32.373], [-88.7532, 32.3763], [-88.7527, 32.3801], [-88.756, 32.3817], [-88.7505, 32.3893]]]}}, {"type": "Feature", "properties": {"fips": "28087000404", "gap_national": -26.3, "gap_stratum": -58.0, "burden": 55.8, "capacity": 74.3, "svi": 0.34, "top_decile_gap": 0.0, "stratum": "micropolitan", "scored": 1}, "geometry": {"type": "Polygon", "coordinates": [[[-88.3546, 33.4092], [-88.3468, 33.4115], [-88.3336, 33.4095], [-88.3379, 33.4244], [-88.3592, 33.4419], [-88.3445, 33.4414], [-88.3446, 33.4602], [-88.3267, 33.4596], [-88.3273, 33.4725], [-88.3235, 33.4744], [-88.3235, 33.478], [-88.2974, 33.4769], [-88.3012, 33.4695], [-88.3014, 33.4636], [-88.3046, 33.4603], [-88.3055, 33.4508], [-88.3033, 33.4462], [-88.2947, 33.442], [-88.2859, 33.4416], [-88.3005, 33.3208], [-88.3584, 33.4053], [-88.3546, 33.4092]]]}}, {"type": "Feature", "properties": {"fips": "28087001100", "gap_national": 22.8, "gap_stratum": 19.9, "burden": 93.8, "capacity": 67.0, "svi": 0.62, "top_decile_gap": 0.0, "stratum": "micropolitan", "scored": 1}, "geometry": {"type": "Polygon", "coordinates": [[[-88.6374, 33.3528], [-88.6394, 33.3747], [-88.6379, 33.3704], [-88.6293, 33.3714], [-88.626, 33.3779], [-88.6205, 33.3817], [-88.6041, 33.3848], [-88.5971, 33.384], [-88.584, 33.3748], [-88.5507, 33.3765], [-88.5307, 33.3734], [-88.5194, 33.3749], [-88.5002, 33.3827], [-88.4747, 33.3829], [-88.4626, 33.379], [-88.4467, 33.3818], [-88.4419, 33.3772], [-88.4169, 33.3841], [-88.4035, 33.3793], [-88.4021, 33.3691], [-88.4047, 33.3661], [-88.3971, 33.3637], [-88.3987, 33.357], [-88.3971, 33.3419], [-88.3893, 33.3398], [-88.3861, 33.3349], [-88.382, 33.3339], [-88.3756, 33.3344], [-88.3732, 33.3426], [-88.3697, 33.3427], [-88.363, 33.331], [-88.356, 33.324], [-88.3439, 33.321], [-88.334, 33.3217], [-88.3189, 33.3156], [-88.3027, 33.3022], [-88.3044, 33.2883], [-88.6691, 33.2869], [-88.6697, 33.3528], [-88.6374, 33.3528]]]}}, {"type": "Feature", "properties": {"fips": "28095950300", "gap_national": -1.4, "gap_stratum": -34.9, "burden": 72.4, "capacity": 70.0, "svi": 0.48, "top_decile_gap": 0.0, "stratum": "small_town", "scored": 1}, "geometry": {"type": "Polygon", "coordinates": [[[-88.486, 34.0126], [-88.4751, 34.0123], [-88.4775, 34.0067], [-88.4738, 34.0068], [-88.4604, 34.0222], [-88.4489, 34.028], [-88.4442, 34.0186], [-88.4349, 34.011], [-88.4354, 34.0089], [-88.4384, 34.0089], [-88.4388, 33.9943], [-88.4428, 33.9941], [-88.4404, 33.9772], [-88.4526, 33.9864], [-88.4822, 33.9861], [-88.4884, 33.9826], [-88.4943, 33.9896], [-88.5147, 33.9895], [-88.486, 34.0126]]]}}, {"type": "Feature", "properties": {"fips": "28095950700", "gap_national": 13.5, "gap_stratum": 9.2, "burden": 90.9, "capacity": 72.4, "svi": 0.87, "top_decile_gap": 0.0, "stratum": "rural", "scored": 1}, "geometry": {"type": "Polygon", "coordinates": [[[-88.5954, 33.8401], [-88.5728, 33.8403], [-88.5943, 33.8571], [-88.596, 33.8705], [-88.5854, 33.8656], [-88.5844, 33.8682], [-88.5806, 33.8682], [-88.5762, 33.8646], [-88.5697, 33.8646], [-88.5675, 33.86], [-88.5722, 33.8582], [-88.5716, 33.8545], [-88.5688, 33.8538], [-88.5717, 33.8508], [-88.565, 33.852], [-88.5621, 33.8459], [-88.558, 33.8483], [-88.5562, 33.8432], [-88.5512, 33.8424], [-88.5517, 33.8385], [-88.5485, 33.8349], [-88.5452, 33.8346], [-88.5444, 33.8371], [-88.5391, 33.8357], [-88.5381, 33.8323], [-88.5308, 33.8293], [-88.5393, 33.8271], [-88.5395, 33.8243], [-88.5893, 33.8256], [-88.5961, 33.8373], [-88.5954, 33.8401]]]}}, {"type": "Feature", "properties": {"fips": "28075001000", "gap_national": 11.4, "gap_stratum": -1.8, "burden": 79.4, "capacity": 66.2, "svi": 0.85, "top_decile_gap": 0.0, "stratum": "micropolitan", "scored": 1}, "geometry": {"type": "Polygon", "coordinates": [[[-88.7422, 32.4189], [-88.7388, 32.4207], [-88.7395, 32.4229], [-88.7358, 32.4267], [-88.7276, 32.4293], [-88.7186, 32.4359], [-88.7163, 32.4425], [-88.7124, 32.4435], [-88.7078, 32.4387], [-88.7096, 32.4313], [-88.7023, 32.4233], [-88.7001, 32.4175], [-88.7025, 32.4115], [-88.6996, 32.4093], [-88.7055, 32.3964], [-88.7268, 32.397], [-88.7316, 32.3929], [-88.7366, 32.396], [-88.7354, 32.4084], [-88.7427, 32.4148], [-88.7422, 32.4189]]]}}, {"type": "Feature", "properties": {"fips": "28075001102", "gap_national": -21.6, "gap_stratum": -48.1, "burden": 66.5, "capacity": 81.9, "svi": 0.43, "top_decile_gap": 0.0, "stratum": "micropolitan", "scored": 1}, "geometry": {"type": "Polygon", "coordinates": [[[-88.6985, 32.4251], [-88.7, 32.4309], [-88.6946, 32.4325], [-88.6947, 32.4395], [-88.6881, 32.4456], [-88.6834, 32.4428], [-88.6706, 32.4429], [-88.6707, 32.425], [-88.663, 32.4103], [-88.663, 32.4047], [-88.6703, 32.3952], [-88.6712, 32.3975], [-88.6808, 32.3904], [-88.6826, 32.3915], [-88.6786, 32.4], [-88.6791, 32.4137], [-88.6915, 32.4135], [-88.6996, 32.4093], [-88.7025, 32.4115], [-88.6985, 32.4251]]]}}, {"type": "Feature", "properties": {"fips": "28075010301", "gap_national": 11.1, "gap_stratum": 1.2, "burden": 83.4, "capacity": 69.2, "svi": 0.34, "top_decile_gap": 0.0, "stratum": "micropolitan", "scored": 1}, "geometry": {"type": "Polygon", "coordinates": [[[-88.8209, 32.5004], [-88.8131, 32.5005], [-88.8217, 32.5142], [-88.8213, 32.5296], [-88.8174, 32.5308], [-88.8172, 32.5463], [-88.8212, 32.5482], [-88.8215, 32.5542], [-88.8255, 32.5571], [-88.8245, 32.5768], [-88.8263, 32.577], [-88.7107, 32.5776], [-88.7055, 32.567], [-88.6869, 32.5659], [-88.6887, 32.5584], [-88.6843, 32.5451], [-88.6731, 32.5426], [-88.6602, 32.5362], [-88.6695, 32.5141], [-88.686, 32.4971], [-88.6942, 32.4991], [-88.6995, 32.5045], [-88.7051, 32.501], [-88.7065, 32.4929], [-88.7025, 32.4825], [-88.7017, 32.4723], [-88.723, 32.4675], [-88.7153, 32.4571], [-88.7124, 32.4435], [-88.7163, 32.4425], [-88.7186, 32.4359], [-88.7276, 32.4293], [-88.7358, 32.4267], [-88.7395, 32.4229], [-88.7388, 32.4207], [-88.7422, 32.4189], [-88.7427, 32.4148], [-88.7651, 32.4225], [-88.7806, 32.4198], [-88.8332, 32.482], [-88.8209, 32.5004]]]}}, {"type": "Feature", "properties": {"fips": "28115950300", "gap_national": 23.6, "gap_stratum": 16.6, "burden": 80.0, "capacity": 58.4, "svi": 0.84, "top_decile_gap": 0.0, "stratum": "rural", "scored": 1}, "geometry": {"type": "Polygon", "coordinates": [[[-89.0251, 34.2608], [-89.0226, 34.2674], [-89.0197, 34.2674], [-89.0191, 34.2732], [-89.0087, 34.2884], [-89.005, 34.2875], [-88.9944, 34.2713], [-88.9847, 34.2635], [-88.9692, 34.2635], [-88.9692, 34.2609], [-88.9492, 34.2548], [-88.9567, 34.2431], [-88.9566, 34.2263], [-88.9619, 34.2243], [-88.9692, 34.2283], [-88.9752, 34.2198], [-88.9756, 34.2141], [-88.9984, 34.2241], [-89.0071, 34.2305], [-89.0183, 34.2303], [-89.0216, 34.2273], [-89.0355, 34.2305], [-89.0357, 34.2531], [-89.0251, 34.2608]]]}}, {"type": "Feature", "properties": {"fips": "28115950400", "gap_national": 20.7, "gap_stratum": 6.2, "burden": 73.4, "capacity": 55.8, "svi": 0.56, "top_decile_gap": 0.0, "stratum": "micropolitan", "scored": 1}, "geometry": {"type": "Polygon", "coordinates": [[[-89.0287, 34.1184], [-89.0163, 34.1314], [-89.0182, 34.1458], [-89.021, 34.1507], [-89.0176, 34.1556], [-89.0179, 34.1763], [-89.0139, 34.1763], [-89.0085, 34.2045], [-88.9984, 34.2241], [-88.9756, 34.2141], [-88.9752, 34.2198], [-88.9692, 34.2283], [-88.9619, 34.2243], [-88.9578, 34.2246], [-88.9567, 34.2431], [-88.9498, 34.2522], [-88.9504, 34.2563], [-88.9324, 34.26], [-88.8985, 34.235], [-88.8252, 34.2355], [-88.8245, 34.0749], [-89.0268, 34.0744], [-89.0269, 34.1094], [-89.0299, 34.1096], [-89.0287, 34.1184]]]}}, {"type": "Feature", "properties": {"fips": "28127950500", "gap_national": 42.4, "gap_stratum": 54.6, "burden": 91.3, "capacity": 52.7, "svi": 0.93, "top_decile_gap": 0.0, "stratum": "rural", "scored": 1}, "geometry": {"type": "Polygon", "coordinates": [[[-89.7643, 31.9024], [-89.7571, 31.9021], [-89.7465, 31.8966], [-89.7412, 31.8964], [-89.7347, 31.8895], [-89.731, 31.895], [-89.7266, 31.8964], [-89.7207, 31.8926], [-89.7196, 31.889], [-89.7138, 31.8892], [-89.7131, 31.8805], [-89.7073, 31.8805], [-89.7008, 31.8845], [-89.6997, 31.8647], [-89.7052, 31.865], [-89.7038, 31.8531], [-89.7079, 31.8516], [-89.7076, 31.8465], [-89.7013, 31.8437], [-89.7047, 31.8262], [-89.7237, 31.8567], [-89.7618, 31.8767], [-89.7639, 31.8802], [-89.7631, 31.8895], [-89.7643, 31.9024]]]}}, {"type": "Feature", "properties": {"fips": "28111950101", "gap_national": 18.5, "gap_stratum": 20.9, "burden": 82.5, "capacity": 63.5, "svi": 0.74, "top_decile_gap": 0.0, "stratum": "metropolitan", "scored": 1}, "geometry": {"type": "Polygon", "coordinates": [[[-89.1461, 31.4341], [-88.8417, 31.4337], [-88.8413, 31.301], [-88.9128, 31.2603], [-88.9311, 31.277], [-89.0373, 31.3428], [-89.0385, 31.3557], [-89.0451, 31.3602], [-89.1462, 31.3666], [-89.1461, 31.4341]]]}}, {"type": "Feature", "properties": {"fips": "28113950700", "gap_national": 34.6, "gap_stratum": 34.8, "burden": 97.8, "capacity": 60.8, "svi": 0.88, "top_decile_gap": 0.0, "stratum": "micropolitan", "scored": 1}, "geometry": {"type": "Polygon", "coordinates": [[[-90.5363, 31.128], [-90.5326, 31.1299], [-90.5205, 31.1291], [-90.517, 31.1265], [-90.5109, 31.1274], [-90.5004, 31.1173], [-90.4915, 31.1186], [-90.479, 31.1162], [-90.4811, 31.1141], [-90.4763, 31.1132], [-90.4772, 31.1094], [-90.4749, 31.1098], [-90.4732, 31.1003], [-90.4679, 31.0974], [-90.4464, 31.1013], [-90.4408, 31.0873], [-90.3845, 31.0876], [-90.3625, 31.1175], [-90.3428, 31.1145], [-90.3085, 31.098], [-90.2892, 31.0959], [-90.2847, 31.0981], [-90.2697, 31.0856], [-90.2598, 31.0729], [-90.2596, 31.0007], [-90.5476, 30.9997], [-90.548, 31.131], [-90.5363, 31.128]]]}}, {"type": "Feature", "properties": {"fips": "28101050400", "gap_national": 23.3, "gap_stratum": 17.7, "burden": 88.1, "capacity": 63.7, "svi": 0.39, "top_decile_gap": 0.0, "stratum": "micropolitan", "scored": 1}, "geometry": {"type": "Polygon", "coordinates": [[[-89.3226, 32.3239], [-89.3012, 32.3255], [-89.2799, 32.3415], [-89.1651, 32.338], [-89.1692, 32.3368], [-89.1752, 32.33], [-89.1811, 32.3305], [-89.1832, 32.3261], [-89.1911, 32.3214], [-89.2051, 32.3171], [-89.2114, 32.3179], [-89.2114, 32.3106], [-89.1958, 32.3077], [-89.1811, 32.3132], [-89.1817, 32.2966], [-89.169, 32.2966], [-89.1687, 32.3023], [-89.1513, 32.2965], [-89.1487, 32.3152], [-89.1301, 32.3176], [-89.1323, 32.3304], [-89.1099, 32.3372], [-89.1097, 32.342], [-89.0672, 32.3474], [-89.0707, 32.3549], [-89.0667, 32.3681], [-89.0749, 32.3838], [-89.0587, 32.3837], [-89.0494, 32.3803], [-89.0487, 32.3778], [-89.0426, 32.3788], [-89.0401, 32.3808], [-89.0429, 32.3911], [-89.0333, 32.3918], [-89.0321, 32.3936], [-89.0272, 32.3848], [-89.0215, 32.3917], [-89.0238, 32.3987], [-89.0177, 32.3985], [-89.0096, 32.4039], [-89.0028, 32.4222], [-88.9987, 32.4236], [-88.9868, 32.4163], [-88.97, 32.4182], [-88.958, 32.4112], [-88.9531, 32.4044], [-88.9326, 32.4067], [-88.9288, 32.4018], [-88.9299, 32.3976], [-88.915, 32.3939], [-88.9138, 32.2242], [-89.3227, 32.2235], [-89.3226, 32.3239]]]}}, {"type": "Feature", "properties": {"fips": "28059041900", "gap_national": 34.4, "gap_stratum": 33.3, "burden": 94.2, "capacity": 59.4, "svi": 0.94, "top_decile_gap": 0.0, "stratum": "metropolitan", "scored": 1}, "geometry": {"type": "Polygon", "coordinates": [[[-88.5603, 30.3824], [-88.5536, 30.3814], [-88.5471, 30.3845], [-88.5452, 30.3863], [-88.5485, 30.3892], [-88.5072, 30.39], [-88.5344, 30.3728], [-88.5349, 30.3801], [-88.5533, 30.3708], [-88.5627, 30.3718], [-88.5636, 30.3775], [-88.5603, 30.3824]]]}}, {"type": "Feature", "properties": {"fips": "28059042700", "gap_national": 36.6, "gap_stratum": 35.3, "burden": 95.7, "capacity": 58.6, "svi": 0.29, "top_decile_gap": 0.0, "stratum": "metropolitan", "scored": 1}, "geometry": {"type": "Polygon", "coordinates": [[[-88.5044, 30.3584], [-88.5108, 30.3654], [-88.5098, 30.3679], [-88.4993, 30.3681], [-88.5007, 30.382], [-88.5072, 30.39], [-88.4886, 30.4018], [-88.4919, 30.4095], [-88.489, 30.4135], [-88.4904, 30.4198], [-88.486, 30.4231], [-88.4879, 30.4281], [-88.484, 30.4283], [-88.4865, 30.4313], [-88.4826, 30.4326], [-88.479, 30.4406], [-88.48, 30.4476], [-88.4761, 30.451], [-88.4745, 30.457], [-88.4319, 30.4615], [-88.4004, 30.4742], [-88.395, 30.3694], [-88.3991, 30.3607], [-88.3946, 30.3501], [-88.4025, 30.3455], [-88.4091, 30.3507], [-88.4124, 30.358], [-88.418, 30.3585], [-88.4196, 30.3554], [-88.4477, 30.358], [-88.4499, 30.3548], [-88.4474, 30.339], [-88.4538, 30.3296], [-88.4719, 30.32], [-88.4801, 30.3183], [-88.5041, 30.3201], [-88.5063, 30.3274], [-88.5134, 30.3335], [-88.5044, 30.3584]]]}}, {"type": "Feature", "properties": {"fips": "28059040600", "gap_national": -53.0, "gap_stratum": -45.4, "burden": 40.0, "capacity": 82.6, "svi": 0.21, "top_decile_gap": 0.0, "stratum": "metropolitan", "scored": 1}, "geometry": {"type": "Polygon", "coordinates": [[[-88.8101, 30.4136], [-88.7859, 30.4104], [-88.7835, 30.4087], [-88.7821, 30.3995], [-88.7716, 30.3983], [-88.7745, 30.3861], [-88.7786, 30.3818], [-88.79, 30.3856], [-88.7941, 30.3919], [-88.8017, 30.3917], [-88.8103, 30.3952], [-88.8101, 30.4136]]]}}, {"type": "Feature", "properties": {"fips": "28101050100", "gap_national": -8.6, "gap_stratum": -34.7, "burden": 64.4, "capacity": 68.4, "svi": 0.34, "top_decile_gap": 0.0, "stratum": "micropolitan", "scored": 1}, "geometry": {"type": "Polygon", "coordinates": [[[-89.1121, 32.556], [-89.1095, 32.5559], [-89.1099, 32.5629], [-89.0932, 32.5596], [-89.0926, 32.5637], [-89.0794, 32.5668], [-89.0952, 32.5747], [-89.0908, 32.5769], [-88.9145, 32.577], [-88.915, 32.3939], [-88.9299, 32.3976], [-88.9288, 32.4018], [-88.9326, 32.4067], [-88.9531, 32.4044], [-88.958, 32.4112], [-88.97, 32.4182], [-88.9868, 32.4163], [-88.9987, 32.4236], [-89.0028, 32.4222], [-89.0096, 32.4039], [-89.0177, 32.3985], [-89.0238, 32.3987], [-89.0215, 32.3917], [-89.0272, 32.3848], [-89.0321, 32.3936], [-89.0333, 32.3918], [-89.0429, 32.3911], [-89.0401, 32.3808], [-89.0426, 32.3788], [-89.0487, 32.3778], [-89.0494, 32.3803], [-89.0587, 32.3837], [-89.0749, 32.3838], [-89.081, 32.4099], [-89.0964, 32.4221], [-89.0967, 32.4286], [-89.0998, 32.4331], [-89.0923, 32.4335], [-89.1071, 32.4583], [-89.1143, 32.4639], [-89.1164, 32.4897], [-89.1121, 32.556]]]}}, {"type": "Feature", "properties": {"fips": "28103950300", "gap_national": 35.6, "gap_stratum": 48.3, "burden": 97.0, "capacity": 59.9, "svi": 0.98, "top_decile_gap": 0.0, "stratum": "rural", "scored": 1}, "geometry": {"type": "Polygon", "coordinates": [[[-88.5761, 33.1191], [-88.5733, 33.1277], [-88.5746, 33.1309], [-88.5685, 33.1418], [-88.5614, 33.1383], [-88.5603, 33.1248], [-88.554, 33.1257], [-88.5539, 33.1231], [-88.5469, 33.1246], [-88.5522, 33.1072], [-88.5637, 33.0988], [-88.5645, 33.1037], [-88.5735, 33.1016], [-88.5716, 33.1044], [-88.5743, 33.1066], [-88.5719, 33.111], [-88.5749, 33.1108], [-88.5788, 33.1176], [-88.5761, 33.1191]]]}}, {"type": "Feature", "properties": {"fips": "28109950600", "gap_national": 20.6, "gap_stratum": 11.4, "burden": 82.5, "capacity": 62.0, "svi": 0.71, "top_decile_gap": 0.0, "stratum": "micropolitan", "scored": 1}, "geometry": {"type": "Polygon", "coordinates": [[[-89.6928, 30.5435], [-89.691, 30.5464], [-89.6917, 30.5553], [-89.6693, 30.5458], [-89.6686, 30.5475], [-89.6472, 30.5483], [-89.6605, 30.5238], [-89.685, 30.5279], [-89.6978, 30.5268], [-89.6985, 30.5435], [-89.6928, 30.5435]]]}}, {"type": "Feature", "properties": {"fips": "28057950500", "gap_national": 16.1, "gap_stratum": 2.5, "burden": 77.7, "capacity": 61.8, "svi": 0.13, "top_decile_gap": 0.0, "stratum": "micropolitan", "scored": 1}, "geometry": {"type": "Polygon", "coordinates": [[[-88.5445, 34.2648], [-88.4667, 34.2519], [-88.4399, 34.2688], [-88.4271, 34.2731], [-88.4227, 34.2485], [-88.3908, 34.2146], [-88.3866, 34.1944], [-88.3793, 34.179], [-88.3812, 34.1397], [-88.3939, 34.1219], [-88.4014, 34.0966], [-88.4017, 34.0875], [-88.5434, 34.089], [-88.5445, 34.2648]]]}}, {"type": "Feature", "properties": {"fips": "28009950200", "gap_national": 35.1, "gap_stratum": 28.7, "burden": 86.6, "capacity": 55.0, "svi": 0.89, "top_decile_gap": 0.0, "stratum": "small_town", "scored": 1}, "geometry": {"type": "Polygon", "coordinates": [[[-89.2892, 34.7609], [-89.2887, 34.7518], [-89.2858, 34.7487], [-89.2665, 34.7575], [-89.2607, 34.7702], [-89.2334, 34.7793], [-89.2344, 34.7727], [-89.2231, 34.7606], [-89.2119, 34.7582], [-89.2035, 34.7607], [-89.2001, 34.7554], [-89.1853, 34.7439], [-89.1828, 34.7435], [-89.1807, 34.7521], [-89.1755, 34.7558], [-89.1593, 34.7533], [-89.1201, 34.7615], [-89.1139, 34.7556], [-89.0886, 34.7481], [-89.0885, 34.5982], [-89.2456, 34.5976], [-89.2456, 34.5832], [-89.2983, 34.5829], [-89.299, 34.7635], [-89.2892, 34.7609]]]}}, {"type": "Feature", "properties": {"fips": "28003950700", "gap_national": 34.7, "gap_stratum": 31.4, "burden": 86.1, "capacity": 55.0, "svi": 0.51, "top_decile_gap": 0.0, "stratum": "micropolitan", "scored": 1}, "geometry": {"type": "Polygon", "coordinates": [[[-88.753, 34.8473], [-88.7427, 34.8523], [-88.7311, 34.8513], [-88.7202, 34.8544], [-88.7167, 34.8528], [-88.7089, 34.8648], [-88.7046, 34.8673], [-88.6958, 34.8673], [-88.6917, 34.8696], [-88.6752, 34.8655], [-88.6654, 34.8704], [-88.6649, 34.8569], [-88.6404, 34.8621], [-88.6357, 34.8575], [-88.6308, 34.858], [-88.6212, 34.8542], [-88.6141, 34.8545], [-88.61, 34.8581], [-88.5589, 34.8579], [-88.5589, 34.8444], [-88.5242, 34.8431], [-88.5179, 34.8406], [-88.5063, 34.8448], [-88.5054, 34.8545], [-88.4976, 34.8633], [-88.4896, 34.8582], [-88.4837, 34.8579], [-88.4804, 34.8478], [-88.4724, 34.8425], [-88.4731, 34.8381], [-88.4793, 34.8388], [-88.4929, 34.825], [-88.4947, 34.8148], [-88.4905, 34.8061], [-88.491, 34.7975], [-88.4805, 34.7864], [-88.4825, 34.783], [-88.4792, 34.7774], [-88.4867, 34.7698], [-88.4805, 34.769], [-88.4805, 34.7634], [-88.4835, 34.7597], [-88.481, 34.7559], [-88.7531, 34.757], [-88.753, 34.8473]]]}}, {"type": "Feature", "properties": {"fips": "28145950100", "gap_national": 21.2, "gap_stratum": 4.2, "burden": 81.7, "capacity": 61.1, "svi": 0.52, "top_decile_gap": 0.0, "stratum": "small_town", "scored": 1}, "geometry": {"type": "Polygon", "coordinates": [[[-88.7354, 34.5965], [-88.7367, 34.4947], [-88.8141, 34.4951], [-88.8187, 34.4915], [-88.8172, 34.4884], [-88.8206, 34.4866], [-88.8358, 34.4885], [-88.8411, 34.4868], [-88.8503, 34.4899], [-88.8527, 34.4872], [-88.8744, 34.487], [-88.8824, 34.4994], [-88.8919, 34.5041], [-88.9174, 34.4955], [-88.9209, 34.4969], [-88.9225, 34.4942], [-88.9351, 34.4902], [-88.9379, 34.4734], [-88.9723, 34.4744], [-88.9832, 34.4818], [-88.9789, 34.4887], [-88.9742, 34.4903], [-88.9636, 34.4882], [-88.964, 34.5028], [-88.9473, 34.5031], [-88.943, 34.5118], [-88.9455, 34.53], [-88.955, 34.5312], [-88.9594, 34.5227], [-88.9654, 34.5184], [-89.0116, 34.5002], [-89.0078, 34.5081], [-89.0089, 34.5158], [-89.0196, 34.5251], [-89.0256, 34.5188], [-89.0341, 34.5319], [-89.0369, 34.5417], [-89.0397, 34.581], [-89.0451, 34.5927], [-89.0529, 34.5956], [-89.0545, 34.5986], [-88.7354, 34.5965]]]}}, {"type": "Feature", "properties": {"fips": "28151000300", "gap_national": 34.5, "gap_stratum": 34.9, "burden": 98.4, "capacity": 61.1, "svi": 0.99, "top_decile_gap": 0.0, "stratum": "micropolitan", "scored": 1}, "geometry": {"type": "Polygon", "coordinates": [[[-91.0493, 33.4437], [-91.0421, 33.448], [-91.0432, 33.4504], [-91.0332, 33.4554], [-91.029, 33.4383], [-91.0239, 33.4297], [-91.0211, 33.4266], [-91.0107, 33.4274], [-91.0116, 33.4185], [-90.9848, 33.4228], [-90.9816, 33.4183], [-91.0375, 33.4134], [-91.0386, 33.4233], [-91.052, 33.426], [-91.0493, 33.4437]]]}}, {"type": "Feature", "properties": {"fips": "28151001700", "gap_national": 27.2, "gap_stratum": 24.5, "burden": 92.4, "capacity": 63.4, "svi": 0.72, "top_decile_gap": 0.0, "stratum": "micropolitan", "scored": 1}, "geometry": {"type": "Polygon", "coordinates": [[[-90.8943, 33.3694], [-90.9023, 33.3735], [-90.9077, 33.3821], [-90.9042, 33.384], [-90.9019, 33.3809], [-90.8958, 33.3791], [-90.9007, 33.3926], [-90.8879, 33.3891], [-90.8858, 33.3906], [-90.8861, 33.3951], [-90.8897, 33.3997], [-90.9002, 33.3973], [-90.9055, 33.3985], [-90.8803, 33.4262], [-90.8769, 33.4272], [-90.8811, 33.4195], [-90.8762, 33.4114], [-90.8683, 33.3849], [-90.871, 33.3575], [-90.9081, 33.3576], [-90.9025, 33.3602], [-90.8943, 33.3694]]]}}, {"type": "Feature", "properties": {"fips": "28151001100", "gap_national": 38.0, "gap_stratum": 39.3, "burden": 99.0, "capacity": 59.0, "svi": 0.95, "top_decile_gap": 0.0, "stratum": "micropolitan", "scored": 1}, "geometry": {"type": "Polygon", "coordinates": [[[-91.0459, 33.41], [-91.0375, 33.4134], [-91.0377, 33.3995], [-91.0464, 33.3994], [-91.0459, 33.41]]]}}, {"type": "Feature", "properties": {"fips": "28155950300", "gap_national": 24.3, "gap_stratum": 27.7, "burden": 93.5, "capacity": 65.9, "svi": 0.93, "top_decile_gap": 0.0, "stratum": "rural", "scored": 1}, "geometry": {"type": "Polygon", "coordinates": [[[-89.29, 33.5472], [-89.2685, 33.5473], [-89.2674, 33.5408], [-89.2581, 33.5406], [-89.253, 33.5337], [-89.2533, 33.5265], [-89.2586, 33.5248], [-89.2537, 33.5179], [-89.2611, 33.5186], [-89.2717, 33.5112], [-89.2881, 33.5075], [-89.2833, 33.5098], [-89.2829, 33.5171], [-89.2931, 33.5257], [-89.2933, 33.533], [-89.2972, 33.5426], [-89.29, 33.5472]]]}}, {"type": "Feature", "properties": {"fips": "28145950600", "gap_national": 19.6, "gap_stratum": -5.4, "burden": 71.7, "capacity": 55.3, "svi": 0.57, "top_decile_gap": 0.0, "stratum": "small_town", "scored": 1}, "geometry": {"type": "Polygon", "coordinates": [[[-89.2462, 34.466], [-89.2188, 34.4857], [-89.2119, 34.4862], [-89.1854, 34.4779], [-89.1702, 34.4672], [-89.1279, 34.4673], [-89.1208, 34.4679], [-89.0909, 34.4793], [-89.0793, 34.4899], [-89.0609, 34.4919], [-89.0612, 34.4804], [-89.0732, 34.4558], [-89.0566, 34.4636], [-89.0523, 34.4513], [-89.0521, 34.4385], [-89.0159, 34.4383], [-89.0165, 34.3967], [-89.0228, 34.38], [-89.2463, 34.3793], [-89.2462, 34.466]]]}}, {"type": "Feature", "properties": {"fips": "28029950600", "gap_national": 15.2, "gap_stratum": 16.6, "burden": 90.2, "capacity": 70.7, "svi": 0.38, "top_decile_gap": 0.0, "stratum": "metropolitan", "scored": 1}, "geometry": {"type": "Polygon", "coordinates": [[[-90.7356, 31.8155], [-90.733, 31.83], [-90.7168, 31.8458], [-90.7117, 31.8407], [-90.6951, 31.8392], [-90.6901, 31.8361], [-90.6892, 31.8281], [-90.6797, 31.8226], [-90.6432, 31.8236], [-90.6331, 31.828], [-90.6259, 31.8373], [-90.6193, 31.8389], [-90.6161, 31.8333], [-90.6098, 31.8299], [-90.57, 31.828], [-90.5481, 31.8208], [-90.5367, 31.8295], [-90.5363, 31.8346], [-90.5318, 31.8413], [-90.519, 31.8521], [-90.5184, 31.8596], [-90.5063, 31.8591], [-90.5055, 31.8521], [-90.5025, 31.8523], [-90.4921, 31.8592], [-90.4917, 31.8625], [-90.4823, 31.861], [-90.4759, 31.8657], [-90.4592, 31.8677], [-90.4443, 31.8756], [-90.4374, 31.8751], [-90.4337, 31.8788], [-90.4232, 31.8794], [-90.4199, 31.8818], [-90.4175, 31.8792], [-90.4168, 31.8865], [-90.4099, 31.8861], [-90.4153, 31.84], [-90.3964, 31.8412], [-90.4, 31.8122], [-90.4073, 31.8022], [-90.4085, 31.7965], [-90.3954, 31.7606], [-90.3952, 31.7431], [-90.4014, 31.7405], [-90.395, 31.7296], [-90.4001, 31.7266], [-90.3994, 31.7191], [-90.4022, 31.7118], [-90.4143, 31.7086], [-90.4133, 31.7041], [-90.4196, 31.7005], [-90.7368, 31.6985], [-90.7356, 31.8155]]]}}, {"type": "Feature", "properties": {"fips": "28035010700", "gap_national": 36.4, "gap_stratum": 36.5, "burden": 86.3, "capacity": 54.0, "svi": 0.91, "top_decile_gap": 0.0, "stratum": "metropolitan", "scored": 1}, "geometry": {"type": "Polygon", "coordinates": [[[-89.306, 31.3494], [-89.3025, 31.3523], [-89.2982, 31.3501], [-89.2967, 31.3514], [-89.2935, 31.3468], [-89.2868, 31.3477], [-89.2802, 31.3436], [-89.2776, 31.3353], [-89.2819, 31.332], [-89.2794, 31.3309], [-89.2808, 31.3289], [-89.2869, 31.3246], [-89.2858, 31.3219], [-89.2935, 31.3218], [-89.2974, 31.3248], [-89.2957, 31.3309], [-89.3067, 31.3441], [-89.306, 31.3494]]]}}, {"type": "Feature", "properties": {"fips": "28035001100", "gap_national": 63.8, "gap_stratum": 62.9, "burden": 89.9, "capacity": 36.1, "svi": 0.98, "top_decile_gap": 1.0, "stratum": "metropolitan", "scored": 1}, "geometry": {"type": "Polygon", "coordinates": [[[-89.3365, 31.3679], [-89.333, 31.3663], [-89.3299, 31.3547], [-89.3265, 31.3581], [-89.3176, 31.3562], [-89.3116, 31.3577], [-89.306, 31.3494], [-89.3067, 31.3422], [-89.3038, 31.3415], [-89.2969, 31.3325], [-89.329, 31.3325], [-89.3297, 31.3439], [-89.3466, 31.3569], [-89.3365, 31.3679]]]}}, {"type": "Feature", "properties": {"fips": "28035010101", "gap_national": -28.3, "gap_stratum": -20.7, "burden": 47.0, "capacity": 67.9, "svi": 0.37, "top_decile_gap": 0.0, "stratum": "metropolitan", "scored": 1}, "geometry": {"type": "Polygon", "coordinates": [[[-89.2384, 31.2961], [-89.2371, 31.3105], [-89.2246, 31.3136], [-89.2291, 31.3224], [-89.233, 31.325], [-89.2339, 31.3309], [-89.2413, 31.3349], [-89.2296, 31.3501], [-89.1791, 31.3512], [-89.1462, 31.3632], [-89.1456, 31.2243], [-89.1562, 31.2231], [-89.1627, 31.2178], [-89.167, 31.2179], [-89.1718, 31.2269], [-89.1766, 31.2296], [-89.182, 31.2289], [-89.1819, 31.2353], [-89.1847, 31.2378], [-89.1924, 31.2376], [-89.1958, 31.2481], [-89.2024, 31.2468], [-89.2043, 31.2508], [-89.2141, 31.2533], [-89.2161, 31.2609], [-89.2254, 31.2595], [-89.2308, 31.2675], [-89.2312, 31.2737], [-89.2384, 31.2732], [-89.2376, 31.2792], [-89.2434, 31.2829], [-89.2384, 31.2961]]]}}, {"type": "Feature", "properties": {"fips": "28035010400", "gap_national": 35.2, "gap_stratum": 39.2, "burden": 69.7, "capacity": 42.7, "svi": 0.91, "top_decile_gap": 0.0, "stratum": "metropolitan", "scored": 1}, "geometry": {"type": "Polygon", "coordinates": [[[-89.2731, 31.3467], [-89.2484, 31.3469], [-89.2296, 31.3501], [-89.2413, 31.3349], [-89.2339, 31.3309], [-89.233, 31.325], [-89.2291, 31.3224], [-89.2246, 31.3136], [-89.2371, 31.3105], [-89.2379, 31.3025], [-89.243, 31.2925], [-89.2472, 31.2962], [-89.2522, 31.2962], [-89.2541, 31.3031], [-89.2629, 31.3065], [-89.2621, 31.3098], [-89.2579, 31.3109], [-89.2573, 31.315], [-89.2525, 31.3192], [-89.2626, 31.3213], [-89.2791, 31.3369], [-89.2801, 31.3433], [-89.2731, 31.3467]]]}}, {"type": "Feature", "properties": {"fips": "28039950101", "gap_national": 23.3, "gap_stratum": 27.5, "burden": 69.5, "capacity": 51.1, "svi": 0.7, "top_decile_gap": 0.0, "stratum": "metropolitan", "scored": 1}, "geometry": {"type": "Polygon", "coordinates": [[[-88.5918, 30.8455], [-88.5848, 30.8488], [-88.5809, 30.8551], [-88.5833, 30.8644], [-88.5817, 30.8693], [-88.5899, 30.8852], [-88.5888, 30.8916], [-88.5925, 30.8968], [-88.5939, 30.9103], [-88.5653, 30.9095], [-88.564, 30.9076], [-88.5595, 30.9089], [-88.5438, 30.9051], [-88.5366, 30.9094], [-88.5304, 30.9093], [-88.524, 30.903], [-88.5037, 30.8951], [-88.4887, 30.8813], [-88.4793, 30.8767], [-88.4481, 30.8716], [-88.428, 30.8605], [-88.4183, 30.8586], [-88.4125, 30.7356], [-88.5728, 30.7349], [-88.5713, 30.7397], [-88.5746, 30.7626], [-88.5784, 30.7647], [-88.581, 30.7747], [-88.5768, 30.7788], [-88.5728, 30.7961], [-88.5768, 30.8014], [-88.5784, 30.806], [-88.5766, 30.808], [-88.5854, 30.8289], [-88.592, 30.833], [-88.594, 30.8388], [-88.5918, 30.8455]]]}}, {"type": "Feature", "properties": {"fips": "28039950200", "gap_national": 47.6, "gap_stratum": 56.1, "burden": 88.1, "capacity": 47.4, "svi": 0.87, "top_decile_gap": 0.0, "stratum": "rural", "scored": 1}, "geometry": {"type": "Polygon", "coordinates": [[[-88.5954, 30.948], [-88.5912, 30.9341], [-88.5598, 30.9078], [-88.598, 30.9102], [-88.609, 30.8969], [-88.6164, 30.8935], [-88.6121, 30.9363], [-88.6165, 30.9412], [-88.5954, 30.948]]]}}, {"type": "Feature", "properties": {"fips": "28047003600", "gap_national": 33.5, "gap_stratum": 33.6, "burden": 88.0, "capacity": 57.0, "svi": 0.89, "top_decile_gap": 0.0, "stratum": "metropolitan", "scored": 1}, "geometry": {"type": "MultiPolygon", "coordinates": [[[[-88.8299, 30.3716], [-88.8188, 30.3609], [-88.8664, 30.3815], [-88.8668, 30.383], [-88.8299, 30.3716]]], [[[-88.8677, 30.4017], [-88.8677, 30.3923], [-88.8577, 30.3927], [-88.8573, 30.3909], [-88.8944, 30.3934], [-88.895, 30.3989], [-88.8677, 30.4017]]], [[[-88.8814, 30.2439], [-88.8728, 30.2478], [-88.8813, 30.2398], [-88.898, 30.2299], [-88.9028, 30.2279], [-88.9039, 30.2295], [-88.8814, 30.2439]]], [[[-88.9715, 30.213], [-88.9519, 30.2128], [-88.9595, 30.2085], [-88.9756, 30.2083], [-88.9804, 30.2105], [-88.9715, 30.213]]], [[[-89.078, 30.2295], [-89.0683, 30.2472], [-89.0657, 30.2457], [-89.0686, 30.2359], [-89.0851, 30.2132], [-89.092, 30.216], [-89.1104, 30.215], [-89.1105, 30.2226], [-89.1326, 30.2276], [-89.1311, 30.231], [-89.078, 30.2295]]]]}}, {"type": "Feature", "properties": {"fips": "28047003208", "gap_national": 41.5, "gap_stratum": 46.5, "burden": 66.7, "capacity": 34.7, "svi": 0.81, "top_decile_gap": 0.0, "stratum": "metropolitan", "scored": 1}, "geometry": {"type": "Polygon", "coordinates": [[[-89.0569, 30.4406], [-89.0594, 30.4411], [-89.0605, 30.4496], [-89.0309, 30.4497], [-89.0254, 30.4555], [-89.0099, 30.4508], [-89.0096, 30.4531], [-89.0074, 30.4466], [-89.0119, 30.439], [-89.0069, 30.4297], [-88.9928, 30.4346], [-88.9811, 30.4283], [-88.9788, 30.4159], [-89.0014, 30.4158], [-89.0379, 30.4264], [-89.0659, 30.4248], [-89.0733, 30.429], [-89.0874, 30.4317], [-89.0569, 30.4406]]]}}, {"type": "Feature", "properties": {"fips": "28047001800", "gap_national": 48.6, "gap_stratum": 46.2, "burden": 99.6, "capacity": 52.1, "svi": 0.99, "top_decile_gap": 0.0, "stratum": "metropolitan", "scored": 1}, "geometry": {"type": "Polygon", "coordinates": [[[-89.0887, 30.4321], [-89.0733, 30.429], [-89.0659, 30.4248], [-89.0706, 30.4245], [-89.0647, 30.4206], [-89.0702, 30.4153], [-89.0774, 30.4154], [-89.085, 30.419], [-89.0861, 30.4165], [-89.0825, 30.4132], [-89.082, 30.4021], [-89.0772, 30.4017], [-89.0775, 30.3986], [-89.0693, 30.3986], [-89.0666, 30.3951], [-89.0606, 30.394], [-89.0574, 30.3967], [-89.061, 30.3914], [-89.0956, 30.3902], [-89.0963, 30.4319], [-89.0982, 30.4392], [-89.0887, 30.4321]]]}}, {"type": "Feature", "properties": {"fips": "28081950302", "gap_national": 8.6, "gap_stratum": -8.2, "burden": 74.6, "capacity": 64.7, "svi": 0.71, "top_decile_gap": 0.0, "stratum": "micropolitan", "scored": 1}, "geometry": {"type": "Polygon", "coordinates": [[[-88.668, 34.228], [-88.6491, 34.2597], [-88.6378, 34.2651], [-88.5627, 34.2669], [-88.5445, 34.2648], [-88.5436, 34.1804], [-88.5572, 34.1915], [-88.5616, 34.1915], [-88.5632, 34.1867], [-88.574, 34.1842], [-88.5955, 34.1843], [-88.6011, 34.189], [-88.6078, 34.1906], [-88.6359, 34.1919], [-88.656, 34.1956], [-88.6553, 34.1868], [-88.6633, 34.1835], [-88.6741, 34.2097], [-88.6815, 34.2208], [-88.668, 34.228]]]}}, {"type": "Feature", "properties": {"fips": "28081950301", "gap_national": 0.6, "gap_stratum": -24.9, "burden": 61.4, "capacity": 59.7, "svi": 0.51, "top_decile_gap": 0.0, "stratum": "micropolitan", "scored": 1}, "geometry": {"type": "Polygon", "coordinates": [[[-88.6765, 34.2886], [-88.6714, 34.2885], [-88.6504, 34.2971], [-88.6426, 34.2939], [-88.6281, 34.2942], [-88.6307, 34.2994], [-88.6249, 34.3183], [-88.6222, 34.3171], [-88.6088, 34.3211], [-88.595, 34.3308], [-88.5776, 34.3266], [-88.5618, 34.3335], [-88.5446, 34.3352], [-88.5445, 34.2648], [-88.5627, 34.2669], [-88.6348, 34.2655], [-88.6491, 34.2597], [-88.6484, 34.2727], [-88.6566, 34.2692], [-88.6604, 34.2806], [-88.6799, 34.2835], [-88.6765, 34.2886]]]}}, {"type": "Feature", "properties": {"fips": "28081951002", "gap_national": 38.3, "gap_stratum": 38.3, "burden": 91.8, "capacity": 55.8, "svi": 0.93, "top_decile_gap": 0.0, "stratum": "micropolitan", "scored": 1}, "geometry": {"type": "Polygon", "coordinates": [[[-88.747, 34.1977], [-88.7451, 34.2063], [-88.72, 34.2065], [-88.7199, 34.2099], [-88.708, 34.2092], [-88.703, 34.1625], [-88.7295, 34.1626], [-88.7539, 34.1919], [-88.747, 34.1977]]]}}, {"type": "Feature", "properties": {"fips": "28047002500", "gap_national": 5.0, "gap_stratum": 6.5, "burden": 14.8, "capacity": 10.8, "svi": 0.48, "top_decile_gap": 0.0, "stratum": "metropolitan", "scored": 1}, "geometry": {"type": "Polygon", "coordinates": [[[-89.112, 30.384], [-89.1121, 30.382], [-89.1028, 30.3818], [-89.103, 30.3766], [-89.1194, 30.3766], [-89.1206, 30.3718], [-89.1272, 30.3692], [-89.1369, 30.3692], [-89.141, 30.3759], [-89.1446, 30.3766], [-89.145, 30.3838], [-89.112, 30.384]]]}}, {"type": "Feature", "properties": {"fips": "28057950400", "gap_national": 2.5, "gap_stratum": -20.8, "burden": 76.7, "capacity": 70.6, "svi": 0.37, "top_decile_gap": 0.0, "stratum": "rural", "scored": 1}, "geometry": {"type": "Polygon", "coordinates": [[[-88.4082, 34.2402], [-88.4107, 34.2452], [-88.395, 34.2477], [-88.3852, 34.256], [-88.3771, 34.2542], [-88.3718, 34.2625], [-88.3744, 34.2685], [-88.3735, 34.2786], [-88.3474, 34.2746], [-88.3371, 34.2699], [-88.3338, 34.2794], [-88.3203, 34.2791], [-88.3176, 34.2833], [-88.3128, 34.2852], [-88.3025, 34.2829], [-88.2939, 34.2843], [-88.294, 34.2874], [-88.3007, 34.2925], [-88.2978, 34.3121], [-88.2935, 34.318], [-88.2957, 34.333], [-88.3002, 34.3379], [-88.3058, 34.3583], [-88.2921, 34.367], [-88.259, 34.3683], [-88.2555, 34.3732], [-88.2308, 34.3839], [-88.2275, 34.3813], [-88.2191, 34.3815], [-88.2146, 34.3841], [-88.2053, 34.3767], [-88.2052, 34.3877], [-88.1987, 34.4022], [-88.1979, 34.4093], [-88.1891, 34.4161], [-88.1673, 34.4265], [-88.1594, 34.4363], [-88.2038, 34.0866], [-88.4017, 34.0875], [-88.4014, 34.0966], [-88.3939, 34.1219], [-88.3812, 34.1397], [-88.3793, 34.179], [-88.3866, 34.1944], [-88.3908, 34.2146], [-88.4127, 34.2375], [-88.4082, 34.2402]]]}}, {"type": "Feature", "properties": {"fips": "28081951001", "gap_national": 14.4, "gap_stratum": 8.4, "burden": 89.2, "capacity": 70.6, "svi": 0.61, "top_decile_gap": 0.0, "stratum": "micropolitan", "scored": 1}, "geometry": {"type": "Polygon", "coordinates": [[[-88.8177, 34.206], [-88.8167, 34.1952], [-88.8108, 34.1916], [-88.7539, 34.1919], [-88.7295, 34.1626], [-88.7194, 34.1625], [-88.7193, 34.1206], [-88.7336, 34.0748], [-88.8245, 34.0749], [-88.8248, 34.206], [-88.8177, 34.206]]]}}, {"type": "Feature", "properties": {"fips": "28093950402", "gap_national": 53.0, "gap_stratum": 49.5, "burden": 85.8, "capacity": 41.8, "svi": 0.91, "top_decile_gap": 1.0, "stratum": "small_town", "scored": 1}, "geometry": {"type": "Polygon", "coordinates": [[[-89.4583, 34.7209], [-89.4534, 34.7294], [-89.4596, 34.7371], [-89.4531, 34.7509], [-89.4509, 34.7675], [-89.4486, 34.7675], [-89.4498, 34.788], [-89.4435, 34.8051], [-89.4307, 34.7938], [-89.4233, 34.8006], [-89.4177, 34.8021], [-89.4126, 34.8003], [-89.4111, 34.7926], [-89.4073, 34.7937], [-89.4104, 34.7856], [-89.4141, 34.7825], [-89.4148, 34.7719], [-89.4027, 34.7715], [-89.4072, 34.7622], [-89.4045, 34.7571], [-89.4079, 34.7579], [-89.4089, 34.7559], [-89.41, 34.746], [-89.4143, 34.7481], [-89.4159, 34.7285], [-89.4233, 34.7268], [-89.4419, 34.7393], [-89.4519, 34.7093], [-89.4574, 34.7137], [-89.4624, 34.7137], [-89.4629, 34.718], [-89.4583, 34.7209]]]}}, {"type": "Feature", "properties": {"fips": "28141950200", "gap_national": 14.3, "gap_stratum": 5.2, "burden": 85.5, "capacity": 68.3, "svi": 0.75, "top_decile_gap": 0.0, "stratum": "rural", "scored": 1}, "geometry": {"type": "Polygon", "coordinates": [[[-88.2187, 34.8428], [-88.2098, 34.8482], [-88.2024, 34.8484], [-88.1851, 34.8595], [-88.1803, 34.8495], [-88.1808, 34.8334], [-88.1655, 34.8336], [-88.1717, 34.8202], [-88.1666, 34.8103], [-88.168, 34.7947], [-88.1726, 34.789], [-88.1767, 34.7982], [-88.1837, 34.8061], [-88.1837, 34.8017], [-88.1853, 34.8033], [-88.2019, 34.8013], [-88.2038, 34.8023], [-88.2018, 34.8057], [-88.215, 34.8081], [-88.1984, 34.8121], [-88.2114, 34.8179], [-88.2221, 34.832], [-88.2187, 34.8428]]]}}, {"type": "Feature", "properties": {"fips": "28149950200", "gap_national": 24.6, "gap_stratum": 22.5, "burden": 95.9, "capacity": 66.7, "svi": 0.94, "top_decile_gap": 0.0, "stratum": "micropolitan", "scored": 1}, "geometry": {"type": "Polygon", "coordinates": [[[-90.8765, 32.3704], [-90.8746, 32.3691], [-90.8736, 32.3725], [-90.8674, 32.3729], [-90.8623, 32.3788], [-90.8571, 32.3779], [-90.855, 32.3841], [-90.8493, 32.3853], [-90.8468, 32.3819], [-90.8324, 32.3798], [-90.8296, 32.3738], [-90.8275, 32.3744], [-90.8294, 32.3484], [-90.843, 32.3435], [-90.853, 32.3435], [-90.8571, 32.3465], [-90.8557, 32.3474], [-90.863, 32.3498], [-90.8624, 32.3545], [-90.8671, 32.3523], [-90.8779, 32.3537], [-90.8822, 32.3576], [-90.8765, 32.3704]]]}}, {"type": "Feature", "properties": {"fips": "28149950901", "gap_national": -31.1, "gap_stratum": -63.5, "burden": 55.7, "capacity": 78.6, "svi": 0.38, "top_decile_gap": 0.0, "stratum": "micropolitan", "scored": 1}, "geometry": {"type": "Polygon", "coordinates": [[[-90.8271, 32.4022], [-90.8156, 32.4068], [-90.811, 32.4136], [-90.797, 32.4048], [-90.8055, 32.3902], [-90.8, 32.3923], [-90.7961, 32.3981], [-90.7939, 32.3973], [-90.7952, 32.3929], [-90.7913, 32.3971], [-90.7772, 32.398], [-90.7704, 32.3936], [-90.7671, 32.3878], [-90.7582, 32.3866], [-90.759, 32.3824], [-90.7525, 32.3915], [-90.7307, 32.3959], [-90.7202, 32.4028], [-90.7015, 32.3977], [-90.6934, 32.3983], [-90.685, 32.4032], [-90.6681, 32.4003], [-90.6579, 32.3901], [-90.6497, 32.3895], [-90.6517, 32.3875], [-90.6506, 32.3849], [-90.6452, 32.3842], [-90.6455, 32.3787], [-90.6397, 32.3699], [-90.6375, 32.3708], [-90.6393, 32.3676], [-90.6355, 32.3681], [-90.6304, 32.3533], [-90.6514, 32.3551], [-90.6868, 32.364], [-90.7401, 32.3531], [-90.7809, 32.3541], [-90.8294, 32.3484], [-90.8271, 32.4022]]]}}, {"type": "Feature", "properties": {"fips": "28153950200", "gap_national": 36.4, "gap_stratum": 49.2, "burden": 95.9, "capacity": 58.9, "svi": 1.0, "top_decile_gap": 0.0, "stratum": "rural", "scored": 1}, "geometry": {"type": "Polygon", "coordinates": [[[-88.675, 31.6883], [-88.6687, 31.6974], [-88.6586, 31.6943], [-88.6521, 31.6963], [-88.6466, 31.6944], [-88.6447, 31.6974], [-88.6447, 31.6958], [-88.6268, 31.697], [-88.6249, 31.7], [-88.6205, 31.7002], [-88.6151, 31.6811], [-88.63, 31.6729], [-88.626, 31.6698], [-88.6233, 31.6575], [-88.6265, 31.6491], [-88.6262, 31.6378], [-88.6194, 31.6349], [-88.6273, 31.6306], [-88.636, 31.6333], [-88.6401, 31.6283], [-88.6463, 31.6345], [-88.6485, 31.6405], [-88.6574, 31.6423], [-88.6605, 31.639], [-88.6631, 31.6413], [-88.6616, 31.6569], [-88.6752, 31.6558], [-88.6815, 31.6529], [-88.6828, 31.6652], [-88.68, 31.672], [-88.6829, 31.6765], [-88.6832, 31.683], [-88.675, 31.6883]]]}}, {"type": "Feature", "properties": {"fips": "28147950200", "gap_national": 27.9, "gap_stratum": 34.9, "burden": 97.6, "capacity": 65.2, "svi": 0.94, "top_decile_gap": 0.0, "stratum": "rural", "scored": 1}, "geometry": {"type": "Polygon", "coordinates": [[[-90.1718, 31.1278], [-90.1715, 31.1317], [-90.1645, 31.1311], [-90.1603, 31.1349], [-90.1473, 31.1322], [-90.1471, 31.1304], [-90.1386, 31.1304], [-90.1368, 31.1337], [-90.1335, 31.1334], [-90.1279, 31.123], [-90.1312, 31.1161], [-90.1297, 31.111], [-90.137, 31.1142], [-90.1363, 31.1116], [-90.1421, 31.1047], [-90.1455, 31.1067], [-90.1666, 31.1067], [-90.1671, 31.1197], [-90.1725, 31.1205], [-90.1759, 31.1254], [-90.1718, 31.1278]]]}}, {"type": "Feature", "properties": {"fips": "28121021001", "gap_national": 19.6, "gap_stratum": 23.3, "burden": 74.5, "capacity": 57.3, "svi": 0.66, "top_decile_gap": 0.0, "stratum": "metropolitan", "scored": 1}, "geometry": {"type": "Polygon", "coordinates": [[[-90.2066, 32.1663], [-90.1872, 32.1641], [-90.1756, 32.1682], [-90.1723, 32.1726], [-90.1719, 32.1944], [-90.1651, 32.2007], [-90.1516, 32.2046], [-90.1428, 32.1902], [-90.1385, 32.1881], [-90.1273, 32.1583], [-90.1203, 32.151], [-90.1201, 32.147], [-90.1393, 32.1284], [-90.1436, 32.1261], [-90.1452, 32.1277], [-90.1508, 32.1213], [-90.1567, 32.1227], [-90.1593, 32.1152], [-90.1576, 32.1145], [-90.1614, 32.1108], [-90.1658, 32.1108], [-90.1675, 32.1138], [-90.1637, 32.1253], [-90.1703, 32.1297], [-90.1765, 32.1307], [-90.1808, 32.1409], [-90.18, 32.1481], [-90.1878, 32.1525], [-90.1954, 32.1484], [-90.2065, 32.1483], [-90.2083, 32.1629], [-90.2066, 32.1663]]]}}, {"type": "Feature", "properties": {"fips": "28083950600", "gap_national": -22.2, "gap_stratum": -50.2, "burden": 64.5, "capacity": 79.9, "svi": 0.55, "top_decile_gap": 0.0, "stratum": "micropolitan", "scored": 1}, "geometry": {"type": "Polygon", "coordinates": [[[-90.243, 33.5439], [-90.239, 33.5338], [-90.229, 33.5313], [-90.2255, 33.5321], [-90.2271, 33.537], [-90.2247, 33.5408], [-90.2093, 33.5373], [-90.2074, 33.5346], [-90.2004, 33.5357], [-90.1887, 33.5425], [-90.1803, 33.5519], [-90.1656, 33.5442], [-90.1643, 33.54], [-90.1739, 33.5224], [-90.1782, 33.5235], [-90.1962, 33.5192], [-90.2068, 33.519], [-90.232, 33.5269], [-90.2425, 33.5268], [-90.2409, 33.5313], [-90.2478, 33.544], [-90.243, 33.5439]]]}}, {"type": "Feature", "properties": {"fips": "28083950700", "gap_national": 44.6, "gap_stratum": 47.5, "burden": 97.4, "capacity": 54.1, "svi": 0.87, "top_decile_gap": 0.0, "stratum": "micropolitan", "scored": 1}, "geometry": {"type": "Polygon", "coordinates": [[[-90.1782, 33.5235], [-90.1754, 33.5219], [-90.1638, 33.531], [-90.1638, 33.5217], [-90.1607, 33.5213], [-90.166, 33.5184], [-90.1929, 33.515], [-90.2037, 33.515], [-90.2037, 33.5191], [-90.1782, 33.5235]]]}}, {"type": "Feature", "properties": {"fips": "28083950900", "gap_national": 41.1, "gap_stratum": 42.8, "burden": 95.7, "capacity": 55.7, "svi": 0.93, "top_decile_gap": 0.0, "stratum": "micropolitan", "scored": 1}, "geometry": {"type": "Polygon", "coordinates": [[[-90.1778, 33.5085], [-90.1745, 33.5092], [-90.1744, 33.5179], [-90.166, 33.5184], [-90.1513, 33.5251], [-90.1533, 33.5103], [-90.1592, 33.5103], [-90.1582, 33.5027], [-90.1715, 33.5026], [-90.1718, 33.5053], [-90.181, 33.5035], [-90.1778, 33.5085]]]}}, {"type": "Feature", "properties": {"fips": "28083950100", "gap_national": 21.7, "gap_stratum": 18.4, "burden": 93.1, "capacity": 67.5, "svi": 0.59, "top_decile_gap": 0.0, "stratum": "micropolitan", "scored": 1}, "geometry": {"type": "Polygon", "coordinates": [[[-90.4516, 33.8114], [-90.1825, 33.809], [-90.1797, 33.8053], [-90.1817, 33.7994], [-90.1723, 33.7913], [-90.1712, 33.7873], [-90.1752, 33.7776], [-90.1856, 33.7655], [-90.2042, 33.7594], [-90.2252, 33.7593], [-90.2356, 33.7659], [-90.2391, 33.7612], [-90.2431, 33.7636], [-90.2501, 33.7631], [-90.2964, 33.7506], [-90.3056, 33.7427], [-90.3139, 33.7257], [-90.3117, 33.7163], [-90.3027, 33.7028], [-90.3106, 33.6992], [-90.2759, 33.5938], [-90.2488, 33.5456], [-90.2627, 33.5442], [-90.2742, 33.548], [-90.2866, 33.548], [-90.313, 33.542], [-90.3358, 33.5492], [-90.3602, 33.5531], [-90.3635, 33.5496], [-90.37, 33.5477], [-90.3833, 33.5505], [-90.3941, 33.5488], [-90.4001, 33.5562], [-90.4019, 33.5637], [-90.4181, 33.5675], [-90.4265, 33.5734], [-90.4285, 33.5708], [-90.4262, 33.5701], [-90.4259, 33.5662], [-90.43, 33.5624], [-90.4396, 33.555], [-90.4418, 33.5563], [-90.4528, 33.5529], [-90.4516, 33.8114]]]}}, {"type": "Feature", "properties": {"fips": "28121020101", "gap_national": -17.1, "gap_stratum": -9.6, "burden": 52.4, "capacity": 64.5, "svi": 0.24, "top_decile_gap": 0.0, "stratum": "metropolitan", "scored": 1}, "geometry": {"type": "Polygon", "coordinates": [[[-89.9566, 32.4171], [-89.9534, 32.4194], [-89.9462, 32.4352], [-89.9123, 32.4705], [-89.9258, 32.4992], [-89.9398, 32.5137], [-89.9294, 32.5133], [-89.9233, 32.5289], [-89.9112, 32.5287], [-89.9106, 32.5325], [-89.9129, 32.5356], [-89.9113, 32.5373], [-89.9022, 32.5383], [-89.8997, 32.5428], [-89.8932, 32.5424], [-89.8951, 32.5445], [-89.8929, 32.5497], [-89.8959, 32.5544], [-89.8869, 32.5629], [-89.8751, 32.5592], [-89.867, 32.5645], [-89.8638, 32.5693], [-89.8612, 32.5832], [-89.8589, 32.5848], [-89.8465, 32.5827], [-89.8417, 32.5875], [-89.84, 32.5933], [-89.8367, 32.5907], [-89.8369, 32.5854], [-89.8329, 32.5902], [-89.8326, 32.5864], [-89.8269, 32.5846], [-89.8179, 32.5867], [-89.8139, 32.5819], [-89.8124, 32.586], [-89.8079, 32.5841], [-89.8081, 32.5908], [-89.7985, 32.59], [-89.796, 32.5848], [-89.7921, 32.5874], [-89.795, 32.5923], [-89.7875, 32.592], [-89.7892, 32.5859], [-89.7859, 32.5837], [-89.7841, 32.5869], [-89.7405, 32.3992], [-89.7471, 32.399], [-89.7474, 32.3825], [-89.7531, 32.3814], [-89.7608, 32.3759], [-89.7717, 32.3741], [-89.7744, 32.3707], [-89.779, 32.3715], [-89.7795, 32.3644], [-89.7862, 32.3595], [-89.799, 32.3616], [-89.801, 32.3675], [-89.8444, 32.3673], [-89.8321, 32.3859], [-89.8292, 32.3958], [-89.8359, 32.3973], [-89.8376, 32.4025], [-89.8479, 32.3964], [-89.917, 32.3963], [-89.9392, 32.3994], [-89.9657, 32.3995], [-89.959, 32.4077], [-89.9566, 32.4171]]]}}, {"type": "Feature", "properties": {"fips": "28061950200", "gap_national": 9.7, "gap_stratum": 2.3, "burden": 89.2, "capacity": 74.4, "svi": 0.73, "top_decile_gap": 0.0, "stratum": "rural", "scored": 1}, "geometry": {"type": "Polygon", "coordinates": [[[-89.2879, 32.0124], [-89.2873, 32.0236], [-89.2769, 32.0245], [-89.2691, 32.0219], [-89.2624, 32.0151], [-89.2171, 32.011], [-89.2191, 31.9689], [-89.2147, 31.963], [-89.2469, 31.9617], [-89.255, 31.9688], [-89.2771, 31.9687], [-89.273, 31.9637], [-89.2723, 31.9581], [-89.2899, 31.9566], [-89.2954, 31.9653], [-89.3044, 31.9652], [-89.3049, 31.9617], [-89.3136, 31.9617], [-89.3176, 31.97], [-89.3218, 31.9632], [-89.3222, 32.0199], [-89.2879, 32.0124]]]}}, {"type": "Feature", "properties": {"fips": "28067950500", "gap_national": 22.6, "gap_stratum": 10.9, "burden": 78.3, "capacity": 58.0, "svi": 0.75, "top_decile_gap": 0.0, "stratum": "micropolitan", "scored": 1}, "geometry": {"type": "Polygon", "coordinates": [[[-89.1833, 31.7017], [-89.1778, 31.7076], [-89.1769, 31.7167], [-89.1605, 31.7141], [-89.1485, 31.7078], [-89.1276, 31.7077], [-89.1276, 31.7093], [-89.122, 31.7073], [-89.1124, 31.7105], [-89.1173, 31.7034], [-89.1174, 31.6977], [-89.1224, 31.6977], [-89.1293, 31.6915], [-89.1361, 31.6959], [-89.166, 31.6927], [-89.1848, 31.695], [-89.1833, 31.7017]]]}}, {"type": "Feature", "properties": {"fips": "28089030105", "gap_national": -8.2, "gap_stratum": -3.4, "burden": 41.2, "capacity": 50.1, "svi": 0.72, "top_decile_gap": 0.0, "stratum": "metropolitan", "scored": 1}, "geometry": {"type": "Polygon", "coordinates": [[[-90.159, 32.4119], [-90.1474, 32.4133], [-90.1438, 32.4282], [-90.1234, 32.4269], [-90.1235, 32.4141], [-90.1321, 32.4141], [-90.132, 32.3995], [-90.1766, 32.4002], [-90.159, 32.4119]]]}}, {"type": "Feature", "properties": {"fips": "28089030301", "gap_national": -75.6, "gap_stratum": -71.1, "burden": 25.7, "capacity": 91.4, "svi": 0.01, "top_decile_gap": 0.0, "stratum": "metropolitan", "scored": 1}, "geometry": {"type": "Polygon", "coordinates": [[[-90.2094, 32.5247], [-90.181, 32.5241], [-90.1512, 32.5168], [-90.132, 32.5168], [-90.1394, 32.5057], [-90.1408, 32.4779], [-90.1454, 32.4801], [-90.1725, 32.4819], [-90.1786, 32.4856], [-90.1872, 32.4828], [-90.2049, 32.4843], [-90.2052, 32.4877], [-90.218, 32.4942], [-90.2179, 32.5228], [-90.2094, 32.5247]]]}}, {"type": "Feature", "properties": {"fips": "28089030205", "gap_national": -66.0, "gap_stratum": -59.5, "burden": 36.0, "capacity": 98.1, "svi": 0.01, "top_decile_gap": 0.0, "stratum": "metropolitan", "scored": 1}, "geometry": {"type": "Polygon", "coordinates": [[[-90.1924, 32.4497], [-90.1917, 32.4545], [-90.1752, 32.4549], [-90.1664, 32.4591], [-90.1422, 32.4579], [-90.1444, 32.4507], [-90.1439, 32.4307], [-90.1616, 32.4312], [-90.1999, 32.4207], [-90.1988, 32.4354], [-90.2011, 32.4425], [-90.1924, 32.4497]]]}}, {"type": "Feature", "properties": {"fips": "28089030107", "gap_national": -52.8, "gap_stratum": -45.1, "burden": 40.7, "capacity": 83.4, "svi": 0.13, "top_decile_gap": 0.0, "stratum": "metropolitan", "scored": 1}, "geometry": {"type": "Polygon", "coordinates": [[[-90.0948, 32.4252], [-90.0855, 32.4272], [-90.0776, 32.4339], [-90.0704, 32.4487], [-90.0681, 32.4386], [-90.0701, 32.4338], [-90.0629, 32.42], [-90.0658, 32.4163], [-90.0705, 32.4177], [-90.0705, 32.42], [-90.0753, 32.4191], [-90.0637, 32.4042], [-90.0641, 32.3999], [-90.0678, 32.3995], [-90.0858, 32.4111], [-90.1063, 32.414], [-90.1063, 32.4271], [-90.0948, 32.4252]]]}}, {"type": "Feature", "properties": {"fips": "28069030200", "gap_national": 6.1, "gap_stratum": -2.3, "burden": 88.1, "capacity": 76.7, "svi": 0.6, "top_decile_gap": 0.0, "stratum": "micropolitan", "scored": 1}, "geometry": {"type": "Polygon", "coordinates": [[[-88.9144, 32.9266], [-88.6482, 32.9269], [-88.6577, 32.9199], [-88.6587, 32.9105], [-88.6645, 32.9032], [-88.6561, 32.8662], [-88.6553, 32.8419], [-88.6731, 32.8171], [-88.673, 32.8098], [-88.6671, 32.803], [-88.6654, 32.7921], [-88.6776, 32.8001], [-88.6887, 32.796], [-88.6825, 32.7797], [-88.6832, 32.7766], [-88.691, 32.7762], [-88.6907, 32.773], [-88.6747, 32.7596], [-88.6554, 32.7535], [-88.6624, 32.7368], [-88.6645, 32.719], [-88.674, 32.6995], [-88.6745, 32.6653], [-88.6812, 32.6587], [-88.6776, 32.6371], [-88.6824, 32.6272], [-88.6845, 32.6149], [-88.6777, 32.5952], [-88.6785, 32.5775], [-88.9145, 32.577], [-88.9144, 32.9266]]]}}, {"type": "Feature", "properties": {"fips": "28117950500", "gap_national": 48.4, "gap_stratum": 64.7, "burden": 94.9, "capacity": 50.4, "svi": 0.64, "top_decile_gap": 0.0, "stratum": "rural", "scored": 1}, "geometry": {"type": "Polygon", "coordinates": [[[-88.6559, 34.5229], [-88.6548, 34.5246], [-88.6706, 34.5392], [-88.6696, 34.5421], [-88.6627, 34.5464], [-88.6587, 34.5459], [-88.6487, 34.5352], [-88.648, 34.5522], [-88.6416, 34.5455], [-88.6339, 34.5418], [-88.6286, 34.542], [-88.625, 34.5454], [-88.6144, 34.5456], [-88.6104, 34.5483], [-88.606, 34.5373], [-88.6086, 34.5094], [-88.6676, 34.5091], [-88.6753, 34.5128], [-88.6811, 34.5236], [-88.6559, 34.5229]]]}}, {"type": "Feature", "properties": {"fips": "28059040203", "gap_national": -4.5, "gap_stratum": 2.4, "burden": 63.2, "capacity": 64.6, "svi": 0.66, "top_decile_gap": 0.0, "stratum": "metropolitan", "scored": 1}, "geometry": {"type": "Polygon", "coordinates": [[[-88.8285, 30.4847], [-88.8288, 30.4911], [-88.8329, 30.4949], [-88.8331, 30.513], [-88.8289, 30.5156], [-88.8286, 30.5195], [-88.8211, 30.52], [-88.8204, 30.5234], [-88.8165, 30.5238], [-88.8164, 30.5453], [-88.7491, 30.5456], [-88.6973, 30.5314], [-88.7127, 30.5283], [-88.7109, 30.5234], [-88.7074, 30.5218], [-88.7007, 30.5244], [-88.6938, 30.517], [-88.7033, 30.5068], [-88.7042, 30.4919], [-88.7122, 30.4824], [-88.7192, 30.4674], [-88.7175, 30.4417], [-88.732, 30.4466], [-88.7461, 30.4471], [-88.783, 30.4594], [-88.8137, 30.4546], [-88.8431, 30.4544], [-88.8435, 30.4576], [-88.8285, 30.4847]]]}}, {"type": "Feature", "properties": {"fips": "28011950702", "gap_national": 24.6, "gap_stratum": 22.6, "burden": 96.6, "capacity": 67.1, "svi": 0.91, "top_decile_gap": 0.0, "stratum": "micropolitan", "scored": 1}, "geometry": {"type": "Polygon", "coordinates": [[[-90.7264, 33.7352], [-90.7231, 33.7431], [-90.7158, 33.742], [-90.7158, 33.7376], [-90.7103, 33.7376], [-90.7107, 33.7183], [-90.73, 33.7185], [-90.7274, 33.7227], [-90.7264, 33.7352]]]}}, {"type": "Feature", "properties": {"fips": "28033070323", "gap_national": 52.9, "gap_stratum": 55.3, "burden": 78.1, "capacity": 35.9, "svi": 0.75, "top_decile_gap": 1.0, "stratum": "metropolitan", "scored": 1}, "geometry": {"type": "Polygon", "coordinates": [[[-90.0547, 34.983], [-90.0543, 34.9807], [-90.0503, 34.9815], [-90.0439, 34.9753], [-90.0377, 34.9745], [-90.0333, 34.9689], [-90.0313, 34.971], [-90.0293, 34.9664], [-90.0189, 34.9656], [-90.0165, 34.9627], [-90.0607, 34.9627], [-90.0608, 34.9845], [-90.0547, 34.983]]]}}, {"type": "Feature", "properties": {"fips": "28033070521", "gap_national": 11.0, "gap_stratum": 16.7, "burden": 52.6, "capacity": 45.8, "svi": 0.65, "top_decile_gap": 0.0, "stratum": "metropolitan", "scored": 1}, "geometry": {"type": "Polygon", "coordinates": [[[-89.9722, 34.9946], [-89.9722, 34.9772], [-89.9786, 34.9789], [-90.0017, 34.9773], [-90.0023, 34.9947], [-89.9722, 34.9946]]]}}, {"type": "Feature", "properties": {"fips": "28033070721", "gap_national": -38.1, "gap_stratum": -30.0, "burden": 45.6, "capacity": 74.3, "svi": 0.26, "top_decile_gap": 0.0, "stratum": "metropolitan", "scored": 1}, "geometry": {"type": "Polygon", "coordinates": [[[-89.8823, 34.9376], [-89.8702, 34.9405], [-89.8638, 34.9458], [-89.8357, 34.9477], [-89.8313, 34.9434], [-89.8305, 34.9458], [-89.7949, 34.927], [-89.7949, 34.9187], [-89.8888, 34.9186], [-89.8926, 34.9258], [-89.9011, 34.9289], [-89.9014, 34.9379], [-89.8823, 34.9376]]]}}, {"type": "Feature", "properties": {"fips": "28049010804", "gap_national": 18.1, "gap_stratum": 23.7, "burden": 55.8, "capacity": 43.2, "svi": 0.67, "top_decile_gap": 0.0, "stratum": "metropolitan", "scored": 1}, "geometry": {"type": "Polygon", "coordinates": [[[-90.3137, 32.3329], [-90.2987, 32.3258], [-90.309, 32.317], [-90.3257, 32.3265], [-90.3271, 32.3333], [-90.3137, 32.3329]]]}}, {"type": "Feature", "properties": {"fips": "28049011103", "gap_national": -27.6, "gap_stratum": -19.0, "burden": 53.6, "capacity": 73.2, "svi": 0.51, "top_decile_gap": 0.0, "stratum": "metropolitan", "scored": 1}, "geometry": {"type": "Polygon", "coordinates": [[[-90.2939, 32.2032], [-90.2867, 32.2025], [-90.2605, 32.1862], [-90.2529, 32.1936], [-90.2332, 32.2375], [-90.228, 32.2335], [-90.2188, 32.2351], [-90.2109, 32.2559], [-90.2102, 32.2683], [-90.1936, 32.2682], [-90.1931, 32.276], [-90.1868, 32.2726], [-90.1875, 32.2664], [-90.1836, 32.2655], [-90.1843, 32.2619], [-90.194, 32.2621], [-90.1973, 32.2568], [-90.2026, 32.2553], [-90.2053, 32.2519], [-90.2053, 32.2459], [-90.1996, 32.2441], [-90.1993, 32.2409], [-90.204, 32.2406], [-90.2027, 32.2367], [-90.2044, 32.2346], [-90.209, 32.2359], [-90.1964, 32.2253], [-90.1905, 32.2267], [-90.1909, 32.2228], [-90.1856, 32.218], [-90.191, 32.2097], [-90.1883, 32.2075], [-90.1906, 32.2056], [-90.1898, 32.2029], [-90.1822, 32.2012], [-90.189, 32.1944], [-90.1933, 32.1988], [-90.1966, 32.1956], [-90.1959, 32.1851], [-90.1978, 32.1879], [-90.2033, 32.187], [-90.2047, 32.1915], [-90.2126, 32.18], [-90.2263, 32.1789], [-90.2344, 32.1731], [-90.2363, 32.178], [-90.242, 32.178], [-90.2454, 32.1714], [-90.2419, 32.1551], [-90.2484, 32.1537], [-90.2484, 32.156], [-90.2549, 32.1565], [-90.261, 32.1541], [-90.2689, 32.1588], [-90.2668, 32.1593], [-90.2685, 32.1633], [-90.2723, 32.1665], [-90.2706, 32.1763], [-90.2804, 32.172], [-90.2958, 32.1782], [-90.2989, 32.2], [-90.2939, 32.2032]]]}}, {"type": "Feature", "properties": {"fips": "28087000102", "gap_national": 28.0, "gap_stratum": 16.3, "burden": 75.8, "capacity": 52.5, "svi": 0.32, "top_decile_gap": 0.0, "stratum": "micropolitan", "scored": 1}, "geometry": {"type": "Polygon", "coordinates": [[[-88.5103, 33.6503], [-88.5085, 33.6556], [-88.4978, 33.661], [-88.4964, 33.6641], [-88.4915, 33.6608], [-88.4877, 33.6656], [-88.4863, 33.6628], [-88.4832, 33.6657], [-88.4757, 33.6648], [-88.4737, 33.6668], [-88.4731, 33.6643], [-88.4675, 33.6632], [-88.4681, 33.6674], [-88.4663, 33.6676], [-88.4628, 33.6665], [-88.4613, 33.6627], [-88.4569, 33.6635], [-88.4498, 33.6705], [-88.4476, 33.6678], [-88.4451, 33.6716], [-88.4335, 33.6679], [-88.4255, 33.6754], [-88.4212, 33.6731], [-88.423, 33.6697], [-88.4156, 33.6707], [-88.4169, 33.6746], [-88.4137, 33.6773], [-88.4132, 33.6736], [-88.4091, 33.6776], [-88.41, 33.6757], [-88.4066, 33.6733], [-88.405, 33.6789], [-88.3988, 33.6789], [-88.403, 33.6826], [-88.3965, 33.683], [-88.3987, 33.6904], [-88.393, 33.6956], [-88.3888, 33.693], [-88.384, 33.6934], [-88.3864, 33.689], [-88.3744, 33.6852], [-88.3703, 33.6859], [-88.3705, 33.6887], [-88.3646, 33.6896], [-88.3588, 33.6959], [-88.3547, 33.6886], [-88.3543, 33.6847], [-88.362, 33.6818], [-88.3663, 33.6773], [-88.3666, 33.6325], [-88.3778, 33.6128], [-88.3782, 33.6026], [-88.3734, 33.5901], [-88.3731, 33.5803], [-88.3874, 33.5839], [-88.3877, 33.5883], [-88.3988, 33.5901], [-88.4032, 33.5839], [-88.4283, 33.5818], [-88.4225, 33.6038], [-88.4248, 33.6048], [-88.4392, 33.6084], [-88.454, 33.608], [-88.4545, 33.6106], [-88.4587, 33.6026], [-88.4647, 33.6037], [-88.4665, 33.6062], [-88.475, 33.6034], [-88.4932, 33.6148], [-88.5045, 33.6134], [-88.5069, 33.6175], [-88.4994, 33.6261], [-88.5017, 33.636], [-88.4986, 33.6417], [-88.4996, 33.6438], [-88.5125, 33.6443], [-88.5139, 33.6502], [-88.5103, 33.6503]], [[-88.4769, 33.6351], [-88.4663, 33.6357], [-88.4597, 33.6302], [-88.458, 33.6276], [-88.4593, 33.6258], [-88.4488, 33.6226], [-88.4487, 33.6179], [-88.4446, 33.618], [-88.4446, 33.6158], [-88.4403, 33.6158], [-88.4402, 33.6213], [-88.4191, 33.6237], [-88.4191, 33.6283], [-88.4274, 33.633], [-88.4278, 33.653], [-88.4567, 33.6607], [-88.4806, 33.6595], [-88.4801, 33.638], [-88.4769, 33.6351]]]}}, {"type": "Feature", "properties": {"fips": "28087000403", "gap_national": -11.0, "gap_stratum": -32.9, "burden": 72.1, "capacity": 77.7, "svi": 0.49, "top_decile_gap": 0.0, "stratum": "micropolitan", "scored": 1}, "geometry": {"type": "Polygon", "coordinates": [[[-88.4303, 33.4589], [-88.4229, 33.4619], [-88.4148, 33.4613], [-88.4039, 33.4776], [-88.3816, 33.4784], [-88.3636, 33.4696], [-88.3611, 33.4656], [-88.3446, 33.4602], [-88.3445, 33.4414], [-88.3592, 33.4419], [-88.3379, 33.4244], [-88.3336, 33.4095], [-88.3468, 33.4115], [-88.3546, 33.4092], [-88.3596, 33.4049], [-88.3005, 33.3208], [-88.3027, 33.3022], [-88.3237, 33.3184], [-88.334, 33.3217], [-88.3471, 33.3214], [-88.3588, 33.3255], [-88.3697, 33.3427], [-88.3732, 33.3426], [-88.3756, 33.3344], [-88.382, 33.3339], [-88.3861, 33.3349], [-88.3893, 33.3398], [-88.3979, 33.3426], [-88.3971, 33.3637], [-88.3916, 33.3638], [-88.3809, 33.3508], [-88.3761, 33.3523], [-88.3753, 33.3552], [-88.3873, 33.3658], [-88.3969, 33.379], [-88.4004, 33.3882], [-88.4001, 33.4026], [-88.4041, 33.4215], [-88.4097, 33.4226], [-88.4262, 33.4193], [-88.4338, 33.4215], [-88.4394, 33.4284], [-88.4425, 33.4433], [-88.4303, 33.4589]]]}}, {"type": "Feature", "properties": {"fips": "28121020209", "gap_national": -32.1, "gap_stratum": -23.4, "burden": 57.0, "capacity": 81.2, "svi": 0.08, "top_decile_gap": 0.0, "stratum": "metropolitan", "scored": 1}, "geometry": {"type": "Polygon", "coordinates": [[[-90.0479, 32.3889], [-90.0462, 32.386], [-90.0452, 32.3891], [-90.0427, 32.3864], [-90.0435, 32.3911], [-90.0384, 32.3872], [-90.0407, 32.3919], [-90.036, 32.3907], [-90.0384, 32.3948], [-90.0285, 32.394], [-90.0259, 32.3863], [-90.0035, 32.3844], [-90.004, 32.3796], [-89.9998, 32.3832], [-89.9833, 32.381], [-89.9765, 32.3838], [-89.9774, 32.3821], [-89.9755, 32.3792], [-89.9764, 32.3818], [-89.9734, 32.3835], [-89.9667, 32.3804], [-89.9778, 32.3783], [-89.9956, 32.3806], [-90.0153, 32.3719], [-90.0405, 32.382], [-90.0519, 32.3895], [-90.0479, 32.3889]]]}}, {"type": "Feature", "properties": {"fips": "28121020500", "gap_national": 90.4, "gap_stratum": 89.6, "burden": 98.9, "capacity": 15.8, "svi": 0.51, "top_decile_gap": 1.0, "stratum": "metropolitan", "scored": 1}, "geometry": {"type": "Polygon", "coordinates": [[[-90.0996, 32.2503], [-90.0869, 32.2497], [-90.0869, 32.2468], [-90.08, 32.2469], [-90.0814, 32.2508], [-90.0738, 32.2498], [-90.0738, 32.2477], [-90.0574, 32.2475], [-90.0574, 32.2397], [-90.0479, 32.2397], [-90.048, 32.2251], [-90.0637, 32.2253], [-90.0643, 32.2173], [-90.073, 32.2173], [-90.0728, 32.2144], [-90.0832, 32.2181], [-90.0854, 32.2166], [-90.0865, 32.2202], [-90.1006, 32.2312], [-90.0993, 32.24], [-90.1037, 32.2414], [-90.0996, 32.2503]]]}}, {"type": "Feature", "properties": {"fips": "28087000104", "gap_national": 11.8, "gap_stratum": -3.5, "burden": 76.5, "capacity": 63.8, "svi": 0.31, "top_decile_gap": 0.0, "stratum": "micropolitan", "scored": 1}, "geometry": {"type": "Polygon", "coordinates": [[[-88.3718, 33.5829], [-88.3782, 33.6026], [-88.3773, 33.6098], [-88.3313, 33.6087], [-88.331, 33.603], [-88.3182, 33.6158], [-88.3109, 33.6259], [-88.3101, 33.6315], [-88.2968, 33.646], [-88.2942, 33.6422], [-88.273, 33.6402], [-88.2729, 33.6328], [-88.2672, 33.6311], [-88.2702, 33.6256], [-88.2676, 33.6179], [-88.2724, 33.615], [-88.2707, 33.6098], [-88.2736, 33.605], [-88.2798, 33.6007], [-88.2803, 33.598], [-88.2815, 33.5994], [-88.2856, 33.5944], [-88.2872, 33.5957], [-88.2859, 33.5937], [-88.2893, 33.592], [-88.2879, 33.5907], [-88.2917, 33.5918], [-88.2907, 33.5903], [-88.2961, 33.5843], [-88.3072, 33.5826], [-88.3083, 33.5797], [-88.3132, 33.578], [-88.3148, 33.5717], [-88.3209, 33.5699], [-88.323, 33.566], [-88.3382, 33.5642], [-88.3403, 33.5655], [-88.3391, 33.5679], [-88.348, 33.5672], [-88.3516, 33.5596], [-88.357, 33.5597], [-88.358, 33.554], [-88.3641, 33.5521], [-88.3693, 33.5594], [-88.3721, 33.5568], [-88.3779, 33.5633], [-88.3787, 33.5708], [-88.3718, 33.5829]]]}}, {"type": "Feature", "properties": {"fips": "28161950301", "gap_national": 22.4, "gap_stratum": 22.4, "burden": 95.6, "capacity": 68.2, "svi": 0.75, "top_decile_gap": 0.0, "stratum": "metropolitan", "scored": 1}, "geometry": {"type": "Polygon", "coordinates": [[[-89.9256, 34.1171], [-89.9141, 34.1246], [-89.9109, 34.1326], [-89.8867, 34.0542], [-89.8398, 34.0508], [-89.785, 34.0356], [-89.7844, 34.038], [-89.7648, 34.0415], [-89.7584, 34.0483], [-89.7441, 34.0519], [-89.7415, 34.0566], [-89.7345, 34.0598], [-89.7296, 34.0609], [-89.7239, 34.0582], [-89.719, 34.0596], [-89.6967, 34.0714], [-89.6927, 34.0691], [-89.6952, 34.0652], [-89.6893, 34.0603], [-89.6893, 34.0569], [-89.6654, 34.0569], [-89.6635, 34.0612], [-89.6596, 34.0613], [-89.6619, 34.0568], [-89.6609, 34.0496], [-89.6821, 34.0265], [-89.6822, 34.0133], [-89.6735, 33.9913], [-89.6737, 33.9841], [-89.6864, 33.9847], [-89.685, 33.9794], [-89.6893, 33.9807], [-89.6897, 33.9669], [-89.6923, 33.9606], [-89.718, 33.9375], [-89.753, 33.9107], [-89.7792, 33.8972], [-89.9261, 33.898], [-89.9256, 34.1171]]]}}, {"type": "Feature", "properties": {"fips": "28129950201", "gap_national": 16.4, "gap_stratum": 19.3, "burden": 81.7, "capacity": 64.3, "svi": 0.56, "top_decile_gap": 0.0, "stratum": "metropolitan", "scored": 1}, "geometry": {"type": "Polygon", "coordinates": [[[-89.6462, 31.9182], [-89.6491, 31.9058], [-89.6446, 31.903], [-89.6402, 31.9055], [-89.6386, 31.9119], [-89.6295, 31.9081], [-89.6224, 31.9081], [-89.6208, 31.9046], [-89.6138, 31.9037], [-89.6077, 31.9], [-89.59, 31.8988], [-89.5655, 31.8872], [-89.5581, 31.8914], [-89.5548, 31.8979], [-89.5562, 31.9001], [-89.5519, 31.9015], [-89.5449, 31.8989], [-89.5181, 31.9092], [-89.514, 31.906], [-89.5074, 31.9058], [-89.5046, 31.9102], [-89.4941, 31.9115], [-89.4945, 31.9141], [-89.4759, 31.9164], [-89.4725, 31.8919], [-89.4771, 31.8923], [-89.4838, 31.887], [-89.4755, 31.8772], [-89.4953, 31.8594], [-89.4936, 31.8531], [-89.4969, 31.8475], [-89.4951, 31.8421], [-89.4891, 31.8419], [-89.486, 31.832], [-89.4897, 31.8297], [-89.4908, 31.8237], [-89.4937, 31.8212], [-89.4895, 31.808], [-89.4923, 31.8052], [-89.4882, 31.8005], [-89.4896, 31.7956], [-89.4844, 31.7918], [-89.653, 31.7807], [-89.6548, 31.9147], [-89.6462, 31.9182]]]}}, {"type": "Feature", "properties": {"fips": "28163950602", "gap_national": 36.2, "gap_stratum": 35.8, "burden": 92.6, "capacity": 57.6, "svi": 0.83, "top_decile_gap": 0.0, "stratum": "micropolitan", "scored": 1}, "geometry": {"type": "Polygon", "coordinates": [[[-90.4883, 32.7459], [-90.4796, 32.7669], [-90.4495, 32.8165], [-90.4301, 32.8357], [-90.4289, 32.8333], [-90.4192, 32.8366], [-90.4116, 32.8323], [-90.4129, 32.8301], [-90.4088, 32.8272], [-90.408, 32.8198], [-90.4108, 32.8122], [-90.4089, 32.8011], [-90.4134, 32.7864], [-90.4078, 32.7845], [-90.4077, 32.7771], [-90.4018, 32.7753], [-90.4022, 32.7709], [-90.3881, 32.7569], [-90.3901, 32.7517], [-90.3993, 32.7485], [-90.4049, 32.7382], [-90.404, 32.7253], [-90.401, 32.7207], [-90.3925, 32.7172], [-90.3931, 32.7087], [-90.3897, 32.6963], [-90.3805, 32.7], [-90.3742, 32.7107], [-90.3764, 32.7155], [-90.3665, 32.7252], [-90.3662, 32.7316], [-90.3555, 32.7395], [-90.3571, 32.7495], [-90.3075, 32.7496], [-90.3042, 32.7361], [-90.294, 32.7302], [-90.2949, 32.7285], [-90.2921, 32.7271], [-90.2931, 32.7221], [-90.2873, 32.7175], [-90.2893, 32.7148], [-90.2873, 32.7122], [-90.2932, 32.7032], [-90.2937, 32.6966], [-90.2996, 32.6906], [-90.3061, 32.6889], [-90.3057, 32.6821], [-90.3016, 32.6766], [-90.3033, 32.6745], [-90.302, 32.6676], [-90.2987, 32.6655], [-90.2992, 32.6584], [-90.3041, 32.6451], [-90.3112, 32.6407], [-90.3098, 32.6338], [-90.3132, 32.6343], [-90.3182, 32.6238], [-90.3248, 32.6223], [-90.3221, 32.6162], [-90.3323, 32.6133], [-90.3299, 32.6115], [-90.3381, 32.6055], [-90.3447, 32.6061], [-90.3456, 32.6128], [-90.3502, 32.6131], [-90.3532, 32.6114], [-90.3513, 32.6082], [-90.3529, 32.6047], [-90.3565, 32.6021], [-90.3584, 32.6065], [-90.3648, 32.6026], [-90.3636, 32.5986], [-90.3687, 32.5955], [-90.3689, 32.6022], [-90.371, 32.6026], [-90.3748, 32.5963], [-90.3814, 32.5959], [-90.378, 32.5925], [-90.3814, 32.5934], [-90.383, 32.5886], [-90.3888, 32.5871], [-90.3865, 32.5835], [-90.394, 32.5825], [-90.3967, 32.5849], [-90.3982, 32.5796], [-90.4029, 32.5781], [-90.4044, 32.5747], [-90.4079, 32.5763], [-90.4113, 32.5737], [-90.4093, 32.5776], [-90.4125, 32.5796], [-90.4178, 32.5771], [-90.4216, 32.5833], [-90.4262, 32.5833], [-90.4278, 32.5857], [-90.4319, 32.5839], [-90.4332, 32.586], [-90.4383, 32.5857], [-90.4314, 32.588], [-90.4274, 32.597], [-90.4306, 32.6015], [-90.4293, 32.6038], [-90.433, 32.6065], [-90.4314, 32.6115], [-90.44, 32.6195], [-90.4482, 32.623], [-90.4555, 32.6326], [-90.448, 32.6401], [-90.4523, 32.6508], [-90.4478, 32.6517], [-90.445, 32.6578], [-90.4454, 32.6683], [-90.439, 32.6781], [-90.4413, 32.6854], [-90.4364, 32.6904], [-90.4532, 32.7089], [-90.4641, 32.7054], [-90.4714, 32.7062], [-90.4772, 32.71], [-90.4869, 32.7107], [-90.4894, 32.7145], [-90.5012, 32.7135], [-90.5004, 32.7181], [-90.5029, 32.7205], [-90.5014, 32.7229], [-90.5056, 32.7233], [-90.4883, 32.7459]]]}}, {"type": "Feature", "properties": {"fips": "28111950102", "gap_national": 22.4, "gap_stratum": 23.5, "burden": 87.9, "capacity": 64.2, "svi": 0.46, "top_decile_gap": 0.0, "stratum": "metropolitan", "scored": 1}, "geometry": {"type": "Polygon", "coordinates": [[[-89.0451, 31.3602], [-89.0385, 31.3557], [-89.0373, 31.3428], [-88.9311, 31.277], [-88.9128, 31.2603], [-88.8413, 31.301], [-88.841, 31.1448], [-88.8585, 31.1504], [-88.8601, 31.1617], [-88.857, 31.1668], [-88.8626, 31.1655], [-88.8683, 31.1675], [-88.8664, 31.1731], [-88.8745, 31.175], [-88.8826, 31.1733], [-88.8878, 31.185], [-88.8961, 31.1799], [-88.9142, 31.1811], [-88.9225, 31.1845], [-88.9212, 31.1919], [-88.9262, 31.1951], [-88.9294, 31.1949], [-88.934, 31.1898], [-88.9519, 31.193], [-88.9481, 31.1981], [-88.95, 31.2048], [-88.9582, 31.2071], [-88.9663, 31.2046], [-88.9743, 31.2117], [-88.9872, 31.2068], [-88.9826, 31.214], [-88.9988, 31.233], [-89.0013, 31.2304], [-89.0014, 31.2237], [-89.0103, 31.2185], [-89.0163, 31.2175], [-89.0233, 31.224], [-89.0275, 31.2237], [-89.0303, 31.2194], [-89.0396, 31.22], [-89.05, 31.2241], [-89.0589, 31.2167], [-89.0517, 31.2153], [-89.053, 31.2114], [-89.0594, 31.2092], [-89.0687, 31.214], [-89.0647, 31.2247], [-89.0707, 31.2222], [-89.0797, 31.226], [-89.0914, 31.2271], [-89.0909, 31.2221], [-89.0977, 31.2236], [-89.0989, 31.219], [-89.1098, 31.2207], [-89.1154, 31.2155], [-89.1183, 31.2172], [-89.1186, 31.222], [-89.1258, 31.2191], [-89.1384, 31.2244], [-89.1407, 31.2206], [-89.1442, 31.2202], [-89.1462, 31.3666], [-89.0451, 31.3602]]]}}, {"type": "Feature", "properties": {"fips": "28039950302", "gap_national": 28.4, "gap_stratum": 19.7, "burden": 76.6, "capacity": 52.9, "svi": 0.68, "top_decile_gap": 0.0, "stratum": "rural", "scored": 1}, "geometry": {"type": "Polygon", "coordinates": [[[-88.8345, 30.9103], [-88.8343, 30.998], [-88.6466, 30.9985], [-88.6511, 30.9945], [-88.6637, 30.9911], [-88.6617, 30.9902], [-88.664, 30.9836], [-88.6475, 30.9583], [-88.6506, 30.9549], [-88.6489, 30.9519], [-88.6214, 30.9424], [-88.6121, 30.9363], [-88.6164, 30.8935], [-88.6429, 30.889], [-88.6603, 30.8794], [-88.6746, 30.8826], [-88.7341, 30.8861], [-88.807, 30.8715], [-88.8336, 30.8557], [-88.8593, 30.853], [-88.8847, 30.8531], [-88.885, 30.9108], [-88.8345, 30.9103]]]}}, {"type": "Feature", "properties": {"fips": "28071950502", "gap_national": 4.0, "gap_stratum": -13.6, "burden": 74.4, "capacity": 67.6, "svi": 0.48, "top_decile_gap": 0.0, "stratum": "micropolitan", "scored": 1}, "geometry": {"type": "Polygon", "coordinates": [[[-89.721, 34.3492], [-89.7096, 34.354], [-89.6866, 34.3529], [-89.6589, 34.3552], [-89.6544, 34.3379], [-89.6645, 34.3132], [-89.6609, 34.31], [-89.6608, 34.3062], [-89.6473, 34.3061], [-89.6422, 34.3092], [-89.6256, 34.3043], [-89.6204, 34.3004], [-89.6171, 34.3022], [-89.6132, 34.3007], [-89.6125, 34.2945], [-89.6064, 34.2921], [-89.5992, 34.2797], [-89.599, 34.2777], [-89.6126, 34.2783], [-89.6099, 34.2679], [-89.6034, 34.2572], [-89.5722, 34.2648], [-89.5675, 34.2601], [-89.5659, 34.2542], [-89.5478, 34.2637], [-89.5423, 34.2598], [-89.5424, 34.2564], [-89.5405, 34.2595], [-89.5323, 34.2614], [-89.5305, 34.2655], [-89.5236, 34.2649], [-89.5219, 34.2692], [-89.5256, 34.2531], [-89.5229, 34.2471], [-89.5268, 34.2401], [-89.5211, 34.2216], [-89.5209, 34.2103], [-89.5279, 34.2084], [-89.5253, 34.2033], [-89.5313, 34.198], [-89.5367, 34.1979], [-89.537, 34.1911], [-89.721, 34.1925], [-89.721, 34.3492]]]}}, {"type": "Feature", "properties": {"fips": "28067950402", "gap_national": 53.5, "gap_stratum": 57.6, "burden": 97.6, "capacity": 48.1, "svi": 0.88, "top_decile_gap": 1.0, "stratum": "micropolitan", "scored": 1}, "geometry": {"type": "Polygon", "coordinates": [[[-89.1195, 31.7502], [-89.1229, 31.7389], [-89.1282, 31.7343], [-89.1235, 31.7337], [-89.1223, 31.7312], [-89.1106, 31.7314], [-89.1102, 31.7285], [-89.1128, 31.7277], [-89.1111, 31.7259], [-89.1125, 31.7188], [-89.1156, 31.7157], [-89.1138, 31.7113], [-89.1156, 31.709], [-89.1345, 31.7077], [-89.1353, 31.7224], [-89.1536, 31.7523], [-89.1195, 31.7502]]]}}, {"type": "Feature", "properties": {"fips": "28087000901", "gap_national": -17.2, "gap_stratum": -46.7, "burden": 57.4, "capacity": 68.7, "svi": 0.43, "top_decile_gap": 0.0, "stratum": "micropolitan", "scored": 1}, "geometry": {"type": "Polygon", "coordinates": [[[-88.4955, 33.5236], [-88.4737, 33.5238], [-88.4719, 33.5271], [-88.4847, 33.5344], [-88.492, 33.5424], [-88.497, 33.565], [-88.4214, 33.5249], [-88.4174, 33.5182], [-88.4254, 33.5184], [-88.4297, 33.5013], [-88.4319, 33.5057], [-88.4387, 33.5], [-88.4334, 33.4953], [-88.4346, 33.494], [-88.4543, 33.4879], [-88.4633, 33.4952], [-88.4855, 33.5001], [-88.4903, 33.5116], [-88.4982, 33.5175], [-88.4996, 33.5212], [-88.4955, 33.5236]]]}}, {"type": "Feature", "properties": {"fips": "28087000406", "gap_national": -35.8, "gap_stratum": -67.7, "burden": 46.9, "capacity": 73.6, "svi": 0.19, "top_decile_gap": 0.0, "stratum": "micropolitan", "scored": 1}, "geometry": {"type": "Polygon", "coordinates": [[[-88.2801, 33.4902], [-88.2859, 33.4416], [-88.2947, 33.442], [-88.3033, 33.4462], [-88.3055, 33.4508], [-88.3046, 33.4603], [-88.3014, 33.4636], [-88.3012, 33.4695], [-88.2974, 33.4769], [-88.3235, 33.478], [-88.3235, 33.4744], [-88.3273, 33.4725], [-88.3267, 33.4596], [-88.3446, 33.4602], [-88.3611, 33.4656], [-88.3631, 33.4932], [-88.2801, 33.4902]]]}}, {"type": "Feature", "properties": {"fips": "28087000301", "gap_national": -36.6, "gap_stratum": -69.0, "burden": 54.5, "capacity": 83.0, "svi": 0.24, "top_decile_gap": 0.0, "stratum": "micropolitan", "scored": 1}, "geometry": {"type": "Polygon", "coordinates": [[[-88.4332, 33.5498], [-88.433, 33.5569], [-88.4292, 33.5597], [-88.419, 33.5563], [-88.4116, 33.551], [-88.4034, 33.5512], [-88.4044, 33.5609], [-88.4082, 33.5656], [-88.4091, 33.5724], [-88.3988, 33.5901], [-88.3877, 33.5883], [-88.3874, 33.5839], [-88.3731, 33.5803], [-88.3787, 33.5708], [-88.3779, 33.5633], [-88.3721, 33.5568], [-88.3693, 33.5594], [-88.3641, 33.5502], [-88.3731, 33.5441], [-88.3799, 33.5438], [-88.3822, 33.5377], [-88.3853, 33.5396], [-88.384, 33.5425], [-88.3917, 33.539], [-88.3956, 33.528], [-88.4167, 33.516], [-88.4214, 33.5249], [-88.4377, 33.5336], [-88.4382, 33.5383], [-88.4332, 33.5498]]]}}, {"type": "Feature", "properties": {"fips": "28131020203", "gap_national": -13.1, "gap_stratum": -5.5, "burden": 57.0, "capacity": 65.4, "svi": 0.31, "top_decile_gap": 0.0, "stratum": "metropolitan", "scored": 1}, "geometry": {"type": "Polygon", "coordinates": [[[-89.1326, 30.7924], [-89.1214, 30.7828], [-89.1137, 30.7845], [-89.1077, 30.7791], [-89.1019, 30.7817], [-89.0964, 30.7781], [-89.0949, 30.7802], [-89.0799, 30.7742], [-89.0574, 30.7704], [-89.0655, 30.785], [-89.0521, 30.8116], [-89.0399, 30.8423], [-89.0396, 30.8479], [-89.0099, 30.8553], [-88.9967, 30.8555], [-88.9941, 30.85], [-88.9738, 30.838], [-88.9698, 30.8293], [-88.9615, 30.8266], [-88.9536, 30.8219], [-88.9504, 30.8169], [-88.9408, 30.8149], [-88.9234, 30.8037], [-88.9164, 30.789], [-88.9078, 30.7882], [-88.8952, 30.795], [-88.8846, 30.795], [-88.8845, 30.6773], [-89.1344, 30.677], [-89.1362, 30.7924], [-89.1326, 30.7924]]]}}, {"type": "Feature", "properties": {"fips": "28093950302", "gap_national": 17.1, "gap_stratum": 18.6, "burden": 88.6, "capacity": 68.3, "svi": 0.3, "top_decile_gap": 0.0, "stratum": "metropolitan", "scored": 1}, "geometry": {"type": "Polygon", "coordinates": [[[-89.6182, 34.8753], [-89.5652, 34.8751], [-89.5651, 34.8963], [-89.558, 34.8938], [-89.5531, 34.895], [-89.5483, 34.8934], [-89.5494, 34.8893], [-89.5466, 34.889], [-89.5423, 34.8831], [-89.5369, 34.8838], [-89.5311, 34.8795], [-89.5136, 34.8801], [-89.5086, 34.8757], [-89.4968, 34.8752], [-89.4936, 34.8771], [-89.4779, 34.8689], [-89.4773, 34.8655], [-89.4656, 34.8653], [-89.443, 34.8446], [-89.4301, 34.8379], [-89.4496, 34.7853], [-89.4662, 34.7962], [-89.4952, 34.8013], [-89.4892, 34.7984], [-89.4946, 34.7943], [-89.4915, 34.791], [-89.4925, 34.7846], [-89.4893, 34.7785], [-89.5042, 34.7796], [-89.5154, 34.7861], [-89.5237, 34.7873], [-89.5311, 34.7798], [-89.5427, 34.7778], [-89.5469, 34.774], [-89.5557, 34.7743], [-89.5591, 34.7765], [-89.564, 34.774], [-89.5641, 34.7801], [-89.5649, 34.7774], [-89.5774, 34.7707], [-89.5797, 34.7649], [-89.5838, 34.7664], [-89.5899, 34.7738], [-89.5945, 34.7737], [-89.5995, 34.7774], [-89.608, 34.7771], [-89.6081, 34.7876], [-89.6171, 34.7876], [-89.6182, 34.8753]]]}}, {"type": "Feature", "properties": {"fips": "28093950101", "gap_national": 0.5, "gap_stratum": 5.8, "burden": 75.6, "capacity": 71.2, "svi": 0.45, "top_decile_gap": 0.0, "stratum": "metropolitan", "scored": 1}, "geometry": {"type": "Polygon", "coordinates": [[[-89.5142, 34.962], [-89.5117, 34.9621], [-89.5111, 34.9948], [-89.3527, 34.9941], [-89.3529, 34.861], [-89.3631, 34.8588], [-89.3764, 34.8594], [-89.3841, 34.8448], [-89.3887, 34.8445], [-89.3993, 34.8379], [-89.4057, 34.8298], [-89.4103, 34.832], [-89.421, 34.832], [-89.443, 34.8446], [-89.4656, 34.8653], [-89.4773, 34.8655], [-89.4779, 34.8689], [-89.4861, 34.8741], [-89.4955, 34.876], [-89.5053, 34.9041], [-89.5039, 34.9197], [-89.5114, 34.9354], [-89.5161, 34.9536], [-89.5142, 34.962]]]}}, {"type": "Feature", "properties": {"fips": "28143950102", "gap_national": 62.7, "gap_stratum": 61.0, "burden": 92.9, "capacity": 38.8, "svi": 0.88, "top_decile_gap": 1.0, "stratum": "metropolitan", "scored": 1}, "geometry": {"type": "Polygon", "coordinates": [[[-90.5678, 34.7333], [-90.5636, 34.7378], [-90.5456, 34.7389], [-90.5394, 34.7553], [-90.5478, 34.7833], [-90.5408, 34.7958], [-90.5264, 34.8017], [-90.5111, 34.7983], [-90.5114, 34.79], [-90.4928, 34.7725], [-90.4925, 34.7645], [-90.4944, 34.7574], [-90.5067, 34.7498], [-90.5242, 34.7314], [-90.5083, 34.7236], [-90.4917, 34.7214], [-90.465, 34.7273], [-90.4484, 34.7391], [-90.4527, 34.7557], [-90.4704, 34.7809], [-90.4765, 34.7936], [-90.4762, 34.8005], [-90.4694, 34.8126], [-90.4554, 34.8208], [-90.4844, 34.8636], [-90.4843, 34.8749], [-90.4813, 34.8811], [-90.4671, 34.8904], [-90.4539, 34.8909], [-90.4401, 34.8855], [-90.4301, 34.8712], [-90.4294, 34.8666], [-90.4356, 34.8563], [-90.4497, 34.8399], [-90.4387, 34.8252], [-90.3998, 34.8277], [-90.3894, 34.8307], [-90.3623, 34.8428], [-90.3384, 34.8585], [-90.3286, 34.8497], [-90.3192, 34.8449], [-90.3113, 34.8442], [-90.3039, 34.8505], [-90.3027, 34.8544], [-90.3048, 34.8604], [-90.2021, 34.8604], [-90.2024, 34.7721], [-90.3066, 34.7727], [-90.3202, 34.7762], [-90.3409, 34.7762], [-90.3544, 34.7464], [-90.3672, 34.7251], [-90.3759, 34.7324], [-90.3887, 34.737], [-90.3952, 34.743], [-90.4076, 34.7433], [-90.4271, 34.735], [-90.4404, 34.7359], [-90.4649, 34.7157], [-90.46, 34.7042], [-90.4668, 34.7002], [-90.4742, 34.7053], [-90.5167, 34.6956], [-90.5324, 34.6962], [-90.5594, 34.7108], [-90.5719, 34.7128], [-90.5686, 34.7214], [-90.5678, 34.7333]]]}}, {"type": "Feature", "properties": {"fips": "28035010601", "gap_national": -36.5, "gap_stratum": -28.2, "burden": 47.2, "capacity": 74.5, "svi": 0.21, "top_decile_gap": 0.0, "stratum": "metropolitan", "scored": 1}, "geometry": {"type": "Polygon", "coordinates": [[[-89.348, 31.2396], [-89.3417, 31.2376], [-89.3297, 31.2445], [-89.3202, 31.2446], [-89.3113, 31.24], [-89.3014, 31.2433], [-89.3021, 31.237], [-89.295, 31.2412], [-89.2799, 31.2353], [-89.2735, 31.2371], [-89.2168, 31.1041], [-89.2045, 31.052], [-89.2155, 31.0534], [-89.2198, 31.0577], [-89.2229, 31.0562], [-89.2322, 31.058], [-89.2398, 31.064], [-89.2434, 31.0621], [-89.2442, 31.0666], [-89.2586, 31.0742], [-89.2634, 31.0813], [-89.2665, 31.0804], [-89.2672, 31.0855], [-89.2737, 31.0913], [-89.2746, 31.0955], [-89.2831, 31.1015], [-89.2829, 31.1039], [-89.2885, 31.1048], [-89.2934, 31.1023], [-89.3086, 31.1051], [-89.3262, 31.1023], [-89.3362, 31.0976], [-89.3489, 31.098], [-89.348, 31.2396]]]}}, {"type": "Feature", "properties": {"fips": "28107950302", "gap_national": 11.2, "gap_stratum": -4.5, "burden": 80.1, "capacity": 66.7, "svi": 0.45, "top_decile_gap": 0.0, "stratum": "rural", "scored": 1}, "geometry": {"type": "Polygon", "coordinates": [[[-89.9123, 34.3643], [-89.9053, 34.3653], [-89.9057, 34.3676], [-89.8985, 34.3734], [-89.897, 34.3779], [-89.8919, 34.3761], [-89.892, 34.3794], [-89.8878, 34.3796], [-89.882, 34.3874], [-89.8742, 34.3858], [-89.8697, 34.3894], [-89.8633, 34.3857], [-89.86, 34.3892], [-89.8528, 34.3913], [-89.8545, 34.3952], [-89.8435, 34.4013], [-89.8331, 34.4016], [-89.8268, 34.3963], [-89.8231, 34.3996], [-89.8235, 34.4033], [-89.8204, 34.4026], [-89.8202, 34.4121], [-89.8132, 34.4117], [-89.8118, 34.4209], [-89.8075, 34.415], [-89.7866, 34.4021], [-89.7876, 34.3974], [-89.7828, 34.394], [-89.7805, 34.3827], [-89.7982, 34.3794], [-89.801, 34.3766], [-89.7945, 34.3732], [-89.7861, 34.3599], [-89.7774, 34.3556], [-89.7874, 34.343], [-89.787, 34.3348], [-89.7906, 34.3302], [-89.8522, 34.3224], [-89.8734, 34.3114], [-89.9195, 34.31], [-89.9123, 34.3643]]]}}, {"type": "Feature", "properties": {"fips": "28107950102", "gap_national": 23.6, "gap_stratum": 23.8, "burden": 93.5, "capacity": 66.3, "svi": 0.64, "top_decile_gap": 0.0, "stratum": "metropolitan", "scored": 1}, "geometry": {"type": "Polygon", "coordinates": [[[-90.0919, 34.5541], [-90.0923, 34.5108], [-90.1062, 34.5105], [-90.1087, 34.504], [-90.1269, 34.4927], [-90.1298, 34.482], [-90.1283, 34.4776], [-90.1307, 34.4751], [-90.1292, 34.4732], [-90.1425, 34.4639], [-90.1443, 34.4554], [-90.1476, 34.4525], [-90.1292, 34.4523], [-90.1142, 34.4465], [-90.1015, 34.4457], [-90.0934, 34.4395], [-90.0777, 34.4376], [-89.9484, 34.4373], [-89.9483, 34.4232], [-89.9074, 34.4235], [-89.9014, 34.417], [-89.9123, 34.3643], [-89.9204, 34.3631], [-89.925, 34.3552], [-89.9237, 34.3533], [-89.9329, 34.3476], [-89.9527, 34.3455], [-89.9529, 34.3406], [-89.9603, 34.341], [-89.9616, 34.3399], [-89.9588, 34.3372], [-89.9631, 34.3364], [-89.9656, 34.3314], [-89.9673, 34.3392], [-90.1888, 34.3402], [-90.1935, 34.3337], [-90.1934, 34.3403], [-90.1976, 34.3403], [-90.1986, 34.5544], [-90.0919, 34.5541]]]}}, {"type": "Feature", "properties": {"fips": "28107950101", "gap_national": 40.7, "gap_stratum": 38.9, "burden": 99.5, "capacity": 57.4, "svi": 0.81, "top_decile_gap": 0.0, "stratum": "metropolitan", "scored": 1}, "geometry": {"type": "Polygon", "coordinates": [[[-90.1425, 34.4639], [-90.1292, 34.4732], [-90.1307, 34.4751], [-90.1283, 34.4776], [-90.1298, 34.482], [-90.1269, 34.4927], [-90.1087, 34.504], [-90.1062, 34.5105], [-90.0923, 34.5108], [-90.0919, 34.5541], [-89.9384, 34.5537], [-89.9116, 34.4809], [-89.916, 34.4808], [-89.9161, 34.4515], [-89.9277, 34.4516], [-89.9258, 34.437], [-90.0777, 34.4376], [-90.0934, 34.4395], [-90.1015, 34.4457], [-90.1142, 34.4465], [-90.1234, 34.4511], [-90.1465, 34.4532], [-90.1425, 34.4639]]]}}, {"type": "Feature", "properties": {"fips": "28107950501", "gap_national": 9.9, "gap_stratum": -6.9, "burden": 86.9, "capacity": 72.5, "svi": 0.67, "top_decile_gap": 0.0, "stratum": "small_town", "scored": 1}, "geometry": {"type": "Polygon", "coordinates": [[[-90.1888, 34.3402], [-89.9673, 34.3392], [-89.9656, 34.3314], [-89.9733, 34.3285], [-89.9749, 34.332], [-89.9774, 34.329], [-89.9827, 34.3306], [-89.9877, 34.3238], [-89.9808, 34.3183], [-89.983, 34.3178], [-89.983, 34.3032], [-89.9602, 34.3092], [-89.9632, 34.3001], [-89.9625, 34.276], [-89.9669, 34.2713], [-89.9802, 34.2677], [-89.9934, 34.2526], [-90.0081, 34.2426], [-90.0197, 34.2294], [-90.0284, 34.2078], [-90.0525, 34.2002], [-90.0721, 34.1782], [-90.0764, 34.1599], [-90.1355, 34.1601], [-90.1345, 34.2656], [-90.1941, 34.3014], [-90.1935, 34.3337], [-90.1888, 34.3402]]]}}, {"type": "Feature", "properties": {"fips": "28015950201", "gap_national": 32.3, "gap_stratum": 31.7, "burden": 96.9, "capacity": 62.0, "svi": 0.79, "top_decile_gap": 0.0, "stratum": "micropolitan", "scored": 1}, "geometry": {"type": "Polygon", "coordinates": [[[-90.0425, 33.3467], [-90.0377, 33.366], [-90.0311, 33.3647], [-90.0397, 33.3856], [-90.0353, 33.3967], [-90.024, 33.407], [-90.0241, 33.4271], [-90.0169, 33.4281], [-90.0113, 33.4261], [-90.0061, 33.4317], [-90.002, 33.4317], [-89.991, 33.4292], [-89.9866, 33.4257], [-89.9835, 33.4297], [-89.9828, 33.4428], [-89.9621, 33.4441], [-89.9604, 33.4595], [-89.9523, 33.4635], [-89.9262, 33.4875], [-89.9208, 33.4979], [-89.7852, 33.4867], [-89.7852, 33.4163], [-89.7158, 33.4168], [-89.7156, 33.4021], [-89.6463, 33.4025], [-89.6453, 33.2855], [-89.7015, 33.2854], [-89.6999, 33.2818], [-89.7073, 33.2714], [-89.7062, 33.27], [-89.7128, 33.2672], [-89.7096, 33.2666], [-89.7116, 33.2649], [-89.7096, 33.2632], [-89.7143, 33.2581], [-89.7169, 33.2603], [-89.7229, 33.2584], [-89.7229, 33.2553], [-89.7288, 33.2496], [-89.7296, 33.2438], [-89.7341, 33.2391], [-89.7391, 33.2379], [-89.7453, 33.2282], [-89.7441, 33.2183], [-89.7494, 33.2145], [-90.0167, 33.2888], [-90.0175, 33.2994], [-90.0106, 33.326], [-90.0157, 33.326], [-90.0222, 33.3315], [-90.0416, 33.3383], [-90.0461, 33.3434], [-90.0425, 33.3467]]]}}, {"type": "Feature", "properties": {"fips": "28039950303", "gap_national": -2.3, "gap_stratum": -29.5, "burden": 60.4, "capacity": 60.9, "svi": 0.47, "top_decile_gap": 0.0, "stratum": "rural", "scored": 1}, "geometry": {"type": "Polygon", "coordinates": [[[-88.8336, 30.8557], [-88.8088, 30.8709], [-88.7341, 30.8861], [-88.6746, 30.8826], [-88.6603, 30.8794], [-88.6429, 30.889], [-88.6149, 30.8938], [-88.609, 30.8969], [-88.598, 30.9102], [-88.5939, 30.9103], [-88.5925, 30.8968], [-88.5888, 30.8916], [-88.5899, 30.8852], [-88.5817, 30.8693], [-88.5833, 30.8644], [-88.5809, 30.8551], [-88.5848, 30.8488], [-88.5918, 30.8455], [-88.594, 30.8388], [-88.5979, 30.8386], [-88.598, 30.8429], [-88.6512, 30.8446], [-88.6521, 30.8423], [-88.6557, 30.8422], [-88.6617, 30.8447], [-88.67, 30.8442], [-88.678, 30.8482], [-88.6816, 30.8468], [-88.686, 30.8402], [-88.6986, 30.8551], [-88.7079, 30.8508], [-88.7184, 30.8377], [-88.7318, 30.8352], [-88.7408, 30.8207], [-88.7467, 30.8206], [-88.7443, 30.8156], [-88.7616, 30.7882], [-88.7656, 30.7852], [-88.7724, 30.7869], [-88.773, 30.7909], [-88.7755, 30.7907], [-88.7756, 30.7975], [-88.7729, 30.7989], [-88.7758, 30.8041], [-88.7846, 30.8039], [-88.7841, 30.8062], [-88.7876, 30.8078], [-88.7852, 30.8084], [-88.7848, 30.8129], [-88.7915, 30.8168], [-88.7936, 30.8224], [-88.8018, 30.8259], [-88.7987, 30.8271], [-88.8007, 30.8291], [-88.8035, 30.8296], [-88.8102, 30.8237], [-88.8175, 30.8285], [-88.8194, 30.8259], [-88.8228, 30.8272], [-88.8238, 30.8236], [-88.8274, 30.8266], [-88.8304, 30.8258], [-88.8275, 30.8288], [-88.8335, 30.8319], [-88.8404, 30.8285], [-88.8411, 30.8325], [-88.8448, 30.8344], [-88.8569, 30.8254], [-88.8679, 30.8282], [-88.8657, 30.832], [-88.8726, 30.8315], [-88.8771, 30.8394], [-88.8802, 30.8399], [-88.881, 30.8366], [-88.8847, 30.8405], [-88.8847, 30.8531], [-88.8336, 30.8557]]]}}, {"type": "Feature", "properties": {"fips": "28131020206", "gap_national": 29.1, "gap_stratum": 33.5, "burden": 88.9, "capacity": 60.3, "svi": 0.84, "top_decile_gap": 0.0, "stratum": "rural", "scored": 1}, "geometry": {"type": "Polygon", "coordinates": [[[-89.3408, 30.9099], [-89.1711, 30.9099], [-89.1649, 30.8871], [-89.1639, 30.8637], [-89.1521, 30.8468], [-89.1405, 30.8401], [-89.1373, 30.8349], [-89.1361, 30.7846], [-89.1398, 30.781], [-89.1436, 30.784], [-89.1556, 30.7836], [-89.1626, 30.7808], [-89.173, 30.7824], [-89.1812, 30.7877], [-89.232, 30.7894], [-89.2464, 30.7875], [-89.252, 30.7947], [-89.2608, 30.7984], [-89.2827, 30.7999], [-89.295, 30.8078], [-89.3035, 30.8179], [-89.314, 30.8207], [-89.3118, 30.8094], [-89.3152, 30.8022], [-89.3318, 30.7966], [-89.3358, 30.7887], [-89.3413, 30.786], [-89.3408, 30.9099]]]}}, {"type": "Feature", "properties": {"fips": "28089030402", "gap_national": -67.3, "gap_stratum": -63.6, "burden": 20.6, "capacity": 74.6, "svi": 0.0, "top_decile_gap": 0.0, "stratum": "metropolitan", "scored": 1}, "geometry": {"type": "Polygon", "coordinates": [[[-90.2262, 32.5567], [-90.2158, 32.5533], [-90.2045, 32.5628], [-90.1704, 32.5663], [-90.1646, 32.5682], [-90.1464, 32.5816], [-90.1365, 32.5831], [-90.1369, 32.5398], [-90.1319, 32.5319], [-90.132, 32.5168], [-90.1512, 32.5168], [-90.181, 32.5241], [-90.2094, 32.5247], [-90.2235, 32.5211], [-90.2268, 32.5265], [-90.233, 32.5276], [-90.2437, 32.5407], [-90.2437, 32.5571], [-90.2262, 32.5567]]]}}, {"type": "Feature", "properties": {"fips": "28089030401", "gap_national": -52.6, "gap_stratum": -49.2, "burden": 23.5, "capacity": 66.0, "svi": 0.37, "top_decile_gap": 0.0, "stratum": "metropolitan", "scored": 1}, "geometry": {"type": "Polygon", "coordinates": [[[-90.1365, 32.5831], [-90.119, 32.5777], [-90.1069, 32.5799], [-90.0933, 32.589], [-90.0826, 32.6009], [-90.0628, 32.6082], [-90.0601, 32.6026], [-90.0624, 32.6018], [-90.0581, 32.5985], [-90.0563, 32.5997], [-90.0533, 32.5948], [-90.0514, 32.5962], [-90.0509, 32.594], [-90.0247, 32.5819], [-90.0283, 32.577], [-90.0199, 32.5678], [-90.0211, 32.5637], [-90.0186, 32.5605], [-90.0228, 32.5459], [-90.0174, 32.5445], [-90.0165, 32.5388], [-90.0248, 32.5243], [-90.0261, 32.517], [-90.0718, 32.5171], [-90.0874, 32.5116], [-90.0891, 32.5121], [-90.0883, 32.5175], [-90.132, 32.5168], [-90.1319, 32.5319], [-90.1363, 32.5374], [-90.1365, 32.5831]]]}}, {"type": "Feature", "properties": {"fips": "28089031100", "gap_national": 24.7, "gap_stratum": 25.0, "burden": 91.9, "capacity": 64.8, "svi": 0.83, "top_decile_gap": 0.0, "stratum": "metropolitan", "scored": 1}, "geometry": {"type": "Polygon", "coordinates": [[[-90.0409, 32.6126], [-90.0166, 32.6133], [-90.0015, 32.61], [-89.9865, 32.6131], [-89.9863, 32.597], [-89.9846, 32.5947], [-89.9918, 32.5915], [-90.0101, 32.5897], [-90.0161, 32.5854], [-90.03, 32.5882], [-90.0322, 32.5849], [-90.0486, 32.5932], [-90.0409, 32.6126]]]}}, {"type": "Feature", "properties": {"fips": "28095950201", "gap_national": 19.8, "gap_stratum": 13.9, "burden": 92.3, "capacity": 68.4, "svi": 0.56, "top_decile_gap": 0.0, "stratum": "small_town", "scored": 1}, "geometry": {"type": "Polygon", "coordinates": [[[-88.7199, 34.0012], [-88.6564, 34.0012], [-88.6273, 33.9972], [-88.6312, 34.003], [-88.6321, 34.0113], [-88.5943, 34.0087], [-88.5722, 34.0174], [-88.5727, 34.0215], [-88.5688, 34.0245], [-88.5556, 34.0237], [-88.5558, 34.0194], [-88.5533, 34.0171], [-88.5585, 34.0123], [-88.5609, 34.0128], [-88.5621, 34.0088], [-88.5601, 34.0055], [-88.5662, 34.0037], [-88.56, 33.9965], [-88.5447, 33.9953], [-88.5444, 33.9903], [-88.5495, 33.989], [-88.5511, 33.9854], [-88.4952, 33.9775], [-88.4966, 33.9565], [-88.4923, 33.9471], [-88.4939, 33.9428], [-88.5008, 33.9441], [-88.5037, 33.9397], [-88.507, 33.9391], [-88.5059, 33.9364], [-88.5115, 33.9312], [-88.5229, 33.9392], [-88.5322, 33.9362], [-88.5308, 33.9355], [-88.5604, 33.9174], [-88.5611, 33.8986], [-88.5719, 33.8985], [-88.5753, 33.9006], [-88.6028, 33.8984], [-88.6113, 33.877], [-88.6183, 33.883], [-88.6246, 33.8838], [-88.6318, 33.8946], [-88.64, 33.8944], [-88.6437, 33.8998], [-88.6491, 33.9019], [-88.6671, 33.9184], [-88.6843, 33.9261], [-88.6938, 33.94], [-88.6938, 33.8941], [-88.7106, 33.8984], [-88.7202, 33.8984], [-88.7199, 34.0012]]]}}, {"type": "Feature", "properties": {"fips": "28095950101", "gap_national": -21.7, "gap_stratum": -65.0, "burden": 58.9, "capacity": 73.4, "svi": 0.22, "top_decile_gap": 0.0, "stratum": "small_town", "scored": 1}, "geometry": {"type": "Polygon", "coordinates": [[[-88.438, 34.0356], [-88.4345, 34.0419], [-88.416, 34.0592], [-88.4194, 34.0614], [-88.4191, 34.0655], [-88.4046, 34.0779], [-88.3998, 34.0875], [-88.2038, 34.0866], [-88.2221, 33.9447], [-88.2298, 33.9464], [-88.2342, 33.9516], [-88.2535, 33.9496], [-88.2813, 33.9552], [-88.2933, 33.9484], [-88.2984, 33.949], [-88.304, 33.9448], [-88.3035, 33.9392], [-88.3047, 33.9372], [-88.3074, 33.9359], [-88.305, 33.9407], [-88.3097, 33.9428], [-88.3107, 33.9458], [-88.3085, 33.9556], [-88.3103, 33.9634], [-88.3199, 33.9819], [-88.3248, 33.9837], [-88.3188, 33.9877], [-88.3228, 33.9936], [-88.3192, 34.0051], [-88.3211, 34.0094], [-88.3305, 34.0121], [-88.3271, 34.0157], [-88.3263, 34.0359], [-88.3352, 34.0429], [-88.3413, 34.0417], [-88.3461, 34.0377], [-88.3539, 34.0393], [-88.3617, 34.0368], [-88.3648, 34.0354], [-88.3657, 34.0298], [-88.3714, 34.0266], [-88.4124, 34.0244], [-88.4202, 34.0061], [-88.4275, 34.0014], [-88.4267, 33.9955], [-88.4296, 33.9946], [-88.4295, 33.991], [-88.4428, 33.9906], [-88.4428, 33.9941], [-88.4388, 33.9943], [-88.4384, 34.0089], [-88.4354, 34.0089], [-88.4349, 34.011], [-88.4442, 34.0186], [-88.4489, 34.028], [-88.438, 34.0356]]]}}, {"type": "Feature", "properties": {"fips": "28075010204", "gap_national": 17.0, "gap_stratum": 12.3, "burden": 91.7, "capacity": 70.2, "svi": 0.73, "top_decile_gap": 0.0, "stratum": "micropolitan", "scored": 1}, "geometry": {"type": "Polygon", "coordinates": [[[-88.677, 32.3737], [-88.6702, 32.3903], [-88.6621, 32.3924], [-88.6589, 32.3977], [-88.663, 32.4047], [-88.6141, 32.4682], [-88.5883, 32.4885], [-88.5587, 32.5056], [-88.5604, 32.4975], [-88.558, 32.4941], [-88.5586, 32.4829], [-88.5498, 32.4831], [-88.5322, 32.4756], [-88.5244, 32.4754], [-88.5282, 32.472], [-88.5283, 32.4674], [-88.5036, 32.4677], [-88.4772, 32.4793], [-88.4784, 32.4896], [-88.4764, 32.4895], [-88.4679, 32.4878], [-88.4632, 32.476], [-88.4506, 32.4697], [-88.4441, 32.4687], [-88.4137, 32.4531], [-88.4033, 32.4543], [-88.4039, 32.4488], [-88.4318, 32.4399], [-88.4466, 32.4319], [-88.4598, 32.4149], [-88.4647, 32.4124], [-88.4746, 32.4106], [-88.4974, 32.4134], [-88.5245, 32.4125], [-88.5997, 32.3897], [-88.6504, 32.3803], [-88.667, 32.3723], [-88.6759, 32.3638], [-88.678, 32.3647], [-88.677, 32.3737]]]}}, {"type": "Feature", "properties": {"fips": "28081951102", "gap_national": -1.7, "gap_stratum": -23.4, "burden": 70.0, "capacity": 68.3, "svi": 0.38, "top_decile_gap": 0.0, "stratum": "micropolitan", "scored": 1}, "geometry": {"type": "Polygon", "coordinates": [[[-88.6553, 34.1868], [-88.656, 34.1956], [-88.6359, 34.1919], [-88.6078, 34.1906], [-88.6011, 34.189], [-88.5955, 34.1843], [-88.574, 34.1842], [-88.5621, 34.1874], [-88.5616, 34.1915], [-88.556, 34.1909], [-88.5436, 34.1804], [-88.5434, 34.089], [-88.6532, 34.0892], [-88.6532, 34.0942], [-88.6491, 34.1006], [-88.6226, 34.1106], [-88.6224, 34.1312], [-88.6145, 34.1403], [-88.6269, 34.155], [-88.629, 34.153], [-88.6371, 34.1525], [-88.6468, 34.1431], [-88.6633, 34.1835], [-88.6553, 34.1868]]]}}, {"type": "Feature", "properties": {"fips": "28081950204", "gap_national": 4.1, "gap_stratum": -16.9, "burden": 69.9, "capacity": 64.1, "svi": 0.56, "top_decile_gap": 0.0, "stratum": "micropolitan", "scored": 1}, "geometry": {"type": "Polygon", "coordinates": [[[-88.7226, 34.408], [-88.7151, 34.4009], [-88.7028, 34.4009], [-88.692, 34.3939], [-88.6824, 34.383], [-88.6836, 34.3732], [-88.6865, 34.3723], [-88.6867, 34.3642], [-88.6859, 34.358], [-88.6788, 34.3525], [-88.6782, 34.343], [-88.6864, 34.332], [-88.6831, 34.3195], [-88.6893, 34.3156], [-88.7067, 34.3155], [-88.7092, 34.2944], [-88.7209, 34.3078], [-88.7173, 34.3159], [-88.7158, 34.3236], [-88.7224, 34.3243], [-88.724, 34.3277], [-88.7202, 34.3353], [-88.7266, 34.3415], [-88.7297, 34.3508], [-88.7269, 34.3644], [-88.7168, 34.3717], [-88.7308, 34.3726], [-88.7331, 34.386], [-88.7373, 34.3905], [-88.7373, 34.4006], [-88.7334, 34.4008], [-88.7419, 34.4081], [-88.7226, 34.408]]]}}, {"type": "Feature", "properties": {"fips": "28081950502", "gap_national": -28.4, "gap_stratum": -60.5, "burden": 50.7, "capacity": 71.2, "svi": 0.51, "top_decile_gap": 0.0, "stratum": "micropolitan", "scored": 1}, "geometry": {"type": "Polygon", "coordinates": [[[-88.7134, 34.2724], [-88.7047, 34.2746], [-88.7006, 34.2714], [-88.6934, 34.3156], [-88.6849, 34.3176], [-88.6849, 34.3111], [-88.6763, 34.3013], [-88.676, 34.2901], [-88.6802, 34.2826], [-88.6604, 34.2806], [-88.6566, 34.2692], [-88.6484, 34.2727], [-88.6491, 34.2597], [-88.7029, 34.2575], [-88.7036, 34.2647], [-88.72, 34.2646], [-88.7201, 34.2677], [-88.7256, 34.268], [-88.7283, 34.2776], [-88.7134, 34.2724]]]}}, {"type": "Feature", "properties": {"fips": "28047003508", "gap_national": -24.1, "gap_stratum": -17.0, "burden": 46.1, "capacity": 64.3, "svi": 0.31, "top_decile_gap": 0.0, "stratum": "metropolitan", "scored": 1}, "geometry": {"type": "Polygon", "coordinates": [[[-89.2337, 30.5316], [-89.1823, 30.5192], [-89.1712, 30.5155], [-89.1722, 30.5098], [-89.1659, 30.5004], [-89.1499, 30.4906], [-89.1424, 30.4741], [-89.1369, 30.473], [-89.137, 30.4639], [-89.1452, 30.4638], [-89.1457, 30.4713], [-89.1903, 30.4709], [-89.1913, 30.4619], [-89.1968, 30.454], [-89.1936, 30.4416], [-89.204, 30.4414], [-89.2151, 30.4468], [-89.2314, 30.4602], [-89.2352, 30.4717], [-89.2337, 30.5316]]]}}, {"type": "Feature", "properties": {"fips": "28047003512", "gap_national": 17.8, "gap_stratum": 22.5, "burden": 68.3, "capacity": 53.8, "svi": 0.5, "top_decile_gap": 0.0, "stratum": "metropolitan", "scored": 1}, "geometry": {"type": "Polygon", "coordinates": [[[-89.293, 30.5578], [-89.2758, 30.5696], [-89.2559, 30.5485], [-89.2355, 30.5338], [-89.2337, 30.5316], [-89.2352, 30.4717], [-89.2314, 30.4602], [-89.2151, 30.4468], [-89.204, 30.4414], [-89.1936, 30.4416], [-89.1917, 30.4274], [-89.2912, 30.427], [-89.2952, 30.451], [-89.3013, 30.466], [-89.2842, 30.4796], [-89.2744, 30.4836], [-89.2756, 30.4853], [-89.2845, 30.4842], [-89.2941, 30.4929], [-89.2929, 30.4955], [-89.2969, 30.5004], [-89.2995, 30.501], [-89.298, 30.504], [-89.302, 30.5081], [-89.3, 30.513], [-89.3026, 30.5157], [-89.305, 30.515], [-89.3036, 30.5178], [-89.3076, 30.526], [-89.3152, 30.5308], [-89.31, 30.54], [-89.3128, 30.5399], [-89.3129, 30.5447], [-89.3159, 30.5456], [-89.3166, 30.549], [-89.293, 30.5578]]]}}, {"type": "Feature", "properties": {"fips": "28047003511", "gap_national": 33.0, "gap_stratum": 35.6, "burden": 76.4, "capacity": 49.7, "svi": 0.52, "top_decile_gap": 0.0, "stratum": "metropolitan", "scored": 1}, "geometry": {"type": "Polygon", "coordinates": [[[-89.3414, 30.5941], [-89.3233, 30.5984], [-89.3124, 30.5937], [-89.2953, 30.5937], [-89.2879, 30.5848], [-89.2778, 30.5778], [-89.2758, 30.5696], [-89.293, 30.5578], [-89.3166, 30.549], [-89.3159, 30.5456], [-89.3129, 30.5447], [-89.3128, 30.5399], [-89.31, 30.54], [-89.3152, 30.5308], [-89.3076, 30.526], [-89.3036, 30.5178], [-89.305, 30.515], [-89.3026, 30.5157], [-89.3, 30.513], [-89.302, 30.5081], [-89.298, 30.504], [-89.2995, 30.501], [-89.2969, 30.5004], [-89.2929, 30.4955], [-89.2941, 30.4929], [-89.2845, 30.4842], [-89.2756, 30.4853], [-89.2744, 30.4836], [-89.2842, 30.4796], [-89.3013, 30.466], [-89.2952, 30.451], [-89.2912, 30.427], [-89.3414, 30.427], [-89.3414, 30.5941]]]}}, {"type": "Feature", "properties": {"fips": "28117950202", "gap_national": 29.8, "gap_stratum": 21.1, "burden": 86.8, "capacity": 58.6, "svi": 0.66, "top_decile_gap": 0.0, "stratum": "small_town", "scored": 1}, "geometry": {"type": "Polygon", "coordinates": [[[-88.7354, 34.5965], [-88.7178, 34.5965], [-88.7182, 34.6336], [-88.7095, 34.6375], [-88.7052, 34.637], [-88.7006, 34.6317], [-88.6855, 34.6269], [-88.6829, 34.6287], [-88.6828, 34.6323], [-88.6699, 34.633], [-88.6679, 34.6423], [-88.6659, 34.6402], [-88.642, 34.641], [-88.6235, 34.639], [-88.6257, 34.6618], [-88.6139, 34.6619], [-88.6085, 34.6651], [-88.6059, 34.6688], [-88.6058, 34.6751], [-88.603, 34.6767], [-88.5963, 34.6741], [-88.6075, 34.6532], [-88.6053, 34.6412], [-88.6003, 34.6413], [-88.5943, 34.6463], [-88.5839, 34.65], [-88.5884, 34.628], [-88.5706, 34.6461], [-88.5617, 34.6472], [-88.5586, 34.6339], [-88.5497, 34.6399], [-88.5287, 34.6417], [-88.5256, 34.633], [-88.5182, 34.6236], [-88.5249, 34.6113], [-88.5303, 34.6105], [-88.5259, 34.6016], [-88.5285, 34.5997], [-88.5366, 34.6034], [-88.5504, 34.6022], [-88.5632, 34.611], [-88.5689, 34.6017], [-88.5802, 34.5955], [-88.5818, 34.5876], [-88.5861, 34.5848], [-88.5922, 34.582], [-88.6073, 34.5819], [-88.6299, 34.5764], [-88.6308, 34.5845], [-88.6353, 34.5902], [-88.6559, 34.5964], [-88.6636, 34.6036], [-88.6795, 34.604], [-88.6912, 34.6], [-88.693, 34.5936], [-88.7006, 34.5923], [-88.6995, 34.5839], [-88.698, 34.579], [-88.6831, 34.5747], [-88.6841, 34.5577], [-88.6803, 34.5559], [-88.6806, 34.5454], [-88.7069, 34.5458], [-88.7073, 34.5433], [-88.7006, 34.5384], [-88.6959, 34.5272], [-88.6916, 34.5235], [-88.6811, 34.5236], [-88.6753, 34.5128], [-88.6676, 34.5091], [-88.7365, 34.5089], [-88.7354, 34.5965]]]}}, {"type": "Feature", "properties": {"fips": "28117950201", "gap_national": -2.9, "gap_stratum": -37.0, "burden": 72.3, "capacity": 71.1, "svi": 0.41, "top_decile_gap": 0.0, "stratum": "small_town", "scored": 1}, "geometry": {"type": "Polygon", "coordinates": [[[-88.7185, 34.7568], [-88.5597, 34.7561], [-88.56, 34.7365], [-88.5626, 34.7299], [-88.5604, 34.7268], [-88.5605, 34.6848], [-88.5765, 34.6839], [-88.5726, 34.6835], [-88.5723, 34.6763], [-88.5694, 34.6763], [-88.5693, 34.6714], [-88.5728, 34.669], [-88.5851, 34.669], [-88.603, 34.6767], [-88.6058, 34.6751], [-88.6059, 34.6688], [-88.6085, 34.6651], [-88.6139, 34.6619], [-88.6257, 34.6618], [-88.6235, 34.639], [-88.642, 34.641], [-88.6659, 34.6402], [-88.6679, 34.6423], [-88.6699, 34.633], [-88.6828, 34.6323], [-88.6829, 34.6287], [-88.6855, 34.6269], [-88.7006, 34.6317], [-88.7052, 34.637], [-88.7095, 34.6375], [-88.7182, 34.6336], [-88.7185, 34.7568]]]}}, {"type": "Feature", "properties": {"fips": "28117950102", "gap_national": 39.6, "gap_stratum": 34.3, "burden": 86.2, "capacity": 51.8, "svi": 0.6, "top_decile_gap": 0.0, "stratum": "small_town", "scored": 1}, "geometry": {"type": "Polygon", "coordinates": [[[-88.5162, 34.756], [-88.3484, 34.7554], [-88.3483, 34.7409], [-88.3307, 34.7407], [-88.3304, 34.6571], [-88.3415, 34.654], [-88.3533, 34.6616], [-88.3623, 34.6581], [-88.3785, 34.6617], [-88.3844, 34.6641], [-88.3863, 34.6777], [-88.3929, 34.6739], [-88.4017, 34.6813], [-88.4102, 34.6812], [-88.4327, 34.6691], [-88.4462, 34.6686], [-88.4797, 34.6534], [-88.4904, 34.653], [-88.4929, 34.6585], [-88.4887, 34.6625], [-88.4887, 34.6686], [-88.4942, 34.673], [-88.4966, 34.687], [-88.4936, 34.6936], [-88.5016, 34.69], [-88.5097, 34.6904], [-88.5155, 34.687], [-88.5164, 34.6894], [-88.5162, 34.7229], [-88.5186, 34.7361], [-88.5162, 34.756]]]}}, {"type": "Feature", "properties": {"fips": "28075010303", "gap_national": 5.4, "gap_stratum": -6.5, "burden": 82.3, "capacity": 72.7, "svi": 0.69, "top_decile_gap": 0.0, "stratum": "micropolitan", "scored": 1}, "geometry": {"type": "Polygon", "coordinates": [[[-88.9012, 32.504], [-88.8883, 32.5016], [-88.8835, 32.4986], [-88.8779, 32.4864], [-88.8652, 32.4775], [-88.85, 32.4881], [-88.8441, 32.5005], [-88.8209, 32.5004], [-88.8332, 32.482], [-88.7806, 32.4198], [-88.7651, 32.4225], [-88.7427, 32.4148], [-88.7425, 32.4108], [-88.7492, 32.4058], [-88.7505, 32.3893], [-88.7564, 32.3812], [-88.7527, 32.3801], [-88.7532, 32.3763], [-88.7483, 32.373], [-88.7481, 32.3703], [-88.765, 32.3712], [-88.7763, 32.3692], [-88.7808, 32.3803], [-88.7855, 32.3812], [-88.7898, 32.3741], [-88.7982, 32.3715], [-88.796, 32.3632], [-88.7998, 32.3569], [-88.8087, 32.3589], [-88.8153, 32.3691], [-88.8229, 32.3733], [-88.8238, 32.3765], [-88.8404, 32.3793], [-88.8434, 32.4], [-88.8522, 32.4069], [-88.8536, 32.4048], [-88.8578, 32.4069], [-88.8628, 32.4044], [-88.8754, 32.3952], [-88.8849, 32.3991], [-88.8887, 32.3981], [-88.8933, 32.4015], [-88.9022, 32.3977], [-88.9097, 32.399], [-88.915, 32.3939], [-88.9154, 32.5003], [-88.9012, 32.504]]]}}, {"type": "Feature", "properties": {"fips": "28075010205", "gap_national": -13.6, "gap_stratum": -35.7, "burden": 71.4, "capacity": 79.5, "svi": 0.64, "top_decile_gap": 0.0, "stratum": "micropolitan", "scored": 1}, "geometry": {"type": "Polygon", "coordinates": [[[-88.7017, 32.4723], [-88.7025, 32.4825], [-88.7065, 32.4929], [-88.7051, 32.501], [-88.6995, 32.5045], [-88.6942, 32.4991], [-88.686, 32.4971], [-88.6695, 32.5141], [-88.6602, 32.5362], [-88.6731, 32.5426], [-88.6843, 32.5451], [-88.6887, 32.5584], [-88.6869, 32.5659], [-88.7055, 32.567], [-88.7107, 32.5776], [-88.5542, 32.5779], [-88.5546, 32.5661], [-88.578, 32.5674], [-88.5884, 32.5693], [-88.5883, 32.5711], [-88.6142, 32.5696], [-88.6145, 32.5662], [-88.61, 32.5661], [-88.6101, 32.5624], [-88.6077, 32.5625], [-88.6077, 32.5551], [-88.6194, 32.5551], [-88.6194, 32.5516], [-88.624, 32.5515], [-88.6242, 32.5441], [-88.6265, 32.5414], [-88.6298, 32.5425], [-88.6322, 32.5361], [-88.6283, 32.529], [-88.63, 32.5153], [-88.6378, 32.4991], [-88.6344, 32.4915], [-88.6371, 32.4858], [-88.637, 32.4721], [-88.635, 32.4684], [-88.6368, 32.4502], [-88.628, 32.4502], [-88.663, 32.4047], [-88.663, 32.4103], [-88.6707, 32.425], [-88.6706, 32.4429], [-88.6834, 32.4428], [-88.6881, 32.4456], [-88.6947, 32.4395], [-88.6946, 32.4325], [-88.7, 32.4309], [-88.6985, 32.4251], [-88.7012, 32.4204], [-88.7096, 32.4313], [-88.7078, 32.4387], [-88.7143, 32.4457], [-88.7153, 32.4571], [-88.723, 32.4675], [-88.7017, 32.4723]]]}}, {"type": "Feature", "properties": {"fips": "28075010203", "gap_national": -12.9, "gap_stratum": -44.4, "burden": 72.1, "capacity": 79.6, "svi": 0.22, "top_decile_gap": 0.0, "stratum": "rural", "scored": 1}, "geometry": {"type": "Polygon", "coordinates": [[[-88.5587, 32.5056], [-88.5458, 32.5128], [-88.5214, 32.5177], [-88.5165, 32.5208], [-88.5081, 32.5399], [-88.4809, 32.5652], [-88.4846, 32.5779], [-88.3889, 32.5781], [-88.4033, 32.4543], [-88.4137, 32.4531], [-88.4441, 32.4687], [-88.4506, 32.4697], [-88.4632, 32.476], [-88.4679, 32.4878], [-88.4764, 32.4895], [-88.4784, 32.4896], [-88.4772, 32.4793], [-88.5036, 32.4677], [-88.5283, 32.4674], [-88.5282, 32.472], [-88.5244, 32.4754], [-88.5322, 32.4756], [-88.5498, 32.4831], [-88.5586, 32.4829], [-88.5587, 32.5056]]]}}, {"type": "Feature", "properties": {"fips": "28139950202", "gap_national": 37.1, "gap_stratum": 45.3, "burden": 89.3, "capacity": 55.3, "svi": 0.88, "top_decile_gap": 0.0, "stratum": "rural", "scored": 1}, "geometry": {"type": "Polygon", "coordinates": [[[-89.0881, 34.8153], [-89.0353, 34.8153], [-89.0353, 34.8447], [-89.0287, 34.8462], [-89.023, 34.8514], [-89.0158, 34.8473], [-89.0058, 34.8496], [-88.9926, 34.8482], [-88.9784, 34.8404], [-88.9648, 34.8411], [-88.9532, 34.8374], [-88.9601, 34.8347], [-88.9607, 34.8294], [-88.9672, 34.8248], [-88.983, 34.8249], [-88.9828, 34.8179], [-88.9865, 34.8153], [-88.9803, 34.8046], [-88.973, 34.8026], [-88.9692, 34.8039], [-88.9652, 34.8012], [-88.968, 34.7945], [-88.9665, 34.7919], [-88.951, 34.7823], [-88.9438, 34.7725], [-88.9426, 34.7666], [-88.9351, 34.7661], [-88.9447, 34.7494], [-88.9491, 34.7537], [-88.9557, 34.7543], [-88.9545, 34.7444], [-88.9573, 34.7357], [-88.9715, 34.7426], [-88.9701, 34.7285], [-89.0018, 34.7287], [-89.0338, 34.7357], [-89.0563, 34.7336], [-89.063, 34.7386], [-89.0665, 34.7281], [-89.0885, 34.7258], [-89.0881, 34.8153]]]}}, {"type": "Feature", "properties": {"fips": "28139950401", "gap_national": 12.2, "gap_stratum": -6.0, "burden": 75.2, "capacity": 62.6, "svi": 0.54, "top_decile_gap": 0.0, "stratum": "rural", "scored": 1}, "geometry": {"type": "Polygon", "coordinates": [[[-89.0055, 34.7199], [-89.0011, 34.7214], [-89.0005, 34.7286], [-88.9701, 34.7285], [-88.9706, 34.7214], [-88.9617, 34.7249], [-88.9656, 34.7113], [-88.9482, 34.7236], [-88.9435, 34.7296], [-88.9323, 34.7293], [-88.9079, 34.735], [-88.8889, 34.7272], [-88.8819, 34.7277], [-88.8588, 34.7215], [-88.8386, 34.7136], [-88.8147, 34.7118], [-88.7957, 34.7042], [-88.7924, 34.7053], [-88.7795, 34.7208], [-88.7742, 34.7223], [-88.7587, 34.7192], [-88.7527, 34.7162], [-88.7395, 34.703], [-88.7187, 34.6986], [-88.7178, 34.5965], [-88.9825, 34.5982], [-88.9764, 34.6123], [-88.9745, 34.6239], [-88.9743, 34.6524], [-88.9702, 34.6604], [-88.9652, 34.6639], [-88.9669, 34.675], [-88.9651, 34.6845], [-88.9711, 34.686], [-88.9712, 34.6948], [-88.9803, 34.6946], [-88.983, 34.7002], [-88.992, 34.6962], [-88.9916, 34.7024], [-89.0003, 34.7036], [-89.0006, 34.7096], [-89.0061, 34.7167], [-89.0055, 34.7199]]]}}, {"type": "Feature", "properties": {"fips": "28073020402", "gap_national": 4.4, "gap_stratum": 10.3, "burden": 56.3, "capacity": 53.4, "svi": 0.52, "top_decile_gap": 0.0, "stratum": "metropolitan", "scored": 1}, "geometry": {"type": "Polygon", "coordinates": [[[-89.4625, 31.1976], [-89.4442, 31.2025], [-89.4428, 31.2095], [-89.446, 31.2133], [-89.4174, 31.2292], [-89.4158, 31.2238], [-89.4106, 31.2226], [-89.4087, 31.218], [-89.4025, 31.2144], [-89.3857, 31.2067], [-89.362, 31.2051], [-89.3546, 31.1974], [-89.3528, 31.1852], [-89.3487, 31.1869], [-89.349, 31.1357], [-89.3703, 31.1404], [-89.3772, 31.1397], [-89.3941, 31.1461], [-89.4028, 31.1465], [-89.4054, 31.1432], [-89.4136, 31.1433], [-89.4299, 31.1357], [-89.4463, 31.1238], [-89.4676, 31.115], [-89.4675, 31.1292], [-89.4622, 31.1364], [-89.4608, 31.1434], [-89.4605, 31.1482], [-89.4646, 31.1489], [-89.4646, 31.1555], [-89.4607, 31.1599], [-89.459, 31.1671], [-89.4686, 31.1732], [-89.472, 31.1792], [-89.4716, 31.1854], [-89.4625, 31.1976]]]}}, {"type": "Feature", "properties": {"fips": "28109950406", "gap_national": 4.1, "gap_stratum": -17.5, "burden": 53.0, "capacity": 50.9, "svi": 0.33, "top_decile_gap": 0.0, "stratum": "rural", "scored": 1}, "geometry": {"type": "Polygon", "coordinates": [[[-89.7056, 30.6601], [-89.7013, 30.6647], [-89.704, 30.677], [-89.6983, 30.6794], [-89.6972, 30.6831], [-89.6874, 30.6907], [-89.6809, 30.6931], [-89.6764, 30.7017], [-89.6756, 30.7103], [-89.6637, 30.7085], [-89.6522, 30.7155], [-89.6468, 30.7109], [-89.6491, 30.7067], [-89.6497, 30.6924], [-89.6438, 30.6813], [-89.6421, 30.6696], [-89.6361, 30.6682], [-89.6405, 30.6484], [-89.6511, 30.6311], [-89.6508, 30.6175], [-89.6525, 30.6213], [-89.6701, 30.6223], [-89.6798, 30.6278], [-89.6936, 30.6254], [-89.7034, 30.6277], [-89.7073, 30.6291], [-89.704, 30.6349], [-89.7056, 30.6601]]]}}, {"type": "Feature", "properties": {"fips": "28073020501", "gap_national": 29.7, "gap_stratum": 31.8, "burden": 79.4, "capacity": 54.0, "svi": 0.39, "top_decile_gap": 0.0, "stratum": "metropolitan", "scored": 1}, "geometry": {"type": "Polygon", "coordinates": [[[-89.6538, 31.2831], [-89.6422, 31.2867], [-89.5846, 31.2905], [-89.5817, 31.275], [-89.5727, 31.2545], [-89.5548, 31.2435], [-89.5526, 31.2341], [-89.546, 31.2286], [-89.5422, 31.2188], [-89.514, 31.217], [-89.5082, 31.2124], [-89.495, 31.2104], [-89.4942, 31.1998], [-89.4903, 31.1928], [-89.459, 31.1671], [-89.4607, 31.1599], [-89.4646, 31.1555], [-89.4646, 31.1489], [-89.4605, 31.1482], [-89.461, 31.1402], [-89.4675, 31.1292], [-89.4678, 31.1139], [-89.4725, 31.1108], [-89.4718, 31.0981], [-89.485, 31.0839], [-89.4813, 31.0825], [-89.4839, 31.0797], [-89.4848, 31.0724], [-89.4979, 31.0664], [-89.5094, 31.0671], [-89.5179, 31.072], [-89.5279, 31.0613], [-89.5393, 31.0592], [-89.5531, 31.0623], [-89.5516, 31.0553], [-89.5381, 31.0522], [-89.5311, 31.0461], [-89.5327, 31.0245], [-89.5384, 31.016], [-89.552, 31.016], [-89.5519, 31.0019], [-89.654, 31.0025], [-89.6538, 31.2831]]]}}, {"type": "Feature", "properties": {"fips": "28073020308", "gap_national": 12.5, "gap_stratum": 18.1, "burden": 57.0, "capacity": 48.3, "svi": 0.57, "top_decile_gap": 0.0, "stratum": "metropolitan", "scored": 1}, "geometry": {"type": "Polygon", "coordinates": [[[-89.3668, 31.3353], [-89.3572, 31.3368], [-89.3607, 31.3467], [-89.3523, 31.3466], [-89.3525, 31.3249], [-89.3734, 31.3225], [-89.3735, 31.3277], [-89.3668, 31.3353]]]}}, {"type": "Feature", "properties": {"fips": "28073020206", "gap_national": -56.1, "gap_stratum": -49.3, "burden": 35.6, "capacity": 80.3, "svi": 0.09, "top_decile_gap": 0.0, "stratum": "metropolitan", "scored": 1}, "geometry": {"type": "Polygon", "coordinates": [[[-89.413, 31.3176], [-89.4095, 31.305], [-89.4113, 31.2927], [-89.4145, 31.2862], [-89.4315, 31.2825], [-89.4318, 31.2805], [-89.4352, 31.281], [-89.4417, 31.2882], [-89.4521, 31.2905], [-89.468, 31.2836], [-89.4708, 31.29], [-89.4691, 31.2999], [-89.472, 31.3129], [-89.413, 31.3176]]]}}, {"type": "Feature", "properties": {"fips": "28073020304", "gap_national": -6.8, "gap_stratum": -0.3, "burden": 52.5, "capacity": 57.8, "svi": 0.56, "top_decile_gap": 0.0, "stratum": "metropolitan", "scored": 1}, "geometry": {"type": "Polygon", "coordinates": [[[-89.3689, 31.3139], [-89.3563, 31.3211], [-89.3563, 31.3244], [-89.3479, 31.325], [-89.3478, 31.2843], [-89.3563, 31.2815], [-89.3629, 31.287], [-89.3659, 31.2931], [-89.3729, 31.2958], [-89.3772, 31.3011], [-89.3689, 31.3139]]]}}, {"type": "Feature", "properties": {"fips": "28057950202", "gap_national": 8.5, "gap_stratum": -14.5, "burden": 62.5, "capacity": 55.4, "svi": 0.57, "top_decile_gap": 0.0, "stratum": "micropolitan", "scored": 1}, "geometry": {"type": "Polygon", "coordinates": [[[-88.5422, 34.338], [-88.5423, 34.3522], [-88.5303, 34.3389], [-88.514, 34.3323], [-88.5141, 34.3369], [-88.4978, 34.3369], [-88.5052, 34.3469], [-88.5092, 34.3631], [-88.5024, 34.3644], [-88.5007, 34.3727], [-88.4977, 34.3701], [-88.4937, 34.3705], [-88.4918, 34.3648], [-88.4946, 34.3565], [-88.482, 34.3402], [-88.4833, 34.3337], [-88.4771, 34.3415], [-88.4698, 34.3328], [-88.4546, 34.3276], [-88.4595, 34.3111], [-88.4568, 34.3061], [-88.4567, 34.2836], [-88.425, 34.2833], [-88.4271, 34.2731], [-88.4399, 34.2688], [-88.4667, 34.2519], [-88.5445, 34.2648], [-88.5447, 34.338], [-88.5422, 34.338]]]}}, {"type": "Feature", "properties": {"fips": "28057950201", "gap_national": 24.3, "gap_stratum": 12.1, "burden": 74.7, "capacity": 54.3, "svi": 0.24, "top_decile_gap": 0.0, "stratum": "rural", "scored": 1}, "geometry": {"type": "Polygon", "coordinates": [[[-88.5421, 34.4653], [-88.3564, 34.4641], [-88.3771, 34.4604], [-88.3941, 34.4519], [-88.4009, 34.4469], [-88.4052, 34.4388], [-88.4022, 34.3922], [-88.425, 34.2833], [-88.4567, 34.2836], [-88.4568, 34.3061], [-88.4595, 34.3111], [-88.4546, 34.3276], [-88.4698, 34.3328], [-88.4771, 34.3415], [-88.4833, 34.3337], [-88.482, 34.3402], [-88.4946, 34.3565], [-88.4918, 34.3648], [-88.4937, 34.3705], [-88.4977, 34.3701], [-88.5007, 34.3727], [-88.5024, 34.3644], [-88.5092, 34.3631], [-88.5052, 34.3469], [-88.4978, 34.3369], [-88.5141, 34.3369], [-88.514, 34.3323], [-88.5303, 34.3389], [-88.5423, 34.3522], [-88.5421, 34.4653]]]}}, {"type": "Feature", "properties": {"fips": "28147950101", "gap_national": 26.3, "gap_stratum": 30.1, "burden": 91.2, "capacity": 63.4, "svi": 0.66, "top_decile_gap": 0.0, "stratum": "rural", "scored": 1}, "geometry": {"type": "Polygon", "coordinates": [[[-90.2604, 31.3503], [-90.1087, 31.3509], [-90.1086, 31.3435], [-90.0914, 31.3433], [-90.091, 31.336], [-90.0825, 31.336], [-90.0824, 31.3288], [-90.0538, 31.3289], [-90.0531, 31.3324], [-90.0488, 31.3324], [-90.0487, 31.3358], [-90.0405, 31.336], [-90.0404, 31.2463], [-90.0482, 31.243], [-90.0495, 31.2375], [-90.0572, 31.2443], [-90.0644, 31.2392], [-90.0741, 31.2392], [-90.117, 31.2283], [-90.123, 31.2339], [-90.1397, 31.2335], [-90.1465, 31.2359], [-90.1644, 31.2334], [-90.1782, 31.2259], [-90.1928, 31.2251], [-90.1935, 31.236], [-90.2298, 31.2294], [-90.2321, 31.2337], [-90.2371, 31.2334], [-90.2393, 31.2356], [-90.2604, 31.2268], [-90.2604, 31.3503]]]}}, {"type": "Feature", "properties": {"fips": "28101050302", "gap_national": 53.9, "gap_stratum": 61.5, "burden": 87.8, "capacity": 42.5, "svi": 0.54, "top_decile_gap": 1.0, "stratum": "rural", "scored": 1}, "geometry": {"type": "Polygon", "coordinates": [[[-89.3225, 32.49], [-89.3126, 32.4889], [-89.2893, 32.493], [-89.2783, 32.5157], [-89.2632, 32.5149], [-89.254, 32.5186], [-89.2516, 32.5174], [-89.2456, 32.5045], [-89.2478, 32.5004], [-89.2471, 32.4944], [-89.2387, 32.4916], [-89.2399, 32.4859], [-89.236, 32.4788], [-89.2258, 32.4858], [-89.2285, 32.4736], [-89.2174, 32.4667], [-89.22, 32.4584], [-89.2158, 32.4422], [-89.2198, 32.4397], [-89.2297, 32.4406], [-89.2347, 32.4388], [-89.2433, 32.4165], [-89.2367, 32.4116], [-89.2373, 32.4034], [-89.2346, 32.396], [-89.2363, 32.3853], [-89.2289, 32.3697], [-89.2271, 32.3535], [-89.2167, 32.3389], [-89.2799, 32.3415], [-89.3012, 32.3255], [-89.3226, 32.3239], [-89.3225, 32.49]]]}}, {"type": "Feature", "properties": {"fips": "28109950403", "gap_national": 23.0, "gap_stratum": 16.6, "burden": 86.2, "capacity": 62.8, "svi": 0.33, "top_decile_gap": 0.0, "stratum": "micropolitan", "scored": 1}, "geometry": {"type": "Polygon", "coordinates": [[[-89.8299, 30.6222], [-89.8262, 30.6213], [-89.8227, 30.6248], [-89.8114, 30.6252], [-89.7932, 30.6405], [-89.7932, 30.6306], [-89.797, 30.6239], [-89.7955, 30.616], [-89.7894, 30.6129], [-89.7702, 30.6259], [-89.7547, 30.6001], [-89.7504, 30.609], [-89.7348, 30.6235], [-89.7119, 30.6241], [-89.7082, 30.6278], [-89.7001, 30.6189], [-89.6933, 30.6152], [-89.6902, 30.6043], [-89.6922, 30.6047], [-89.6921, 30.5999], [-89.6958, 30.5936], [-89.6946, 30.5913], [-89.7069, 30.5905], [-89.7218, 30.5775], [-89.721, 30.5663], [-89.717, 30.5577], [-89.7188, 30.5516], [-89.7095, 30.5455], [-89.7008, 30.5472], [-89.6985, 30.5435], [-89.6978, 30.5268], [-89.7145, 30.5177], [-89.7147, 30.5036], [-89.7224, 30.4982], [-89.7221, 30.4961], [-89.719, 30.4959], [-89.7214, 30.4889], [-89.7262, 30.4926], [-89.7424, 30.4973], [-89.7464, 30.5026], [-89.7529, 30.5025], [-89.7581, 30.5054], [-89.7606, 30.5158], [-89.7681, 30.515], [-89.7716, 30.5302], [-89.7796, 30.5443], [-89.7885, 30.5445], [-89.8039, 30.5493], [-89.803, 30.5509], [-89.792, 30.5488], [-89.7945, 30.5566], [-89.8028, 30.5579], [-89.8039, 30.5606], [-89.8015, 30.5637], [-89.7913, 30.5614], [-89.7869, 30.5691], [-89.7914, 30.5694], [-89.7914, 30.5655], [-89.7933, 30.5652], [-89.7957, 30.5657], [-89.7945, 30.5697], [-89.808, 30.568], [-89.8068, 30.572], [-89.8097, 30.5803], [-89.8151, 30.5859], [-89.8097, 30.5847], [-89.807, 30.5871], [-89.8108, 30.5869], [-89.8121, 30.5915], [-89.8185, 30.5927], [-89.8197, 30.5968], [-89.8144, 30.5965], [-89.814, 30.5986], [-89.8223, 30.6046], [-89.8139, 30.6077], [-89.8232, 30.6087], [-89.8214, 30.6198], [-89.8299, 30.6167], [-89.8299, 30.6222]]]}}, {"type": "Feature", "properties": {"fips": "28109950701", "gap_national": 45.3, "gap_stratum": 47.0, "burden": 93.2, "capacity": 51.8, "svi": 0.83, "top_decile_gap": 0.0, "stratum": "micropolitan", "scored": 1}, "geometry": {"type": "Polygon", "coordinates": [[[-89.7147, 30.5036], [-89.7145, 30.5177], [-89.6988, 30.527], [-89.6978, 30.5145], [-89.688, 30.5183], [-89.6818, 30.5183], [-89.6813, 30.5203], [-89.6669, 30.5085], [-89.6742, 30.4862], [-89.6842, 30.4737], [-89.6814, 30.4698], [-89.6818, 30.4629], [-89.6772, 30.4591], [-89.6898, 30.4593], [-89.7018, 30.4651], [-89.7096, 30.4779], [-89.7159, 30.4778], [-89.7197, 30.4832], [-89.7214, 30.4889], [-89.719, 30.4959], [-89.7221, 30.4961], [-89.7224, 30.4982], [-89.7147, 30.5036]]]}}, {"type": "Feature", "properties": {"fips": "28109950202", "gap_national": 14.2, "gap_stratum": 7.6, "burden": 88.5, "capacity": 70.3, "svi": 0.18, "top_decile_gap": 0.0, "stratum": "rural", "scored": 1}, "geometry": {"type": "Polygon", "coordinates": [[[-89.6651, 30.8483], [-89.6525, 30.8458], [-89.6388, 30.8541], [-89.6342, 30.862], [-89.6355, 30.8859], [-89.6315, 30.8945], [-89.636, 30.9068], [-89.6356, 30.9197], [-89.6385, 30.9248], [-89.6221, 30.9299], [-89.6115, 30.9242], [-89.5956, 30.9219], [-89.577, 30.9277], [-89.5722, 30.9318], [-89.5526, 30.9318], [-89.5566, 30.9229], [-89.5567, 30.905], [-89.5532, 30.892], [-89.5485, 30.8895], [-89.5493, 30.8789], [-89.5515, 30.8782], [-89.549, 30.8417], [-89.5631, 30.8362], [-89.5631, 30.8334], [-89.5553, 30.8334], [-89.5521, 30.8304], [-89.55, 30.8257], [-89.5515, 30.8191], [-89.5384, 30.822], [-89.5361, 30.8263], [-89.5313, 30.8273], [-89.5311, 30.7938], [-89.5204, 30.7935], [-89.5212, 30.7646], [-89.524, 30.7578], [-89.5325, 30.7502], [-89.5576, 30.7482], [-89.5728, 30.75], [-89.5829, 30.7554], [-89.5832, 30.759], [-89.5992, 30.7651], [-89.6154, 30.7637], [-89.6282, 30.7662], [-89.6286, 30.7766], [-89.6353, 30.7791], [-89.6351, 30.7949], [-89.6312, 30.8049], [-89.6372, 30.8035], [-89.6369, 30.8184], [-89.6298, 30.8243], [-89.6276, 30.8314], [-89.6235, 30.8337], [-89.6306, 30.8351], [-89.642, 30.8415], [-89.6507, 30.8423], [-89.6687, 30.8389], [-89.6712, 30.8447], [-89.6651, 30.8483]]]}}, {"type": "Feature", "properties": {"fips": "28047003510", "gap_national": 6.8, "gap_stratum": 11.9, "burden": 73.4, "capacity": 65.0, "svi": 0.48, "top_decile_gap": 0.0, "stratum": "metropolitan", "scored": 1}, "geometry": {"type": "Polygon", "coordinates": [[[-89.1913, 30.4619], [-89.1903, 30.4709], [-89.1457, 30.4713], [-89.1452, 30.4638], [-89.137, 30.4639], [-89.1368, 30.4384], [-89.141, 30.4382], [-89.141, 30.4331], [-89.1368, 30.4331], [-89.1367, 30.4266], [-89.1917, 30.4274], [-89.1968, 30.454], [-89.1913, 30.4619]]]}}, {"type": "Feature", "properties": {"fips": "28047002401", "gap_national": 71.3, "gap_stratum": 69.9, "burden": 93.8, "capacity": 32.1, "svi": 0.93, "top_decile_gap": 1.0, "stratum": "metropolitan", "scored": 1}, "geometry": {"type": "Polygon", "coordinates": [[[-89.1268, 30.3971], [-89.1148, 30.4033], [-89.1142, 30.384], [-89.1365, 30.3839], [-89.1366, 30.3974], [-89.1268, 30.3971]]]}}, {"type": "Feature", "properties": {"fips": "28047003902", "gap_national": 27.9, "gap_stratum": 30.0, "burden": 79.8, "capacity": 55.5, "svi": 0.82, "top_decile_gap": 0.0, "stratum": "metropolitan", "scored": 1}, "geometry": {"type": "Polygon", "coordinates": [[[-88.9071, 30.4261], [-88.8944, 30.4223], [-88.895, 30.3989], [-88.9083, 30.3986], [-88.9085, 30.4021], [-88.9041, 30.4021], [-88.9042, 30.41], [-88.9089, 30.41], [-88.9129, 30.4199], [-88.9158, 30.4195], [-88.916, 30.4235], [-88.9071, 30.4261]]]}}, {"type": "Feature", "properties": {"fips": "28047001204", "gap_national": 36.3, "gap_stratum": 35.5, "burden": 90.8, "capacity": 56.7, "svi": 0.98, "top_decile_gap": 0.0, "stratum": "metropolitan", "scored": 1}, "geometry": {"type": "Polygon", "coordinates": [[[-88.9614, 30.4098], [-88.9614, 30.4061], [-88.955, 30.4062], [-88.951, 30.4073], [-88.9508, 30.41], [-88.9508, 30.4032], [-88.9763, 30.4018], [-88.9763, 30.4097], [-88.9614, 30.4098]]]}}, {"type": "Feature", "properties": {"fips": "28047001506", "gap_national": 44.5, "gap_stratum": 45.8, "burden": 80.9, "capacity": 44.8, "svi": 0.95, "top_decile_gap": 0.0, "stratum": "metropolitan", "scored": 1}, "geometry": {"type": "Polygon", "coordinates": [[[-89.0172, 30.4097], [-89.0166, 30.412], [-89.0014, 30.4158], [-89.0013, 30.4007], [-89.0268, 30.3987], [-89.0272, 30.4066], [-89.0172, 30.4097]]]}}, {"type": "Feature", "properties": {"fips": "28047001701", "gap_national": 30.6, "gap_stratum": 30.2, "burden": 91.6, "capacity": 60.7, "svi": 0.72, "top_decile_gap": 0.0, "stratum": "metropolitan", "scored": 1}, "geometry": {"type": "Polygon", "coordinates": [[[-89.0356, 30.3966], [-89.0371, 30.4035], [-89.0354, 30.406], [-89.0294, 30.4043], [-89.0272, 30.4066], [-89.027, 30.3866], [-89.0465, 30.3815], [-89.0464, 30.3866], [-89.0492, 30.3859], [-89.0494, 30.3927], [-89.0356, 30.3966]]]}}, {"type": "Feature", "properties": {"fips": "28047001301", "gap_national": 15.6, "gap_stratum": 17.9, "burden": 84.6, "capacity": 66.8, "svi": 0.37, "top_decile_gap": 0.0, "stratum": "metropolitan", "scored": 1}, "geometry": {"type": "MultiPolygon", "coordinates": [[[[-88.9344, 30.3979], [-88.9343, 30.3931], [-88.9671, 30.3915], [-88.9671, 30.3968], [-88.9344, 30.3979]]], [[[-89.0237, 30.3831], [-89.0012, 30.3881], [-88.9727, 30.3915], [-89.0271, 30.3822], [-89.0237, 30.3831]]]]}}, {"type": "Feature", "properties": {"fips": "28047001302", "gap_national": -25.9, "gap_stratum": -19.4, "burden": 43.0, "capacity": 63.2, "svi": 0.79, "top_decile_gap": 0.0, "stratum": "metropolitan", "scored": 1}, "geometry": {"type": "Polygon", "coordinates": [[[-88.9911, 30.3953], [-88.9671, 30.3968], [-88.9671, 30.3915], [-88.9956, 30.3884], [-89.0012, 30.3881], [-89.0013, 30.3932], [-88.9911, 30.3953]]]}}, {"type": "Feature", "properties": {"fips": "28047003312", "gap_national": -12.5, "gap_stratum": -4.9, "burden": 61.2, "capacity": 68.5, "svi": 0.26, "top_decile_gap": 0.0, "stratum": "metropolitan", "scored": 1}, "geometry": {"type": "Polygon", "coordinates": [[[-88.9706, 30.4445], [-88.9636, 30.4539], [-88.9501, 30.4524], [-88.9516, 30.4472], [-88.9498, 30.442], [-88.9536, 30.4383], [-88.9594, 30.4377], [-88.9594, 30.4325], [-88.9675, 30.4322], [-88.9673, 30.4354], [-88.9719, 30.4354], [-88.9721, 30.4413], [-88.9781, 30.4411], [-88.9774, 30.4432], [-88.9706, 30.4445]]]}}, {"type": "Feature", "properties": {"fips": "28047003305", "gap_national": 22.6, "gap_stratum": 26.6, "burden": 70.6, "capacity": 52.4, "svi": 0.52, "top_decile_gap": 0.0, "stratum": "metropolitan", "scored": 1}, "geometry": {"type": "Polygon", "coordinates": [[[-88.8834, 30.4541], [-88.8831, 30.4158], [-88.8913, 30.4211], [-88.8917, 30.454], [-88.8834, 30.4541]]]}}, {"type": "Feature", "properties": {"fips": "28059040105", "gap_national": 14.9, "gap_stratum": 18.7, "burden": 76.6, "capacity": 61.8, "svi": 0.53, "top_decile_gap": 0.0, "stratum": "metropolitan", "scored": 1}, "geometry": {"type": "Polygon", "coordinates": [[[-88.4991, 30.5436], [-88.4878, 30.5569], [-88.481, 30.5749], [-88.481, 30.5851], [-88.4861, 30.5972], [-88.4922, 30.6387], [-88.4918, 30.6533], [-88.4745, 30.6509], [-88.4544, 30.6349], [-88.4405, 30.6296], [-88.4269, 30.6294], [-88.4081, 30.6369], [-88.4004, 30.4742], [-88.4319, 30.4615], [-88.4745, 30.457], [-88.4697, 30.4613], [-88.4733, 30.4649], [-88.4723, 30.4789], [-88.4841, 30.4847], [-88.4899, 30.4935], [-88.5013, 30.5005], [-88.5218, 30.5347], [-88.4991, 30.5436]]]}}, {"type": "Feature", "properties": {"fips": "28059040302", "gap_national": -24.5, "gap_stratum": -20.5, "burden": 34.2, "capacity": 55.5, "svi": 0.46, "top_decile_gap": 0.0, "stratum": "metropolitan", "scored": 1}, "geometry": {"type": "Polygon", "coordinates": [[[-88.8725, 30.4424], [-88.8628, 30.4431], [-88.8628, 30.4503], [-88.8414, 30.4501], [-88.8393, 30.4445], [-88.8429, 30.4434], [-88.8452, 30.4373], [-88.8551, 30.4259], [-88.8578, 30.4302], [-88.8701, 30.4242], [-88.8709, 30.4195], [-88.8831, 30.4188], [-88.8832, 30.4371], [-88.8725, 30.4424]]]}}, {"type": "Feature", "properties": {"fips": "28071950303", "gap_national": 15.0, "gap_stratum": -8.7, "burden": 40.0, "capacity": 30.8, "svi": 0.59, "top_decile_gap": 0.0, "stratum": "micropolitan", "scored": 1}, "geometry": {"type": "Polygon", "coordinates": [[[-89.5731, 34.3879], [-89.5668, 34.3898], [-89.5657, 34.3929], [-89.554, 34.386], [-89.5453, 34.3905], [-89.5355, 34.3907], [-89.5335, 34.3886], [-89.5252, 34.3883], [-89.5245, 34.3753], [-89.5256, 34.3717], [-89.5317, 34.371], [-89.5445, 34.3803], [-89.5446, 34.3829], [-89.5474, 34.3831], [-89.5473, 34.3799], [-89.5505, 34.3797], [-89.5521, 34.3834], [-89.5532, 34.3794], [-89.5681, 34.3795], [-89.5738, 34.3842], [-89.5731, 34.3879]]]}}, {"type": "Feature", "properties": {"fips": "28071950506", "gap_national": -32.7, "gap_stratum": -52.2, "burden": 30.7, "capacity": 58.2, "svi": 0.43, "top_decile_gap": 0.0, "stratum": "micropolitan", "scored": 1}, "geometry": {"type": "Polygon", "coordinates": [[[-89.5197, 34.3376], [-89.517, 34.3396], [-89.5143, 34.3367], [-89.5084, 34.3543], [-89.4979, 34.3557], [-89.4935, 34.3437], [-89.4807, 34.3334], [-89.4758, 34.3225], [-89.4637, 34.3098], [-89.4615, 34.3025], [-89.4566, 34.2963], [-89.4559, 34.2903], [-89.4451, 34.2854], [-89.4604, 34.2764], [-89.4934, 34.284], [-89.5214, 34.2734], [-89.5198, 34.3107], [-89.5229, 34.3157], [-89.5197, 34.3376]]]}}, {"type": "Feature", "properties": {"fips": "28153950302", "gap_national": -15.1, "gap_stratum": -51.7, "burden": 61.6, "capacity": 70.8, "svi": 0.03, "top_decile_gap": 0.0, "stratum": "rural", "scored": 1}, "geometry": {"type": "Polygon", "coordinates": [[[-88.91, 31.7031], [-88.8903, 31.6971], [-88.8173, 31.6974], [-88.8212, 31.7015], [-88.8264, 31.7159], [-88.8316, 31.7215], [-88.8261, 31.7239], [-88.8253, 31.7309], [-88.8141, 31.7335], [-88.8148, 31.7401], [-88.7983, 31.7386], [-88.7831, 31.743], [-88.7788, 31.7347], [-88.7741, 31.7365], [-88.7458, 31.7219], [-88.7143, 31.7215], [-88.7011, 31.7094], [-88.6859, 31.7034], [-88.6792, 31.6972], [-88.6703, 31.6947], [-88.675, 31.6883], [-88.6832, 31.683], [-88.6829, 31.6765], [-88.68, 31.672], [-88.6828, 31.6652], [-88.6823, 31.6536], [-88.6616, 31.6569], [-88.6631, 31.6413], [-88.6605, 31.639], [-88.6574, 31.6423], [-88.6521, 31.6403], [-88.6666, 31.6292], [-88.6694, 31.6201], [-88.6671, 31.6084], [-88.672, 31.6043], [-88.6744, 31.5972], [-88.6849, 31.5861], [-88.6985, 31.5805], [-88.7069, 31.587], [-88.7315, 31.5945], [-88.737, 31.6002], [-88.755, 31.609], [-88.7799, 31.6031], [-88.8098, 31.61], [-88.815, 31.6148], [-88.828, 31.6096], [-88.8582, 31.6071], [-88.8711, 31.6151], [-88.8757, 31.6212], [-88.8977, 31.6058], [-88.9395, 31.6065], [-88.9427, 31.6077], [-88.9432, 31.707], [-88.91, 31.7031]]]}}, {"type": "Feature", "properties": {"fips": "28153950102", "gap_national": 35.8, "gap_stratum": 47.1, "burden": 93.0, "capacity": 58.0, "svi": 0.87, "top_decile_gap": 0.0, "stratum": "rural", "scored": 1}, "geometry": {"type": "Polygon", "coordinates": [[[-88.6132, 31.682], [-88.6026, 31.6815], [-88.5971, 31.686], [-88.5812, 31.691], [-88.5343, 31.6861], [-88.5066, 31.7013], [-88.475, 31.6975], [-88.468, 31.6891], [-88.4639, 31.6889], [-88.4563, 31.5625], [-88.469, 31.5641], [-88.475, 31.5604], [-88.4827, 31.5651], [-88.4875, 31.5635], [-88.4891, 31.5682], [-88.5014, 31.5648], [-88.5109, 31.5671], [-88.51, 31.57], [-88.5165, 31.5712], [-88.5258, 31.5674], [-88.5254, 31.571], [-88.5314, 31.5818], [-88.5511, 31.5816], [-88.5591, 31.5744], [-88.5626, 31.5819], [-88.5639, 31.5771], [-88.5671, 31.5789], [-88.5702, 31.5759], [-88.5707, 31.5802], [-88.5747, 31.5817], [-88.5779, 31.5791], [-88.588, 31.589], [-88.587, 31.5916], [-88.596, 31.5938], [-88.5945, 31.6008], [-88.5981, 31.6008], [-88.5995, 31.6048], [-88.6048, 31.6027], [-88.6038, 31.6106], [-88.6065, 31.6078], [-88.61, 31.6096], [-88.6074, 31.6173], [-88.6131, 31.6172], [-88.613, 31.6192], [-88.6073, 31.6211], [-88.6072, 31.6229], [-88.6098, 31.6225], [-88.6143, 31.6268], [-88.6173, 31.6321], [-88.6166, 31.6356], [-88.6225, 31.6351], [-88.6262, 31.6378], [-88.6265, 31.6491], [-88.6233, 31.6575], [-88.626, 31.6698], [-88.63, 31.6729], [-88.6132, 31.682]]]}}, {"type": "Feature", "properties": {"fips": "28009950102", "gap_national": 15.5, "gap_stratum": 17.0, "burden": 89.0, "capacity": 69.7, "svi": 0.68, "top_decile_gap": 0.0, "stratum": "metropolitan", "scored": 1}, "geometry": {"type": "Polygon", "coordinates": [[[-89.2332, 34.9947], [-89.0171, 34.9949], [-89.0176, 34.8587], [-89.035, 34.8588], [-89.0353, 34.8153], [-89.0881, 34.8153], [-89.0886, 34.7481], [-89.1139, 34.7556], [-89.1201, 34.7615], [-89.1593, 34.7533], [-89.1755, 34.7558], [-89.1807, 34.7521], [-89.1828, 34.7435], [-89.1853, 34.7439], [-89.2001, 34.7554], [-89.2035, 34.7607], [-89.2119, 34.7582], [-89.2204, 34.7588], [-89.2344, 34.7727], [-89.2326, 34.7768], [-89.2352, 34.7874], [-89.232, 34.7907], [-89.2286, 34.8041], [-89.2262, 34.8072], [-89.2201, 34.8089], [-89.2198, 34.8196], [-89.1953, 34.8275], [-89.1897, 34.8269], [-89.1846, 34.8518], [-89.1952, 34.8616], [-89.2021, 34.8831], [-89.2083, 34.8883], [-89.2113, 34.8955], [-89.2109, 34.9464], [-89.2469, 34.9465], [-89.2491, 34.9541], [-89.2661, 34.9727], [-89.2332, 34.9947]]]}}, {"type": "Feature", "properties": {"fips": "28141950401", "gap_national": 40.1, "gap_stratum": 54.0, "burden": 94.7, "capacity": 56.0, "svi": 0.65, "top_decile_gap": 0.0, "stratum": "rural", "scored": 1}, "geometry": {"type": "Polygon", "coordinates": [[[-88.3305, 34.6981], [-88.3161, 34.6873], [-88.3115, 34.69], [-88.3093, 34.695], [-88.3057, 34.6932], [-88.3052, 34.6969], [-88.3107, 34.7023], [-88.3111, 34.7075], [-88.2911, 34.6931], [-88.2857, 34.6915], [-88.2863, 34.6946], [-88.2817, 34.6963], [-88.2821, 34.6999], [-88.2773, 34.7053], [-88.2708, 34.7041], [-88.2691, 34.7082], [-88.2612, 34.7095], [-88.2539, 34.6966], [-88.2395, 34.6994], [-88.232, 34.6911], [-88.2261, 34.6895], [-88.2206, 34.6909], [-88.2221, 34.7097], [-88.1893, 34.7083], [-88.1822, 34.6987], [-88.1724, 34.6943], [-88.174, 34.6862], [-88.1682, 34.6827], [-88.1536, 34.6869], [-88.1423, 34.7019], [-88.1341, 34.7045], [-88.1314, 34.7091], [-88.1249, 34.7065], [-88.1208, 34.7089], [-88.1308, 34.6448], [-88.1478, 34.639], [-88.1568, 34.6276], [-88.1712, 34.6191], [-88.2308, 34.5991], [-88.2282, 34.5845], [-88.2245, 34.5834], [-88.2244, 34.5711], [-88.2208, 34.5656], [-88.226, 34.5585], [-88.2183, 34.5335], [-88.221, 34.5338], [-88.2497, 34.516], [-88.2572, 34.5106], [-88.257, 34.5086], [-88.2493, 34.5046], [-88.2512, 34.4996], [-88.2496, 34.4933], [-88.2365, 34.4907], [-88.2338, 34.484], [-88.2297, 34.4848], [-88.2215, 34.4793], [-88.2048, 34.4779], [-88.206, 34.4672], [-88.2143, 34.4634], [-88.3292, 34.4636], [-88.3305, 34.6981]]]}}, {"type": "Feature", "properties": {"fips": "28141950301", "gap_national": 1.3, "gap_stratum": -22.5, "burden": 76.4, "capacity": 71.2, "svi": 0.18, "top_decile_gap": 0.0, "stratum": "rural", "scored": 1}, "geometry": {"type": "Polygon", "coordinates": [[[-88.3434, 34.7553], [-88.3396, 34.764], [-88.3394, 34.7736], [-88.3328, 34.7777], [-88.3239, 34.7768], [-88.3188, 34.7878], [-88.3084, 34.7826], [-88.3079, 34.7754], [-88.2998, 34.7686], [-88.2987, 34.7727], [-88.2852, 34.7789], [-88.2783, 34.7689], [-88.2434, 34.7742], [-88.2337, 34.7826], [-88.2203, 34.7827], [-88.2164, 34.775], [-88.2038, 34.8023], [-88.1837, 34.8017], [-88.1837, 34.8061], [-88.1767, 34.7982], [-88.1726, 34.789], [-88.168, 34.7947], [-88.1666, 34.8103], [-88.1711, 34.823], [-88.1292, 34.8301], [-88.1208, 34.8284], [-88.113, 34.8342], [-88.1048, 34.8344], [-88.1208, 34.7089], [-88.1249, 34.7065], [-88.1314, 34.7091], [-88.1341, 34.7045], [-88.1423, 34.7019], [-88.1484, 34.6924], [-88.1572, 34.6846], [-88.1682, 34.6827], [-88.1724, 34.6845], [-88.174, 34.6862], [-88.1724, 34.6943], [-88.1822, 34.6987], [-88.1893, 34.7083], [-88.2122, 34.7097], [-88.2221, 34.7097], [-88.2206, 34.6909], [-88.2261, 34.6895], [-88.232, 34.6911], [-88.2395, 34.6994], [-88.2539, 34.6966], [-88.2612, 34.7095], [-88.2691, 34.7082], [-88.2708, 34.7041], [-88.2773, 34.7053], [-88.2821, 34.6999], [-88.2817, 34.6963], [-88.2863, 34.6946], [-88.2857, 34.6915], [-88.2911, 34.6931], [-88.3111, 34.7075], [-88.3107, 34.7023], [-88.3052, 34.6969], [-88.3057, 34.6932], [-88.3093, 34.695], [-88.3115, 34.69], [-88.3161, 34.6873], [-88.3305, 34.6981], [-88.3307, 34.7407], [-88.3483, 34.7409], [-88.3484, 34.7554], [-88.3434, 34.7553]]]}}, {"type": "Feature", "properties": {"fips": "28029950101", "gap_national": 38.1, "gap_stratum": 36.5, "burden": 97.3, "capacity": 58.4, "svi": 0.87, "top_decile_gap": 0.0, "stratum": "metropolitan", "scored": 1}, "geometry": {"type": "Polygon", "coordinates": [[[-90.3571, 31.9888], [-90.3359, 31.988], [-90.3211, 31.9954], [-90.3103, 31.9916], [-90.3082, 31.9837], [-90.3119, 31.9769], [-90.3359, 31.9768], [-90.3344, 31.9732], [-90.3482, 31.9731], [-90.348, 31.9591], [-90.3576, 31.9528], [-90.3643, 31.9528], [-90.366, 31.9646], [-90.3638, 31.9683], [-90.3681, 31.9694], [-90.3571, 31.9888]]]}}, {"type": "Feature", "properties": {"fips": "28029950501", "gap_national": 38.4, "gap_stratum": 23.2, "burden": 70.9, "capacity": 41.2, "svi": 0.69, "top_decile_gap": 0.0, "stratum": "rural", "scored": 1}, "geometry": {"type": "Polygon", "coordinates": [[[-90.4133, 31.7041], [-90.4143, 31.7086], [-90.4022, 31.7118], [-90.3994, 31.7191], [-90.4001, 31.7266], [-90.395, 31.7296], [-90.4014, 31.7405], [-90.3952, 31.7431], [-90.3939, 31.7526], [-90.4075, 31.7912], [-90.4073, 31.8022], [-90.4005, 31.7969], [-90.3822, 31.7916], [-90.3724, 31.7955], [-90.3713, 31.7996], [-90.3615, 31.7987], [-90.3522, 31.8043], [-90.3414, 31.8047], [-90.3343, 31.7965], [-90.3312, 31.7976], [-90.323, 31.7906], [-90.3244, 31.7826], [-90.3185, 31.7761], [-90.3132, 31.7747], [-90.3127, 31.7726], [-90.3165, 31.7693], [-90.3163, 31.765], [-90.3122, 31.7555], [-90.2903, 31.7469], [-90.2871, 31.743], [-90.2892, 31.7409], [-90.2874, 31.7376], [-90.2775, 31.7348], [-90.2747, 31.7291], [-90.2756, 31.7251], [-90.2716, 31.7195], [-90.271, 31.7216], [-90.2598, 31.7202], [-90.2603, 31.7158], [-90.2548, 31.7123], [-90.2515, 31.7132], [-90.259, 31.7039], [-90.2724, 31.7042], [-90.28, 31.6999], [-90.3801, 31.7002], [-90.3794, 31.6852], [-90.4136, 31.6853], [-90.4142, 31.7005], [-90.4193, 31.7009], [-90.4133, 31.7041]]]}}, {"type": "Feature", "properties": {"fips": "28127950302", "gap_national": 5.0, "gap_stratum": 10.4, "burden": 71.6, "capacity": 64.9, "svi": 0.58, "top_decile_gap": 0.0, "stratum": "metropolitan", "scored": 1}, "geometry": {"type": "Polygon", "coordinates": [[[-90.2427, 32.0374], [-90.2372, 32.0371], [-90.23, 32.0467], [-90.2303, 32.0497], [-89.882, 32.0475], [-89.8882, 32.0412], [-89.8898, 32.0317], [-89.8999, 32.0117], [-89.901, 31.9964], [-89.9044, 31.9985], [-89.9046, 31.9944], [-89.9117, 31.9973], [-89.9437, 31.9997], [-89.9513, 32.0041], [-89.9475, 31.9975], [-89.9627, 31.998], [-89.9792, 32.0079], [-89.9917, 31.9969], [-90.0023, 31.9943], [-90.0043, 31.988], [-90.0138, 31.9881], [-90.0176, 31.9821], [-90.025, 31.9804], [-90.0351, 31.9704], [-90.0442, 31.9686], [-90.0801, 31.9726], [-90.0914, 31.9837], [-90.1023, 31.9844], [-90.1113, 31.9806], [-90.1125, 31.9859], [-90.116, 31.9872], [-90.1427, 31.9909], [-90.1465, 31.9936], [-90.1529, 31.9928], [-90.1719, 31.9981], [-90.187, 31.9958], [-90.195, 31.998], [-90.1985, 32.0021], [-90.2056, 32.002], [-90.2243, 31.9966], [-90.2322, 32.0096], [-90.2238, 32.0108], [-90.2136, 32.025], [-90.2209, 32.0189], [-90.2293, 32.0209], [-90.2343, 32.0172], [-90.2396, 32.0206], [-90.2333, 32.0236], [-90.2366, 32.0249], [-90.2436, 32.0226], [-90.2472, 32.0327], [-90.2427, 32.0374]]]}}, {"type": "Feature", "properties": {"fips": "28127950101", "gap_national": 1.6, "gap_stratum": 6.5, "burden": 77.7, "capacity": 72.1, "svi": 0.34, "top_decile_gap": 0.0, "stratum": "metropolitan", "scored": 1}, "geometry": {"type": "Polygon", "coordinates": [[[-89.8999, 32.0117], [-89.8898, 32.0317], [-89.8882, 32.0412], [-89.882, 32.0475], [-89.6621, 32.0472], [-89.6544, 32.0137], [-89.6544, 32.0063], [-89.6689, 32.0028], [-89.7092, 31.9779], [-89.7441, 31.9772], [-89.7619, 31.9684], [-89.7983, 31.962], [-89.8088, 31.9564], [-89.828, 31.9631], [-89.8325, 31.9594], [-89.8447, 31.9598], [-89.8499, 31.9572], [-89.8659, 31.976], [-89.8786, 31.9856], [-89.8944, 31.9916], [-89.901, 31.9964], [-89.8999, 32.0117]]]}}, {"type": "Feature", "properties": {"fips": "28121020304", "gap_national": 6.2, "gap_stratum": 10.7, "burden": 37.4, "capacity": 35.8, "svi": 0.35, "top_decile_gap": 0.0, "stratum": "metropolitan", "scored": 1}, "geometry": {"type": "Polygon", "coordinates": [[[-90.1777, 32.2903], [-90.1736, 32.2905], [-90.1715, 32.2891], [-90.174, 32.2869], [-90.1716, 32.2839], [-90.1708, 32.2875], [-90.1667, 32.2869], [-90.1656, 32.2839], [-90.1569, 32.2879], [-90.1598, 32.2903], [-90.1571, 32.2938], [-90.1514, 32.291], [-90.1562, 32.2973], [-90.1565, 32.3017], [-90.1589, 32.3009], [-90.1627, 32.3062], [-90.1506, 32.3117], [-90.1542, 32.314], [-90.1522, 32.3237], [-90.1458, 32.3254], [-90.1423, 32.3211], [-90.1397, 32.3221], [-90.1381, 32.3261], [-90.1303, 32.3297], [-90.1184, 32.34], [-90.116, 32.3461], [-90.1128, 32.3432], [-90.1101, 32.3444], [-90.1097, 32.3487], [-90.1131, 32.3545], [-90.1114, 32.3586], [-90.114, 32.3605], [-90.1108, 32.3628], [-90.1069, 32.3614], [-90.1095, 32.3548], [-90.1083, 32.3534], [-90.1062, 32.3555], [-90.1029, 32.3629], [-90.1046, 32.3664], [-90.0998, 32.3668], [-90.1033, 32.3713], [-90.1018, 32.3757], [-90.0989, 32.3731], [-90.0973, 32.3741], [-90.1007, 32.3823], [-90.0957, 32.3817], [-90.0952, 32.3891], [-90.0937, 32.3902], [-90.0874, 32.3847], [-90.084, 32.3904], [-90.0804, 32.3917], [-90.0815, 32.3953], [-90.0761, 32.3938], [-90.0803, 32.39], [-90.0779, 32.3877], [-90.0654, 32.394], [-90.0613, 32.3846], [-90.0729, 32.3785], [-90.0796, 32.3785], [-90.0922, 32.3508], [-90.0917, 32.3418], [-90.0767, 32.3417], [-90.0848, 32.3324], [-90.0913, 32.3292], [-90.0917, 32.3198], [-90.088, 32.311], [-90.0909, 32.3068], [-90.0915, 32.2961], [-90.102, 32.2944], [-90.1131, 32.2979], [-90.1285, 32.2975], [-90.1302, 32.2959], [-90.13, 32.2809], [-90.1469, 32.2783], [-90.1789, 32.2816], [-90.1777, 32.2903]]]}}, {"type": "Feature", "properties": {"fips": "28141950302", "gap_national": 23.9, "gap_stratum": 21.9, "burden": 86.2, "capacity": 62.2, "svi": 0.63, "top_decile_gap": 0.0, "stratum": "rural", "scored": 1}, "geometry": {"type": "Polygon", "coordinates": [[[-88.3655, 34.8543], [-88.3445, 34.851], [-88.3375, 34.8683], [-88.3324, 34.8711], [-88.3153, 34.8621], [-88.3103, 34.864], [-88.3126, 34.8562], [-88.3034, 34.856], [-88.3014, 34.8517], [-88.2861, 34.8558], [-88.2701, 34.8501], [-88.2671, 34.844], [-88.26, 34.8429], [-88.2561, 34.8386], [-88.2426, 34.8438], [-88.2428, 34.8486], [-88.228, 34.8484], [-88.2251, 34.8455], [-88.2241, 34.834], [-88.2114, 34.8179], [-88.1984, 34.8121], [-88.215, 34.8081], [-88.2018, 34.8057], [-88.2106, 34.7909], [-88.2164, 34.775], [-88.2203, 34.7827], [-88.2337, 34.7826], [-88.2434, 34.7742], [-88.2783, 34.7689], [-88.2852, 34.7789], [-88.2987, 34.7727], [-88.2998, 34.7686], [-88.3079, 34.7754], [-88.3084, 34.7826], [-88.3188, 34.7878], [-88.3239, 34.7768], [-88.3328, 34.7777], [-88.3394, 34.7736], [-88.3396, 34.764], [-88.3434, 34.7553], [-88.3655, 34.7556], [-88.3655, 34.8543]]]}}, {"type": "Feature", "properties": {"fips": "28121020601", "gap_national": 28.6, "gap_stratum": 32.2, "burden": 71.6, "capacity": 49.1, "svi": 0.81, "top_decile_gap": 0.0, "stratum": "metropolitan", "scored": 1}, "geometry": {"type": "Polygon", "coordinates": [[[-90.0731, 32.2716], [-90.0361, 32.278], [-90.034, 32.2685], [-90.0428, 32.2637], [-90.0574, 32.2447], [-90.0574, 32.2475], [-90.0738, 32.2477], [-90.0738, 32.2498], [-90.0814, 32.2508], [-90.0818, 32.2542], [-90.0731, 32.2716]]]}}, {"type": "Feature", "properties": {"fips": "28121020219", "gap_national": -42.4, "gap_stratum": -33.9, "burden": 50.7, "capacity": 84.7, "svi": 0.37, "top_decile_gap": 0.0, "stratum": "metropolitan", "scored": 1}, "geometry": {"type": "Polygon", "coordinates": [[[-90.0078, 32.3589], [-90.0026, 32.3397], [-89.9974, 32.3351], [-89.998, 32.333], [-89.9907, 32.3322], [-89.987, 32.3346], [-89.9828, 32.333], [-89.9747, 32.3379], [-89.9909, 32.3129], [-89.9972, 32.2943], [-90.0054, 32.2984], [-90.0127, 32.3082], [-90.0207, 32.3143], [-90.0279, 32.3305], [-90.0356, 32.3406], [-90.048, 32.3454], [-90.0078, 32.3589]]]}}, {"type": "Feature", "properties": {"fips": "28121020805", "gap_national": 24.7, "gap_stratum": 28.6, "burden": 70.6, "capacity": 51.0, "svi": 0.23, "top_decile_gap": 0.0, "stratum": "metropolitan", "scored": 1}, "geometry": {"type": "Polygon", "coordinates": [[[-90.036, 32.2838], [-90.0081, 32.2828], [-89.9892, 32.2731], [-89.9893, 32.2616], [-89.996, 32.256], [-90.0291, 32.2574], [-90.0336, 32.2637], [-90.036, 32.2838]]]}}, {"type": "Feature", "properties": {"fips": "28121020806", "gap_national": -63.5, "gap_stratum": -59.2, "burden": 23.6, "capacity": 74.3, "svi": 0.05, "top_decile_gap": 0.0, "stratum": "metropolitan", "scored": 1}, "geometry": {"type": "Polygon", "coordinates": [[[-89.9892, 32.2731], [-89.9654, 32.2727], [-89.9387, 32.2789], [-89.9374, 32.2774], [-89.9386, 32.2684], [-89.9425, 32.2647], [-89.9438, 32.2589], [-89.9453, 32.2594], [-89.9496, 32.2515], [-89.9533, 32.2502], [-89.9534, 32.2454], [-89.9584, 32.2397], [-89.9719, 32.2356], [-89.982, 32.2355], [-89.9879, 32.2306], [-89.9881, 32.2504], [-89.9899, 32.2535], [-89.9892, 32.2731]]]}}, {"type": "Feature", "properties": {"fips": "28157950202", "gap_national": 48.7, "gap_stratum": 47.1, "burden": 81.5, "capacity": 42.0, "svi": 0.7, "top_decile_gap": 0.0, "stratum": "rural", "scored": 1}, "geometry": {"type": "Polygon", "coordinates": [[[-91.3332, 31.0271], [-91.3263, 31.0506], [-91.3167, 31.0606], [-91.304, 31.0846], [-91.3053, 31.0864], [-91.3129, 31.0853], [-91.3164, 31.0871], [-91.3119, 31.1037], [-91.3095, 31.1045], [-91.317, 31.1186], [-91.3157, 31.124], [-91.3188, 31.1321], [-91.3014, 31.137], [-91.3016, 31.142], [-91.2985, 31.1424], [-91.3042, 31.1555], [-91.3021, 31.162], [-91.3027, 31.1748], [-91.2995, 31.176], [-91.2977, 31.1817], [-91.2845, 31.1807], [-91.2822, 31.1663], [-91.273, 31.1539], [-91.273, 31.1346], [-91.2556, 31.1344], [-91.2518, 31.1368], [-91.247, 31.1353], [-91.2427, 31.1383], [-91.2151, 31.1413], [-91.2081, 31.1441], [-91.205, 31.1407], [-91.1937, 31.1371], [-91.1932, 31.1322], [-91.1872, 31.1308], [-91.1859, 31.1281], [-91.1891, 31.1243], [-91.1893, 31.1189], [-91.1799, 31.1123], [-91.1783, 31.1075], [-91.1769, 31.0815], [-91.2023, 31.084], [-91.2048, 31.062], [-91.2013, 31.0545], [-91.2016, 31.0485], [-91.2052, 31.0452], [-91.206, 31.0402], [-91.2174, 31.0339], [-91.2291, 31.0196], [-91.2325, 31.0109], [-91.2315, 30.9993], [-91.3478, 30.9992], [-91.3485, 31.0051], [-91.3332, 31.0271]]]}}, {"type": "Feature", "properties": {"fips": "28073020600", "gap_national": 20.0, "gap_stratum": 20.4, "burden": 92.7, "capacity": 68.5, "svi": 0.88, "top_decile_gap": 0.0, "stratum": "rural", "scored": 1}, "geometry": {"type": "Polygon", "coordinates": [[[-89.5393, 31.0592], [-89.5286, 31.061], [-89.5179, 31.072], [-89.5094, 31.0671], [-89.4979, 31.0664], [-89.4848, 31.0724], [-89.4839, 31.0797], [-89.4813, 31.0825], [-89.4503, 31.0689], [-89.4367, 31.0683], [-89.4354, 31.0868], [-89.4319, 31.0869], [-89.4299, 31.0921], [-89.4312, 31.0973], [-89.4127, 31.0821], [-89.4051, 31.082], [-89.3978, 31.086], [-89.3884, 31.083], [-89.3844, 31.0892], [-89.3674, 31.094], [-89.3616, 31.0986], [-89.3489, 31.098], [-89.3489, 31.0104], [-89.4248, 31.0101], [-89.4253, 30.9825], [-89.476, 30.9829], [-89.4759, 31.0014], [-89.5014, 31.0015], [-89.5013, 31.016], [-89.5384, 31.016], [-89.5327, 31.0245], [-89.5312, 31.0469], [-89.5381, 31.0522], [-89.5516, 31.0553], [-89.5531, 31.0623], [-89.5393, 31.0592]]]}}, {"type": "Feature", "properties": {"fips": "28045030201", "gap_national": -34.4, "gap_stratum": -26.3, "burden": 46.8, "capacity": 72.4, "svi": 0.08, "top_decile_gap": 0.0, "stratum": "metropolitan", "scored": 1}, "geometry": {"type": "Polygon", "coordinates": [[[-89.4505, 30.2563], [-89.4527, 30.2649], [-89.4297, 30.2737], [-89.4197, 30.2731], [-89.4107, 30.2761], [-89.41, 30.2989], [-89.3974, 30.2996], [-89.3966, 30.2887], [-89.3799, 30.2712], [-89.3945, 30.2636], [-89.4142, 30.2578], [-89.4193, 30.2543], [-89.4246, 30.2454], [-89.4238, 30.2387], [-89.4336, 30.2372], [-89.4388, 30.233], [-89.4421, 30.2332], [-89.4434, 30.2364], [-89.4401, 30.2398], [-89.4449, 30.247], [-89.4533, 30.2495], [-89.4505, 30.2563]]]}}, {"type": "Feature", "properties": {"fips": "28001000101", "gap_national": 64.2, "gap_stratum": 59.8, "burden": 83.9, "capacity": 31.1, "svi": 0.7, "top_decile_gap": 1.0, "stratum": "micropolitan", "scored": 1}, "geometry": {"type": "Polygon", "coordinates": [[[-91.3471, 31.5651], [-91.3483, 31.5616], [-91.332, 31.5624], [-91.3225, 31.5578], [-91.3107, 31.5663], [-91.2991, 31.5662], [-91.3007, 31.5696], [-91.2946, 31.5756], [-91.3001, 31.579], [-91.2912, 31.5831], [-91.2819, 31.5977], [-91.2729, 31.6048], [-91.262, 31.6092], [-91.2474, 31.625], [-91.2333, 31.6294], [-91.1538, 31.6305], [-91.1568, 31.3687], [-91.2891, 31.4946], [-91.2911, 31.4926], [-91.2971, 31.4954], [-91.3029, 31.4868], [-91.3063, 31.4874], [-91.308, 31.4893], [-91.3066, 31.4946], [-91.3227, 31.5042], [-91.3226, 31.5084], [-91.3154, 31.5158], [-91.3165, 31.518], [-91.3217, 31.5196], [-91.3267, 31.5271], [-91.3403, 31.5287], [-91.3619, 31.5415], [-91.359, 31.5462], [-91.362, 31.5511], [-91.3593, 31.5528], [-91.3612, 31.5548], [-91.3596, 31.5566], [-91.3632, 31.5586], [-91.3471, 31.5651]]]}}, {"type": "Feature", "properties": {"fips": "28085950301", "gap_national": -7.0, "gap_stratum": -30.2, "burden": 69.3, "capacity": 71.5, "svi": 0.36, "top_decile_gap": 0.0, "stratum": "micropolitan", "scored": 1}, "geometry": {"type": "Polygon", "coordinates": [[[-90.4533, 31.5496], [-90.4455, 31.5533], [-90.444, 31.5498], [-90.4225, 31.5602], [-90.4199, 31.5671], [-90.4225, 31.5927], [-90.4195, 31.596], [-90.4009, 31.597], [-90.3922, 31.5914], [-90.3615, 31.5868], [-90.3489, 31.596], [-90.3421, 31.5923], [-90.3274, 31.5939], [-90.3123, 31.5834], [-90.3055, 31.5818], [-90.2931, 31.5819], [-90.2873, 31.5853], [-90.2633, 31.5841], [-90.2527, 31.5874], [-90.2447, 31.5833], [-90.2445, 31.4879], [-90.2628, 31.4855], [-90.2769, 31.4864], [-90.2833, 31.484], [-90.3029, 31.4887], [-90.3033, 31.4817], [-90.3107, 31.4777], [-90.323, 31.4776], [-90.3248, 31.4702], [-90.328, 31.4679], [-90.3311, 31.4734], [-90.3466, 31.4822], [-90.3693, 31.4788], [-90.3786, 31.4823], [-90.3893, 31.4818], [-90.3924, 31.4853], [-90.3978, 31.4833], [-90.4044, 31.4878], [-90.4125, 31.488], [-90.4266, 31.4938], [-90.4344, 31.4993], [-90.4379, 31.4994], [-90.4425, 31.4943], [-90.4467, 31.4937], [-90.448, 31.4905], [-90.4577, 31.5344], [-90.4533, 31.5496]]]}}, {"type": "Feature", "properties": {"fips": "28085950202", "gap_national": 23.4, "gap_stratum": 15.3, "burden": 83.2, "capacity": 60.6, "svi": 0.17, "top_decile_gap": 0.0, "stratum": "micropolitan", "scored": 1}, "geometry": {"type": "Polygon", "coordinates": [[[-90.6332, 31.5858], [-90.6264, 31.5877], [-90.6083, 31.5778], [-90.6021, 31.5771], [-90.5977, 31.5724], [-90.5791, 31.5777], [-90.5734, 31.5771], [-90.5637, 31.5858], [-90.5614, 31.6065], [-90.5501, 31.6266], [-90.5336, 31.6175], [-90.5184, 31.618], [-90.4978, 31.613], [-90.4776, 31.6151], [-90.4656, 31.6054], [-90.4795, 31.5642], [-90.4891, 31.5642], [-90.5018, 31.5603], [-90.5017, 31.5346], [-90.5172, 31.5307], [-90.5527, 31.5276], [-90.5713, 31.5224], [-90.5962, 31.5243], [-90.621, 31.5137], [-90.6333, 31.5137], [-90.6332, 31.5858]]]}}, {"type": "Feature", "properties": {"fips": "28145950300", "gap_national": 30.8, "gap_stratum": 24.8, "burden": 88.3, "capacity": 58.8, "svi": 0.81, "top_decile_gap": 0.0, "stratum": "small_town", "scored": 1}, "geometry": {"type": "Polygon", "coordinates": [[[-89.0612, 34.4804], [-89.0569, 34.5099], [-89.0498, 34.5198], [-89.0483, 34.5415], [-89.0335, 34.5314], [-89.0256, 34.5188], [-89.0196, 34.5251], [-89.0109, 34.5194], [-89.0078, 34.5081], [-89.0132, 34.4958], [-89.004, 34.4927], [-89.0164, 34.4814], [-89.009, 34.4718], [-88.9947, 34.4635], [-89.0085, 34.4536], [-89.0141, 34.4527], [-89.0159, 34.4383], [-89.0521, 34.4385], [-89.0523, 34.4513], [-89.0566, 34.4636], [-89.0732, 34.4558], [-89.0612, 34.4804]]]}}, {"type": "Feature", "properties": {"fips": "28111950200", "gap_national": 27.6, "gap_stratum": 27.2, "burden": 95.8, "capacity": 64.7, "svi": 0.77, "top_decile_gap": 0.0, "stratum": "metropolitan", "scored": 1}, "geometry": {"type": "Polygon", "coordinates": [[[-89.1456, 31.2243], [-89.1442, 31.2202], [-89.1407, 31.2206], [-89.1384, 31.2244], [-89.1258, 31.2191], [-89.1186, 31.222], [-89.1183, 31.2172], [-89.1154, 31.2155], [-89.1098, 31.2207], [-89.0989, 31.219], [-89.0977, 31.2236], [-89.0909, 31.2221], [-89.0914, 31.2271], [-89.0797, 31.226], [-89.0707, 31.2222], [-89.0647, 31.2247], [-89.0687, 31.214], [-89.0594, 31.2092], [-89.053, 31.2114], [-89.0517, 31.2153], [-89.0589, 31.2167], [-89.05, 31.2241], [-89.0396, 31.22], [-89.0303, 31.2194], [-89.0275, 31.2237], [-89.0233, 31.224], [-89.0163, 31.2175], [-89.0103, 31.2185], [-89.0014, 31.2237], [-89.0013, 31.2304], [-88.9988, 31.233], [-88.9826, 31.214], [-88.9872, 31.2068], [-88.9743, 31.2117], [-88.9663, 31.2046], [-88.9582, 31.2071], [-88.95, 31.2048], [-88.9481, 31.1981], [-88.9519, 31.193], [-88.934, 31.1898], [-88.9294, 31.1949], [-88.9262, 31.1951], [-88.9212, 31.1919], [-88.9225, 31.1845], [-88.9142, 31.1811], [-88.8961, 31.1799], [-88.8878, 31.185], [-88.8826, 31.1733], [-88.8745, 31.175], [-88.8664, 31.1731], [-88.8683, 31.1675], [-88.8626, 31.1655], [-88.857, 31.1668], [-88.8601, 31.1617], [-88.8585, 31.1504], [-88.841, 31.1448], [-88.8409, 30.9984], [-88.8343, 30.998], [-88.8345, 30.9103], [-89.138, 30.9099], [-89.1384, 31.0004], [-89.1462, 31.0004], [-89.1456, 31.2243]]]}}, {"type": "Feature", "properties": {"fips": "28017950100", "gap_national": 24.9, "gap_stratum": 23.0, "burden": 95.7, "capacity": 66.5, "svi": 0.92, "top_decile_gap": 0.0, "stratum": "micropolitan", "scored": 1}, "geometry": {"type": "Polygon", "coordinates": [[[-88.8728, 34.0572], [-88.8708, 34.0749], [-88.719, 34.0745], [-88.72, 33.9632], [-88.7317, 33.9701], [-88.7468, 33.9691], [-88.7529, 33.9641], [-88.7595, 33.9666], [-88.7665, 33.9699], [-88.7808, 33.9889], [-88.7845, 33.9863], [-88.786, 33.9653], [-88.8345, 33.9651], [-88.8373, 33.9648], [-88.839, 33.9609], [-88.8522, 33.9687], [-88.8505, 33.9707], [-88.8509, 34.0019], [-88.8865, 34.002], [-88.8901, 33.9997], [-88.8972, 34.0067], [-88.8954, 34.016], [-88.8728, 34.0572]]]}}, {"type": "Feature", "properties": {"fips": "28127950200", "gap_national": 25.5, "gap_stratum": 26.4, "burden": 87.3, "capacity": 61.7, "svi": 0.92, "top_decile_gap": 0.0, "stratum": "metropolitan", "scored": 1}, "geometry": {"type": "Polygon", "coordinates": [[[-89.9289, 31.9691], [-89.9284, 31.9773], [-89.9201, 31.9823], [-89.9131, 31.9825], [-89.9137, 31.9865], [-89.9215, 31.9892], [-89.9218, 31.9944], [-89.926, 31.9964], [-89.9117, 31.9973], [-89.9046, 31.9944], [-89.9044, 31.9985], [-89.8901, 31.9889], [-89.8786, 31.9856], [-89.8659, 31.976], [-89.8324, 31.9383], [-89.8377, 31.9261], [-89.8468, 31.9208], [-89.8466, 31.9128], [-89.8595, 31.9113], [-89.8655, 31.9174], [-89.8733, 31.9195], [-89.8784, 31.9173], [-89.8953, 31.9197], [-89.9217, 31.9385], [-89.9266, 31.9388], [-89.926, 31.9431], [-89.931, 31.9482], [-89.9351, 31.9579], [-89.9289, 31.9691]]]}}, {"type": "Feature", "properties": {"fips": "28101050200", "gap_national": 26.7, "gap_stratum": 28.2, "burden": 88.1, "capacity": 61.4, "svi": 0.74, "top_decile_gap": 0.0, "stratum": "rural", "scored": 1}, "geometry": {"type": "Polygon", "coordinates": [[[-89.3226, 32.5764], [-89.0908, 32.5769], [-89.0952, 32.5747], [-89.0794, 32.5668], [-89.0926, 32.5637], [-89.0932, 32.5596], [-89.1099, 32.5629], [-89.1095, 32.5559], [-89.1121, 32.556], [-89.1164, 32.4897], [-89.1142, 32.463], [-89.1264, 32.4644], [-89.1354, 32.4702], [-89.1432, 32.4648], [-89.1689, 32.4695], [-89.168, 32.4656], [-89.1713, 32.461], [-89.1786, 32.4564], [-89.194, 32.4677], [-89.1991, 32.4689], [-89.2064, 32.4642], [-89.2125, 32.4641], [-89.2275, 32.4718], [-89.2258, 32.4858], [-89.236, 32.4788], [-89.2373, 32.4803], [-89.2399, 32.4859], [-89.2387, 32.4916], [-89.2404, 32.4937], [-89.2459, 32.493], [-89.2482, 32.497], [-89.2456, 32.5045], [-89.2495, 32.5142], [-89.254, 32.5186], [-89.2632, 32.5149], [-89.2783, 32.5157], [-89.2893, 32.493], [-89.3126, 32.4889], [-89.3225, 32.49], [-89.3226, 32.5764]]]}}, {"type": "Feature", "properties": {"fips": "28103950100", "gap_national": 31.8, "gap_stratum": 41.5, "burden": 94.2, "capacity": 61.1, "svi": 0.89, "top_decile_gap": 0.0, "stratum": "rural", "scored": 1}, "geometry": {"type": "Polygon", "coordinates": [[[-88.6461, 32.945], [-88.625, 32.9744], [-88.6243, 32.9875], [-88.6177, 32.9956], [-88.6105, 33.0124], [-88.6101, 33.0147], [-88.6183, 33.026], [-88.6106, 33.0509], [-88.6094, 33.0525], [-88.5988, 33.0513], [-88.5985, 33.0546], [-88.59, 33.0558], [-88.5901, 33.0806], [-88.5882, 33.0855], [-88.5861, 33.0884], [-88.5622, 33.097], [-88.5617, 33.1019], [-88.5522, 33.1072], [-88.5498, 33.1193], [-88.5464, 33.1215], [-88.5469, 33.1246], [-88.5539, 33.1231], [-88.554, 33.1257], [-88.5603, 33.1248], [-88.5721, 33.229], [-88.5719, 33.2407], [-88.5567, 33.287], [-88.3044, 33.2883], [-88.3479, 32.9291], [-88.6482, 32.9269], [-88.6461, 32.945]]]}}, {"type": "Feature", "properties": {"fips": "28139950100", "gap_national": 27.6, "gap_stratum": 29.0, "burden": 86.6, "capacity": 60.0, "svi": 0.61, "top_decile_gap": 0.0, "stratum": "rural", "scored": 1}, "geometry": {"type": "Polygon", "coordinates": [[[-89.0176, 34.8587], [-89.0171, 34.9949], [-88.823, 34.9952], [-88.8235, 34.8586], [-88.8214, 34.8585], [-88.8458, 34.8586], [-88.8458, 34.8616], [-88.8549, 34.8636], [-88.8659, 34.8729], [-88.8728, 34.8726], [-88.8768, 34.866], [-88.881, 34.866], [-88.8843, 34.861], [-88.8918, 34.8628], [-88.9029, 34.8594], [-88.9064, 34.8635], [-88.9134, 34.8631], [-88.9153, 34.8518], [-88.9223, 34.8486], [-88.9273, 34.8398], [-88.9372, 34.8424], [-88.9385, 34.838], [-88.9516, 34.837], [-88.9648, 34.8411], [-88.9784, 34.8404], [-88.9926, 34.8482], [-89.0058, 34.8496], [-89.0158, 34.8473], [-89.023, 34.8514], [-89.0287, 34.8462], [-89.0353, 34.8447], [-89.035, 34.8588], [-89.0176, 34.8587]]]}}, {"type": "Feature", "properties": {"fips": "28149950800", "gap_national": 20.5, "gap_stratum": 15.7, "burden": 90.0, "capacity": 66.7, "svi": 0.71, "top_decile_gap": 0.0, "stratum": "micropolitan", "scored": 1}, "geometry": {"type": "Polygon", "coordinates": [[[-90.9175, 32.2906], [-90.9234, 32.2978], [-90.9065, 32.314], [-90.8958, 32.31], [-90.8773, 32.319], [-90.8769, 32.3071], [-90.868, 32.2877], [-90.869, 32.2799], [-90.8634, 32.2748], [-90.8676, 32.2631], [-90.8723, 32.2576], [-90.8772, 32.256], [-90.8858, 32.2597], [-90.8962, 32.2571], [-90.9083, 32.2594], [-90.9214, 32.2509], [-90.9154, 32.2776], [-90.9167, 32.2805], [-90.9194, 32.279], [-90.9265, 32.2833], [-90.9175, 32.2906]]]}}, {"type": "Feature", "properties": {"fips": "28151000400", "gap_national": 46.6, "gap_stratum": 50.1, "burden": 99.8, "capacity": 53.5, "svi": 0.99, "top_decile_gap": 0.0, "stratum": "micropolitan", "scored": 1}, "geometry": {"type": "Polygon", "coordinates": [[[-91.0582, 33.4287], [-91.0581, 33.4462], [-91.0493, 33.4437], [-91.0527, 33.4256], [-91.0386, 33.4233], [-91.0375, 33.4134], [-91.0496, 33.4076], [-91.0622, 33.4145], [-91.0662, 33.4102], [-91.0701, 33.4122], [-91.0582, 33.4287]]]}}, {"type": "Feature", "properties": {"fips": "28155950100", "gap_national": -4.2, "gap_stratum": -30.9, "burden": 60.6, "capacity": 62.3, "svi": 0.37, "top_decile_gap": 0.0, "stratum": "micropolitan", "scored": 1}, "geometry": {"type": "Polygon", "coordinates": [[[-89.2323, 33.7146], [-89.232, 33.7219], [-89.1919, 33.7222], [-89.1918, 33.7386], [-89.0345, 33.7394], [-89.0343, 33.6354], [-89.036, 33.6336], [-89.0185, 33.6354], [-89.0186, 33.5621], [-89.0883, 33.562], [-89.0884, 33.5332], [-89.181, 33.5328], [-89.1835, 33.5308], [-89.2048, 33.5288], [-89.2084, 33.5252], [-89.2205, 33.5273], [-89.2117, 33.5421], [-89.22, 33.5502], [-89.2208, 33.5561], [-89.2297, 33.566], [-89.2347, 33.5872], [-89.2346, 33.591], [-89.2262, 33.5908], [-89.2241, 33.5999], [-89.2321, 33.6084], [-89.2375, 33.6199], [-89.2358, 33.6306], [-89.2293, 33.6355], [-89.2273, 33.646], [-89.2331, 33.6518], [-89.2338, 33.6828], [-89.2259, 33.6903], [-89.2294, 33.6987], [-89.2376, 33.7072], [-89.2323, 33.7146]]]}}, {"type": "Feature", "properties": {"fips": "28075000700", "gap_national": 51.6, "gap_stratum": 55.6, "burden": 99.3, "capacity": 50.1, "svi": 0.98, "top_decile_gap": 0.0, "stratum": "micropolitan", "scored": 1}, "geometry": {"type": "Polygon", "coordinates": [[[-88.7349, 32.3496], [-88.7424, 32.3508], [-88.7527, 32.3481], [-88.7565, 32.3537], [-88.7537, 32.3597], [-88.7568, 32.3656], [-88.7521, 32.3695], [-88.7207, 32.3646], [-88.7248, 32.349], [-88.7236, 32.3457], [-88.7335, 32.34], [-88.7363, 32.3319], [-88.7333, 32.3279], [-88.7353, 32.328], [-88.7349, 32.3221], [-88.7432, 32.3161], [-88.7422, 32.3124], [-88.7451, 32.3092], [-88.7452, 32.304], [-88.752, 32.3044], [-88.7511, 32.3082], [-88.7583, 32.3091], [-88.7349, 32.3496]]]}}, {"type": "Feature", "properties": {"fips": "28077960300", "gap_national": 38.2, "gap_stratum": 50.2, "burden": 93.0, "capacity": 56.4, "svi": 0.74, "top_decile_gap": 0.0, "stratum": "rural", "scored": 1}, "geometry": {"type": "Polygon", "coordinates": [[[-90.2106, 31.5498], [-90.1829, 31.5535], [-90.1799, 31.5475], [-90.172, 31.5468], [-90.1604, 31.535], [-90.151, 31.5297], [-90.1293, 31.5316], [-90.1275, 31.5355], [-90.1228, 31.5342], [-90.119, 31.5366], [-90.1166, 31.5366], [-90.1144, 31.5317], [-90.1095, 31.5335], [-90.1083, 31.5307], [-90.0861, 31.5386], [-90.0845, 31.5364], [-90.0809, 31.5399], [-90.0821, 31.5418], [-90.0747, 31.5427], [-90.0695, 31.5383], [-90.0741, 31.5326], [-90.0696, 31.5225], [-90.0661, 31.5217], [-90.0631, 31.5261], [-90.0613, 31.5241], [-90.0677, 31.5162], [-90.0764, 31.5146], [-90.0757, 31.5113], [-90.0701, 31.5078], [-90.0768, 31.5032], [-90.0811, 31.4936], [-90.0807, 31.4896], [-90.0743, 31.4841], [-90.0682, 31.4835], [-90.0631, 31.478], [-90.0534, 31.4774], [-90.052, 31.4742], [-90.0554, 31.4665], [-90.0597, 31.4659], [-90.0648, 31.4704], [-90.0675, 31.4653], [-90.0547, 31.4601], [-90.0534, 31.4648], [-90.0502, 31.4648], [-90.052, 31.4561], [-90.0476, 31.4493], [-90.0517, 31.4427], [-90.0479, 31.4419], [-90.0456, 31.4467], [-90.0401, 31.4474], [-90.0411, 31.4403], [-90.0463, 31.4375], [-90.0343, 31.4339], [-90.0296, 31.429], [-90.0199, 31.4345], [-90.0155, 31.4403], [-90.0089, 31.4358], [-90.0045, 31.437], [-90.0045, 31.4317], [-90.0098, 31.4316], [-90.0101, 31.4296], [-90.0062, 31.424], [-90.0104, 31.4238], [-90.0125, 31.4283], [-90.0151, 31.428], [-90.0159, 31.4202], [-90.0121, 31.4173], [-89.9974, 31.4211], [-89.9976, 31.4187], [-90.0096, 31.4134], [-90.0038, 31.4059], [-90.0064, 31.4033], [-90.0001, 31.4035], [-89.9965, 31.4107], [-89.9891, 31.4097], [-89.9874, 31.4073], [-89.9911, 31.4002], [-89.9815, 31.3978], [-89.9747, 31.4007], [-89.9754, 31.3947], [-90.0405, 31.3946], [-90.0405, 31.336], [-90.0487, 31.3358], [-90.0488, 31.3324], [-90.0531, 31.3324], [-90.0538, 31.3289], [-90.0824, 31.3288], [-90.0825, 31.336], [-90.091, 31.336], [-90.0914, 31.3433], [-90.1086, 31.3435], [-90.1087, 31.3509], [-90.2439, 31.3503], [-90.2445, 31.4682], [-90.2426, 31.4734], [-90.2445, 31.4879], [-90.2446, 31.5488], [-90.2106, 31.5498]]]}}, {"type": "Feature", "properties": {"fips": "28007060100", "gap_national": 14.8, "gap_stratum": 5.5, "burden": 90.9, "capacity": 71.4, "svi": 0.65, "top_decile_gap": 0.0, "stratum": "small_town", "scored": 1}, "geometry": {"type": "Polygon", "coordinates": [[[-89.5699, 33.0912], [-89.5461, 33.1073], [-89.5403, 33.1139], [-89.5402, 33.1192], [-89.5446, 33.128], [-89.5376, 33.1356], [-89.5347, 33.1458], [-89.5311, 33.148], [-89.5342, 33.1562], [-89.5329, 33.159], [-89.5235, 33.1615], [-89.5174, 33.176], [-89.5313, 33.1806], [-89.5394, 33.1862], [-89.5437, 33.1962], [-89.5355, 33.2057], [-89.5352, 33.2166], [-89.5279, 33.2234], [-89.5245, 33.2338], [-89.5334, 33.2427], [-89.5328, 33.2567], [-89.5371, 33.2658], [-89.5445, 33.2699], [-89.5454, 33.2858], [-89.3164, 33.2856], [-89.3182, 33.0655], [-89.3588, 33.0421], [-89.3904, 33.0406], [-89.4214, 33.0506], [-89.4352, 33.0461], [-89.4493, 33.0453], [-89.4553, 33.0403], [-89.4781, 33.056], [-89.5058, 33.0631], [-89.5223, 33.0595], [-89.5382, 33.0669], [-89.5447, 33.0672], [-89.5473, 33.07], [-89.5545, 33.0697], [-89.5542, 33.0788], [-89.5793, 33.0786], [-89.5699, 33.0912]]]}}, {"type": "Feature", "properties": {"fips": "28079040600", "gap_national": 56.3, "gap_stratum": 66.7, "burden": 89.9, "capacity": 42.0, "svi": 0.97, "top_decile_gap": 1.0, "stratum": "rural", "scored": 1}, "geometry": {"type": "Polygon", "coordinates": [[[-89.5948, 32.7884], [-89.586, 32.7924], [-89.5832, 32.7968], [-89.5742, 32.7986], [-89.5682, 32.8027], [-89.5666, 32.8107], [-89.5423, 32.7948], [-89.541, 32.8074], [-89.5351, 32.8052], [-89.5305, 32.8063], [-89.528, 32.8031], [-89.5292, 32.7884], [-89.5234, 32.7761], [-89.5058, 32.7891], [-89.5074, 32.776], [-89.5046, 32.768], [-89.507, 32.7624], [-89.5014, 32.751], [-89.4948, 32.7509], [-89.4959, 32.7426], [-89.4901, 32.7364], [-89.4858, 32.7358], [-89.4856, 32.7314], [-89.4885, 32.7304], [-89.49, 32.7249], [-89.5025, 32.7207], [-89.5032, 32.7176], [-89.501, 32.7166], [-89.5068, 32.7103], [-89.5292, 32.7057], [-89.5329, 32.7075], [-89.5312, 32.7113], [-89.5354, 32.7109], [-89.5406, 32.7069], [-89.5407, 32.7016], [-89.5463, 32.6981], [-89.5548, 32.6994], [-89.5615, 32.6955], [-89.5669, 32.6984], [-89.5718, 32.6953], [-89.5751, 32.7004], [-89.582, 32.7028], [-89.5822, 32.7117], [-89.5862, 32.7107], [-89.5876, 32.7136], [-89.5663, 32.7213], [-89.5676, 32.7259], [-89.5621, 32.7267], [-89.5623, 32.744], [-89.5724, 32.746], [-89.5758, 32.7497], [-89.5817, 32.7574], [-89.5835, 32.7676], [-89.6089, 32.7777], [-89.6098, 32.7902], [-89.5948, 32.7884]]]}}, {"type": "Feature", "properties": {"fips": "28049000200", "gap_national": -63.9, "gap_stratum": -58.7, "burden": 27.0, "capacity": 78.2, "svi": 0.12, "top_decile_gap": 0.0, "stratum": "metropolitan", "scored": 1}, "geometry": {"type": "Polygon", "coordinates": [[[-90.1497, 32.3667], [-90.1373, 32.367], [-90.1316, 32.3705], [-90.1101, 32.3706], [-90.1029, 32.3629], [-90.1083, 32.3534], [-90.1069, 32.3614], [-90.1122, 32.3623], [-90.114, 32.3605], [-90.1114, 32.3586], [-90.1131, 32.3545], [-90.1183, 32.3558], [-90.1231, 32.3487], [-90.1419, 32.3485], [-90.1418, 32.3558], [-90.1518, 32.3558], [-90.1497, 32.3667]]]}}, {"type": "Feature", "properties": {"fips": "28049001200", "gap_national": 40.4, "gap_stratum": 38.6, "burden": 99.4, "capacity": 57.6, "svi": 0.88, "top_decile_gap": 0.0, "stratum": "metropolitan", "scored": 1}, "geometry": {"type": "Polygon", "coordinates": [[[-90.1927, 32.3413], [-90.1927, 32.3512], [-90.1792, 32.3502], [-90.1868, 32.3268], [-90.1983, 32.3414], [-90.1927, 32.3413]]]}}, {"type": "Feature", "properties": {"fips": "28049010901", "gap_national": 23.7, "gap_stratum": 24.5, "burden": 89.1, "capacity": 64.0, "svi": 0.78, "top_decile_gap": 0.0, "stratum": "metropolitan", "scored": 1}, "geometry": {"type": "Polygon", "coordinates": [[[-90.2973, 32.3441], [-90.2829, 32.3428], [-90.2811, 32.3346], [-90.2527, 32.3287], [-90.2529, 32.3052], [-90.2947, 32.3239], [-90.2973, 32.3441]]]}}, {"type": "Feature", "properties": {"fips": "28097950301", "gap_national": 35.6, "gap_stratum": 48.5, "burden": 98.3, "capacity": 60.3, "svi": 0.96, "top_decile_gap": 0.0, "stratum": "rural", "scored": 1}, "geometry": {"type": "Polygon", "coordinates": [[[-89.7857, 33.5431], [-89.7813, 33.5415], [-89.7793, 33.548], [-89.7739, 33.5525], [-89.7669, 33.5545], [-89.7636, 33.5526], [-89.7588, 33.5566], [-89.7441, 33.5521], [-89.7417, 33.5438], [-89.7349, 33.5417], [-89.732, 33.5338], [-89.7369, 33.5192], [-89.7357, 33.4779], [-89.7248, 33.4768], [-89.7129, 33.4619], [-89.7057, 33.4585], [-89.7046, 33.4555], [-89.7082, 33.4543], [-89.7136, 33.4426], [-89.7203, 33.4393], [-89.7227, 33.4346], [-89.729, 33.4385], [-89.7311, 33.4592], [-89.7761, 33.459], [-89.782, 33.4523], [-89.7855, 33.4522], [-89.7857, 33.5431]]]}}, {"type": "Feature", "properties": {"fips": "28067950201", "gap_national": -22.7, "gap_stratum": -53.9, "burden": 54.9, "capacity": 70.7, "svi": 0.21, "top_decile_gap": 0.0, "stratum": "micropolitan", "scored": 1}, "geometry": {"type": "Polygon", "coordinates": [[[-89.2296, 31.7552], [-89.219, 31.7624], [-89.2261, 31.7737], [-89.2191, 31.7777], [-89.2208, 31.7843], [-89.2323, 31.7939], [-89.2378, 31.8066], [-89.1795, 31.8104], [-89.1807, 31.8057], [-89.1764, 31.7974], [-89.169, 31.7937], [-89.1664, 31.7873], [-89.158, 31.7813], [-89.1543, 31.7515], [-89.1597, 31.7513], [-89.165, 31.7375], [-89.1761, 31.7417], [-89.1848, 31.741], [-89.1842, 31.7222], [-89.1769, 31.7167], [-89.1778, 31.7076], [-89.1833, 31.7017], [-89.1848, 31.695], [-89.1958, 31.703], [-89.1993, 31.7106], [-89.2085, 31.7144], [-89.2134, 31.7233], [-89.2187, 31.7274], [-89.2194, 31.7328], [-89.2263, 31.7352], [-89.2332, 31.7343], [-89.2318, 31.7405], [-89.2361, 31.7443], [-89.2386, 31.755], [-89.2296, 31.7552]]]}}, {"type": "Feature", "properties": {"fips": "28067950101", "gap_national": 17.4, "gap_stratum": 11.0, "burden": 87.7, "capacity": 67.5, "svi": 0.56, "top_decile_gap": 0.0, "stratum": "micropolitan", "scored": 1}, "geometry": {"type": "Polygon", "coordinates": [[[-89.0576, 31.8177], [-89.0593, 31.8081], [-89.0578, 31.7844], [-89.0483, 31.7879], [-89.0463, 31.7786], [-89.0564, 31.7721], [-89.0598, 31.7567], [-89.0527, 31.7443], [-89.0441, 31.7444], [-89.0367, 31.7304], [-89.0865, 31.723], [-89.0831, 31.7312], [-89.0854, 31.7345], [-89.0973, 31.7244], [-89.1049, 31.7216], [-89.1127, 31.722], [-89.1106, 31.7314], [-89.1223, 31.7312], [-89.1235, 31.7337], [-89.1282, 31.7343], [-89.1229, 31.7389], [-89.1195, 31.7502], [-89.1547, 31.7532], [-89.1583, 31.7823], [-89.1664, 31.7873], [-89.169, 31.7937], [-89.1764, 31.7974], [-89.1811, 31.8089], [-89.0576, 31.8177]]]}}, {"type": "Feature", "properties": {"fips": "28067950601", "gap_national": 36.0, "gap_stratum": 35.9, "burden": 94.3, "capacity": 58.5, "svi": 0.86, "top_decile_gap": 0.0, "stratum": "micropolitan", "scored": 1}, "geometry": {"type": "Polygon", "coordinates": [[[-89.181, 31.6338], [-89.177, 31.6451], [-89.1615, 31.663], [-89.1638, 31.6642], [-89.1638, 31.6708], [-89.1578, 31.6708], [-89.1556, 31.6794], [-89.1468, 31.6843], [-89.1348, 31.685], [-89.1436, 31.6735], [-89.1402, 31.6734], [-89.1418, 31.6616], [-89.1389, 31.6562], [-89.1436, 31.6539], [-89.144, 31.6477], [-89.159, 31.6412], [-89.1704, 31.6291], [-89.1717, 31.6364], [-89.1832, 31.6214], [-89.1876, 31.6222], [-89.1912, 31.6274], [-89.181, 31.6338]]]}}, {"type": "Feature", "properties": {"fips": "28067950802", "gap_national": 15.3, "gap_stratum": 4.8, "burden": 82.2, "capacity": 65.4, "svi": 0.07, "top_decile_gap": 0.0, "stratum": "micropolitan", "scored": 1}, "geometry": {"type": "Polygon", "coordinates": [[[-89.0405, 31.6993], [-89.0461, 31.6613], [-89.039, 31.6502], [-89.0282, 31.6579], [-89.0183, 31.66], [-89.0007, 31.6583], [-88.9798, 31.6644], [-88.9608, 31.6622], [-88.955, 31.6661], [-88.943, 31.663], [-88.9429, 31.6282], [-88.9656, 31.6283], [-88.9737, 31.6202], [-88.9738, 31.6168], [-88.9802, 31.6089], [-88.9884, 31.6068], [-89.0129, 31.6129], [-89.0315, 31.6102], [-89.0475, 31.6236], [-89.07, 31.6237], [-89.0724, 31.6355], [-89.0793, 31.645], [-89.0784, 31.6592], [-89.0821, 31.6594], [-89.0792, 31.6614], [-89.0771, 31.671], [-89.0817, 31.6749], [-89.0902, 31.6932], [-89.0941, 31.6933], [-89.0931, 31.6954], [-89.0405, 31.6993]]]}}, {"type": "Feature", "properties": {"fips": "28067951102", "gap_national": 26.8, "gap_stratum": 27.6, "burden": 86.7, "capacity": 60.5, "svi": 0.55, "top_decile_gap": 0.0, "stratum": "metropolitan", "scored": 1}, "geometry": {"type": "Polygon", "coordinates": [[[-89.3811, 31.5673], [-89.3578, 31.5614], [-89.3417, 31.5611], [-89.3223, 31.5517], [-89.3028, 31.5575], [-89.3038, 31.5473], [-89.3009, 31.5377], [-89.2854, 31.5298], [-89.2854, 31.525], [-89.2902, 31.525], [-89.2823, 31.5187], [-89.2788, 31.507], [-89.2725, 31.5078], [-89.2607, 31.52], [-89.2425, 31.5213], [-89.2393, 31.507], [-89.2425, 31.5029], [-89.2426, 31.4945], [-89.2467, 31.4906], [-89.2428, 31.4671], [-89.2463, 31.4638], [-89.2464, 31.4551], [-89.2224, 31.4548], [-89.2225, 31.4416], [-89.2278, 31.4398], [-89.2318, 31.4339], [-89.3992, 31.434], [-89.4001, 31.5638], [-89.3811, 31.5673]], [[-89.3362, 31.4547], [-89.3269, 31.4602], [-89.3267, 31.4648], [-89.3228, 31.4642], [-89.3231, 31.4688], [-89.3318, 31.4693], [-89.3318, 31.481], [-89.334, 31.4809], [-89.3387, 31.4874], [-89.3402, 31.4561], [-89.3362, 31.4547]]]}}, {"type": "Feature", "properties": {"fips": "28067950902", "gap_national": 11.4, "gap_stratum": 16.0, "burden": 73.3, "capacity": 61.8, "svi": 0.26, "top_decile_gap": 0.0, "stratum": "metropolitan", "scored": 1}, "geometry": {"type": "Polygon", "coordinates": [[[-89.2472, 31.5501], [-89.2414, 31.5533], [-89.2278, 31.5778], [-89.2141, 31.5848], [-89.2095, 31.5917], [-89.2086, 31.5873], [-89.1988, 31.5786], [-89.1963, 31.5811], [-89.1895, 31.5787], [-89.1876, 31.5852], [-89.1829, 31.5875], [-89.1828, 31.594], [-89.1632, 31.5898], [-89.1607, 31.5865], [-89.1595, 31.5724], [-89.1488, 31.5602], [-89.1491, 31.5555], [-89.1352, 31.5547], [-89.125, 31.5581], [-89.1232, 31.5617], [-89.1094, 31.5649], [-89.1057, 31.5621], [-89.0588, 31.5529], [-89.0511, 31.5421], [-89.0397, 31.5358], [-89.0267, 31.5232], [-89.0194, 31.5204], [-89.0163, 31.525], [-89.0182, 31.5323], [-89.0112, 31.5448], [-89.0013, 31.5556], [-89.0015, 31.5638], [-88.9873, 31.571], [-88.9819, 31.5763], [-88.9765, 31.5757], [-88.9597, 31.5643], [-88.943, 31.5657], [-88.9435, 31.4335], [-89.2318, 31.4339], [-89.2278, 31.4398], [-89.2225, 31.4416], [-89.2224, 31.4548], [-89.2464, 31.4551], [-89.2463, 31.4638], [-89.2428, 31.4671], [-89.2467, 31.4906], [-89.2426, 31.4945], [-89.2425, 31.5029], [-89.2393, 31.507], [-89.2427, 31.5173], [-89.2435, 31.5316], [-89.2467, 31.533], [-89.2465, 31.5374], [-89.2488, 31.5396], [-89.2472, 31.5501]]]}}, {"type": "Feature", "properties": {"fips": "28031950300", "gap_national": 8.1, "gap_stratum": -4.0, "burden": 85.8, "capacity": 73.2, "svi": 0.44, "top_decile_gap": 0.0, "stratum": "rural", "scored": 1}, "geometry": {"type": "Polygon", "coordinates": [[[-89.7551, 31.7747], [-89.5908, 31.7847], [-89.587, 31.7791], [-89.5868, 31.7658], [-89.5993, 31.7569], [-89.5922, 31.741], [-89.595, 31.734], [-89.5882, 31.7284], [-89.5853, 31.7198], [-89.5809, 31.7168], [-89.5714, 31.692], [-89.5727, 31.6871], [-89.566, 31.6729], [-89.5608, 31.6676], [-89.5647, 31.6611], [-89.5627, 31.6575], [-89.5632, 31.6568], [-89.5734, 31.6559], [-89.5782, 31.6579], [-89.5783, 31.6548], [-89.5922, 31.6479], [-89.6011, 31.6385], [-89.5849, 31.6383], [-89.574, 31.6293], [-89.5723, 31.6223], [-89.5785, 31.6093], [-89.6164, 31.6208], [-89.6263, 31.6201], [-89.6323, 31.6236], [-89.6524, 31.6247], [-89.6515, 31.6191], [-89.6563, 31.617], [-89.6707, 31.6164], [-89.6929, 31.6095], [-89.7303, 31.6097], [-89.7308, 31.6071], [-89.7351, 31.6103], [-89.7556, 31.6098], [-89.7551, 31.7747]]]}}, {"type": "Feature", "properties": {"fips": "28045030400", "gap_national": 26.1, "gap_stratum": 26.8, "burden": 87.8, "capacity": 61.7, "svi": 0.53, "top_decile_gap": 0.0, "stratum": "metropolitan", "scored": 1}, "geometry": {"type": "Polygon", "coordinates": [[[-89.6404, 30.2955], [-89.6416, 30.3033], [-89.5458, 30.3314], [-89.5217, 30.3314], [-89.4612, 30.3466], [-89.4016, 30.3649], [-89.3979, 30.3628], [-89.4032, 30.3529], [-89.4026, 30.3451], [-89.4066, 30.3436], [-89.4083, 30.3384], [-89.4163, 30.3354], [-89.4177, 30.3372], [-89.425, 30.3302], [-89.4343, 30.3296], [-89.4377, 30.3246], [-89.434, 30.3191], [-89.4352, 30.3113], [-89.4438, 30.3082], [-89.4474, 30.3001], [-89.4562, 30.3003], [-89.4565, 30.288], [-89.4483, 30.2662], [-89.4527, 30.2649], [-89.4505, 30.2563], [-89.4533, 30.2495], [-89.4449, 30.247], [-89.4401, 30.2398], [-89.4434, 30.2364], [-89.4416, 30.2327], [-89.4362, 30.2339], [-89.4336, 30.2372], [-89.4238, 30.2387], [-89.4201, 30.2345], [-89.4207, 30.2294], [-89.4298, 30.2245], [-89.4494, 30.204], [-89.448, 30.1865], [-89.4628, 30.1754], [-89.4664, 30.1769], [-89.4598, 30.1829], [-89.4608, 30.1899], [-89.4681, 30.1938], [-89.4758, 30.1916], [-89.4802, 30.1938], [-89.4907, 30.188], [-89.4927, 30.1837], [-89.4977, 30.1823], [-89.5152, 30.1845], [-89.5227, 30.1832], [-89.5334, 30.1948], [-89.5387, 30.1958], [-89.547, 30.1931], [-89.5547, 30.1858], [-89.5623, 30.1824], [-89.5702, 30.1803], [-89.5745, 30.1817], [-89.5858, 30.1921], [-89.5967, 30.2118], [-89.6013, 30.2161], [-89.6107, 30.2181], [-89.6159, 30.2232], [-89.6171, 30.2275], [-89.6142, 30.2446], [-89.6318, 30.2569], [-89.6312, 30.2617], [-89.6253, 30.2635], [-89.6259, 30.2659], [-89.6323, 30.2686], [-89.6314, 30.2797], [-89.6385, 30.2881], [-89.6434, 30.2877], [-89.6474, 30.2913], [-89.6404, 30.2955]]]}}, {"type": "Feature", "properties": {"fips": "28091950400", "gap_national": 32.8, "gap_stratum": 34.8, "burden": 94.3, "capacity": 60.5, "svi": 0.91, "top_decile_gap": 0.0, "stratum": "small_town", "scored": 1}, "geometry": {"type": "Polygon", "coordinates": [[[-89.845, 31.2418], [-89.847, 31.25], [-89.842, 31.251], [-89.8411, 31.2589], [-89.8383, 31.2562], [-89.8312, 31.2576], [-89.8226, 31.2555], [-89.8129, 31.2678], [-89.8119, 31.2737], [-89.8071, 31.2798], [-89.8, 31.2743], [-89.7999, 31.272], [-89.7797, 31.2766], [-89.7822, 31.2724], [-89.7837, 31.2598], [-89.7817, 31.2597], [-89.7814, 31.2543], [-89.8055, 31.2443], [-89.8047, 31.2416], [-89.815, 31.2361], [-89.816, 31.2302], [-89.8207, 31.2264], [-89.8277, 31.2276], [-89.8336, 31.2243], [-89.8387, 31.2065], [-89.8428, 31.2092], [-89.8435, 31.2178], [-89.8412, 31.2213], [-89.8429, 31.2284], [-89.8458, 31.231], [-89.8523, 31.2309], [-89.8537, 31.2338], [-89.845, 31.2418]]]}}, {"type": "Feature", "properties": {"fips": "28003950100", "gap_national": 2.4, "gap_stratum": -16.2, "burden": 73.3, "capacity": 67.9, "svi": 0.64, "top_decile_gap": 0.0, "stratum": "micropolitan", "scored": 1}, "geometry": {"type": "Polygon", "coordinates": [[[-88.4792, 34.9606], [-88.4763, 34.9958], [-88.4788, 34.996], [-88.3635, 34.9956], [-88.3642, 34.9508], [-88.3707, 34.9503], [-88.3788, 34.9551], [-88.392, 34.9551], [-88.3984, 34.9446], [-88.3914, 34.933], [-88.3936, 34.93], [-88.4013, 34.9278], [-88.4038, 34.9243], [-88.4128, 34.9292], [-88.4241, 34.9298], [-88.4214, 34.9185], [-88.4187, 34.9181], [-88.4157, 34.911], [-88.42, 34.9036], [-88.4263, 34.9008], [-88.4361, 34.9013], [-88.4358, 34.9121], [-88.4441, 34.9128], [-88.4492, 34.9082], [-88.4658, 34.9038], [-88.4732, 34.9064], [-88.475, 34.9051], [-88.4867, 34.9158], [-88.4822, 34.9235], [-88.4807, 34.9333], [-88.4878, 34.941], [-88.4907, 34.9577], [-88.4792, 34.9606]]]}}, {"type": "Feature", "properties": {"fips": "28091950600", "gap_national": 47.8, "gap_stratum": 56.3, "burden": 95.9, "capacity": 51.3, "svi": 0.67, "top_decile_gap": 0.0, "stratum": "small_town", "scored": 1}, "geometry": {"type": "Polygon", "coordinates": [[[-89.8773, 31.2241], [-89.8555, 31.2384], [-89.8474, 31.2381], [-89.8541, 31.2329], [-89.8429, 31.2284], [-89.842, 31.2078], [-89.8369, 31.2077], [-89.8374, 31.2156], [-89.8343, 31.2189], [-89.8217, 31.2146], [-89.8216, 31.211], [-89.8247, 31.2076], [-89.8306, 31.2099], [-89.8342, 31.2084], [-89.8292, 31.2034], [-89.8298, 31.2004], [-89.8359, 31.1986], [-89.84, 31.2023], [-89.8434, 31.2006], [-89.8404, 31.193], [-89.8282, 31.1922], [-89.8289, 31.1884], [-89.8337, 31.1855], [-89.8288, 31.1802], [-89.8289, 31.1705], [-89.8237, 31.1655], [-89.814, 31.164], [-89.8159, 31.1594], [-89.822, 31.1585], [-89.822, 31.1493], [-89.8071, 31.1426], [-89.8066, 31.1342], [-89.7981, 31.1286], [-89.7957, 31.1114], [-89.7896, 31.1057], [-89.7881, 31.0975], [-89.7909, 31.0912], [-89.7807, 31.0852], [-89.7755, 31.089], [-89.7728, 31.0876], [-89.7718, 31.0818], [-89.7812, 31.0768], [-89.7749, 31.0745], [-89.7706, 31.0781], [-89.7678, 31.0775], [-89.7685, 31.0742], [-89.7788, 31.0676], [-89.7724, 31.0593], [-89.782, 31.06], [-89.7875, 31.0554], [-89.7875, 31.0526], [-89.7773, 31.0489], [-89.7732, 31.0446], [-89.7776, 31.036], [-89.7718, 31.0284], [-89.7674, 31.0292], [-89.7651, 31.0371], [-89.7607, 31.0386], [-89.7556, 31.0328], [-89.7548, 31.0274], [-89.7448, 31.028], [-89.7437, 31.0166], [-89.748, 31.0154], [-89.7567, 31.0192], [-89.759, 31.0158], [-89.7578, 31.0121], [-89.751, 31.0094], [-89.7526, 31.0019], [-89.8359, 31.0021], [-89.8359, 31.0749], [-89.9209, 31.0747], [-89.921, 31.0893], [-89.9295, 31.0892], [-89.9295, 31.1112], [-89.9382, 31.1112], [-89.9382, 31.1329], [-90.0059, 31.1323], [-90.0061, 31.1756], [-90.0319, 31.1757], [-90.0319, 31.1812], [-89.8773, 31.2241]]]}}, {"type": "Feature", "properties": {"fips": "28099010700", "gap_national": 35.5, "gap_stratum": 29.9, "burden": 87.0, "capacity": 55.0, "svi": 0.71, "top_decile_gap": 0.0, "stratum": "small_town", "scored": 1}, "geometry": {"type": "Polygon", "coordinates": [[[-89.302, 32.7892], [-89.298, 32.7859], [-89.2971, 32.7799], [-89.2762, 32.7569], [-89.2568, 32.7402], [-89.2474, 32.7446], [-89.2428, 32.75], [-89.2293, 32.7534], [-89.2152, 32.7499], [-89.2151, 32.7443], [-89.2061, 32.7315], [-89.1821, 32.7352], [-89.1756, 32.755], [-89.1842, 32.7639], [-89.1879, 32.7724], [-89.1805, 32.7763], [-89.1791, 32.7807], [-89.1945, 32.7873], [-89.1978, 32.7861], [-89.1945, 32.7942], [-89.156, 32.7823], [-89.1399, 32.7651], [-89.1473, 32.7575], [-89.1477, 32.7503], [-89.1252, 32.7512], [-89.1274, 32.7401], [-89.1358, 32.7319], [-89.1399, 32.7185], [-89.1384, 32.692], [-89.1326, 32.687], [-89.1297, 32.6793], [-89.1301, 32.6565], [-89.1365, 32.6486], [-89.1318, 32.6283], [-89.1352, 32.6225], [-89.1366, 32.6113], [-89.134, 32.6007], [-89.128, 32.5921], [-89.1257, 32.5769], [-89.3176, 32.5765], [-89.3186, 32.7919], [-89.302, 32.7892]]]}}, {"type": "Feature", "properties": {"fips": "28011950400", "gap_national": 43.6, "gap_stratum": 45.8, "burden": 96.7, "capacity": 54.5, "svi": 0.98, "top_decile_gap": 0.0, "stratum": "micropolitan", "scored": 1}, "geometry": {"type": "Polygon", "coordinates": [[[-91.2299, 33.5662], [-91.2154, 33.5693], [-91.1799, 33.5672], [-91.1649, 33.5702], [-91.1503, 33.5786], [-91.1369, 33.5902], [-91.1295, 33.6016], [-91.1287, 33.6085], [-91.1374, 33.6269], [-91.16, 33.6429], [-91.1825, 33.6535], [-91.2122, 33.657], [-91.2245, 33.6652], [-91.2306, 33.6771], [-91.2299, 33.6843], [-91.2239, 33.6937], [-91.2179, 33.698], [-91.2107, 33.7004], [-91.1709, 33.7024], [-91.1604, 33.7066], [-91.1334, 33.6768], [-91.0914, 33.6578], [-91.0761, 33.6592], [-91.0588, 33.6666], [-91.0368, 33.6713], [-91.031, 33.6794], [-91.0304, 33.6878], [-91.0361, 33.6894], [-91.0475, 33.707], [-91.0605, 33.7151], [-91.0681, 33.7162], [-91.1019, 33.7049], [-91.1174, 33.7053], [-91.1262, 33.7092], [-91.1399, 33.7215], [-91.1488, 33.7314], [-91.1408, 33.7601], [-91.1448, 33.7639], [-91.145, 33.7681], [-91.1374, 33.7799], [-91.1294, 33.7837], [-91.1204, 33.7804], [-91.1084, 33.7717], [-91.0534, 33.7783], [-91.0259, 33.7648], [-91.0184, 33.7641], [-91.0013, 33.7686], [-90.9938, 33.7736], [-90.9894, 33.7806], [-90.988, 33.7897], [-90.9849, 33.7889], [-90.9846, 33.7845], [-90.9963, 33.7671], [-90.9937, 33.7675], [-90.9937, 33.7632], [-90.9809, 33.7686], [-90.9811, 33.7835], [-90.976, 33.7836], [-90.9606, 33.7804], [-90.9455, 33.7739], [-90.9413, 33.7698], [-90.9352, 33.7687], [-90.9245, 33.7719], [-90.9188, 33.7789], [-90.907, 33.7811], [-90.8925, 33.7721], [-90.889, 33.7636], [-90.8501, 33.762], [-90.8496, 33.7918], [-90.7973, 33.7921], [-90.7978, 33.7184], [-90.8153, 33.7184], [-90.8158, 33.675], [-90.7982, 33.6748], [-90.7983, 33.6459], [-90.7806, 33.6459], [-90.7811, 33.6312], [-90.7373, 33.631], [-90.7373, 33.6163], [-90.7635, 33.6162], [-90.7635, 33.5294], [-91.2187, 33.5294], [-91.2334, 33.5535], [-91.2338, 33.5613], [-91.2299, 33.5662]]]}}, {"type": "Feature", "properties": {"fips": "28025950500", "gap_national": 2.1, "gap_stratum": -18.5, "burden": 85.3, "capacity": 78.1, "svi": 0.56, "top_decile_gap": 0.0, "stratum": "small_town", "scored": 1}, "geometry": {"type": "Polygon", "coordinates": [[[-88.6758, 33.5926], [-88.6331, 33.5924], [-88.6329, 33.5791], [-88.627, 33.5889], [-88.6288, 33.6071], [-88.6159, 33.6072], [-88.633, 33.6279], [-88.6501, 33.6264], [-88.6498, 33.6802], [-88.4969, 33.6802], [-88.4917, 33.6773], [-88.491, 33.6737], [-88.4929, 33.6712], [-88.4962, 33.6745], [-88.5012, 33.6741], [-88.5019, 33.6662], [-88.5131, 33.6607], [-88.514, 33.6489], [-88.5125, 33.6443], [-88.4996, 33.6438], [-88.4986, 33.6417], [-88.5017, 33.636], [-88.4994, 33.6261], [-88.5055, 33.6202], [-88.5067, 33.6149], [-88.5, 33.613], [-88.4932, 33.6148], [-88.475, 33.6034], [-88.4747, 33.5981], [-88.4802, 33.5943], [-88.4884, 33.5829], [-88.4949, 33.5795], [-88.4863, 33.566], [-88.4914, 33.5628], [-88.4964, 33.566], [-88.4976, 33.5635], [-88.492, 33.5424], [-88.4847, 33.5344], [-88.4719, 33.5271], [-88.4737, 33.5238], [-88.4803, 33.5227], [-88.4861, 33.5282], [-88.4933, 33.5285], [-88.4972, 33.5348], [-88.5052, 33.537], [-88.5074, 33.5437], [-88.5147, 33.5451], [-88.5161, 33.5433], [-88.5182, 33.5483], [-88.5242, 33.5509], [-88.5274, 33.5484], [-88.527, 33.5429], [-88.5314, 33.5374], [-88.5412, 33.5346], [-88.5411, 33.5299], [-88.5439, 33.5268], [-88.5511, 33.5283], [-88.554, 33.5216], [-88.5587, 33.5225], [-88.5638, 33.527], [-88.5707, 33.5237], [-88.5725, 33.5189], [-88.5797, 33.5216], [-88.5821, 33.5196], [-88.5802, 33.5177], [-88.598, 33.5112], [-88.6012, 33.5079], [-88.6065, 33.5092], [-88.6062, 33.5073], [-88.6094, 33.5068], [-88.6712, 33.5062], [-88.6715, 33.5651], [-88.692, 33.5652], [-88.6901, 33.5684], [-88.6921, 33.5702], [-88.6955, 33.568], [-88.7028, 33.5696], [-88.7063, 33.5745], [-88.704, 33.5748], [-88.707, 33.581], [-88.6758, 33.5926]]]}}, {"type": "Feature", "properties": {"fips": "28033071200", "gap_national": -4.4, "gap_stratum": 2.3, "burden": 67.8, "capacity": 68.3, "svi": 0.53, "top_decile_gap": 0.0, "stratum": "metropolitan", "scored": 1}, "geometry": {"type": "Polygon", "coordinates": [[[-90.2021, 34.8604], [-90.1481, 34.8602], [-90.1442, 34.8719], [-90.1316, 34.8757], [-90.0781, 34.8751], [-90.0781, 34.8408], [-90.0996, 34.825], [-90.1134, 34.8044], [-90.1098, 34.7774], [-90.1063, 34.7701], [-90.1153, 34.7528], [-90.1211, 34.7526], [-90.1214, 34.7564], [-90.1271, 34.7574], [-90.1289, 34.7605], [-90.1358, 34.7605], [-90.1351, 34.7588], [-90.139, 34.762], [-90.1428, 34.7566], [-90.1542, 34.7593], [-90.1532, 34.7567], [-90.1575, 34.7547], [-90.1618, 34.7583], [-90.1608, 34.7602], [-90.1681, 34.7584], [-90.1699, 34.7555], [-90.1715, 34.759], [-90.1714, 34.7548], [-90.175, 34.7535], [-90.1737, 34.751], [-90.1762, 34.7481], [-90.1728, 34.7478], [-90.1744, 34.744], [-90.1766, 34.7455], [-90.1784, 34.7431], [-90.1813, 34.7437], [-90.1861, 34.7367], [-90.1887, 34.7386], [-90.1871, 34.7348], [-90.1838, 34.7335], [-90.1901, 34.7307], [-90.1886, 34.7284], [-90.1928, 34.7287], [-90.1925, 34.7249], [-90.1956, 34.7254], [-90.1954, 34.7275], [-90.1986, 34.7253], [-90.1968, 34.7207], [-90.2012, 34.727], [-90.2021, 34.8604]]]}}, {"type": "Feature", "properties": {"fips": "28035001000", "gap_national": 24.4, "gap_stratum": 30.1, "burden": 38.4, "capacity": 19.4, "svi": 0.71, "top_decile_gap": 0.0, "stratum": "metropolitan", "scored": 1}, "geometry": {"type": "Polygon", "coordinates": [[[-89.3466, 31.3569], [-89.3297, 31.3439], [-89.329, 31.3357], [-89.345, 31.3352], [-89.341, 31.3326], [-89.3444, 31.3321], [-89.3444, 31.3285], [-89.3409, 31.3285], [-89.3409, 31.3249], [-89.3479, 31.325], [-89.3479, 31.3467], [-89.3523, 31.3466], [-89.3466, 31.3569]]]}}, {"type": "Feature", "properties": {"fips": "28105950201", "gap_national": 5.5, "gap_stratum": -13.0, "burden": 32.3, "capacity": 31.2, "svi": 0.36, "top_decile_gap": 0.0, "stratum": "micropolitan", "scored": 1}, "geometry": {"type": "Polygon", "coordinates": [[[-88.9219, 33.4772], [-88.8953, 33.4626], [-88.8455, 33.462], [-88.8452, 33.4455], [-88.857, 33.439], [-88.8713, 33.4394], [-88.89, 33.4333], [-88.9039, 33.4364], [-88.9287, 33.4367], [-88.9402, 33.4402], [-88.9405, 33.4598], [-88.945, 33.4701], [-88.9484, 33.4717], [-88.9488, 33.4768], [-88.9219, 33.4772]]]}}, {"type": "Feature", "properties": {"fips": "28105950604", "gap_national": 17.4, "gap_stratum": -7.8, "burden": 44.0, "capacity": 32.6, "svi": 0.65, "top_decile_gap": 0.0, "stratum": "micropolitan", "scored": 1}, "geometry": {"type": "Polygon", "coordinates": [[[-88.8308, 33.4539], [-88.8103, 33.4546], [-88.8103, 33.4422], [-88.8215, 33.4408], [-88.8222, 33.4373], [-88.835, 33.4274], [-88.8371, 33.4502], [-88.8308, 33.4539]]]}}, {"type": "Feature", "properties": {"fips": "28123020102", "gap_national": 55.5, "gap_stratum": 73.7, "burden": 98.9, "capacity": 47.2, "svi": 0.72, "top_decile_gap": 1.0, "stratum": "rural", "scored": 1}, "geometry": {"type": "Polygon", "coordinates": [[[-89.4602, 32.4863], [-89.4575, 32.4863], [-89.4585, 32.4892], [-89.4564, 32.4916], [-89.4596, 32.4994], [-89.4577, 32.4995], [-89.4556, 32.5058], [-89.4601, 32.5157], [-89.4599, 32.5255], [-89.4626, 32.5326], [-89.459, 32.5377], [-89.458, 32.5442], [-89.4596, 32.546], [-89.4566, 32.5466], [-89.458, 32.552], [-89.4608, 32.5537], [-89.4575, 32.5553], [-89.4599, 32.5569], [-89.4519, 32.5623], [-89.4535, 32.5657], [-89.4519, 32.567], [-89.4539, 32.5679], [-89.4507, 32.5731], [-89.4556, 32.5748], [-89.4532, 32.5764], [-89.3226, 32.5764], [-89.3225, 32.4388], [-89.3424, 32.4276], [-89.3688, 32.4325], [-89.3805, 32.4395], [-89.4058, 32.4414], [-89.4523, 32.4579], [-89.4516, 32.4604], [-89.4536, 32.4613], [-89.4515, 32.4629], [-89.4606, 32.4713], [-89.4602, 32.4764], [-89.4625, 32.476], [-89.4602, 32.4863]]]}}, {"type": "Feature", "properties": {"fips": "28123020302", "gap_national": 6.1, "gap_stratum": 11.9, "burden": 65.7, "capacity": 59.4, "svi": 0.52, "top_decile_gap": 0.0, "stratum": "metropolitan", "scored": 1}, "geometry": {"type": "Polygon", "coordinates": [[[-89.7254, 32.4664], [-89.7262, 32.4687], [-89.7138, 32.4709], [-89.6992, 32.4661], [-89.6678, 32.4666], [-89.6587, 32.4678], [-89.6526, 32.4739], [-89.5814, 32.4728], [-89.5467, 32.4588], [-89.5387, 32.4587], [-89.5362, 32.4341], [-89.5402, 32.424], [-89.5518, 32.4185], [-89.5561, 32.4124], [-89.5534, 32.4061], [-89.5572, 32.3992], [-89.6092, 32.3704], [-89.6358, 32.3602], [-89.6442, 32.3547], [-89.6446, 32.3599], [-89.6504, 32.3626], [-89.6531, 32.3611], [-89.6575, 32.3854], [-89.6707, 32.3521], [-89.6935, 32.3547], [-89.7003, 32.3535], [-89.7105, 32.3441], [-89.7274, 32.3392], [-89.7298, 32.3353], [-89.7301, 32.3527], [-89.756, 32.4675], [-89.7254, 32.4664]]]}}, {"type": "Feature", "properties": {"fips": "28017950401", "gap_national": 8.5, "gap_stratum": -4.4, "burden": 85.0, "capacity": 72.4, "svi": 0.75, "top_decile_gap": 0.0, "stratum": "rural", "scored": 1}, "geometry": {"type": "Polygon", "coordinates": [[[-88.9479, 33.9004], [-88.9253, 33.9284], [-88.9264, 33.9441], [-88.9307, 33.9548], [-88.9271, 33.9582], [-88.918, 33.9609], [-88.9103, 33.9597], [-88.91, 33.9673], [-88.9017, 33.9726], [-88.8979, 33.9935], [-88.8865, 34.002], [-88.8509, 34.0019], [-88.8505, 33.9707], [-88.8522, 33.9687], [-88.839, 33.9609], [-88.8373, 33.9648], [-88.8345, 33.9651], [-88.786, 33.9653], [-88.7845, 33.9863], [-88.7808, 33.9889], [-88.7665, 33.9699], [-88.7595, 33.9666], [-88.7529, 33.9641], [-88.7468, 33.9691], [-88.7317, 33.9701], [-88.72, 33.9632], [-88.72, 33.8113], [-88.9095, 33.8122], [-88.9304, 33.8301], [-88.9329, 33.8461], [-88.9403, 33.8539], [-88.9533, 33.8804], [-88.9479, 33.9004]]]}}, {"type": "Feature", "properties": {"fips": "28079040402", "gap_national": 39.7, "gap_stratum": 39.5, "burden": 86.7, "capacity": 52.0, "svi": 0.88, "top_decile_gap": 0.0, "stratum": "metropolitan", "scored": 1}, "geometry": {"type": "Polygon", "coordinates": [[[-89.5133, 32.7045], [-89.5, 32.7005], [-89.4658, 32.7043], [-89.4456, 32.7118], [-89.4352, 32.7119], [-89.4339, 32.7044], [-89.4386, 32.7015], [-89.4391, 32.6969], [-89.4356, 32.6964], [-89.4395, 32.6816], [-89.4333, 32.6718], [-89.4359, 32.6642], [-89.4327, 32.6481], [-89.4345, 32.6457], [-89.4291, 32.6431], [-89.4235, 32.6436], [-89.4068, 32.6513], [-89.4045, 32.6493], [-89.4126, 32.6406], [-89.4112, 32.6334], [-89.402, 32.6375], [-89.3887, 32.6349], [-89.3836, 32.6237], [-89.3837, 32.6138], [-89.3646, 32.6085], [-89.368, 32.597], [-89.3651, 32.5763], [-89.4679, 32.5764], [-89.4613, 32.6057], [-89.525, 32.7041], [-89.5133, 32.7045]]]}}, {"type": "Feature", "properties": {"fips": "28045030101", "gap_national": -24.9, "gap_stratum": -16.8, "burden": 63.3, "capacity": 81.4, "svi": 0.09, "top_decile_gap": 0.0, "stratum": "metropolitan", "scored": 1}, "geometry": {"type": "Polygon", "coordinates": [[[-89.366, 30.3071], [-89.3659, 30.3104], [-89.3594, 30.3126], [-89.3297, 30.3033], [-89.3441, 30.2943], [-89.3547, 30.2982], [-89.3513, 30.3], [-89.3619, 30.3034], [-89.3687, 30.3022], [-89.3682, 30.3071], [-89.366, 30.3071]]]}}, {"type": "Feature", "properties": {"fips": "28045030304", "gap_national": 53.2, "gap_stratum": 52.4, "burden": 88.5, "capacity": 43.5, "svi": 0.91, "top_decile_gap": 1.0, "stratum": "metropolitan", "scored": 1}, "geometry": {"type": "Polygon", "coordinates": [[[-89.4438, 30.3082], [-89.4352, 30.3113], [-89.434, 30.3191], [-89.4377, 30.3246], [-89.4343, 30.3296], [-89.4277, 30.3306], [-89.4031, 30.3147], [-89.3857, 30.3117], [-89.3785, 30.3061], [-89.4034, 30.2989], [-89.4474, 30.3001], [-89.4438, 30.3082]]]}}, {"type": "Feature", "properties": {"fips": "28045030603", "gap_national": 48.9, "gap_stratum": 47.6, "burden": 90.4, "capacity": 47.8, "svi": 0.41, "top_decile_gap": 0.0, "stratum": "metropolitan", "scored": 1}, "geometry": {"type": "Polygon", "coordinates": [[[-89.4306, 30.5279], [-89.4238, 30.5395], [-89.4106, 30.5531], [-89.4117, 30.5629], [-89.4065, 30.5808], [-89.414, 30.5998], [-89.4085, 30.608], [-89.4071, 30.6146], [-89.4121, 30.6243], [-89.4132, 30.6337], [-89.4281, 30.6478], [-89.3414, 30.6477], [-89.3417, 30.5013], [-89.3731, 30.4981], [-89.3795, 30.4936], [-89.4029, 30.498], [-89.418, 30.4826], [-89.424, 30.4782], [-89.4291, 30.4775], [-89.428, 30.4841], [-89.4337, 30.4928], [-89.4306, 30.5279]]]}}, {"type": "Feature", "properties": {"fips": "28047003409", "gap_national": 18.7, "gap_stratum": 22.0, "burden": 76.9, "capacity": 59.6, "svi": 0.66, "top_decile_gap": 0.0, "stratum": "metropolitan", "scored": 1}, "geometry": {"type": "Polygon", "coordinates": [[[-89.0706, 30.677], [-89.0741, 30.6717], [-89.0728, 30.6674], [-89.0836, 30.6692], [-89.0822, 30.6454], [-89.0784, 30.6393], [-89.0788, 30.6216], [-89.085, 30.6162], [-89.0861, 30.6038], [-89.0552, 30.5861], [-89.0438, 30.5668], [-89.0075, 30.5401], [-89.0298, 30.5102], [-89.0427, 30.498], [-89.0462, 30.4979], [-89.0488, 30.5023], [-89.0531, 30.5027], [-89.0503, 30.5077], [-89.0554, 30.5131], [-89.0527, 30.5152], [-89.065, 30.5314], [-89.0788, 30.5384], [-89.0879, 30.5396], [-89.0908, 30.5422], [-89.0906, 30.5473], [-89.0966, 30.5468], [-89.1081, 30.5544], [-89.112, 30.5531], [-89.1127, 30.5553], [-89.126, 30.5604], [-89.1275, 30.5655], [-89.1343, 30.5686], [-89.1354, 30.6192], [-89.1381, 30.6305], [-89.1344, 30.6511], [-89.1377, 30.6584], [-89.1382, 30.677], [-89.0706, 30.677]]]}}, {"type": "Feature", "properties": {"fips": "28047003216", "gap_national": -13.4, "gap_stratum": -6.4, "burden": 70.1, "capacity": 77.9, "svi": 0.19, "top_decile_gap": 0.0, "stratum": "metropolitan", "scored": 1}, "geometry": {"type": "Polygon", "coordinates": [[[-89.1086, 30.5223], [-89.1017, 30.5252], [-89.0984, 30.5225], [-89.0945, 30.524], [-89.0719, 30.5101], [-89.0672, 30.5063], [-89.0658, 30.5043], [-89.0677, 30.5016], [-89.0639, 30.4984], [-89.0655, 30.4901], [-89.0696, 30.49], [-89.0696, 30.4928], [-89.0784, 30.4929], [-89.0782, 30.4857], [-89.0909, 30.4855], [-89.0902, 30.4734], [-89.1037, 30.477], [-89.1105, 30.4935], [-89.1163, 30.5261], [-89.1086, 30.5223]]]}}, {"type": "Feature", "properties": {"fips": "28047003513", "gap_national": 3.6, "gap_stratum": 9.6, "burden": 66.7, "capacity": 61.9, "svi": 0.04, "top_decile_gap": 0.0, "stratum": "metropolitan", "scored": 1}, "geometry": {"type": "Polygon", "coordinates": [[[-89.2777, 30.5805], [-89.272, 30.5827], [-89.261, 30.5799], [-89.2345, 30.582], [-89.2223, 30.5795], [-89.2144, 30.5817], [-89.2084, 30.5864], [-89.2, 30.5758], [-89.187, 30.57], [-89.187, 30.5556], [-89.1836, 30.5487], [-89.1692, 30.5421], [-89.168, 30.5337], [-89.1712, 30.5155], [-89.2337, 30.5316], [-89.2559, 30.5485], [-89.2744, 30.5668], [-89.2777, 30.5805]]]}}, {"type": "Feature", "properties": {"fips": "28047003509", "gap_national": -25.1, "gap_stratum": -16.7, "burden": 54.3, "capacity": 71.9, "svi": 0.24, "top_decile_gap": 0.0, "stratum": "metropolitan", "scored": 1}, "geometry": {"type": "Polygon", "coordinates": [[[-89.1368, 30.4384], [-89.137, 30.4639], [-89.1037, 30.4644], [-89.1035, 30.4506], [-89.0974, 30.4357], [-89.1367, 30.4266], [-89.1368, 30.4331], [-89.141, 30.4331], [-89.141, 30.4382], [-89.1368, 30.4384]]]}}, {"type": "Feature", "properties": {"fips": "28047004000", "gap_national": 51.6, "gap_stratum": 49.2, "burden": 96.8, "capacity": 49.1, "svi": 0.99, "top_decile_gap": 0.0, "stratum": "metropolitan", "scored": 1}, "geometry": {"type": "Polygon", "coordinates": [[[-88.8831, 30.4158], [-88.8831, 30.4188], [-88.8709, 30.4195], [-88.8699, 30.4091], [-88.8592, 30.4063], [-88.8613, 30.3986], [-88.8577, 30.3927], [-88.8677, 30.3923], [-88.8677, 30.4017], [-88.8852, 30.3991], [-88.8859, 30.4156], [-88.8831, 30.4158]]]}}, {"type": "Feature", "properties": {"fips": "28047002001", "gap_national": 30.8, "gap_stratum": 32.1, "burden": 82.7, "capacity": 55.5, "svi": 0.75, "top_decile_gap": 0.0, "stratum": "metropolitan", "scored": 1}, "geometry": {"type": "Polygon", "coordinates": [[[-89.0888, 30.3756], [-89.0888, 30.384], [-89.0836, 30.3841], [-89.0836, 30.3779], [-89.0777, 30.3779], [-89.078, 30.3734], [-89.0874, 30.371], [-89.0953, 30.3713], [-89.0953, 30.3734], [-89.0888, 30.3756]]]}}, {"type": "Feature", "properties": {"fips": "28089030600", "gap_national": 43.5, "gap_stratum": 41.6, "burden": 96.1, "capacity": 54.3, "svi": 0.93, "top_decile_gap": 0.0, "stratum": "metropolitan", "scored": 1}, "geometry": {"type": "Polygon", "coordinates": [[[-90.0347, 32.6404], [-90.0247, 32.6403], [-90.0292, 32.6332], [-90.0034, 32.6332], [-89.9929, 32.6248], [-89.9884, 32.6294], [-89.9849, 32.6297], [-89.98, 32.627], [-89.9627, 32.6295], [-89.9479, 32.6257], [-90.0015, 32.61], [-90.0166, 32.6133], [-90.0409, 32.6126], [-90.0347, 32.6404]]]}}, {"type": "Feature", "properties": {"fips": "28033070322", "gap_national": 17.3, "gap_stratum": 21.2, "burden": 74.3, "capacity": 58.6, "svi": 0.58, "top_decile_gap": 0.0, "stratum": "metropolitan", "scored": 1}, "geometry": {"type": "Polygon", "coordinates": [[[-90.0342, 34.9481], [-90.0341, 34.9626], [-90.0165, 34.9627], [-90.0168, 34.9428], [-90.0134, 34.9336], [-90.0606, 34.9336], [-90.0607, 34.9481], [-90.0342, 34.9481]]]}}, {"type": "Feature", "properties": {"fips": "28081950101", "gap_national": 7.6, "gap_stratum": -17.7, "burden": 54.8, "capacity": 50.0, "svi": 0.3, "top_decile_gap": 0.0, "stratum": "micropolitan", "scored": 1}, "geometry": {"type": "Polygon", "coordinates": [[[-88.7894, 34.4949], [-88.7367, 34.4947], [-88.7365, 34.5089], [-88.682, 34.5091], [-88.6755, 34.4954], [-88.6661, 34.4922], [-88.6663, 34.447], [-88.6605, 34.4466], [-88.6364, 34.4363], [-88.6311, 34.4363], [-88.6322, 34.4201], [-88.6288, 34.4125], [-88.6446, 34.4063], [-88.6561, 34.3968], [-88.6564, 34.4006], [-88.6658, 34.3991], [-88.6715, 34.4038], [-88.6703, 34.3929], [-88.6715, 34.3896], [-88.6763, 34.3873], [-88.6787, 34.4192], [-88.6909, 34.3918], [-88.7028, 34.4009], [-88.7151, 34.4009], [-88.7226, 34.408], [-88.7699, 34.4082], [-88.7734, 34.4251], [-88.7897, 34.4262], [-88.7894, 34.4949]]]}}, {"type": "Feature", "properties": {"fips": "28109950504", "gap_national": 33.3, "gap_stratum": 32.5, "burden": 92.8, "capacity": 59.6, "svi": 0.72, "top_decile_gap": 0.0, "stratum": "metropolitan", "scored": 1}, "geometry": {"type": "Polygon", "coordinates": [[[-89.6762, 30.4823], [-89.6621, 30.521], [-89.6187, 30.6005], [-89.6157, 30.5972], [-89.6094, 30.5967], [-89.5959, 30.5745], [-89.5759, 30.5754], [-89.578, 30.5681], [-89.5862, 30.5622], [-89.5966, 30.5462], [-89.5988, 30.5191], [-89.5875, 30.5171], [-89.5959, 30.5171], [-89.5957, 30.5025], [-89.6471, 30.5027], [-89.647, 30.4589], [-89.6772, 30.4591], [-89.6818, 30.4629], [-89.6814, 30.4698], [-89.6842, 30.4737], [-89.6762, 30.4823]]]}}, {"type": "Feature", "properties": {"fips": "28029950102", "gap_national": 13.7, "gap_stratum": 16.0, "burden": 85.6, "capacity": 68.8, "svi": 0.67, "top_decile_gap": 0.0, "stratum": "metropolitan", "scored": 1}, "geometry": {"type": "Polygon", "coordinates": [[[-90.3619, 32.0147], [-90.3211, 31.9954], [-90.3359, 31.988], [-90.3571, 31.9888], [-90.3681, 31.9694], [-90.3805, 31.9696], [-90.3619, 32.0147]]]}}, {"type": "Feature", "properties": {"fips": "28101050301", "gap_national": 22.0, "gap_stratum": 1.5, "burden": 62.3, "capacity": 46.0, "svi": 0.82, "top_decile_gap": 0.0, "stratum": "rural", "scored": 1}, "geometry": {"type": "Polygon", "coordinates": [[[-89.2347, 32.4388], [-89.2297, 32.4406], [-89.2198, 32.4397], [-89.2158, 32.4422], [-89.22, 32.4584], [-89.2198, 32.4632], [-89.2172, 32.4654], [-89.2064, 32.4642], [-89.1991, 32.4689], [-89.1898, 32.4658], [-89.1885, 32.4625], [-89.1786, 32.4564], [-89.1713, 32.461], [-89.168, 32.4656], [-89.1689, 32.4695], [-89.1432, 32.4648], [-89.1354, 32.4702], [-89.1264, 32.4644], [-89.1143, 32.4639], [-89.1071, 32.4583], [-89.0923, 32.4335], [-89.0998, 32.4331], [-89.0967, 32.4286], [-89.0964, 32.4221], [-89.081, 32.4099], [-89.0749, 32.3838], [-89.0667, 32.3681], [-89.0707, 32.3549], [-89.0672, 32.3474], [-89.13, 32.3393], [-89.143, 32.3408], [-89.1651, 32.338], [-89.2167, 32.3389], [-89.2271, 32.3535], [-89.2289, 32.3697], [-89.2363, 32.3853], [-89.2346, 32.396], [-89.2373, 32.4034], [-89.2367, 32.4116], [-89.2433, 32.4165], [-89.2347, 32.4388]]]}}, {"type": "Feature", "properties": {"fips": "28003950201", "gap_national": 51.9, "gap_stratum": 55.0, "burden": 94.6, "capacity": 47.9, "svi": 0.96, "top_decile_gap": 0.0, "stratum": "micropolitan", "scored": 1}, "geometry": {"type": "Polygon", "coordinates": [[[-88.4888, 34.9453], [-88.4865, 34.9383], [-88.4807, 34.9333], [-88.4857, 34.9166], [-88.5027, 34.9308], [-88.5154, 34.9329], [-88.5146, 34.9426], [-88.5166, 34.9454], [-88.4888, 34.9453]]]}}, {"type": "Feature", "properties": {"fips": "28043950202", "gap_national": 23.2, "gap_stratum": 18.7, "burden": 89.9, "capacity": 64.8, "svi": 0.64, "top_decile_gap": 0.0, "stratum": "micropolitan", "scored": 1}, "geometry": {"type": "Polygon", "coordinates": [[[-90.1365, 33.8093], [-89.9793, 33.8097], [-89.9759, 33.8057], [-89.9567, 33.8025], [-89.9547, 33.7992], [-89.956, 33.7971], [-89.9516, 33.7954], [-89.9466, 33.788], [-89.9433, 33.7883], [-89.9406, 33.7855], [-89.9312, 33.789], [-89.9253, 33.7952], [-89.921, 33.7932], [-89.9027, 33.7978], [-89.8991, 33.7903], [-89.8872, 33.7882], [-89.8824, 33.7911], [-89.881, 33.8015], [-89.8733, 33.8073], [-89.8671, 33.8087], [-89.8664, 33.805], [-89.8513, 33.8072], [-89.8496, 33.803], [-89.8394, 33.799], [-89.8413, 33.7564], [-89.8315, 33.7278], [-89.8206, 33.7354], [-89.813, 33.7362], [-89.813, 33.7318], [-89.8104, 33.7302], [-89.7956, 33.7311], [-89.7944, 33.7245], [-89.7912, 33.721], [-89.7912, 33.7153], [-89.7953, 33.6954], [-89.8046, 33.6791], [-89.8099, 33.6767], [-90.137, 33.6769], [-90.1365, 33.8093]]]}}, {"type": "Feature", "properties": {"fips": "28061950401", "gap_national": 21.8, "gap_stratum": 19.9, "burden": 97.5, "capacity": 69.4, "svi": 0.72, "top_decile_gap": 0.0, "stratum": "micropolitan", "scored": 1}, "geometry": {"type": "Polygon", "coordinates": [[[-89.0941, 31.8548], [-89.0939, 31.8582], [-89.0915, 31.8575], [-89.0865, 31.8614], [-89.0784, 31.8531], [-89.0645, 31.8608], [-89.0506, 31.8623], [-89.0499, 31.8711], [-89.0461, 31.8695], [-89.0375, 31.886], [-89.0336, 31.8757], [-89.0165, 31.8754], [-89.0078, 31.8723], [-89.0075, 31.8702], [-88.9994, 31.8731], [-89.0024, 31.8831], [-89.0064, 31.8866], [-89.0048, 31.8889], [-89.0101, 31.8939], [-89.0102, 31.9022], [-89.0183, 31.9118], [-89.0199, 31.928], [-89.0127, 31.934], [-88.9983, 31.934], [-88.9971, 31.9292], [-88.9942, 31.934], [-88.9755, 31.9342], [-88.9567, 31.9391], [-88.9512, 31.933], [-88.9444, 31.9332], [-88.9403, 31.9305], [-88.9322, 31.9348], [-88.9179, 31.9559], [-88.9118, 31.9569], [-88.9105, 31.8266], [-89.0832, 31.8163], [-89.0824, 31.8192], [-89.0855, 31.8226], [-89.0829, 31.8279], [-89.0843, 31.8322], [-89.081, 31.8358], [-89.0851, 31.8379], [-89.0849, 31.8408], [-89.087, 31.8397], [-89.0868, 31.8433], [-89.0946, 31.8449], [-89.0976, 31.8529], [-89.0941, 31.8548]]]}}, {"type": "Feature", "properties": {"fips": "28059041301", "gap_national": 24.7, "gap_stratum": 25.3, "burden": 90.0, "capacity": 63.8, "svi": 0.79, "top_decile_gap": 0.0, "stratum": "metropolitan", "scored": 1}, "geometry": {"type": "Polygon", "coordinates": [[[-88.5598, 30.4538], [-88.5613, 30.4586], [-88.5573, 30.4714], [-88.5626, 30.4774], [-88.5618, 30.4858], [-88.565, 30.4908], [-88.5644, 30.4945], [-88.5579, 30.4993], [-88.5547, 30.4982], [-88.5505, 30.5041], [-88.5502, 30.5182], [-88.5433, 30.5243], [-88.5356, 30.5105], [-88.538, 30.4867], [-88.5311, 30.4482], [-88.5195, 30.419], [-88.537, 30.4163], [-88.5453, 30.4261], [-88.5605, 30.4223], [-88.5584, 30.4419], [-88.568, 30.4444], [-88.5684, 30.4469], [-88.5598, 30.4538]]]}}, {"type": "Feature", "properties": {"fips": "28059040901", "gap_national": -16.4, "gap_stratum": -11.8, "burden": 38.3, "capacity": 53.3, "svi": 0.38, "top_decile_gap": 0.0, "stratum": "metropolitan", "scored": 1}, "geometry": {"type": "Polygon", "coordinates": [[[-88.7348, 30.3455], [-88.7182, 30.3436], [-88.7203, 30.3504], [-88.7438, 30.3734], [-88.7385, 30.3763], [-88.7384, 30.3826], [-88.7239, 30.3812], [-88.7238, 30.3956], [-88.7217, 30.3956], [-88.721, 30.3998], [-88.6888, 30.3933], [-88.6874, 30.3857], [-88.677, 30.3727], [-88.6702, 30.3727], [-88.6727, 30.3691], [-88.6736, 30.3709], [-88.6826, 30.3642], [-88.6773, 30.3655], [-88.6646, 30.3618], [-88.7006, 30.3437], [-88.7289, 30.3427], [-88.7469, 30.3476], [-88.7482, 30.3519], [-88.7348, 30.3455]]]}}, {"type": "Feature", "properties": {"fips": "28127950102", "gap_national": 15.8, "gap_stratum": 18.6, "burden": 82.5, "capacity": 65.3, "svi": 0.61, "top_decile_gap": 0.0, "stratum": "metropolitan", "scored": 1}, "geometry": {"type": "Polygon", "coordinates": [[[-89.839, 31.9605], [-89.8325, 31.9594], [-89.828, 31.9631], [-89.8088, 31.9564], [-89.7983, 31.962], [-89.7619, 31.9684], [-89.7441, 31.9772], [-89.7128, 31.9768], [-89.6672, 32.0037], [-89.6544, 32.0063], [-89.6547, 31.8724], [-89.6695, 31.8671], [-89.6997, 31.8647], [-89.7008, 31.8845], [-89.7073, 31.8805], [-89.7131, 31.8805], [-89.7138, 31.8892], [-89.7196, 31.889], [-89.7207, 31.8926], [-89.7266, 31.8964], [-89.731, 31.895], [-89.7347, 31.8895], [-89.7412, 31.8964], [-89.7465, 31.8966], [-89.7597, 31.9027], [-89.7643, 31.9024], [-89.7654, 31.8947], [-89.8226, 31.9285], [-89.8465, 31.953], [-89.849, 31.9581], [-89.839, 31.9605]]]}}, {"type": "Feature", "properties": {"fips": "28121021005", "gap_national": -1.6, "gap_stratum": 4.9, "burden": 68.2, "capacity": 66.6, "svi": 0.42, "top_decile_gap": 0.0, "stratum": "metropolitan", "scored": 1}, "geometry": {"type": "Polygon", "coordinates": [[[-90.1073, 32.1484], [-90.097, 32.1422], [-90.0889, 32.1415], [-90.0877, 32.1371], [-90.0797, 32.1304], [-90.0675, 32.1321], [-90.0502, 32.1278], [-90.0444, 32.1294], [-90.0341, 32.1244], [-90.0213, 32.1377], [-90.0208, 32.1554], [-90.0098, 32.1786], [-90.0008, 32.1878], [-89.9998, 32.184], [-89.9958, 32.183], [-89.9713, 32.1811], [-89.9484, 32.1963], [-89.9363, 32.1984], [-89.9363, 32.2064], [-89.9141, 32.1827], [-89.9228, 32.1866], [-89.9293, 32.1663], [-89.9292, 32.1609], [-89.9229, 32.1478], [-89.9232, 32.1405], [-89.9135, 32.1274], [-89.9196, 32.1215], [-89.9186, 32.1158], [-89.9214, 32.1083], [-89.9323, 32.1018], [-89.9329, 32.065], [-89.9376, 32.0592], [-89.937, 32.0492], [-89.985, 32.0494], [-90.0322, 32.0852], [-90.0401, 32.0962], [-90.0519, 32.1064], [-90.0991, 32.1416], [-90.1112, 32.1478], [-90.1073, 32.1484]]]}}, {"type": "Feature", "properties": {"fips": "28059040402", "gap_national": -38.2, "gap_stratum": -29.6, "burden": 49.9, "capacity": 78.9, "svi": 0.61, "top_decile_gap": 0.0, "stratum": "metropolitan", "scored": 1}, "geometry": {"type": "Polygon", "coordinates": [[[-88.8429, 30.4434], [-88.8393, 30.4445], [-88.8305, 30.4355], [-88.82, 30.436], [-88.82, 30.439], [-88.7994, 30.4418], [-88.7927, 30.4292], [-88.8005, 30.4303], [-88.8002, 30.4219], [-88.8045, 30.4207], [-88.8037, 30.4193], [-88.8184, 30.4261], [-88.8188, 30.4232], [-88.8218, 30.4241], [-88.8279, 30.4192], [-88.8327, 30.4187], [-88.8535, 30.428], [-88.8429, 30.4434]]]}}, {"type": "Feature", "properties": {"fips": "28059040207", "gap_national": 56.1, "gap_stratum": 54.9, "burden": 90.0, "capacity": 42.3, "svi": 0.6, "top_decile_gap": 1.0, "stratum": "metropolitan", "scored": 1}, "geometry": {"type": "Polygon", "coordinates": [[[-88.8834, 30.4937], [-88.8651, 30.5055], [-88.852, 30.5046], [-88.8456, 30.4883], [-88.8422, 30.4846], [-88.8319, 30.4805], [-88.8435, 30.4576], [-88.8431, 30.4544], [-88.8834, 30.4541], [-88.8834, 30.4937]]]}}, {"type": "Feature", "properties": {"fips": "28149950101", "gap_national": 21.2, "gap_stratum": 19.0, "burden": 97.2, "capacity": 69.8, "svi": 0.78, "top_decile_gap": 0.0, "stratum": "micropolitan", "scored": 1}, "geometry": {"type": "Polygon", "coordinates": [[[-91.1013, 32.5256], [-91.0979, 32.5448], [-91.0937, 32.5491], [-91.0748, 32.5335], [-91.0458, 32.4955], [-91.0241, 32.4852], [-91.0042, 32.4821], [-90.9964, 32.4839], [-90.9907, 32.4877], [-90.9872, 32.4957], [-90.9949, 32.5086], [-91.0071, 32.5164], [-91.0512, 32.5309], [-91.0617, 32.5364], [-91.0754, 32.5467], [-91.0804, 32.5564], [-91.0435, 32.5763], [-90.964, 32.5756], [-90.9634, 32.4112], [-90.9532, 32.4411], [-90.9473, 32.4483], [-90.9398, 32.4521], [-90.9265, 32.4506], [-90.9188, 32.4441], [-90.8947, 32.4486], [-90.8815, 32.4408], [-90.8751, 32.4443], [-90.8709, 32.4516], [-90.8614, 32.4428], [-90.8606, 32.5752], [-90.7681, 32.5748], [-90.7666, 32.5764], [-90.7628, 32.5774], [-90.7605, 32.5772], [-90.7584, 32.5761], [-90.7637, 32.5771], [-90.7726, 32.5713], [-90.7861, 32.571], [-90.7877, 32.5684], [-90.7882, 32.5559], [-90.794, 32.5498], [-90.7888, 32.5337], [-90.7943, 32.5287], [-90.7961, 32.5234], [-90.7923, 32.5216], [-90.7879, 32.5233], [-90.7799, 32.5312], [-90.7656, 32.5361], [-90.7557, 32.5356], [-90.7823, 32.52], [-90.7979, 32.499], [-90.8175, 32.4505], [-90.8232, 32.4281], [-90.8217, 32.4165], [-90.8269, 32.405], [-90.8275, 32.3744], [-90.8296, 32.3738], [-90.8324, 32.3798], [-90.8468, 32.3819], [-90.8493, 32.3853], [-90.855, 32.3841], [-90.8571, 32.3779], [-90.8623, 32.3788], [-90.8674, 32.3729], [-90.8736, 32.3725], [-90.8746, 32.3691], [-90.8783, 32.3745], [-90.8889, 32.3732], [-90.8921, 32.3706], [-90.8978, 32.3544], [-90.9124, 32.3395], [-90.9349, 32.345], [-90.9546, 32.3459], [-90.9867, 32.3518], [-91.0001, 32.3577], [-91.0035, 32.3621], [-91.0045, 32.3681], [-90.9947, 32.3923], [-90.9941, 32.4039], [-90.9745, 32.412], [-90.9663, 32.421], [-90.9669, 32.4355], [-90.9785, 32.447], [-90.999, 32.4502], [-91.0296, 32.4335], [-91.0529, 32.4384], [-91.0818, 32.4504], [-91.0953, 32.4587], [-91.1088, 32.472], [-91.116, 32.4831], [-91.1167, 32.5001], [-91.1013, 32.5256]]]}}, {"type": "Feature", "properties": {"fips": "28037950101", "gap_national": 33.3, "gap_stratum": 44.3, "burden": 97.6, "capacity": 61.6, "svi": 0.76, "top_decile_gap": 0.0, "stratum": "rural", "scored": 1}, "geometry": {"type": "Polygon", "coordinates": [[[-90.9184, 31.4289], [-90.9125, 31.4323], [-90.9168, 31.439], [-90.9118, 31.4425], [-90.9115, 31.4464], [-90.9036, 31.4566], [-90.9089, 31.4641], [-90.9108, 31.4718], [-90.917, 31.4774], [-90.9139, 31.485], [-90.918, 31.4875], [-90.9204, 31.4946], [-90.9157, 31.5063], [-90.9094, 31.5086], [-90.9102, 31.5132], [-90.9172, 31.5194], [-90.9091, 31.5216], [-90.9108, 31.5302], [-90.908, 31.5347], [-90.9089, 31.5399], [-90.9049, 31.5447], [-90.8974, 31.5369], [-90.8897, 31.5377], [-90.8836, 31.5328], [-90.8734, 31.5357], [-90.8711, 31.5324], [-90.8741, 31.5204], [-90.8695, 31.5087], [-90.8646, 31.5052], [-90.8598, 31.5096], [-90.8582, 31.5063], [-90.8511, 31.5041], [-90.8509, 31.5018], [-90.8403, 31.4986], [-90.8371, 31.4961], [-90.8361, 31.4881], [-90.8293, 31.4853], [-90.825, 31.4772], [-90.8076, 31.4901], [-90.8002, 31.4895], [-90.8006, 31.4778], [-90.8117, 31.4733], [-90.8138, 31.4653], [-90.828, 31.4573], [-90.833, 31.4499], [-90.847, 31.4471], [-90.8557, 31.4401], [-90.8709, 31.442], [-90.8726, 31.4312], [-90.8758, 31.4272], [-90.8803, 31.4272], [-90.8912, 31.434], [-90.895, 31.433], [-90.8964, 31.4274], [-90.9071, 31.4213], [-90.9212, 31.424], [-90.9184, 31.4289]]]}}, {"type": "Feature", "properties": {"fips": "28139950402", "gap_national": 43.5, "gap_stratum": 45.8, "burden": 83.7, "capacity": 47.4, "svi": 0.86, "top_decile_gap": 0.0, "stratum": "rural", "scored": 1}, "geometry": {"type": "Polygon", "coordinates": [[[-89.0665, 34.7281], [-89.063, 34.7386], [-89.0563, 34.7336], [-89.0338, 34.7357], [-89.0241, 34.7326], [-89.0095, 34.7317], [-89.0005, 34.7286], [-89.0011, 34.7214], [-89.0055, 34.7199], [-89.0061, 34.7167], [-89.0006, 34.7096], [-89.0003, 34.7036], [-88.9916, 34.7024], [-88.992, 34.6962], [-88.983, 34.7002], [-88.9803, 34.6946], [-88.9712, 34.6948], [-88.9711, 34.686], [-88.9651, 34.6845], [-88.9669, 34.675], [-88.9652, 34.6639], [-88.9702, 34.6604], [-88.9743, 34.6524], [-88.9745, 34.6239], [-88.9764, 34.6123], [-88.9825, 34.5982], [-89.0885, 34.5982], [-89.0885, 34.7258], [-89.0665, 34.7281]]]}}, {"type": "Feature", "properties": {"fips": "28043950201", "gap_national": 17.3, "gap_stratum": 12.7, "burden": 91.8, "capacity": 70.0, "svi": 0.49, "top_decile_gap": 0.0, "stratum": "micropolitan", "scored": 1}, "geometry": {"type": "Polygon", "coordinates": [[[-89.9263, 33.8239], [-89.9261, 33.898], [-89.7693, 33.8971], [-89.7706, 33.8639], [-89.7641, 33.8531], [-89.768, 33.851], [-89.7659, 33.8451], [-89.7692, 33.8397], [-89.7714, 33.8435], [-89.774, 33.8413], [-89.7801, 33.8439], [-89.7732, 33.8291], [-89.7727, 33.824], [-89.7763, 33.8342], [-89.7962, 33.8198], [-89.8015, 33.8055], [-89.8055, 33.8075], [-89.817, 33.7954], [-89.8254, 33.8015], [-89.8307, 33.7972], [-89.8347, 33.7972], [-89.8496, 33.803], [-89.8513, 33.8072], [-89.8664, 33.805], [-89.8671, 33.8087], [-89.8733, 33.8073], [-89.881, 33.8015], [-89.8824, 33.7911], [-89.8872, 33.7882], [-89.8991, 33.7903], [-89.9027, 33.7978], [-89.921, 33.7932], [-89.9253, 33.7952], [-89.9312, 33.789], [-89.9406, 33.7855], [-89.9433, 33.7883], [-89.9466, 33.788], [-89.9516, 33.7954], [-89.956, 33.7971], [-89.9547, 33.7992], [-89.9567, 33.8025], [-89.9619, 33.8019], [-89.9782, 33.8079], [-89.9783, 33.824], [-89.9263, 33.8239]]]}}, {"type": "Feature", "properties": {"fips": "28061950301", "gap_national": 3.8, "gap_stratum": -20.9, "burden": 73.8, "capacity": 67.3, "svi": 0.35, "top_decile_gap": 0.0, "stratum": "rural", "scored": 1}, "geometry": {"type": "Polygon", "coordinates": [[[-89.3176, 31.97], [-89.3136, 31.9617], [-89.3049, 31.9617], [-89.3044, 31.9652], [-89.2954, 31.9653], [-89.2899, 31.9566], [-89.2723, 31.9581], [-89.273, 31.9637], [-89.2771, 31.9687], [-89.2578, 31.969], [-89.2535, 31.965], [-89.2534, 31.9466], [-89.2623, 31.9446], [-89.2541, 31.9265], [-89.2558, 31.9125], [-89.2517, 31.8924], [-89.2583, 31.8762], [-89.2631, 31.8707], [-89.2631, 31.864], [-89.2573, 31.8582], [-89.2567, 31.8514], [-89.2596, 31.8473], [-89.2557, 31.8386], [-89.2613, 31.8323], [-89.2621, 31.8254], [-89.2544, 31.8155], [-89.2524, 31.806], [-89.3166, 31.8021], [-89.3171, 31.8743], [-89.3207, 31.8743], [-89.3211, 31.8851], [-89.3218, 31.9632], [-89.3176, 31.97]]]}}, {"type": "Feature", "properties": {"fips": "28071950505", "gap_national": -30.6, "gap_stratum": -40.2, "burden": 21.3, "capacity": 49.6, "svi": 0.31, "top_decile_gap": 0.0, "stratum": "micropolitan", "scored": 1}, "geometry": {"type": "Polygon", "coordinates": [[[-89.5867, 34.2789], [-89.5894, 34.3072], [-89.5691, 34.3241], [-89.565, 34.3324], [-89.5597, 34.3361], [-89.5619, 34.3431], [-89.5684, 34.3488], [-89.5652, 34.3561], [-89.5668, 34.3593], [-89.5328, 34.3554], [-89.5344, 34.3514], [-89.5415, 34.3496], [-89.5464, 34.3418], [-89.5313, 34.3356], [-89.5197, 34.3376], [-89.5233, 34.3229], [-89.5229, 34.3157], [-89.5198, 34.3107], [-89.5208, 34.2779], [-89.5236, 34.2649], [-89.5305, 34.2655], [-89.5323, 34.2614], [-89.5405, 34.2595], [-89.5424, 34.2564], [-89.5423, 34.2598], [-89.5478, 34.2637], [-89.5659, 34.2542], [-89.5675, 34.2601], [-89.5722, 34.2648], [-89.5943, 34.2609], [-89.5867, 34.2789]]]}}, {"type": "Feature", "properties": {"fips": "28073020102", "gap_national": -2.7, "gap_stratum": 3.7, "burden": 55.3, "capacity": 57.4, "svi": 0.27, "top_decile_gap": 0.0, "stratum": "metropolitan", "scored": 1}, "geometry": {"type": "Polygon", "coordinates": [[[-89.6541, 31.3597], [-89.6415, 31.3607], [-89.6199, 31.3726], [-89.6104, 31.3599], [-89.5855, 31.3716], [-89.5713, 31.3656], [-89.5557, 31.3647], [-89.5498, 31.361], [-89.536, 31.361], [-89.5308, 31.3636], [-89.5209, 31.3612], [-89.5164, 31.3669], [-89.5077, 31.368], [-89.5115, 31.3762], [-89.524, 31.3802], [-89.535, 31.3882], [-89.5419, 31.3986], [-89.5457, 31.4083], [-89.5459, 31.4235], [-89.5399, 31.4339], [-89.4516, 31.434], [-89.4511, 31.3464], [-89.4223, 31.3464], [-89.4189, 31.3379], [-89.4193, 31.3345], [-89.4385, 31.3316], [-89.4455, 31.3349], [-89.454, 31.3487], [-89.4632, 31.3494], [-89.475, 31.3388], [-89.479, 31.3275], [-89.472, 31.3129], [-89.4929, 31.3056], [-89.5188, 31.3022], [-89.5527, 31.2937], [-89.6037, 31.2886], [-89.6336, 31.288], [-89.6538, 31.2831], [-89.6541, 31.3597]]]}}, {"type": "Feature", "properties": {"fips": "28085950302", "gap_national": 42.0, "gap_stratum": 32.0, "burden": 76.9, "capacity": 43.5, "svi": 0.46, "top_decile_gap": 0.0, "stratum": "micropolitan", "scored": 1}, "geometry": {"type": "Polygon", "coordinates": [[[-90.4424, 31.4631], [-90.448, 31.4905], [-90.4467, 31.4937], [-90.4425, 31.4943], [-90.4379, 31.4994], [-90.4125, 31.488], [-90.4044, 31.4878], [-90.3978, 31.4833], [-90.3924, 31.4853], [-90.3893, 31.4818], [-90.3786, 31.4823], [-90.3693, 31.4788], [-90.3466, 31.4822], [-90.3311, 31.4734], [-90.328, 31.4679], [-90.3248, 31.4702], [-90.323, 31.4776], [-90.3107, 31.4777], [-90.3033, 31.4817], [-90.3029, 31.4887], [-90.2833, 31.484], [-90.2769, 31.4864], [-90.2628, 31.4855], [-90.2445, 31.4879], [-90.2426, 31.4734], [-90.2445, 31.4682], [-90.2439, 31.3503], [-90.4547, 31.3495], [-90.4628, 31.3832], [-90.4424, 31.4631]]]}}, {"type": "Feature", "properties": {"fips": "28039950304", "gap_national": 28.1, "gap_stratum": 31.5, "burden": 73.4, "capacity": 50.8, "svi": 0.56, "top_decile_gap": 0.0, "stratum": "metropolitan", "scored": 1}, "geometry": {"type": "Polygon", "coordinates": [[[-88.881, 30.8366], [-88.8802, 30.8399], [-88.8771, 30.8394], [-88.8726, 30.8315], [-88.8657, 30.832], [-88.8679, 30.8282], [-88.8569, 30.8254], [-88.8448, 30.8344], [-88.8411, 30.8325], [-88.8404, 30.8285], [-88.8335, 30.8319], [-88.8275, 30.8288], [-88.8304, 30.8258], [-88.8274, 30.8266], [-88.8238, 30.8236], [-88.8228, 30.8272], [-88.8194, 30.8259], [-88.8175, 30.8285], [-88.8102, 30.8237], [-88.8035, 30.8296], [-88.8007, 30.8291], [-88.7987, 30.8271], [-88.8018, 30.8259], [-88.7936, 30.8224], [-88.7915, 30.8168], [-88.7848, 30.8129], [-88.7852, 30.8084], [-88.7876, 30.8078], [-88.7841, 30.8062], [-88.7846, 30.8039], [-88.7758, 30.8041], [-88.7729, 30.7989], [-88.7756, 30.7975], [-88.7755, 30.7907], [-88.773, 30.7909], [-88.7724, 30.7869], [-88.7656, 30.7852], [-88.7616, 30.7882], [-88.7443, 30.8156], [-88.7467, 30.8206], [-88.7408, 30.8207], [-88.7318, 30.8352], [-88.7184, 30.8377], [-88.7079, 30.8508], [-88.6986, 30.8551], [-88.686, 30.8402], [-88.6816, 30.8468], [-88.678, 30.8482], [-88.67, 30.8442], [-88.6617, 30.8447], [-88.6557, 30.8422], [-88.6521, 30.8423], [-88.6512, 30.8446], [-88.598, 30.8429], [-88.5979, 30.8386], [-88.594, 30.8388], [-88.592, 30.833], [-88.5854, 30.8289], [-88.5766, 30.808], [-88.5784, 30.806], [-88.5768, 30.8014], [-88.5728, 30.7961], [-88.5768, 30.7788], [-88.581, 30.7747], [-88.5784, 30.7647], [-88.5746, 30.7626], [-88.5713, 30.7397], [-88.5728, 30.7349], [-88.8845, 30.7356], [-88.8847, 30.8405], [-88.881, 30.8366]]]}}, {"type": "Feature", "properties": {"fips": "28035010602", "gap_national": -26.0, "gap_stratum": -17.4, "burden": 55.8, "capacity": 74.0, "svi": 0.34, "top_decile_gap": 0.0, "stratum": "metropolitan", "scored": 1}, "geometry": {"type": "Polygon", "coordinates": [[[-89.3362, 31.0976], [-89.3262, 31.1023], [-89.3086, 31.1051], [-89.2934, 31.1023], [-89.2885, 31.1048], [-89.2829, 31.1039], [-89.2831, 31.1015], [-89.2746, 31.0955], [-89.2737, 31.0913], [-89.2672, 31.0855], [-89.2665, 31.0804], [-89.2634, 31.0813], [-89.2586, 31.0742], [-89.2442, 31.0666], [-89.2434, 31.0621], [-89.2398, 31.064], [-89.2322, 31.058], [-89.2229, 31.0562], [-89.2198, 31.0577], [-89.2155, 31.0534], [-89.2045, 31.052], [-89.2168, 31.1041], [-89.2761, 31.2447], [-89.2366, 31.2459], [-89.1955, 31.2315], [-89.1911, 31.2367], [-89.1847, 31.2378], [-89.1819, 31.2353], [-89.182, 31.2289], [-89.1766, 31.2296], [-89.1718, 31.2269], [-89.167, 31.2179], [-89.1627, 31.2178], [-89.1562, 31.2231], [-89.1456, 31.2243], [-89.1462, 31.0004], [-89.1384, 31.0004], [-89.138, 30.9099], [-89.3408, 30.9099], [-89.3407, 31.001], [-89.349, 31.001], [-89.3489, 31.098], [-89.3362, 31.0976]]]}}, {"type": "Feature", "properties": {"fips": "28107950502", "gap_national": 23.1, "gap_stratum": 13.8, "burden": 87.6, "capacity": 63.6, "svi": 0.44, "top_decile_gap": 0.0, "stratum": "small_town", "scored": 1}, "geometry": {"type": "Polygon", "coordinates": [[[-90.0721, 34.1782], [-90.0525, 34.2002], [-90.0284, 34.2078], [-90.0197, 34.2294], [-90.0081, 34.2426], [-89.9934, 34.2526], [-89.9802, 34.2677], [-89.9636, 34.2735], [-89.9632, 34.3001], [-89.9602, 34.3092], [-89.9443, 34.3114], [-89.9459, 34.2979], [-89.9332, 34.2933], [-89.9235, 34.28], [-89.9278, 34.2474], [-89.9257, 34.1808], [-89.9208, 34.1643], [-89.9661, 34.1644], [-89.9586, 34.1596], [-90.0764, 34.1599], [-90.0721, 34.1782]]]}}, {"type": "Feature", "properties": {"fips": "28033070631", "gap_national": -55.7, "gap_stratum": -48.6, "burden": 36.5, "capacity": 81.0, "svi": 0.06, "top_decile_gap": 0.0, "stratum": "metropolitan", "scored": 1}, "geometry": {"type": "Polygon", "coordinates": [[[-89.9367, 34.9624], [-89.9014, 34.9626], [-89.9014, 34.9331], [-89.9368, 34.9333], [-89.9367, 34.9624]]]}}, {"type": "Feature", "properties": {"fips": "28033070635", "gap_national": -57.4, "gap_stratum": -52.1, "burden": 28.6, "capacity": 73.9, "svi": 0.17, "top_decile_gap": 0.0, "stratum": "metropolitan", "scored": 1}, "geometry": {"type": "Polygon", "coordinates": [[[-89.9368, 34.9333], [-89.9368, 34.9032], [-89.9913, 34.9044], [-89.9946, 34.9336], [-89.9368, 34.9333]]]}}, {"type": "Feature", "properties": {"fips": "28033071001", "gap_national": -38.1, "gap_stratum": -29.5, "burden": 49.4, "capacity": 78.3, "svi": 0.37, "top_decile_gap": 0.0, "stratum": "metropolitan", "scored": 1}, "geometry": {"type": "Polygon", "coordinates": [[[-89.9913, 34.8833], [-89.9368, 34.8833], [-89.9366, 34.8141], [-89.9442, 34.8166], [-89.972, 34.8171], [-89.9721, 34.8238], [-89.9763, 34.8239], [-89.9905, 34.8585], [-89.9913, 34.8833]]]}}, {"type": "Feature", "properties": {"fips": "28033071124", "gap_national": 26.4, "gap_stratum": 31.7, "burden": 60.9, "capacity": 41.4, "svi": 0.92, "top_decile_gap": 0.0, "stratum": "metropolitan", "scored": 1}, "geometry": {"type": "Polygon", "coordinates": [[[-90.0071, 34.8234], [-89.9763, 34.8239], [-89.9697, 34.8076], [-89.9634, 34.7508], [-89.9904, 34.7544], [-89.9902, 34.8085], [-89.9937, 34.8159], [-90.0181, 34.8162], [-90.0181, 34.8264], [-90.0071, 34.8234]]]}}, {"type": "Feature", "properties": {"fips": "28121020212", "gap_national": -46.1, "gap_stratum": -39.1, "burden": 37.3, "capacity": 73.0, "svi": 0.02, "top_decile_gap": 0.0, "stratum": "metropolitan", "scored": 1}, "geometry": {"type": "Polygon", "coordinates": [[[-90.0269, 32.3618], [-90.0164, 32.364], [-90.0173, 32.3726], [-90.0122, 32.3725], [-89.998, 32.3798], [-89.9868, 32.3805], [-89.9778, 32.3783], [-89.9667, 32.3804], [-89.9658, 32.3788], [-89.9944, 32.3619], [-90.0302, 32.3517], [-90.0322, 32.3561], [-90.0269, 32.3618]]]}}, {"type": "Feature", "properties": {"fips": "28075010304", "gap_national": -36.0, "gap_stratum": -69.3, "burden": 51.1, "capacity": 78.1, "svi": 0.23, "top_decile_gap": 0.0, "stratum": "micropolitan", "scored": 1}, "geometry": {"type": "Polygon", "coordinates": [[[-88.9145, 32.577], [-88.8245, 32.5768], [-88.8255, 32.5571], [-88.8215, 32.5542], [-88.8212, 32.5482], [-88.8172, 32.5463], [-88.8174, 32.5308], [-88.8213, 32.5296], [-88.8217, 32.5142], [-88.8131, 32.5005], [-88.8441, 32.5005], [-88.85, 32.4881], [-88.8652, 32.4775], [-88.8779, 32.4864], [-88.8835, 32.4986], [-88.8883, 32.5016], [-88.9012, 32.504], [-88.9154, 32.5003], [-88.9145, 32.577]]]}}, {"type": "Feature", "properties": {"fips": "28015950202", "gap_national": -20.5, "gap_stratum": -46.0, "burden": 67.7, "capacity": 82.3, "svi": 0.42, "top_decile_gap": 0.0, "stratum": "micropolitan", "scored": 1}, "geometry": {"type": "Polygon", "coordinates": [[[-90.1748, 33.417], [-90.1378, 33.4165], [-90.1375, 33.4591], [-90.1014, 33.4589], [-90.1016, 33.4871], [-90.0952, 33.5035], [-90.0897, 33.5046], [-90.0872, 33.5077], [-90.0682, 33.5026], [-90.0624, 33.4951], [-90.0576, 33.4952], [-90.0531, 33.4889], [-90.0476, 33.491], [-90.0449, 33.4835], [-90.0421, 33.4833], [-90.0421, 33.4872], [-90.0399, 33.4869], [-90.0348, 33.4775], [-90.0276, 33.4785], [-90.0193, 33.4751], [-90.0138, 33.4805], [-90.0092, 33.4781], [-90.01, 33.4724], [-90.0024, 33.4754], [-89.9966, 33.4714], [-89.9953, 33.4672], [-89.9889, 33.4702], [-89.9833, 33.4683], [-89.9719, 33.4694], [-89.9678, 33.4638], [-89.9618, 33.4667], [-89.9559, 33.4619], [-89.961, 33.4584], [-89.9621, 33.4441], [-89.9828, 33.4428], [-89.9835, 33.4297], [-89.9866, 33.4257], [-89.991, 33.4292], [-90.002, 33.4317], [-90.0061, 33.4317], [-90.0113, 33.4261], [-90.0169, 33.4281], [-90.0241, 33.4271], [-90.024, 33.407], [-90.0353, 33.3967], [-90.0397, 33.3856], [-90.0311, 33.3647], [-90.0377, 33.366], [-90.0425, 33.3467], [-90.0461, 33.3434], [-90.0416, 33.3383], [-90.0222, 33.3315], [-90.0157, 33.326], [-90.0106, 33.326], [-90.0175, 33.2994], [-90.0167, 33.2888], [-90.1746, 33.3334], [-90.1748, 33.417]]]}}, {"type": "Feature", "properties": {"fips": "28089030203", "gap_national": -55.5, "gap_stratum": -49.3, "burden": 32.2, "capacity": 76.0, "svi": 0.17, "top_decile_gap": 0.0, "stratum": "metropolitan", "scored": 1}, "geometry": {"type": "Polygon", "coordinates": [[[-90.1306, 32.4764], [-90.1303, 32.4849], [-90.1261, 32.4917], [-90.1171, 32.4884], [-90.1076, 32.497], [-90.0989, 32.4858], [-90.1176, 32.4494], [-90.13, 32.4578], [-90.1422, 32.4579], [-90.1306, 32.4764]]]}}, {"type": "Feature", "properties": {"fips": "28003950300", "gap_national": 27.8, "gap_stratum": 25.4, "burden": 93.1, "capacity": 63.3, "svi": 0.74, "top_decile_gap": 0.0, "stratum": "micropolitan", "scored": 1}, "geometry": {"type": "Polygon", "coordinates": [[[-88.5285, 34.9959], [-88.5267, 34.9567], [-88.5146, 34.9426], [-88.5145, 34.933], [-88.5331, 34.9383], [-88.5451, 34.9382], [-88.5474, 34.9309], [-88.5638, 34.9309], [-88.5633, 34.9287], [-88.5586, 34.9282], [-88.5609, 34.9265], [-88.5761, 34.9271], [-88.5707, 34.9309], [-88.5809, 34.931], [-88.5751, 34.942], [-88.5782, 34.9456], [-88.584, 34.9455], [-88.5861, 34.9819], [-88.5895, 34.9868], [-88.5994, 34.9892], [-88.5992, 34.9929], [-88.6059, 34.9957], [-88.5285, 34.9959]]]}}, {"type": "Feature", "properties": {"fips": "28121020401", "gap_national": 10.6, "gap_stratum": 16.3, "burden": 59.0, "capacity": 51.2, "svi": 0.67, "top_decile_gap": 0.0, "stratum": "metropolitan", "scored": 1}, "geometry": {"type": "Polygon", "coordinates": [[[-90.2363, 32.178], [-90.2344, 32.1731], [-90.2263, 32.1789], [-90.2126, 32.18], [-90.2047, 32.1915], [-90.2033, 32.187], [-90.1978, 32.1879], [-90.1959, 32.1851], [-90.1966, 32.1956], [-90.1933, 32.1988], [-90.189, 32.1944], [-90.1822, 32.2012], [-90.1898, 32.2029], [-90.1906, 32.2056], [-90.1883, 32.2075], [-90.191, 32.2097], [-90.1856, 32.218], [-90.1909, 32.2228], [-90.1905, 32.2267], [-90.1964, 32.2253], [-90.209, 32.2359], [-90.2044, 32.2346], [-90.2027, 32.2367], [-90.204, 32.2406], [-90.1993, 32.2409], [-90.1996, 32.2441], [-90.2053, 32.2459], [-90.2053, 32.2519], [-90.2026, 32.2553], [-90.1973, 32.2568], [-90.194, 32.2621], [-90.1843, 32.2619], [-90.1836, 32.2655], [-90.1875, 32.2664], [-90.1868, 32.2726], [-90.1797, 32.2762], [-90.1789, 32.2816], [-90.1672, 32.2796], [-90.173, 32.2615], [-90.1719, 32.2506], [-90.1385, 32.1881], [-90.1428, 32.1902], [-90.1505, 32.2043], [-90.1651, 32.2007], [-90.1719, 32.1944], [-90.1723, 32.1726], [-90.1779, 32.1665], [-90.1872, 32.1641], [-90.2066, 32.1663], [-90.2083, 32.1629], [-90.2323, 32.171], [-90.2435, 32.1767], [-90.2363, 32.178]]]}}, {"type": "Feature", "properties": {"fips": "28121021003", "gap_national": 9.7, "gap_stratum": 14.0, "burden": 77.1, "capacity": 65.7, "svi": 0.48, "top_decile_gap": 0.0, "stratum": "metropolitan", "scored": 1}, "geometry": {"type": "Polygon", "coordinates": [[[-90.2419, 32.1551], [-90.2454, 32.1714], [-90.2435, 32.1767], [-90.2282, 32.1695], [-90.2155, 32.1664], [-90.2083, 32.1629], [-90.2065, 32.1483], [-90.1954, 32.1484], [-90.1878, 32.1525], [-90.18, 32.1481], [-90.1808, 32.1409], [-90.1765, 32.1307], [-90.1703, 32.1297], [-90.1637, 32.1253], [-90.1671, 32.1112], [-90.1614, 32.1108], [-90.1576, 32.1145], [-90.1593, 32.1152], [-90.1567, 32.1227], [-90.1508, 32.1213], [-90.1452, 32.1277], [-90.1436, 32.1261], [-90.1393, 32.1284], [-90.1255, 32.1403], [-90.1201, 32.147], [-90.1212, 32.1522], [-90.0991, 32.1416], [-90.0519, 32.1064], [-90.0401, 32.0962], [-90.0322, 32.0852], [-89.985, 32.0494], [-90.2303, 32.0497], [-90.232, 32.0538], [-90.2307, 32.0591], [-90.2363, 32.0647], [-90.235, 32.0688], [-90.2289, 32.069], [-90.2267, 32.0798], [-90.2303, 32.0811], [-90.2358, 32.0904], [-90.2268, 32.0943], [-90.2385, 32.0943], [-90.2411, 32.0916], [-90.247, 32.0941], [-90.2466, 32.1003], [-90.2424, 32.1003], [-90.2414, 32.097], [-90.2367, 32.1002], [-90.2469, 32.1041], [-90.2512, 32.1124], [-90.2428, 32.1143], [-90.2483, 32.1183], [-90.2429, 32.1199], [-90.2411, 32.1252], [-90.2475, 32.1352], [-90.2433, 32.1458], [-90.2436, 32.1512], [-90.2495, 32.1487], [-90.2548, 32.1512], [-90.2419, 32.1551]]]}}, {"type": "Feature", "properties": {"fips": "28059041500", "gap_national": 6.6, "gap_stratum": 8.1, "burden": 91.9, "capacity": 79.1, "svi": 0.68, "top_decile_gap": 0.0, "stratum": "metropolitan", "scored": 1}, "geometry": {"type": "Polygon", "coordinates": [[[-88.5453, 30.4261], [-88.537, 30.4163], [-88.5246, 30.4171], [-88.5172, 30.421], [-88.5157, 30.4171], [-88.5165, 30.4118], [-88.5192, 30.41], [-88.5191, 30.4024], [-88.5352, 30.401], [-88.544, 30.4033], [-88.5459, 30.4065], [-88.5438, 30.4083], [-88.5433, 30.4181], [-88.5504, 30.4239], [-88.5453, 30.4261]]]}}, {"type": "Feature", "properties": {"fips": "28163950500", "gap_national": 46.9, "gap_stratum": 50.6, "burden": 99.2, "capacity": 53.2, "svi": 0.97, "top_decile_gap": 0.0, "stratum": "micropolitan", "scored": 1}, "geometry": {"type": "Polygon", "coordinates": [[[-90.4426, 32.8327], [-90.4435, 32.8541], [-90.4364, 32.8577], [-90.4262, 32.8526], [-90.4262, 32.8543], [-90.4171, 32.8543], [-90.4154, 32.8618], [-90.4112, 32.8618], [-90.4109, 32.8584], [-90.405, 32.8559], [-90.4081, 32.845], [-90.3949, 32.8408], [-90.3981, 32.8407], [-90.3996, 32.8373], [-90.403, 32.8383], [-90.413, 32.8335], [-90.4192, 32.8366], [-90.4289, 32.8333], [-90.4301, 32.8357], [-90.4491, 32.8158], [-90.4527, 32.8206], [-90.45, 32.823], [-90.4536, 32.824], [-90.4426, 32.8327]]]}}, {"type": "Feature", "properties": {"fips": "28069030100", "gap_national": 45.8, "gap_stratum": 46.6, "burden": 90.8, "capacity": 50.3, "svi": 0.98, "top_decile_gap": 0.0, "stratum": "micropolitan", "scored": 1}, "geometry": {"type": "Polygon", "coordinates": [[[-88.6832, 32.7766], [-88.6825, 32.7797], [-88.6887, 32.796], [-88.6776, 32.8001], [-88.6654, 32.7921], [-88.6671, 32.803], [-88.673, 32.8098], [-88.6731, 32.8171], [-88.6553, 32.8419], [-88.6561, 32.8662], [-88.6645, 32.9032], [-88.6587, 32.9105], [-88.6577, 32.9199], [-88.6482, 32.9269], [-88.3479, 32.9291], [-88.3889, 32.5781], [-88.6785, 32.5775], [-88.6777, 32.5952], [-88.6845, 32.6149], [-88.6824, 32.6272], [-88.6776, 32.6371], [-88.6812, 32.6587], [-88.6745, 32.6653], [-88.674, 32.6995], [-88.6645, 32.719], [-88.6624, 32.7368], [-88.6554, 32.7535], [-88.6747, 32.7596], [-88.6907, 32.773], [-88.691, 32.7762], [-88.6832, 32.7766]]]}}, {"type": "Feature", "properties": {"fips": "28067950700", "gap_national": 23.9, "gap_stratum": 21.5, "burden": 94.3, "capacity": 66.6, "svi": 0.91, "top_decile_gap": 0.0, "stratum": "micropolitan", "scored": 1}, "geometry": {"type": "Polygon", "coordinates": [[[-89.1262, 31.6956], [-89.1174, 31.6977], [-89.1173, 31.7034], [-89.1124, 31.7105], [-89.1158, 31.7126], [-89.1128, 31.7219], [-89.1049, 31.7216], [-89.0973, 31.7244], [-89.0854, 31.7345], [-89.0831, 31.7312], [-89.0848, 31.7246], [-89.0905, 31.7184], [-89.093, 31.7079], [-89.0897, 31.6988], [-89.0941, 31.6933], [-89.0902, 31.6932], [-89.0817, 31.6749], [-89.0771, 31.671], [-89.0802, 31.6601], [-89.0853, 31.6603], [-89.098, 31.653], [-89.106, 31.653], [-89.1086, 31.6601], [-89.1165, 31.6552], [-89.1213, 31.6559], [-89.131, 31.6447], [-89.1413, 31.6586], [-89.1402, 31.6734], [-89.1436, 31.6735], [-89.1262, 31.6956]]]}}, {"type": "Feature", "properties": {"fips": "28049010203", "gap_national": 12.8, "gap_stratum": 13.7, "burden": 93.9, "capacity": 74.8, "svi": 0.9, "top_decile_gap": 0.0, "stratum": "metropolitan", "scored": 1}, "geometry": {"type": "Polygon", "coordinates": [[[-90.2525, 32.4002], [-90.1766, 32.4002], [-90.2012, 32.3832], [-90.2011, 32.3705], [-90.1928, 32.3706], [-90.1927, 32.3559], [-90.2221, 32.356], [-90.2227, 32.3475], [-90.2588, 32.3808], [-90.2525, 32.4002]]]}}, {"type": "Feature", "properties": {"fips": "28049001100", "gap_national": 30.9, "gap_stratum": 30.1, "burden": 99.7, "capacity": 63.9, "svi": 0.92, "top_decile_gap": 0.0, "stratum": "metropolitan", "scored": 1}, "geometry": {"type": "Polygon", "coordinates": [[[-90.1977, 32.3407], [-90.1872, 32.329], [-90.1906, 32.3122], [-90.1943, 32.3122], [-90.1942, 32.3268], [-90.2055, 32.3324], [-90.206, 32.3414], [-90.1977, 32.3407]]]}}, {"type": "Feature", "properties": {"fips": "28087000405", "gap_national": 13.8, "gap_stratum": 1.1, "burden": 80.0, "capacity": 65.0, "svi": 0.77, "top_decile_gap": 0.0, "stratum": "micropolitan", "scored": 1}, "geometry": {"type": "Polygon", "coordinates": [[[-88.3861, 33.5266], [-88.3882, 33.528], [-88.3864, 33.5332], [-88.3909, 33.5358], [-88.3853, 33.5396], [-88.3822, 33.5377], [-88.3799, 33.5438], [-88.3662, 33.5471], [-88.3641, 33.5521], [-88.358, 33.554], [-88.357, 33.5597], [-88.3516, 33.5596], [-88.3493, 33.5663], [-88.3421, 33.5687], [-88.3391, 33.5679], [-88.3403, 33.5655], [-88.3382, 33.5642], [-88.3256, 33.5649], [-88.3189, 33.5711], [-88.3148, 33.5717], [-88.3132, 33.578], [-88.3083, 33.5797], [-88.3072, 33.5826], [-88.2961, 33.5843], [-88.2907, 33.5903], [-88.2917, 33.5918], [-88.2879, 33.5907], [-88.2893, 33.592], [-88.2859, 33.5937], [-88.2872, 33.5957], [-88.2856, 33.5944], [-88.2815, 33.5994], [-88.2803, 33.598], [-88.2717, 33.6074], [-88.2724, 33.615], [-88.2676, 33.6179], [-88.2667, 33.6223], [-88.2681, 33.6242], [-88.2664, 33.6263], [-88.2683, 33.6261], [-88.2624, 33.6324], [-88.2801, 33.4902], [-88.3631, 33.4932], [-88.3637, 33.5195], [-88.3953, 33.5136], [-88.3861, 33.5266]]]}}, {"type": "Feature", "properties": {"fips": "28113950104", "gap_national": 22.0, "gap_stratum": 16.0, "burden": 87.5, "capacity": 64.2, "svi": 0.58, "top_decile_gap": 0.0, "stratum": "micropolitan", "scored": 1}, "geometry": {"type": "Polygon", "coordinates": [[[-90.3965, 31.2959], [-90.3742, 31.3168], [-90.3461, 31.3259], [-90.3344, 31.3265], [-90.3488, 31.3387], [-90.3496, 31.3457], [-90.3533, 31.3501], [-90.2604, 31.3503], [-90.2605, 31.1683], [-90.2728, 31.1743], [-90.3114, 31.1757], [-90.331, 31.1832], [-90.3462, 31.1832], [-90.3489, 31.1847], [-90.3511, 31.1918], [-90.3672, 31.2005], [-90.3667, 31.2035], [-90.3857, 31.2099], [-90.3823, 31.2179], [-90.3756, 31.2243], [-90.3745, 31.2324], [-90.3709, 31.2353], [-90.3789, 31.2564], [-90.3755, 31.2645], [-90.3715, 31.2647], [-90.3716, 31.267], [-90.3687, 31.2682], [-90.3791, 31.2763], [-90.3918, 31.2778], [-90.3948, 31.284], [-90.4038, 31.2921], [-90.3965, 31.2959]]]}}, {"type": "Feature", "properties": {"fips": "28041950202", "gap_national": 20.4, "gap_stratum": 13.6, "burden": 83.4, "capacity": 62.7, "svi": 0.89, "top_decile_gap": 0.0, "stratum": "rural", "scored": 1}, "geometry": {"type": "Polygon", "coordinates": [[[-88.8397, 31.1949], [-88.8207, 31.19], [-88.8206, 31.1814], [-88.8177, 31.1748], [-88.8104, 31.17], [-88.8073, 31.169], [-88.8057, 31.1725], [-88.7905, 31.1675], [-88.7698, 31.1682], [-88.7548, 31.1647], [-88.7512, 31.1685], [-88.7467, 31.1688], [-88.7274, 31.1647], [-88.7001, 31.1736], [-88.6788, 31.1694], [-88.6683, 31.1758], [-88.6468, 31.1717], [-88.6405, 31.1681], [-88.6261, 31.167], [-88.6168, 31.1709], [-88.6079, 31.1701], [-88.5978, 31.1746], [-88.5949, 31.1713], [-88.5814, 31.1701], [-88.5611, 31.1575], [-88.5588, 31.1625], [-88.549, 31.1624], [-88.5446, 31.1556], [-88.5477, 31.1503], [-88.5361, 31.1454], [-88.538, 31.1393], [-88.5359, 31.1363], [-88.5417, 31.1192], [-88.5464, 31.1195], [-88.5476, 31.1143], [-88.5542, 31.1104], [-88.5633, 31.1164], [-88.5645, 31.1129], [-88.5777, 31.1007], [-88.5816, 31.0933], [-88.592, 31.0881], [-88.6126, 31.0878], [-88.6169, 31.0844], [-88.6308, 31.0846], [-88.6331, 31.0749], [-88.6389, 31.0716], [-88.6473, 31.0739], [-88.6498, 31.0712], [-88.6539, 31.0773], [-88.6617, 31.0805], [-88.6707, 31.0807], [-88.6779, 31.0855], [-88.6793, 31.0918], [-88.6866, 31.0933], [-88.6955, 31.1008], [-88.7057, 31.1038], [-88.7241, 31.0951], [-88.7278, 31.082], [-88.7379, 31.0793], [-88.7485, 31.0775], [-88.7779, 31.1042], [-88.7817, 31.1031], [-88.7835, 31.094], [-88.7855, 31.0955], [-88.7869, 31.0938], [-88.7856, 31.0883], [-88.7924, 31.0869], [-88.795, 31.0823], [-88.7973, 31.0826], [-88.7971, 31.0868], [-88.7993, 31.0872], [-88.8017, 31.0844], [-88.808, 31.085], [-88.8117, 31.0826], [-88.8215, 31.0831], [-88.8255, 31.0864], [-88.841, 31.0772], [-88.8397, 31.1949]]]}}, {"type": "Feature", "properties": {"fips": "28143950101", "gap_national": 16.3, "gap_stratum": 17.6, "burden": 89.9, "capacity": 69.6, "svi": 0.51, "top_decile_gap": 0.0, "stratum": "metropolitan", "scored": 1}, "geometry": {"type": "Polygon", "coordinates": [[[-90.5832, 34.652], [-90.5684, 34.6689], [-90.5701, 34.6934], [-90.5562, 34.6936], [-90.5457, 34.6884], [-90.5415, 34.6831], [-90.54, 34.6768], [-90.5526, 34.6597], [-90.5551, 34.6462], [-90.5518, 34.6365], [-90.5416, 34.6286], [-90.5245, 34.6285], [-90.5081, 34.6367], [-90.4688, 34.67], [-90.4637, 34.6815], [-90.4539, 34.6815], [-90.4468, 34.6736], [-90.4456, 34.6538], [-90.4504, 34.6409], [-90.4378, 34.6408], [-90.4246, 34.6465], [-90.411, 34.6476], [-90.392, 34.6407], [-90.3583, 34.6409], [-90.3584, 34.6848], [-90.3406, 34.6849], [-90.3411, 34.7082], [-90.3585, 34.7037], [-90.3606, 34.7207], [-90.3672, 34.7251], [-90.3544, 34.7464], [-90.3409, 34.7762], [-90.3202, 34.7762], [-90.3066, 34.7727], [-90.2024, 34.7721], [-90.2011, 34.7209], [-90.2064, 34.7226], [-90.2053, 34.7245], [-90.2135, 34.7225], [-90.2223, 34.7158], [-90.2206, 34.7119], [-90.2251, 34.7115], [-90.2292, 34.7052], [-90.2251, 34.7024], [-90.2314, 34.702], [-90.2311, 34.6981], [-90.2202, 34.6894], [-90.2218, 34.6862], [-90.2202, 34.6843], [-90.2258, 34.6748], [-90.2185, 34.6644], [-90.2201, 34.6618], [-90.2233, 34.664], [-90.2252, 34.6616], [-90.2151, 34.6604], [-90.2153, 34.6559], [-90.2175, 34.6555], [-90.2154, 34.6534], [-90.2163, 34.6469], [-90.2244, 34.6414], [-90.2303, 34.6307], [-90.24, 34.6262], [-90.2384, 34.6212], [-90.2411, 34.6149], [-90.2365, 34.6111], [-90.2366, 34.6076], [-90.2439, 34.6022], [-90.2439, 34.5996], [-90.2414, 34.5991], [-90.2363, 34.605], [-90.2345, 34.5984], [-90.2381, 34.5976], [-90.2399, 34.5932], [-90.236, 34.5929], [-90.2342, 34.5951], [-90.2313, 34.5919], [-90.2317, 34.5882], [-90.2215, 34.5825], [-90.2207, 34.5791], [-90.2244, 34.5764], [-90.2111, 34.5731], [-90.2107, 34.564], [-90.2171, 34.5627], [-90.2183, 34.5595], [-90.2041, 34.5592], [-90.2049, 34.5544], [-90.1986, 34.5544], [-90.1985, 34.5111], [-90.3043, 34.5096], [-90.3019, 34.4245], [-90.3995, 34.4238], [-90.5678, 34.524], [-90.5529, 34.5313], [-90.5425, 34.5401], [-90.5405, 34.5579], [-90.5494, 34.5693], [-90.5738, 34.5921], [-90.5872, 34.6109], [-90.5918, 34.6238], [-90.5832, 34.652]]]}}, {"type": "Feature", "properties": {"fips": "28049011204", "gap_national": 3.1, "gap_stratum": 6.0, "burden": 86.4, "capacity": 78.1, "svi": 0.59, "top_decile_gap": 0.0, "stratum": "metropolitan", "scored": 1}, "geometry": {"type": "Polygon", "coordinates": [[[-90.3692, 32.1203], [-90.3714, 32.127], [-90.3703, 32.1373], [-90.3478, 32.1373], [-90.3353, 32.1445], [-90.3001, 32.1468], [-90.3004, 32.1441], [-90.2918, 32.1539], [-90.2886, 32.1667], [-90.2706, 32.1763], [-90.2704, 32.1711], [-90.2728, 32.1691], [-90.2668, 32.1593], [-90.2689, 32.1588], [-90.261, 32.1541], [-90.2484, 32.156], [-90.2484, 32.1537], [-90.2548, 32.1512], [-90.2495, 32.1487], [-90.2436, 32.1512], [-90.2428, 32.1489], [-90.2475, 32.1352], [-90.2417, 32.1273], [-90.241, 32.1217], [-90.2483, 32.1183], [-90.2438, 32.1134], [-90.2512, 32.1124], [-90.2469, 32.1041], [-90.2367, 32.1002], [-90.2414, 32.097], [-90.2424, 32.1003], [-90.2466, 32.1003], [-90.2455, 32.0923], [-90.2268, 32.0943], [-90.2358, 32.0904], [-90.2303, 32.0811], [-90.2267, 32.0798], [-90.2289, 32.069], [-90.235, 32.0688], [-90.2363, 32.0647], [-90.2307, 32.0591], [-90.232, 32.0538], [-90.2303, 32.0497], [-90.3387, 32.0497], [-90.3199, 32.0678], [-90.3068, 32.0934], [-90.3718, 32.0934], [-90.3738, 32.0989], [-90.3692, 32.1203]]]}}, {"type": "Feature", "properties": {"fips": "28049011105", "gap_national": -35.6, "gap_stratum": -27.1, "burden": 57.3, "capacity": 85.7, "svi": 0.23, "top_decile_gap": 0.0, "stratum": "metropolitan", "scored": 1}, "geometry": {"type": "Polygon", "coordinates": [[[-90.237, 32.2401], [-90.2332, 32.2375], [-90.252, 32.1955], [-90.2609, 32.2075], [-90.2708, 32.2123], [-90.2793, 32.2217], [-90.2794, 32.2396], [-90.237, 32.2401]]]}}, {"type": "Feature", "properties": {"fips": "28093950401", "gap_national": 10.4, "gap_stratum": -1.5, "burden": 90.5, "capacity": 74.7, "svi": 0.75, "top_decile_gap": 0.0, "stratum": "small_town", "scored": 1}, "geometry": {"type": "Polygon", "coordinates": [[[-89.4662, 34.7962], [-89.4496, 34.7853], [-89.4486, 34.7675], [-89.4509, 34.7675], [-89.4531, 34.7509], [-89.4596, 34.7371], [-89.4666, 34.74], [-89.4696, 34.7467], [-89.4794, 34.7517], [-89.4789, 34.7575], [-89.4815, 34.7557], [-89.4804, 34.763], [-89.474, 34.7689], [-89.4911, 34.781], [-89.4925, 34.7846], [-89.4906, 34.7879], [-89.4946, 34.7945], [-89.4892, 34.7984], [-89.4952, 34.8013], [-89.4662, 34.7962]]]}}, {"type": "Feature", "properties": {"fips": "28099010102", "gap_national": 13.2, "gap_stratum": -14.0, "burden": 72.6, "capacity": 60.1, "svi": 0.57, "top_decile_gap": 0.0, "stratum": "small_town", "scored": 1}, "geometry": {"type": "Polygon", "coordinates": [[[-89.0932, 32.7976], [-89.0956, 32.8049], [-89.1042, 32.8052], [-89.1039, 32.8146], [-89.0966, 32.8361], [-89.0977, 32.8411], [-89.091, 32.846], [-89.0864, 32.8451], [-89.0864, 32.8478], [-89.084, 32.8456], [-89.0799, 32.8479], [-89.0809, 32.8501], [-89.0781, 32.8524], [-89.0739, 32.8521], [-89.076, 32.8565], [-89.0728, 32.8558], [-89.0745, 32.8582], [-89.073, 32.8571], [-89.0725, 32.86], [-89.0705, 32.8579], [-89.0699, 32.8627], [-89.0663, 32.8616], [-89.064, 32.8673], [-89.0594, 32.8692], [-89.0576, 32.8737], [-89.0599, 32.8767], [-89.0558, 32.8822], [-89.0563, 32.88], [-89.0521, 32.8816], [-89.0502, 32.8801], [-89.0414, 32.8886], [-89.036, 32.8852], [-89.0336, 32.8903], [-89.0286, 32.89], [-89.0288, 32.8928], [-89.0185, 32.8965], [-89.0133, 32.9014], [-89.0065, 32.8995], [-89.0036, 32.902], [-89.0005, 32.9008], [-88.995, 32.9114], [-88.9911, 32.9105], [-88.986, 32.9155], [-88.982, 32.9162], [-88.9806, 32.9179], [-88.9828, 32.9186], [-88.9748, 32.9265], [-88.9653, 32.9266], [-88.9652, 32.9191], [-88.9305, 32.9192], [-88.9305, 32.9267], [-88.9144, 32.9266], [-88.915, 32.8018], [-88.9281, 32.7981], [-88.9344, 32.8096], [-88.9394, 32.8135], [-88.9547, 32.8088], [-88.962, 32.803], [-88.9681, 32.8027], [-88.9716, 32.7985], [-88.9888, 32.7948], [-89.0012, 32.795], [-89.0109, 32.7904], [-89.0307, 32.7867], [-89.0467, 32.7867], [-89.0699, 32.7775], [-89.0838, 32.7745], [-89.0817, 32.7869], [-89.0903, 32.7798], [-89.1043, 32.7797], [-89.0932, 32.7976]]]}}, {"type": "Feature", "properties": {"fips": "28089030206", "gap_national": -45.4, "gap_stratum": -37.1, "burden": 53.5, "capacity": 96.7, "svi": 0.37, "top_decile_gap": 0.0, "stratum": "metropolitan", "scored": 1}, "geometry": {"type": "Polygon", "coordinates": [[[-90.216, 32.4173], [-90.2117, 32.4226], [-90.199, 32.4237], [-90.1999, 32.4207], [-90.1616, 32.4312], [-90.1439, 32.4307], [-90.1474, 32.4133], [-90.159, 32.4119], [-90.1766, 32.4002], [-90.2392, 32.3998], [-90.2438, 32.4001], [-90.2436, 32.4034], [-90.216, 32.4173]]]}}, {"type": "Feature", "properties": {"fips": "28105950401", "gap_national": 5.2, "gap_stratum": -2.5, "burden": 16.2, "capacity": 12.3, "svi": 0.39, "top_decile_gap": 0.0, "stratum": "micropolitan", "scored": 1}, "geometry": {"type": "Polygon", "coordinates": [[[-88.8102, 33.4659], [-88.8073, 33.4659], [-88.8012, 33.4749], [-88.7971, 33.4863], [-88.7873, 33.4807], [-88.7807, 33.4836], [-88.7611, 33.4722], [-88.7765, 33.469], [-88.785, 33.4559], [-88.7959, 33.4586], [-88.7957, 33.4475], [-88.8045, 33.4513], [-88.8058, 33.4544], [-88.8103, 33.4546], [-88.8102, 33.4659]]]}}, {"type": "Feature", "properties": {"fips": "28105950202", "gap_national": 22.7, "gap_stratum": 18.9, "burden": 91.3, "capacity": 65.9, "svi": 0.48, "top_decile_gap": 0.0, "stratum": "micropolitan", "scored": 1}, "geometry": {"type": "Polygon", "coordinates": [[[-89.0883, 33.562], [-88.7706, 33.5652], [-88.7731, 33.5632], [-88.7922, 33.5621], [-88.8068, 33.5537], [-88.8277, 33.5354], [-88.8325, 33.5275], [-88.8411, 33.5203], [-88.8291, 33.5017], [-88.842, 33.5058], [-88.8541, 33.5057], [-88.8542, 33.5014], [-88.8558, 33.5014], [-88.8542, 33.4868], [-88.8451, 33.4802], [-88.8429, 33.4688], [-88.8444, 33.462], [-88.8953, 33.4626], [-88.9219, 33.4772], [-88.9488, 33.4768], [-88.9484, 33.4717], [-88.945, 33.4701], [-88.9405, 33.4598], [-88.9402, 33.4402], [-88.9553, 33.4468], [-88.9769, 33.4483], [-88.9991, 33.4471], [-89.0033, 33.4431], [-89.0085, 33.4421], [-89.0411, 33.4488], [-89.0459, 33.4468], [-89.052, 33.4488], [-89.0533, 33.4443], [-89.0652, 33.4374], [-89.0709, 33.4418], [-89.0827, 33.4457], [-89.0887, 33.4418], [-89.0883, 33.562]]]}}, {"type": "Feature", "properties": {"fips": "28071950507", "gap_national": -17.1, "gap_stratum": -46.7, "burden": 57.5, "capacity": 68.7, "svi": 0.21, "top_decile_gap": 0.0, "stratum": "micropolitan", "scored": 1}, "geometry": {"type": "Polygon", "coordinates": [[[-89.5313, 34.198], [-89.5269, 34.2012], [-89.5256, 34.2054], [-89.528, 34.2059], [-89.5279, 34.2084], [-89.5209, 34.2103], [-89.5211, 34.2216], [-89.5268, 34.2401], [-89.5229, 34.2471], [-89.5256, 34.2531], [-89.5214, 34.2734], [-89.4934, 34.284], [-89.4604, 34.2764], [-89.4451, 34.2854], [-89.4559, 34.2903], [-89.4566, 34.2963], [-89.4615, 34.3025], [-89.4637, 34.3098], [-89.4758, 34.3225], [-89.4807, 34.3334], [-89.4942, 34.3447], [-89.4979, 34.3557], [-89.4908, 34.3583], [-89.48, 34.3574], [-89.3857, 34.3238], [-89.2462, 34.2999], [-89.2455, 34.1612], [-89.5097, 34.1621], [-89.5094, 34.191], [-89.537, 34.1911], [-89.5367, 34.1979], [-89.5313, 34.198]]]}}, {"type": "Feature", "properties": {"fips": "28049011104", "gap_national": -20.6, "gap_stratum": -12.3, "burden": 61.4, "capacity": 75.0, "svi": 0.34, "top_decile_gap": 0.0, "stratum": "metropolitan", "scored": 1}, "geometry": {"type": "Polygon", "coordinates": [[[-90.3008, 32.2397], [-90.2794, 32.2396], [-90.2793, 32.2217], [-90.2708, 32.2123], [-90.256, 32.2027], [-90.2529, 32.1936], [-90.2605, 32.1862], [-90.2867, 32.2025], [-90.2951, 32.2042], [-90.297, 32.2216], [-90.3018, 32.2322], [-90.3008, 32.2397]]]}}, {"type": "Feature", "properties": {"fips": "28109950505", "gap_national": 1.2, "gap_stratum": -22.1, "burden": 67.1, "capacity": 63.9, "svi": 0.51, "top_decile_gap": 0.0, "stratum": "micropolitan", "scored": 1}, "geometry": {"type": "Polygon", "coordinates": [[[-89.6405, 30.6484], [-89.6361, 30.6682], [-89.6421, 30.6696], [-89.6438, 30.6813], [-89.6497, 30.6924], [-89.6491, 30.7067], [-89.6468, 30.7109], [-89.6289, 30.7121], [-89.5921, 30.7248], [-89.5505, 30.7176], [-89.5155, 30.7173], [-89.5178, 30.7023], [-89.525, 30.6836], [-89.5263, 30.6754], [-89.5238, 30.6685], [-89.5286, 30.65], [-89.5442, 30.6484], [-89.544, 30.6277], [-89.5518, 30.6222], [-89.5738, 30.6229], [-89.5848, 30.6195], [-89.6015, 30.6227], [-89.6187, 30.6005], [-89.6484, 30.6137], [-89.6517, 30.6222], [-89.6514, 30.6297], [-89.6405, 30.6484]]]}}, {"type": "Feature", "properties": {"fips": "28117950302", "gap_national": -15.7, "gap_stratum": -56.5, "burden": 60.2, "capacity": 69.9, "svi": 0.51, "top_decile_gap": 0.0, "stratum": "small_town", "scored": 1}, "geometry": {"type": "Polygon", "coordinates": [[[-88.5963, 34.6741], [-88.5851, 34.669], [-88.5728, 34.669], [-88.5693, 34.6714], [-88.5692, 34.669], [-88.5641, 34.669], [-88.5668, 34.6545], [-88.5417, 34.6535], [-88.5288, 34.647], [-88.5279, 34.6446], [-88.5287, 34.6417], [-88.5497, 34.6399], [-88.5586, 34.6339], [-88.5617, 34.6472], [-88.5706, 34.6461], [-88.5884, 34.628], [-88.5839, 34.65], [-88.5943, 34.6463], [-88.6003, 34.6413], [-88.6053, 34.6412], [-88.6075, 34.6532], [-88.5963, 34.6741]]]}}, {"type": "Feature", "properties": {"fips": "28085950100", "gap_national": 22.2, "gap_stratum": 17.0, "burden": 88.9, "capacity": 64.9, "svi": 0.47, "top_decile_gap": 0.0, "stratum": "micropolitan", "scored": 1}, "geometry": {"type": "Polygon", "coordinates": [[[-90.4974, 31.67], [-90.4932, 31.6708], [-90.4933, 31.6823], [-90.4869, 31.6869], [-90.4925, 31.6888], [-90.4975, 31.6991], [-90.4142, 31.7005], [-90.4136, 31.6853], [-90.3794, 31.6852], [-90.3801, 31.7002], [-90.28, 31.6999], [-90.2724, 31.7042], [-90.259, 31.7039], [-90.2549, 31.7101], [-90.2452, 31.7175], [-90.2447, 31.5833], [-90.2527, 31.5874], [-90.2633, 31.5841], [-90.2873, 31.5853], [-90.2931, 31.5819], [-90.3055, 31.5818], [-90.3123, 31.5834], [-90.3274, 31.5939], [-90.3421, 31.5923], [-90.3489, 31.596], [-90.3615, 31.5868], [-90.3922, 31.5914], [-90.4009, 31.597], [-90.4195, 31.596], [-90.4225, 31.5927], [-90.4246, 31.6123], [-90.4348, 31.6106], [-90.4516, 31.612], [-90.4595, 31.6188], [-90.4626, 31.6179], [-90.4656, 31.6054], [-90.4722, 31.6121], [-90.4721, 31.6359], [-90.4761, 31.6339], [-90.4787, 31.6515], [-90.4863, 31.6537], [-90.4989, 31.6518], [-90.4974, 31.67]]]}}, {"type": "Feature", "properties": {"fips": "28023950300", "gap_national": 29.3, "gap_stratum": 37.1, "burden": 96.1, "capacity": 63.7, "svi": 0.94, "top_decile_gap": 0.0, "stratum": "rural", "scored": 1}, "geometry": {"type": "Polygon", "coordinates": [[[-88.9068, 32.0837], [-88.8996, 32.0791], [-88.8964, 32.0735], [-88.8867, 32.0712], [-88.8846, 32.0671], [-88.8865, 32.0664], [-88.8801, 32.0636], [-88.881, 32.0573], [-88.8737, 32.0593], [-88.8742, 32.0528], [-88.8702, 32.0496], [-88.8531, 32.0444], [-88.8516, 32.0465], [-88.8482, 32.044], [-88.8421, 32.03], [-88.8346, 32.024], [-88.8358, 32.0214], [-88.8317, 32.0178], [-88.8327, 32.0103], [-88.828, 32.0048], [-88.821, 32.0035], [-88.8182, 31.9975], [-88.8132, 31.9981], [-88.8113, 32.0024], [-88.8068, 32.0028], [-88.8021, 31.9993], [-88.8034, 32.0113], [-88.7984, 32.007], [-88.7879, 32.0061], [-88.786, 32.0119], [-88.7804, 32.0111], [-88.7852, 32.015], [-88.7818, 32.0209], [-88.7739, 32.016], [-88.7692, 32.017], [-88.7685, 32.0219], [-88.7596, 32.0215], [-88.764, 32.0256], [-88.7642, 32.0291], [-88.7729, 32.0303], [-88.7713, 32.0374], [-88.7631, 32.0352], [-88.7622, 32.0381], [-88.7496, 32.0338], [-88.7414, 32.0193], [-88.7352, 32.0229], [-88.7329, 32.0218], [-88.7329, 32.0136], [-88.7298, 32.0105], [-88.7235, 31.986], [-88.7173, 31.9884], [-88.7138, 31.9821], [-88.7046, 31.9747], [-88.7042, 31.9677], [-88.7006, 31.9639], [-88.7021, 31.9502], [-88.6961, 31.947], [-88.6938, 31.94], [-88.6863, 31.9388], [-88.6855, 31.9328], [-88.6773, 31.9296], [-88.6835, 31.922], [-88.6874, 31.9249], [-88.6923, 31.917], [-88.7003, 31.9156], [-88.6892, 31.9126], [-88.6875, 31.905], [-88.6889, 31.9015], [-88.6941, 31.901], [-88.6919, 31.898], [-88.6916, 31.8874], [-88.6961, 31.8855], [-88.6882, 31.8814], [-88.6848, 31.8844], [-88.6804, 31.8841], [-88.6757, 31.8791], [-88.6851, 31.8788], [-88.6889, 31.8756], [-88.6894, 31.8712], [-88.6864, 31.8675], [-88.6893, 31.8624], [-88.6861, 31.853], [-88.6909, 31.8466], [-88.7634, 31.8359], [-88.9105, 31.8266], [-88.9133, 32.0825], [-88.9068, 32.0837]]]}}, {"type": "Feature", "properties": {"fips": "28025950400", "gap_national": 28.5, "gap_stratum": 29.5, "burden": 95.9, "capacity": 64.2, "svi": 0.92, "top_decile_gap": 0.0, "stratum": "small_town", "scored": 1}, "geometry": {"type": "Polygon", "coordinates": [[[-88.6457, 33.5977], [-88.6472, 33.6108], [-88.6441, 33.6126], [-88.6455, 33.6163], [-88.6404, 33.6266], [-88.633, 33.6279], [-88.6159, 33.6072], [-88.6288, 33.6071], [-88.627, 33.5889], [-88.6329, 33.5791], [-88.6331, 33.5924], [-88.6562, 33.5925], [-88.6558, 33.5977], [-88.6457, 33.5977]]]}}, {"type": "Feature", "properties": {"fips": "28113950501", "gap_national": 24.7, "gap_stratum": 18.3, "burden": 85.5, "capacity": 61.2, "svi": 0.86, "top_decile_gap": 0.0, "stratum": "micropolitan", "scored": 1}, "geometry": {"type": "Polygon", "coordinates": [[[-90.4928, 31.2525], [-90.4783, 31.2476], [-90.452, 31.2481], [-90.4495, 31.231], [-90.4831, 31.221], [-90.4813, 31.2379], [-90.493, 31.2367], [-90.4928, 31.2525]]]}}, {"type": "Feature", "properties": {"fips": "28113950103", "gap_national": 41.6, "gap_stratum": 43.6, "burden": 96.9, "capacity": 55.9, "svi": 0.66, "top_decile_gap": 0.0, "stratum": "micropolitan", "scored": 1}, "geometry": {"type": "Polygon", "coordinates": [[[-90.4447, 31.2183], [-90.4442, 31.2219], [-90.4382, 31.2223], [-90.4357, 31.2319], [-90.374, 31.2328], [-90.3756, 31.2243], [-90.3823, 31.2179], [-90.3857, 31.2099], [-90.3667, 31.2035], [-90.3672, 31.2005], [-90.3511, 31.1918], [-90.3489, 31.1847], [-90.3462, 31.1832], [-90.3603, 31.1819], [-90.3782, 31.1941], [-90.4125, 31.1898], [-90.4127, 31.1931], [-90.4298, 31.1936], [-90.4296, 31.204], [-90.4471, 31.2033], [-90.4484, 31.2186], [-90.4447, 31.2183]]]}}, {"type": "Feature", "properties": {"fips": "28095950800", "gap_national": 32.8, "gap_stratum": 43.4, "burden": 98.0, "capacity": 62.0, "svi": 0.87, "top_decile_gap": 0.0, "stratum": "rural", "scored": 1}, "geometry": {"type": "Polygon", "coordinates": [[[-88.5395, 33.8243], [-88.5386, 33.8274], [-88.5229, 33.8227], [-88.5172, 33.8231], [-88.5112, 33.8062], [-88.5065, 33.8003], [-88.5121, 33.8], [-88.5186, 33.8041], [-88.5189, 33.793], [-88.5215, 33.7944], [-88.5315, 33.7881], [-88.5408, 33.7888], [-88.5456, 33.7913], [-88.5663, 33.8132], [-88.5752, 33.8133], [-88.5789, 33.8198], [-88.5852, 33.8232], [-88.5849, 33.8255], [-88.5395, 33.8243]]]}}, {"type": "Feature", "properties": {"fips": "28033070421", "gap_national": 30.0, "gap_stratum": 32.8, "burden": 75.8, "capacity": 51.2, "svi": 0.55, "top_decile_gap": 0.0, "stratum": "metropolitan", "scored": 1}, "geometry": {"type": "Polygon", "coordinates": [[[-90.025, 34.9948], [-90.0158, 34.9834], [-90.0158, 34.9805], [-90.0331, 34.9765], [-90.0313, 34.971], [-90.0333, 34.9689], [-90.0377, 34.9745], [-90.0439, 34.9753], [-90.0503, 34.9815], [-90.0543, 34.9807], [-90.0547, 34.983], [-90.0608, 34.9845], [-90.0608, 34.9949], [-90.025, 34.9948]]]}}, {"type": "Feature", "properties": {"fips": "28067950602", "gap_national": 29.5, "gap_stratum": 14.0, "burden": 70.5, "capacity": 47.6, "svi": 0.38, "top_decile_gap": 0.0, "stratum": "micropolitan", "scored": 1}, "geometry": {"type": "Polygon", "coordinates": [[[-89.1915, 31.637], [-89.192, 31.6476], [-89.1948, 31.6519], [-89.1925, 31.6547], [-89.1953, 31.6568], [-89.1889, 31.667], [-89.1911, 31.6703], [-89.1903, 31.6749], [-89.1798, 31.6811], [-89.1809, 31.684], [-89.1768, 31.6907], [-89.1752, 31.6894], [-89.1706, 31.693], [-89.1361, 31.6959], [-89.1293, 31.6915], [-89.1348, 31.685], [-89.1509, 31.683], [-89.1556, 31.6794], [-89.1578, 31.6708], [-89.1638, 31.6708], [-89.1638, 31.6642], [-89.1615, 31.663], [-89.177, 31.6451], [-89.181, 31.6338], [-89.1912, 31.6274], [-89.1944, 31.6288], [-89.1957, 31.633], [-89.1915, 31.637]]]}}, {"type": "Feature", "properties": {"fips": "28089030110", "gap_national": -64.9, "gap_stratum": -58.7, "burden": 34.5, "capacity": 90.5, "svi": 0.06, "top_decile_gap": 0.0, "stratum": "metropolitan", "scored": 1}, "geometry": {"type": "Polygon", "coordinates": [[[-90.0828, 32.4486], [-90.0711, 32.4504], [-90.0752, 32.4387], [-90.0812, 32.43], [-90.0886, 32.4258], [-90.0948, 32.4252], [-90.1063, 32.4271], [-90.1064, 32.4505], [-90.0828, 32.4486]]]}}, {"type": "Feature", "properties": {"fips": "28033071122", "gap_national": -30.7, "gap_stratum": -22.7, "burden": 47.5, "capacity": 70.1, "svi": 0.18, "top_decile_gap": 0.0, "stratum": "metropolitan", "scored": 1}, "geometry": {"type": "Polygon", "coordinates": [[[-90.0781, 34.8408], [-90.0781, 34.8751], [-90.0517, 34.8752], [-90.0511, 34.8789], [-90.0432, 34.8787], [-90.0428, 34.8812], [-90.0163, 34.8801], [-90.016, 34.8822], [-90.0089, 34.8822], [-90.0027, 34.8626], [-90.0026, 34.8395], [-89.9846, 34.8237], [-90.0093, 34.8235], [-90.0271, 34.8309], [-90.0936, 34.83], [-90.0781, 34.8408]]]}}, {"type": "Feature", "properties": {"fips": "28017950200", "gap_national": 42.8, "gap_stratum": 57.9, "burden": 95.4, "capacity": 54.5, "svi": 0.81, "top_decile_gap": 0.0, "stratum": "rural", "scored": 1}, "geometry": {"type": "Polygon", "coordinates": [[[-88.8708, 34.0749], [-88.8703, 34.0666], [-88.8761, 34.0502], [-88.8935, 34.0213], [-88.8972, 34.0067], [-88.8901, 33.9997], [-88.8979, 33.9935], [-88.9017, 33.9726], [-88.91, 33.9673], [-88.9103, 33.9597], [-88.918, 33.9609], [-88.9271, 33.9582], [-88.9323, 33.9532], [-88.9461, 33.9541], [-88.9536, 33.9493], [-88.9624, 33.9482], [-88.9928, 33.9288], [-89.0006, 33.9279], [-89.0137, 33.932], [-89.0406, 33.9526], [-89.0399, 33.9436], [-89.0498, 33.9416], [-89.0508, 33.9209], [-89.1229, 33.9208], [-89.1353, 33.9183], [-89.1378, 33.9187], [-89.1392, 34.0741], [-88.8708, 34.0749]]]}}, {"type": "Feature", "properties": {"fips": "28093950201", "gap_national": 37.2, "gap_stratum": 35.6, "burden": 98.1, "capacity": 59.2, "svi": 0.91, "top_decile_gap": 0.0, "stratum": "metropolitan", "scored": 1}, "geometry": {"type": "Polygon", "coordinates": [[[-89.7239, 34.8862], [-89.6975, 34.8728], [-89.6887, 34.8721], [-89.6887, 34.8859], [-89.6778, 34.8859], [-89.6754, 34.8912], [-89.6712, 34.8932], [-89.6711, 34.9334], [-89.6688, 34.9334], [-89.6688, 34.9375], [-89.6732, 34.9366], [-89.6759, 34.9393], [-89.6735, 34.942], [-89.6718, 34.9399], [-89.6669, 34.9409], [-89.667, 34.9387], [-89.6624, 34.941], [-89.6604, 34.9386], [-89.6538, 34.941], [-89.6488, 34.9401], [-89.6476, 34.9363], [-89.6453, 34.9372], [-89.6391, 34.9324], [-89.6422, 34.9309], [-89.6375, 34.924], [-89.6386, 34.9225], [-89.6369, 34.9227], [-89.6375, 34.9183], [-89.6266, 34.9116], [-89.6238, 34.9128], [-89.6176, 34.907], [-89.6173, 34.8314], [-89.7239, 34.831], [-89.7239, 34.8862]]]}}, {"type": "Feature", "properties": {"fips": "28081950202", "gap_national": 23.7, "gap_stratum": 10.7, "burden": 75.0, "capacity": 55.0, "svi": 0.69, "top_decile_gap": 0.0, "stratum": "micropolitan", "scored": 1}, "geometry": {"type": "Polygon", "coordinates": [[[-88.6787, 34.4192], [-88.6763, 34.3873], [-88.6715, 34.3896], [-88.6703, 34.3929], [-88.6715, 34.4038], [-88.6658, 34.3991], [-88.6564, 34.4006], [-88.6561, 34.3968], [-88.6446, 34.4063], [-88.6288, 34.4125], [-88.6289, 34.4146], [-88.6098, 34.4181], [-88.5955, 34.4103], [-88.596, 34.4076], [-88.5687, 34.3958], [-88.5687, 34.3902], [-88.5425, 34.3863], [-88.5422, 34.338], [-88.5447, 34.338], [-88.5446, 34.3352], [-88.5618, 34.3335], [-88.5776, 34.3266], [-88.595, 34.3308], [-88.6088, 34.3211], [-88.6222, 34.3171], [-88.6249, 34.3183], [-88.6307, 34.2994], [-88.6281, 34.2942], [-88.6426, 34.2939], [-88.6495, 34.2972], [-88.6714, 34.2885], [-88.6765, 34.2886], [-88.6763, 34.3013], [-88.6849, 34.3111], [-88.683, 34.323], [-88.6864, 34.332], [-88.6782, 34.343], [-88.6788, 34.3525], [-88.6859, 34.358], [-88.6867, 34.3642], [-88.6865, 34.3723], [-88.6836, 34.3732], [-88.6824, 34.383], [-88.6909, 34.3918], [-88.6787, 34.4192]]]}}, {"type": "Feature", "properties": {"fips": "28033070524", "gap_national": -38.2, "gap_stratum": -29.9, "burden": 57.3, "capacity": 89.9, "svi": 0.09, "top_decile_gap": 0.0, "stratum": "metropolitan", "scored": 1}, "geometry": {"type": "Polygon", "coordinates": [[[-89.9368, 34.9945], [-89.9015, 34.9944], [-89.9014, 34.9626], [-89.9367, 34.9624], [-89.9368, 34.9945]]]}}, {"type": "Feature", "properties": {"fips": "28057950100", "gap_national": 20.8, "gap_stratum": 8.0, "burden": 76.9, "capacity": 58.2, "svi": 0.36, "top_decile_gap": 0.0, "stratum": "micropolitan", "scored": 1}, "geometry": {"type": "Polygon", "coordinates": [[[-88.4022, 34.3922], [-88.4052, 34.4388], [-88.4009, 34.4469], [-88.3941, 34.4519], [-88.3771, 34.4604], [-88.3564, 34.4641], [-88.1563, 34.4632], [-88.1594, 34.4363], [-88.1673, 34.4265], [-88.1891, 34.4161], [-88.1979, 34.4093], [-88.1987, 34.4022], [-88.2052, 34.3877], [-88.2053, 34.3767], [-88.2146, 34.3841], [-88.2191, 34.3815], [-88.2275, 34.3813], [-88.2308, 34.3839], [-88.2555, 34.3732], [-88.259, 34.3683], [-88.2921, 34.367], [-88.3058, 34.3583], [-88.3002, 34.3379], [-88.2957, 34.333], [-88.2935, 34.318], [-88.2978, 34.3121], [-88.3007, 34.2925], [-88.294, 34.2874], [-88.2939, 34.2843], [-88.3025, 34.2829], [-88.3128, 34.2852], [-88.3176, 34.2833], [-88.3203, 34.2791], [-88.3338, 34.2794], [-88.3371, 34.2699], [-88.3474, 34.2746], [-88.3743, 34.2784], [-88.3743, 34.2816], [-88.3774, 34.2836], [-88.3768, 34.2967], [-88.3647, 34.2988], [-88.3711, 34.3044], [-88.3958, 34.286], [-88.4004, 34.2868], [-88.4262, 34.2779], [-88.4022, 34.3922]]]}}, {"type": "Feature", "properties": {"fips": "28007060400", "gap_national": -4.2, "gap_stratum": -35.8, "burden": 76.8, "capacity": 76.0, "svi": 0.62, "top_decile_gap": 0.0, "stratum": "small_town", "scored": 1}, "geometry": {"type": "Polygon", "coordinates": [[[-89.6189, 32.9379], [-89.6168, 32.9815], [-89.6111, 32.9884], [-89.6107, 33.0082], [-89.6002, 33.0348], [-89.5917, 33.0398], [-89.5851, 33.0321], [-89.5469, 33.0696], [-89.5223, 33.0595], [-89.5058, 33.0631], [-89.4781, 33.056], [-89.4553, 33.0403], [-89.4493, 33.0453], [-89.4352, 33.0461], [-89.4214, 33.0506], [-89.3904, 33.0406], [-89.3588, 33.0421], [-89.3182, 33.0655], [-89.3192, 32.9317], [-89.6229, 32.9301], [-89.6189, 32.9379]]]}}, {"type": "Feature", "properties": {"fips": "28019950200", "gap_national": 13.2, "gap_stratum": 5.1, "burden": 87.4, "capacity": 70.4, "svi": 0.8, "top_decile_gap": 0.0, "stratum": "rural", "scored": 1}, "geometry": {"type": "Polygon", "coordinates": [[[-89.4347, 33.3419], [-89.4132, 33.3342], [-89.4112, 33.3311], [-89.402, 33.3334], [-89.4012, 33.3363], [-89.3954, 33.3378], [-89.3926, 33.3455], [-89.3873, 33.3509], [-89.3817, 33.3521], [-89.3839, 33.3442], [-89.3555, 33.3423], [-89.3324, 33.3584], [-89.322, 33.3578], [-89.3148, 33.3532], [-89.3046, 33.3557], [-89.2971, 33.3519], [-89.2931, 33.3535], [-89.2892, 33.3493], [-89.2759, 33.3435], [-89.2592, 33.3452], [-89.2396, 33.3572], [-89.2354, 33.363], [-89.2238, 33.3661], [-89.217, 33.3762], [-89.2083, 33.3838], [-89.1949, 33.3726], [-89.1731, 33.3916], [-89.1711, 33.3893], [-89.1628, 33.3935], [-89.1552, 33.3904], [-89.1439, 33.3936], [-89.1426, 33.3961], [-89.1362, 33.3961], [-89.1304, 33.3997], [-89.1185, 33.402], [-89.1081, 33.4099], [-89.0971, 33.4081], [-89.0884, 33.4038], [-89.0883, 33.286], [-89.1089, 33.2859], [-89.1089, 33.1981], [-89.2134, 33.1975], [-89.2139, 33.1094], [-89.3179, 33.1089], [-89.3164, 33.2856], [-89.4538, 33.2859], [-89.4539, 33.3438], [-89.4347, 33.3419]], [[-89.1853, 33.2958], [-89.1774, 33.2932], [-89.1702, 33.3003], [-89.1701, 33.3039], [-89.16, 33.304], [-89.1622, 33.3085], [-89.1578, 33.3092], [-89.1447, 33.3195], [-89.1446, 33.3303], [-89.1391, 33.3386], [-89.1354, 33.34], [-89.123, 33.3367], [-89.1232, 33.3385], [-89.1386, 33.3418], [-89.1605, 33.3315], [-89.1743, 33.322], [-89.1743, 33.3314], [-89.1794, 33.3326], [-89.1774, 33.3207], [-89.1858, 33.3161], [-89.1918, 33.3164], [-89.1893, 33.3081], [-89.1813, 33.311], [-89.186, 33.301], [-89.1924, 33.2945], [-89.1853, 33.2958]]]}}, {"type": "Feature", "properties": {"fips": "28113950200", "gap_national": 29.5, "gap_stratum": 21.4, "burden": 80.9, "capacity": 55.2, "svi": 0.86, "top_decile_gap": 0.0, "stratum": "micropolitan", "scored": 1}, "geometry": {"type": "Polygon", "coordinates": [[[-90.4812, 31.2842], [-90.4828, 31.2894], [-90.4788, 31.2888], [-90.4787, 31.302], [-90.4621, 31.3022], [-90.4595, 31.3115], [-90.4485, 31.3266], [-90.451, 31.3045], [-90.4354, 31.3065], [-90.4269, 31.3051], [-90.411, 31.2944], [-90.4088, 31.2905], [-90.4038, 31.2921], [-90.3948, 31.284], [-90.3918, 31.2778], [-90.3791, 31.2763], [-90.3689, 31.2686], [-90.3715, 31.2647], [-90.3755, 31.2645], [-90.3789, 31.2564], [-90.3709, 31.2353], [-90.374, 31.2328], [-90.4314, 31.2323], [-90.4321, 31.2457], [-90.4391, 31.2459], [-90.4383, 31.262], [-90.4529, 31.2713], [-90.4685, 31.275], [-90.4852, 31.2842], [-90.4812, 31.2842]]]}}, {"type": "Feature", "properties": {"fips": "28059042500", "gap_national": 0.6, "gap_stratum": 6.7, "burden": 69.6, "capacity": 66.3, "svi": 0.65, "top_decile_gap": 0.0, "stratum": "metropolitan", "scored": 1}, "geometry": {"type": "Polygon", "coordinates": [[[-88.554, 30.3547], [-88.5376, 30.3548], [-88.5363, 30.3433], [-88.5635, 30.3449], [-88.554, 30.3547]]]}}, {"type": "Feature", "properties": {"fips": "28133950402", "gap_national": 32.5, "gap_stratum": 35.6, "burden": 96.1, "capacity": 61.5, "svi": 0.9, "top_decile_gap": 0.0, "stratum": "small_town", "scored": 1}, "geometry": {"type": "Polygon", "coordinates": [[[-90.6772, 33.4498], [-90.673, 33.451], [-90.6571, 33.4516], [-90.6214, 33.4425], [-90.6215, 33.4372], [-90.633, 33.4381], [-90.6336, 33.4249], [-90.6426, 33.4314], [-90.6562, 33.4314], [-90.6654, 33.4274], [-90.6714, 33.4218], [-90.672, 33.4171], [-90.6775, 33.417], [-90.6772, 33.4498]]]}}, {"type": "Feature", "properties": {"fips": "28121020703", "gap_national": -2.6, "gap_stratum": 2.1, "burden": 80.0, "capacity": 77.6, "svi": 0.66, "top_decile_gap": 0.0, "stratum": "metropolitan", "scored": 1}, "geometry": {"type": "Polygon", "coordinates": [[[-90.0925, 32.2763], [-90.0917, 32.2836], [-90.036, 32.2838], [-90.0361, 32.278], [-90.0975, 32.2676], [-90.0946, 32.2763], [-90.0925, 32.2763]]]}}, {"type": "Feature", "properties": {"fips": "28161950302", "gap_national": 9.5, "gap_stratum": 2.1, "burden": 88.7, "capacity": 74.2, "svi": 0.4, "top_decile_gap": 0.0, "stratum": "micropolitan", "scored": 1}, "geometry": {"type": "Polygon", "coordinates": [[[-89.9315, 34.1643], [-89.7214, 34.1635], [-89.721, 34.1925], [-89.6691, 34.192], [-89.665, 34.1845], [-89.6757, 34.1795], [-89.6794, 34.1631], [-89.6746, 34.1622], [-89.6729, 34.1571], [-89.6836, 34.1543], [-89.6768, 34.1492], [-89.6527, 34.1441], [-89.6495, 34.1416], [-89.648, 34.1341], [-89.641, 34.1244], [-89.6443, 34.1093], [-89.6431, 34.0934], [-89.6537, 34.0752], [-89.6536, 34.0676], [-89.6596, 34.0613], [-89.6648, 34.0601], [-89.6654, 34.0569], [-89.6893, 34.0569], [-89.6893, 34.0603], [-89.6952, 34.0652], [-89.6927, 34.0691], [-89.6967, 34.0714], [-89.719, 34.0596], [-89.7239, 34.0582], [-89.7296, 34.0609], [-89.7345, 34.0598], [-89.7415, 34.0566], [-89.7441, 34.0519], [-89.7584, 34.0483], [-89.7648, 34.0415], [-89.7844, 34.038], [-89.785, 34.0356], [-89.8398, 34.0508], [-89.8867, 34.0542], [-89.9109, 34.1326], [-89.9141, 34.1246], [-89.9256, 34.1171], [-89.9255, 34.1406], [-89.9317, 34.1443], [-89.9315, 34.1643]]]}}, {"type": "Feature", "properties": {"fips": "28065950201", "gap_national": 28.9, "gap_stratum": 28.3, "burden": 96.2, "capacity": 64.0, "svi": 0.68, "top_decile_gap": 0.0, "stratum": "metropolitan", "scored": 1}, "geometry": {"type": "Polygon", "coordinates": [[[-89.7487, 31.5193], [-89.7513, 31.5841], [-89.7609, 31.5831], [-89.7668, 31.5852], [-89.769, 31.5902], [-89.7637, 31.5997], [-89.7564, 31.6037], [-89.7556, 31.6098], [-89.7351, 31.6103], [-89.717, 31.5889], [-89.7036, 31.5829], [-89.6989, 31.5772], [-89.6879, 31.5755], [-89.673, 31.5647], [-89.6674, 31.5654], [-89.6509, 31.5596], [-89.6369, 31.5589], [-89.6289, 31.5525], [-89.6211, 31.5505], [-89.6144, 31.5406], [-89.6099, 31.5388], [-89.606, 31.5403], [-89.5993, 31.5346], [-89.6023, 31.5313], [-89.5966, 31.5258], [-89.596, 31.5127], [-89.5905, 31.5167], [-89.5869, 31.5134], [-89.5868, 31.4337], [-89.7749, 31.4339], [-89.7704, 31.44], [-89.7487, 31.5193]]]}}, {"type": "Feature", "properties": {"fips": "28079040401", "gap_national": 28.3, "gap_stratum": 32.9, "burden": 90.3, "capacity": 61.6, "svi": 0.55, "top_decile_gap": 0.0, "stratum": "rural", "scored": 1}, "geometry": {"type": "Polygon", "coordinates": [[[-89.5068, 32.7103], [-89.501, 32.7166], [-89.5032, 32.7176], [-89.5025, 32.7207], [-89.4893, 32.7257], [-89.4885, 32.7304], [-89.4856, 32.7314], [-89.4858, 32.7358], [-89.4939, 32.7394], [-89.4959, 32.7426], [-89.4949, 32.7475], [-89.4442, 32.7672], [-89.4209, 32.7834], [-89.3985, 32.7899], [-89.3793, 32.7907], [-89.3401, 32.7999], [-89.3186, 32.7919], [-89.3176, 32.5765], [-89.3651, 32.5763], [-89.368, 32.597], [-89.3646, 32.6085], [-89.3837, 32.6138], [-89.3836, 32.6237], [-89.3887, 32.6349], [-89.402, 32.6375], [-89.4112, 32.6334], [-89.4126, 32.6406], [-89.4045, 32.6493], [-89.4068, 32.6513], [-89.4235, 32.6436], [-89.4291, 32.6431], [-89.4345, 32.6457], [-89.4327, 32.6481], [-89.4359, 32.6642], [-89.4333, 32.6718], [-89.4395, 32.6816], [-89.4356, 32.6964], [-89.4391, 32.6969], [-89.4386, 32.7015], [-89.4339, 32.7044], [-89.4352, 32.7119], [-89.4456, 32.7118], [-89.4658, 32.7043], [-89.5, 32.7005], [-89.5133, 32.7045], [-89.525, 32.7041], [-89.5266, 32.7075], [-89.5068, 32.7103]]]}}, {"type": "Feature", "properties": {"fips": "28075010400", "gap_national": 54.9, "gap_stratum": 44.8, "burden": 77.2, "capacity": 33.4, "svi": 0.5, "top_decile_gap": 1.0, "stratum": "micropolitan", "scored": 1}, "geometry": {"type": "Polygon", "coordinates": [[[-88.9097, 32.399], [-88.9022, 32.3977], [-88.8933, 32.4015], [-88.8887, 32.3981], [-88.8849, 32.3991], [-88.8754, 32.3952], [-88.8628, 32.4044], [-88.8578, 32.4069], [-88.8536, 32.4048], [-88.8522, 32.4069], [-88.8434, 32.4], [-88.8404, 32.3793], [-88.8238, 32.3765], [-88.8229, 32.3733], [-88.8153, 32.3691], [-88.8087, 32.3589], [-88.7998, 32.3569], [-88.796, 32.3632], [-88.7982, 32.3715], [-88.7898, 32.3741], [-88.7855, 32.3812], [-88.7808, 32.3803], [-88.7763, 32.3692], [-88.765, 32.3712], [-88.7521, 32.3695], [-88.7568, 32.3656], [-88.7537, 32.3597], [-88.7565, 32.3537], [-88.7521, 32.3496], [-88.7577, 32.3435], [-88.7566, 32.335], [-88.76, 32.3172], [-88.7585, 32.3146], [-88.7609, 32.3124], [-88.758, 32.3088], [-88.7511, 32.3082], [-88.7503, 32.3036], [-88.7532, 32.3029], [-88.7542, 32.2927], [-88.7528, 32.2936], [-88.7495, 32.2901], [-88.75, 32.2867], [-88.7482, 32.2869], [-88.7509, 32.2842], [-88.7505, 32.2812], [-88.7535, 32.2804], [-88.7515, 32.2794], [-88.7567, 32.2768], [-88.7527, 32.2747], [-88.7513, 32.2688], [-88.762, 32.2488], [-88.7602, 32.2472], [-88.7641, 32.2437], [-88.7603, 32.2418], [-88.761, 32.2361], [-88.7693, 32.2329], [-88.7675, 32.2267], [-88.9138, 32.2242], [-88.915, 32.3939], [-88.9097, 32.399]]]}}, {"type": "Feature", "properties": {"fips": "28103950200", "gap_national": 20.2, "gap_stratum": 16.6, "burden": 92.4, "capacity": 68.2, "svi": 0.71, "top_decile_gap": 0.0, "stratum": "micropolitan", "scored": 1}, "geometry": {"type": "Polygon", "coordinates": [[[-88.8131, 33.2864], [-88.5567, 33.287], [-88.5719, 33.2407], [-88.5721, 33.2346], [-88.5614, 33.1383], [-88.5663, 33.1416], [-88.571, 33.1395], [-88.5746, 33.1309], [-88.575, 33.122], [-88.5788, 33.1176], [-88.5749, 33.1108], [-88.5719, 33.111], [-88.5743, 33.1066], [-88.5716, 33.1044], [-88.5735, 33.1016], [-88.5645, 33.1037], [-88.5637, 33.0988], [-88.5617, 33.1019], [-88.5622, 33.097], [-88.5861, 33.0884], [-88.5882, 33.0855], [-88.5901, 33.0806], [-88.59, 33.0558], [-88.5985, 33.0546], [-88.5988, 33.0513], [-88.6094, 33.0525], [-88.6106, 33.0509], [-88.6183, 33.026], [-88.6101, 33.0147], [-88.6105, 33.0124], [-88.6177, 32.9956], [-88.6243, 32.9875], [-88.625, 32.9744], [-88.6461, 32.945], [-88.646, 32.932], [-88.6482, 32.9269], [-88.8128, 32.926], [-88.8131, 33.2864]]]}}, {"type": "Feature", "properties": {"fips": "28107950301", "gap_national": 25.1, "gap_stratum": 21.5, "burden": 91.4, "capacity": 64.3, "svi": 0.6, "top_decile_gap": 0.0, "stratum": "micropolitan", "scored": 1}, "geometry": {"type": "Polygon", "coordinates": [[[-89.7213, 34.5543], [-89.721, 34.3492], [-89.739, 34.3417], [-89.7558, 34.3393], [-89.7679, 34.3332], [-89.7906, 34.3302], [-89.787, 34.3348], [-89.7874, 34.343], [-89.7774, 34.3556], [-89.7861, 34.3599], [-89.7945, 34.3732], [-89.801, 34.3766], [-89.7982, 34.3794], [-89.7843, 34.3808], [-89.7805, 34.3827], [-89.7807, 34.3858], [-89.7828, 34.394], [-89.7876, 34.3974], [-89.7866, 34.4021], [-89.8075, 34.415], [-89.8118, 34.4209], [-89.8132, 34.4117], [-89.8202, 34.4121], [-89.8204, 34.4026], [-89.8235, 34.4033], [-89.8231, 34.3996], [-89.8268, 34.3963], [-89.8331, 34.4016], [-89.8435, 34.4013], [-89.8545, 34.3952], [-89.8528, 34.3913], [-89.86, 34.3892], [-89.8633, 34.3857], [-89.8697, 34.3894], [-89.8742, 34.3858], [-89.882, 34.3874], [-89.8878, 34.3796], [-89.892, 34.3794], [-89.8919, 34.3761], [-89.897, 34.3779], [-89.8985, 34.3734], [-89.9057, 34.3676], [-89.9053, 34.3653], [-89.9123, 34.3643], [-89.9014, 34.417], [-89.8964, 34.4112], [-89.8899, 34.4284], [-89.8901, 34.463], [-89.8983, 34.4808], [-89.9116, 34.4809], [-89.9372, 34.5537], [-89.7213, 34.5543]]]}}, {"type": "Feature", "properties": {"fips": "28117950400", "gap_national": 32.8, "gap_stratum": 25.6, "burden": 86.6, "capacity": 56.6, "svi": 0.41, "top_decile_gap": 0.0, "stratum": "small_town", "scored": 1}, "geometry": {"type": "Polygon", "coordinates": [[[-88.6806, 34.5454], [-88.6803, 34.5559], [-88.6841, 34.5577], [-88.6831, 34.5747], [-88.698, 34.579], [-88.7006, 34.5923], [-88.693, 34.5936], [-88.6912, 34.6], [-88.682, 34.6036], [-88.6636, 34.6036], [-88.6559, 34.5964], [-88.6393, 34.593], [-88.6308, 34.5845], [-88.6299, 34.5764], [-88.6073, 34.5819], [-88.5922, 34.582], [-88.5861, 34.5848], [-88.5818, 34.5876], [-88.5802, 34.5955], [-88.5689, 34.6017], [-88.5632, 34.611], [-88.5504, 34.6022], [-88.5366, 34.6034], [-88.5285, 34.5997], [-88.5259, 34.6016], [-88.5303, 34.6105], [-88.5249, 34.6113], [-88.5181, 34.6222], [-88.5133, 34.6166], [-88.5094, 34.6029], [-88.4973, 34.59], [-88.4922, 34.5868], [-88.4749, 34.589], [-88.4665, 34.5825], [-88.4631, 34.5962], [-88.4469, 34.5961], [-88.4454, 34.6006], [-88.4296, 34.6044], [-88.4276, 34.6123], [-88.4251, 34.6124], [-88.4215, 34.607], [-88.4149, 34.6079], [-88.409, 34.6037], [-88.4024, 34.6043], [-88.4009, 34.6], [-88.3816, 34.597], [-88.3777, 34.5885], [-88.354, 34.5897], [-88.3491, 34.6024], [-88.3505, 34.6088], [-88.3453, 34.6144], [-88.3379, 34.6169], [-88.3305, 34.6115], [-88.3292, 34.4636], [-88.5421, 34.4653], [-88.5417, 34.5092], [-88.6086, 34.5094], [-88.606, 34.5373], [-88.6104, 34.5483], [-88.6144, 34.5456], [-88.625, 34.5454], [-88.6286, 34.542], [-88.6339, 34.5418], [-88.6416, 34.5455], [-88.648, 34.5522], [-88.6487, 34.5352], [-88.6571, 34.5454], [-88.6627, 34.5464], [-88.6696, 34.5421], [-88.6706, 34.5392], [-88.6548, 34.5246], [-88.6559, 34.5229], [-88.6916, 34.5235], [-88.6959, 34.5272], [-88.7006, 34.5384], [-88.7073, 34.5433], [-88.7069, 34.5458], [-88.6806, 34.5454]]]}}, {"type": "Feature", "properties": {"fips": "28127950401", "gap_national": 20.6, "gap_stratum": 18.5, "burden": 88.9, "capacity": 66.0, "svi": 0.55, "top_decile_gap": 0.0, "stratum": "rural", "scored": 1}, "geometry": {"type": "Polygon", "coordinates": [[[-90.1504, 31.8449], [-90.1365, 31.85], [-90.1364, 31.8543], [-90.132, 31.8583], [-90.1371, 31.8643], [-90.1383, 31.8753], [-90.113, 31.8812], [-90.0858, 31.8807], [-90.0743, 31.8835], [-90.0592, 31.8789], [-90.0494, 31.8786], [-90.0161, 31.8851], [-89.9883, 31.8867], [-89.9768, 31.8848], [-89.9603, 31.8774], [-89.9563, 31.8821], [-89.931, 31.892], [-89.9091, 31.8858], [-89.8998, 31.8866], [-89.8869, 31.8939], [-89.8759, 31.7673], [-90.1226, 31.7527], [-90.1225, 31.7577], [-90.129, 31.7682], [-90.1232, 31.775], [-90.1197, 31.768], [-90.1125, 31.7697], [-90.1075, 31.7777], [-90.111, 31.7893], [-90.1125, 31.7913], [-90.1408, 31.7894], [-90.1507, 31.7999], [-90.1487, 31.8078], [-90.136, 31.819], [-90.1369, 31.826], [-90.1327, 31.8268], [-90.1297, 31.8228], [-90.1273, 31.8256], [-90.1351, 31.8322], [-90.1446, 31.8299], [-90.1582, 31.8421], [-90.1589, 31.8455], [-90.1504, 31.8449]]]}}, {"type": "Feature", "properties": {"fips": "28121021004", "gap_national": 2.6, "gap_stratum": 8.7, "burden": 58.5, "capacity": 56.2, "svi": 0.15, "top_decile_gap": 0.0, "stratum": "metropolitan", "scored": 1}, "geometry": {"type": "Polygon", "coordinates": [[[-90.1144, 32.1811], [-90.1177, 32.1754], [-90.1167, 32.1697], [-90.1215, 32.1553], [-90.1131, 32.1581], [-90.098, 32.1698], [-90.0882, 32.1706], [-90.0895, 32.1818], [-90.081, 32.185], [-90.0709, 32.2011], [-90.0615, 32.2006], [-90.0547, 32.2063], [-90.0466, 32.2029], [-90.0415, 32.2042], [-90.0361, 32.2024], [-90.0351, 32.2055], [-90.0311, 32.2033], [-90.0271, 32.2045], [-90.0227, 32.1986], [-90.0181, 32.1993], [-90.0108, 32.1962], [-90.0089, 32.1931], [-90.0043, 32.1928], [-90.0008, 32.1878], [-90.0098, 32.1786], [-90.0208, 32.1554], [-90.0213, 32.1377], [-90.0341, 32.1244], [-90.0444, 32.1294], [-90.0502, 32.1278], [-90.0675, 32.1321], [-90.0798, 32.1305], [-90.0877, 32.1371], [-90.0889, 32.1415], [-90.097, 32.1422], [-90.1073, 32.1484], [-90.1113, 32.1476], [-90.1212, 32.1522], [-90.1273, 32.1583], [-90.1356, 32.1811], [-90.1144, 32.1811]]]}}, {"type": "Feature", "properties": {"fips": "28121020705", "gap_national": 38.2, "gap_stratum": 41.6, "burden": 72.7, "capacity": 43.0, "svi": 0.81, "top_decile_gap": 0.0, "stratum": "metropolitan", "scored": 1}, "geometry": {"type": "Polygon", "coordinates": [[[-90.1094, 32.2834], [-90.0917, 32.2836], [-90.0925, 32.2763], [-90.0946, 32.2763], [-90.0975, 32.2676], [-90.1021, 32.2669], [-90.1453, 32.2662], [-90.1582, 32.273], [-90.1576, 32.2781], [-90.1094, 32.2834]]]}}, {"type": "Feature", "properties": {"fips": "28121020103", "gap_national": -56.7, "gap_stratum": -49.8, "burden": 36.1, "capacity": 81.6, "svi": 0.01, "top_decile_gap": 0.0, "stratum": "metropolitan", "scored": 1}, "geometry": {"type": "Polygon", "coordinates": [[[-89.9909, 32.3129], [-89.9722, 32.342], [-89.9722, 32.3566], [-89.9389, 32.3566], [-89.925, 32.3531], [-89.9243, 32.3474], [-89.9291, 32.3293], [-89.9291, 32.316], [-89.9396, 32.3087], [-89.9517, 32.2899], [-89.9864, 32.2912], [-89.9951, 32.2862], [-89.9982, 32.2918], [-89.9909, 32.3129]]]}}, {"type": "Feature", "properties": {"fips": "28119950300", "gap_national": 28.2, "gap_stratum": 35.4, "burden": 97.7, "capacity": 65.0, "svi": 0.88, "top_decile_gap": 0.0, "stratum": "rural", "scored": 1}, "geometry": {"type": "Polygon", "coordinates": [[[-90.4508, 34.2233], [-90.3457, 34.2572], [-90.3139, 34.265], [-90.2949, 34.2607], [-90.2952, 34.2349], [-90.2762, 34.2385], [-90.2761, 34.2403], [-90.2722, 34.2403], [-90.2723, 34.2475], [-90.2623, 34.2501], [-90.2668, 34.261], [-90.2581, 34.262], [-90.2193, 34.2839], [-90.1667, 34.2852], [-90.1345, 34.2656], [-90.1357, 34.0729], [-90.451, 34.0729], [-90.4508, 34.2233]]]}}, {"type": "Feature", "properties": {"fips": "28051950300", "gap_national": 31.9, "gap_stratum": 31.5, "burden": 97.6, "capacity": 62.5, "svi": 0.9, "top_decile_gap": 0.0, "stratum": "micropolitan", "scored": 1}, "geometry": {"type": "Polygon", "coordinates": [[[-90.3256, 33.3121], [-90.315, 33.3102], [-90.3177, 33.3173], [-90.3104, 33.3204], [-90.3038, 33.3169], [-90.3048, 33.3096], [-90.2949, 33.3149], [-90.2895, 33.3117], [-90.2864, 33.3127], [-90.2917, 33.319], [-90.2919, 33.3237], [-90.2819, 33.3339], [-90.2796, 33.3395], [-90.2821, 33.348], [-90.2886, 33.3577], [-90.2977, 33.3623], [-90.3181, 33.363], [-90.3226, 33.3679], [-90.3215, 33.3751], [-90.1413, 33.324], [-90.1484, 33.3247], [-90.1476, 33.3171], [-90.1511, 33.3041], [-90.1477, 33.2878], [-90.1353, 33.2585], [-90.1413, 33.2484], [-90.1435, 33.2379], [-90.1394, 33.2319], [-90.1401, 33.228], [-90.1364, 33.2248], [-90.1464, 33.2168], [-90.1481, 33.2126], [-90.1446, 33.1976], [-90.1466, 33.1872], [-90.1509, 33.1839], [-90.1555, 33.184], [-90.1659, 33.1909], [-90.1683, 33.1894], [-90.166, 33.1838], [-90.1682, 33.1782], [-90.1644, 33.1774], [-90.1685, 33.1764], [-90.1629, 33.1734], [-90.1647, 33.1701], [-90.1701, 33.1688], [-90.1669, 33.1579], [-90.1733, 33.1568], [-90.1745, 33.1543], [-90.1778, 33.1546], [-90.1788, 33.1514], [-90.1826, 33.1511], [-90.1834, 33.1473], [-90.188, 33.1444], [-90.1881, 33.1393], [-90.1958, 33.1375], [-90.1972, 33.1391], [-90.2042, 33.1346], [-90.2088, 33.1387], [-90.2172, 33.1344], [-90.2213, 33.1349], [-90.2205, 33.1327], [-90.2481, 33.1116], [-90.2593, 33.1163], [-90.2683, 33.1157], [-90.2705, 33.1251], [-90.2861, 33.1348], [-90.3002, 33.1516], [-90.3063, 33.1551], [-90.3205, 33.1569], [-90.3218, 33.1617], [-90.3304, 33.1689], [-90.3316, 33.3028], [-90.3256, 33.3121]]]}}, {"type": "Feature", "properties": {"fips": "28017950402", "gap_national": 6.6, "gap_stratum": -14.1, "burden": 77.0, "capacity": 67.8, "svi": 0.66, "top_decile_gap": 0.0, "stratum": "rural", "scored": 1}, "geometry": {"type": "Polygon", "coordinates": [[[-89.19, 33.8117], [-89.1379, 33.8121], [-89.1378, 33.9187], [-89.1229, 33.9208], [-89.0497, 33.9204], [-89.046, 33.9179], [-89.0526, 33.9113], [-89.0673, 33.9055], [-89.0683, 33.8888], [-89.0723, 33.8883], [-89.0734, 33.8833], [-89.0589, 33.8813], [-89.053, 33.8707], [-89.0533, 33.8642], [-89.0359, 33.8706], [-89.0261, 33.8706], [-89.0223, 33.8734], [-89.0156, 33.869], [-88.9962, 33.8694], [-88.9856, 33.8669], [-88.9752, 33.8526], [-88.9774, 33.856], [-88.9678, 33.8776], [-88.9644, 33.8738], [-88.9643, 33.8872], [-88.9541, 33.8865], [-88.9533, 33.8804], [-88.9403, 33.8539], [-88.9329, 33.8461], [-88.9304, 33.8301], [-88.9095, 33.8122], [-88.9312, 33.8124], [-88.9316, 33.7543], [-89.0348, 33.7542], [-89.0345, 33.7394], [-89.1918, 33.7386], [-89.19, 33.8117]]]}}, {"type": "Feature", "properties": {"fips": "28151000701", "gap_national": -2.3, "gap_stratum": -18.7, "burden": 78.6, "capacity": 76.1, "svi": 0.74, "top_decile_gap": 0.0, "stratum": "micropolitan", "scored": 1}, "geometry": {"type": "Polygon", "coordinates": [[[-91.0063, 33.3859], [-91.0061, 33.3709], [-91.0222, 33.3708], [-91.0275, 33.3736], [-91.0397, 33.3744], [-91.0398, 33.3726], [-91.0564, 33.3765], [-91.0545, 33.382], [-91.0586, 33.3851], [-91.0063, 33.3859]]]}}, {"type": "Feature", "properties": {"fips": "28141950102", "gap_national": 31.5, "gap_stratum": 37.4, "burden": 89.2, "capacity": 58.9, "svi": 0.55, "top_decile_gap": 0.0, "stratum": "rural", "scored": 1}, "geometry": {"type": "Polygon", "coordinates": [[[-88.2585, 34.8967], [-88.2583, 34.9011], [-88.2564, 34.9], [-88.2558, 34.9064], [-88.2475, 34.9051], [-88.2447, 34.9068], [-88.2437, 34.9033], [-88.2284, 34.9059], [-88.2222, 34.9015], [-88.2055, 34.8999], [-88.2064, 34.9067], [-88.1986, 34.9154], [-88.1988, 34.9192], [-88.1795, 34.9237], [-88.1738, 34.9203], [-88.1711, 34.9219], [-88.1729, 34.9155], [-88.1696, 34.9134], [-88.1679, 34.925], [-88.1601, 34.9311], [-88.1546, 34.9224], [-88.1367, 34.9076], [-88.0979, 34.8922], [-88.1048, 34.8344], [-88.113, 34.8342], [-88.1208, 34.8284], [-88.1292, 34.8301], [-88.1711, 34.823], [-88.1655, 34.8336], [-88.1808, 34.8334], [-88.1803, 34.8495], [-88.1851, 34.8595], [-88.2024, 34.8484], [-88.2098, 34.8482], [-88.2187, 34.8428], [-88.2221, 34.832], [-88.2246, 34.8356], [-88.2262, 34.8474], [-88.2446, 34.8491], [-88.2519, 34.8563], [-88.2521, 34.8647], [-88.2494, 34.8701], [-88.2578, 34.8808], [-88.2576, 34.8893], [-88.2614, 34.8911], [-88.2619, 34.8946], [-88.2585, 34.8967]]]}}, {"type": "Feature", "properties": {"fips": "28045030302", "gap_national": -29.3, "gap_stratum": -20.7, "burden": 52.9, "capacity": 74.0, "svi": 0.08, "top_decile_gap": 0.0, "stratum": "metropolitan", "scored": 1}, "geometry": {"type": "Polygon", "coordinates": [[[-89.4177, 30.3372], [-89.4163, 30.3354], [-89.409, 30.3376], [-89.4066, 30.3436], [-89.4026, 30.3451], [-89.3928, 30.3362], [-89.378, 30.3353], [-89.3731, 30.3279], [-89.3762, 30.3189], [-89.3594, 30.3126], [-89.3785, 30.3061], [-89.3857, 30.3117], [-89.4031, 30.3147], [-89.4202, 30.3249], [-89.425, 30.3302], [-89.4177, 30.3372]]]}}, {"type": "Feature", "properties": {"fips": "28065950102", "gap_national": 20.2, "gap_stratum": 22.4, "burden": 96.5, "capacity": 70.2, "svi": 0.97, "top_decile_gap": 0.0, "stratum": "rural", "scored": 1}, "geometry": {"type": "Polygon", "coordinates": [[[-89.8907, 31.5953], [-89.8797, 31.6112], [-89.8584, 31.6145], [-89.8584, 31.6497], [-89.8658, 31.6886], [-89.8759, 31.7673], [-89.7551, 31.7747], [-89.7556, 31.6098], [-89.7564, 31.6037], [-89.7671, 31.5951], [-89.769, 31.5902], [-89.7668, 31.5852], [-89.7819, 31.5874], [-89.7864, 31.5921], [-89.7943, 31.5938], [-89.7965, 31.5905], [-89.8034, 31.5891], [-89.8095, 31.592], [-89.8182, 31.5897], [-89.8258, 31.5918], [-89.8311, 31.5861], [-89.8473, 31.5875], [-89.8629, 31.5951], [-89.8655, 31.5906], [-89.8726, 31.5886], [-89.899, 31.5887], [-89.8907, 31.5953]]]}}, {"type": "Feature", "properties": {"fips": "28021950200", "gap_national": 18.6, "gap_stratum": 19.1, "burden": 94.3, "capacity": 70.3, "svi": 0.81, "top_decile_gap": 0.0, "stratum": "rural", "scored": 1}, "geometry": {"type": "Polygon", "coordinates": [[[-90.9881, 31.9712], [-90.9892, 31.9659], [-90.9843, 31.9667], [-90.9689, 31.9614], [-90.9727, 31.954], [-90.9694, 31.9513], [-90.9689, 31.9438], [-90.9723, 31.9404], [-90.9795, 31.9444], [-90.98, 31.9426], [-90.9856, 31.9426], [-90.9883, 31.9454], [-90.985, 31.9593], [-90.9897, 31.9577], [-90.9891, 31.9644], [-90.9964, 31.9731], [-90.9881, 31.9712]]]}}, {"type": "Feature", "properties": {"fips": "28145950500", "gap_national": 37.9, "gap_stratum": 33.5, "burden": 83.7, "capacity": 51.4, "svi": 0.61, "top_decile_gap": 0.0, "stratum": "micropolitan", "scored": 1}, "geometry": {"type": "Polygon", "coordinates": [[[-89.0164, 34.3977], [-89.0141, 34.4527], [-89.0085, 34.4536], [-88.9975, 34.4602], [-88.9841, 34.4743], [-88.9833, 34.4816], [-88.9723, 34.4744], [-88.9379, 34.4734], [-88.9351, 34.4902], [-88.9225, 34.4942], [-88.9209, 34.4969], [-88.9174, 34.4955], [-88.8919, 34.5041], [-88.8824, 34.4994], [-88.8744, 34.487], [-88.8527, 34.4872], [-88.8503, 34.4899], [-88.8411, 34.4868], [-88.8358, 34.4885], [-88.8206, 34.4866], [-88.8172, 34.4884], [-88.8187, 34.4915], [-88.8141, 34.4951], [-88.7894, 34.4949], [-88.7898, 34.3937], [-88.8251, 34.3939], [-88.825, 34.3648], [-88.9285, 34.365], [-88.9289, 34.3794], [-89.0228, 34.38], [-89.0164, 34.3977]]]}}, {"type": "Feature", "properties": {"fips": "28073020303", "gap_national": -44.1, "gap_stratum": -39.0, "burden": 31.6, "capacity": 66.6, "svi": 0.26, "top_decile_gap": 0.0, "stratum": "metropolitan", "scored": 1}, "geometry": {"type": "Polygon", "coordinates": [[[-89.4105, 31.3109], [-89.4045, 31.3109], [-89.3785, 31.2989], [-89.3773, 31.301], [-89.3729, 31.2958], [-89.3659, 31.2931], [-89.3629, 31.287], [-89.3563, 31.2815], [-89.3478, 31.2843], [-89.3487, 31.1869], [-89.3519, 31.184], [-89.3546, 31.1974], [-89.362, 31.2051], [-89.3857, 31.2067], [-89.4087, 31.218], [-89.4106, 31.2226], [-89.4068, 31.23], [-89.3894, 31.2351], [-89.3863, 31.2381], [-89.3905, 31.2624], [-89.3833, 31.2687], [-89.3814, 31.2838], [-89.3898, 31.2846], [-89.3903, 31.2931], [-89.3958, 31.2891], [-89.3998, 31.2918], [-89.4113, 31.2927], [-89.4105, 31.3109]]]}}, {"type": "Feature", "properties": {"fips": "28081950203", "gap_national": -45.9, "gap_stratum": -78.2, "burden": 45.4, "capacity": 81.6, "svi": 0.15, "top_decile_gap": 0.0, "stratum": "micropolitan", "scored": 1}, "geometry": {"type": "Polygon", "coordinates": [[[-88.7898, 34.3937], [-88.7897, 34.4262], [-88.7734, 34.4251], [-88.7699, 34.4082], [-88.7419, 34.4081], [-88.7334, 34.4008], [-88.7373, 34.4006], [-88.7373, 34.3905], [-88.7331, 34.386], [-88.7308, 34.3726], [-88.7168, 34.3717], [-88.7269, 34.3644], [-88.7297, 34.3508], [-88.7266, 34.3415], [-88.7202, 34.3353], [-88.724, 34.3277], [-88.7224, 34.3243], [-88.7158, 34.3236], [-88.7209, 34.3078], [-88.7357, 34.3218], [-88.7381, 34.3366], [-88.7808, 34.3598], [-88.7894, 34.3751], [-88.79, 34.3719], [-88.7943, 34.372], [-88.799, 34.368], [-88.7988, 34.3642], [-88.7949, 34.3601], [-88.8051, 34.3574], [-88.8162, 34.3576], [-88.8161, 34.3502], [-88.8212, 34.3501], [-88.8248, 34.3533], [-88.8251, 34.3939], [-88.7898, 34.3937]]]}}, {"type": "Feature", "properties": {"fips": "28003950401", "gap_national": 24.5, "gap_stratum": 12.8, "burden": 77.0, "capacity": 55.8, "svi": 0.43, "top_decile_gap": 0.0, "stratum": "micropolitan", "scored": 1}, "geometry": {"type": "Polygon", "coordinates": [[[-88.8143, 34.9112], [-88.8106, 34.9147], [-88.7974, 34.9094], [-88.7955, 34.9201], [-88.7901, 34.9147], [-88.7892, 34.9202], [-88.7776, 34.9228], [-88.7746, 34.9258], [-88.7689, 34.9231], [-88.7644, 34.9241], [-88.7618, 34.9289], [-88.7569, 34.9317], [-88.7377, 34.9363], [-88.7128, 34.931], [-88.5707, 34.9309], [-88.5844, 34.9224], [-88.5946, 34.9092], [-88.5943, 34.8947], [-88.588, 34.8944], [-88.5854, 34.892], [-88.5855, 34.8857], [-88.5901, 34.876], [-88.5856, 34.8763], [-88.5858, 34.858], [-88.61, 34.8581], [-88.6141, 34.8545], [-88.6357, 34.8575], [-88.6404, 34.8621], [-88.6649, 34.8569], [-88.6654, 34.8704], [-88.6752, 34.8655], [-88.6917, 34.8696], [-88.6958, 34.8673], [-88.7046, 34.8673], [-88.7089, 34.8648], [-88.7167, 34.8528], [-88.7202, 34.8544], [-88.7311, 34.8513], [-88.7427, 34.8523], [-88.753, 34.8473], [-88.753, 34.8588], [-88.8235, 34.8586], [-88.8235, 34.9135], [-88.8143, 34.9112]]]}}, {"type": "Feature", "properties": {"fips": "28033071121", "gap_national": -8.2, "gap_stratum": -2.4, "burden": 47.1, "capacity": 54.6, "svi": 0.36, "top_decile_gap": 0.0, "stratum": "metropolitan", "scored": 1}, "geometry": {"type": "Polygon", "coordinates": [[[-89.9913, 34.8833], [-89.9911, 34.8607], [-89.9763, 34.8239], [-89.9846, 34.8237], [-90.0026, 34.8395], [-90.0027, 34.8626], [-90.0075, 34.8822], [-89.9913, 34.8833]]]}}, {"type": "Feature", "properties": {"fips": "28093950301", "gap_national": 30.6, "gap_stratum": 30.7, "burden": 88.9, "capacity": 59.3, "svi": 0.67, "top_decile_gap": 0.0, "stratum": "metropolitan", "scored": 1}, "geometry": {"type": "Polygon", "coordinates": [[[-89.6173, 34.8314], [-89.6171, 34.7876], [-89.6081, 34.7876], [-89.608, 34.7771], [-89.5995, 34.7774], [-89.5945, 34.7737], [-89.5899, 34.7738], [-89.5838, 34.7664], [-89.5797, 34.7649], [-89.5774, 34.7707], [-89.5649, 34.7774], [-89.5641, 34.7801], [-89.564, 34.774], [-89.5591, 34.7765], [-89.5557, 34.7743], [-89.5469, 34.774], [-89.5427, 34.7778], [-89.5311, 34.7798], [-89.5237, 34.7873], [-89.5169, 34.7866], [-89.5042, 34.7796], [-89.4893, 34.7785], [-89.474, 34.7689], [-89.4804, 34.763], [-89.4815, 34.7557], [-89.4789, 34.7575], [-89.4794, 34.7517], [-89.4696, 34.7467], [-89.4662, 34.7397], [-89.472, 34.7365], [-89.4786, 34.7295], [-89.4799, 34.7248], [-89.5009, 34.7036], [-89.5118, 34.6985], [-89.5219, 34.7133], [-89.5231, 34.7221], [-89.531, 34.7256], [-89.5385, 34.7382], [-89.5536, 34.7302], [-89.566, 34.7301], [-89.5783, 34.7255], [-89.5821, 34.7208], [-89.5957, 34.7194], [-89.6013, 34.7158], [-89.723, 34.7132], [-89.7239, 34.831], [-89.6173, 34.8314]]]}}, {"type": "Feature", "properties": {"fips": "28093950202", "gap_national": 20.4, "gap_stratum": 21.1, "burden": 91.2, "capacity": 67.5, "svi": 0.4, "top_decile_gap": 0.0, "stratum": "metropolitan", "scored": 1}, "geometry": {"type": "Polygon", "coordinates": [[[-89.7243, 34.9952], [-89.6179, 34.9952], [-89.6176, 34.907], [-89.6238, 34.9128], [-89.6266, 34.9116], [-89.6375, 34.9183], [-89.6369, 34.9227], [-89.6386, 34.9225], [-89.6375, 34.924], [-89.6422, 34.9309], [-89.6391, 34.9324], [-89.6453, 34.9372], [-89.6476, 34.9363], [-89.6488, 34.9401], [-89.6538, 34.941], [-89.6604, 34.9386], [-89.6624, 34.941], [-89.667, 34.9387], [-89.6669, 34.9409], [-89.6718, 34.9399], [-89.6735, 34.942], [-89.6759, 34.9393], [-89.6732, 34.9366], [-89.6688, 34.9375], [-89.6688, 34.9334], [-89.6711, 34.9334], [-89.6712, 34.8932], [-89.6754, 34.8912], [-89.6778, 34.8859], [-89.6887, 34.8859], [-89.6887, 34.8721], [-89.6975, 34.8728], [-89.7239, 34.8862], [-89.7243, 34.9952]]]}}, {"type": "Feature", "properties": {"fips": "28099010400", "gap_national": 28.7, "gap_stratum": 28.6, "burden": 93.7, "capacity": 63.0, "svi": 0.85, "top_decile_gap": 0.0, "stratum": "small_town", "scored": 1}, "geometry": {"type": "Polygon", "coordinates": [[[-89.1313, 32.8039], [-89.1239, 32.809], [-89.1097, 32.8099], [-89.1039, 32.8146], [-89.1042, 32.8052], [-89.0956, 32.8049], [-89.0932, 32.7976], [-89.1043, 32.7797], [-89.0903, 32.7798], [-89.0817, 32.7869], [-89.0816, 32.7789], [-89.0856, 32.7708], [-89.1252, 32.7706], [-89.1341, 32.7682], [-89.1363, 32.7698], [-89.1313, 32.8039]]]}}, {"type": "Feature", "properties": {"fips": "28153950101", "gap_national": 25.7, "gap_stratum": 30.4, "burden": 93.8, "capacity": 65.1, "svi": 0.54, "top_decile_gap": 0.0, "stratum": "rural", "scored": 1}, "geometry": {"type": "Polygon", "coordinates": [[[-88.7112, 31.8008], [-88.7036, 31.8021], [-88.7101, 31.8066], [-88.709, 31.8099], [-88.6994, 31.8046], [-88.6946, 31.8082], [-88.6949, 31.8102], [-88.7018, 31.8124], [-88.7014, 31.8192], [-88.7117, 31.8191], [-88.7155, 31.8237], [-88.7089, 31.8317], [-88.7028, 31.8342], [-88.7008, 31.8399], [-88.6907, 31.8386], [-88.6909, 31.8466], [-88.6224, 31.8572], [-88.4732, 31.8939], [-88.4639, 31.6889], [-88.468, 31.6891], [-88.475, 31.6975], [-88.5066, 31.7013], [-88.5343, 31.6861], [-88.5812, 31.691], [-88.5971, 31.686], [-88.6026, 31.6815], [-88.6151, 31.6811], [-88.6205, 31.7002], [-88.6249, 31.7], [-88.6268, 31.697], [-88.6447, 31.6958], [-88.6447, 31.6974], [-88.6466, 31.6944], [-88.6664, 31.696], [-88.6687, 31.6974], [-88.6597, 31.7102], [-88.6586, 31.7199], [-88.6759, 31.7276], [-88.6719, 31.7312], [-88.6723, 31.7338], [-88.6754, 31.731], [-88.6787, 31.7333], [-88.6741, 31.7368], [-88.6747, 31.7413], [-88.6779, 31.7438], [-88.6723, 31.7455], [-88.6722, 31.7475], [-88.6762, 31.7457], [-88.682, 31.7573], [-88.6863, 31.7546], [-88.6921, 31.7612], [-88.6851, 31.761], [-88.7026, 31.7745], [-88.6956, 31.7849], [-88.7117, 31.783], [-88.7153, 31.7956], [-88.7112, 31.8008]]]}}, {"type": "Feature", "properties": {"fips": "28059042600", "gap_national": -34.7, "gap_stratum": -26.1, "burden": 56.8, "capacity": 84.0, "svi": 0.21, "top_decile_gap": 0.0, "stratum": "metropolitan", "scored": 1}, "geometry": {"type": "Polygon", "coordinates": [[[-88.5067, 30.355], [-88.5076, 30.3455], [-88.5139, 30.332], [-88.5269, 30.3424], [-88.5363, 30.3433], [-88.5376, 30.3548], [-88.5067, 30.355]]]}}, {"type": "Feature", "properties": {"fips": "28075010601", "gap_national": -8.8, "gap_stratum": -34.5, "burden": 65.6, "capacity": 69.5, "svi": 0.24, "top_decile_gap": 0.0, "stratum": "micropolitan", "scored": 1}, "geometry": {"type": "Polygon", "coordinates": [[[-88.667, 32.3723], [-88.6504, 32.3803], [-88.6063, 32.3885], [-88.6049, 32.3849], [-88.6096, 32.376], [-88.6102, 32.3567], [-88.6131, 32.3562], [-88.6109, 32.3544], [-88.6094, 32.3393], [-88.6038, 32.3336], [-88.603, 32.3273], [-88.6071, 32.3219], [-88.6064, 32.3192], [-88.6009, 32.3139], [-88.5885, 32.3066], [-88.5839, 32.3062], [-88.5784, 32.3091], [-88.572, 32.33], [-88.5556, 32.3223], [-88.5344, 32.3076], [-88.5244, 32.3045], [-88.4531, 32.2654], [-88.4363, 32.2601], [-88.4279, 32.253], [-88.4313, 32.2277], [-88.5724, 32.2268], [-88.5746, 32.2324], [-88.5701, 32.2377], [-88.5737, 32.2409], [-88.5686, 32.2441], [-88.5684, 32.2479], [-88.5736, 32.2528], [-88.5682, 32.2685], [-88.5692, 32.2728], [-88.5754, 32.2766], [-88.576, 32.2818], [-88.5703, 32.2957], [-88.6167, 32.2986], [-88.627, 32.3071], [-88.6438, 32.315], [-88.6514, 32.3228], [-88.6654, 32.3274], [-88.6669, 32.3345], [-88.6747, 32.3417], [-88.6749, 32.3484], [-88.6787, 32.356], [-88.6838, 32.3581], [-88.667, 32.3723]]]}}, {"type": "Feature", "properties": {"fips": "28075010602", "gap_national": 13.3, "gap_stratum": 4.0, "burden": 83.8, "capacity": 67.9, "svi": 0.42, "top_decile_gap": 0.0, "stratum": "micropolitan", "scored": 1}, "geometry": {"type": "Polygon", "coordinates": [[[-88.6102, 32.3567], [-88.6096, 32.376], [-88.6049, 32.3849], [-88.6063, 32.3885], [-88.5213, 32.4131], [-88.4974, 32.4134], [-88.4746, 32.4106], [-88.4647, 32.4124], [-88.4598, 32.4149], [-88.4466, 32.4319], [-88.4318, 32.4399], [-88.4039, 32.4488], [-88.4279, 32.253], [-88.4363, 32.2601], [-88.4549, 32.2662], [-88.5244, 32.3045], [-88.5344, 32.3076], [-88.5501, 32.3194], [-88.572, 32.33], [-88.5784, 32.3091], [-88.5885, 32.3066], [-88.5974, 32.3109], [-88.6064, 32.3192], [-88.6071, 32.3219], [-88.603, 32.3273], [-88.6038, 32.3336], [-88.6094, 32.3393], [-88.6109, 32.3544], [-88.6131, 32.3562], [-88.6102, 32.3567]]]}}, {"type": "Feature", "properties": {"fips": "28067950401", "gap_national": 13.5, "gap_stratum": -1.9, "burden": 75.6, "capacity": 62.0, "svi": 0.72, "top_decile_gap": 0.0, "stratum": "micropolitan", "scored": 1}, "geometry": {"type": "Polygon", "coordinates": [[[-89.1848, 31.741], [-89.1761, 31.7417], [-89.165, 31.7375], [-89.1597, 31.7513], [-89.154, 31.7526], [-89.1353, 31.7224], [-89.1345, 31.7077], [-89.1485, 31.7078], [-89.1605, 31.7141], [-89.1769, 31.7167], [-89.1842, 31.7222], [-89.1848, 31.741]]]}}, {"type": "Feature", "properties": {"fips": "28071950404", "gap_national": -30.9, "gap_stratum": -57.7, "burden": 38.6, "capacity": 63.2, "svi": 0.26, "top_decile_gap": 0.0, "stratum": "micropolitan", "scored": 1}, "geometry": {"type": "Polygon", "coordinates": [[[-89.6233, 34.3819], [-89.6231, 34.3904], [-89.6128, 34.3943], [-89.6081, 34.4033], [-89.6089, 34.4095], [-89.5961, 34.4111], [-89.6038, 34.4157], [-89.6039, 34.4223], [-89.5977, 34.426], [-89.5935, 34.4371], [-89.5882, 34.4393], [-89.5749, 34.4311], [-89.5679, 34.4193], [-89.5518, 34.4011], [-89.5486, 34.3897], [-89.554, 34.386], [-89.5657, 34.3929], [-89.5668, 34.3898], [-89.5731, 34.3879], [-89.5733, 34.3825], [-89.5626, 34.3723], [-89.5639, 34.3684], [-89.5706, 34.3683], [-89.5672, 34.3619], [-89.6192, 34.3586], [-89.6221, 34.3633], [-89.6309, 34.3683], [-89.6233, 34.3819]]]}}, {"type": "Feature", "properties": {"fips": "28005950100", "gap_national": 8.8, "gap_stratum": 2.4, "burden": 90.5, "capacity": 76.1, "svi": 0.76, "top_decile_gap": 0.0, "stratum": "rural", "scored": 1}, "geometry": {"type": "Polygon", "coordinates": [[[-90.8465, 31.28], [-90.8326, 31.2873], [-90.8321, 31.2922], [-90.8264, 31.3013], [-90.8261, 31.3149], [-90.8228, 31.3197], [-90.8081, 31.3292], [-90.8067, 31.3418], [-90.804, 31.345], [-90.7897, 31.3495], [-90.5482, 31.3496], [-90.5481, 31.1597], [-90.5901, 31.1588], [-90.6077, 31.1658], [-90.6227, 31.1685], [-90.6317, 31.1738], [-90.635, 31.1655], [-90.6484, 31.162], [-90.6522, 31.1633], [-90.6633, 31.1568], [-90.6665, 31.1582], [-90.6813, 31.1544], [-90.679, 31.1504], [-90.6805, 31.1433], [-90.7057, 31.146], [-90.7055, 31.1317], [-90.7078, 31.1311], [-90.7154, 31.1368], [-90.7146, 31.1395], [-90.7201, 31.1443], [-90.7306, 31.1463], [-90.7461, 31.1454], [-90.7515, 31.1394], [-90.7657, 31.1366], [-90.7691, 31.1307], [-90.7792, 31.1355], [-90.7941, 31.1489], [-90.7992, 31.1436], [-90.8029, 31.1484], [-90.8131, 31.1515], [-90.8158, 31.1581], [-90.8255, 31.1663], [-90.8261, 31.1827], [-90.8369, 31.2076], [-90.837, 31.2187], [-90.841, 31.2258], [-90.8406, 31.2398], [-90.8474, 31.252], [-90.8496, 31.2756], [-90.8465, 31.28]]]}}, {"type": "Feature", "properties": {"fips": "28033070221", "gap_national": 36.6, "gap_stratum": 35.7, "burden": 91.4, "capacity": 56.8, "svi": 0.72, "top_decile_gap": 0.0, "stratum": "metropolitan", "scored": 1}, "geometry": {"type": "Polygon", "coordinates": [[[-90.1095, 34.8815], [-90.1049, 34.8851], [-90.1048, 34.8976], [-90.0958, 34.9113], [-90.0961, 34.9479], [-90.0607, 34.9481], [-90.0606, 34.9336], [-90.0429, 34.9335], [-90.0432, 34.8787], [-90.0511, 34.8789], [-90.0517, 34.8752], [-90.1316, 34.8757], [-90.1095, 34.8815]]]}}, {"type": "Feature", "properties": {"fips": "28087000902", "gap_national": 41.9, "gap_stratum": 44.0, "burden": 96.4, "capacity": 55.5, "svi": 0.83, "top_decile_gap": 0.0, "stratum": "micropolitan", "scored": 1}, "geometry": {"type": "Polygon", "coordinates": [[[-88.4319, 33.5057], [-88.4297, 33.5013], [-88.4254, 33.5184], [-88.4174, 33.5182], [-88.4151, 33.5029], [-88.4125, 33.4997], [-88.415, 33.4969], [-88.4329, 33.4948], [-88.4387, 33.5], [-88.4319, 33.5057]]]}}, {"type": "Feature", "properties": {"fips": "28047003514", "gap_national": 20.4, "gap_stratum": 25.5, "burden": 62.9, "capacity": 47.6, "svi": 0.38, "top_decile_gap": 0.0, "stratum": "metropolitan", "scored": 1}, "geometry": {"type": "Polygon", "coordinates": [[[-89.1961, 30.5951], [-89.1828, 30.5986], [-89.1794, 30.5975], [-89.1789, 30.5939], [-89.167, 30.5932], [-89.164, 30.5874], [-89.1656, 30.5872], [-89.1465, 30.5788], [-89.1414, 30.5703], [-89.135, 30.5696], [-89.1323, 30.5562], [-89.1175, 30.5301], [-89.1113, 30.5004], [-89.1384, 30.5037], [-89.1712, 30.5155], [-89.168, 30.5337], [-89.1692, 30.5421], [-89.1836, 30.5487], [-89.187, 30.5556], [-89.187, 30.57], [-89.2, 30.5758], [-89.2084, 30.5864], [-89.1961, 30.5951]]]}}, {"type": "Feature", "properties": {"fips": "28047001203", "gap_national": -19.2, "gap_stratum": -15.8, "burden": 32.7, "capacity": 50.8, "svi": 0.14, "top_decile_gap": 0.0, "stratum": "metropolitan", "scored": 1}, "geometry": {"type": "MultiPolygon", "coordinates": [[[[-88.9472, 30.4101], [-88.9472, 30.4031], [-88.9508, 30.4032], [-88.9508, 30.41], [-88.9472, 30.4101]]], [[[-88.9756, 30.4155], [-88.9665, 30.4199], [-88.9439, 30.4193], [-88.9508, 30.4167], [-88.952, 30.4066], [-88.9614, 30.4061], [-88.9614, 30.4098], [-88.9763, 30.4097], [-88.9756, 30.4155]]]]}}, {"type": "Feature", "properties": {"fips": "28047003001", "gap_national": 7.5, "gap_stratum": 12.6, "burden": 73.0, "capacity": 64.2, "svi": 0.6, "top_decile_gap": 0.0, "stratum": "metropolitan", "scored": 1}, "geometry": {"type": "Polygon", "coordinates": [[[-89.2494, 30.3427], [-89.2434, 30.3414], [-89.2403, 30.3364], [-89.2378, 30.3382], [-89.2374, 30.336], [-89.2224, 30.3381], [-89.2123, 30.3365], [-89.2042, 30.3369], [-89.1869, 30.3449], [-89.1868, 30.3389], [-89.2578, 30.3155], [-89.2631, 30.3276], [-89.2644, 30.3418], [-89.2494, 30.3427]]]}}, {"type": "Feature", "properties": {"fips": "28027950200", "gap_national": -13.9, "gap_stratum": -43.6, "burden": 53.9, "capacity": 63.6, "svi": 0.41, "top_decile_gap": 0.0, "stratum": "micropolitan", "scored": 1}, "geometry": {"type": "Polygon", "coordinates": [[[-90.91, 34.1655], [-90.8944, 34.161], [-90.8686, 34.1425], [-90.8535, 34.1375], [-90.8361, 34.1379], [-90.8226, 34.1441], [-90.8159, 34.1499], [-90.8076, 34.1618], [-90.8087, 34.1759], [-90.8124, 34.1808], [-90.8284, 34.1848], [-90.8382, 34.1838], [-90.8544, 34.1868], [-90.8697, 34.1828], [-90.8775, 34.1856], [-90.8876, 34.1824], [-90.9144, 34.1957], [-90.9345, 34.2179], [-90.9365, 34.2248], [-90.9355, 34.2378], [-90.929, 34.2445], [-90.9124, 34.2459], [-90.9063, 34.2444], [-90.8966, 34.2258], [-90.8813, 34.2164], [-90.8564, 34.2113], [-90.8471, 34.2061], [-90.8381, 34.22], [-90.8405, 34.238], [-90.835, 34.2586], [-90.8336, 34.2741], [-90.8296, 34.2786], [-90.8167, 34.2806], [-90.7869, 34.2724], [-90.7899, 34.27], [-90.7813, 34.2674], [-90.773, 34.2676], [-90.7503, 34.2611], [-90.7354, 34.2616], [-90.7288, 34.2652], [-90.7029, 34.2657], [-90.7035, 34.2815], [-90.6867, 34.2948], [-90.6721, 34.295], [-90.6502, 34.2911], [-90.6397, 34.3051], [-90.6364, 34.2926], [-90.605, 34.2773], [-90.597, 34.2773], [-90.597, 34.2834], [-90.5765, 34.2673], [-90.5653, 34.268], [-90.5617, 34.2621], [-90.5536, 34.2597], [-90.5533, 34.2506], [-90.548, 34.248], [-90.5515, 34.2452], [-90.5503, 34.2373], [-90.5531, 34.2353], [-90.5456, 34.2287], [-90.5491, 34.2283], [-90.5508, 34.2307], [-90.5552, 34.2242], [-90.5588, 34.2265], [-90.5724, 34.2184], [-90.6027, 34.2186], [-90.6067, 34.2108], [-90.6088, 34.2111], [-90.6067, 34.2043], [-90.6104, 34.2043], [-90.6105, 34.2012], [-90.6063, 34.1985], [-90.6064, 34.1938], [-90.6195, 34.194], [-90.615, 34.1924], [-90.617, 34.1875], [-90.6111, 34.183], [-90.5778, 34.1828], [-90.5809, 34.1377], [-90.5903, 34.1279], [-90.5899, 34.089], [-90.6425, 34.0886], [-90.6426, 34.074], [-90.6597, 34.0751], [-90.6595, 34.1189], [-90.9566, 34.1201], [-90.961, 34.1305], [-90.9586, 34.1355], [-90.91, 34.1655]]]}}, {"type": "Feature", "properties": {"fips": "28033070101", "gap_national": 39.3, "gap_stratum": 41.4, "burden": 78.1, "capacity": 46.5, "svi": 0.8, "top_decile_gap": 0.0, "stratum": "metropolitan", "scored": 1}, "geometry": {"type": "Polygon", "coordinates": [[[-90.2897, 34.8833], [-90.2769, 34.8852], [-90.2579, 34.8934], [-90.2491, 34.9001], [-90.2432, 34.9091], [-90.2413, 34.919], [-90.2438, 34.9453], [-90.2459, 34.9487], [-90.2707, 34.9588], [-90.2961, 34.9765], [-90.3084, 34.9957], [-90.1276, 34.9951], [-90.1415, 34.9768], [-90.144, 34.9522], [-90.1683, 34.9336], [-90.0961, 34.9333], [-90.0958, 34.9113], [-90.1048, 34.8976], [-90.1063, 34.883], [-90.1418, 34.8736], [-90.1461, 34.869], [-90.1481, 34.8602], [-90.3048, 34.8604], [-90.3149, 34.864], [-90.3177, 34.8711], [-90.2897, 34.8833]]]}}, {"type": "Feature", "properties": {"fips": "28033070821", "gap_national": -22.6, "gap_stratum": -14.5, "burden": 53.1, "capacity": 68.9, "svi": 0.28, "top_decile_gap": 0.0, "stratum": "metropolitan", "scored": 1}, "geometry": {"type": "Polygon", "coordinates": [[[-89.8247, 34.9622], [-89.795, 34.939], [-89.7949, 34.927], [-89.8191, 34.9387], [-89.845, 34.9548], [-89.8525, 34.9622], [-89.8247, 34.9622]]]}}, {"type": "Feature", "properties": {"fips": "28105950102", "gap_national": -2.0, "gap_stratum": -15.4, "burden": 25.5, "capacity": 30.8, "svi": 0.37, "top_decile_gap": 0.0, "stratum": "micropolitan", "scored": 1}, "geometry": {"type": "Polygon", "coordinates": [[[-88.7802, 33.498], [-88.7711, 33.4992], [-88.7679, 33.5038], [-88.7617, 33.5061], [-88.7378, 33.5063], [-88.72, 33.5144], [-88.7197, 33.5064], [-88.7155, 33.5062], [-88.7153, 33.4991], [-88.7067, 33.4988], [-88.7064, 33.4547], [-88.6976, 33.4477], [-88.6975, 33.4404], [-88.7326, 33.4403], [-88.7331, 33.4443], [-88.7389, 33.4473], [-88.7686, 33.4473], [-88.7687, 33.4542], [-88.7725, 33.4532], [-88.7751, 33.457], [-88.7798, 33.4583], [-88.7831, 33.4562], [-88.7828, 33.462], [-88.7765, 33.469], [-88.7611, 33.4722], [-88.7807, 33.4836], [-88.7873, 33.4807], [-88.7971, 33.4863], [-88.7802, 33.498]]]}}, {"type": "Feature", "properties": {"fips": "28073020305", "gap_national": 69.9, "gap_stratum": 69.9, "burden": 88.6, "capacity": 29.7, "svi": 0.99, "top_decile_gap": 1.0, "stratum": "metropolitan", "scored": 1}, "geometry": {"type": "Polygon", "coordinates": [[[-89.4075, 31.3176], [-89.3563, 31.3247], [-89.3563, 31.3211], [-89.3714, 31.311], [-89.3785, 31.2989], [-89.3991, 31.3091], [-89.4105, 31.3109], [-89.4129, 31.3174], [-89.4075, 31.3176]]]}}, {"type": "Feature", "properties": {"fips": "28127950403", "gap_national": 10.1, "gap_stratum": 14.3, "burden": 77.2, "capacity": 65.5, "svi": 0.67, "top_decile_gap": 0.0, "stratum": "metropolitan", "scored": 1}, "geometry": {"type": "Polygon", "coordinates": [[[-89.8849, 31.8966], [-89.8783, 31.8982], [-89.8695, 31.898], [-89.8543, 31.9117], [-89.8466, 31.9128], [-89.8468, 31.9208], [-89.8377, 31.9261], [-89.8324, 31.9383], [-89.8226, 31.9285], [-89.7667, 31.8958], [-89.7637, 31.8922], [-89.7639, 31.8802], [-89.7618, 31.8767], [-89.7398, 31.8665], [-89.735, 31.8615], [-89.7279, 31.8601], [-89.7267, 31.8565], [-89.7365, 31.8364], [-89.743, 31.8311], [-89.7487, 31.8309], [-89.7551, 31.8272], [-89.754, 31.816], [-89.7609, 31.8063], [-89.7752, 31.8054], [-89.7895, 31.8101], [-89.7926, 31.808], [-89.7885, 31.7895], [-89.7844, 31.7838], [-89.7852, 31.7779], [-89.783, 31.7738], [-89.7796, 31.7732], [-89.8759, 31.7673], [-89.8869, 31.8939], [-89.8849, 31.8966]]]}}, {"type": "Feature", "properties": {"fips": "28059040802", "gap_national": 26.2, "gap_stratum": 27.8, "burden": 82.8, "capacity": 58.6, "svi": 0.75, "top_decile_gap": 0.0, "stratum": "metropolitan", "scored": 1}, "geometry": {"type": "Polygon", "coordinates": [[[-88.6563, 30.452], [-88.6503, 30.4575], [-88.647, 30.4692], [-88.6503, 30.4754], [-88.6483, 30.4789], [-88.6327, 30.4859], [-88.627, 30.4822], [-88.6277, 30.4744], [-88.623, 30.472], [-88.6233, 30.4663], [-88.6178, 30.4595], [-88.6192, 30.4561], [-88.6264, 30.4536], [-88.6277, 30.4509], [-88.612, 30.438], [-88.6558, 30.4347], [-88.6607, 30.4451], [-88.6667, 30.4488], [-88.6563, 30.452]]]}}, {"type": "Feature", "properties": {"fips": "28129950202", "gap_national": 15.7, "gap_stratum": 9.1, "burden": 87.4, "capacity": 68.5, "svi": 0.72, "top_decile_gap": 0.0, "stratum": "rural", "scored": 1}, "geometry": {"type": "Polygon", "coordinates": [[[-89.664, 32.0571], [-89.6485, 32.0577], [-89.6413, 32.0609], [-89.61, 32.0468], [-89.5617, 32.0477], [-89.5386, 32.0434], [-89.5315, 32.0476], [-89.5261, 32.0478], [-89.5226, 32.0424], [-89.5148, 32.0406], [-89.5078, 32.0458], [-89.4973, 32.034], [-89.482, 32.029], [-89.4718, 32.0224], [-89.4689, 32.0193], [-89.4709, 32.0176], [-89.4698, 32.013], [-89.4876, 32.0174], [-89.4973, 32.0091], [-89.4964, 32.0044], [-89.4983, 32.0026], [-89.5024, 32.004], [-89.504, 31.9962], [-89.4993, 31.9909], [-89.4983, 31.9822], [-89.4888, 31.9688], [-89.4826, 31.9524], [-89.4787, 31.9501], [-89.4714, 31.9386], [-89.4715, 31.9279], [-89.4759, 31.9164], [-89.4945, 31.9141], [-89.4941, 31.9115], [-89.5046, 31.9102], [-89.5074, 31.9058], [-89.514, 31.906], [-89.5181, 31.9092], [-89.5449, 31.8989], [-89.5519, 31.9015], [-89.5562, 31.9001], [-89.5548, 31.8979], [-89.5581, 31.8914], [-89.5655, 31.8872], [-89.59, 31.8988], [-89.6077, 31.9], [-89.6138, 31.9037], [-89.6208, 31.9046], [-89.6224, 31.9081], [-89.6295, 31.9081], [-89.6386, 31.9119], [-89.6402, 31.9055], [-89.6446, 31.903], [-89.6491, 31.9058], [-89.6462, 31.9182], [-89.6548, 31.9147], [-89.6544, 32.0137], [-89.6621, 32.0472], [-89.6725, 32.0487], [-89.664, 32.0571]]]}}, {"type": "Feature", "properties": {"fips": "28123020101", "gap_national": 27.6, "gap_stratum": 23.8, "burden": 81.5, "capacity": 56.9, "svi": 0.71, "top_decile_gap": 0.0, "stratum": "rural", "scored": 1}, "geometry": {"type": "Polygon", "coordinates": [[[-89.4747, 32.4192], [-89.4692, 32.4301], [-89.4654, 32.432], [-89.4637, 32.4386], [-89.458, 32.4438], [-89.4523, 32.4579], [-89.4058, 32.4414], [-89.3805, 32.4395], [-89.3688, 32.4325], [-89.3424, 32.4276], [-89.3225, 32.4388], [-89.3226, 32.3486], [-89.339, 32.3532], [-89.3384, 32.3514], [-89.439, 32.3613], [-89.4389, 32.3686], [-89.4442, 32.3672], [-89.4431, 32.3709], [-89.4455, 32.3773], [-89.4403, 32.3881], [-89.4468, 32.3888], [-89.4518, 32.3861], [-89.4519, 32.3732], [-89.4546, 32.3691], [-89.4719, 32.3691], [-89.4718, 32.3759], [-89.4792, 32.3763], [-89.4817, 32.4168], [-89.4747, 32.4192]]]}}, {"type": "Feature", "properties": {"fips": "28153950401", "gap_national": 35.4, "gap_stratum": 36.0, "burden": 82.9, "capacity": 52.5, "svi": 0.62, "top_decile_gap": 0.0, "stratum": "rural", "scored": 1}, "geometry": {"type": "Polygon", "coordinates": [[[-88.9427, 31.6077], [-88.935, 31.6062], [-88.9251, 31.6077], [-88.9132, 31.6046], [-88.8977, 31.6058], [-88.8757, 31.6212], [-88.8711, 31.6151], [-88.8582, 31.6071], [-88.828, 31.6096], [-88.815, 31.6148], [-88.8098, 31.61], [-88.7799, 31.6031], [-88.7508, 31.6085], [-88.7315, 31.5945], [-88.7069, 31.587], [-88.6985, 31.5805], [-88.6849, 31.5861], [-88.6744, 31.5972], [-88.672, 31.6043], [-88.6671, 31.6084], [-88.6694, 31.6201], [-88.6666, 31.6292], [-88.6521, 31.6403], [-88.6485, 31.6405], [-88.6463, 31.6345], [-88.6401, 31.6283], [-88.636, 31.6333], [-88.6273, 31.6306], [-88.6166, 31.6356], [-88.6173, 31.6321], [-88.6143, 31.6268], [-88.6098, 31.6225], [-88.6072, 31.6229], [-88.6131, 31.6172], [-88.6074, 31.6173], [-88.61, 31.6096], [-88.6065, 31.6078], [-88.6038, 31.6106], [-88.6048, 31.6027], [-88.5995, 31.6048], [-88.5981, 31.6008], [-88.5945, 31.6008], [-88.596, 31.5938], [-88.587, 31.5916], [-88.588, 31.589], [-88.5779, 31.5791], [-88.5747, 31.5817], [-88.5707, 31.5802], [-88.5702, 31.5759], [-88.5734, 31.5747], [-88.5748, 31.5705], [-88.5561, 31.5629], [-88.5564, 31.5591], [-88.5526, 31.5542], [-88.566, 31.5549], [-88.5674, 31.5513], [-88.5694, 31.5368], [-88.5552, 31.5122], [-88.5531, 31.495], [-88.5613, 31.492], [-88.568, 31.4843], [-88.5721, 31.4775], [-88.5736, 31.4688], [-88.5703, 31.4617], [-88.5653, 31.4588], [-88.5637, 31.4532], [-88.5551, 31.4486], [-88.558, 31.4345], [-88.9435, 31.4335], [-88.9427, 31.6077]]]}}, {"type": "Feature", "properties": {"fips": "28045030503", "gap_national": -27.3, "gap_stratum": -19.8, "burden": 65.7, "capacity": 88.4, "svi": 0.1, "top_decile_gap": 0.0, "stratum": "metropolitan", "scored": 1}, "geometry": {"type": "Polygon", "coordinates": [[[-89.377, 30.3728], [-89.378, 30.3754], [-89.3698, 30.376], [-89.3619, 30.3891], [-89.3539, 30.3957], [-89.3515, 30.4], [-89.3532, 30.4027], [-89.3413, 30.4102], [-89.3409, 30.3729], [-89.3532, 30.3688], [-89.3642, 30.358], [-89.3653, 30.3531], [-89.3827, 30.3489], [-89.3887, 30.3518], [-89.3905, 30.3564], [-89.3965, 30.359], [-89.4019, 30.365], [-89.377, 30.3728]]]}}, {"type": "Feature", "properties": {"fips": "28049010801", "gap_national": 34.1, "gap_stratum": 32.9, "burden": 97.0, "capacity": 60.8, "svi": 0.96, "top_decile_gap": 0.0, "stratum": "metropolitan", "scored": 1}, "geometry": {"type": "Polygon", "coordinates": [[[-90.3078, 32.3187], [-90.2987, 32.3258], [-90.2817, 32.3176], [-90.283, 32.3001], [-90.3016, 32.299], [-90.3095, 32.3127], [-90.3078, 32.3187]]]}}, {"type": "Feature", "properties": {"fips": "28047003407", "gap_national": -3.8, "gap_stratum": 3.0, "burden": 63.3, "capacity": 64.2, "svi": 0.28, "top_decile_gap": 0.0, "stratum": "metropolitan", "scored": 1}, "geometry": {"type": "Polygon", "coordinates": [[[-89.0074, 30.4466], [-89.0095, 30.4485], [-88.9931, 30.4526], [-88.9933, 30.4711], [-88.9841, 30.4867], [-88.9837, 30.4998], [-88.9779, 30.5178], [-88.9665, 30.509], [-88.9614, 30.4867], [-88.9623, 30.4829], [-88.9698, 30.4761], [-88.9707, 30.4608], [-88.9558, 30.4602], [-88.9444, 30.4546], [-88.9489, 30.4483], [-88.9519, 30.4539], [-88.9636, 30.4539], [-88.9706, 30.4445], [-88.979, 30.4435], [-89.0047, 30.4289], [-89.0119, 30.439], [-89.0074, 30.4466]]]}}, {"type": "Feature", "properties": {"fips": "28047003507", "gap_national": -12.4, "gap_stratum": -5.3, "burden": 53.4, "capacity": 62.2, "svi": 0.32, "top_decile_gap": 0.0, "stratum": "metropolitan", "scored": 1}, "geometry": {"type": "Polygon", "coordinates": [[[-89.1712, 30.5155], [-89.1624, 30.5137], [-89.1384, 30.5037], [-89.1113, 30.5004], [-89.1104, 30.4929], [-89.1038, 30.48], [-89.1037, 30.4644], [-89.137, 30.4639], [-89.1369, 30.473], [-89.1424, 30.4741], [-89.1499, 30.4906], [-89.1659, 30.5004], [-89.1722, 30.5098], [-89.1712, 30.5155]]]}}, {"type": "Feature", "properties": {"fips": "28047003209", "gap_national": 20.9, "gap_stratum": 24.9, "burden": 71.0, "capacity": 53.9, "svi": 0.82, "top_decile_gap": 0.0, "stratum": "metropolitan", "scored": 1}, "geometry": {"type": "Polygon", "coordinates": [[[-89.1275, 30.5655], [-89.126, 30.5604], [-89.1127, 30.5553], [-89.112, 30.5531], [-89.1081, 30.5544], [-89.0966, 30.5468], [-89.0906, 30.5473], [-89.0908, 30.5422], [-89.0879, 30.5396], [-89.0788, 30.5384], [-89.065, 30.5314], [-89.0527, 30.5152], [-89.0554, 30.5131], [-89.0503, 30.5077], [-89.0531, 30.5027], [-89.0488, 30.5023], [-89.0462, 30.4979], [-89.0425, 30.4978], [-89.0365, 30.4915], [-89.037, 30.488], [-89.0327, 30.4871], [-89.0312, 30.4892], [-89.0304, 30.4841], [-89.0264, 30.4858], [-89.026, 30.4811], [-89.0238, 30.4793], [-89.0216, 30.481], [-89.0203, 30.4786], [-89.0233, 30.475], [-89.0165, 30.4755], [-89.0134, 30.4729], [-89.0148, 30.4705], [-89.0102, 30.4685], [-89.0111, 30.4662], [-89.0144, 30.4666], [-89.0099, 30.4633], [-89.0134, 30.4621], [-89.0095, 30.4579], [-89.0137, 30.453], [-89.0359, 30.4606], [-89.0418, 30.4716], [-89.0696, 30.4715], [-89.0696, 30.49], [-89.0655, 30.4901], [-89.0639, 30.4984], [-89.0677, 30.5016], [-89.0658, 30.5043], [-89.0945, 30.524], [-89.0984, 30.5225], [-89.1017, 30.5252], [-89.1086, 30.5223], [-89.1163, 30.5261], [-89.1323, 30.5562], [-89.1343, 30.5686], [-89.1275, 30.5655]]]}}, {"type": "Feature", "properties": {"fips": "28077960200", "gap_national": 29.0, "gap_stratum": 36.4, "burden": 94.4, "capacity": 63.1, "svi": 0.87, "top_decile_gap": 0.0, "stratum": "rural", "scored": 1}, "geometry": {"type": "Polygon", "coordinates": [[[-90.2299, 31.7237], [-90.2036, 31.7258], [-90.1841, 31.7315], [-90.1637, 31.7441], [-90.1545, 31.7471], [-90.1436, 31.7472], [-90.1313, 31.756], [-90.1231, 31.752], [-90.1244, 31.745], [-90.1195, 31.7457], [-90.1164, 31.7417], [-90.1172, 31.7339], [-90.1211, 31.7277], [-90.1176, 31.7222], [-90.1073, 31.7243], [-90.1014, 31.7049], [-90.1042, 31.697], [-90.1136, 31.6888], [-90.1081, 31.6857], [-90.1085, 31.6817], [-90.1167, 31.6778], [-90.1128, 31.6713], [-90.1131, 31.6647], [-90.1077, 31.6592], [-90.115, 31.658], [-90.1209, 31.6635], [-90.1248, 31.6544], [-90.1052, 31.6476], [-90.1122, 31.628], [-90.1054, 31.6195], [-90.0924, 31.6242], [-90.089, 31.6233], [-90.089, 31.6146], [-90.082, 31.6077], [-90.0826, 31.5996], [-90.0706, 31.5908], [-90.0768, 31.5823], [-90.0726, 31.5757], [-90.0741, 31.5739], [-90.0812, 31.5736], [-90.0842, 31.583], [-90.099, 31.5807], [-90.1034, 31.5618], [-90.1081, 31.5564], [-90.0895, 31.5552], [-90.0855, 31.5429], [-90.0809, 31.5399], [-90.0825, 31.5377], [-90.0845, 31.5364], [-90.0861, 31.5386], [-90.1083, 31.5307], [-90.1095, 31.5335], [-90.1144, 31.5317], [-90.1166, 31.5366], [-90.119, 31.5366], [-90.1228, 31.5342], [-90.1275, 31.5355], [-90.1293, 31.5316], [-90.151, 31.5297], [-90.1604, 31.535], [-90.172, 31.5468], [-90.1799, 31.5475], [-90.1829, 31.5535], [-90.2106, 31.5498], [-90.2446, 31.5488], [-90.2452, 31.7175], [-90.2299, 31.7237]]]}}, {"type": "Feature", "properties": {"fips": "28049011300", "gap_national": 14.3, "gap_stratum": 15.2, "burden": 93.6, "capacity": 73.3, "svi": 0.67, "top_decile_gap": 0.0, "stratum": "metropolitan", "scored": 1}, "geometry": {"type": "Polygon", "coordinates": [[[-90.7255, 32.2301], [-90.7273, 32.2319], [-90.7269, 32.2415], [-90.7165, 32.2475], [-90.7126, 32.2565], [-90.7057, 32.2597], [-90.708, 32.2629], [-90.7018, 32.2637], [-90.7061, 32.2657], [-90.7046, 32.2683], [-90.7019, 32.2672], [-90.7027, 32.2704], [-90.7, 32.2687], [-90.6937, 32.2737], [-90.6881, 32.2697], [-90.6851, 32.2703], [-90.6817, 32.2664], [-90.6644, 32.2611], [-90.6717, 32.252], [-90.6683, 32.2475], [-90.6593, 32.2446], [-90.651, 32.2379], [-90.6356, 32.2342], [-90.62, 32.2264], [-90.6029, 32.225], [-90.5983, 32.2195], [-90.5869, 32.2147], [-90.5615, 32.2217], [-90.5541, 32.2272], [-90.5467, 32.2215], [-90.5453, 32.2172], [-90.5353, 32.2141], [-90.5318, 32.2088], [-90.5384, 32.1974], [-90.5377, 32.1926], [-90.545, 32.1929], [-90.542, 32.1688], [-90.5122, 32.1669], [-90.5175, 32.1552], [-90.5418, 32.1449], [-90.5478, 32.1396], [-90.5381, 32.1249], [-90.5406, 32.1169], [-90.5448, 32.1154], [-90.5457, 32.0981], [-90.5432, 32.0954], [-90.5519, 32.0824], [-90.5501, 32.0752], [-90.5357, 32.0727], [-90.5184, 32.0622], [-90.515, 32.0571], [-90.515, 32.05], [-90.7183, 32.0484], [-90.7286, 32.2251], [-90.7255, 32.2301]]]}}, {"type": "Feature", "properties": {"fips": "28049002200", "gap_national": 31.2, "gap_stratum": 30.3, "burden": 97.6, "capacity": 63.0, "svi": 0.89, "top_decile_gap": 0.0, "stratum": "metropolitan", "scored": 1}, "geometry": {"type": "Polygon", "coordinates": [[[-90.2464, 32.3275], [-90.2397, 32.3269], [-90.2398, 32.3287], [-90.2354, 32.3293], [-90.2253, 32.326], [-90.2315, 32.3161], [-90.2346, 32.3152], [-90.2395, 32.317], [-90.2395, 32.3197], [-90.2475, 32.3197], [-90.2464, 32.3275]]]}}, {"type": "Feature", "properties": {"fips": "28049010807", "gap_national": -29.0, "gap_stratum": -21.4, "burden": 64.6, "capacity": 88.8, "svi": 0.38, "top_decile_gap": 0.0, "stratum": "metropolitan", "scored": 1}, "geometry": {"type": "Polygon", "coordinates": [[[-90.3738, 32.2123], [-90.3738, 32.2552], [-90.3619, 32.2614], [-90.339, 32.2658], [-90.3383, 32.2569], [-90.3265, 32.2527], [-90.3266, 32.2415], [-90.318, 32.2415], [-90.318, 32.2324], [-90.3018, 32.2322], [-90.297, 32.2216], [-90.2967, 32.2102], [-90.2939, 32.2032], [-90.3058, 32.1957], [-90.3209, 32.194], [-90.3298, 32.1876], [-90.3324, 32.1905], [-90.3355, 32.1883], [-90.3646, 32.1873], [-90.3755, 32.1882], [-90.3778, 32.2025], [-90.3738, 32.2123]]]}}, {"type": "Feature", "properties": {"fips": "28013950500", "gap_national": 36.7, "gap_stratum": 48.8, "burden": 93.6, "capacity": 57.7, "svi": 0.88, "top_decile_gap": 0.0, "stratum": "rural", "scored": 1}, "geometry": {"type": "Polygon", "coordinates": [[[-89.3446, 33.8519], [-89.3255, 33.8542], [-89.3245, 33.8699], [-89.3151, 33.8684], [-89.3154, 33.8812], [-89.307, 33.8756], [-89.3018, 33.8862], [-89.2883, 33.8814], [-89.2855, 33.8849], [-89.2794, 33.8647], [-89.2797, 33.8553], [-89.2728, 33.8475], [-89.2758, 33.8379], [-89.3015, 33.8338], [-89.3183, 33.8392], [-89.3466, 33.8367], [-89.3446, 33.8519]]]}}, {"type": "Feature", "properties": {"fips": "28087000600", "gap_national": 37.5, "gap_stratum": 38.7, "burden": 98.6, "capacity": 59.1, "svi": 0.96, "top_decile_gap": 0.0, "stratum": "micropolitan", "scored": 1}, "geometry": {"type": "Polygon", "coordinates": [[[-88.3998, 33.4957], [-88.3924, 33.4937], [-88.3923, 33.4975], [-88.3631, 33.4932], [-88.3626, 33.4687], [-88.3816, 33.4784], [-88.402, 33.4766], [-88.4039, 33.4776], [-88.4044, 33.4837], [-88.3998, 33.4957]]]}}, {"type": "Feature", "properties": {"fips": "28059042100", "gap_national": 55.6, "gap_stratum": 54.6, "burden": 89.5, "capacity": 42.3, "svi": 0.93, "top_decile_gap": 1.0, "stratum": "metropolitan", "scored": 1}, "geometry": {"type": "Polygon", "coordinates": [[[-88.5098, 30.3679], [-88.5108, 30.3654], [-88.5044, 30.3584], [-88.5081, 30.3545], [-88.5307, 30.3548], [-88.5307, 30.3685], [-88.5098, 30.3679]]]}}, {"type": "Feature", "properties": {"fips": "28043950400", "gap_national": 24.5, "gap_stratum": 19.3, "burden": 88.3, "capacity": 63.0, "svi": 0.91, "top_decile_gap": 0.0, "stratum": "micropolitan", "scored": 1}, "geometry": {"type": "Polygon", "coordinates": [[[-89.8055, 33.8075], [-89.7977, 33.8024], [-89.7969, 33.7881], [-89.7942, 33.7879], [-89.793, 33.7828], [-89.7893, 33.7811], [-89.7987, 33.7755], [-89.7998, 33.772], [-89.809, 33.772], [-89.8122, 33.8003], [-89.8055, 33.8075]]]}}, {"type": "Feature", "properties": {"fips": "28097950200", "gap_national": -4.9, "gap_stratum": -26.5, "burden": 79.7, "capacity": 79.7, "svi": 0.68, "top_decile_gap": 0.0, "stratum": "rural", "scored": 1}, "geometry": {"type": "Polygon", "coordinates": [[[-89.782, 33.4523], [-89.7761, 33.459], [-89.7311, 33.4592], [-89.729, 33.4385], [-89.7227, 33.4346], [-89.7203, 33.4393], [-89.7136, 33.4426], [-89.7082, 33.4543], [-89.7046, 33.4555], [-89.7057, 33.4585], [-89.7026, 33.4655], [-89.6931, 33.4722], [-89.6792, 33.4751], [-89.6779, 33.479], [-89.6583, 33.4779], [-89.6427, 33.4734], [-89.6206, 33.4744], [-89.5934, 33.4584], [-89.5707, 33.4548], [-89.5538, 33.4403], [-89.549, 33.4387], [-89.5019, 33.4389], [-89.5018, 33.4572], [-89.4978, 33.4601], [-89.3811, 33.4603], [-89.3833, 33.4554], [-89.3855, 33.4571], [-89.3881, 33.454], [-89.3939, 33.4553], [-89.3937, 33.4526], [-89.3978, 33.4544], [-89.4023, 33.4528], [-89.4022, 33.4503], [-89.4063, 33.4515], [-89.4056, 33.449], [-89.4099, 33.4487], [-89.4113, 33.4444], [-89.4094, 33.4401], [-89.4127, 33.4338], [-89.4216, 33.4332], [-89.4189, 33.431], [-89.4222, 33.4295], [-89.4257, 33.4335], [-89.4282, 33.4327], [-89.4278, 33.4354], [-89.4327, 33.4351], [-89.435, 33.4373], [-89.4374, 33.4361], [-89.4423, 33.439], [-89.4461, 33.4351], [-89.4463, 33.4398], [-89.454, 33.4332], [-89.4538, 33.2859], [-89.6453, 33.2855], [-89.6463, 33.4025], [-89.7156, 33.4021], [-89.7158, 33.4168], [-89.7852, 33.4163], [-89.7855, 33.4522], [-89.782, 33.4523]]]}}, {"type": "Feature", "properties": {"fips": "28159950500", "gap_national": 19.7, "gap_stratum": 16.4, "burden": 88.5, "capacity": 66.4, "svi": 0.67, "top_decile_gap": 0.0, "stratum": "rural", "scored": 1}, "geometry": {"type": "Polygon", "coordinates": [[[-89.0919, 33.0203], [-89.0973, 33.0249], [-89.099, 33.0317], [-89.094, 33.0357], [-89.0822, 33.0384], [-89.08, 33.0416], [-89.078, 33.0578], [-89.0805, 33.0559], [-89.0957, 33.0567], [-89.1013, 33.068], [-89.0984, 33.0727], [-89.0823, 33.0777], [-89.0721, 33.0724], [-89.0649, 33.0723], [-89.0655, 33.0685], [-89.0561, 33.0625], [-89.0494, 33.0614], [-89.0279, 33.0652], [-89.028, 33.0762], [-89.0171, 33.0794], [-88.9978, 33.0796], [-88.9933, 33.0777], [-88.9838, 33.0672], [-88.9687, 33.066], [-88.9394, 33.0576], [-88.9322, 33.0575], [-88.9264, 33.0623], [-88.9093, 33.05], [-88.8878, 33.0502], [-88.8779, 33.0424], [-88.8717, 33.0408], [-88.8579, 33.0457], [-88.8541, 33.0547], [-88.8393, 33.0547], [-88.8352, 33.0497], [-88.8227, 33.0462], [-88.8174, 33.0476], [-88.8136, 33.0518], [-88.8128, 32.926], [-88.9305, 32.9267], [-88.9305, 32.9192], [-88.9652, 32.9191], [-88.9653, 32.9266], [-89.0177, 32.9264], [-89.0177, 32.9313], [-89.0938, 32.9316], [-89.0964, 32.9465], [-89.0938, 32.9516], [-89.0841, 32.9596], [-89.0907, 32.9685], [-89.0938, 32.9786], [-89.0897, 32.9872], [-89.1041, 33.0003], [-89.1074, 33.0057], [-89.108, 33.0148], [-89.0919, 33.0203]]]}}, {"type": "Feature", "properties": {"fips": "28071950201", "gap_national": -56.3, "gap_stratum": -81.3, "burden": 31.6, "capacity": 76.0, "svi": 0.48, "top_decile_gap": 0.0, "stratum": "micropolitan", "scored": 1}, "geometry": {"type": "Polygon", "coordinates": [[[-89.5243, 34.381], [-89.519, 34.3815], [-89.5133, 34.3861], [-89.4881, 34.3833], [-89.4793, 34.3856], [-89.4858, 34.3587], [-89.5109, 34.3629], [-89.509, 34.3652], [-89.5276, 34.3684], [-89.5243, 34.381]]]}}, {"type": "Feature", "properties": {"fips": "28033071002", "gap_national": -49.8, "gap_stratum": -43.4, "burden": 34.5, "capacity": 73.3, "svi": 0.14, "top_decile_gap": 0.0, "stratum": "metropolitan", "scored": 1}, "geometry": {"type": "Polygon", "coordinates": [[[-89.9714, 34.8166], [-89.9442, 34.8166], [-89.9366, 34.8141], [-89.9379, 34.8284], [-89.9355, 34.8839], [-89.9026, 34.8931], [-89.9007, 34.8888], [-89.9015, 34.8607], [-89.8803, 34.8607], [-89.8918, 34.7897], [-89.9041, 34.7849], [-89.91, 34.7726], [-89.9122, 34.7725], [-89.9107, 34.7714], [-89.9162, 34.7667], [-89.9129, 34.7654], [-89.9161, 34.7636], [-89.9155, 34.7582], [-89.9189, 34.7601], [-89.9255, 34.7516], [-89.9299, 34.7518], [-89.9348, 34.7462], [-89.9396, 34.7475], [-89.9439, 34.7433], [-89.9464, 34.744], [-89.9486, 34.7389], [-89.9521, 34.7404], [-89.9559, 34.7362], [-89.9541, 34.7269], [-89.9641, 34.7237], [-89.9636, 34.7644], [-89.9697, 34.8076], [-89.9763, 34.8239], [-89.9721, 34.8238], [-89.9714, 34.8166]]]}}, {"type": "Feature", "properties": {"fips": "28003950402", "gap_national": 5.2, "gap_stratum": -12.6, "burden": 73.7, "capacity": 66.3, "svi": 0.52, "top_decile_gap": 0.0, "stratum": "micropolitan", "scored": 1}, "geometry": {"type": "Polygon", "coordinates": [[[-88.823, 34.9952], [-88.6059, 34.9957], [-88.5992, 34.9929], [-88.5994, 34.9892], [-88.5895, 34.9868], [-88.5861, 34.9819], [-88.584, 34.9455], [-88.5782, 34.9456], [-88.5751, 34.942], [-88.5809, 34.931], [-88.7128, 34.931], [-88.7377, 34.9363], [-88.7569, 34.9317], [-88.7618, 34.9289], [-88.7644, 34.9241], [-88.7689, 34.9231], [-88.7746, 34.9258], [-88.7776, 34.9228], [-88.7892, 34.9202], [-88.7901, 34.9147], [-88.7955, 34.9201], [-88.7974, 34.9094], [-88.8106, 34.9147], [-88.8143, 34.9112], [-88.8235, 34.9135], [-88.823, 34.9952]]]}}, {"type": "Feature", "properties": {"fips": "28109950101", "gap_national": 17.9, "gap_stratum": 5.6, "burden": 77.2, "capacity": 60.3, "svi": 0.36, "top_decile_gap": 0.0, "stratum": "rural", "scored": 1}, "geometry": {"type": "Polygon", "coordinates": [[[-89.5235, 30.75], [-89.5214, 30.7571], [-89.5196, 30.8022], [-89.4974, 30.8298], [-89.496, 30.8479], [-89.4815, 30.8465], [-89.416, 30.8538], [-89.3956, 30.8506], [-89.3791, 30.8545], [-89.3409, 30.8576], [-89.3414, 30.6477], [-89.5302, 30.6484], [-89.5238, 30.6685], [-89.5263, 30.6754], [-89.525, 30.6836], [-89.5178, 30.7023], [-89.5155, 30.7173], [-89.5542, 30.7182], [-89.5519, 30.7233], [-89.5235, 30.75]]]}}, {"type": "Feature", "properties": {"fips": "28105950601", "gap_national": -14.9, "gap_stratum": -16.3, "burden": 10.8, "capacity": 28.4, "svi": 0.43, "top_decile_gap": 0.0, "stratum": "micropolitan", "scored": 1}, "geometry": {"type": "Polygon", "coordinates": [[[-88.8103, 33.4546], [-88.8058, 33.4544], [-88.8045, 33.4513], [-88.7957, 33.4475], [-88.7947, 33.4543], [-88.7912, 33.4533], [-88.7911, 33.4511], [-88.7851, 33.45], [-88.7849, 33.4471], [-88.793, 33.4469], [-88.7764, 33.4374], [-88.7761, 33.4144], [-88.7781, 33.4104], [-88.7758, 33.3955], [-88.787, 33.4032], [-88.8103, 33.403], [-88.8103, 33.4546]]]}}, {"type": "Feature", "properties": {"fips": "28059040208", "gap_national": 0.8, "gap_stratum": 7.0, "burden": 58.3, "capacity": 57.3, "svi": 0.34, "top_decile_gap": 0.0, "stratum": "metropolitan", "scored": 1}, "geometry": {"type": "Polygon", "coordinates": [[[-88.8808, 30.5686], [-88.877, 30.5704], [-88.8685, 30.5446], [-88.8164, 30.5453], [-88.8165, 30.5238], [-88.8204, 30.5234], [-88.8211, 30.52], [-88.8286, 30.5195], [-88.8289, 30.5156], [-88.8331, 30.513], [-88.8329, 30.4949], [-88.8285, 30.49], [-88.8285, 30.4847], [-88.8319, 30.4805], [-88.8422, 30.4846], [-88.8473, 30.4916], [-88.8512, 30.5036], [-88.856, 30.5061], [-88.8691, 30.5039], [-88.8834, 30.4937], [-88.8839, 30.561], [-88.8808, 30.5686]]]}}, {"type": "Feature", "properties": {"fips": "28047003403", "gap_national": -18.4, "gap_stratum": -10.4, "burden": 56.2, "capacity": 68.5, "svi": 0.37, "top_decile_gap": 0.0, "stratum": "metropolitan", "scored": 1}, "geometry": {"type": "Polygon", "coordinates": [[[-89.0298, 30.5102], [-89.0075, 30.5401], [-88.9872, 30.5253], [-88.9751, 30.5208], [-88.9785, 30.5169], [-88.9837, 30.4998], [-88.9841, 30.4867], [-88.9933, 30.4711], [-88.9931, 30.4526], [-88.9972, 30.4505], [-89.0095, 30.4485], [-89.0082, 30.4524], [-89.0099, 30.4508], [-89.0137, 30.453], [-89.0095, 30.4579], [-89.0134, 30.4621], [-89.0099, 30.4633], [-89.0144, 30.4666], [-89.0111, 30.4662], [-89.0102, 30.4685], [-89.0148, 30.4705], [-89.0134, 30.4729], [-89.0165, 30.4755], [-89.0233, 30.475], [-89.0203, 30.4786], [-89.0216, 30.481], [-89.0238, 30.4793], [-89.026, 30.4811], [-89.0264, 30.4858], [-89.0319, 30.4854], [-89.0312, 30.4892], [-89.0327, 30.4871], [-89.037, 30.488], [-89.0365, 30.4915], [-89.0427, 30.498], [-89.0298, 30.5102]]]}}, {"type": "Feature", "properties": {"fips": "28049011201", "gap_national": -12.3, "gap_stratum": -6.7, "burden": 75.9, "capacity": 83.5, "svi": 0.29, "top_decile_gap": 0.0, "stratum": "metropolitan", "scored": 1}, "geometry": {"type": "Polygon", "coordinates": [[[-90.5432, 32.0954], [-90.5457, 32.0981], [-90.5448, 32.1154], [-90.5406, 32.1169], [-90.5381, 32.1249], [-90.5478, 32.1396], [-90.5418, 32.1449], [-90.5175, 32.1552], [-90.5115, 32.1691], [-90.5053, 32.1756], [-90.4718, 32.1739], [-90.4651, 32.1664], [-90.4591, 32.1664], [-90.4454, 32.1736], [-90.4423, 32.1684], [-90.4423, 32.1568], [-90.4376, 32.1493], [-90.4289, 32.1504], [-90.4245, 32.1481], [-90.4149, 32.1531], [-90.3913, 32.1448], [-90.371, 32.1483], [-90.3714, 32.127], [-90.3692, 32.1203], [-90.3738, 32.0989], [-90.3718, 32.0934], [-90.3068, 32.0934], [-90.3199, 32.0678], [-90.3387, 32.0497], [-90.515, 32.05], [-90.515, 32.0571], [-90.5184, 32.0622], [-90.5357, 32.0727], [-90.5501, 32.0752], [-90.5521, 32.0839], [-90.5432, 32.0954]]]}}, {"type": "Feature", "properties": {"fips": "28087980000", "gap_national": -8.1, "gap_stratum": -4.5, "burden": 3.2, "capacity": 16.0, "svi": 0.13, "top_decile_gap": 0.0, "stratum": "rural", "scored": 1}, "geometry": {"type": "Polygon", "coordinates": [[[-88.4567, 33.6607], [-88.4278, 33.653], [-88.4274, 33.633], [-88.4191, 33.6283], [-88.4191, 33.6237], [-88.4402, 33.6213], [-88.4403, 33.6158], [-88.4487, 33.6179], [-88.4488, 33.6226], [-88.4593, 33.6258], [-88.458, 33.6276], [-88.4597, 33.6302], [-88.4663, 33.6357], [-88.48, 33.6367], [-88.4806, 33.6595], [-88.4567, 33.6607]]]}}, {"type": "Feature", "properties": {"fips": "28067950901", "gap_national": 6.8, "gap_stratum": -9.5, "burden": 76.2, "capacity": 67.1, "svi": 0.29, "top_decile_gap": 0.0, "stratum": "micropolitan", "scored": 1}, "geometry": {"type": "Polygon", "coordinates": [[[-89.1745, 31.6172], [-89.1728, 31.6277], [-89.1666, 31.6313], [-89.1662, 31.6347], [-89.1593, 31.6388], [-89.159, 31.6412], [-89.144, 31.6477], [-89.1415, 31.6565], [-89.1332, 31.65], [-89.131, 31.6447], [-89.1213, 31.6559], [-89.1165, 31.6552], [-89.1086, 31.6601], [-89.106, 31.653], [-89.098, 31.653], [-89.0853, 31.6603], [-89.0784, 31.6592], [-89.0793, 31.645], [-89.0724, 31.6355], [-89.07, 31.6237], [-89.0475, 31.6236], [-89.0315, 31.6102], [-89.0129, 31.6129], [-88.9884, 31.6068], [-88.9802, 31.6089], [-88.9738, 31.6168], [-88.9737, 31.6202], [-88.9656, 31.6283], [-88.9429, 31.6282], [-88.943, 31.5657], [-88.9597, 31.5643], [-88.9765, 31.5757], [-88.9819, 31.5763], [-88.9873, 31.571], [-89.0015, 31.5638], [-89.0013, 31.5556], [-89.0112, 31.5448], [-89.0182, 31.5323], [-89.0163, 31.525], [-89.0194, 31.5204], [-89.0267, 31.5232], [-89.0397, 31.5358], [-89.0511, 31.5421], [-89.0588, 31.5529], [-89.1057, 31.5621], [-89.1094, 31.5649], [-89.1232, 31.5617], [-89.125, 31.5581], [-89.1352, 31.5547], [-89.1491, 31.5555], [-89.1488, 31.5602], [-89.1595, 31.5724], [-89.1618, 31.5888], [-89.1666, 31.5912], [-89.1671, 31.5974], [-89.1708, 31.601], [-89.1785, 31.6041], [-89.1776, 31.6069], [-89.1815, 31.6095], [-89.1745, 31.6172]]]}}, {"type": "Feature", "properties": {"fips": "28067951000", "gap_national": 65.6, "gap_stratum": 62.4, "burden": 85.4, "capacity": 31.0, "svi": 0.97, "top_decile_gap": 1.0, "stratum": "micropolitan", "scored": 1}, "geometry": {"type": "Polygon", "coordinates": [[[-89.223, 31.5988], [-89.2248, 31.6002], [-89.2204, 31.6016], [-89.2203, 31.6111], [-89.2094, 31.6119], [-89.209, 31.6151], [-89.2074, 31.6132], [-89.1912, 31.6274], [-89.1876, 31.6222], [-89.1832, 31.6214], [-89.1717, 31.6364], [-89.1704, 31.6291], [-89.1755, 31.6204], [-89.1745, 31.6172], [-89.1793, 31.6145], [-89.1815, 31.6095], [-89.1776, 31.6069], [-89.1768, 31.6025], [-89.1671, 31.5974], [-89.1666, 31.5912], [-89.1828, 31.594], [-89.1829, 31.5875], [-89.1876, 31.5852], [-89.1895, 31.5787], [-89.1963, 31.5811], [-89.1988, 31.5786], [-89.2086, 31.5873], [-89.2095, 31.5917], [-89.2134, 31.5854], [-89.218, 31.5833], [-89.2354, 31.5899], [-89.223, 31.5988]]]}}, {"type": "Feature", "properties": {"fips": "28037950102", "gap_national": 7.5, "gap_stratum": -0.9, "burden": 87.5, "capacity": 75.0, "svi": 0.46, "top_decile_gap": 0.0, "stratum": "micropolitan", "scored": 1}, "geometry": {"type": "Polygon", "coordinates": [[[-90.9794, 31.3559], [-90.9673, 31.3512], [-90.9637, 31.3573], [-90.9648, 31.3681], [-90.961, 31.3696], [-90.9546, 31.3666], [-90.9495, 31.3677], [-90.9539, 31.3811], [-90.9519, 31.3858], [-90.9397, 31.3854], [-90.9176, 31.397], [-90.9155, 31.401], [-90.9257, 31.419], [-90.9243, 31.4225], [-90.9054, 31.4218], [-90.8964, 31.4274], [-90.8935, 31.4339], [-90.8872, 31.4332], [-90.8803, 31.4272], [-90.8758, 31.4272], [-90.8726, 31.4312], [-90.8709, 31.442], [-90.8557, 31.4401], [-90.847, 31.4471], [-90.833, 31.4499], [-90.828, 31.4573], [-90.8138, 31.4653], [-90.8117, 31.4733], [-90.8022, 31.4769], [-90.7992, 31.4804], [-90.8002, 31.4895], [-90.8076, 31.4901], [-90.825, 31.4772], [-90.8293, 31.4853], [-90.8361, 31.4881], [-90.8371, 31.4961], [-90.8403, 31.4986], [-90.8509, 31.5018], [-90.8511, 31.5041], [-90.8582, 31.5063], [-90.8598, 31.5096], [-90.8646, 31.5052], [-90.8695, 31.5087], [-90.8741, 31.5204], [-90.8711, 31.5324], [-90.8734, 31.5357], [-90.8836, 31.5328], [-90.8897, 31.5377], [-90.8974, 31.5369], [-90.904, 31.5447], [-90.9085, 31.5381], [-90.9153, 31.5414], [-90.9114, 31.5552], [-90.9123, 31.5653], [-90.9053, 31.5695], [-90.9063, 31.5762], [-90.9013, 31.5776], [-90.9008, 31.5815], [-90.9067, 31.587], [-90.9059, 31.593], [-90.9103, 31.5944], [-90.9081, 31.5973], [-90.9129, 31.6029], [-90.9112, 31.6072], [-90.9128, 31.6106], [-90.6332, 31.6114], [-90.6333, 31.3493], [-90.983, 31.3487], [-90.9841, 31.3521], [-90.9794, 31.3559]]]}}, {"type": "Feature", "properties": {"fips": "28089030207", "gap_national": -59.0, "gap_stratum": -51.8, "burden": 39.4, "capacity": 90.0, "svi": 0.0, "top_decile_gap": 0.0, "stratum": "metropolitan", "scored": 1}, "geometry": {"type": "Polygon", "coordinates": [[[-90.0847, 32.4776], [-90.0821, 32.475], [-90.0821, 32.4652], [-90.0606, 32.4646], [-90.0321, 32.4766], [-90.0254, 32.4844], [-90.0138, 32.4801], [-90.0197, 32.4765], [-90.019, 32.4727], [-90.0249, 32.4716], [-90.0264, 32.4628], [-90.0306, 32.4619], [-90.0409, 32.4495], [-90.0411, 32.4469], [-90.0381, 32.4484], [-90.0368, 32.4457], [-90.0407, 32.4417], [-90.0484, 32.4379], [-90.055, 32.4398], [-90.0575, 32.4351], [-90.0681, 32.4386], [-90.0711, 32.4504], [-90.0892, 32.4488], [-90.0924, 32.4749], [-90.0847, 32.4776]]]}}, {"type": "Feature", "properties": {"fips": "28127950402", "gap_national": 4.8, "gap_stratum": -13.1, "burden": 81.7, "capacity": 72.7, "svi": 0.21, "top_decile_gap": 0.0, "stratum": "rural", "scored": 1}, "geometry": {"type": "Polygon", "coordinates": [[[-89.7895, 31.8101], [-89.7752, 31.8054], [-89.7609, 31.8063], [-89.754, 31.816], [-89.7551, 31.8272], [-89.7487, 31.8309], [-89.743, 31.8311], [-89.7365, 31.8364], [-89.7264, 31.8583], [-89.7202, 31.8532], [-89.7047, 31.8262], [-89.7013, 31.8437], [-89.7076, 31.8465], [-89.7079, 31.8516], [-89.7038, 31.8531], [-89.7052, 31.865], [-89.6695, 31.8671], [-89.6547, 31.8724], [-89.653, 31.7807], [-89.783, 31.7738], [-89.7926, 31.808], [-89.7895, 31.8101]]]}}, {"type": "Feature", "properties": {"fips": "28121020105", "gap_national": 20.4, "gap_stratum": 22.9, "burden": 81.4, "capacity": 61.4, "svi": 0.85, "top_decile_gap": 0.0, "stratum": "metropolitan", "scored": 1}, "geometry": {"type": "Polygon", "coordinates": [[[-89.8797, 32.363], [-89.882, 32.3662], [-89.8764, 32.371], [-89.877, 32.3899], [-89.8809, 32.3966], [-89.8479, 32.3964], [-89.8376, 32.4025], [-89.8359, 32.3973], [-89.8292, 32.3958], [-89.8321, 32.3859], [-89.8444, 32.3673], [-89.801, 32.3675], [-89.799, 32.3616], [-89.7862, 32.3595], [-89.7795, 32.3644], [-89.779, 32.3715], [-89.7744, 32.3707], [-89.7717, 32.3741], [-89.7608, 32.3759], [-89.7531, 32.3814], [-89.7474, 32.3825], [-89.7471, 32.399], [-89.7405, 32.3992], [-89.7301, 32.3527], [-89.7299, 32.3213], [-89.733, 32.3189], [-89.7437, 32.3178], [-89.7442, 32.3153], [-89.7472, 32.3157], [-89.7502, 32.3104], [-89.7525, 32.3113], [-89.753, 32.309], [-89.7587, 32.307], [-89.7625, 32.3018], [-89.7795, 32.2945], [-89.7842, 32.2973], [-89.794, 32.2984], [-89.7967, 32.3003], [-89.7953, 32.3017], [-89.8012, 32.3042], [-89.8008, 32.3059], [-89.8091, 32.3121], [-89.8262, 32.3078], [-89.8594, 32.3093], [-89.8626, 32.3162], [-89.8692, 32.3218], [-89.8709, 32.3347], [-89.8668, 32.3391], [-89.8698, 32.3391], [-89.8678, 32.3412], [-89.8718, 32.3426], [-89.8689, 32.3432], [-89.8756, 32.3494], [-89.8735, 32.3515], [-89.8773, 32.3526], [-89.8791, 32.3567], [-89.8814, 32.3558], [-89.8802, 32.3585], [-89.8823, 32.3617], [-89.8797, 32.363]]]}}, {"type": "Feature", "properties": {"fips": "28107950601", "gap_national": 0.7, "gap_stratum": -28.7, "burden": 77.5, "capacity": 72.7, "svi": 0.5, "top_decile_gap": 0.0, "stratum": "small_town", "scored": 1}, "geometry": {"type": "Polygon", "coordinates": [[[-89.9631, 34.3364], [-89.9588, 34.3372], [-89.9616, 34.3399], [-89.9603, 34.341], [-89.9529, 34.3406], [-89.9527, 34.3455], [-89.9329, 34.3476], [-89.9237, 34.3533], [-89.925, 34.3552], [-89.9204, 34.3631], [-89.9123, 34.3643], [-89.9235, 34.28], [-89.9332, 34.2933], [-89.9459, 34.2979], [-89.9443, 34.3114], [-89.9501, 34.3113], [-89.9656, 34.3314], [-89.9631, 34.3364]]]}}, {"type": "Feature", "properties": {"fips": "28031950402", "gap_national": 15.1, "gap_stratum": 0.3, "burden": 76.5, "capacity": 61.6, "svi": 0.5, "top_decile_gap": 0.0, "stratum": "rural", "scored": 1}, "geometry": {"type": "Polygon", "coordinates": [[[-89.5966, 31.5258], [-89.588, 31.5265], [-89.5846, 31.533], [-89.5802, 31.5474], [-89.584, 31.553], [-89.5796, 31.5541], [-89.5618, 31.5543], [-89.549, 31.5511], [-89.5375, 31.5547], [-89.5239, 31.5534], [-89.5188, 31.5588], [-89.5112, 31.5609], [-89.5039, 31.5489], [-89.4946, 31.5463], [-89.4899, 31.5495], [-89.4778, 31.5361], [-89.4698, 31.5403], [-89.4678, 31.5442], [-89.4697, 31.5521], [-89.4517, 31.5513], [-89.4382, 31.5539], [-89.4238, 31.552], [-89.417, 31.5476], [-89.4112, 31.5472], [-89.4058, 31.5408], [-89.3999, 31.5413], [-89.3992, 31.434], [-89.5868, 31.4337], [-89.5869, 31.5134], [-89.5905, 31.5167], [-89.596, 31.5127], [-89.5966, 31.5258]]]}}, {"type": "Feature", "properties": {"fips": "28117950101", "gap_national": 14.4, "gap_stratum": -11.8, "burden": 73.3, "capacity": 59.8, "svi": 0.51, "top_decile_gap": 0.0, "stratum": "small_town", "scored": 1}, "geometry": {"type": "Polygon", "coordinates": [[[-88.56, 34.7365], [-88.5597, 34.7561], [-88.5162, 34.756], [-88.5186, 34.7361], [-88.5162, 34.7229], [-88.5164, 34.6894], [-88.5155, 34.687], [-88.5097, 34.6904], [-88.5016, 34.69], [-88.4936, 34.6936], [-88.4966, 34.687], [-88.4942, 34.673], [-88.4887, 34.6686], [-88.4887, 34.6625], [-88.4929, 34.6585], [-88.4904, 34.653], [-88.4797, 34.6534], [-88.4462, 34.6686], [-88.4327, 34.6691], [-88.4102, 34.6812], [-88.4017, 34.6813], [-88.3929, 34.6739], [-88.3863, 34.6777], [-88.3844, 34.6641], [-88.3785, 34.6617], [-88.3623, 34.6581], [-88.3533, 34.6616], [-88.3415, 34.654], [-88.3304, 34.6571], [-88.3305, 34.6115], [-88.3379, 34.6169], [-88.3453, 34.6144], [-88.3505, 34.6088], [-88.3491, 34.6024], [-88.354, 34.5897], [-88.3613, 34.5883], [-88.3777, 34.5885], [-88.3816, 34.597], [-88.4009, 34.6], [-88.4024, 34.6043], [-88.409, 34.6037], [-88.4149, 34.6079], [-88.4215, 34.607], [-88.4251, 34.6124], [-88.4276, 34.6123], [-88.4296, 34.6044], [-88.4454, 34.6006], [-88.4469, 34.5961], [-88.4631, 34.5962], [-88.4665, 34.5825], [-88.4749, 34.589], [-88.4922, 34.5868], [-88.5094, 34.6029], [-88.5133, 34.6166], [-88.5285, 34.6392], [-88.5288, 34.647], [-88.5417, 34.6535], [-88.5374, 34.6638], [-88.5404, 34.6656], [-88.5353, 34.672], [-88.5354, 34.6794], [-88.5503, 34.6797], [-88.5489, 34.685], [-88.5605, 34.6848], [-88.5604, 34.7268], [-88.5626, 34.7299], [-88.56, 34.7365]]]}}, {"type": "Feature", "properties": {"fips": "28073020101", "gap_national": 31.9, "gap_stratum": 35.5, "burden": 71.5, "capacity": 46.7, "svi": 0.49, "top_decile_gap": 0.0, "stratum": "metropolitan", "scored": 1}, "geometry": {"type": "Polygon", "coordinates": [[[-89.5399, 31.4339], [-89.5459, 31.4235], [-89.5457, 31.4083], [-89.5419, 31.3986], [-89.535, 31.3882], [-89.524, 31.3802], [-89.5115, 31.3762], [-89.5077, 31.368], [-89.5164, 31.3669], [-89.5224, 31.3607], [-89.5308, 31.3636], [-89.5407, 31.3604], [-89.5498, 31.361], [-89.5599, 31.3656], [-89.5713, 31.3656], [-89.5855, 31.3716], [-89.6104, 31.3599], [-89.6199, 31.3726], [-89.6415, 31.3607], [-89.6541, 31.3597], [-89.6542, 31.4338], [-89.5399, 31.4339]]]}}, {"type": "Feature", "properties": {"fips": "28153950402", "gap_national": 50.8, "gap_stratum": 54.4, "burden": 97.2, "capacity": 49.8, "svi": 0.69, "top_decile_gap": 0.0, "stratum": "micropolitan", "scored": 1}, "geometry": {"type": "Polygon", "coordinates": [[[-88.5734, 31.5747], [-88.5687, 31.5781], [-88.5639, 31.5771], [-88.5626, 31.5819], [-88.5591, 31.5744], [-88.5511, 31.5816], [-88.5314, 31.5818], [-88.5254, 31.571], [-88.5258, 31.5674], [-88.5165, 31.5712], [-88.51, 31.57], [-88.5109, 31.5671], [-88.5014, 31.5648], [-88.4891, 31.5682], [-88.4875, 31.5635], [-88.4827, 31.5651], [-88.475, 31.5604], [-88.469, 31.5641], [-88.4563, 31.5625], [-88.4496, 31.4358], [-88.558, 31.4345], [-88.5551, 31.4486], [-88.5637, 31.4532], [-88.5653, 31.4588], [-88.5703, 31.4617], [-88.5736, 31.4688], [-88.5721, 31.4775], [-88.568, 31.4843], [-88.5613, 31.492], [-88.5531, 31.495], [-88.5552, 31.5122], [-88.5694, 31.5368], [-88.5674, 31.5513], [-88.566, 31.5549], [-88.5526, 31.5542], [-88.5564, 31.5591], [-88.5561, 31.5629], [-88.5748, 31.5705], [-88.5734, 31.5747]]]}}, {"type": "Feature", "properties": {"fips": "28081950404", "gap_national": -42.0, "gap_stratum": -74.2, "burden": 51.2, "capacity": 84.9, "svi": 0.09, "top_decile_gap": 0.0, "stratum": "micropolitan", "scored": 1}, "geometry": {"type": "Polygon", "coordinates": [[[-88.7839, 34.3085], [-88.773, 34.2985], [-88.7642, 34.2951], [-88.7655, 34.2816], [-88.7729, 34.282], [-88.7727, 34.2499], [-88.7822, 34.2464], [-88.7876, 34.2527], [-88.7989, 34.257], [-88.8025, 34.2646], [-88.8066, 34.2653], [-88.8083, 34.2715], [-88.8254, 34.2718], [-88.8255, 34.3082], [-88.7839, 34.3085]]]}}, {"type": "Feature", "properties": {"fips": "28139950201", "gap_national": 37.7, "gap_stratum": 48.5, "burden": 91.4, "capacity": 56.0, "svi": 0.69, "top_decile_gap": 0.0, "stratum": "rural", "scored": 1}, "geometry": {"type": "Polygon", "coordinates": [[[-88.9828, 34.8179], [-88.983, 34.8249], [-88.9672, 34.8248], [-88.9607, 34.8294], [-88.9601, 34.8347], [-88.9564, 34.8368], [-88.9385, 34.838], [-88.9372, 34.8424], [-88.9273, 34.8398], [-88.9223, 34.8486], [-88.9153, 34.8518], [-88.9134, 34.8631], [-88.9064, 34.8635], [-88.9029, 34.8594], [-88.8918, 34.8628], [-88.8843, 34.861], [-88.881, 34.866], [-88.8768, 34.866], [-88.8728, 34.8726], [-88.8659, 34.8729], [-88.8549, 34.8636], [-88.8458, 34.8616], [-88.8458, 34.8586], [-88.753, 34.8588], [-88.7531, 34.757], [-88.7185, 34.7568], [-88.7187, 34.6986], [-88.7395, 34.703], [-88.7542, 34.7172], [-88.7742, 34.7223], [-88.7795, 34.7208], [-88.7924, 34.7053], [-88.7957, 34.7042], [-88.8147, 34.7118], [-88.8386, 34.7136], [-88.8588, 34.7215], [-88.8819, 34.7277], [-88.8889, 34.7272], [-88.906, 34.735], [-88.9251, 34.7318], [-88.9296, 34.7366], [-88.9301, 34.7434], [-88.9462, 34.7415], [-88.9424, 34.7538], [-88.9351, 34.7661], [-88.9426, 34.7666], [-88.9438, 34.7725], [-88.951, 34.7823], [-88.9665, 34.7919], [-88.968, 34.7945], [-88.9652, 34.8012], [-88.9692, 34.8039], [-88.973, 34.8026], [-88.9803, 34.8046], [-88.9865, 34.8153], [-88.9828, 34.8179]]]}}, {"type": "Feature", "properties": {"fips": "28075000401", "gap_national": 27.9, "gap_stratum": 27.1, "burden": 98.8, "capacity": 65.7, "svi": 0.78, "top_decile_gap": 0.0, "stratum": "micropolitan", "scored": 1}, "geometry": {"type": "Polygon", "coordinates": [[[-88.7013, 32.3829], [-88.6903, 32.3854], [-88.6887, 32.378], [-88.6945, 32.3782], [-88.6945, 32.3731], [-88.6832, 32.3732], [-88.6865, 32.3709], [-88.7013, 32.3708], [-88.7013, 32.3829]]]}}, {"type": "Feature", "properties": {"fips": "28087000700", "gap_national": 45.0, "gap_stratum": 43.0, "burden": 86.1, "capacity": 48.0, "svi": 0.82, "top_decile_gap": 0.0, "stratum": "micropolitan", "scored": 1}, "geometry": {"type": "Polygon", "coordinates": [[[-88.4333, 33.4721], [-88.4356, 33.4775], [-88.4334, 33.4953], [-88.4078, 33.4985], [-88.3923, 33.4975], [-88.3924, 33.4937], [-88.3998, 33.4957], [-88.4044, 33.4837], [-88.4039, 33.4776], [-88.4148, 33.4613], [-88.4229, 33.4619], [-88.4332, 33.4569], [-88.4359, 33.4657], [-88.4333, 33.4721]]]}}, {"type": "Feature", "properties": {"fips": "28095950400", "gap_national": 24.3, "gap_stratum": 22.7, "burden": 95.6, "capacity": 66.9, "svi": 0.83, "top_decile_gap": 0.0, "stratum": "small_town", "scored": 1}, "geometry": {"type": "Polygon", "coordinates": [[[-88.5147, 33.9895], [-88.503, 33.9909], [-88.4943, 33.9896], [-88.4884, 33.9826], [-88.4822, 33.9861], [-88.4526, 33.9864], [-88.4382, 33.9757], [-88.4605, 33.9686], [-88.4579, 33.9656], [-88.4612, 33.9662], [-88.4695, 33.9586], [-88.4966, 33.9565], [-88.4952, 33.9775], [-88.5203, 33.9812], [-88.5147, 33.9895]]]}}, {"type": "Feature", "properties": {"fips": "28003950502", "gap_national": 52.7, "gap_stratum": 55.9, "burden": 94.9, "capacity": 47.5, "svi": 0.98, "top_decile_gap": 0.0, "stratum": "micropolitan", "scored": 1}, "geometry": {"type": "Polygon", "coordinates": [[[-88.5451, 34.9382], [-88.5331, 34.9383], [-88.5057, 34.9308], [-88.5059, 34.9163], [-88.5233, 34.9252], [-88.5235, 34.9087], [-88.5444, 34.909], [-88.542, 34.9187], [-88.5473, 34.9323], [-88.5451, 34.9382]]]}}, {"type": "Feature", "properties": {"fips": "28115950102", "gap_national": 39.8, "gap_stratum": 27.7, "burden": 73.8, "capacity": 42.6, "svi": 0.87, "top_decile_gap": 0.0, "stratum": "rural", "scored": 1}, "geometry": {"type": "Polygon", "coordinates": [[[-89.0905, 34.2813], [-89.0718, 34.2758], [-89.0718, 34.2869], [-89.09, 34.3064], [-89.0909, 34.3203], [-89.0628, 34.337], [-89.0625, 34.3444], [-89.0589, 34.3436], [-89.0642, 34.3551], [-89.0803, 34.3719], [-89.0921, 34.3802], [-88.9289, 34.3794], [-88.9285, 34.365], [-88.893, 34.3651], [-88.9111, 34.3475], [-88.8964, 34.3377], [-88.8849, 34.337], [-88.8804, 34.3281], [-88.8798, 34.3227], [-88.883, 34.3227], [-88.8827, 34.3089], [-88.8966, 34.3063], [-88.9021, 34.3008], [-88.906, 34.3], [-88.9095, 34.2924], [-88.9132, 34.2926], [-88.9141, 34.298], [-88.918, 34.3022], [-88.9403, 34.3049], [-88.9475, 34.3079], [-88.9519, 34.3133], [-88.955, 34.3099], [-88.9654, 34.3091], [-88.968, 34.3066], [-88.9707, 34.2876], [-88.9884, 34.268], [-88.9944, 34.2713], [-89.005, 34.2875], [-89.0087, 34.2884], [-89.0191, 34.2732], [-89.0197, 34.2674], [-89.0226, 34.2674], [-89.0251, 34.2608], [-89.035, 34.2529], [-89.0946, 34.2724], [-89.0905, 34.2813]]]}}, {"type": "Feature", "properties": {"fips": "28059041800", "gap_national": 23.3, "gap_stratum": 23.1, "burden": 98.0, "capacity": 68.6, "svi": 0.77, "top_decile_gap": 0.0, "stratum": "metropolitan", "scored": 1}, "geometry": {"type": "Polygon", "coordinates": [[[-88.5352, 30.401], [-88.5191, 30.4024], [-88.5192, 30.3897], [-88.5434, 30.3895], [-88.544, 30.4033], [-88.5352, 30.401]]]}}, {"type": "Feature", "properties": {"fips": "28047003408", "gap_national": -33.4, "gap_stratum": -25.4, "burden": 46.2, "capacity": 71.1, "svi": 0.28, "top_decile_gap": 0.0, "stratum": "metropolitan", "scored": 1}, "geometry": {"type": "Polygon", "coordinates": [[[-89.085, 30.6162], [-89.0788, 30.6216], [-89.0784, 30.6393], [-89.0822, 30.6454], [-89.0836, 30.6692], [-89.0728, 30.6674], [-89.0741, 30.6717], [-89.0706, 30.677], [-88.8845, 30.6773], [-88.8839, 30.561], [-88.9006, 30.5564], [-88.9125, 30.5588], [-88.9279, 30.5511], [-88.9274, 30.5422], [-88.9234, 30.5335], [-88.9349, 30.5353], [-88.9501, 30.545], [-88.9563, 30.5368], [-88.9619, 30.5339], [-88.9655, 30.5229], [-88.9751, 30.5208], [-88.9848, 30.524], [-89.0438, 30.5668], [-89.0552, 30.5861], [-89.0861, 30.6038], [-89.085, 30.6162]]]}}, {"type": "Feature", "properties": {"fips": "28083950400", "gap_national": 9.0, "gap_stratum": -1.5, "burden": 83.3, "capacity": 70.6, "svi": 0.78, "top_decile_gap": 0.0, "stratum": "micropolitan", "scored": 1}, "geometry": {"type": "Polygon", "coordinates": [[[-90.3161, 33.3869], [-90.3091, 33.3909], [-90.3133, 33.3915], [-90.3004, 33.4426], [-90.2786, 33.4451], [-90.2675, 33.44], [-90.2643, 33.4426], [-90.2671, 33.4505], [-90.2672, 33.4558], [-90.265, 33.4557], [-90.2658, 33.4719], [-90.2615, 33.473], [-90.2573, 33.4782], [-90.2565, 33.4799], [-90.2607, 33.484], [-90.2517, 33.4956], [-90.2496, 33.5188], [-90.2517, 33.5304], [-90.2409, 33.5313], [-90.2425, 33.5268], [-90.232, 33.5269], [-90.2037, 33.5191], [-90.2037, 33.515], [-90.2068, 33.5149], [-90.2071, 33.5041], [-90.2234, 33.4978], [-90.2109, 33.4958], [-90.196, 33.4882], [-90.181, 33.5035], [-90.1718, 33.5053], [-90.1715, 33.5026], [-90.1582, 33.5027], [-90.1592, 33.5103], [-90.1016, 33.5102], [-90.1014, 33.4589], [-90.1375, 33.4591], [-90.1378, 33.4165], [-90.1748, 33.417], [-90.1746, 33.3334], [-90.3215, 33.3751], [-90.3161, 33.3869]]]}}, {"type": "Feature", "properties": {"fips": "28033070634", "gap_national": -47.2, "gap_stratum": -39.0, "burden": 44.9, "capacity": 82.4, "svi": 0.0, "top_decile_gap": 0.0, "stratum": "metropolitan", "scored": 1}, "geometry": {"type": "Polygon", "coordinates": [[[-89.9913, 34.9044], [-89.9368, 34.9032], [-89.9368, 34.8833], [-89.9874, 34.8825], [-89.9913, 34.8833], [-89.9913, 34.9044]]]}}, {"type": "Feature", "properties": {"fips": "28121020303", "gap_national": -18.8, "gap_stratum": -15.9, "burden": 30.8, "capacity": 48.9, "svi": 0.14, "top_decile_gap": 0.0, "stratum": "metropolitan", "scored": 1}, "geometry": {"type": "Polygon", "coordinates": [[[-90.0796, 32.3785], [-90.0729, 32.3785], [-90.0609, 32.3853], [-90.0688, 32.3984], [-90.0421, 32.3829], [-90.0433, 32.3782], [-90.0541, 32.3686], [-90.0647, 32.3455], [-90.0741, 32.3417], [-90.0917, 32.3418], [-90.0922, 32.3508], [-90.0796, 32.3785]]]}}, {"type": "Feature", "properties": {"fips": "28109950503", "gap_national": 11.2, "gap_stratum": -9.4, "burden": 68.3, "capacity": 58.2, "svi": 0.37, "top_decile_gap": 0.0, "stratum": "rural", "scored": 1}, "geometry": {"type": "Polygon", "coordinates": [[[-89.6015, 30.6227], [-89.5848, 30.6195], [-89.5738, 30.6229], [-89.5518, 30.6222], [-89.544, 30.6277], [-89.5445, 30.5169], [-89.5858, 30.5169], [-89.5988, 30.5191], [-89.5966, 30.5462], [-89.5862, 30.5622], [-89.578, 30.5681], [-89.5759, 30.5754], [-89.5959, 30.5745], [-89.6094, 30.5967], [-89.6157, 30.5972], [-89.6187, 30.6005], [-89.6015, 30.6227]]]}}, {"type": "Feature", "properties": {"fips": "28033070324", "gap_national": 46.2, "gap_stratum": 46.5, "burden": 84.0, "capacity": 45.8, "svi": 0.86, "top_decile_gap": 0.0, "stratum": "metropolitan", "scored": 1}, "geometry": {"type": "Polygon", "coordinates": [[[-90.0468, 34.9626], [-90.0468, 34.9557], [-90.0431, 34.9481], [-90.0607, 34.9481], [-90.0607, 34.9627], [-90.0468, 34.9626]]]}}, {"type": "Feature", "properties": {"fips": "28073020306", "gap_national": 4.8, "gap_stratum": 8.9, "burden": 35.3, "capacity": 34.8, "svi": 0.46, "top_decile_gap": 0.0, "stratum": "metropolitan", "scored": 1}, "geometry": {"type": "Polygon", "coordinates": [[[-89.4068, 31.3247], [-89.3996, 31.3253], [-89.3964, 31.3356], [-89.399, 31.3465], [-89.3607, 31.3467], [-89.3572, 31.3368], [-89.3668, 31.3353], [-89.3733, 31.3281], [-89.3734, 31.3222], [-89.4075, 31.3176], [-89.4068, 31.3247]]]}}, {"type": "Feature", "properties": {"fips": "28049010501", "gap_national": -26.0, "gap_stratum": -18.2, "burden": 64.5, "capacity": 84.3, "svi": 0.65, "top_decile_gap": 0.0, "stratum": "metropolitan", "scored": 1}, "geometry": {"type": "Polygon", "coordinates": [[[-90.2436, 32.4875], [-90.2438, 32.4001], [-90.2525, 32.4002], [-90.2589, 32.3807], [-90.2661, 32.3795], [-90.2822, 32.3693], [-90.2881, 32.371], [-90.2896, 32.3761], [-90.3021, 32.3892], [-90.3092, 32.3918], [-90.3125, 32.3859], [-90.3212, 32.3785], [-90.3216, 32.3593], [-90.3257, 32.3506], [-90.3374, 32.3586], [-90.3462, 32.359], [-90.3604, 32.3656], [-90.3659, 32.3726], [-90.3574, 32.3932], [-90.3364, 32.3932], [-90.3355, 32.4003], [-90.3406, 32.4113], [-90.3411, 32.4202], [-90.3454, 32.4231], [-90.347, 32.428], [-90.3474, 32.4374], [-90.3609, 32.4401], [-90.3718, 32.446], [-90.375, 32.4511], [-90.3726, 32.4524], [-90.3726, 32.482], [-90.3799, 32.4877], [-90.2436, 32.4875]]]}}, {"type": "Feature", "properties": {"fips": "28059041001", "gap_national": 12.2, "gap_stratum": 14.4, "burden": 86.7, "capacity": 70.7, "svi": 0.77, "top_decile_gap": 0.0, "stratum": "metropolitan", "scored": 1}, "geometry": {"type": "Polygon", "coordinates": [[[-88.6486, 30.4024], [-88.644, 30.4014], [-88.6396, 30.3966], [-88.63, 30.3966], [-88.6207, 30.3908], [-88.6123, 30.3914], [-88.6111, 30.3873], [-88.6074, 30.3859], [-88.6102, 30.3776], [-88.647, 30.3849], [-88.6464, 30.3882], [-88.6519, 30.3883], [-88.6552, 30.4105], [-88.6486, 30.4024]]]}}, {"type": "Feature", "properties": {"fips": "28063950101", "gap_national": 19.6, "gap_stratum": 20.8, "burden": 94.7, "capacity": 69.9, "svi": 0.95, "top_decile_gap": 0.0, "stratum": "rural", "scored": 1}, "geometry": {"type": "Polygon", "coordinates": [[[-91.3457, 31.8429], [-91.3384, 31.8513], [-91.3279, 31.8548], [-91.2934, 31.8602], [-91.2893, 31.8469], [-91.2901, 31.8337], [-91.2878, 31.8242], [-91.2822, 31.8148], [-91.2692, 31.8092], [-91.262, 31.8094], [-91.2556, 31.8127], [-91.2474, 31.8223], [-91.2456, 31.8332], [-91.2666, 31.8512], [-91.269, 31.8587], [-91.2644, 31.8655], [-91.2481, 31.8698], [-91.0137, 31.8619], [-91.0205, 31.8442], [-91.0393, 31.8354], [-91.0456, 31.8296], [-91.0584, 31.7944], [-91.0505, 31.7715], [-91.0435, 31.7641], [-91.037, 31.7511], [-91.0356, 31.7311], [-91.0333, 31.7254], [-91.0349, 31.7213], [-91.0464, 31.714], [-91.0598, 31.7143], [-91.0599, 31.7319], [-91.0627, 31.728], [-91.0727, 31.7251], [-91.0748, 31.7194], [-91.095, 31.7369], [-91.1116, 31.7375], [-91.1245, 31.7433], [-91.1401, 31.7465], [-91.1563, 31.7454], [-91.1686, 31.7497], [-91.1792, 31.7477], [-91.1772, 31.7533], [-91.1856, 31.7545], [-91.1781, 31.7585], [-91.1866, 31.7613], [-91.1826, 31.7654], [-91.1831, 31.7684], [-91.1861, 31.769], [-91.1894, 31.7656], [-91.1988, 31.7663], [-91.1988, 31.7726], [-91.2012, 31.7747], [-91.1978, 31.7802], [-91.2013, 31.7811], [-91.2106, 31.7703], [-91.2134, 31.7703], [-91.2167, 31.7813], [-91.2289, 31.7876], [-91.2319, 31.7931], [-91.2404, 31.7955], [-91.245, 31.7897], [-91.243, 31.7876], [-91.2485, 31.7874], [-91.2497, 31.7844], [-91.2668, 31.7785], [-91.2739, 31.7786], [-91.273, 31.7726], [-91.2665, 31.7724], [-91.2663, 31.7682], [-91.286, 31.7721], [-91.326, 31.7615], [-91.3552, 31.7581], [-91.3655, 31.7616], [-91.3637, 31.7804], [-91.3457, 31.8429]]]}}, {"type": "Feature", "properties": {"fips": "28143950200", "gap_national": 36.5, "gap_stratum": 49.6, "burden": 97.0, "capacity": 59.3, "svi": 0.94, "top_decile_gap": 0.0, "stratum": "rural", "scored": 1}, "geometry": {"type": "Polygon", "coordinates": [[[-90.46, 34.7042], [-90.4649, 34.7157], [-90.4404, 34.7359], [-90.4271, 34.735], [-90.4076, 34.7433], [-90.3952, 34.743], [-90.3887, 34.737], [-90.3748, 34.7318], [-90.3631, 34.7232], [-90.3592, 34.7169], [-90.3583, 34.6409], [-90.392, 34.6407], [-90.411, 34.6476], [-90.4246, 34.6465], [-90.4378, 34.6408], [-90.4508, 34.6411], [-90.4456, 34.6538], [-90.4468, 34.6736], [-90.4539, 34.6815], [-90.4637, 34.6815], [-90.4637, 34.6926], [-90.4668, 34.7002], [-90.46, 34.7042]]]}}, {"type": "Feature", "properties": {"fips": "28005950200", "gap_national": 24.7, "gap_stratum": 24.5, "burden": 97.2, "capacity": 67.3, "svi": 0.79, "top_decile_gap": 0.0, "stratum": "metropolitan", "scored": 1}, "geometry": {"type": "Polygon", "coordinates": [[[-91.0866, 31.3267], [-91.0807, 31.325], [-91.0692, 31.3283], [-91.0682, 31.3369], [-91.0657, 31.3389], [-91.0592, 31.3318], [-91.0526, 31.3301], [-91.0483, 31.3311], [-91.0454, 31.3354], [-91.0283, 31.3357], [-91.018, 31.3475], [-91.0076, 31.3467], [-91.002, 31.337], [-90.9898, 31.3363], [-90.9876, 31.3369], [-90.9874, 31.3438], [-90.983, 31.3487], [-90.7897, 31.3495], [-90.804, 31.345], [-90.8067, 31.3418], [-90.8081, 31.3292], [-90.8228, 31.3197], [-90.8261, 31.3149], [-90.8264, 31.3013], [-90.8321, 31.2922], [-90.8326, 31.2873], [-90.8465, 31.28], [-90.8496, 31.2756], [-90.8474, 31.252], [-90.8406, 31.2398], [-90.841, 31.2258], [-90.837, 31.2187], [-90.8376, 31.2098], [-90.8261, 31.1827], [-90.8264, 31.1682], [-90.8164, 31.1581], [-90.8507, 31.1653], [-90.8657, 31.1635], [-90.8753, 31.1649], [-90.8941, 31.1505], [-90.9047, 31.1611], [-90.9131, 31.163], [-90.9268, 31.1728], [-90.9321, 31.1712], [-90.9377, 31.1771], [-90.9674, 31.1627], [-91.0117, 31.1594], [-91.0114, 31.1633], [-91.0196, 31.1724], [-91.0309, 31.1741], [-91.041, 31.1807], [-91.0597, 31.1772], [-91.0595, 31.2819], [-91.0649, 31.2821], [-91.0733, 31.2875], [-91.08, 31.2888], [-91.0795, 31.2961], [-91.0846, 31.3035], [-91.0849, 31.3076], [-91.0832, 31.3081], [-91.0873, 31.3117], [-91.0858, 31.3118], [-91.0879, 31.3175], [-91.0915, 31.3177], [-91.094, 31.3211], [-91.0866, 31.3267]]]}}, {"type": "Feature", "properties": {"fips": "28025950200", "gap_national": 13.5, "gap_stratum": 8.3, "burden": 91.7, "capacity": 72.9, "svi": 0.58, "top_decile_gap": 0.0, "stratum": "micropolitan", "scored": 1}, "geometry": {"type": "Polygon", "coordinates": [[[-89.0343, 33.6354], [-89.0348, 33.7542], [-88.9316, 33.7543], [-88.9312, 33.8124], [-88.8498, 33.8117], [-88.8527, 33.8024], [-88.8532, 33.7876], [-88.8606, 33.7801], [-88.8606, 33.7723], [-88.824, 33.7241], [-88.8465, 33.7245], [-88.831, 33.6954], [-88.8273, 33.6766], [-88.8279, 33.6628], [-88.833, 33.6511], [-88.8478, 33.6364], [-88.8489, 33.6197], [-88.8584, 33.6172], [-88.8559, 33.613], [-88.8492, 33.6103], [-88.8473, 33.6042], [-88.8448, 33.6056], [-88.8398, 33.6015], [-88.8317, 33.6036], [-88.8296, 33.6009], [-88.8248, 33.6015], [-88.8237, 33.5978], [-88.8162, 33.5915], [-88.8171, 33.5888], [-88.8065, 33.5889], [-88.8014, 33.5857], [-88.8007, 33.5818], [-88.7976, 33.582], [-88.7981, 33.578], [-88.792, 33.5763], [-88.7926, 33.5735], [-88.7886, 33.5721], [-88.7814, 33.5739], [-88.7816, 33.5708], [-88.7772, 33.5673], [-88.7666, 33.5674], [-88.7706, 33.5652], [-88.9842, 33.5643], [-89.0186, 33.5621], [-89.0185, 33.6354], [-89.036, 33.6336], [-89.0343, 33.6354]]]}}, {"type": "Feature", "properties": {"fips": "28051950501", "gap_national": 57.5, "gap_stratum": 55.4, "burden": 94.7, "capacity": 43.8, "svi": 0.97, "top_decile_gap": 1.0, "stratum": "metropolitan", "scored": 1}, "geometry": {"type": "Polygon", "coordinates": [[[-89.9712, 32.9498], [-89.9666, 32.9691], [-89.9502, 33.0022], [-89.9436, 32.9922], [-89.9338, 32.9897], [-89.9273, 32.9843], [-89.9167, 32.9851], [-89.9111, 32.9791], [-89.8994, 32.9746], [-89.8952, 32.9759], [-89.891, 32.9741], [-89.8888, 32.9693], [-89.8917, 32.9679], [-89.8922, 32.9645], [-89.8942, 32.9648], [-89.8932, 32.9608], [-89.8882, 32.959], [-89.8959, 32.9487], [-89.893, 32.9459], [-89.8991, 32.9439], [-89.8983, 32.9373], [-89.8955, 32.936], [-89.8985, 32.9353], [-89.8964, 32.9326], [-89.9064, 32.9257], [-89.9132, 32.9266], [-89.9161, 32.9249], [-89.9151, 32.9223], [-89.9182, 32.9229], [-89.9151, 32.9168], [-89.9198, 32.9132], [-89.9178, 32.9116], [-89.9205, 32.9098], [-89.9224, 32.9117], [-89.9258, 32.9103], [-89.9255, 32.9083], [-89.9284, 32.9094], [-89.938, 32.9043], [-89.9334, 32.8965], [-89.9363, 32.895], [-89.9382, 32.8973], [-89.9419, 32.8956], [-89.9407, 32.8935], [-89.9518, 32.8898], [-89.9575, 32.8917], [-89.9659, 32.8796], [-90.0163, 32.8972], [-90.0046, 32.9139], [-89.9712, 32.9498]]]}}, {"type": "Feature", "properties": {"fips": "28043950101", "gap_national": 24.1, "gap_stratum": 23.7, "burden": 88.2, "capacity": 63.2, "svi": 0.53, "top_decile_gap": 0.0, "stratum": "rural", "scored": 1}, "geometry": {"type": "Polygon", "coordinates": [[[-89.7962, 33.8198], [-89.7763, 33.8342], [-89.7727, 33.824], [-89.7732, 33.8291], [-89.7801, 33.8439], [-89.774, 33.8413], [-89.7714, 33.8435], [-89.7692, 33.8397], [-89.7666, 33.8417], [-89.768, 33.851], [-89.7641, 33.8531], [-89.7693, 33.86], [-89.7698, 33.8699], [-89.769, 33.8673], [-89.7173, 33.8671], [-89.7172, 33.8267], [-89.7021, 33.825], [-89.6684, 33.8292], [-89.6491, 33.8191], [-89.6149, 33.8193], [-89.6119, 33.7832], [-89.6186, 33.7722], [-89.6141, 33.761], [-89.6161, 33.7565], [-89.6463, 33.7507], [-89.6603, 33.7508], [-89.7219, 33.7713], [-89.7564, 33.7799], [-89.7756, 33.7812], [-89.7876, 33.774], [-89.7933, 33.778], [-89.7893, 33.7811], [-89.793, 33.7828], [-89.7942, 33.7879], [-89.7969, 33.7881], [-89.7971, 33.8007], [-89.8015, 33.8055], [-89.7962, 33.8198]]]}}, {"type": "Feature", "properties": {"fips": "28067951101", "gap_national": 2.6, "gap_stratum": 8.7, "burden": 67.9, "capacity": 63.5, "svi": 0.4, "top_decile_gap": 0.0, "stratum": "metropolitan", "scored": 1}, "geometry": {"type": "Polygon", "coordinates": [[[-89.3878, 31.6189], [-89.3618, 31.6236], [-89.35, 31.6183], [-89.3115, 31.6204], [-89.3098, 31.6087], [-89.234, 31.609], [-89.2203, 31.6111], [-89.2204, 31.6016], [-89.2248, 31.6002], [-89.223, 31.5988], [-89.2354, 31.5899], [-89.218, 31.5833], [-89.2259, 31.5803], [-89.2414, 31.5533], [-89.2472, 31.5501], [-89.2488, 31.5396], [-89.2465, 31.5374], [-89.2467, 31.533], [-89.2435, 31.5316], [-89.2425, 31.5213], [-89.2607, 31.52], [-89.2725, 31.5078], [-89.2788, 31.507], [-89.2823, 31.5187], [-89.2902, 31.525], [-89.2854, 31.525], [-89.2854, 31.5298], [-89.3009, 31.5377], [-89.3038, 31.5473], [-89.3028, 31.5575], [-89.3223, 31.5517], [-89.3417, 31.5611], [-89.3578, 31.5614], [-89.3811, 31.5673], [-89.4001, 31.5638], [-89.4002, 31.6199], [-89.3878, 31.6189]]]}}, {"type": "Feature", "properties": {"fips": "28121020803", "gap_national": 7.0, "gap_stratum": 12.7, "burden": 61.5, "capacity": 55.7, "svi": 0.17, "top_decile_gap": 0.0, "stratum": "metropolitan", "scored": 1}, "geometry": {"type": "Polygon", "coordinates": [[[-90.0129, 32.2131], [-90.0065, 32.2153], [-89.9994, 32.2144], [-89.9904, 32.2222], [-89.9888, 32.2305], [-89.982, 32.2355], [-89.964, 32.238], [-89.9584, 32.2397], [-89.9565, 32.2434], [-89.9477, 32.2299], [-89.945, 32.2166], [-89.9363, 32.2064], [-89.9357, 32.2015], [-89.9363, 32.1984], [-89.9484, 32.1963], [-89.9652, 32.1839], [-89.9749, 32.1807], [-89.9805, 32.1832], [-89.9998, 32.184], [-90.0043, 32.1928], [-90.0089, 32.1931], [-90.0181, 32.1993], [-90.0227, 32.1986], [-90.0271, 32.2045], [-90.0129, 32.2131]]]}}, {"type": "Feature", "properties": {"fips": "28105950300", "gap_national": 19.4, "gap_stratum": 11.2, "burden": 84.1, "capacity": 63.9, "svi": 0.9, "top_decile_gap": 0.0, "stratum": "micropolitan", "scored": 1}, "geometry": {"type": "Polygon", "coordinates": [[[-88.8541, 33.5057], [-88.842, 33.5058], [-88.8291, 33.5017], [-88.8151, 33.4839], [-88.8139, 33.4659], [-88.8444, 33.462], [-88.8429, 33.4688], [-88.8451, 33.4802], [-88.8542, 33.4868], [-88.8558, 33.5014], [-88.8542, 33.5014], [-88.8541, 33.5057]]]}}, {"type": "Feature", "properties": {"fips": "28149950902", "gap_national": -18.0, "gap_stratum": -45.2, "burden": 66.0, "capacity": 77.5, "svi": 0.68, "top_decile_gap": 0.0, "stratum": "micropolitan", "scored": 1}, "geometry": {"type": "Polygon", "coordinates": [[[-90.8307, 32.315], [-90.8255, 32.3262], [-90.8207, 32.331], [-90.825, 32.3488], [-90.7809, 32.3541], [-90.7401, 32.3531], [-90.6868, 32.364], [-90.6514, 32.3551], [-90.6304, 32.3533], [-90.6274, 32.3424], [-90.628, 32.3395], [-90.6325, 32.339], [-90.6417, 32.3434], [-90.6811, 32.3527], [-90.689, 32.3514], [-90.6929, 32.3543], [-90.6974, 32.3478], [-90.7047, 32.3473], [-90.7074, 32.339], [-90.7033, 32.3349], [-90.6992, 32.3378], [-90.6993, 32.3311], [-90.7054, 32.3247], [-90.7031, 32.3168], [-90.7077, 32.3186], [-90.7078, 32.3167], [-90.7035, 32.3109], [-90.6991, 32.3118], [-90.7003, 32.3073], [-90.6959, 32.3054], [-90.6985, 32.3021], [-90.6959, 32.2977], [-90.7029, 32.2945], [-90.7034, 32.2909], [-90.7067, 32.2923], [-90.7037, 32.2878], [-90.7001, 32.2876], [-90.7071, 32.2862], [-90.7074, 32.2824], [-90.7129, 32.2797], [-90.7146, 32.276], [-90.7195, 32.2773], [-90.717, 32.2709], [-90.7207, 32.2691], [-90.7182, 32.2664], [-90.7135, 32.2668], [-90.7142, 32.2632], [-90.7262, 32.2603], [-90.7283, 32.263], [-90.7306, 32.2626], [-90.7305, 32.2595], [-90.737, 32.2587], [-90.7426, 32.2614], [-90.7417, 32.264], [-90.7488, 32.2693], [-90.7484, 32.2742], [-90.7553, 32.2816], [-90.7727, 32.2829], [-90.7842, 32.2885], [-90.7873, 32.2865], [-90.7968, 32.2978], [-90.799, 32.2928], [-90.823, 32.2933], [-90.8261, 32.2991], [-90.8252, 32.3032], [-90.8314, 32.309], [-90.8288, 32.3112], [-90.8307, 32.315]]]}}, {"type": "Feature", "properties": {"fips": "28033070633", "gap_national": -49.3, "gap_stratum": -41.4, "burden": 42.5, "capacity": 81.6, "svi": 0.05, "top_decile_gap": 0.0, "stratum": "metropolitan", "scored": 1}, "geometry": {"type": "Polygon", "coordinates": [[[-89.9368, 34.9333], [-89.9014, 34.9331], [-89.9011, 34.9289], [-89.8926, 34.9258], [-89.8888, 34.9186], [-89.9034, 34.8922], [-89.9206, 34.8893], [-89.9368, 34.8833], [-89.9368, 34.9333]]]}}, {"type": "Feature", "properties": {"fips": "28151000200", "gap_national": 13.0, "gap_stratum": 7.6, "burden": 91.2, "capacity": 73.0, "svi": 0.92, "top_decile_gap": 0.0, "stratum": "micropolitan", "scored": 1}, "geometry": {"type": "Polygon", "coordinates": [[[-91.2334, 33.444], [-91.2317, 33.4571], [-91.2085, 33.4686], [-91.1956, 33.4885], [-91.1826, 33.4992], [-91.1854, 33.5075], [-91.2051, 33.5183], [-91.2187, 33.5294], [-90.9455, 33.5302], [-90.9457, 33.5167], [-90.9546, 33.5166], [-90.9544, 33.4729], [-90.9567, 33.4586], [-90.9825, 33.444], [-90.9894, 33.4437], [-90.9881, 33.4228], [-91.0116, 33.4185], [-91.0107, 33.4274], [-91.0211, 33.4266], [-91.0239, 33.4297], [-91.029, 33.4383], [-91.0332, 33.4554], [-91.0432, 33.4504], [-91.0421, 33.448], [-91.0476, 33.4437], [-91.0581, 33.4462], [-91.0598, 33.4503], [-91.0676, 33.4551], [-91.0758, 33.4557], [-91.087, 33.4513], [-91.0943, 33.4427], [-91.0975, 33.4337], [-91.095, 33.4242], [-91.0963, 33.4128], [-91.1138, 33.3931], [-91.1212, 33.3884], [-91.1488, 33.3788], [-91.1663, 33.3797], [-91.1769, 33.3828], [-91.1911, 33.3896], [-91.2081, 33.402], [-91.2087, 33.4087], [-91.2053, 33.4142], [-91.1994, 33.4183], [-91.1844, 33.4196], [-91.1763, 33.417], [-91.1477, 33.4272], [-91.1391, 33.427], [-91.1319, 33.4301], [-91.1189, 33.4462], [-91.1169, 33.452], [-91.1212, 33.4675], [-91.1322, 33.4816], [-91.1642, 33.4982], [-91.1717, 33.497], [-91.177, 33.4873], [-91.176, 33.4729], [-91.1698, 33.452], [-91.1765, 33.4446], [-91.187, 33.4386], [-91.2068, 33.4338], [-91.2174, 33.4347], [-91.2359, 33.4406], [-91.2334, 33.444]]]}}, {"type": "Feature", "properties": {"fips": "28123020301", "gap_national": 7.6, "gap_stratum": 13.1, "burden": 68.2, "capacity": 60.4, "svi": 0.43, "top_decile_gap": 0.0, "stratum": "metropolitan", "scored": 1}, "geometry": {"type": "Polygon", "coordinates": [[[-89.7298, 32.3353], [-89.7274, 32.3392], [-89.7105, 32.3441], [-89.7003, 32.3535], [-89.6722, 32.3523], [-89.6711, 32.3488], [-89.6912, 32.3397], [-89.6871, 32.3334], [-89.6794, 32.3295], [-89.6669, 32.3303], [-89.6571, 32.3436], [-89.6529, 32.3403], [-89.6484, 32.3315], [-89.6361, 32.3266], [-89.6368, 32.3361], [-89.6497, 32.3443], [-89.6275, 32.3475], [-89.6275, 32.3543], [-89.6318, 32.3542], [-89.6364, 32.3597], [-89.6092, 32.3704], [-89.5594, 32.3976], [-89.5597, 32.382], [-89.5645, 32.3637], [-89.5363, 32.357], [-89.5427, 32.3432], [-89.5402, 32.3374], [-89.5422, 32.3333], [-89.5559, 32.3302], [-89.5635, 32.3207], [-89.5705, 32.3196], [-89.5696, 32.294], [-89.576, 32.2919], [-89.5777, 32.2883], [-89.5844, 32.2851], [-89.5871, 32.2772], [-89.5967, 32.2726], [-89.6028, 32.273], [-89.6035, 32.2657], [-89.598, 32.2544], [-89.6033, 32.2415], [-89.6033, 32.2343], [-89.598, 32.2308], [-89.5976, 32.2237], [-89.7304, 32.222], [-89.7298, 32.3353]]]}}, {"type": "Feature", "properties": {"fips": "28035000300", "gap_national": 48.3, "gap_stratum": 50.5, "burden": 78.0, "capacity": 39.5, "svi": 0.69, "top_decile_gap": 0.0, "stratum": "metropolitan", "scored": 1}, "geometry": {"type": "Polygon", "coordinates": [[[-89.2969, 31.3325], [-89.2957, 31.3309], [-89.2971, 31.3248], [-89.3289, 31.3247], [-89.329, 31.3325], [-89.2969, 31.3325]]]}}, {"type": "Feature", "properties": {"fips": "28151000800", "gap_national": -7.9, "gap_stratum": -24.7, "burden": 77.9, "capacity": 80.9, "svi": 0.63, "top_decile_gap": 0.0, "stratum": "micropolitan", "scored": 1}, "geometry": {"type": "Polygon", "coordinates": [[[-91.0909, 33.352], [-91.077, 33.3472], [-91.0741, 33.3576], [-91.0635, 33.3665], [-91.052, 33.3604], [-91.0427, 33.3602], [-91.0397, 33.3744], [-91.0275, 33.3736], [-91.0222, 33.3708], [-91.0061, 33.3709], [-91.006, 33.3597], [-91.0087, 33.3569], [-91.025, 33.3564], [-91.0234, 33.3275], [-91.072, 33.3258], [-91.1112, 33.3274], [-91.0909, 33.352]]]}}, {"type": "Feature", "properties": {"fips": "28037950200", "gap_national": 11.9, "gap_stratum": 5.9, "burden": 90.0, "capacity": 73.1, "svi": 0.55, "top_decile_gap": 0.0, "stratum": "rural", "scored": 1}, "geometry": {"type": "Polygon", "coordinates": [[[-91.1539, 31.6101], [-90.9128, 31.6106], [-90.9112, 31.6072], [-90.9129, 31.6029], [-90.9081, 31.5973], [-90.9103, 31.5944], [-90.9059, 31.593], [-90.9067, 31.587], [-90.9008, 31.5815], [-90.9013, 31.5776], [-90.9063, 31.5762], [-90.9053, 31.5695], [-90.9123, 31.5653], [-90.9114, 31.5552], [-90.9153, 31.5414], [-90.9079, 31.5377], [-90.9108, 31.5302], [-90.9091, 31.5216], [-90.9172, 31.5194], [-90.9102, 31.5132], [-90.9094, 31.5086], [-90.9157, 31.5063], [-90.9203, 31.498], [-90.92, 31.4905], [-90.9139, 31.485], [-90.917, 31.4774], [-90.9108, 31.4718], [-90.9089, 31.4641], [-90.9036, 31.4566], [-90.9115, 31.4464], [-90.9118, 31.4425], [-90.9168, 31.439], [-90.9125, 31.4323], [-90.9184, 31.4289], [-90.9212, 31.424], [-90.9191, 31.4238], [-90.9256, 31.4208], [-90.9165, 31.4042], [-90.9176, 31.397], [-90.9397, 31.3854], [-90.9519, 31.3858], [-90.9539, 31.3811], [-90.9495, 31.3677], [-90.9546, 31.3666], [-90.961, 31.3696], [-90.9648, 31.3681], [-90.9637, 31.3573], [-90.9673, 31.3512], [-90.9817, 31.355], [-90.9841, 31.3521], [-90.983, 31.3487], [-90.9874, 31.3438], [-90.9884, 31.3364], [-91.002, 31.337], [-91.0076, 31.3467], [-91.018, 31.3475], [-91.0283, 31.3357], [-91.0454, 31.3354], [-91.0483, 31.3311], [-91.0526, 31.3301], [-91.0592, 31.3318], [-91.0657, 31.3389], [-91.0682, 31.3369], [-91.0692, 31.3283], [-91.0807, 31.325], [-91.0866, 31.3267], [-91.094, 31.3211], [-91.0975, 31.3216], [-91.1027, 31.3271], [-91.1115, 31.32], [-91.118, 31.3203], [-91.1197, 31.325], [-91.1271, 31.3269], [-91.1308, 31.3318], [-91.1349, 31.3314], [-91.138, 31.3375], [-91.1439, 31.34], [-91.1408, 31.342], [-91.142, 31.344], [-91.1473, 31.3437], [-91.1452, 31.3475], [-91.1519, 31.3454], [-91.1525, 31.3486], [-91.1546, 31.3431], [-91.1582, 31.3467], [-91.1539, 31.6101]]]}}, {"type": "Feature", "properties": {"fips": "28049003200", "gap_national": 32.2, "gap_stratum": 35.4, "burden": 73.4, "capacity": 48.0, "svi": 0.69, "top_decile_gap": 0.0, "stratum": "metropolitan", "scored": 1}, "geometry": {"type": "Polygon", "coordinates": [[[-90.2147, 32.2978], [-90.2102, 32.2864], [-90.2239, 32.2896], [-90.2384, 32.2971], [-90.2147, 32.2978]]]}}, {"type": "Feature", "properties": {"fips": "28105950702", "gap_national": 0.8, "gap_stratum": -14.7, "burden": 78.8, "capacity": 73.6, "svi": 0.62, "top_decile_gap": 0.0, "stratum": "micropolitan", "scored": 1}, "geometry": {"type": "Polygon", "coordinates": [[[-89.0827, 33.4457], [-89.0709, 33.4418], [-89.0652, 33.4374], [-89.0533, 33.4443], [-89.052, 33.4488], [-89.0459, 33.4468], [-89.0411, 33.4488], [-89.0085, 33.4421], [-89.0033, 33.4431], [-88.9991, 33.4471], [-88.9664, 33.448], [-88.9509, 33.4458], [-88.9287, 33.4367], [-88.9039, 33.4364], [-88.89, 33.4333], [-88.8713, 33.4394], [-88.854, 33.4407], [-88.8541, 33.4089], [-88.856, 33.403], [-88.8464, 33.4031], [-88.8629, 33.3805], [-88.8711, 33.376], [-88.8787, 33.3502], [-88.8951, 33.337], [-88.9088, 33.315], [-88.9074, 33.2971], [-88.9007, 33.2863], [-89.0883, 33.286], [-89.0887, 33.4409], [-89.0827, 33.4457]]]}}, {"type": "Feature", "properties": {"fips": "28093950102", "gap_national": 31.0, "gap_stratum": 31.0, "burden": 89.5, "capacity": 59.4, "svi": 0.76, "top_decile_gap": 0.0, "stratum": "metropolitan", "scored": 1}, "geometry": {"type": "Polygon", "coordinates": [[[-89.6179, 34.9952], [-89.5111, 34.9948], [-89.5117, 34.9621], [-89.5142, 34.962], [-89.5162, 34.9504], [-89.5039, 34.9197], [-89.5053, 34.9041], [-89.4955, 34.876], [-89.5086, 34.8757], [-89.5136, 34.8801], [-89.5311, 34.8795], [-89.5369, 34.8838], [-89.5449, 34.8848], [-89.5466, 34.889], [-89.5494, 34.8893], [-89.5483, 34.8934], [-89.5651, 34.8963], [-89.5652, 34.8751], [-89.6182, 34.8753], [-89.6179, 34.9952]]]}}, {"type": "Feature", "properties": {"fips": "28049010304", "gap_national": -24.9, "gap_stratum": -16.8, "burden": 63.4, "capacity": 81.6, "svi": 0.61, "top_decile_gap": 0.0, "stratum": "metropolitan", "scored": 1}, "geometry": {"type": "Polygon", "coordinates": [[[-90.3216, 32.3593], [-90.3212, 32.3785], [-90.3125, 32.3859], [-90.3092, 32.3918], [-90.3021, 32.3892], [-90.2896, 32.3761], [-90.2881, 32.371], [-90.2822, 32.3693], [-90.2843, 32.3677], [-90.2829, 32.3428], [-90.3116, 32.3466], [-90.3251, 32.352], [-90.3216, 32.3593]]]}}, {"type": "Feature", "properties": {"fips": "28047001900", "gap_national": 43.6, "gap_stratum": 41.7, "burden": 95.4, "capacity": 54.0, "svi": 0.79, "top_decile_gap": 0.0, "stratum": "metropolitan", "scored": 1}, "geometry": {"type": "Polygon", "coordinates": [[[-89.0777, 30.3842], [-89.0693, 30.3862], [-89.0694, 30.3914], [-89.061, 30.3914], [-89.0604, 30.378], [-89.078, 30.3734], [-89.0777, 30.3842]]]}}, {"type": "Feature", "properties": {"fips": "28053950200", "gap_national": 36.2, "gap_stratum": 49.3, "burden": 99.2, "capacity": 60.2, "svi": 0.84, "top_decile_gap": 0.0, "stratum": "rural", "scored": 1}, "geometry": {"type": "Polygon", "coordinates": [[[-90.7291, 33.2501], [-90.7326, 33.2609], [-90.7277, 33.2675], [-90.7241, 33.2649], [-90.7163, 33.27], [-90.6067, 33.2704], [-90.6158, 33.2644], [-90.6196, 33.2664], [-90.6326, 33.2633], [-90.6311, 33.2535], [-90.6338, 33.2441], [-90.6207, 33.2394], [-90.6136, 33.2413], [-90.5771, 33.2412], [-90.5765, 33.2177], [-90.5721, 33.2175], [-90.572, 33.1675], [-90.4987, 33.1677], [-90.4992, 33.1638], [-90.4943, 33.1633], [-90.4912, 33.1472], [-90.4982, 33.1465], [-90.5063, 33.1352], [-90.5115, 33.1393], [-90.515, 33.1388], [-90.5091, 33.1266], [-90.5129, 33.1232], [-90.503, 33.1218], [-90.5001, 33.1251], [-90.5026, 33.1269], [-90.5018, 33.1289], [-90.4957, 33.1258], [-90.4947, 33.1214], [-90.4983, 33.118], [-90.4935, 33.1117], [-90.4973, 33.1098], [-90.4968, 33.1073], [-90.4894, 33.0974], [-90.4829, 33.1007], [-90.4786, 33.0907], [-90.4749, 33.0885], [-90.4674, 33.0912], [-90.4584, 33.0883], [-90.4529, 33.0832], [-90.4451, 33.0916], [-90.4381, 33.0932], [-90.4374, 33.0973], [-90.4319, 33.0959], [-90.4283, 33.0573], [-90.4154, 33.049], [-90.4039, 33.0477], [-90.3881, 33.0499], [-90.3838, 33.0476], [-90.3795, 33.0387], [-90.3828, 33.0259], [-90.3819, 33.0215], [-90.3731, 33.0133], [-90.364, 33.0099], [-90.4493, 33.009], [-90.4499, 32.9233], [-90.6566, 32.9225], [-90.658, 33.0965], [-90.7019, 33.0961], [-90.6957, 33.1003], [-90.6858, 33.0971], [-90.6789, 33.1038], [-90.6796, 33.1146], [-90.6882, 33.1159], [-90.689, 33.123], [-90.6977, 33.1213], [-90.7006, 33.1236], [-90.6977, 33.1304], [-90.6985, 33.138], [-90.6918, 33.1421], [-90.6881, 33.1485], [-90.6897, 33.1581], [-90.6838, 33.174], [-90.6869, 33.1869], [-90.6804, 33.1934], [-90.679, 33.1997], [-90.6865, 33.2075], [-90.7042, 33.2126], [-90.7136, 33.2184], [-90.7223, 33.229], [-90.7323, 33.2297], [-90.7291, 33.2501]]]}}, {"type": "Feature", "properties": {"fips": "28133950100", "gap_national": 69.3, "gap_stratum": 83.7, "burden": 97.1, "capacity": 35.7, "svi": 0.84, "top_decile_gap": 1.0, "stratum": "rural", "scored": 1}, "geometry": {"type": "Polygon", "coordinates": [[[-90.657, 33.9876], [-90.451, 33.9857], [-90.4522, 33.7596], [-90.4726, 33.7597], [-90.4882, 33.7481], [-90.4994, 33.7438], [-90.5027, 33.7455], [-90.5079, 33.7433], [-90.5097, 33.746], [-90.5437, 33.7465], [-90.541, 33.7531], [-90.5578, 33.7636], [-90.6587, 33.7759], [-90.657, 33.9876]]]}}, {"type": "Feature", "properties": {"fips": "28115950101", "gap_national": 11.2, "gap_stratum": -3.6, "burden": 77.5, "capacity": 65.0, "svi": 0.52, "top_decile_gap": 0.0, "stratum": "micropolitan", "scored": 1}, "geometry": {"type": "Polygon", "coordinates": [[[-88.9707, 34.2876], [-88.9698, 34.3026], [-88.9654, 34.3091], [-88.955, 34.3099], [-88.9519, 34.3133], [-88.9475, 34.3079], [-88.9403, 34.3049], [-88.918, 34.3022], [-88.9141, 34.298], [-88.9132, 34.2926], [-88.9095, 34.2924], [-88.906, 34.3], [-88.9021, 34.3008], [-88.8966, 34.3063], [-88.8827, 34.3089], [-88.883, 34.3227], [-88.8798, 34.3227], [-88.8849, 34.337], [-88.8964, 34.3377], [-88.9111, 34.3475], [-88.893, 34.3651], [-88.825, 34.3648], [-88.8252, 34.2355], [-88.8985, 34.235], [-88.9324, 34.26], [-88.9538, 34.2557], [-88.9692, 34.2609], [-88.9692, 34.2635], [-88.9847, 34.2635], [-88.9884, 34.268], [-88.9707, 34.2876]]]}}, {"type": "Feature", "properties": {"fips": "28145950400", "gap_national": 38.1, "gap_stratum": 32.8, "burden": 86.5, "capacity": 53.0, "svi": 0.75, "top_decile_gap": 0.0, "stratum": "small_town", "scored": 1}, "geometry": {"type": "Polygon", "coordinates": [[[-89.004, 34.4927], [-89.0132, 34.4958], [-89.0116, 34.5002], [-88.9654, 34.5184], [-88.9594, 34.5227], [-88.955, 34.5312], [-88.9455, 34.53], [-88.943, 34.5118], [-88.9473, 34.5031], [-88.964, 34.5028], [-88.9636, 34.4882], [-88.972, 34.4903], [-88.9789, 34.4887], [-88.9848, 34.4786], [-88.9841, 34.4743], [-88.9947, 34.4635], [-89.009, 34.4718], [-89.0164, 34.4814], [-89.004, 34.4927]]]}}, {"type": "Feature", "properties": {"fips": "28121020214", "gap_national": -31.5, "gap_stratum": -27.4, "burden": 32.3, "capacity": 58.7, "svi": 0.24, "top_decile_gap": 0.0, "stratum": "metropolitan", "scored": 1}, "geometry": {"type": "Polygon", "coordinates": [[[-90.0433, 32.3782], [-90.0421, 32.3829], [-90.0173, 32.3726], [-90.0164, 32.364], [-90.03, 32.3593], [-90.0356, 32.3736], [-90.044, 32.3715], [-90.0472, 32.3718], [-90.048, 32.3742], [-90.0433, 32.3782]]]}}, {"type": "Feature", "properties": {"fips": "28151001600", "gap_national": 7.5, "gap_stratum": -0.9, "burden": 87.3, "capacity": 74.8, "svi": 0.75, "top_decile_gap": 0.0, "stratum": "micropolitan", "scored": 1}, "geometry": {"type": "Polygon", "coordinates": [[[-90.9375, 33.4221], [-90.8784, 33.427], [-90.9055, 33.3985], [-90.9197, 33.4012], [-90.9399, 33.4013], [-90.9375, 33.4221]]]}}, {"type": "Feature", "properties": {"fips": "28073020401", "gap_national": 16.5, "gap_stratum": 18.8, "burden": 84.9, "capacity": 66.3, "svi": 0.78, "top_decile_gap": 0.0, "stratum": "metropolitan", "scored": 1}, "geometry": {"type": "Polygon", "coordinates": [[[-89.4804, 31.0877], [-89.4718, 31.0981], [-89.4725, 31.1108], [-89.4676, 31.115], [-89.4463, 31.1238], [-89.4341, 31.1333], [-89.4136, 31.1433], [-89.4054, 31.1432], [-89.4028, 31.1465], [-89.3941, 31.1461], [-89.3854, 31.1415], [-89.349, 31.1357], [-89.3489, 31.098], [-89.3616, 31.0986], [-89.3674, 31.094], [-89.3844, 31.0892], [-89.3884, 31.083], [-89.3978, 31.086], [-89.4051, 31.082], [-89.4127, 31.0821], [-89.4312, 31.0973], [-89.4299, 31.0921], [-89.4319, 31.0869], [-89.4354, 31.0868], [-89.4367, 31.0683], [-89.4503, 31.0689], [-89.48, 31.081], [-89.485, 31.0839], [-89.4804, 31.0877]]]}}, {"type": "Feature", "properties": {"fips": "28011950100", "gap_national": 35.5, "gap_stratum": 47.9, "burden": 99.3, "capacity": 60.7, "svi": 0.96, "top_decile_gap": 0.0, "stratum": "rural", "scored": 1}, "geometry": {"type": "Polygon", "coordinates": [[[-91.0862, 34.0064], [-91.0833, 34.0089], [-91.0747, 34.009], [-91.0676, 34.0058], [-91.0487, 33.9927], [-91.0358, 33.9943], [-91.0189, 34.0032], [-91.0001, 33.9664], [-90.9867, 33.9605], [-90.9769, 33.9605], [-90.9709, 33.9619], [-90.9637, 33.9677], [-90.9615, 33.9799], [-90.9709, 33.9919], [-90.9787, 33.9972], [-90.9882, 34.0192], [-90.9646, 34.0268], [-90.9195, 34.0213], [-90.906, 34.0228], [-90.8912, 34.0279], [-90.8863, 34.0392], [-90.8878, 34.0554], [-90.8724, 34.076], [-90.8719, 34.0867], [-90.8766, 34.0929], [-90.8881, 34.0978], [-90.9141, 34.0928], [-90.9213, 34.0935], [-90.9477, 34.1096], [-90.9566, 34.1201], [-90.6595, 34.1189], [-90.6604, 33.9876], [-90.657, 33.9876], [-90.657, 33.938], [-90.7509, 33.9379], [-90.7463, 33.9233], [-90.7597, 33.9233], [-90.7541, 33.9162], [-90.7889, 33.916], [-90.7891, 33.9301], [-90.8056, 33.9267], [-90.8236, 33.9307], [-90.8241, 33.9194], [-90.8715, 33.919], [-90.8769, 33.9258], [-90.8945, 33.9372], [-90.9186, 33.9374], [-90.9219, 33.9416], [-90.9415, 33.9425], [-90.9514, 33.934], [-90.9589, 33.9317], [-90.9753, 33.915], [-90.9798, 33.9218], [-90.9885, 33.9277], [-90.9869, 33.9306], [-90.9891, 33.9315], [-90.9959, 33.9311], [-90.9992, 33.9281], [-91.0108, 33.9283], [-91.0119, 33.9366], [-91.0162, 33.9407], [-91.0846, 33.9564], [-91.0897, 33.9645], [-91.0905, 33.9914], [-91.0862, 34.0064]]]}}, {"type": "Feature", "properties": {"fips": "28063950103", "gap_national": 15.0, "gap_stratum": 11.3, "burden": 95.5, "capacity": 73.9, "svi": 0.33, "top_decile_gap": 0.0, "stratum": "micropolitan", "scored": 1}, "geometry": {"type": "Polygon", "coordinates": [[[-91.0456, 31.8296], [-91.0393, 31.8354], [-91.0205, 31.8442], [-91.0137, 31.8619], [-90.842, 31.8265], [-90.8421, 31.8232], [-90.8457, 31.8226], [-90.8405, 31.8142], [-90.843, 31.8136], [-90.8432, 31.8089], [-90.8403, 31.8043], [-90.8483, 31.793], [-90.8504, 31.7935], [-90.8527, 31.7854], [-90.7363, 31.7861], [-90.7373, 31.6111], [-91.0063, 31.6107], [-91.0112, 31.617], [-91.011, 31.6282], [-91.0178, 31.6362], [-91.031, 31.6416], [-91.0428, 31.6415], [-91.043, 31.646], [-91.0405, 31.6471], [-91.0443, 31.652], [-91.0436, 31.6563], [-91.0512, 31.6607], [-91.0504, 31.6654], [-91.0474, 31.6654], [-91.0495, 31.672], [-91.0402, 31.6756], [-91.0359, 31.6747], [-91.0319, 31.68], [-91.0293, 31.6867], [-91.0305, 31.6955], [-91.0276, 31.697], [-91.0298, 31.7062], [-91.028, 31.7107], [-91.029, 31.7147], [-91.0325, 31.714], [-91.0351, 31.7197], [-91.0306, 31.7248], [-91.0335, 31.7247], [-91.0356, 31.7311], [-91.037, 31.7511], [-91.0435, 31.7641], [-91.0505, 31.7715], [-91.0584, 31.7944], [-91.0456, 31.8296]]]}}, {"type": "Feature", "properties": {"fips": "28005950301", "gap_national": 18.3, "gap_stratum": 18.7, "burden": 96.5, "capacity": 71.7, "svi": 0.62, "top_decile_gap": 0.0, "stratum": "metropolitan", "scored": 1}, "geometry": {"type": "Polygon", "coordinates": [[[-91.0597, 31.1772], [-91.041, 31.1807], [-91.0309, 31.1741], [-91.0196, 31.1724], [-91.0114, 31.1633], [-91.0117, 31.1594], [-90.9987, 31.1592], [-90.9838, 31.1625], [-90.9674, 31.1627], [-90.9377, 31.1771], [-90.9321, 31.1712], [-90.9268, 31.1728], [-90.9131, 31.163], [-90.9047, 31.1611], [-90.8941, 31.1505], [-90.8753, 31.1649], [-90.845, 31.164], [-90.8471, 31.1602], [-90.8445, 31.156], [-90.8473, 31.151], [-90.846, 31.1495], [-90.8499, 31.1455], [-90.8512, 31.1395], [-90.8479, 31.1318], [-90.8487, 31.125], [-90.8504, 31.1251], [-90.8476, 31.1222], [-90.848, 31.1171], [-90.845, 31.1161], [-90.8473, 31.1054], [-90.8458, 31.1012], [-90.8488, 31.0971], [-90.8474, 31.095], [-90.8552, 31.0904], [-90.8501, 31.083], [-90.8514, 31.0816], [-90.8484, 31.0769], [-90.8503, 31.0742], [-90.8478, 31.0733], [-90.853, 31.0689], [-90.8521, 31.0644], [-90.8548, 31.0635], [-90.854, 31.0611], [-90.8522, 31.062], [-90.8524, 31.0554], [-90.8498, 31.0546], [-90.8526, 31.0512], [-90.8501, 31.0432], [-90.8545, 31.0326], [-90.8569, 31.0328], [-90.858, 31.0265], [-90.8506, 31.0227], [-90.8483, 31.0167], [-90.8468, 31.0172], [-90.8478, 31.0144], [-90.845, 31.0145], [-90.8448, 31.0106], [-90.8375, 31.0057], [-90.8349, 30.9994], [-91.0599, 31.0002], [-91.0597, 31.1772]]]}}, {"type": "Feature", "properties": {"fips": "28137950202", "gap_national": -4.6, "gap_stratum": 2.1, "burden": 68.3, "capacity": 68.8, "svi": 0.48, "top_decile_gap": 0.0, "stratum": "metropolitan", "scored": 1}, "geometry": {"type": "Polygon", "coordinates": [[[-89.9638, 34.7238], [-89.9541, 34.7269], [-89.9559, 34.7362], [-89.9521, 34.7404], [-89.9486, 34.7389], [-89.9464, 34.744], [-89.9439, 34.7433], [-89.9396, 34.7475], [-89.9348, 34.7462], [-89.9299, 34.7518], [-89.9255, 34.7516], [-89.9189, 34.7601], [-89.9155, 34.7582], [-89.9161, 34.7636], [-89.9129, 34.7654], [-89.9162, 34.7667], [-89.9107, 34.7714], [-89.9122, 34.7725], [-89.8296, 34.7729], [-89.8295, 34.7436], [-89.8384, 34.7435], [-89.8384, 34.7289], [-89.8472, 34.7286], [-89.8462, 34.685], [-89.8482, 34.6849], [-89.8486, 34.681], [-89.8459, 34.6558], [-89.8104, 34.6559], [-89.8104, 34.6414], [-89.8604, 34.6446], [-89.8911, 34.6306], [-89.9109, 34.6329], [-89.9294, 34.6321], [-89.953, 34.6364], [-89.9557, 34.6375], [-89.9662, 34.6773], [-89.9638, 34.7238]]]}}, {"type": "Feature", "properties": {"fips": "28089030502", "gap_national": 50.5, "gap_stratum": 48.0, "burden": 98.6, "capacity": 50.5, "svi": 0.89, "top_decile_gap": 0.0, "stratum": "metropolitan", "scored": 1}, "geometry": {"type": "Polygon", "coordinates": [[[-90.063, 32.6247], [-90.0627, 32.633], [-90.0548, 32.6326], [-90.0545, 32.6403], [-90.0347, 32.6404], [-90.0382, 32.6237], [-90.0464, 32.6237], [-90.0467, 32.6126], [-90.0695, 32.606], [-90.063, 32.6247]]]}}, {"type": "Feature", "properties": {"fips": "28127950301", "gap_national": 12.1, "gap_stratum": 14.9, "burden": 83.4, "capacity": 68.5, "svi": 0.43, "top_decile_gap": 0.0, "stratum": "metropolitan", "scored": 1}, "geometry": {"type": "Polygon", "coordinates": [[[-90.2056, 32.002], [-90.1985, 32.0021], [-90.195, 31.998], [-90.187, 31.9958], [-90.1719, 31.9981], [-90.1529, 31.9928], [-90.1465, 31.9936], [-90.1427, 31.9909], [-90.116, 31.9872], [-90.1125, 31.9859], [-90.1113, 31.9806], [-90.1023, 31.9844], [-90.0914, 31.9837], [-90.0801, 31.9726], [-90.0442, 31.9686], [-90.0351, 31.9704], [-90.025, 31.9804], [-90.0176, 31.9821], [-90.0138, 31.9881], [-90.0043, 31.988], [-90.0023, 31.9943], [-89.9917, 31.9969], [-89.9792, 32.0079], [-89.9627, 31.998], [-89.9475, 31.9975], [-89.9513, 32.0041], [-89.9437, 31.9997], [-89.9242, 31.9976], [-89.926, 31.9964], [-89.9218, 31.9944], [-89.9215, 31.9892], [-89.9137, 31.9865], [-89.9131, 31.9825], [-89.9201, 31.9823], [-89.9284, 31.9773], [-89.9289, 31.9691], [-89.9351, 31.9579], [-89.931, 31.9482], [-89.926, 31.9431], [-89.9266, 31.9388], [-89.9217, 31.9385], [-89.8953, 31.9197], [-89.8784, 31.9173], [-89.8733, 31.9195], [-89.8655, 31.9174], [-89.8616, 31.9118], [-89.8543, 31.9117], [-89.8695, 31.898], [-89.8849, 31.8966], [-89.8998, 31.8866], [-89.9091, 31.8858], [-89.931, 31.892], [-89.9563, 31.8821], [-89.9603, 31.8774], [-89.9768, 31.8848], [-89.9883, 31.8867], [-90.0161, 31.8851], [-90.0494, 31.8786], [-90.0592, 31.8789], [-90.0743, 31.8835], [-90.0858, 31.8807], [-90.1097, 31.8815], [-90.1383, 31.8753], [-90.1418, 31.8874], [-90.1457, 31.8929], [-90.1703, 31.9045], [-90.1698, 31.9176], [-90.1665, 31.9264], [-90.1716, 31.9349], [-90.1787, 31.9427], [-90.183, 31.9374], [-90.187, 31.9416], [-90.1914, 31.9394], [-90.1983, 31.9419], [-90.1919, 31.9441], [-90.193, 31.9531], [-90.191, 31.9533], [-90.19, 31.9495], [-90.1875, 31.952], [-90.1922, 31.9565], [-90.1981, 31.9579], [-90.1973, 31.966], [-90.2013, 31.9679], [-90.2018, 31.9714], [-90.207, 31.9761], [-90.2061, 31.988], [-90.2104, 31.9892], [-90.213, 31.9864], [-90.217, 31.9898], [-90.2224, 31.9885], [-90.2243, 31.9966], [-90.2056, 32.002]]]}}, {"type": "Feature", "properties": {"fips": "28121020216", "gap_national": -40.3, "gap_stratum": -31.7, "burden": 52.4, "capacity": 84.5, "svi": 0.36, "top_decile_gap": 0.0, "stratum": "metropolitan", "scored": 1}, "geometry": {"type": "Polygon", "coordinates": [[[-90.0642, 32.3395], [-90.048, 32.3454], [-90.0356, 32.3406], [-90.0226, 32.3202], [-90.0336, 32.3202], [-90.0347, 32.2908], [-90.0442, 32.2907], [-90.0477, 32.3069], [-90.0616, 32.3116], [-90.0544, 32.3192], [-90.056, 32.3243], [-90.0514, 32.3238], [-90.0504, 32.3268], [-90.053, 32.3297], [-90.0578, 32.3342], [-90.0678, 32.332], [-90.0808, 32.3376], [-90.0642, 32.3395]]]}}, {"type": "Feature", "properties": {"fips": "28059040104", "gap_national": 7.5, "gap_stratum": 13.3, "burden": 55.0, "capacity": 50.2, "svi": 0.25, "top_decile_gap": 0.0, "stratum": "metropolitan", "scored": 1}, "geometry": {"type": "Polygon", "coordinates": [[[-88.6611, 30.7347], [-88.5049, 30.735], [-88.5083, 30.7303], [-88.5087, 30.7227], [-88.513, 30.7177], [-88.5129, 30.6899], [-88.4924, 30.6585], [-88.5061, 30.6613], [-88.5212, 30.6588], [-88.5337, 30.6514], [-88.5407, 30.6529], [-88.5526, 30.6452], [-88.5607, 30.6428], [-88.5896, 30.6409], [-88.623, 30.615], [-88.6328, 30.6144], [-88.6411, 30.6107], [-88.641, 30.6188], [-88.6518, 30.6329], [-88.6443, 30.6454], [-88.6435, 30.6521], [-88.6367, 30.6511], [-88.6342, 30.6548], [-88.6319, 30.6505], [-88.6283, 30.6514], [-88.6294, 30.6587], [-88.6383, 30.6628], [-88.6357, 30.6669], [-88.6287, 30.6668], [-88.6381, 30.6706], [-88.6337, 30.6741], [-88.6325, 30.6792], [-88.6371, 30.6942], [-88.6343, 30.6976], [-88.6353, 30.6997], [-88.6417, 30.7005], [-88.6475, 30.7067], [-88.6423, 30.7133], [-88.6466, 30.7205], [-88.6524, 30.717], [-88.655, 30.7185], [-88.654, 30.7283], [-88.6664, 30.7281], [-88.6611, 30.7347]]]}}, {"type": "Feature", "properties": {"fips": "28159950200", "gap_national": 15.5, "gap_stratum": 11.6, "burden": 90.4, "capacity": 70.5, "svi": 0.57, "top_decile_gap": 0.0, "stratum": "rural", "scored": 1}, "geometry": {"type": "Polygon", "coordinates": [[[-89.3179, 33.1089], [-89.2139, 33.1094], [-89.2134, 33.1975], [-89.1289, 33.1977], [-89.1228, 33.1914], [-89.1119, 33.1724], [-89.0908, 33.1611], [-89.0863, 33.1556], [-89.0865, 33.1456], [-89.0891, 33.1468], [-89.0966, 33.1435], [-89.1024, 33.1338], [-89.1036, 33.1267], [-89.1034, 33.1246], [-89.0964, 33.1244], [-89.096, 33.1157], [-89.0899, 33.1111], [-89.1101, 33.0947], [-89.1016, 33.0944], [-89.1012, 33.0913], [-89.0955, 33.0874], [-89.0949, 33.0831], [-89.0865, 33.0817], [-89.0823, 33.0777], [-89.1006, 33.0705], [-89.1001, 33.0637], [-89.0957, 33.0567], [-89.0805, 33.0559], [-89.078, 33.0578], [-89.0785, 33.0466], [-89.0822, 33.0384], [-89.094, 33.0357], [-89.099, 33.0317], [-89.0973, 33.0249], [-89.0919, 33.0203], [-89.1089, 33.014], [-89.1041, 33.0003], [-89.0897, 32.9872], [-89.0938, 32.9786], [-89.0907, 32.9685], [-89.0841, 32.9596], [-89.0938, 32.9516], [-89.0964, 32.9465], [-89.0938, 32.9316], [-89.3192, 32.9317], [-89.3179, 33.1089]]]}}, {"type": "Feature", "properties": {"fips": "28087000500", "gap_national": 11.9, "gap_stratum": 5.3, "burden": 89.4, "capacity": 72.8, "svi": 0.9, "top_decile_gap": 0.0, "stratum": "micropolitan", "scored": 1}, "geometry": {"type": "Polygon", "coordinates": [[[-88.3637, 33.5195], [-88.3631, 33.4932], [-88.3923, 33.4975], [-88.392, 33.4997], [-88.395, 33.5001], [-88.3933, 33.5054], [-88.3953, 33.5136], [-88.3637, 33.5195]]]}}, {"type": "Feature", "properties": {"fips": "28085950402", "gap_national": 42.9, "gap_stratum": 56.3, "burden": 92.8, "capacity": 53.2, "svi": 0.58, "top_decile_gap": 0.0, "stratum": "rural", "scored": 1}, "geometry": {"type": "Polygon", "coordinates": [[[-90.6333, 31.5137], [-90.621, 31.5137], [-90.5962, 31.5243], [-90.5713, 31.5224], [-90.5527, 31.5276], [-90.5172, 31.5307], [-90.5017, 31.5346], [-90.5018, 31.5603], [-90.4891, 31.5642], [-90.4795, 31.5642], [-90.4797, 31.5425], [-90.4718, 31.5471], [-90.4543, 31.5468], [-90.4577, 31.5307], [-90.4421, 31.4669], [-90.4477, 31.4418], [-90.4528, 31.4439], [-90.4522, 31.4461], [-90.464, 31.4435], [-90.4669, 31.4476], [-90.4798, 31.4506], [-90.4791, 31.4772], [-90.5098, 31.4771], [-90.5185, 31.4843], [-90.5209, 31.4907], [-90.5267, 31.4817], [-90.5493, 31.4735], [-90.55, 31.4694], [-90.5703, 31.4698], [-90.5708, 31.4583], [-90.5851, 31.4219], [-90.5686, 31.4222], [-90.5609, 31.4179], [-90.5564, 31.4185], [-90.5578, 31.4065], [-90.5561, 31.3921], [-90.5618, 31.3769], [-90.5444, 31.3723], [-90.5351, 31.365], [-90.527, 31.364], [-90.527, 31.3494], [-90.6326, 31.3492], [-90.6333, 31.5137]]]}}, {"type": "Feature", "properties": {"fips": "28067950102", "gap_national": 25.8, "gap_stratum": 22.2, "burden": 90.6, "capacity": 63.4, "svi": 0.57, "top_decile_gap": 0.0, "stratum": "micropolitan", "scored": 1}, "geometry": {"type": "Polygon", "coordinates": [[[-89.0564, 31.7721], [-89.0463, 31.7786], [-89.0483, 31.7879], [-89.0578, 31.7844], [-89.0593, 31.8081], [-89.0576, 31.8177], [-88.9434, 31.8246], [-88.9432, 31.7545], [-88.948, 31.7561], [-88.9532, 31.7497], [-88.9695, 31.7378], [-88.9773, 31.7349], [-88.9887, 31.7246], [-89.0041, 31.7396], [-89.0367, 31.7304], [-89.0441, 31.7444], [-89.0527, 31.7443], [-89.0569, 31.7494], [-89.06, 31.7591], [-89.0564, 31.7721]]]}}, {"type": "Feature", "properties": {"fips": "28163950200", "gap_national": 2.0, "gap_stratum": -10.1, "burden": 82.9, "capacity": 76.1, "svi": 0.85, "top_decile_gap": 0.0, "stratum": "micropolitan", "scored": 1}, "geometry": {"type": "Polygon", "coordinates": [[[-90.4076, 32.8513], [-90.3887, 32.8846], [-90.3834, 32.9033], [-90.379, 32.898], [-90.3692, 32.8978], [-90.3655, 32.8865], [-90.3626, 32.8843], [-90.3647, 32.8726], [-90.3732, 32.8691], [-90.3807, 32.8707], [-90.3882, 32.8636], [-90.3788, 32.8596], [-90.375, 32.8509], [-90.3694, 32.8494], [-90.3707, 32.8425], [-90.3749, 32.8396], [-90.3906, 32.8392], [-90.4081, 32.845], [-90.4076, 32.8513]]]}}, {"type": "Feature", "properties": {"fips": "28047003406", "gap_national": 31.1, "gap_stratum": 33.5, "burden": 77.3, "capacity": 51.7, "svi": 0.71, "top_decile_gap": 0.0, "stratum": "metropolitan", "scored": 1}, "geometry": {"type": "Polygon", "coordinates": [[[-88.9751, 30.5208], [-88.9415, 30.5127], [-88.9226, 30.5008], [-88.9141, 30.4904], [-88.9099, 30.4733], [-88.9006, 30.4599], [-88.9038, 30.4611], [-88.9153, 30.4566], [-88.9154, 30.4588], [-88.9186, 30.4585], [-88.9185, 30.4613], [-88.9294, 30.457], [-88.9317, 30.4598], [-88.9357, 30.4564], [-88.9343, 30.4608], [-88.9359, 30.4618], [-88.9444, 30.4546], [-88.9558, 30.4602], [-88.9707, 30.4608], [-88.9698, 30.4761], [-88.9623, 30.4829], [-88.9614, 30.4867], [-88.9665, 30.509], [-88.9779, 30.5178], [-88.9751, 30.5208]]]}}, {"type": "Feature", "properties": {"fips": "28099010101", "gap_national": -14.6, "gap_stratum": -49.0, "burden": 73.5, "capacity": 83.2, "svi": 0.18, "top_decile_gap": 0.0, "stratum": "small_town", "scored": 1}, "geometry": {"type": "Polygon", "coordinates": [[[-89.0838, 32.7745], [-89.0589, 32.7811], [-89.053, 32.785], [-89.0307, 32.7867], [-89.0109, 32.7904], [-89.0012, 32.795], [-88.9888, 32.7948], [-88.9716, 32.7985], [-88.9681, 32.8027], [-88.962, 32.803], [-88.9547, 32.8088], [-88.9394, 32.8135], [-88.9344, 32.8096], [-88.9281, 32.7981], [-88.915, 32.8018], [-88.9152, 32.7264], [-88.9243, 32.7291], [-88.9297, 32.727], [-88.9343, 32.7286], [-88.9367, 32.7264], [-88.9521, 32.7266], [-88.956, 32.7229], [-88.981, 32.7227], [-89.0164, 32.7334], [-89.028, 32.7431], [-89.0425, 32.7455], [-89.0532, 32.7544], [-89.0841, 32.7618], [-89.0869, 32.7643], [-89.0838, 32.7745]]]}}, {"type": "Feature", "properties": {"fips": "28049010102", "gap_national": -5.9, "gap_stratum": 1.0, "burden": 67.3, "capacity": 68.9, "svi": 0.38, "top_decile_gap": 0.0, "stratum": "metropolitan", "scored": 1}, "geometry": {"type": "Polygon", "coordinates": [[[-90.1235, 32.3995], [-90.1238, 32.3947], [-90.1166, 32.3854], [-90.1191, 32.3817], [-90.1231, 32.3843], [-90.1461, 32.3854], [-90.145, 32.3998], [-90.1235, 32.3995]]]}}, {"type": "Feature", "properties": {"fips": "28049011101", "gap_national": 15.9, "gap_stratum": 17.3, "burden": 89.8, "capacity": 69.9, "svi": 0.81, "top_decile_gap": 0.0, "stratum": "metropolitan", "scored": 1}, "geometry": {"type": "Polygon", "coordinates": [[[-90.3007, 32.247], [-90.2811, 32.2625], [-90.2756, 32.2603], [-90.2728, 32.2545], [-90.2663, 32.2505], [-90.2473, 32.2539], [-90.2374, 32.2442], [-90.237, 32.2401], [-90.3008, 32.2397], [-90.3007, 32.247]]]}}, {"type": "Feature", "properties": {"fips": "28089030202", "gap_national": -68.2, "gap_stratum": -62.6, "burden": 30.7, "capacity": 88.5, "svi": 0.1, "top_decile_gap": 0.0, "stratum": "metropolitan", "scored": 1}, "geometry": {"type": "Polygon", "coordinates": [[[-90.1018, 32.48], [-90.0934, 32.4768], [-90.0892, 32.4488], [-90.117, 32.4505], [-90.1018, 32.48]]]}}, {"type": "Feature", "properties": {"fips": "28001000900", "gap_national": -20.0, "gap_stratum": -45.1, "burden": 68.0, "capacity": 82.3, "svi": 0.67, "top_decile_gap": 0.0, "stratum": "micropolitan", "scored": 1}, "geometry": {"type": "Polygon", "coordinates": [[[-91.3967, 31.5406], [-91.3809, 31.5395], [-91.3683, 31.5452], [-91.3619, 31.5415], [-91.374, 31.5339], [-91.3704, 31.5275], [-91.3777, 31.5268], [-91.3751, 31.517], [-91.3775, 31.5078], [-91.3841, 31.5088], [-91.3969, 31.5187], [-91.4095, 31.5181], [-91.3967, 31.5406]]]}}, {"type": "Feature", "properties": {"fips": "28079040700", "gap_national": 13.2, "gap_stratum": 4.8, "burden": 85.0, "capacity": 68.7, "svi": 0.74, "top_decile_gap": 0.0, "stratum": "micropolitan", "scored": 1}, "geometry": {"type": "Polygon", "coordinates": [[[-89.7302, 32.9299], [-89.5484, 32.9308], [-89.5335, 32.8744], [-89.5423, 32.7948], [-89.5666, 32.8107], [-89.5682, 32.8027], [-89.5742, 32.7986], [-89.5832, 32.7968], [-89.586, 32.7924], [-89.5948, 32.7884], [-89.6098, 32.7902], [-89.6089, 32.7777], [-89.5835, 32.7676], [-89.5817, 32.7574], [-89.5758, 32.7497], [-89.5724, 32.746], [-89.5623, 32.744], [-89.5621, 32.7267], [-89.5676, 32.7259], [-89.5663, 32.7213], [-89.6177, 32.7032], [-89.6988, 32.707], [-89.7301, 32.6973], [-89.7302, 32.9299]]]}}, {"type": "Feature", "properties": {"fips": "28083950200", "gap_national": 40.0, "gap_stratum": 41.9, "burden": 98.9, "capacity": 57.7, "svi": 0.94, "top_decile_gap": 0.0, "stratum": "micropolitan", "scored": 1}, "geometry": {"type": "Polygon", "coordinates": [[[-90.3027, 33.7028], [-90.3, 33.698], [-90.288, 33.6949], [-90.2785, 33.6944], [-90.2691, 33.6972], [-90.262, 33.7033], [-90.2562, 33.7144], [-90.2517, 33.7317], [-90.2422, 33.737], [-90.2291, 33.7322], [-90.2204, 33.7221], [-90.1368, 33.7216], [-90.137, 33.6769], [-90.1278, 33.677], [-90.1256, 33.676], [-90.1285, 33.6744], [-90.1223, 33.6737], [-90.1197, 33.6677], [-90.122, 33.6676], [-90.1192, 33.6665], [-90.1203, 33.6643], [-90.1177, 33.6618], [-90.103, 33.6607], [-90.1047, 33.6565], [-90.1082, 33.655], [-90.1018, 33.6509], [-90.1049, 33.6392], [-90.1087, 33.6335], [-90.1046, 33.6174], [-90.1079, 33.6063], [-90.1145, 33.6099], [-90.1169, 33.6041], [-90.1247, 33.6078], [-90.1303, 33.6039], [-90.102, 33.6038], [-90.1016, 33.5102], [-90.1533, 33.5103], [-90.1513, 33.5251], [-90.1569, 33.5213], [-90.1638, 33.5217], [-90.1638, 33.531], [-90.172, 33.5261], [-90.1643, 33.54], [-90.1656, 33.5442], [-90.1767, 33.5515], [-90.1806, 33.5518], [-90.1887, 33.5425], [-90.2004, 33.5357], [-90.2074, 33.5346], [-90.2093, 33.5373], [-90.2247, 33.5408], [-90.2271, 33.537], [-90.2255, 33.5321], [-90.239, 33.5338], [-90.243, 33.5439], [-90.2478, 33.544], [-90.2744, 33.5901], [-90.3106, 33.6992], [-90.3027, 33.7028]]]}}, {"type": "Feature", "properties": {"fips": "28091950100", "gap_national": 8.6, "gap_stratum": -10.1, "burden": 85.8, "capacity": 72.9, "svi": 0.32, "top_decile_gap": 0.0, "stratum": "small_town", "scored": 1}, "geometry": {"type": "Polygon", "coordinates": [[[-89.9578, 31.3796], [-89.9589, 31.3838], [-89.9663, 31.3831], [-89.9663, 31.3905], [-89.8233, 31.39], [-89.8242, 31.4341], [-89.6542, 31.4338], [-89.6538, 31.2827], [-89.726, 31.2626], [-89.7814, 31.2543], [-89.7817, 31.2597], [-89.7837, 31.2598], [-89.7822, 31.2724], [-89.7797, 31.2766], [-89.7999, 31.272], [-89.8099, 31.2882], [-89.8131, 31.2892], [-89.8208, 31.2847], [-89.826, 31.2767], [-89.8347, 31.2728], [-89.8368, 31.2803], [-89.8452, 31.2914], [-89.8448, 31.2884], [-89.8478, 31.2877], [-89.8614, 31.2886], [-89.8816, 31.2829], [-89.8838, 31.2875], [-89.8761, 31.3045], [-89.8776, 31.3106], [-89.8875, 31.3119], [-89.8931, 31.3246], [-89.8979, 31.3277], [-89.9132, 31.3226], [-89.9115, 31.3176], [-89.9134, 31.3163], [-89.9261, 31.3257], [-89.9289, 31.3336], [-89.9403, 31.3275], [-89.952, 31.3379], [-89.9509, 31.3431], [-89.9593, 31.3465], [-89.9616, 31.3528], [-89.9604, 31.3592], [-89.9528, 31.3597], [-89.9525, 31.3628], [-89.9601, 31.3725], [-89.967, 31.3701], [-89.9687, 31.3718], [-89.9578, 31.3796]]]}}, {"type": "Feature", "properties": {"fips": "28123020200", "gap_national": 24.6, "gap_stratum": 25.2, "burden": 89.5, "capacity": 63.6, "svi": 0.7, "top_decile_gap": 0.0, "stratum": "metropolitan", "scored": 1}, "geometry": {"type": "Polygon", "coordinates": [[[-89.7829, 32.5966], [-89.7686, 32.6], [-89.7673, 32.6027], [-89.7714, 32.6043], [-89.7709, 32.6062], [-89.7659, 32.6081], [-89.7613, 32.6067], [-89.7592, 32.6135], [-89.7554, 32.6171], [-89.7411, 32.6259], [-89.7394, 32.6299], [-89.7357, 32.6305], [-89.7361, 32.6331], [-89.7303, 32.6342], [-89.7302, 32.5772], [-89.4532, 32.5764], [-89.4556, 32.5748], [-89.4507, 32.5731], [-89.4539, 32.5679], [-89.4519, 32.567], [-89.4535, 32.5657], [-89.4519, 32.5623], [-89.4599, 32.5569], [-89.4575, 32.5553], [-89.4608, 32.5537], [-89.458, 32.552], [-89.4566, 32.5466], [-89.4596, 32.546], [-89.458, 32.5442], [-89.459, 32.5377], [-89.4626, 32.5326], [-89.4599, 32.5255], [-89.4601, 32.5157], [-89.4556, 32.5058], [-89.4577, 32.4995], [-89.4596, 32.4994], [-89.4564, 32.4916], [-89.4585, 32.4892], [-89.4575, 32.4863], [-89.4602, 32.4863], [-89.463, 32.4801], [-89.4625, 32.476], [-89.4602, 32.4764], [-89.4606, 32.4713], [-89.4515, 32.4629], [-89.4536, 32.4613], [-89.4516, 32.4604], [-89.4523, 32.4579], [-89.4855, 32.4528], [-89.5074, 32.4582], [-89.5467, 32.4588], [-89.5747, 32.4713], [-89.5971, 32.4738], [-89.6526, 32.4739], [-89.6587, 32.4678], [-89.6678, 32.4666], [-89.6992, 32.4661], [-89.7138, 32.4709], [-89.7262, 32.4687], [-89.7254, 32.4664], [-89.756, 32.4675], [-89.7841, 32.5869], [-89.7813, 32.5898], [-89.7829, 32.5966]]]}}, {"type": "Feature", "properties": {"fips": "28115950200", "gap_national": 30.2, "gap_stratum": 18.9, "burden": 74.2, "capacity": 50.0, "svi": 0.35, "top_decile_gap": 0.0, "stratum": "rural", "scored": 1}, "geometry": {"type": "Polygon", "coordinates": [[[-89.0907, 34.3795], [-89.0642, 34.3551], [-89.0589, 34.3436], [-89.0625, 34.3444], [-89.0628, 34.337], [-89.0909, 34.3203], [-89.09, 34.3064], [-89.0718, 34.2869], [-89.0718, 34.2758], [-89.0905, 34.2813], [-89.0946, 34.2724], [-89.0357, 34.2531], [-89.0356, 34.2376], [-89.0789, 34.2382], [-89.1036, 34.2318], [-89.1208, 34.2399], [-89.1349, 34.2407], [-89.1496, 34.2378], [-89.1619, 34.2423], [-89.1682, 34.2398], [-89.1703, 34.2314], [-89.1729, 34.2304], [-89.1866, 34.2333], [-89.188, 34.2313], [-89.2045, 34.231], [-89.2048, 34.2267], [-89.209, 34.2224], [-89.217, 34.2175], [-89.2246, 34.2195], [-89.2281, 34.2118], [-89.231, 34.2193], [-89.2368, 34.2213], [-89.2372, 34.2264], [-89.2459, 34.2273], [-89.2463, 34.3793], [-89.0907, 34.3795]]]}}, {"type": "Feature", "properties": {"fips": "28023950201", "gap_national": 9.9, "gap_stratum": -5.4, "burden": 76.7, "capacity": 65.3, "svi": 0.52, "top_decile_gap": 0.0, "stratum": "micropolitan", "scored": 1}, "geometry": {"type": "Polygon", "coordinates": [[[-88.9138, 32.2242], [-88.7002, 32.2256], [-88.6989, 32.2133], [-88.6923, 32.2077], [-88.6982, 32.1955], [-88.703, 32.1937], [-88.7038, 32.1856], [-88.7074, 32.1804], [-88.6942, 32.1718], [-88.6951, 32.1665], [-88.7077, 32.1479], [-88.7108, 32.1282], [-88.7184, 32.1328], [-88.7275, 32.1305], [-88.7386, 32.1396], [-88.7579, 32.1383], [-88.7714, 32.1407], [-88.7809, 32.1306], [-88.7806, 32.1245], [-88.7878, 32.1213], [-88.7884, 32.1167], [-88.7959, 32.1183], [-88.7939, 32.1215], [-88.7964, 32.1207], [-88.7969, 32.1187], [-88.7906, 32.1126], [-88.7972, 32.1048], [-88.7968, 32.1024], [-88.7986, 32.1074], [-88.8104, 32.1036], [-88.8106, 32.1093], [-88.813, 32.1096], [-88.8135, 32.1143], [-88.8162, 32.1139], [-88.8166, 32.1162], [-88.8131, 32.1271], [-88.8133, 32.1382], [-88.8203, 32.142], [-88.8187, 32.1442], [-88.8206, 32.1468], [-88.8289, 32.1411], [-88.8336, 32.1534], [-88.839, 32.1596], [-88.8525, 32.1398], [-88.8554, 32.1302], [-88.8621, 32.1341], [-88.8641, 32.126], [-88.8737, 32.1229], [-88.8753, 32.1251], [-88.8896, 32.1013], [-88.8912, 32.1052], [-88.8986, 32.1083], [-88.9136, 32.1085], [-88.9138, 32.2242]]]}}, {"type": "Feature", "properties": {"fips": "28065950202", "gap_national": 15.8, "gap_stratum": 15.1, "burden": 94.3, "capacity": 72.5, "svi": 0.65, "top_decile_gap": 0.0, "stratum": "rural", "scored": 1}, "geometry": {"type": "Polygon", "coordinates": [[[-89.9754, 31.5916], [-89.9631, 31.5881], [-89.8824, 31.5873], [-89.8672, 31.5897], [-89.8629, 31.5951], [-89.8473, 31.5875], [-89.8311, 31.5861], [-89.8258, 31.5918], [-89.8182, 31.5897], [-89.8095, 31.592], [-89.8034, 31.5891], [-89.7965, 31.5905], [-89.7943, 31.5938], [-89.7864, 31.5921], [-89.7819, 31.5874], [-89.7609, 31.5831], [-89.7513, 31.5841], [-89.7487, 31.5193], [-89.7686, 31.4429], [-89.7749, 31.4339], [-89.8242, 31.4341], [-89.8233, 31.39], [-89.9589, 31.3905], [-89.9591, 31.5224], [-89.9761, 31.5225], [-89.9754, 31.5916]]]}}, {"type": "Feature", "properties": {"fips": "28071950100", "gap_national": 3.0, "gap_stratum": -13.7, "burden": 76.4, "capacity": 69.9, "svi": 0.25, "top_decile_gap": 0.0, "stratum": "micropolitan", "scored": 1}, "geometry": {"type": "Polygon", "coordinates": [[[-89.4793, 34.3856], [-89.4809, 34.4459], [-89.4702, 34.4764], [-89.4606, 34.5147], [-89.4605, 34.5386], [-89.4557, 34.5325], [-89.442, 34.5305], [-89.4402, 34.5234], [-89.434, 34.5199], [-89.4245, 34.5191], [-89.4149, 34.5222], [-89.4119, 34.526], [-89.4104, 34.5228], [-89.4072, 34.5224], [-89.4065, 34.526], [-89.402, 34.5281], [-89.4015, 34.5256], [-89.389, 34.5242], [-89.386, 34.519], [-89.3815, 34.5207], [-89.3788, 34.519], [-89.3795, 34.5169], [-89.3761, 34.5205], [-89.3737, 34.5182], [-89.369, 34.5206], [-89.3638, 34.5196], [-89.3667, 34.5238], [-89.3658, 34.5263], [-89.3644, 34.5239], [-89.3622, 34.5252], [-89.3628, 34.5224], [-89.3528, 34.5271], [-89.3537, 34.5223], [-89.3499, 34.5218], [-89.3449, 34.5259], [-89.3432, 34.5212], [-89.3426, 34.5244], [-89.3373, 34.5248], [-89.3364, 34.5221], [-89.331, 34.5271], [-89.3308, 34.5231], [-89.3257, 34.526], [-89.3264, 34.5231], [-89.3189, 34.5202], [-89.3151, 34.5244], [-89.3137, 34.5181], [-89.3111, 34.52], [-89.3105, 34.5176], [-89.3028, 34.5182], [-89.3005, 34.5135], [-89.2976, 34.5193], [-89.2951, 34.5184], [-89.2947, 34.5147], [-89.2915, 34.5168], [-89.2928, 34.5158], [-89.2883, 34.5098], [-89.2891, 34.5064], [-89.2825, 34.509], [-89.2761, 34.5052], [-89.2737, 34.5079], [-89.2694, 34.5069], [-89.2697, 34.5052], [-89.2643, 34.5054], [-89.262, 34.5038], [-89.2632, 34.5007], [-89.258, 34.5004], [-89.258, 34.4969], [-89.2512, 34.4965], [-89.2504, 34.4996], [-89.2467, 34.4975], [-89.2496, 34.4969], [-89.2488, 34.4949], [-89.2461, 34.4956], [-89.2462, 34.2999], [-89.3857, 34.3238], [-89.4857, 34.3591], [-89.4793, 34.3856]]]}}, {"type": "Feature", "properties": {"fips": "28001000500", "gap_national": 30.6, "gap_stratum": 29.0, "burden": 93.7, "capacity": 61.7, "svi": 0.9, "top_decile_gap": 0.0, "stratum": "micropolitan", "scored": 1}, "geometry": {"type": "Polygon", "coordinates": [[[-91.3594, 31.5675], [-91.3593, 31.5709], [-91.3618, 31.574], [-91.3583, 31.5756], [-91.3587, 31.5783], [-91.354, 31.5783], [-91.3564, 31.5806], [-91.3543, 31.5867], [-91.3496, 31.5876], [-91.347, 31.591], [-91.3437, 31.5899], [-91.3393, 31.5966], [-91.3271, 31.5975], [-91.3194, 31.6017], [-91.3055, 31.5968], [-91.2937, 31.5812], [-91.3001, 31.579], [-91.2946, 31.5756], [-91.3007, 31.5696], [-91.2991, 31.5662], [-91.3107, 31.5663], [-91.3209, 31.558], [-91.332, 31.5624], [-91.3483, 31.5616], [-91.3471, 31.5651], [-91.3605, 31.5613], [-91.3619, 31.5664], [-91.3594, 31.5675]]]}}, {"type": "Feature", "properties": {"fips": "28023950400", "gap_national": 8.4, "gap_stratum": -0.5, "burden": 88.6, "capacity": 75.1, "svi": 0.91, "top_decile_gap": 0.0, "stratum": "rural", "scored": 1}, "geometry": {"type": "Polygon", "coordinates": [[[-88.7484, 32.0408], [-88.7471, 32.0372], [-88.7433, 32.0362], [-88.7443, 32.0418], [-88.7392, 32.0459], [-88.7372, 32.0522], [-88.7461, 32.0594], [-88.744, 32.0614], [-88.7456, 32.0645], [-88.7493, 32.0641], [-88.7504, 32.0662], [-88.7438, 32.0675], [-88.7421, 32.0749], [-88.7335, 32.0776], [-88.7293, 32.0762], [-88.7305, 32.0695], [-88.7102, 32.0706], [-88.7048, 32.0741], [-88.6975, 32.0698], [-88.6889, 32.0688], [-88.6784, 32.075], [-88.6735, 32.0746], [-88.6698, 32.0608], [-88.6729, 32.0606], [-88.6719, 32.0409], [-88.6791, 32.0041], [-88.7235, 31.986], [-88.7298, 32.0105], [-88.7329, 32.0136], [-88.7319, 32.0202], [-88.7352, 32.0229], [-88.7414, 32.0193], [-88.7479, 32.0319], [-88.7535, 32.034], [-88.7548, 32.0368], [-88.7484, 32.0408]]]}}, {"type": "Feature", "properties": {"fips": "28027950300", "gap_national": 30.5, "gap_stratum": 38.9, "burden": 95.6, "capacity": 62.7, "svi": 0.88, "top_decile_gap": 0.0, "stratum": "rural", "scored": 1}, "geometry": {"type": "Polygon", "coordinates": [[[-90.6597, 34.0751], [-90.6426, 34.074], [-90.6425, 34.0886], [-90.5899, 34.089], [-90.5903, 34.1279], [-90.5809, 34.1377], [-90.5793, 34.1755], [-90.5763, 34.1901], [-90.5699, 34.1927], [-90.5681, 34.1878], [-90.5697, 34.1842], [-90.5612, 34.1844], [-90.5574, 34.1781], [-90.5439, 34.1775], [-90.5466, 34.1851], [-90.5383, 34.1982], [-90.5501, 34.1977], [-90.5501, 34.1998], [-90.5422, 34.2045], [-90.5392, 34.2128], [-90.5442, 34.2144], [-90.5432, 34.2189], [-90.5718, 34.2173], [-90.5744, 34.2187], [-90.5708, 34.2187], [-90.5588, 34.2265], [-90.5552, 34.2242], [-90.5508, 34.2307], [-90.5491, 34.2283], [-90.5456, 34.2287], [-90.5531, 34.2353], [-90.5503, 34.2373], [-90.5515, 34.2452], [-90.548, 34.248], [-90.5533, 34.2506], [-90.5536, 34.2597], [-90.5617, 34.2621], [-90.5653, 34.268], [-90.5437, 34.2701], [-90.4768, 34.2911], [-90.4688, 34.2919], [-90.457, 34.2808], [-90.4529, 34.2808], [-90.4446, 34.2895], [-90.4412, 34.2973], [-90.4348, 34.2989], [-90.4254, 34.2994], [-90.4142, 34.2803], [-90.399, 34.2795], [-90.399, 34.2615], [-90.4506, 34.2624], [-90.451, 33.9857], [-90.6604, 33.9876], [-90.6597, 34.0751]]]}}, {"type": "Feature", "properties": {"fips": "28047002802", "gap_national": -31.4, "gap_stratum": -23.6, "burden": 63.2, "capacity": 90.2, "svi": 0.2, "top_decile_gap": 0.0, "stratum": "metropolitan", "scored": 1}, "geometry": {"type": "Polygon", "coordinates": [[[-89.1275, 30.3586], [-89.125, 30.3547], [-89.1705, 30.3376], [-89.1706, 30.3443], [-89.1275, 30.3586]]]}}, {"type": "Feature", "properties": {"fips": "28029950400", "gap_national": 22.7, "gap_stratum": 24.6, "burden": 92.7, "capacity": 66.6, "svi": 0.95, "top_decile_gap": 0.0, "stratum": "rural", "scored": 1}, "geometry": {"type": "Polygon", "coordinates": [[[-90.4099, 31.8861], [-90.401, 31.885], [-90.403, 31.894], [-90.3946, 31.8823], [-90.3944, 31.8861], [-90.3908, 31.8892], [-90.3824, 31.8914], [-90.3775, 31.8862], [-90.3674, 31.8865], [-90.3739, 31.8746], [-90.3678, 31.8744], [-90.3662, 31.8676], [-90.38, 31.8676], [-90.3752, 31.8621], [-90.3743, 31.8536], [-90.37, 31.8491], [-90.3699, 31.8427], [-90.3653, 31.8388], [-90.3615, 31.8306], [-90.3796, 31.8391], [-90.3806, 31.8439], [-90.3851, 31.8464], [-90.396, 31.846], [-90.3964, 31.8412], [-90.4153, 31.84], [-90.4099, 31.8861]]]}}, {"type": "Feature", "properties": {"fips": "28047003211", "gap_national": 36.9, "gap_stratum": 39.4, "burden": 76.2, "capacity": 46.8, "svi": 0.86, "top_decile_gap": 0.0, "stratum": "metropolitan", "scored": 1}, "geometry": {"type": "Polygon", "coordinates": [[[-89.0928, 30.4495], [-89.0751, 30.4495], [-89.0874, 30.4317], [-89.0993, 30.4402], [-89.103, 30.4495], [-89.0928, 30.4495]]]}}, {"type": "Feature", "properties": {"fips": "28099010500", "gap_national": 36.3, "gap_stratum": 40.4, "burden": 97.1, "capacity": 59.4, "svi": 0.9, "top_decile_gap": 0.0, "stratum": "small_town", "scored": 1}, "geometry": {"type": "Polygon", "coordinates": [[[-89.1461, 32.7597], [-89.1363, 32.7698], [-89.1341, 32.7682], [-89.1252, 32.7706], [-89.0856, 32.7708], [-89.0869, 32.7643], [-89.0731, 32.7589], [-89.1006, 32.7446], [-89.1169, 32.7515], [-89.1476, 32.7512], [-89.1461, 32.7597]]]}}, {"type": "Feature", "properties": {"fips": "28075000300", "gap_national": 19.4, "gap_stratum": 16.1, "burden": 94.3, "capacity": 69.7, "svi": 0.61, "top_decile_gap": 0.0, "stratum": "micropolitan", "scored": 1}, "geometry": {"type": "Polygon", "coordinates": [[[-88.7119, 32.391], [-88.7123, 32.3964], [-88.7055, 32.3964], [-88.7055, 32.3876], [-88.7049, 32.3853], [-88.7014, 32.3853], [-88.7014, 32.3781], [-88.7185, 32.3792], [-88.7119, 32.391]]]}}, {"type": "Feature", "properties": {"fips": "28047001703", "gap_national": 56.3, "gap_stratum": 53.8, "burden": 98.0, "capacity": 46.3, "svi": 0.84, "top_decile_gap": 1.0, "stratum": "metropolitan", "scored": 1}, "geometry": {"type": "Polygon", "coordinates": [[[-89.0548, 30.3989], [-89.0445, 30.4017], [-89.0444, 30.394], [-89.0496, 30.3926], [-89.0465, 30.3815], [-89.0604, 30.378], [-89.0609, 30.3924], [-89.0548, 30.3989]]]}}, {"type": "Feature", "properties": {"fips": "28047003700", "gap_national": 40.5, "gap_stratum": 42.2, "burden": 79.6, "capacity": 46.7, "svi": 0.85, "top_decile_gap": 0.0, "stratum": "metropolitan", "scored": 1}, "geometry": {"type": "Polygon", "coordinates": [[[-88.9448, 30.4193], [-88.9399, 30.4179], [-88.9424, 30.4111], [-88.9386, 30.4111], [-88.9386, 30.4088], [-88.9336, 30.41], [-88.9338, 30.398], [-88.9471, 30.3977], [-88.9472, 30.4101], [-88.9508, 30.41], [-88.9508, 30.4167], [-88.9448, 30.4193]]]}}, {"type": "Feature", "properties": {"fips": "28033070210", "gap_national": -7.6, "gap_stratum": -0.8, "burden": 54.5, "capacity": 59.9, "svi": 0.7, "top_decile_gap": 0.0, "stratum": "metropolitan", "scored": 1}, "geometry": {"type": "Polygon", "coordinates": [[[-90.0608, 34.9949], [-90.0607, 34.9481], [-90.0961, 34.9479], [-90.0963, 34.995], [-90.0608, 34.9949]]]}}, {"type": "Feature", "properties": {"fips": "28081980000", "gap_national": null, "gap_stratum": null, "burden": null, "capacity": null, "svi": null, "top_decile_gap": null, "stratum": null, "scored": 0}, "geometry": {"type": "Polygon", "coordinates": [[[-88.7644, 34.2804], [-88.7641, 34.2647], [-88.7574, 34.2647], [-88.7652, 34.2574], [-88.7671, 34.2501], [-88.7727, 34.2499], [-88.7729, 34.282], [-88.7644, 34.2804]]]}}, {"type": "Feature", "properties": {"fips": "28047003217", "gap_national": -21.5, "gap_stratum": -13.7, "burden": 51.4, "capacity": 66.8, "svi": 0.32, "top_decile_gap": 0.0, "stratum": "metropolitan", "scored": 1}, "geometry": {"type": "Polygon", "coordinates": [[[-89.0782, 30.4857], [-89.0784, 30.4929], [-89.0696, 30.4928], [-89.0696, 30.4715], [-89.0885, 30.4716], [-89.0908, 30.4764], [-89.0909, 30.4855], [-89.0782, 30.4857]]]}}, {"type": "Feature", "properties": {"fips": "28133950600", "gap_national": 10.9, "gap_stratum": -3.3, "burden": 88.4, "capacity": 72.9, "svi": 0.7, "top_decile_gap": 0.0, "stratum": "small_town", "scored": 1}, "geometry": {"type": "Polygon", "coordinates": [[[-90.7644, 33.4447], [-90.7313, 33.4457], [-90.723, 33.4425], [-90.6675, 33.4568], [-90.6673, 33.4522], [-90.6772, 33.4498], [-90.6775, 33.417], [-90.672, 33.4171], [-90.6714, 33.4218], [-90.6654, 33.4274], [-90.6562, 33.4314], [-90.6426, 33.4314], [-90.6336, 33.4249], [-90.633, 33.4381], [-90.6215, 33.4372], [-90.6214, 33.4425], [-90.6251, 33.4461], [-90.625, 33.4585], [-90.6325, 33.4579], [-90.6313, 33.4606], [-90.6031, 33.4831], [-90.5969, 33.4916], [-90.5909, 33.4911], [-90.5914, 33.4839], [-90.5766, 33.4772], [-90.5758, 33.4737], [-90.5652, 33.4676], [-90.5628, 33.4609], [-90.5742, 33.4554], [-90.5786, 33.448], [-90.5778, 33.4438], [-90.5722, 33.4377], [-90.5799, 33.431], [-90.5916, 33.4271], [-90.5884, 33.4231], [-90.5826, 33.4239], [-90.5993, 33.4139], [-90.6016, 33.4078], [-90.6019, 33.3867], [-90.5917, 33.3783], [-90.59, 33.373], [-90.5812, 33.3697], [-90.5759, 33.3763], [-90.5682, 33.3745], [-90.5677, 33.371], [-90.5632, 33.3713], [-90.5648, 33.3645], [-90.5722, 33.36], [-90.5728, 33.3567], [-90.564, 33.3478], [-90.5793, 33.3455], [-90.5897, 33.3411], [-90.5889, 33.2706], [-90.7638, 33.2704], [-90.7644, 33.4447]]]}}, {"type": "Feature", "properties": {"fips": "28147950102", "gap_national": 30.4, "gap_stratum": 28.7, "burden": 93.2, "capacity": 61.6, "svi": 0.64, "top_decile_gap": 0.0, "stratum": "micropolitan", "scored": 1}, "geometry": {"type": "Polygon", "coordinates": [[[-90.2604, 31.2268], [-90.2393, 31.2356], [-90.2371, 31.2334], [-90.2321, 31.2337], [-90.2298, 31.2294], [-90.1935, 31.236], [-90.1928, 31.2251], [-90.1782, 31.2259], [-90.1644, 31.2334], [-90.1465, 31.2359], [-90.1397, 31.2335], [-90.123, 31.2339], [-90.117, 31.2283], [-90.0741, 31.2392], [-90.0644, 31.2392], [-90.0572, 31.2443], [-90.0495, 31.2375], [-90.0482, 31.243], [-90.0404, 31.2463], [-90.0404, 31.2339], [-90.0319, 31.2339], [-90.0319, 31.1816], [-90.0421, 31.1759], [-90.1183, 31.1165], [-90.1304, 31.1149], [-90.1279, 31.123], [-90.1335, 31.1334], [-90.1368, 31.1337], [-90.1386, 31.1304], [-90.1471, 31.1304], [-90.1473, 31.1322], [-90.1603, 31.1349], [-90.1645, 31.1311], [-90.1715, 31.1317], [-90.1718, 31.1278], [-90.1755, 31.1273], [-90.1756, 31.1225], [-90.2115, 31.1208], [-90.2272, 31.1156], [-90.251, 31.1173], [-90.26, 31.1135], [-90.2604, 31.2268]]]}}, {"type": "Feature", "properties": {"fips": "28035010104", "gap_national": -15.3, "gap_stratum": -8.2, "burden": 50.6, "capacity": 61.9, "svi": 0.27, "top_decile_gap": 0.0, "stratum": "metropolitan", "scored": 1}, "geometry": {"type": "Polygon", "coordinates": [[[-89.299, 31.4341], [-89.1686, 31.4341], [-89.1659, 31.4185], [-89.1706, 31.403], [-89.1856, 31.3949], [-89.1939, 31.3866], [-89.205, 31.3826], [-89.205, 31.3614], [-89.2133, 31.359], [-89.2134, 31.3503], [-89.2262, 31.3503], [-89.2261, 31.3688], [-89.2344, 31.365], [-89.2343, 31.3756], [-89.2305, 31.3811], [-89.2305, 31.3901], [-89.2423, 31.3925], [-89.2463, 31.3755], [-89.2505, 31.3734], [-89.2585, 31.3618], [-89.2555, 31.3599], [-89.2562, 31.3548], [-89.262, 31.3546], [-89.2696, 31.3632], [-89.2782, 31.3599], [-89.2808, 31.3502], [-89.2834, 31.3526], [-89.2847, 31.3639], [-89.2778, 31.3641], [-89.2798, 31.3665], [-89.277, 31.3701], [-89.2802, 31.3704], [-89.2801, 31.3771], [-89.2748, 31.379], [-89.2824, 31.3798], [-89.2788, 31.3828], [-89.2847, 31.3915], [-89.283, 31.3945], [-89.2889, 31.3961], [-89.2861, 31.4037], [-89.2894, 31.4067], [-89.2825, 31.4132], [-89.2935, 31.4204], [-89.2932, 31.4234], [-89.3017, 31.4323], [-89.299, 31.4341]]]}}, {"type": "Feature", "properties": {"fips": "28067950301", "gap_national": 4.6, "gap_stratum": -9.6, "burden": 80.0, "capacity": 71.6, "svi": 0.51, "top_decile_gap": 0.0, "stratum": "micropolitan", "scored": 1}, "geometry": {"type": "Polygon", "coordinates": [[[-89.392, 31.7454], [-89.391, 31.7526], [-89.3854, 31.7574], [-89.3773, 31.7561], [-89.3711, 31.7512], [-89.356, 31.7537], [-89.3474, 31.7476], [-89.3472, 31.7432], [-89.3396, 31.7455], [-89.3379, 31.7488], [-89.3274, 31.7435], [-89.3167, 31.7419], [-89.3097, 31.7448], [-89.3053, 31.7417], [-89.2979, 31.7403], [-89.2925, 31.7427], [-89.2903, 31.7411], [-89.2647, 31.7055], [-89.2628, 31.6981], [-89.2585, 31.6944], [-89.2474, 31.6732], [-89.2344, 31.6579], [-89.229, 31.6467], [-89.2232, 31.6421], [-89.209, 31.6157], [-89.2094, 31.6119], [-89.234, 31.609], [-89.3098, 31.6087], [-89.3115, 31.6204], [-89.35, 31.6183], [-89.3618, 31.6236], [-89.3878, 31.6189], [-89.4002, 31.6199], [-89.4009, 31.7531], [-89.392, 31.7454]]]}}, {"type": "Feature", "properties": {"fips": "28093950501", "gap_national": 23.8, "gap_stratum": 23.6, "burden": 97.4, "capacity": 68.0, "svi": 0.37, "top_decile_gap": 0.0, "stratum": "metropolitan", "scored": 1}, "geometry": {"type": "Polygon", "coordinates": [[[-89.6013, 34.7158], [-89.5957, 34.7194], [-89.5821, 34.7208], [-89.5783, 34.7255], [-89.566, 34.7301], [-89.5536, 34.7302], [-89.5385, 34.7382], [-89.531, 34.7256], [-89.5231, 34.7221], [-89.5219, 34.7133], [-89.5118, 34.6985], [-89.5009, 34.7036], [-89.4799, 34.7248], [-89.4786, 34.7295], [-89.472, 34.7365], [-89.4662, 34.7397], [-89.4583, 34.7366], [-89.4534, 34.7294], [-89.4636, 34.7162], [-89.4519, 34.7093], [-89.4578, 34.6883], [-89.4529, 34.6801], [-89.4535, 34.6714], [-89.4506, 34.6645], [-89.4472, 34.6626], [-89.4478, 34.6559], [-89.4496, 34.6518], [-89.4571, 34.6476], [-89.4646, 34.6502], [-89.4769, 34.6489], [-89.4874, 34.6563], [-89.5101, 34.6566], [-89.5101, 34.6418], [-89.5064, 34.6418], [-89.5074, 34.6364], [-89.5045, 34.6308], [-89.5188, 34.6138], [-89.5138, 34.6116], [-89.5134, 34.6063], [-89.5091, 34.6015], [-89.5111, 34.5824], [-89.5204, 34.5688], [-89.5194, 34.5614], [-89.5138, 34.5545], [-89.6684, 34.5544], [-89.6692, 34.6857], [-89.7223, 34.6855], [-89.723, 34.7132], [-89.6013, 34.7158]]]}}, {"type": "Feature", "properties": {"fips": "28033071123", "gap_national": -53.2, "gap_stratum": -46.3, "burden": 35.8, "capacity": 77.6, "svi": 0.07, "top_decile_gap": 0.0, "stratum": "metropolitan", "scored": 1}, "geometry": {"type": "Polygon", "coordinates": [[[-90.1063, 34.7701], [-90.1098, 34.7774], [-90.1134, 34.8044], [-90.0996, 34.825], [-90.0936, 34.83], [-90.0237, 34.8305], [-90.0176, 34.8271], [-90.0181, 34.8162], [-89.9937, 34.8159], [-89.9894, 34.8049], [-89.9904, 34.7544], [-89.9634, 34.7508], [-89.9641, 34.7237], [-89.9689, 34.7258], [-89.9805, 34.7242], [-89.9818, 34.7262], [-89.9843, 34.7232], [-89.9828, 34.7203], [-89.9857, 34.7213], [-89.9866, 34.719], [-89.9888, 34.7212], [-89.9954, 34.7168], [-89.9953, 34.7193], [-89.9988, 34.7177], [-90.0001, 34.7203], [-90.0009, 34.716], [-90.0074, 34.7171], [-90.0114, 34.714], [-90.0193, 34.7139], [-90.0196, 34.712], [-90.0218, 34.7137], [-90.0239, 34.7101], [-90.0301, 34.7079], [-90.033, 34.7101], [-90.0383, 34.7093], [-90.0394, 34.7117], [-90.0373, 34.713], [-90.0448, 34.7127], [-90.0451, 34.7146], [-90.0482, 34.7118], [-90.0482, 34.7151], [-90.0494, 34.7124], [-90.0527, 34.7145], [-90.0542, 34.7126], [-90.0528, 34.7151], [-90.0596, 34.7202], [-90.058, 34.7227], [-90.0599, 34.7244], [-90.057, 34.7244], [-90.0612, 34.7261], [-90.0606, 34.7282], [-90.0698, 34.7265], [-90.0693, 34.7234], [-90.0737, 34.721], [-90.0747, 34.7253], [-90.0811, 34.7269], [-90.083, 34.7297], [-90.0809, 34.7315], [-90.0906, 34.7358], [-90.091, 34.732], [-90.094, 34.7314], [-90.1003, 34.7325], [-90.0999, 34.7308], [-90.1053, 34.7352], [-90.1065, 34.733], [-90.1062, 34.7367], [-90.1104, 34.7379], [-90.1071, 34.7414], [-90.1115, 34.7426], [-90.1099, 34.7438], [-90.1148, 34.7466], [-90.1169, 34.7524], [-90.1063, 34.7701]]]}}, {"type": "Feature", "properties": {"fips": "28047001505", "gap_national": -43.5, "gap_stratum": -35.8, "burden": 41.2, "capacity": 74.6, "svi": 0.12, "top_decile_gap": 0.0, "stratum": "metropolitan", "scored": 1}, "geometry": {"type": "Polygon", "coordinates": [[[-89.0369, 30.4262], [-89.0014, 30.4158], [-89.0249, 30.4088], [-89.0294, 30.4043], [-89.0383, 30.4074], [-89.0368, 30.4086], [-89.04, 30.4097], [-89.0382, 30.4148], [-89.0401, 30.417], [-89.0387, 30.4187], [-89.0412, 30.4195], [-89.0406, 30.4242], [-89.0494, 30.4237], [-89.0485, 30.4266], [-89.0369, 30.4262]]]}}, {"type": "Feature", "properties": {"fips": "28105950701", "gap_national": -5.4, "gap_stratum": -24.1, "burden": 76.0, "capacity": 76.4, "svi": 0.56, "top_decile_gap": 0.0, "stratum": "micropolitan", "scored": 1}, "geometry": {"type": "Polygon", "coordinates": [[[-88.8951, 33.337], [-88.8787, 33.3502], [-88.8711, 33.376], [-88.8629, 33.3805], [-88.8464, 33.4031], [-88.787, 33.4032], [-88.7758, 33.3955], [-88.7781, 33.4104], [-88.7762, 33.4259], [-88.6705, 33.426], [-88.6691, 33.2869], [-88.9007, 33.2863], [-88.9074, 33.2971], [-88.9095, 33.3128], [-88.8951, 33.337]]]}}, {"type": "Feature", "properties": {"fips": "28071950403", "gap_national": -29.9, "gap_stratum": -56.2, "burden": 38.1, "capacity": 62.1, "svi": 0.3, "top_decile_gap": 0.0, "stratum": "micropolitan", "scored": 1}, "geometry": {"type": "Polygon", "coordinates": [[[-89.5544, 34.4266], [-89.5549, 34.4383], [-89.5596, 34.4489], [-89.5494, 34.455], [-89.5456, 34.4548], [-89.5453, 34.4571], [-89.5285, 34.4561], [-89.5264, 34.4625], [-89.5191, 34.4658], [-89.5105, 34.4572], [-89.5066, 34.4553], [-89.5, 34.4564], [-89.4972, 34.4511], [-89.4836, 34.4436], [-89.482, 34.4288], [-89.4794, 34.4275], [-89.4812, 34.4231], [-89.4793, 34.3856], [-89.4881, 34.3833], [-89.5133, 34.3861], [-89.519, 34.3815], [-89.5243, 34.381], [-89.5252, 34.3883], [-89.5335, 34.3886], [-89.5355, 34.3907], [-89.5486, 34.3897], [-89.5525, 34.4027], [-89.5679, 34.4193], [-89.5693, 34.4234], [-89.5544, 34.4266]]]}}]}