{"type": "FeatureCollection", "features": [{"type": "Feature", "properties": {"fips": "31019969500", "gap_national": 39.6, "gap_stratum": 12.4, "burden": 52.0, "capacity": 19.9, "svi": 0.75, "top_decile_gap": 0.0, "stratum": "micropolitan", "scored": 1}, "geometry": {"type": "Polygon", "coordinates": [[[-99.0883, 40.7065], [-99.0774, 40.7064], [-99.0778, 40.6903], [-99.0887, 40.6904], [-99.0883, 40.7065]]]}}, {"type": "Feature", "properties": {"fips": "31047968200", "gap_national": 7.5, "gap_stratum": -15.2, "burden": 59.9, "capacity": 54.1, "svi": 0.32, "top_decile_gap": 0.0, "stratum": "rural", "scored": 1}, "geometry": {"type": "Polygon", "coordinates": [[[-100.2243, 40.9733], [-100.1095, 40.9745], [-100.1095, 40.8917], [-100.1719, 40.9165], [-100.1898, 40.9279], [-100.2244, 40.9424], [-100.2243, 40.9733]]]}}, {"type": "Feature", "properties": {"fips": "31079000400", "gap_national": 27.3, "gap_stratum": 33.5, "burden": 51.9, "capacity": 32.0, "svi": 0.6, "top_decile_gap": 0.0, "stratum": "metropolitan", "scored": 1}, "geometry": {"type": "Polygon", "coordinates": [[[-98.3803, 40.9597], [-98.3597, 40.9603], [-98.359, 40.9313], [-98.3835, 40.9315], [-98.3845, 40.9541], [-98.3803, 40.9597]]]}}, {"type": "Feature", "properties": {"fips": "31079000900", "gap_national": 41.7, "gap_stratum": 49.0, "burden": 51.1, "capacity": 16.5, "svi": 0.93, "top_decile_gap": 0.0, "stratum": "metropolitan", "scored": 1}, "geometry": {"type": "Polygon", "coordinates": [[[-98.3443, 40.9259], [-98.3398, 40.9196], [-98.3398, 40.9021], [-98.3539, 40.9022], [-98.3526, 40.9117], [-98.3581, 40.9195], [-98.3443, 40.9259]]]}}, {"type": "Feature", "properties": {"fips": "31081969300", "gap_national": -16.3, "gap_stratum": -46.1, "burden": 51.4, "capacity": 63.3, "svi": 0.39, "top_decile_gap": 0.0, "stratum": "rural", "scored": 1}, "geometry": {"type": "Polygon", "coordinates": [[[-98.0363, 40.8869], [-98.0366, 40.9014], [-97.9596, 40.9015], [-97.9594, 40.8289], [-97.9779, 40.829], [-97.9779, 40.822], [-98.0365, 40.8218], [-98.0358, 40.8287], [-98.0545, 40.8288], [-98.0547, 40.8869], [-98.0363, 40.8869]]]}}, {"type": "Feature", "properties": {"fips": "31109002300", "gap_national": 5.8, "gap_stratum": 10.1, "burden": 36.2, "capacity": 34.9, "svi": 0.5, "top_decile_gap": 0.0, "stratum": "metropolitan", "scored": 1}, "geometry": {"type": "Polygon", "coordinates": [[[-96.6967, 40.7991], [-96.6924, 40.7991], [-96.6766, 40.7989], [-96.6741, 40.7917], [-96.6872, 40.7917], [-96.6874, 40.7844], [-96.6968, 40.7845], [-96.6967, 40.7991]]]}}, {"type": "Feature", "properties": {"fips": "31109003801", "gap_national": -33.7, "gap_stratum": -25.0, "burden": 55.8, "capacity": 81.5, "svi": 0.35, "top_decile_gap": 0.0, "stratum": "metropolitan", "scored": 1}, "geometry": {"type": "Polygon", "coordinates": [[[-96.6251, 40.7988], [-96.6061, 40.7988], [-96.606, 40.7842], [-96.6251, 40.7843], [-96.6251, 40.7988]]]}}, {"type": "Feature", "properties": {"fips": "31109000202", "gap_national": 22.8, "gap_stratum": 28.1, "burden": 34.9, "capacity": 16.5, "svi": 0.65, "top_decile_gap": 0.0, "stratum": "metropolitan", "scored": 1}, "geometry": {"type": "Polygon", "coordinates": [[[-96.6536, 40.851], [-96.6441, 40.8515], [-96.6441, 40.8353], [-96.6536, 40.8353], [-96.6536, 40.851]]]}}, {"type": "Feature", "properties": {"fips": "31109000300", "gap_national": 24.0, "gap_stratum": 30.0, "burden": 42.9, "capacity": 25.1, "svi": 0.7, "top_decile_gap": 0.0, "stratum": "metropolitan", "scored": 1}, "geometry": {"type": "Polygon", "coordinates": [[[-96.6728, 40.841], [-96.6536, 40.8511], [-96.6536, 40.8353], [-96.6728, 40.8383], [-96.6728, 40.841]]]}}, {"type": "Feature", "properties": {"fips": "31109000600", "gap_national": 4.2, "gap_stratum": 5.4, "burden": 12.1, "capacity": 8.1, "svi": 0.38, "top_decile_gap": 0.0, "stratum": "metropolitan", "scored": 1}, "geometry": {"type": "Polygon", "coordinates": [[[-96.699, 40.8273], [-96.6923, 40.8187], [-96.6938, 40.8158], [-96.7071, 40.8169], [-96.7085, 40.8215], [-96.699, 40.8273]]]}}, {"type": "Feature", "properties": {"fips": "31129960100", "gap_national": 8.4, "gap_stratum": -9.2, "burden": 79.6, "capacity": 68.4, "svi": 0.35, "top_decile_gap": 0.0, "stratum": "rural", "scored": 1}, "geometry": {"type": "Polygon", "coordinates": [[[-98.0855, 40.0458], [-98.0856, 40.0602], [-98.0099, 40.0603], [-98.0101, 40.0022], [-98.0872, 40.0023], [-98.0847, 40.0097], [-98.0877, 40.0166], [-98.0849, 40.018], [-98.1232, 40.0325], [-98.1233, 40.0459], [-98.0855, 40.0458]]]}}, {"type": "Feature", "properties": {"fips": "31131967000", "gap_national": 44.7, "gap_stratum": 23.4, "burden": 72.0, "capacity": 37.2, "svi": 0.72, "top_decile_gap": 0.0, "stratum": "small_town", "scored": 1}, "geometry": {"type": "Polygon", "coordinates": [[[-95.8652, 40.683], [-95.8652, 40.6853], [-95.8484, 40.6789], [-95.8451, 40.6805], [-95.8377, 40.6745], [-95.8688, 40.6731], [-95.8689, 40.6749], [-95.8726, 40.6749], [-95.8725, 40.6821], [-95.8652, 40.683]]]}}, {"type": "Feature", "properties": {"fips": "31111960200", "gap_national": 52.8, "gap_stratum": 32.8, "burden": 66.9, "capacity": 24.3, "svi": 0.84, "top_decile_gap": 0.0, "stratum": "micropolitan", "scored": 1}, "geometry": {"type": "Polygon", "coordinates": [[[-100.7662, 41.1403], [-100.7341, 41.1367], [-100.7341, 41.1261], [-100.764, 41.1262], [-100.764, 41.1334], [-100.7678, 41.1334], [-100.7662, 41.1403]]]}}, {"type": "Feature", "properties": {"fips": "31111960300", "gap_national": 23.9, "gap_stratum": -0.9, "burden": 54.5, "capacity": 37.4, "svi": 0.31, "top_decile_gap": 0.0, "stratum": "micropolitan", "scored": 1}, "geometry": {"type": "Polygon", "coordinates": [[[-100.7817, 41.1425], [-100.7662, 41.1403], [-100.7678, 41.1334], [-100.764, 41.1334], [-100.764, 41.1262], [-100.782, 41.1263], [-100.7817, 41.1425]]]}}, {"type": "Feature", "properties": {"fips": "31171957100", "gap_national": -13.8, "gap_stratum": -48.7, "burden": 59.6, "capacity": 68.1, "svi": 0.09, "top_decile_gap": 0.0, "stratum": "rural", "scored": 1}, "geometry": {"type": "Polygon", "coordinates": [[[-100.2676, 42.0861], [-100.2655, 41.7399], [-100.8425, 41.7404], [-100.8461, 42.0882], [-100.2676, 42.0861]]]}}, {"type": "Feature", "properties": {"fips": "31031955800", "gap_national": 18.8, "gap_stratum": 4.0, "burden": 73.7, "capacity": 57.3, "svi": 0.51, "top_decile_gap": 0.0, "stratum": "rural", "scored": 1}, "geometry": {"type": "Polygon", "coordinates": [[[-102.0825, 42.9994], [-101.85, 42.9993], [-101.6254, 42.9962], [-100.1984, 42.9985], [-100.1985, 42.8461], [-100.2125, 42.8479], [-100.2162, 42.8521], [-100.2149, 42.8544], [-100.2329, 42.8579], [-100.2467, 42.866], [-100.2588, 42.867], [-100.2594, 42.8714], [-100.2667, 42.8743], [-100.2658, 42.8834], [-100.2725, 42.8837], [-100.2825, 42.891], [-100.2999, 42.8907], [-100.3051, 42.8937], [-100.3101, 42.8906], [-100.3211, 42.8916], [-100.3231, 42.8933], [-100.3225, 42.8999], [-100.3286, 42.8999], [-100.3346, 42.9052], [-100.3541, 42.901], [-100.3685, 42.9041], [-100.3778, 42.9022], [-100.3837, 42.9039], [-100.3879, 42.9093], [-100.3972, 42.9078], [-100.4093, 42.9098], [-100.4172, 42.9035], [-100.4268, 42.9071], [-100.4465, 42.9079], [-100.4514, 42.9055], [-100.4527, 42.9093], [-100.4612, 42.9071], [-100.4641, 42.9023], [-100.4756, 42.9039], [-100.4807, 42.902], [-100.4884, 42.8911], [-100.4919, 42.8734], [-100.4962, 42.8702], [-100.4954, 42.8619], [-100.5024, 42.8584], [-100.5083, 42.8513], [-100.5108, 42.8516], [-100.5098, 42.8544], [-100.5115, 42.855], [-100.5211, 42.8521], [-100.5207, 42.846], [-100.5274, 42.8423], [-100.5269, 42.8367], [-100.53, 42.8297], [-100.5857, 42.8182], [-100.5961, 42.8125], [-100.5991, 42.8074], [-100.6093, 42.8087], [-100.6228, 42.7961], [-100.6306, 42.7963], [-100.6439, 42.8036], [-100.6605, 42.8041], [-100.6665, 42.8075], [-100.6929, 42.8102], [-100.7114, 42.8079], [-100.7146, 42.8053], [-100.7143, 42.7992], [-100.7213, 42.7946], [-100.7353, 42.7904], [-100.7421, 42.792], [-100.7511, 42.7878], [-100.763, 42.7893], [-100.7681, 42.7867], [-100.782, 42.7868], [-100.789, 42.78], [-100.7996, 42.7813], [-100.8374, 42.772], [-100.854, 42.7783], [-100.8614, 42.7769], [-100.8832, 42.7822], [-100.8874, 42.7799], [-100.898, 42.7819], [-100.9003, 42.7847], [-100.9098, 42.7841], [-100.9149, 42.7873], [-100.9444, 42.7881], [-100.9503, 42.7919], [-100.9627, 42.7911], [-100.9687, 42.7939], [-100.9773, 42.7925], [-100.9832, 42.7948], [-100.9958, 42.795], [-100.9994, 42.7917], [-101.0123, 42.7928], [-101.0186, 42.7898], [-101.0275, 42.7916], [-101.0273, 42.7852], [-101.0308, 42.7843], [-101.0363, 42.7895], [-101.0464, 42.7899], [-101.0543, 42.7957], [-101.0794, 42.7941], [-101.092, 42.8033], [-101.1266, 42.8051], [-101.1318, 42.803], [-101.1404, 42.8074], [-101.1536, 42.7963], [-101.1625, 42.7935], [-101.1701, 42.7955], [-101.187, 42.7931], [-101.1868, 42.7984], [-101.1903, 42.8019], [-101.2018, 42.7989], [-101.2089, 42.8026], [-101.2072, 42.8092], [-101.2103, 42.8118], [-101.2295, 42.8056], [-101.2654, 42.8183], [-101.2716, 42.8181], [-101.2819, 42.8267], [-101.2923, 42.8267], [-101.295, 42.829], [-101.2967, 42.8373], [-101.3035, 42.8394], [-101.3062, 42.847], [-101.321, 42.8493], [-101.3311, 42.8596], [-101.331, 42.8639], [-101.3344, 42.866], [-101.3318, 42.8691], [-101.3436, 42.8713], [-101.3467, 42.8767], [-101.349, 42.8767], [-101.3585, 42.8698], [-101.3701, 42.8725], [-101.3788, 42.8689], [-101.3822, 42.8704], [-101.3844, 42.8679], [-101.408, 42.8639], [-101.422, 42.8669], [-101.4279, 42.8588], [-101.4541, 42.8599], [-101.462, 42.8562], [-101.4724, 42.8602], [-101.5004, 42.8582], [-101.5164, 42.8493], [-101.5274, 42.8505], [-101.5328, 42.8535], [-101.5397, 42.853], [-101.5459, 42.847], [-101.5491, 42.8472], [-101.5509, 42.8502], [-101.5633, 42.8492], [-101.5734, 42.8404], [-101.5822, 42.8419], [-101.5934, 42.8377], [-101.6142, 42.8379], [-101.6229, 42.8322], [-101.6498, 42.8236], [-101.6539, 42.8159], [-101.6523, 42.8105], [-101.66, 42.8088], [-101.6659, 42.8115], [-101.6703, 42.8048], [-101.6769, 42.8036], [-101.6824, 42.8079], [-101.6839, 42.8122], [-101.6939, 42.8143], [-101.7117, 42.812], [-101.7115, 42.8099], [-101.719, 42.8122], [-101.7315, 42.8109], [-101.7309, 42.8087], [-101.7425, 42.8047], [-101.7411, 42.7992], [-101.7519, 42.8037], [-101.7527, 42.7987], [-101.7612, 42.799], [-101.7655, 42.7948], [-101.7819, 42.7967], [-101.777, 42.7923], [-101.7827, 42.7904], [-101.7815, 42.7878], [-101.7769, 42.787], [-101.7761, 42.7838], [-101.7818, 42.7829], [-101.783, 42.7817], [-101.78, 42.7788], [-101.7875, 42.7767], [-101.7891, 42.7721], [-101.793, 42.7748], [-101.789, 42.7773], [-101.789, 42.7814], [-101.7946, 42.7788], [-101.7994, 42.7835], [-101.8016, 42.778], [-101.808, 42.7751], [-101.8069, 42.7722], [-101.8113, 42.7753], [-101.8159, 42.7717], [-101.8212, 42.7746], [-101.8228, 42.7731], [-101.8185, 42.7696], [-101.8198, 42.7675], [-101.8279, 42.7717], [-101.8279, 42.7664], [-101.8415, 42.7686], [-101.845, 42.7621], [-101.8514, 42.7621], [-101.8556, 42.7588], [-101.8584, 42.7635], [-101.8626, 42.761], [-101.8639, 42.7648], [-101.8754, 42.7649], [-101.878, 42.7623], [-101.8746, 42.7596], [-101.8798, 42.7535], [-101.8858, 42.7592], [-101.8931, 42.7619], [-101.8939, 42.756], [-101.8983, 42.7594], [-101.9075, 42.7597], [-101.9077, 42.7544], [-101.9117, 42.7532], [-101.9102, 42.7568], [-101.9166, 42.7563], [-101.9136, 42.7607], [-101.918, 42.765], [-101.9184, 42.7606], [-101.9239, 42.7615], [-101.9301, 42.7551], [-101.9324, 42.7552], [-101.933, 42.7598], [-101.941, 42.759], [-101.9498, 42.7618], [-101.9494, 42.7573], [-101.9537, 42.7559], [-101.9626, 42.7608], [-101.9703, 42.7515], [-101.9799, 42.748], [-101.983, 42.7443], [-101.9992, 42.7423], [-102.0032, 42.7396], [-102.0035, 42.7319], [-102.007, 42.7319], [-102.0076, 42.7355], [-102.0139, 42.7347], [-102.0123, 42.7294], [-102.0195, 42.7242], [-102.0288, 42.7236], [-102.0306, 42.7153], [-102.0364, 42.7163], [-102.0393, 42.7138], [-102.0489, 42.7134], [-102.0576, 42.7064], [-102.0594, 42.7017], [-102.0663, 42.7006], [-102.0669, 42.7855], [-102.085, 42.7855], [-102.0825, 42.9994]]]}}, {"type": "Feature", "properties": {"fips": "31089974300", "gap_national": 27.1, "gap_stratum": 10.1, "burden": 68.5, "capacity": 47.5, "svi": 0.56, "top_decile_gap": 0.0, "stratum": "rural", "scored": 1}, "geometry": {"type": "Polygon", "coordinates": [[[-98.5792, 42.5085], [-98.5793, 42.4361], [-98.6037, 42.436], [-98.6184, 42.4433], [-98.6185, 42.436], [-98.7359, 42.4358], [-98.7362, 42.5084], [-98.5792, 42.5085]]]}}, {"type": "Feature", "properties": {"fips": "31179978700", "gap_national": 11.1, "gap_stratum": -3.3, "burden": 29.2, "capacity": 21.9, "svi": 0.55, "top_decile_gap": 0.0, "stratum": "small_town", "scored": 1}, "geometry": {"type": "Polygon", "coordinates": [[[-97.0372, 42.2646], [-96.9595, 42.2643], [-96.9596, 42.2065], [-97.0374, 42.2065], [-97.0372, 42.2646]]]}}, {"type": "Feature", "properties": {"fips": "31153010107", "gap_national": 5.7, "gap_stratum": 10.4, "burden": 41.0, "capacity": 39.5, "svi": 0.42, "top_decile_gap": 0.0, "stratum": "metropolitan", "scored": 1}, "geometry": {"type": "Polygon", "coordinates": [[[-95.9398, 41.191], [-95.9381, 41.1865], [-95.9396, 41.1479], [-95.9476, 41.1472], [-95.9479, 41.191], [-95.9398, 41.191]]]}}, {"type": "Feature", "properties": {"fips": "31055005000", "gap_national": 19.0, "gap_stratum": 23.6, "burden": 31.0, "capacity": 15.8, "svi": 0.57, "top_decile_gap": 0.0, "stratum": "metropolitan", "scored": 1}, "geometry": {"type": "Polygon", "coordinates": [[[-95.9751, 41.2679], [-95.9615, 41.268], [-95.9616, 41.2597], [-95.9746, 41.2597], [-95.9751, 41.2679]]]}}, {"type": "Feature", "properties": {"fips": "31055005500", "gap_national": -11.7, "gap_stratum": -10.4, "burden": 21.9, "capacity": 35.8, "svi": 0.04, "top_decile_gap": 0.0, "stratum": "metropolitan", "scored": 1}, "geometry": {"type": "Polygon", "coordinates": [[[-96.0048, 41.2832], [-95.9835, 41.281], [-95.9835, 41.2732], [-95.9951, 41.2731], [-95.9951, 41.2705], [-96.0048, 41.2705], [-96.0048, 41.2832]]]}}, {"type": "Feature", "properties": {"fips": "31055007431", "gap_national": -48.1, "gap_stratum": -43.3, "burden": 29.3, "capacity": 67.5, "svi": 0.14, "top_decile_gap": 0.0, "stratum": "metropolitan", "scored": 1}, "geometry": {"type": "Polygon", "coordinates": [[[-96.1389, 41.3066], [-96.1196, 41.3066], [-96.1196, 41.2922], [-96.1389, 41.2922], [-96.1389, 41.3066]]]}}, {"type": "Feature", "properties": {"fips": "31055006603", "gap_national": 58.8, "gap_stratum": 63.5, "burden": 71.6, "capacity": 23.8, "svi": 0.85, "top_decile_gap": 1.0, "stratum": "metropolitan", "scored": 1}, "geometry": {"type": "Polygon", "coordinates": [[[-96.0239, 41.2851], [-96.0239, 41.2778], [-96.0458, 41.2779], [-96.0478, 41.2851], [-96.0239, 41.2851]]]}}, {"type": "Feature", "properties": {"fips": "31055007444", "gap_national": 2.8, "gap_stratum": 4.6, "burden": 18.4, "capacity": 17.7, "svi": 0.39, "top_decile_gap": 0.0, "stratum": "metropolitan", "scored": 1}, "geometry": {"type": "Polygon", "coordinates": [[[-96.1005, 41.2777], [-96.0813, 41.2778], [-96.0825, 41.2634], [-96.1006, 41.2631], [-96.1005, 41.2777]]]}}, {"type": "Feature", "properties": {"fips": "31055007429", "gap_national": -51.4, "gap_stratum": -46.6, "burden": 28.4, "capacity": 69.0, "svi": 0.01, "top_decile_gap": 0.0, "stratum": "metropolitan", "scored": 1}, "geometry": {"type": "Polygon", "coordinates": [[[-96.1386, 41.2486], [-96.1386, 41.2338], [-96.1587, 41.234], [-96.1657, 41.2485], [-96.1386, 41.2486]]]}}, {"type": "Feature", "properties": {"fips": "31055007447", "gap_national": -32.5, "gap_stratum": -32.3, "burden": 18.4, "capacity": 48.6, "svi": 0.06, "top_decile_gap": 0.0, "stratum": "metropolitan", "scored": 1}, "geometry": {"type": "Polygon", "coordinates": [[[-96.1485, 41.2631], [-96.1482, 41.2486], [-96.1579, 41.2485], [-96.158, 41.263], [-96.1485, 41.2631]]]}}, {"type": "Feature", "properties": {"fips": "31055001900", "gap_national": 27.3, "gap_stratum": 33.0, "burden": 34.8, "capacity": 10.9, "svi": 0.55, "top_decile_gap": 0.0, "stratum": "metropolitan", "scored": 1}, "geometry": {"type": "Polygon", "coordinates": [[[-95.9469, 41.2598], [-95.9424, 41.2597], [-95.9422, 41.2482], [-95.947, 41.249], [-95.9469, 41.2598]]]}}, {"type": "Feature", "properties": {"fips": "31055003600", "gap_national": -23.4, "gap_stratum": -23.4, "burden": 17.2, "capacity": 40.9, "svi": 0.03, "top_decile_gap": 0.0, "stratum": "metropolitan", "scored": 1}, "geometry": {"type": "Polygon", "coordinates": [[[-95.9979, 41.2485], [-95.9879, 41.2488], [-95.9924, 41.2413], [-96.0047, 41.2379], [-96.0096, 41.2379], [-96.0096, 41.2451], [-96.0142, 41.2452], [-96.0143, 41.2487], [-95.9979, 41.2485]]]}}, {"type": "Feature", "properties": {"fips": "31001965500", "gap_national": 29.9, "gap_stratum": 10.9, "burden": 66.1, "capacity": 43.4, "svi": 0.38, "top_decile_gap": 0.0, "stratum": "micropolitan", "scored": 1}, "geometry": {"type": "Polygon", "coordinates": [[[-98.3737, 40.6261], [-98.3737, 40.6256], [-98.3825, 40.6049], [-98.386, 40.6027], [-98.3838, 40.6006], [-98.3836, 40.5935], [-98.3949, 40.5935], [-98.395, 40.5898], [-98.4018, 40.5898], [-98.4015, 40.6084], [-98.4396, 40.62], [-98.4396, 40.6259], [-98.3737, 40.6261]]]}}, {"type": "Feature", "properties": {"fips": "31055007309", "gap_national": 0.4, "gap_stratum": 3.1, "burden": 26.4, "capacity": 29.6, "svi": 0.2, "top_decile_gap": 0.0, "stratum": "metropolitan", "scored": 1}, "geometry": {"type": "Polygon", "coordinates": [[[-96.1003, 41.3357], [-96.0795, 41.3357], [-96.0782, 41.331], [-96.0721, 41.3248], [-96.075, 41.3213], [-96.0813, 41.3212], [-96.0813, 41.3175], [-96.1005, 41.3188], [-96.1003, 41.3357]]]}}, {"type": "Feature", "properties": {"fips": "31109001002", "gap_national": 7.7, "gap_stratum": 11.9, "burden": 33.5, "capacity": 30.4, "svi": 0.53, "top_decile_gap": 0.0, "stratum": "metropolitan", "scored": 1}, "geometry": {"type": "Polygon", "coordinates": [[[-96.6441, 40.8207], [-96.6353, 40.8207], [-96.6409, 40.8168], [-96.6418, 40.8135], [-96.6536, 40.8135], [-96.6537, 40.8207], [-96.6441, 40.8207]]]}}, {"type": "Feature", "properties": {"fips": "31151960601", "gap_national": 27.2, "gap_stratum": 0.2, "burden": 44.1, "capacity": 23.2, "svi": 0.69, "top_decile_gap": 0.0, "stratum": "small_town", "scored": 1}, "geometry": {"type": "Polygon", "coordinates": [[[-96.9519, 40.6329], [-96.942, 40.6425], [-96.9228, 40.6496], [-96.9137, 40.6587], [-96.9134, 40.5962], [-96.9418, 40.5962], [-96.9423, 40.6065], [-96.9518, 40.6071], [-96.9519, 40.6152], [-96.9567, 40.6152], [-96.9567, 40.6216], [-96.965, 40.6216], [-96.9651, 40.6262], [-96.9519, 40.6329]]]}}, {"type": "Feature", "properties": {"fips": "31153010637", "gap_national": -23.6, "gap_stratum": -23.6, "burden": 17.5, "capacity": 41.3, "svi": 0.1, "top_decile_gap": 0.0, "stratum": "metropolitan", "scored": 1}, "geometry": {"type": "Polygon", "coordinates": [[[-96.0133, 41.1765], [-96.014, 41.1834], [-96.003, 41.1831], [-95.9978, 41.1772], [-95.995, 41.1683], [-95.9869, 41.1617], [-96.0237, 41.1616], [-96.0237, 41.1762], [-96.0133, 41.1765]]]}}, {"type": "Feature", "properties": {"fips": "31109010203", "gap_national": -37.1, "gap_stratum": -37.3, "burden": 15.8, "capacity": 49.9, "svi": 0.24, "top_decile_gap": 0.0, "stratum": "metropolitan", "scored": 1}, "geometry": {"type": "Polygon", "coordinates": [[[-96.7584, 40.9008], [-96.7199, 40.9007], [-96.7209, 40.8712], [-96.759, 40.8807], [-96.7584, 40.9008]]]}}, {"type": "Feature", "properties": {"fips": "31055007474", "gap_national": -71.0, "gap_stratum": -65.8, "burden": 29.1, "capacity": 90.1, "svi": 0.18, "top_decile_gap": 0.0, "stratum": "metropolitan", "scored": 1}, "geometry": {"type": "Polygon", "coordinates": [[[-96.1388, 41.2777], [-96.1196, 41.2776], [-96.1196, 41.2631], [-96.1388, 41.2631], [-96.1388, 41.2777]]]}}, {"type": "Feature", "properties": {"fips": "31067965000", "gap_national": 11.7, "gap_stratum": -6.1, "burden": 72.0, "capacity": 60.6, "svi": 0.54, "top_decile_gap": 0.0, "stratum": "micropolitan", "scored": 1}, "geometry": {"type": "Polygon", "coordinates": [[[-96.7278, 40.2846], [-96.7278, 40.2716], [-96.7466, 40.2717], [-96.7468, 40.2846], [-96.7278, 40.2846]]]}}, {"type": "Feature", "properties": {"fips": "31177050101", "gap_national": -17.7, "gap_stratum": -57.1, "burden": 55.0, "capacity": 67.1, "svi": 0.22, "top_decile_gap": 0.0, "stratum": "small_town", "scored": 1}, "geometry": {"type": "Polygon", "coordinates": [[[-96.1941, 41.5691], [-96.1841, 41.5744], [-96.1788, 41.5741], [-96.1659, 41.5649], [-96.1619, 41.5659], [-96.141, 41.5491], [-96.1449, 41.5208], [-96.1552, 41.5091], [-96.1942, 41.5091], [-96.1941, 41.5691]]]}}, {"type": "Feature", "properties": {"fips": "31033955000", "gap_national": 28.9, "gap_stratum": 3.7, "burden": 63.8, "capacity": 42.1, "svi": 0.58, "top_decile_gap": 0.0, "stratum": "small_town", "scored": 1}, "geometry": {"type": "Polygon", "coordinates": [[[-102.9351, 41.1606], [-102.9351, 41.1474], [-102.9451, 41.1471], [-102.9453, 41.1318], [-102.9491, 41.1128], [-102.9736, 41.1131], [-102.9722, 41.1145], [-102.9767, 41.1209], [-102.9765, 41.1394], [-102.9801, 41.138], [-102.9807, 41.1494], [-102.9857, 41.1493], [-102.9927, 41.1623], [-102.9351, 41.1606]]]}}, {"type": "Feature", "properties": {"fips": "31031955900", "gap_national": 24.5, "gap_stratum": 10.3, "burden": 71.3, "capacity": 51.7, "svi": 0.33, "top_decile_gap": 0.0, "stratum": "rural", "scored": 1}, "geometry": {"type": "Polygon", "coordinates": [[[-102.0663, 42.7006], [-102.0594, 42.7017], [-102.0576, 42.7064], [-102.0489, 42.7134], [-102.0393, 42.7138], [-102.0364, 42.7163], [-102.0306, 42.7153], [-102.0288, 42.7236], [-102.0195, 42.7242], [-102.0123, 42.7294], [-102.0139, 42.7347], [-102.0076, 42.7355], [-102.007, 42.7319], [-102.0035, 42.7319], [-102.0032, 42.7396], [-101.9992, 42.7423], [-101.983, 42.7443], [-101.9799, 42.748], [-101.9703, 42.7515], [-101.9626, 42.7608], [-101.9537, 42.7559], [-101.9494, 42.7573], [-101.9498, 42.7618], [-101.941, 42.759], [-101.933, 42.7598], [-101.9324, 42.7552], [-101.9301, 42.7551], [-101.9239, 42.7615], [-101.9184, 42.7606], [-101.918, 42.765], [-101.9136, 42.7607], [-101.9166, 42.7563], [-101.9102, 42.7568], [-101.9117, 42.7532], [-101.9077, 42.7544], [-101.9075, 42.7597], [-101.8983, 42.7594], [-101.8939, 42.756], [-101.8931, 42.7619], [-101.8858, 42.7592], [-101.8798, 42.7535], [-101.8746, 42.7596], [-101.878, 42.7623], [-101.8754, 42.7649], [-101.8639, 42.7648], [-101.8626, 42.761], [-101.8584, 42.7635], [-101.8556, 42.7588], [-101.8514, 42.7621], [-101.845, 42.7621], [-101.8415, 42.7686], [-101.8279, 42.7664], [-101.8279, 42.7717], [-101.8198, 42.7675], [-101.8185, 42.7696], [-101.8228, 42.7731], [-101.8212, 42.7746], [-101.8159, 42.7717], [-101.8113, 42.7753], [-101.8069, 42.7722], [-101.808, 42.7751], [-101.8016, 42.778], [-101.7994, 42.7835], [-101.7946, 42.7788], [-101.789, 42.7814], [-101.789, 42.7773], [-101.793, 42.7748], [-101.7891, 42.7721], [-101.7875, 42.7767], [-101.78, 42.7788], [-101.783, 42.7817], [-101.7818, 42.7829], [-101.7761, 42.7838], [-101.7769, 42.787], [-101.7815, 42.7878], [-101.7827, 42.7904], [-101.777, 42.7923], [-101.7819, 42.7967], [-101.7655, 42.7948], [-101.7612, 42.799], [-101.7527, 42.7987], [-101.7519, 42.8037], [-101.7411, 42.7992], [-101.7425, 42.8047], [-101.7309, 42.8087], [-101.7315, 42.8109], [-101.719, 42.8122], [-101.7115, 42.8099], [-101.7117, 42.812], [-101.7086, 42.8109], [-101.7036, 42.8138], [-101.6839, 42.8122], [-101.6793, 42.8048], [-101.6703, 42.8048], [-101.6659, 42.8115], [-101.66, 42.8088], [-101.6523, 42.8105], [-101.6534, 42.8176], [-101.6458, 42.8258], [-101.6229, 42.8322], [-101.6142, 42.8379], [-101.5934, 42.8377], [-101.5822, 42.8419], [-101.5734, 42.8404], [-101.5605, 42.8498], [-101.5589, 42.8484], [-101.5509, 42.8502], [-101.5491, 42.8472], [-101.5459, 42.847], [-101.5397, 42.853], [-101.5328, 42.8535], [-101.5274, 42.8505], [-101.5164, 42.8493], [-101.5004, 42.8582], [-101.4766, 42.8604], [-101.462, 42.8562], [-101.4541, 42.8599], [-101.4279, 42.8588], [-101.422, 42.8669], [-101.408, 42.8639], [-101.3844, 42.8679], [-101.3822, 42.8704], [-101.3788, 42.8689], [-101.3701, 42.8725], [-101.3585, 42.8698], [-101.3551, 42.8736], [-101.3467, 42.8767], [-101.3436, 42.8713], [-101.3318, 42.8691], [-101.3344, 42.866], [-101.331, 42.8639], [-101.3311, 42.8596], [-101.321, 42.8493], [-101.3062, 42.847], [-101.3035, 42.8394], [-101.2967, 42.8373], [-101.295, 42.829], [-101.2923, 42.8267], [-101.2819, 42.8267], [-101.2716, 42.8181], [-101.2654, 42.8183], [-101.2295, 42.8056], [-101.2103, 42.8118], [-101.2072, 42.8092], [-101.2089, 42.8026], [-101.2018, 42.7989], [-101.1903, 42.8019], [-101.1868, 42.7984], [-101.187, 42.7931], [-101.1701, 42.7955], [-101.1625, 42.7935], [-101.1536, 42.7963], [-101.1404, 42.8074], [-101.1318, 42.803], [-101.1266, 42.8051], [-101.092, 42.8033], [-101.0794, 42.7941], [-101.0543, 42.7957], [-101.0464, 42.7899], [-101.0363, 42.7895], [-101.0308, 42.7843], [-101.0273, 42.7852], [-101.0275, 42.7916], [-101.0186, 42.7898], [-101.0123, 42.7928], [-100.9994, 42.7917], [-100.9958, 42.795], [-100.9832, 42.7948], [-100.9773, 42.7925], [-100.9687, 42.7939], [-100.9627, 42.7911], [-100.9503, 42.7919], [-100.9444, 42.7881], [-100.9149, 42.7873], [-100.9098, 42.7841], [-100.9003, 42.7847], [-100.898, 42.7819], [-100.8874, 42.7799], [-100.8832, 42.7822], [-100.8614, 42.7769], [-100.854, 42.7783], [-100.8374, 42.772], [-100.7996, 42.7813], [-100.789, 42.78], [-100.782, 42.7868], [-100.7681, 42.7867], [-100.763, 42.7893], [-100.7511, 42.7878], [-100.7421, 42.792], [-100.7353, 42.7904], [-100.7213, 42.7946], [-100.7143, 42.7992], [-100.7146, 42.8053], [-100.7114, 42.8079], [-100.6929, 42.8102], [-100.6665, 42.8075], [-100.6605, 42.8041], [-100.6439, 42.8036], [-100.6306, 42.7963], [-100.6228, 42.7961], [-100.6093, 42.8087], [-100.5991, 42.8074], [-100.5961, 42.8125], [-100.5857, 42.8182], [-100.53, 42.8297], [-100.5269, 42.8367], [-100.5274, 42.8423], [-100.5207, 42.846], [-100.5211, 42.8521], [-100.5115, 42.855], [-100.5098, 42.8544], [-100.5108, 42.8516], [-100.5083, 42.8513], [-100.5024, 42.8584], [-100.4954, 42.8619], [-100.4962, 42.8702], [-100.4919, 42.8734], [-100.4884, 42.8911], [-100.4807, 42.902], [-100.4756, 42.9039], [-100.4641, 42.9023], [-100.4612, 42.9071], [-100.4527, 42.9093], [-100.4514, 42.9055], [-100.4465, 42.9079], [-100.4268, 42.9071], [-100.4172, 42.9035], [-100.4093, 42.9098], [-100.3972, 42.9078], [-100.3879, 42.9093], [-100.3837, 42.9039], [-100.3778, 42.9022], [-100.3685, 42.9041], [-100.3541, 42.901], [-100.3346, 42.9052], [-100.3286, 42.8999], [-100.3225, 42.8999], [-100.3231, 42.8933], [-100.3211, 42.8916], [-100.3101, 42.8906], [-100.3051, 42.8937], [-100.2999, 42.8907], [-100.2837, 42.8915], [-100.2725, 42.8837], [-100.2658, 42.8834], [-100.2667, 42.8743], [-100.2594, 42.8714], [-100.2588, 42.867], [-100.2467, 42.866], [-100.2329, 42.8579], [-100.2149, 42.8544], [-100.2162, 42.8521], [-100.2125, 42.8479], [-100.1985, 42.8461], [-100.1986, 42.781], [-100.1833, 42.781], [-100.1832, 42.4335], [-100.1675, 42.4333], [-100.1676, 42.0858], [-100.8754, 42.0882], [-102.0403, 42.0967], [-102.0382, 42.4433], [-102.0667, 42.4435], [-102.0663, 42.7006]]]}}, {"type": "Feature", "properties": {"fips": "31047968400", "gap_national": 48.3, "gap_stratum": 21.9, "burden": 56.5, "capacity": 16.2, "svi": 0.9, "top_decile_gap": 0.0, "stratum": "micropolitan", "scored": 1}, "geometry": {"type": "Polygon", "coordinates": [[[-99.7871, 40.8009], [-99.749, 40.801], [-99.749, 40.7775], [-99.7109, 40.7692], [-99.712, 40.7435], [-99.6922, 40.743], [-99.6932, 40.7228], [-99.7227, 40.7374], [-99.7755, 40.7501], [-99.7874, 40.756], [-99.7871, 40.8009]]]}}, {"type": "Feature", "properties": {"fips": "31047968500", "gap_national": 60.7, "gap_stratum": 38.0, "burden": 65.3, "capacity": 13.6, "svi": 0.89, "top_decile_gap": 1.0, "stratum": "micropolitan", "scored": 1}, "geometry": {"type": "Polygon", "coordinates": [[[-99.7106, 40.8009], [-99.7109, 40.7692], [-99.749, 40.7775], [-99.749, 40.801], [-99.7106, 40.8009]]]}}, {"type": "Feature", "properties": {"fips": "31079000500", "gap_national": 6.0, "gap_stratum": 11.5, "burden": 49.4, "capacity": 46.7, "svi": 0.56, "top_decile_gap": 0.0, "stratum": "metropolitan", "scored": 1}, "geometry": {"type": "Polygon", "coordinates": [[[-98.3788, 40.9605], [-98.3845, 40.9541], [-98.3835, 40.9315], [-98.4356, 40.9314], [-98.4362, 40.9605], [-98.3788, 40.9605]]]}}, {"type": "Feature", "properties": {"fips": "31079001000", "gap_national": 63.0, "gap_stratum": 67.3, "burden": 73.9, "capacity": 22.0, "svi": 0.92, "top_decile_gap": 1.0, "stratum": "metropolitan", "scored": 1}, "geometry": {"type": "Polygon", "coordinates": [[[-98.2967, 40.9443], [-98.2825, 40.9489], [-98.2825, 40.9064], [-98.3064, 40.9161], [-98.3397, 40.9166], [-98.3443, 40.9259], [-98.2967, 40.9443]]]}}, {"type": "Feature", "properties": {"fips": "31109001101", "gap_national": -29.3, "gap_stratum": -23.5, "burden": 38.8, "capacity": 62.2, "svi": 0.18, "top_decile_gap": 0.0, "stratum": "metropolitan", "scored": 1}, "geometry": {"type": "Polygon", "coordinates": [[[-96.6249, 40.8425], [-96.6249, 40.8515], [-96.6058, 40.8516], [-96.6059, 40.8353], [-96.6304, 40.8352], [-96.6304, 40.8425], [-96.6249, 40.8425]]]}}, {"type": "Feature", "properties": {"fips": "31109002002", "gap_national": 40.2, "gap_stratum": 47.5, "burden": 46.7, "capacity": 12.2, "svi": 0.9, "top_decile_gap": 0.0, "stratum": "metropolitan", "scored": 1}, "geometry": {"type": "Polygon", "coordinates": [[[-96.7085, 40.8092], [-96.7026, 40.8092], [-96.7026, 40.7992], [-96.7086, 40.7992], [-96.7085, 40.8092]]]}}, {"type": "Feature", "properties": {"fips": "31109002400", "gap_national": -58.2, "gap_stratum": -55.4, "burden": 20.1, "capacity": 67.2, "svi": 0.04, "top_decile_gap": 0.0, "stratum": "metropolitan", "scored": 1}, "geometry": {"type": "Polygon", "coordinates": [[[-96.6921, 40.7845], [-96.6874, 40.7844], [-96.6872, 40.7917], [-96.6728, 40.7917], [-96.6728, 40.7771], [-96.6921, 40.7773], [-96.6921, 40.7845]]]}}, {"type": "Feature", "properties": {"fips": "31109000800", "gap_national": 27.6, "gap_stratum": 33.5, "burden": 37.9, "capacity": 15.2, "svi": 0.84, "top_decile_gap": 0.0, "stratum": "metropolitan", "scored": 1}, "geometry": {"type": "Polygon", "coordinates": [[[-96.6823, 40.8235], [-96.6702, 40.8231], [-96.6689, 40.8208], [-96.6695, 40.8135], [-96.6824, 40.8136], [-96.6823, 40.8235]]]}}, {"type": "Feature", "properties": {"fips": "31109001102", "gap_national": -10.5, "gap_stratum": -5.9, "burden": 39.6, "capacity": 50.3, "svi": 0.2, "top_decile_gap": 0.0, "stratum": "metropolitan", "scored": 1}, "geometry": {"type": "Polygon", "coordinates": [[[-96.6304, 40.8352], [-96.6059, 40.8353], [-96.6059, 40.828], [-96.6304, 40.8279], [-96.6304, 40.8352]]]}}, {"type": "Feature", "properties": {"fips": "31137967100", "gap_national": 21.1, "gap_stratum": -2.9, "burden": 72.2, "capacity": 54.7, "svi": 0.67, "top_decile_gap": 0.0, "stratum": "small_town", "scored": 1}, "geometry": {"type": "Polygon", "coordinates": [[[-99.3414, 40.4967], [-99.3412, 40.4822], [-99.3224, 40.4817], [-99.3229, 40.4465], [-99.3617, 40.4378], [-99.3611, 40.4454], [-99.3797, 40.4451], [-99.3801, 40.4379], [-99.3927, 40.4367], [-99.4255, 40.408], [-99.436, 40.4075], [-99.4359, 40.4222], [-99.4739, 40.4226], [-99.4743, 40.496], [-99.3414, 40.4967]]]}}, {"type": "Feature", "properties": {"fips": "31161951700", "gap_national": 17.5, "gap_stratum": 4.7, "burden": 76.8, "capacity": 60.2, "svi": 0.55, "top_decile_gap": 0.0, "stratum": "rural", "scored": 1}, "geometry": {"type": "Polygon", "coordinates": [[[-102.7921, 43.0], [-102.4405, 42.9996], [-102.4401, 42.9949], [-102.4331, 42.9917], [-102.4154, 42.9906], [-102.4115, 42.9725], [-102.4055, 42.9636], [-102.39, 42.9593], [-102.3795, 42.9592], [-102.3795, 42.9456], [-102.3772, 42.9437], [-102.3796, 42.9276], [-102.3743, 42.9234], [-102.3602, 42.922], [-102.3597, 42.9054], [-102.3705, 42.9052], [-102.3788, 42.9013], [-102.4022, 42.8998], [-102.4082, 42.8979], [-102.4107, 42.8937], [-102.4152, 42.894], [-102.4143, 42.8817], [-102.4203, 42.8785], [-102.4181, 42.8723], [-102.42, 42.8667], [-102.4269, 42.8674], [-102.4355, 42.8734], [-102.4471, 42.8738], [-102.4513, 42.8713], [-102.4521, 42.8625], [-102.449, 42.8467], [-102.4499, 42.7998], [-102.4202, 42.7998], [-102.42, 42.8143], [-102.4004, 42.8144], [-102.4005, 42.7998], [-102.2821, 42.7998], [-102.284, 42.6455], [-102.2857, 42.6332], [-102.2907, 42.6309], [-102.29, 42.628], [-102.2732, 42.6224], [-102.2538, 42.6232], [-102.244, 42.6285], [-102.2344, 42.6275], [-102.22, 42.6303], [-102.2162, 42.6324], [-102.217, 42.64], [-102.2016, 42.6405], [-102.1893, 42.6527], [-102.1734, 42.6554], [-102.1658, 42.6679], [-102.1614, 42.6689], [-102.1326, 42.671], [-102.1119, 42.665], [-102.101, 42.6646], [-102.0943, 42.6692], [-102.0857, 42.6682], [-102.0813, 42.6788], [-102.0682, 42.6899], [-102.0696, 42.6984], [-102.0663, 42.7006], [-102.0667, 42.4435], [-102.0382, 42.4433], [-102.0403, 42.0967], [-102.0064, 42.0962], [-102.0086, 42.0089], [-102.6978, 42.0048], [-102.7021, 42.0513], [-102.7024, 42.0927], [-102.7423, 42.0924], [-102.7418, 42.1452], [-102.7465, 42.25], [-102.7477, 42.3519], [-102.7515, 42.3571], [-102.7494, 42.4399], [-102.7734, 42.4399], [-102.7734, 42.7853], [-102.7927, 42.7852], [-102.7921, 43.0]]]}}, {"type": "Feature", "properties": {"fips": "31001966100", "gap_national": 59.8, "gap_stratum": 63.6, "burden": 96.2, "capacity": 42.8, "svi": 0.99, "top_decile_gap": 1.0, "stratum": "micropolitan", "scored": 1}, "geometry": {"type": "Polygon", "coordinates": [[[-98.3354, 40.586], [-98.3354, 40.5825], [-98.3265, 40.5824], [-98.3266, 40.5517], [-98.319, 40.5472], [-98.318, 40.5389], [-98.3545, 40.5389], [-98.3545, 40.5651], [-98.3602, 40.568], [-98.3738, 40.568], [-98.3702, 40.5728], [-98.3925, 40.5816], [-98.3925, 40.5836], [-98.3354, 40.586]]]}}, {"type": "Feature", "properties": {"fips": "31155968300", "gap_national": 3.3, "gap_stratum": -26.4, "burden": 54.1, "capacity": 52.3, "svi": 0.3, "top_decile_gap": 0.0, "stratum": "small_town", "scored": 1}, "geometry": {"type": "Polygon", "coordinates": [[[-96.66, 41.2199], [-96.6603, 41.2491], [-96.5637, 41.2491], [-96.5635, 41.1909], [-96.5739, 41.1914], [-96.5735, 41.1772], [-96.5756, 41.1757], [-96.6044, 41.1782], [-96.6604, 41.1768], [-96.6615, 41.2199], [-96.66, 41.2199]]]}}, {"type": "Feature", "properties": {"fips": "31053964100", "gap_national": -27.6, "gap_stratum": -58.8, "burden": 49.1, "capacity": 69.1, "svi": 0.09, "top_decile_gap": 0.0, "stratum": "micropolitan", "scored": 1}, "geometry": {"type": "Polygon", "coordinates": [[[-96.445, 41.4513], [-96.445, 41.4368], [-96.4638, 41.434], [-96.4638, 41.4368], [-96.4737, 41.4369], [-96.4731, 41.4405], [-96.4835, 41.4405], [-96.4836, 41.4515], [-96.445, 41.4513]]]}}, {"type": "Feature", "properties": {"fips": "31053964000", "gap_national": 28.7, "gap_stratum": 2.6, "burden": 49.3, "capacity": 27.9, "svi": 0.34, "top_decile_gap": 0.0, "stratum": "micropolitan", "scored": 1}, "geometry": {"type": "Polygon", "coordinates": [[[-96.4974, 41.4514], [-96.4836, 41.4515], [-96.4835, 41.4382], [-96.4982, 41.4397], [-96.4974, 41.4514]]]}}, {"type": "Feature", "properties": {"fips": "31153010617", "gap_national": -33.0, "gap_stratum": -27.7, "burden": 35.6, "capacity": 62.2, "svi": 0.14, "top_decile_gap": 0.0, "stratum": "metropolitan", "scored": 1}, "geometry": {"type": "Polygon", "coordinates": [[[-96.0237, 41.1762], [-96.0229, 41.1532], [-96.043, 41.1557], [-96.043, 41.1763], [-96.0237, 41.1762]]]}}, {"type": "Feature", "properties": {"fips": "31153010633", "gap_national": -5.3, "gap_stratum": -3.1, "burden": 24.5, "capacity": 32.7, "svi": 0.07, "top_decile_gap": 0.0, "stratum": "metropolitan", "scored": 1}, "geometry": {"type": "Polygon", "coordinates": [[[-96.1196, 41.1829], [-96.1196, 41.1906], [-96.1013, 41.1906], [-96.1389, 41.162], [-96.1389, 41.1836], [-96.1196, 41.1829]]]}}, {"type": "Feature", "properties": {"fips": "31153010625", "gap_national": -6.6, "gap_stratum": -4.3, "burden": 26.0, "capacity": 35.3, "svi": 0.11, "top_decile_gap": 0.0, "stratum": "metropolitan", "scored": 1}, "geometry": {"type": "Polygon", "coordinates": [[[-96.1388, 41.1908], [-96.1389, 41.1763], [-96.1583, 41.1762], [-96.1583, 41.1908], [-96.1388, 41.1908]]]}}, {"type": "Feature", "properties": {"fips": "31153010614", "gap_national": 4.0, "gap_stratum": 9.0, "burden": 43.6, "capacity": 43.2, "svi": 0.47, "top_decile_gap": 0.0, "stratum": "metropolitan", "scored": 1}, "geometry": {"type": "Polygon", "coordinates": [[[-96.0429, 41.1907], [-96.0238, 41.1907], [-96.0237, 41.1762], [-96.043, 41.1763], [-96.0429, 41.1907]]]}}, {"type": "Feature", "properties": {"fips": "31153010108", "gap_national": 19.5, "gap_stratum": 24.6, "burden": 63.3, "capacity": 48.6, "svi": 0.77, "top_decile_gap": 0.0, "stratum": "metropolitan", "scored": 1}, "geometry": {"type": "Polygon", "coordinates": [[[-95.9381, 41.1865], [-95.9398, 41.191], [-95.9368, 41.191], [-95.9257, 41.1744], [-95.9265, 41.1402], [-95.9331, 41.1401], [-95.9347, 41.1506], [-95.9389, 41.1481], [-95.9399, 41.1764], [-95.9381, 41.1865]]]}}, {"type": "Feature", "properties": {"fips": "31157953300", "gap_national": 25.6, "gap_stratum": 14.8, "burden": 78.3, "capacity": 56.1, "svi": 0.61, "top_decile_gap": 0.0, "stratum": "micropolitan", "scored": 1}, "geometry": {"type": "Polygon", "coordinates": [[[-103.7243, 41.8987], [-103.724, 41.9024], [-103.6562, 41.9032], [-103.6561, 41.8885], [-103.6658, 41.8885], [-103.6658, 41.8739], [-103.6707, 41.8738], [-103.6711, 41.8665], [-103.7213, 41.8659], [-103.7215, 41.8888], [-103.7269, 41.8977], [-103.7243, 41.8987]]]}}, {"type": "Feature", "properties": {"fips": "31055006301", "gap_national": 31.0, "gap_stratum": 32.2, "burden": 82.6, "capacity": 55.3, "svi": 0.83, "top_decile_gap": 0.0, "stratum": "metropolitan", "scored": 1}, "geometry": {"type": "Polygon", "coordinates": [[[-95.9978, 41.3319], [-95.9924, 41.3282], [-95.9926, 41.3248], [-95.9887, 41.3248], [-95.9888, 41.3213], [-95.9852, 41.3222], [-95.9854, 41.3122], [-95.9878, 41.3104], [-96.0046, 41.3104], [-96.0047, 41.3321], [-95.9978, 41.3319]]]}}, {"type": "Feature", "properties": {"fips": "31055007463", "gap_national": -1.7, "gap_stratum": 1.8, "burden": 33.1, "capacity": 38.1, "svi": 0.14, "top_decile_gap": 0.0, "stratum": "metropolitan", "scored": 1}, "geometry": {"type": "Polygon", "coordinates": [[[-96.1388, 41.2054], [-96.1195, 41.2051], [-96.1196, 41.1906], [-96.1388, 41.1908], [-96.1388, 41.2054]]]}}, {"type": "Feature", "properties": {"fips": "31055007434", "gap_national": 19.3, "gap_stratum": 24.8, "burden": 40.0, "capacity": 26.6, "svi": 0.53, "top_decile_gap": 0.0, "stratum": "metropolitan", "scored": 1}, "geometry": {"type": "Polygon", "coordinates": [[[-96.0814, 41.3066], [-96.0709, 41.3067], [-96.0715, 41.2977], [-96.0758, 41.2861], [-96.0814, 41.2875], [-96.0814, 41.3066]]]}}, {"type": "Feature", "properties": {"fips": "31055007456", "gap_national": 32.0, "gap_stratum": 38.1, "burden": 57.2, "capacity": 33.2, "svi": 0.57, "top_decile_gap": 0.0, "stratum": "metropolitan", "scored": 1}, "geometry": {"type": "Polygon", "coordinates": [[[-96.0952, 41.2117], [-96.0918, 41.2121], [-96.0944, 41.2053], [-96.1195, 41.2051], [-96.1197, 41.213], [-96.0952, 41.2117]]]}}, {"type": "Feature", "properties": {"fips": "31055007465", "gap_national": -15.0, "gap_stratum": -13.5, "burden": 23.9, "capacity": 40.2, "svi": 0.41, "top_decile_gap": 0.0, "stratum": "metropolitan", "scored": 1}, "geometry": {"type": "Polygon", "coordinates": [[[-96.0968, 41.1945], [-96.0942, 41.2053], [-96.0814, 41.2053], [-96.0814, 41.1908], [-96.1013, 41.1906], [-96.0968, 41.1945]]]}}, {"type": "Feature", "properties": {"fips": "31055006806", "gap_national": 12.4, "gap_stratum": 17.8, "burden": 46.7, "capacity": 39.4, "svi": 0.73, "top_decile_gap": 0.0, "stratum": "metropolitan", "scored": 1}, "geometry": {"type": "Polygon", "coordinates": [[[-96.0394, 41.2488], [-96.0239, 41.2488], [-96.0239, 41.2345], [-96.0388, 41.2343], [-96.042, 41.241], [-96.0394, 41.2488]]]}}, {"type": "Feature", "properties": {"fips": "31055004000", "gap_national": 19.6, "gap_stratum": 24.5, "burden": 33.4, "capacity": 18.1, "svi": 0.82, "top_decile_gap": 0.0, "stratum": "metropolitan", "scored": 1}, "geometry": {"type": "Polygon", "coordinates": [[[-95.9469, 41.2598], [-95.947, 41.2524], [-95.9614, 41.2524], [-95.9616, 41.2597], [-95.9469, 41.2598]]]}}, {"type": "Feature", "properties": {"fips": "31055007408", "gap_national": 21.0, "gap_stratum": 26.9, "burden": 46.4, "capacity": 31.9, "svi": 0.53, "top_decile_gap": 0.0, "stratum": "metropolitan", "scored": 1}, "geometry": {"type": "Polygon", "coordinates": [[[-96.1195, 41.2341], [-96.1007, 41.234], [-96.1007, 41.2215], [-96.1195, 41.2214], [-96.1195, 41.2341]]]}}, {"type": "Feature", "properties": {"fips": "31055007506", "gap_national": -29.1, "gap_stratum": -29.6, "burden": 15.4, "capacity": 43.9, "svi": 0.15, "top_decile_gap": 0.0, "stratum": "metropolitan", "scored": 1}, "geometry": {"type": "Polygon", "coordinates": [[[-96.262, 41.2946], [-96.2484, 41.2917], [-96.2344, 41.2919], [-96.2345, 41.2628], [-96.2641, 41.2636], [-96.2741, 41.2728], [-96.2766, 41.2795], [-96.2754, 41.2865], [-96.2832, 41.2936], [-96.262, 41.2946]]]}}, {"type": "Feature", "properties": {"fips": "31055007443", "gap_national": -56.0, "gap_stratum": -49.8, "burden": 32.1, "capacity": 76.2, "svi": 0.18, "top_decile_gap": 0.0, "stratum": "metropolitan", "scored": 1}, "geometry": {"type": "Polygon", "coordinates": [[[-96.1196, 41.2776], [-96.1005, 41.2777], [-96.1006, 41.2631], [-96.1196, 41.2631], [-96.1196, 41.2776]]]}}, {"type": "Feature", "properties": {"fips": "31055007446", "gap_national": -66.4, "gap_stratum": -64.3, "burden": 15.8, "capacity": 69.8, "svi": 0.02, "top_decile_gap": 0.0, "stratum": "metropolitan", "scored": 1}, "geometry": {"type": "Polygon", "coordinates": [[[-96.1771, 41.2629], [-96.158, 41.263], [-96.1579, 41.2485], [-96.1769, 41.2485], [-96.1771, 41.2629]]]}}, {"type": "Feature", "properties": {"fips": "31055000700", "gap_national": 50.0, "gap_stratum": 48.1, "burden": 93.2, "capacity": 48.5, "svi": 0.88, "top_decile_gap": 0.0, "stratum": "metropolitan", "scored": 1}, "geometry": {"type": "Polygon", "coordinates": [[[-95.9566, 41.2996], [-95.947, 41.2996], [-95.947, 41.2892], [-95.9566, 41.2892], [-95.9566, 41.2996]]]}}, {"type": "Feature", "properties": {"fips": "31055002200", "gap_national": 17.1, "gap_stratum": 21.8, "burden": 33.4, "capacity": 20.9, "svi": 0.37, "top_decile_gap": 0.0, "stratum": "metropolitan", "scored": 1}, "geometry": {"type": "Polygon", "coordinates": [[[-95.9164, 41.2483], [-95.9139, 41.2432], [-95.9307, 41.2429], [-95.9306, 41.2491], [-95.9164, 41.2483]]]}}, {"type": "Feature", "properties": {"fips": "31055003402", "gap_national": 9.3, "gap_stratum": 13.3, "burden": 31.6, "capacity": 26.8, "svi": 0.34, "top_decile_gap": 0.0, "stratum": "metropolitan", "scored": 1}, "geometry": {"type": "Polygon", "coordinates": [[[-95.9643, 41.2415], [-95.9643, 41.2379], [-95.9545, 41.2362], [-95.956, 41.2296], [-95.9626, 41.2269], [-95.9698, 41.2415], [-95.9643, 41.2415]]]}}, {"type": "Feature", "properties": {"fips": "31055004400", "gap_national": 3.4, "gap_stratum": 5.9, "burden": 23.5, "capacity": 23.2, "svi": 0.28, "top_decile_gap": 0.0, "stratum": "metropolitan", "scored": 1}, "geometry": {"type": "Polygon", "coordinates": [[[-95.9854, 41.2561], [-95.9854, 41.2597], [-95.9758, 41.2597], [-95.9758, 41.2488], [-95.9902, 41.2488], [-95.9903, 41.2561], [-95.9854, 41.2561]]]}}, {"type": "Feature", "properties": {"fips": "31141965600", "gap_national": 53.0, "gap_stratum": 30.4, "burden": 63.4, "capacity": 19.7, "svi": 0.71, "top_decile_gap": 1.0, "stratum": "micropolitan", "scored": 1}, "geometry": {"type": "Polygon", "coordinates": [[[-97.3491, 41.4385], [-97.3495, 41.422], [-97.3681, 41.4223], [-97.3682, 41.4387], [-97.3491, 41.4385]]]}}, {"type": "Feature", "properties": {"fips": "31107976300", "gap_national": -2.8, "gap_stratum": -33.2, "burden": 67.7, "capacity": 67.0, "svi": 0.25, "top_decile_gap": 0.0, "stratum": "rural", "scored": 1}, "geometry": {"type": "Polygon", "coordinates": [[[-97.7984, 42.5101], [-97.7988, 42.5392], [-97.8011, 42.5392], [-97.8011, 42.5459], [-97.7987, 42.5533], [-97.7991, 42.6116], [-97.6231, 42.6123], [-97.6228, 42.5978], [-97.4855, 42.5981], [-97.4853, 42.4386], [-97.877, 42.4376], [-97.877, 42.5103], [-97.7984, 42.5101]]]}}, {"type": "Feature", "properties": {"fips": "31055007318", "gap_national": -44.1, "gap_stratum": -42.8, "burden": 19.6, "capacity": 57.5, "svi": 0.01, "top_decile_gap": 0.0, "stratum": "metropolitan", "scored": 1}, "geometry": {"type": "Polygon", "coordinates": [[[-96.1969, 41.3499], [-96.197, 41.3931], [-96.1584, 41.3932], [-96.158, 41.3065], [-96.1964, 41.3065], [-96.1967, 41.3209], [-96.2063, 41.3209], [-96.2066, 41.3499], [-96.1969, 41.3499]]]}}, {"type": "Feature", "properties": {"fips": "31055007469", "gap_national": -32.5, "gap_stratum": -31.4, "burden": 21.6, "capacity": 51.2, "svi": 0.12, "top_decile_gap": 0.0, "stratum": "metropolitan", "scored": 1}, "geometry": {"type": "Polygon", "coordinates": [[[-96.1773, 41.3065], [-96.158, 41.3065], [-96.1581, 41.2921], [-96.1774, 41.2923], [-96.1773, 41.3065]]]}}, {"type": "Feature", "properties": {"fips": "31109003601", "gap_national": 32.2, "gap_stratum": 38.5, "burden": 35.6, "capacity": 5.1, "svi": null, "top_decile_gap": 0.0, "stratum": "metropolitan", "scored": 1}, "geometry": {"type": "Polygon", "coordinates": [[[-96.705, 40.7745], [-96.7015, 40.7715], [-96.7015, 40.7677], [-96.7073, 40.7684], [-96.705, 40.7745]]]}}, {"type": "Feature", "properties": {"fips": "31109003500", "gap_national": 93.0, "gap_stratum": 93.0, "burden": 94.3, "capacity": 9.3, "svi": null, "top_decile_gap": 1.0, "stratum": "metropolitan", "scored": 1}, "geometry": {"type": "Polygon", "coordinates": [[[-96.7303, 40.7875], [-96.7276, 40.7846], [-96.7303, 40.7846], [-96.7303, 40.7776], [-96.7399, 40.7776], [-96.7398, 40.7845], [-96.7303, 40.7875]]]}}, {"type": "Feature", "properties": {"fips": "31153010306", "gap_national": 4.4, "gap_stratum": 6.3, "burden": 18.0, "capacity": 15.5, "svi": 0.3, "top_decile_gap": 0.0, "stratum": "metropolitan", "scored": 1}, "geometry": {"type": "Polygon", "coordinates": [[[-95.9665, 41.1291], [-95.9613, 41.1292], [-95.9614, 41.1328], [-95.953, 41.131], [-95.9563, 41.1293], [-95.9569, 41.1182], [-95.9665, 41.1182], [-95.9665, 41.1291]]]}}, {"type": "Feature", "properties": {"fips": "31141965302", "gap_national": 6.0, "gap_stratum": -16.4, "burden": 66.9, "capacity": 60.4, "svi": 0.73, "top_decile_gap": 0.0, "stratum": "micropolitan", "scored": 1}, "geometry": {"type": "Polygon", "coordinates": [[[-97.3587, 41.4531], [-97.3586, 41.4386], [-97.3875, 41.4387], [-97.3875, 41.4533], [-97.3587, 41.4531]]]}}, {"type": "Feature", "properties": {"fips": "31055006606", "gap_national": 4.7, "gap_stratum": 8.6, "burden": 33.1, "capacity": 32.6, "svi": 0.36, "top_decile_gap": 0.0, "stratum": "metropolitan", "scored": 1}, "geometry": {"type": "Polygon", "coordinates": [[[-96.0478, 41.2851], [-96.0441, 41.2724], [-96.0363, 41.2633], [-96.0525, 41.2633], [-96.0526, 41.2851], [-96.0478, 41.2851]]]}}, {"type": "Feature", "properties": {"fips": "31055007523", "gap_national": -54.2, "gap_stratum": -53.9, "burden": 13.7, "capacity": 59.9, "svi": 0.02, "top_decile_gap": 0.0, "stratum": "metropolitan", "scored": 1}, "geometry": {"type": "Polygon", "coordinates": [[[-96.2345, 41.2628], [-96.2156, 41.2629], [-96.2155, 41.2484], [-96.2344, 41.2483], [-96.2345, 41.2628]]]}}, {"type": "Feature", "properties": {"fips": "31043010101", "gap_national": 47.1, "gap_stratum": 54.3, "burden": 56.3, "capacity": 17.1, "svi": 0.92, "top_decile_gap": 0.0, "stratum": "metropolitan", "scored": 1}, "geometry": {"type": "Polygon", "coordinates": [[[-96.4216, 42.477], [-96.4236, 42.4773], [-96.4229, 42.4819], [-96.4041, 42.479], [-96.4042, 42.4727], [-96.4171, 42.4737], [-96.4188, 42.4708], [-96.4156, 42.4692], [-96.4171, 42.4626], [-96.4267, 42.4625], [-96.4267, 42.4699], [-96.4216, 42.477]]]}}, {"type": "Feature", "properties": {"fips": "31109001900", "gap_national": 9.6, "gap_stratum": 12.1, "burden": 20.1, "capacity": 12.2, "svi": 0.44, "top_decile_gap": 0.0, "stratum": "metropolitan", "scored": 1}, "geometry": {"type": "Polygon", "coordinates": [[[-96.7085, 40.817], [-96.6967, 40.8169], [-96.6968, 40.8092], [-96.7085, 40.8092], [-96.7085, 40.817]]]}}, {"type": "Feature", "properties": {"fips": "31109003003", "gap_national": 39.7, "gap_stratum": 46.2, "burden": 57.5, "capacity": 26.5, "svi": 0.83, "top_decile_gap": 0.0, "stratum": "metropolitan", "scored": 1}, "geometry": {"type": "Polygon", "coordinates": [[[-96.7011, 40.8573], [-96.682, 40.857], [-96.6822, 40.8361], [-96.699, 40.8273], [-96.7013, 40.8361], [-96.7011, 40.8573]]]}}, {"type": "Feature", "properties": {"fips": "31109003715", "gap_national": -56.4, "gap_stratum": -49.0, "burden": 39.8, "capacity": 86.7, "svi": 0.1, "top_decile_gap": 0.0, "stratum": "metropolitan", "scored": 1}, "geometry": {"type": "Polygon", "coordinates": [[[-96.6634, 40.7408], [-96.6443, 40.7408], [-96.6444, 40.7263], [-96.6634, 40.7263], [-96.6634, 40.7408]]]}}, {"type": "Feature", "properties": {"fips": "31137967000", "gap_national": 27.3, "gap_stratum": 2.8, "burden": 67.5, "capacity": 46.7, "svi": 0.41, "top_decile_gap": 0.0, "stratum": "small_town", "scored": 1}, "geometry": {"type": "Polygon", "coordinates": [[[-99.3927, 40.4367], [-99.3801, 40.4379], [-99.3797, 40.4451], [-99.3611, 40.4454], [-99.3617, 40.4378], [-99.3229, 40.4465], [-99.3228, 40.4083], [-99.4255, 40.408], [-99.3927, 40.4367]]]}}, {"type": "Feature", "properties": {"fips": "31103975400", "gap_national": 7.1, "gap_stratum": -13.7, "burden": 76.2, "capacity": 66.8, "svi": 0.16, "top_decile_gap": 0.0, "stratum": "rural", "scored": 1}, "geometry": {"type": "Polygon", "coordinates": [[[-100.1984, 42.9985], [-99.2545, 42.9981], [-99.254, 42.9049], [-99.2568, 42.9049], [-99.2576, 42.902], [-99.257, 42.8043], [-99.2749, 42.7948], [-99.3002, 42.7962], [-99.3396, 42.7797], [-99.378, 42.7822], [-99.3959, 42.7723], [-99.4152, 42.7721], [-99.431, 42.7617], [-99.4371, 42.7536], [-99.4625, 42.7516], [-99.468, 42.7409], [-99.4762, 42.7354], [-99.4866, 42.7312], [-99.5031, 42.7304], [-99.5375, 42.7176], [-99.5707, 42.7243], [-99.6018, 42.7213], [-99.6205, 42.7231], [-99.638, 42.7303], [-99.6599, 42.7351], [-99.686, 42.7282], [-99.6929, 42.7305], [-99.7086, 42.7271], [-99.7525, 42.7376], [-99.7783, 42.7352], [-99.79, 42.7393], [-99.7955, 42.7384], [-99.8193, 42.7433], [-99.8373, 42.7541], [-99.8515, 42.7512], [-99.855, 42.7529], [-99.8622, 42.769], [-99.898, 42.7655], [-99.9117, 42.7684], [-99.9258, 42.7678], [-99.9473, 42.773], [-99.9689, 42.7725], [-99.9941, 42.7847], [-100.0078, 42.7886], [-100.0212, 42.7855], [-100.0315, 42.7877], [-100.0426, 42.785], [-100.0559, 42.7854], [-100.0686, 42.7904], [-100.1133, 42.7997], [-100.1174, 42.8054], [-100.1353, 42.8086], [-100.139, 42.8145], [-100.1344, 42.8212], [-100.144, 42.8241], [-100.1447, 42.8293], [-100.1493, 42.8321], [-100.1608, 42.8275], [-100.1632, 42.8288], [-100.1633, 42.8334], [-100.1878, 42.8376], [-100.1985, 42.8461], [-100.1984, 42.9985]]]}}, {"type": "Feature", "properties": {"fips": "31111960400", "gap_national": 39.1, "gap_stratum": 32.9, "burden": 81.5, "capacity": 49.0, "svi": 0.55, "top_decile_gap": 0.0, "stratum": "micropolitan", "scored": 1}, "geometry": {"type": "Polygon", "coordinates": [[[-100.8303, 41.1488], [-100.7817, 41.1425], [-100.7837, 41.1335], [-100.782, 41.1335], [-100.782, 41.1263], [-100.8038, 41.1264], [-100.8038, 41.1336], [-100.8303, 41.1337], [-100.8303, 41.1488]]]}}, {"type": "Feature", "properties": {"fips": "31003979800", "gap_national": 11.2, "gap_stratum": -8.1, "burden": 71.1, "capacity": 60.4, "svi": 0.25, "top_decile_gap": 0.0, "stratum": "rural", "scored": 1}, "geometry": {"type": "Polygon", "coordinates": [[[-98.3005, 42.2348], [-98.2938, 42.2325], [-98.2888, 42.2268], [-98.2812, 42.2268], [-98.2808, 42.2239], [-98.2662, 42.2118], [-98.263, 42.2107], [-98.259, 42.2136], [-98.2547, 42.2134], [-98.213, 42.1884], [-98.1993, 42.186], [-98.1844, 42.1792], [-98.1747, 42.1793], [-98.1738, 42.1768], [-98.1641, 42.1792], [-98.1616, 42.1768], [-98.1626, 42.1749], [-98.1557, 42.1696], [-98.1549, 42.1648], [-98.1471, 42.1634], [-98.1474, 42.1604], [-98.1343, 42.1627], [-98.1341, 42.1659], [-98.1198, 42.1565], [-98.1161, 42.1572], [-98.1135, 42.1612], [-98.1122, 42.1568], [-98.104, 42.154], [-98.102, 42.1542], [-98.1032, 42.1568], [-98.0998, 42.1573], [-98.1003, 42.1503], [-98.0983, 42.1481], [-98.0934, 42.1475], [-98.0942, 42.1506], [-98.0916, 42.153], [-98.0845, 42.1499], [-98.0816, 42.1522], [-98.0784, 42.1515], [-98.075, 42.1466], [-98.0678, 42.1462], [-98.0703, 42.1406], [-98.0527, 42.1363], [-98.053, 42.1304], [-98.0497, 42.1242], [-98.0445, 42.1222], [-98.0467, 42.115], [-98.0468, 42.0923], [-98.0381, 42.0982], [-98.0315, 42.123], [-98.0275, 42.1219], [-98.0249, 42.1178], [-98.0277, 42.1134], [-98.0198, 42.1131], [-98.0204, 42.1078], [-98.0066, 42.0935], [-97.9987, 42.0946], [-98.0011, 42.0908], [-97.9949, 42.0887], [-97.9825, 42.0913], [-97.9773, 42.0877], [-97.9661, 42.0851], [-97.9613, 42.0872], [-97.9532, 42.0844], [-97.9484, 42.0861], [-97.9472, 42.0847], [-97.9501, 42.083], [-97.9487, 42.0795], [-97.9513, 42.0752], [-97.94, 42.0753], [-97.9333, 42.0689], [-97.9235, 42.0711], [-97.9187, 42.0771], [-97.9144, 42.0744], [-97.915, 42.0781], [-97.913, 42.0798], [-97.9003, 42.0771], [-97.8947, 42.079], [-97.8878, 42.0727], [-97.8842, 42.0752], [-97.875, 42.0751], [-97.866, 42.0689], [-97.8343, 42.0675], [-97.8333, 41.9163], [-98.2956, 41.915], [-98.2954, 42.0889], [-98.3006, 42.0889], [-98.3005, 42.2348]]]}}, {"type": "Feature", "properties": {"fips": "31157953500", "gap_national": 32.2, "gap_stratum": 5.9, "burden": 51.8, "capacity": 27.3, "svi": 0.66, "top_decile_gap": 0.0, "stratum": "micropolitan", "scored": 1}, "geometry": {"type": "Polygon", "coordinates": [[[-103.6707, 41.8738], [-103.6561, 41.8739], [-103.6559, 41.8593], [-103.6627, 41.8593], [-103.6711, 41.8665], [-103.6707, 41.8738]]]}}, {"type": "Feature", "properties": {"fips": "31153010502", "gap_national": 32.2, "gap_stratum": 37.9, "burden": 60.2, "capacity": 36.1, "svi": 0.48, "top_decile_gap": 0.0, "stratum": "metropolitan", "scored": 1}, "geometry": {"type": "Polygon", "coordinates": [[[-95.9862, 41.1643], [-95.9866, 41.1908], [-95.9674, 41.1908], [-95.9669, 41.1489], [-95.9869, 41.1617], [-95.9841, 41.1617], [-95.9862, 41.1643]]]}}, {"type": "Feature", "properties": {"fips": "31055007436", "gap_national": 25.1, "gap_stratum": 31.3, "burden": 48.1, "capacity": 29.9, "svi": 0.53, "top_decile_gap": 0.0, "stratum": "metropolitan", "scored": 1}, "geometry": {"type": "Polygon", "coordinates": [[[-96.0719, 41.2963], [-96.0644, 41.2967], [-96.065, 41.2992], [-96.0526, 41.2955], [-96.0526, 41.2851], [-96.0758, 41.2861], [-96.0719, 41.2963]]]}}, {"type": "Feature", "properties": {"fips": "31055007101", "gap_national": 52.8, "gap_stratum": 58.3, "burden": 67.4, "capacity": 24.9, "svi": 0.8, "top_decile_gap": 0.0, "stratum": "metropolitan", "scored": 1}, "geometry": {"type": "Polygon", "coordinates": [[[-96.0047, 41.2125], [-95.9764, 41.2126], [-95.9779, 41.2056], [-96.0047, 41.2052], [-96.0238, 41.2053], [-96.0239, 41.2125], [-96.0047, 41.2125]]]}}, {"type": "Feature", "properties": {"fips": "31055002700", "gap_national": 57.2, "gap_stratum": 64.8, "burden": 59.4, "capacity": 9.3, "svi": 0.92, "top_decile_gap": 1.0, "stratum": "metropolitan", "scored": 1}, "geometry": {"type": "Polygon", "coordinates": [[[-95.929, 41.213], [-95.9247, 41.2115], [-95.9275, 41.2022], [-95.936, 41.2021], [-95.9361, 41.2037], [-95.9471, 41.2056], [-95.9471, 41.2122], [-95.929, 41.213]]]}}, {"type": "Feature", "properties": {"fips": "31055004900", "gap_national": 45.3, "gap_stratum": 52.4, "burden": 56.0, "capacity": 18.8, "svi": 0.9, "top_decile_gap": 0.0, "stratum": "metropolitan", "scored": 1}, "geometry": {"type": "Polygon", "coordinates": [[[-95.9854, 41.2732], [-95.9661, 41.2731], [-95.9665, 41.2679], [-95.9751, 41.2679], [-95.9746, 41.2597], [-95.9854, 41.2597], [-95.9854, 41.2732]]]}}, {"type": "Feature", "properties": {"fips": "31099966700", "gap_national": 1.9, "gap_stratum": -18.3, "burden": 49.6, "capacity": 49.7, "svi": 0.56, "top_decile_gap": 0.0, "stratum": "rural", "scored": 1}, "geometry": {"type": "Polygon", "coordinates": [[[-98.9138, 40.5247], [-98.9135, 40.4665], [-98.9898, 40.4667], [-98.9898, 40.5248], [-98.9138, 40.5247]]]}}, {"type": "Feature", "properties": {"fips": "31109003609", "gap_national": -59.5, "gap_stratum": -52.7, "burden": 36.2, "capacity": 85.0, "svi": 0.15, "top_decile_gap": 0.0, "stratum": "metropolitan", "scored": 1}, "geometry": {"type": "Polygon", "coordinates": [[[-96.6826, 40.7555], [-96.6825, 40.7396], [-96.7015, 40.7385], [-96.7017, 40.7557], [-96.6826, 40.7555]]]}}, {"type": "Feature", "properties": {"fips": "31055006605", "gap_national": -30.8, "gap_stratum": -26.8, "burden": 32.4, "capacity": 58.3, "svi": 0.56, "top_decile_gap": 0.0, "stratum": "metropolitan", "scored": 1}, "geometry": {"type": "Polygon", "coordinates": [[[-96.0526, 41.2778], [-96.0525, 41.2633], [-96.0621, 41.2634], [-96.0621, 41.2768], [-96.0526, 41.2778]]]}}, {"type": "Feature", "properties": {"fips": "31001966000", "gap_national": 39.0, "gap_stratum": 20.9, "burden": 67.5, "capacity": 37.6, "svi": 0.81, "top_decile_gap": 0.0, "stratum": "micropolitan", "scored": 1}, "geometry": {"type": "Polygon", "coordinates": [[[-98.4587, 40.5848], [-98.4381, 40.582], [-98.3925, 40.5836], [-98.3925, 40.5816], [-98.3702, 40.5728], [-98.3738, 40.568], [-98.3602, 40.568], [-98.3545, 40.5651], [-98.3545, 40.5389], [-98.459, 40.539], [-98.4587, 40.5848]]]}}, {"type": "Feature", "properties": {"fips": "31055006102", "gap_national": 70.1, "gap_stratum": 68.6, "burden": 93.9, "capacity": 33.2, "svi": 0.91, "top_decile_gap": 1.0, "stratum": "metropolitan", "scored": 1}, "geometry": {"type": "Polygon", "coordinates": [[[-95.9757, 41.326], [-95.9665, 41.3275], [-95.9661, 41.3121], [-95.9566, 41.3121], [-95.9565, 41.3029], [-95.9688, 41.3072], [-95.9758, 41.3067], [-95.9757, 41.326]]]}}, {"type": "Feature", "properties": {"fips": "31055006704", "gap_national": -59.3, "gap_stratum": -52.1, "burden": 39.7, "capacity": 91.2, "svi": 0.15, "top_decile_gap": 0.0, "stratum": "metropolitan", "scored": 1}, "geometry": {"type": "Polygon", "coordinates": [[[-96.0766, 41.2563], [-96.0762, 41.2634], [-96.0621, 41.2634], [-96.0622, 41.2488], [-96.0851, 41.2487], [-96.0766, 41.2563]]]}}, {"type": "Feature", "properties": {"fips": "31055002600", "gap_national": 65.1, "gap_stratum": 72.0, "burden": 66.3, "capacity": 9.5, "svi": 0.72, "top_decile_gap": 1.0, "stratum": "metropolitan", "scored": 1}, "geometry": {"type": "Polygon", "coordinates": [[[-95.947, 41.2197], [-95.9384, 41.2202], [-95.9333, 41.213], [-95.9471, 41.2122], [-95.947, 41.2197]]]}}, {"type": "Feature", "properties": {"fips": "31055004200", "gap_national": 16.5, "gap_stratum": 20.3, "burden": 25.5, "capacity": 11.1, "svi": 0.58, "top_decile_gap": 0.0, "stratum": "metropolitan", "scored": 1}, "geometry": {"type": "Polygon", "coordinates": [[[-95.9616, 41.2597], [-95.9625, 41.2479], [-95.9662, 41.2488], [-95.9664, 41.2597], [-95.9616, 41.2597]]]}}, {"type": "Feature", "properties": {"fips": "31041972000", "gap_national": -0.9, "gap_stratum": -30.3, "burden": 67.2, "capacity": 65.4, "svi": 0.25, "top_decile_gap": 0.0, "stratum": "rural", "scored": 1}, "geometry": {"type": "Polygon", "coordinates": [[[-99.6971, 41.2139], [-99.6879, 41.2197], [-99.6853, 41.228], [-99.6755, 41.2378], [-99.6734, 41.2514], [-99.6738, 41.2897], [-99.6657, 41.3089], [-99.6673, 41.3167], [-99.6726, 41.3234], [-99.6737, 41.3346], [-99.6662, 41.3507], [-99.6513, 41.3574], [-99.6393, 41.3703], [-99.6381, 41.3787], [-99.6223, 41.3788], [-99.6146, 41.3716], [-99.5958, 41.3716], [-99.5974, 41.4019], [-99.4979, 41.402], [-99.4714, 41.409], [-99.4243, 41.4095], [-99.4245, 41.3962], [-99.4142, 41.3916], [-99.4149, 41.3794], [-99.4243, 41.379], [-99.4245, 41.371], [-99.4381, 41.3651], [-99.4402, 41.3377], [-99.4337, 41.3302], [-99.4337, 41.3188], [-99.4054, 41.3068], [-99.386, 41.3085], [-99.3774, 41.295], [-99.3752, 41.2849], [-99.3667, 41.2849], [-99.3668, 41.2776], [-99.204, 41.2785], [-99.2076, 41.047], [-99.4091, 41.0465], [-99.4055, 41.0524], [-99.4238, 41.0514], [-99.4259, 41.0538], [-99.4211, 41.0623], [-99.4306, 41.0612], [-99.4342, 41.0644], [-99.4343, 41.0716], [-99.4391, 41.07], [-99.4447, 41.0717], [-99.4558, 41.0789], [-99.4581, 41.0789], [-99.458, 41.0756], [-99.4612, 41.074], [-99.4645, 41.0813], [-99.4717, 41.0795], [-99.4858, 41.0839], [-99.4874, 41.0893], [-99.4959, 41.09], [-99.4946, 41.0957], [-99.5053, 41.0928], [-99.5155, 41.0992], [-99.5185, 41.1041], [-99.5255, 41.106], [-99.5237, 41.109], [-99.5292, 41.1138], [-99.533, 41.1128], [-99.5317, 41.111], [-99.536, 41.1108], [-99.5383, 41.1167], [-99.5411, 41.1173], [-99.5408, 41.1204], [-99.5447, 41.122], [-99.5504, 41.1196], [-99.55, 41.1241], [-99.5552, 41.1243], [-99.5621, 41.1323], [-99.569, 41.1316], [-99.5712, 41.1375], [-99.5833, 41.1377], [-99.5845, 41.1347], [-99.5913, 41.1401], [-99.5958, 41.1398], [-99.6004, 41.1521], [-99.6116, 41.1577], [-99.6093, 41.1619], [-99.6119, 41.1635], [-99.6112, 41.1688], [-99.629, 41.169], [-99.6315, 41.1774], [-99.6402, 41.1806], [-99.6376, 41.1815], [-99.6375, 41.185], [-99.66, 41.1881], [-99.6638, 41.1833], [-99.6654, 41.1861], [-99.6684, 41.1806], [-99.6721, 41.1846], [-99.6719, 41.1897], [-99.6762, 41.1848], [-99.6879, 41.1921], [-99.694, 41.1899], [-99.6944, 41.186], [-99.6983, 41.1856], [-99.7087, 41.1926], [-99.6971, 41.2139]]]}}, {"type": "Feature", "properties": {"fips": "31075956300", "gap_national": -0.4, "gap_stratum": -25.2, "burden": 58.6, "capacity": 58.3, "svi": 0.4, "top_decile_gap": 0.0, "stratum": "rural", "scored": 1}, "geometry": {"type": "Polygon", "coordinates": [[[-102.0666, 42.0092], [-102.0086, 42.0089], [-102.0064, 42.0962], [-101.4266, 42.0922], [-101.4259, 41.7431], [-102.0678, 41.7421], [-102.0666, 42.0092]]]}}, {"type": "Feature", "properties": {"fips": "31015975800", "gap_national": 4.5, "gap_stratum": -13.1, "burden": 81.9, "capacity": 73.1, "svi": 0.32, "top_decile_gap": 0.0, "stratum": "rural", "scored": 1}, "geometry": {"type": "Polygon", "coordinates": [[[-99.2568, 42.9049], [-99.254, 42.9049], [-99.2545, 42.9981], [-98.4985, 42.9986], [-98.4905, 42.9779], [-98.4674, 42.9476], [-98.4483, 42.9364], [-98.4441, 42.9292], [-98.4373, 42.9284], [-98.4309, 42.9315], [-98.4207, 42.9319], [-98.3462, 42.9027], [-98.338, 42.8978], [-98.3297, 42.8884], [-98.3098, 42.8826], [-98.3102, 42.7846], [-98.3051, 42.7846], [-98.3051, 42.7612], [-98.3406, 42.7707], [-98.3672, 42.7677], [-98.3806, 42.7722], [-98.416, 42.7757], [-98.4287, 42.7747], [-98.434, 42.7695], [-98.4458, 42.77], [-98.4657, 42.7662], [-98.4899, 42.7726], [-98.5113, 42.7748], [-98.5187, 42.7731], [-98.5241, 42.7759], [-98.5312, 42.7746], [-98.5485, 42.7816], [-98.5674, 42.7789], [-98.5838, 42.7797], [-98.6171, 42.7944], [-98.6289, 42.7965], [-98.6391, 42.8036], [-98.6568, 42.809], [-98.6746, 42.8027], [-98.7084, 42.8033], [-98.7229, 42.8079], [-98.7632, 42.8279], [-98.7926, 42.8243], [-98.8113, 42.8277], [-98.843, 42.8465], [-98.8539, 42.8432], [-98.8778, 42.8412], [-98.8884, 42.8435], [-98.9005, 42.8546], [-98.9135, 42.8615], [-98.9274, 42.875], [-98.9409, 42.8807], [-98.9418, 42.884], [-98.9472, 42.8858], [-98.9546, 42.8941], [-98.967, 42.8967], [-98.9942, 42.8944], [-99.0028, 42.8881], [-99.0168, 42.8863], [-99.0536, 42.8663], [-99.0568, 42.8626], [-99.0963, 42.8563], [-99.128, 42.8443], [-99.1538, 42.8419], [-99.1788, 42.8295], [-99.2077, 42.8231], [-99.2257, 42.8143], [-99.2492, 42.809], [-99.257, 42.8043], [-99.2568, 42.9049]]]}}, {"type": "Feature", "properties": {"fips": "31109010204", "gap_national": -0.9, "gap_stratum": 0.3, "burden": 16.7, "capacity": 19.8, "svi": 0.29, "top_decile_gap": 0.0, "stratum": "metropolitan", "scored": 1}, "geometry": {"type": "Polygon", "coordinates": [[[-96.7199, 40.9007], [-96.7009, 40.9007], [-96.701, 40.8934], [-96.6825, 40.8933], [-96.6821, 40.8864], [-96.7011, 40.8707], [-96.7161, 40.8622], [-96.7207, 40.8713], [-96.7199, 40.9007]]]}}, {"type": "Feature", "properties": {"fips": "31055005100", "gap_national": 35.1, "gap_stratum": 42.0, "burden": 49.7, "capacity": 21.7, "svi": 0.81, "top_decile_gap": 0.0, "stratum": "metropolitan", "scored": 1}, "geometry": {"type": "Polygon", "coordinates": [[[-95.9661, 41.2728], [-95.9566, 41.2729], [-95.9566, 41.2598], [-95.9616, 41.2597], [-95.9615, 41.268], [-95.9665, 41.2679], [-95.9661, 41.2728]]]}}, {"type": "Feature", "properties": {"fips": "31055007310", "gap_national": 12.7, "gap_stratum": 17.6, "burden": 36.9, "capacity": 29.4, "svi": 0.28, "top_decile_gap": 0.0, "stratum": "metropolitan", "scored": 1}, "geometry": {"type": "Polygon", "coordinates": [[[-96.1005, 41.3188], [-96.0813, 41.3175], [-96.0814, 41.3066], [-96.1007, 41.3066], [-96.1005, 41.3188]]]}}, {"type": "Feature", "properties": {"fips": "31055007316", "gap_national": -46.4, "gap_stratum": -46.8, "burden": 13.2, "capacity": 54.5, "svi": 0.01, "top_decile_gap": 0.0, "stratum": "metropolitan", "scored": 1}, "geometry": {"type": "Polygon", "coordinates": [[[-96.1389, 41.3211], [-96.1389, 41.3066], [-96.158, 41.3065], [-96.1583, 41.3211], [-96.1389, 41.3211]]]}}, {"type": "Feature", "properties": {"fips": "31109000500", "gap_national": 20.4, "gap_stratum": 24.8, "burden": 27.4, "capacity": 8.9, "svi": 0.78, "top_decile_gap": 0.0, "stratum": "metropolitan", "scored": 1}, "geometry": {"type": "Polygon", "coordinates": [[[-96.7166, 40.8259], [-96.7013, 40.8341], [-96.699, 40.8273], [-96.7085, 40.8215], [-96.7085, 40.8137], [-96.7231, 40.8137], [-96.7166, 40.8259]]]}}, {"type": "Feature", "properties": {"fips": "31153010636", "gap_national": -50.7, "gap_stratum": -47.9, "burden": 22.3, "capacity": 63.8, "svi": 0.03, "top_decile_gap": 0.0, "stratum": "metropolitan", "scored": 1}, "geometry": {"type": "Polygon", "coordinates": [[[-96.1774, 41.1761], [-96.1776, 41.1324], [-96.1961, 41.1257], [-96.1967, 41.1761], [-96.1774, 41.1761]]]}}, {"type": "Feature", "properties": {"fips": "31079000300", "gap_national": 37.5, "gap_stratum": 44.6, "burden": 45.9, "capacity": 14.3, "svi": 0.85, "top_decile_gap": 0.0, "stratum": "metropolitan", "scored": 1}, "geometry": {"type": "Polygon", "coordinates": [[[-98.3589, 40.9458], [-98.3526, 40.9458], [-98.3399, 40.9277], [-98.3581, 40.9195], [-98.3589, 40.9458]]]}}, {"type": "Feature", "properties": {"fips": "31109003202", "gap_national": 46.4, "gap_stratum": 53.1, "burden": 60.0, "capacity": 22.4, "svi": 0.23, "top_decile_gap": 0.0, "stratum": "metropolitan", "scored": 1}, "geometry": {"type": "Polygon", "coordinates": [[[-96.8152, 40.8573], [-96.796, 40.8573], [-96.7959, 40.8718], [-96.787, 40.8718], [-96.7873, 40.8428], [-96.8153, 40.8428], [-96.8152, 40.8573]]]}}, {"type": "Feature", "properties": {"fips": "31109000700", "gap_national": 10.3, "gap_stratum": 13.7, "burden": 26.2, "capacity": 19.2, "svi": 0.72, "top_decile_gap": 0.0, "stratum": "metropolitan", "scored": 1}, "geometry": {"type": "Polygon", "coordinates": [[[-96.6823, 40.8235], [-96.6824, 40.8158], [-96.6938, 40.8158], [-96.6926, 40.8208], [-96.6953, 40.8245], [-96.6823, 40.8235]]]}}, {"type": "Feature", "properties": {"fips": "31153010624", "gap_national": -35.4, "gap_stratum": -35.4, "burden": 16.9, "capacity": 49.6, "svi": 0.09, "top_decile_gap": 0.0, "stratum": "metropolitan", "scored": 1}, "geometry": {"type": "Polygon", "coordinates": [[[-96.0905, 41.1473], [-96.0679, 41.1468], [-96.0567, 41.1407], [-96.043, 41.1399], [-96.0428, 41.1252], [-96.0908, 41.1253], [-96.0905, 41.1473]]]}}, {"type": "Feature", "properties": {"fips": "31055007470", "gap_national": -20.9, "gap_stratum": -21.0, "burden": 15.6, "capacity": 37.6, "svi": 0.13, "top_decile_gap": 0.0, "stratum": "metropolitan", "scored": 1}, "geometry": {"type": "Polygon", "coordinates": [[[-96.158, 41.3065], [-96.1389, 41.3066], [-96.1389, 41.2922], [-96.1581, 41.2921], [-96.158, 41.3065]]]}}, {"type": "Feature", "properties": {"fips": "31055007473", "gap_national": 47.1, "gap_stratum": 55.0, "burden": 48.8, "capacity": 5.8, "svi": 0.31, "top_decile_gap": 0.0, "stratum": "metropolitan", "scored": 1}, "geometry": {"type": "Polygon", "coordinates": [[[-96.1196, 41.2631], [-96.1196, 41.2486], [-96.1482, 41.2486], [-96.1485, 41.2631], [-96.1196, 41.2631]]]}}, {"type": "Feature", "properties": {"fips": "31109003607", "gap_national": -27.9, "gap_stratum": -28.5, "burden": 14.4, "capacity": 42.2, "svi": 0.14, "top_decile_gap": 0.0, "stratum": "metropolitan", "scored": 1}, "geometry": {"type": "Polygon", "coordinates": [[[-96.6825, 40.7396], [-96.6825, 40.7264], [-96.7015, 40.7281], [-96.7015, 40.7385], [-96.6825, 40.7396]]]}}, {"type": "Feature", "properties": {"fips": "31013951200", "gap_national": 15.9, "gap_stratum": -11.7, "burden": 65.4, "capacity": 52.7, "svi": 0.49, "top_decile_gap": 0.0, "stratum": "small_town", "scored": 1}, "geometry": {"type": "Polygon", "coordinates": [[[-102.7796, 42.1508], [-102.7803, 42.1666], [-102.7672, 42.1665], [-102.7645, 42.1619], [-102.7518, 42.1554], [-102.7418, 42.1452], [-102.7423, 42.0924], [-102.8457, 42.0909], [-102.8585, 42.0974], [-102.8583, 42.1048], [-102.8982, 42.104], [-102.8994, 42.1169], [-102.9245, 42.1479], [-102.7796, 42.1508]]]}}, {"type": "Feature", "properties": {"fips": "31079000800", "gap_national": 16.9, "gap_stratum": 22.5, "burden": 57.0, "capacity": 45.1, "svi": 0.4, "top_decile_gap": 0.0, "stratum": "metropolitan", "scored": 1}, "geometry": {"type": "Polygon", "coordinates": [[[-98.3581, 40.9195], [-98.3526, 40.9117], [-98.3539, 40.9022], [-98.3815, 40.9025], [-98.3833, 40.9082], [-98.3581, 40.9195]]]}}, {"type": "Feature", "properties": {"fips": "31109001800", "gap_national": 32.5, "gap_stratum": 39.0, "burden": 39.4, "capacity": 11.3, "svi": 0.73, "top_decile_gap": 0.0, "stratum": "metropolitan", "scored": 1}, "geometry": {"type": "Polygon", "coordinates": [[[-96.6967, 40.8158], [-96.6824, 40.8158], [-96.6824, 40.8062], [-96.6968, 40.8092], [-96.6967, 40.8158]]]}}, {"type": "Feature", "properties": {"fips": "31153010619", "gap_national": -5.9, "gap_stratum": -1.8, "burden": 37.4, "capacity": 45.3, "svi": 0.25, "top_decile_gap": 0.0, "stratum": "metropolitan", "scored": 1}, "geometry": {"type": "Polygon", "coordinates": [[[-96.043, 41.1557], [-96.0229, 41.1532], [-96.0237, 41.1373], [-96.043, 41.1399], [-96.043, 41.1557]]]}}, {"type": "Feature", "properties": {"fips": "31055000600", "gap_national": 76.8, "gap_stratum": 75.2, "burden": 96.8, "capacity": 28.9, "svi": 0.94, "top_decile_gap": 1.0, "stratum": "metropolitan", "scored": 1}, "geometry": {"type": "Polygon", "coordinates": [[[-95.9469, 41.3067], [-95.9469, 41.305], [-95.9437, 41.3071], [-95.9421, 41.2996], [-95.9566, 41.2996], [-95.9566, 41.3067], [-95.9469, 41.3067]]]}}, {"type": "Feature", "properties": {"fips": "31055006303", "gap_national": 78.7, "gap_stratum": 80.4, "burden": 85.0, "capacity": 17.3, "svi": 0.96, "top_decile_gap": 1.0, "stratum": "metropolitan", "scored": 1}, "geometry": {"type": "Polygon", "coordinates": [[[-95.995, 41.2996], [-95.9951, 41.2959], [-95.9999, 41.2959], [-95.9999, 41.2923], [-96.0095, 41.2923], [-96.0095, 41.2959], [-96.0143, 41.2959], [-96.0143, 41.2995], [-95.995, 41.2996]]]}}, {"type": "Feature", "properties": {"fips": "31055007441", "gap_national": -65.5, "gap_stratum": -63.3, "burden": 16.3, "capacity": 69.5, "svi": 0.02, "top_decile_gap": 0.0, "stratum": "metropolitan", "scored": 1}, "geometry": {"type": "Polygon", "coordinates": [[[-96.1772, 41.2775], [-96.1581, 41.2775], [-96.158, 41.263], [-96.1771, 41.2629], [-96.1772, 41.2775]]]}}, {"type": "Feature", "properties": {"fips": "31055003700", "gap_national": -24.0, "gap_stratum": -23.3, "burden": 20.6, "capacity": 44.3, "svi": 0.06, "top_decile_gap": 0.0, "stratum": "metropolitan", "scored": 1}, "geometry": {"type": "Polygon", "coordinates": [[[-95.9879, 41.2488], [-95.9758, 41.2488], [-95.9758, 41.2415], [-95.9924, 41.2413], [-95.9879, 41.2488]]]}}, {"type": "Feature", "properties": {"fips": "31041971800", "gap_national": 6.6, "gap_stratum": -16.4, "burden": 71.8, "capacity": 64.0, "svi": 0.4, "top_decile_gap": 0.0, "stratum": "rural", "scored": 1}, "geometry": {"type": "Polygon", "coordinates": [[[-100.2512, 41.7398], [-100.002, 41.7386], [-99.9798, 41.7185], [-99.9704, 41.7026], [-99.9363, 41.6831], [-99.8917, 41.6401], [-99.904, 41.6402], [-99.9041, 41.6112], [-99.8698, 41.6105], [-99.87, 41.5901], [-99.8651, 41.586], [-99.8643, 41.5795], [-99.866, 41.4813], [-99.8083, 41.4813], [-99.809, 41.4376], [-99.7169, 41.4382], [-99.7017, 41.4319], [-99.6746, 41.4149], [-99.6742, 41.4018], [-99.6839, 41.3997], [-99.6857, 41.3792], [-99.6819, 41.3786], [-99.6817, 41.3612], [-99.6626, 41.3606], [-99.6626, 41.3529], [-99.6662, 41.3507], [-99.6739, 41.3339], [-99.6726, 41.3234], [-99.6673, 41.3167], [-99.6657, 41.3089], [-99.6738, 41.2897], [-99.6749, 41.2409], [-99.678, 41.2345], [-99.6853, 41.228], [-99.6879, 41.2197], [-99.6971, 41.2139], [-99.7087, 41.1926], [-99.6983, 41.1856], [-99.6944, 41.186], [-99.694, 41.1899], [-99.6879, 41.1921], [-99.6762, 41.1848], [-99.6719, 41.1897], [-99.6721, 41.1846], [-99.6684, 41.1806], [-99.6654, 41.1861], [-99.6638, 41.1833], [-99.66, 41.1881], [-99.6375, 41.185], [-99.6376, 41.1815], [-99.6402, 41.1806], [-99.6315, 41.1774], [-99.629, 41.169], [-99.6112, 41.1688], [-99.6119, 41.1635], [-99.6093, 41.1619], [-99.6116, 41.1577], [-99.6004, 41.1521], [-99.5958, 41.1398], [-99.5913, 41.1401], [-99.5845, 41.1347], [-99.5833, 41.1377], [-99.5712, 41.1375], [-99.569, 41.1316], [-99.5621, 41.1323], [-99.5552, 41.1243], [-99.55, 41.1241], [-99.5504, 41.1196], [-99.5447, 41.122], [-99.5408, 41.1204], [-99.5411, 41.1173], [-99.5383, 41.1167], [-99.536, 41.1108], [-99.5317, 41.111], [-99.533, 41.1128], [-99.5292, 41.1138], [-99.5237, 41.109], [-99.5255, 41.106], [-99.5185, 41.1041], [-99.5155, 41.0992], [-99.5053, 41.0928], [-99.4946, 41.0957], [-99.4959, 41.09], [-99.4874, 41.0893], [-99.4858, 41.0839], [-99.4717, 41.0795], [-99.4645, 41.0813], [-99.4612, 41.074], [-99.458, 41.0756], [-99.4581, 41.0789], [-99.4558, 41.0789], [-99.4447, 41.0717], [-99.4391, 41.07], [-99.4343, 41.0716], [-99.4342, 41.0644], [-99.4306, 41.0612], [-99.4211, 41.0623], [-99.4259, 41.0538], [-99.4238, 41.0514], [-99.4088, 41.0535], [-99.4058, 41.0508], [-99.4091, 41.0465], [-100.2382, 41.0465], [-100.2343, 41.2774], [-100.2361, 41.3933], [-100.2511, 41.3933], [-100.2513, 41.3958], [-100.2528, 41.6249], [-100.2512, 41.7398]]]}}, {"type": "Feature", "properties": {"fips": "31001965800", "gap_national": 34.4, "gap_stratum": 9.2, "burden": 55.8, "capacity": 29.7, "svi": 0.5, "top_decile_gap": 0.0, "stratum": "micropolitan", "scored": 1}, "geometry": {"type": "Polygon", "coordinates": [[[-98.4207, 40.5901], [-98.395, 40.5898], [-98.3951, 40.5843], [-98.3925, 40.5836], [-98.4208, 40.5825], [-98.4207, 40.5901]]]}}, {"type": "Feature", "properties": {"fips": "31055007518", "gap_national": -41.6, "gap_stratum": -40.3, "burden": 20.4, "capacity": 56.5, "svi": 0.44, "top_decile_gap": 0.0, "stratum": "metropolitan", "scored": 1}, "geometry": {"type": "Polygon", "coordinates": [[[-96.2344, 41.2919], [-96.2159, 41.292], [-96.2156, 41.2629], [-96.2345, 41.2628], [-96.2344, 41.2919]]]}}, {"type": "Feature", "properties": {"fips": "31079000700", "gap_national": 56.1, "gap_stratum": 58.9, "burden": 77.1, "capacity": 32.2, "svi": 0.81, "top_decile_gap": 1.0, "stratum": "metropolitan", "scored": 1}, "geometry": {"type": "Polygon", "coordinates": [[[-98.359, 40.9313], [-98.3581, 40.9195], [-98.3833, 40.9082], [-98.3835, 40.9315], [-98.359, 40.9313]]]}}, {"type": "Feature", "properties": {"fips": "31121966800", "gap_national": 12.5, "gap_stratum": -8.9, "burden": 62.6, "capacity": 52.9, "svi": 0.63, "top_decile_gap": 0.0, "stratum": "rural", "scored": 1}, "geometry": {"type": "Polygon", "coordinates": [[[-97.9633, 41.1329], [-97.9635, 41.1115], [-97.9461, 41.106], [-97.9527, 41.1009], [-97.9486, 41.0914], [-97.9668, 41.0856], [-97.9704, 41.0908], [-98.0004, 41.0783], [-98.0006, 41.0902], [-98.0394, 41.0898], [-98.0401, 41.133], [-97.9633, 41.1329]]]}}, {"type": "Feature", "properties": {"fips": "31055007515", "gap_national": -54.3, "gap_stratum": -54.4, "burden": 12.1, "capacity": 59.0, "svi": 0.03, "top_decile_gap": 0.0, "stratum": "metropolitan", "scored": 1}, "geometry": {"type": "Polygon", "coordinates": [[[-96.1961, 41.2343], [-96.1963, 41.2194], [-96.2343, 41.2193], [-96.2344, 41.2339], [-96.1961, 41.2343]]]}}, {"type": "Feature", "properties": {"fips": "31055005800", "gap_national": 17.1, "gap_stratum": 22.2, "burden": 37.7, "capacity": 26.1, "svi": 0.67, "top_decile_gap": 0.0, "stratum": "metropolitan", "scored": 1}, "geometry": {"type": "Polygon", "coordinates": [[[-95.995, 41.2996], [-95.9855, 41.2996], [-95.9855, 41.2887], [-95.9806, 41.2887], [-95.9806, 41.2831], [-95.9835, 41.281], [-95.995, 41.2832], [-95.995, 41.2996]]]}}, {"type": "Feature", "properties": {"fips": "31055007102", "gap_national": 54.3, "gap_stratum": 60.0, "burden": 67.5, "capacity": 23.5, "svi": 0.64, "top_decile_gap": 1.0, "stratum": "metropolitan", "scored": 1}, "geometry": {"type": "Polygon", "coordinates": [[[-96.0238, 41.2053], [-95.9767, 41.2055], [-95.977, 41.1945], [-95.9818, 41.1944], [-95.9819, 41.1908], [-96.0238, 41.1907], [-96.0238, 41.2053]]]}}, {"type": "Feature", "properties": {"fips": "31055003401", "gap_national": 48.6, "gap_stratum": 55.8, "burden": 57.1, "capacity": 16.5, "svi": 0.81, "top_decile_gap": 0.0, "stratum": "metropolitan", "scored": 1}, "geometry": {"type": "Polygon", "coordinates": [[[-95.9698, 41.2415], [-95.9626, 41.2269], [-95.9758, 41.2247], [-95.9758, 41.2415], [-95.9698, 41.2415]]]}}, {"type": "Feature", "properties": {"fips": "31055007524", "gap_national": -59.4, "gap_stratum": -59.0, "burden": 12.0, "capacity": 62.2, "svi": 0.06, "top_decile_gap": 0.0, "stratum": "metropolitan", "scored": 1}, "geometry": {"type": "Polygon", "coordinates": [[[-96.1771, 41.2629], [-96.1769, 41.2485], [-96.2155, 41.2484], [-96.2156, 41.2629], [-96.1771, 41.2629]]]}}, {"type": "Feature", "properties": {"fips": "31055006904", "gap_national": -52.0, "gap_stratum": -48.7, "burden": 23.4, "capacity": 65.4, "svi": 0.1, "top_decile_gap": 0.0, "stratum": "metropolitan", "scored": 1}, "geometry": {"type": "Polygon", "coordinates": [[[-96.0866, 41.2342], [-96.0546, 41.2323], [-96.0575, 41.2249], [-96.0623, 41.2216], [-96.0909, 41.2215], [-96.0866, 41.2342]]]}}, {"type": "Feature", "properties": {"fips": "31001965700", "gap_national": 24.7, "gap_stratum": -1.2, "burden": 47.5, "capacity": 29.8, "svi": 0.57, "top_decile_gap": 0.0, "stratum": "micropolitan", "scored": 1}, "geometry": {"type": "Polygon", "coordinates": [[[-98.3949, 40.5935], [-98.3836, 40.5935], [-98.3835, 40.584], [-98.3951, 40.5843], [-98.3949, 40.5935]]]}}, {"type": "Feature", "properties": {"fips": "31153010630", "gap_national": -31.1, "gap_stratum": -31.6, "burden": 15.1, "capacity": 45.2, "svi": 0.01, "top_decile_gap": 0.0, "stratum": "metropolitan", "scored": 1}, "geometry": {"type": "Polygon", "coordinates": [[[-96.1967, 41.1907], [-96.1969, 41.1805], [-96.2035, 41.176], [-96.2342, 41.1759], [-96.2343, 41.1903], [-96.1967, 41.1907]]]}}, {"type": "Feature", "properties": {"fips": "31119960600", "gap_national": 13.6, "gap_stratum": -11.5, "burden": 50.0, "capacity": 41.4, "svi": 0.38, "top_decile_gap": 0.0, "stratum": "micropolitan", "scored": 1}, "geometry": {"type": "Polygon", "coordinates": [[[-97.3954, 42.0628], [-97.3783, 42.0742], [-97.3683, 42.0777], [-97.3681, 42.0185], [-97.407, 42.0182], [-97.4086, 42.0364], [-97.3954, 42.0628]]]}}, {"type": "Feature", "properties": {"fips": "31153010634", "gap_national": -18.4, "gap_stratum": -15.8, "burden": 29.3, "capacity": 47.4, "svi": 0.01, "top_decile_gap": 0.0, "stratum": "metropolitan", "scored": 1}, "geometry": {"type": "Polygon", "coordinates": [[[-96.1388, 41.1908], [-96.1196, 41.1906], [-96.1196, 41.1829], [-96.1389, 41.1836], [-96.1388, 41.1908]]]}}, {"type": "Feature", "properties": {"fips": "31023967700", "gap_national": 10.5, "gap_stratum": -11.5, "burden": 57.0, "capacity": 49.8, "svi": 0.59, "top_decile_gap": 0.0, "stratum": "rural", "scored": 1}, "geometry": {"type": "Polygon", "coordinates": [[[-97.0622, 41.2929], [-97.0619, 41.2064], [-97.1571, 41.2062], [-97.1579, 41.2933], [-97.0622, 41.2929]]]}}, {"type": "Feature", "properties": {"fips": "31055006906", "gap_national": -15.4, "gap_stratum": -12.3, "burden": 32.1, "capacity": 47.6, "svi": 0.28, "top_decile_gap": 0.0, "stratum": "metropolitan", "scored": 1}, "geometry": {"type": "Polygon", "coordinates": [[[-96.0431, 41.2343], [-96.0239, 41.2345], [-96.0239, 41.2217], [-96.0431, 41.2216], [-96.0431, 41.2343]]]}}, {"type": "Feature", "properties": {"fips": "31055007001", "gap_national": 3.5, "gap_stratum": 5.1, "burden": 16.2, "capacity": 14.3, "svi": 0.86, "top_decile_gap": 0.0, "stratum": "metropolitan", "scored": 1}, "geometry": {"type": "Polygon", "coordinates": [[[-96.0239, 41.2488], [-96.0143, 41.2487], [-96.0142, 41.2452], [-96.0096, 41.2451], [-96.0096, 41.2379], [-96.0047, 41.2379], [-96.0046, 41.2238], [-96.0239, 41.2239], [-96.0239, 41.2488]]]}}, {"type": "Feature", "properties": {"fips": "31055007311", "gap_national": 5.3, "gap_stratum": 9.7, "burden": 37.6, "capacity": 36.8, "svi": 0.35, "top_decile_gap": 0.0, "stratum": "metropolitan", "scored": 1}, "geometry": {"type": "Polygon", "coordinates": [[[-96.0813, 41.3212], [-96.075, 41.3213], [-96.0721, 41.3248], [-96.0692, 41.3222], [-96.0709, 41.3067], [-96.0814, 41.3066], [-96.0813, 41.3212]]]}}, {"type": "Feature", "properties": {"fips": "31067964600", "gap_national": -20.5, "gap_stratum": -13.6, "burden": 47.4, "capacity": 63.0, "svi": 0.06, "top_decile_gap": 0.0, "stratum": "metropolitan", "scored": 1}, "geometry": {"type": "Polygon", "coordinates": [[[-96.6849, 40.5233], [-96.4636, 40.523], [-96.4636, 40.2042], [-96.5768, 40.2043], [-96.5768, 40.1753], [-96.6147, 40.1755], [-96.6144, 40.1902], [-96.6518, 40.1903], [-96.6519, 40.219], [-96.6708, 40.219], [-96.6714, 40.2627], [-96.671, 40.3061], [-96.6616, 40.3061], [-96.6617, 40.3206], [-96.6524, 40.3205], [-96.6525, 40.335], [-96.6618, 40.3351], [-96.6618, 40.3494], [-96.6858, 40.3494], [-96.6849, 40.5233]]]}}, {"type": "Feature", "properties": {"fips": "31059091600", "gap_national": 13.3, "gap_stratum": -4.4, "burden": 74.0, "capacity": 61.0, "svi": 0.31, "top_decile_gap": 0.0, "stratum": "rural", "scored": 1}, "geometry": {"type": "Polygon", "coordinates": [[[-97.6149, 40.6548], [-97.5959, 40.6547], [-97.5961, 40.6987], [-97.3684, 40.6986], [-97.3687, 40.3504], [-97.5773, 40.3506], [-97.5772, 40.423], [-97.5963, 40.4229], [-97.5961, 40.4924], [-97.5958, 40.4953], [-97.5585, 40.4955], [-97.5588, 40.5533], [-97.5958, 40.5533], [-97.5959, 40.6112], [-97.615, 40.6113], [-97.6149, 40.6548]]]}}, {"type": "Feature", "properties": {"fips": "31153010627", "gap_national": -24.2, "gap_stratum": -23.9, "burden": 18.8, "capacity": 42.8, "svi": 0.01, "top_decile_gap": 0.0, "stratum": "metropolitan", "scored": 1}, "geometry": {"type": "Polygon", "coordinates": [[[-96.1969, 41.1805], [-96.1967, 41.1907], [-96.1775, 41.1906], [-96.1774, 41.1761], [-96.2031, 41.1768], [-96.1969, 41.1805]]]}}, {"type": "Feature", "properties": {"fips": "31009972400", "gap_national": 11.7, "gap_stratum": -7.3, "burden": 72.2, "capacity": 60.8, "svi": 0.25, "top_decile_gap": 0.0, "stratum": "rural", "scored": 1}, "geometry": {"type": "Polygon", "coordinates": [[[-99.687, 42.0861], [-99.6868, 41.7403], [-100.2655, 41.7399], [-100.2676, 42.0861], [-99.687, 42.0861]]]}}, {"type": "Feature", "properties": {"fips": "31041971900", "gap_national": 25.4, "gap_stratum": 10.0, "burden": 69.8, "capacity": 49.9, "svi": 0.61, "top_decile_gap": 0.0, "stratum": "rural", "scored": 1}, "geometry": {"type": "Polygon", "coordinates": [[[-99.6835, 41.4007], [-99.6742, 41.4018], [-99.6742, 41.4237], [-99.6167, 41.4236], [-99.6166, 41.402], [-99.5974, 41.4019], [-99.5974, 41.3949], [-99.5958, 41.3947], [-99.5958, 41.3716], [-99.6146, 41.3716], [-99.6223, 41.3788], [-99.6381, 41.3787], [-99.6393, 41.3703], [-99.6513, 41.3574], [-99.6626, 41.3529], [-99.6626, 41.3606], [-99.6817, 41.3612], [-99.6819, 41.3786], [-99.6857, 41.3792], [-99.6835, 41.4007]]]}}, {"type": "Feature", "properties": {"fips": "31111959900", "gap_national": 66.1, "gap_stratum": 61.8, "burden": 83.9, "capacity": 29.4, "svi": 0.68, "top_decile_gap": 1.0, "stratum": "micropolitan", "scored": 1}, "geometry": {"type": "Polygon", "coordinates": [[[-100.846, 41.2051], [-100.828, 41.2004], [-100.8108, 41.187], [-100.7838, 41.1745], [-100.7807, 41.1672], [-100.7701, 41.1563], [-100.7502, 41.1521], [-100.7223, 41.1414], [-100.7355, 41.1364], [-100.8493, 41.1528], [-100.8492, 41.1923], [-100.855, 41.1972], [-100.8632, 41.1998], [-100.8781, 41.2006], [-100.846, 41.2051]]]}}, {"type": "Feature", "properties": {"fips": "31111960500", "gap_national": 6.2, "gap_stratum": -11.5, "burden": 74.0, "capacity": 65.9, "svi": 0.65, "top_decile_gap": 0.0, "stratum": "micropolitan", "scored": 1}, "geometry": {"type": "Polygon", "coordinates": [[[-100.8038, 41.1336], [-100.8038, 41.1264], [-100.7341, 41.1261], [-100.7341, 41.1367], [-100.7223, 41.1414], [-100.7074, 41.1265], [-100.6955, 41.1191], [-100.6763, 41.1128], [-100.6771, 41.0902], [-100.83, 41.0901], [-100.8303, 41.1337], [-100.8038, 41.1336]]]}}, {"type": "Feature", "properties": {"fips": "31111959800", "gap_national": 7.1, "gap_stratum": -15.8, "burden": 64.1, "capacity": 57.6, "svi": 0.28, "top_decile_gap": 0.0, "stratum": "micropolitan", "scored": 1}, "geometry": {"type": "Polygon", "coordinates": [[[-101.2697, 41.3949], [-100.8783, 41.3942], [-100.8828, 41.3757], [-100.881, 41.3654], [-100.8871, 41.3538], [-100.8865, 41.3339], [-100.8514, 41.3095], [-100.8454, 41.2823], [-100.8214, 41.2597], [-100.8044, 41.2479], [-100.7923, 41.2229], [-100.7914, 41.1913], [-100.805, 41.1913], [-100.8124, 41.1954], [-100.8164, 41.1921], [-100.828, 41.2004], [-100.846, 41.2051], [-100.8781, 41.2006], [-100.8632, 41.1998], [-100.855, 41.1972], [-100.8492, 41.1923], [-100.8493, 41.1528], [-100.8303, 41.1503], [-100.8297, 41.1144], [-100.8864, 41.1213], [-100.9467, 41.1345], [-101.0838, 41.1404], [-101.2088, 41.1375], [-101.2213, 41.1342], [-101.2487, 41.1212], [-101.2703, 41.1169], [-101.2697, 41.3949]]]}}, {"type": "Feature", "properties": {"fips": "31145963200", "gap_national": 20.5, "gap_stratum": -5.3, "burden": 68.6, "capacity": 52.2, "svi": 0.51, "top_decile_gap": 0.0, "stratum": "small_town", "scored": 1}, "geometry": {"type": "Polygon", "coordinates": [[[-100.6653, 40.2207], [-100.6655, 40.2359], [-100.65, 40.2369], [-100.65, 40.2517], [-100.6099, 40.2493], [-100.6108, 40.2044], [-100.6325, 40.2069], [-100.6342, 40.1958], [-100.6438, 40.195], [-100.6687, 40.1979], [-100.6653, 40.2207]]]}}, {"type": "Feature", "properties": {"fips": "31161951600", "gap_national": 24.6, "gap_stratum": 11.1, "burden": 72.7, "capacity": 52.7, "svi": 0.67, "top_decile_gap": 0.0, "stratum": "rural", "scored": 1}, "geometry": {"type": "Polygon", "coordinates": [[[-102.4513, 42.8713], [-102.4471, 42.8738], [-102.4355, 42.8734], [-102.4269, 42.8674], [-102.42, 42.8667], [-102.4181, 42.8723], [-102.4203, 42.8785], [-102.4143, 42.8817], [-102.4152, 42.894], [-102.4107, 42.8937], [-102.4069, 42.8986], [-102.3597, 42.9054], [-102.3602, 42.922], [-102.3743, 42.9234], [-102.3796, 42.9276], [-102.3772, 42.9437], [-102.3795, 42.9456], [-102.3795, 42.9592], [-102.39, 42.9593], [-102.4055, 42.9636], [-102.4115, 42.9725], [-102.4154, 42.9906], [-102.4331, 42.9917], [-102.4401, 42.9949], [-102.4405, 42.9996], [-102.0825, 42.9994], [-102.085, 42.7855], [-102.0669, 42.7855], [-102.0663, 42.7006], [-102.0696, 42.6984], [-102.0682, 42.6899], [-102.0813, 42.6788], [-102.0857, 42.6682], [-102.0943, 42.6692], [-102.101, 42.6646], [-102.1119, 42.665], [-102.1326, 42.671], [-102.1658, 42.6679], [-102.1734, 42.6554], [-102.1893, 42.6527], [-102.2028, 42.6401], [-102.217, 42.64], [-102.2167, 42.6314], [-102.2319, 42.6278], [-102.244, 42.6285], [-102.2538, 42.6232], [-102.2795, 42.623], [-102.2831, 42.6265], [-102.29, 42.628], [-102.2907, 42.6309], [-102.2857, 42.6332], [-102.284, 42.6455], [-102.2821, 42.7998], [-102.4005, 42.7998], [-102.4004, 42.8144], [-102.42, 42.8143], [-102.4202, 42.7998], [-102.4499, 42.7998], [-102.449, 42.8467], [-102.4523, 42.8651], [-102.4513, 42.8713]]]}}, {"type": "Feature", "properties": {"fips": "31147968500", "gap_national": 19.0, "gap_stratum": 12.3, "burden": 84.5, "capacity": 64.4, "svi": 0.55, "top_decile_gap": 0.0, "stratum": "rural", "scored": 1}, "geometry": {"type": "Polygon", "coordinates": [[[-96.0102, 40.2615], [-95.8413, 40.2615], [-95.841, 40.1747], [-95.7844, 40.1746], [-95.784, 40.1166], [-95.7563, 40.1164], [-95.756, 40.1092], [-95.7186, 40.1092], [-95.7187, 40.1165], [-95.6714, 40.1166], [-95.6713, 40.0649], [-95.6525, 40.0587], [-95.6523, 40.0466], [-95.6712, 40.0508], [-95.6714, 40.0003], [-96.0107, 40.0006], [-96.0102, 40.2615]]]}}, {"type": "Feature", "properties": {"fips": "31159960100", "gap_national": -19.5, "gap_stratum": -45.3, "burden": 46.6, "capacity": 61.6, "svi": 0.21, "top_decile_gap": 0.0, "stratum": "rural", "scored": 1}, "geometry": {"type": "Polygon", "coordinates": [[[-97.3681, 41.0469], [-96.9109, 41.0461], [-96.9107, 40.8206], [-97.3684, 40.8216], [-97.3681, 41.0469]], [[-97.0444, 40.8723], [-97.0442, 40.9303], [-97.1017, 40.9306], [-97.1015, 40.9451], [-97.1393, 40.9451], [-97.1394, 40.9161], [-97.1582, 40.9161], [-97.1586, 40.8726], [-97.0444, 40.8723]]]}}, {"type": "Feature", "properties": {"fips": "31175971300", "gap_national": 11.2, "gap_stratum": -7.2, "burden": 75.6, "capacity": 63.6, "svi": 0.24, "top_decile_gap": 0.0, "stratum": "rural", "scored": 1}, "geometry": {"type": "Polygon", "coordinates": [[[-99.212, 41.7406], [-98.7522, 41.7404], [-98.7516, 41.3941], [-99.2125, 41.3942], [-99.212, 41.7406]], [[-98.9628, 41.5969], [-98.9625, 41.5318], [-98.9143, 41.5318], [-98.9141, 41.5185], [-98.9043, 41.5162], [-98.9045, 41.5101], [-98.8756, 41.5102], [-98.8755, 41.5245], [-98.8664, 41.5246], [-98.8665, 41.5761], [-98.9054, 41.5917], [-98.9047, 41.5958], [-98.9117, 41.5987], [-98.9232, 41.6091], [-98.9244, 41.6218], [-98.9379, 41.6411], [-98.95, 41.6436], [-98.9533, 41.6476], [-98.9533, 41.6533], [-98.9578, 41.655], [-98.9583, 41.6535], [-98.9643, 41.6545], [-98.9627, 41.6525], [-98.963, 41.6113], [-98.9591, 41.6113], [-98.9656, 41.6036], [-98.9614, 41.6006], [-98.9648, 41.6016], [-98.9664, 41.5999], [-98.9639, 41.5996], [-98.9677, 41.5983], [-98.9628, 41.5969]]]}}, {"type": "Feature", "properties": {"fips": "31183973600", "gap_national": -11.2, "gap_stratum": -46.4, "burden": 65.2, "capacity": 71.0, "svi": 0.18, "top_decile_gap": 0.0, "stratum": "rural", "scored": 1}, "geometry": {"type": "Polygon", "coordinates": [[[-98.2954, 42.0889], [-98.2958, 41.7412], [-98.7591, 41.7404], [-98.7612, 42.0885], [-98.2954, 42.0889]]]}}, {"type": "Feature", "properties": {"fips": "31185969700", "gap_national": 30.6, "gap_stratum": 2.9, "burden": 60.7, "capacity": 37.8, "svi": 0.52, "top_decile_gap": 0.0, "stratum": "small_town", "scored": 1}, "geometry": {"type": "Polygon", "coordinates": [[[-97.6167, 40.9086], [-97.6167, 40.9013], [-97.5207, 40.9013], [-97.5209, 40.8576], [-97.559, 40.8578], [-97.559, 40.865], [-97.5872, 40.8669], [-97.5872, 40.8719], [-97.6148, 40.8724], [-97.6167, 40.8761], [-97.6356, 40.8781], [-97.6356, 40.9087], [-97.6167, 40.9086]]]}}, {"type": "Feature", "properties": {"fips": "31019969100", "gap_national": 17.3, "gap_stratum": -7.5, "burden": 53.7, "capacity": 41.8, "svi": 0.57, "top_decile_gap": 0.0, "stratum": "micropolitan", "scored": 1}, "geometry": {"type": "Polygon", "coordinates": [[[-98.779, 40.8732], [-98.7786, 40.8586], [-98.7219, 40.8588], [-98.7214, 40.6989], [-98.7244, 40.6989], [-98.7244, 40.6898], [-98.7337, 40.6874], [-98.7489, 40.6887], [-98.7597, 40.684], [-98.7926, 40.6805], [-98.8036, 40.6757], [-98.8259, 40.675], [-98.8333, 40.6703], [-98.8415, 40.67], [-98.8583, 40.6617], [-98.8667, 40.6593], [-98.8777, 40.6603], [-98.8957, 40.6538], [-98.9455, 40.6538], [-98.9737, 40.657], [-98.9972, 40.6521], [-99.0025, 40.6537], [-99.0337, 40.6525], [-99.0418, 40.6553], [-99.0259, 40.6588], [-99.0409, 40.6615], [-99.0312, 40.663], [-99.0408, 40.6627], [-99.0085, 40.6707], [-99.0085, 40.6847], [-98.9894, 40.6847], [-98.9884, 40.7228], [-98.9835, 40.7231], [-98.9835, 40.7319], [-98.9883, 40.7321], [-98.9883, 40.7644], [-99.0646, 40.7646], [-99.0655, 40.8734], [-98.779, 40.8732]]]}}, {"type": "Feature", "properties": {"fips": "31019969300", "gap_national": 41.3, "gap_stratum": 14.6, "burden": 54.5, "capacity": 21.1, "svi": 0.62, "top_decile_gap": 0.0, "stratum": "micropolitan", "scored": 1}, "geometry": {"type": "Polygon", "coordinates": [[[-99.065, 40.7005], [-99.0648, 40.7138], [-99.0267, 40.7138], [-99.0267, 40.7077], [-98.9885, 40.7164], [-98.9885, 40.6992], [-99.0543, 40.6993], [-99.0726, 40.6973], [-99.065, 40.7005]]]}}, {"type": "Feature", "properties": {"fips": "31019969700", "gap_national": 14.8, "gap_stratum": -8.4, "burden": 39.3, "capacity": 30.0, "svi": 0.65, "top_decile_gap": 0.0, "stratum": "micropolitan", "scored": 1}, "geometry": {"type": "Polygon", "coordinates": [[[-99.1612, 40.6896], [-99.0886, 40.6943], [-99.0887, 40.6904], [-99.0778, 40.6903], [-99.0776, 40.6953], [-99.0612, 40.6988], [-98.9894, 40.6992], [-98.9894, 40.6847], [-99.0085, 40.6847], [-99.0085, 40.6707], [-99.0408, 40.6627], [-99.0312, 40.663], [-99.0409, 40.6615], [-99.0259, 40.6588], [-99.0458, 40.6543], [-99.0833, 40.657], [-99.1155, 40.6548], [-99.1471, 40.6573], [-99.1539, 40.659], [-99.1432, 40.6589], [-99.1491, 40.6611], [-99.1409, 40.6628], [-99.1503, 40.667], [-99.1431, 40.667], [-99.1466, 40.6683], [-99.1368, 40.6707], [-99.1617, 40.6718], [-99.1612, 40.6896]]]}}, {"type": "Feature", "properties": {"fips": "31019969204", "gap_national": -21.0, "gap_stratum": -40.4, "burden": 33.6, "capacity": 52.7, "svi": 0.29, "top_decile_gap": 0.0, "stratum": "micropolitan", "scored": 1}, "geometry": {"type": "Polygon", "coordinates": [[[-99.1219, 40.7284], [-99.1219, 40.7501], [-99.1028, 40.7501], [-99.1028, 40.7654], [-99.0838, 40.7647], [-99.084, 40.7139], [-99.122, 40.7139], [-99.1232, 40.6917], [-99.1569, 40.6891], [-99.1612, 40.6896], [-99.1611, 40.6923], [-99.1794, 40.6923], [-99.1791, 40.7285], [-99.1219, 40.7284]]]}}, {"type": "Feature", "properties": {"fips": "31143960100", "gap_national": 13.2, "gap_stratum": -8.0, "burden": 64.1, "capacity": 53.5, "svi": 0.41, "top_decile_gap": 0.0, "stratum": "rural", "scored": 1}, "geometry": {"type": "Polygon", "coordinates": [[[-97.7707, 41.1195], [-97.7713, 41.1627], [-97.656, 41.1628], [-97.6559, 41.1774], [-97.5795, 41.1774], [-97.5797, 41.1629], [-97.503, 41.1628], [-97.5029, 41.1919], [-97.4836, 41.1919], [-97.4834, 41.2356], [-97.426, 41.2354], [-97.4262, 41.2647], [-97.3681, 41.2646], [-97.3681, 41.0469], [-97.8279, 41.0466], [-97.8281, 41.1191], [-97.7707, 41.1195]]]}}, {"type": "Feature", "properties": {"fips": "31101000200", "gap_national": 18.3, "gap_stratum": -8.2, "burden": 67.7, "capacity": 52.9, "svi": 0.72, "top_decile_gap": 0.0, "stratum": "small_town", "scored": 1}, "geometry": {"type": "Polygon", "coordinates": [[[-101.8108, 41.1673], [-101.8066, 41.1776], [-101.7904, 41.1656], [-101.7826, 41.1635], [-101.6416, 41.1635], [-101.6912, 41.1187], [-101.7063, 41.1152], [-101.7415, 41.1133], [-101.7793, 41.1004], [-101.8009, 41.0967], [-101.8138, 41.1045], [-101.8067, 41.1057], [-101.8066, 41.1563], [-101.8131, 41.1619], [-101.8148, 41.1666], [-101.8108, 41.1673]], [[-101.7281, 41.1236], [-101.7131, 41.1255], [-101.7141, 41.13], [-101.7207, 41.1328], [-101.7298, 41.1317], [-101.7281, 41.1236]]]}}, {"type": "Feature", "properties": {"fips": "31093970500", "gap_national": -19.8, "gap_stratum": -12.5, "burden": 49.4, "capacity": 64.0, "svi": 0.09, "top_decile_gap": 0.0, "stratum": "metropolitan", "scored": 1}, "geometry": {"type": "Polygon", "coordinates": [[[-98.6995, 41.0572], [-98.6885, 41.0539], [-98.6818, 41.0555], [-98.6761, 41.0595], [-98.6824, 41.0627], [-98.6806, 41.0645], [-98.6755, 41.0648], [-98.6723, 41.0618], [-98.6605, 41.0588], [-98.6574, 41.0591], [-98.6538, 41.0661], [-98.6204, 41.0682], [-98.6013, 41.0732], [-98.5862, 41.0694], [-98.5806, 41.0735], [-98.5809, 41.0796], [-98.5747, 41.0823], [-98.5615, 41.0773], [-98.5565, 41.0814], [-98.5551, 41.0925], [-98.5379, 41.1038], [-98.5264, 41.1162], [-98.5206, 41.1288], [-98.5001, 41.1403], [-98.4964, 41.1482], [-98.4794, 41.1568], [-98.4733, 41.1621], [-98.4647, 41.1779], [-98.4589, 41.1831], [-98.4482, 41.1875], [-98.4461, 41.194], [-98.4477, 41.1999], [-98.438, 41.2102], [-98.4377, 41.2208], [-98.425, 41.223], [-98.4185, 41.2278], [-98.4207, 41.2384], [-98.4084, 41.253], [-98.4048, 41.2672], [-98.3992, 41.2731], [-98.4184, 41.2731], [-98.4317, 41.2633], [-98.4451, 41.2646], [-98.4554, 41.2621], [-98.47, 41.2715], [-98.4743, 41.2715], [-98.4811, 41.2661], [-98.502, 41.2739], [-98.5168, 41.267], [-98.5268, 41.2738], [-98.5532, 41.2794], [-98.5563, 41.2857], [-98.5556, 41.2931], [-98.5618, 41.3023], [-98.5629, 41.3132], [-98.5687, 41.3225], [-98.5965, 41.3396], [-98.6003, 41.3478], [-98.6112, 41.3585], [-98.6121, 41.3655], [-98.6163, 41.3697], [-98.6312, 41.3786], [-98.6384, 41.3859], [-98.6596, 41.394], [-98.2866, 41.3939], [-98.2872, 41.0464], [-98.702, 41.0466], [-98.7021, 41.0512], [-98.7058, 41.0562], [-98.6995, 41.0572]]]}}, {"type": "Feature", "properties": {"fips": "31121966700", "gap_national": 15.7, "gap_stratum": 20.7, "burden": 67.3, "capacity": 54.4, "svi": 0.24, "top_decile_gap": 0.0, "stratum": "metropolitan", "scored": 1}, "geometry": {"type": "Polygon", "coordinates": [[[-98.2866, 41.3939], [-98.2739, 41.3939], [-98.2754, 41.2643], [-98.1755, 41.265], [-98.1738, 41.1331], [-98.0401, 41.133], [-98.0394, 41.0898], [-98.0006, 41.0902], [-98.0004, 41.0783], [-98.0105, 41.0728], [-98.03, 41.0497], [-98.0542, 41.0378], [-98.0756, 41.0186], [-98.0844, 41.0162], [-98.089, 41.0097], [-98.1006, 41.0087], [-98.1463, 40.9843], [-98.1698, 40.9548], [-98.2155, 40.9305], [-98.2268, 40.918], [-98.2363, 40.9134], [-98.2751, 40.8796], [-98.2826, 40.8687], [-98.2824, 41.0464], [-98.2872, 41.0464], [-98.2866, 41.3939]]]}}, {"type": "Feature", "properties": {"fips": "31025965900", "gap_national": -7.4, "gap_stratum": -1.0, "burden": 51.5, "capacity": 57.5, "svi": 0.22, "top_decile_gap": 0.0, "stratum": "metropolitan", "scored": 1}, "geometry": {"type": "Polygon", "coordinates": [[[-96.4637, 40.842], [-96.351, 40.8418], [-96.3514, 40.8707], [-96.2164, 40.8706], [-96.2165, 40.9142], [-96.0447, 40.915], [-96.0451, 40.7986], [-96.0736, 40.7985], [-96.0735, 40.7841], [-96.4638, 40.784], [-96.4637, 40.842]]]}}, {"type": "Feature", "properties": {"fips": "31125966100", "gap_national": 21.5, "gap_stratum": 10.5, "burden": 76.5, "capacity": 57.5, "svi": 0.38, "top_decile_gap": 0.0, "stratum": "rural", "scored": 1}, "geometry": {"type": "Polygon", "coordinates": [[[-98.2913, 41.4807], [-98.0995, 41.4808], [-98.0998, 41.4954], [-98.0415, 41.496], [-98.0413, 41.5105], [-97.8864, 41.5114], [-97.8855, 41.5259], [-97.7036, 41.5268], [-97.7055, 41.3091], [-97.8983, 41.3082], [-97.8979, 41.2936], [-98.0531, 41.2931], [-98.0531, 41.2785], [-98.1017, 41.2787], [-98.1015, 41.264], [-98.2754, 41.2643], [-98.2739, 41.3939], [-98.2914, 41.3939], [-98.2913, 41.4807]]]}}, {"type": "Feature", "properties": {"fips": "31109001200", "gap_national": -2.7, "gap_stratum": 1.4, "burden": 37.1, "capacity": 42.6, "svi": 0.5, "top_decile_gap": 0.0, "stratum": "metropolitan", "scored": 1}, "geometry": {"type": "Polygon", "coordinates": [[[-96.6304, 40.8279], [-96.6059, 40.828], [-96.6061, 40.8135], [-96.6418, 40.8146], [-96.6304, 40.8279]]]}}, {"type": "Feature", "properties": {"fips": "31109001400", "gap_national": 18.0, "gap_stratum": 23.2, "burden": 62.9, "capacity": 49.3, "svi": 0.48, "top_decile_gap": 0.0, "stratum": "metropolitan", "scored": 1}, "geometry": {"type": "Polygon", "coordinates": [[[-96.6418, 40.8135], [-96.6441, 40.7989], [-96.6633, 40.7989], [-96.6633, 40.8135], [-96.6418, 40.8135]]]}}, {"type": "Feature", "properties": {"fips": "31109001700", "gap_national": 53.3, "gap_stratum": 59.8, "burden": 63.2, "capacity": 19.1, "svi": 0.73, "top_decile_gap": 1.0, "stratum": "metropolitan", "scored": 1}, "geometry": {"type": "Polygon", "coordinates": [[[-96.6968, 40.8092], [-96.6889, 40.809], [-96.6832, 40.8028], [-96.6754, 40.7988], [-96.6967, 40.7991], [-96.6968, 40.8092]]]}}, {"type": "Feature", "properties": {"fips": "31109002701", "gap_national": -0.0, "gap_stratum": 2.8, "burden": 27.2, "capacity": 30.8, "svi": 0.58, "top_decile_gap": 0.0, "stratum": "metropolitan", "scored": 1}, "geometry": {"type": "Polygon", "coordinates": [[[-96.6633, 40.7771], [-96.6443, 40.777], [-96.6444, 40.7697], [-96.6634, 40.7698], [-96.6633, 40.7771]]]}}, {"type": "Feature", "properties": {"fips": "31109003608", "gap_national": -19.0, "gap_stratum": -18.0, "burden": 21.9, "capacity": 41.6, "svi": 0.16, "top_decile_gap": 0.0, "stratum": "metropolitan", "scored": 1}, "geometry": {"type": "Polygon", "coordinates": [[[-96.7205, 40.746], [-96.7017, 40.7557], [-96.7015, 40.7265], [-96.7205, 40.7264], [-96.7205, 40.746]]]}}, {"type": "Feature", "properties": {"fips": "31109003709", "gap_national": -37.7, "gap_stratum": -34.0, "burden": 29.0, "capacity": 60.2, "svi": 0.05, "top_decile_gap": 0.0, "stratum": "metropolitan", "scored": 1}, "geometry": {"type": "Polygon", "coordinates": [[[-96.6634, 40.7554], [-96.6444, 40.7547], [-96.6443, 40.7408], [-96.6634, 40.7408], [-96.6634, 40.7554]]]}}, {"type": "Feature", "properties": {"fips": "31109003604", "gap_national": -59.6, "gap_stratum": -52.9, "burden": 35.7, "capacity": 84.5, "svi": 0.18, "top_decile_gap": 0.0, "stratum": "metropolitan", "scored": 1}, "geometry": {"type": "Polygon", "coordinates": [[[-96.7965, 40.7847], [-96.7398, 40.7846], [-96.7399, 40.7776], [-96.7303, 40.7776], [-96.7303, 40.7846], [-96.7276, 40.7846], [-96.7303, 40.7875], [-96.7251, 40.7881], [-96.7155, 40.7855], [-96.705, 40.7746], [-96.7087, 40.7705], [-96.7208, 40.7702], [-96.7205, 40.7264], [-96.7015, 40.7265], [-96.7015, 40.7281], [-96.6825, 40.7264], [-96.681, 40.6974], [-96.7969, 40.6976], [-96.7965, 40.7847]]]}}, {"type": "Feature", "properties": {"fips": "31109003802", "gap_national": -36.6, "gap_stratum": -29.6, "burden": 40.6, "capacity": 68.6, "svi": 0.08, "top_decile_gap": 0.0, "stratum": "metropolitan", "scored": 1}, "geometry": {"type": "Polygon", "coordinates": [[[-96.6251, 40.8134], [-96.6061, 40.8135], [-96.6061, 40.7988], [-96.6251, 40.7988], [-96.6251, 40.8134]]]}}, {"type": "Feature", "properties": {"fips": "31109010300", "gap_national": -42.0, "gap_stratum": -35.2, "burden": 38.3, "capacity": 70.7, "svi": 0.13, "top_decile_gap": 0.0, "stratum": "metropolitan", "scored": 1}, "geometry": {"type": "Polygon", "coordinates": [[[-96.9108, 40.7849], [-96.7965, 40.7847], [-96.7969, 40.6976], [-96.6902, 40.6974], [-96.6906, 40.6793], [-96.686, 40.6792], [-96.6849, 40.5233], [-96.9126, 40.5236], [-96.9139, 40.6252], [-96.9108, 40.7849]]]}}, {"type": "Feature", "properties": {"fips": "31109000400", "gap_national": 50.3, "gap_stratum": 57.8, "burden": 56.0, "capacity": 13.1, "svi": 0.88, "top_decile_gap": 0.0, "stratum": "metropolitan", "scored": 1}, "geometry": {"type": "Polygon", "coordinates": [[[-96.6914, 40.8312], [-96.6728, 40.841], [-96.6729, 40.823], [-96.6961, 40.8236], [-96.699, 40.8273], [-96.6914, 40.8312]]]}}, {"type": "Feature", "properties": {"fips": "31109000201", "gap_national": 0.9, "gap_stratum": 6.8, "burden": 52.7, "capacity": 52.8, "svi": 0.39, "top_decile_gap": 0.0, "stratum": "metropolitan", "scored": 1}, "geometry": {"type": "Polygon", "coordinates": [[[-96.6441, 40.8518], [-96.6304, 40.8538], [-96.6304, 40.8518], [-96.6249, 40.8518], [-96.6249, 40.8425], [-96.6304, 40.8425], [-96.6304, 40.8352], [-96.6441, 40.8353], [-96.6441, 40.8518]]]}}, {"type": "Feature", "properties": {"fips": "31109000900", "gap_national": -6.2, "gap_stratum": -5.9, "burden": 12.5, "capacity": 20.9, "svi": 0.51, "top_decile_gap": 0.0, "stratum": "metropolitan", "scored": 1}, "geometry": {"type": "Polygon", "coordinates": [[[-96.6728, 40.8373], [-96.6536, 40.8353], [-96.6536, 40.8135], [-96.6695, 40.8135], [-96.6689, 40.8208], [-96.6729, 40.823], [-96.6728, 40.8373]]]}}, {"type": "Feature", "properties": {"fips": "31047968300", "gap_national": 41.4, "gap_stratum": 26.6, "burden": 71.7, "capacity": 39.7, "svi": 0.79, "top_decile_gap": 0.0, "stratum": "rural", "scored": 1}, "geometry": {"type": "Polygon", "coordinates": [[[-100.0145, 40.8884], [-99.9575, 40.8885], [-99.9574, 40.8462], [-99.9781, 40.8538], [-99.9859, 40.8474], [-99.9859, 40.8438], [-100.0145, 40.8588], [-100.0145, 40.8884]]]}}, {"type": "Feature", "properties": {"fips": "31177050300", "gap_national": -2.0, "gap_stratum": 4.6, "burden": 60.8, "capacity": 61.0, "svi": 0.11, "top_decile_gap": 0.0, "stratum": "metropolitan", "scored": 1}, "geometry": {"type": "Polygon", "coordinates": [[[-96.1547, 41.683], [-96.1553, 41.6252], [-96.1604, 41.625], [-96.1724, 41.617], [-96.1938, 41.618], [-96.1913, 41.6098], [-96.1987, 41.6108], [-96.2137, 41.6185], [-96.2229, 41.6144], [-96.2275, 41.6154], [-96.2277, 41.6072], [-96.2323, 41.6069], [-96.2328, 41.4516], [-96.2352, 41.45], [-96.2279, 41.45], [-96.2246, 41.4523], [-96.2227, 41.4501], [-96.2328, 41.4366], [-96.2135, 41.4367], [-96.2134, 41.4258], [-96.2038, 41.4258], [-96.2039, 41.4381], [-96.1255, 41.4367], [-96.117, 41.4246], [-96.1174, 41.3931], [-96.329, 41.3931], [-96.3289, 41.4366], [-96.3673, 41.4367], [-96.3672, 41.451], [-96.3865, 41.4513], [-96.3864, 41.4657], [-96.4056, 41.4658], [-96.4059, 41.4805], [-96.4252, 41.4803], [-96.4252, 41.4949], [-96.4348, 41.4949], [-96.4345, 41.5239], [-96.4439, 41.5239], [-96.4448, 41.6836], [-96.1547, 41.683]]]}}, {"type": "Feature", "properties": {"fips": "31177050102", "gap_national": -7.0, "gap_stratum": -37.6, "burden": 50.0, "capacity": 56.0, "svi": 0.42, "top_decile_gap": 0.0, "stratum": "small_town", "scored": 1}, "geometry": {"type": "Polygon", "coordinates": [[[-96.1459, 41.5792], [-96.1459, 41.5889], [-96.1167, 41.5889], [-96.1167, 41.5961], [-96.1096, 41.5971], [-96.1015, 41.5916], [-96.0887, 41.5875], [-96.0834, 41.5833], [-96.0812, 41.5743], [-96.0936, 41.5583], [-96.0966, 41.5454], [-96.0898, 41.5316], [-96.0692, 41.5196], [-96.0756, 41.5212], [-96.0829, 41.5125], [-96.0883, 41.5135], [-96.1265, 41.5297], [-96.1267, 41.502], [-96.1459, 41.5018], [-96.1458, 41.5091], [-96.1552, 41.5091], [-96.1449, 41.5208], [-96.141, 41.5491], [-96.1604, 41.5632], [-96.1637, 41.5728], [-96.1459, 41.5792]]]}}, {"type": "Feature", "properties": {"fips": "31139979200", "gap_national": 14.3, "gap_stratum": -4.9, "burden": 68.9, "capacity": 56.7, "svi": 0.52, "top_decile_gap": 0.0, "stratum": "rural", "scored": 1}, "geometry": {"type": "Polygon", "coordinates": [[[-97.8344, 42.4377], [-97.5436, 42.4385], [-97.5433, 42.2357], [-97.5628, 42.2361], [-97.5627, 42.0905], [-97.8345, 42.0898], [-97.8344, 42.4377]]]}}, {"type": "Feature", "properties": {"fips": "31165950100", "gap_national": 29.8, "gap_stratum": 32.9, "burden": 87.4, "capacity": 59.0, "svi": 0.48, "top_decile_gap": 0.0, "stratum": "rural", "scored": 1}, "geometry": {"type": "Polygon", "coordinates": [[[-104.053, 43.0006], [-103.5051, 43.0008], [-103.5031, 42.7849], [-103.4803, 42.7849], [-103.48, 42.4373], [-103.4443, 42.4373], [-103.4441, 42.0907], [-103.4016, 42.0904], [-103.4015, 42.0035], [-103.8533, 42.0004], [-104.0527, 42.0018], [-104.053, 43.0006]]]}}, {"type": "Feature", "properties": {"fips": "31157953800", "gap_national": 34.5, "gap_stratum": 12.2, "burden": 60.7, "capacity": 34.6, "svi": 0.66, "top_decile_gap": 0.0, "stratum": "micropolitan", "scored": 1}, "geometry": {"type": "Polygon", "coordinates": [[[-103.6747, 41.7997], [-103.675, 41.8212], [-103.6631, 41.8215], [-103.6632, 41.8303], [-103.6605, 41.8303], [-103.6626, 41.8516], [-103.6458, 41.845], [-103.6398, 41.8392], [-103.6084, 41.8367], [-103.5899, 41.8268], [-103.5928, 41.8259], [-103.5959, 41.8283], [-103.5974, 41.8262], [-103.6118, 41.8268], [-103.6227, 41.8181], [-103.617, 41.8157], [-103.6165, 41.7855], [-103.6937, 41.7852], [-103.6938, 41.7997], [-103.6747, 41.7997]]]}}, {"type": "Feature", "properties": {"fips": "31157953400", "gap_national": -28.4, "gap_stratum": -59.6, "burden": 58.4, "capacity": 79.0, "svi": 0.79, "top_decile_gap": 0.0, "stratum": "micropolitan", "scored": 1}, "geometry": {"type": "Polygon", "coordinates": [[[-103.6561, 41.8885], [-103.6563, 41.9151], [-103.6167, 41.9154], [-103.6168, 41.8967], [-103.5969, 41.8974], [-103.597, 41.8899], [-103.5775, 41.89], [-103.5777, 41.8637], [-103.5738, 41.8627], [-103.5731, 41.8603], [-103.5779, 41.8604], [-103.5779, 41.8407], [-103.5916, 41.8354], [-103.6166, 41.8435], [-103.634, 41.8637], [-103.6407, 41.8674], [-103.656, 41.8666], [-103.6561, 41.8739], [-103.6658, 41.8739], [-103.6658, 41.8885], [-103.6561, 41.8885]]]}}, {"type": "Feature", "properties": {"fips": "31157953700", "gap_national": 70.8, "gap_stratum": 63.4, "burden": 81.7, "capacity": 22.4, "svi": 0.82, "top_decile_gap": 1.0, "stratum": "micropolitan", "scored": 1}, "geometry": {"type": "Polygon", "coordinates": [[[-103.6559, 41.8593], [-103.656, 41.8666], [-103.6407, 41.8674], [-103.6315, 41.8613], [-103.6166, 41.8435], [-103.5916, 41.8354], [-103.5989, 41.831], [-103.6102, 41.8371], [-103.6398, 41.8392], [-103.6458, 41.845], [-103.6626, 41.8516], [-103.6627, 41.8593], [-103.6559, 41.8593]]]}}, {"type": "Feature", "properties": {"fips": "31167962200", "gap_national": 8.3, "gap_stratum": -17.1, "burden": 50.7, "capacity": 46.1, "svi": 0.3, "top_decile_gap": 0.0, "stratum": "micropolitan", "scored": 1}, "geometry": {"type": "Polygon", "coordinates": [[[-97.1368, 42.0907], [-97.1367, 41.9852], [-97.1452, 41.982], [-97.1405, 41.9788], [-97.1315, 41.9786], [-97.1189, 41.9828], [-97.1129, 41.979], [-97.1443, 41.9644], [-97.1614, 41.9588], [-97.1703, 41.9596], [-97.1748, 41.9537], [-97.1787, 41.9535], [-97.1801, 41.9589], [-97.1868, 41.9584], [-97.1936, 41.9509], [-97.203, 41.9483], [-97.2302, 41.9327], [-97.2391, 41.9326], [-97.239, 41.9264], [-97.2419, 41.9251], [-97.2508, 41.93], [-97.2554, 41.9376], [-97.259, 41.9377], [-97.2607, 41.934], [-97.2564, 41.9294], [-97.2563, 41.9257], [-97.267, 41.9217], [-97.2729, 41.9226], [-97.2745, 41.9262], [-97.2695, 41.9296], [-97.2794, 41.9385], [-97.2854, 41.9389], [-97.284, 41.9408], [-97.286, 41.9443], [-97.3036, 41.9466], [-97.3104, 41.9451], [-97.3207, 41.9557], [-97.325, 41.9542], [-97.326, 41.9512], [-97.3283, 41.9525], [-97.3434, 41.9713], [-97.3505, 41.9845], [-97.36, 41.9927], [-97.3682, 41.9957], [-97.3684, 42.0909], [-97.1368, 42.0907]]]}}, {"type": "Feature", "properties": {"fips": "31087962700", "gap_national": 13.4, "gap_stratum": -1.5, "burden": 79.2, "capacity": 64.6, "svi": 0.57, "top_decile_gap": 0.0, "stratum": "rural", "scored": 1}, "geometry": {"type": "Polygon", "coordinates": [[[-101.3234, 40.3506], [-100.7584, 40.3495], [-100.761, 40.1749], [-100.7585, 40.1563], [-100.7588, 40.0023], [-101.324, 40.0027], [-101.3253, 40.2634], [-101.3234, 40.3506]]]}}, {"type": "Feature", "properties": {"fips": "31153010702", "gap_national": -39.0, "gap_stratum": -30.9, "burden": 44.8, "capacity": 74.2, "svi": 0.17, "top_decile_gap": 0.0, "stratum": "metropolitan", "scored": 1}, "geometry": {"type": "Polygon", "coordinates": [[[-96.1389, 41.0461], [-96.1388, 41.1254], [-96.0428, 41.1252], [-96.0428, 41.1179], [-96.0045, 41.1181], [-96.0045, 41.1037], [-96.0092, 41.1035], [-96.0079, 41.0607], [-96.0341, 41.066], [-96.0563, 41.0654], [-96.0736, 41.058], [-96.1034, 41.0519], [-96.1312, 41.0314], [-96.1447, 41.0176], [-96.1576, 41.0134], [-96.1561, 41.0204], [-96.1389, 41.0461]]]}}, {"type": "Feature", "properties": {"fips": "31153010204", "gap_national": 10.0, "gap_stratum": 14.5, "burden": 35.5, "capacity": 30.4, "svi": 0.52, "top_decile_gap": 0.0, "stratum": "metropolitan", "scored": 1}, "geometry": {"type": "Polygon", "coordinates": [[[-95.9668, 41.1442], [-95.9512, 41.1434], [-95.9475, 41.1413], [-95.9476, 41.1472], [-95.9347, 41.1506], [-95.9331, 41.1401], [-95.9265, 41.1402], [-95.9279, 41.1115], [-95.9375, 41.1147], [-95.9376, 41.1293], [-95.9474, 41.1292], [-95.9474, 41.131], [-95.9614, 41.1328], [-95.9613, 41.1292], [-95.9665, 41.1291], [-95.9668, 41.1442]]]}}, {"type": "Feature", "properties": {"fips": "31153010631", "gap_national": -47.5, "gap_stratum": -44.3, "burden": 24.5, "capacity": 63.4, "svi": 0.04, "top_decile_gap": 0.0, "stratum": "metropolitan", "scored": 1}, "geometry": {"type": "Polygon", "coordinates": [[[-96.2343, 41.1903], [-96.2343, 41.1575], [-96.239, 41.1488], [-96.2394, 41.1396], [-96.251, 41.1317], [-96.2531, 41.1281], [-96.2517, 41.1251], [-96.3163, 41.1252], [-96.3199, 41.1321], [-96.3163, 41.1486], [-96.3208, 41.162], [-96.3229, 41.1812], [-96.3274, 41.19], [-96.2343, 41.1903]]]}}, {"type": "Feature", "properties": {"fips": "31153010203", "gap_national": -39.5, "gap_stratum": -34.3, "burden": 33.1, "capacity": 64.6, "svi": 0.2, "top_decile_gap": 0.0, "stratum": "metropolitan", "scored": 1}, "geometry": {"type": "Polygon", "coordinates": [[[-95.998, 41.1507], [-95.9935, 41.1509], [-95.9763, 41.145], [-95.9668, 41.1442], [-95.9665, 41.1217], [-95.9787, 41.1217], [-95.9847, 41.1182], [-96.0045, 41.1181], [-96.0045, 41.1434], [-96.0061, 41.1435], [-95.998, 41.1507]]]}}, {"type": "Feature", "properties": {"fips": "31119960700", "gap_national": 38.2, "gap_stratum": 12.6, "burden": 55.9, "capacity": 26.1, "svi": 0.51, "top_decile_gap": 0.0, "stratum": "micropolitan", "scored": 1}, "geometry": {"type": "Polygon", "coordinates": [[[-97.3684, 42.0909], [-97.3683, 42.0777], [-97.3783, 42.0742], [-97.3954, 42.0628], [-97.4028, 42.0505], [-97.4071, 42.0372], [-97.4169, 42.0363], [-97.4183, 42.0401], [-97.4267, 42.0399], [-97.4268, 42.0908], [-97.3684, 42.0909]]]}}, {"type": "Feature", "properties": {"fips": "31013951300", "gap_national": 44.1, "gap_stratum": 18.0, "burden": 66.9, "capacity": 32.6, "svi": 0.77, "top_decile_gap": 0.0, "stratum": "small_town", "scored": 1}, "geometry": {"type": "Polygon", "coordinates": [[[-102.9144, 42.0458], [-102.8996, 42.069], [-102.8982, 42.104], [-102.8583, 42.1048], [-102.8585, 42.0974], [-102.8457, 42.0909], [-102.7024, 42.0927], [-102.7021, 42.0513], [-102.6978, 42.0048], [-102.8279, 42.0009], [-102.9523, 42.0018], [-102.9144, 42.0458]]]}}, {"type": "Feature", "properties": {"fips": "31045950700", "gap_national": 6.3, "gap_stratum": -10.1, "burden": 33.9, "capacity": 32.0, "svi": 0.52, "top_decile_gap": 0.0, "stratum": "small_town", "scored": 1}, "geometry": {"type": "Polygon", "coordinates": [[[-103.0671, 42.8561], [-103.0369, 42.8415], [-103.0296, 42.8477], [-102.9788, 42.8473], [-102.9721, 42.7879], [-102.9679, 42.7711], [-102.9682, 42.7597], [-102.9507, 42.733], [-102.9539, 42.7106], [-102.9587, 42.7107], [-102.9691, 42.7212], [-102.9798, 42.7261], [-102.9815, 42.7305], [-102.9858, 42.7332], [-102.9877, 42.7406], [-102.9979, 42.749], [-102.9979, 42.756], [-103.0094, 42.7574], [-103.0128, 42.7596], [-103.0174, 42.7703], [-103.0248, 42.7702], [-103.0242, 42.7728], [-103.0311, 42.7795], [-103.0235, 42.7883], [-103.0258, 42.7949], [-103.0312, 42.7957], [-103.0316, 42.7986], [-103.0366, 42.8004], [-103.0401, 42.7986], [-103.0426, 42.8013], [-103.0449, 42.7997], [-103.0483, 42.8023], [-103.0524, 42.8015], [-103.0543, 42.8053], [-103.0519, 42.8067], [-103.0576, 42.8092], [-103.0622, 42.8158], [-103.0608, 42.8189], [-103.0674, 42.822], [-103.0671, 42.8561]]]}}, {"type": "Feature", "properties": {"fips": "31169963100", "gap_national": 12.3, "gap_stratum": -6.1, "burden": 74.6, "capacity": 62.2, "svi": 0.43, "top_decile_gap": 0.0, "stratum": "rural", "scored": 1}, "geometry": {"type": "Polygon", "coordinates": [[[-97.8208, 40.3505], [-97.3687, 40.3504], [-97.3687, 40.2161], [-97.3736, 40.2159], [-97.374, 40.2125], [-97.388, 40.2108], [-97.3879, 40.2197], [-97.4259, 40.2197], [-97.4259, 40.2052], [-97.5388, 40.2052], [-97.5392, 40.2198], [-97.5948, 40.22], [-97.5947, 40.2346], [-97.6516, 40.2346], [-97.652, 40.1034], [-97.6707, 40.1035], [-97.6707, 40.002], [-97.8215, 40.002], [-97.8208, 40.3505]]]}}, {"type": "Feature", "properties": {"fips": "31023967600", "gap_national": 8.9, "gap_stratum": -13.4, "burden": 64.9, "capacity": 57.0, "svi": 0.24, "top_decile_gap": 0.0, "stratum": "micropolitan", "scored": 1}, "geometry": {"type": "Polygon", "coordinates": [[[-97.3682, 41.3976], [-97.3409, 41.3911], [-97.3107, 41.4], [-97.2878, 41.4006], [-97.2542, 41.3843], [-97.1993, 41.3858], [-97.1857, 41.3791], [-97.1756, 41.3771], [-97.1235, 41.3874], [-97.1064, 41.3879], [-97.0912, 41.3929], [-97.0568, 41.4125], [-97.0157, 41.4139], [-96.9987, 41.4199], [-96.9647, 41.4418], [-96.9547, 41.4436], [-96.9265, 41.4551], [-96.9059, 41.4564], [-96.9058, 41.3941], [-96.9082, 41.3941], [-96.9087, 41.2059], [-97.0619, 41.2064], [-97.0622, 41.2929], [-97.1579, 41.2933], [-97.1575, 41.1927], [-97.368, 41.192], [-97.3682, 41.3976]]]}}, {"type": "Feature", "properties": {"fips": "31023967800", "gap_national": -10.0, "gap_stratum": -42.2, "burden": 59.1, "capacity": 65.0, "svi": 0.06, "top_decile_gap": 0.0, "stratum": "rural", "scored": 1}, "geometry": {"type": "Polygon", "coordinates": [[[-97.368, 41.192], [-97.1625, 41.1918], [-97.1575, 41.1927], [-97.1571, 41.2062], [-96.9087, 41.2059], [-96.9085, 41.0461], [-97.3681, 41.0469], [-97.368, 41.192]]]}}, {"type": "Feature", "properties": {"fips": "31053963700", "gap_national": -0.9, "gap_stratum": -25.9, "burden": 57.1, "capacity": 57.5, "svi": 0.18, "top_decile_gap": 0.0, "stratum": "rural", "scored": 1}, "geometry": {"type": "Polygon", "coordinates": [[[-96.906, 41.6699], [-96.7899, 41.67], [-96.7899, 41.6554], [-96.6867, 41.655], [-96.6826, 41.6589], [-96.6564, 41.6508], [-96.6498, 41.6447], [-96.6345, 41.6417], [-96.6136, 41.6287], [-96.5978, 41.6224], [-96.5967, 41.4515], [-96.6166, 41.4516], [-96.617, 41.4493], [-96.6166, 41.444], [-96.606, 41.4443], [-96.6036, 41.442], [-96.6047, 41.4345], [-96.6078, 41.4331], [-96.6403, 41.4362], [-96.6557, 41.4294], [-96.6727, 41.4261], [-96.6937, 41.4257], [-96.7102, 41.4307], [-96.7316, 41.4448], [-96.7465, 41.4496], [-96.7743, 41.4501], [-96.7886, 41.4445], [-96.7975, 41.4447], [-96.8152, 41.4396], [-96.8338, 41.4457], [-96.853, 41.4452], [-96.862, 41.4493], [-96.8842, 41.4528], [-96.9059, 41.4534], [-96.906, 41.6699]]]}}, {"type": "Feature", "properties": {"fips": "31053964300", "gap_national": 34.8, "gap_stratum": 14.6, "burden": 64.8, "capacity": 38.3, "svi": 0.5, "top_decile_gap": 0.0, "stratum": "micropolitan", "scored": 1}, "geometry": {"type": "Polygon", "coordinates": [[[-96.4835, 41.4405], [-96.4731, 41.4405], [-96.4737, 41.4369], [-96.4547, 41.434], [-96.4539, 41.4223], [-96.4451, 41.4219], [-96.4449, 41.3933], [-96.4832, 41.4222], [-96.4835, 41.4405]]]}}, {"type": "Feature", "properties": {"fips": "31053964200", "gap_national": 28.6, "gap_stratum": 3.0, "burden": 41.5, "capacity": 18.6, "svi": 0.68, "top_decile_gap": 0.0, "stratum": "micropolitan", "scored": 1}, "geometry": {"type": "Polygon", "coordinates": [[[-96.4835, 41.4382], [-96.4827, 41.4224], [-96.5085, 41.4329], [-96.5106, 41.4391], [-96.4835, 41.4382]]]}}, {"type": "Feature", "properties": {"fips": "31043010200", "gap_national": 27.5, "gap_stratum": 33.8, "burden": 44.2, "capacity": 23.1, "svi": 0.66, "top_decile_gap": 0.0, "stratum": "metropolitan", "scored": 1}, "geometry": {"type": "Polygon", "coordinates": [[[-96.4267, 42.4625], [-96.4155, 42.4635], [-96.4156, 42.4692], [-96.4186, 42.4692], [-96.4171, 42.4737], [-96.4042, 42.4727], [-96.4042, 42.4677], [-96.386, 42.4745], [-96.3801, 42.4515], [-96.3806, 42.4469], [-96.4353, 42.4505], [-96.4267, 42.4625]]]}}, {"type": "Feature", "properties": {"fips": "31043010400", "gap_national": 29.4, "gap_stratum": 32.7, "burden": 73.4, "capacity": 49.9, "svi": 0.57, "top_decile_gap": 0.0, "stratum": "metropolitan", "scored": 1}, "geometry": {"type": "Polygon", "coordinates": [[[-96.7264, 42.4308], [-96.7261, 42.4374], [-96.722, 42.4375], [-96.7222, 42.5247], [-96.6315, 42.5243], [-96.626, 42.5136], [-96.6115, 42.5061], [-96.6035, 42.5045], [-96.5911, 42.5054], [-96.5679, 42.5179], [-96.5578, 42.5204], [-96.538, 42.5181], [-96.5251, 42.5102], [-96.5159, 42.4943], [-96.5065, 42.4853], [-96.5177, 42.4787], [-96.5255, 42.47], [-96.5098, 42.4695], [-96.5032, 42.461], [-96.5024, 42.438], [-96.4435, 42.4307], [-96.4435, 42.3936], [-96.4404, 42.3936], [-96.4494, 42.3791], [-96.4088, 42.3791], [-96.4084, 42.3761], [-96.4179, 42.3587], [-96.4178, 42.3514], [-96.4139, 42.3434], [-96.408, 42.3374], [-96.3842, 42.3259], [-96.3753, 42.3183], [-96.3692, 42.3083], [-96.3685, 42.2918], [-96.3658, 42.2859], [-96.3564, 42.2765], [-96.7239, 42.278], [-96.7267, 42.278], [-96.7264, 42.4308]]]}}, {"type": "Feature", "properties": {"fips": "31027977200", "gap_national": -4.0, "gap_stratum": -33.6, "burden": 61.6, "capacity": 63.0, "svi": 0.31, "top_decile_gap": 0.0, "stratum": "rural", "scored": 1}, "geometry": {"type": "Polygon", "coordinates": [[[-97.4855, 42.6127], [-97.3481, 42.6127], [-97.348, 42.5838], [-97.2499, 42.5836], [-97.25, 42.5975], [-97.247, 42.599], [-97.2499, 42.604], [-97.2491, 42.6146], [-97.2446, 42.6125], [-97.0156, 42.612], [-97.0153, 42.438], [-97.0175, 42.4381], [-97.0178, 42.3513], [-97.3677, 42.3519], [-97.3676, 42.4388], [-97.4853, 42.4386], [-97.4855, 42.6127]]]}}, {"type": "Feature", "properties": {"fips": "31011960100", "gap_national": 16.1, "gap_stratum": -2.0, "burden": 69.5, "capacity": 55.9, "svi": 0.23, "top_decile_gap": 0.0, "stratum": "rural", "scored": 1}, "geometry": {"type": "Polygon", "coordinates": [[[-98.2956, 41.915], [-97.8333, 41.9163], [-97.8298, 41.5262], [-97.8855, 41.5259], [-97.8864, 41.5114], [-98.0413, 41.5105], [-98.0415, 41.496], [-98.0998, 41.4954], [-98.0995, 41.4808], [-98.2913, 41.4807], [-98.2909, 41.7412], [-98.2958, 41.7412], [-98.2956, 41.915]], [[-98.0517, 41.6505], [-98.0426, 41.6506], [-98.0425, 41.6469], [-98.0233, 41.6472], [-98.0232, 41.6255], [-98.0041, 41.6257], [-98.0039, 41.6763], [-97.9791, 41.6766], [-98.0079, 41.6979], [-98.0424, 41.6976], [-98.0424, 41.6904], [-98.0469, 41.6893], [-98.052, 41.6835], [-98.0517, 41.6505]]]}}, {"type": "Feature", "properties": {"fips": "31055005400", "gap_national": 58.0, "gap_stratum": 63.5, "burden": 68.6, "capacity": 21.0, "svi": 0.92, "top_decile_gap": 1.0, "stratum": "metropolitan", "scored": 1}, "geometry": {"type": "Polygon", "coordinates": [[[-95.9806, 41.2831], [-95.9806, 41.2887], [-95.9721, 41.2887], [-95.9723, 41.2814], [-95.9758, 41.2814], [-95.9773, 41.2731], [-95.9835, 41.2732], [-95.9835, 41.281], [-95.9806, 41.2831]]]}}, {"type": "Feature", "properties": {"fips": "31055005901", "gap_national": 73.2, "gap_stratum": 72.6, "burden": 91.1, "capacity": 28.6, "svi": 0.97, "top_decile_gap": 1.0, "stratum": "metropolitan", "scored": 1}, "geometry": {"type": "Polygon", "coordinates": [[[-95.9722, 41.2996], [-95.9721, 41.2887], [-95.9855, 41.2887], [-95.9855, 41.2996], [-95.9722, 41.2996]]]}}, {"type": "Feature", "properties": {"fips": "31055006000", "gap_national": 77.9, "gap_stratum": 77.4, "burden": 91.7, "capacity": 24.2, "svi": 0.95, "top_decile_gap": 1.0, "stratum": "metropolitan", "scored": 1}, "geometry": {"type": "Polygon", "coordinates": [[[-95.9854, 41.3067], [-95.9688, 41.3072], [-95.9565, 41.3029], [-95.9566, 41.2996], [-95.9855, 41.2996], [-95.9854, 41.3067]]]}}, {"type": "Feature", "properties": {"fips": "31055006903", "gap_national": -30.4, "gap_stratum": -29.3, "burden": 22.2, "capacity": 50.3, "svi": 0.15, "top_decile_gap": 0.0, "stratum": "metropolitan", "scored": 1}, "geometry": {"type": "Polygon", "coordinates": [[[-96.1007, 41.234], [-96.0866, 41.2342], [-96.0909, 41.2215], [-96.1007, 41.2215], [-96.1007, 41.234]]]}}, {"type": "Feature", "properties": {"fips": "31055007439", "gap_national": -32.0, "gap_stratum": -31.3, "burden": 20.6, "capacity": 50.1, "svi": 0.13, "top_decile_gap": 0.0, "stratum": "metropolitan", "scored": 1}, "geometry": {"type": "Polygon", "coordinates": [[[-96.0971, 41.2913], [-96.0949, 41.2777], [-96.1196, 41.2776], [-96.1196, 41.2922], [-96.0971, 41.2913]]]}}, {"type": "Feature", "properties": {"fips": "31055006503", "gap_national": -22.5, "gap_stratum": -16.5, "burden": 42.6, "capacity": 60.6, "svi": 0.23, "top_decile_gap": 0.0, "stratum": "metropolitan", "scored": 1}, "geometry": {"type": "Polygon", "coordinates": [[[-96.0526, 41.3131], [-96.0464, 41.3105], [-96.0418, 41.3127], [-96.0238, 41.3127], [-96.0239, 41.2976], [-96.0336, 41.3027], [-96.033, 41.2988], [-96.0372, 41.2964], [-96.0526, 41.2984], [-96.0526, 41.3131]]]}}, {"type": "Feature", "properties": {"fips": "31055006905", "gap_national": -0.5, "gap_stratum": 3.2, "burden": 33.8, "capacity": 37.8, "svi": 0.27, "top_decile_gap": 0.0, "stratum": "metropolitan", "scored": 1}, "geometry": {"type": "Polygon", "coordinates": [[[-96.0575, 41.2249], [-96.0546, 41.2323], [-96.0581, 41.2335], [-96.0431, 41.2343], [-96.0431, 41.2216], [-96.0623, 41.222], [-96.0575, 41.2249]]]}}, {"type": "Feature", "properties": {"fips": "31055006504", "gap_national": 25.7, "gap_stratum": 29.4, "burden": 72.3, "capacity": 51.6, "svi": 0.49, "top_decile_gap": 0.0, "stratum": "metropolitan", "scored": 1}, "geometry": {"type": "Polygon", "coordinates": [[[-96.0526, 41.2984], [-96.0372, 41.2964], [-96.033, 41.2988], [-96.0336, 41.3027], [-96.0239, 41.2976], [-96.0239, 41.2851], [-96.0526, 41.2851], [-96.0526, 41.2984]]]}}, {"type": "Feature", "properties": {"fips": "31055006604", "gap_national": -0.6, "gap_stratum": 3.3, "burden": 35.4, "capacity": 39.3, "svi": 0.48, "top_decile_gap": 0.0, "stratum": "metropolitan", "scored": 1}, "geometry": {"type": "Polygon", "coordinates": [[[-96.0239, 41.2778], [-96.0239, 41.2633], [-96.0363, 41.2633], [-96.0441, 41.2724], [-96.0458, 41.2779], [-96.0239, 41.2778]]]}}, {"type": "Feature", "properties": {"fips": "31055007407", "gap_national": -24.2, "gap_stratum": -20.2, "burden": 34.1, "capacity": 55.2, "svi": 0.53, "top_decile_gap": 0.0, "stratum": "metropolitan", "scored": 1}, "geometry": {"type": "Polygon", "coordinates": [[[-96.1007, 41.2486], [-96.1007, 41.234], [-96.1195, 41.2341], [-96.1196, 41.2486], [-96.1007, 41.2486]]]}}, {"type": "Feature", "properties": {"fips": "31055007432", "gap_national": 14.5, "gap_stratum": 19.5, "burden": 37.4, "capacity": 28.4, "svi": 0.54, "top_decile_gap": 0.0, "stratum": "metropolitan", "scored": 1}, "geometry": {"type": "Polygon", "coordinates": [[[-96.1196, 41.3066], [-96.1044, 41.3066], [-96.0971, 41.2913], [-96.1196, 41.2922], [-96.1196, 41.3066]]]}}, {"type": "Feature", "properties": {"fips": "31055007452", "gap_national": -53.2, "gap_stratum": -51.8, "burden": 17.5, "capacity": 61.8, "svi": 0.03, "top_decile_gap": 0.0, "stratum": "metropolitan", "scored": 1}, "geometry": {"type": "Polygon", "coordinates": [[[-96.1962, 41.2268], [-96.1906, 41.2273], [-96.1876, 41.2262], [-96.1882, 41.2241], [-96.1771, 41.2208], [-96.1773, 41.2052], [-96.1965, 41.2052], [-96.1962, 41.2268]]]}}, {"type": "Feature", "properties": {"fips": "31055007312", "gap_national": 51.2, "gap_stratum": 54.5, "burden": 75.0, "capacity": 34.4, "svi": 0.63, "top_decile_gap": 0.0, "stratum": "metropolitan", "scored": 1}, "geometry": {"type": "Polygon", "coordinates": [[[-96.0692, 41.3222], [-96.0627, 41.3272], [-96.0522, 41.3166], [-96.0526, 41.3067], [-96.0709, 41.3067], [-96.0692, 41.3222]]]}}, {"type": "Feature", "properties": {"fips": "31055007461", "gap_national": -29.3, "gap_stratum": -29.0, "burden": 18.9, "capacity": 46.9, "svi": 0.04, "top_decile_gap": 0.0, "stratum": "metropolitan", "scored": 1}, "geometry": {"type": "Polygon", "coordinates": [[[-96.1773, 41.2052], [-96.1582, 41.2054], [-96.1583, 41.1908], [-96.1775, 41.1906], [-96.1773, 41.2052]]]}}, {"type": "Feature", "properties": {"fips": "31055000300", "gap_national": 74.9, "gap_stratum": 75.2, "burden": 88.5, "capacity": 24.7, "svi": 0.95, "top_decile_gap": 1.0, "stratum": "metropolitan", "scored": 1}, "geometry": {"type": "Polygon", "coordinates": [[[-95.9565, 41.3176], [-95.9454, 41.3176], [-95.9437, 41.3071], [-95.9469, 41.305], [-95.9469, 41.3067], [-95.9566, 41.3067], [-95.9565, 41.3176]]]}}, {"type": "Feature", "properties": {"fips": "31055001600", "gap_national": 6.3, "gap_stratum": 7.9, "burden": 14.8, "capacity": 9.1, "svi": 0.38, "top_decile_gap": 0.0, "stratum": "metropolitan", "scored": 1}, "geometry": {"type": "Polygon", "coordinates": [[[-95.9359, 41.2678], [-95.9358, 41.2648], [-95.9331, 41.2648], [-95.9332, 41.2597], [-95.9566, 41.2598], [-95.9565, 41.2679], [-95.9359, 41.2678]]]}}, {"type": "Feature", "properties": {"fips": "31055002000", "gap_national": 66.5, "gap_stratum": 73.5, "burden": 66.4, "capacity": 7.6, "svi": 0.87, "top_decile_gap": 1.0, "stratum": "metropolitan", "scored": 1}, "geometry": {"type": "Polygon", "coordinates": [[[-95.9482, 41.24], [-95.9372, 41.2495], [-95.9374, 41.2344], [-95.947, 41.2318], [-95.947, 41.2262], [-95.954, 41.2271], [-95.9482, 41.24]]]}}, {"type": "Feature", "properties": {"fips": "31055002900", "gap_national": 83.0, "gap_stratum": 85.9, "burden": 82.7, "capacity": 9.5, "svi": 0.99, "top_decile_gap": 1.0, "stratum": "metropolitan", "scored": 1}, "geometry": {"type": "Polygon", "coordinates": [[[-95.9673, 41.2054], [-95.9471, 41.2056], [-95.9468, 41.2014], [-95.9368, 41.191], [-95.9577, 41.1909], [-95.9577, 41.1976], [-95.9674, 41.1981], [-95.9673, 41.2054]]]}}, {"type": "Feature", "properties": {"fips": "31055003900", "gap_national": 32.4, "gap_stratum": 38.8, "burden": 36.2, "capacity": 5.8, "svi": 0.9, "top_decile_gap": 0.0, "stratum": "metropolitan", "scored": 1}, "geometry": {"type": "Polygon", "coordinates": [[[-95.947, 41.2524], [-95.947, 41.249], [-95.9614, 41.2488], [-95.9614, 41.2524], [-95.947, 41.2524]]]}}, {"type": "Feature", "properties": {"fips": "31055004300", "gap_national": -3.0, "gap_stratum": -2.3, "burden": 14.2, "capacity": 19.4, "svi": 0.44, "top_decile_gap": 0.0, "stratum": "metropolitan", "scored": 1}, "geometry": {"type": "Polygon", "coordinates": [[[-95.9758, 41.2597], [-95.9664, 41.2597], [-95.9662, 41.2488], [-95.9758, 41.2488], [-95.9758, 41.2597]]]}}, {"type": "Feature", "properties": {"fips": "31055004600", "gap_national": -38.1, "gap_stratum": -38.4, "burden": 15.6, "capacity": 50.5, "svi": 0.05, "top_decile_gap": 0.0, "stratum": "metropolitan", "scored": 1}, "geometry": {"type": "Polygon", "coordinates": [[[-96.007, 41.2559], [-96.0049, 41.2596], [-95.9951, 41.2597], [-95.9958, 41.2524], [-96.0048, 41.2524], [-96.0048, 41.2487], [-96.0239, 41.2488], [-96.0239, 41.256], [-96.007, 41.2559]]]}}, {"type": "Feature", "properties": {"fips": "31001966200", "gap_national": -10.1, "gap_stratum": -37.9, "burden": 60.3, "capacity": 66.0, "svi": 0.11, "top_decile_gap": 0.0, "stratum": "micropolitan", "scored": 1}, "geometry": {"type": "Polygon", "coordinates": [[[-98.7241, 40.5677], [-98.4589, 40.5681], [-98.459, 40.539], [-98.318, 40.5389], [-98.319, 40.5472], [-98.3266, 40.5517], [-98.3265, 40.5824], [-98.2783, 40.5823], [-98.2781, 40.3503], [-98.7239, 40.3504], [-98.7241, 40.5677]]]}}, {"type": "Feature", "properties": {"fips": "31021963200", "gap_national": 11.1, "gap_stratum": -10.3, "burden": 66.5, "capacity": 56.9, "svi": 0.47, "top_decile_gap": 0.0, "stratum": "rural", "scored": 1}, "geometry": {"type": "Polygon", "coordinates": [[[-96.5552, 41.8869], [-96.4443, 41.887], [-96.4443, 41.8724], [-96.3473, 41.8723], [-96.3474, 41.8868], [-96.3283, 41.8869], [-96.3282, 41.8288], [-96.3378, 41.8288], [-96.3377, 41.8143], [-96.3472, 41.8143], [-96.3473, 41.7563], [-96.3279, 41.7563], [-96.3289, 41.7268], [-96.3096, 41.7269], [-96.3094, 41.6834], [-96.4448, 41.6836], [-96.4442, 41.7418], [-96.5552, 41.742], [-96.5552, 41.8869]]]}}, {"type": "Feature", "properties": {"fips": "31051977800", "gap_national": 45.2, "gap_stratum": 34.9, "burden": 75.8, "capacity": 40.1, "svi": 0.75, "top_decile_gap": 0.0, "stratum": "rural", "scored": 1}, "geometry": {"type": "Polygon", "coordinates": [[[-97.0175, 42.4381], [-97.0153, 42.438], [-97.0157, 42.4671], [-96.8426, 42.467], [-96.8258, 42.4722], [-96.7991, 42.4718], [-96.7649, 42.4751], [-96.7218, 42.474], [-96.722, 42.4375], [-96.7261, 42.4374], [-96.7264, 42.4308], [-96.7262, 42.2641], [-97.0177, 42.2645], [-97.0175, 42.4381]]]}}, {"type": "Feature", "properties": {"fips": "31039972800", "gap_national": 24.0, "gap_stratum": 4.1, "burden": 64.0, "capacity": 46.0, "svi": 0.49, "top_decile_gap": 0.0, "stratum": "rural", "scored": 1}, "geometry": {"type": "Polygon", "coordinates": [[[-96.7537, 41.8944], [-96.7485, 41.8909], [-96.7484, 41.902], [-96.5552, 41.9014], [-96.5552, 41.742], [-96.7279, 41.7423], [-96.7253, 41.7565], [-96.732, 41.7913], [-96.7276, 41.803], [-96.7266, 41.8423], [-96.7243, 41.8489], [-96.7289, 41.8601], [-96.7439, 41.8734], [-96.7457, 41.8809], [-96.7612, 41.882], [-96.768, 41.8865], [-96.7696, 41.8903], [-96.7784, 41.8947], [-96.7537, 41.8944]]]}}, {"type": "Feature", "properties": {"fips": "31141965400", "gap_national": 42.1, "gap_stratum": 21.1, "burden": 64.4, "capacity": 31.7, "svi": 0.6, "top_decile_gap": 0.0, "stratum": "micropolitan", "scored": 1}, "geometry": {"type": "Polygon", "coordinates": [[[-97.3587, 41.4531], [-97.3498, 41.4531], [-97.3547, 41.4595], [-97.3491, 41.4662], [-97.3492, 41.4968], [-97.2525, 41.4966], [-97.2524, 41.4387], [-97.3586, 41.4386], [-97.3587, 41.4531]]]}}, {"type": "Feature", "properties": {"fips": "31141965700", "gap_national": 28.3, "gap_stratum": 6.4, "burden": 61.0, "capacity": 40.0, "svi": 0.49, "top_decile_gap": 0.0, "stratum": "micropolitan", "scored": 1}, "geometry": {"type": "Polygon", "coordinates": [[[-97.419, 41.4496], [-97.4001, 41.4388], [-97.3682, 41.4387], [-97.3681, 41.4166], [-97.3797, 41.4141], [-97.3923, 41.4184], [-97.3992, 41.4259], [-97.3996, 41.4302], [-97.4171, 41.4329], [-97.4336, 41.4394], [-97.419, 41.4496]]]}}, {"type": "Feature", "properties": {"fips": "31119960802", "gap_national": -33.3, "gap_stratum": -66.3, "burden": 51.1, "capacity": 75.6, "svi": 0.15, "top_decile_gap": 0.0, "stratum": "micropolitan", "scored": 1}, "geometry": {"type": "Polygon", "coordinates": [[[-97.4268, 42.0908], [-97.4267, 42.0617], [-97.446, 42.0616], [-97.4465, 42.028], [-97.4534, 42.0324], [-97.5043, 42.0324], [-97.5047, 42.0906], [-97.4268, 42.0908]]]}}, {"type": "Feature", "properties": {"fips": "31039972900", "gap_national": 14.7, "gap_stratum": -2.7, "burden": 71.9, "capacity": 58.6, "svi": 0.34, "top_decile_gap": 0.0, "stratum": "rural", "scored": 1}, "geometry": {"type": "Polygon", "coordinates": [[[-96.5555, 42.09], [-96.5552, 41.9014], [-96.7484, 41.902], [-96.7485, 41.8909], [-96.7537, 41.8944], [-96.7784, 41.8947], [-96.7799, 41.8998], [-96.7875, 41.9046], [-96.8091, 41.9071], [-96.8161, 41.9151], [-96.8258, 41.9199], [-96.8344, 41.9326], [-96.8455, 41.9426], [-96.8601, 41.9429], [-96.862, 41.948], [-96.8647, 41.9484], [-96.8747, 41.9463], [-96.8794, 41.951], [-96.8791, 41.9621], [-96.8647, 41.9603], [-96.8649, 42.0035], [-96.9032, 42.0036], [-96.9033, 42.0905], [-96.5555, 42.09]]]}}, {"type": "Feature", "properties": {"fips": "31153010302", "gap_national": -0.4, "gap_stratum": 0.1, "burden": 9.5, "capacity": 11.5, "svi": 0.04, "top_decile_gap": 0.0, "stratum": "metropolitan", "scored": 1}, "geometry": {"type": "Polygon", "coordinates": [[[-95.9264, 41.1355], [-95.9215, 41.1364], [-95.9085, 41.1361], [-95.9074, 41.1334], [-95.9042, 41.1339], [-95.9075, 41.1216], [-95.9034, 41.1192], [-95.878, 41.1185], [-95.8781, 41.1112], [-95.8895, 41.1112], [-95.8924, 41.1071], [-95.9091, 41.0992], [-95.9279, 41.1117], [-95.9264, 41.1355]]]}}, {"type": "Feature", "properties": {"fips": "31153010629", "gap_national": -26.9, "gap_stratum": -27.4, "burden": 14.7, "capacity": 41.6, "svi": 0.05, "top_decile_gap": 0.0, "stratum": "metropolitan", "scored": 1}, "geometry": {"type": "Polygon", "coordinates": [[[-96.169, 41.1363], [-96.1537, 41.1525], [-96.1013, 41.1906], [-96.0814, 41.1908], [-96.0812, 41.1762], [-96.0908, 41.1767], [-96.0908, 41.1253], [-96.1961, 41.1257], [-96.169, 41.1363]]]}}, {"type": "Feature", "properties": {"fips": "31019969203", "gap_national": -17.2, "gap_stratum": -47.9, "burden": 52.6, "capacity": 64.8, "svi": 0.5, "top_decile_gap": 0.0, "stratum": "micropolitan", "scored": 1}, "geometry": {"type": "Polygon", "coordinates": [[[-99.0838, 40.7647], [-98.9883, 40.7644], [-98.9883, 40.7321], [-98.9835, 40.7319], [-98.9835, 40.7231], [-98.9884, 40.7228], [-98.9885, 40.7164], [-99.0267, 40.7077], [-99.0267, 40.7138], [-99.084, 40.7152], [-99.0838, 40.7647]]]}}, {"type": "Feature", "properties": {"fips": "31109003302", "gap_national": 8.6, "gap_stratum": 11.6, "burden": 24.7, "capacity": 19.2, "svi": 0.48, "top_decile_gap": 0.0, "stratum": "metropolitan", "scored": 1}, "geometry": {"type": "Polygon", "coordinates": [[[-96.7961, 40.8428], [-96.7873, 40.8428], [-96.7873, 40.8469], [-96.7799, 40.8469], [-96.7791, 40.8438], [-96.7692, 40.8415], [-96.7669, 40.8394], [-96.7669, 40.827], [-96.7645, 40.8242], [-96.758, 40.8253], [-96.7574, 40.8302], [-96.7537, 40.8329], [-96.7458, 40.8318], [-96.7564, 40.8175], [-96.7533, 40.81], [-96.7845, 40.8066], [-96.7909, 40.8022], [-96.7964, 40.7905], [-96.7961, 40.8428]]]}}, {"type": "Feature", "properties": {"fips": "31141965301", "gap_national": -6.7, "gap_stratum": -33.4, "burden": 48.8, "capacity": 55.0, "svi": 0.5, "top_decile_gap": 0.0, "stratum": "micropolitan", "scored": 1}, "geometry": {"type": "Polygon", "coordinates": [[[-97.4652, 41.4984], [-97.4652, 41.4968], [-97.4092, 41.4968], [-97.4002, 41.4988], [-97.3935, 41.4968], [-97.3492, 41.4968], [-97.3491, 41.4662], [-97.3547, 41.4595], [-97.3498, 41.4531], [-97.3875, 41.4533], [-97.3875, 41.4387], [-97.3995, 41.4387], [-97.43, 41.4552], [-97.4649, 41.4579], [-97.4649, 41.4606], [-97.484, 41.4606], [-97.4842, 41.4969], [-97.4652, 41.4984]]]}}, {"type": "Feature", "properties": {"fips": "31043010102", "gap_national": 45.7, "gap_stratum": 52.8, "burden": 56.7, "capacity": 19.1, "svi": 0.83, "top_decile_gap": 0.0, "stratum": "metropolitan", "scored": 1}, "geometry": {"type": "Polygon", "coordinates": [[[-96.4217, 42.4888], [-96.3961, 42.4841], [-96.386, 42.4745], [-96.4042, 42.4677], [-96.4041, 42.479], [-96.4229, 42.4819], [-96.4217, 42.4888]]]}}, {"type": "Feature", "properties": {"fips": "31055007521", "gap_national": -14.5, "gap_stratum": -14.4, "burden": 15.0, "capacity": 31.7, "svi": 0.01, "top_decile_gap": 0.0, "stratum": "metropolitan", "scored": 1}, "geometry": {"type": "Polygon", "coordinates": [[[-96.1964, 41.3065], [-96.1773, 41.3065], [-96.1774, 41.2921], [-96.1967, 41.2921], [-96.1964, 41.3065]]]}}, {"type": "Feature", "properties": {"fips": "31055007519", "gap_national": -44.5, "gap_stratum": -45.2, "burden": 12.8, "capacity": 52.9, "svi": 0.05, "top_decile_gap": 0.0, "stratum": "metropolitan", "scored": 1}, "geometry": {"type": "Polygon", "coordinates": [[[-96.1967, 41.292], [-96.1965, 41.2776], [-96.1772, 41.2775], [-96.1764, 41.2637], [-96.2156, 41.2629], [-96.2159, 41.292], [-96.1967, 41.292]]]}}, {"type": "Feature", "properties": {"fips": "31153010205", "gap_national": -21.7, "gap_stratum": -20.6, "burden": 22.3, "capacity": 44.0, "svi": 0.02, "top_decile_gap": 0.0, "stratum": "metropolitan", "scored": 1}, "geometry": {"type": "Polygon", "coordinates": [[[-95.9665, 41.1089], [-95.9604, 41.1077], [-95.9472, 41.1104], [-95.9477, 41.0969], [-95.9665, 41.0964], [-95.9665, 41.1089]]]}}, {"type": "Feature", "properties": {"fips": "31109003726", "gap_national": -35.0, "gap_stratum": -35.7, "burden": 14.2, "capacity": 47.4, "svi": 0.05, "top_decile_gap": 0.0, "stratum": "metropolitan", "scored": 1}, "geometry": {"type": "Polygon", "coordinates": [[[-96.6444, 40.7263], [-96.6444, 40.6973], [-96.681, 40.6974], [-96.6825, 40.7264], [-96.6444, 40.7263]]]}}, {"type": "Feature", "properties": {"fips": "31109010402", "gap_national": -47.1, "gap_stratum": -42.0, "burden": 30.3, "capacity": 67.5, "svi": 0.12, "top_decile_gap": 0.0, "stratum": "metropolitan", "scored": 1}, "geometry": {"type": "Polygon", "coordinates": [[[-96.5918, 40.5817], [-96.5912, 40.6182], [-96.5725, 40.6182], [-96.5721, 40.6972], [-96.5678, 40.6972], [-96.5678, 40.7841], [-96.4638, 40.784], [-96.4636, 40.523], [-96.6849, 40.5233], [-96.6863, 40.5813], [-96.5918, 40.5817]]]}}, {"type": "Feature", "properties": {"fips": "31109003727", "gap_national": -47.5, "gap_stratum": -44.9, "burden": 22.6, "capacity": 61.8, "svi": 0.03, "top_decile_gap": 0.0, "stratum": "metropolitan", "scored": 1}, "geometry": {"type": "Polygon", "coordinates": [[[-96.6059, 40.828], [-96.5676, 40.8275], [-96.5677, 40.8131], [-96.6061, 40.8149], [-96.6059, 40.828]]]}}, {"type": "Feature", "properties": {"fips": "31109003005", "gap_national": 15.7, "gap_stratum": 21.3, "burden": 47.8, "capacity": 37.8, "svi": 0.47, "top_decile_gap": 0.0, "stratum": "metropolitan", "scored": 1}, "geometry": {"type": "Polygon", "coordinates": [[[-96.7011, 40.8707], [-96.7011, 40.8682], [-96.6819, 40.8657], [-96.682, 40.857], [-96.7079, 40.8573], [-96.7132, 40.8552], [-96.7161, 40.8622], [-96.7011, 40.8707]]]}}, {"type": "Feature", "properties": {"fips": "31109003004", "gap_national": -29.0, "gap_stratum": -24.1, "burden": 35.8, "capacity": 59.6, "svi": 0.31, "top_decile_gap": 0.0, "stratum": "metropolitan", "scored": 1}, "geometry": {"type": "Polygon", "coordinates": [[[-96.6975, 40.8728], [-96.682, 40.8865], [-96.6819, 40.8657], [-96.7011, 40.8682], [-96.7011, 40.8707], [-96.6975, 40.8728]]]}}, {"type": "Feature", "properties": {"fips": "31153010505", "gap_national": 23.0, "gap_stratum": 29.1, "burden": 47.6, "capacity": 31.3, "svi": 0.46, "top_decile_gap": 0.0, "stratum": "metropolitan", "scored": 1}, "geometry": {"type": "Polygon", "coordinates": [[[-95.9479, 41.191], [-95.9477, 41.169], [-95.9672, 41.1693], [-95.9674, 41.1908], [-95.9479, 41.191]]]}}, {"type": "Feature", "properties": {"fips": "31153010638", "gap_national": -57.9, "gap_stratum": -55.9, "burden": 17.8, "capacity": 65.2, "svi": 0.07, "top_decile_gap": 0.0, "stratum": "metropolitan", "scored": 1}, "geometry": {"type": "Polygon", "coordinates": [[[-95.9869, 41.1617], [-95.9669, 41.1489], [-95.9668, 41.1442], [-95.9763, 41.145], [-95.9935, 41.1509], [-96.0066, 41.1503], [-96.0229, 41.1532], [-96.0234, 41.1616], [-95.9869, 41.1617]]]}}, {"type": "Feature", "properties": {"fips": "31067965200", "gap_national": 22.6, "gap_stratum": 12.0, "burden": 80.6, "capacity": 59.5, "svi": 0.4, "top_decile_gap": 0.0, "stratum": "micropolitan", "scored": 1}, "geometry": {"type": "Polygon", "coordinates": [[[-96.7463, 40.2193], [-96.7274, 40.2191], [-96.7274, 40.2336], [-96.6901, 40.2336], [-96.6895, 40.2192], [-96.6519, 40.219], [-96.6518, 40.1903], [-96.6144, 40.1902], [-96.6147, 40.1755], [-96.5768, 40.1753], [-96.5768, 40.2043], [-96.4636, 40.2042], [-96.4637, 40.001], [-96.6899, 40.0012], [-96.6898, 40.0449], [-96.671, 40.0447], [-96.6709, 40.0738], [-96.6896, 40.0738], [-96.6895, 40.0883], [-96.7083, 40.0886], [-96.7089, 40.1028], [-96.747, 40.1028], [-96.7463, 40.2193]]]}}, {"type": "Feature", "properties": {"fips": "31067964900", "gap_national": 36.5, "gap_stratum": 32.0, "burden": 83.8, "capacity": 52.3, "svi": 0.52, "top_decile_gap": 0.0, "stratum": "micropolitan", "scored": 1}, "geometry": {"type": "Polygon", "coordinates": [[[-96.7374, 40.3175], [-96.7372, 40.3209], [-96.6617, 40.3206], [-96.6616, 40.3061], [-96.671, 40.3061], [-96.6714, 40.2627], [-96.7386, 40.2628], [-96.7385, 40.2717], [-96.7278, 40.2716], [-96.7278, 40.2846], [-96.7468, 40.2846], [-96.7468, 40.3176], [-96.7374, 40.3175]]]}}, {"type": "Feature", "properties": {"fips": "31073967600", "gap_national": -6.4, "gap_stratum": -38.9, "burden": 67.5, "capacity": 69.5, "svi": 0.3, "top_decile_gap": 0.0, "stratum": "rural", "scored": 1}, "geometry": {"type": "Polygon", "coordinates": [[[-99.9812, 40.4383], [-99.9817, 40.7], [-99.6993, 40.7], [-99.6739, 40.6927], [-99.6649, 40.6877], [-99.6435, 40.6849], [-99.6442, 40.4175], [-99.6422, 40.3512], [-100.0948, 40.3512], [-100.0951, 40.4387], [-99.9812, 40.4383]]]}}, {"type": "Feature", "properties": {"fips": "31061964600", "gap_national": -1.5, "gap_stratum": -30.3, "burden": 69.8, "capacity": 67.9, "svi": 0.27, "top_decile_gap": 0.0, "stratum": "rural", "scored": 1}, "geometry": {"type": "Polygon", "coordinates": [[[-98.7268, 40.3504], [-98.7261, 40.2342], [-98.8597, 40.2338], [-98.8592, 40.2048], [-98.9151, 40.2052], [-98.915, 40.1761], [-98.9903, 40.1761], [-98.9905, 40.2051], [-99.0227, 40.2051], [-99.0352, 40.1973], [-99.0354, 40.1905], [-99.0455, 40.1905], [-99.0472, 40.1917], [-99.0474, 40.2197], [-99.1793, 40.22], [-99.1794, 40.3507], [-98.7268, 40.3504]]]}}, {"type": "Feature", "properties": {"fips": "31013951100", "gap_national": 5.6, "gap_stratum": -18.2, "burden": 65.6, "capacity": 59.7, "svi": 0.46, "top_decile_gap": 0.0, "stratum": "rural", "scored": 1}, "geometry": {"type": "Polygon", "coordinates": [[[-103.4443, 42.4373], [-102.7494, 42.4399], [-102.7515, 42.3571], [-102.7477, 42.3519], [-102.7465, 42.25], [-102.7418, 42.1452], [-102.7518, 42.1554], [-102.7645, 42.1619], [-102.7672, 42.1665], [-102.7803, 42.1666], [-102.7796, 42.1508], [-102.9245, 42.1479], [-102.8988, 42.1155], [-102.8986, 42.0716], [-102.9144, 42.0458], [-102.9523, 42.0018], [-103.4015, 42.0035], [-103.4016, 42.0904], [-103.4441, 42.0907], [-103.4443, 42.4373]]]}}, {"type": "Feature", "properties": {"fips": "31033954900", "gap_national": 28.6, "gap_stratum": 3.9, "burden": 66.6, "capacity": 44.8, "svi": 0.52, "top_decile_gap": 0.0, "stratum": "small_town", "scored": 1}, "geometry": {"type": "Polygon", "coordinates": [[[-103.0118, 41.1452], [-103.0117, 41.1567], [-103.015, 41.1607], [-103.012, 41.1628], [-102.9927, 41.1626], [-102.9857, 41.1493], [-102.9807, 41.1494], [-102.9801, 41.138], [-102.9765, 41.1394], [-102.9767, 41.1209], [-102.9722, 41.1145], [-103.0027, 41.1137], [-103.0313, 41.126], [-103.0309, 41.1474], [-103.0118, 41.1452]]]}}, {"type": "Feature", "properties": {"fips": "31177050202", "gap_national": -23.7, "gap_stratum": -15.4, "burden": 53.9, "capacity": 70.3, "svi": 0.24, "top_decile_gap": 0.0, "stratum": "metropolitan", "scored": 1}, "geometry": {"type": "Polygon", "coordinates": [[[-96.0829, 41.5125], [-96.0756, 41.5212], [-96.0692, 41.5196], [-96.0537, 41.5089], [-96.0407, 41.5071], [-96.0349, 41.5117], [-96.0344, 41.5211], [-96.0317, 41.5222], [-96.0267, 41.5404], [-96.0235, 41.5434], [-96.0139, 41.5453], [-96.0, 41.5395], [-95.9939, 41.5234], [-95.9928, 41.512], [-95.9979, 41.5048], [-96.0192, 41.4893], [-96.0195, 41.4866], [-96.0118, 41.4762], [-96.0047, 41.4723], [-95.983, 41.4698], [-95.9623, 41.4628], [-95.9465, 41.4662], [-95.9368, 41.4652], [-95.9257, 41.4594], [-95.9203, 41.4516], [-95.9218, 41.4421], [-95.9332, 41.4294], [-95.9297, 41.4113], [-95.9375, 41.3931], [-96.079, 41.3932], [-96.0789, 41.4482], [-96.0834, 41.4571], [-96.0788, 41.4651], [-96.0804, 41.4721], [-96.0786, 41.4944], [-96.0823, 41.4965], [-96.0883, 41.4945], [-96.0883, 41.5135], [-96.0829, 41.5125]]]}}, {"type": "Feature", "properties": {"fips": "31037964800", "gap_national": 43.0, "gap_stratum": 9.7, "burden": 49.8, "capacity": 13.3, "svi": 0.66, "top_decile_gap": 0.0, "stratum": "small_town", "scored": 1}, "geometry": {"type": "Polygon", "coordinates": [[[-97.0974, 41.3983], [-97.0983, 41.4961], [-97.0405, 41.496], [-97.0403, 41.4665], [-96.983, 41.4671], [-96.9828, 41.4483], [-96.9779, 41.4478], [-96.9714, 41.4517], [-96.9605, 41.4537], [-96.9841, 41.4412], [-96.9825, 41.4374], [-96.9853, 41.433], [-96.9829, 41.431], [-96.9987, 41.4199], [-97.0157, 41.4139], [-97.0568, 41.4125], [-97.0912, 41.3929], [-97.1015, 41.3897], [-97.0974, 41.3983]]]}}, {"type": "Feature", "properties": {"fips": "31089974000", "gap_national": 4.2, "gap_stratum": -21.1, "burden": 69.3, "capacity": 63.5, "svi": 0.35, "top_decile_gap": 0.0, "stratum": "rural", "scored": 1}, "geometry": {"type": "Polygon", "coordinates": [[[-99.2492, 42.809], [-99.2257, 42.8143], [-99.2077, 42.8231], [-99.1788, 42.8295], [-99.1538, 42.8419], [-99.128, 42.8443], [-99.0963, 42.8563], [-99.0568, 42.8626], [-99.0536, 42.8663], [-99.0168, 42.8863], [-99.0028, 42.8881], [-98.9942, 42.8944], [-98.967, 42.8967], [-98.9546, 42.8941], [-98.9472, 42.8858], [-98.9418, 42.884], [-98.9409, 42.8807], [-98.9274, 42.875], [-98.9135, 42.8615], [-98.9005, 42.8546], [-98.8884, 42.8435], [-98.8778, 42.8412], [-98.8539, 42.8432], [-98.843, 42.8465], [-98.8113, 42.8277], [-98.7926, 42.8243], [-98.7632, 42.8279], [-98.7229, 42.8079], [-98.7084, 42.8033], [-98.6746, 42.8027], [-98.6568, 42.809], [-98.6391, 42.8036], [-98.6289, 42.7965], [-98.6171, 42.7944], [-98.5838, 42.7797], [-98.5674, 42.7789], [-98.5485, 42.7816], [-98.5312, 42.7746], [-98.5241, 42.7759], [-98.5187, 42.7731], [-98.5113, 42.7748], [-98.4899, 42.7726], [-98.4657, 42.7662], [-98.4458, 42.77], [-98.434, 42.7695], [-98.4287, 42.7747], [-98.416, 42.7757], [-98.3806, 42.7722], [-98.3672, 42.7677], [-98.3406, 42.7707], [-98.3051, 42.7612], [-98.3055, 42.4369], [-98.4228, 42.4368], [-98.4228, 42.4658], [-98.5793, 42.4651], [-98.5792, 42.5085], [-98.7362, 42.5084], [-98.7363, 42.5664], [-99.0103, 42.5655], [-99.0103, 42.58], [-99.0495, 42.58], [-99.0887, 42.5798], [-99.0886, 42.5654], [-99.2453, 42.5649], [-99.2458, 42.7825], [-99.2568, 42.7827], [-99.257, 42.8043], [-99.2492, 42.809]]]}}, {"type": "Feature", "properties": {"fips": "31003979600", "gap_national": 16.8, "gap_stratum": 3.0, "burden": 76.1, "capacity": 60.2, "svi": 0.24, "top_decile_gap": 0.0, "stratum": "rural", "scored": 1}, "geometry": {"type": "Polygon", "coordinates": [[[-98.3002, 42.4369], [-97.8344, 42.4377], [-97.8343, 42.0675], [-97.866, 42.0689], [-97.875, 42.0751], [-97.8842, 42.0752], [-97.8878, 42.0727], [-97.8947, 42.079], [-97.9003, 42.0771], [-97.913, 42.0798], [-97.915, 42.0781], [-97.9144, 42.0744], [-97.9187, 42.0771], [-97.9235, 42.0711], [-97.9325, 42.0687], [-97.94, 42.0753], [-97.9513, 42.0752], [-97.9487, 42.0795], [-97.9501, 42.083], [-97.9472, 42.0847], [-97.9484, 42.0861], [-97.9532, 42.0844], [-97.9613, 42.0872], [-97.9661, 42.0851], [-97.9773, 42.0877], [-97.9825, 42.0913], [-97.9907, 42.0904], [-98.009, 42.1091], [-98.009, 42.1184], [-97.9902, 42.1185], [-97.9894, 42.151], [-97.9982, 42.151], [-97.9996, 42.1474], [-98.0187, 42.1473], [-98.019, 42.1618], [-98.0346, 42.1618], [-98.0347, 42.1539], [-98.0381, 42.1491], [-98.04, 42.1509], [-98.0447, 42.1493], [-98.0487, 42.1428], [-98.059, 42.1512], [-98.0624, 42.1416], [-98.0687, 42.1398], [-98.0703, 42.1406], [-98.0678, 42.1462], [-98.075, 42.1466], [-98.0784, 42.1515], [-98.0816, 42.1522], [-98.0845, 42.1499], [-98.0916, 42.153], [-98.0942, 42.1506], [-98.0934, 42.1475], [-98.0983, 42.1481], [-98.1003, 42.1503], [-98.0998, 42.1573], [-98.1032, 42.1568], [-98.102, 42.1542], [-98.104, 42.154], [-98.1122, 42.1568], [-98.1135, 42.1612], [-98.1161, 42.1572], [-98.1198, 42.1565], [-98.1341, 42.1659], [-98.1343, 42.1627], [-98.1474, 42.1604], [-98.1471, 42.1634], [-98.1549, 42.1648], [-98.1557, 42.1696], [-98.1626, 42.1749], [-98.1616, 42.1768], [-98.1641, 42.1792], [-98.1738, 42.1768], [-98.1747, 42.1793], [-98.1844, 42.1792], [-98.1993, 42.186], [-98.213, 42.1884], [-98.2541, 42.2132], [-98.2651, 42.2112], [-98.2808, 42.2239], [-98.2812, 42.2268], [-98.2888, 42.2268], [-98.2938, 42.2325], [-98.3005, 42.2348], [-98.3002, 42.4369]]]}}, {"type": "Feature", "properties": {"fips": "31003979700", "gap_national": 10.2, "gap_stratum": -10.1, "burden": 71.4, "capacity": 61.2, "svi": 0.61, "top_decile_gap": 0.0, "stratum": "rural", "scored": 1}, "geometry": {"type": "Polygon", "coordinates": [[[-98.059, 42.1512], [-98.0487, 42.1428], [-98.0447, 42.1493], [-98.04, 42.1509], [-98.0381, 42.1491], [-98.0347, 42.1539], [-98.0346, 42.1618], [-98.019, 42.1618], [-98.0187, 42.1473], [-97.9996, 42.1474], [-97.9982, 42.151], [-97.9894, 42.151], [-97.9902, 42.1185], [-98.009, 42.1184], [-98.009, 42.1091], [-97.9907, 42.0904], [-97.9938, 42.0886], [-98.0011, 42.0908], [-97.9986, 42.0935], [-98.0009, 42.095], [-98.0066, 42.0935], [-98.0204, 42.1078], [-98.0198, 42.1131], [-98.0277, 42.1134], [-98.0249, 42.1178], [-98.0275, 42.1219], [-98.0315, 42.123], [-98.0381, 42.0982], [-98.0468, 42.0923], [-98.0467, 42.115], [-98.0445, 42.1222], [-98.0497, 42.1242], [-98.053, 42.1304], [-98.0527, 42.1363], [-98.0645, 42.1397], [-98.059, 42.1512]]]}}, {"type": "Feature", "properties": {"fips": "31079000600", "gap_national": 10.7, "gap_stratum": 16.1, "burden": 48.1, "capacity": 42.0, "svi": 0.73, "top_decile_gap": 0.0, "stratum": "metropolitan", "scored": 1}, "geometry": {"type": "Polygon", "coordinates": [[[-98.4356, 40.9314], [-98.3835, 40.9315], [-98.3833, 40.9078], [-98.3787, 40.8965], [-98.3782, 40.8736], [-98.4361, 40.8732], [-98.4356, 40.9314]]]}}, {"type": "Feature", "properties": {"fips": "31079001300", "gap_national": 11.0, "gap_stratum": 16.7, "burden": 55.5, "capacity": 48.2, "svi": 0.3, "top_decile_gap": 0.0, "stratum": "metropolitan", "scored": 1}, "geometry": {"type": "Polygon", "coordinates": [[[-98.4925, 40.8135], [-98.4774, 40.8159], [-98.4746, 40.8193], [-98.4743, 40.8733], [-98.2833, 40.8733], [-98.2829, 40.6983], [-98.4926, 40.6986], [-98.4925, 40.8135]]]}}, {"type": "Feature", "properties": {"fips": "31047968000", "gap_national": 21.8, "gap_stratum": 1.8, "burden": 63.4, "capacity": 47.1, "svi": 0.36, "top_decile_gap": 0.0, "stratum": "rural", "scored": 1}, "geometry": {"type": "Polygon", "coordinates": [[[-99.8327, 40.9673], [-99.8353, 40.9762], [-99.8353, 41.0007], [-99.8446, 41.0132], [-99.8444, 41.0467], [-99.426, 41.0465], [-99.4266, 40.6998], [-99.4164, 40.6997], [-99.4174, 40.6709], [-99.4238, 40.6733], [-99.4358, 40.6735], [-99.4444, 40.6779], [-99.4651, 40.6747], [-99.4983, 40.6749], [-99.5103, 40.677], [-99.5286, 40.6751], [-99.5402, 40.6802], [-99.5559, 40.6808], [-99.5835, 40.6772], [-99.6223, 40.6861], [-99.6398, 40.6846], [-99.6649, 40.6877], [-99.6739, 40.6927], [-99.6747, 40.6977], [-99.6832, 40.7032], [-99.6871, 40.7091], [-99.712, 40.7179], [-99.7031, 40.7274], [-99.6939, 40.7219], [-99.6922, 40.743], [-99.712, 40.7435], [-99.7111, 40.8733], [-99.7489, 40.8738], [-99.7493, 40.8591], [-99.8452, 40.8592], [-99.8456, 40.9677], [-99.8327, 40.9673]]]}}, {"type": "Feature", "properties": {"fips": "31047968600", "gap_national": 4.3, "gap_stratum": -21.2, "burden": 67.5, "capacity": 62.1, "svi": 0.41, "top_decile_gap": 0.0, "stratum": "rural", "scored": 1}, "geometry": {"type": "Polygon", "coordinates": [[[-100.2244, 40.9424], [-100.1898, 40.9279], [-100.1717, 40.9165], [-100.0987, 40.8875], [-100.0848, 40.8845], [-100.0343, 40.8661], [-99.9779, 40.8399], [-99.9004, 40.8109], [-99.833, 40.7738], [-99.7814, 40.7522], [-99.7167, 40.7351], [-99.7031, 40.7274], [-99.712, 40.7179], [-99.6871, 40.7091], [-99.6832, 40.7032], [-99.6747, 40.6977], [-99.6739, 40.6927], [-99.6993, 40.7], [-100.2233, 40.7003], [-100.2244, 40.9424]]]}}, {"type": "Feature", "properties": {"fips": "31047968100", "gap_national": 7.6, "gap_stratum": -15.1, "burden": 60.7, "capacity": 54.6, "svi": 0.13, "top_decile_gap": 0.0, "stratum": "rural", "scored": 1}, "geometry": {"type": "Polygon", "coordinates": [[[-99.8444, 41.0467], [-99.8446, 41.0132], [-99.8353, 41.0007], [-99.8353, 40.9762], [-99.8327, 40.9673], [-99.8456, 40.9677], [-99.8452, 40.8592], [-99.7493, 40.8591], [-99.7489, 40.8738], [-99.7112, 40.8735], [-99.7106, 40.8009], [-99.7871, 40.8009], [-99.788, 40.7549], [-99.833, 40.7738], [-99.9004, 40.8109], [-99.9859, 40.8438], [-99.9859, 40.8474], [-99.9781, 40.8538], [-99.9574, 40.8462], [-99.9575, 40.8885], [-100.0145, 40.8884], [-100.0152, 40.8576], [-100.0716, 40.8798], [-100.1095, 40.8917], [-100.1095, 40.9745], [-100.2243, 40.9733], [-100.2242, 41.0466], [-99.8444, 41.0467]]]}}, {"type": "Feature", "properties": {"fips": "31079000100", "gap_national": 0.4, "gap_stratum": 6.5, "burden": 54.1, "capacity": 54.3, "svi": 0.25, "top_decile_gap": 0.0, "stratum": "metropolitan", "scored": 1}, "geometry": {"type": "Polygon", "coordinates": [[[-98.2824, 41.0464], [-98.2825, 40.9489], [-98.2953, 40.9442], [-98.3205, 40.9454], [-98.3207, 40.96], [-98.4362, 40.9605], [-98.4361, 40.8732], [-98.7219, 40.8733], [-98.722, 41.0467], [-98.2824, 41.0464]]]}}, {"type": "Feature", "properties": {"fips": "31079000200", "gap_national": 63.2, "gap_stratum": 70.0, "burden": 65.8, "capacity": 11.2, "svi": 0.82, "top_decile_gap": 1.0, "stratum": "metropolitan", "scored": 1}, "geometry": {"type": "Polygon", "coordinates": [[[-98.3207, 40.96], [-98.3205, 40.9454], [-98.2967, 40.9436], [-98.3399, 40.9277], [-98.3526, 40.9458], [-98.3589, 40.9458], [-98.3597, 40.9603], [-98.3207, 40.96]]]}}, {"type": "Feature", "properties": {"fips": "31079001200", "gap_national": -11.1, "gap_stratum": -3.6, "burden": 59.9, "capacity": 66.4, "svi": 0.41, "top_decile_gap": 0.0, "stratum": "metropolitan", "scored": 1}, "geometry": {"type": "Polygon", "coordinates": [[[-98.3398, 40.9021], [-98.3395, 40.8727], [-98.3782, 40.8736], [-98.3787, 40.8965], [-98.3815, 40.9025], [-98.3398, 40.9021]]]}}, {"type": "Feature", "properties": {"fips": "31081969100", "gap_national": -11.8, "gap_stratum": -46.3, "burden": 61.3, "capacity": 68.1, "svi": 0.08, "top_decile_gap": 0.0, "stratum": "rural", "scored": 1}, "geometry": {"type": "Polygon", "coordinates": [[[-98.0004, 41.0783], [-97.9704, 41.0908], [-97.9668, 41.0856], [-97.9438, 41.0922], [-97.8857, 41.1146], [-97.8741, 41.1231], [-97.8473, 41.1499], [-97.8283, 41.1734], [-97.8257, 40.6986], [-97.9971, 40.6985], [-97.997, 40.8219], [-97.9779, 40.822], [-97.9779, 40.829], [-97.9594, 40.8289], [-97.9593, 40.8789], [-97.9596, 40.9015], [-97.998, 40.9015], [-97.9981, 40.9744], [-97.9597, 40.9741], [-97.9598, 41.0251], [-97.9599, 41.0322], [-97.9981, 41.0324], [-98.0004, 41.0783]]]}}, {"type": "Feature", "properties": {"fips": "31083964200", "gap_national": -2.3, "gap_stratum": -31.2, "burden": 70.9, "capacity": 69.4, "svi": 0.58, "top_decile_gap": 0.0, "stratum": "rural", "scored": 1}, "geometry": {"type": "Polygon", "coordinates": [[[-99.6305, 40.3511], [-99.1794, 40.3507], [-99.1791, 40.002], [-99.6283, 40.0019], [-99.6305, 40.3511]]]}}, {"type": "Feature", "properties": {"fips": "31025966100", "gap_national": 17.8, "gap_stratum": 23.3, "burden": 59.8, "capacity": 46.9, "svi": 0.39, "top_decile_gap": 0.0, "stratum": "metropolitan", "scored": 1}, "geometry": {"type": "Polygon", "coordinates": [[[-95.9094, 41.0024], [-95.9014, 41.0025], [-95.9014, 41.0092], [-95.881, 41.0089], [-95.874, 41.0], [-95.869, 40.9992], [-95.8671, 41.0013], [-95.8601, 40.9952], [-95.8389, 40.9865], [-95.8291, 40.9757], [-95.8298, 40.9639], [-95.838, 40.9506], [-95.8403, 40.9399], [-95.8384, 40.9274], [-95.8548, 40.9269], [-95.8684, 40.9366], [-95.9116, 40.9369], [-95.9094, 41.0024]]]}}, {"type": "Feature", "properties": {"fips": "31137967200", "gap_national": -10.5, "gap_stratum": -41.8, "burden": 56.9, "capacity": 63.7, "svi": 0.22, "top_decile_gap": 0.0, "stratum": "rural", "scored": 1}, "geometry": {"type": "Polygon", "coordinates": [[[-99.6435, 40.6849], [-99.6223, 40.6861], [-99.5835, 40.6772], [-99.5431, 40.6808], [-99.5286, 40.6751], [-99.5103, 40.677], [-99.4983, 40.6749], [-99.4651, 40.6747], [-99.4444, 40.6779], [-99.4358, 40.6735], [-99.4238, 40.6733], [-99.4117, 40.6676], [-99.4041, 40.6692], [-99.376, 40.6643], [-99.3326, 40.6714], [-99.2927, 40.6627], [-99.2759, 40.6617], [-99.2588, 40.6645], [-99.2414, 40.6589], [-99.2042, 40.662], [-99.1792, 40.6605], [-99.1794, 40.3507], [-99.6422, 40.3512], [-99.6444, 40.5175], [-99.6435, 40.6849]], [[-99.4739, 40.4226], [-99.4359, 40.4222], [-99.436, 40.4075], [-99.3228, 40.4083], [-99.3224, 40.4817], [-99.3412, 40.4822], [-99.3414, 40.4967], [-99.4743, 40.496], [-99.4739, 40.4226]]]}}, {"type": "Feature", "properties": {"fips": "31145963300", "gap_national": 37.7, "gap_stratum": 12.2, "burden": 65.1, "capacity": 36.3, "svi": 0.63, "top_decile_gap": 0.0, "stratum": "small_town", "scored": 1}, "geometry": {"type": "Polygon", "coordinates": [[[-100.6342, 40.1958], [-100.6325, 40.2069], [-100.6108, 40.2044], [-100.6099, 40.2493], [-100.6048, 40.2492], [-100.6006, 40.2524], [-100.601, 40.2632], [-100.5975, 40.2658], [-100.5541, 40.2653], [-100.5539, 40.2489], [-100.5256, 40.2488], [-100.5251, 40.2347], [-100.4926, 40.2352], [-100.4929, 40.2278], [-100.4983, 40.2275], [-100.497, 40.2165], [-100.5001, 40.2162], [-100.5016, 40.213], [-100.5079, 40.2143], [-100.5149, 40.2067], [-100.5209, 40.2064], [-100.5274, 40.2156], [-100.5305, 40.2162], [-100.5337, 40.2144], [-100.5327, 40.206], [-100.5346, 40.2042], [-100.5417, 40.206], [-100.5602, 40.2051], [-100.5592, 40.1986], [-100.5624, 40.1935], [-100.5679, 40.1967], [-100.5772, 40.1874], [-100.5851, 40.1904], [-100.608, 40.1839], [-100.6208, 40.1872], [-100.623, 40.1816], [-100.6261, 40.1801], [-100.636, 40.1849], [-100.6503, 40.1835], [-100.6501, 40.1957], [-100.6342, 40.1958]]]}}, {"type": "Feature", "properties": {"fips": "31151960900", "gap_national": 15.5, "gap_stratum": -6.1, "burden": 55.1, "capacity": 44.6, "svi": 0.4, "top_decile_gap": 0.0, "stratum": "rural", "scored": 1}, "geometry": {"type": "Polygon", "coordinates": [[[-97.0272, 40.5961], [-96.9609, 40.5962], [-96.9595, 40.5999], [-96.9515, 40.5996], [-96.951, 40.5962], [-96.9134, 40.5962], [-96.9133, 40.3497], [-97.0274, 40.3497], [-97.0272, 40.5961]]]}}, {"type": "Feature", "properties": {"fips": "31151960700", "gap_national": 10.8, "gap_stratum": -11.1, "burden": 64.6, "capacity": 55.6, "svi": 0.14, "top_decile_gap": 0.0, "stratum": "rural", "scored": 1}, "geometry": {"type": "Polygon", "coordinates": [[[-97.3684, 40.6986], [-97.0272, 40.6982], [-97.0272, 40.6106], [-97.1223, 40.6111], [-97.1223, 40.6039], [-97.1693, 40.6041], [-97.1694, 40.6075], [-97.179, 40.6076], [-97.179, 40.6111], [-97.2927, 40.6111], [-97.2927, 40.6076], [-97.3116, 40.6077], [-97.3121, 40.6113], [-97.3685, 40.6115], [-97.3684, 40.6986]]]}}, {"type": "Feature", "properties": {"fips": "31127968200", "gap_national": 36.5, "gap_stratum": 25.2, "burden": 74.1, "capacity": 45.4, "svi": 0.75, "top_decile_gap": 0.0, "stratum": "rural", "scored": 1}, "geometry": {"type": "Polygon", "coordinates": [[[-95.8386, 40.4073], [-95.8385, 40.4138], [-95.8348, 40.4127], [-95.8318, 40.4047], [-95.8275, 40.4043], [-95.8158, 40.3938], [-95.7818, 40.3927], [-95.7818, 40.3784], [-95.7627, 40.3783], [-95.7622, 40.371], [-95.7438, 40.371], [-95.7438, 40.364], [-95.7356, 40.3638], [-95.7341, 40.3491], [-95.8956, 40.3492], [-95.8956, 40.4072], [-95.8386, 40.4073]]]}}, {"type": "Feature", "properties": {"fips": "31131966600", "gap_national": 3.6, "gap_stratum": -28.6, "burden": 68.9, "capacity": 63.7, "svi": 0.23, "top_decile_gap": 0.0, "stratum": "small_town", "scored": 1}, "geometry": {"type": "Polygon", "coordinates": [[[-95.8342, 40.7838], [-95.8369, 40.7765], [-95.8428, 40.7711], [-95.8733, 40.7576], [-95.8867, 40.7421], [-95.8889, 40.7319], [-95.8832, 40.7176], [-95.8632, 40.7096], [-95.8709, 40.7074], [-95.8785, 40.7092], [-95.8849, 40.7044], [-95.8925, 40.7079], [-95.8926, 40.697], [-95.8975, 40.697], [-95.8964, 40.6097], [-95.8393, 40.6101], [-95.8396, 40.6389], [-95.8189, 40.639], [-95.8111, 40.6462], [-95.7925, 40.6417], [-95.7921, 40.6356], [-95.7876, 40.6331], [-95.7703, 40.6315], [-95.7689, 40.6213], [-95.7513, 40.6091], [-95.7486, 40.6034], [-95.7531, 40.5928], [-95.7735, 40.5782], [-95.7747, 40.5736], [-95.7634, 40.5508], [-95.7693, 40.5367], [-95.7669, 40.5316], [-95.7571, 40.526], [-95.7487, 40.5243], [-95.7372, 40.5239], [-95.7224, 40.5281], [-95.7143, 40.5272], [-95.71, 40.5238], [-96.0862, 40.5232], [-96.0873, 40.6683], [-96.0682, 40.6681], [-96.0683, 40.6828], [-96.0777, 40.6828], [-96.078, 40.6971], [-96.0831, 40.6971], [-96.0833, 40.7551], [-96.1212, 40.7551], [-96.1212, 40.7696], [-96.1785, 40.7696], [-96.1784, 40.7839], [-95.8342, 40.7838]]]}}, {"type": "Feature", "properties": {"fips": "31131966800", "gap_national": -14.3, "gap_stratum": -7.3, "burden": 51.4, "capacity": 61.9, "svi": 0.11, "top_decile_gap": 0.0, "stratum": "metropolitan", "scored": 1}, "geometry": {"type": "Polygon", "coordinates": [[[-96.4638, 40.784], [-96.2363, 40.7837], [-96.2353, 40.697], [-96.217, 40.697], [-96.2171, 40.6825], [-96.2348, 40.6822], [-96.2363, 40.6783], [-96.2365, 40.5228], [-96.4636, 40.523], [-96.4638, 40.784]]]}}, {"type": "Feature", "properties": {"fips": "31093970600", "gap_national": 7.0, "gap_stratum": -16.0, "burden": 67.2, "capacity": 60.0, "svi": 0.63, "top_decile_gap": 0.0, "stratum": "rural", "scored": 1}, "geometry": {"type": "Polygon", "coordinates": [[[-98.7471, 41.1192], [-98.7485, 41.1773], [-98.7443, 41.3942], [-98.6596, 41.394], [-98.6384, 41.3859], [-98.6312, 41.3786], [-98.6131, 41.3668], [-98.6112, 41.3585], [-98.6003, 41.3478], [-98.5965, 41.3396], [-98.5687, 41.3225], [-98.5629, 41.3132], [-98.5618, 41.3023], [-98.5556, 41.2931], [-98.5563, 41.2857], [-98.5532, 41.2794], [-98.5268, 41.2738], [-98.5168, 41.267], [-98.502, 41.2739], [-98.4811, 41.2661], [-98.4743, 41.2715], [-98.47, 41.2715], [-98.4554, 41.2621], [-98.4451, 41.2646], [-98.4317, 41.2633], [-98.4184, 41.2731], [-98.3992, 41.2731], [-98.4048, 41.2672], [-98.4084, 41.253], [-98.4207, 41.2384], [-98.4185, 41.2278], [-98.425, 41.223], [-98.4377, 41.2208], [-98.438, 41.2102], [-98.4477, 41.1999], [-98.4461, 41.194], [-98.4482, 41.1875], [-98.4589, 41.1831], [-98.4647, 41.1779], [-98.4733, 41.1621], [-98.4794, 41.1568], [-98.4964, 41.1482], [-98.5001, 41.1403], [-98.5206, 41.1288], [-98.5264, 41.1162], [-98.5379, 41.1038], [-98.5551, 41.0925], [-98.5565, 41.0814], [-98.5615, 41.0773], [-98.5747, 41.0823], [-98.5809, 41.0796], [-98.5806, 41.0735], [-98.5862, 41.0694], [-98.6013, 41.0732], [-98.6204, 41.0682], [-98.6538, 41.0661], [-98.6574, 41.0591], [-98.6806, 41.0645], [-98.6824, 41.0627], [-98.6761, 41.0595], [-98.6818, 41.0555], [-98.6885, 41.0539], [-98.6995, 41.0572], [-98.7058, 41.0562], [-98.7021, 41.0512], [-98.7026, 41.0466], [-98.7485, 41.0466], [-98.7492, 41.1052], [-98.7471, 41.1192]]]}}, {"type": "Feature", "properties": {"fips": "31109001302", "gap_national": -36.6, "gap_stratum": -28.0, "burden": 49.5, "capacity": 77.0, "svi": 0.19, "top_decile_gap": 0.0, "stratum": "metropolitan", "scored": 1}, "geometry": {"type": "Polygon", "coordinates": [[[-96.6441, 40.7989], [-96.6251, 40.7988], [-96.6251, 40.7843], [-96.6299, 40.7843], [-96.6342, 40.7878], [-96.6442, 40.7882], [-96.6441, 40.7989]]]}}, {"type": "Feature", "properties": {"fips": "31109001500", "gap_national": 5.1, "gap_stratum": 10.2, "burden": 44.7, "capacity": 43.3, "svi": 0.51, "top_decile_gap": 0.0, "stratum": "metropolitan", "scored": 1}, "geometry": {"type": "Polygon", "coordinates": [[[-96.6441, 40.7989], [-96.6441, 40.7839], [-96.6537, 40.7877], [-96.66, 40.7876], [-96.6763, 40.7988], [-96.6441, 40.7989]]]}}, {"type": "Feature", "properties": {"fips": "31109001600", "gap_national": -14.5, "gap_stratum": -12.5, "burden": 26.3, "capacity": 42.0, "svi": 0.27, "top_decile_gap": 0.0, "stratum": "metropolitan", "scored": 1}, "geometry": {"type": "Polygon", "coordinates": [[[-96.6824, 40.8062], [-96.6824, 40.8136], [-96.6633, 40.8135], [-96.6633, 40.7989], [-96.6754, 40.7988], [-96.686, 40.806], [-96.6824, 40.8062]]]}}, {"type": "Feature", "properties": {"fips": "31109002001", "gap_national": 43.4, "gap_stratum": 50.7, "burden": 52.1, "capacity": 15.8, "svi": 0.85, "top_decile_gap": 0.0, "stratum": "metropolitan", "scored": 1}, "geometry": {"type": "Polygon", "coordinates": [[[-96.7026, 40.8092], [-96.6968, 40.8092], [-96.6968, 40.7992], [-96.7026, 40.7992], [-96.7026, 40.8092]]]}}, {"type": "Feature", "properties": {"fips": "31109002500", "gap_national": -11.0, "gap_stratum": -5.5, "burden": 45.1, "capacity": 54.9, "svi": 0.24, "top_decile_gap": 0.0, "stratum": "metropolitan", "scored": 1}, "geometry": {"type": "Polygon", "coordinates": [[[-96.6721, 40.7969], [-96.6685, 40.7921], [-96.66, 40.7876], [-96.6537, 40.7877], [-96.6441, 40.7839], [-96.6443, 40.777], [-96.6728, 40.7771], [-96.6728, 40.7917], [-96.6765, 40.7974], [-96.6721, 40.7969]]]}}, {"type": "Feature", "properties": {"fips": "31109002702", "gap_national": -7.5, "gap_stratum": -1.3, "burden": 50.5, "capacity": 56.9, "svi": 0.32, "top_decile_gap": 0.0, "stratum": "metropolitan", "scored": 1}, "geometry": {"type": "Polygon", "coordinates": [[[-96.6757, 40.7771], [-96.6633, 40.7771], [-96.6634, 40.7698], [-96.6444, 40.7697], [-96.6444, 40.7548], [-96.6697, 40.7666], [-96.683, 40.7696], [-96.6757, 40.7771]]]}}, {"type": "Feature", "properties": {"fips": "31109003002", "gap_national": 36.6, "gap_stratum": 43.2, "burden": 55.7, "capacity": 27.4, "svi": 0.67, "top_decile_gap": 0.0, "stratum": "metropolitan", "scored": 1}, "geometry": {"type": "Polygon", "coordinates": [[[-96.7011, 40.8573], [-96.7013, 40.8341], [-96.7122, 40.8287], [-96.7132, 40.8552], [-96.7011, 40.8573]]]}}, {"type": "Feature", "properties": {"fips": "31109003716", "gap_national": -41.8, "gap_stratum": -38.2, "burden": 27.5, "capacity": 61.8, "svi": 0.11, "top_decile_gap": 0.0, "stratum": "metropolitan", "scored": 1}, "geometry": {"type": "Polygon", "coordinates": [[[-96.6634, 40.7408], [-96.6634, 40.7263], [-96.6825, 40.7264], [-96.6825, 40.7396], [-96.6634, 40.7408]]]}}, {"type": "Feature", "properties": {"fips": "31095963600", "gap_national": -15.0, "gap_stratum": -51.8, "burden": 62.4, "capacity": 71.4, "svi": 0.11, "top_decile_gap": 0.0, "stratum": "rural", "scored": 1}, "geometry": {"type": "Polygon", "coordinates": [[[-97.3687, 40.3504], [-96.9161, 40.3497], [-96.9164, 40.0015], [-97.3692, 40.0021], [-97.3687, 40.3504]], [[-97.2061, 40.1601], [-97.2079, 40.1547], [-97.2012, 40.1486], [-97.1988, 40.1418], [-97.2014, 40.1382], [-97.199, 40.1319], [-97.1811, 40.1304], [-97.1771, 40.1197], [-97.1671, 40.1136], [-97.1615, 40.1132], [-97.1585, 40.1084], [-97.1533, 40.108], [-97.1485, 40.0994], [-97.1427, 40.1001], [-97.1388, 40.0951], [-97.1404, 40.0908], [-97.1354, 40.0885], [-97.124, 40.0885], [-97.1243, 40.1755], [-97.1427, 40.1755], [-97.1425, 40.2045], [-97.1801, 40.2049], [-97.1802, 40.1759], [-97.1986, 40.1773], [-97.2104, 40.1727], [-97.2061, 40.1601]]]}}, {"type": "Feature", "properties": {"fips": "31095963800", "gap_national": 72.3, "gap_stratum": 69.8, "burden": 88.6, "capacity": 27.4, "svi": 0.75, "top_decile_gap": 1.0, "stratum": "small_town", "scored": 1}, "geometry": {"type": "Polygon", "coordinates": [[[-97.1988, 40.1418], [-97.2005, 40.1466], [-97.1937, 40.1466], [-97.1877, 40.1405], [-97.1711, 40.1405], [-97.1695, 40.1261], [-97.1712, 40.1156], [-97.1784, 40.1211], [-97.1811, 40.1304], [-97.1984, 40.1316], [-97.2014, 40.1382], [-97.1988, 40.1418]]]}}, {"type": "Feature", "properties": {"fips": "31097967500", "gap_national": -8.2, "gap_stratum": -35.7, "burden": 55.0, "capacity": 60.7, "svi": 0.15, "top_decile_gap": 0.0, "stratum": "rural", "scored": 1}, "geometry": {"type": "Polygon", "coordinates": [[[-96.4636, 40.523], [-96.067, 40.5231], [-96.0663, 40.4217], [-96.2178, 40.4214], [-96.2177, 40.3923], [-96.2364, 40.3925], [-96.2362, 40.262], [-96.4637, 40.2622], [-96.4636, 40.523]]]}}, {"type": "Feature", "properties": {"fips": "31181965000", "gap_national": 7.0, "gap_stratum": -16.4, "burden": 62.8, "capacity": 56.8, "svi": 0.19, "top_decile_gap": 0.0, "stratum": "micropolitan", "scored": 1}, "geometry": {"type": "Polygon", "coordinates": [[[-98.2736, 40.3504], [-98.2736, 40.1474], [-98.5191, 40.1468], [-98.5191, 40.1614], [-98.5569, 40.1617], [-98.557, 40.169], [-98.5947, 40.1688], [-98.5947, 40.1614], [-98.6885, 40.1618], [-98.689, 40.1763], [-98.7261, 40.1764], [-98.7268, 40.3504], [-98.2736, 40.3504]]]}}, {"type": "Feature", "properties": {"fips": "31113957500", "gap_national": -16.6, "gap_stratum": -54.1, "burden": 63.9, "capacity": 74.0, "svi": 0.15, "top_decile_gap": 0.0, "stratum": "rural", "scored": 1}, "geometry": {"type": "Polygon", "coordinates": [[[-100.7114, 41.7398], [-100.2512, 41.7398], [-100.2529, 41.6174], [-100.2511, 41.3933], [-100.7132, 41.3935], [-100.7114, 41.7398]]]}}, {"type": "Feature", "properties": {"fips": "31115972800", "gap_national": -10.2, "gap_stratum": -45.0, "burden": 67.2, "capacity": 72.1, "svi": 0.3, "top_decile_gap": 0.0, "stratum": "rural", "scored": 1}, "geometry": {"type": "Polygon", "coordinates": [[[-99.2227, 42.0879], [-99.2218, 41.7408], [-99.6868, 41.7403], [-99.687, 42.0861], [-99.2227, 42.0879]]]}}, {"type": "Feature", "properties": {"fips": "31117957900", "gap_national": -6.1, "gap_stratum": -37.9, "burden": 69.1, "capacity": 70.7, "svi": 0.06, "top_decile_gap": 0.0, "stratum": "rural", "scored": 1}, "geometry": {"type": "Polygon", "coordinates": [[[-101.4065, 41.7432], [-100.7114, 41.7398], [-100.7132, 41.3935], [-101.4073, 41.3954], [-101.4065, 41.7432]]]}}, {"type": "Feature", "properties": {"fips": "31163970100", "gap_national": 18.1, "gap_stratum": 6.4, "burden": 78.5, "capacity": 61.0, "svi": 0.59, "top_decile_gap": 0.0, "stratum": "rural", "scored": 1}, "geometry": {"type": "Polygon", "coordinates": [[[-99.2033, 41.3941], [-98.7443, 41.3942], [-98.7466, 41.3514], [-98.7485, 41.0466], [-99.2076, 41.047], [-99.2033, 41.3941]]]}}, {"type": "Feature", "properties": {"fips": "31101000100", "gap_national": 17.7, "gap_stratum": -9.1, "burden": 53.1, "capacity": 41.0, "svi": 0.52, "top_decile_gap": 0.0, "stratum": "small_town", "scored": 1}, "geometry": {"type": "Polygon", "coordinates": [[[-101.7156, 41.1311], [-101.7131, 41.1255], [-101.7281, 41.1236], [-101.7298, 41.1317], [-101.7156, 41.1311]]]}}, {"type": "Feature", "properties": {"fips": "31147964500", "gap_national": 10.5, "gap_stratum": -8.0, "burden": 76.3, "capacity": 64.5, "svi": 0.18, "top_decile_gap": 0.0, "stratum": "rural", "scored": 1}, "geometry": {"type": "Polygon", "coordinates": [[[-95.5525, 40.2619], [-95.5437, 40.2607], [-95.521, 40.2501], [-95.4934, 40.2496], [-95.4828, 40.2463], [-95.4725, 40.2361], [-95.4697, 40.2279], [-95.4714, 40.2173], [-95.4823, 40.2007], [-95.4825, 40.1923], [-95.4792, 40.1857], [-95.4607, 40.1692], [-95.4428, 40.1633], [-95.4363, 40.1587], [-95.4322, 40.141], [-95.4287, 40.1356], [-95.4192, 40.1306], [-95.3987, 40.1264], [-95.3933, 40.1192], [-95.3942, 40.1083], [-95.4076, 40.098], [-95.4106, 40.0915], [-95.4085, 40.0792], [-95.4099, 40.0743], [-95.4183, 40.0665], [-95.4216, 40.059], [-95.4193, 40.0484], [-95.4136, 40.0384], [-95.4027, 40.0306], [-95.3915, 40.0271], [-95.364, 40.0315], [-95.3488, 40.0293], [-95.3362, 40.0191], [-95.3153, 40.0121], [-95.3083, 40.0], [-95.5654, 40.0002], [-95.569, 40.0032], [-95.5666, 40.0042], [-95.5675, 40.0073], [-95.5722, 40.0088], [-95.5697, 40.0122], [-95.5731, 40.013], [-95.5705, 40.0163], [-95.5731, 40.0181], [-95.5711, 40.019], [-95.5754, 40.021], [-95.5696, 40.0215], [-95.5676, 40.024], [-95.5608, 40.023], [-95.5563, 40.0269], [-95.5567, 40.0318], [-95.5514, 40.0277], [-95.5473, 40.0294], [-95.5439, 40.0313], [-95.5426, 40.0355], [-95.5363, 40.0356], [-95.5368, 40.0387], [-95.5327, 40.0424], [-95.5297, 40.0392], [-95.5269, 40.0421], [-95.5313, 40.0475], [-95.525, 40.0487], [-95.5227, 40.0526], [-95.5204, 40.049], [-95.5204, 40.0577], [-95.5585, 40.0582], [-95.5584, 40.1018], [-95.6055, 40.1011], [-95.6247, 40.1077], [-95.6339, 40.114], [-95.6339, 40.1085], [-95.6447, 40.1157], [-95.6533, 40.1165], [-95.7187, 40.1165], [-95.7186, 40.1092], [-95.756, 40.1092], [-95.7563, 40.1164], [-95.784, 40.1166], [-95.7844, 40.1746], [-95.841, 40.1747], [-95.8413, 40.2615], [-95.5525, 40.2619]]]}}, {"type": "Feature", "properties": {"fips": "31041971700", "gap_national": -4.3, "gap_stratum": -35.1, "burden": 63.7, "capacity": 64.8, "svi": 0.25, "top_decile_gap": 0.0, "stratum": "rural", "scored": 1}, "geometry": {"type": "Polygon", "coordinates": [[[-99.212, 41.7406], [-99.2125, 41.3942], [-99.2033, 41.3941], [-99.204, 41.2785], [-99.3668, 41.2776], [-99.3667, 41.2849], [-99.3752, 41.2849], [-99.3774, 41.295], [-99.386, 41.3085], [-99.4054, 41.3068], [-99.4337, 41.3188], [-99.4337, 41.3302], [-99.4402, 41.3377], [-99.4381, 41.3651], [-99.4245, 41.371], [-99.4243, 41.379], [-99.4149, 41.3794], [-99.4142, 41.3916], [-99.4245, 41.3962], [-99.4243, 41.4095], [-99.4714, 41.409], [-99.4979, 41.402], [-99.6154, 41.4016], [-99.6181, 41.4087], [-99.6167, 41.4236], [-99.6742, 41.4237], [-99.6746, 41.4149], [-99.7017, 41.4319], [-99.7169, 41.4382], [-99.809, 41.4376], [-99.8083, 41.4813], [-99.866, 41.4813], [-99.8643, 41.5795], [-99.8651, 41.586], [-99.87, 41.5901], [-99.8698, 41.6105], [-99.9041, 41.6112], [-99.904, 41.6402], [-99.8917, 41.6401], [-99.9363, 41.6831], [-99.9704, 41.7026], [-99.9798, 41.7185], [-100.002, 41.7386], [-99.212, 41.7406]]]}}, {"type": "Feature", "properties": {"fips": "31159960200", "gap_national": 28.7, "gap_stratum": 0.3, "burden": 57.1, "capacity": 36.0, "svi": 0.62, "top_decile_gap": 0.0, "stratum": "small_town", "scored": 1}, "geometry": {"type": "Polygon", "coordinates": [[[-97.1582, 40.9161], [-97.1394, 40.9161], [-97.1393, 40.9451], [-97.1015, 40.9451], [-97.1016, 40.9232], [-97.0992, 40.9192], [-97.0991, 40.9097], [-97.0919, 40.9087], [-97.0832, 40.9015], [-97.0442, 40.9013], [-97.0444, 40.8723], [-97.1586, 40.8726], [-97.1582, 40.9161]]]}}, {"type": "Feature", "properties": {"fips": "31159960400", "gap_national": 6.1, "gap_stratum": 11.3, "burden": 45.6, "capacity": 43.3, "svi": 0.34, "top_decile_gap": 0.0, "stratum": "metropolitan", "scored": 1}, "geometry": {"type": "Polygon", "coordinates": [[[-97.3684, 40.8216], [-96.9107, 40.8206], [-96.9111, 40.698], [-97.3684, 40.6986], [-97.3684, 40.8216]]]}}, {"type": "Feature", "properties": {"fips": "31175971400", "gap_national": 16.2, "gap_stratum": 0.1, "burden": 73.4, "capacity": 58.7, "svi": 0.49, "top_decile_gap": 0.0, "stratum": "rural", "scored": 1}, "geometry": {"type": "Polygon", "coordinates": [[[-98.9639, 41.5996], [-98.9664, 41.5999], [-98.9648, 41.6016], [-98.9614, 41.6006], [-98.9656, 41.6036], [-98.9591, 41.6113], [-98.963, 41.6113], [-98.9627, 41.6525], [-98.9643, 41.6545], [-98.9583, 41.6535], [-98.9578, 41.655], [-98.9533, 41.6533], [-98.9533, 41.6476], [-98.95, 41.6436], [-98.9379, 41.6411], [-98.9244, 41.6218], [-98.9232, 41.6091], [-98.9117, 41.5987], [-98.9047, 41.5958], [-98.9054, 41.5917], [-98.8665, 41.5761], [-98.8664, 41.5246], [-98.8755, 41.5245], [-98.8756, 41.5102], [-98.9045, 41.5101], [-98.9043, 41.5162], [-98.9141, 41.5185], [-98.9143, 41.5318], [-98.9625, 41.5318], [-98.9628, 41.5969], [-98.9677, 41.5983], [-98.9639, 41.5996]]]}}, {"type": "Feature", "properties": {"fips": "31155968500", "gap_national": -10.5, "gap_stratum": -4.9, "burden": 45.4, "capacity": 54.9, "svi": 0.42, "top_decile_gap": 0.0, "stratum": "metropolitan", "scored": 1}, "geometry": {"type": "Polygon", "coordinates": [[[-96.4064, 41.0451], [-96.4064, 41.0596], [-96.335, 41.0597], [-96.3325, 41.0571], [-96.3262, 41.0612], [-96.3192, 41.045], [-96.349, 41.045], [-96.3495, 41.0153], [-96.3695, 41.015], [-96.4639, 41.0161], [-96.4639, 41.0451], [-96.4064, 41.0451]]]}}, {"type": "Feature", "properties": {"fips": "31155968100", "gap_national": -17.1, "gap_stratum": -46.6, "burden": 57.3, "capacity": 68.5, "svi": 0.13, "top_decile_gap": 0.0, "stratum": "micropolitan", "scored": 1}, "geometry": {"type": "Polygon", "coordinates": [[[-96.736, 41.3937], [-96.7325, 41.3936], [-96.7327, 41.4454], [-96.7102, 41.4307], [-96.6937, 41.4257], [-96.6727, 41.4261], [-96.6557, 41.4294], [-96.6403, 41.4362], [-96.6078, 41.4331], [-96.5694, 41.4333], [-96.5095, 41.4042], [-96.5042, 41.3966], [-96.4959, 41.394], [-96.4922, 41.3975], [-96.4882, 41.3933], [-96.4707, 41.3932], [-96.4595, 41.3803], [-96.4396, 41.3701], [-96.4219, 41.3645], [-96.4145, 41.355], [-96.4074, 41.3366], [-96.4069, 41.3287], [-96.4097, 41.3201], [-96.4076, 41.3146], [-96.3905, 41.3032], [-96.3791, 41.2989], [-96.3967, 41.281], [-96.3974, 41.2774], [-96.6216, 41.2782], [-96.6216, 41.3071], [-96.7365, 41.3072], [-96.736, 41.3937]]]}}, {"type": "Feature", "properties": {"fips": "31001965400", "gap_national": -27.4, "gap_stratum": -58.1, "burden": 47.6, "capacity": 67.8, "svi": 0.18, "top_decile_gap": 0.0, "stratum": "micropolitan", "scored": 1}, "geometry": {"type": "Polygon", "coordinates": [[[-98.2781, 40.6983], [-98.2783, 40.5823], [-98.3354, 40.5825], [-98.3354, 40.626], [-98.4586, 40.6261], [-98.4589, 40.5681], [-98.7241, 40.5677], [-98.7244, 40.6989], [-98.2781, 40.6983]]]}}, {"type": "Feature", "properties": {"fips": "31001965600", "gap_national": 8.9, "gap_stratum": -14.3, "burden": 40.5, "capacity": 36.4, "svi": 0.43, "top_decile_gap": 0.0, "stratum": "micropolitan", "scored": 1}, "geometry": {"type": "Polygon", "coordinates": [[[-98.3825, 40.6049], [-98.3737, 40.6261], [-98.3354, 40.626], [-98.3354, 40.586], [-98.3835, 40.584], [-98.3838, 40.6006], [-98.386, 40.6027], [-98.3825, 40.6049]]]}}, {"type": "Feature", "properties": {"fips": "31049955400", "gap_national": 8.0, "gap_stratum": -11.4, "burden": 77.9, "capacity": 67.5, "svi": 0.41, "top_decile_gap": 0.0, "stratum": "rural", "scored": 1}, "geometry": {"type": "Polygon", "coordinates": [[[-102.6102, 41.0482], [-102.6104, 41.2216], [-102.0556, 41.2215], [-102.0555, 41.0475], [-102.0518, 41.0474], [-102.0517, 41.0024], [-102.621, 41.0026], [-102.6209, 41.048], [-102.6102, 41.0482]]]}}, {"type": "Feature", "properties": {"fips": "31153010208", "gap_national": -15.3, "gap_stratum": -12.7, "burden": 29.4, "capacity": 45.3, "svi": 0.28, "top_decile_gap": 0.0, "stratum": "metropolitan", "scored": 1}, "geometry": {"type": "Polygon", "coordinates": [[[-95.9762, 41.0927], [-95.9759, 41.0964], [-95.9496, 41.0964], [-95.9472, 41.0977], [-95.9472, 41.1037], [-95.9281, 41.1039], [-95.9279, 41.1116], [-95.9091, 41.0992], [-95.8924, 41.1071], [-95.8895, 41.1112], [-95.8781, 41.1112], [-95.878, 41.1181], [-95.8677, 41.1181], [-95.8659, 41.1174], [-95.8626, 41.0884], [-95.8655, 41.0804], [-95.8814, 41.0652], [-95.8824, 41.0604], [-95.8795, 41.0533], [-95.8892, 41.0584], [-95.8967, 41.0594], [-95.9474, 41.0576], [-95.9597, 41.0608], [-95.982, 41.0525], [-96.0079, 41.0607], [-96.0092, 41.0927], [-95.9762, 41.0927]]]}}, {"type": "Feature", "properties": {"fips": "31153010616", "gap_national": -53.9, "gap_stratum": -48.7, "burden": 29.0, "capacity": 71.5, "svi": 0.38, "top_decile_gap": 0.0, "stratum": "metropolitan", "scored": 1}, "geometry": {"type": "Polygon", "coordinates": [[[-96.043, 41.1763], [-96.043, 41.1557], [-96.0668, 41.1639], [-96.0844, 41.1762], [-96.043, 41.1763]]]}}, {"type": "Feature", "properties": {"fips": "31153010206", "gap_national": -29.1, "gap_stratum": -27.6, "burden": 23.7, "capacity": 50.4, "svi": 0.1, "top_decile_gap": 0.0, "stratum": "metropolitan", "scored": 1}, "geometry": {"type": "Polygon", "coordinates": [[[-95.9569, 41.1182], [-95.9563, 41.1215], [-95.9473, 41.1186], [-95.9472, 41.1104], [-95.9604, 41.1077], [-95.9665, 41.1089], [-95.9665, 41.1182], [-95.9569, 41.1182]]]}}, {"type": "Feature", "properties": {"fips": "31153010104", "gap_national": 19.7, "gap_stratum": 25.5, "burden": 46.4, "capacity": 33.0, "svi": 0.49, "top_decile_gap": 0.0, "stratum": "metropolitan", "scored": 1}, "geometry": {"type": "Polygon", "coordinates": [[[-95.931, 41.1902], [-95.919, 41.1797], [-95.9162, 41.1659], [-95.925, 41.165], [-95.927, 41.1783], [-95.9368, 41.191], [-95.931, 41.1902]]]}}, {"type": "Feature", "properties": {"fips": "31153010105", "gap_national": 22.1, "gap_stratum": 27.5, "burden": 59.2, "capacity": 43.1, "svi": 0.63, "top_decile_gap": 0.0, "stratum": "metropolitan", "scored": 1}, "geometry": {"type": "Polygon", "coordinates": [[[-95.925, 41.165], [-95.9162, 41.1659], [-95.9091, 41.16], [-95.9084, 41.1512], [-95.9177, 41.1514], [-95.9155, 41.1485], [-95.919, 41.1487], [-95.9207, 41.146], [-95.9274, 41.1475], [-95.925, 41.165]]]}}, {"type": "Feature", "properties": {"fips": "31153010615", "gap_national": -24.1, "gap_stratum": -20.2, "burden": 33.6, "capacity": 54.8, "svi": 0.08, "top_decile_gap": 0.0, "stratum": "metropolitan", "scored": 1}, "geometry": {"type": "Polygon", "coordinates": [[[-96.0093, 41.1907], [-96.003, 41.1831], [-96.014, 41.1834], [-96.0133, 41.1765], [-96.0237, 41.1762], [-96.0238, 41.1907], [-96.0093, 41.1907]]]}}, {"type": "Feature", "properties": {"fips": "31153010503", "gap_national": -2.1, "gap_stratum": 2.2, "burden": 38.2, "capacity": 43.2, "svi": 0.13, "top_decile_gap": 0.0, "stratum": "metropolitan", "scored": 1}, "geometry": {"type": "Polygon", "coordinates": [[[-95.9866, 41.1908], [-95.9862, 41.1643], [-95.9841, 41.1617], [-95.995, 41.1683], [-95.9978, 41.1772], [-96.0091, 41.1907], [-95.9866, 41.1908]]]}}, {"type": "Feature", "properties": {"fips": "31153010623", "gap_national": -37.6, "gap_stratum": -34.7, "burden": 26.7, "capacity": 58.4, "svi": 0.27, "top_decile_gap": 0.0, "stratum": "metropolitan", "scored": 1}, "geometry": {"type": "Polygon", "coordinates": [[[-96.0908, 41.1767], [-96.0844, 41.1762], [-96.0668, 41.1639], [-96.0478, 41.1589], [-96.043, 41.1557], [-96.043, 41.1399], [-96.0567, 41.1407], [-96.0706, 41.1472], [-96.0905, 41.1473], [-96.0908, 41.1767]]]}}, {"type": "Feature", "properties": {"fips": "31153010701", "gap_national": -47.8, "gap_stratum": -40.5, "burden": 38.2, "capacity": 75.4, "svi": 0.01, "top_decile_gap": 0.0, "stratum": "metropolitan", "scored": 1}, "geometry": {"type": "Polygon", "coordinates": [[[-96.3329, 41.0996], [-96.3169, 41.1085], [-96.3111, 41.1144], [-96.3163, 41.1252], [-96.1388, 41.1254], [-96.1389, 41.0461], [-96.1557, 41.0223], [-96.1576, 41.0134], [-96.2076, 40.9956], [-96.2189, 40.9943], [-96.233, 41.0009], [-96.2408, 41.0134], [-96.2476, 41.0178], [-96.2844, 41.0217], [-96.2973, 41.0268], [-96.3113, 41.0364], [-96.3192, 41.045], [-96.3249, 41.0591], [-96.3381, 41.078], [-96.3389, 41.0914], [-96.3329, 41.0996]]]}}, {"type": "Feature", "properties": {"fips": "31053964400", "gap_national": 39.6, "gap_stratum": 12.6, "burden": 52.8, "capacity": 20.7, "svi": 0.73, "top_decile_gap": 0.0, "stratum": "micropolitan", "scored": 1}, "geometry": {"type": "Polygon", "coordinates": [[[-96.5361, 41.4514], [-96.5362, 41.4427], [-96.4877, 41.4253], [-96.4459, 41.3933], [-96.4882, 41.3933], [-96.4922, 41.3975], [-96.4959, 41.394], [-96.5042, 41.3966], [-96.5095, 41.4042], [-96.5591, 41.4299], [-96.5777, 41.4342], [-96.6047, 41.4345], [-96.6036, 41.442], [-96.606, 41.4443], [-96.6166, 41.444], [-96.6166, 41.4516], [-96.5361, 41.4514]]]}}, {"type": "Feature", "properties": {"fips": "31119961300", "gap_national": 40.5, "gap_stratum": 22.9, "burden": 69.6, "capacity": 38.4, "svi": 0.7, "top_decile_gap": 0.0, "stratum": "rural", "scored": 1}, "geometry": {"type": "Polygon", "coordinates": [[[-97.7754, 41.9018], [-97.7754, 41.9164], [-97.5232, 41.9164], [-97.5232, 41.9744], [-97.3682, 41.975], [-97.3681, 41.7432], [-97.8322, 41.7422], [-97.8333, 41.9018], [-97.7754, 41.9018]]]}}, {"type": "Feature", "properties": {"fips": "31119960900", "gap_national": 33.9, "gap_stratum": 9.5, "burden": 57.5, "capacity": 31.8, "svi": 0.79, "top_decile_gap": 0.0, "stratum": "micropolitan", "scored": 1}, "geometry": {"type": "Polygon", "coordinates": [[[-97.4339, 42.0399], [-97.4183, 42.0401], [-97.4169, 42.0363], [-97.4193, 42.0363], [-97.4192, 42.0217], [-97.4319, 42.022], [-97.4339, 42.0399]]]}}, {"type": "Feature", "properties": {"fips": "31119961100", "gap_national": 55.2, "gap_stratum": 45.0, "burden": 77.2, "capacity": 33.1, "svi": 0.55, "top_decile_gap": 1.0, "stratum": "micropolitan", "scored": 1}, "geometry": {"type": "Polygon", "coordinates": [[[-97.4534, 42.0324], [-97.4364, 42.0215], [-97.4363, 42.0235], [-97.4288, 42.0211], [-97.4192, 42.0217], [-97.4192, 42.0182], [-97.3681, 42.0185], [-97.3682, 41.975], [-97.4652, 41.9745], [-97.4652, 41.9963], [-97.4846, 41.9961], [-97.4846, 42.0032], [-97.4801, 42.0072], [-97.4802, 42.0178], [-97.5042, 42.0179], [-97.5043, 42.0324], [-97.4534, 42.0324]]]}}, {"type": "Feature", "properties": {"fips": "31167962100", "gap_national": -0.5, "gap_stratum": -27.6, "burden": 62.4, "capacity": 61.2, "svi": 0.05, "top_decile_gap": 0.0, "stratum": "rural", "scored": 1}, "geometry": {"type": "Polygon", "coordinates": [[[-97.3682, 41.9957], [-97.36, 41.9927], [-97.3505, 41.9845], [-97.3434, 41.9713], [-97.326, 41.9512], [-97.325, 41.9542], [-97.3207, 41.9557], [-97.3104, 41.9451], [-97.3036, 41.9466], [-97.286, 41.9443], [-97.284, 41.9408], [-97.2854, 41.9389], [-97.2794, 41.9385], [-97.2752, 41.9329], [-97.2701, 41.9307], [-97.27, 41.9277], [-97.2745, 41.9262], [-97.2745, 41.924], [-97.27, 41.9216], [-97.2563, 41.9257], [-97.2564, 41.9294], [-97.2607, 41.934], [-97.2577, 41.9381], [-97.2477, 41.9273], [-97.2419, 41.9251], [-97.239, 41.9264], [-97.2391, 41.9326], [-97.2302, 41.9327], [-97.203, 41.9483], [-97.1936, 41.9509], [-97.1868, 41.9584], [-97.1801, 41.9589], [-97.1787, 41.9535], [-97.1748, 41.9537], [-97.1703, 41.9596], [-97.1614, 41.9588], [-97.1443, 41.9644], [-97.1129, 41.979], [-97.1189, 41.9828], [-97.1315, 41.9786], [-97.1405, 41.9788], [-97.1452, 41.982], [-97.1367, 41.9852], [-97.1368, 42.0907], [-97.0194, 42.0906], [-97.0199, 41.743], [-97.3681, 41.7432], [-97.3682, 41.9957]]]}}, {"type": "Feature", "properties": {"fips": "31157953100", "gap_national": 28.9, "gap_stratum": 14.8, "burden": 71.0, "capacity": 48.4, "svi": 0.49, "top_decile_gap": 0.0, "stratum": "rural", "scored": 1}, "geometry": {"type": "Polygon", "coordinates": [[[-104.0527, 42.0018], [-103.8729, 42.0004], [-103.8717, 41.9568], [-103.8952, 41.9565], [-103.9014, 41.9531], [-103.903, 41.948], [-103.9106, 41.9476], [-103.9129, 41.9439], [-103.9255, 41.9381], [-103.9078, 41.9339], [-103.8995, 41.9392], [-103.8918, 41.9385], [-103.8741, 41.9439], [-103.8673, 41.94], [-103.8483, 41.9373], [-103.8381, 41.9313], [-103.8223, 41.9276], [-103.8082, 41.9276], [-103.7955, 41.9198], [-103.7888, 41.9197], [-103.7822, 41.9163], [-103.7703, 41.9062], [-103.753, 41.9054], [-103.7464, 41.9028], [-103.7399, 41.896], [-103.7234, 41.8875], [-103.7207, 41.8724], [-103.7213, 41.8659], [-103.7731, 41.8653], [-103.7917, 41.8722], [-103.8894, 41.8714], [-103.8894, 41.857], [-104.053, 41.8569], [-104.0527, 42.0018]]]}}, {"type": "Feature", "properties": {"fips": "31157952900", "gap_national": 5.5, "gap_stratum": -18.7, "burden": 60.0, "capacity": 55.5, "svi": 0.7, "top_decile_gap": 0.0, "stratum": "micropolitan", "scored": 1}, "geometry": {"type": "Polygon", "coordinates": [[[-103.4602, 42.0042], [-103.3633, 42.0029], [-103.3626, 41.744], [-103.3749, 41.7441], [-103.3929, 41.7538], [-103.4244, 41.7643], [-103.4449, 41.7621], [-103.4741, 41.7787], [-103.4934, 41.7786], [-103.5065, 41.7879], [-103.5161, 41.788], [-103.5277, 41.7942], [-103.5361, 41.7955], [-103.5416, 41.8009], [-103.5456, 41.8], [-103.5488, 41.8038], [-103.5548, 41.8028], [-103.5567, 41.8074], [-103.5633, 41.8077], [-103.564, 41.8118], [-103.5676, 41.8112], [-103.5703, 41.8129], [-103.5693, 41.815], [-103.5797, 41.8186], [-103.5911, 41.8279], [-103.5989, 41.831], [-103.5779, 41.8407], [-103.5779, 41.8604], [-103.5731, 41.8603], [-103.5738, 41.8627], [-103.5777, 41.8637], [-103.5775, 41.89], [-103.597, 41.8899], [-103.5969, 41.8974], [-103.6168, 41.8967], [-103.6167, 41.9154], [-103.6563, 41.9151], [-103.6562, 41.9032], [-103.6757, 41.9031], [-103.6788, 42.0021], [-103.4602, 42.0042]]]}}, {"type": "Feature", "properties": {"fips": "31157953900", "gap_national": 4.3, "gap_stratum": -20.4, "burden": 60.4, "capacity": 56.6, "svi": 0.77, "top_decile_gap": 0.0, "stratum": "micropolitan", "scored": 1}, "geometry": {"type": "Polygon", "coordinates": [[[-103.7213, 41.8659], [-103.7207, 41.8614], [-103.7108, 41.8567], [-103.6869, 41.8513], [-103.6751, 41.8499], [-103.6626, 41.8516], [-103.6605, 41.8303], [-103.6632, 41.8303], [-103.6631, 41.8215], [-103.675, 41.8212], [-103.6747, 41.7997], [-103.6938, 41.7997], [-103.6939, 41.8122], [-103.6875, 41.8119], [-103.6874, 41.8173], [-103.6936, 41.8229], [-103.7184, 41.833], [-103.7345, 41.8456], [-103.7359, 41.8657], [-103.7213, 41.8659]]]}}, {"type": "Feature", "properties": {"fips": "31029961900", "gap_national": 18.2, "gap_stratum": -0.5, "burden": 67.0, "capacity": 52.5, "svi": 0.59, "top_decile_gap": 0.0, "stratum": "rural", "scored": 1}, "geometry": {"type": "Polygon", "coordinates": [[[-102.0514, 40.6975], [-101.6284, 40.7002], [-101.3454, 40.6981], [-101.3428, 40.3504], [-102.0516, 40.3492], [-102.0514, 40.6975]]]}}, {"type": "Feature", "properties": {"fips": "31011960200", "gap_national": -15.5, "gap_stratum": -50.4, "burden": 57.9, "capacity": 67.9, "svi": 0.26, "top_decile_gap": 0.0, "stratum": "rural", "scored": 1}, "geometry": {"type": "Polygon", "coordinates": [[[-98.0469, 41.6893], [-98.0424, 41.6904], [-98.0424, 41.6976], [-98.0079, 41.6979], [-97.9791, 41.6766], [-98.0039, 41.6763], [-98.0041, 41.6257], [-98.0232, 41.6255], [-98.0233, 41.6472], [-98.0425, 41.6469], [-98.0426, 41.6506], [-98.0517, 41.6505], [-98.0522, 41.684], [-98.0469, 41.6893]]]}}, {"type": "Feature", "properties": {"fips": "31055006701", "gap_national": -66.5, "gap_stratum": -63.3, "burden": 19.2, "capacity": 72.7, "svi": 0.14, "top_decile_gap": 0.0, "stratum": "metropolitan", "scored": 1}, "geometry": {"type": "Polygon", "coordinates": [[[-96.0621, 41.2634], [-96.0239, 41.2633], [-96.0239, 41.2488], [-96.0622, 41.2488], [-96.0621, 41.2634]]]}}, {"type": "Feature", "properties": {"fips": "31055007304", "gap_national": -25.8, "gap_stratum": -18.2, "burden": 65.5, "capacity": 85.6, "svi": 0.15, "top_decile_gap": 0.0, "stratum": "metropolitan", "scored": 1}, "geometry": {"type": "Polygon", "coordinates": [[[-96.01, 41.3457], [-95.987, 41.3474], [-95.9638, 41.3432], [-95.9719, 41.3435], [-95.9697, 41.3348], [-95.9733, 41.3329], [-95.9733, 41.326], [-95.9888, 41.3213], [-95.9887, 41.3248], [-95.9926, 41.3248], [-95.9947, 41.3302], [-96.0047, 41.3321], [-96.0047, 41.3358], [-96.0238, 41.3357], [-96.0238, 41.3415], [-96.01, 41.3457]]]}}, {"type": "Feature", "properties": {"fips": "31055002500", "gap_national": 65.9, "gap_stratum": 72.5, "burden": 67.4, "capacity": 10.3, "svi": 0.79, "top_decile_gap": 1.0, "stratum": "metropolitan", "scored": 1}, "geometry": {"type": "Polygon", "coordinates": [[[-95.9333, 41.2297], [-95.911, 41.2316], [-95.9247, 41.2115], [-95.9333, 41.213], [-95.9384, 41.2202], [-95.947, 41.2197], [-95.947, 41.2246], [-95.9333, 41.2297]]]}}, {"type": "Feature", "properties": {"fips": "31055007406", "gap_national": -21.8, "gap_stratum": -20.1, "burden": 25.3, "capacity": 46.7, "svi": 0.52, "top_decile_gap": 0.0, "stratum": "metropolitan", "scored": 1}, "geometry": {"type": "Polygon", "coordinates": [[[-96.1386, 41.2486], [-96.1196, 41.2486], [-96.1195, 41.2341], [-96.1386, 41.2338], [-96.1386, 41.2486]]]}}, {"type": "Feature", "properties": {"fips": "31055007409", "gap_national": -22.0, "gap_stratum": -16.6, "burden": 40.1, "capacity": 58.4, "svi": 0.12, "top_decile_gap": 0.0, "stratum": "metropolitan", "scored": 1}, "geometry": {"type": "Polygon", "coordinates": [[[-96.1195, 41.2341], [-96.1195, 41.2214], [-96.0239, 41.2217], [-96.0239, 41.2125], [-96.1388, 41.2127], [-96.1388, 41.2217], [-96.1575, 41.2339], [-96.1195, 41.2341]]]}}, {"type": "Feature", "properties": {"fips": "31055007424", "gap_national": 14.2, "gap_stratum": 19.8, "burden": 50.3, "capacity": 41.3, "svi": 0.54, "top_decile_gap": 0.0, "stratum": "metropolitan", "scored": 1}, "geometry": {"type": "Polygon", "coordinates": [[[-96.0758, 41.2861], [-96.0526, 41.2851], [-96.0526, 41.2778], [-96.0761, 41.2778], [-96.0758, 41.2861]]]}}, {"type": "Feature", "properties": {"fips": "31055007472", "gap_national": -53.3, "gap_stratum": -50.0, "burden": 23.1, "capacity": 66.2, "svi": 0.05, "top_decile_gap": 0.0, "stratum": "metropolitan", "scored": 1}, "geometry": {"type": "Polygon", "coordinates": [[[-96.1389, 41.2922], [-96.1388, 41.2777], [-96.1581, 41.2775], [-96.1581, 41.2921], [-96.1389, 41.2922]]]}}, {"type": "Feature", "properties": {"fips": "31055007451", "gap_national": -40.7, "gap_stratum": -38.9, "burden": 22.3, "capacity": 57.2, "svi": 0.1, "top_decile_gap": 0.0, "stratum": "metropolitan", "scored": 1}, "geometry": {"type": "Polygon", "coordinates": [[[-96.1575, 41.2339], [-96.1388, 41.2217], [-96.1387, 41.2195], [-96.1555, 41.2193], [-96.1627, 41.2217], [-96.1634, 41.2191], [-96.1682, 41.2185], [-96.1793, 41.2209], [-96.1882, 41.2241], [-96.1876, 41.2262], [-96.1906, 41.2273], [-96.1962, 41.2268], [-96.1961, 41.2341], [-96.1575, 41.2339]]]}}, {"type": "Feature", "properties": {"fips": "31055007505", "gap_national": -44.7, "gap_stratum": -43.7, "burden": 18.7, "capacity": 57.2, "svi": 0.12, "top_decile_gap": 0.0, "stratum": "metropolitan", "scored": 1}, "geometry": {"type": "Polygon", "coordinates": [[[-96.3103, 41.3932], [-96.197, 41.3931], [-96.1969, 41.3499], [-96.2066, 41.3499], [-96.2063, 41.3209], [-96.1967, 41.3209], [-96.1964, 41.3065], [-96.2345, 41.3063], [-96.2344, 41.2919], [-96.2484, 41.2917], [-96.262, 41.2946], [-96.2832, 41.2936], [-96.2934, 41.3187], [-96.2947, 41.3274], [-96.2924, 41.3327], [-96.3028, 41.337], [-96.3025, 41.3397], [-96.2948, 41.3426], [-96.2905, 41.3477], [-96.2981, 41.3527], [-96.2904, 41.3541], [-96.2908, 41.3566], [-96.302, 41.3574], [-96.3008, 41.3602], [-96.2948, 41.3621], [-96.3024, 41.3793], [-96.2992, 41.388], [-96.3079, 41.387], [-96.3117, 41.3904], [-96.3103, 41.3932]]]}}, {"type": "Feature", "properties": {"fips": "31055007315", "gap_national": -45.5, "gap_stratum": -44.4, "burden": 19.1, "capacity": 58.0, "svi": 0.1, "top_decile_gap": 0.0, "stratum": "metropolitan", "scored": 1}, "geometry": {"type": "Polygon", "coordinates": [[[-96.1003, 41.3357], [-96.1007, 41.3066], [-96.1389, 41.3066], [-96.139, 41.3356], [-96.1003, 41.3357]]]}}, {"type": "Feature", "properties": {"fips": "31055007450", "gap_national": -38.1, "gap_stratum": -34.3, "burden": 29.4, "capacity": 60.8, "svi": 0.04, "top_decile_gap": 0.0, "stratum": "metropolitan", "scored": 1}, "geometry": {"type": "Polygon", "coordinates": [[[-96.1769, 41.2485], [-96.1666, 41.2485], [-96.1587, 41.234], [-96.1769, 41.2342], [-96.1769, 41.2485]]]}}, {"type": "Feature", "properties": {"fips": "31055007449", "gap_national": -52.9, "gap_stratum": -45.0, "burden": 45.4, "capacity": 91.4, "svi": 0.24, "top_decile_gap": 0.0, "stratum": "metropolitan", "scored": 1}, "geometry": {"type": "Polygon", "coordinates": [[[-96.1769, 41.2485], [-96.1769, 41.2342], [-96.1961, 41.2343], [-96.1963, 41.2485], [-96.1769, 41.2485]]]}}, {"type": "Feature", "properties": {"fips": "31055007303", "gap_national": -51.2, "gap_stratum": -43.3, "burden": 42.7, "capacity": 84.1, "svi": 0.11, "top_decile_gap": 0.0, "stratum": "metropolitan", "scored": 1}, "geometry": {"type": "Polygon", "coordinates": [[[-96.0239, 41.3932], [-95.9387, 41.3932], [-95.9288, 41.3701], [-95.9355, 41.3606], [-95.9549, 41.3518], [-95.9567, 41.3458], [-95.9937, 41.3471], [-96.01, 41.3457], [-96.0238, 41.3415], [-96.0239, 41.3932]]]}}, {"type": "Feature", "properties": {"fips": "31055003200", "gap_national": 50.8, "gap_stratum": 58.2, "burden": 57.4, "capacity": 14.3, "svi": 0.9, "top_decile_gap": 0.0, "stratum": "metropolitan", "scored": 1}, "geometry": {"type": "Polygon", "coordinates": [[[-95.954, 41.2271], [-95.947, 41.2262], [-95.9471, 41.2056], [-95.9505, 41.2056], [-95.957, 41.2224], [-95.954, 41.2271]]]}}, {"type": "Feature", "properties": {"fips": "31055000200", "gap_national": 41.7, "gap_stratum": 46.6, "burden": 67.5, "capacity": 35.3, "svi": 0.8, "top_decile_gap": 0.0, "stratum": "metropolitan", "scored": 1}, "geometry": {"type": "Polygon", "coordinates": [[[-95.9567, 41.3458], [-95.9531, 41.3399], [-95.9394, 41.329], [-95.9456, 41.3246], [-95.9454, 41.3176], [-95.9565, 41.3176], [-95.9642, 41.3447], [-95.9567, 41.3458]]]}}, {"type": "Feature", "properties": {"fips": "31055000800", "gap_national": 53.6, "gap_stratum": 56.4, "burden": 76.7, "capacity": 34.0, "svi": 0.8, "top_decile_gap": 1.0, "stratum": "metropolitan", "scored": 1}, "geometry": {"type": "Polygon", "coordinates": [[[-95.947, 41.2996], [-95.9323, 41.2997], [-95.9326, 41.2851], [-95.9352, 41.286], [-95.9352, 41.2887], [-95.947, 41.2892], [-95.947, 41.2996]]]}}, {"type": "Feature", "properties": {"fips": "31055001100", "gap_national": 55.1, "gap_stratum": 59.5, "burden": 71.7, "capacity": 27.8, "svi": 0.92, "top_decile_gap": 1.0, "stratum": "metropolitan", "scored": 1}, "geometry": {"type": "Polygon", "coordinates": [[[-95.9566, 41.2892], [-95.947, 41.2892], [-95.947, 41.268], [-95.9565, 41.2679], [-95.9566, 41.2892]]]}}, {"type": "Feature", "properties": {"fips": "31055002100", "gap_national": 68.7, "gap_stratum": 74.7, "burden": 70.2, "capacity": 10.8, "svi": 0.98, "top_decile_gap": 1.0, "stratum": "metropolitan", "scored": 1}, "geometry": {"type": "Polygon", "coordinates": [[[-95.9372, 41.2481], [-95.9306, 41.2491], [-95.9307, 41.2369], [-95.9374, 41.2382], [-95.9372, 41.2481]]]}}, {"type": "Feature", "properties": {"fips": "31055002400", "gap_national": 59.8, "gap_stratum": 67.2, "burden": 61.5, "capacity": 9.2, "svi": 0.88, "top_decile_gap": 1.0, "stratum": "metropolitan", "scored": 1}, "geometry": {"type": "Polygon", "coordinates": [[[-95.9374, 41.2344], [-95.9374, 41.237], [-95.9268, 41.2369], [-95.9242, 41.2306], [-95.947, 41.2261], [-95.947, 41.2318], [-95.9374, 41.2344]]]}}, {"type": "Feature", "properties": {"fips": "31055002800", "gap_national": 65.0, "gap_stratum": 72.1, "burden": 65.4, "capacity": 8.1, "svi": 0.9, "top_decile_gap": 1.0, "stratum": "metropolitan", "scored": 1}, "geometry": {"type": "Polygon", "coordinates": [[[-95.9361, 41.2037], [-95.936, 41.2021], [-95.9275, 41.2022], [-95.9233, 41.1912], [-95.9368, 41.191], [-95.9468, 41.2014], [-95.9471, 41.2056], [-95.9361, 41.2037]]]}}, {"type": "Feature", "properties": {"fips": "31055003100", "gap_national": 56.5, "gap_stratum": 63.5, "burden": 62.4, "capacity": 14.5, "svi": 0.84, "top_decile_gap": 1.0, "stratum": "metropolitan", "scored": 1}, "geometry": {"type": "Polygon", "coordinates": [[[-95.9758, 41.2247], [-95.9541, 41.227], [-95.9569, 41.2197], [-95.9505, 41.2056], [-95.9673, 41.2054], [-95.9671, 41.2123], [-95.9689, 41.2125], [-95.9779, 41.2061], [-95.9758, 41.2247]]]}}, {"type": "Feature", "properties": {"fips": "31055003500", "gap_national": 14.9, "gap_stratum": 20.3, "burden": 40.6, "capacity": 31.3, "svi": 0.61, "top_decile_gap": 0.0, "stratum": "metropolitan", "scored": 1}, "geometry": {"type": "Polygon", "coordinates": [[[-95.9941, 41.2411], [-95.9758, 41.2415], [-95.9758, 41.227], [-95.9786, 41.227], [-95.9786, 41.2306], [-95.9902, 41.2306], [-95.9902, 41.227], [-95.9951, 41.227], [-95.9951, 41.2305], [-96.0047, 41.2306], [-96.0047, 41.2379], [-95.9941, 41.2411]]]}}, {"type": "Feature", "properties": {"fips": "31055003800", "gap_national": 38.9, "gap_stratum": 45.5, "burden": 56.6, "capacity": 26.2, "svi": 0.77, "top_decile_gap": 0.0, "stratum": "metropolitan", "scored": 1}, "geometry": {"type": "Polygon", "coordinates": [[[-95.9758, 41.2488], [-95.9539, 41.2488], [-95.9542, 41.2355], [-95.9643, 41.2379], [-95.9643, 41.2415], [-95.9758, 41.2415], [-95.9758, 41.2488]]]}}, {"type": "Feature", "properties": {"fips": "31055004500", "gap_national": -29.4, "gap_stratum": -28.8, "burden": 20.1, "capacity": 47.8, "svi": 0.36, "top_decile_gap": 0.0, "stratum": "metropolitan", "scored": 1}, "geometry": {"type": "Polygon", "coordinates": [[[-95.9958, 41.2524], [-95.9951, 41.2597], [-95.9854, 41.2597], [-95.9854, 41.2561], [-95.9903, 41.2561], [-95.9902, 41.2488], [-96.0048, 41.2487], [-96.0048, 41.2524], [-95.9958, 41.2524]]]}}, {"type": "Feature", "properties": {"fips": "31055005700", "gap_national": 42.0, "gap_stratum": 49.0, "burden": 55.7, "capacity": 21.8, "svi": 0.6, "top_decile_gap": 0.0, "stratum": "metropolitan", "scored": 1}, "geometry": {"type": "Polygon", "coordinates": [[[-96.0143, 41.2959], [-96.0095, 41.2959], [-96.0095, 41.2923], [-96.0047, 41.2923], [-95.9999, 41.2923], [-95.9999, 41.2959], [-95.9951, 41.2959], [-95.995, 41.2832], [-96.0048, 41.2832], [-96.0048, 41.285], [-96.0144, 41.285], [-96.0143, 41.2959]]]}}, {"type": "Feature", "properties": {"fips": "31055006101", "gap_national": 68.5, "gap_stratum": 67.6, "burden": 91.0, "capacity": 32.7, "svi": 0.94, "top_decile_gap": 1.0, "stratum": "metropolitan", "scored": 1}, "geometry": {"type": "Polygon", "coordinates": [[[-95.9854, 41.3122], [-95.9852, 41.3222], [-95.9757, 41.326], [-95.9758, 41.3067], [-95.9848, 41.3067], [-95.9854, 41.3103], [-95.9878, 41.3111], [-95.9854, 41.3122]]]}}, {"type": "Feature", "properties": {"fips": "31055006302", "gap_national": 48.1, "gap_stratum": 49.9, "burden": 79.2, "capacity": 40.6, "svi": 0.99, "top_decile_gap": 0.0, "stratum": "metropolitan", "scored": 1}, "geometry": {"type": "Polygon", "coordinates": [[[-96.0059, 41.3052], [-96.0046, 41.3104], [-95.9854, 41.3103], [-95.9848, 41.3086], [-95.9855, 41.2996], [-96.0143, 41.2995], [-96.0143, 41.3031], [-96.0059, 41.3052]]]}}, {"type": "Feature", "properties": {"fips": "31055007454", "gap_national": -43.3, "gap_stratum": -36.5, "burden": 37.7, "capacity": 71.3, "svi": 0.24, "top_decile_gap": 0.0, "stratum": "metropolitan", "scored": 1}, "geometry": {"type": "Polygon", "coordinates": [[[-96.1543, 41.2169], [-96.1549, 41.2195], [-96.1387, 41.2195], [-96.1388, 41.2054], [-96.1582, 41.2054], [-96.158, 41.2121], [-96.1543, 41.2169]]]}}, {"type": "Feature", "properties": {"fips": "31055006506", "gap_national": 53.0, "gap_stratum": 51.7, "burden": 90.4, "capacity": 44.9, "svi": 1.0, "top_decile_gap": 1.0, "stratum": "metropolitan", "scored": 1}, "geometry": {"type": "Polygon", "coordinates": [[[-96.0238, 41.3194], [-96.0046, 41.3176], [-96.0046, 41.3062], [-96.0118, 41.3031], [-96.0124, 41.3067], [-96.0238, 41.3067], [-96.0238, 41.3194]]]}}, {"type": "Feature", "properties": {"fips": "31055007467", "gap_national": 17.8, "gap_stratum": 23.3, "burden": 41.7, "capacity": 30.0, "svi": 0.77, "top_decile_gap": 0.0, "stratum": "metropolitan", "scored": 1}, "geometry": {"type": "Polygon", "coordinates": [[[-96.043, 41.2053], [-96.0429, 41.1907], [-96.0619, 41.1907], [-96.062, 41.2053], [-96.043, 41.2053]]]}}, {"type": "Feature", "properties": {"fips": "31055007435", "gap_national": 0.1, "gap_stratum": 3.7, "burden": 33.0, "capacity": 36.4, "svi": 0.18, "top_decile_gap": 0.0, "stratum": "metropolitan", "scored": 1}, "geometry": {"type": "Polygon", "coordinates": [[[-96.0709, 41.3067], [-96.0526, 41.3067], [-96.0526, 41.2955], [-96.064, 41.2992], [-96.0644, 41.2967], [-96.0684, 41.2956], [-96.0715, 41.2977], [-96.0709, 41.3067]]]}}, {"type": "Feature", "properties": {"fips": "31055007457", "gap_national": 0.2, "gap_stratum": 2.8, "burden": 25.3, "capacity": 28.6, "svi": 0.29, "top_decile_gap": 0.0, "stratum": "metropolitan", "scored": 1}, "geometry": {"type": "Polygon", "coordinates": [[[-96.0918, 41.2121], [-96.0622, 41.2125], [-96.062, 41.2053], [-96.0944, 41.2053], [-96.0918, 41.2121]]]}}, {"type": "Feature", "properties": {"fips": "31055007458", "gap_national": 10.2, "gap_stratum": 13.8, "burden": 28.4, "capacity": 22.0, "svi": 0.61, "top_decile_gap": 0.0, "stratum": "metropolitan", "scored": 1}, "geometry": {"type": "Polygon", "coordinates": [[[-96.043, 41.2125], [-96.043, 41.2053], [-96.062, 41.2053], [-96.0622, 41.2125], [-96.043, 41.2125]]]}}, {"type": "Feature", "properties": {"fips": "31055007459", "gap_national": 21.1, "gap_stratum": 27.0, "burden": 47.2, "capacity": 32.6, "svi": 0.43, "top_decile_gap": 0.0, "stratum": "metropolitan", "scored": 1}, "geometry": {"type": "Polygon", "coordinates": [[[-96.043, 41.2125], [-96.0239, 41.2125], [-96.0238, 41.199], [-96.043, 41.1986], [-96.043, 41.2125]]]}}, {"type": "Feature", "properties": {"fips": "31055007468", "gap_national": 12.0, "gap_stratum": 17.4, "burden": 45.2, "capacity": 38.3, "svi": 0.3, "top_decile_gap": 0.0, "stratum": "metropolitan", "scored": 1}, "geometry": {"type": "Polygon", "coordinates": [[[-96.0238, 41.199], [-96.0238, 41.1907], [-96.0429, 41.1907], [-96.043, 41.1986], [-96.0238, 41.199]]]}}, {"type": "Feature", "properties": {"fips": "31055006400", "gap_national": -10.9, "gap_stratum": -8.8, "burden": 26.5, "capacity": 39.4, "svi": 0.35, "top_decile_gap": 0.0, "stratum": "metropolitan", "scored": 1}, "geometry": {"type": "Polygon", "coordinates": [[[-96.0239, 41.2814], [-96.0143, 41.2814], [-96.0144, 41.2778], [-96.0048, 41.2777], [-96.0048, 41.2705], [-96.0019, 41.2705], [-96.0058, 41.265], [-96.0143, 41.2678], [-96.0191, 41.2633], [-96.0191, 41.2596], [-96.0239, 41.2596], [-96.0239, 41.2814]]]}}, {"type": "Feature", "properties": {"fips": "31039972700", "gap_national": 5.1, "gap_stratum": -19.3, "burden": 64.7, "capacity": 59.3, "svi": 0.21, "top_decile_gap": 0.0, "stratum": "rural", "scored": 1}, "geometry": {"type": "Polygon", "coordinates": [[[-97.0194, 42.0906], [-96.9033, 42.0905], [-96.9032, 42.0036], [-96.8649, 42.0035], [-96.8647, 41.9603], [-96.8791, 41.9621], [-96.8794, 41.951], [-96.8765, 41.9471], [-96.8647, 41.9484], [-96.862, 41.948], [-96.8601, 41.9429], [-96.8455, 41.9426], [-96.8344, 41.9326], [-96.8258, 41.9199], [-96.8161, 41.9151], [-96.8118, 41.9087], [-96.8044, 41.9054], [-96.7875, 41.9046], [-96.7799, 41.8998], [-96.7784, 41.8947], [-96.7696, 41.8903], [-96.7647, 41.8836], [-96.7457, 41.8809], [-96.7439, 41.8734], [-96.7384, 41.8704], [-96.7266, 41.8558], [-96.7243, 41.8457], [-96.7266, 41.8423], [-96.727, 41.8096], [-96.732, 41.7913], [-96.7253, 41.7565], [-96.7279, 41.7423], [-97.0199, 41.743], [-97.0194, 42.0906]]]}}, {"type": "Feature", "properties": {"fips": "31051977600", "gap_national": 9.7, "gap_stratum": 15.1, "burden": 67.8, "capacity": 58.8, "svi": 0.33, "top_decile_gap": 0.0, "stratum": "metropolitan", "scored": 1}, "geometry": {"type": "Polygon", "coordinates": [[[-96.9791, 42.7601], [-96.9689, 42.7543], [-96.9609, 42.7391], [-96.9658, 42.7271], [-96.9635, 42.7206], [-96.9376, 42.7196], [-96.9183, 42.7319], [-96.9068, 42.7338], [-96.8868, 42.7252], [-96.8604, 42.7208], [-96.8434, 42.712], [-96.8062, 42.7042], [-96.8017, 42.6988], [-96.8005, 42.6925], [-96.8022, 42.6722], [-96.7932, 42.666], [-96.7641, 42.662], [-96.7469, 42.6662], [-96.728, 42.6669], [-96.6913, 42.6562], [-96.6871, 42.6521], [-96.6878, 42.646], [-96.7095, 42.6219], [-96.7115, 42.6148], [-96.7093, 42.6038], [-96.6814, 42.5745], [-96.6588, 42.5664], [-96.6481, 42.5609], [-96.638, 42.552], [-96.6333, 42.5402], [-96.6315, 42.5243], [-96.7222, 42.5247], [-96.7218, 42.474], [-96.7649, 42.4751], [-96.7991, 42.4718], [-96.8258, 42.4722], [-96.8426, 42.467], [-97.0157, 42.4671], [-97.0158, 42.7616], [-96.9791, 42.7601]]]}}, {"type": "Feature", "properties": {"fips": "31141965500", "gap_national": 13.2, "gap_stratum": -11.6, "burden": 45.7, "capacity": 37.8, "svi": 0.32, "top_decile_gap": 0.0, "stratum": "micropolitan", "scored": 1}, "geometry": {"type": "Polygon", "coordinates": [[[-97.3681, 41.4223], [-97.3495, 41.422], [-97.3491, 41.4385], [-97.2524, 41.4387], [-97.2535, 41.3842], [-97.2615, 41.3863], [-97.2776, 41.3974], [-97.2878, 41.4006], [-97.3049, 41.401], [-97.3256, 41.3956], [-97.3206, 41.3996], [-97.3352, 41.4018], [-97.355, 41.4152], [-97.3681, 41.4181], [-97.3681, 41.4223]]]}}, {"type": "Feature", "properties": {"fips": "31055007471", "gap_national": -45.0, "gap_stratum": -42.3, "burden": 24.1, "capacity": 61.3, "svi": 0.44, "top_decile_gap": 0.0, "stratum": "metropolitan", "scored": 1}, "geometry": {"type": "Polygon", "coordinates": [[[-96.1581, 41.2921], [-96.1581, 41.2775], [-96.1772, 41.2775], [-96.1774, 41.2921], [-96.1581, 41.2921]]]}}, {"type": "Feature", "properties": {"fips": "31055007514", "gap_national": -74.6, "gap_stratum": -72.3, "burden": 14.1, "capacity": 74.9, "svi": 0.0, "top_decile_gap": 0.0, "stratum": "metropolitan", "scored": 1}, "geometry": {"type": "Polygon", "coordinates": [[[-96.1963, 41.2485], [-96.1961, 41.2343], [-96.2344, 41.2339], [-96.2344, 41.2482], [-96.1963, 41.2485]]]}}, {"type": "Feature", "properties": {"fips": "31055007516", "gap_national": -32.8, "gap_stratum": -32.9, "burden": 16.9, "capacity": 47.8, "svi": 0.03, "top_decile_gap": 0.0, "stratum": "metropolitan", "scored": 1}, "geometry": {"type": "Polygon", "coordinates": [[[-96.1963, 41.2194], [-96.1965, 41.2052], [-96.2343, 41.2048], [-96.2343, 41.2193], [-96.1963, 41.2194]]]}}, {"type": "Feature", "properties": {"fips": "31055007517", "gap_national": -17.2, "gap_stratum": -17.3, "burden": 13.9, "capacity": 33.0, "svi": 0.02, "top_decile_gap": 0.0, "stratum": "metropolitan", "scored": 1}, "geometry": {"type": "Polygon", "coordinates": [[[-96.1965, 41.2052], [-96.1967, 41.1907], [-96.2343, 41.1903], [-96.2343, 41.2048], [-96.1965, 41.2052]]]}}, {"type": "Feature", "properties": {"fips": "31085961500", "gap_national": 22.2, "gap_stratum": 11.5, "burden": 76.7, "capacity": 57.1, "svi": 0.26, "top_decile_gap": 0.0, "stratum": "rural", "scored": 1}, "geometry": {"type": "Polygon", "coordinates": [[[-100.7778, 40.7001], [-100.7799, 40.6823], [-100.783, 40.5417], [-100.7774, 40.3495], [-101.3428, 40.3504], [-101.3454, 40.6981], [-100.7778, 40.7001]]]}}, {"type": "Feature", "properties": {"fips": "31109003402", "gap_national": 18.5, "gap_stratum": 23.8, "burden": 38.0, "capacity": 25.1, "svi": 0.67, "top_decile_gap": 0.0, "stratum": "metropolitan", "scored": 1}, "geometry": {"type": "Polygon", "coordinates": [[[-96.7231, 40.8137], [-96.7251, 40.7881], [-96.7387, 40.7846], [-96.7493, 40.7846], [-96.7492, 40.8003], [-96.7447, 40.8027], [-96.7494, 40.8045], [-96.753, 40.81], [-96.7231, 40.8137]]]}}, {"type": "Feature", "properties": {"fips": "31109003102", "gap_national": -18.8, "gap_stratum": -18.9, "burden": 15.4, "capacity": 35.8, "svi": 0.19, "top_decile_gap": 0.0, "stratum": "metropolitan", "scored": 1}, "geometry": {"type": "Polygon", "coordinates": [[[-96.7465, 40.8788], [-96.7218, 40.8717], [-96.7161, 40.8622], [-96.7397, 40.8391], [-96.7436, 40.8453], [-96.7443, 40.8601], [-96.7649, 40.8734], [-96.7648, 40.8794], [-96.7465, 40.8788]]]}}, {"type": "Feature", "properties": {"fips": "31109003714", "gap_national": -59.1, "gap_stratum": -58.1, "burden": 14.3, "capacity": 63.6, "svi": 0.06, "top_decile_gap": 0.0, "stratum": "metropolitan", "scored": 1}, "geometry": {"type": "Polygon", "coordinates": [[[-96.6444, 40.7564], [-96.6065, 40.736], [-96.6062, 40.7263], [-96.6444, 40.7263], [-96.6444, 40.7564]]]}}, {"type": "Feature", "properties": {"fips": "31109003719", "gap_national": -50.1, "gap_stratum": -48.8, "burden": 18.0, "capacity": 60.2, "svi": 0.18, "top_decile_gap": 0.0, "stratum": "metropolitan", "scored": 1}, "geometry": {"type": "Polygon", "coordinates": [[[-96.6061, 40.7552], [-96.5679, 40.7551], [-96.5678, 40.6972], [-96.6063, 40.6973], [-96.6061, 40.7552]]]}}, {"type": "Feature", "properties": {"fips": "31153010622", "gap_national": -42.9, "gap_stratum": -41.2, "burden": 21.4, "capacity": 58.0, "svi": 0.13, "top_decile_gap": 0.0, "stratum": "metropolitan", "scored": 1}, "geometry": {"type": "Polygon", "coordinates": [[[-96.0814, 41.1908], [-96.0619, 41.1907], [-96.0621, 41.1763], [-96.0812, 41.1762], [-96.0814, 41.1908]]]}}, {"type": "Feature", "properties": {"fips": "31153010626", "gap_national": -32.0, "gap_stratum": -31.4, "burden": 19.7, "capacity": 49.3, "svi": 0.12, "top_decile_gap": 0.0, "stratum": "metropolitan", "scored": 1}, "geometry": {"type": "Polygon", "coordinates": [[[-96.1583, 41.1908], [-96.1583, 41.1762], [-96.1774, 41.1761], [-96.1775, 41.1906], [-96.1583, 41.1908]]]}}, {"type": "Feature", "properties": {"fips": "31151960602", "gap_national": 47.0, "gap_stratum": 13.3, "burden": 56.3, "capacity": 17.2, "svi": 0.77, "top_decile_gap": 0.0, "stratum": "small_town", "scored": 1}, "geometry": {"type": "Polygon", "coordinates": [[[-97.0272, 40.6982], [-96.9135, 40.6979], [-96.9137, 40.6587], [-96.9228, 40.6496], [-96.942, 40.6425], [-96.9519, 40.6329], [-96.9651, 40.6262], [-96.965, 40.6216], [-96.9567, 40.6216], [-96.9567, 40.6152], [-96.9519, 40.6152], [-96.9518, 40.6071], [-96.9423, 40.6065], [-96.9418, 40.5962], [-96.951, 40.5962], [-96.9515, 40.5996], [-96.9595, 40.5999], [-96.9609, 40.5962], [-97.0272, 40.5961], [-97.0272, 40.6982]]]}}, {"type": "Feature", "properties": {"fips": "31025965600", "gap_national": -13.1, "gap_stratum": -7.0, "burden": 46.6, "capacity": 57.5, "svi": 0.5, "top_decile_gap": 0.0, "stratum": "metropolitan", "scored": 1}, "geometry": {"type": "Polygon", "coordinates": [[[-95.9399, 41.0169], [-95.94, 41.0457], [-95.9192, 41.0448], [-95.927, 41.054], [-95.9279, 41.0588], [-95.8892, 41.0584], [-95.8605, 41.0379], [-95.8599, 41.0254], [-95.8684, 41.0127], [-95.8692, 41.006], [-95.8671, 41.0013], [-95.869, 40.9992], [-95.874, 41.0], [-95.8826, 41.0092], [-95.9014, 41.0092], [-95.9014, 41.0025], [-95.9094, 41.0024], [-95.9117, 40.9297], [-95.9305, 40.9296], [-95.9304, 40.9441], [-95.9495, 40.944], [-95.9496, 41.0169], [-95.9399, 41.0169]]]}}, {"type": "Feature", "properties": {"fips": "31055007320", "gap_national": -2.5, "gap_stratum": 0.5, "burden": 29.9, "capacity": 35.8, "svi": 0.2, "top_decile_gap": 0.0, "stratum": "metropolitan", "scored": 1}, "geometry": {"type": "Polygon", "coordinates": [[[-96.0425, 41.3211], [-96.0334, 41.3217], [-96.0334, 41.3357], [-96.04, 41.3363], [-96.0238, 41.3415], [-96.0238, 41.3127], [-96.0465, 41.3113], [-96.0425, 41.3211]]]}}, {"type": "Feature", "properties": {"fips": "31055007520", "gap_national": -45.2, "gap_stratum": -45.7, "burden": 13.0, "capacity": 53.6, "svi": 0.14, "top_decile_gap": 0.0, "stratum": "metropolitan", "scored": 1}, "geometry": {"type": "Polygon", "coordinates": [[[-96.1774, 41.2921], [-96.1772, 41.2775], [-96.1965, 41.2776], [-96.1967, 41.292], [-96.1774, 41.2921]]]}}, {"type": "Feature", "properties": {"fips": "31033954800", "gap_national": -8.4, "gap_stratum": -41.8, "burden": 65.8, "capacity": 69.3, "svi": 0.39, "top_decile_gap": 0.0, "stratum": "rural", "scored": 1}, "geometry": {"type": "Polygon", "coordinates": [[[-103.3757, 41.0476], [-103.3756, 41.3061], [-103.3776, 41.3215], [-103.3776, 41.3946], [-103.3705, 41.3947], [-103.369, 41.4378], [-102.6365, 41.4388], [-102.6367, 41.3952], [-102.6094, 41.3951], [-102.6102, 41.0482], [-102.6209, 41.048], [-102.621, 41.0026], [-103.3825, 41.0022], [-103.3825, 41.0477], [-103.3757, 41.0476]], [[-103.0027, 41.1137], [-102.9491, 41.1128], [-102.9453, 41.1318], [-102.9451, 41.1471], [-102.9351, 41.1474], [-102.9351, 41.1606], [-103.012, 41.1628], [-103.0152, 41.1594], [-103.0117, 41.1567], [-103.0118, 41.1452], [-103.0308, 41.1486], [-103.0313, 41.126], [-103.0027, 41.1137]]]}}, {"type": "Feature", "properties": {"fips": "31079001400", "gap_national": 8.0, "gap_stratum": 13.7, "burden": 51.8, "capacity": 47.2, "svi": 0.51, "top_decile_gap": 0.0, "stratum": "metropolitan", "scored": 1}, "geometry": {"type": "Polygon", "coordinates": [[[-98.4743, 40.8733], [-98.4746, 40.8193], [-98.4774, 40.8159], [-98.4889, 40.8153], [-98.4934, 40.8118], [-98.4926, 40.6986], [-98.7214, 40.6989], [-98.7219, 40.8733], [-98.4743, 40.8733]]]}}, {"type": "Feature", "properties": {"fips": "31079001100", "gap_national": 33.5, "gap_stratum": 40.3, "burden": 46.3, "capacity": 19.2, "svi": 0.71, "top_decile_gap": 0.0, "stratum": "metropolitan", "scored": 1}, "geometry": {"type": "Polygon", "coordinates": [[[-98.3397, 40.9166], [-98.3084, 40.9163], [-98.2825, 40.9064], [-98.2826, 40.8735], [-98.3395, 40.8727], [-98.3397, 40.9166]]]}}, {"type": "Feature", "properties": {"fips": "31135959300", "gap_national": 5.8, "gap_stratum": -18.0, "burden": 65.8, "capacity": 59.8, "svi": 0.47, "top_decile_gap": 0.0, "stratum": "rural", "scored": 1}, "geometry": {"type": "Polygon", "coordinates": [[[-101.25, 41.004], [-101.248, 40.6978], [-101.6284, 40.7002], [-102.0514, 40.6975], [-102.0518, 41.0039], [-101.25, 41.004]]]}}, {"type": "Feature", "properties": {"fips": "31141965298", "gap_national": -17.2, "gap_stratum": -47.4, "burden": 50.9, "capacity": 63.4, "svi": 0.04, "top_decile_gap": 0.0, "stratum": "micropolitan", "scored": 1}, "geometry": {"type": "Polygon", "coordinates": [[[-97.6, 41.5696], [-97.6001, 41.584], [-97.4845, 41.5841], [-97.4844, 41.5551], [-97.2526, 41.5547], [-97.2525, 41.4966], [-97.3935, 41.4968], [-97.4002, 41.4988], [-97.4092, 41.4968], [-97.4652, 41.4968], [-97.4652, 41.4984], [-97.4842, 41.4969], [-97.484, 41.4606], [-97.4649, 41.4606], [-97.4649, 41.4579], [-97.4296, 41.4551], [-97.419, 41.4496], [-97.4336, 41.4394], [-97.4171, 41.4329], [-97.3996, 41.4302], [-97.3992, 41.4259], [-97.3923, 41.4184], [-97.3797, 41.4141], [-97.3632, 41.4175], [-97.3483, 41.4117], [-97.3352, 41.4018], [-97.3206, 41.3996], [-97.3256, 41.3956], [-97.3409, 41.3911], [-97.3682, 41.3976], [-97.3853, 41.393], [-97.3974, 41.3848], [-97.435, 41.3755], [-97.4501, 41.3688], [-97.5224, 41.3619], [-97.5706, 41.3373], [-97.5983, 41.3331], [-97.5985, 41.3951], [-97.7038, 41.3949], [-97.7036, 41.5268], [-97.7142, 41.5268], [-97.7154, 41.5694], [-97.6, 41.5696]]]}}, {"type": "Feature", "properties": {"fips": "31095963700", "gap_national": -2.7, "gap_stratum": -37.7, "burden": 64.9, "capacity": 64.7, "svi": 0.48, "top_decile_gap": 0.0, "stratum": "small_town", "scored": 1}, "geometry": {"type": "Polygon", "coordinates": [[[-97.2062, 40.1733], [-97.1986, 40.1773], [-97.1802, 40.1759], [-97.1801, 40.2049], [-97.1425, 40.2045], [-97.1427, 40.1755], [-97.1243, 40.1755], [-97.124, 40.0885], [-97.1354, 40.0885], [-97.1404, 40.0908], [-97.1388, 40.0951], [-97.1427, 40.1001], [-97.1485, 40.0994], [-97.1533, 40.108], [-97.1585, 40.1084], [-97.1615, 40.1132], [-97.1712, 40.1156], [-97.1695, 40.1261], [-97.1711, 40.1405], [-97.1877, 40.1405], [-97.1937, 40.1466], [-97.2005, 40.1466], [-97.2079, 40.1547], [-97.2061, 40.1601], [-97.2101, 40.1737], [-97.2062, 40.1733]]]}}, {"type": "Feature", "properties": {"fips": "31109002900", "gap_national": 5.5, "gap_stratum": 8.8, "burden": 28.3, "capacity": 26.8, "svi": 0.56, "top_decile_gap": 0.0, "stratum": "metropolitan", "scored": 1}, "geometry": {"type": "Polygon", "coordinates": [[[-96.682, 40.8865], [-96.6632, 40.8969], [-96.6054, 40.8971], [-96.6037, 40.8909], [-96.6056, 40.8783], [-96.6029, 40.8771], [-96.618, 40.8686], [-96.6328, 40.8683], [-96.6421, 40.8571], [-96.6822, 40.8366], [-96.682, 40.8865]]]}}, {"type": "Feature", "properties": {"fips": "31109003605", "gap_national": -23.1, "gap_stratum": -19.7, "burden": 32.1, "capacity": 53.0, "svi": 0.21, "top_decile_gap": 0.0, "stratum": "metropolitan", "scored": 1}, "geometry": {"type": "Polygon", "coordinates": [[[-96.7208, 40.7702], [-96.7087, 40.7705], [-96.705, 40.7746], [-96.7066, 40.7682], [-96.7015, 40.7677], [-96.7015, 40.7715], [-96.6828, 40.7679], [-96.6826, 40.7555], [-96.7031, 40.7557], [-96.7203, 40.7461], [-96.7221, 40.7556], [-96.7208, 40.7702]]]}}, {"type": "Feature", "properties": {"fips": "31109003704", "gap_national": -0.7, "gap_stratum": 1.6, "burden": 24.0, "capacity": 28.1, "svi": 0.48, "top_decile_gap": 0.0, "stratum": "metropolitan", "scored": 1}, "geometry": {"type": "Polygon", "coordinates": [[[-96.6697, 40.7666], [-96.6444, 40.7547], [-96.6826, 40.7555], [-96.6828, 40.7681], [-96.6697, 40.7666]]]}}, {"type": "Feature", "properties": {"fips": "31109003708", "gap_national": -52.5, "gap_stratum": -44.8, "burden": 41.7, "capacity": 84.4, "svi": 0.14, "top_decile_gap": 0.0, "stratum": "metropolitan", "scored": 1}, "geometry": {"type": "Polygon", "coordinates": [[[-96.6634, 40.7554], [-96.6634, 40.7408], [-96.6825, 40.7396], [-96.6826, 40.7555], [-96.6634, 40.7554]]]}}, {"type": "Feature", "properties": {"fips": "31133967800", "gap_national": 25.1, "gap_stratum": 18.6, "burden": 79.7, "capacity": 57.3, "svi": 0.69, "top_decile_gap": 0.0, "stratum": "rural", "scored": 1}, "geometry": {"type": "Polygon", "coordinates": [[[-96.4637, 40.2622], [-96.0102, 40.2615], [-96.0107, 40.0006], [-96.4637, 40.001], [-96.4637, 40.2622]]]}}, {"type": "Feature", "properties": {"fips": "31143960000", "gap_national": 6.0, "gap_stratum": -17.9, "burden": 70.0, "capacity": 62.9, "svi": 0.23, "top_decile_gap": 0.0, "stratum": "rural", "scored": 1}, "geometry": {"type": "Polygon", "coordinates": [[[-97.8283, 41.1755], [-97.8007, 41.1932], [-97.8048, 41.1969], [-97.791, 41.206], [-97.766, 41.2349], [-97.7476, 41.2485], [-97.7416, 41.2497], [-97.7159, 41.2642], [-97.6791, 41.2926], [-97.6686, 41.2981], [-97.6645, 41.2947], [-97.6566, 41.3015], [-97.6586, 41.3049], [-97.6425, 41.3097], [-97.6419, 41.3061], [-97.634, 41.3063], [-97.6116, 41.3135], [-97.6056, 41.3134], [-97.5982, 41.3172], [-97.5983, 41.3331], [-97.5706, 41.3373], [-97.5224, 41.3619], [-97.4501, 41.3688], [-97.435, 41.3755], [-97.3974, 41.3848], [-97.3853, 41.393], [-97.3682, 41.3964], [-97.3681, 41.2646], [-97.4262, 41.2647], [-97.426, 41.2354], [-97.4834, 41.2356], [-97.4836, 41.1919], [-97.5029, 41.1919], [-97.503, 41.1628], [-97.5797, 41.1629], [-97.5795, 41.1774], [-97.6559, 41.1774], [-97.656, 41.1628], [-97.7713, 41.1627], [-97.7707, 41.1195], [-97.8281, 41.1191], [-97.8283, 41.1755]]]}}, {"type": "Feature", "properties": {"fips": "31185969800", "gap_national": 28.2, "gap_stratum": -0.5, "burden": 58.4, "capacity": 37.6, "svi": 0.52, "top_decile_gap": 0.0, "stratum": "small_town", "scored": 1}, "geometry": {"type": "Polygon", "coordinates": [[[-97.6356, 40.8781], [-97.6167, 40.8761], [-97.6148, 40.8724], [-97.5872, 40.8719], [-97.5872, 40.8669], [-97.559, 40.865], [-97.559, 40.8578], [-97.5209, 40.8576], [-97.5209, 40.8221], [-97.6357, 40.8214], [-97.6356, 40.8781]]]}}, {"type": "Feature", "properties": {"fips": "31131966700", "gap_national": -3.7, "gap_stratum": -34.8, "burden": 65.9, "capacity": 66.2, "svi": 0.33, "top_decile_gap": 0.0, "stratum": "rural", "scored": 1}, "geometry": {"type": "Polygon", "coordinates": [[[-96.2348, 40.6822], [-96.2171, 40.6825], [-96.217, 40.697], [-96.2353, 40.697], [-96.2363, 40.7837], [-96.1784, 40.7839], [-96.1785, 40.7696], [-96.1212, 40.7696], [-96.1212, 40.7551], [-96.0833, 40.7551], [-96.0831, 40.6971], [-96.078, 40.6971], [-96.0777, 40.6828], [-96.0683, 40.6828], [-96.0682, 40.6681], [-96.0873, 40.6683], [-96.0862, 40.5232], [-96.2365, 40.5228], [-96.2348, 40.6822]]]}}, {"type": "Feature", "properties": {"fips": "31159960300", "gap_national": -18.0, "gap_stratum": -26.2, "burden": 27.2, "capacity": 45.5, "svi": 0.19, "top_decile_gap": 0.0, "stratum": "small_town", "scored": 1}, "geometry": {"type": "Polygon", "coordinates": [[[-97.0442, 40.9303], [-97.0442, 40.9013], [-97.0867, 40.9026], [-97.0919, 40.9087], [-97.0991, 40.9097], [-97.1017, 40.9306], [-97.0442, 40.9303]]]}}, {"type": "Feature", "properties": {"fips": "31067965100", "gap_national": 30.4, "gap_stratum": 20.9, "burden": 78.6, "capacity": 53.0, "svi": 0.56, "top_decile_gap": 0.0, "stratum": "micropolitan", "scored": 1}, "geometry": {"type": "Polygon", "coordinates": [[[-96.7539, 40.2735], [-96.7522, 40.2707], [-96.7385, 40.2717], [-96.7386, 40.2628], [-96.7171, 40.2628], [-96.7211, 40.257], [-96.7189, 40.2501], [-96.7566, 40.2585], [-96.7539, 40.2735]]]}}, {"type": "Feature", "properties": {"fips": "31153010620", "gap_national": -33.5, "gap_stratum": -29.3, "burden": 32.2, "capacity": 59.9, "svi": 0.22, "top_decile_gap": 0.0, "stratum": "metropolitan", "scored": 1}, "geometry": {"type": "Polygon", "coordinates": [[[-96.0237, 41.1373], [-96.0229, 41.1532], [-95.998, 41.1507], [-96.0061, 41.1435], [-96.0045, 41.1434], [-96.0045, 41.1181], [-96.0428, 41.1179], [-96.043, 41.1399], [-96.0237, 41.1373]]]}}, {"type": "Feature", "properties": {"fips": "31153010103", "gap_national": -44.7, "gap_stratum": -38.7, "burden": 34.5, "capacity": 69.4, "svi": 0.05, "top_decile_gap": 0.0, "stratum": "metropolitan", "scored": 1}, "geometry": {"type": "Polygon", "coordinates": [[[-95.9233, 41.1912], [-95.9183, 41.1867], [-95.9097, 41.1844], [-95.8648, 41.1883], [-95.8568, 41.1871], [-95.8441, 41.1806], [-95.8419, 41.1711], [-95.8462, 41.1667], [-95.8528, 41.1654], [-95.8719, 41.1681], [-95.8813, 41.1599], [-95.8835, 41.1549], [-95.8821, 41.144], [-95.8895, 41.1437], [-95.8907, 41.1481], [-95.9016, 41.1478], [-95.9088, 41.1516], [-95.9091, 41.16], [-95.916, 41.1638], [-95.919, 41.1797], [-95.9335, 41.191], [-95.9233, 41.1912]]]}}, {"type": "Feature", "properties": {"fips": "31153010207", "gap_national": -16.1, "gap_stratum": -11.1, "burden": 39.8, "capacity": 54.3, "svi": 0.32, "top_decile_gap": 0.0, "stratum": "metropolitan", "scored": 1}, "geometry": {"type": "Polygon", "coordinates": [[[-95.9379, 41.1179], [-95.9362, 41.1133], [-95.9279, 41.1115], [-95.9281, 41.1039], [-95.9472, 41.1037], [-95.9473, 41.1186], [-95.9379, 41.1179]]]}}, {"type": "Feature", "properties": {"fips": "31055005300", "gap_national": 72.6, "gap_stratum": 71.1, "burden": 94.8, "capacity": 31.5, "svi": 0.99, "top_decile_gap": 1.0, "stratum": "metropolitan", "scored": 1}, "geometry": {"type": "Polygon", "coordinates": [[[-95.9758, 41.2814], [-95.9723, 41.2814], [-95.9721, 41.2887], [-95.9566, 41.2887], [-95.9566, 41.2815], [-95.9661, 41.2814], [-95.9661, 41.2731], [-95.9761, 41.2722], [-95.978, 41.2741], [-95.9758, 41.2814]]]}}, {"type": "Feature", "properties": {"fips": "31055005600", "gap_national": 14.8, "gap_stratum": 20.2, "burden": 41.1, "capacity": 31.9, "svi": 0.23, "top_decile_gap": 0.0, "stratum": "metropolitan", "scored": 1}, "geometry": {"type": "Polygon", "coordinates": [[[-96.0238, 41.3067], [-96.0124, 41.3067], [-96.0118, 41.3031], [-96.0143, 41.3031], [-96.0144, 41.285], [-96.0048, 41.285], [-96.0048, 41.2777], [-96.0144, 41.2778], [-96.0143, 41.2814], [-96.0239, 41.2814], [-96.0238, 41.3067]]]}}, {"type": "Feature", "properties": {"fips": "31055006202", "gap_national": 50.8, "gap_stratum": 52.6, "burden": 79.6, "capacity": 38.9, "svi": 0.9, "top_decile_gap": 0.0, "stratum": "metropolitan", "scored": 1}, "geometry": {"type": "Polygon", "coordinates": [[[-95.9733, 41.3329], [-95.9697, 41.3348], [-95.9719, 41.3435], [-95.9638, 41.3432], [-95.9566, 41.3229], [-95.9566, 41.3121], [-95.9661, 41.3121], [-95.9665, 41.3275], [-95.9733, 41.3274], [-95.9733, 41.3329]]]}}, {"type": "Feature", "properties": {"fips": "31055006805", "gap_national": -63.9, "gap_stratum": -58.0, "burden": 30.8, "capacity": 82.7, "svi": 0.11, "top_decile_gap": 0.0, "stratum": "metropolitan", "scored": 1}, "geometry": {"type": "Polygon", "coordinates": [[[-96.0394, 41.2488], [-96.0426, 41.2397], [-96.0388, 41.2343], [-96.0554, 41.234], [-96.0634, 41.2415], [-96.072, 41.2438], [-96.0791, 41.2488], [-96.0394, 41.2488]]]}}, {"type": "Feature", "properties": {"fips": "31055007460", "gap_national": -47.4, "gap_stratum": -47.2, "burden": 15.1, "capacity": 56.4, "svi": 0.01, "top_decile_gap": 0.0, "stratum": "metropolitan", "scored": 1}, "geometry": {"type": "Polygon", "coordinates": [[[-96.1965, 41.2052], [-96.1773, 41.2052], [-96.1775, 41.1906], [-96.1967, 41.1907], [-96.1965, 41.2052]]]}}, {"type": "Feature", "properties": {"fips": "31055006803", "gap_national": -52.3, "gap_stratum": -45.0, "burden": 37.5, "capacity": 78.7, "svi": 0.16, "top_decile_gap": 0.0, "stratum": "metropolitan", "scored": 1}, "geometry": {"type": "Polygon", "coordinates": [[[-96.1007, 41.2486], [-96.0851, 41.2487], [-96.0866, 41.2342], [-96.1007, 41.234], [-96.1007, 41.2486]]]}}, {"type": "Feature", "properties": {"fips": "31055007453", "gap_national": -51.9, "gap_stratum": -50.7, "burden": 17.1, "capacity": 60.7, "svi": 0.01, "top_decile_gap": 0.0, "stratum": "metropolitan", "scored": 1}, "geometry": {"type": "Polygon", "coordinates": [[[-96.1771, 41.2208], [-96.1682, 41.2185], [-96.1587, 41.2217], [-96.1546, 41.2184], [-96.1578, 41.2134], [-96.1582, 41.2054], [-96.1773, 41.2065], [-96.1771, 41.2208]]]}}, {"type": "Feature", "properties": {"fips": "31055007509", "gap_national": -55.1, "gap_stratum": -53.5, "burden": 17.5, "capacity": 63.1, "svi": 0.01, "top_decile_gap": 0.0, "stratum": "metropolitan", "scored": 1}, "geometry": {"type": "Polygon", "coordinates": [[[-96.2986, 41.2016], [-96.2935, 41.2103], [-96.2845, 41.2161], [-96.2765, 41.2334], [-96.2675, 41.2377], [-96.2652, 41.2494], [-96.2585, 41.2583], [-96.2641, 41.2636], [-96.2345, 41.2628], [-96.2343, 41.1903], [-96.3095, 41.1901], [-96.3094, 41.1926], [-96.2986, 41.2016]]]}}, {"type": "Feature", "properties": {"fips": "31055000500", "gap_national": 32.8, "gap_stratum": 39.4, "burden": 41.5, "capacity": 14.0, "svi": 0.67, "top_decile_gap": 0.0, "stratum": "metropolitan", "scored": 1}, "geometry": {"type": "Polygon", "coordinates": [[[-95.9374, 41.2887], [-95.9325, 41.2858], [-95.9322, 41.3029], [-95.9277, 41.305], [-95.9269, 41.3228], [-95.8887, 41.3191], [-95.8831, 41.3167], [-95.8747, 41.3071], [-95.8715, 41.2958], [-95.8729, 41.2895], [-95.8824, 41.2814], [-95.9025, 41.2734], [-95.9125, 41.2795], [-95.9043, 41.2935], [-95.9043, 41.2996], [-95.9203, 41.3011], [-95.9275, 41.2984], [-95.9296, 41.2923], [-95.9287, 41.2814], [-95.914, 41.2714], [-95.9204, 41.2684], [-95.9214, 41.2597], [-95.9332, 41.2597], [-95.9331, 41.2648], [-95.9358, 41.2648], [-95.9371, 41.2679], [-95.9374, 41.2887]]]}}, {"type": "Feature", "properties": {"fips": "31057962300", "gap_national": 8.1, "gap_stratum": -13.7, "burden": 74.0, "capacity": 64.5, "svi": 0.24, "top_decile_gap": 0.0, "stratum": "rural", "scored": 1}, "geometry": {"type": "Polygon", "coordinates": [[[-102.0516, 40.3492], [-101.3234, 40.3506], [-101.3253, 40.2931], [-101.324, 40.0027], [-102.0517, 40.0031], [-102.0516, 40.3492]]]}}, {"type": "Feature", "properties": {"fips": "31153010209", "gap_national": -31.2, "gap_stratum": -31.3, "burden": 16.7, "capacity": 46.5, "svi": 0.01, "top_decile_gap": 0.0, "stratum": "metropolitan", "scored": 1}, "geometry": {"type": "Polygon", "coordinates": [[[-96.0045, 41.1037], [-96.0045, 41.1181], [-95.9847, 41.1182], [-95.9787, 41.1217], [-95.9665, 41.1217], [-95.9665, 41.0964], [-95.9759, 41.0964], [-95.9762, 41.0927], [-96.0092, 41.0927], [-96.0092, 41.1035], [-96.0045, 41.1037]]]}}, {"type": "Feature", "properties": {"fips": "31089974100", "gap_national": 1.2, "gap_stratum": -26.6, "burden": 68.7, "capacity": 65.1, "svi": 0.21, "top_decile_gap": 0.0, "stratum": "rural", "scored": 1}, "geometry": {"type": "Polygon", "coordinates": [[[-99.2453, 42.5649], [-99.0886, 42.5654], [-99.0887, 42.5798], [-99.0692, 42.5799], [-99.0688, 42.5075], [-98.9715, 42.5077], [-98.9707, 42.4384], [-98.9679, 42.4351], [-98.9447, 42.4351], [-98.9442, 42.422], [-98.7494, 42.4225], [-98.7494, 42.4357], [-98.6185, 42.436], [-98.6184, 42.4433], [-98.6037, 42.436], [-98.5793, 42.4361], [-98.5793, 42.4651], [-98.4228, 42.4658], [-98.4228, 42.4368], [-98.3002, 42.4369], [-98.3006, 42.0889], [-99.2346, 42.088], [-99.2341, 42.4345], [-99.2446, 42.4346], [-99.2453, 42.5649]]]}}, {"type": "Feature", "properties": {"fips": "31019968900", "gap_national": 5.8, "gap_stratum": -17.7, "burden": 62.7, "capacity": 57.4, "svi": 0.43, "top_decile_gap": 0.0, "stratum": "rural", "scored": 1}, "geometry": {"type": "Polygon", "coordinates": [[[-98.722, 41.0467], [-98.7219, 40.8588], [-98.7786, 40.8586], [-98.779, 40.8732], [-99.3007, 40.8734], [-99.3026, 40.8733], [-99.3027, 40.8661], [-99.3119, 40.8662], [-99.312, 40.8591], [-99.426, 40.8586], [-99.426, 41.0465], [-98.722, 41.0467]]]}}, {"type": "Feature", "properties": {"fips": "31019969000", "gap_national": -17.8, "gap_stratum": -45.3, "burden": 44.0, "capacity": 58.5, "svi": 0.21, "top_decile_gap": 0.0, "stratum": "micropolitan", "scored": 1}, "geometry": {"type": "Polygon", "coordinates": [[[-99.426, 40.8586], [-99.312, 40.8591], [-99.3119, 40.8662], [-99.3027, 40.8661], [-99.3026, 40.8733], [-99.0655, 40.8734], [-99.0646, 40.7646], [-99.1028, 40.7654], [-99.1028, 40.7501], [-99.1219, 40.7501], [-99.1219, 40.7284], [-99.1791, 40.7285], [-99.1794, 40.6923], [-99.1611, 40.6923], [-99.1617, 40.6718], [-99.1368, 40.6707], [-99.1466, 40.6683], [-99.1431, 40.667], [-99.1503, 40.667], [-99.1409, 40.6628], [-99.1491, 40.6611], [-99.1432, 40.6589], [-99.1487, 40.6604], [-99.1705, 40.6585], [-99.1826, 40.6614], [-99.1944, 40.66], [-99.2042, 40.662], [-99.2414, 40.6589], [-99.2588, 40.6645], [-99.2759, 40.6617], [-99.2927, 40.6627], [-99.3326, 40.6714], [-99.3518, 40.6696], [-99.3699, 40.6645], [-99.4041, 40.6692], [-99.4117, 40.6676], [-99.4174, 40.6709], [-99.4164, 40.6997], [-99.4266, 40.6998], [-99.426, 40.8586]]]}}, {"type": "Feature", "properties": {"fips": "31019969400", "gap_national": 8.9, "gap_stratum": -15.3, "burden": 42.8, "capacity": 38.6, "svi": 0.41, "top_decile_gap": 0.0, "stratum": "micropolitan", "scored": 1}, "geometry": {"type": "Polygon", "coordinates": [[[-99.084, 40.7139], [-99.0648, 40.7138], [-99.065, 40.7005], [-99.0776, 40.6953], [-99.0774, 40.7064], [-99.0842, 40.7065], [-99.084, 40.7139]]]}}, {"type": "Feature", "properties": {"fips": "31065963900", "gap_national": 21.3, "gap_stratum": 11.2, "burden": 78.0, "capacity": 58.7, "svi": 0.51, "top_decile_gap": 0.0, "stratum": "rural", "scored": 1}, "geometry": {"type": "Polygon", "coordinates": [[[-99.6305, 40.3511], [-99.6283, 40.0019], [-100.1936, 40.0016], [-100.1953, 40.2705], [-100.1978, 40.35], [-99.6305, 40.3511]]]}}, {"type": "Feature", "properties": {"fips": "31153010635", "gap_national": -36.8, "gap_stratum": -37.0, "burden": 16.0, "capacity": 49.9, "svi": 0.0, "top_decile_gap": 0.0, "stratum": "metropolitan", "scored": 1}, "geometry": {"type": "Polygon", "coordinates": [[[-96.1774, 41.1761], [-96.1389, 41.1763], [-96.1389, 41.162], [-96.1537, 41.1525], [-96.169, 41.1363], [-96.178, 41.1331], [-96.1774, 41.1761]]]}}, {"type": "Feature", "properties": {"fips": "31155968200", "gap_national": -1.2, "gap_stratum": 5.3, "burden": 60.3, "capacity": 60.1, "svi": 0.11, "top_decile_gap": 0.0, "stratum": "metropolitan", "scored": 1}, "geometry": {"type": "Polygon", "coordinates": [[[-96.9059, 41.4534], [-96.8842, 41.4528], [-96.862, 41.4493], [-96.853, 41.4452], [-96.8338, 41.4457], [-96.8152, 41.4396], [-96.7975, 41.4447], [-96.7886, 41.4445], [-96.7743, 41.4501], [-96.7465, 41.4496], [-96.7327, 41.4454], [-96.7325, 41.3936], [-96.736, 41.3937], [-96.7365, 41.3072], [-96.6216, 41.3071], [-96.6225, 41.249], [-96.6603, 41.2491], [-96.6604, 41.1768], [-96.6219, 41.177], [-96.6209, 41.1331], [-96.5633, 41.1329], [-96.5639, 41.0453], [-96.9085, 41.0461], [-96.909, 41.2679], [-96.9059, 41.4534]]]}}, {"type": "Feature", "properties": {"fips": "31055007522", "gap_national": -35.1, "gap_stratum": -36.5, "burden": 10.5, "capacity": 45.0, "svi": 0.0, "top_decile_gap": 0.0, "stratum": "metropolitan", "scored": 1}, "geometry": {"type": "Polygon", "coordinates": [[[-96.1964, 41.3065], [-96.1967, 41.292], [-96.2344, 41.2919], [-96.2345, 41.3063], [-96.1964, 41.3065]]]}}, {"type": "Feature", "properties": {"fips": "31005958300", "gap_national": 6.4, "gap_stratum": -16.8, "burden": 73.0, "capacity": 64.9, "svi": 0.25, "top_decile_gap": 0.0, "stratum": "rural", "scored": 1}, "geometry": {"type": "Polygon", "coordinates": [[[-101.9855, 41.7423], [-101.4065, 41.7432], [-101.4073, 41.3954], [-101.9846, 41.395], [-101.9855, 41.7423]]]}}, {"type": "Feature", "properties": {"fips": "31153010305", "gap_national": 5.9, "gap_stratum": 7.7, "burden": 16.6, "capacity": 12.0, "svi": 0.15, "top_decile_gap": 0.0, "stratum": "metropolitan", "scored": 1}, "geometry": {"type": "Polygon", "coordinates": [[[-95.9563, 41.1293], [-95.953, 41.131], [-95.9376, 41.1293], [-95.9379, 41.1179], [-95.9563, 41.1215], [-95.9563, 41.1293]]]}}, {"type": "Feature", "properties": {"fips": "31153010632", "gap_national": -35.6, "gap_stratum": -35.5, "burden": 17.5, "capacity": 50.2, "svi": 0.11, "top_decile_gap": 0.0, "stratum": "metropolitan", "scored": 1}, "geometry": {"type": "Polygon", "coordinates": [[[-96.2394, 41.1396], [-96.239, 41.1488], [-96.2343, 41.1575], [-96.2342, 41.1759], [-96.1967, 41.1761], [-96.1961, 41.1255], [-96.2517, 41.1251], [-96.2531, 41.1281], [-96.2394, 41.1396]]]}}, {"type": "Feature", "properties": {"fips": "31157953000", "gap_national": 25.9, "gap_stratum": 13.4, "burden": 74.8, "capacity": 53.3, "svi": 0.52, "top_decile_gap": 0.0, "stratum": "micropolitan", "scored": 1}, "geometry": {"type": "Polygon", "coordinates": [[[-103.9129, 41.9439], [-103.9106, 41.9476], [-103.903, 41.948], [-103.9014, 41.9531], [-103.8952, 41.9565], [-103.8717, 41.9568], [-103.8729, 42.0004], [-103.6788, 42.0021], [-103.6757, 41.9031], [-103.724, 41.9024], [-103.7243, 41.8987], [-103.7269, 41.8977], [-103.7222, 41.892], [-103.7222, 41.8849], [-103.7272, 41.8905], [-103.7399, 41.896], [-103.7464, 41.9028], [-103.753, 41.9054], [-103.7703, 41.9062], [-103.7822, 41.9163], [-103.7888, 41.9197], [-103.7955, 41.9198], [-103.8082, 41.9276], [-103.8223, 41.9276], [-103.8381, 41.9313], [-103.8483, 41.9373], [-103.8673, 41.94], [-103.8741, 41.9439], [-103.8918, 41.9385], [-103.8995, 41.9392], [-103.9078, 41.9339], [-103.9255, 41.9381], [-103.9129, 41.9439]]]}}, {"type": "Feature", "properties": {"fips": "31173940100", "gap_national": 49.6, "gap_stratum": 46.5, "burden": 80.9, "capacity": 40.7, "svi": 0.86, "top_decile_gap": 0.0, "stratum": "rural", "scored": 1}, "geometry": {"type": "Polygon", "coordinates": [[[-96.8231, 42.1608], [-96.5539, 42.161], [-96.5542, 42.1914], [-96.3487, 42.1913], [-96.3472, 42.1867], [-96.3503, 42.1774], [-96.3497, 42.172], [-96.3424, 42.1605], [-96.3195, 42.1466], [-96.3138, 42.1363], [-96.3059, 42.1298], [-96.2857, 42.1256], [-96.275, 42.1208], [-96.2689, 42.1136], [-96.2666, 42.1033], [-96.2676, 42.0962], [-96.2791, 42.074], [-96.2784, 42.0604], [-96.2729, 42.0473], [-96.3094, 42.0467], [-96.3096, 42.0152], [-96.5549, 42.0159], [-96.5555, 42.09], [-96.8237, 42.0904], [-96.8231, 42.1608]]]}}, {"type": "Feature", "properties": {"fips": "31149974600", "gap_national": -2.7, "gap_stratum": -32.3, "burden": 69.6, "capacity": 68.6, "svi": 0.31, "top_decile_gap": 0.0, "stratum": "rural", "scored": 1}, "geometry": {"type": "Polygon", "coordinates": [[[-99.6599, 42.7351], [-99.638, 42.7303], [-99.6205, 42.7231], [-99.6018, 42.7213], [-99.5707, 42.7243], [-99.5375, 42.7176], [-99.5031, 42.7304], [-99.4866, 42.7312], [-99.4762, 42.7354], [-99.468, 42.7409], [-99.4625, 42.7516], [-99.4371, 42.7536], [-99.431, 42.7617], [-99.4152, 42.7721], [-99.3959, 42.7723], [-99.378, 42.7822], [-99.3396, 42.7797], [-99.3002, 42.7962], [-99.2749, 42.7948], [-99.257, 42.8043], [-99.2568, 42.7827], [-99.2458, 42.7825], [-99.2446, 42.4346], [-99.2341, 42.4345], [-99.2346, 42.088], [-99.6624, 42.086], [-99.6638, 42.4346], [-99.676, 42.4345], [-99.6777, 42.7309], [-99.6599, 42.7351]]]}}, {"type": "Feature", "properties": {"fips": "31123952500", "gap_national": 31.7, "gap_stratum": 23.2, "burden": 76.2, "capacity": 50.3, "svi": 0.61, "top_decile_gap": 0.0, "stratum": "rural", "scored": 1}, "geometry": {"type": "Polygon", "coordinates": [[[-103.3626, 41.744], [-103.3633, 42.0029], [-102.8623, 42.0007], [-102.6776, 42.0053], [-102.6794, 41.8291], [-102.677, 41.787], [-102.6643, 41.7432], [-102.6358, 41.7428], [-102.638, 41.7138], [-102.6365, 41.4388], [-103.369, 41.4378], [-103.3672, 41.5159], [-103.3704, 41.7433], [-103.3626, 41.744]]]}}, {"type": "Feature", "properties": {"fips": "31055007438", "gap_national": -46.3, "gap_stratum": -39.0, "burden": 38.9, "capacity": 74.8, "svi": 0.14, "top_decile_gap": 0.0, "stratum": "metropolitan", "scored": 1}, "geometry": {"type": "Polygon", "coordinates": [[[-96.1196, 41.2922], [-96.1196, 41.2776], [-96.1388, 41.2777], [-96.1389, 41.2922], [-96.1196, 41.2922]]]}}, {"type": "Feature", "properties": {"fips": "31055007433", "gap_national": -5.2, "gap_stratum": -1.4, "burden": 35.9, "capacity": 43.3, "svi": 0.57, "top_decile_gap": 0.0, "stratum": "metropolitan", "scored": 1}, "geometry": {"type": "Polygon", "coordinates": [[[-96.0814, 41.3066], [-96.0814, 41.2875], [-96.0971, 41.2913], [-96.1044, 41.3066], [-96.0814, 41.3066]]]}}, {"type": "Feature", "properties": {"fips": "31055007445", "gap_national": -7.6, "gap_stratum": -1.5, "burden": 49.3, "capacity": 55.9, "svi": 0.47, "top_decile_gap": 0.0, "stratum": "metropolitan", "scored": 1}, "geometry": {"type": "Polygon", "coordinates": [[[-96.0814, 41.2675], [-96.0813, 41.2778], [-96.0621, 41.2778], [-96.0621, 41.2634], [-96.0838, 41.2644], [-96.0814, 41.2675]]]}}, {"type": "Feature", "properties": {"fips": "31055007466", "gap_national": 9.2, "gap_stratum": 13.5, "burden": 34.2, "capacity": 29.8, "svi": 0.37, "top_decile_gap": 0.0, "stratum": "metropolitan", "scored": 1}, "geometry": {"type": "Polygon", "coordinates": [[[-96.062, 41.2053], [-96.0619, 41.1907], [-96.0814, 41.1908], [-96.0814, 41.2053], [-96.062, 41.2053]]]}}, {"type": "Feature", "properties": {"fips": "31055007440", "gap_national": -0.1, "gap_stratum": 1.5, "burden": 18.7, "capacity": 21.2, "svi": 0.48, "top_decile_gap": 0.0, "stratum": "metropolitan", "scored": 1}, "geometry": {"type": "Polygon", "coordinates": [[[-96.0758, 41.2861], [-96.0761, 41.2778], [-96.0949, 41.2777], [-96.0971, 41.2913], [-96.0758, 41.2861]]]}}, {"type": "Feature", "properties": {"fips": "31055001200", "gap_national": 75.3, "gap_stratum": 73.6, "burden": 96.5, "capacity": 30.1, "svi": 1.0, "top_decile_gap": 1.0, "stratum": "metropolitan", "scored": 1}, "geometry": {"type": "Polygon", "coordinates": [[[-95.947, 41.2888], [-95.9374, 41.2887], [-95.9371, 41.2679], [-95.947, 41.268], [-95.947, 41.2888]]]}}, {"type": "Feature", "properties": {"fips": "31055003300", "gap_national": 71.9, "gap_stratum": 77.8, "burden": 71.4, "capacity": 8.4, "svi": 0.9, "top_decile_gap": 1.0, "stratum": "metropolitan", "scored": 1}, "geometry": {"type": "Polygon", "coordinates": [[[-95.9541, 41.2362], [-95.9539, 41.2488], [-95.9422, 41.2482], [-95.9372, 41.2503], [-95.9482, 41.24], [-95.9541, 41.227], [-95.9601, 41.2273], [-95.9574, 41.2282], [-95.9541, 41.2362]]]}}, {"type": "Feature", "properties": {"fips": "31157953200", "gap_national": 11.4, "gap_stratum": -9.8, "burden": 66.5, "capacity": 56.7, "svi": 0.15, "top_decile_gap": 0.0, "stratum": "micropolitan", "scored": 1}, "geometry": {"type": "Polygon", "coordinates": [[[-103.8894, 41.857], [-103.8894, 41.8714], [-103.7951, 41.8724], [-103.7739, 41.8654], [-103.7359, 41.8657], [-103.7345, 41.8456], [-103.7184, 41.833], [-103.6936, 41.8229], [-103.6874, 41.8173], [-103.6875, 41.8119], [-103.6939, 41.8122], [-103.6937, 41.7852], [-103.6165, 41.7855], [-103.617, 41.8157], [-103.6227, 41.8181], [-103.6118, 41.8268], [-103.5974, 41.8262], [-103.5959, 41.8283], [-103.5693, 41.815], [-103.5703, 41.8129], [-103.5676, 41.8112], [-103.564, 41.8118], [-103.5633, 41.8077], [-103.5567, 41.8074], [-103.5548, 41.8028], [-103.5488, 41.8038], [-103.5456, 41.8], [-103.5416, 41.8009], [-103.5361, 41.7955], [-103.5277, 41.7942], [-103.5161, 41.788], [-103.5065, 41.7879], [-103.4934, 41.7786], [-103.4741, 41.7787], [-103.4449, 41.7621], [-103.4244, 41.7643], [-103.3929, 41.7538], [-103.383, 41.747], [-103.3704, 41.7433], [-103.3704, 41.6992], [-104.0528, 41.6978], [-104.053, 41.8569], [-103.8894, 41.857]]]}}, {"type": "Feature", "properties": {"fips": "31109003718", "gap_national": -56.8, "gap_stratum": -49.3, "burden": 41.9, "capacity": 91.4, "svi": 0.09, "top_decile_gap": 0.0, "stratum": "metropolitan", "scored": 1}, "geometry": {"type": "Polygon", "coordinates": [[[-96.6061, 40.8135], [-96.5677, 40.8131], [-96.5679, 40.7551], [-96.6061, 40.7552], [-96.6061, 40.8135]]]}}, {"type": "Feature", "properties": {"fips": "31153010106", "gap_national": 21.6, "gap_stratum": 27.5, "burden": 52.7, "capacity": 37.5, "svi": 0.72, "top_decile_gap": 0.0, "stratum": "metropolitan", "scored": 1}, "geometry": {"type": "Polygon", "coordinates": [[[-95.9072, 41.151], [-95.9016, 41.1478], [-95.8907, 41.1481], [-95.8895, 41.1437], [-95.8821, 41.144], [-95.8793, 41.1388], [-95.8849, 41.1366], [-95.9074, 41.1365], [-95.9177, 41.1514], [-95.9072, 41.151]]]}}, {"type": "Feature", "properties": {"fips": "31055007462", "gap_national": 8.9, "gap_stratum": 13.8, "burden": 41.1, "capacity": 37.1, "svi": 0.55, "top_decile_gap": 0.0, "stratum": "metropolitan", "scored": 1}, "geometry": {"type": "Polygon", "coordinates": [[[-96.1582, 41.2054], [-96.1388, 41.2054], [-96.1388, 41.1908], [-96.1583, 41.1908], [-96.1582, 41.2054]]]}}, {"type": "Feature", "properties": {"fips": "31055007464", "gap_national": -36.3, "gap_stratum": -29.6, "burden": 39.4, "capacity": 67.4, "svi": 0.3, "top_decile_gap": 0.0, "stratum": "metropolitan", "scored": 1}, "geometry": {"type": "Polygon", "coordinates": [[[-96.1195, 41.2051], [-96.0942, 41.2053], [-96.0968, 41.1945], [-96.1013, 41.1906], [-96.1196, 41.1906], [-96.1195, 41.2051]]]}}, {"type": "Feature", "properties": {"fips": "31055007317", "gap_national": -29.6, "gap_stratum": -27.1, "burden": 27.1, "capacity": 53.4, "svi": 0.19, "top_decile_gap": 0.0, "stratum": "metropolitan", "scored": 1}, "geometry": {"type": "Polygon", "coordinates": [[[-96.1584, 41.3932], [-96.0239, 41.3932], [-96.0238, 41.3415], [-96.0572, 41.3305], [-96.0692, 41.3222], [-96.0769, 41.3292], [-96.0795, 41.3357], [-96.1584, 41.3356], [-96.1584, 41.3932]]]}}, {"type": "Feature", "properties": {"fips": "31055002300", "gap_national": 51.9, "gap_stratum": 55.3, "burden": 74.7, "capacity": 33.6, "svi": 0.9, "top_decile_gap": 0.0, "stratum": "metropolitan", "scored": 1}, "geometry": {"type": "Polygon", "coordinates": [[[-95.9307, 41.2429], [-95.9139, 41.2432], [-95.9109, 41.2318], [-95.9242, 41.2306], [-95.9268, 41.2369], [-95.9307, 41.2382], [-95.9307, 41.2429]]]}}, {"type": "Feature", "properties": {"fips": "31025966000", "gap_national": -24.5, "gap_stratum": -16.5, "burden": 51.2, "capacity": 68.8, "svi": 0.11, "top_decile_gap": 0.0, "stratum": "metropolitan", "scored": 1}, "geometry": {"type": "Polygon", "coordinates": [[[-96.0451, 40.7986], [-96.0447, 40.915], [-95.9496, 40.915], [-95.9495, 40.944], [-95.9304, 40.9441], [-95.9305, 40.9296], [-95.9117, 40.9297], [-95.9116, 40.9369], [-95.8684, 40.9366], [-95.8548, 40.9269], [-95.8384, 40.9274], [-95.833, 40.9172], [-95.8143, 40.9029], [-95.8098, 40.8954], [-95.8107, 40.8867], [-95.8159, 40.8798], [-95.8425, 40.8703], [-95.8486, 40.8611], [-95.8372, 40.8353], [-95.8386, 40.8262], [-95.8453, 40.8113], [-95.8342, 40.7838], [-96.0735, 40.7841], [-96.0736, 40.7985], [-96.0451, 40.7986]]]}}, {"type": "Feature", "properties": {"fips": "31089974200", "gap_national": 3.0, "gap_stratum": -22.7, "burden": 65.5, "capacity": 61.3, "svi": 0.34, "top_decile_gap": 0.0, "stratum": "rural", "scored": 1}, "geometry": {"type": "Polygon", "coordinates": [[[-99.0103, 42.58], [-99.0103, 42.5655], [-98.7363, 42.5664], [-98.7359, 42.4358], [-98.7494, 42.4357], [-98.7494, 42.4225], [-98.9442, 42.422], [-98.9447, 42.4351], [-98.9679, 42.4351], [-98.9707, 42.4384], [-98.9715, 42.5077], [-99.0688, 42.5075], [-99.0692, 42.5799], [-99.0103, 42.58]]]}}, {"type": "Feature", "properties": {"fips": "31177050201", "gap_national": -32.1, "gap_stratum": -25.2, "burden": 41.7, "capacity": 66.4, "svi": 0.02, "top_decile_gap": 0.0, "stratum": "metropolitan", "scored": 1}, "geometry": {"type": "Polygon", "coordinates": [[[-96.2323, 41.6069], [-96.2277, 41.6072], [-96.2275, 41.6154], [-96.2229, 41.6144], [-96.2137, 41.6185], [-96.1987, 41.6108], [-96.1913, 41.6098], [-96.1938, 41.618], [-96.1724, 41.617], [-96.1604, 41.625], [-96.1553, 41.6252], [-96.1547, 41.683], [-96.1217, 41.683], [-96.1181, 41.6744], [-96.0998, 41.661], [-96.0954, 41.6527], [-96.0977, 41.6396], [-96.1141, 41.624], [-96.1179, 41.6174], [-96.1158, 41.6058], [-96.1096, 41.5971], [-96.1167, 41.5961], [-96.1167, 41.5889], [-96.1459, 41.5889], [-96.1459, 41.5792], [-96.1637, 41.5728], [-96.1619, 41.5659], [-96.1659, 41.5649], [-96.1788, 41.5741], [-96.1841, 41.5744], [-96.1941, 41.5691], [-96.1942, 41.5091], [-96.1458, 41.5091], [-96.1459, 41.5018], [-96.1267, 41.502], [-96.1265, 41.5297], [-96.0883, 41.5135], [-96.0883, 41.4945], [-96.0823, 41.4965], [-96.0786, 41.4944], [-96.0804, 41.4721], [-96.0788, 41.4651], [-96.0834, 41.4571], [-96.0789, 41.4482], [-96.079, 41.3932], [-96.1174, 41.3931], [-96.117, 41.4246], [-96.1255, 41.4367], [-96.2039, 41.4381], [-96.2038, 41.4258], [-96.2134, 41.4258], [-96.2135, 41.4367], [-96.2328, 41.4366], [-96.2227, 41.4501], [-96.2246, 41.4523], [-96.2279, 41.45], [-96.2352, 41.45], [-96.2328, 41.4516], [-96.2323, 41.6069]]]}}, {"type": "Feature", "properties": {"fips": "31129960000", "gap_national": -4.1, "gap_stratum": -35.1, "burden": 68.0, "capacity": 68.2, "svi": 0.15, "top_decile_gap": 0.0, "stratum": "rural", "scored": 1}, "geometry": {"type": "Polygon", "coordinates": [[[-98.2736, 40.3504], [-97.8208, 40.3505], [-97.8215, 40.002], [-98.0101, 40.0022], [-98.0099, 40.0603], [-98.0479, 40.0605], [-98.0856, 40.0602], [-98.0855, 40.0458], [-98.1233, 40.0459], [-98.1232, 40.0325], [-98.0849, 40.018], [-98.0877, 40.0166], [-98.0847, 40.0097], [-98.0872, 40.0023], [-98.274, 40.0025], [-98.2736, 40.3504]]]}}, {"type": "Feature", "properties": {"fips": "31063961100", "gap_national": 4.1, "gap_stratum": -19.8, "burden": 60.5, "capacity": 56.9, "svi": 0.61, "top_decile_gap": 0.0, "stratum": "rural", "scored": 1}, "geometry": {"type": "Polygon", "coordinates": [[[-100.7799, 40.6823], [-100.7778, 40.7001], [-99.9817, 40.7], [-99.9812, 40.4383], [-100.0951, 40.4387], [-100.0948, 40.3512], [-100.2689, 40.3492], [-100.367, 40.3515], [-100.7774, 40.3495], [-100.783, 40.5417], [-100.7799, 40.6823]]]}}, {"type": "Feature", "properties": {"fips": "31131966900", "gap_national": 2.3, "gap_stratum": -31.2, "burden": 59.6, "capacity": 57.3, "svi": 0.68, "top_decile_gap": 0.0, "stratum": "small_town", "scored": 1}, "geometry": {"type": "Polygon", "coordinates": [[[-95.8926, 40.697], [-95.8925, 40.7079], [-95.8849, 40.7044], [-95.8785, 40.7092], [-95.8594, 40.7081], [-95.8498, 40.6981], [-95.8451, 40.6805], [-95.8484, 40.6789], [-95.8652, 40.6853], [-95.8652, 40.683], [-95.8725, 40.6821], [-95.8726, 40.6749], [-95.859, 40.6729], [-95.8377, 40.6745], [-95.8229, 40.6672], [-95.7955, 40.6624], [-95.7763, 40.6475], [-95.7713, 40.6394], [-95.7703, 40.6315], [-95.7876, 40.6331], [-95.7921, 40.6356], [-95.7925, 40.6417], [-95.8111, 40.6462], [-95.8189, 40.639], [-95.8396, 40.6389], [-95.8393, 40.6101], [-95.8964, 40.6097], [-95.8975, 40.697], [-95.8926, 40.697]]]}}, {"type": "Feature", "properties": {"fips": "31153010504", "gap_national": 6.2, "gap_stratum": 10.4, "burden": 35.0, "capacity": 33.3, "svi": 0.32, "top_decile_gap": 0.0, "stratum": "metropolitan", "scored": 1}, "geometry": {"type": "Polygon", "coordinates": [[[-95.9477, 41.169], [-95.9475, 41.1413], [-95.9512, 41.1434], [-95.9668, 41.1442], [-95.9672, 41.1693], [-95.9477, 41.169]]]}}, {"type": "Feature", "properties": {"fips": "31109003721", "gap_national": -62.3, "gap_stratum": -57.3, "burden": 26.2, "capacity": 75.8, "svi": 0.08, "top_decile_gap": 0.0, "stratum": "metropolitan", "scored": 1}, "geometry": {"type": "Polygon", "coordinates": [[[-96.6251, 40.7843], [-96.606, 40.7842], [-96.6062, 40.7697], [-96.6253, 40.7697], [-96.6251, 40.7843]]]}}, {"type": "Feature", "properties": {"fips": "31109003723", "gap_national": -63.7, "gap_stratum": -57.6, "burden": 31.9, "capacity": 84.1, "svi": 0.02, "top_decile_gap": 0.0, "stratum": "metropolitan", "scored": 1}, "geometry": {"type": "Polygon", "coordinates": [[[-96.6444, 40.7697], [-96.6253, 40.7697], [-96.6253, 40.7553], [-96.6405, 40.7544], [-96.6444, 40.7564], [-96.6444, 40.7697]]]}}, {"type": "Feature", "properties": {"fips": "31109010401", "gap_national": -42.4, "gap_stratum": -41.4, "burden": 19.3, "capacity": 56.1, "svi": 0.14, "top_decile_gap": 0.0, "stratum": "metropolitan", "scored": 1}, "geometry": {"type": "Polygon", "coordinates": [[[-96.6902, 40.6974], [-96.5721, 40.6972], [-96.5725, 40.6182], [-96.5912, 40.6182], [-96.5918, 40.5817], [-96.6863, 40.5813], [-96.686, 40.6792], [-96.6906, 40.6793], [-96.6902, 40.6974]]]}}, {"type": "Feature", "properties": {"fips": "31109003728", "gap_national": -15.2, "gap_stratum": -13.2, "burden": 26.1, "capacity": 42.3, "svi": 0.2, "top_decile_gap": 0.0, "stratum": "metropolitan", "scored": 1}, "geometry": {"type": "Polygon", "coordinates": [[[-96.6029, 40.8771], [-96.6056, 40.8783], [-96.6037, 40.8909], [-96.6054, 40.8971], [-96.5752, 40.8978], [-96.5671, 40.8958], [-96.5676, 40.8275], [-96.6059, 40.828], [-96.6069, 40.875], [-96.6029, 40.8771]]]}}, {"type": "Feature", "properties": {"fips": "31035962200", "gap_national": 21.5, "gap_stratum": 7.0, "burden": 72.9, "capacity": 54.9, "svi": 0.36, "top_decile_gap": 0.0, "stratum": "rural", "scored": 1}, "geometry": {"type": "Polygon", "coordinates": [[[-98.2783, 40.5823], [-98.1091, 40.5826], [-98.1084, 40.5391], [-97.9952, 40.5393], [-97.9953, 40.5247], [-97.8244, 40.5246], [-97.8241, 40.3505], [-98.2781, 40.3503], [-98.2783, 40.5823]]]}}, {"type": "Feature", "properties": {"fips": "31099966600", "gap_national": -18.0, "gap_stratum": -51.6, "burden": 53.7, "capacity": 66.2, "svi": 0.1, "top_decile_gap": 0.0, "stratum": "rural", "scored": 1}, "geometry": {"type": "Polygon", "coordinates": [[[-99.1792, 40.6605], [-99.1155, 40.6548], [-99.0833, 40.657], [-99.0531, 40.654], [-99.0418, 40.6553], [-99.0337, 40.6525], [-99.0025, 40.6537], [-98.9972, 40.6521], [-98.9737, 40.657], [-98.9061, 40.6527], [-98.8928, 40.6545], [-98.8777, 40.6603], [-98.8667, 40.6593], [-98.8415, 40.67], [-98.8333, 40.6703], [-98.8259, 40.675], [-98.8036, 40.6757], [-98.7926, 40.6805], [-98.7597, 40.684], [-98.7489, 40.6887], [-98.7337, 40.6874], [-98.7244, 40.6898], [-98.7239, 40.3504], [-99.1794, 40.3507], [-99.1792, 40.6605]], [[-98.9898, 40.4667], [-98.9135, 40.4665], [-98.9138, 40.5247], [-98.9898, 40.5248], [-98.9898, 40.4667]]]}}, {"type": "Feature", "properties": {"fips": "31145963100", "gap_national": 9.4, "gap_stratum": -19.6, "burden": 70.8, "capacity": 61.3, "svi": 0.22, "top_decile_gap": 0.0, "stratum": "small_town", "scored": 1}, "geometry": {"type": "Polygon", "coordinates": [[[-100.7584, 40.3495], [-100.3833, 40.3515], [-100.1978, 40.35], [-100.1953, 40.2705], [-100.1936, 40.0016], [-100.7588, 40.0023], [-100.7585, 40.1563], [-100.7608, 40.1893], [-100.7584, 40.3495]], [[-100.6501, 40.1957], [-100.6503, 40.1835], [-100.636, 40.1849], [-100.6261, 40.1801], [-100.623, 40.1816], [-100.6208, 40.1872], [-100.608, 40.1839], [-100.5851, 40.1904], [-100.5772, 40.1874], [-100.5679, 40.1967], [-100.5624, 40.1935], [-100.5592, 40.1986], [-100.5602, 40.2051], [-100.5417, 40.206], [-100.5346, 40.2042], [-100.5327, 40.206], [-100.5337, 40.2144], [-100.5305, 40.2162], [-100.5274, 40.2156], [-100.5209, 40.2064], [-100.5149, 40.2067], [-100.5079, 40.2143], [-100.5016, 40.213], [-100.5001, 40.2162], [-100.497, 40.2165], [-100.4983, 40.2275], [-100.4929, 40.2278], [-100.4926, 40.2352], [-100.5251, 40.2347], [-100.5256, 40.2488], [-100.5539, 40.2489], [-100.5541, 40.2653], [-100.5975, 40.2658], [-100.601, 40.2632], [-100.6006, 40.2524], [-100.6048, 40.2492], [-100.65, 40.2517], [-100.65, 40.2369], [-100.6655, 40.2359], [-100.6653, 40.2207], [-100.6687, 40.1987], [-100.6501, 40.1957]]]}}, {"type": "Feature", "properties": {"fips": "31127968100", "gap_national": 1.8, "gap_stratum": -17.5, "burden": 47.5, "capacity": 48.1, "svi": 0.47, "top_decile_gap": 0.0, "stratum": "rural", "scored": 1}, "geometry": {"type": "Polygon", "coordinates": [[[-96.067, 40.5231], [-95.71, 40.5238], [-95.7086, 40.5216], [-95.6972, 40.5285], [-95.695, 40.5331], [-95.6973, 40.537], [-95.6941, 40.5569], [-95.6871, 40.5607], [-95.6718, 40.5626], [-95.6534, 40.5419], [-95.6523, 40.5381], [-95.6557, 40.5236], [-95.6617, 40.5173], [-95.7, 40.5053], [-95.6947, 40.4936], [-95.6964, 40.4759], [-95.6931, 40.4694], [-95.6717, 40.4567], [-95.6582, 40.4419], [-95.6556, 40.4347], [-95.6615, 40.4159], [-95.6591, 40.4087], [-95.6439, 40.3868], [-95.641, 40.3664], [-95.6271, 40.3528], [-95.6227, 40.3409], [-95.6252, 40.3343], [-95.6299, 40.331], [-95.6537, 40.3226], [-95.6578, 40.3158], [-95.6573, 40.3109], [-95.6515, 40.3067], [-95.6453, 40.3057], [-95.6104, 40.314], [-95.5987, 40.3098], [-95.5818, 40.2996], [-95.5681, 40.2991], [-95.5587, 40.2958], [-95.551, 40.2859], [-95.5563, 40.2708], [-95.5525, 40.2619], [-96.0667, 40.262], [-96.067, 40.5231]], [[-95.8956, 40.3492], [-95.7341, 40.3491], [-95.7356, 40.3638], [-95.7438, 40.364], [-95.7438, 40.371], [-95.7622, 40.371], [-95.7627, 40.3783], [-95.7818, 40.3784], [-95.7818, 40.3927], [-95.8134, 40.3927], [-95.8275, 40.4043], [-95.8318, 40.4047], [-95.8348, 40.4127], [-95.8385, 40.4138], [-95.8386, 40.4073], [-95.8956, 40.4072], [-95.8956, 40.3492]]]}}, {"type": "Feature", "properties": {"fips": "31119961000", "gap_national": 36.4, "gap_stratum": 9.3, "burden": 49.3, "capacity": 19.8, "svi": 0.62, "top_decile_gap": 0.0, "stratum": "micropolitan", "scored": 1}, "geometry": {"type": "Polygon", "coordinates": [[[-97.4103, 42.0364], [-97.4098, 42.0383], [-97.407, 42.0343], [-97.407, 42.0182], [-97.4192, 42.0182], [-97.4193, 42.0363], [-97.4103, 42.0364]]]}}, {"type": "Feature", "properties": {"fips": "31019969202", "gap_national": -23.3, "gap_stratum": -40.8, "burden": 30.9, "capacity": 52.2, "svi": 0.18, "top_decile_gap": 0.0, "stratum": "micropolitan", "scored": 1}, "geometry": {"type": "Polygon", "coordinates": [[[-99.122, 40.7139], [-99.084, 40.7139], [-99.0842, 40.7065], [-99.0883, 40.7065], [-99.0884, 40.7046], [-99.0962, 40.7047], [-99.101, 40.7017], [-99.1011, 40.7036], [-99.1222, 40.7013], [-99.122, 40.7139]]]}}, {"type": "Feature", "properties": {"fips": "31071973200", "gap_national": -8.9, "gap_stratum": -42.7, "burden": 67.2, "capacity": 71.1, "svi": 0.31, "top_decile_gap": 0.0, "stratum": "rural", "scored": 1}, "geometry": {"type": "Polygon", "coordinates": [[[-98.7612, 42.0885], [-98.7591, 41.7404], [-99.2218, 41.7408], [-99.2227, 42.0879], [-98.7612, 42.0885]]]}}, {"type": "Feature", "properties": {"fips": "31035962100", "gap_national": 5.0, "gap_stratum": -18.7, "burden": 60.8, "capacity": 56.4, "svi": 0.52, "top_decile_gap": 0.0, "stratum": "rural", "scored": 1}, "geometry": {"type": "Polygon", "coordinates": [[[-98.2781, 40.6983], [-97.8248, 40.6985], [-97.8244, 40.5246], [-97.9953, 40.5247], [-97.9952, 40.5393], [-98.1084, 40.5391], [-98.1091, 40.5826], [-98.2783, 40.5823], [-98.2781, 40.6983]]]}}, {"type": "Feature", "properties": {"fips": "31097967600", "gap_national": 50.0, "gap_stratum": 20.2, "burden": 63.6, "capacity": 23.2, "svi": 0.66, "top_decile_gap": 0.0, "stratum": "rural", "scored": 1}, "geometry": {"type": "Polygon", "coordinates": [[[-96.2364, 40.3925], [-96.2177, 40.3923], [-96.2178, 40.4214], [-96.0663, 40.4217], [-96.0667, 40.262], [-96.2362, 40.262], [-96.2364, 40.3925]]]}}, {"type": "Feature", "properties": {"fips": "31109003103", "gap_national": 58.5, "gap_stratum": 64.8, "burden": 65.9, "capacity": 16.9, "svi": 0.94, "top_decile_gap": 1.0, "stratum": "metropolitan", "scored": 1}, "geometry": {"type": "Polygon", "coordinates": [[[-96.7161, 40.8622], [-96.7122, 40.8508], [-96.7121, 40.8337], [-96.7204, 40.8319], [-96.721, 40.8578], [-96.7161, 40.8622]]]}}, {"type": "Feature", "properties": {"fips": "31109010100", "gap_national": -43.3, "gap_stratum": -39.4, "burden": 28.0, "capacity": 63.2, "svi": 0.08, "top_decile_gap": 0.0, "stratum": "metropolitan", "scored": 1}, "geometry": {"type": "Polygon", "coordinates": [[[-96.6814, 41.0457], [-96.4639, 41.0451], [-96.4638, 40.784], [-96.5678, 40.7841], [-96.5671, 40.8958], [-96.5752, 40.8978], [-96.6628, 40.897], [-96.6821, 40.8864], [-96.6814, 41.0457]]]}}, {"type": "Feature", "properties": {"fips": "31185969900", "gap_national": -13.3, "gap_stratum": -47.1, "burden": 57.8, "capacity": 66.2, "svi": 0.1, "top_decile_gap": 0.0, "stratum": "rural", "scored": 1}, "geometry": {"type": "Polygon", "coordinates": [[[-97.8258, 40.8213], [-97.3684, 40.8216], [-97.3684, 40.6986], [-97.8257, 40.6986], [-97.8258, 40.8213]]]}}, {"type": "Feature", "properties": {"fips": "31017975000", "gap_national": 23.0, "gap_stratum": 11.6, "burden": 75.9, "capacity": 56.0, "svi": 0.43, "top_decile_gap": 0.0, "stratum": "rural", "scored": 1}, "geometry": {"type": "Polygon", "coordinates": [[[-100.1985, 42.8461], [-100.1878, 42.8376], [-100.1633, 42.8334], [-100.1632, 42.8288], [-100.1608, 42.8275], [-100.1493, 42.8321], [-100.1447, 42.8293], [-100.144, 42.8241], [-100.1344, 42.8212], [-100.139, 42.8134], [-100.134, 42.8078], [-100.1174, 42.8054], [-100.1133, 42.7997], [-100.0686, 42.7904], [-100.0559, 42.7854], [-100.0426, 42.785], [-100.0315, 42.7877], [-100.0212, 42.7855], [-100.0078, 42.7886], [-99.9941, 42.7847], [-99.9689, 42.7725], [-99.9473, 42.773], [-99.9258, 42.7678], [-99.9117, 42.7684], [-99.898, 42.7655], [-99.8622, 42.769], [-99.855, 42.7529], [-99.8515, 42.7512], [-99.8373, 42.7541], [-99.8193, 42.7433], [-99.8009, 42.7394], [-99.79, 42.7393], [-99.7751, 42.735], [-99.7525, 42.7376], [-99.7112, 42.7271], [-99.6929, 42.7305], [-99.686, 42.7282], [-99.6777, 42.7309], [-99.676, 42.4345], [-99.6638, 42.4346], [-99.6624, 42.086], [-100.1676, 42.0858], [-100.1675, 42.4333], [-100.1832, 42.4335], [-100.1833, 42.781], [-100.1986, 42.781], [-100.1985, 42.8461]]]}}, {"type": "Feature", "properties": {"fips": "31111959700", "gap_national": -8.6, "gap_stratum": -37.3, "burden": 56.0, "capacity": 61.7, "svi": 0.17, "top_decile_gap": 0.0, "stratum": "micropolitan", "scored": 1}, "geometry": {"type": "Polygon", "coordinates": [[[-100.881, 41.3654], [-100.8828, 41.3757], [-100.8783, 41.3942], [-100.2361, 41.3933], [-100.2343, 41.2774], [-100.2382, 41.0465], [-100.2242, 41.0466], [-100.2233, 40.7003], [-100.5838, 40.7002], [-100.5835, 40.7173], [-100.5804, 40.7227], [-100.5705, 40.7257], [-100.572, 40.7296], [-100.5792, 40.735], [-100.5874, 40.7489], [-100.5926, 40.751], [-100.5943, 40.7554], [-100.599, 40.7566], [-100.6001, 40.7613], [-100.6039, 40.7653], [-100.6073, 40.7655], [-100.6105, 40.7706], [-100.6155, 40.7703], [-100.6181, 40.7677], [-100.6256, 40.7723], [-100.6405, 40.7722], [-100.6398, 40.8007], [-100.6587, 40.8006], [-100.6588, 40.8296], [-100.6975, 40.8291], [-100.6972, 40.9167], [-100.7539, 40.9165], [-100.7539, 40.9746], [-100.6775, 40.9744], [-100.6774, 40.9889], [-100.6593, 40.9883], [-100.6598, 41.0468], [-100.6718, 41.0469], [-100.6717, 41.0504], [-100.6772, 41.0534], [-100.6763, 41.1128], [-100.6811, 41.1157], [-100.69, 41.1164], [-100.7074, 41.1265], [-100.7245, 41.1432], [-100.7502, 41.1521], [-100.7701, 41.1563], [-100.7807, 41.1672], [-100.7838, 41.1745], [-100.8069, 41.1848], [-100.8164, 41.1921], [-100.8124, 41.1954], [-100.805, 41.1913], [-100.7914, 41.1913], [-100.7923, 41.2229], [-100.8044, 41.2479], [-100.8214, 41.2597], [-100.8454, 41.2823], [-100.8514, 41.3095], [-100.8865, 41.3339], [-100.8875, 41.3507], [-100.881, 41.3654]]]}}, {"type": "Feature", "properties": {"fips": "31105954500", "gap_national": 34.1, "gap_stratum": 34.8, "burden": 83.6, "capacity": 53.9, "svi": 0.66, "top_decile_gap": 0.0, "stratum": "rural", "scored": 1}, "geometry": {"type": "Polygon", "coordinates": [[[-104.0523, 41.3932], [-103.3776, 41.3946], [-103.3776, 41.3215], [-103.3756, 41.3061], [-103.3757, 41.0476], [-103.3825, 41.0477], [-103.3825, 41.0022], [-104.0532, 41.0014], [-104.0523, 41.3932]]]}}, {"type": "Feature", "properties": {"fips": "31107976400", "gap_national": 35.7, "gap_stratum": 36.2, "burden": 82.9, "capacity": 52.3, "svi": 0.63, "top_decile_gap": 0.0, "stratum": "rural", "scored": 1}, "geometry": {"type": "Polygon", "coordinates": [[[-98.0558, 42.7152], [-98.0503, 42.7219], [-98.0513, 42.7455], [-98.0449, 42.7527], [-98.0495, 42.7635], [-98.0475, 42.7683], [-98.035, 42.7642], [-98.013, 42.7623], [-98.0003, 42.7633], [-97.9776, 42.7699], [-97.9501, 42.7696], [-97.9367, 42.7758], [-97.9214, 42.7884], [-97.909, 42.7949], [-97.8902, 42.8151], [-97.8799, 42.8354], [-97.879, 42.8437], [-97.8758, 42.8477], [-97.8753, 42.8587], [-97.858, 42.8651], [-97.8285, 42.8688], [-97.8171, 42.8618], [-97.7745, 42.8498], [-97.7204, 42.8474], [-97.6865, 42.8424], [-97.6578, 42.8446], [-97.6118, 42.8584], [-97.6038, 42.8583], [-97.5619, 42.8476], [-97.5319, 42.8501], [-97.5048, 42.8585], [-97.4962, 42.8532], [-97.4849, 42.8504], [-97.4855, 42.5981], [-97.6228, 42.5978], [-97.6231, 42.6123], [-97.9743, 42.6117], [-97.974, 42.6281], [-97.9908, 42.6307], [-98.0083, 42.6297], [-98.0127, 42.6316], [-98.0213, 42.6289], [-98.0299, 42.6329], [-98.0403, 42.6338], [-98.0392, 42.655], [-98.0433, 42.6545], [-98.0406, 42.6625], [-98.0368, 42.6653], [-98.0398, 42.6703], [-98.0407, 42.688], [-98.042, 42.6924], [-98.0515, 42.6957], [-98.0554, 42.7016], [-98.0574, 42.7016], [-98.0558, 42.7152]]]}}, {"type": "Feature", "properties": {"fips": "31173940200", "gap_national": 52.7, "gap_stratum": 33.3, "burden": 72.0, "capacity": 30.3, "svi": 0.88, "top_decile_gap": 0.0, "stratum": "rural", "scored": 1}, "geometry": {"type": "Polygon", "coordinates": [[[-96.8225, 42.2643], [-96.7262, 42.2641], [-96.7267, 42.278], [-96.3564, 42.2765], [-96.3414, 42.2691], [-96.3313, 42.2594], [-96.3277, 42.25], [-96.33, 42.2402], [-96.3229, 42.2336], [-96.3237, 42.2299], [-96.3363, 42.2189], [-96.3581, 42.2141], [-96.3591, 42.2078], [-96.3492, 42.1973], [-96.3477, 42.1913], [-96.5542, 42.1914], [-96.5539, 42.161], [-96.8231, 42.1608], [-96.8225, 42.2643]]]}}, {"type": "Feature", "properties": {"fips": "31109983200", "gap_national": null, "gap_stratum": null, "burden": null, "capacity": null, "svi": null, "top_decile_gap": null, "stratum": null, "scored": 0}, "geometry": {"type": "Polygon", "coordinates": [[[-96.7868, 40.876], [-96.7815, 40.8811], [-96.7648, 40.8794], [-96.7649, 40.8734], [-96.7443, 40.8601], [-96.7436, 40.8453], [-96.7397, 40.8391], [-96.7458, 40.8318], [-96.7537, 40.8329], [-96.7574, 40.8302], [-96.758, 40.8253], [-96.7645, 40.8242], [-96.7669, 40.827], [-96.7669, 40.8394], [-96.7791, 40.8438], [-96.7799, 40.8469], [-96.7873, 40.8469], [-96.7868, 40.876]]]}}, {"type": "Feature", "properties": {"fips": "31139979100", "gap_national": -12.8, "gap_stratum": -40.8, "burden": 47.9, "capacity": 58.3, "svi": 0.24, "top_decile_gap": 0.0, "stratum": "micropolitan", "scored": 1}, "geometry": {"type": "Polygon", "coordinates": [[[-97.5628, 42.2361], [-97.5433, 42.2357], [-97.5436, 42.4385], [-97.3676, 42.4388], [-97.3684, 42.0909], [-97.5627, 42.0905], [-97.5628, 42.2361]]]}}, {"type": "Feature", "properties": {"fips": "31153010401", "gap_national": 40.5, "gap_stratum": 44.0, "burden": 72.2, "capacity": 40.7, "svi": 0.87, "top_decile_gap": 0.0, "stratum": "metropolitan", "scored": 1}, "geometry": {"type": "Polygon", "coordinates": [[[-95.9207, 41.146], [-95.919, 41.1487], [-95.9155, 41.1485], [-95.9078, 41.1391], [-95.9074, 41.1334], [-95.9085, 41.1361], [-95.9264, 41.1355], [-95.9274, 41.1475], [-95.9207, 41.146]]]}}, {"type": "Feature", "properties": {"fips": "31055007442", "gap_national": -54.2, "gap_stratum": -51.1, "burden": 22.3, "capacity": 66.2, "svi": 0.03, "top_decile_gap": 0.0, "stratum": "metropolitan", "scored": 1}, "geometry": {"type": "Polygon", "coordinates": [[[-96.1388, 41.2777], [-96.1388, 41.2631], [-96.158, 41.263], [-96.1581, 41.2775], [-96.1388, 41.2777]]]}}, {"type": "Feature", "properties": {"fips": "31055006703", "gap_national": -3.5, "gap_stratum": 2.1, "burden": 47.6, "capacity": 51.8, "svi": 0.41, "top_decile_gap": 0.0, "stratum": "metropolitan", "scored": 1}, "geometry": {"type": "Polygon", "coordinates": [[[-96.1006, 41.2631], [-96.0762, 41.2634], [-96.0766, 41.2563], [-96.0851, 41.2487], [-96.1007, 41.2486], [-96.1006, 41.2631]]]}}, {"type": "Feature", "properties": {"fips": "31059091700", "gap_national": -8.0, "gap_stratum": -41.4, "burden": 65.2, "capacity": 68.6, "svi": 0.13, "top_decile_gap": 0.0, "stratum": "rural", "scored": 1}, "geometry": {"type": "Polygon", "coordinates": [[[-97.5961, 40.6987], [-97.5959, 40.6547], [-97.6149, 40.6548], [-97.615, 40.6113], [-97.5959, 40.6112], [-97.5958, 40.5533], [-97.5588, 40.5533], [-97.5585, 40.4955], [-97.5958, 40.4953], [-97.5961, 40.4924], [-97.5963, 40.4229], [-97.5772, 40.423], [-97.5773, 40.3506], [-97.8241, 40.3505], [-97.8248, 40.6985], [-97.5961, 40.6987]]]}}, {"type": "Feature", "properties": {"fips": "31109003725", "gap_national": -49.9, "gap_stratum": -49.2, "burden": 16.2, "capacity": 58.8, "svi": 0.05, "top_decile_gap": 0.0, "stratum": "metropolitan", "scored": 1}, "geometry": {"type": "Polygon", "coordinates": [[[-96.6444, 40.7263], [-96.6062, 40.7263], [-96.6063, 40.6973], [-96.6444, 40.6973], [-96.6444, 40.7263]]]}}, {"type": "Feature", "properties": {"fips": "31081969200", "gap_national": -2.3, "gap_stratum": 4.2, "burden": 57.4, "capacity": 58.6, "svi": 0.17, "top_decile_gap": 0.0, "stratum": "metropolitan", "scored": 1}, "geometry": {"type": "Polygon", "coordinates": [[[-98.2826, 40.8687], [-98.2751, 40.8796], [-98.2363, 40.9134], [-98.2268, 40.918], [-98.2155, 40.9305], [-98.1698, 40.9548], [-98.1463, 40.9843], [-98.1006, 41.0087], [-98.089, 41.0097], [-98.0844, 41.0162], [-98.0756, 41.0186], [-98.0542, 41.0378], [-98.03, 41.0497], [-98.0105, 41.0728], [-98.0004, 41.0783], [-97.9981, 41.0324], [-97.9599, 41.0322], [-97.9597, 40.9741], [-97.9981, 40.9744], [-97.998, 40.9015], [-98.0366, 40.9014], [-98.0363, 40.8869], [-98.0547, 40.8869], [-98.0545, 40.8288], [-98.0358, 40.8287], [-98.0365, 40.8218], [-97.997, 40.8219], [-97.9971, 40.6985], [-98.2829, 40.6983], [-98.2826, 40.8687]]]}}, {"type": "Feature", "properties": {"fips": "31001965900", "gap_national": -23.7, "gap_stratum": -53.2, "burden": 45.2, "capacity": 63.3, "svi": 0.18, "top_decile_gap": 0.0, "stratum": "micropolitan", "scored": 1}, "geometry": {"type": "Polygon", "coordinates": [[[-98.4586, 40.6261], [-98.4396, 40.6259], [-98.4396, 40.62], [-98.4015, 40.6084], [-98.4018, 40.5898], [-98.4207, 40.5901], [-98.4208, 40.5825], [-98.4524, 40.5828], [-98.4587, 40.5848], [-98.4586, 40.6261]]]}}, {"type": "Feature", "properties": {"fips": "31045950600", "gap_national": -1.4, "gap_stratum": -29.5, "burden": 72.8, "capacity": 70.3, "svi": 0.33, "top_decile_gap": 0.0, "stratum": "rural", "scored": 1}, "geometry": {"type": "Polygon", "coordinates": [[[-102.7921, 43.0], [-102.7927, 42.7852], [-102.7734, 42.7853], [-102.7734, 42.4399], [-103.48, 42.4373], [-103.4803, 42.7849], [-103.5031, 42.7849], [-103.5051, 43.0008], [-102.7921, 43.0]], [[-103.0608, 42.8189], [-103.0622, 42.8158], [-103.0576, 42.8092], [-103.0519, 42.8067], [-103.0543, 42.8053], [-103.0524, 42.8015], [-103.0483, 42.8023], [-103.0449, 42.7997], [-103.0426, 42.8013], [-103.0401, 42.7986], [-103.0366, 42.8004], [-103.0316, 42.7986], [-103.0312, 42.7957], [-103.0258, 42.7949], [-103.0235, 42.7883], [-103.0311, 42.7795], [-103.0242, 42.7728], [-103.0248, 42.7702], [-103.0174, 42.7703], [-103.0128, 42.7596], [-103.0094, 42.7574], [-102.9979, 42.756], [-102.9979, 42.749], [-102.9877, 42.7406], [-102.9858, 42.7332], [-102.9815, 42.7305], [-102.9798, 42.7261], [-102.9691, 42.7212], [-102.9587, 42.7107], [-102.9539, 42.7106], [-102.9507, 42.733], [-102.9682, 42.7597], [-102.9679, 42.7711], [-102.9721, 42.7879], [-102.9788, 42.8473], [-103.0296, 42.8477], [-103.0369, 42.8415], [-103.0671, 42.8561], [-103.0674, 42.822], [-103.0608, 42.8189]]]}}, {"type": "Feature", "properties": {"fips": "31109002800", "gap_national": -33.8, "gap_stratum": -32.7, "burden": 21.8, "capacity": 52.2, "svi": 0.09, "top_decile_gap": 0.0, "stratum": "metropolitan", "scored": 1}, "geometry": {"type": "Polygon", "coordinates": [[[-96.6921, 40.7845], [-96.6921, 40.7773], [-96.6757, 40.7771], [-96.6828, 40.7681], [-96.6983, 40.7704], [-96.7038, 40.7732], [-96.7155, 40.7855], [-96.6921, 40.7845]]]}}, {"type": "Feature", "properties": {"fips": "31025965800", "gap_national": -32.7, "gap_stratum": -69.6, "burden": 48.8, "capacity": 72.9, "svi": 0.08, "top_decile_gap": 0.0, "stratum": "rural", "scored": 1}, "geometry": {"type": "Polygon", "coordinates": [[[-96.3495, 41.0153], [-96.349, 41.045], [-96.3192, 41.045], [-96.3113, 41.0364], [-96.2973, 41.0268], [-96.2755, 41.0201], [-96.2476, 41.0178], [-96.2408, 41.0134], [-96.233, 41.0009], [-96.2189, 40.9943], [-96.2091, 40.9954], [-96.2089, 40.9901], [-96.2039, 40.9833], [-96.2063, 40.9794], [-96.1973, 40.9795], [-96.1973, 40.9287], [-96.2165, 40.9287], [-96.2164, 40.8706], [-96.3514, 40.8707], [-96.351, 40.8418], [-96.4637, 40.842], [-96.4639, 41.0161], [-96.3495, 41.0153]]]}}, {"type": "Feature", "properties": {"fips": "31053963900", "gap_national": 26.4, "gap_stratum": 2.7, "burden": 57.9, "capacity": 38.6, "svi": 0.55, "top_decile_gap": 0.0, "stratum": "micropolitan", "scored": 1}, "geometry": {"type": "Polygon", "coordinates": [[[-96.5361, 41.4514], [-96.4974, 41.4514], [-96.4983, 41.4387], [-96.5106, 41.4391], [-96.5085, 41.4329], [-96.5301, 41.4401], [-96.5361, 41.4442], [-96.5361, 41.4514]]]}}, {"type": "Feature", "properties": {"fips": "31119960801", "gap_national": -13.9, "gap_stratum": -43.1, "burden": 50.2, "capacity": 60.7, "svi": 0.58, "top_decile_gap": 0.0, "stratum": "micropolitan", "scored": 1}, "geometry": {"type": "Polygon", "coordinates": [[[-97.446, 42.0616], [-97.4267, 42.0617], [-97.4267, 42.0399], [-97.4339, 42.0399], [-97.4325, 42.0235], [-97.4363, 42.0235], [-97.4364, 42.0215], [-97.4461, 42.0284], [-97.446, 42.0616]]]}}, {"type": "Feature", "properties": {"fips": "31055007319", "gap_national": 2.0, "gap_stratum": 4.4, "burden": 23.8, "capacity": 25.1, "svi": 0.16, "top_decile_gap": 0.0, "stratum": "metropolitan", "scored": 1}, "geometry": {"type": "Polygon", "coordinates": [[[-96.04, 41.3363], [-96.0334, 41.3357], [-96.0334, 41.3217], [-96.0438, 41.3201], [-96.0464, 41.3105], [-96.0526, 41.3131], [-96.0548, 41.3208], [-96.0627, 41.3272], [-96.04, 41.3363]]]}}, {"type": "Feature", "properties": {"fips": "31043010300", "gap_national": 32.1, "gap_stratum": 38.6, "burden": 52.9, "capacity": 28.5, "svi": 0.78, "top_decile_gap": 0.0, "stratum": "metropolitan", "scored": 1}, "geometry": {"type": "Polygon", "coordinates": [[[-96.5177, 42.4787], [-96.5065, 42.4853], [-96.4895, 42.4801], [-96.4788, 42.4796], [-96.4455, 42.4906], [-96.4217, 42.4888], [-96.4237, 42.4782], [-96.4216, 42.477], [-96.4267, 42.4708], [-96.4272, 42.4602], [-96.4357, 42.4493], [-96.4018, 42.4493], [-96.3806, 42.4469], [-96.3876, 42.4325], [-96.4136, 42.4079], [-96.415, 42.3934], [-96.4088, 42.3791], [-96.4494, 42.3791], [-96.4404, 42.3936], [-96.4435, 42.3936], [-96.4435, 42.4307], [-96.5024, 42.438], [-96.5032, 42.461], [-96.5098, 42.4695], [-96.5248, 42.471], [-96.5177, 42.4787]]]}}, {"type": "Feature", "properties": {"fips": "31021963400", "gap_national": 22.6, "gap_stratum": 20.3, "burden": 87.0, "capacity": 63.5, "svi": 0.52, "top_decile_gap": 0.0, "stratum": "rural", "scored": 1}, "geometry": {"type": "Polygon", "coordinates": [[[-96.5549, 42.0159], [-96.3096, 42.0152], [-96.3094, 42.0467], [-96.2729, 42.0473], [-96.2686, 42.0423], [-96.2611, 42.039], [-96.2384, 42.0411], [-96.2238, 42.0333], [-96.2217, 42.0262], [-96.2236, 42.0227], [-96.2389, 42.0123], [-96.2419, 42.007], [-96.242, 42.0009], [-96.2365, 41.9964], [-96.2255, 41.9947], [-96.2152, 42.0067], [-96.2061, 42.0093], [-96.1946, 42.0087], [-96.1881, 42.0063], [-96.1836, 42.0], [-96.1921, 41.9845], [-96.1863, 41.9774], [-96.1772, 41.9763], [-96.1607, 41.9801], [-96.1412, 41.9781], [-96.1295, 41.9717], [-96.1292, 41.9651], [-96.1354, 41.9522], [-96.1446, 41.9415], [-96.1366, 41.9272], [-96.1367, 41.9208], [-96.1399, 41.9167], [-96.2898, 41.9162], [-96.2898, 41.9307], [-96.3472, 41.9302], [-96.3473, 41.9013], [-96.3283, 41.9014], [-96.3283, 41.8869], [-96.3474, 41.8868], [-96.3473, 41.8723], [-96.4443, 41.8724], [-96.4443, 41.887], [-96.5552, 41.8869], [-96.5549, 42.0159]]]}}, {"type": "Feature", "properties": {"fips": "31077970900", "gap_national": 7.9, "gap_stratum": -14.6, "burden": 68.9, "capacity": 60.8, "svi": 0.41, "top_decile_gap": 0.0, "stratum": "rural", "scored": 1}, "geometry": {"type": "Polygon", "coordinates": [[[-98.2909, 41.7412], [-98.2914, 41.3939], [-98.7516, 41.3941], [-98.7522, 41.7404], [-98.2909, 41.7412]]]}}, {"type": "Feature", "properties": {"fips": "31109002200", "gap_national": 9.4, "gap_stratum": 13.3, "burden": 30.9, "capacity": 25.9, "svi": 0.79, "top_decile_gap": 0.0, "stratum": "metropolitan", "scored": 1}, "geometry": {"type": "Polygon", "coordinates": [[[-96.7236, 40.7991], [-96.6967, 40.7991], [-96.6968, 40.7845], [-96.7129, 40.7848], [-96.7251, 40.7881], [-96.7236, 40.7991]]]}}, {"type": "Feature", "properties": {"fips": "31109001001", "gap_national": 11.8, "gap_stratum": 16.9, "burden": 40.8, "capacity": 34.4, "svi": 0.28, "top_decile_gap": 0.0, "stratum": "metropolitan", "scored": 1}, "geometry": {"type": "Polygon", "coordinates": [[[-96.6536, 40.8353], [-96.6304, 40.8352], [-96.6304, 40.8279], [-96.6537, 40.8281], [-96.6536, 40.8353]]]}}, {"type": "Feature", "properties": {"fips": "31067964700", "gap_national": -0.7, "gap_stratum": 5.8, "burden": 66.3, "capacity": 64.4, "svi": 0.15, "top_decile_gap": 0.0, "stratum": "metropolitan", "scored": 1}, "geometry": {"type": "Polygon", "coordinates": [[[-96.9161, 40.3497], [-96.9133, 40.3497], [-96.9126, 40.5236], [-96.6849, 40.5233], [-96.6858, 40.3494], [-96.6618, 40.3494], [-96.6618, 40.3351], [-96.6525, 40.335], [-96.6524, 40.3205], [-96.7372, 40.3209], [-96.7374, 40.3175], [-96.7417, 40.3173], [-96.7468, 40.3176], [-96.7468, 40.321], [-96.8272, 40.321], [-96.8272, 40.3136], [-96.8224, 40.3098], [-96.8223, 40.2194], [-96.7463, 40.2193], [-96.747, 40.1028], [-96.7089, 40.1028], [-96.7083, 40.0886], [-96.6895, 40.0883], [-96.6896, 40.0738], [-96.6709, 40.0738], [-96.671, 40.0447], [-96.6898, 40.0449], [-96.6899, 40.0012], [-96.9164, 40.0015], [-96.9161, 40.3497]]]}}, {"type": "Feature", "properties": {"fips": "31155968400", "gap_national": -5.7, "gap_stratum": 0.1, "burden": 48.1, "capacity": 53.7, "svi": 0.15, "top_decile_gap": 0.0, "stratum": "metropolitan", "scored": 1}, "geometry": {"type": "Polygon", "coordinates": [[[-96.3974, 41.2774], [-96.3967, 41.281], [-96.3791, 41.2989], [-96.3756, 41.2966], [-96.3606, 41.2804], [-96.35, 41.2629], [-96.35, 41.2583], [-96.3655, 41.2355], [-96.3614, 41.2192], [-96.3507, 41.2042], [-96.3325, 41.1956], [-96.3247, 41.1859], [-96.3216, 41.1767], [-96.3208, 41.162], [-96.3159, 41.144], [-96.3199, 41.1321], [-96.3111, 41.1144], [-96.3169, 41.1085], [-96.3329, 41.0996], [-96.3389, 41.0914], [-96.3398, 41.0825], [-96.3262, 41.0612], [-96.3325, 41.0571], [-96.335, 41.0597], [-96.4064, 41.0596], [-96.4064, 41.0451], [-96.5639, 41.0453], [-96.5633, 41.1329], [-96.6209, 41.1331], [-96.6219, 41.177], [-96.5735, 41.1772], [-96.5739, 41.1914], [-96.5635, 41.1909], [-96.5637, 41.2491], [-96.6225, 41.249], [-96.6228, 41.2782], [-96.3974, 41.2774]]]}}, {"type": "Feature", "properties": {"fips": "31109003724", "gap_national": -61.7, "gap_stratum": -54.9, "burden": 37.1, "capacity": 90.3, "svi": 0.05, "top_decile_gap": 0.0, "stratum": "metropolitan", "scored": 1}, "geometry": {"type": "Polygon", "coordinates": [[[-96.6253, 40.7697], [-96.6062, 40.7697], [-96.6061, 40.7552], [-96.6253, 40.7553], [-96.6253, 40.7697]]]}}, {"type": "Feature", "properties": {"fips": "31109003722", "gap_national": -18.9, "gap_stratum": -10.8, "burden": 62.0, "capacity": 74.2, "svi": 0.53, "top_decile_gap": 0.0, "stratum": "metropolitan", "scored": 1}, "geometry": {"type": "Polygon", "coordinates": [[[-96.6442, 40.7882], [-96.6342, 40.7878], [-96.6299, 40.7843], [-96.6251, 40.7843], [-96.6253, 40.7697], [-96.6444, 40.7697], [-96.6442, 40.7882]]]}}, {"type": "Feature", "properties": {"fips": "31109003301", "gap_national": -1.1, "gap_stratum": 1.5, "burden": 25.9, "capacity": 30.5, "svi": 0.43, "top_decile_gap": 0.0, "stratum": "metropolitan", "scored": 1}, "geometry": {"type": "Polygon", "coordinates": [[[-96.7458, 40.8318], [-96.7307, 40.8298], [-96.7121, 40.8337], [-96.7122, 40.8287], [-96.7166, 40.8259], [-96.7231, 40.8137], [-96.7533, 40.81], [-96.7564, 40.8175], [-96.7458, 40.8318]]]}}, {"type": "Feature", "properties": {"fips": "31055007003", "gap_national": 34.5, "gap_stratum": 41.3, "burden": 49.8, "capacity": 22.4, "svi": 0.66, "top_decile_gap": 0.0, "stratum": "metropolitan", "scored": 1}, "geometry": {"type": "Polygon", "coordinates": [[[-96.0239, 41.2239], [-95.9833, 41.2228], [-95.9758, 41.2247], [-95.9764, 41.2126], [-96.0239, 41.2125], [-96.0239, 41.2239]]]}}, {"type": "Feature", "properties": {"fips": "31055006804", "gap_national": -77.0, "gap_stratum": -74.0, "burden": 17.5, "capacity": 80.5, "svi": 0.0, "top_decile_gap": 0.0, "stratum": "metropolitan", "scored": 1}, "geometry": {"type": "Polygon", "coordinates": [[[-96.0851, 41.2487], [-96.0791, 41.2488], [-96.072, 41.2438], [-96.0634, 41.2415], [-96.0554, 41.234], [-96.0866, 41.2342], [-96.0851, 41.2487]]]}}, {"type": "Feature", "properties": {"fips": "31055007508", "gap_national": -51.1, "gap_stratum": -44.0, "burden": 36.6, "capacity": 76.5, "svi": 0.13, "top_decile_gap": 0.0, "stratum": "metropolitan", "scored": 1}, "geometry": {"type": "Polygon", "coordinates": [[[-96.35, 41.2583], [-96.3506, 41.2652], [-96.3644, 41.2853], [-96.3626, 41.2913], [-96.2819, 41.292], [-96.2754, 41.2865], [-96.2766, 41.2795], [-96.2741, 41.2728], [-96.2585, 41.2583], [-96.2652, 41.2494], [-96.2675, 41.2377], [-96.2765, 41.2334], [-96.2845, 41.2161], [-96.2935, 41.2103], [-96.2986, 41.2016], [-96.3089, 41.1934], [-96.3095, 41.1901], [-96.3274, 41.19], [-96.3325, 41.1956], [-96.3507, 41.2042], [-96.3614, 41.2192], [-96.3655, 41.2355], [-96.35, 41.2583]]]}}, {"type": "Feature", "properties": {"fips": "31055001800", "gap_national": 2.5, "gap_stratum": 4.1, "burden": 16.9, "capacity": 16.4, "svi": 0.37, "top_decile_gap": 0.0, "stratum": "metropolitan", "scored": 1}, "geometry": {"type": "Polygon", "coordinates": [[[-95.9214, 41.2597], [-95.9164, 41.2483], [-95.9372, 41.2481], [-95.9372, 41.2503], [-95.9422, 41.2482], [-95.9424, 41.2597], [-95.9214, 41.2597]]]}}, {"type": "Feature", "properties": {"fips": "31179978600", "gap_national": -11.7, "gap_stratum": -34.6, "burden": 48.3, "capacity": 57.9, "svi": 0.08, "top_decile_gap": 0.0, "stratum": "rural", "scored": 1}, "geometry": {"type": "Polygon", "coordinates": [[[-97.3677, 42.3519], [-97.0178, 42.3513], [-97.0177, 42.2645], [-97.0372, 42.2646], [-97.0374, 42.2065], [-96.9596, 42.2065], [-96.9595, 42.2643], [-96.8225, 42.2643], [-96.8237, 42.0904], [-97.3684, 42.0909], [-97.3677, 42.3519]]]}}, {"type": "Feature", "properties": {"fips": "31147968600", "gap_national": 31.1, "gap_stratum": 16.8, "burden": 80.1, "capacity": 53.5, "svi": 0.6, "top_decile_gap": 0.0, "stratum": "small_town", "scored": 1}, "geometry": {"type": "Polygon", "coordinates": [[[-95.6447, 40.1157], [-95.6339, 40.1085], [-95.6339, 40.114], [-95.6247, 40.1077], [-95.6055, 40.1011], [-95.5584, 40.1018], [-95.5585, 40.0582], [-95.5204, 40.0577], [-95.5204, 40.049], [-95.5227, 40.0526], [-95.525, 40.0487], [-95.5313, 40.0475], [-95.5269, 40.0421], [-95.5297, 40.0392], [-95.5327, 40.0424], [-95.5368, 40.0387], [-95.5363, 40.0356], [-95.5426, 40.0355], [-95.5439, 40.0313], [-95.5473, 40.0294], [-95.5514, 40.0277], [-95.5567, 40.0318], [-95.5563, 40.0269], [-95.5608, 40.023], [-95.5676, 40.024], [-95.5696, 40.0215], [-95.5754, 40.021], [-95.5711, 40.019], [-95.5731, 40.0181], [-95.5705, 40.0163], [-95.5731, 40.013], [-95.5697, 40.0122], [-95.5722, 40.0088], [-95.5675, 40.0073], [-95.5666, 40.0042], [-95.569, 40.0032], [-95.5654, 40.0002], [-95.6714, 40.0003], [-95.6712, 40.0508], [-95.6523, 40.0466], [-95.6525, 40.0587], [-95.6713, 40.0649], [-95.6714, 40.1166], [-95.6447, 40.1157]]]}}, {"type": "Feature", "properties": {"fips": "31181965100", "gap_national": 17.8, "gap_stratum": 5.9, "burden": 78.8, "capacity": 61.4, "svi": 0.5, "top_decile_gap": 0.0, "stratum": "rural", "scored": 1}, "geometry": {"type": "Polygon", "coordinates": [[[-98.7261, 40.1764], [-98.689, 40.1763], [-98.6885, 40.1618], [-98.5947, 40.1614], [-98.5947, 40.1688], [-98.557, 40.169], [-98.5569, 40.1617], [-98.5191, 40.1614], [-98.5191, 40.1468], [-98.2736, 40.1474], [-98.2738, 40.003], [-98.7264, 40.0022], [-98.7261, 40.1764]]]}}, {"type": "Feature", "properties": {"fips": "31101000300", "gap_national": -1.5, "gap_stratum": -29.9, "burden": 71.0, "capacity": 68.9, "svi": 0.2, "top_decile_gap": 0.0, "stratum": "rural", "scored": 1}, "geometry": {"type": "Polygon", "coordinates": [[[-102.0553, 41.3952], [-101.2697, 41.3949], [-101.2704, 41.0474], [-101.2502, 41.0474], [-101.25, 41.004], [-102.0518, 41.0039], [-102.0518, 41.0474], [-102.0555, 41.0475], [-102.0553, 41.3952]], [[-101.8068, 41.157], [-101.8064, 41.1382], [-101.8067, 41.1057], [-101.8138, 41.1045], [-101.8009, 41.0967], [-101.7793, 41.1004], [-101.7415, 41.1133], [-101.7063, 41.1152], [-101.6912, 41.1187], [-101.6416, 41.1635], [-101.7826, 41.1635], [-101.7904, 41.1656], [-101.8066, 41.1776], [-101.8108, 41.1673], [-101.8148, 41.1666], [-101.8068, 41.157]]]}}, {"type": "Feature", "properties": {"fips": "31091956700", "gap_national": 11.3, "gap_stratum": -6.8, "burden": 76.1, "capacity": 63.9, "svi": 0.36, "top_decile_gap": 0.0, "stratum": "rural", "scored": 1}, "geometry": {"type": "Polygon", "coordinates": [[[-100.8461, 42.0882], [-100.8425, 41.7404], [-101.4259, 41.7431], [-101.4266, 42.0922], [-100.8461, 42.0882]]]}}, {"type": "Feature", "properties": {"fips": "31027977100", "gap_national": -2.5, "gap_stratum": -28.8, "burden": 59.0, "capacity": 60.0, "svi": 0.21, "top_decile_gap": 0.0, "stratum": "rural", "scored": 1}, "geometry": {"type": "Polygon", "coordinates": [[[-97.4849, 42.8504], [-97.4423, 42.8462], [-97.432, 42.8515], [-97.4171, 42.8659], [-97.4083, 42.8683], [-97.394, 42.8643], [-97.3767, 42.8652], [-97.3686, 42.8584], [-97.3596, 42.8548], [-97.3362, 42.8568], [-97.3067, 42.8676], [-97.2899, 42.8555], [-97.2679, 42.8526], [-97.2486, 42.8554], [-97.2319, 42.8513], [-97.2174, 42.8435], [-97.2183, 42.8296], [-97.2101, 42.8093], [-97.2004, 42.8055], [-97.167, 42.8021], [-97.1508, 42.7956], [-97.1382, 42.7834], [-97.1313, 42.7719], [-97.0961, 42.7693], [-97.0656, 42.7722], [-97.0158, 42.7616], [-97.0156, 42.612], [-97.2446, 42.6125], [-97.2491, 42.6146], [-97.2499, 42.604], [-97.247, 42.599], [-97.25, 42.5975], [-97.2499, 42.5836], [-97.348, 42.5838], [-97.3481, 42.6127], [-97.4855, 42.6127], [-97.4849, 42.8504]]]}}, {"type": "Feature", "properties": {"fips": "31109000100", "gap_national": 43.1, "gap_stratum": 47.2, "burden": 70.6, "capacity": 37.2, "svi": 0.61, "top_decile_gap": 0.0, "stratum": "metropolitan", "scored": 1}, "geometry": {"type": "Polygon", "coordinates": [[[-96.6421, 40.8571], [-96.6328, 40.8683], [-96.618, 40.8686], [-96.6069, 40.875], [-96.6058, 40.8736], [-96.6058, 40.8516], [-96.6304, 40.8518], [-96.6317, 40.8538], [-96.6344, 40.8518], [-96.6536, 40.8511], [-96.6421, 40.8571]]]}}, {"type": "Feature", "properties": {"fips": "31053963600", "gap_national": 18.0, "gap_stratum": 1.3, "burden": 70.7, "capacity": 55.6, "svi": 0.44, "top_decile_gap": 0.0, "stratum": "rural", "scored": 1}, "geometry": {"type": "Polygon", "coordinates": [[[-96.4442, 41.7418], [-96.4439, 41.5239], [-96.4345, 41.5239], [-96.4348, 41.4949], [-96.4252, 41.4949], [-96.4252, 41.4803], [-96.4648, 41.4804], [-96.4636, 41.5022], [-96.5217, 41.5023], [-96.5216, 41.4951], [-96.5974, 41.4952], [-96.5978, 41.6224], [-96.6136, 41.6287], [-96.6345, 41.6417], [-96.6498, 41.6447], [-96.6564, 41.6508], [-96.6826, 41.6589], [-96.6867, 41.655], [-96.7899, 41.6554], [-96.7899, 41.67], [-96.906, 41.6699], [-96.9059, 41.7428], [-96.4442, 41.7418]]]}}, {"type": "Feature", "properties": {"fips": "31121966600", "gap_national": 17.0, "gap_stratum": -0.4, "burden": 70.0, "capacity": 55.6, "svi": 0.28, "top_decile_gap": 0.0, "stratum": "rural", "scored": 1}, "geometry": {"type": "Polygon", "coordinates": [[[-98.1015, 41.264], [-98.1017, 41.2787], [-98.0531, 41.2785], [-98.0531, 41.2931], [-97.8979, 41.2936], [-97.8983, 41.3082], [-97.7055, 41.3091], [-97.7038, 41.3949], [-97.5985, 41.3951], [-97.5982, 41.3172], [-97.631, 41.3067], [-97.6419, 41.3061], [-97.6425, 41.3097], [-97.6586, 41.3049], [-97.6566, 41.3015], [-97.6645, 41.2947], [-97.6686, 41.2981], [-97.6791, 41.2926], [-97.7159, 41.2642], [-97.7503, 41.2467], [-97.766, 41.2349], [-97.791, 41.206], [-97.8048, 41.1969], [-97.8007, 41.1932], [-97.8283, 41.1755], [-97.8473, 41.1499], [-97.8741, 41.1231], [-97.8857, 41.1146], [-97.9438, 41.0922], [-97.9486, 41.0914], [-97.9527, 41.1005], [-97.9461, 41.106], [-97.9635, 41.1115], [-97.9633, 41.1329], [-98.1738, 41.1331], [-98.175, 41.265], [-98.1015, 41.264]]]}}, {"type": "Feature", "properties": {"fips": "31037964700", "gap_national": 9.4, "gap_stratum": -13.3, "burden": 62.8, "capacity": 55.1, "svi": 0.33, "top_decile_gap": 0.0, "stratum": "micropolitan", "scored": 1}, "geometry": {"type": "Polygon", "coordinates": [[[-97.2527, 41.6562], [-96.906, 41.6553], [-96.9059, 41.4564], [-96.9265, 41.4551], [-96.9547, 41.4436], [-96.9647, 41.4418], [-96.9829, 41.431], [-96.9853, 41.433], [-96.9825, 41.4374], [-96.9841, 41.4412], [-96.9605, 41.4537], [-96.9714, 41.4517], [-96.9779, 41.4478], [-96.9828, 41.4483], [-96.983, 41.4671], [-97.0403, 41.4665], [-97.0405, 41.496], [-97.0983, 41.4961], [-97.0974, 41.3983], [-97.1015, 41.3897], [-97.1235, 41.3874], [-97.1425, 41.3823], [-97.1543, 41.3826], [-97.1785, 41.3768], [-97.1993, 41.3858], [-97.2535, 41.3842], [-97.2527, 41.6562]]]}}, {"type": "Feature", "properties": {"fips": "31055007504", "gap_national": -40.9, "gap_stratum": -33.5, "burden": 40.4, "capacity": 71.7, "svi": 0.25, "top_decile_gap": 0.0, "stratum": "metropolitan", "scored": 1}, "geometry": {"type": "Polygon", "coordinates": [[[-96.3103, 41.3932], [-96.3117, 41.3904], [-96.3079, 41.387], [-96.3001, 41.3887], [-96.2989, 41.3866], [-96.3024, 41.3793], [-96.2948, 41.3621], [-96.3008, 41.3602], [-96.302, 41.3574], [-96.2923, 41.3572], [-96.29, 41.3549], [-96.2977, 41.3534], [-96.2974, 41.3513], [-96.2905, 41.3491], [-96.2908, 41.3465], [-96.3025, 41.3397], [-96.3028, 41.337], [-96.2924, 41.3327], [-96.2947, 41.3274], [-96.2934, 41.3187], [-96.2819, 41.292], [-96.3626, 41.2913], [-96.3644, 41.2853], [-96.3756, 41.2966], [-96.3905, 41.3032], [-96.4076, 41.3146], [-96.4097, 41.3201], [-96.4069, 41.3287], [-96.4074, 41.3366], [-96.4145, 41.355], [-96.4203, 41.363], [-96.4595, 41.3803], [-96.4707, 41.3932], [-96.3103, 41.3932]]]}}, {"type": "Feature", "properties": {"fips": "31153010621", "gap_national": -9.4, "gap_stratum": -5.1, "burden": 38.3, "capacity": 48.5, "svi": 0.29, "top_decile_gap": 0.0, "stratum": "metropolitan", "scored": 1}, "geometry": {"type": "Polygon", "coordinates": [[[-96.0619, 41.1907], [-96.0429, 41.1907], [-96.043, 41.1763], [-96.0621, 41.1763], [-96.0619, 41.1907]]]}}, {"type": "Feature", "properties": {"fips": "31069952100", "gap_national": 18.6, "gap_stratum": 10.8, "burden": 83.5, "capacity": 64.1, "svi": 0.65, "top_decile_gap": 0.0, "stratum": "rural", "scored": 1}, "geometry": {"type": "Polygon", "coordinates": [[[-102.6776, 42.0053], [-102.0666, 42.0092], [-102.0678, 41.7421], [-101.9855, 41.7423], [-101.9846, 41.395], [-102.0553, 41.3952], [-102.0556, 41.2215], [-102.6104, 41.2216], [-102.6094, 41.3951], [-102.6367, 41.3952], [-102.638, 41.7138], [-102.6358, 41.7428], [-102.6643, 41.7432], [-102.6696, 41.7579], [-102.677, 41.787], [-102.6794, 41.8291], [-102.6776, 42.0053]]]}}, {"type": "Feature", "properties": {"fips": "31109002100", "gap_national": 30.0, "gap_stratum": 36.2, "burden": 37.7, "capacity": 12.1, "svi": 0.78, "top_decile_gap": 0.0, "stratum": "metropolitan", "scored": 1}, "geometry": {"type": "Polygon", "coordinates": [[[-96.7231, 40.8137], [-96.7085, 40.8137], [-96.7086, 40.7992], [-96.7236, 40.7991], [-96.7253, 40.8025], [-96.7231, 40.8137]]]}}, {"type": "Feature", "properties": {"fips": "31109003104", "gap_national": 50.7, "gap_stratum": 58.1, "burden": 57.0, "capacity": 14.0, "svi": 0.83, "top_decile_gap": 0.0, "stratum": "metropolitan", "scored": 1}, "geometry": {"type": "Polygon", "coordinates": [[[-96.721, 40.8578], [-96.7198, 40.8571], [-96.7204, 40.8319], [-96.7338, 40.8297], [-96.7458, 40.8318], [-96.721, 40.8578]]]}}, {"type": "Feature", "properties": {"fips": "31109010202", "gap_national": -32.9, "gap_stratum": -25.0, "burden": 46.3, "capacity": 70.8, "svi": 0.24, "top_decile_gap": 0.0, "stratum": "metropolitan", "scored": 1}, "geometry": {"type": "Polygon", "coordinates": [[[-96.6814, 41.0457], [-96.6818, 40.8933], [-96.701, 40.8934], [-96.7009, 40.9007], [-96.7584, 40.9008], [-96.7588, 40.8794], [-96.7815, 40.8811], [-96.7868, 40.876], [-96.787, 40.8718], [-96.7959, 40.8718], [-96.796, 40.8573], [-96.8152, 40.8573], [-96.8153, 40.8428], [-96.7961, 40.8428], [-96.7965, 40.7847], [-96.9108, 40.7849], [-96.9109, 41.0461], [-96.6814, 41.0457]]]}}, {"type": "Feature", "properties": {"fips": "31055007314", "gap_national": -26.9, "gap_stratum": -27.6, "burden": 13.8, "capacity": 40.9, "svi": 0.01, "top_decile_gap": 0.0, "stratum": "metropolitan", "scored": 1}, "geometry": {"type": "Polygon", "coordinates": [[[-96.139, 41.3356], [-96.1389, 41.3211], [-96.1583, 41.3211], [-96.1584, 41.3356], [-96.139, 41.3356]]]}}, {"type": "Feature", "properties": {"fips": "31153010402", "gap_national": 30.0, "gap_stratum": 35.9, "burden": 58.2, "capacity": 35.9, "svi": 0.79, "top_decile_gap": 0.0, "stratum": "metropolitan", "scored": 1}, "geometry": {"type": "Polygon", "coordinates": [[[-95.9042, 41.1339], [-95.9074, 41.1334], [-95.9074, 41.1365], [-95.8849, 41.1366], [-95.8793, 41.1388], [-95.8659, 41.1174], [-95.9022, 41.1189], [-95.9075, 41.1216], [-95.9042, 41.1339]]]}}, {"type": "Feature", "properties": {"fips": "31055007002", "gap_national": 7.4, "gap_stratum": 12.3, "burden": 41.8, "capacity": 38.9, "svi": 0.45, "top_decile_gap": 0.0, "stratum": "metropolitan", "scored": 1}, "geometry": {"type": "Polygon", "coordinates": [[[-95.9951, 41.2305], [-95.9951, 41.227], [-95.9902, 41.227], [-95.9902, 41.2306], [-95.9786, 41.2306], [-95.9786, 41.227], [-95.9758, 41.227], [-95.9758, 41.2247], [-95.9833, 41.2228], [-96.0046, 41.2238], [-96.0047, 41.2306], [-95.9951, 41.2305]]]}}, {"type": "Feature", "properties": {"fips": "31055007455", "gap_national": 16.3, "gap_stratum": 20.8, "burden": 32.4, "capacity": 20.5, "svi": 0.37, "top_decile_gap": 0.0, "stratum": "metropolitan", "scored": 1}, "geometry": {"type": "Polygon", "coordinates": [[[-96.1204, 41.2122], [-96.119, 41.2054], [-96.1388, 41.2054], [-96.1388, 41.2127], [-96.1204, 41.2122]]]}}, {"type": "Feature", "properties": {"fips": "31055004800", "gap_national": -19.2, "gap_stratum": -19.1, "burden": 17.2, "capacity": 37.6, "svi": 0.21, "top_decile_gap": 0.0, "stratum": "metropolitan", "scored": 1}, "geometry": {"type": "Polygon", "coordinates": [[[-95.9951, 41.2731], [-95.9854, 41.2731], [-95.9854, 41.2597], [-95.9951, 41.2597], [-95.9951, 41.2731]]]}}, {"type": "Feature", "properties": {"fips": "31067964800", "gap_national": 28.1, "gap_stratum": 17.7, "burden": 77.9, "capacity": 54.1, "svi": 0.38, "top_decile_gap": 0.0, "stratum": "micropolitan", "scored": 1}, "geometry": {"type": "Polygon", "coordinates": [[[-96.7468, 40.321], [-96.7466, 40.2717], [-96.7522, 40.2707], [-96.7547, 40.2732], [-96.7566, 40.2585], [-96.7189, 40.2501], [-96.7211, 40.257], [-96.7171, 40.2628], [-96.6714, 40.2627], [-96.6708, 40.219], [-96.6895, 40.2192], [-96.6901, 40.2336], [-96.6921, 40.2337], [-96.7274, 40.2336], [-96.7274, 40.2191], [-96.8223, 40.2194], [-96.8224, 40.3098], [-96.8272, 40.3136], [-96.8272, 40.321], [-96.7468, 40.321]]]}}, {"type": "Feature", "properties": {"fips": "31053963800", "gap_national": 42.5, "gap_stratum": 34.5, "burden": 79.3, "capacity": 45.0, "svi": 0.88, "top_decile_gap": 0.0, "stratum": "micropolitan", "scored": 1}, "geometry": {"type": "Polygon", "coordinates": [[[-96.5216, 41.4951], [-96.5217, 41.5023], [-96.4636, 41.5022], [-96.4648, 41.4804], [-96.4059, 41.4805], [-96.4056, 41.4658], [-96.3864, 41.4657], [-96.3865, 41.4513], [-96.3672, 41.451], [-96.3673, 41.4367], [-96.3289, 41.4366], [-96.329, 41.3931], [-96.4449, 41.3933], [-96.4451, 41.4219], [-96.4539, 41.4223], [-96.4547, 41.434], [-96.4518, 41.4368], [-96.445, 41.4368], [-96.445, 41.4513], [-96.5967, 41.4515], [-96.5974, 41.4952], [-96.5216, 41.4951]]]}}, {"type": "Feature", "properties": {"fips": "31119961200", "gap_national": -1.9, "gap_stratum": -28.5, "burden": 58.9, "capacity": 59.5, "svi": 0.2, "top_decile_gap": 0.0, "stratum": "micropolitan", "scored": 1}, "geometry": {"type": "Polygon", "coordinates": [[[-97.5047, 42.0906], [-97.5042, 42.0179], [-97.4802, 42.0178], [-97.4801, 42.0072], [-97.4846, 42.0032], [-97.4846, 41.9961], [-97.4652, 41.9963], [-97.4652, 41.9745], [-97.5232, 41.9744], [-97.5232, 41.9164], [-97.7754, 41.9164], [-97.7754, 41.9018], [-97.8333, 41.9018], [-97.8345, 42.0898], [-97.5047, 42.0906]]]}}, {"type": "Feature", "properties": {"fips": "31019969600", "gap_national": 9.2, "gap_stratum": -0.9, "burden": 19.0, "capacity": 11.0, "svi": 0.71, "top_decile_gap": 0.0, "stratum": "micropolitan", "scored": 1}, "geometry": {"type": "Polygon", "coordinates": [[[-99.1222, 40.7013], [-99.1195, 40.702], [-99.1011, 40.7036], [-99.101, 40.7017], [-99.0962, 40.7047], [-99.0884, 40.7046], [-99.0886, 40.6943], [-99.1232, 40.6917], [-99.1222, 40.7013]]]}}, {"type": "Feature", "properties": {"fips": "31025965700", "gap_national": -15.4, "gap_stratum": -7.6, "burden": 59.5, "capacity": 69.1, "svi": 0.29, "top_decile_gap": 0.0, "stratum": "metropolitan", "scored": 1}, "geometry": {"type": "Polygon", "coordinates": [[[-96.1973, 40.9287], [-96.1973, 40.9795], [-96.2063, 40.9794], [-96.2039, 40.9833], [-96.2089, 40.9901], [-96.2091, 40.9954], [-96.1447, 41.0176], [-96.1312, 41.0314], [-96.1191, 41.0386], [-96.1099, 41.0484], [-96.1002, 41.0532], [-96.0736, 41.058], [-96.0563, 41.0654], [-96.0341, 41.066], [-96.0181, 41.0615], [-96.0031, 41.0605], [-95.9873, 41.0527], [-95.982, 41.0525], [-95.9597, 41.0608], [-95.9474, 41.0576], [-95.9279, 41.0588], [-95.927, 41.054], [-95.9192, 41.0448], [-95.94, 41.0457], [-95.9399, 41.0169], [-95.9496, 41.0169], [-95.9496, 40.915], [-96.2165, 40.9142], [-96.2165, 40.9287], [-96.1973, 40.9287]]]}}, {"type": "Feature", "properties": {"fips": "31151960800", "gap_national": -1.1, "gap_stratum": -28.9, "burden": 73.2, "capacity": 70.4, "svi": 0.23, "top_decile_gap": 0.0, "stratum": "rural", "scored": 1}, "geometry": {"type": "Polygon", "coordinates": [[[-97.3685, 40.6115], [-97.3121, 40.6113], [-97.3116, 40.6077], [-97.2927, 40.6076], [-97.2927, 40.6111], [-97.179, 40.6111], [-97.179, 40.6076], [-97.1694, 40.6075], [-97.1693, 40.6041], [-97.1223, 40.6039], [-97.1223, 40.6111], [-97.0272, 40.6106], [-97.0274, 40.3497], [-97.3687, 40.3504], [-97.3685, 40.6115]]]}}, {"type": "Feature", "properties": {"fips": "31185969600", "gap_national": 10.5, "gap_stratum": -19.5, "burden": 68.6, "capacity": 58.8, "svi": 0.26, "top_decile_gap": 0.0, "stratum": "small_town", "scored": 1}, "geometry": {"type": "Polygon", "coordinates": [[[-97.3681, 41.0469], [-97.3684, 40.8216], [-97.5209, 40.8221], [-97.5207, 40.9013], [-97.6167, 40.9013], [-97.6167, 40.9086], [-97.6356, 40.9087], [-97.6357, 40.8214], [-97.8258, 40.8213], [-97.8263, 41.0466], [-97.3681, 41.0469]]]}}, {"type": "Feature", "properties": {"fips": "31111960600", "gap_national": -18.7, "gap_stratum": -49.4, "burden": 52.7, "capacity": 65.8, "svi": 0.19, "top_decile_gap": 0.0, "stratum": "micropolitan", "scored": 1}, "geometry": {"type": "Polygon", "coordinates": [[[-101.2546, 41.1192], [-101.2213, 41.1342], [-101.1994, 41.1386], [-101.0838, 41.1404], [-100.9518, 41.1349], [-100.8864, 41.1213], [-100.8297, 41.1144], [-100.83, 41.0901], [-100.6771, 41.0902], [-100.6772, 41.0534], [-100.6717, 41.0504], [-100.6718, 41.0469], [-100.6598, 41.0468], [-100.6594, 41.0451], [-100.6593, 40.9883], [-100.6774, 40.9889], [-100.6775, 40.9744], [-100.7539, 40.9746], [-100.7539, 40.9165], [-100.6972, 40.9167], [-100.6975, 40.8291], [-100.6588, 40.8296], [-100.6587, 40.8006], [-100.6398, 40.8007], [-100.6405, 40.7722], [-100.6256, 40.7723], [-100.6181, 40.7677], [-100.6155, 40.7703], [-100.6105, 40.7706], [-100.6073, 40.7655], [-100.6039, 40.7653], [-100.6001, 40.7613], [-100.599, 40.7566], [-100.5943, 40.7554], [-100.5926, 40.751], [-100.5874, 40.7489], [-100.5792, 40.735], [-100.572, 40.7296], [-100.5705, 40.7257], [-100.5804, 40.7227], [-100.5835, 40.7173], [-100.5838, 40.7002], [-101.248, 40.6978], [-101.2502, 41.0474], [-101.2704, 41.0474], [-101.2703, 41.1169], [-101.2546, 41.1192]]]}}, {"type": "Feature", "properties": {"fips": "31055005200", "gap_national": 85.9, "gap_stratum": 85.4, "burden": 93.9, "capacity": 17.4, "svi": 0.92, "top_decile_gap": 1.0, "stratum": "metropolitan", "scored": 1}, "geometry": {"type": "Polygon", "coordinates": [[[-95.9661, 41.2814], [-95.9566, 41.2815], [-95.9566, 41.2729], [-95.9661, 41.2728], [-95.9661, 41.2814]]]}}, {"type": "Feature", "properties": {"fips": "31061964700", "gap_national": 26.2, "gap_stratum": 27.0, "burden": 87.5, "capacity": 61.3, "svi": 0.57, "top_decile_gap": 0.0, "stratum": "rural", "scored": 1}, "geometry": {"type": "Polygon", "coordinates": [[[-99.0474, 40.2197], [-99.0472, 40.1917], [-99.0455, 40.1905], [-99.0354, 40.1905], [-99.0352, 40.1973], [-99.0227, 40.2051], [-98.9905, 40.2051], [-98.9903, 40.1761], [-98.915, 40.1761], [-98.9151, 40.2052], [-98.8592, 40.2048], [-98.8597, 40.2338], [-98.7261, 40.2342], [-98.7264, 40.0022], [-99.1791, 40.002], [-99.1793, 40.22], [-99.0474, 40.2197]]]}}, {"type": "Feature", "properties": {"fips": "31109001301", "gap_national": -50.2, "gap_stratum": -42.1, "burden": 46.0, "capacity": 88.0, "svi": 0.24, "top_decile_gap": 0.0, "stratum": "metropolitan", "scored": 1}, "geometry": {"type": "Polygon", "coordinates": [[[-96.6418, 40.8135], [-96.6251, 40.8134], [-96.6251, 40.7988], [-96.6441, 40.7989], [-96.6418, 40.8135]]]}}, {"type": "Feature", "properties": {"fips": "31109003713", "gap_national": -61.3, "gap_stratum": -55.7, "burden": 29.0, "capacity": 77.7, "svi": 0.08, "top_decile_gap": 0.0, "stratum": "metropolitan", "scored": 1}, "geometry": {"type": "Polygon", "coordinates": [[[-96.6061, 40.7552], [-96.6065, 40.736], [-96.6405, 40.7544], [-96.6061, 40.7552]]]}}, {"type": "Feature", "properties": {"fips": "31037964600", "gap_national": -0.5, "gap_stratum": -24.7, "burden": 56.0, "capacity": 56.4, "svi": 0.25, "top_decile_gap": 0.0, "stratum": "rural", "scored": 1}, "geometry": {"type": "Polygon", "coordinates": [[[-96.9059, 41.7428], [-96.906, 41.6553], [-97.2527, 41.6562], [-97.2524, 41.7431], [-96.9059, 41.7428]]]}}, {"type": "Feature", "properties": {"fips": "31157953600", "gap_national": 20.0, "gap_stratum": -2.4, "burden": 60.5, "capacity": 45.9, "svi": 0.61, "top_decile_gap": 0.0, "stratum": "micropolitan", "scored": 1}, "geometry": {"type": "Polygon", "coordinates": [[[-103.6721, 41.8665], [-103.6627, 41.8598], [-103.6626, 41.8516], [-103.6769, 41.85], [-103.7108, 41.8567], [-103.7207, 41.8614], [-103.7213, 41.8659], [-103.6721, 41.8665]]]}}, {"type": "Feature", "properties": {"fips": "31109003401", "gap_national": 24.2, "gap_stratum": 29.7, "burden": 36.0, "capacity": 16.4, "svi": 0.62, "top_decile_gap": 0.0, "stratum": "metropolitan", "scored": 1}, "geometry": {"type": "Polygon", "coordinates": [[[-96.7909, 40.8022], [-96.781, 40.8075], [-96.7533, 40.81], [-96.7494, 40.8045], [-96.7447, 40.8027], [-96.7492, 40.8003], [-96.7493, 40.7846], [-96.7965, 40.7847], [-96.7964, 40.7905], [-96.7909, 40.8022]]]}}, {"type": "Feature", "properties": {"fips": "31021963300", "gap_national": 6.6, "gap_stratum": -16.5, "burden": 73.3, "capacity": 65.1, "svi": 0.48, "top_decile_gap": 0.0, "stratum": "rural", "scored": 1}, "geometry": {"type": "Polygon", "coordinates": [[[-96.3472, 41.9302], [-96.2898, 41.9307], [-96.2898, 41.9162], [-96.1399, 41.9167], [-96.1591, 41.9101], [-96.162, 41.9056], [-96.1618, 41.9018], [-96.1488, 41.8881], [-96.1445, 41.8719], [-96.1353, 41.8631], [-96.1162, 41.8549], [-96.1102, 41.8489], [-96.1079, 41.8403], [-96.1108, 41.8282], [-96.1076, 41.8207], [-96.0983, 41.8142], [-96.0755, 41.8078], [-96.0649, 41.7962], [-96.0664, 41.7889], [-96.0775, 41.7778], [-96.0799, 41.7579], [-96.0847, 41.7533], [-96.1028, 41.7463], [-96.1064, 41.7379], [-96.1026, 41.728], [-96.0797, 41.718], [-96.0734, 41.7107], [-96.0731, 41.705], [-96.0824, 41.6982], [-96.1051, 41.6999], [-96.112, 41.6978], [-96.1202, 41.6912], [-96.1217, 41.683], [-96.3094, 41.6834], [-96.3096, 41.7269], [-96.3289, 41.7268], [-96.3279, 41.7563], [-96.3473, 41.7563], [-96.3472, 41.8143], [-96.3377, 41.8143], [-96.3378, 41.8288], [-96.3282, 41.8288], [-96.3283, 41.9014], [-96.3473, 41.9013], [-96.3472, 41.9302]]]}}, {"type": "Feature", "properties": {"fips": "31055006505", "gap_national": -19.3, "gap_stratum": -11.5, "burden": 65.7, "capacity": 78.5, "svi": 0.53, "top_decile_gap": 0.0, "stratum": "metropolitan", "scored": 1}, "geometry": {"type": "Polygon", "coordinates": [[[-96.0238, 41.3357], [-96.0047, 41.3358], [-96.0046, 41.3176], [-96.0208, 41.3181], [-96.0238, 41.3194], [-96.0238, 41.3357]]]}}, {"type": "Feature", "properties": {"fips": "31055000400", "gap_national": 74.9, "gap_stratum": 76.7, "burden": 83.8, "capacity": 20.2, "svi": 0.81, "top_decile_gap": 1.0, "stratum": "metropolitan", "scored": 1}, "geometry": {"type": "Polygon", "coordinates": [[[-95.9456, 41.3246], [-95.9394, 41.329], [-95.9269, 41.3228], [-95.9277, 41.305], [-95.9319, 41.3035], [-95.9323, 41.2997], [-95.9421, 41.2996], [-95.9456, 41.3246]]]}}, {"type": "Feature", "properties": {"fips": "31055003000", "gap_national": 43.0, "gap_stratum": 50.5, "burden": 48.4, "capacity": 11.1, "svi": 0.79, "top_decile_gap": 0.0, "stratum": "metropolitan", "scored": 1}, "geometry": {"type": "Polygon", "coordinates": [[[-95.9818, 41.1944], [-95.977, 41.1945], [-95.9771, 41.2056], [-95.9671, 41.2123], [-95.9674, 41.1981], [-95.9577, 41.1976], [-95.9577, 41.1909], [-95.9819, 41.1913], [-95.9818, 41.1944]]]}}, {"type": "Feature", "properties": {"fips": "31055004700", "gap_national": -33.7, "gap_stratum": -35.2, "burden": 9.0, "capacity": 43.0, "svi": 0.03, "top_decile_gap": 0.0, "stratum": "metropolitan", "scored": 1}, "geometry": {"type": "Polygon", "coordinates": [[[-96.0191, 41.2596], [-96.0191, 41.2633], [-96.0143, 41.2678], [-96.0058, 41.265], [-96.0019, 41.2705], [-95.9951, 41.2705], [-95.9951, 41.2597], [-96.0049, 41.2596], [-96.005, 41.2566], [-96.0146, 41.2558], [-96.0239, 41.256], [-96.0239, 41.2596], [-96.0191, 41.2596]]]}}, {"type": "Feature", "properties": {"fips": "31055005902", "gap_national": 66.5, "gap_stratum": 67.7, "burden": 84.0, "capacity": 29.0, "svi": 0.96, "top_decile_gap": 1.0, "stratum": "metropolitan", "scored": 1}, "geometry": {"type": "Polygon", "coordinates": [[[-95.9566, 41.2996], [-95.9566, 41.2887], [-95.9721, 41.2887], [-95.9722, 41.2996], [-95.9566, 41.2996]]]}}, {"type": "Feature", "properties": {"fips": "31055007448", "gap_national": -47.3, "gap_stratum": -39.1, "burden": 45.0, "capacity": 82.7, "svi": 0.16, "top_decile_gap": 0.0, "stratum": "metropolitan", "scored": 1}, "geometry": {"type": "Polygon", "coordinates": [[[-96.1006, 41.2631], [-96.1007, 41.2486], [-96.1196, 41.2486], [-96.1196, 41.2631], [-96.1006, 41.2631]]]}}, {"type": "Feature", "properties": {"fips": "31107976200", "gap_national": 17.0, "gap_stratum": 5.2, "burden": 80.1, "capacity": 62.9, "svi": 0.62, "top_decile_gap": 0.0, "stratum": "rural", "scored": 1}, "geometry": {"type": "Polygon", "coordinates": [[[-98.3098, 42.8826], [-98.28, 42.875], [-98.2583, 42.8744], [-98.2498, 42.8718], [-98.2198, 42.8532], [-98.1898, 42.8416], [-98.1675, 42.8369], [-98.1469, 42.8398], [-98.1379, 42.8327], [-98.129, 42.8212], [-98.1077, 42.8106], [-98.0946, 42.7993], [-98.0674, 42.7848], [-98.0629, 42.7811], [-98.0598, 42.7728], [-98.0475, 42.7683], [-98.0495, 42.7635], [-98.0449, 42.7527], [-98.0513, 42.7455], [-98.0503, 42.7219], [-98.0558, 42.7152], [-98.0579, 42.7059], [-98.0574, 42.7016], [-98.0554, 42.7016], [-98.0515, 42.6957], [-98.042, 42.6924], [-98.0407, 42.688], [-98.0398, 42.6703], [-98.0368, 42.6653], [-98.0406, 42.6625], [-98.0433, 42.6545], [-98.0392, 42.655], [-98.0403, 42.6338], [-98.0299, 42.6329], [-98.0213, 42.6289], [-98.0127, 42.6316], [-98.0083, 42.6297], [-97.9908, 42.6307], [-97.974, 42.6281], [-97.9743, 42.6117], [-97.7991, 42.6116], [-97.7987, 42.5533], [-97.8011, 42.5459], [-97.8011, 42.5392], [-97.7988, 42.5392], [-97.7984, 42.5101], [-97.877, 42.5103], [-97.877, 42.4376], [-98.3055, 42.4369], [-98.3051, 42.7846], [-98.3102, 42.7846], [-98.3098, 42.8826]]]}}, {"type": "Feature", "properties": {"fips": "31141965100", "gap_national": -15.5, "gap_stratum": -46.0, "burden": 52.6, "capacity": 63.6, "svi": 0.12, "top_decile_gap": 0.0, "stratum": "rural", "scored": 1}, "geometry": {"type": "Polygon", "coordinates": [[[-97.8305, 41.7422], [-97.2524, 41.7431], [-97.2526, 41.5547], [-97.4844, 41.5551], [-97.4845, 41.5841], [-97.6001, 41.584], [-97.6, 41.5696], [-97.7154, 41.5694], [-97.7142, 41.5268], [-97.8298, 41.5262], [-97.8305, 41.7422]]]}}, {"type": "Feature", "properties": {"fips": "31109001003", "gap_national": 3.4, "gap_stratum": 6.3, "burden": 26.8, "capacity": 27.2, "svi": 0.59, "top_decile_gap": 0.0, "stratum": "metropolitan", "scored": 1}, "geometry": {"type": "Polygon", "coordinates": [[[-96.6304, 40.8279], [-96.6305, 40.827], [-96.6353, 40.8207], [-96.6537, 40.8207], [-96.6537, 40.828], [-96.6304, 40.8279]]]}}, {"type": "Feature", "properties": {"fips": "31007954000", "gap_national": -4.5, "gap_stratum": -35.9, "burden": 67.2, "capacity": 67.9, "svi": 0.18, "top_decile_gap": 0.0, "stratum": "rural", "scored": 1}, "geometry": {"type": "Polygon", "coordinates": [[[-104.0528, 41.6978], [-103.3704, 41.6992], [-103.3672, 41.5159], [-103.3705, 41.3947], [-104.0523, 41.3932], [-104.0528, 41.6978]]]}}, {"type": "Feature", "properties": {"fips": "31169963200", "gap_national": 11.8, "gap_stratum": -5.6, "burden": 77.4, "capacity": 64.5, "svi": 0.44, "top_decile_gap": 0.0, "stratum": "rural", "scored": 1}, "geometry": {"type": "Polygon", "coordinates": [[[-97.6707, 40.1035], [-97.652, 40.1034], [-97.6516, 40.2346], [-97.5947, 40.2346], [-97.5948, 40.22], [-97.5392, 40.2198], [-97.5388, 40.2052], [-97.4259, 40.2052], [-97.4259, 40.2197], [-97.3879, 40.2197], [-97.388, 40.2108], [-97.374, 40.2125], [-97.3736, 40.2159], [-97.3687, 40.2161], [-97.3692, 40.0021], [-97.6707, 40.002], [-97.6707, 40.1035]]]}}]}