{"type": "FeatureCollection", "features": [{"type": "Feature", "properties": {"fips": "35007950500", "gap_national": 49.2, "gap_stratum": 24.9, "burden": 70.1, "capacity": 31.5, "svi": 0.65, "top_decile_gap": 0.0, "stratum": "small_town", "scored": 1}, "geometry": {"type": "Polygon", "coordinates": [[[-104.5049, 36.7524], [-104.4595, 36.7898], [-104.4485, 36.8053], [-104.4435, 36.818], [-104.4444, 36.8271], [-104.4399, 36.8684], [-104.4402, 36.8892], [-104.4425, 36.8941], [-104.4396, 36.9079], [-104.4589, 36.9319], [-104.4658, 36.9365], [-104.475, 36.9545], [-104.4754, 36.9626], [-104.4842, 36.9867], [-104.4806, 36.9937], [-104.0079, 36.9962], [-104.0088, 36.5673], [-104.0951, 36.5661], [-104.1066, 36.5733], [-104.1106, 36.583], [-104.1163, 36.5887], [-104.1224, 36.5885], [-104.1416, 36.5706], [-104.1444, 36.5621], [-104.1558, 36.5504], [-104.1562, 36.5424], [-104.1753, 36.5394], [-104.1832, 36.5406], [-104.1924, 36.5318], [-104.1973, 36.5191], [-104.2135, 36.5033], [-104.2152, 36.4971], [-104.206, 36.4841], [-104.2055, 36.4799], [-104.2195, 36.4801], [-104.2232, 36.4846], [-104.2306, 36.4865], [-104.2685, 36.4871], [-104.271, 36.502], [-104.277, 36.5096], [-104.2817, 36.5108], [-104.2845, 36.5183], [-104.2938, 36.5196], [-104.3117, 36.5158], [-104.3408, 36.5161], [-104.3492, 36.5231], [-104.3778, 36.5241], [-104.4978, 36.5231], [-104.51, 36.5337], [-104.5316, 36.5339], [-104.5368, 36.5371], [-104.531, 36.5431], [-104.5296, 36.553], [-104.5326, 36.5576], [-104.5242, 36.5595], [-104.5255, 36.5653], [-104.5228, 36.5689], [-104.5242, 36.5742], [-104.5303, 36.578], [-104.532, 36.5876], [-104.5235, 36.5911], [-104.522, 36.5984], [-104.5176, 36.5986], [-104.5087, 36.6071], [-104.5115, 36.6096], [-104.5095, 36.6125], [-104.5109, 36.6219], [-104.5085, 36.623], [-104.5078, 36.62], [-104.5051, 36.6204], [-104.5061, 36.6234], [-104.4916, 36.636], [-104.4913, 36.6434], [-104.4865, 36.6545], [-104.4909, 36.6596], [-104.4866, 36.6628], [-104.4915, 36.665], [-104.4937, 36.6691], [-104.4889, 36.6748], [-104.4874, 36.6727], [-104.4843, 36.6737], [-104.4824, 36.6874], [-104.4848, 36.6885], [-104.4845, 36.6934], [-104.4939, 36.6951], [-104.5, 36.7029], [-104.5064, 36.7011], [-104.513, 36.7047], [-104.5191, 36.7128], [-104.5251, 36.7162], [-104.5342, 36.7135], [-104.5384, 36.7168], [-104.5049, 36.7524]]]}}, {"type": "Feature", "properties": {"fips": "35013000800", "gap_national": 40.4, "gap_stratum": 47.6, "burden": 42.4, "capacity": 4.4, "svi": 0.62, "top_decile_gap": 0.0, "stratum": "metropolitan", "scored": 1}, "geometry": {"type": "Polygon", "coordinates": [[[-106.7425, 32.2988], [-106.7387, 32.2871], [-106.7475, 32.2859], [-106.7502, 32.2909], [-106.7554, 32.2898], [-106.7593, 32.2952], [-106.7425, 32.2988]]]}}, {"type": "Feature", "properties": {"fips": "35013000104", "gap_national": 47.8, "gap_stratum": 52.5, "burden": 68.1, "capacity": 30.7, "svi": 0.67, "top_decile_gap": 0.0, "stratum": "metropolitan", "scored": 1}, "geometry": {"type": "Polygon", "coordinates": [[[-106.7865, 32.3641], [-106.7879, 32.3661], [-106.786, 32.3675], [-106.7698, 32.3481], [-106.781, 32.3358], [-106.7847, 32.3399], [-106.7832, 32.3432], [-106.788, 32.3482], [-106.7861, 32.3494], [-106.7922, 32.3599], [-106.7865, 32.3641]]]}}, {"type": "Feature", "properties": {"fips": "35017964200", "gap_national": 10.8, "gap_stratum": -10.7, "burden": 68.2, "capacity": 58.4, "svi": 0.57, "top_decile_gap": 0.0, "stratum": "rural", "scored": 1}, "geometry": {"type": "Polygon", "coordinates": [[[-109.0472, 33.2089], [-108.6595, 33.2093], [-108.6611, 33.2027], [-108.6673, 33.1954], [-108.6708, 33.184], [-108.6692, 33.1812], [-108.6583, 33.1723], [-108.6517, 33.1716], [-108.642, 33.1539], [-108.6422, 33.1491], [-108.6325, 33.1421], [-108.6261, 33.1317], [-108.611, 33.1177], [-108.596, 33.1129], [-108.5927, 33.115], [-108.5863, 33.1135], [-108.5817, 33.1103], [-108.576, 33.0986], [-108.572, 33.0712], [-108.5674, 33.0654], [-108.5471, 33.0469], [-108.5322, 33.0435], [-108.5301, 33.046], [-108.5282, 33.0434], [-108.536, 33.0358], [-108.5348, 33.0254], [-108.5386, 33.0244], [-108.5434, 33.0176], [-108.5582, 33.0061], [-108.5798, 32.9761], [-108.5964, 32.9596], [-108.6039, 32.9557], [-108.602, 32.9553], [-108.6014, 32.9453], [-108.5974, 32.9453], [-108.5918, 32.9498], [-108.5929, 32.943], [-108.5782, 32.9458], [-108.5741, 32.9393], [-108.5735, 32.9279], [-108.5674, 32.9254], [-108.5644, 32.9202], [-108.5654, 32.9129], [-108.5585, 32.9114], [-108.5324, 32.8911], [-108.5246, 32.8874], [-108.5194, 32.8778], [-108.5177, 32.8486], [-108.5052, 32.8363], [-108.5, 32.8213], [-108.4879, 32.809], [-108.4822, 32.7922], [-108.4761, 32.7833], [-108.4439, 32.7754], [-108.4309, 32.7684], [-108.4183, 32.7695], [-108.3966, 32.7665], [-108.3823, 32.7621], [-108.372, 32.7559], [-108.35, 32.7568], [-108.3373, 32.7507], [-108.3201, 32.7575], [-108.3194, 32.7531], [-108.305, 32.7397], [-108.3078, 32.7317], [-108.2972, 32.7191], [-108.2967, 32.7096], [-108.3082, 32.6997], [-108.3182, 32.6846], [-108.338, 32.6732], [-108.3402, 32.6621], [-108.3385, 32.6561], [-108.3416, 32.6516], [-108.3449, 32.6296], [-108.3422, 32.6099], [-108.3449, 32.5907], [-108.3582, 32.5713], [-108.3607, 32.5616], [-108.3691, 32.5534], [-108.3745, 32.5514], [-108.4253, 32.5464], [-108.4476, 32.5263], [-108.4521, 32.5168], [-108.464, 32.503], [-108.4809, 32.4924], [-108.4869, 32.491], [-108.523, 32.4951], [-108.537, 32.4941], [-108.537, 32.5166], [-108.6468, 32.5165], [-108.6465, 32.6037], [-108.8529, 32.6034], [-108.8546, 32.7773], [-109.0471, 32.7778], [-109.0472, 33.2089]]]}}, {"type": "Feature", "properties": {"fips": "35017964800", "gap_national": 42.7, "gap_stratum": 29.6, "burden": 73.2, "capacity": 39.8, "svi": 0.71, "top_decile_gap": 0.0, "stratum": "micropolitan", "scored": 1}, "geometry": {"type": "Polygon", "coordinates": [[[-108.537, 32.4941], [-108.523, 32.4951], [-108.4839, 32.4912], [-108.4652, 32.5018], [-108.4521, 32.5168], [-108.4476, 32.5263], [-108.4253, 32.5464], [-108.3801, 32.5504], [-108.3661, 32.5558], [-108.3607, 32.5616], [-108.3582, 32.5713], [-108.3449, 32.5907], [-108.3422, 32.6099], [-108.3449, 32.6296], [-108.3416, 32.6516], [-108.3385, 32.6561], [-108.3402, 32.6621], [-108.3386, 32.6715], [-108.327, 32.6809], [-108.3182, 32.6846], [-108.3082, 32.6997], [-108.2974, 32.7084], [-108.2963, 32.7391], [-108.282, 32.7304], [-108.2796, 32.7217], [-108.2774, 32.7211], [-108.2783, 32.7179], [-108.2715, 32.7111], [-108.2685, 32.6983], [-108.258, 32.6929], [-108.2567, 32.6872], [-108.242, 32.6812], [-108.2226, 32.6536], [-108.2183, 32.6565], [-108.2194, 32.6595], [-108.2168, 32.661], [-108.2197, 32.6685], [-108.215, 32.6786], [-108.2178, 32.68], [-108.2161, 32.6821], [-108.2181, 32.6835], [-108.2153, 32.6897], [-108.2175, 32.6909], [-108.2184, 32.7004], [-108.2141, 32.7115], [-108.21, 32.7138], [-108.2047, 32.7239], [-108.1963, 32.7278], [-108.1913, 32.7275], [-108.1855, 32.7471], [-108.1779, 32.7615], [-108.1736, 32.7587], [-108.1663, 32.7466], [-108.1684, 32.7356], [-108.164, 32.7239], [-108.1568, 32.724], [-108.1521, 32.7267], [-108.1541, 32.7416], [-108.149, 32.7499], [-108.1348, 32.75], [-108.1334, 32.7464], [-108.1357, 32.7081], [-108.1254, 32.7057], [-108.1188, 32.7068], [-108.1154, 32.7016], [-108.1036, 32.6662], [-108.1071, 32.656], [-108.103, 32.6532], [-108.1022, 32.6478], [-108.0937, 32.6342], [-108.0846, 32.628], [-108.081, 32.6215], [-108.0864, 32.6148], [-108.0828, 32.6097], [-108.0853, 32.5973], [-108.0009, 32.5171], [-108.2293, 32.5168], [-108.23, 32.0799], [-108.217, 32.0799], [-108.2171, 31.8641], [-108.5245, 31.8636], [-108.5246, 32.0798], [-108.5377, 32.0798], [-108.537, 32.4941]]]}}, {"type": "Feature", "properties": {"fips": "35009000202", "gap_national": 68.7, "gap_stratum": 47.3, "burden": 68.3, "capacity": 7.8, "svi": 0.92, "top_decile_gap": 1.0, "stratum": "micropolitan", "scored": 1}, "geometry": {"type": "Polygon", "coordinates": [[[-103.2141, 34.4193], [-103.2142, 34.412], [-103.2105, 34.412], [-103.2105, 34.4068], [-103.2293, 34.4065], [-103.2317, 34.4083], [-103.2318, 34.4193], [-103.2141, 34.4193]]]}}, {"type": "Feature", "properties": {"fips": "35029000300", "gap_national": 52.5, "gap_stratum": 42.1, "burden": 76.5, "capacity": 34.8, "svi": 0.93, "top_decile_gap": 0.0, "stratum": "micropolitan", "scored": 1}, "geometry": {"type": "Polygon", "coordinates": [[[-107.7737, 32.2633], [-107.7581, 32.2646], [-107.7577, 32.2625], [-107.7516, 32.2614], [-107.7516, 32.2571], [-107.76, 32.2571], [-107.76, 32.2541], [-107.7828, 32.2545], [-107.7737, 32.2633]]]}}, {"type": "Feature", "properties": {"fips": "35001003400", "gap_national": 69.4, "gap_stratum": 76.2, "burden": 67.4, "capacity": 4.8, "svi": 0.96, "top_decile_gap": 1.0, "stratum": "metropolitan", "scored": 1}, "geometry": {"type": "Polygon", "coordinates": [[[-106.6189, 35.1268], [-106.6096, 35.1327], [-106.6041, 35.131], [-106.6042, 35.1052], [-106.6149, 35.1076], [-106.6292, 35.1055], [-106.6189, 35.1268]]]}}, {"type": "Feature", "properties": {"fips": "35001000712", "gap_national": 61.4, "gap_stratum": 68.1, "burden": 64.4, "capacity": 11.5, "svi": 0.61, "top_decile_gap": 1.0, "stratum": "metropolitan", "scored": 1}, "geometry": {"type": "Polygon", "coordinates": [[[-106.5062, 35.0865], [-106.4971, 35.0863], [-106.4967, 35.0695], [-106.5064, 35.074], [-106.5062, 35.0865]]]}}, {"type": "Feature", "properties": {"fips": "35001000206", "gap_national": 41.2, "gap_stratum": 47.0, "burden": 60.7, "capacity": 28.7, "svi": 0.47, "top_decile_gap": 0.0, "stratum": "metropolitan", "scored": 1}, "geometry": {"type": "Polygon", "coordinates": [[[-106.5805, 35.1252], [-106.5688, 35.1235], [-106.5689, 35.1164], [-106.5864, 35.1165], [-106.5864, 35.1233], [-106.5805, 35.1252]]]}}, {"type": "Feature", "properties": {"fips": "35001004749", "gap_national": 71.9, "gap_stratum": 77.6, "burden": 71.2, "capacity": 8.3, "svi": 0.91, "top_decile_gap": 1.0, "stratum": "metropolitan", "scored": 1}, "geometry": {"type": "Polygon", "coordinates": [[[-106.7076, 35.1185], [-106.7101, 35.1262], [-106.7015, 35.128], [-106.7021, 35.1124], [-106.7146, 35.113], [-106.7076, 35.1185]]]}}, {"type": "Feature", "properties": {"fips": "35001000126", "gap_national": 23.9, "gap_stratum": 29.6, "burden": 47.0, "capacity": 30.0, "svi": 0.26, "top_decile_gap": 0.0, "stratum": "metropolitan", "scored": 1}, "geometry": {"type": "Polygon", "coordinates": [[[-106.4973, 35.1009], [-106.4976, 35.0948], [-106.5153, 35.0936], [-106.5154, 35.1015], [-106.4973, 35.1009]]]}}, {"type": "Feature", "properties": {"fips": "35001004713", "gap_national": 43.3, "gap_stratum": 50.8, "burden": 45.7, "capacity": 6.1, "svi": 0.72, "top_decile_gap": 0.0, "stratum": "metropolitan", "scored": 1}, "geometry": {"type": "Polygon", "coordinates": [[[-106.7406, 35.0557], [-106.7373, 35.0433], [-106.7563, 35.04], [-106.7601, 35.0554], [-106.7406, 35.0557]]]}}, {"type": "Feature", "properties": {"fips": "35001000116", "gap_national": -10.9, "gap_stratum": -8.5, "burden": 30.2, "capacity": 42.7, "svi": 0.16, "top_decile_gap": 0.0, "stratum": "metropolitan", "scored": 1}, "geometry": {"type": "Polygon", "coordinates": [[[-106.4974, 35.1093], [-106.4973, 35.1009], [-106.5154, 35.1015], [-106.5156, 35.1089], [-106.4974, 35.1093]]]}}, {"type": "Feature", "properties": {"fips": "35001003737", "gap_national": -45.0, "gap_stratum": -43.7, "burden": 20.8, "capacity": 58.8, "svi": 0.21, "top_decile_gap": 0.0, "stratum": "metropolitan", "scored": 1}, "geometry": {"type": "Polygon", "coordinates": [[[-106.5069, 35.1451], [-106.5069, 35.1523], [-106.4971, 35.1524], [-106.4979, 35.1407], [-106.5158, 35.1377], [-106.5174, 35.1419], [-106.5069, 35.1451]]]}}, {"type": "Feature", "properties": {"fips": "35025000600", "gap_national": 27.3, "gap_stratum": 3.2, "burden": 37.6, "capacity": 15.1, "svi": 0.8, "top_decile_gap": 0.0, "stratum": "micropolitan", "scored": 1}, "geometry": {"type": "Polygon", "coordinates": [[[-103.1792, 32.7257], [-103.1793, 32.7532], [-103.1742, 32.7537], [-103.1467, 32.7258], [-103.1276, 32.7258], [-103.1276, 32.7112], [-103.1871, 32.7115], [-103.1878, 32.7257], [-103.1792, 32.7257]]]}}, {"type": "Feature", "properties": {"fips": "35049000600", "gap_national": -33.2, "gap_stratum": -28.6, "burden": 35.2, "capacity": 61.9, "svi": 0.17, "top_decile_gap": 0.0, "stratum": "metropolitan", "scored": 1}, "geometry": {"type": "Polygon", "coordinates": [[[-105.9461, 35.6816], [-105.9381, 35.6816], [-105.9358, 35.6706], [-105.9403, 35.6697], [-105.9582, 35.675], [-105.9461, 35.6816]]]}}, {"type": "Feature", "properties": {"fips": "35015000100", "gap_national": 35.5, "gap_stratum": 8.8, "burden": 39.8, "capacity": 7.9, "svi": 0.72, "top_decile_gap": 0.0, "stratum": "micropolitan", "scored": 1}, "geometry": {"type": "Polygon", "coordinates": [[[-104.2288, 32.4286], [-104.2288, 32.4392], [-104.2224, 32.4356], [-104.2185, 32.4287], [-104.2243, 32.4179], [-104.2233, 32.4121], [-104.221, 32.4113], [-104.2289, 32.4094], [-104.2317, 32.4107], [-104.2288, 32.4286]]]}}, {"type": "Feature", "properties": {"fips": "35043940900", "gap_national": 93.4, "gap_stratum": 93.0, "burden": 96.5, "capacity": 10.6, "svi": 0.91, "top_decile_gap": 1.0, "stratum": "metropolitan", "scored": 1}, "geometry": {"type": "Polygon", "coordinates": [[[-107.6243, 36.2198], [-107.4111, 36.218], [-107.3046, 36.2146], [-107.254, 36.2166], [-106.9924, 36.2166], [-106.9923, 36.0859], [-107.1997, 36.0861], [-107.1997, 36.0836], [-107.2135, 36.0839], [-107.2128, 36.0776], [-107.2025, 36.0598], [-107.2132, 36.0486], [-107.2137, 36.035], [-107.2214, 36.0181], [-107.2191, 36.0118], [-107.2092, 36.0056], [-107.2043, 36.0049], [-107.1998, 36.0074], [-107.1862, 35.9966], [-107.1847, 35.9853], [-107.1875, 35.9789], [-107.1848, 35.9759], [-107.1893, 35.9705], [-107.1846, 35.9667], [-107.1816, 35.9564], [-107.0918, 35.9564], [-107.0953, 35.9516], [-107.0954, 35.9393], [-107.0987, 35.9321], [-107.1206, 35.9221], [-107.1308, 35.9079], [-107.1259, 35.9069], [-107.1248, 35.9018], [-107.1162, 35.8976], [-107.1046, 35.8769], [-107.101, 35.8607], [-107.087, 35.8409], [-107.0948, 35.8219], [-107.0999, 35.8164], [-107.0958, 35.7971], [-107.0981, 35.7925], [-107.0955, 35.7857], [-107.098, 35.7804], [-107.1091, 35.7699], [-107.1245, 35.7619], [-107.1318, 35.7522], [-107.1397, 35.7476], [-107.1397, 35.7424], [-107.1456, 35.7376], [-107.154, 35.7213], [-107.159, 35.7173], [-107.1622, 35.7189], [-107.167, 35.7171], [-107.1797, 35.7061], [-107.1887, 35.7055], [-107.1885, 35.6969], [-107.202, 35.6967], [-107.202, 35.7041], [-107.2064, 35.704], [-107.2081, 35.7011], [-107.2185, 35.6999], [-107.2204, 35.6932], [-107.2242, 35.6905], [-107.2284, 35.692], [-107.232, 35.6883], [-107.2471, 35.6913], [-107.2503, 35.6864], [-107.2583, 35.6843], [-107.2546, 35.6734], [-107.2474, 35.6734], [-107.245, 35.6708], [-107.2379, 35.6695], [-107.2376, 35.6646], [-107.2461, 35.666], [-107.255, 35.6623], [-107.2521, 35.6613], [-107.2526, 35.6531], [-107.2482, 35.6531], [-107.2491, 35.6494], [-107.238, 35.6412], [-107.2351, 35.6276], [-107.2376, 35.6259], [-107.2384, 35.628], [-107.2419, 35.6261], [-107.2458, 35.6343], [-107.2539, 35.633], [-107.2586, 35.6383], [-107.2582, 35.635], [-107.2629, 35.6364], [-107.2645, 35.6345], [-107.2654, 35.6405], [-107.2696, 35.6413], [-107.2698, 35.6387], [-107.2735, 35.6411], [-107.2719, 35.6446], [-107.2794, 35.6429], [-107.286, 35.648], [-107.2896, 35.6462], [-107.2895, 35.6489], [-107.294, 35.648], [-107.2957, 35.6503], [-107.3067, 35.647], [-107.3037, 35.6532], [-107.3084, 35.6547], [-107.3087, 35.9986], [-107.6265, 36.0003], [-107.6243, 36.2198]]]}}, {"type": "Feature", "properties": {"fips": "35043011200", "gap_national": 5.9, "gap_stratum": 11.2, "burden": 52.6, "capacity": 49.3, "svi": 0.54, "top_decile_gap": 0.0, "stratum": "metropolitan", "scored": 1}, "geometry": {"type": "Polygon", "coordinates": [[[-106.9968, 35.7305], [-106.9996, 35.7373], [-106.9976, 35.7397], [-106.9936, 35.7397], [-106.9949, 35.75], [-106.9907, 35.7785], [-106.9873, 35.7789], [-106.9864, 35.787], [-106.9893, 35.7881], [-106.9867, 35.7945], [-106.9877, 35.8003], [-106.9861, 35.7998], [-106.9793, 35.8148], [-106.9744, 35.8188], [-106.8659, 35.8193], [-106.8619, 35.8392], [-106.8555, 35.8446], [-106.8526, 35.8575], [-106.8403, 35.87], [-106.8315, 35.8849], [-106.8223, 35.8847], [-106.8196, 35.8876], [-106.8219, 35.8884], [-106.8197, 35.8901], [-106.8213, 35.8925], [-106.8242, 35.8932], [-106.8203, 35.893], [-106.8062, 35.8883], [-106.8054, 35.8853], [-106.8035, 35.8865], [-106.8051, 35.8953], [-106.8015, 35.8951], [-106.8003, 35.9013], [-106.801, 35.9068], [-106.804, 35.9075], [-106.8047, 35.9116], [-106.8, 35.919], [-106.7921, 35.9238], [-106.7909, 35.9333], [-106.7862, 35.9408], [-106.7857, 35.9645], [-106.7881, 35.9668], [-106.7849, 35.9797], [-106.7899, 35.9825], [-106.7889, 35.9857], [-106.7918, 35.9864], [-106.7945, 35.9926], [-106.803, 35.9965], [-106.8199, 35.9946], [-106.8326, 35.9987], [-106.2472, 36.0014], [-106.2482, 35.9663], [-106.2642, 35.9655], [-106.2642, 35.9728], [-106.3004, 35.9734], [-106.3002, 35.9584], [-106.3168, 35.9585], [-106.3154, 35.9524], [-106.3861, 35.9527], [-106.3858, 35.9599], [-106.3995, 35.9601], [-106.3996, 35.8282], [-106.4053, 35.8346], [-106.403, 35.8434], [-106.4093, 35.8509], [-106.4128, 35.8529], [-106.4146, 35.849], [-106.4214, 35.8476], [-106.428, 35.8538], [-106.4371, 35.8533], [-106.4651, 35.8484], [-106.4795, 35.84], [-106.4878, 35.8307], [-106.4968, 35.828], [-106.5031, 35.8219], [-106.5198, 35.815], [-106.5283, 35.8135], [-106.5515, 35.8169], [-106.56, 35.8138], [-106.5595, 35.8102], [-106.5623, 35.8079], [-106.558, 35.8024], [-106.5545, 35.8003], [-106.5444, 35.8011], [-106.5326, 35.7914], [-106.5357, 35.7875], [-106.5395, 35.7678], [-106.5477, 35.7633], [-106.5603, 35.7454], [-106.5686, 35.7462], [-106.5785, 35.7404], [-106.5849, 35.7317], [-106.597, 35.7309], [-106.616, 35.722], [-106.6192, 35.7164], [-106.627, 35.7115], [-106.6286, 35.7034], [-106.6428, 35.6952], [-106.6473, 35.6884], [-106.6534, 35.6868], [-106.6694, 35.6558], [-106.6777, 35.6474], [-106.679, 35.6386], [-106.6801, 35.65], [-106.8498, 35.6499], [-106.8497, 35.6532], [-106.8583, 35.6531], [-106.858, 35.5755], [-106.7074, 35.5749], [-106.6439, 35.5532], [-106.6528, 35.554], [-106.6725, 35.5406], [-106.6646, 35.5386], [-106.6675, 35.5377], [-106.6673, 35.4977], [-106.6734, 35.4977], [-106.6727, 35.3921], [-106.7251, 35.3932], [-106.7394, 35.4107], [-106.7548, 35.4079], [-106.7609, 35.4033], [-106.7732, 35.4042], [-106.7859, 35.4001], [-106.7961, 35.4025], [-106.8084, 35.4001], [-106.8149, 35.4064], [-106.8332, 35.4066], [-106.8331, 35.45], [-106.8154, 35.4498], [-106.8157, 35.4645], [-106.7977, 35.4646], [-106.7962, 35.4936], [-106.7782, 35.4937], [-106.7783, 35.5155], [-106.7698, 35.5156], [-106.7698, 35.5228], [-106.7787, 35.5225], [-106.7853, 35.536], [-106.7854, 35.5408], [-106.7818, 35.5449], [-106.7864, 35.5483], [-106.8, 35.5442], [-106.8107, 35.5507], [-106.8177, 35.5517], [-106.8265, 35.5405], [-106.8335, 35.5389], [-106.8527, 35.5465], [-106.8544, 35.5504], [-106.858, 35.5483], [-106.9558, 35.5488], [-106.9551, 35.566], [-106.965, 35.5659], [-106.965, 35.6099], [-106.9561, 35.6099], [-106.9553, 35.7115], [-106.9915, 35.711], [-106.9914, 35.7255], [-107.0012, 35.7263], [-106.9968, 35.7305]]]}}, {"type": "Feature", "properties": {"fips": "35053978200", "gap_national": 35.6, "gap_stratum": 23.3, "burden": 73.5, "capacity": 45.6, "svi": 0.31, "top_decile_gap": 0.0, "stratum": "rural", "scored": 1}, "geometry": {"type": "Polygon", "coordinates": [[[-107.7163, 34.2469], [-107.7121, 34.2552], [-107.6718, 34.272], [-107.6136, 34.2302], [-107.5901, 34.1999], [-107.5803, 34.2055], [-107.5542, 34.2076], [-107.5142, 34.2002], [-107.4997, 34.212], [-107.4952, 34.2201], [-107.4883, 34.2209], [-107.4845, 34.2306], [-107.4781, 34.2377], [-107.4647, 34.2329], [-107.4475, 34.2327], [-107.4364, 34.2512], [-107.4371, 34.2546], [-107.4317, 34.2588], [-107.4346, 34.2639], [-107.433, 34.2662], [-107.4256, 34.2582], [-107.4151, 34.2524], [-107.4159, 34.2691], [-107.4095, 34.2719], [-107.4089, 34.2766], [-107.4043, 34.2807], [-107.3992, 34.2826], [-107.3909, 34.2783], [-107.3828, 34.2777], [-107.382, 34.2846], [-107.3848, 34.2851], [-107.3752, 34.2907], [-107.3759, 34.3098], [-107.3735, 34.312], [-107.38, 34.3242], [-107.3752, 34.3316], [-107.3728, 34.3447], [-107.3792, 34.3688], [-107.3789, 34.3761], [-107.3676, 34.3709], [-107.3515, 34.3869], [-107.3494, 34.3935], [-107.3522, 34.4008], [-107.3437, 34.4059], [-107.3405, 34.4121], [-107.3467, 34.4287], [-107.3596, 34.4449], [-107.3729, 34.4444], [-107.3773, 34.4468], [-107.3901, 34.443], [-107.3933, 34.4483], [-107.3933, 34.4721], [-107.397, 34.4847], [-107.39, 34.4854], [-107.3839, 34.496], [-107.3936, 34.5069], [-107.3864, 34.5237], [-107.3807, 34.5243], [-107.3792, 34.529], [-107.3805, 34.5396], [-107.3885, 34.562], [-107.3934, 34.5669], [-107.3938, 34.5796], [-106.8827, 34.5795], [-106.7978, 34.5438], [-106.8321, 34.4282], [-106.8526, 34.3996], [-106.8742, 34.3606], [-106.8796, 34.3306], [-106.9237, 34.2124], [-106.9247, 34.1911], [-106.919, 34.1625], [-106.8994, 34.0981], [-106.9073, 34.098], [-106.9279, 34.1075], [-106.9445, 34.1094], [-106.9708, 34.1064], [-106.984, 34.099], [-106.9913, 34.0846], [-106.9986, 34.0854], [-107.0202, 34.0803], [-107.0228, 34.0706], [-107.0282, 34.0656], [-107.0353, 34.0608], [-107.0536, 34.0545], [-107.0571, 34.051], [-107.0372, 34.0177], [-107.025, 34.017], [-107.0092, 34.0198], [-106.9914, 34.0074], [-106.9764, 34.0046], [-106.9722, 34.0], [-106.9697, 33.9843], [-106.9643, 33.9825], [-106.9608, 33.9793], [-106.9595, 33.9736], [-106.9361, 33.9552], [-106.935, 33.9532], [-106.9447, 33.9479], [-106.934, 33.9429], [-106.9315, 33.9393], [-106.9165, 33.9343], [-106.9063, 33.9368], [-106.9, 33.945], [-106.8926, 33.9491], [-106.8847, 33.9499], [-106.879, 33.9185], [-106.9287, 33.8239], [-107.0176, 33.7313], [-107.0882, 33.6636], [-107.1495, 33.6114], [-107.2205, 33.478], [-107.7128, 33.4768], [-107.7114, 33.8256], [-107.7158, 33.8256], [-107.7163, 34.2469]]]}}, {"type": "Feature", "properties": {"fips": "35045943000", "gap_national": 85.6, "gap_stratum": 85.1, "burden": 93.4, "capacity": 17.2, "svi": 0.89, "top_decile_gap": 1.0, "stratum": "metropolitan", "scored": 1}, "geometry": {"type": "Polygon", "coordinates": [[[-108.6419, 36.7779], [-108.636, 36.7761], [-108.6329, 36.7697], [-108.6189, 36.7709], [-108.6114, 36.7667], [-108.6036, 36.7665], [-108.601, 36.7558], [-108.5949, 36.7549], [-108.5914, 36.7517], [-108.5799, 36.7533], [-108.5739, 36.7515], [-108.5724, 36.745], [-108.5551, 36.7389], [-108.55, 36.7439], [-108.5352, 36.7466], [-108.5239, 36.7456], [-108.5034, 36.754], [-108.4924, 36.7554], [-108.4803, 36.7485], [-108.4672, 36.7468], [-108.4594, 36.7421], [-108.4393, 36.7411], [-108.4284, 36.7476], [-108.4242, 36.7465], [-108.4161, 36.7509], [-108.3977, 36.7342], [-108.3949, 36.7271], [-108.3901, 36.725], [-108.3746, 36.7312], [-108.3633, 36.7267], [-108.3491, 36.73], [-108.3404, 36.7237], [-108.3278, 36.7205], [-108.3172, 36.7244], [-108.3079, 36.7207], [-108.2986, 36.7225], [-108.2956, 36.7272], [-108.2861, 36.7308], [-108.2828, 36.7316], [-108.2783, 36.7281], [-108.2664, 36.7301], [-108.2564, 36.7368], [-108.2521, 36.7356], [-108.253, 36.6758], [-108.2702, 36.674], [-108.2718, 36.1647], [-108.2742, 36.1684], [-108.2933, 36.1804], [-108.2966, 36.1851], [-108.2955, 36.1907], [-108.2976, 36.1934], [-108.332, 36.204], [-108.3452, 36.1864], [-108.3545, 36.1875], [-108.3612, 36.1931], [-108.3768, 36.1965], [-108.3936, 36.1799], [-108.4072, 36.1838], [-108.4225, 36.1781], [-108.4354, 36.1784], [-108.4398, 36.1835], [-108.4442, 36.1958], [-108.4665, 36.1932], [-108.471, 36.1871], [-108.469, 36.1762], [-108.4716, 36.1716], [-108.4894, 36.168], [-108.492, 36.1695], [-108.4928, 36.1745], [-108.5006, 36.1769], [-108.5117, 36.1889], [-108.5193, 36.1887], [-108.5224, 36.1864], [-108.5201, 36.1799], [-108.5214, 36.1782], [-108.5301, 36.1761], [-108.5371, 36.1758], [-108.5477, 36.1842], [-108.5367, 36.2065], [-108.5391, 36.2154], [-108.55, 36.2185], [-108.5537, 36.223], [-108.5543, 36.2277], [-108.5497, 36.239], [-108.5524, 36.2464], [-108.561, 36.2541], [-108.558, 36.2648], [-108.5641, 36.2759], [-108.5608, 36.2854], [-108.5613, 36.2838], [-108.5502, 36.2926], [-108.5414, 36.307], [-108.5519, 36.3292], [-108.5583, 36.3348], [-108.5652, 36.337], [-108.5647, 36.3444], [-108.5695, 36.3497], [-108.5657, 36.3552], [-108.567, 36.3704], [-108.5728, 36.3747], [-108.5867, 36.3755], [-108.5897, 36.3779], [-108.5878, 36.391], [-108.5826, 36.3973], [-108.5856, 36.4021], [-108.5928, 36.406], [-108.5917, 36.4131], [-108.596, 36.4201], [-108.5923, 36.4208], [-108.591, 36.4293], [-108.5775, 36.4376], [-108.5768, 36.4449], [-108.5677, 36.4551], [-108.5702, 36.4607], [-108.5665, 36.4613], [-108.5669, 36.4703], [-108.5614, 36.4747], [-108.5658, 36.4776], [-108.5655, 36.4812], [-108.572, 36.4856], [-108.5735, 36.4909], [-108.5722, 36.4971], [-108.5678, 36.5025], [-108.5682, 36.5059], [-108.5754, 36.5136], [-108.572, 36.5234], [-108.5676, 36.5251], [-108.5668, 36.528], [-108.5727, 36.5322], [-108.5676, 36.5426], [-108.5676, 36.548], [-108.5744, 36.5586], [-108.5656, 36.5708], [-108.5642, 36.578], [-108.5721, 36.5803], [-108.5761, 36.5906], [-108.5721, 36.6029], [-108.5629, 36.6073], [-108.573, 36.6117], [-108.5708, 36.614], [-108.5626, 36.6139], [-108.5631, 36.6213], [-108.5529, 36.624], [-108.5524, 36.6312], [-108.5466, 36.6375], [-108.5293, 36.6421], [-108.5289, 36.644], [-108.5341, 36.647], [-108.5333, 36.6505], [-108.5241, 36.6528], [-108.5283, 36.6547], [-108.5242, 36.6693], [-108.5286, 36.6751], [-108.521, 36.6799], [-108.5252, 36.6828], [-108.5287, 36.682], [-108.525, 36.6929], [-108.5298, 36.6994], [-108.5288, 36.7056], [-108.5323, 36.7064], [-108.5318, 36.711], [-108.5357, 36.7092], [-108.5386, 36.7105], [-108.5378, 36.7174], [-108.5497, 36.7145], [-108.5527, 36.7206], [-108.5572, 36.7225], [-108.5621, 36.7146], [-108.5642, 36.7195], [-108.5784, 36.7213], [-108.5874, 36.7272], [-108.5974, 36.7195], [-108.6092, 36.7223], [-108.6108, 36.7243], [-108.607, 36.7282], [-108.6094, 36.7277], [-108.6037, 36.7344], [-108.6119, 36.736], [-108.6122, 36.7402], [-108.6203, 36.743], [-108.6237, 36.749], [-108.6353, 36.75], [-108.6385, 36.7565], [-108.6309, 36.7552], [-108.63, 36.7577], [-108.6341, 36.7611], [-108.6416, 36.7617], [-108.6434, 36.7646], [-108.6416, 36.7698], [-108.6514, 36.7729], [-108.6419, 36.7779]]]}}, {"type": "Feature", "properties": {"fips": "35045942801", "gap_national": 80.3, "gap_stratum": 83.0, "burden": 92.6, "capacity": 22.4, "svi": 0.87, "top_decile_gap": 1.0, "stratum": "small_town", "scored": 1}, "geometry": {"type": "Polygon", "coordinates": [[[-109.0452, 36.9991], [-108.5364, 36.9993], [-108.5363, 36.8503], [-108.4628, 36.8501], [-108.4627, 36.843], [-108.4585, 36.843], [-108.4584, 36.8398], [-108.4674, 36.8398], [-108.4675, 36.8344], [-108.4764, 36.831], [-108.4763, 36.827], [-108.4811, 36.827], [-108.4811, 36.8243], [-108.4888, 36.8243], [-108.4888, 36.8217], [-108.5368, 36.8217], [-108.5368, 36.8074], [-108.5211, 36.8073], [-108.5211, 36.7928], [-108.5369, 36.7928], [-108.5371, 36.7462], [-108.55, 36.7439], [-108.5551, 36.7389], [-108.5724, 36.745], [-108.5739, 36.7515], [-108.5799, 36.7533], [-108.5914, 36.7517], [-108.5949, 36.7549], [-108.601, 36.7558], [-108.6025, 36.7697], [-108.6085, 36.7723], [-108.6043, 36.7781], [-108.6144, 36.8014], [-108.6342, 36.8061], [-108.6472, 36.8014], [-108.6503, 36.8037], [-108.6893, 36.8105], [-108.6918, 36.8245], [-108.7076, 36.8227], [-108.7151, 36.8236], [-108.7169, 36.8276], [-108.7256, 36.8258], [-108.7319, 36.8286], [-108.7355, 36.8257], [-108.7466, 36.8358], [-108.7433, 36.8282], [-108.7378, 36.8244], [-108.7395, 36.8161], [-108.7284, 36.8091], [-108.7327, 36.7944], [-108.7308, 36.7895], [-108.7283, 36.7891], [-108.7296, 36.7813], [-108.7254, 36.7775], [-108.7284, 36.7589], [-108.7237, 36.7518], [-108.7301, 36.7367], [-108.7063, 36.7308], [-108.7053, 36.7356], [-108.6919, 36.7411], [-108.6846, 36.7467], [-108.6773, 36.7646], [-108.6747, 36.763], [-108.6705, 36.7665], [-108.6659, 36.7657], [-108.6619, 36.7701], [-108.6514, 36.7729], [-108.6416, 36.7698], [-108.6428, 36.7627], [-108.6341, 36.7611], [-108.6296, 36.7565], [-108.6385, 36.7565], [-108.6353, 36.75], [-108.6237, 36.749], [-108.6203, 36.743], [-108.6122, 36.7402], [-108.6119, 36.736], [-108.6037, 36.7344], [-108.6094, 36.7277], [-108.607, 36.7282], [-108.6108, 36.7243], [-108.6092, 36.7223], [-108.5974, 36.7195], [-108.5874, 36.7272], [-108.5784, 36.7213], [-108.5642, 36.7195], [-108.5621, 36.7146], [-108.5572, 36.7225], [-108.5527, 36.7206], [-108.5497, 36.7145], [-108.5378, 36.7174], [-108.5386, 36.7105], [-108.5357, 36.7092], [-108.5318, 36.711], [-108.5323, 36.7064], [-108.5288, 36.7056], [-108.5298, 36.6994], [-108.525, 36.6929], [-108.5287, 36.682], [-108.5252, 36.6828], [-108.521, 36.6799], [-108.5286, 36.6751], [-108.5242, 36.6693], [-108.5283, 36.6547], [-108.5241, 36.6528], [-108.5333, 36.6505], [-108.5341, 36.647], [-108.5289, 36.644], [-108.5293, 36.6421], [-108.5446, 36.6388], [-108.5524, 36.6312], [-108.5529, 36.624], [-108.5631, 36.6213], [-108.5626, 36.6139], [-108.5708, 36.614], [-108.573, 36.6117], [-108.5629, 36.6073], [-108.5731, 36.6011], [-108.5761, 36.5906], [-108.5728, 36.5811], [-108.5794, 36.5717], [-108.6043, 36.5823], [-108.6069, 36.586], [-108.6452, 36.6065], [-108.6511, 36.6075], [-108.6795, 36.6], [-108.7038, 36.5974], [-108.7047, 36.6169], [-108.8485, 36.5789], [-108.844, 36.5913], [-108.8323, 36.6018], [-108.8458, 36.608], [-108.8499, 36.6145], [-108.839, 36.6317], [-108.8259, 36.6394], [-108.8274, 36.6859], [-108.8384, 36.6812], [-108.8772, 36.6803], [-108.8835, 36.6702], [-108.8902, 36.6692], [-108.8911, 36.6804], [-108.8893, 36.684], [-108.8916, 36.6877], [-108.8954, 36.6816], [-108.8984, 36.6849], [-108.9065, 36.6871], [-108.9207, 36.6882], [-108.9348, 36.6832], [-108.9408, 36.7034], [-108.9316, 36.7181], [-108.93, 36.7276], [-108.9267, 36.7313], [-108.9292, 36.7304], [-108.9295, 36.7408], [-108.9491, 36.7445], [-108.952, 36.748], [-108.9633, 36.7463], [-108.9611, 36.7558], [-108.9663, 36.7548], [-108.9768, 36.7639], [-108.9952, 36.7605], [-109.0088, 36.7704], [-109.0202, 36.7743], [-109.0368, 36.7727], [-109.0454, 36.7691], [-109.0452, 36.9991]]]}}, {"type": "Feature", "properties": {"fips": "35031945400", "gap_national": 56.3, "gap_stratum": 32.2, "burden": 62.5, "capacity": 15.0, "svi": 0.8, "top_decile_gap": 1.0, "stratum": "micropolitan", "scored": 1}, "geometry": {"type": "Polygon", "coordinates": [[[-108.7323, 35.5307], [-108.7338, 35.5299], [-108.7309, 35.519], [-108.7398, 35.5192], [-108.7394, 35.5025], [-108.758, 35.5231], [-108.7323, 35.5307]]]}}, {"type": "Feature", "properties": {"fips": "35009000303", "gap_national": 32.1, "gap_stratum": 5.7, "burden": 42.4, "capacity": 15.9, "svi": 0.49, "top_decile_gap": 0.0, "stratum": "micropolitan", "scored": 1}, "geometry": {"type": "Polygon", "coordinates": [[[-103.1608, 34.4194], [-103.1611, 34.4049], [-103.1877, 34.4047], [-103.1876, 34.412], [-103.1965, 34.412], [-103.1965, 34.4193], [-103.1608, 34.4194]]]}}, {"type": "Feature", "properties": {"fips": "35039941000", "gap_national": 79.4, "gap_stratum": 63.8, "burden": 81.8, "capacity": 13.0, "svi": 0.87, "top_decile_gap": 1.0, "stratum": "rural", "scored": 1}, "geometry": {"type": "Polygon", "coordinates": [[[-107.6234, 36.6753], [-107.6194, 36.6753], [-107.6182, 36.8043], [-107.6097, 36.7986], [-107.6034, 36.799], [-107.6077, 36.8062], [-107.6065, 36.8109], [-107.5943, 36.8103], [-107.5918, 36.8133], [-107.5947, 36.8159], [-107.5998, 36.8153], [-107.5999, 36.8325], [-107.5896, 36.8372], [-107.58, 36.8351], [-107.5755, 36.8414], [-107.567, 36.8444], [-107.5661, 36.8519], [-107.5617, 36.8558], [-107.556, 36.8571], [-107.5524, 36.8516], [-107.5462, 36.8491], [-107.5391, 36.8557], [-107.5298, 36.8544], [-107.5304, 36.8609], [-107.5229, 36.8755], [-107.5158, 36.8785], [-107.5048, 36.8753], [-107.5044, 36.8816], [-107.5021, 36.8826], [-107.4993, 36.8784], [-107.4941, 36.8762], [-107.4898, 36.8828], [-107.4755, 36.8947], [-107.4702, 36.8938], [-107.457, 36.8981], [-107.4457, 36.9154], [-107.4513, 36.9212], [-107.4551, 36.9311], [-107.4558, 36.9395], [-107.4484, 36.9449], [-107.4572, 36.955], [-107.4476, 36.9612], [-107.4445, 36.9668], [-107.4306, 36.9701], [-107.4289, 36.974], [-107.4315, 36.9863], [-107.4209, 37.0], [-106.9855, 37.0001], [-106.9856, 36.9652], [-106.9542, 36.9657], [-106.9542, 36.962], [-106.9588, 36.962], [-106.9588, 36.9547], [-106.9769, 36.9547], [-106.9767, 36.9328], [-106.9856, 36.9327], [-106.9856, 36.9106], [-106.9813, 36.9107], [-106.9814, 36.9071], [-106.9727, 36.907], [-106.9725, 36.9142], [-106.9681, 36.9142], [-106.9679, 36.9179], [-106.9498, 36.9181], [-106.95, 36.9107], [-106.9545, 36.9107], [-106.9546, 36.9069], [-106.9502, 36.907], [-106.9502, 36.9033], [-106.9545, 36.9033], [-106.9547, 36.8997], [-106.9502, 36.8988], [-106.9504, 36.8925], [-106.878, 36.8926], [-106.8781, 36.8849], [-106.869, 36.885], [-106.869, 36.8889], [-106.8736, 36.8888], [-106.8738, 36.8926], [-106.8692, 36.8927], [-106.8692, 36.8963], [-106.8737, 36.8963], [-106.8738, 36.8997], [-106.8644, 36.8998], [-106.8644, 36.8963], [-106.8596, 36.8963], [-106.8597, 36.8929], [-106.8646, 36.8928], [-106.8646, 36.8889], [-106.8596, 36.8891], [-106.8601, 36.8781], [-106.8422, 36.8781], [-106.842, 36.8703], [-106.8377, 36.8703], [-106.8374, 36.8669], [-106.8329, 36.8669], [-106.8328, 36.8634], [-106.8237, 36.8634], [-106.824, 36.8704], [-106.8136, 36.8703], [-106.8136, 36.885], [-106.8118, 36.8847], [-106.7867, 36.8734], [-106.7751, 36.8638], [-106.7797, 36.8624], [-106.7733, 36.8515], [-106.7763, 36.8455], [-106.7663, 36.8261], [-106.7579, 36.8158], [-106.7506, 36.8123], [-106.7177, 36.8127], [-106.7179, 36.8554], [-106.6771, 36.8554], [-106.6733, 36.845], [-106.6646, 36.845], [-106.6706, 36.8554], [-106.657, 36.8555], [-106.657, 36.8429], [-106.6471, 36.843], [-106.6471, 36.8362], [-106.5738, 36.8365], [-106.5751, 36.8297], [-106.5732, 36.8228], [-106.5769, 36.8151], [-106.583, 36.8108], [-106.5839, 36.801], [-106.5801, 36.7919], [-106.5697, 36.7831], [-106.5723, 36.779], [-106.5645, 36.7789], [-106.5653, 36.7702], [-106.58, 36.75], [-106.5797, 36.7329], [-106.6876, 36.7323], [-106.687, 36.7079], [-106.7148, 36.717], [-106.7467, 36.7076], [-106.727, 36.6801], [-106.7472, 36.6531], [-106.7522, 36.6584], [-106.7618, 36.656], [-106.7646, 36.6639], [-106.774, 36.6651], [-106.7717, 36.6595], [-106.775, 36.6534], [-106.7711, 36.6437], [-106.7768, 36.6407], [-106.7675, 36.6394], [-106.7678, 36.6344], [-106.7704, 36.6341], [-106.7695, 36.6241], [-106.7629, 36.6151], [-106.7628, 36.6087], [-106.758, 36.6056], [-106.7589, 36.5994], [-106.7532, 36.5899], [-106.7498, 36.5899], [-106.7505, 36.5852], [-106.745, 36.5853], [-106.745, 36.59], [-106.732, 36.59], [-106.7319, 36.5846], [-106.7252, 36.5717], [-106.7214, 36.5718], [-106.7196, 36.5658], [-106.7227, 36.5619], [-106.7177, 36.56], [-106.7236, 36.5541], [-106.7189, 36.5551], [-106.7166, 36.553], [-106.7787, 36.5538], [-106.7774, 36.521], [-107.0867, 36.5211], [-107.0875, 36.4358], [-107.1952, 36.436], [-107.195, 36.3489], [-107.1995, 36.349], [-107.1996, 36.2595], [-106.9922, 36.26], [-106.9924, 36.2166], [-107.254, 36.2166], [-107.3046, 36.2146], [-107.4111, 36.218], [-107.6243, 36.2198], [-107.6256, 36.5383], [-107.6234, 36.6753]]]}}, {"type": "Feature", "properties": {"fips": "35045000503", "gap_national": 66.0, "gap_stratum": 72.8, "burden": 66.0, "capacity": 7.8, "svi": 0.91, "top_decile_gap": 1.0, "stratum": "metropolitan", "scored": 1}, "geometry": {"type": "Polygon", "coordinates": [[[-108.2899, 36.7419], [-108.2914, 36.7474], [-108.2844, 36.7526], [-108.2782, 36.7636], [-108.2365, 36.7665], [-108.2416, 36.7472], [-108.2521, 36.7356], [-108.2564, 36.7368], [-108.2664, 36.7301], [-108.2783, 36.7281], [-108.2828, 36.7316], [-108.2967, 36.7263], [-108.2973, 36.733], [-108.2899, 36.7419]]]}}, {"type": "Feature", "properties": {"fips": "35001000714", "gap_national": 23.8, "gap_stratum": 29.4, "burden": 43.0, "capacity": 25.4, "svi": 0.76, "top_decile_gap": 0.0, "stratum": "metropolitan", "scored": 1}, "geometry": {"type": "Polygon", "coordinates": [[[-106.5325, 35.0673], [-106.5193, 35.0663], [-106.5152, 35.0691], [-106.5153, 35.0559], [-106.5292, 35.0429], [-106.5328, 35.0432], [-106.5325, 35.0673]]]}}, {"type": "Feature", "properties": {"fips": "35001004737", "gap_national": 15.7, "gap_stratum": 19.0, "burden": 21.9, "capacity": 6.3, "svi": 0.5, "top_decile_gap": 0.0, "stratum": "metropolitan", "scored": 1}, "geometry": {"type": "Polygon", "coordinates": [[[-106.7373, 35.0433], [-106.7401, 35.0246], [-106.7524, 35.0245], [-106.7563, 35.04], [-106.7373, 35.0433]]]}}, {"type": "Feature", "properties": {"fips": "35013001805", "gap_national": 83.6, "gap_stratum": 86.0, "burden": 83.8, "capacity": 10.2, "svi": 0.84, "top_decile_gap": 1.0, "stratum": "metropolitan", "scored": 1}, "geometry": {"type": "Polygon", "coordinates": [[[-106.5985, 32.0103], [-106.5828, 32.0101], [-106.5826, 32.0008], [-106.5986, 32.0008], [-106.5985, 32.0103]]]}}, {"type": "Feature", "properties": {"fips": "35049010309", "gap_national": -30.7, "gap_stratum": -62.2, "burden": 44.5, "capacity": 67.6, "svi": 0.28, "top_decile_gap": 0.0, "stratum": "rural", "scored": 1}, "geometry": {"type": "Polygon", "coordinates": [[[-106.2488, 35.445], [-106.2304, 35.4402], [-106.2302, 35.4997], [-106.2177, 35.4958], [-106.2003, 35.4868], [-106.1881, 35.4758], [-106.169, 35.4682], [-106.1548, 35.4531], [-106.1383, 35.4466], [-106.1309, 35.44], [-106.087, 35.4248], [-106.0284, 35.3962], [-106.0194, 35.395], [-105.9907, 35.4003], [-105.971, 35.4152], [-105.9513, 35.4261], [-105.9407, 35.4363], [-105.918, 35.4488], [-105.8915, 35.4726], [-105.876, 35.4833], [-105.861, 35.5037], [-105.8561, 35.5146], [-105.8365, 35.5257], [-105.8431, 35.525], [-105.8481, 35.5387], [-105.8275, 35.5479], [-105.8171, 35.5578], [-105.8051, 35.5629], [-105.7832, 35.59], [-105.7784, 35.5914], [-105.7714, 35.5879], [-105.7542, 35.5647], [-105.7338, 35.5557], [-105.718, 35.5533], [-105.7176, 35.3187], [-105.7156, 35.2736], [-105.7508, 35.2736], [-105.7508, 35.2599], [-105.7686, 35.2589], [-105.7689, 35.2261], [-105.7765, 35.2195], [-105.7972, 35.2156], [-105.8059, 35.2195], [-105.8119, 35.2193], [-105.8372, 35.2148], [-105.8494, 35.2265], [-105.8566, 35.2291], [-105.8585, 35.2372], [-105.8846, 35.2419], [-105.8931, 35.2488], [-105.8924, 35.2596], [-105.9026, 35.2642], [-105.9125, 35.261], [-105.925, 35.2756], [-105.9426, 35.2717], [-105.9502, 35.2574], [-105.9497, 35.2504], [-105.9627, 35.2508], [-105.9799, 35.2589], [-106.05, 35.2582], [-106.0498, 35.2692], [-106.0608, 35.2719], [-106.0694, 35.2826], [-106.0726, 35.28], [-106.0736, 35.2889], [-106.0811, 35.2923], [-106.0841, 35.2917], [-106.0843, 35.2885], [-106.1073, 35.2831], [-106.1278, 35.2849], [-106.1727, 35.2808], [-106.1742, 35.279], [-106.1984, 35.2818], [-106.2212, 35.2809], [-106.2308, 35.2866], [-106.2439, 35.2852], [-106.2457, 35.2864], [-106.2456, 35.3043], [-106.2489, 35.3046], [-106.2488, 35.445]]]}}, {"type": "Feature", "properties": {"fips": "35003976402", "gap_national": -3.5, "gap_stratum": -31.8, "burden": 74.9, "capacity": 73.8, "svi": 0.44, "top_decile_gap": 0.0, "stratum": "rural", "scored": 1}, "geometry": {"type": "Polygon", "coordinates": [[[-109.0462, 34.5793], [-107.7248, 34.5781], [-107.7267, 34.5178], [-107.7248, 34.4439], [-107.7254, 34.2598], [-107.7163, 34.2599], [-107.7166, 33.8801], [-107.7158, 33.8256], [-107.7114, 33.8256], [-107.7128, 33.4768], [-107.939, 33.4744], [-107.9678, 33.478], [-108.0006, 33.478], [-108.0006, 33.2013], [-108.2084, 33.201], [-108.2116, 33.2032], [-108.223, 33.2041], [-108.2452, 33.2245], [-108.2363, 33.2282], [-108.236, 33.2324], [-108.2308, 33.2393], [-108.2309, 33.2477], [-108.2333, 33.2491], [-108.2301, 33.2508], [-108.2346, 33.2617], [-108.2337, 33.2704], [-108.2452, 33.2768], [-108.2484, 33.2737], [-108.2526, 33.2742], [-108.2532, 33.2712], [-108.2601, 33.2723], [-108.2615, 33.2706], [-108.2638, 33.2759], [-108.2615, 33.2787], [-108.2656, 33.2807], [-108.263, 33.2824], [-108.2639, 33.2855], [-108.2672, 33.2882], [-108.2681, 33.2847], [-108.2714, 33.2865], [-108.2682, 33.2896], [-108.2697, 33.2922], [-108.274, 33.2899], [-108.2827, 33.2924], [-108.2808, 33.2984], [-108.2846, 33.2964], [-108.2913, 33.298], [-108.2917, 33.2955], [-108.2952, 33.2966], [-108.2992, 33.2925], [-108.3023, 33.2937], [-108.2996, 33.2965], [-108.3029, 33.3005], [-108.3065, 33.2969], [-108.3097, 33.299], [-108.3127, 33.2964], [-108.3167, 33.2979], [-108.3229, 33.3066], [-108.3283, 33.3027], [-108.3338, 33.3082], [-108.3348, 33.3145], [-108.3443, 33.3212], [-108.3424, 33.3227], [-108.3439, 33.3249], [-108.3503, 33.3251], [-108.347, 33.33], [-108.3532, 33.3304], [-108.3563, 33.3334], [-108.3576, 33.3291], [-108.3645, 33.3315], [-108.3639, 33.335], [-108.3605, 33.3361], [-108.3707, 33.3368], [-108.3691, 33.3462], [-108.3724, 33.3434], [-108.3757, 33.3448], [-108.376, 33.3488], [-108.3826, 33.3545], [-108.3834, 33.3579], [-108.3842, 33.356], [-108.3957, 33.355], [-108.3922, 33.3598], [-108.3933, 33.3613], [-108.3969, 33.3584], [-108.3979, 33.3613], [-108.403, 33.3617], [-108.4018, 33.3634], [-108.41, 33.3648], [-108.4108, 33.368], [-108.4084, 33.369], [-108.4132, 33.374], [-108.4207, 33.3723], [-108.4275, 33.3768], [-108.4326, 33.3734], [-108.4484, 33.3771], [-108.4549, 33.3759], [-108.4578, 33.3805], [-108.4621, 33.3787], [-108.465, 33.3824], [-108.4739, 33.3843], [-108.4747, 33.3878], [-108.471, 33.3898], [-108.4761, 33.3927], [-108.477, 33.3959], [-108.4808, 33.3961], [-108.4803, 33.4019], [-108.4828, 33.405], [-108.4799, 33.4107], [-108.4878, 33.4089], [-108.4872, 33.4144], [-108.4989, 33.4193], [-108.4963, 33.4333], [-108.4978, 33.4343], [-108.4947, 33.442], [-108.4979, 33.4469], [-108.4887, 33.456], [-108.4908, 33.4677], [-108.4889, 33.4712], [-108.4797, 33.4759], [-108.4816, 33.4793], [-108.4783, 33.4768], [-108.4733, 33.4781], [-108.4444, 33.4918], [-108.4337, 33.4919], [-108.4251, 33.4952], [-108.4161, 33.5014], [-108.4086, 33.5164], [-108.4086, 33.5199], [-108.4149, 33.5281], [-108.4112, 33.531], [-108.4115, 33.5407], [-108.4087, 33.5496], [-108.4095, 33.5566], [-108.4139, 33.5608], [-108.4121, 33.5628], [-108.4035, 33.5557], [-108.3998, 33.5614], [-108.3911, 33.5639], [-108.3815, 33.5769], [-108.425, 33.6185], [-108.4515, 33.6217], [-108.4505, 33.6251], [-108.4414, 33.6282], [-108.439, 33.633], [-108.4264, 33.6377], [-108.4294, 33.6452], [-108.4405, 33.6557], [-108.4439, 33.6628], [-108.4498, 33.6664], [-108.4565, 33.6643], [-108.468, 33.6664], [-108.4782, 33.6706], [-108.4851, 33.6783], [-108.4935, 33.6793], [-108.4897, 33.6831], [-108.4867, 33.692], [-108.466, 33.7097], [-108.4619, 33.7108], [-108.4599, 33.7187], [-108.4548, 33.7236], [-108.444, 33.7278], [-108.4444, 33.7354], [-108.4383, 33.7399], [-108.4507, 33.7489], [-108.4607, 33.7492], [-108.468, 33.7524], [-108.4741, 33.7472], [-108.4851, 33.7475], [-108.4859, 33.7519], [-108.4793, 33.7615], [-108.4769, 33.7717], [-108.4738, 33.7739], [-108.4792, 33.7776], [-108.4823, 33.7836], [-108.4765, 33.7878], [-108.4745, 33.7861], [-108.4688, 33.7881], [-108.4685, 33.7929], [-108.4727, 33.7962], [-108.4753, 33.8043], [-108.4751, 33.8108], [-108.4637, 33.8151], [-108.4466, 33.8157], [-108.4399, 33.8202], [-108.4295, 33.8221], [-108.4186, 33.8322], [-108.4312, 33.84], [-108.43, 33.8468], [-108.4388, 33.8521], [-108.4389, 33.8559], [-108.4433, 33.86], [-108.4529, 33.8633], [-108.4533, 33.867], [-108.4484, 33.8742], [-108.4408, 33.8779], [-108.4392, 33.8803], [-108.4409, 33.8874], [-108.4334, 33.8926], [-108.4218, 33.9072], [-108.4076, 33.9134], [-108.4081, 33.9228], [-108.4014, 33.9259], [-108.4011, 33.9291], [-108.4336, 33.9359], [-108.4703, 33.9202], [-108.5006, 33.9121], [-108.5039, 33.9131], [-108.5131, 33.9223], [-108.5144, 33.9366], [-108.5187, 33.9473], [-108.5154, 33.9527], [-108.5204, 33.9603], [-108.523, 33.9632], [-108.5329, 33.9661], [-108.541, 33.9776], [-108.5547, 33.9854], [-108.5578, 33.9953], [-108.5644, 33.9996], [-108.5711, 33.9998], [-108.5722, 34.0039], [-108.5878, 34.0177], [-108.5896, 34.026], [-108.6089, 34.0185], [-108.6213, 34.0103], [-108.6233, 34.0113], [-108.6328, 34.0033], [-108.6392, 34.0026], [-108.6369, 33.9934], [-108.639, 33.9849], [-108.6373, 33.9807], [-108.6595, 33.9723], [-108.6643, 33.9671], [-108.6711, 33.9675], [-108.6786, 33.9853], [-108.6761, 33.9958], [-108.6865, 33.9959], [-108.6938, 33.9881], [-108.7009, 33.9869], [-108.7049, 33.9937], [-108.7159, 34.0041], [-108.7228, 34.0048], [-108.7478, 34.0174], [-108.7595, 34.0189], [-108.7631, 34.0287], [-108.7723, 34.0308], [-108.7806, 34.0598], [-108.7938, 34.0766], [-108.8145, 34.0831], [-108.8223, 34.0741], [-108.8277, 34.0741], [-108.8329, 34.0703], [-108.8469, 34.0763], [-108.8545, 34.0901], [-108.8554, 34.0822], [-108.8674, 34.0701], [-108.8999, 34.0512], [-108.9014, 34.0243], [-108.8965, 34.0138], [-108.9001, 34.0064], [-108.8965, 33.9969], [-108.9072, 33.9779], [-108.9059, 33.9411], [-108.9089, 33.9337], [-108.9236, 33.923], [-108.9239, 33.927], [-108.9406, 33.9314], [-108.9635, 33.9469], [-108.9775, 33.9503], [-108.9811, 33.9572], [-108.9948, 33.9576], [-109.0, 33.9614], [-109.0203, 33.965], [-109.027, 33.9611], [-109.0468, 33.9568], [-109.0462, 34.5793]]]}}, {"type": "Feature", "properties": {"fips": "35027960602", "gap_national": 25.5, "gap_stratum": 8.3, "burden": 69.4, "capacity": 49.5, "svi": 0.68, "top_decile_gap": 0.0, "stratum": "micropolitan", "scored": 1}, "geometry": {"type": "Polygon", "coordinates": [[[-105.676, 33.337], [-105.674, 33.3413], [-105.6751, 33.3486], [-105.6593, 33.3491], [-105.6559, 33.3546], [-105.6538, 33.3513], [-105.6439, 33.3479], [-105.6361, 33.3269], [-105.615, 33.3284], [-105.6084, 33.3265], [-105.6208, 33.3263], [-105.6352, 33.3225], [-105.6553, 33.324], [-105.6807, 33.3351], [-105.676, 33.337]]]}}, {"type": "Feature", "properties": {"fips": "35033955202", "gap_national": 30.6, "gap_stratum": 15.9, "burden": 71.5, "capacity": 47.6, "svi": 0.66, "top_decile_gap": 0.0, "stratum": "micropolitan", "scored": 1}, "geometry": {"type": "Polygon", "coordinates": [[[-105.3476, 35.8769], [-105.342, 35.8832], [-105.335, 35.8868], [-105.3199, 35.902], [-105.3035, 35.9141], [-105.2996, 35.9201], [-105.3005, 35.9466], [-105.3066, 35.9686], [-105.3031, 35.9729], [-105.3048, 35.9765], [-105.3149, 35.983], [-105.3139, 35.9844], [-105.3208, 35.988], [-105.3127, 35.9963], [-105.2866, 36.0092], [-105.291, 36.0171], [-105.3033, 36.0272], [-105.3054, 36.0264], [-105.3069, 36.0196], [-105.3019, 36.0161], [-105.303, 36.0101], [-105.3089, 36.0076], [-105.3114, 36.0101], [-105.3124, 36.0158], [-105.3197, 36.0241], [-105.319, 36.0348], [-105.3211, 36.0421], [-105.3306, 36.0581], [-105.3367, 36.0634], [-105.3445, 36.0815], [-105.3401, 36.1073], [-105.3224, 36.1286], [-105.3075, 36.1419], [-105.3007, 36.152], [-105.2966, 36.1741], [-105.2859, 36.2029], [-105.2906, 36.2186], [-105.2913, 36.2291], [-105.3037, 36.25], [-105.3074, 36.2621], [-104.8653, 36.2614], [-104.8654, 36.2179], [-104.4361, 36.2185], [-104.4305, 36.2136], [-104.4339, 36.2013], [-104.4266, 36.1972], [-104.439, 36.1948], [-104.4321, 36.1884], [-104.4362, 36.1774], [-104.4279, 36.1767], [-104.426, 36.1846], [-104.4144, 36.1768], [-104.4199, 36.1685], [-104.4191, 36.1664], [-104.4034, 36.1531], [-104.4072, 36.1488], [-104.4078, 36.1406], [-104.411, 36.1401], [-104.4129, 36.1452], [-104.4162, 36.1461], [-104.4206, 36.1408], [-104.4175, 36.1364], [-104.4093, 36.132], [-104.4145, 36.1238], [-104.4129, 36.121], [-104.4029, 36.117], [-104.4021, 36.1085], [-104.3974, 36.0991], [-104.4011, 36.0915], [-104.3862, 36.0888], [-104.3903, 36.0822], [-104.3812, 36.0762], [-104.3774, 36.0673], [-104.3701, 36.0658], [-104.3783, 36.0574], [-104.3797, 36.0493], [-104.373, 36.0449], [-104.3657, 36.0443], [-104.3614, 36.0381], [-104.3605, 36.0239], [-104.3653, 36.0134], [-104.3573, 36.0097], [-104.3499, 36.01], [-104.3484, 36.0049], [-104.3396, 36.0], [-104.3412, 35.9919], [-104.3466, 35.9908], [-104.3487, 35.9876], [-104.3545, 35.9873], [-104.3557, 35.9827], [-104.3428, 35.9749], [-104.3364, 35.966], [-104.3298, 35.9644], [-104.3274, 35.9606], [-104.3359, 35.9556], [-104.3409, 35.9487], [-104.3442, 35.9555], [-104.3521, 35.954], [-104.3498, 35.9498], [-104.339, 35.9432], [-104.3421, 35.9398], [-104.3535, 35.9398], [-104.3547, 35.9296], [-104.3504, 35.9285], [-104.3429, 35.9306], [-104.3382, 35.9237], [-104.3457, 35.9248], [-104.355, 35.9198], [-104.3437, 35.9119], [-104.3491, 35.9078], [-104.3541, 35.9077], [-104.3507, 35.899], [-104.368, 35.8972], [-104.366, 35.8923], [-104.3593, 35.8884], [-104.3617, 35.8846], [-104.374, 35.8812], [-104.3732, 35.8781], [-104.3664, 35.8734], [-104.3681, 35.8704], [-104.3742, 35.8716], [-104.3775, 35.8789], [-104.3819, 35.862], [-104.3905, 35.8598], [-104.387, 35.8556], [-104.3765, 35.8518], [-104.3817, 35.8427], [-104.3778, 35.841], [-104.375, 35.8424], [-104.3755, 35.8475], [-104.3723, 35.8481], [-104.365, 35.8422], [-104.3664, 35.8391], [-104.3796, 35.8364], [-104.3774, 35.8329], [-104.3669, 35.8302], [-104.3781, 35.8236], [-104.375, 35.8186], [-104.3634, 35.8111], [-104.3714, 35.8067], [-104.3641, 35.7962], [-104.3653, 35.7895], [-104.3611, 35.7844], [-104.3701, 35.7793], [-104.5464, 35.7807], [-104.5463, 35.7837], [-104.7506, 35.7831], [-105.0073, 35.7712], [-105.0147, 35.7685], [-105.0188, 35.7694], [-105.025, 35.7543], [-105.0304, 35.7583], [-105.0304, 35.7618], [-105.0368, 35.7647], [-105.0338, 35.7665], [-105.0345, 35.7691], [-105.0374, 35.7707], [-105.0418, 35.7677], [-105.0578, 35.7802], [-105.0659, 35.7796], [-105.0728, 35.7824], [-105.0751, 35.7869], [-105.0795, 35.7866], [-105.091, 35.7965], [-105.1097, 35.8079], [-105.1173, 35.8072], [-105.1285, 35.811], [-105.1501, 35.8092], [-105.1598, 35.8191], [-105.1726, 35.8222], [-105.1777, 35.8258], [-105.2192, 35.8294], [-105.22, 35.8345], [-105.224, 35.837], [-105.2378, 35.8383], [-105.348, 35.8707], [-105.3476, 35.8769]]]}}, {"type": "Feature", "properties": {"fips": "35039000401", "gap_national": 62.9, "gap_stratum": 65.5, "burden": 86.9, "capacity": 34.6, "svi": 0.72, "top_decile_gap": 1.0, "stratum": "rural", "scored": 1}, "geometry": {"type": "Polygon", "coordinates": [[[-106.8913, 36.2425], [-106.8766, 36.2397], [-106.8693, 36.2342], [-106.859, 36.2382], [-106.824, 36.2284], [-106.8039, 36.2303], [-106.7799, 36.2148], [-106.7713, 36.2006], [-106.749, 36.1982], [-106.7411, 36.1948], [-106.7364, 36.2003], [-106.7195, 36.2034], [-106.7092, 36.1977], [-106.7061, 36.1923], [-106.6725, 36.1745], [-106.6551, 36.1617], [-106.6403, 36.1606], [-106.6263, 36.1655], [-106.6116, 36.1656], [-106.5901, 36.1864], [-106.5834, 36.1888], [-106.5607, 36.1879], [-106.5414, 36.1993], [-106.496, 36.2343], [-106.4633, 36.2307], [-106.4537, 36.221], [-106.4488, 36.2225], [-106.4443, 36.2291], [-106.4261, 36.2353], [-106.4265, 36.2385], [-106.4338, 36.2429], [-106.4332, 36.2543], [-106.4374, 36.257], [-106.4354, 36.2597], [-106.4385, 36.2578], [-106.4404, 36.2599], [-106.4349, 36.2658], [-106.4329, 36.2687], [-106.4394, 36.2623], [-106.4425, 36.2626], [-106.452, 36.2703], [-106.4533, 36.2732], [-106.4505, 36.2754], [-106.4526, 36.2747], [-106.4537, 36.2773], [-106.4431, 36.2823], [-106.4285, 36.2977], [-106.4182, 36.2994], [-106.4108, 36.3165], [-106.4022, 36.3197], [-106.4022, 36.3242], [-106.3916, 36.3303], [-106.3911, 36.3348], [-106.3762, 36.3363], [-106.3742, 36.3408], [-106.369, 36.3421], [-106.3506, 36.3585], [-106.3423, 36.362], [-106.3223, 36.3633], [-106.315, 36.358], [-106.3119, 36.3516], [-106.3046, 36.3519], [-106.2972, 36.3476], [-106.2904, 36.3639], [-106.2921, 36.3773], [-106.3009, 36.3906], [-106.3016, 36.3963], [-106.2973, 36.4069], [-106.2975, 36.414], [-106.3017, 36.418], [-106.3024, 36.4257], [-106.3105, 36.4393], [-106.3102, 36.4442], [-106.3141, 36.4463], [-106.3175, 36.4553], [-106.3088, 36.4575], [-106.3065, 36.4539], [-106.2934, 36.4502], [-106.2772, 36.4529], [-106.2738, 36.4478], [-106.2754, 36.4326], [-106.2735, 36.427], [-106.269, 36.4184], [-106.2607, 36.4134], [-106.2542, 36.4007], [-106.2341, 36.3871], [-106.2282, 36.374], [-106.2156, 36.3618], [-106.187, 36.3459], [-106.1917, 36.3405], [-106.177, 36.2714], [-106.1775, 36.2575], [-106.1937, 36.234], [-106.2226, 36.2292], [-106.2379, 36.2232], [-106.2555, 36.2109], [-106.2383, 36.196], [-106.2283, 36.1907], [-106.222, 36.1831], [-106.184, 36.1595], [-106.1684, 36.1424], [-106.1532, 36.1088], [-106.1735, 36.0943], [-106.1889, 36.0918], [-106.1997, 36.0852], [-106.2056, 36.085], [-106.2213, 36.0736], [-106.2449, 36.0656], [-106.2531, 36.0583], [-106.2829, 36.0485], [-106.2956, 36.0395], [-106.3076, 36.0354], [-106.3112, 36.0365], [-106.3135, 36.0299], [-106.3113, 36.0217], [-106.3297, 36.0157], [-106.3402, 36.0156], [-106.3426, 36.0124], [-106.3547, 36.0112], [-106.382, 36.0004], [-106.8853, 35.999], [-106.8851, 36.2166], [-106.9377, 36.2165], [-106.9281, 36.2366], [-106.8913, 36.2425]]]}}, {"type": "Feature", "properties": {"fips": "35013000203", "gap_national": 60.1, "gap_stratum": 64.8, "burden": 71.1, "capacity": 21.8, "svi": 0.85, "top_decile_gap": 1.0, "stratum": "metropolitan", "scored": 1}, "geometry": {"type": "Polygon", "coordinates": [[[-106.8063, 32.3458], [-106.7941, 32.3222], [-106.8002, 32.3213], [-106.7969, 32.3131], [-106.8053, 32.3117], [-106.8076, 32.3267], [-106.8208, 32.3401], [-106.8063, 32.3458]]]}}, {"type": "Feature", "properties": {"fips": "35043980000", "gap_national": null, "gap_stratum": null, "burden": null, "capacity": null, "svi": null, "top_decile_gap": null, "stratum": null, "scored": 0}, "geometry": {"type": "Polygon", "coordinates": [[[-106.6588, 35.2313], [-106.6539, 35.2317], [-106.6545, 35.2212], [-106.657, 35.2179], [-106.6625, 35.2179], [-106.6588, 35.2313]]]}}, {"type": "Feature", "properties": {"fips": "35049000103", "gap_national": -45.2, "gap_stratum": -37.3, "burden": 47.7, "capacity": 83.8, "svi": 0.09, "top_decile_gap": 0.0, "stratum": "metropolitan", "scored": 1}, "geometry": {"type": "Polygon", "coordinates": [[[-105.939, 35.7116], [-105.9319, 35.7263], [-105.9127, 35.7264], [-105.9277, 35.7008], [-105.9363, 35.691], [-105.9473, 35.6922], [-105.952, 35.6986], [-105.939, 35.7116]]]}}, {"type": "Feature", "properties": {"fips": "35001000905", "gap_national": 81.1, "gap_stratum": 84.4, "burden": 80.8, "capacity": 9.6, "svi": 0.78, "top_decile_gap": 1.0, "stratum": "metropolitan", "scored": 1}, "geometry": {"type": "Polygon", "coordinates": [[[-106.5775, 35.0728], [-106.5775, 35.0655], [-106.5864, 35.0656], [-106.5862, 35.0729], [-106.5775, 35.0728]]]}}, {"type": "Feature", "properties": {"fips": "35001002404", "gap_national": 61.8, "gap_stratum": 69.0, "burden": 62.7, "capacity": 8.2, "svi": 0.89, "top_decile_gap": 1.0, "stratum": "metropolitan", "scored": 1}, "geometry": {"type": "Polygon", "coordinates": [[[-106.698, 35.0828], [-106.6969, 35.0787], [-106.701, 35.0679], [-106.709, 35.0693], [-106.7106, 35.08], [-106.698, 35.0828]]]}}, {"type": "Feature", "properties": {"fips": "35001980500", "gap_national": 36.7, "gap_stratum": 4.7, "burden": 38.3, "capacity": 0.9, "svi": null, "top_decile_gap": 0.0, "stratum": "rural", "scored": 1}, "geometry": {"type": "Polygon", "coordinates": [[[-106.8552, 35.0106], [-106.8556, 35.0045], [-106.8647, 35.0045], [-106.8663, 35.0107], [-106.8552, 35.0106]]]}}, {"type": "Feature", "properties": {"fips": "35001000717", "gap_national": 72.8, "gap_stratum": 77.4, "burden": 74.9, "capacity": 12.3, "svi": 0.98, "top_decile_gap": 1.0, "stratum": "metropolitan", "scored": 1}, "geometry": {"type": "Polygon", "coordinates": [[[-106.5068, 35.0734], [-106.4937, 35.0684], [-106.5152, 35.0701], [-106.5151, 35.0766], [-106.5068, 35.0734]]]}}, {"type": "Feature", "properties": {"fips": "35031945602", "gap_national": 79.1, "gap_stratum": 65.2, "burden": 77.1, "capacity": 6.9, "svi": 0.93, "top_decile_gap": 1.0, "stratum": "micropolitan", "scored": 1}, "geometry": {"type": "Polygon", "coordinates": [[[-108.6873, 35.5293], [-108.6883, 35.528], [-108.6817, 35.523], [-108.6888, 35.5229], [-108.6889, 35.512], [-108.6946, 35.5099], [-108.6929, 35.518], [-108.6972, 35.5173], [-108.6976, 35.5228], [-108.7065, 35.5229], [-108.7067, 35.5198], [-108.709, 35.5294], [-108.6873, 35.5293]]]}}, {"type": "Feature", "properties": {"fips": "35031945502", "gap_national": 33.4, "gap_stratum": 8.7, "burden": 57.4, "capacity": 32.1, "svi": 0.47, "top_decile_gap": 0.0, "stratum": "micropolitan", "scored": 1}, "geometry": {"type": "Polygon", "coordinates": [[[-108.7254, 35.5075], [-108.7254, 35.517], [-108.7203, 35.5224], [-108.7222, 35.5241], [-108.7187, 35.5301], [-108.709, 35.5294], [-108.7074, 35.5104], [-108.7115, 35.5081], [-108.7196, 35.5086], [-108.7196, 35.5063], [-108.7267, 35.5045], [-108.7289, 35.5085], [-108.7254, 35.5075]]]}}, {"type": "Feature", "properties": {"fips": "35031945702", "gap_national": 86.2, "gap_stratum": 88.7, "burden": 98.6, "capacity": 20.2, "svi": 0.9, "top_decile_gap": 1.0, "stratum": "micropolitan", "scored": 1}, "geometry": {"type": "Polygon", "coordinates": [[[-109.0392, 35.3283], [-109.0415, 35.343], [-109.0368, 35.3459], [-109.0315, 35.3443], [-109.0289, 35.3496], [-109.0215, 35.3407], [-109.0141, 35.3405], [-109.0108, 35.3359], [-109.0067, 35.3359], [-108.9956, 35.3187], [-108.9908, 35.3172], [-108.9903, 35.3228], [-108.9874, 35.3251], [-108.9892, 35.3282], [-108.982, 35.3265], [-108.9826, 35.3319], [-108.9795, 35.3327], [-108.9793, 35.3287], [-108.976, 35.3265], [-108.9741, 35.3294], [-108.9725, 35.3276], [-108.9794, 35.3218], [-108.9674, 35.3237], [-108.9716, 35.322], [-108.9698, 35.3199], [-108.9654, 35.3206], [-108.977, 35.3128], [-108.9746, 35.3108], [-108.967, 35.3141], [-108.9699, 35.311], [-108.9661, 35.3113], [-108.9676, 35.3088], [-108.962, 35.3092], [-108.9647, 35.3065], [-108.9631, 35.3034], [-108.9606, 35.3037], [-108.9624, 35.2972], [-108.9508, 35.3073], [-108.9471, 35.3135], [-108.9488, 35.3159], [-108.9397, 35.3243], [-108.9406, 35.3259], [-108.9469, 35.324], [-108.9444, 35.3298], [-108.9532, 35.3324], [-108.9572, 35.3405], [-108.9551, 35.3439], [-108.9381, 35.3377], [-108.933, 35.3251], [-108.9286, 35.3316], [-108.9159, 35.3181], [-108.9116, 35.3098], [-108.9079, 35.3079], [-108.9009, 35.3129], [-108.9056, 35.3137], [-108.9027, 35.3253], [-108.9037, 35.3338], [-108.9096, 35.3435], [-108.8971, 35.3379], [-108.8861, 35.3389], [-108.8695, 35.3356], [-108.8623, 35.3398], [-108.8522, 35.3401], [-108.8442, 35.3432], [-108.8405, 35.3478], [-108.836, 35.3466], [-108.8328, 35.3342], [-108.8278, 35.3298], [-108.826, 35.323], [-108.8321, 35.32], [-108.8269, 35.3137], [-108.8273, 35.3106], [-108.8226, 35.3071], [-108.8219, 35.28], [-108.8316, 35.2735], [-108.8299, 35.2708], [-108.8279, 35.272], [-108.8115, 35.2659], [-108.8036, 35.2657], [-108.8041, 35.2632], [-108.8004, 35.2599], [-108.7911, 35.2564], [-108.7904, 35.2493], [-108.7717, 35.2497], [-108.7694, 35.2451], [-108.7611, 35.2447], [-108.7659, 35.2312], [-108.7647, 35.2192], [-108.7689, 35.2192], [-108.7698, 35.2055], [-108.7866, 35.2061], [-108.7848, 35.1338], [-108.8432, 35.111], [-108.8514, 35.1222], [-108.8388, 35.1311], [-108.851, 35.1507], [-108.8398, 35.1595], [-108.8396, 35.1696], [-108.8929, 35.1694], [-108.8932, 35.1622], [-108.9104, 35.1621], [-108.9104, 35.1766], [-109.046, 35.1755], [-109.0466, 35.3305], [-109.0392, 35.3283]]]}}, {"type": "Feature", "properties": {"fips": "35031943905", "gap_national": 92.5, "gap_stratum": 92.6, "burden": 95.1, "capacity": 10.6, "svi": 0.86, "top_decile_gap": 1.0, "stratum": "micropolitan", "scored": 1}, "geometry": {"type": "Polygon", "coordinates": [[[-109.0424, 35.3698], [-109.0146, 35.3839], [-108.9881, 35.4215], [-108.96, 35.4408], [-108.9364, 35.4667], [-108.9053, 35.4847], [-108.8916, 35.489], [-108.8917, 35.4746], [-108.8877, 35.4757], [-108.8762, 35.4589], [-108.8674, 35.4533], [-108.8675, 35.4509], [-108.8593, 35.4494], [-108.857, 35.4436], [-108.8502, 35.4412], [-108.845, 35.4293], [-108.8468, 35.4231], [-108.8407, 35.4222], [-108.8412, 35.4152], [-108.8328, 35.4061], [-108.8126, 35.3906], [-108.8054, 35.3906], [-108.7998, 35.387], [-108.7929, 35.3775], [-108.786, 35.374], [-108.7773, 35.3638], [-108.7544, 35.3641], [-108.7579, 35.3417], [-108.7665, 35.345], [-108.7694, 35.3435], [-108.8089, 35.3475], [-108.8241, 35.3444], [-108.8405, 35.3478], [-108.8442, 35.3432], [-108.8522, 35.3401], [-108.8623, 35.3398], [-108.8695, 35.3356], [-108.8861, 35.3389], [-108.8971, 35.3379], [-108.9096, 35.3435], [-108.9037, 35.3338], [-108.9027, 35.3253], [-108.9056, 35.3137], [-108.9009, 35.3129], [-108.9079, 35.3079], [-108.9116, 35.3098], [-108.9159, 35.3181], [-108.9286, 35.3316], [-108.933, 35.3251], [-108.9381, 35.3377], [-108.9551, 35.3439], [-108.9572, 35.3405], [-108.9532, 35.3324], [-108.9444, 35.3298], [-108.9469, 35.324], [-108.9406, 35.3259], [-108.9397, 35.3243], [-108.9488, 35.3159], [-108.9471, 35.3135], [-108.9508, 35.3073], [-108.9624, 35.2972], [-108.9606, 35.3037], [-108.9631, 35.3034], [-108.9647, 35.3065], [-108.962, 35.3092], [-108.9676, 35.3088], [-108.9661, 35.3113], [-108.9699, 35.311], [-108.967, 35.3141], [-108.9746, 35.3108], [-108.977, 35.3128], [-108.9654, 35.3206], [-108.9698, 35.3199], [-108.9716, 35.322], [-108.9674, 35.3237], [-108.9794, 35.3218], [-108.9725, 35.3276], [-108.9741, 35.3294], [-108.976, 35.3265], [-108.9793, 35.3287], [-108.9795, 35.3327], [-108.9826, 35.3319], [-108.982, 35.3265], [-108.9892, 35.3282], [-108.9874, 35.3251], [-108.9903, 35.3228], [-108.9908, 35.3172], [-108.9956, 35.3187], [-109.0067, 35.3359], [-109.0108, 35.3359], [-109.0141, 35.3405], [-109.0215, 35.3407], [-109.0289, 35.3496], [-109.0315, 35.3443], [-109.0368, 35.3459], [-109.0415, 35.343], [-109.0392, 35.3283], [-109.0466, 35.3305], [-109.0468, 35.3626], [-109.0424, 35.3698]]]}}, {"type": "Feature", "properties": {"fips": "35007950700", "gap_national": 26.5, "gap_stratum": 8.5, "burden": 67.8, "capacity": 47.4, "svi": 0.79, "top_decile_gap": 0.0, "stratum": "rural", "scored": 1}, "geometry": {"type": "Polygon", "coordinates": [[[-105.3753, 36.5562], [-105.3698, 36.5547], [-105.3493, 36.5618], [-105.3515, 36.5648], [-105.3502, 36.5725], [-105.3539, 36.575], [-105.3579, 36.5897], [-105.3748, 36.6086], [-105.3737, 36.6164], [-105.3681, 36.619], [-105.3697, 36.6226], [-105.3658, 36.6274], [-105.3541, 36.6304], [-105.351, 36.6334], [-105.3514, 36.6369], [-105.3554, 36.6392], [-105.3549, 36.6429], [-105.3641, 36.6541], [-105.3601, 36.6574], [-105.3603, 36.663], [-105.3703, 36.6716], [-105.3707, 36.6807], [-105.3652, 36.6835], [-105.3649, 36.6888], [-105.3523, 36.6972], [-105.3445, 36.6968], [-105.3353, 36.7024], [-105.3266, 36.6979], [-105.322, 36.6984], [-105.322, 36.7037], [-105.317, 36.7144], [-105.312, 36.7175], [-105.3118, 36.7245], [-105.2908, 36.7285], [-105.2808, 36.7183], [-105.2769, 36.7213], [-105.2684, 36.7168], [-105.2647, 36.7167], [-105.2615, 36.7197], [-105.2503, 36.7174], [-105.243, 36.7221], [-105.2306, 36.7238], [-105.229, 36.7296], [-105.2243, 36.7341], [-105.2266, 36.7383], [-105.2226, 36.7549], [-105.2252, 36.7581], [-105.2266, 36.7714], [-105.2353, 36.7907], [-105.2264, 36.8034], [-105.2334, 36.8073], [-105.2334, 36.812], [-105.2244, 36.8223], [-105.2241, 36.8256], [-105.2234, 36.8338], [-105.2293, 36.8423], [-105.2294, 36.8477], [-105.222, 36.8729], [-105.2001, 36.9156], [-105.2108, 36.9173], [-105.2131, 36.9324], [-105.222, 36.9359], [-105.2209, 36.9386], [-105.2273, 36.9463], [-105.2284, 36.9546], [-105.2362, 36.9623], [-105.2345, 36.9666], [-105.2374, 36.9732], [-105.2362, 36.9819], [-105.2302, 36.9859], [-105.2235, 36.9867], [-105.2194, 36.993], [-105.2205, 36.9952], [-105.1364, 36.9954], [-105.1344, 36.9825], [-105.1285, 36.9749], [-105.1252, 36.9495], [-105.1021, 36.9471], [-105.0913, 36.9436], [-105.0789, 36.9335], [-105.0778, 36.9271], [-105.0749, 36.9261], [-105.0752, 36.9231], [-105.0707, 36.9189], [-105.0677, 36.9186], [-105.0615, 36.9125], [-105.0521, 36.9124], [-105.0496, 36.9086], [-105.0472, 36.9104], [-105.0474, 36.9073], [-105.044, 36.9063], [-105.0442, 36.904], [-105.0283, 36.8982], [-105.0035, 36.8988], [-104.9989, 36.8936], [-104.9883, 36.8893], [-104.988, 36.8866], [-104.9732, 36.8782], [-104.962, 36.8644], [-104.9542, 36.8595], [-104.9463, 36.8587], [-104.9401, 36.8515], [-104.9266, 36.845], [-104.9184, 36.8282], [-104.9122, 36.8274], [-104.9102, 36.821], [-104.9063, 36.8192], [-104.9025, 36.8207], [-104.9019, 36.8169], [-104.8946, 36.8155], [-104.8885, 36.807], [-104.8841, 36.8056], [-104.8863, 36.8045], [-104.8846, 36.8023], [-104.8783, 36.8012], [-104.8784, 36.7974], [-104.8724, 36.7971], [-104.8719, 36.7937], [-104.8679, 36.7942], [-104.8687, 36.7915], [-104.863, 36.7877], [-104.8634, 36.7845], [-104.8586, 36.7826], [-104.8597, 36.7773], [-104.8529, 36.7763], [-104.8507, 36.7744], [-104.851, 36.7702], [-104.8442, 36.7723], [-104.8414, 36.767], [-104.8339, 36.7648], [-104.8312, 36.7602], [-104.8247, 36.7578], [-104.8157, 36.7453], [-104.8171, 36.7401], [-104.8153, 36.7376], [-104.816, 36.7343], [-104.8241, 36.738], [-104.8246, 36.7353], [-104.819, 36.7327], [-104.8171, 36.7291], [-104.8094, 36.7324], [-104.8079, 36.7354], [-104.8029, 36.7282], [-104.8088, 36.7257], [-104.7988, 36.7226], [-104.8006, 36.7197], [-104.7967, 36.7176], [-104.7997, 36.714], [-104.7921, 36.7066], [-104.7946, 36.7001], [-104.7895, 36.6954], [-104.7936, 36.6879], [-104.7904, 36.6828], [-104.7865, 36.6819], [-104.7869, 36.6788], [-104.7913, 36.6777], [-104.7909, 36.6761], [-104.7808, 36.6711], [-104.7803, 36.665], [-104.7745, 36.6583], [-104.776, 36.6527], [-104.7719, 36.6506], [-104.7716, 36.6471], [-104.7737, 36.6463], [-104.7722, 36.6426], [-104.7659, 36.6406], [-104.7659, 36.6361], [-104.7627, 36.6338], [-104.7602, 36.6348], [-104.7593, 36.6317], [-104.7624, 36.6305], [-104.7604, 36.6245], [-104.763, 36.621], [-104.7589, 36.6189], [-104.7586, 36.6128], [-104.752, 36.6077], [-104.7509, 36.6022], [-104.7456, 36.6016], [-104.7428, 36.5981], [-104.736, 36.598], [-104.7282, 36.6055], [-104.691, 36.6304], [-104.5537, 36.7007], [-104.5384, 36.7168], [-104.5342, 36.7135], [-104.5251, 36.7162], [-104.5172, 36.7116], [-104.5112, 36.7033], [-104.5064, 36.7011], [-104.5, 36.7029], [-104.4939, 36.6951], [-104.4845, 36.6934], [-104.4848, 36.6885], [-104.4824, 36.6874], [-104.4843, 36.6737], [-104.4874, 36.6727], [-104.4889, 36.6748], [-104.4937, 36.6691], [-104.4915, 36.665], [-104.4866, 36.6628], [-104.4909, 36.6596], [-104.4865, 36.6545], [-104.4913, 36.6434], [-104.4916, 36.636], [-104.5061, 36.6234], [-104.5051, 36.6204], [-104.5078, 36.62], [-104.5085, 36.623], [-104.5109, 36.6219], [-104.5095, 36.6125], [-104.5115, 36.6096], [-104.5087, 36.6071], [-104.5176, 36.5986], [-104.522, 36.5984], [-104.5235, 36.5911], [-104.532, 36.5876], [-104.5303, 36.578], [-104.5242, 36.5742], [-104.5228, 36.5689], [-104.5255, 36.5653], [-104.5242, 36.5595], [-104.5326, 36.5576], [-104.5296, 36.553], [-104.531, 36.5431], [-104.5368, 36.5371], [-104.5316, 36.5339], [-104.51, 36.5337], [-104.4978, 36.5231], [-104.3778, 36.5241], [-104.3492, 36.5231], [-104.3408, 36.5161], [-104.3117, 36.5158], [-104.2938, 36.5196], [-104.2845, 36.5183], [-104.2817, 36.5108], [-104.277, 36.5096], [-104.271, 36.502], [-104.2685, 36.4871], [-104.2306, 36.4865], [-104.2232, 36.4846], [-104.2195, 36.4801], [-104.2055, 36.4799], [-104.206, 36.4841], [-104.2152, 36.4971], [-104.2135, 36.5033], [-104.1973, 36.5191], [-104.1924, 36.5318], [-104.1832, 36.5406], [-104.1753, 36.5394], [-104.1562, 36.5424], [-104.1558, 36.5504], [-104.1444, 36.5621], [-104.1416, 36.5706], [-104.1224, 36.5885], [-104.1163, 36.5887], [-104.1106, 36.583], [-104.1066, 36.5733], [-104.0951, 36.5661], [-104.0084, 36.5676], [-104.0088, 36.2181], [-104.8654, 36.2179], [-104.8653, 36.2614], [-105.3413, 36.2619], [-105.3274, 36.2772], [-105.336, 36.3034], [-105.3312, 36.323], [-105.3326, 36.3316], [-105.3286, 36.339], [-105.3324, 36.3459], [-105.3291, 36.3497], [-105.3296, 36.3559], [-105.3324, 36.3675], [-105.3374, 36.3689], [-105.3362, 36.3734], [-105.3273, 36.3803], [-105.3251, 36.3886], [-105.3269, 36.3993], [-105.3303, 36.4037], [-105.3273, 36.4054], [-105.3279, 36.4083], [-105.3316, 36.4124], [-105.3405, 36.4161], [-105.3362, 36.4265], [-105.3327, 36.4288], [-105.3399, 36.435], [-105.336, 36.4389], [-105.3365, 36.4424], [-105.3432, 36.4465], [-105.3536, 36.443], [-105.3573, 36.4508], [-105.3494, 36.4557], [-105.3436, 36.4683], [-105.3396, 36.4705], [-105.3364, 36.4835], [-105.3222, 36.4867], [-105.3187, 36.4917], [-105.3254, 36.4962], [-105.3276, 36.5008], [-105.3372, 36.5052], [-105.3381, 36.51], [-105.3439, 36.5112], [-105.3478, 36.5321], [-105.3553, 36.5361], [-105.3578, 36.541], [-105.3677, 36.5427], [-105.3688, 36.5459], [-105.3777, 36.5523], [-105.3753, 36.5562]]]}}, {"type": "Feature", "properties": {"fips": "35007950600", "gap_national": 45.6, "gap_stratum": 31.0, "burden": 77.2, "capacity": 40.9, "svi": 0.78, "top_decile_gap": 0.0, "stratum": "small_town", "scored": 1}, "geometry": {"type": "Polygon", "coordinates": [[[-105.0292, 36.9927], [-104.4806, 36.9937], [-104.4842, 36.9867], [-104.4754, 36.9626], [-104.475, 36.9545], [-104.4658, 36.9365], [-104.4589, 36.9319], [-104.4396, 36.9079], [-104.4425, 36.8941], [-104.4402, 36.8892], [-104.4399, 36.8684], [-104.4444, 36.8271], [-104.4435, 36.818], [-104.4485, 36.8053], [-104.4595, 36.7898], [-104.5049, 36.7524], [-104.5537, 36.7007], [-104.691, 36.6304], [-104.7282, 36.6055], [-104.736, 36.598], [-104.7428, 36.5981], [-104.7456, 36.6016], [-104.7509, 36.6022], [-104.752, 36.6077], [-104.7586, 36.6128], [-104.7589, 36.6189], [-104.763, 36.621], [-104.7604, 36.6245], [-104.7624, 36.6305], [-104.7593, 36.6317], [-104.7602, 36.6348], [-104.7627, 36.6338], [-104.7659, 36.6361], [-104.7659, 36.6406], [-104.7722, 36.6426], [-104.7737, 36.6463], [-104.7716, 36.6471], [-104.7719, 36.6506], [-104.776, 36.6527], [-104.7745, 36.6583], [-104.7803, 36.665], [-104.7808, 36.6711], [-104.7909, 36.6761], [-104.7913, 36.6777], [-104.7869, 36.6788], [-104.7865, 36.6819], [-104.7904, 36.6828], [-104.7936, 36.6879], [-104.7895, 36.6954], [-104.7946, 36.7001], [-104.7921, 36.7066], [-104.7997, 36.714], [-104.7967, 36.7176], [-104.8006, 36.7197], [-104.7988, 36.7226], [-104.8088, 36.7257], [-104.8029, 36.7282], [-104.8079, 36.7354], [-104.8094, 36.7324], [-104.8171, 36.7291], [-104.819, 36.7327], [-104.8246, 36.7353], [-104.8241, 36.738], [-104.816, 36.7343], [-104.8153, 36.7376], [-104.8171, 36.7401], [-104.8157, 36.7453], [-104.8247, 36.7578], [-104.8312, 36.7602], [-104.8339, 36.7648], [-104.8414, 36.767], [-104.8442, 36.7723], [-104.851, 36.7702], [-104.8507, 36.7744], [-104.8529, 36.7763], [-104.8597, 36.7773], [-104.8586, 36.7826], [-104.8634, 36.7845], [-104.863, 36.7877], [-104.8687, 36.7915], [-104.8679, 36.7942], [-104.8719, 36.7937], [-104.8724, 36.7971], [-104.8784, 36.7974], [-104.8783, 36.8012], [-104.8846, 36.8023], [-104.8863, 36.8045], [-104.8841, 36.8056], [-104.8885, 36.807], [-104.8946, 36.8155], [-104.9019, 36.8169], [-104.9025, 36.8207], [-104.9063, 36.8192], [-104.9102, 36.821], [-104.9122, 36.8274], [-104.9184, 36.8282], [-104.9266, 36.845], [-104.9401, 36.8515], [-104.9463, 36.8587], [-104.9542, 36.8595], [-104.962, 36.8644], [-104.9732, 36.8782], [-104.988, 36.8866], [-104.9883, 36.8893], [-104.9989, 36.8936], [-105.0035, 36.8988], [-105.0283, 36.8982], [-105.0442, 36.904], [-105.044, 36.9063], [-105.0474, 36.9073], [-105.0472, 36.9104], [-105.0496, 36.9086], [-105.0521, 36.9124], [-105.0615, 36.9125], [-105.0677, 36.9186], [-105.0707, 36.9189], [-105.0752, 36.9231], [-105.0749, 36.9261], [-105.0778, 36.9271], [-105.0789, 36.9335], [-105.0913, 36.9436], [-105.1021, 36.9471], [-105.1252, 36.9495], [-105.1285, 36.9749], [-105.1344, 36.9825], [-105.1364, 36.9954], [-105.0292, 36.9927]]]}}, {"type": "Feature", "properties": {"fips": "35029000600", "gap_national": 74.3, "gap_stratum": 56.4, "burden": 72.4, "capacity": 6.6, "svi": 0.99, "top_decile_gap": 1.0, "stratum": "micropolitan", "scored": 1}, "geometry": {"type": "Polygon", "coordinates": [[[-107.7612, 32.2753], [-107.7603, 32.2779], [-107.7565, 32.276], [-107.7564, 32.2868], [-107.7305, 32.278], [-107.7232, 32.2813], [-107.7029, 32.2788], [-107.7528, 32.2713], [-107.7487, 32.2688], [-107.7468, 32.2614], [-107.7549, 32.2612], [-107.7581, 32.2646], [-107.7666, 32.2635], [-107.7671, 32.2665], [-107.7586, 32.2676], [-107.759, 32.2705], [-107.7597, 32.2744], [-107.7681, 32.2723], [-107.7686, 32.2744], [-107.7612, 32.2753]]]}}, {"type": "Feature", "properties": {"fips": "35013000600", "gap_national": 71.7, "gap_stratum": 75.5, "burden": 76.7, "capacity": 15.9, "svi": 0.94, "top_decile_gap": 1.0, "stratum": "metropolitan", "scored": 1}, "geometry": {"type": "Polygon", "coordinates": [[[-106.759, 32.3102], [-106.7643, 32.3062], [-106.7603, 32.3064], [-106.7594, 32.3038], [-106.7613, 32.3034], [-106.7586, 32.3001], [-106.7778, 32.296], [-106.7806, 32.2969], [-106.7854, 32.3053], [-106.759, 32.3102]]]}}, {"type": "Feature", "properties": {"fips": "35013000700", "gap_national": 63.5, "gap_stratum": 70.3, "burden": 65.2, "capacity": 9.9, "svi": 0.98, "top_decile_gap": 1.0, "stratum": "metropolitan", "scored": 1}, "geometry": {"type": "Polygon", "coordinates": [[[-106.7474, 32.3138], [-106.7425, 32.2988], [-106.7568, 32.2957], [-106.7613, 32.3034], [-106.7594, 32.3038], [-106.7603, 32.3064], [-106.7643, 32.3062], [-106.7474, 32.3138]]]}}, {"type": "Feature", "properties": {"fips": "35013001706", "gap_national": 67.7, "gap_stratum": 73.1, "burden": 70.8, "capacity": 13.2, "svi": 0.91, "top_decile_gap": 1.0, "stratum": "metropolitan", "scored": 1}, "geometry": {"type": "Polygon", "coordinates": [[[-106.5606, 31.7953], [-106.5603, 31.7926], [-106.5693, 31.785], [-106.5777, 31.7888], [-106.5805, 31.793], [-106.5797, 31.7963], [-106.5826, 31.7963], [-106.5821, 31.8016], [-106.5606, 31.7953]]]}}, {"type": "Feature", "properties": {"fips": "35017964600", "gap_national": 59.4, "gap_stratum": 55.0, "burden": 83.2, "capacity": 34.7, "svi": 0.58, "top_decile_gap": 1.0, "stratum": "micropolitan", "scored": 1}, "geometry": {"type": "Polygon", "coordinates": [[[-108.1452, 32.7652], [-108.1384, 32.7695], [-108.1333, 32.7782], [-108.1337, 32.7935], [-108.116, 32.8102], [-108.1099, 32.813], [-108.1037, 32.8097], [-108.0928, 32.8106], [-108.0833, 32.8063], [-108.0664, 32.8086], [-108.0595, 32.8062], [-108.0025, 32.813], [-107.9923, 32.8079], [-107.9712, 32.8047], [-107.9597, 32.8], [-107.9368, 32.8002], [-107.9179, 32.7909], [-107.9109, 32.7921], [-107.8969, 32.8132], [-107.8973, 32.8322], [-107.8913, 32.839], [-107.8914, 32.8457], [-107.8733, 32.8621], [-107.8712, 32.8759], [-107.8638, 32.8812], [-107.8636, 32.8854], [-107.8534, 32.89], [-107.8455, 32.8877], [-107.8419, 32.892], [-107.8363, 32.8929], [-107.8356, 32.8908], [-107.8291, 32.8937], [-107.8156, 32.9083], [-107.7789, 32.9142], [-107.7747, 32.9127], [-107.7752, 32.9166], [-107.7739, 32.9136], [-107.7677, 32.9145], [-107.7681, 32.9114], [-107.7659, 32.9117], [-107.7789, 32.8969], [-107.7762, 32.8933], [-107.7758, 32.8773], [-107.7776, 32.8751], [-107.7744, 32.8739], [-107.7731, 32.8538], [-107.759, 32.8467], [-107.7492, 32.8273], [-107.745, 32.8251], [-107.7498, 32.8065], [-107.7468, 32.8035], [-107.7479, 32.8001], [-107.745, 32.7992], [-107.7421, 32.7903], [-107.7369, 32.7844], [-107.7218, 32.7788], [-107.7185, 32.764], [-107.7162, 32.7627], [-107.7196, 32.7606], [-107.7177, 32.7551], [-107.7212, 32.7483], [-107.7197, 32.7438], [-107.7229, 32.7361], [-107.7183, 32.7268], [-107.7157, 32.726], [-107.7153, 32.7216], [-107.7188, 32.7201], [-107.7182, 32.7162], [-107.7204, 32.7142], [-107.7196, 32.6975], [-107.7274, 32.6921], [-107.7283, 32.6802], [-107.7243, 32.6738], [-107.7241, 32.6675], [-107.7253, 32.6611], [-107.7308, 32.6532], [-107.7316, 32.6495], [-107.7295, 32.6475], [-107.7337, 32.6425], [-107.7321, 32.6348], [-107.7369, 32.6295], [-107.7169, 32.6226], [-107.6085, 32.6054], [-107.924, 32.6044], [-107.9238, 32.5174], [-108.0009, 32.5171], [-108.0853, 32.5973], [-108.0828, 32.6097], [-108.0864, 32.6148], [-108.081, 32.6215], [-108.0846, 32.628], [-108.0937, 32.6342], [-108.1022, 32.6478], [-108.103, 32.6532], [-108.1071, 32.656], [-108.1036, 32.6662], [-108.1164, 32.7036], [-108.1188, 32.7068], [-108.1254, 32.7057], [-108.1357, 32.7081], [-108.134, 32.7486], [-108.149, 32.7499], [-108.1452, 32.7652]]]}}, {"type": "Feature", "properties": {"fips": "35017964100", "gap_national": 3.8, "gap_stratum": -12.7, "burden": 76.6, "capacity": 69.5, "svi": 0.49, "top_decile_gap": 0.0, "stratum": "micropolitan", "scored": 1}, "geometry": {"type": "Polygon", "coordinates": [[[-108.6673, 33.1954], [-108.6611, 33.2027], [-108.6595, 33.2093], [-108.5432, 33.208], [-108.45, 33.201], [-108.0294, 33.2015], [-107.8616, 33.1987], [-107.8583, 33.2009], [-107.8572, 33.1971], [-107.8612, 33.1877], [-107.8554, 33.1911], [-107.8495, 33.1888], [-107.8485, 33.1854], [-107.8421, 33.1854], [-107.8396, 33.1828], [-107.8424, 33.1808], [-107.8395, 33.1772], [-107.8427, 33.1724], [-107.8501, 33.1731], [-107.8576, 33.165], [-107.8539, 33.1574], [-107.8562, 33.1499], [-107.8529, 33.1453], [-107.8526, 33.1342], [-107.8456, 33.1309], [-107.8506, 33.1197], [-107.8484, 33.117], [-107.8461, 33.1022], [-107.8421, 33.0958], [-107.8454, 33.0841], [-107.8365, 33.0803], [-107.8334, 33.074], [-107.8448, 33.0586], [-107.8515, 33.0562], [-107.8505, 33.0444], [-107.8552, 33.0411], [-107.8568, 33.0366], [-107.8482, 33.0264], [-107.8464, 33.0124], [-107.8491, 33.0065], [-107.8546, 33.0069], [-107.8567, 33.0025], [-107.8407, 32.9876], [-107.8377, 32.9791], [-107.8384, 32.9739], [-107.8308, 32.9732], [-107.8298, 32.9639], [-107.8221, 32.9622], [-107.816, 32.9579], [-107.8039, 32.9591], [-107.7918, 32.9481], [-107.7805, 32.9528], [-107.7741, 32.9506], [-107.7704, 32.9409], [-107.7758, 32.9375], [-107.7757, 32.9308], [-107.7673, 32.9217], [-107.7653, 32.9118], [-107.7681, 32.9114], [-107.7677, 32.9145], [-107.7739, 32.9136], [-107.7752, 32.9166], [-107.7747, 32.9127], [-107.7789, 32.9142], [-107.8156, 32.9083], [-107.8291, 32.8937], [-107.8356, 32.8908], [-107.8363, 32.8929], [-107.8419, 32.892], [-107.8455, 32.8877], [-107.8534, 32.89], [-107.8636, 32.8854], [-107.8638, 32.8812], [-107.8712, 32.8759], [-107.8733, 32.8621], [-107.8914, 32.8457], [-107.8913, 32.839], [-107.8973, 32.8322], [-107.8964, 32.815], [-107.9, 32.807], [-107.9083, 32.7941], [-107.9163, 32.7906], [-107.9347, 32.7998], [-107.9597, 32.8], [-107.9712, 32.8047], [-107.9923, 32.8079], [-108.0025, 32.813], [-108.0595, 32.8062], [-108.0664, 32.8086], [-108.0833, 32.8063], [-108.0977, 32.8113], [-108.1037, 32.8097], [-108.1075, 32.813], [-108.1048, 32.8255], [-108.099, 32.8314], [-108.0992, 32.8358], [-108.1018, 32.8366], [-108.1128, 32.8314], [-108.1147, 32.8317], [-108.1148, 32.835], [-108.1273, 32.8328], [-108.1402, 32.8217], [-108.1427, 32.8204], [-108.142, 32.8231], [-108.1508, 32.8164], [-108.1555, 32.8176], [-108.1597, 32.8329], [-108.167, 32.8346], [-108.1667, 32.8382], [-108.1751, 32.8229], [-108.1859, 32.8235], [-108.187, 32.826], [-108.1951, 32.8279], [-108.2062, 32.8361], [-108.2108, 32.8337], [-108.2134, 32.8369], [-108.2125, 32.8411], [-108.2208, 32.8458], [-108.2274, 32.8462], [-108.2279, 32.8514], [-108.2238, 32.8583], [-108.2318, 32.8527], [-108.2364, 32.8565], [-108.2415, 32.8528], [-108.2457, 32.8532], [-108.2438, 32.8573], [-108.2477, 32.8575], [-108.2479, 32.8613], [-108.2551, 32.8652], [-108.2607, 32.8624], [-108.2694, 32.8529], [-108.2753, 32.8508], [-108.2726, 32.8543], [-108.2755, 32.856], [-108.2742, 32.8618], [-108.2773, 32.8629], [-108.2851, 32.8628], [-108.285, 32.8585], [-108.2901, 32.8523], [-108.295, 32.8519], [-108.3, 32.8472], [-108.3197, 32.8546], [-108.3202, 32.8386], [-108.3319, 32.8357], [-108.3386, 32.8379], [-108.3421, 32.8299], [-108.358, 32.8358], [-108.3505, 32.8264], [-108.3494, 32.8129], [-108.3374, 32.8105], [-108.3397, 32.8048], [-108.3388, 32.7984], [-108.3295, 32.8011], [-108.3247, 32.7965], [-108.3263, 32.7924], [-108.3235, 32.7881], [-108.3324, 32.7755], [-108.3278, 32.7666], [-108.329, 32.7627], [-108.3243, 32.7582], [-108.3309, 32.7523], [-108.3373, 32.7507], [-108.35, 32.7568], [-108.372, 32.7559], [-108.3823, 32.7621], [-108.3966, 32.7665], [-108.4183, 32.7695], [-108.4309, 32.7684], [-108.4439, 32.7754], [-108.4642, 32.7815], [-108.4728, 32.7819], [-108.4785, 32.7856], [-108.4879, 32.809], [-108.5, 32.8213], [-108.5052, 32.8363], [-108.5177, 32.8486], [-108.5194, 32.8778], [-108.5246, 32.8874], [-108.5324, 32.8911], [-108.5585, 32.9114], [-108.5654, 32.9129], [-108.5644, 32.9202], [-108.5674, 32.9254], [-108.5735, 32.9279], [-108.5741, 32.9393], [-108.5782, 32.9458], [-108.5929, 32.943], [-108.5918, 32.9498], [-108.5974, 32.9453], [-108.6014, 32.9453], [-108.602, 32.9553], [-108.6039, 32.9557], [-108.5964, 32.9596], [-108.5798, 32.9761], [-108.5582, 33.0061], [-108.5434, 33.0176], [-108.5386, 33.0244], [-108.5348, 33.0254], [-108.536, 33.0358], [-108.5282, 33.0434], [-108.5301, 33.046], [-108.5322, 33.0435], [-108.5471, 33.0469], [-108.5674, 33.0654], [-108.572, 33.0712], [-108.576, 33.0986], [-108.5817, 33.1103], [-108.5863, 33.1135], [-108.5927, 33.115], [-108.596, 33.1129], [-108.611, 33.1177], [-108.6261, 33.1317], [-108.6325, 33.1421], [-108.6422, 33.1491], [-108.642, 33.1539], [-108.6517, 33.1716], [-108.6645, 33.176], [-108.6698, 33.1843], [-108.6673, 33.1954]]]}}, {"type": "Feature", "properties": {"fips": "35049001202", "gap_national": 62.5, "gap_stratum": 69.5, "burden": 63.7, "capacity": 9.0, "svi": 1.0, "top_decile_gap": 1.0, "stratum": "metropolitan", "scored": 1}, "geometry": {"type": "Polygon", "coordinates": [[[-105.9979, 35.6645], [-105.9858, 35.6731], [-105.9848, 35.6702], [-105.9884, 35.6682], [-105.9853, 35.6586], [-106.0175, 35.639], [-106.0193, 35.6392], [-106.0247, 35.6576], [-105.9979, 35.6645]]]}}, {"type": "Feature", "properties": {"fips": "35049001001", "gap_national": -29.0, "gap_stratum": -20.9, "burden": 58.2, "capacity": 79.3, "svi": 0.64, "top_decile_gap": 0.0, "stratum": "metropolitan", "scored": 1}, "geometry": {"type": "Polygon", "coordinates": [[[-105.9536, 35.6741], [-105.9403, 35.6697], [-105.9358, 35.6706], [-105.9396, 35.6595], [-105.9388, 35.6546], [-105.9565, 35.6591], [-105.9536, 35.6741]]]}}, {"type": "Feature", "properties": {"fips": "35049001205", "gap_national": 36.4, "gap_stratum": 43.1, "burden": 38.5, "capacity": 3.2, "svi": 0.91, "top_decile_gap": 0.0, "stratum": "metropolitan", "scored": 1}, "geometry": {"type": "Polygon", "coordinates": [[[-106.0651, 35.6407], [-106.0512, 35.6424], [-106.0408, 35.6482], [-106.0356, 35.637], [-106.0712, 35.6321], [-106.0711, 35.6365], [-106.0651, 35.6407]]]}}, {"type": "Feature", "properties": {"fips": "35049010316", "gap_national": -29.8, "gap_stratum": -24.1, "burden": 40.4, "capacity": 63.8, "svi": 0.45, "top_decile_gap": 0.0, "stratum": "metropolitan", "scored": 1}, "geometry": {"type": "Polygon", "coordinates": [[[-105.9827, 35.6384], [-105.9563, 35.6386], [-105.9562, 35.6343], [-105.9828, 35.6257], [-105.9827, 35.6384]]]}}, {"type": "Feature", "properties": {"fips": "35025000504", "gap_national": 20.7, "gap_stratum": 0.7, "burden": 31.9, "capacity": 15.0, "svi": 0.26, "top_decile_gap": 0.0, "stratum": "micropolitan", "scored": 1}, "geometry": {"type": "Polygon", "coordinates": [[[-103.1738, 32.762], [-103.1643, 32.7549], [-103.1449, 32.7548], [-103.1449, 32.7325], [-103.1406, 32.7325], [-103.1411, 32.7301], [-103.1448, 32.7296], [-103.1448, 32.7258], [-103.1467, 32.7258], [-103.1788, 32.7586], [-103.1738, 32.762]]]}}, {"type": "Feature", "properties": {"fips": "35001000128", "gap_national": 34.3, "gap_stratum": 40.7, "burden": 43.5, "capacity": 14.8, "svi": 0.62, "top_decile_gap": 0.0, "stratum": "metropolitan", "scored": 1}, "geometry": {"type": "Polygon", "coordinates": [[[-106.5153, 35.0936], [-106.515, 35.0868], [-106.5326, 35.0873], [-106.5327, 35.0945], [-106.5153, 35.0936]]]}}, {"type": "Feature", "properties": {"fips": "35001000123", "gap_national": 28.7, "gap_stratum": 34.7, "burden": 45.6, "capacity": 23.5, "svi": 0.38, "top_decile_gap": 0.0, "stratum": "metropolitan", "scored": 1}, "geometry": {"type": "Polygon", "coordinates": [[[-106.5329, 35.1017], [-106.5326, 35.0873], [-106.5431, 35.0874], [-106.5507, 35.0903], [-106.5508, 35.102], [-106.5329, 35.1017]]]}}, {"type": "Feature", "properties": {"fips": "35001000704", "gap_national": 38.9, "gap_stratum": 45.7, "burden": 49.0, "capacity": 16.8, "svi": 0.77, "top_decile_gap": 0.0, "stratum": "metropolitan", "scored": 1}, "geometry": {"type": "Polygon", "coordinates": [[[-106.5062, 35.0865], [-106.5064, 35.074], [-106.5431, 35.0874], [-106.5062, 35.0865]]]}}, {"type": "Feature", "properties": {"fips": "35001003731", "gap_national": -51.1, "gap_stratum": -49.4, "burden": 20.1, "capacity": 62.4, "svi": 0.01, "top_decile_gap": 0.0, "stratum": "metropolitan", "scored": 1}, "geometry": {"type": "Polygon", "coordinates": [[[-106.5334, 35.1942], [-106.5244, 35.1952], [-106.496, 35.1902], [-106.4962, 35.175], [-106.5334, 35.1747], [-106.5334, 35.1942]]]}}, {"type": "Feature", "properties": {"fips": "35001003001", "gap_national": 32.8, "gap_stratum": 38.8, "burden": 56.1, "capacity": 31.4, "svi": 0.8, "top_decile_gap": 0.0, "stratum": "metropolitan", "scored": 1}, "geometry": {"type": "Polygon", "coordinates": [[[-106.6738, 35.1251], [-106.655, 35.1227], [-106.6583, 35.1064], [-106.6708, 35.1052], [-106.6755, 35.1184], [-106.6738, 35.1251]]]}}, {"type": "Feature", "properties": {"fips": "35001004502", "gap_national": 56.3, "gap_stratum": 63.5, "burden": 59.9, "capacity": 11.2, "svi": 0.9, "top_decile_gap": 1.0, "stratum": "metropolitan", "scored": 1}, "geometry": {"type": "Polygon", "coordinates": [[[-106.6884, 35.0518], [-106.6777, 35.0535], [-106.6804, 35.0268], [-106.6898, 35.0267], [-106.6919, 35.0363], [-106.6884, 35.0518]]]}}, {"type": "Feature", "properties": {"fips": "35001000107", "gap_national": -17.2, "gap_stratum": -10.7, "burden": 49.9, "capacity": 62.7, "svi": 0.28, "top_decile_gap": 0.0, "stratum": "metropolitan", "scored": 1}, "geometry": {"type": "Polygon", "coordinates": [[[-106.4899, 35.1303], [-106.4866, 35.1334], [-106.4804, 35.131], [-106.48, 35.1127], [-106.4889, 35.1096], [-106.4896, 35.1156], [-106.4975, 35.1156], [-106.4979, 35.1307], [-106.4899, 35.1303]]]}}, {"type": "Feature", "properties": {"fips": "35001003725", "gap_national": 35.2, "gap_stratum": 41.4, "burden": 55.4, "capacity": 28.5, "svi": 0.55, "top_decile_gap": 0.0, "stratum": "metropolitan", "scored": 1}, "geometry": {"type": "Polygon", "coordinates": [[[-106.5869, 35.1603], [-106.5688, 35.1599], [-106.5687, 35.1529], [-106.572, 35.1516], [-106.5744, 35.1453], [-106.5864, 35.148], [-106.5885, 35.1531], [-106.5869, 35.1603]]]}}, {"type": "Feature", "properties": {"fips": "35001000121", "gap_national": 43.6, "gap_stratum": 49.0, "burden": 63.9, "capacity": 29.9, "svi": 0.83, "top_decile_gap": 0.0, "stratum": "metropolitan", "scored": 1}, "geometry": {"type": "Polygon", "coordinates": [[[-106.5332, 35.1162], [-106.5329, 35.1017], [-106.5508, 35.102], [-106.5509, 35.1165], [-106.5332, 35.1162]]]}}, {"type": "Feature", "properties": {"fips": "35001000904", "gap_national": 68.3, "gap_stratum": 73.2, "burden": 72.4, "capacity": 14.6, "svi": 0.93, "top_decile_gap": 1.0, "stratum": "metropolitan", "scored": 1}, "geometry": {"type": "Polygon", "coordinates": [[[-106.5775, 35.0728], [-106.5686, 35.0727], [-106.5689, 35.0525], [-106.5776, 35.0553], [-106.5775, 35.0728]]]}}, {"type": "Feature", "properties": {"fips": "35049940500", "gap_national": 47.6, "gap_stratum": 52.3, "burden": 68.2, "capacity": 31.0, "svi": 0.72, "top_decile_gap": 0.0, "stratum": "metropolitan", "scored": 1}, "geometry": {"type": "Polygon", "coordinates": [[[-105.9904, 35.9251], [-105.9177, 35.9249], [-105.9179, 35.8845], [-105.8748, 35.8847], [-105.8747, 35.8264], [-105.9289, 35.8268], [-105.929, 35.8487], [-105.9905, 35.849], [-105.9904, 35.9251]]]}}, {"type": "Feature", "properties": {"fips": "35049980000", "gap_national": 10.0, "gap_stratum": 0.5, "burden": 14.9, "capacity": 1.6, "svi": 0.07, "top_decile_gap": 0.0, "stratum": "rural", "scored": 1}, "geometry": {"type": "Polygon", "coordinates": [[[-106.0721, 35.5735], [-106.0536, 35.5736], [-106.0537, 35.5589], [-106.0717, 35.5585], [-106.0721, 35.5735]]]}}, {"type": "Feature", "properties": {"fips": "35051962401", "gap_national": -1.5, "gap_stratum": -33.4, "burden": 75.8, "capacity": 72.9, "svi": 0.26, "top_decile_gap": 0.0, "stratum": "small_town", "scored": 1}, "geometry": {"type": "Polygon", "coordinates": [[[-107.4189, 33.2007], [-107.3961, 33.2212], [-107.3879, 33.2258], [-107.3806, 33.2344], [-107.3722, 33.2386], [-107.358, 33.2351], [-107.3495, 33.2357], [-107.3461, 33.2478], [-107.3423, 33.2528], [-107.3059, 33.2564], [-107.2777, 33.2512], [-107.2715, 33.2526], [-107.2724, 33.2546], [-107.2658, 33.2525], [-107.2764, 33.284], [-107.2886, 33.2958], [-107.2916, 33.305], [-107.2915, 33.3165], [-107.2955, 33.3272], [-107.2481, 33.4359], [-107.2339, 33.4535], [-107.2208, 33.478], [-106.4743, 33.4758], [-106.4743, 33.4802], [-106.3728, 33.4799], [-106.3719, 33.3906], [-106.3457, 33.3906], [-106.3405, 33.0528], [-106.8879, 32.8228], [-106.8877, 32.7793], [-107.2995, 32.7801], [-107.3049, 32.7823], [-107.3008, 32.7935], [-107.307, 32.7979], [-107.3015, 32.8181], [-107.3049, 32.8279], [-107.2965, 32.8329], [-107.2965, 32.8472], [-107.2916, 32.8549], [-107.3036, 32.8569], [-107.3063, 32.8625], [-107.2917, 32.8877], [-107.297, 32.9058], [-107.2943, 32.9459], [-107.2959, 32.9599], [-107.2845, 32.9887], [-107.2847, 33.0066], [-107.2773, 33.0412], [-107.2789, 33.0599], [-107.2743, 33.0671], [-107.276, 33.073], [-107.2907, 33.0767], [-107.2929, 33.0798], [-107.2926, 33.084], [-107.2832, 33.0898], [-107.2794, 33.0997], [-107.2819, 33.1018], [-107.2925, 33.1014], [-107.2972, 33.1063], [-107.2975, 33.1107], [-107.2901, 33.114], [-107.274, 33.1128], [-107.2564, 33.1171], [-107.254, 33.1186], [-107.2548, 33.1225], [-107.2489, 33.1285], [-107.2354, 33.1279], [-107.2298, 33.1303], [-107.221, 33.1481], [-107.2431, 33.1604], [-107.246, 33.1517], [-107.2534, 33.1571], [-107.2554, 33.1501], [-107.2964, 33.1212], [-107.3053, 33.0965], [-107.331, 33.0992], [-107.3416, 33.1131], [-107.3687, 33.1275], [-107.3699, 33.1423], [-107.4046, 33.1593], [-107.4265, 33.18], [-107.4314, 33.1909], [-107.4431, 33.1964], [-107.4189, 33.2007]]]}}, {"type": "Feature", "properties": {"fips": "35051962402", "gap_national": 53.0, "gap_stratum": 64.5, "burden": 90.4, "capacity": 44.8, "svi": 0.62, "top_decile_gap": 1.0, "stratum": "rural", "scored": 1}, "geometry": {"type": "Polygon", "coordinates": [[[-108.0006, 33.478], [-107.9678, 33.478], [-107.939, 33.4744], [-107.7465, 33.4778], [-107.4857, 33.4762], [-107.2208, 33.478], [-107.2339, 33.4535], [-107.2481, 33.4359], [-107.2955, 33.3272], [-107.2915, 33.3165], [-107.2916, 33.305], [-107.2886, 33.2958], [-107.2764, 33.284], [-107.2658, 33.2525], [-107.2724, 33.2546], [-107.2715, 33.2526], [-107.2777, 33.2512], [-107.3059, 33.2564], [-107.3423, 33.2528], [-107.3461, 33.2478], [-107.3495, 33.2357], [-107.358, 33.2351], [-107.3722, 33.2386], [-107.3806, 33.2344], [-107.3879, 33.2258], [-107.3961, 33.2212], [-107.4189, 33.2007], [-107.4431, 33.1964], [-107.4314, 33.1909], [-107.4265, 33.18], [-107.4046, 33.1593], [-107.3699, 33.1423], [-107.3687, 33.1275], [-107.3416, 33.1131], [-107.331, 33.0992], [-107.3053, 33.0965], [-107.303, 33.102], [-107.2938, 33.1032], [-107.2794, 33.0997], [-107.2832, 33.0898], [-107.2932, 33.083], [-107.2907, 33.0767], [-107.276, 33.073], [-107.2743, 33.0671], [-107.2789, 33.0599], [-107.2773, 33.0412], [-107.2847, 33.0066], [-107.2845, 32.9887], [-107.2959, 32.9599], [-107.2943, 32.9459], [-107.297, 32.9058], [-107.2917, 32.8877], [-107.3063, 32.8625], [-107.3036, 32.8569], [-107.2916, 32.8549], [-107.2965, 32.8472], [-107.2965, 32.8329], [-107.3049, 32.8279], [-107.3015, 32.8181], [-107.307, 32.7995], [-107.3008, 32.7935], [-107.3049, 32.7823], [-107.2995, 32.7801], [-107.2996, 32.6054], [-107.6085, 32.6054], [-107.7169, 32.6226], [-107.7369, 32.6295], [-107.7321, 32.6348], [-107.7337, 32.6425], [-107.7295, 32.6475], [-107.7316, 32.6495], [-107.7308, 32.6532], [-107.7253, 32.6611], [-107.7241, 32.6675], [-107.7243, 32.6738], [-107.7283, 32.6802], [-107.7274, 32.6921], [-107.7196, 32.6975], [-107.7204, 32.7142], [-107.7182, 32.7162], [-107.7188, 32.7201], [-107.7153, 32.7216], [-107.7157, 32.726], [-107.7183, 32.7268], [-107.7229, 32.7361], [-107.7197, 32.7438], [-107.7212, 32.7483], [-107.7177, 32.7551], [-107.7196, 32.7606], [-107.7162, 32.7627], [-107.7185, 32.764], [-107.7218, 32.7788], [-107.7369, 32.7844], [-107.7421, 32.7903], [-107.745, 32.7992], [-107.7479, 32.8001], [-107.7468, 32.8035], [-107.7498, 32.8065], [-107.745, 32.8251], [-107.7492, 32.8273], [-107.759, 32.8467], [-107.7698, 32.8506], [-107.7737, 32.8557], [-107.7744, 32.8739], [-107.7776, 32.8751], [-107.7758, 32.8773], [-107.7762, 32.8933], [-107.7789, 32.8969], [-107.7653, 32.9118], [-107.7673, 32.9217], [-107.7757, 32.9308], [-107.7758, 32.9375], [-107.7704, 32.9409], [-107.776, 32.9523], [-107.7805, 32.9528], [-107.7918, 32.9481], [-107.8039, 32.9591], [-107.816, 32.9579], [-107.8221, 32.9622], [-107.8298, 32.9639], [-107.8308, 32.9732], [-107.8384, 32.9739], [-107.8377, 32.9791], [-107.8407, 32.9876], [-107.8567, 33.0025], [-107.8546, 33.0069], [-107.8491, 33.0065], [-107.8464, 33.0124], [-107.8482, 33.0264], [-107.8568, 33.0366], [-107.8552, 33.0411], [-107.8505, 33.0444], [-107.8515, 33.0562], [-107.8448, 33.0586], [-107.8334, 33.074], [-107.8365, 33.0803], [-107.8454, 33.0841], [-107.8421, 33.0958], [-107.8461, 33.1022], [-107.8484, 33.117], [-107.8506, 33.1197], [-107.8456, 33.1309], [-107.8526, 33.1342], [-107.8529, 33.1453], [-107.8562, 33.1499], [-107.8539, 33.1574], [-107.8576, 33.165], [-107.8501, 33.1731], [-107.8427, 33.1724], [-107.8395, 33.1772], [-107.8424, 33.1808], [-107.8396, 33.1828], [-107.8421, 33.1854], [-107.8485, 33.1854], [-107.8495, 33.1888], [-107.8554, 33.1911], [-107.8612, 33.1877], [-107.8572, 33.1971], [-107.8583, 33.2009], [-107.8616, 33.1987], [-108.0006, 33.2013], [-108.0006, 33.478]]]}}, {"type": "Feature", "properties": {"fips": "35001000120", "gap_national": 30.1, "gap_stratum": 36.2, "burden": 43.0, "capacity": 18.8, "svi": 0.71, "top_decile_gap": 0.0, "stratum": "metropolitan", "scored": 1}, "geometry": {"type": "Polygon", "coordinates": [[[-106.5333, 35.1234], [-106.5332, 35.1162], [-106.5509, 35.1165], [-106.551, 35.1236], [-106.5333, 35.1234]]]}}, {"type": "Feature", "properties": {"fips": "35013001203", "gap_national": 27.2, "gap_stratum": 32.9, "burden": 37.8, "capacity": 15.5, "svi": 0.55, "top_decile_gap": 0.0, "stratum": "metropolitan", "scored": 1}, "geometry": {"type": "Polygon", "coordinates": [[[-106.7299, 32.3208], [-106.726, 32.3152], [-106.7307, 32.315], [-106.728, 32.3077], [-106.7324, 32.3035], [-106.7377, 32.3029], [-106.7368, 32.3], [-106.7425, 32.2988], [-106.7463, 32.3141], [-106.7299, 32.3208]]]}}, {"type": "Feature", "properties": {"fips": "35035000901", "gap_national": 3.1, "gap_stratum": -20.0, "burden": 77.6, "capacity": 70.8, "svi": 0.35, "top_decile_gap": 0.0, "stratum": "rural", "scored": 1}, "geometry": {"type": "Polygon", "coordinates": [[[-105.8754, 32.9905], [-105.8701, 32.9937], [-105.8674, 32.9968], [-105.8684, 33.0088], [-105.8428, 33.0268], [-105.8378, 33.0309], [-105.8377, 33.0337], [-105.8312, 33.0343], [-105.8292, 33.0334], [-105.8314, 33.0038], [-105.4362, 33.0043], [-105.4361, 32.9999], [-105.4219, 32.9992], [-105.4189, 32.997], [-105.4188, 32.9923], [-105.4133, 32.9925], [-105.4131, 33.0038], [-105.3162, 33.0027], [-105.316, 32.9621], [-105.3525, 32.962], [-105.3523, 32.8666], [-105.3597, 32.8641], [-105.3585, 32.8601], [-105.362, 32.8472], [-105.3716, 32.8399], [-105.3735, 32.8355], [-105.3917, 32.8279], [-105.4013, 32.8247], [-105.4359, 32.8205], [-105.4399, 32.8209], [-105.4484, 32.8295], [-105.446, 32.8319], [-105.4516, 32.8376], [-105.4459, 32.8406], [-105.4586, 32.8485], [-105.4584, 32.8626], [-105.467, 32.8664], [-105.4803, 32.8653], [-105.4824, 32.8663], [-105.4814, 32.8694], [-105.4865, 32.8709], [-105.4888, 32.8771], [-105.4957, 32.8719], [-105.5069, 32.8504], [-105.522, 32.8493], [-105.5326, 32.8528], [-105.5624, 32.8545], [-105.5831, 32.859], [-105.599, 32.8561], [-105.6121, 32.8664], [-105.6215, 32.8683], [-105.6259, 32.8723], [-105.6346, 32.8738], [-105.654, 32.8828], [-105.6565, 32.8807], [-105.6554, 32.8828], [-105.6782, 32.894], [-105.6903, 32.9067], [-105.7053, 32.9087], [-105.7075, 32.9125], [-105.7314, 32.9254], [-105.7324, 32.92], [-105.7545, 32.9205], [-105.7582, 32.9135], [-105.7665, 32.9122], [-105.7677, 32.9088], [-105.7722, 32.907], [-105.7718, 32.9101], [-105.7914, 32.9145], [-105.7984, 32.919], [-105.7922, 32.9176], [-105.7894, 32.9213], [-105.7925, 32.9226], [-105.7889, 32.9241], [-105.7965, 32.9231], [-105.8094, 32.9296], [-105.817, 32.9309], [-105.8245, 32.9401], [-105.8341, 32.9439], [-105.8355, 32.9471], [-105.8479, 32.9491], [-105.8709, 32.9451], [-105.8758, 32.9472], [-105.8812, 32.9565], [-105.8989, 32.9674], [-105.9094, 32.9813], [-105.8754, 32.9905]]]}}, {"type": "Feature", "properties": {"fips": "35027960200", "gap_national": 37.6, "gap_stratum": 34.2, "burden": 80.1, "capacity": 49.1, "svi": 0.72, "top_decile_gap": 0.0, "stratum": "rural", "scored": 1}, "geometry": {"type": "Polygon", "coordinates": [[[-106.2683, 33.6605], [-106.1583, 33.6524], [-106.1583, 33.6503], [-106.0527, 33.6503], [-106.0527, 33.8256], [-105.9247, 33.8256], [-105.926, 34.26], [-105.3132, 34.26], [-105.3131, 34.3472], [-104.8917, 34.347], [-104.8937, 34.0476], [-104.9193, 34.053], [-104.9304, 34.0514], [-104.9352, 34.0463], [-104.9473, 34.0501], [-104.9651, 34.0499], [-104.9819, 34.0565], [-104.9877, 34.0564], [-104.9905, 34.0531], [-105.0032, 34.0497], [-105.0085, 34.0457], [-105.0249, 34.043], [-105.0531, 34.0284], [-105.0559, 34.0192], [-105.0519, 34.0154], [-105.0493, 33.9991], [-105.0589, 33.9914], [-105.0768, 33.9942], [-105.1064, 34.0156], [-105.1076, 34.013], [-105.1149, 34.0119], [-105.1308, 34.0129], [-105.1388, 34.0084], [-105.165, 34.0064], [-105.1703, 33.9991], [-105.1772, 33.9784], [-105.1929, 33.9511], [-105.2126, 33.9518], [-105.2308, 33.961], [-105.2482, 33.96], [-105.2576, 33.9639], [-105.2688, 33.9617], [-105.291, 33.9625], [-105.3057, 33.9699], [-105.3198, 33.9736], [-105.3429, 33.9666], [-105.3689, 33.964], [-105.4073, 33.9545], [-105.4245, 33.9472], [-105.4356, 33.935], [-105.4311, 33.9189], [-105.4492, 33.8934], [-105.4768, 33.8746], [-105.4988, 33.8706], [-105.5156, 33.8473], [-105.5144, 33.8384], [-105.5259, 33.8343], [-105.5267, 33.825], [-105.5444, 33.8239], [-105.5526, 33.8169], [-105.5712, 33.8104], [-105.5922, 33.8094], [-105.6307, 33.7934], [-105.6373, 33.7938], [-105.645, 33.7896], [-105.654, 33.791], [-105.66, 33.7832], [-105.6601, 33.775], [-105.6445, 33.7713], [-105.6303, 33.7635], [-105.6277, 33.7579], [-105.6139, 33.7542], [-105.6074, 33.7465], [-105.6131, 33.7363], [-105.6084, 33.731], [-105.6099, 33.7173], [-105.5976, 33.711], [-105.625, 33.7107], [-105.6481, 33.7007], [-105.6679, 33.6841], [-105.676, 33.6809], [-105.6741, 33.6783], [-105.6777, 33.6668], [-105.6872, 33.6583], [-105.6975, 33.6555], [-105.7366, 33.6162], [-105.7377, 33.6095], [-105.7417, 33.6068], [-105.7144, 33.579], [-105.7137, 33.57], [-105.7044, 33.549], [-105.7053, 33.5352], [-105.7092, 33.5266], [-105.7238, 33.5207], [-105.7398, 33.5179], [-105.7625, 33.4973], [-105.7776, 33.5024], [-105.7876, 33.5015], [-105.7835, 33.5008], [-105.7851, 33.4955], [-105.7795, 33.4927], [-105.7842, 33.492], [-105.7816, 33.4882], [-105.7852, 33.4854], [-105.7857, 33.4679], [-105.7993, 33.4653], [-105.8093, 33.4603], [-105.8228, 33.4621], [-105.8264, 33.4548], [-105.8377, 33.451], [-105.847, 33.4316], [-105.8417, 33.4293], [-105.8396, 33.4307], [-105.8388, 33.4286], [-105.8354, 33.4307], [-105.8296, 33.429], [-105.8242, 33.4201], [-105.8267, 33.4169], [-105.8264, 33.4107], [-105.8213, 33.4078], [-105.8194, 33.3995], [-105.8118, 33.3973], [-105.801, 33.4006], [-105.7903, 33.3979], [-105.7845, 33.3904], [-106.3719, 33.3906], [-106.3737, 33.6605], [-106.2683, 33.6605]]]}}, {"type": "Feature", "properties": {"fips": "35035000200", "gap_national": 61.2, "gap_stratum": 45.4, "burden": 72.3, "capacity": 22.1, "svi": 0.77, "top_decile_gap": 1.0, "stratum": "micropolitan", "scored": 1}, "geometry": {"type": "Polygon", "coordinates": [[[-105.9446, 32.9081], [-105.9446, 32.8999], [-105.9603, 32.8998], [-105.9606, 32.908], [-105.9446, 32.9081]]]}}, {"type": "Feature", "properties": {"fips": "35043010712", "gap_national": 35.6, "gap_stratum": 42.1, "burden": 47.2, "capacity": 18.1, "svi": 0.45, "top_decile_gap": 0.0, "stratum": "metropolitan", "scored": 1}, "geometry": {"type": "Polygon", "coordinates": [[[-106.6968, 35.2678], [-106.6969, 35.2415], [-106.7143, 35.2416], [-106.7132, 35.2542], [-106.7166, 35.2583], [-106.6968, 35.2678]]]}}, {"type": "Feature", "properties": {"fips": "35045000702", "gap_national": 6.9, "gap_stratum": 11.8, "burden": 47.8, "capacity": 44.7, "svi": 0.17, "top_decile_gap": 0.0, "stratum": "metropolitan", "scored": 1}, "geometry": {"type": "Polygon", "coordinates": [[[-108.0146, 36.6333], [-108.0032, 36.6441], [-107.9935, 36.6628], [-107.9867, 36.6996], [-107.9658, 36.7037], [-107.9654, 36.7064], [-107.9581, 36.7071], [-107.9507, 36.7114], [-107.9471, 36.7112], [-107.9452, 36.7064], [-107.935, 36.7052], [-107.9241, 36.7095], [-107.9125, 36.7085], [-107.9085, 36.7042], [-107.8783, 36.6972], [-107.8766, 36.6998], [-107.8684, 36.6982], [-107.8568, 36.7045], [-107.8333, 36.7079], [-107.8224, 36.7143], [-107.8139, 36.7243], [-107.8125, 36.73], [-107.8191, 36.7354], [-107.8175, 36.7454], [-107.8151, 36.7469], [-107.8062, 36.7442], [-107.8016, 36.7456], [-107.7929, 36.7438], [-107.7912, 36.7478], [-107.7856, 36.7472], [-107.7837, 36.7549], [-107.7803, 36.7566], [-107.7739, 36.7565], [-107.767, 36.7596], [-107.7623, 36.7572], [-107.7594, 36.7591], [-107.7506, 36.7574], [-107.741, 36.7648], [-107.7318, 36.7774], [-107.7315, 36.7821], [-107.7197, 36.785], [-107.7148, 36.7953], [-107.6994, 36.799], [-107.7004, 36.8071], [-107.6963, 36.8105], [-107.6884, 36.8081], [-107.6751, 36.8091], [-107.6716, 36.8154], [-107.6632, 36.8166], [-107.6551, 36.8261], [-107.6469, 36.8267], [-107.6404, 36.8236], [-107.639, 36.8202], [-107.6254, 36.8153], [-107.6172, 36.8065], [-107.6077, 36.8086], [-107.6032, 36.8002], [-107.6055, 36.798], [-107.6097, 36.7986], [-107.6182, 36.8043], [-107.6194, 36.6753], [-107.6234, 36.6753], [-107.6234, 36.627], [-107.6273, 36.6261], [-107.642, 36.6312], [-107.6625, 36.6455], [-107.6894, 36.6524], [-107.6927, 36.6569], [-107.7251, 36.6746], [-107.7279, 36.682], [-107.7527, 36.6937], [-107.7576, 36.6887], [-107.7506, 36.6814], [-107.7601, 36.6736], [-107.7658, 36.6651], [-107.7628, 36.6486], [-107.7783, 36.646], [-107.7932, 36.6516], [-107.7942, 36.6497], [-107.7866, 36.6408], [-107.795, 36.6225], [-107.7989, 36.6199], [-107.8059, 36.6267], [-107.8048, 36.6163], [-107.8094, 36.6174], [-107.8107, 36.609], [-107.821, 36.6047], [-107.8204, 36.5983], [-107.8319, 36.5883], [-107.8435, 36.5839], [-107.8604, 36.5924], [-107.8607, 36.5797], [-107.8697, 36.5746], [-107.8761, 36.5674], [-107.889, 36.5666], [-107.89, 36.5706], [-107.9028, 36.5735], [-107.9034, 36.5758], [-107.9151, 36.5798], [-107.9151, 36.5835], [-107.9248, 36.5874], [-107.9408, 36.5756], [-107.9479, 36.5907], [-107.9508, 36.5828], [-107.9605, 36.5758], [-107.9741, 36.5716], [-107.9818, 36.5653], [-107.9792, 36.5709], [-107.9892, 36.5695], [-108.0114, 36.6012], [-108.0169, 36.6166], [-108.0146, 36.6333]]]}}, {"type": "Feature", "properties": {"fips": "35045000706", "gap_national": 65.9, "gap_stratum": 68.3, "burden": 79.5, "capacity": 25.2, "svi": 0.68, "top_decile_gap": 1.0, "stratum": "metropolitan", "scored": 1}, "geometry": {"type": "Polygon", "coordinates": [[[-107.9552, 36.795], [-107.9205, 36.8072], [-107.9088, 36.842], [-107.8927, 36.8497], [-107.8594, 36.8761], [-107.8377, 36.8854], [-107.8142, 36.9164], [-107.7901, 36.9358], [-107.7789, 36.9502], [-107.7738, 36.9681], [-107.773, 36.9783], [-107.7806, 37.0], [-107.4209, 37.0], [-107.4315, 36.9863], [-107.4289, 36.974], [-107.4306, 36.9701], [-107.4445, 36.9668], [-107.4476, 36.9612], [-107.4572, 36.955], [-107.4484, 36.9449], [-107.4558, 36.9395], [-107.4551, 36.9311], [-107.4513, 36.9212], [-107.4457, 36.9154], [-107.457, 36.8981], [-107.4702, 36.8938], [-107.4755, 36.8947], [-107.4898, 36.8828], [-107.4941, 36.8762], [-107.4993, 36.8784], [-107.5021, 36.8826], [-107.5044, 36.8816], [-107.5048, 36.8753], [-107.5158, 36.8785], [-107.5229, 36.8755], [-107.5304, 36.8609], [-107.5298, 36.8544], [-107.5391, 36.8557], [-107.5462, 36.8491], [-107.5524, 36.8516], [-107.556, 36.8571], [-107.5594, 36.8567], [-107.5661, 36.8519], [-107.567, 36.8444], [-107.5755, 36.8414], [-107.58, 36.8351], [-107.5896, 36.8372], [-107.598, 36.8343], [-107.6004, 36.8302], [-107.5984, 36.8257], [-107.6013, 36.8208], [-107.5998, 36.8153], [-107.592, 36.8147], [-107.5943, 36.8103], [-107.6058, 36.8113], [-107.6077, 36.8086], [-107.6158, 36.8061], [-107.6254, 36.8153], [-107.6501, 36.8272], [-107.6582, 36.8237], [-107.6632, 36.8166], [-107.6716, 36.8154], [-107.6751, 36.8091], [-107.6884, 36.8081], [-107.6963, 36.8105], [-107.7004, 36.8071], [-107.6994, 36.799], [-107.7148, 36.7953], [-107.7197, 36.785], [-107.7315, 36.7821], [-107.7318, 36.7774], [-107.7462, 36.7598], [-107.7506, 36.7574], [-107.7594, 36.7591], [-107.7623, 36.7572], [-107.767, 36.7596], [-107.7739, 36.7565], [-107.7803, 36.7566], [-107.7837, 36.7549], [-107.7856, 36.7472], [-107.7912, 36.7478], [-107.7929, 36.7438], [-107.8016, 36.7456], [-107.8062, 36.7442], [-107.8151, 36.7469], [-107.8175, 36.7454], [-107.8191, 36.7354], [-107.8125, 36.73], [-107.8139, 36.7243], [-107.8224, 36.7143], [-107.8333, 36.7079], [-107.8568, 36.7045], [-107.8684, 36.6982], [-107.8766, 36.6998], [-107.8783, 36.6972], [-107.9085, 36.7042], [-107.9136, 36.7087], [-107.9241, 36.7095], [-107.935, 36.7052], [-107.9452, 36.7064], [-107.9471, 36.7112], [-107.952, 36.7107], [-107.952, 36.7185], [-107.9458, 36.7185], [-107.9459, 36.7215], [-107.9517, 36.7257], [-107.9518, 36.733], [-107.9699, 36.733], [-107.9667, 36.74], [-107.9685, 36.7459], [-107.9652, 36.7495], [-107.9659, 36.7532], [-107.9614, 36.7638], [-107.958, 36.7656], [-107.9773, 36.7785], [-107.9552, 36.795]]]}}, {"type": "Feature", "properties": {"fips": "35045000302", "gap_national": 29.2, "gap_stratum": 35.2, "burden": 47.2, "capacity": 24.9, "svi": 0.46, "top_decile_gap": 0.0, "stratum": "metropolitan", "scored": 1}, "geometry": {"type": "Polygon", "coordinates": [[[-108.2023, 36.7484], [-108.1842, 36.7482], [-108.1865, 36.7429], [-108.198, 36.7339], [-108.1976, 36.7283], [-108.2018, 36.7281], [-108.2023, 36.7484]]]}}, {"type": "Feature", "properties": {"fips": "35045942900", "gap_national": 81.7, "gap_stratum": 80.9, "burden": 93.5, "capacity": 21.6, "svi": 0.92, "top_decile_gap": 1.0, "stratum": "metropolitan", "scored": 1}, "geometry": {"type": "Polygon", "coordinates": [[[-109.0454, 36.7691], [-109.0368, 36.7727], [-109.0202, 36.7743], [-109.0088, 36.7704], [-108.9952, 36.7605], [-108.9768, 36.7639], [-108.9663, 36.7548], [-108.9611, 36.7558], [-108.9633, 36.7463], [-108.952, 36.748], [-108.9491, 36.7445], [-108.9295, 36.7408], [-108.9292, 36.7304], [-108.9267, 36.7313], [-108.93, 36.7276], [-108.9316, 36.7181], [-108.9408, 36.7034], [-108.9348, 36.6832], [-108.9207, 36.6882], [-108.9065, 36.6871], [-108.8984, 36.6849], [-108.8954, 36.6816], [-108.8916, 36.6877], [-108.8893, 36.684], [-108.8911, 36.6804], [-108.8902, 36.6692], [-108.8835, 36.6702], [-108.8772, 36.6803], [-108.8384, 36.6812], [-108.8274, 36.6859], [-108.8259, 36.6394], [-108.839, 36.6317], [-108.8499, 36.6145], [-108.8458, 36.608], [-108.8323, 36.6018], [-108.844, 36.5913], [-108.8485, 36.5789], [-108.7047, 36.6169], [-108.7038, 36.5974], [-108.6795, 36.6], [-108.6511, 36.6075], [-108.6425, 36.6055], [-108.6069, 36.586], [-108.6043, 36.5823], [-108.5804, 36.5718], [-108.5728, 36.5811], [-108.5642, 36.578], [-108.5656, 36.5708], [-108.5744, 36.5586], [-108.5676, 36.548], [-108.5676, 36.5426], [-108.5727, 36.5322], [-108.5668, 36.528], [-108.5676, 36.5251], [-108.572, 36.5234], [-108.5754, 36.5136], [-108.5682, 36.5059], [-108.5678, 36.5025], [-108.5734, 36.4946], [-108.573, 36.4881], [-108.5614, 36.4747], [-108.5669, 36.4703], [-108.5665, 36.4613], [-108.5702, 36.4607], [-108.5677, 36.4551], [-108.5768, 36.4449], [-108.5775, 36.4376], [-108.591, 36.4293], [-108.5923, 36.4208], [-108.596, 36.4201], [-108.5917, 36.4131], [-108.5928, 36.406], [-108.5856, 36.4021], [-108.5826, 36.3973], [-108.5878, 36.391], [-108.5897, 36.3779], [-108.5867, 36.3755], [-108.5728, 36.3747], [-108.567, 36.3704], [-108.5657, 36.3552], [-108.5695, 36.3497], [-108.5647, 36.3444], [-108.5652, 36.337], [-108.5583, 36.3348], [-108.5519, 36.3292], [-108.5414, 36.307], [-108.5502, 36.2926], [-108.5613, 36.2838], [-108.5608, 36.2854], [-108.5641, 36.2759], [-108.558, 36.2648], [-108.561, 36.2541], [-108.5524, 36.2464], [-108.5497, 36.239], [-108.5543, 36.2277], [-108.5537, 36.223], [-108.55, 36.2185], [-108.5391, 36.2154], [-108.5367, 36.2065], [-108.5477, 36.1842], [-108.5416, 36.1782], [-108.5322, 36.1758], [-108.5525, 36.1759], [-108.5537, 36.1731], [-108.5672, 36.1651], [-108.6337, 36.1521], [-108.6734, 36.1447], [-108.7071, 36.143], [-108.7153, 36.1399], [-108.7231, 36.1326], [-108.7372, 36.13], [-108.7514, 36.1188], [-108.7674, 36.1178], [-108.8082, 36.104], [-108.8246, 36.1043], [-108.8385, 36.0939], [-108.8442, 36.0978], [-108.8521, 36.095], [-108.8569, 36.098], [-108.8598, 36.0954], [-108.856, 36.1], [-108.8565, 36.1047], [-108.8545, 36.1038], [-108.8587, 36.1084], [-108.8566, 36.1085], [-108.8629, 36.1136], [-108.875, 36.1162], [-108.8718, 36.1197], [-108.873, 36.1223], [-108.8822, 36.1207], [-108.8902, 36.1349], [-108.8902, 36.1462], [-108.8848, 36.1552], [-108.9022, 36.1575], [-108.9101, 36.1619], [-108.9146, 36.1676], [-108.9177, 36.1675], [-108.9179, 36.1646], [-108.9204, 36.1688], [-108.9157, 36.1711], [-108.9182, 36.1783], [-108.9306, 36.1676], [-108.9648, 36.1465], [-108.9966, 36.1205], [-108.9969, 36.1251], [-109.0046, 36.1283], [-109.0056, 36.135], [-109.0139, 36.1422], [-109.0277, 36.142], [-109.0266, 36.1438], [-109.0304, 36.1476], [-109.0411, 36.1418], [-109.0459, 36.1416], [-109.0454, 36.7691]]]}}, {"type": "Feature", "properties": {"fips": "35039000500", "gap_national": 40.5, "gap_stratum": 33.3, "burden": 77.4, "capacity": 45.1, "svi": 0.74, "top_decile_gap": 0.0, "stratum": "rural", "scored": 1}, "geometry": {"type": "Polygon", "coordinates": [[[-107.1995, 36.349], [-107.195, 36.3489], [-107.1952, 36.436], [-107.0875, 36.4358], [-107.0867, 36.5211], [-106.7774, 36.521], [-106.7787, 36.5538], [-106.7166, 36.553], [-106.7189, 36.5551], [-106.7236, 36.5541], [-106.7177, 36.56], [-106.7227, 36.5619], [-106.7196, 36.5658], [-106.7214, 36.5718], [-106.7252, 36.5717], [-106.7319, 36.5846], [-106.732, 36.59], [-106.745, 36.59], [-106.745, 36.5853], [-106.7505, 36.5852], [-106.7498, 36.5899], [-106.7532, 36.5899], [-106.7589, 36.5994], [-106.758, 36.6056], [-106.7628, 36.6087], [-106.7629, 36.6151], [-106.7695, 36.6241], [-106.7704, 36.6341], [-106.7678, 36.6344], [-106.7675, 36.6394], [-106.7768, 36.6407], [-106.7711, 36.6437], [-106.775, 36.6534], [-106.7717, 36.6595], [-106.774, 36.6651], [-106.7646, 36.6639], [-106.7618, 36.656], [-106.7522, 36.6584], [-106.7472, 36.6531], [-106.727, 36.6801], [-106.7467, 36.7076], [-106.7148, 36.717], [-106.687, 36.7079], [-106.6876, 36.7323], [-106.5797, 36.7329], [-106.58, 36.75], [-106.5653, 36.7702], [-106.5645, 36.7789], [-106.5723, 36.779], [-106.5697, 36.7831], [-106.5801, 36.7919], [-106.5839, 36.801], [-106.583, 36.8108], [-106.5769, 36.8151], [-106.5732, 36.8228], [-106.5751, 36.8297], [-106.5738, 36.8365], [-106.6471, 36.8362], [-106.6471, 36.843], [-106.657, 36.8429], [-106.657, 36.8555], [-106.6706, 36.8554], [-106.6646, 36.845], [-106.6733, 36.845], [-106.6771, 36.8554], [-106.7179, 36.8554], [-106.7177, 36.8127], [-106.7506, 36.8123], [-106.7579, 36.8158], [-106.7663, 36.8261], [-106.7763, 36.8455], [-106.7733, 36.8515], [-106.7797, 36.8624], [-106.7751, 36.8638], [-106.7867, 36.8734], [-106.8118, 36.8847], [-106.8136, 36.885], [-106.8136, 36.8703], [-106.824, 36.8704], [-106.8237, 36.8634], [-106.8328, 36.8634], [-106.8329, 36.8669], [-106.8374, 36.8669], [-106.8377, 36.8703], [-106.842, 36.8703], [-106.8422, 36.8781], [-106.8601, 36.8781], [-106.8596, 36.8891], [-106.8646, 36.8889], [-106.8646, 36.8928], [-106.8597, 36.8929], [-106.8596, 36.8963], [-106.8644, 36.8963], [-106.8644, 36.8998], [-106.8738, 36.8997], [-106.8737, 36.8963], [-106.8692, 36.8963], [-106.8692, 36.8927], [-106.8738, 36.8926], [-106.8736, 36.8888], [-106.869, 36.8889], [-106.869, 36.885], [-106.8781, 36.8849], [-106.878, 36.8926], [-106.9504, 36.8925], [-106.9502, 36.8988], [-106.9547, 36.8997], [-106.9545, 36.9033], [-106.9502, 36.9033], [-106.9502, 36.907], [-106.9546, 36.9069], [-106.9545, 36.9107], [-106.95, 36.9107], [-106.9498, 36.9181], [-106.9679, 36.9179], [-106.9681, 36.9142], [-106.9725, 36.9142], [-106.9727, 36.907], [-106.9814, 36.9071], [-106.9813, 36.9107], [-106.9856, 36.9106], [-106.9856, 36.9327], [-106.9767, 36.9328], [-106.9769, 36.9547], [-106.9588, 36.9547], [-106.9588, 36.962], [-106.9542, 36.962], [-106.9542, 36.9657], [-106.9856, 36.9652], [-106.9855, 37.0001], [-106.8773, 37.0001], [-106.8698, 36.9924], [-106.4121, 36.994], [-106.4107, 36.9902], [-106.4135, 36.9853], [-106.4084, 36.9881], [-106.4143, 36.9769], [-106.4045, 36.9712], [-106.407, 36.9644], [-106.3997, 36.9539], [-106.3852, 36.9508], [-106.3767, 36.944], [-106.3726, 36.946], [-106.3717, 36.9322], [-106.3629, 36.9267], [-106.3562, 36.9269], [-106.3592, 36.9154], [-106.3577, 36.9081], [-106.3498, 36.9041], [-106.3487, 36.9012], [-106.3459, 36.9014], [-106.3473, 36.8882], [-106.343, 36.877], [-106.3145, 36.8714], [-106.3085, 36.8655], [-106.2971, 36.8624], [-106.2832, 36.8646], [-106.2666, 36.8618], [-106.2487, 36.866], [-106.2458, 36.8701], [-106.2449, 36.878], [-106.238, 36.8787], [-106.2351, 36.8668], [-106.2148, 36.8533], [-106.1983, 36.8559], [-106.1889, 36.8559], [-106.1858, 36.8537], [-106.192, 36.8435], [-106.1989, 36.8426], [-106.203, 36.8364], [-106.2302, 36.8225], [-106.2276, 36.8212], [-106.2294, 36.8209], [-106.2295, 36.816], [-106.2419, 36.8138], [-106.2583, 36.7989], [-106.2607, 36.8005], [-106.26, 36.8038], [-106.2646, 36.8038], [-106.2752, 36.7962], [-106.2754, 36.7888], [-106.2808, 36.783], [-106.3091, 36.7686], [-106.3183, 36.7605], [-106.3147, 36.7534], [-106.3199, 36.7486], [-106.3141, 36.7468], [-106.3096, 36.7341], [-106.3034, 36.7363], [-106.2926, 36.733], [-106.2814, 36.7329], [-106.2481, 36.7149], [-106.2356, 36.7118], [-106.2322, 36.7085], [-106.2432, 36.701], [-106.2522, 36.6856], [-106.2478, 36.6826], [-106.2498, 36.6779], [-106.2469, 36.6745], [-106.2391, 36.6748], [-106.2296, 36.6716], [-106.22, 36.6641], [-106.2194, 36.6584], [-106.2201, 36.6554], [-106.2286, 36.6506], [-106.2282, 36.6479], [-106.2361, 36.6499], [-106.2539, 36.6434], [-106.2615, 36.6432], [-106.2702, 36.6385], [-106.2868, 36.6367], [-106.3053, 36.6261], [-106.3144, 36.6162], [-106.3096, 36.6128], [-106.296, 36.6118], [-106.2902, 36.6066], [-106.2884, 36.59], [-106.2926, 36.5872], [-106.293, 36.5843], [-106.2853, 36.5573], [-106.2746, 36.5403], [-106.2731, 36.5282], [-106.2628, 36.5069], [-106.2702, 36.4858], [-106.2749, 36.4793], [-106.274, 36.4693], [-106.2772, 36.4617], [-106.2772, 36.4529], [-106.2934, 36.4502], [-106.3065, 36.4539], [-106.3088, 36.4575], [-106.3175, 36.4553], [-106.3141, 36.4463], [-106.3102, 36.4442], [-106.3105, 36.4393], [-106.3024, 36.4257], [-106.3017, 36.418], [-106.2975, 36.414], [-106.2973, 36.4069], [-106.3016, 36.3963], [-106.3009, 36.3906], [-106.2921, 36.3773], [-106.2904, 36.3639], [-106.2924, 36.356], [-106.2972, 36.3476], [-106.3046, 36.3519], [-106.3119, 36.3516], [-106.315, 36.358], [-106.3223, 36.3633], [-106.3423, 36.362], [-106.3573, 36.3541], [-106.369, 36.3421], [-106.3742, 36.3408], [-106.3762, 36.3363], [-106.3911, 36.3348], [-106.3916, 36.3303], [-106.4022, 36.3242], [-106.4022, 36.3197], [-106.4108, 36.3165], [-106.4182, 36.2994], [-106.4285, 36.2977], [-106.4431, 36.2823], [-106.4537, 36.2773], [-106.4526, 36.2747], [-106.4505, 36.2754], [-106.4533, 36.2732], [-106.452, 36.2703], [-106.4425, 36.2626], [-106.4394, 36.2623], [-106.4329, 36.2687], [-106.4404, 36.2599], [-106.4385, 36.2578], [-106.4354, 36.2597], [-106.4374, 36.257], [-106.4332, 36.2543], [-106.4338, 36.2429], [-106.4255, 36.2363], [-106.4443, 36.2291], [-106.4488, 36.2225], [-106.4558, 36.2219], [-106.4633, 36.2307], [-106.496, 36.2343], [-106.5414, 36.1993], [-106.5607, 36.1879], [-106.5873, 36.1877], [-106.6033, 36.1757], [-106.6116, 36.1656], [-106.6263, 36.1655], [-106.6403, 36.1606], [-106.6551, 36.1617], [-106.6725, 36.1745], [-106.7061, 36.1923], [-106.7092, 36.1977], [-106.717, 36.2028], [-106.7364, 36.2003], [-106.7427, 36.1947], [-106.749, 36.1982], [-106.7713, 36.2006], [-106.7799, 36.2148], [-106.8039, 36.2303], [-106.824, 36.2284], [-106.859, 36.2382], [-106.8693, 36.2342], [-106.8766, 36.2397], [-106.8943, 36.2425], [-106.9276, 36.237], [-106.9377, 36.2165], [-106.9924, 36.2166], [-106.9922, 36.26], [-107.1996, 36.2595], [-107.1995, 36.349]]]}}, {"type": "Feature", "properties": {"fips": "35047957502", "gap_national": 23.3, "gap_stratum": -2.8, "burden": 47.7, "capacity": 31.1, "svi": 0.58, "top_decile_gap": 0.0, "stratum": "micropolitan", "scored": 1}, "geometry": {"type": "Polygon", "coordinates": [[[-105.5341, 35.7994], [-105.5313, 35.8147], [-105.5346, 35.8421], [-105.5296, 35.8515], [-105.5311, 35.8553], [-105.5289, 35.8637], [-105.5243, 35.8707], [-105.348, 35.8707], [-105.2378, 35.8383], [-105.224, 35.837], [-105.22, 35.8345], [-105.2192, 35.8294], [-105.1777, 35.8258], [-105.1726, 35.8222], [-105.1598, 35.8191], [-105.1501, 35.8092], [-105.1285, 35.811], [-105.1173, 35.8072], [-105.1097, 35.8079], [-105.091, 35.7965], [-105.0795, 35.7866], [-105.0751, 35.7869], [-105.0728, 35.7824], [-105.0659, 35.7796], [-105.0578, 35.7802], [-105.0418, 35.7677], [-105.0374, 35.7707], [-105.0345, 35.7691], [-105.0338, 35.7665], [-105.0368, 35.7647], [-105.0304, 35.7618], [-105.0277, 35.7553], [-105.025, 35.7543], [-105.0239, 35.757], [-105.0223, 35.7546], [-105.0315, 35.7496], [-105.0266, 35.7481], [-105.0309, 35.7434], [-105.0956, 35.7018], [-105.1709, 35.6783], [-105.1843, 35.6663], [-105.1952, 35.6446], [-105.1988, 35.6551], [-105.1968, 35.664], [-105.2042, 35.6678], [-105.2166, 35.6645], [-105.2251, 35.667], [-105.2461, 35.6389], [-105.2607, 35.6322], [-105.2765, 35.6519], [-105.2876, 35.6549], [-105.2987, 35.6527], [-105.3035, 35.6557], [-105.3076, 35.6543], [-105.314, 35.6569], [-105.3148, 35.6513], [-105.324, 35.6556], [-105.33, 35.6551], [-105.3416, 35.6628], [-105.3569, 35.6852], [-105.3632, 35.6882], [-105.375, 35.6887], [-105.3917, 35.6966], [-105.415, 35.6992], [-105.422, 35.6943], [-105.4182, 35.6934], [-105.4177, 35.6875], [-105.4207, 35.6892], [-105.4252, 35.6871], [-105.4406, 35.691], [-105.4407, 35.6928], [-105.4485, 35.6961], [-105.4514, 35.6923], [-105.4559, 35.6925], [-105.4545, 35.6844], [-105.4577, 35.6805], [-105.4678, 35.6895], [-105.4655, 35.6966], [-105.4762, 35.7032], [-105.4818, 35.7033], [-105.4907, 35.7117], [-105.488, 35.7145], [-105.4917, 35.7178], [-105.4944, 35.7171], [-105.4967, 35.7211], [-105.5118, 35.7248], [-105.5297, 35.7443], [-105.5301, 35.7498], [-105.5223, 35.7575], [-105.5269, 35.7648], [-105.5265, 35.7691], [-105.5315, 35.7728], [-105.5399, 35.7742], [-105.5469, 35.7721], [-105.5452, 35.7752], [-105.5472, 35.7822], [-105.5341, 35.7994]]]}}, {"type": "Feature", "properties": {"fips": "35047957601", "gap_national": 34.7, "gap_stratum": 13.4, "burden": 63.2, "capacity": 37.0, "svi": 0.58, "top_decile_gap": 0.0, "stratum": "micropolitan", "scored": 1}, "geometry": {"type": "Polygon", "coordinates": [[[-105.7069, 35.5568], [-105.7023, 35.5545], [-105.7018, 35.5516], [-105.696, 35.551], [-105.6882, 35.5416], [-105.6804, 35.5401], [-105.68, 35.5374], [-105.6686, 35.533], [-105.6682, 35.5368], [-105.6731, 35.5387], [-105.668, 35.5414], [-105.6696, 35.5431], [-105.6668, 35.5465], [-105.6709, 35.5588], [-105.6678, 35.5678], [-105.6638, 35.57], [-105.6648, 35.5766], [-105.6358, 35.5848], [-105.6257, 35.5818], [-105.6247, 35.5756], [-105.616, 35.571], [-105.6021, 35.5678], [-105.6001, 35.5627], [-105.5956, 35.5594], [-105.5901, 35.5446], [-105.5812, 35.5336], [-105.5788, 35.5341], [-105.58, 35.5354], [-105.5774, 35.5385], [-105.5673, 35.5399], [-105.5682, 35.5412], [-105.5566, 35.5529], [-105.555, 35.5589], [-105.5463, 35.5591], [-105.5433, 35.5622], [-105.5409, 35.5585], [-105.5241, 35.5624], [-105.5137, 35.5597], [-105.5029, 35.5693], [-105.501, 35.5746], [-105.4917, 35.5662], [-105.4891, 35.57], [-105.4904, 35.5751], [-105.484, 35.5673], [-105.4823, 35.5723], [-105.4747, 35.5768], [-105.4688, 35.5738], [-105.4674, 35.5687], [-105.4595, 35.5658], [-105.4543, 35.5527], [-105.4238, 35.56], [-105.3959, 35.5579], [-105.3974, 35.5495], [-105.3877, 35.5519], [-105.382, 35.5507], [-105.3829, 35.5547], [-105.3776, 35.5567], [-105.3789, 35.5617], [-105.389, 35.571], [-105.3941, 35.578], [-105.3963, 35.5861], [-105.4003, 35.5863], [-105.3991, 35.5928], [-105.4031, 35.594], [-105.3997, 35.5973], [-105.4037, 35.6024], [-105.4009, 35.6058], [-105.4033, 35.6125], [-105.3974, 35.6143], [-105.3854, 35.6126], [-105.3628, 35.5956], [-105.3617, 35.5915], [-105.3579, 35.5893], [-105.3395, 35.584], [-105.3232, 35.5824], [-105.279, 35.5633], [-105.2712, 35.5624], [-105.2543, 35.5654], [-105.2407, 35.5581], [-105.225, 35.5571], [-105.2311, 35.532], [-105.2351, 35.5277], [-105.2495, 35.5212], [-105.272, 35.4874], [-105.2815, 35.4467], [-105.3191, 35.3979], [-105.3263, 35.3944], [-105.3456, 35.3922], [-105.398, 35.3984], [-105.4205, 35.3958], [-105.4621, 35.3972], [-105.5152, 35.4148], [-105.5386, 35.4155], [-105.5531, 35.4214], [-105.5967, 35.4298], [-105.635, 35.4565], [-105.6461, 35.4677], [-105.6695, 35.4827], [-105.673, 35.4955], [-105.6903, 35.5324], [-105.7082, 35.5488], [-105.718, 35.5537], [-105.7069, 35.5568]]]}}, {"type": "Feature", "properties": {"fips": "35055952702", "gap_national": 29.7, "gap_stratum": 5.5, "burden": 57.6, "capacity": 35.7, "svi": 0.68, "top_decile_gap": 0.0, "stratum": "micropolitan", "scored": 1}, "geometry": {"type": "Polygon", "coordinates": [[[-105.8276, 36.2436], [-105.8064, 36.2601], [-105.7875, 36.2688], [-105.7891, 36.2808], [-105.7859, 36.2876], [-105.7805, 36.293], [-105.7749, 36.2942], [-105.7608, 36.3163], [-105.7534, 36.3207], [-105.7349, 36.302], [-105.7327, 36.3022], [-105.7302, 36.3102], [-105.7256, 36.3141], [-105.6155, 36.3548], [-105.6041, 36.3631], [-105.5985, 36.3439], [-105.5819, 36.3183], [-105.5829, 36.3102], [-105.5792, 36.295], [-105.5789, 36.2816], [-105.5739, 36.2691], [-105.5745, 36.263], [-105.579, 36.2564], [-105.5901, 36.2524], [-105.6037, 36.239], [-105.5988, 36.2378], [-105.6017, 36.2282], [-105.5943, 36.2226], [-105.5935, 36.2091], [-105.5883, 36.2041], [-105.5828, 36.2035], [-105.5793, 36.2056], [-105.5748, 36.1995], [-105.5691, 36.2002], [-105.5652, 36.1983], [-105.5631, 36.1939], [-105.5608, 36.1952], [-105.5554, 36.1917], [-105.5526, 36.1949], [-105.5464, 36.1954], [-105.5425, 36.1984], [-105.5365, 36.1961], [-105.533, 36.1881], [-105.525, 36.1827], [-105.5209, 36.1751], [-105.509, 36.1725], [-105.4955, 36.176], [-105.4889, 36.1684], [-105.4813, 36.1681], [-105.473, 36.1574], [-105.4708, 36.1498], [-105.4734, 36.1425], [-105.4651, 36.1403], [-105.4584, 36.1429], [-105.4529, 36.1381], [-105.4319, 36.1482], [-105.421, 36.1473], [-105.42, 36.1317], [-105.4629, 36.0784], [-105.4897, 36.0373], [-105.4984, 36.0326], [-105.5087, 36.0191], [-105.5304, 36.013], [-105.7359, 36.1001], [-105.8561, 36.2296], [-105.8276, 36.2436]], [[-105.7562, 36.1626], [-105.6626, 36.1624], [-105.6626, 36.2384], [-105.7564, 36.2382], [-105.7562, 36.1626]]]}}, {"type": "Feature", "properties": {"fips": "35055952701", "gap_national": 35.0, "gap_stratum": 18.8, "burden": 69.5, "capacity": 42.6, "svi": 0.73, "top_decile_gap": 0.0, "stratum": "micropolitan", "scored": 1}, "geometry": {"type": "Polygon", "coordinates": [[[-105.5898, 36.3797], [-105.5796, 36.3768], [-105.5515, 36.3772], [-105.5576, 36.3853], [-105.553, 36.3928], [-105.5558, 36.3929], [-105.5631, 36.4013], [-105.4999, 36.401], [-105.4998, 36.4043], [-105.4877, 36.4167], [-105.4686, 36.4027], [-105.4645, 36.4029], [-105.4623, 36.4063], [-105.4525, 36.4097], [-105.4345, 36.4019], [-105.4259, 36.4089], [-105.4205, 36.407], [-105.4154, 36.4091], [-105.4071, 36.4003], [-105.3876, 36.3993], [-105.3829, 36.4048], [-105.3664, 36.4067], [-105.3636, 36.4123], [-105.3583, 36.4146], [-105.3567, 36.4195], [-105.352, 36.4211], [-105.353, 36.4431], [-105.3476, 36.4462], [-105.3396, 36.4458], [-105.336, 36.4389], [-105.3399, 36.435], [-105.3327, 36.4288], [-105.3362, 36.4265], [-105.3405, 36.4161], [-105.3316, 36.4124], [-105.3279, 36.4083], [-105.3273, 36.4054], [-105.3303, 36.4037], [-105.3269, 36.3993], [-105.3251, 36.3886], [-105.3273, 36.3803], [-105.3362, 36.3734], [-105.3374, 36.3689], [-105.3324, 36.3675], [-105.3296, 36.3559], [-105.3291, 36.3497], [-105.3324, 36.3459], [-105.3286, 36.339], [-105.3326, 36.3316], [-105.3312, 36.323], [-105.336, 36.3034], [-105.3274, 36.2772], [-105.3413, 36.2619], [-105.3874, 36.2528], [-105.3938, 36.2435], [-105.4097, 36.2368], [-105.3993, 36.2298], [-105.3975, 36.2218], [-105.3946, 36.2213], [-105.3928, 36.2161], [-105.397, 36.2112], [-105.3992, 36.2033], [-105.396, 36.1979], [-105.397, 36.1916], [-105.4218, 36.1697], [-105.4213, 36.162], [-105.4147, 36.1571], [-105.421, 36.1473], [-105.4319, 36.1482], [-105.4529, 36.1381], [-105.4584, 36.1429], [-105.4651, 36.1403], [-105.4734, 36.1425], [-105.4708, 36.1498], [-105.473, 36.1574], [-105.4813, 36.1681], [-105.4889, 36.1684], [-105.4955, 36.176], [-105.509, 36.1725], [-105.5209, 36.1751], [-105.525, 36.1827], [-105.533, 36.1881], [-105.5365, 36.1961], [-105.5425, 36.1984], [-105.5464, 36.1954], [-105.5526, 36.1949], [-105.5554, 36.1917], [-105.5608, 36.1952], [-105.5631, 36.1939], [-105.5652, 36.1983], [-105.5691, 36.2002], [-105.5748, 36.1995], [-105.5793, 36.2056], [-105.5828, 36.2035], [-105.5883, 36.2041], [-105.5935, 36.2091], [-105.5943, 36.2226], [-105.6017, 36.2282], [-105.5988, 36.2378], [-105.6037, 36.239], [-105.5901, 36.2524], [-105.579, 36.2564], [-105.5745, 36.263], [-105.5739, 36.2691], [-105.5789, 36.2816], [-105.5792, 36.295], [-105.5829, 36.3102], [-105.5819, 36.3183], [-105.5985, 36.3439], [-105.6041, 36.3631], [-105.5898, 36.3797]]]}}, {"type": "Feature", "properties": {"fips": "35009000308", "gap_national": 21.9, "gap_stratum": -4.1, "burden": 48.0, "capacity": 32.7, "svi": 0.13, "top_decile_gap": 0.0, "stratum": "micropolitan", "scored": 1}, "geometry": {"type": "Polygon", "coordinates": [[[-103.1964, 34.4339], [-103.1608, 34.4339], [-103.1608, 34.4194], [-103.1965, 34.4193], [-103.1964, 34.4339]]]}}, {"type": "Feature", "properties": {"fips": "35009000307", "gap_national": -11.5, "gap_stratum": -22.5, "burden": 23.3, "capacity": 36.8, "svi": 0.38, "top_decile_gap": 0.0, "stratum": "micropolitan", "scored": 1}, "geometry": {"type": "Polygon", "coordinates": [[[-103.1964, 34.4483], [-103.1784, 34.4484], [-103.1785, 34.4339], [-103.1964, 34.4339], [-103.1964, 34.4483]]]}}, {"type": "Feature", "properties": {"fips": "35013001316", "gap_national": 46.0, "gap_stratum": 53.4, "burden": 50.8, "capacity": 10.8, "svi": 0.77, "top_decile_gap": 0.0, "stratum": "metropolitan", "scored": 1}, "geometry": {"type": "Polygon", "coordinates": [[[-106.7264, 32.4028], [-106.7, 32.4027], [-106.7002, 32.3903], [-106.7295, 32.3802], [-106.7264, 32.4028]]]}}, {"type": "Feature", "properties": {"fips": "35013001813", "gap_national": 87.7, "gap_stratum": 89.9, "burden": 86.0, "capacity": 7.0, "svi": 0.79, "top_decile_gap": 1.0, "stratum": "metropolitan", "scored": 1}, "geometry": {"type": "Polygon", "coordinates": [[[-106.6524, 32.15], [-106.6391, 32.1259], [-106.6482, 32.1189], [-106.6673, 32.1184], [-106.665, 32.1156], [-106.6688, 32.1135], [-106.678, 32.1205], [-106.6828, 32.1288], [-106.6767, 32.1331], [-106.6873, 32.1499], [-106.6524, 32.15]]]}}, {"type": "Feature", "properties": {"fips": "35013001401", "gap_national": 85.5, "gap_stratum": 75.9, "burden": 86.4, "capacity": 10.8, "svi": 0.87, "top_decile_gap": 1.0, "stratum": "rural", "scored": 1}, "geometry": {"type": "Polygon", "coordinates": [[[-107.2584, 32.6143], [-107.2447, 32.6174], [-107.2066, 32.6373], [-107.1969, 32.6448], [-107.1852, 32.6486], [-107.1677, 32.6629], [-107.1489, 32.6649], [-107.1453, 32.661], [-107.1079, 32.6499], [-107.0956, 32.6544], [-107.0874, 32.6535], [-107.0763, 32.6482], [-107.0763, 32.655], [-107.0958, 32.6568], [-107.1037, 32.6541], [-107.1096, 32.656], [-107.12, 32.6681], [-107.1393, 32.6792], [-107.1484, 32.6802], [-107.1609, 32.6775], [-107.1804, 32.6839], [-107.1968, 32.6826], [-107.2116, 32.6941], [-107.2362, 32.6954], [-107.2543, 32.7042], [-107.2563, 32.7081], [-107.2551, 32.7177], [-107.2712, 32.7257], [-107.275, 32.7345], [-107.2847, 32.7381], [-107.2842, 32.7466], [-107.2894, 32.7553], [-107.2836, 32.764], [-107.293, 32.7704], [-107.2995, 32.7801], [-106.8877, 32.7793], [-106.8877, 32.785], [-106.8789, 32.7693], [-106.8769, 32.7617], [-106.9043, 32.7362], [-106.9268, 32.7084], [-106.9675, 32.6331], [-106.9569, 32.6201], [-106.9076, 32.5338], [-106.913, 32.514], [-106.9295, 32.4993], [-106.9525, 32.5029], [-106.959, 32.5175], [-106.9646, 32.5192], [-106.9736, 32.5169], [-106.982, 32.5233], [-106.9838, 32.5332], [-106.9869, 32.5357], [-106.9954, 32.533], [-107.0054, 32.5244], [-107.0183, 32.5294], [-107.0201, 32.5243], [-107.0262, 32.5252], [-107.032, 32.5224], [-107.0322, 32.5187], [-107.0348, 32.5205], [-107.0341, 32.5178], [-107.0427, 32.5158], [-107.035, 32.5078], [-107.0377, 32.5046], [-107.0372, 32.4999], [-107.0415, 32.4965], [-107.0388, 32.4904], [-107.0413, 32.4875], [-107.0401, 32.4824], [-107.0451, 32.4734], [-107.0563, 32.4754], [-107.0834, 32.4878], [-107.104, 32.4939], [-107.1179, 32.4962], [-107.1349, 32.4919], [-107.1495, 32.4957], [-107.1595, 32.4919], [-107.1736, 32.4928], [-107.1797, 32.4882], [-107.1989, 32.4886], [-107.211, 32.4823], [-107.2113, 32.4742], [-107.2254, 32.4729], [-107.2381, 32.4685], [-107.2515, 32.4784], [-107.2547, 32.4849], [-107.2735, 32.4955], [-107.298, 32.4934], [-107.2995, 32.5958], [-107.2584, 32.6143]]]}}, {"type": "Feature", "properties": {"fips": "35013001210", "gap_national": -35.8, "gap_stratum": -29.9, "burden": 38.8, "capacity": 66.6, "svi": 0.24, "top_decile_gap": 0.0, "stratum": "metropolitan", "scored": 1}, "geometry": {"type": "Polygon", "coordinates": [[[-106.7403, 32.3723], [-106.7376, 32.3679], [-106.7403, 32.3506], [-106.7346, 32.3462], [-106.7342, 32.3406], [-106.7384, 32.3411], [-106.7397, 32.3375], [-106.7503, 32.336], [-106.7549, 32.344], [-106.7499, 32.3501], [-106.7577, 32.3582], [-106.7403, 32.3723]]]}}, {"type": "Feature", "properties": {"fips": "35013001809", "gap_national": 79.1, "gap_stratum": 80.6, "burden": 85.2, "capacity": 17.0, "svi": 0.97, "top_decile_gap": 1.0, "stratum": "metropolitan", "scored": 1}, "geometry": {"type": "Polygon", "coordinates": [[[-106.4649, 32.0381], [-106.4113, 32.0381], [-106.4112, 32.0237], [-106.3773, 32.023], [-106.3772, 32.0012], [-106.4628, 32.0011], [-106.4829, 32.0267], [-106.4633, 32.0353], [-106.4649, 32.0381]]]}}, {"type": "Feature", "properties": {"fips": "35035000904", "gap_national": 68.1, "gap_stratum": 73.8, "burden": 70.4, "capacity": 12.0, "svi": 0.91, "top_decile_gap": 1.0, "stratum": "metropolitan", "scored": 1}, "geometry": {"type": "Polygon", "coordinates": [[[-106.3769, 32.3887], [-106.3256, 32.3872], [-106.3257, 32.4004], [-106.1524, 32.4053], [-106.0912, 32.3645], [-106.0477, 32.4057], [-106.0329, 32.4427], [-106.0283, 32.4702], [-106.0315, 32.5198], [-106.0202, 32.5458], [-105.9916, 32.7165], [-105.9463, 32.721], [-105.9244, 32.7187], [-105.9156, 32.7095], [-105.8948, 32.7157], [-105.8886, 32.7128], [-105.8821, 32.716], [-105.8651, 32.7145], [-105.8607, 32.7167], [-105.8537, 32.7153], [-105.8526, 32.7176], [-105.8367, 32.7146], [-105.8202, 32.7265], [-105.8242, 32.7268], [-105.8325, 32.7328], [-105.8309, 32.7347], [-105.833, 32.7358], [-105.8325, 32.7392], [-105.8367, 32.7404], [-105.8361, 32.7451], [-105.8401, 32.7465], [-105.8374, 32.7534], [-105.8329, 32.7563], [-105.8377, 32.7598], [-105.8359, 32.7649], [-105.8406, 32.7662], [-105.8424, 32.7764], [-105.8376, 32.7807], [-105.8396, 32.7828], [-105.8377, 32.7867], [-105.8341, 32.7887], [-105.8369, 32.7907], [-105.8338, 32.7929], [-105.8368, 32.7948], [-105.8337, 32.7983], [-105.8357, 32.7986], [-105.8358, 32.8018], [-105.8302, 32.8128], [-105.8349, 32.8189], [-105.8333, 32.8218], [-105.8352, 32.8258], [-105.8291, 32.8281], [-105.8283, 32.8307], [-105.8224, 32.8312], [-105.8214, 32.8336], [-105.8244, 32.8438], [-105.8348, 32.8471], [-105.8336, 32.8533], [-105.8389, 32.859], [-105.8373, 32.8676], [-105.8399, 32.8724], [-105.8357, 32.8759], [-105.8526, 32.8841], [-105.8434, 32.8888], [-105.845, 32.891], [-105.8393, 32.8975], [-105.8395, 32.9006], [-105.8326, 32.9027], [-105.8385, 32.907], [-105.8334, 32.9123], [-105.8352, 32.9212], [-105.8406, 32.9268], [-105.8379, 32.9358], [-105.8436, 32.9426], [-105.8381, 32.9473], [-105.8245, 32.9401], [-105.817, 32.9309], [-105.8094, 32.9296], [-105.7965, 32.9231], [-105.7889, 32.9241], [-105.7925, 32.9226], [-105.7894, 32.9213], [-105.7922, 32.9176], [-105.7984, 32.919], [-105.7914, 32.9145], [-105.7718, 32.9101], [-105.7722, 32.907], [-105.7677, 32.9088], [-105.7665, 32.9122], [-105.7582, 32.9135], [-105.7545, 32.9205], [-105.7324, 32.92], [-105.7314, 32.9254], [-105.7075, 32.9125], [-105.7053, 32.9087], [-105.6903, 32.9067], [-105.6782, 32.894], [-105.6554, 32.8828], [-105.6565, 32.8807], [-105.654, 32.8828], [-105.6346, 32.8738], [-105.6259, 32.8723], [-105.6215, 32.8683], [-105.6121, 32.8664], [-105.599, 32.8561], [-105.5831, 32.859], [-105.5624, 32.8545], [-105.5326, 32.8528], [-105.522, 32.8493], [-105.5069, 32.8504], [-105.4957, 32.8719], [-105.4888, 32.8771], [-105.4865, 32.8709], [-105.4814, 32.8694], [-105.4824, 32.8663], [-105.4803, 32.8653], [-105.467, 32.8664], [-105.4584, 32.8626], [-105.4586, 32.8485], [-105.4459, 32.8406], [-105.4516, 32.8376], [-105.446, 32.8319], [-105.4484, 32.8295], [-105.4399, 32.8209], [-105.4013, 32.8247], [-105.3735, 32.8355], [-105.3605, 32.8504], [-105.3597, 32.8641], [-105.3523, 32.8666], [-105.352, 32.6048], [-105.354, 32.5188], [-104.8515, 32.5205], [-104.8513, 32.2535], [-104.8476, 32.2535], [-104.8477, 32.0001], [-105.8541, 32.0024], [-106.3772, 32.0012], [-106.3773, 32.0194], [-106.3272, 32.0219], [-106.3262, 32.0131], [-106.3161, 32.0126], [-106.2732, 32.082], [-106.3772, 32.0813], [-106.3769, 32.3887]]]}}, {"type": "Feature", "properties": {"fips": "35035000403", "gap_national": 3.6, "gap_stratum": -15.2, "burden": 32.9, "capacity": 33.4, "svi": 0.04, "top_decile_gap": 0.0, "stratum": "micropolitan", "scored": 1}, "geometry": {"type": "Polygon", "coordinates": [[[-105.9625, 32.8753], [-105.9392, 32.8755], [-105.9392, 32.8693], [-105.9349, 32.8692], [-105.9349, 32.8515], [-105.9463, 32.8406], [-105.9556, 32.8362], [-105.9555, 32.8378], [-105.963, 32.8379], [-105.9628, 32.8446], [-105.9701, 32.8445], [-105.9625, 32.8753]]]}}, {"type": "Feature", "properties": {"fips": "35031943602", "gap_national": 86.6, "gap_stratum": 83.5, "burden": 90.3, "capacity": 13.7, "svi": 0.81, "top_decile_gap": 1.0, "stratum": "rural", "scored": 1}, "geometry": {"type": "Polygon", "coordinates": [[[-108.5448, 35.4798], [-108.5455, 35.4877], [-108.5405, 35.5014], [-108.5408, 35.5222], [-108.537, 35.5328], [-108.5302, 35.5416], [-108.5219, 35.5476], [-108.5162, 35.5476], [-108.513, 35.5529], [-108.5089, 35.5485], [-108.5008, 35.5515], [-108.4947, 35.5499], [-108.4925, 35.5533], [-108.4899, 35.5492], [-108.4915, 35.5478], [-108.4909, 35.5462], [-108.4866, 35.5505], [-108.4879, 35.5459], [-108.4858, 35.5454], [-108.4829, 35.552], [-108.4819, 35.5478], [-108.4798, 35.5502], [-108.4817, 35.5468], [-108.4786, 35.5472], [-108.4806, 35.5435], [-108.4858, 35.5397], [-108.4763, 35.5463], [-108.4775, 35.5424], [-108.474, 35.5429], [-108.4879, 35.531], [-108.4831, 35.5283], [-108.4806, 35.5311], [-108.4751, 35.531], [-108.466, 35.545], [-108.4675, 35.53], [-108.4626, 35.5343], [-108.4581, 35.5466], [-108.4578, 35.5419], [-108.4563, 35.5423], [-108.4586, 35.5366], [-108.4492, 35.5428], [-108.4469, 35.5513], [-108.4425, 35.5482], [-108.4278, 35.5508], [-108.4196, 35.5581], [-108.4101, 35.5706], [-108.4095, 35.5855], [-108.3962, 35.5937], [-108.3953, 35.6005], [-108.3878, 35.602], [-108.3878, 35.6344], [-108.3917, 35.6355], [-108.3919, 35.641], [-108.3857, 35.6452], [-108.3864, 35.6514], [-108.3827, 35.6584], [-108.343, 35.6565], [-108.2695, 35.6585], [-108.2563, 35.6629], [-108.2469, 35.6598], [-108.2435, 35.6647], [-108.2392, 35.6576], [-108.2307, 35.6651], [-108.2323, 35.6557], [-108.229, 35.6569], [-108.2248, 35.6521], [-108.222, 35.655], [-108.2181, 35.6695], [-108.2137, 35.6659], [-108.2159, 35.6564], [-108.2133, 35.6516], [-108.2069, 35.6589], [-108.2072, 35.6538], [-108.2027, 35.6575], [-108.2004, 35.6541], [-108.1945, 35.6566], [-108.1927, 35.6529], [-108.1881, 35.6552], [-108.1849, 35.6509], [-108.1816, 35.6526], [-108.179, 35.6492], [-108.1646, 35.6548], [-108.1635, 35.6578], [-108.1632, 35.6488], [-108.1564, 35.6616], [-108.1597, 35.6548], [-108.1582, 35.6497], [-108.1546, 35.6537], [-108.1516, 35.6546], [-108.1492, 35.6524], [-108.1438, 35.6577], [-108.1438, 35.6528], [-108.1347, 35.6541], [-108.1407, 35.6481], [-108.1389, 35.6432], [-108.1445, 35.6426], [-108.1449, 35.6315], [-108.1429, 35.6284], [-108.1381, 35.631], [-108.1341, 35.6272], [-108.1347, 35.6243], [-108.1263, 35.629], [-108.1299, 35.6213], [-108.1275, 35.6178], [-108.1236, 35.6182], [-108.1227, 35.6154], [-108.125, 35.6089], [-108.1319, 35.6095], [-108.1323, 35.6066], [-108.1301, 35.6057], [-108.132, 35.5989], [-108.1468, 35.5947], [-108.1469, 35.5917], [-108.1403, 35.5933], [-108.1387, 35.5907], [-108.1429, 35.587], [-108.1388, 35.5825], [-108.1402, 35.5738], [-108.1309, 35.5647], [-108.1255, 35.555], [-108.1327, 35.5311], [-108.1612, 35.5352], [-108.2009, 35.5329], [-108.2014, 35.527], [-108.2101, 35.5241], [-108.2286, 35.5071], [-108.2294, 35.5039], [-108.2369, 35.5028], [-108.2433, 35.4938], [-108.2419, 35.4906], [-108.2466, 35.4888], [-108.2529, 35.4788], [-108.2605, 35.4728], [-108.2411, 35.4669], [-108.2419, 35.4617], [-108.2582, 35.458], [-108.2561, 35.4616], [-108.2646, 35.4685], [-108.2639, 35.472], [-108.2705, 35.4711], [-108.2751, 35.4773], [-108.2777, 35.4727], [-108.2848, 35.4703], [-108.28, 35.4668], [-108.2931, 35.468], [-108.2855, 35.4719], [-108.29, 35.4724], [-108.2873, 35.4733], [-108.29, 35.4755], [-108.2885, 35.4793], [-108.2968, 35.4737], [-108.2956, 35.4757], [-108.2998, 35.4742], [-108.2982, 35.4756], [-108.3087, 35.4758], [-108.3094, 35.4792], [-108.3174, 35.4805], [-108.3229, 35.4893], [-108.3275, 35.49], [-108.353, 35.4662], [-108.3643, 35.4465], [-108.4076, 35.465], [-108.4267, 35.4778], [-108.5017, 35.4962], [-108.507, 35.4911], [-108.5073, 35.4835], [-108.5233, 35.4412], [-108.5337, 35.4403], [-108.5343, 35.4506], [-108.5389, 35.4639], [-108.5445, 35.467], [-108.5606, 35.4683], [-108.5606, 35.4795], [-108.5448, 35.4798]]]}}, {"type": "Feature", "properties": {"fips": "35033955201", "gap_national": 36.4, "gap_stratum": 20.3, "burden": 69.9, "capacity": 41.9, "svi": 0.52, "top_decile_gap": 0.0, "stratum": "micropolitan", "scored": 1}, "geometry": {"type": "Polygon", "coordinates": [[[-105.7175, 35.9787], [-105.7133, 35.9773], [-105.7076, 35.9687], [-105.6924, 35.9658], [-105.6878, 35.969], [-105.6809, 35.9686], [-105.6707, 35.9629], [-105.663, 35.962], [-105.66, 35.9585], [-105.6452, 35.9622], [-105.6444, 35.9689], [-105.6321, 35.9796], [-105.6034, 35.9733], [-105.5918, 35.9765], [-105.5884, 35.9738], [-105.5724, 35.9725], [-105.5663, 35.9748], [-105.5575, 35.984], [-105.5371, 35.9909], [-105.5301, 36.0018], [-105.5342, 36.0071], [-105.5332, 36.0106], [-105.5279, 36.014], [-105.5087, 36.0191], [-105.4984, 36.0326], [-105.4897, 36.0373], [-105.4629, 36.0784], [-105.42, 36.1317], [-105.421, 36.1485], [-105.4147, 36.1571], [-105.4213, 36.162], [-105.4218, 36.1697], [-105.397, 36.1916], [-105.396, 36.1979], [-105.3992, 36.2033], [-105.397, 36.2112], [-105.3928, 36.2161], [-105.3946, 36.2213], [-105.3975, 36.2218], [-105.3993, 36.2298], [-105.4097, 36.2368], [-105.3938, 36.2435], [-105.3874, 36.2528], [-105.3449, 36.2614], [-105.3074, 36.2621], [-105.3037, 36.25], [-105.2913, 36.2291], [-105.2906, 36.2186], [-105.2859, 36.2029], [-105.2966, 36.1741], [-105.3007, 36.152], [-105.3075, 36.1419], [-105.3224, 36.1286], [-105.3401, 36.1073], [-105.3445, 36.0815], [-105.3367, 36.0634], [-105.3306, 36.0581], [-105.3211, 36.0421], [-105.319, 36.0348], [-105.3197, 36.0241], [-105.3124, 36.0158], [-105.3114, 36.0101], [-105.3089, 36.0076], [-105.303, 36.0101], [-105.3019, 36.0161], [-105.3069, 36.0196], [-105.3054, 36.0264], [-105.3033, 36.0272], [-105.291, 36.0171], [-105.2866, 36.0092], [-105.3127, 35.9963], [-105.3208, 35.988], [-105.3139, 35.9844], [-105.3149, 35.983], [-105.3048, 35.9765], [-105.3031, 35.9729], [-105.3066, 35.9686], [-105.3005, 35.9466], [-105.2996, 35.9201], [-105.3035, 35.9141], [-105.3439, 35.8813], [-105.3476, 35.8769], [-105.348, 35.8707], [-105.7205, 35.8712], [-105.7175, 35.9787]]]}}, {"type": "Feature", "properties": {"fips": "35031943601", "gap_national": 92.5, "gap_stratum": 92.3, "burden": 94.6, "capacity": 10.1, "svi": 0.92, "top_decile_gap": 1.0, "stratum": "micropolitan", "scored": 1}, "geometry": {"type": "Polygon", "coordinates": [[[-108.6993, 35.5996], [-108.6859, 35.605], [-108.6877, 35.6077], [-108.6871, 35.617], [-108.6787, 35.6338], [-108.6757, 35.6371], [-108.6707, 35.6361], [-108.6634, 35.6435], [-108.6464, 35.6533], [-108.6438, 35.6517], [-108.6479, 35.6598], [-108.3827, 35.6584], [-108.3864, 35.6514], [-108.3857, 35.6452], [-108.3919, 35.641], [-108.3917, 35.6355], [-108.3878, 35.6344], [-108.3878, 35.602], [-108.3953, 35.6005], [-108.3962, 35.5937], [-108.4095, 35.5855], [-108.4101, 35.5706], [-108.4196, 35.5581], [-108.4278, 35.5508], [-108.4425, 35.5482], [-108.4469, 35.5513], [-108.4492, 35.5428], [-108.4586, 35.5366], [-108.4563, 35.5423], [-108.4578, 35.5419], [-108.4581, 35.5466], [-108.4626, 35.5343], [-108.4675, 35.53], [-108.4681, 35.5352], [-108.4651, 35.5429], [-108.466, 35.545], [-108.4751, 35.531], [-108.4806, 35.5311], [-108.4831, 35.5283], [-108.4879, 35.531], [-108.474, 35.5429], [-108.4775, 35.5424], [-108.4763, 35.5463], [-108.4801, 35.542], [-108.4858, 35.5397], [-108.4806, 35.5435], [-108.4786, 35.5472], [-108.4817, 35.5468], [-108.4798, 35.5502], [-108.4819, 35.5478], [-108.4829, 35.552], [-108.4858, 35.5454], [-108.4879, 35.5459], [-108.4866, 35.5505], [-108.4909, 35.5462], [-108.4899, 35.5492], [-108.4925, 35.5533], [-108.4947, 35.5499], [-108.5008, 35.5515], [-108.5089, 35.5485], [-108.513, 35.5529], [-108.5162, 35.5476], [-108.5219, 35.5476], [-108.5302, 35.5416], [-108.537, 35.5328], [-108.5404, 35.525], [-108.5409, 35.5111], [-108.6002, 35.5292], [-108.6352, 35.5315], [-108.6351, 35.5376], [-108.6624, 35.5376], [-108.6609, 35.5451], [-108.6534, 35.5446], [-108.6533, 35.5512], [-108.6715, 35.5507], [-108.6698, 35.5375], [-108.6891, 35.5375], [-108.6904, 35.5501], [-108.676, 35.5505], [-108.6719, 35.5532], [-108.6727, 35.5585], [-108.6906, 35.5579], [-108.6882, 35.5946], [-108.7058, 35.5946], [-108.7057, 35.6003], [-108.6993, 35.5996]]]}}, {"type": "Feature", "properties": {"fips": "35043941000", "gap_national": 47.0, "gap_stratum": 49.0, "burden": 77.1, "capacity": 39.8, "svi": 0.66, "top_decile_gap": 0.0, "stratum": "metropolitan", "scored": 1}, "geometry": {"type": "Polygon", "coordinates": [[[-106.6765, 35.649], [-106.6694, 35.6558], [-106.6534, 35.6868], [-106.6473, 35.6884], [-106.6428, 35.6952], [-106.6286, 35.7034], [-106.627, 35.7115], [-106.6192, 35.7164], [-106.616, 35.722], [-106.597, 35.7309], [-106.5849, 35.7317], [-106.5785, 35.7404], [-106.5686, 35.7462], [-106.5603, 35.7454], [-106.5477, 35.7633], [-106.5395, 35.7678], [-106.5357, 35.7875], [-106.5326, 35.7914], [-106.5444, 35.8011], [-106.5545, 35.8003], [-106.558, 35.8024], [-106.5623, 35.8079], [-106.5595, 35.8102], [-106.56, 35.8138], [-106.5515, 35.8169], [-106.5283, 35.8135], [-106.5198, 35.815], [-106.5031, 35.8219], [-106.4968, 35.828], [-106.4878, 35.8307], [-106.486, 35.8349], [-106.4761, 35.8424], [-106.4565, 35.8513], [-106.428, 35.8538], [-106.4214, 35.8476], [-106.4146, 35.849], [-106.4128, 35.8529], [-106.403, 35.8434], [-106.4053, 35.8346], [-106.3996, 35.8282], [-106.4173, 35.8278], [-106.418, 35.8184], [-106.4137, 35.8172], [-106.4146, 35.8146], [-106.4111, 35.8109], [-106.4007, 35.8076], [-106.3824, 35.808], [-106.3704, 35.8131], [-106.3622, 35.8114], [-106.357, 35.807], [-106.357, 35.8164], [-106.3387, 35.808], [-106.3249, 35.8071], [-106.296, 35.7972], [-106.2826, 35.7919], [-106.266, 35.7795], [-106.2599, 35.7698], [-106.2578, 35.7697], [-106.2541, 35.7543], [-106.2505, 35.7558], [-106.2487, 35.5465], [-106.2853, 35.5477], [-106.3126, 35.5701], [-106.3814, 35.5698], [-106.519, 35.635], [-106.519, 35.6247], [-106.539, 35.6246], [-106.539, 35.6225], [-106.5354, 35.624], [-106.5352, 35.6215], [-106.5357, 35.5493], [-106.5391, 35.5485], [-106.5343, 35.5484], [-106.5344, 35.552], [-106.5168, 35.552], [-106.4871, 35.533], [-106.4941, 35.533], [-106.4943, 35.5239], [-106.5032, 35.5239], [-106.5032, 35.5095], [-106.4992, 35.5093], [-106.4995, 35.4946], [-106.4944, 35.4947], [-106.4944, 35.4779], [-106.4858, 35.4778], [-106.4858, 35.4727], [-106.4946, 35.4728], [-106.4944, 35.4653], [-106.4902, 35.4653], [-106.4903, 35.4508], [-106.5301, 35.4508], [-106.5301, 35.4149], [-106.5127, 35.4146], [-106.5127, 35.4111], [-106.5085, 35.411], [-106.5084, 35.4074], [-106.5046, 35.4073], [-106.5044, 35.403], [-106.4947, 35.4031], [-106.4948, 35.3993], [-106.4917, 35.3993], [-106.4918, 35.3959], [-106.4872, 35.3957], [-106.4872, 35.3932], [-106.5014, 35.3925], [-106.5012, 35.3823], [-106.4964, 35.3876], [-106.4872, 35.3877], [-106.4871, 35.3846], [-106.4954, 35.3802], [-106.5118, 35.3795], [-106.5159, 35.3731], [-106.5137, 35.3664], [-106.5153, 35.3592], [-106.5367, 35.35], [-106.5535, 35.3334], [-106.5575, 35.3221], [-106.631, 35.3658], [-106.6363, 35.3777], [-106.6725, 35.3776], [-106.6734, 35.4977], [-106.6673, 35.4977], [-106.6675, 35.5377], [-106.6646, 35.5386], [-106.6725, 35.5406], [-106.6505, 35.5548], [-106.6389, 35.5517], [-106.6234, 35.5516], [-106.6239, 35.6179], [-106.6243, 35.6236], [-106.6688, 35.6232], [-106.6692, 35.639], [-106.679, 35.6386], [-106.6765, 35.649]]]}}, {"type": "Feature", "properties": {"fips": "35043010731", "gap_national": -18.7, "gap_stratum": -19.4, "burden": 12.5, "capacity": 33.1, "svi": 0.28, "top_decile_gap": 0.0, "stratum": "metropolitan", "scored": 1}, "geometry": {"type": "Polygon", "coordinates": [[[-106.6771, 35.2416], [-106.6771, 35.2179], [-106.6966, 35.218], [-106.6969, 35.2415], [-106.6771, 35.2416]]]}}, {"type": "Feature", "properties": {"fips": "35049010318", "gap_national": -13.8, "gap_stratum": -13.4, "burden": 18.9, "capacity": 34.6, "svi": 0.5, "top_decile_gap": 0.0, "stratum": "metropolitan", "scored": 1}, "geometry": {"type": "Polygon", "coordinates": [[[-106.0175, 35.639], [-106.0005, 35.6388], [-106.0006, 35.6278], [-106.0065, 35.6295], [-106.0243, 35.6279], [-106.0175, 35.639]]]}}, {"type": "Feature", "properties": {"fips": "35001002301", "gap_national": 49.5, "gap_stratum": 57.4, "burden": 50.9, "capacity": 5.8, "svi": 0.88, "top_decile_gap": 0.0, "stratum": "metropolitan", "scored": 1}, "geometry": {"type": "Polygon", "coordinates": [[[-106.6969, 35.0787], [-106.698, 35.0828], [-106.6943, 35.0836], [-106.6902, 35.0801], [-106.6911, 35.0753], [-106.6977, 35.0673], [-106.701, 35.0679], [-106.6969, 35.0787]]]}}, {"type": "Feature", "properties": {"fips": "35001000715", "gap_national": 94.7, "gap_stratum": 95.4, "burden": 92.7, "capacity": 4.5, "svi": 0.96, "top_decile_gap": 1.0, "stratum": "metropolitan", "scored": 1}, "geometry": {"type": "Polygon", "coordinates": [[[-106.5324, 35.0719], [-106.5325, 35.0673], [-106.5505, 35.0673], [-106.5505, 35.0728], [-106.5324, 35.0719]]]}}, {"type": "Feature", "properties": {"fips": "35001001702", "gap_national": 6.7, "gap_stratum": 8.6, "burden": 16.7, "capacity": 11.0, "svi": 0.51, "top_decile_gap": 0.0, "stratum": "metropolitan", "scored": 1}, "geometry": {"type": "Polygon", "coordinates": [[[-106.624, 35.0811], [-106.6133, 35.081], [-106.6133, 35.0737], [-106.6241, 35.073], [-106.624, 35.0811]]]}}, {"type": "Feature", "properties": {"fips": "35001004745", "gap_national": 10.5, "gap_stratum": 14.1, "burden": 29.9, "capacity": 23.6, "svi": 0.24, "top_decile_gap": 0.0, "stratum": "metropolitan", "scored": 1}, "geometry": {"type": "Polygon", "coordinates": [[[-106.6966, 35.218], [-106.6771, 35.2179], [-106.6752, 35.2058], [-106.6787, 35.2023], [-106.6856, 35.2066], [-106.6968, 35.2039], [-106.7025, 35.2072], [-106.6966, 35.218]]]}}, {"type": "Feature", "properties": {"fips": "35045943201", "gap_national": 86.3, "gap_stratum": 86.2, "burden": 91.7, "capacity": 15.3, "svi": 0.87, "top_decile_gap": 1.0, "stratum": "metropolitan", "scored": 1}, "geometry": {"type": "Polygon", "coordinates": [[[-108.3627, 36.0703], [-108.3563, 36.1152], [-108.3559, 36.1492], [-108.3664, 36.1744], [-108.3728, 36.1807], [-108.3708, 36.1952], [-108.3612, 36.1931], [-108.3545, 36.1875], [-108.3452, 36.1864], [-108.3348, 36.2018], [-108.332, 36.204], [-108.3249, 36.2033], [-108.308, 36.1953], [-108.2976, 36.1934], [-108.2955, 36.1907], [-108.2966, 36.1851], [-108.2933, 36.1804], [-108.2742, 36.1684], [-108.2718, 36.1647], [-108.2702, 36.674], [-108.253, 36.6758], [-108.2521, 36.7356], [-108.2495, 36.7333], [-108.2516, 36.7295], [-108.2505, 36.7257], [-108.23, 36.7264], [-108.2245, 36.7217], [-108.2226, 36.7142], [-108.2093, 36.7063], [-108.1866, 36.705], [-108.172, 36.711], [-108.1519, 36.7083], [-108.1261, 36.6923], [-108.1165, 36.6943], [-108.1137, 36.69], [-108.1105, 36.692], [-108.1046, 36.6904], [-108.0989, 36.6847], [-108.0817, 36.6762], [-108.0748, 36.6756], [-108.0755, 36.6724], [-108.0683, 36.6731], [-108.0632, 36.6702], [-108.0515, 36.6713], [-108.0482, 36.6684], [-108.0475, 36.6611], [-108.0432, 36.6589], [-108.0395, 36.6606], [-108.0417, 36.6719], [-108.0378, 36.675], [-108.0272, 36.674], [-108.0149, 36.6792], [-108.0139, 36.6849], [-108.0205, 36.6852], [-108.0228, 36.6958], [-108.0153, 36.6958], [-108.0109, 36.7], [-107.9973, 36.697], [-107.9867, 36.6996], [-107.9935, 36.6628], [-108.0032, 36.6441], [-108.0146, 36.6333], [-108.0169, 36.6166], [-108.0114, 36.6012], [-107.9892, 36.5695], [-107.9792, 36.5709], [-107.9818, 36.5653], [-107.9741, 36.5716], [-107.9605, 36.5758], [-107.9508, 36.5828], [-107.9479, 36.5907], [-107.9408, 36.5756], [-107.9248, 36.5874], [-107.9151, 36.5835], [-107.9151, 36.5798], [-107.9034, 36.5758], [-107.9028, 36.5735], [-107.89, 36.5706], [-107.889, 36.5666], [-107.8761, 36.5674], [-107.8697, 36.5746], [-107.8612, 36.5791], [-107.8604, 36.5924], [-107.8435, 36.5839], [-107.8319, 36.5883], [-107.8204, 36.5983], [-107.821, 36.6047], [-107.8107, 36.609], [-107.8094, 36.6174], [-107.8048, 36.6163], [-107.8059, 36.6267], [-107.7989, 36.6199], [-107.792, 36.6262], [-107.7913, 36.6325], [-107.7866, 36.6408], [-107.7942, 36.6497], [-107.7932, 36.6516], [-107.7783, 36.646], [-107.7628, 36.6486], [-107.7658, 36.6651], [-107.7601, 36.6736], [-107.7506, 36.6814], [-107.7576, 36.6887], [-107.7527, 36.6937], [-107.7279, 36.682], [-107.7251, 36.6746], [-107.6927, 36.6569], [-107.6894, 36.6524], [-107.6625, 36.6455], [-107.642, 36.6312], [-107.6273, 36.6261], [-107.6234, 36.627], [-107.6265, 36.4363], [-107.6236, 36.3934], [-107.626, 36.3499], [-107.6242, 36.2482], [-107.6265, 36.0003], [-108.374, 36.0024], [-108.3763, 36.0213], [-108.3627, 36.0703]]]}}, {"type": "Feature", "properties": {"fips": "35031940301", "gap_national": 84.0, "gap_stratum": 79.4, "burden": 88.6, "capacity": 15.0, "svi": 0.82, "top_decile_gap": 1.0, "stratum": "rural", "scored": 1}, "geometry": {"type": "Polygon", "coordinates": [[[-108.8341, 35.0876], [-108.8274, 35.0848], [-108.8167, 35.0845], [-108.815, 35.0766], [-108.8185, 35.0762], [-108.8267, 35.068], [-108.8413, 35.066], [-108.8511, 35.0666], [-108.8515, 35.0686], [-108.8341, 35.0876]]]}}, {"type": "Feature", "properties": {"fips": "35025000100", "gap_national": 45.1, "gap_stratum": 16.0, "burden": 47.9, "capacity": 7.4, "svi": 0.89, "top_decile_gap": 0.0, "stratum": "micropolitan", "scored": 1}, "geometry": {"type": "Polygon", "coordinates": [[[-103.1276, 32.7112], [-103.1275, 32.6966], [-103.1436, 32.6966], [-103.1437, 32.7112], [-103.1276, 32.7112]]]}}, {"type": "Feature", "properties": {"fips": "35001003202", "gap_national": 59.2, "gap_stratum": 65.3, "burden": 66.1, "capacity": 16.5, "svi": 0.84, "top_decile_gap": 1.0, "stratum": "metropolitan", "scored": 1}, "geometry": {"type": "Polygon", "coordinates": [[[-106.6627, 35.1346], [-106.6389, 35.1299], [-106.6282, 35.1245], [-106.6217, 35.1238], [-106.6257, 35.1144], [-106.6659, 35.1239], [-106.6627, 35.1346]]]}}, {"type": "Feature", "properties": {"fips": "35001003733", "gap_national": 72.7, "gap_stratum": 79.2, "burden": 69.7, "capacity": 3.4, "svi": 1.0, "top_decile_gap": 1.0, "stratum": "metropolitan", "scored": 1}, "geometry": {"type": "Polygon", "coordinates": [[[-106.592, 35.1437], [-106.5877, 35.1526], [-106.5865, 35.1309], [-106.6096, 35.1327], [-106.592, 35.1437]]]}}, {"type": "Feature", "properties": {"fips": "35001000205", "gap_national": 51.1, "gap_stratum": 58.8, "burden": 54.2, "capacity": 9.2, "svi": 0.62, "top_decile_gap": 0.0, "stratum": "metropolitan", "scored": 1}, "geometry": {"type": "Polygon", "coordinates": [[[-106.6041, 35.1237], [-106.5864, 35.1233], [-106.5864, 35.1165], [-106.6041, 35.1165], [-106.6041, 35.1237]]]}}, {"type": "Feature", "properties": {"fips": "35005000900", "gap_national": 20.8, "gap_stratum": -5.0, "burden": 49.6, "capacity": 35.3, "svi": 0.73, "top_decile_gap": 0.0, "stratum": "micropolitan", "scored": 1}, "geometry": {"type": "Polygon", "coordinates": [[[-104.5952, 33.4226], [-104.5591, 33.423], [-104.559, 33.3796], [-104.5956, 33.3798], [-104.5952, 33.4226]]]}}, {"type": "Feature", "properties": {"fips": "35049010315", "gap_national": -27.8, "gap_stratum": -23.2, "burden": 37.1, "capacity": 60.0, "svi": 0.18, "top_decile_gap": 0.0, "stratum": "metropolitan", "scored": 1}, "geometry": {"type": "Polygon", "coordinates": [[[-106.0005, 35.6388], [-105.9827, 35.6384], [-105.9829, 35.6249], [-105.9859, 35.6237], [-106.0005, 35.6198], [-106.0005, 35.6388]]]}}, {"type": "Feature", "properties": {"fips": "35001003738", "gap_national": 0.1, "gap_stratum": 3.1, "burden": 31.0, "capacity": 34.6, "svi": 0.37, "top_decile_gap": 0.0, "stratum": "metropolitan", "scored": 1}, "geometry": {"type": "Polygon", "coordinates": [[[-106.5245, 35.1544], [-106.5161, 35.1508], [-106.5069, 35.1523], [-106.5069, 35.1451], [-106.5174, 35.1419], [-106.5269, 35.1488], [-106.5245, 35.1544]]]}}, {"type": "Feature", "properties": {"fips": "35005001400", "gap_national": 61.5, "gap_stratum": 26.6, "burden": 65.1, "capacity": 12.3, "svi": 0.7, "top_decile_gap": 1.0, "stratum": "rural", "scored": 1}, "geometry": {"type": "Polygon", "coordinates": [[[-104.8199, 32.9737], [-104.8146, 32.9861], [-104.7926, 32.9995], [-104.7843, 33.0144], [-104.7774, 33.0198], [-104.7576, 33.025], [-104.731, 33.0449], [-104.6703, 33.0517], [-104.6535, 33.0734], [-104.6241, 33.0797], [-104.6208, 33.0848], [-104.6035, 33.0968], [-104.5829, 33.0937], [-104.5747, 33.0871], [-104.5675, 33.0902], [-104.5646, 33.095], [-104.5582, 33.0895], [-104.5487, 33.0902], [-104.5506, 33.0968], [-104.5448, 33.1006], [-104.5327, 33.1031], [-104.5258, 33.102], [-104.513, 33.1071], [-104.5011, 33.1053], [-104.4997, 33.1008], [-104.4881, 33.1037], [-104.4703, 33.0969], [-104.4518, 33.102], [-104.444, 33.0984], [-104.4286, 33.1025], [-104.4207, 33.1012], [-104.4117, 33.1091], [-104.4047, 33.1087], [-104.4027, 33.106], [-104.3964, 33.1083], [-104.395, 33.114], [-104.3879, 33.119], [-104.388, 33.1395], [-104.3299, 33.1395], [-104.3288, 33.138], [-104.3192, 33.1436], [-104.3096, 33.143], [-104.3143, 33.1327], [-104.3045, 33.1348], [-104.3006, 33.1332], [-104.3002, 33.1395], [-104.2462, 33.1392], [-104.2395, 33.1257], [-104.2261, 33.1191], [-104.2167, 33.1251], [-104.2119, 33.132], [-104.198, 33.1371], [-104.198, 33.1279], [-104.2007, 33.1235], [-104.198, 33.107], [-104.1841, 33.1155], [-104.1767, 33.1224], [-104.1761, 33.1273], [-104.162, 33.1399], [-104.1509, 33.1335], [-104.1387, 33.1156], [-104.0919, 33.1075], [-104.0723, 33.1165], [-104.0609, 33.1146], [-103.9996, 33.1262], [-103.9665, 33.144], [-103.9311, 33.142], [-103.9188, 33.1445], [-103.9059, 33.1412], [-103.8987, 33.1347], [-103.8928, 33.1423], [-103.88, 33.1418], [-103.8662, 33.1373], [-103.8583, 33.1393], [-103.8359, 33.1394], [-103.8357, 33.1377], [-103.816, 33.1372], [-103.8159, 33.1197], [-103.8132, 33.1191], [-103.8001, 33.1201], [-103.8007, 33.1418], [-103.7857, 33.1413], [-103.7847, 33.1452], [-103.7816, 33.145], [-103.7816, 33.1412], [-103.7793, 33.143], [-103.7664, 33.1402], [-103.7664, 32.9653], [-104.8407, 32.9632], [-104.8327, 32.9691], [-104.8199, 32.9737]]]}}, {"type": "Feature", "properties": {"fips": "35049001304", "gap_national": 53.3, "gap_stratum": 60.6, "burden": 57.8, "capacity": 11.9, "svi": 0.88, "top_decile_gap": 1.0, "stratum": "metropolitan", "scored": 1}, "geometry": {"type": "Polygon", "coordinates": [[[-106.0683, 35.6161], [-106.063, 35.6163], [-106.0604, 35.6131], [-106.0503, 35.6097], [-106.0387, 35.6164], [-106.0316, 35.6161], [-106.0352, 35.6097], [-106.0349, 35.6049], [-106.0622, 35.5904], [-106.0712, 35.5999], [-106.0717, 35.6129], [-106.0683, 35.6161]]]}}, {"type": "Feature", "properties": {"fips": "35049010317", "gap_national": -41.2, "gap_stratum": -42.1, "burden": 13.6, "capacity": 51.3, "svi": 0.02, "top_decile_gap": 0.0, "stratum": "metropolitan", "scored": 1}, "geometry": {"type": "Polygon", "coordinates": [[[-106.0243, 35.6279], [-106.0065, 35.6295], [-106.0006, 35.6278], [-106.0005, 35.6198], [-106.0244, 35.6118], [-106.0349, 35.6049], [-106.0352, 35.6097], [-106.0243, 35.6279]]]}}, {"type": "Feature", "properties": {"fips": "35013001312", "gap_national": 23.8, "gap_stratum": 29.0, "burden": 36.9, "capacity": 18.1, "svi": 0.61, "top_decile_gap": 0.0, "stratum": "metropolitan", "scored": 1}, "geometry": {"type": "Polygon", "coordinates": [[[-106.7639, 32.3616], [-106.7577, 32.3582], [-106.765, 32.352], [-106.7708, 32.3569], [-106.7639, 32.3616]]]}}, {"type": "Feature", "properties": {"fips": "35001000719", "gap_national": -23.6, "gap_stratum": -25.2, "burden": 7.1, "capacity": 33.8, "svi": 0.04, "top_decile_gap": 0.0, "stratum": "metropolitan", "scored": 1}, "geometry": {"type": "Polygon", "coordinates": [[[-106.5208, 35.0494], [-106.5185, 35.0542], [-106.5109, 35.0569], [-106.5089, 35.0428], [-106.5292, 35.0429], [-106.5208, 35.0494]]]}}, {"type": "Feature", "properties": {"fips": "35001000907", "gap_national": 91.1, "gap_stratum": 92.1, "burden": 90.1, "capacity": 7.4, "svi": 0.98, "top_decile_gap": 1.0, "stratum": "metropolitan", "scored": 1}, "geometry": {"type": "Polygon", "coordinates": [[[-106.5593, 35.0728], [-106.5505, 35.0728], [-106.5505, 35.0655], [-106.5594, 35.0655], [-106.5593, 35.0728]]]}}, {"type": "Feature", "properties": {"fips": "35047957602", "gap_national": 45.6, "gap_stratum": 38.9, "burden": 81.1, "capacity": 44.1, "svi": 0.73, "top_decile_gap": 0.0, "stratum": "micropolitan", "scored": 1}, "geometry": {"type": "Polygon", "coordinates": [[[-105.7205, 35.8712], [-105.5243, 35.8707], [-105.5289, 35.8637], [-105.5311, 35.8553], [-105.5296, 35.8515], [-105.5346, 35.8421], [-105.5313, 35.8147], [-105.5341, 35.7994], [-105.5483, 35.7809], [-105.5454, 35.7777], [-105.5469, 35.7721], [-105.5399, 35.7742], [-105.5273, 35.7707], [-105.5269, 35.7648], [-105.5223, 35.7575], [-105.5301, 35.7498], [-105.5305, 35.7462], [-105.5118, 35.7248], [-105.5005, 35.7228], [-105.4939, 35.7188], [-105.4944, 35.7171], [-105.4904, 35.7171], [-105.488, 35.7145], [-105.4907, 35.7117], [-105.4878, 35.7082], [-105.4804, 35.7025], [-105.4762, 35.7032], [-105.4655, 35.6966], [-105.4678, 35.6895], [-105.4577, 35.6805], [-105.4545, 35.6844], [-105.4559, 35.6925], [-105.4514, 35.6923], [-105.4485, 35.6961], [-105.4407, 35.6928], [-105.4406, 35.691], [-105.4252, 35.6871], [-105.4207, 35.6892], [-105.4177, 35.6875], [-105.4182, 35.6934], [-105.422, 35.6943], [-105.415, 35.6992], [-105.3917, 35.6966], [-105.375, 35.6887], [-105.3632, 35.6882], [-105.3569, 35.6852], [-105.3416, 35.6628], [-105.33, 35.6551], [-105.324, 35.6556], [-105.3148, 35.6513], [-105.314, 35.6569], [-105.3076, 35.6543], [-105.3035, 35.6557], [-105.2987, 35.6527], [-105.2876, 35.6549], [-105.2765, 35.6519], [-105.2724, 35.6492], [-105.2462, 35.6138], [-105.2553, 35.6056], [-105.2404, 35.5929], [-105.2371, 35.5874], [-105.2346, 35.5575], [-105.2407, 35.5581], [-105.2543, 35.5654], [-105.2712, 35.5624], [-105.279, 35.5633], [-105.3232, 35.5824], [-105.3395, 35.584], [-105.3579, 35.5893], [-105.3617, 35.5915], [-105.3628, 35.5956], [-105.3854, 35.6126], [-105.3974, 35.6143], [-105.4033, 35.6125], [-105.4009, 35.6058], [-105.4037, 35.6024], [-105.3997, 35.5973], [-105.4031, 35.594], [-105.3991, 35.5928], [-105.4003, 35.5863], [-105.3963, 35.5861], [-105.3941, 35.578], [-105.389, 35.571], [-105.3789, 35.5617], [-105.3776, 35.5567], [-105.3829, 35.5547], [-105.382, 35.5507], [-105.3877, 35.5519], [-105.3974, 35.5495], [-105.3959, 35.5579], [-105.4238, 35.56], [-105.4543, 35.5527], [-105.4595, 35.5658], [-105.4674, 35.5687], [-105.4688, 35.5738], [-105.4747, 35.5768], [-105.4823, 35.5723], [-105.484, 35.5673], [-105.4904, 35.5751], [-105.4891, 35.57], [-105.4917, 35.5662], [-105.501, 35.5746], [-105.5029, 35.5693], [-105.5137, 35.5597], [-105.5241, 35.5624], [-105.5409, 35.5585], [-105.5433, 35.5622], [-105.5463, 35.5591], [-105.555, 35.5589], [-105.5566, 35.5529], [-105.5682, 35.5412], [-105.5673, 35.5399], [-105.5774, 35.5385], [-105.5801, 35.5334], [-105.5901, 35.5446], [-105.5956, 35.5594], [-105.6001, 35.5627], [-105.6021, 35.5678], [-105.616, 35.571], [-105.6247, 35.5756], [-105.6257, 35.5818], [-105.6358, 35.5848], [-105.6696, 35.5764], [-105.6729, 35.5864], [-105.6809, 35.5915], [-105.6763, 35.6104], [-105.6845, 35.6199], [-105.6787, 35.6281], [-105.6785, 35.636], [-105.6836, 35.6531], [-105.682, 35.6559], [-105.6896, 35.6592], [-105.6864, 35.662], [-105.6863, 35.666], [-105.6926, 35.6765], [-105.7005, 35.6779], [-105.7185, 35.6881], [-105.7212, 35.7337], [-105.7205, 35.8712]]]}}, {"type": "Feature", "properties": {"fips": "35003976401", "gap_national": 34.8, "gap_stratum": 38.0, "burden": 86.0, "capacity": 54.9, "svi": 0.54, "top_decile_gap": 0.0, "stratum": "rural", "scored": 1}, "geometry": {"type": "Polygon", "coordinates": [[[-109.0468, 33.9568], [-109.027, 33.9611], [-109.0203, 33.965], [-109.0093, 33.9634], [-109.0064, 33.9611], [-109.0, 33.9614], [-108.9948, 33.9576], [-108.9811, 33.9572], [-108.9775, 33.9503], [-108.9635, 33.9469], [-108.9406, 33.9314], [-108.9239, 33.927], [-108.9236, 33.923], [-108.9129, 33.9301], [-108.9059, 33.9411], [-108.9072, 33.9779], [-108.8965, 33.9969], [-108.9001, 34.0064], [-108.8965, 34.0138], [-108.9014, 34.0243], [-108.8999, 34.0512], [-108.8674, 34.0701], [-108.8554, 34.0822], [-108.8545, 34.0901], [-108.8469, 34.0763], [-108.8329, 34.0703], [-108.8277, 34.0741], [-108.8223, 34.0741], [-108.8145, 34.0831], [-108.7938, 34.0766], [-108.7806, 34.0598], [-108.7723, 34.0308], [-108.7631, 34.0287], [-108.7595, 34.0189], [-108.7478, 34.0174], [-108.7228, 34.0048], [-108.7159, 34.0041], [-108.7049, 33.9937], [-108.7009, 33.9869], [-108.6938, 33.9881], [-108.6865, 33.9959], [-108.6761, 33.9958], [-108.6786, 33.9853], [-108.6711, 33.9675], [-108.6643, 33.9671], [-108.6595, 33.9723], [-108.6373, 33.9807], [-108.639, 33.9849], [-108.6369, 33.9934], [-108.6392, 34.0026], [-108.6328, 34.0033], [-108.6233, 34.0113], [-108.6213, 34.0103], [-108.6089, 34.0185], [-108.5896, 34.026], [-108.5878, 34.0177], [-108.5722, 34.0039], [-108.5711, 33.9998], [-108.5644, 33.9996], [-108.5578, 33.9953], [-108.5547, 33.9854], [-108.541, 33.9776], [-108.5329, 33.9661], [-108.523, 33.9632], [-108.5204, 33.9603], [-108.5154, 33.9527], [-108.5187, 33.9473], [-108.5144, 33.9366], [-108.5131, 33.9223], [-108.5039, 33.9131], [-108.5006, 33.9121], [-108.4703, 33.9202], [-108.4336, 33.9359], [-108.4011, 33.9291], [-108.4014, 33.9259], [-108.4081, 33.9228], [-108.4076, 33.9134], [-108.4218, 33.9072], [-108.4334, 33.8926], [-108.4409, 33.8874], [-108.4392, 33.8803], [-108.4408, 33.8779], [-108.4484, 33.8742], [-108.4533, 33.867], [-108.4529, 33.8633], [-108.4433, 33.86], [-108.4389, 33.8559], [-108.4388, 33.8521], [-108.43, 33.8468], [-108.4312, 33.84], [-108.4186, 33.8322], [-108.4295, 33.8221], [-108.4399, 33.8202], [-108.4466, 33.8157], [-108.4637, 33.8151], [-108.4751, 33.8108], [-108.4753, 33.8043], [-108.4727, 33.7962], [-108.4685, 33.7929], [-108.4688, 33.7881], [-108.4745, 33.7861], [-108.4765, 33.7878], [-108.4823, 33.7836], [-108.4792, 33.7776], [-108.4738, 33.7739], [-108.4769, 33.7717], [-108.4793, 33.7615], [-108.4859, 33.7519], [-108.4851, 33.7475], [-108.4741, 33.7472], [-108.468, 33.7524], [-108.4607, 33.7492], [-108.4507, 33.7489], [-108.4383, 33.7399], [-108.4444, 33.7354], [-108.444, 33.7278], [-108.4548, 33.7236], [-108.4599, 33.7187], [-108.4619, 33.7108], [-108.466, 33.7097], [-108.4867, 33.692], [-108.4897, 33.6831], [-108.4935, 33.6793], [-108.4851, 33.6783], [-108.4782, 33.6706], [-108.468, 33.6664], [-108.4565, 33.6643], [-108.4498, 33.6664], [-108.4439, 33.6628], [-108.4405, 33.6557], [-108.4294, 33.6452], [-108.4264, 33.6377], [-108.439, 33.633], [-108.4414, 33.6282], [-108.4505, 33.6251], [-108.4515, 33.6217], [-108.425, 33.6185], [-108.3815, 33.5769], [-108.3911, 33.5639], [-108.3998, 33.5614], [-108.4035, 33.5557], [-108.4121, 33.5628], [-108.4139, 33.5608], [-108.4095, 33.5566], [-108.4087, 33.5496], [-108.4115, 33.5407], [-108.4112, 33.531], [-108.4149, 33.5281], [-108.4086, 33.5199], [-108.4086, 33.5164], [-108.4161, 33.5014], [-108.4251, 33.4952], [-108.4337, 33.4919], [-108.4444, 33.4918], [-108.4733, 33.4781], [-108.4783, 33.4768], [-108.4816, 33.4793], [-108.4797, 33.4759], [-108.4889, 33.4712], [-108.4908, 33.4677], [-108.4887, 33.456], [-108.4979, 33.4469], [-108.4947, 33.442], [-108.4978, 33.4343], [-108.4963, 33.4333], [-108.4989, 33.4193], [-108.4872, 33.4144], [-108.4878, 33.4089], [-108.4799, 33.4107], [-108.4828, 33.405], [-108.4803, 33.4019], [-108.4808, 33.3961], [-108.477, 33.3959], [-108.4761, 33.3927], [-108.471, 33.3898], [-108.4747, 33.3878], [-108.4739, 33.3843], [-108.465, 33.3824], [-108.4621, 33.3787], [-108.4578, 33.3805], [-108.4549, 33.3759], [-108.4484, 33.3771], [-108.4326, 33.3734], [-108.4275, 33.3768], [-108.4207, 33.3723], [-108.4132, 33.374], [-108.4084, 33.369], [-108.4108, 33.368], [-108.41, 33.3648], [-108.4018, 33.3634], [-108.403, 33.3617], [-108.3979, 33.3613], [-108.3969, 33.3584], [-108.3933, 33.3613], [-108.3922, 33.3598], [-108.3957, 33.355], [-108.3842, 33.356], [-108.3834, 33.3579], [-108.3826, 33.3545], [-108.376, 33.3488], [-108.3757, 33.3448], [-108.3724, 33.3434], [-108.3691, 33.3462], [-108.3707, 33.3368], [-108.3605, 33.3361], [-108.3639, 33.335], [-108.3645, 33.3315], [-108.3576, 33.3291], [-108.3563, 33.3334], [-108.3532, 33.3304], [-108.347, 33.33], [-108.3503, 33.3251], [-108.3439, 33.3249], [-108.3424, 33.3227], [-108.3443, 33.3212], [-108.3348, 33.3145], [-108.3338, 33.3082], [-108.3283, 33.3027], [-108.3229, 33.3066], [-108.3167, 33.2979], [-108.3127, 33.2964], [-108.3097, 33.299], [-108.3065, 33.2969], [-108.3029, 33.3005], [-108.2996, 33.2965], [-108.3023, 33.2937], [-108.2992, 33.2925], [-108.2952, 33.2966], [-108.2917, 33.2955], [-108.2913, 33.298], [-108.2846, 33.2964], [-108.2808, 33.2984], [-108.2827, 33.2924], [-108.274, 33.2899], [-108.2697, 33.2922], [-108.2682, 33.2896], [-108.2714, 33.2865], [-108.2681, 33.2847], [-108.2672, 33.2882], [-108.2639, 33.2855], [-108.263, 33.2824], [-108.2656, 33.2807], [-108.2615, 33.2787], [-108.2638, 33.2759], [-108.2615, 33.2706], [-108.2601, 33.2723], [-108.2532, 33.2712], [-108.2526, 33.2742], [-108.2484, 33.2737], [-108.2452, 33.2768], [-108.2346, 33.271], [-108.2346, 33.2617], [-108.2301, 33.2508], [-108.2333, 33.2491], [-108.2309, 33.2477], [-108.2308, 33.2393], [-108.236, 33.2324], [-108.2363, 33.2282], [-108.2452, 33.2245], [-108.223, 33.2041], [-108.2116, 33.2032], [-108.2084, 33.201], [-108.45, 33.201], [-108.5432, 33.208], [-108.6466, 33.2077], [-108.6466, 33.2093], [-109.0472, 33.2089], [-109.0468, 33.9568]]]}}, {"type": "Feature", "properties": {"fips": "35009000305", "gap_national": 64.3, "gap_stratum": 41.1, "burden": 65.7, "capacity": 9.6, "svi": 0.97, "top_decile_gap": 1.0, "stratum": "micropolitan", "scored": 1}, "geometry": {"type": "Polygon", "coordinates": [[[-103.1965, 34.4193], [-103.1965, 34.412], [-103.2054, 34.412], [-103.2054, 34.4068], [-103.2105, 34.4068], [-103.2105, 34.412], [-103.2142, 34.412], [-103.2141, 34.4193], [-103.1965, 34.4193]]]}}, {"type": "Feature", "properties": {"fips": "35055952102", "gap_national": 19.7, "gap_stratum": -3.1, "burden": 55.5, "capacity": 41.6, "svi": 0.55, "top_decile_gap": 0.0, "stratum": "rural", "scored": 1}, "geometry": {"type": "Polygon", "coordinates": [[[-105.6606, 36.5875], [-105.663, 36.6076], [-105.6403, 36.641], [-105.6263, 36.681], [-105.6193, 36.6888], [-105.5986, 36.7004], [-105.5958, 36.7042], [-105.5953, 36.7534], [-105.5879, 36.7753], [-105.5853, 36.7907], [-105.584, 36.8702], [-105.541, 36.9651], [-105.5229, 36.9897], [-105.5223, 36.9958], [-105.2205, 36.9952], [-105.2194, 36.993], [-105.2235, 36.9867], [-105.2302, 36.9859], [-105.2362, 36.9819], [-105.2374, 36.9732], [-105.2345, 36.9666], [-105.2362, 36.9623], [-105.2284, 36.9546], [-105.2273, 36.9463], [-105.2222, 36.9416], [-105.221, 36.9343], [-105.2131, 36.9324], [-105.2108, 36.9173], [-105.2001, 36.9156], [-105.222, 36.8729], [-105.2294, 36.8477], [-105.2293, 36.8423], [-105.2234, 36.8338], [-105.2241, 36.8256], [-105.2244, 36.8223], [-105.2334, 36.812], [-105.2334, 36.8073], [-105.2264, 36.8034], [-105.2353, 36.7907], [-105.2266, 36.7714], [-105.2252, 36.7581], [-105.2226, 36.7549], [-105.2266, 36.7383], [-105.2243, 36.7341], [-105.229, 36.7296], [-105.2306, 36.7238], [-105.243, 36.7221], [-105.2503, 36.7174], [-105.2615, 36.7197], [-105.2647, 36.7167], [-105.2684, 36.7168], [-105.2769, 36.7213], [-105.2808, 36.7183], [-105.2908, 36.7285], [-105.3118, 36.7245], [-105.312, 36.7175], [-105.317, 36.7144], [-105.322, 36.7037], [-105.322, 36.6984], [-105.3266, 36.6979], [-105.3353, 36.7024], [-105.3445, 36.6968], [-105.3523, 36.6972], [-105.3649, 36.6888], [-105.3652, 36.6835], [-105.3707, 36.6807], [-105.3703, 36.6716], [-105.3603, 36.663], [-105.3601, 36.6574], [-105.3641, 36.6541], [-105.3549, 36.6429], [-105.3554, 36.6392], [-105.3514, 36.6369], [-105.351, 36.6334], [-105.3541, 36.6304], [-105.3658, 36.6274], [-105.3697, 36.6226], [-105.3681, 36.619], [-105.3737, 36.6164], [-105.3748, 36.6086], [-105.3579, 36.5897], [-105.3539, 36.575], [-105.3502, 36.5725], [-105.3515, 36.5648], [-105.3493, 36.5618], [-105.3698, 36.5547], [-105.3753, 36.5562], [-105.3794, 36.551], [-105.3863, 36.5521], [-105.3902, 36.5478], [-105.4034, 36.548], [-105.4067, 36.5455], [-105.4015, 36.538], [-105.4116, 36.5329], [-105.4134, 36.5291], [-105.4174, 36.5409], [-105.415, 36.5498], [-105.4169, 36.5566], [-105.4141, 36.5623], [-105.4259, 36.5769], [-105.4245, 36.592], [-105.4275, 36.5967], [-105.4243, 36.6107], [-105.4257, 36.6134], [-105.4378, 36.6126], [-105.4494, 36.625], [-105.4527, 36.6321], [-105.4579, 36.6354], [-105.4616, 36.6323], [-105.4636, 36.6222], [-105.4681, 36.6206], [-105.4801, 36.6223], [-105.4864, 36.6178], [-105.4954, 36.6176], [-105.5006, 36.6116], [-105.5097, 36.6118], [-105.5145, 36.6164], [-105.5234, 36.617], [-105.5286, 36.6117], [-105.5579, 36.6052], [-105.5691, 36.5953], [-105.5811, 36.5957], [-105.5839, 36.5929], [-105.5897, 36.5945], [-105.6054, 36.5817], [-105.6099, 36.5865], [-105.6283, 36.5851], [-105.6373, 36.5876], [-105.658, 36.5837], [-105.6668, 36.5794], [-105.6606, 36.5875]]]}}, {"type": "Feature", "properties": {"fips": "35009000900", "gap_national": -0.9, "gap_stratum": -2.4, "burden": 8.7, "capacity": 11.4, "svi": 0.25, "top_decile_gap": 0.0, "stratum": "rural", "scored": 1}, "geometry": {"type": "Polygon", "coordinates": [[[-103.3372, 34.4123], [-103.3196, 34.4124], [-103.3182, 34.4041], [-103.2977, 34.4026], [-103.2956, 34.3841], [-103.3023, 34.3833], [-103.3031, 34.3656], [-103.3235, 34.3654], [-103.3236, 34.3726], [-103.3371, 34.3725], [-103.3372, 34.4123]]]}}, {"type": "Feature", "properties": {"fips": "35015000700", "gap_national": 41.9, "gap_stratum": 14.1, "burden": 51.3, "capacity": 16.4, "svi": 0.61, "top_decile_gap": 0.0, "stratum": "micropolitan", "scored": 1}, "geometry": {"type": "Polygon", "coordinates": [[[-104.8422, 32.5205], [-104.8422, 32.5409], [-104.8373, 32.5412], [-104.8215, 32.5532], [-104.8139, 32.5544], [-104.8082, 32.5595], [-104.7882, 32.5637], [-104.7711, 32.5715], [-104.7513, 32.5726], [-104.7481, 32.5758], [-104.7359, 32.579], [-104.7157, 32.5934], [-104.7128, 32.6008], [-104.7067, 32.601], [-104.6998, 32.5948], [-104.6906, 32.5931], [-104.6785, 32.5969], [-104.6642, 32.5978], [-104.6559, 32.6015], [-104.6462, 32.5987], [-104.602, 32.6019], [-104.5867, 32.6008], [-104.5781, 32.6025], [-104.5546, 32.6144], [-104.5333, 32.6121], [-104.504, 32.614], [-104.4856, 32.6171], [-104.4695, 32.6243], [-104.4105, 32.6242], [-104.4208, 32.6052], [-104.4218, 32.585], [-104.3796, 32.5156], [-104.3621, 32.5252], [-104.3549, 32.522], [-104.3492, 32.5232], [-104.3417, 32.5209], [-104.3378, 32.5106], [-104.3191, 32.514], [-104.3077, 32.5259], [-104.2986, 32.5255], [-104.2864, 32.5114], [-104.27, 32.5001], [-104.2513, 32.4976], [-104.2557, 32.4935], [-104.2572, 32.4869], [-104.263, 32.4819], [-104.2627, 32.4758], [-104.2729, 32.4785], [-104.2848, 32.4724], [-104.3267, 32.4846], [-104.3188, 32.4549], [-104.3059, 32.4442], [-104.3208, 32.4396], [-104.3257, 32.4348], [-104.3098, 32.429], [-104.3068, 32.4195], [-104.3122, 32.4204], [-104.3312, 32.4139], [-104.3505, 32.4149], [-104.3539, 32.4106], [-104.3585, 32.4104], [-104.3639, 32.4063], [-104.3669, 32.3945], [-104.358, 32.3869], [-104.3614, 32.3735], [-104.3407, 32.3776], [-104.3349, 32.3758], [-104.3212, 32.3769], [-104.3143, 32.3706], [-104.3059, 32.3679], [-104.3023, 32.3633], [-104.2855, 32.3576], [-104.2603, 32.3706], [-104.2376, 32.3704], [-104.2369, 32.363], [-104.2031, 32.3636], [-104.2031, 32.3783], [-104.1937, 32.3707], [-104.1689, 32.371], [-104.1688, 32.3821], [-104.1458, 32.3834], [-104.1588, 32.3909], [-104.1769, 32.4068], [-104.186, 32.4076], [-104.1843, 32.4115], [-104.1901, 32.4185], [-104.1875, 32.4291], [-104.1931, 32.43], [-104.1968, 32.4409], [-104.2127, 32.4483], [-104.2248, 32.459], [-104.2306, 32.4801], [-104.2268, 32.4836], [-104.2259, 32.5286], [-104.1937, 32.5523], [-104.1901, 32.5603], [-104.152, 32.572], [-104.1362, 32.5714], [-104.1228, 32.5667], [-104.1228, 32.5313], [-104.1165, 32.4931], [-104.1085, 32.4851], [-104.074, 32.5103], [-104.0318, 32.5309], [-103.9466, 32.5183], [-103.8142, 32.5292], [-103.8142, 32.5224], [-103.7229, 32.5223], [-103.7229, 32.4059], [-103.8901, 32.3621], [-103.9768, 32.3462], [-103.9878, 32.3414], [-104.0019, 32.3422], [-104.025, 32.3239], [-104.061, 32.3117], [-104.1523, 32.3126], [-104.1762, 32.307], [-104.1845, 32.3128], [-104.1919, 32.3081], [-104.1975, 32.3022], [-104.1995, 32.2934], [-104.2206, 32.2822], [-104.2213, 32.2228], [-104.2233, 32.2207], [-104.2215, 32.2113], [-104.2221, 32.1756], [-104.2332, 32.1428], [-104.2345, 32.1277], [-104.2393, 32.1192], [-104.2517, 32.079], [-104.2472, 32.0572], [-104.2485, 32.0515], [-104.2741, 32.0413], [-104.2909, 32.0402], [-104.2995, 32.0317], [-104.3108, 32.0336], [-104.3197, 32.0245], [-104.3223, 32.0183], [-104.3203, 32.0158], [-104.3256, 32.0113], [-104.3296, 32.0001], [-104.7546, 32.0005], [-104.7548, 31.9978], [-104.7721, 31.9975], [-104.8477, 32.0001], [-104.8476, 32.2535], [-104.8513, 32.2535], [-104.8515, 32.5205], [-104.8422, 32.5205]]]}}, {"type": "Feature", "properties": {"fips": "35043010900", "gap_national": 54.6, "gap_stratum": 47.2, "burden": 79.6, "capacity": 35.8, "svi": 0.72, "top_decile_gap": 1.0, "stratum": "rural", "scored": 1}, "geometry": {"type": "Polygon", "coordinates": [[[-107.3061, 35.4191], [-107.3084, 35.6547], [-107.3037, 35.6532], [-107.3067, 35.647], [-107.2957, 35.6503], [-107.294, 35.648], [-107.2895, 35.6489], [-107.2896, 35.6462], [-107.286, 35.648], [-107.2794, 35.6429], [-107.2719, 35.6446], [-107.2735, 35.6411], [-107.2698, 35.6387], [-107.2696, 35.6413], [-107.2654, 35.6405], [-107.2634, 35.6339], [-107.2629, 35.6364], [-107.2582, 35.635], [-107.2586, 35.6383], [-107.2539, 35.633], [-107.2458, 35.6343], [-107.2419, 35.6261], [-107.2351, 35.6276], [-107.238, 35.6412], [-107.2491, 35.6494], [-107.2482, 35.6531], [-107.2526, 35.6531], [-107.2521, 35.6613], [-107.255, 35.6623], [-107.2461, 35.666], [-107.2376, 35.6646], [-107.2379, 35.6695], [-107.245, 35.6708], [-107.2474, 35.6734], [-107.2546, 35.6734], [-107.2583, 35.6843], [-107.2503, 35.6864], [-107.2471, 35.6913], [-107.232, 35.6883], [-107.2284, 35.692], [-107.2242, 35.6905], [-107.2204, 35.6932], [-107.2185, 35.6999], [-107.2081, 35.7011], [-107.2064, 35.704], [-107.202, 35.7041], [-107.202, 35.6967], [-107.1885, 35.6969], [-107.1887, 35.7055], [-107.1797, 35.7061], [-107.167, 35.7171], [-107.1622, 35.7189], [-107.159, 35.7173], [-107.154, 35.7213], [-107.1456, 35.7376], [-107.1397, 35.7424], [-107.1397, 35.7476], [-107.1318, 35.7522], [-107.1245, 35.7619], [-107.1091, 35.7699], [-107.098, 35.7804], [-107.0955, 35.7857], [-107.0981, 35.7925], [-107.0958, 35.7971], [-107.0999, 35.8164], [-107.0948, 35.8219], [-107.087, 35.8409], [-107.101, 35.8607], [-107.1046, 35.8769], [-107.1162, 35.8976], [-107.1248, 35.9018], [-107.1259, 35.9069], [-107.1308, 35.9079], [-107.1206, 35.9221], [-107.0987, 35.9321], [-107.0954, 35.9393], [-107.0953, 35.9516], [-107.0918, 35.9564], [-107.1816, 35.9564], [-107.1846, 35.9667], [-107.1893, 35.9705], [-107.1848, 35.9759], [-107.1875, 35.9789], [-107.1847, 35.9853], [-107.1862, 35.9966], [-107.1998, 36.0074], [-107.2043, 36.0049], [-107.2092, 36.0056], [-107.2191, 36.0118], [-107.2214, 36.0181], [-107.2137, 36.035], [-107.2132, 36.0486], [-107.2025, 36.0598], [-107.2128, 36.0776], [-107.2135, 36.0839], [-107.1997, 36.0836], [-107.1997, 36.0861], [-106.9923, 36.0859], [-106.9924, 36.2166], [-106.8851, 36.2166], [-106.8853, 35.999], [-106.8326, 35.9987], [-106.8199, 35.9946], [-106.8064, 35.9966], [-106.7963, 35.9938], [-106.7918, 35.9864], [-106.7889, 35.9857], [-106.7899, 35.9825], [-106.7849, 35.9797], [-106.7881, 35.9668], [-106.7857, 35.9645], [-106.7862, 35.9408], [-106.7909, 35.9333], [-106.7921, 35.9238], [-106.8, 35.919], [-106.8047, 35.9116], [-106.804, 35.9075], [-106.801, 35.9068], [-106.8003, 35.9013], [-106.8015, 35.8951], [-106.8051, 35.8953], [-106.8035, 35.8865], [-106.8054, 35.8853], [-106.8062, 35.8883], [-106.8203, 35.893], [-106.8242, 35.8932], [-106.8213, 35.8925], [-106.8197, 35.8901], [-106.8219, 35.8884], [-106.8196, 35.8876], [-106.8223, 35.8847], [-106.8315, 35.8849], [-106.8403, 35.87], [-106.8526, 35.8575], [-106.8555, 35.8446], [-106.8619, 35.8392], [-106.8659, 35.8193], [-106.9744, 35.8188], [-106.9793, 35.8148], [-106.9861, 35.7998], [-106.9877, 35.8003], [-106.9867, 35.7945], [-106.9893, 35.7881], [-106.9864, 35.787], [-106.9873, 35.7789], [-106.9907, 35.7785], [-106.9949, 35.75], [-106.9936, 35.7397], [-106.9976, 35.7397], [-106.9996, 35.7373], [-106.9968, 35.7305], [-107.0012, 35.7263], [-106.9914, 35.7255], [-106.9915, 35.711], [-106.9553, 35.7115], [-106.9561, 35.6099], [-106.965, 35.6099], [-106.965, 35.5659], [-106.9551, 35.566], [-106.9558, 35.5488], [-106.858, 35.5483], [-106.8544, 35.5504], [-106.8527, 35.5465], [-106.8335, 35.5389], [-106.8265, 35.5405], [-106.8177, 35.5517], [-106.8107, 35.5507], [-106.8, 35.5442], [-106.7864, 35.5483], [-106.7818, 35.5449], [-106.7854, 35.5408], [-106.7853, 35.536], [-106.7787, 35.5225], [-106.7698, 35.5228], [-106.7698, 35.5156], [-106.7783, 35.5155], [-106.7782, 35.4937], [-106.7962, 35.4936], [-106.7977, 35.4646], [-106.8157, 35.4645], [-106.8154, 35.4498], [-106.8331, 35.45], [-106.8332, 35.4111], [-106.8698, 35.4201], [-106.8927, 35.4342], [-106.9063, 35.4299], [-106.7631, 35.218], [-107.1972, 35.2195], [-107.2389, 35.3055], [-107.3094, 35.3057], [-107.3103, 35.4195], [-107.3061, 35.4191]]]}}, {"type": "Feature", "properties": {"fips": "35055952300", "gap_national": 26.8, "gap_stratum": 6.3, "burden": 64.1, "capacity": 43.9, "svi": 0.42, "top_decile_gap": 0.0, "stratum": "rural", "scored": 1}, "geometry": {"type": "Polygon", "coordinates": [[[-106.0559, 36.3049], [-106.0477, 36.3096], [-106.0485, 36.3127], [-106.0383, 36.3257], [-106.0001, 36.3328], [-105.9961, 36.3381], [-105.9841, 36.3431], [-105.9716, 36.3446], [-105.9603, 36.3536], [-105.9519, 36.3745], [-105.9545, 36.4257], [-105.9385, 36.4655], [-105.9418, 36.4966], [-105.9524, 36.5196], [-105.9524, 36.5342], [-105.9547, 36.5396], [-105.9499, 36.5432], [-105.9557, 36.5756], [-105.9641, 36.5983], [-105.9643, 36.6132], [-105.9718, 36.6324], [-105.9725, 36.6476], [-105.9844, 36.6453], [-105.9843, 36.6596], [-105.9683, 36.6596], [-105.9709, 36.6831], [-105.9788, 36.7011], [-105.9782, 36.7098], [-105.981, 36.7137], [-105.9773, 36.7218], [-105.9821, 36.7464], [-105.9801, 36.7734], [-105.9845, 36.8114], [-105.9746, 36.8375], [-105.9719, 36.8862], [-105.9755, 36.9024], [-105.9858, 36.9204], [-105.988, 36.9405], [-106.0064, 36.9814], [-106.0063, 36.9953], [-105.5223, 36.9958], [-105.5229, 36.9897], [-105.541, 36.9651], [-105.584, 36.8702], [-105.5853, 36.7907], [-105.5879, 36.7753], [-105.5953, 36.7534], [-105.5958, 36.7042], [-105.5986, 36.7004], [-105.6193, 36.6888], [-105.6263, 36.681], [-105.6403, 36.641], [-105.663, 36.6076], [-105.6606, 36.5875], [-105.6716, 36.573], [-105.6747, 36.5622], [-105.6701, 36.541], [-105.6669, 36.5365], [-105.6668, 36.5208], [-105.6589, 36.516], [-105.6732, 36.515], [-105.6689, 36.5109], [-105.698, 36.5043], [-105.7187, 36.4966], [-105.7214, 36.4923], [-105.7188, 36.4899], [-105.72, 36.485], [-105.7256, 36.4898], [-105.7318, 36.4823], [-105.733, 36.474], [-105.7289, 36.4657], [-105.7296, 36.4493], [-105.7278, 36.4412], [-105.7197, 36.4324], [-105.7175, 36.4172], [-105.7217, 36.4108], [-105.7198, 36.4049], [-105.7228, 36.3972], [-105.722, 36.3882], [-105.7287, 36.3797], [-105.7241, 36.3684], [-105.7297, 36.3578], [-105.7274, 36.3518], [-105.7327, 36.3446], [-105.7308, 36.3392], [-105.7331, 36.3353], [-105.7471, 36.3295], [-105.7516, 36.322], [-105.7608, 36.3163], [-105.7749, 36.2942], [-105.7805, 36.293], [-105.7859, 36.2876], [-105.7891, 36.2808], [-105.7875, 36.2688], [-105.8064, 36.2601], [-105.8276, 36.2436], [-105.8561, 36.2296], [-106.0584, 36.297], [-106.0559, 36.2995], [-106.0559, 36.3049]]]}}, {"type": "Feature", "properties": {"fips": "35001000117", "gap_national": 9.5, "gap_stratum": 14.3, "burden": 45.3, "capacity": 40.3, "svi": 0.41, "top_decile_gap": 0.0, "stratum": "metropolitan", "scored": 1}, "geometry": {"type": "Polygon", "coordinates": [[[-106.551, 35.1307], [-106.5333, 35.1306], [-106.5333, 35.1234], [-106.551, 35.1236], [-106.551, 35.1307]]]}}, {"type": "Feature", "properties": {"fips": "35001000603", "gap_national": 81.7, "gap_stratum": 86.1, "burden": 78.4, "capacity": 4.7, "svi": 0.98, "top_decile_gap": 1.0, "stratum": "metropolitan", "scored": 1}, "geometry": {"type": "Polygon", "coordinates": [[[-106.5601, 35.075], [-106.5599, 35.0873], [-106.5506, 35.0873], [-106.5505, 35.0728], [-106.5633, 35.0727], [-106.5633, 35.0753], [-106.5601, 35.075]]]}}, {"type": "Feature", "properties": {"fips": "35001000718", "gap_national": 45.1, "gap_stratum": 52.1, "burden": 53.6, "capacity": 15.7, "svi": 0.74, "top_decile_gap": 0.0, "stratum": "metropolitan", "scored": 1}, "geometry": {"type": "Polygon", "coordinates": [[[-106.5324, 35.0833], [-106.5151, 35.0766], [-106.5152, 35.0691], [-106.5177, 35.0665], [-106.5325, 35.0673], [-106.5324, 35.0833]]]}}, {"type": "Feature", "properties": {"fips": "35057980000", "gap_national": 18.3, "gap_stratum": 1.3, "burden": 22.5, "capacity": 1.1, "svi": null, "top_decile_gap": 0.0, "stratum": "rural", "scored": 1}, "geometry": {"type": "Polygon", "coordinates": [[[-106.0086, 34.7687], [-106.0086, 34.7541], [-106.0261, 34.7541], [-106.0262, 34.7687], [-106.0086, 34.7687]]]}}, {"type": "Feature", "properties": {"fips": "35013001501", "gap_national": -13.8, "gap_stratum": -7.2, "burden": 53.1, "capacity": 62.9, "svi": 0.23, "top_decile_gap": 0.0, "stratum": "metropolitan", "scored": 1}, "geometry": {"type": "Polygon", "coordinates": [[[-107.298, 32.4934], [-107.2735, 32.4955], [-107.2547, 32.4849], [-107.2515, 32.4784], [-107.2381, 32.4685], [-107.2254, 32.4729], [-107.2113, 32.4742], [-107.211, 32.4823], [-107.1989, 32.4886], [-107.1797, 32.4882], [-107.1736, 32.4928], [-107.1595, 32.4919], [-107.1495, 32.4957], [-107.1349, 32.4919], [-107.1179, 32.4962], [-107.104, 32.4939], [-107.0834, 32.4878], [-107.0563, 32.4754], [-107.0451, 32.4734], [-107.0401, 32.4824], [-107.0413, 32.4875], [-107.0388, 32.4904], [-107.0415, 32.4965], [-107.0372, 32.4999], [-107.0377, 32.5046], [-107.035, 32.5078], [-107.0427, 32.5158], [-107.0341, 32.5178], [-107.0348, 32.5205], [-107.0322, 32.5187], [-107.032, 32.5224], [-107.0262, 32.5252], [-107.0201, 32.5243], [-107.0183, 32.5294], [-107.0054, 32.5244], [-106.9954, 32.533], [-106.9869, 32.5357], [-106.9838, 32.5332], [-106.982, 32.5233], [-106.9736, 32.5169], [-106.9646, 32.5192], [-106.959, 32.5175], [-106.9525, 32.5029], [-106.9241, 32.4981], [-106.9222, 32.4946], [-106.9292, 32.4806], [-106.9143, 32.4733], [-106.9044, 32.4651], [-106.9024, 32.4557], [-106.8937, 32.4377], [-106.8828, 32.4274], [-106.8723, 32.4253], [-106.8679, 32.4187], [-106.8622, 32.4037], [-106.8618, 32.3958], [-106.868, 32.3875], [-106.865, 32.3813], [-106.855, 32.3763], [-106.8564, 32.3663], [-106.847, 32.3398], [-106.848, 32.3283], [-106.8509, 32.323], [-106.8454, 32.3074], [-106.8462, 32.304], [-106.8535, 32.3003], [-106.8674, 32.3002], [-106.8687, 32.2931], [-106.8643, 32.2928], [-106.886, 32.2817], [-106.8433, 32.2864], [-106.8291, 32.2659], [-106.8188, 32.2574], [-106.8173, 32.2482], [-106.8117, 32.2378], [-106.7983, 32.228], [-106.8062, 32.2223], [-106.8137, 32.2231], [-106.8289, 32.2183], [-106.8566, 32.2235], [-106.903, 32.2096], [-106.9089, 32.1897], [-106.9052, 32.1657], [-106.8835, 32.1271], [-106.9097, 32.1087], [-106.9411, 32.0733], [-106.9446, 32.0721], [-107.0161, 32.1064], [-107.114, 32.1427], [-107.1246, 32.1492], [-107.133, 32.1621], [-107.156, 32.1835], [-107.2983, 32.2201], [-107.298, 32.4934]]]}}, {"type": "Feature", "properties": {"fips": "35061980300", "gap_national": null, "gap_stratum": null, "burden": null, "capacity": null, "svi": null, "top_decile_gap": null, "stratum": null, "scored": 0}, "geometry": {"type": "Polygon", "coordinates": [[[-106.7976, 34.8288], [-106.7936, 34.836], [-106.7685, 34.836], [-106.7727, 34.8287], [-106.7553, 34.8287], [-106.7614, 34.8145], [-106.7809, 34.8202], [-106.7957, 34.821], [-106.807, 34.8262], [-106.7976, 34.8288]]]}}, {"type": "Feature", "properties": {"fips": "35045943100", "gap_national": 78.5, "gap_stratum": 83.1, "burden": 93.5, "capacity": 25.0, "svi": 0.9, "top_decile_gap": 1.0, "stratum": "small_town", "scored": 1}, "geometry": {"type": "Polygon", "coordinates": [[[-109.0459, 36.1416], [-109.0411, 36.1418], [-109.0304, 36.1476], [-109.0266, 36.1438], [-109.0277, 36.142], [-109.0139, 36.1422], [-109.0056, 36.135], [-109.0046, 36.1283], [-108.9969, 36.1251], [-108.9966, 36.1205], [-108.9648, 36.1465], [-108.9306, 36.1676], [-108.9182, 36.1783], [-108.9157, 36.1711], [-108.9204, 36.1688], [-108.9179, 36.1646], [-108.9177, 36.1675], [-108.9146, 36.1676], [-108.9101, 36.1619], [-108.9022, 36.1575], [-108.8848, 36.1552], [-108.8902, 36.1462], [-108.8902, 36.1349], [-108.8822, 36.1207], [-108.873, 36.1223], [-108.8718, 36.1197], [-108.875, 36.1162], [-108.8629, 36.1136], [-108.8566, 36.1085], [-108.8587, 36.1084], [-108.8545, 36.1038], [-108.8565, 36.1047], [-108.856, 36.1], [-108.8598, 36.0954], [-108.8569, 36.098], [-108.8521, 36.095], [-108.8442, 36.0978], [-108.8392, 36.0939], [-108.8246, 36.1043], [-108.8082, 36.104], [-108.7674, 36.1178], [-108.7514, 36.1188], [-108.7372, 36.13], [-108.7231, 36.1326], [-108.7153, 36.1399], [-108.7071, 36.143], [-108.6734, 36.1447], [-108.5672, 36.1651], [-108.5537, 36.1731], [-108.5525, 36.1759], [-108.5393, 36.1749], [-108.5214, 36.1782], [-108.5201, 36.1799], [-108.5224, 36.1864], [-108.5166, 36.1895], [-108.5117, 36.1889], [-108.5006, 36.1769], [-108.4928, 36.1745], [-108.492, 36.1695], [-108.4894, 36.168], [-108.4716, 36.1716], [-108.469, 36.1762], [-108.471, 36.1871], [-108.4665, 36.1932], [-108.4442, 36.1958], [-108.4398, 36.1835], [-108.4354, 36.1784], [-108.4225, 36.1781], [-108.4072, 36.1838], [-108.3936, 36.1799], [-108.3851, 36.1863], [-108.3812, 36.1937], [-108.3729, 36.1966], [-108.3708, 36.1952], [-108.3728, 36.1807], [-108.3664, 36.1744], [-108.3559, 36.1492], [-108.3572, 36.101], [-108.3689, 36.043], [-108.376, 36.0248], [-108.374, 36.0024], [-109.0381, 36.0024], [-109.046, 36.0027], [-109.0459, 36.1416]]]}}, {"type": "Feature", "properties": {"fips": "35031943500", "gap_national": 83.7, "gap_stratum": 76.9, "burden": 87.4, "capacity": 14.2, "svi": 0.94, "top_decile_gap": 1.0, "stratum": "rural", "scored": 1}, "geometry": {"type": "Polygon", "coordinates": [[[-108.2718, 36.0022], [-108.1656, 36.0028], [-107.8816, 36.0017], [-107.8206, 35.9682], [-107.8161, 35.9638], [-107.7901, 35.9569], [-107.7783, 35.9609], [-107.7711, 35.959], [-107.7685, 35.9554], [-107.7698, 35.953], [-107.7789, 35.947], [-107.7655, 35.9462], [-107.7549, 35.9373], [-107.7601, 35.9351], [-107.7667, 35.9362], [-107.7659, 35.9334], [-107.7685, 35.9312], [-107.7592, 35.9253], [-107.7461, 35.9221], [-107.7431, 35.9189], [-107.7268, 35.9166], [-107.7155, 35.9096], [-107.7142, 35.9044], [-107.7198, 35.9014], [-107.7105, 35.8931], [-107.7108, 35.8902], [-107.7064, 35.8914], [-107.7065, 35.887], [-107.7036, 35.8859], [-107.7033, 35.8879], [-107.7015, 35.8859], [-107.7189, 35.8756], [-107.7304, 35.8639], [-107.7357, 35.852], [-107.7412, 35.8462], [-107.7446, 35.8193], [-107.751, 35.8137], [-107.7953, 35.8046], [-107.826, 35.8057], [-107.8171, 35.7954], [-107.8264, 35.7826], [-107.8236, 35.7768], [-107.8255, 35.7693], [-107.8222, 35.7655], [-107.8229, 35.7605], [-107.8392, 35.7516], [-107.8297, 35.7397], [-107.8281, 35.733], [-107.8301, 35.7298], [-107.7972, 35.7209], [-107.7885, 35.7105], [-107.7805, 35.7059], [-107.7788, 35.6995], [-107.8097, 35.6778], [-107.836, 35.6548], [-107.8381, 35.6422], [-107.8478, 35.631], [-107.8513, 35.6226], [-107.8601, 35.6153], [-107.885, 35.6051], [-107.9088, 35.6005], [-107.9216, 35.6066], [-107.9291, 35.6135], [-107.9569, 35.6115], [-107.9586, 35.6192], [-107.9635, 35.6264], [-107.9645, 35.6378], [-107.9807, 35.6416], [-107.9872, 35.6492], [-107.9922, 35.6604], [-107.989, 35.6719], [-107.9774, 35.6853], [-107.9905, 35.6897], [-107.9972, 35.6958], [-108.0081, 35.6956], [-108.0173, 35.6895], [-108.0251, 35.6797], [-108.072, 35.6685], [-108.0962, 35.6528], [-108.1216, 35.6622], [-108.1176, 35.6561], [-108.1156, 35.6412], [-108.1102, 35.6327], [-108.1109, 35.6238], [-108.1298, 35.5979], [-108.1359, 35.5933], [-108.1395, 35.5822], [-108.1403, 35.5864], [-108.1429, 35.587], [-108.1387, 35.5907], [-108.1403, 35.5933], [-108.1469, 35.5917], [-108.1468, 35.5947], [-108.132, 35.5989], [-108.1301, 35.6057], [-108.1323, 35.6066], [-108.1319, 35.6095], [-108.125, 35.6089], [-108.1227, 35.6154], [-108.1236, 35.6182], [-108.1275, 35.6178], [-108.1299, 35.6213], [-108.1263, 35.629], [-108.1347, 35.6243], [-108.1341, 35.6272], [-108.1381, 35.631], [-108.1429, 35.6284], [-108.1449, 35.6315], [-108.1445, 35.6426], [-108.1389, 35.6432], [-108.1407, 35.6481], [-108.1347, 35.6541], [-108.1438, 35.6528], [-108.1438, 35.6577], [-108.1492, 35.6524], [-108.1516, 35.6546], [-108.1546, 35.6537], [-108.1582, 35.6497], [-108.1597, 35.6548], [-108.1564, 35.6616], [-108.1632, 35.6488], [-108.1635, 35.6578], [-108.1646, 35.6548], [-108.179, 35.6492], [-108.1816, 35.6526], [-108.1849, 35.6509], [-108.1881, 35.6552], [-108.1927, 35.6529], [-108.1945, 35.6566], [-108.2004, 35.6541], [-108.2027, 35.6575], [-108.2072, 35.6538], [-108.2069, 35.6589], [-108.2133, 35.6516], [-108.2159, 35.6564], [-108.2137, 35.6659], [-108.2181, 35.6695], [-108.222, 35.655], [-108.2248, 35.6521], [-108.229, 35.6569], [-108.2323, 35.6557], [-108.2307, 35.6651], [-108.2392, 35.6576], [-108.2435, 35.6647], [-108.2469, 35.6598], [-108.2563, 35.6629], [-108.2695, 35.6587], [-108.2718, 36.0022]]]}}, {"type": "Feature", "properties": {"fips": "35061980100", "gap_national": 85.9, "gap_stratum": 84.5, "burden": 99.0, "capacity": 20.7, "svi": 0.15, "top_decile_gap": 1.0, "stratum": "metropolitan", "scored": 1}, "geometry": {"type": "Polygon", "coordinates": [[[-106.8205, 34.6551], [-106.8205, 34.635], [-106.8228, 34.6332], [-106.8271, 34.6332], [-106.8271, 34.635], [-106.8491, 34.6351], [-106.8491, 34.6525], [-106.8513, 34.6525], [-106.8513, 34.6552], [-106.8205, 34.6551]]]}}, {"type": "Feature", "properties": {"fips": "35001004739", "gap_national": 37.4, "gap_stratum": 44.2, "burden": 39.7, "capacity": 4.4, "svi": 0.83, "top_decile_gap": 0.0, "stratum": "metropolitan", "scored": 1}, "geometry": {"type": "Polygon", "coordinates": [[[-106.73, 35.0756], [-106.7296, 35.0575], [-106.7408, 35.0556], [-106.7427, 35.0727], [-106.73, 35.0756]]]}}, {"type": "Feature", "properties": {"fips": "35013001808", "gap_national": 79.1, "gap_stratum": 83.8, "burden": 76.7, "capacity": 6.1, "svi": 0.94, "top_decile_gap": 1.0, "stratum": "metropolitan", "scored": 1}, "geometry": {"type": "Polygon", "coordinates": [[[-106.6113, 32.0248], [-106.6113, 32.0284], [-106.6033, 32.0284], [-106.6032, 32.0248], [-106.5885, 32.0247], [-106.5828, 32.0101], [-106.6237, 32.0103], [-106.6298, 32.0248], [-106.6113, 32.0248]]]}}, {"type": "Feature", "properties": {"fips": "35039000301", "gap_national": 35.8, "gap_stratum": 8.4, "burden": 50.4, "capacity": 21.8, "svi": 0.45, "top_decile_gap": 0.0, "stratum": "micropolitan", "scored": 1}, "geometry": {"type": "Polygon", "coordinates": [[[-106.3547, 36.0112], [-106.3426, 36.0124], [-106.3402, 36.0156], [-106.3297, 36.0157], [-106.3113, 36.0217], [-106.3135, 36.0299], [-106.3112, 36.0365], [-106.3076, 36.0354], [-106.2956, 36.0395], [-106.2829, 36.0485], [-106.2531, 36.0583], [-106.2449, 36.0656], [-106.2213, 36.0736], [-106.2056, 36.085], [-106.1997, 36.0852], [-106.1889, 36.0918], [-106.1735, 36.0943], [-106.1574, 36.1041], [-106.1507, 36.1115], [-106.1425, 36.1099], [-106.1302, 36.122], [-106.1125, 36.1306], [-106.1098, 36.1367], [-106.1044, 36.1396], [-106.1032, 36.1516], [-106.0984, 36.1575], [-106.0991, 36.1595], [-106.087, 36.1673], [-106.0762, 36.1803], [-106.0592, 36.1913], [-106.0565, 36.2016], [-106.0481, 36.213], [-106.0457, 36.2203], [-106.0519, 36.227], [-106.052, 36.2372], [-106.0602, 36.2577], [-106.0585, 36.2758], [-106.0547, 36.281], [-106.0597, 36.2864], [-106.0523, 36.295], [-105.8985, 36.2444], [-105.9112, 36.2386], [-105.9177, 36.2327], [-105.9222, 36.2274], [-105.9253, 36.2154], [-105.946, 36.2094], [-105.9579, 36.2096], [-105.978, 36.1925], [-105.9801, 36.1842], [-105.972, 36.175], [-105.9702, 36.1754], [-105.9672, 36.1623], [-105.9674, 36.1581], [-105.9724, 36.1525], [-105.9916, 36.1392], [-105.9945, 36.144], [-106.001, 36.1479], [-106.0144, 36.142], [-106.021, 36.1436], [-106.02, 36.1461], [-106.028, 36.1515], [-106.0314, 36.1573], [-106.042, 36.1563], [-106.0535, 36.1502], [-106.0994, 36.1133], [-106.104, 36.1071], [-106.1048, 36.0902], [-106.1187, 36.0901], [-106.1187, 36.0163], [-106.0644, 36.0164], [-106.0651, 36.0062], [-106.1352, 36.0062], [-106.1353, 35.9944], [-106.1592, 35.9948], [-106.159, 36.0017], [-106.2078, 36.0015], [-106.2066, 36.0079], [-106.2255, 36.0086], [-106.2255, 36.0158], [-106.2433, 36.0158], [-106.2436, 36.023], [-106.296, 36.0219], [-106.2958, 36.0147], [-106.313, 36.0144], [-106.3123, 36.0077], [-106.3293, 36.008], [-106.3291, 36.0012], [-106.382, 36.0004], [-106.3547, 36.0112]]]}}, {"type": "Feature", "properties": {"fips": "35027960401", "gap_national": 56.4, "gap_stratum": 46.0, "burden": 77.4, "capacity": 32.2, "svi": 0.64, "top_decile_gap": 1.0, "stratum": "micropolitan", "scored": 1}, "geometry": {"type": "Polygon", "coordinates": [[[-105.6165, 33.326], [-105.6084, 33.3265], [-105.6006, 33.3306], [-105.5946, 33.3309], [-105.598, 33.3261], [-105.5882, 33.3263], [-105.5859, 33.329], [-105.5793, 33.3299], [-105.5809, 33.3357], [-105.5832, 33.3353], [-105.5828, 33.3394], [-105.5765, 33.3423], [-105.5752, 33.3485], [-105.5529, 33.3558], [-105.5528, 33.3582], [-105.5475, 33.3589], [-105.53, 33.374], [-105.5203, 33.3744], [-105.5091, 33.3811], [-105.5003, 33.3822], [-105.4698, 33.405], [-105.4496, 33.4095], [-105.4389, 33.4148], [-105.4424, 33.4192], [-105.4547, 33.424], [-105.4645, 33.4317], [-105.4808, 33.4368], [-105.4825, 33.4435], [-105.4928, 33.4511], [-105.4963, 33.4586], [-105.4951, 33.4617], [-105.4897, 33.4616], [-105.4896, 33.4653], [-105.4808, 33.4652], [-105.4807, 33.4689], [-105.4715, 33.4688], [-105.4715, 33.4722], [-105.4617, 33.4722], [-105.4617, 33.4754], [-105.4405, 33.4755], [-105.4356, 33.4871], [-105.4331, 33.4867], [-105.4349, 33.4882], [-105.4315, 33.4894], [-105.4319, 33.4923], [-105.4274, 33.4915], [-105.4171, 33.4983], [-105.4099, 33.4993], [-105.4055, 33.5049], [-105.3985, 33.5064], [-105.3925, 33.515], [-105.3863, 33.515], [-105.3863, 33.4971], [-105.3696, 33.4971], [-105.3696, 33.4899], [-105.3498, 33.4899], [-105.3498, 33.4755], [-105.2675, 33.476], [-105.2676, 33.4905], [-105.2501, 33.4845], [-105.2434, 33.4904], [-105.2209, 33.4963], [-105.2066, 33.4876], [-105.2033, 33.4969], [-105.2009, 33.4935], [-105.1912, 33.4931], [-105.1912, 33.4892], [-105.1764, 33.4836], [-105.1587, 33.4835], [-105.1573, 33.4763], [-105.1507, 33.4752], [-105.1503, 33.4724], [-105.1466, 33.4725], [-105.1476, 33.4701], [-105.1218, 33.4802], [-105.1113, 33.4753], [-105.1065, 33.4793], [-105.1018, 33.4783], [-105.1016, 33.4819], [-105.0988, 33.4785], [-105.0925, 33.4784], [-105.0905, 33.4758], [-105.081, 33.4727], [-105.0652, 33.4791], [-105.0575, 33.4777], [-105.0576, 33.4756], [-105.0511, 33.4817], [-105.0573, 33.4853], [-105.0645, 33.4957], [-105.058, 33.498], [-105.0578, 33.5029], [-105.0479, 33.505], [-105.0376, 33.5033], [-105.0281, 33.5062], [-105.0208, 33.5038], [-105.0088, 33.5084], [-105.0015, 33.5055], [-104.9957, 33.5105], [-104.9925, 33.5105], [-104.9882, 33.5051], [-104.9835, 33.5102], [-104.974, 33.5098], [-104.9678, 33.5162], [-104.9453, 33.5078], [-104.935, 33.5001], [-104.9272, 33.4987], [-104.924, 33.4945], [-104.9042, 33.4911], [-104.8965, 33.4819], [-104.8923, 33.4807], [-104.8924, 33.3982], [-104.8851, 33.3933], [-104.8851, 33.3058], [-104.9038, 33.3059], [-104.9054, 33.1389], [-105.0065, 33.1389], [-105.0065, 33.1344], [-105.0749, 33.1342], [-105.1086, 33.1317], [-105.317, 33.1323], [-105.3174, 33.306], [-105.6141, 33.3052], [-105.6149, 33.3096], [-105.6127, 33.3129], [-105.6181, 33.3195], [-105.6165, 33.326]]]}}, {"type": "Feature", "properties": {"fips": "35001004603", "gap_national": 36.5, "gap_stratum": 42.9, "burden": 52.3, "capacity": 23.5, "svi": 0.72, "top_decile_gap": 0.0, "stratum": "metropolitan", "scored": 1}, "geometry": {"type": "Polygon", "coordinates": [[[-106.714, 35.0271], [-106.7119, 35.0275], [-106.6728, 35.0272], [-106.6719, 35.017], [-106.6728, 35.0138], [-106.6857, 35.0145], [-106.687, 35.0119], [-106.7162, 35.0118], [-106.714, 35.0271]]]}}, {"type": "Feature", "properties": {"fips": "35001001500", "gap_national": 45.5, "gap_stratum": 53.0, "burden": 49.1, "capacity": 8.8, "svi": 0.92, "top_decile_gap": 0.0, "stratum": "metropolitan", "scored": 1}, "geometry": {"type": "Polygon", "coordinates": [[[-106.6441, 35.0863], [-106.6361, 35.0852], [-106.6394, 35.0698], [-106.6498, 35.07], [-106.6441, 35.0863]]]}}, {"type": "Feature", "properties": {"fips": "35001000110", "gap_national": 24.8, "gap_stratum": 30.5, "burden": 44.2, "capacity": 25.8, "svi": 0.55, "top_decile_gap": 0.0, "stratum": "metropolitan", "scored": 1}, "geometry": {"type": "Polygon", "coordinates": [[[-106.5157, 35.1235], [-106.5156, 35.1163], [-106.5332, 35.1162], [-106.5333, 35.1234], [-106.5157, 35.1235]]]}}, {"type": "Feature", "properties": {"fips": "35021000100", "gap_national": 37.8, "gap_stratum": 39.0, "burden": 83.6, "capacity": 51.4, "svi": 0.65, "top_decile_gap": 0.0, "stratum": "rural", "scored": 1}, "geometry": {"type": "Polygon", "coordinates": [[[-104.4266, 36.1972], [-104.4339, 36.2013], [-104.4305, 36.2136], [-104.4361, 36.2185], [-104.0088, 36.2181], [-104.0089, 36.1745], [-103.794, 36.174], [-103.7945, 36.0857], [-103.365, 36.0861], [-103.3651, 35.9987], [-103.3749, 35.9987], [-103.3752, 35.6525], [-103.3794, 35.6525], [-103.3797, 35.3968], [-103.389, 35.3896], [-103.6371, 35.3897], [-103.637, 35.4223], [-103.7236, 35.4228], [-103.9769, 35.8017], [-104.0217, 35.7815], [-104.3701, 35.7793], [-104.3611, 35.7844], [-104.3653, 35.7895], [-104.3641, 35.7962], [-104.3714, 35.8067], [-104.3634, 35.8111], [-104.375, 35.8186], [-104.3781, 35.8236], [-104.3669, 35.8302], [-104.3774, 35.8329], [-104.3796, 35.8364], [-104.3664, 35.8391], [-104.365, 35.8422], [-104.3723, 35.8481], [-104.3755, 35.8475], [-104.375, 35.8424], [-104.3778, 35.841], [-104.3817, 35.8427], [-104.3765, 35.8518], [-104.387, 35.8556], [-104.3905, 35.8598], [-104.3819, 35.862], [-104.3775, 35.8789], [-104.3742, 35.8716], [-104.3681, 35.8704], [-104.3664, 35.8734], [-104.3732, 35.8781], [-104.374, 35.8812], [-104.3617, 35.8846], [-104.3593, 35.8884], [-104.366, 35.8923], [-104.368, 35.8972], [-104.3507, 35.899], [-104.3541, 35.9077], [-104.3491, 35.9078], [-104.3437, 35.9119], [-104.355, 35.9198], [-104.3457, 35.9248], [-104.3382, 35.9237], [-104.3429, 35.9306], [-104.3504, 35.9285], [-104.3547, 35.9296], [-104.3535, 35.9398], [-104.3421, 35.9398], [-104.339, 35.9432], [-104.3498, 35.9498], [-104.3521, 35.954], [-104.3442, 35.9555], [-104.3409, 35.9487], [-104.3359, 35.9556], [-104.3274, 35.9606], [-104.3298, 35.9644], [-104.3364, 35.966], [-104.3428, 35.9749], [-104.3557, 35.9827], [-104.3545, 35.9873], [-104.3487, 35.9876], [-104.3466, 35.9908], [-104.3412, 35.9919], [-104.3396, 36.0], [-104.3484, 36.0049], [-104.3499, 36.01], [-104.3573, 36.0097], [-104.3653, 36.0134], [-104.3605, 36.0239], [-104.3614, 36.0381], [-104.3657, 36.0443], [-104.373, 36.0449], [-104.3797, 36.0493], [-104.3783, 36.0574], [-104.3701, 36.0658], [-104.3774, 36.0673], [-104.3812, 36.0762], [-104.3903, 36.0822], [-104.3862, 36.0888], [-104.4011, 36.0915], [-104.3974, 36.0991], [-104.4021, 36.1085], [-104.4029, 36.117], [-104.4129, 36.121], [-104.4145, 36.1238], [-104.4093, 36.132], [-104.4175, 36.1364], [-104.4206, 36.1408], [-104.4162, 36.1461], [-104.4129, 36.1452], [-104.411, 36.1401], [-104.4078, 36.1406], [-104.4072, 36.1488], [-104.4034, 36.1531], [-104.4191, 36.1664], [-104.4199, 36.1685], [-104.414, 36.1755], [-104.4241, 36.184], [-104.4278, 36.1838], [-104.4279, 36.1767], [-104.4356, 36.1766], [-104.4321, 36.1884], [-104.439, 36.1948], [-104.4266, 36.1972]]]}}, {"type": "Feature", "properties": {"fips": "35049001206", "gap_national": 42.0, "gap_stratum": 49.3, "burden": 44.1, "capacity": 5.4, "svi": 0.97, "top_decile_gap": 0.0, "stratum": "metropolitan", "scored": 1}, "geometry": {"type": "Polygon", "coordinates": [[[-106.0299, 35.6464], [-106.0213, 35.6467], [-106.0193, 35.6392], [-106.0356, 35.637], [-106.0381, 35.6427], [-106.0299, 35.6464]]]}}, {"type": "Feature", "properties": {"fips": "35005001200", "gap_national": 40.4, "gap_stratum": 12.7, "burden": 50.2, "capacity": 16.7, "svi": 0.61, "top_decile_gap": 0.0, "stratum": "micropolitan", "scored": 1}, "geometry": {"type": "Polygon", "coordinates": [[[-104.395, 33.3969], [-104.4009, 33.4029], [-104.3961, 33.4063], [-104.3992, 33.4091], [-104.3995, 33.4169], [-104.3894, 33.4355], [-104.386, 33.4364], [-104.389, 33.4409], [-104.3817, 33.4412], [-104.3851, 33.4482], [-104.3798, 33.45], [-104.3762, 33.4571], [-104.3857, 33.4808], [-104.3885, 33.4839], [-104.3913, 33.4827], [-104.3895, 33.4906], [-104.3849, 33.4951], [-104.3884, 33.5041], [-104.3843, 33.5046], [-104.3815, 33.5088], [-104.3825, 33.5156], [-104.3899, 33.5198], [-104.3668, 33.5298], [-104.3795, 33.539], [-104.3716, 33.5446], [-104.37, 33.5552], [-104.3663, 33.5615], [-104.371, 33.5709], [-104.3781, 33.5724], [-104.38, 33.5773], [-104.3727, 33.5812], [-104.3691, 33.5908], [-104.3635, 33.5969], [-104.3719, 33.602], [-104.3725, 33.6055], [-104.3691, 33.613], [-104.3671, 33.6273], [-104.3639, 33.6293], [-104.3622, 33.6266], [-104.3583, 33.6299], [-104.3543, 33.6478], [-104.3508, 33.6495], [-104.3482, 33.6571], [-104.3375, 33.6606], [-104.3285, 33.6719], [-104.3152, 33.68], [-104.319, 33.6901], [-104.3185, 33.698], [-104.3242, 33.7085], [-104.3201, 33.7225], [-104.3229, 33.7292], [-104.3156, 33.734], [-104.3162, 33.7379], [-104.3222, 33.7431], [-104.3198, 33.7461], [-104.3059, 33.7507], [-104.3058, 33.7552], [-104.3127, 33.7659], [-104.3121, 33.7736], [-104.3073, 33.7823], [-104.2999, 33.7864], [-104.3001, 33.795], [-104.2946, 33.8018], [-104.2961, 33.8054], [-104.3038, 33.8093], [-104.295, 33.8119], [-104.296, 33.8173], [-104.2929, 33.825], [-104.3009, 33.8461], [-104.2944, 33.8441], [-104.2877, 33.8463], [-104.2855, 33.8482], [-104.2922, 33.8551], [-104.2779, 33.8554], [-104.2744, 33.8583], [-104.2841, 33.87], [-104.2738, 33.8753], [-104.2727, 33.8832], [-104.2763, 33.8896], [-104.2689, 33.899], [-104.2687, 33.9033], [-104.2767, 33.9126], [-104.278, 33.922], [-104.2743, 33.926], [-104.2668, 33.9201], [-104.2642, 33.9204], [-104.2629, 33.9258], [-104.2675, 33.9316], [-104.2817, 33.9377], [-104.2823, 33.9412], [-104.2676, 33.9419], [-104.2654, 33.9452], [-104.2788, 33.953], [-104.2847, 33.963], [-104.2793, 33.9705], [-104.268, 33.9755], [-104.2646, 33.9793], [-104.275, 33.9835], [-104.2795, 33.9913], [-104.3021, 33.983], [-104.3048, 33.9936], [-104.3133, 33.9928], [-104.3174, 33.9959], [-104.1563, 33.9954], [-104.1556, 34.0832], [-103.8417, 34.0819], [-103.8419, 33.8192], [-103.7169, 33.8196], [-103.7183, 33.6562], [-103.5098, 33.6573], [-103.5101, 33.5701], [-103.7208, 33.5695], [-103.7214, 33.3957], [-103.7664, 33.3953], [-103.7664, 33.1402], [-103.7793, 33.143], [-103.7816, 33.1412], [-103.7816, 33.145], [-103.7847, 33.1452], [-103.7857, 33.1413], [-103.8007, 33.1418], [-103.8001, 33.1201], [-103.8159, 33.1197], [-103.816, 33.1372], [-103.8357, 33.1377], [-103.8359, 33.1394], [-103.8583, 33.1393], [-103.8662, 33.1373], [-103.88, 33.1418], [-103.8928, 33.1423], [-103.8987, 33.1347], [-103.9059, 33.1412], [-103.9188, 33.1445], [-103.9311, 33.142], [-103.958, 33.1446], [-103.9687, 33.1433], [-103.9996, 33.1262], [-104.0609, 33.1146], [-104.0723, 33.1165], [-104.0919, 33.1075], [-104.1387, 33.1156], [-104.2238, 33.2413], [-104.2274, 33.2392], [-104.2586, 33.2418], [-104.2895, 33.227], [-104.3017, 33.2269], [-104.3053, 33.2231], [-104.3323, 33.223], [-104.3337, 33.2341], [-104.3363, 33.2247], [-104.3462, 33.2178], [-104.3489, 33.22], [-104.3506, 33.2308], [-104.3564, 33.232], [-104.3568, 33.2344], [-104.3522, 33.2362], [-104.3553, 33.2399], [-104.3544, 33.2422], [-104.3599, 33.2438], [-104.3677, 33.2402], [-104.3722, 33.2408], [-104.3715, 33.2559], [-104.4152, 33.256], [-104.4835, 33.3502], [-104.4744, 33.3502], [-104.4745, 33.3796], [-104.488, 33.3796], [-104.4881, 33.3942], [-104.395, 33.3969]]]}}, {"type": "Feature", "properties": {"fips": "35009000400", "gap_national": 86.1, "gap_stratum": 77.5, "burden": 83.3, "capacity": 5.6, "svi": 0.97, "top_decile_gap": 1.0, "stratum": "micropolitan", "scored": 1}, "geometry": {"type": "Polygon", "coordinates": [[[-103.1876, 34.412], [-103.1877, 34.4047], [-103.1433, 34.4049], [-103.1432, 34.3935], [-103.2053, 34.3975], [-103.2054, 34.411], [-103.1876, 34.412]]]}}, {"type": "Feature", "properties": {"fips": "35049000400", "gap_national": -43.8, "gap_stratum": -35.7, "burden": 51.7, "capacity": 88.5, "svi": 0.29, "top_decile_gap": 0.0, "stratum": "metropolitan", "scored": 1}, "geometry": {"type": "Polygon", "coordinates": [[[-105.9435, 35.6893], [-105.9473, 35.6922], [-105.9385, 35.6918], [-105.9334, 35.6885], [-105.9353, 35.681], [-105.9475, 35.6828], [-105.9435, 35.6893]]]}}, {"type": "Feature", "properties": {"fips": "35001004734", "gap_national": 35.6, "gap_stratum": 42.2, "burden": 37.7, "capacity": 3.1, "svi": 0.86, "top_decile_gap": 0.0, "stratum": "metropolitan", "scored": 1}, "geometry": {"type": "Polygon", "coordinates": [[[-106.7226, 35.051], [-106.7225, 35.0581], [-106.7125, 35.0593], [-106.7205, 35.0377], [-106.7277, 35.0385], [-106.7226, 35.051]]]}}, {"type": "Feature", "properties": {"fips": "35009000201", "gap_national": 67.3, "gap_stratum": 51.1, "burden": 72.4, "capacity": 15.7, "svi": 0.7, "top_decile_gap": 1.0, "stratum": "micropolitan", "scored": 1}, "geometry": {"type": "Polygon", "coordinates": [[[-103.2141, 34.4339], [-103.2141, 34.4193], [-103.2493, 34.4192], [-103.2493, 34.434], [-103.2141, 34.4339]]]}}, {"type": "Feature", "properties": {"fips": "35035000602", "gap_national": 37.6, "gap_stratum": 15.9, "burden": 62.9, "capacity": 34.2, "svi": 0.59, "top_decile_gap": 0.0, "stratum": "micropolitan", "scored": 1}, "geometry": {"type": "Polygon", "coordinates": [[[-106.1369, 32.7611], [-106.1371, 32.7967], [-106.0672, 32.8321], [-106.0675, 32.8563], [-106.054, 32.8731], [-106.0049, 32.8742], [-106.0114, 32.8546], [-105.998, 32.8599], [-105.9977, 32.8426], [-105.9956, 32.8401], [-106.016, 32.8151], [-105.998, 32.8151], [-105.9981, 32.8227], [-105.9925, 32.8229], [-105.9821, 32.8202], [-105.9818, 32.8223], [-105.9738, 32.8223], [-105.975, 32.8156], [-105.9258, 32.8172], [-105.9285, 32.8198], [-105.928, 32.8233], [-105.9333, 32.8212], [-105.9305, 32.8361], [-105.9252, 32.8355], [-105.9305, 32.8394], [-105.9307, 32.8424], [-105.9293, 32.845], [-105.9271, 32.8444], [-105.925, 32.8522], [-105.919, 32.8592], [-105.9133, 32.8609], [-105.9172, 32.8635], [-105.9176, 32.8657], [-105.9153, 32.8665], [-105.9186, 32.8708], [-105.9151, 32.8728], [-105.9202, 32.8756], [-105.9183, 32.8769], [-105.9194, 32.8809], [-105.9145, 32.8802], [-105.9174, 32.8832], [-105.9143, 32.8867], [-105.9168, 32.8902], [-105.9104, 32.8917], [-105.915, 32.8981], [-105.9051, 32.9078], [-105.9088, 32.9109], [-105.9061, 32.912], [-105.9093, 32.9125], [-105.9079, 32.9151], [-105.9166, 32.9199], [-105.9163, 32.9222], [-105.9188, 32.9218], [-105.9201, 32.9264], [-105.9248, 32.9268], [-105.9261, 32.9305], [-105.9296, 32.9304], [-105.9281, 32.9331], [-105.9345, 32.9385], [-105.9312, 32.9405], [-105.9337, 32.9425], [-105.9317, 32.9449], [-105.9252, 32.9442], [-105.9277, 32.9461], [-105.9256, 32.9463], [-105.9264, 32.9483], [-105.9325, 32.9495], [-105.9311, 32.9538], [-105.9265, 32.9544], [-105.9294, 32.9575], [-105.9238, 32.9584], [-105.926, 32.96], [-105.9219, 32.9593], [-105.909, 32.9522], [-105.8925, 32.9535], [-105.8864, 32.949], [-105.8709, 32.9451], [-105.8479, 32.9491], [-105.8382, 32.9478], [-105.8404, 32.9434], [-105.8436, 32.9426], [-105.8379, 32.9358], [-105.8406, 32.9268], [-105.8352, 32.9212], [-105.8334, 32.9123], [-105.8385, 32.907], [-105.8326, 32.9027], [-105.8395, 32.9006], [-105.8393, 32.8975], [-105.845, 32.891], [-105.8434, 32.8888], [-105.8526, 32.8841], [-105.8357, 32.8759], [-105.8399, 32.8724], [-105.8373, 32.8676], [-105.8389, 32.859], [-105.8336, 32.8533], [-105.8348, 32.8471], [-105.8244, 32.8438], [-105.8214, 32.8336], [-105.8224, 32.8312], [-105.8283, 32.8307], [-105.8291, 32.8281], [-105.8352, 32.8258], [-105.8333, 32.8218], [-105.8349, 32.8189], [-105.8302, 32.8128], [-105.8358, 32.8018], [-105.8357, 32.7986], [-105.8337, 32.7983], [-105.8368, 32.7948], [-105.8338, 32.7929], [-105.8369, 32.7907], [-105.8341, 32.7887], [-105.8377, 32.7867], [-105.8396, 32.7828], [-105.8376, 32.7807], [-105.8424, 32.7764], [-105.8406, 32.7662], [-105.8359, 32.7649], [-105.8377, 32.7598], [-105.8329, 32.7563], [-105.8374, 32.7534], [-105.8401, 32.7465], [-105.8361, 32.7451], [-105.8367, 32.7404], [-105.8325, 32.7392], [-105.833, 32.7358], [-105.8309, 32.7347], [-105.8325, 32.7328], [-105.8242, 32.7268], [-105.8202, 32.7265], [-105.833, 32.7158], [-105.8399, 32.7143], [-105.8526, 32.7176], [-105.8537, 32.7153], [-105.8607, 32.7167], [-105.8651, 32.7145], [-105.878, 32.7163], [-105.8886, 32.7128], [-105.8948, 32.7157], [-105.9156, 32.7095], [-105.9272, 32.7192], [-105.9518, 32.7213], [-105.9547, 32.7193], [-105.9882, 32.7183], [-106.0244, 32.7132], [-106.0515, 32.7028], [-106.0621, 32.7043], [-106.1031, 32.6935], [-106.1069, 32.6952], [-106.1188, 32.7142], [-106.1297, 32.7212], [-106.1337, 32.7198], [-106.1429, 32.7477], [-106.1369, 32.7611]]]}}, {"type": "Feature", "properties": {"fips": "35001000503", "gap_national": -9.9, "gap_stratum": -8.7, "burden": 22.4, "capacity": 34.7, "svi": 0.57, "top_decile_gap": 0.0, "stratum": "metropolitan", "scored": 1}, "geometry": {"type": "Polygon", "coordinates": [[[-106.6042, 35.0875], [-106.5862, 35.0874], [-106.5862, 35.0778], [-106.6045, 35.0803], [-106.6042, 35.0875]]]}}, {"type": "Feature", "properties": {"fips": "35001001201", "gap_national": 70.0, "gap_stratum": 76.5, "burden": 68.7, "capacity": 6.5, "svi": 0.83, "top_decile_gap": 1.0, "stratum": "metropolitan", "scored": 1}, "geometry": {"type": "Polygon", "coordinates": [[[-106.6241, 35.073], [-106.6133, 35.0737], [-106.6133, 35.0584], [-106.6242, 35.0585], [-106.6241, 35.073]]]}}, {"type": "Feature", "properties": {"fips": "35031944000", "gap_national": 93.8, "gap_stratum": 95.1, "burden": 96.4, "capacity": 10.0, "svi": 0.95, "top_decile_gap": 1.0, "stratum": "rural", "scored": 1}, "geometry": {"type": "Polygon", "coordinates": [[[-108.1359, 35.5933], [-108.1298, 35.5979], [-108.1109, 35.6238], [-108.1102, 35.6327], [-108.1156, 35.6412], [-108.1176, 35.6561], [-108.1216, 35.6622], [-108.0962, 35.6528], [-108.072, 35.6685], [-108.0251, 35.6797], [-108.0173, 35.6895], [-108.0081, 35.6956], [-107.9972, 35.6958], [-107.9905, 35.6897], [-107.9774, 35.6853], [-107.989, 35.6719], [-107.9922, 35.6604], [-107.9872, 35.6492], [-107.9807, 35.6416], [-107.9645, 35.6378], [-107.9635, 35.6264], [-107.9586, 35.6192], [-107.9575, 35.6121], [-107.9291, 35.6135], [-107.9216, 35.6066], [-107.9088, 35.6005], [-107.885, 35.6051], [-107.8601, 35.6153], [-107.8513, 35.6226], [-107.8478, 35.631], [-107.8381, 35.6422], [-107.836, 35.6548], [-107.8097, 35.6778], [-107.7788, 35.6995], [-107.7805, 35.7059], [-107.7885, 35.7105], [-107.7972, 35.7209], [-107.8301, 35.7298], [-107.8281, 35.733], [-107.8297, 35.7397], [-107.8392, 35.7516], [-107.8229, 35.7605], [-107.8222, 35.7655], [-107.8255, 35.7693], [-107.8236, 35.7768], [-107.8264, 35.7826], [-107.8171, 35.7954], [-107.826, 35.8057], [-107.7953, 35.8046], [-107.751, 35.8137], [-107.7446, 35.8193], [-107.7412, 35.8462], [-107.7357, 35.852], [-107.7304, 35.8639], [-107.7189, 35.8756], [-107.7015, 35.8863], [-107.7065, 35.887], [-107.7064, 35.8914], [-107.7108, 35.8902], [-107.7105, 35.8931], [-107.7198, 35.9014], [-107.7142, 35.9044], [-107.7155, 35.9096], [-107.7268, 35.9166], [-107.7431, 35.9189], [-107.7461, 35.9221], [-107.7592, 35.9253], [-107.7685, 35.9312], [-107.7659, 35.9334], [-107.7667, 35.9362], [-107.7601, 35.9351], [-107.7549, 35.9373], [-107.7655, 35.9462], [-107.7789, 35.947], [-107.7698, 35.953], [-107.7685, 35.9554], [-107.7711, 35.959], [-107.7783, 35.9609], [-107.7901, 35.9569], [-107.8161, 35.9638], [-107.8206, 35.9682], [-107.8816, 36.0017], [-107.3087, 35.9986], [-107.3083, 35.5835], [-107.3061, 35.4191], [-107.3103, 35.4195], [-107.3094, 35.3057], [-107.6288, 35.3043], [-107.6283, 35.3483], [-107.7324, 35.3481], [-107.7586, 35.3515], [-107.7803, 35.348], [-107.7884, 35.3569], [-107.8385, 35.439], [-107.8631, 35.45], [-107.8598, 35.454], [-107.8614, 35.4566], [-107.8896, 35.4625], [-107.8962, 35.46], [-107.9081, 35.4615], [-107.9261, 35.4557], [-107.9279, 35.4527], [-107.9244, 35.4523], [-107.924, 35.45], [-107.9168, 35.4528], [-107.9008, 35.4515], [-107.9017, 35.4498], [-107.8989, 35.4486], [-107.9051, 35.4447], [-107.9117, 35.4484], [-107.9219, 35.4382], [-107.9204, 35.4324], [-107.9116, 35.4314], [-107.9144, 35.4252], [-107.9197, 35.4251], [-107.9255, 35.4311], [-107.9405, 35.4315], [-107.9434, 35.4365], [-107.9495, 35.4395], [-107.9438, 35.4528], [-107.9442, 35.4565], [-107.9508, 35.4587], [-107.9435, 35.4632], [-107.9452, 35.4712], [-107.9539, 35.4735], [-107.9543, 35.4758], [-107.9452, 35.4793], [-107.9464, 35.4825], [-107.944, 35.484], [-107.9465, 35.4848], [-107.945, 35.4878], [-107.9507, 35.4887], [-107.945, 35.496], [-107.9315, 35.498], [-107.9259, 35.5015], [-107.9254, 35.5044], [-107.9308, 35.5047], [-107.9313, 35.5077], [-107.935, 35.5079], [-107.9434, 35.5045], [-107.9449, 35.5072], [-107.9532, 35.5046], [-107.9522, 35.5138], [-107.947, 35.5192], [-107.9609, 35.5226], [-107.9632, 35.5266], [-107.9779, 35.5279], [-107.9693, 35.5436], [-107.9743, 35.5464], [-107.9715, 35.554], [-107.9804, 35.5528], [-107.9793, 35.5478], [-107.9813, 35.544], [-107.9897, 35.5428], [-107.9899, 35.5475], [-108.0012, 35.5432], [-107.9966, 35.551], [-107.9934, 35.5492], [-107.9914, 35.5512], [-107.9919, 35.555], [-107.9798, 35.5603], [-107.9973, 35.5594], [-107.9988, 35.5666], [-107.9918, 35.5692], [-107.9868, 35.5659], [-107.978, 35.5681], [-107.9685, 35.567], [-107.9683, 35.5622], [-107.9621, 35.5662], [-107.9602, 35.5715], [-107.9711, 35.5711], [-107.9613, 35.5795], [-107.9686, 35.5782], [-107.9677, 35.58], [-107.9752, 35.5801], [-107.9773, 35.5845], [-107.9878, 35.5863], [-107.9981, 35.5806], [-107.9981, 35.5916], [-108.0047, 35.5915], [-108.0102, 35.5996], [-108.0174, 35.6007], [-108.0243, 35.6049], [-108.0401, 35.5976], [-108.0503, 35.599], [-108.0517, 35.6032], [-108.0547, 35.6042], [-108.0751, 35.6005], [-108.0834, 35.5966], [-108.0868, 35.6004], [-108.0882, 35.6098], [-108.092, 35.6106], [-108.0965, 35.6049], [-108.0922, 35.6018], [-108.0931, 35.5984], [-108.0964, 35.6005], [-108.1014, 35.5978], [-108.1053, 35.595], [-108.1017, 35.5897], [-108.1046, 35.5911], [-108.1077, 35.5887], [-108.1068, 35.5915], [-108.1097, 35.5927], [-108.1035, 35.6019], [-108.1048, 35.6068], [-108.1026, 35.6093], [-108.1092, 35.6094], [-108.1078, 35.6171], [-108.1142, 35.6118], [-108.1126, 35.6105], [-108.1159, 35.6078], [-108.1142, 35.6021], [-108.1227, 35.6024], [-108.1253, 35.5995], [-108.1189, 35.595], [-108.1226, 35.5934], [-108.128, 35.5957], [-108.1342, 35.5927], [-108.1348, 35.591], [-108.1278, 35.586], [-108.1338, 35.5849], [-108.1349, 35.5885], [-108.1388, 35.5825], [-108.1359, 35.5933]]]}}, {"type": "Feature", "properties": {"fips": "35001003726", "gap_national": -48.3, "gap_stratum": -47.0, "burden": 20.1, "capacity": 60.5, "svi": 0.06, "top_decile_gap": 0.0, "stratum": "metropolitan", "scored": 1}, "geometry": {"type": "Polygon", "coordinates": [[[-106.4968, 35.1596], [-106.4971, 35.1524], [-106.517, 35.151], [-106.5245, 35.1544], [-106.5247, 35.1597], [-106.4968, 35.1596]]]}}, {"type": "Feature", "properties": {"fips": "35013001102", "gap_national": 31.1, "gap_stratum": 36.1, "burden": 62.0, "capacity": 38.7, "svi": 0.64, "top_decile_gap": 0.0, "stratum": "metropolitan", "scored": 1}, "geometry": {"type": "Polygon", "coordinates": [[[-106.8255, 32.2906], [-106.8099, 32.2941], [-106.7966, 32.2781], [-106.7952, 32.2831], [-106.7851, 32.2795], [-106.7791, 32.2846], [-106.7695, 32.281], [-106.7751, 32.2788], [-106.7737, 32.2747], [-106.7763, 32.276], [-106.7817, 32.273], [-106.7783, 32.2687], [-106.8009, 32.2574], [-106.8026, 32.2597], [-106.8132, 32.2533], [-106.8137, 32.2607], [-106.8183, 32.2663], [-106.8252, 32.2636], [-106.8291, 32.2692], [-106.8255, 32.2906]]]}}, {"type": "Feature", "properties": {"fips": "35025000300", "gap_national": 81.9, "gap_stratum": 69.5, "burden": 79.1, "capacity": 5.8, "svi": 0.9, "top_decile_gap": 1.0, "stratum": "micropolitan", "scored": 1}, "geometry": {"type": "Polygon", "coordinates": [[[-103.1362, 32.6966], [-103.0933, 32.6967], [-103.0933, 32.6822], [-103.1374, 32.6821], [-103.1362, 32.6966]]]}}, {"type": "Feature", "properties": {"fips": "35001003729", "gap_national": -36.0, "gap_stratum": -33.4, "burden": 27.6, "capacity": 58.1, "svi": 0.1, "top_decile_gap": 0.0, "stratum": "metropolitan", "scored": 1}, "geometry": {"type": "Polygon", "coordinates": [[[-106.5244, 35.1746], [-106.4962, 35.175], [-106.4968, 35.1596], [-106.5247, 35.1597], [-106.5244, 35.1746]]]}}, {"type": "Feature", "properties": {"fips": "35039000402", "gap_national": 35.7, "gap_stratum": 15.4, "burden": 65.4, "capacity": 38.2, "svi": 0.57, "top_decile_gap": 0.0, "stratum": "micropolitan", "scored": 1}, "geometry": {"type": "Polygon", "coordinates": [[[-106.4084, 36.9881], [-106.4135, 36.9853], [-106.4107, 36.9902], [-106.4121, 36.994], [-106.0063, 36.9953], [-106.0064, 36.9814], [-105.988, 36.9405], [-105.9858, 36.9204], [-105.9755, 36.9024], [-105.9719, 36.8862], [-105.9742, 36.8665], [-105.973, 36.8472], [-105.9845, 36.8114], [-105.9801, 36.7734], [-105.9821, 36.7464], [-105.9773, 36.7218], [-105.981, 36.7137], [-105.9782, 36.7098], [-105.9788, 36.7011], [-105.9709, 36.6831], [-105.9683, 36.6596], [-105.9843, 36.6596], [-105.9844, 36.6453], [-105.9725, 36.6476], [-105.9718, 36.6324], [-105.9643, 36.6132], [-105.9641, 36.5983], [-105.9557, 36.5756], [-105.9499, 36.5432], [-105.9547, 36.5396], [-105.9524, 36.5342], [-105.9524, 36.5196], [-105.9448, 36.505], [-105.9401, 36.487], [-105.9388, 36.4624], [-105.9526, 36.4335], [-105.9555, 36.4191], [-105.954, 36.3961], [-105.9515, 36.3919], [-105.9519, 36.3745], [-105.9603, 36.3536], [-105.9716, 36.3446], [-105.9841, 36.3431], [-105.9961, 36.3381], [-105.9986, 36.3337], [-106.0051, 36.3312], [-106.012, 36.3318], [-106.0185, 36.328], [-106.0271, 36.3292], [-106.0383, 36.3257], [-106.0485, 36.3127], [-106.0477, 36.3096], [-106.0559, 36.3049], [-106.0559, 36.2995], [-106.0584, 36.297], [-106.0523, 36.295], [-106.0597, 36.2864], [-106.0547, 36.281], [-106.0585, 36.2758], [-106.0602, 36.2577], [-106.052, 36.2372], [-106.0519, 36.227], [-106.0457, 36.2203], [-106.0481, 36.213], [-106.0565, 36.2016], [-106.0592, 36.1913], [-106.0762, 36.1803], [-106.087, 36.1673], [-106.0991, 36.1595], [-106.0984, 36.1575], [-106.1032, 36.1516], [-106.1044, 36.1396], [-106.1098, 36.1367], [-106.1125, 36.1306], [-106.1302, 36.122], [-106.1425, 36.1099], [-106.1496, 36.1119], [-106.1532, 36.1088], [-106.1684, 36.1424], [-106.184, 36.1595], [-106.222, 36.1831], [-106.2283, 36.1907], [-106.2383, 36.196], [-106.2555, 36.2109], [-106.2379, 36.2232], [-106.2226, 36.2292], [-106.1942, 36.2336], [-106.1781, 36.2562], [-106.177, 36.2714], [-106.1917, 36.3405], [-106.187, 36.3459], [-106.2156, 36.3618], [-106.2282, 36.374], [-106.2341, 36.3871], [-106.2542, 36.4007], [-106.2607, 36.4134], [-106.269, 36.4184], [-106.2735, 36.427], [-106.2754, 36.4326], [-106.2738, 36.4478], [-106.2777, 36.4538], [-106.274, 36.4693], [-106.2757, 36.4743], [-106.2628, 36.5069], [-106.2731, 36.5282], [-106.2746, 36.5403], [-106.2853, 36.5573], [-106.293, 36.5843], [-106.2926, 36.5872], [-106.2884, 36.59], [-106.2902, 36.6066], [-106.296, 36.6118], [-106.3096, 36.6128], [-106.3144, 36.6162], [-106.3053, 36.6261], [-106.2868, 36.6367], [-106.2702, 36.6385], [-106.2615, 36.6432], [-106.2539, 36.6434], [-106.2361, 36.6499], [-106.2282, 36.6479], [-106.2286, 36.6506], [-106.2201, 36.6554], [-106.2194, 36.6584], [-106.22, 36.6641], [-106.2296, 36.6716], [-106.2391, 36.6748], [-106.2469, 36.6745], [-106.2498, 36.6779], [-106.2478, 36.6826], [-106.2522, 36.6856], [-106.2432, 36.701], [-106.2322, 36.7085], [-106.2356, 36.7118], [-106.2481, 36.7149], [-106.2814, 36.7329], [-106.2926, 36.733], [-106.3034, 36.7363], [-106.3096, 36.7341], [-106.3141, 36.7468], [-106.3199, 36.7486], [-106.3147, 36.7534], [-106.3183, 36.7605], [-106.3091, 36.7686], [-106.2808, 36.783], [-106.2754, 36.7888], [-106.2752, 36.7962], [-106.2646, 36.8038], [-106.26, 36.8038], [-106.2607, 36.8005], [-106.2583, 36.7989], [-106.2419, 36.8138], [-106.2295, 36.816], [-106.2294, 36.8209], [-106.2276, 36.8212], [-106.2302, 36.8225], [-106.203, 36.8364], [-106.1989, 36.8426], [-106.192, 36.8435], [-106.1858, 36.8537], [-106.1889, 36.8559], [-106.1983, 36.8559], [-106.2148, 36.8533], [-106.2351, 36.8668], [-106.238, 36.8787], [-106.2449, 36.878], [-106.2458, 36.8701], [-106.2487, 36.866], [-106.2666, 36.8618], [-106.2832, 36.8646], [-106.2971, 36.8624], [-106.3085, 36.8655], [-106.3145, 36.8714], [-106.3223, 36.8739], [-106.3402, 36.8753], [-106.3452, 36.8796], [-106.347, 36.886], [-106.3459, 36.9014], [-106.3487, 36.9012], [-106.3498, 36.9041], [-106.3577, 36.9081], [-106.3592, 36.9154], [-106.3562, 36.9269], [-106.3629, 36.9267], [-106.3717, 36.9322], [-106.3726, 36.946], [-106.3767, 36.944], [-106.3852, 36.9508], [-106.3978, 36.9522], [-106.407, 36.9644], [-106.4045, 36.9712], [-106.4143, 36.9769], [-106.4084, 36.9881]]]}}, {"type": "Feature", "properties": {"fips": "35001004747", "gap_national": 50.2, "gap_stratum": 57.2, "burden": 57.3, "capacity": 15.0, "svi": 0.59, "top_decile_gap": 0.0, "stratum": "metropolitan", "scored": 1}, "geometry": {"type": "Polygon", "coordinates": [[[-106.7179, 35.2048], [-106.7029, 35.2061], [-106.7033, 35.1969], [-106.7277, 35.1921], [-106.7277, 35.2065], [-106.7179, 35.2048]]]}}, {"type": "Feature", "properties": {"fips": "35031946003", "gap_national": 93.8, "gap_stratum": 94.0, "burden": 96.1, "capacity": 9.7, "svi": 0.95, "top_decile_gap": 1.0, "stratum": "micropolitan", "scored": 1}, "geometry": {"type": "Polygon", "coordinates": [[[-108.2466, 35.4888], [-108.2419, 35.4906], [-108.2433, 35.4938], [-108.2369, 35.5028], [-108.2294, 35.5039], [-108.2286, 35.5071], [-108.2101, 35.5241], [-108.2014, 35.527], [-108.2009, 35.5329], [-108.1612, 35.5352], [-108.1327, 35.5311], [-108.1255, 35.555], [-108.1309, 35.5647], [-108.1397, 35.5728], [-108.1406, 35.5773], [-108.1359, 35.5882], [-108.1334, 35.5871], [-108.1338, 35.5849], [-108.1278, 35.586], [-108.1348, 35.591], [-108.1342, 35.5927], [-108.128, 35.5957], [-108.1226, 35.5934], [-108.1189, 35.595], [-108.1253, 35.5995], [-108.1227, 35.6024], [-108.1142, 35.6021], [-108.1159, 35.6078], [-108.1126, 35.6105], [-108.1142, 35.6118], [-108.1078, 35.6171], [-108.1092, 35.6094], [-108.1026, 35.6093], [-108.1048, 35.6068], [-108.1035, 35.6019], [-108.1097, 35.5927], [-108.1068, 35.5915], [-108.1077, 35.5887], [-108.1046, 35.5911], [-108.1017, 35.5897], [-108.1053, 35.595], [-108.1014, 35.5978], [-108.0964, 35.6005], [-108.0931, 35.5984], [-108.0922, 35.6018], [-108.0965, 35.6049], [-108.092, 35.6106], [-108.0882, 35.6098], [-108.0868, 35.6004], [-108.0834, 35.5966], [-108.0751, 35.6005], [-108.0547, 35.6042], [-108.0517, 35.6032], [-108.0503, 35.599], [-108.0401, 35.5976], [-108.0243, 35.6049], [-108.0174, 35.6007], [-108.0102, 35.5996], [-108.0047, 35.5915], [-107.9981, 35.5916], [-107.9981, 35.5806], [-107.9878, 35.5863], [-107.9773, 35.5845], [-107.9752, 35.5801], [-107.9677, 35.58], [-107.9686, 35.5782], [-107.9613, 35.5795], [-107.9711, 35.5711], [-107.9602, 35.5715], [-107.9621, 35.5662], [-107.9683, 35.5622], [-107.9685, 35.567], [-107.978, 35.5681], [-107.9868, 35.5659], [-107.9918, 35.5692], [-107.9988, 35.5666], [-107.9973, 35.5594], [-107.9798, 35.5603], [-107.9919, 35.555], [-107.9914, 35.5512], [-107.9934, 35.5492], [-107.9966, 35.551], [-108.0012, 35.5432], [-107.9899, 35.5475], [-107.9897, 35.5428], [-107.9813, 35.544], [-107.9793, 35.5478], [-107.9804, 35.5528], [-107.9715, 35.554], [-107.9743, 35.5464], [-107.9693, 35.5436], [-107.9779, 35.5279], [-107.9632, 35.5266], [-107.9609, 35.5226], [-107.947, 35.5192], [-107.9522, 35.5138], [-107.9532, 35.5046], [-107.9449, 35.5072], [-107.9434, 35.5045], [-107.935, 35.5079], [-107.9313, 35.5077], [-107.9308, 35.5047], [-107.9254, 35.5044], [-107.9259, 35.5015], [-107.9315, 35.498], [-107.945, 35.496], [-107.9507, 35.4887], [-107.945, 35.4878], [-107.9465, 35.4848], [-107.944, 35.484], [-107.9464, 35.4825], [-107.9452, 35.4793], [-107.9543, 35.4758], [-107.9539, 35.4735], [-107.9452, 35.4712], [-107.9435, 35.4632], [-107.9508, 35.4587], [-107.9442, 35.4565], [-107.9438, 35.4528], [-107.9495, 35.4395], [-107.9434, 35.4365], [-107.9405, 35.4315], [-107.9255, 35.4311], [-107.9197, 35.4251], [-107.9144, 35.4252], [-107.9116, 35.4314], [-107.9204, 35.4324], [-107.9219, 35.4382], [-107.9117, 35.4484], [-107.9051, 35.4447], [-107.8989, 35.4486], [-107.9017, 35.4498], [-107.9008, 35.4515], [-107.9168, 35.4528], [-107.924, 35.45], [-107.9244, 35.4523], [-107.9279, 35.4527], [-107.9261, 35.4557], [-107.9081, 35.4615], [-107.8962, 35.46], [-107.8896, 35.4625], [-107.8614, 35.4566], [-107.8598, 35.454], [-107.8631, 35.45], [-107.8385, 35.439], [-107.7884, 35.3569], [-107.7803, 35.348], [-107.7586, 35.3515], [-107.7324, 35.3481], [-107.7342, 35.3481], [-107.7342, 35.305], [-107.9906, 35.3053], [-107.9931, 35.3162], [-108.0107, 35.3453], [-108.0634, 35.3676], [-108.1576, 35.3882], [-108.19, 35.3893], [-108.208, 35.393], [-108.202, 35.3967], [-108.1953, 35.3959], [-108.1923, 35.4037], [-108.187, 35.4076], [-108.1828, 35.4151], [-108.1541, 35.4202], [-108.1474, 35.4239], [-108.1387, 35.4379], [-108.1372, 35.445], [-108.1479, 35.4415], [-108.1613, 35.4413], [-108.1605, 35.4428], [-108.1737, 35.44], [-108.1839, 35.4469], [-108.1779, 35.45], [-108.1863, 35.4548], [-108.2071, 35.4468], [-108.2175, 35.4503], [-108.2327, 35.449], [-108.2355, 35.4549], [-108.2393, 35.453], [-108.2395, 35.4568], [-108.2487, 35.4518], [-108.2572, 35.4582], [-108.2419, 35.4617], [-108.2404, 35.4642], [-108.2411, 35.4669], [-108.2605, 35.4728], [-108.2466, 35.4888]]]}}, {"type": "Feature", "properties": {"fips": "35001003740", "gap_national": 10.9, "gap_stratum": 13.6, "burden": 21.5, "capacity": 12.5, "svi": 0.7, "top_decile_gap": 0.0, "stratum": "metropolitan", "scored": 1}, "geometry": {"type": "Polygon", "coordinates": [[[-106.5865, 35.1449], [-106.5767, 35.1423], [-106.5777, 35.1309], [-106.5865, 35.1309], [-106.5865, 35.1449]]]}}, {"type": "Feature", "properties": {"fips": "35006974701", "gap_national": 37.7, "gap_stratum": 6.7, "burden": 57.8, "capacity": 28.7, "svi": 0.79, "top_decile_gap": 0.0, "stratum": "small_town", "scored": 1}, "geometry": {"type": "Polygon", "coordinates": [[[-109.0459, 34.9598], [-108.5208, 34.9591], [-108.5205, 34.9439], [-108.5385, 34.9438], [-108.5381, 34.9294], [-108.5556, 34.9296], [-108.5556, 34.9252], [-108.5413, 34.9025], [-108.5478, 34.8959], [-108.5608, 34.8937], [-108.566, 34.8904], [-108.5631, 34.8895], [-108.5616, 34.88], [-108.5583, 34.8787], [-108.5626, 34.8732], [-108.5737, 34.8678], [-108.5668, 34.8666], [-108.5723, 34.8616], [-108.5727, 34.8571], [-108.5717, 34.7845], [-108.5553, 34.785], [-108.5554, 34.7987], [-108.5377, 34.7991], [-108.538, 34.785], [-108.5024, 34.7849], [-108.5023, 34.7774], [-108.493, 34.7776], [-108.4928, 34.785], [-108.4853, 34.7849], [-108.485, 34.7991], [-108.4674, 34.7986], [-108.4676, 34.784], [-108.4506, 34.7841], [-108.4504, 34.7987], [-108.4318, 34.7988], [-108.4316, 34.7843], [-108.4223, 34.7842], [-108.4227, 34.7767], [-108.4318, 34.7767], [-108.4319, 34.7695], [-108.4141, 34.7696], [-108.4145, 34.7552], [-108.3968, 34.7551], [-108.3971, 34.7408], [-108.3792, 34.7404], [-108.3792, 34.755], [-108.3833, 34.755], [-108.385, 34.7584], [-108.362, 34.7605], [-108.3622, 34.6968], [-108.3449, 34.6969], [-108.3447, 34.7117], [-108.3278, 34.7118], [-108.3279, 34.6969], [-108.2733, 34.6972], [-108.2735, 34.7121], [-108.2562, 34.7118], [-108.256, 34.7481], [-108.2473, 34.7481], [-108.2473, 34.7555], [-108.2568, 34.7556], [-108.257, 34.7846], [-108.274, 34.7845], [-108.2737, 34.7993], [-108.2553, 34.7994], [-108.2555, 34.8067], [-108.242, 34.8062], [-108.2419, 34.8136], [-108.2553, 34.814], [-108.2564, 34.9593], [-108.2736, 34.9598], [-108.2738, 34.9456], [-108.2921, 34.9451], [-108.2925, 34.9599], [-108.2957, 34.96], [-108.2956, 34.9674], [-108.2934, 34.9675], [-108.2935, 35.0076], [-108.3031, 35.003], [-108.3228, 35.0041], [-108.3184, 35.0073], [-108.3231, 35.0233], [-108.319, 35.0399], [-108.315, 35.0431], [-108.3188, 35.0433], [-108.3204, 35.0462], [-108.308, 35.0668], [-108.3156, 35.0704], [-108.3117, 35.0763], [-108.3118, 35.088], [-108.3399, 35.1025], [-108.3878, 35.115], [-108.3905, 35.1192], [-108.4128, 35.1282], [-108.4219, 35.1285], [-108.4342, 35.1334], [-108.4521, 35.1275], [-108.452, 35.1333], [-108.4697, 35.1332], [-108.4687, 35.3067], [-107.8354, 35.305], [-107.8361, 35.2672], [-107.8481, 35.2477], [-107.8356, 35.2334], [-107.8191, 35.1917], [-107.8109, 35.1777], [-107.8362, 35.1612], [-107.8361, 35.169], [-107.8524, 35.1774], [-107.859, 35.1833], [-107.8849, 35.218], [-107.9131, 35.218], [-107.9115, 35.2147], [-107.9169, 35.2179], [-107.933, 35.2178], [-107.9024, 35.1855], [-107.9011, 35.1824], [-107.9049, 35.1819], [-107.904, 35.1753], [-107.892, 35.1597], [-107.8841, 35.1609], [-107.8721, 35.1562], [-107.8733, 35.1533], [-107.8493, 35.1419], [-107.8389, 35.1299], [-107.7518, 35.0729], [-107.751, 35.0078], [-107.775, 34.9996], [-107.7876, 34.9872], [-107.806, 34.987], [-107.8052, 34.9799], [-107.8171, 34.9599], [-107.8239, 34.9411], [-107.8265, 34.9396], [-107.8265, 34.9433], [-107.8403, 34.9432], [-107.8402, 34.939], [-107.836, 34.9389], [-107.836, 34.937], [-107.8421, 34.9291], [-107.8448, 34.9291], [-107.8447, 34.9327], [-107.8534, 34.9329], [-107.8536, 34.9183], [-107.8579, 34.918], [-107.858, 34.8966], [-107.8622, 34.8967], [-107.8621, 34.8931], [-107.8664, 34.8933], [-107.8664, 34.8823], [-107.8707, 34.8822], [-107.8715, 34.8786], [-107.8794, 34.8786], [-107.8794, 34.8759], [-107.8838, 34.8749], [-107.8838, 34.8713], [-107.8814, 34.8712], [-107.8739, 34.8626], [-107.8725, 34.8548], [-107.8742, 34.8455], [-107.8665, 34.8412], [-107.8623, 34.833], [-107.8643, 34.8314], [-107.8644, 34.8191], [-107.8722, 34.804], [-107.8828, 34.7944], [-107.9036, 34.7685], [-107.9058, 34.7561], [-107.9019, 34.7575], [-107.8966, 34.7654], [-107.8975, 34.7683], [-107.8868, 34.7725], [-107.8614, 34.7626], [-107.8616, 34.7495], [-107.8676, 34.7467], [-107.8708, 34.74], [-107.8756, 34.739], [-107.8825, 34.7297], [-107.8828, 34.707], [-107.8741, 34.6964], [-107.7295, 34.6961], [-107.7297, 34.6092], [-107.7078, 34.6096], [-107.7096, 34.5778], [-108.0604, 34.5798], [-109.0462, 34.5793], [-109.0459, 34.9598]]]}}, {"type": "Feature", "properties": {"fips": "35013001707", "gap_national": 83.4, "gap_stratum": 86.5, "burden": 82.2, "capacity": 8.2, "svi": 0.92, "top_decile_gap": 1.0, "stratum": "metropolitan", "scored": 1}, "geometry": {"type": "Polygon", "coordinates": [[[-106.6124, 31.827], [-106.6113, 31.8301], [-106.5821, 31.8016], [-106.5826, 31.7963], [-106.5797, 31.7963], [-106.5805, 31.793], [-106.5777, 31.7888], [-106.5934, 31.7971], [-106.5974, 31.8017], [-106.5987, 31.8078], [-106.6199, 31.8153], [-106.6286, 31.8217], [-106.6124, 31.827]]]}}, {"type": "Feature", "properties": {"fips": "35013000102", "gap_national": 73.3, "gap_stratum": 75.5, "burden": 81.8, "capacity": 19.7, "svi": 0.89, "top_decile_gap": 1.0, "stratum": "metropolitan", "scored": 1}, "geometry": {"type": "Polygon", "coordinates": [[[-106.7698, 32.3481], [-106.7558, 32.3278], [-106.763, 32.3247], [-106.7722, 32.3307], [-106.779, 32.3277], [-106.7829, 32.3315], [-106.7698, 32.3481]]]}}, {"type": "Feature", "properties": {"fips": "35009000306", "gap_national": 71.4, "gap_stratum": 56.0, "burden": 74.0, "capacity": 13.0, "svi": 0.62, "top_decile_gap": 1.0, "stratum": "micropolitan", "scored": 1}, "geometry": {"type": "Polygon", "coordinates": [[[-103.214, 34.4484], [-103.1964, 34.4483], [-103.1965, 34.4193], [-103.2141, 34.4193], [-103.214, 34.4484]]]}}, {"type": "Feature", "properties": {"fips": "35027960300", "gap_national": -9.4, "gap_stratum": -41.0, "burden": 57.5, "capacity": 63.4, "svi": 0.58, "top_decile_gap": 0.0, "stratum": "rural", "scored": 1}, "geometry": {"type": "Polygon", "coordinates": [[[-105.8377, 33.451], [-105.8264, 33.4548], [-105.8228, 33.4621], [-105.8093, 33.4603], [-105.7993, 33.4653], [-105.7857, 33.4679], [-105.7852, 33.4854], [-105.7816, 33.4882], [-105.7842, 33.492], [-105.7795, 33.4927], [-105.7851, 33.4955], [-105.7835, 33.5008], [-105.7876, 33.5015], [-105.7776, 33.5024], [-105.7625, 33.4973], [-105.7398, 33.5179], [-105.7197, 33.5219], [-105.7076, 33.5287], [-105.7044, 33.549], [-105.7137, 33.57], [-105.7136, 33.5767], [-105.7186, 33.5854], [-105.7417, 33.6068], [-105.7377, 33.6095], [-105.7366, 33.6162], [-105.6975, 33.6555], [-105.6872, 33.6583], [-105.6777, 33.6668], [-105.6741, 33.6783], [-105.676, 33.6809], [-105.6679, 33.6841], [-105.6481, 33.7007], [-105.625, 33.7107], [-105.5976, 33.711], [-105.6099, 33.7173], [-105.6084, 33.731], [-105.6131, 33.7363], [-105.6074, 33.7465], [-105.6139, 33.7542], [-105.6277, 33.7579], [-105.6327, 33.7654], [-105.6445, 33.7713], [-105.6601, 33.775], [-105.66, 33.7832], [-105.6569, 33.7884], [-105.654, 33.791], [-105.645, 33.7896], [-105.6373, 33.7938], [-105.6307, 33.7934], [-105.6227, 33.7979], [-105.6154, 33.7983], [-105.5922, 33.8094], [-105.5788, 33.8093], [-105.5644, 33.8123], [-105.5526, 33.8169], [-105.5444, 33.8239], [-105.5267, 33.825], [-105.5259, 33.8343], [-105.5144, 33.8384], [-105.5156, 33.8473], [-105.4988, 33.8706], [-105.4768, 33.8746], [-105.4492, 33.8934], [-105.4311, 33.9189], [-105.4356, 33.935], [-105.4245, 33.9472], [-105.4034, 33.9556], [-105.3587, 33.9658], [-105.3429, 33.9666], [-105.3198, 33.9736], [-105.3057, 33.9699], [-105.291, 33.9625], [-105.2688, 33.9617], [-105.2576, 33.9639], [-105.2482, 33.96], [-105.2308, 33.961], [-105.2126, 33.9518], [-105.1929, 33.9511], [-105.1772, 33.9784], [-105.1703, 33.9991], [-105.165, 34.0064], [-105.1388, 34.0084], [-105.1308, 34.0129], [-105.1149, 34.0119], [-105.1076, 34.013], [-105.1064, 34.0156], [-105.0768, 33.9942], [-105.0589, 33.9914], [-105.0493, 33.9991], [-105.0519, 34.0154], [-105.0559, 34.0192], [-105.0531, 34.0284], [-105.0249, 34.043], [-105.0085, 34.0457], [-105.0032, 34.0497], [-104.9905, 34.0531], [-104.9877, 34.0564], [-104.9819, 34.0565], [-104.9651, 34.0499], [-104.9473, 34.0501], [-104.9352, 34.0463], [-104.9304, 34.0514], [-104.9193, 34.053], [-104.8937, 34.0476], [-104.8946, 33.8244], [-104.8911, 33.8223], [-104.8923, 33.4807], [-104.8965, 33.4819], [-104.9042, 33.4911], [-104.924, 33.4945], [-104.9272, 33.4987], [-104.935, 33.5001], [-104.9453, 33.5078], [-104.9678, 33.5162], [-104.974, 33.5098], [-104.9835, 33.5102], [-104.9882, 33.5051], [-104.9925, 33.5105], [-104.9957, 33.5105], [-105.0015, 33.5055], [-105.0088, 33.5084], [-105.0208, 33.5038], [-105.0281, 33.5062], [-105.0376, 33.5033], [-105.0479, 33.505], [-105.0578, 33.5029], [-105.058, 33.498], [-105.0645, 33.4957], [-105.0573, 33.4853], [-105.0511, 33.4817], [-105.0576, 33.4756], [-105.0575, 33.4777], [-105.0652, 33.4791], [-105.081, 33.4727], [-105.0905, 33.4758], [-105.0925, 33.4784], [-105.0988, 33.4785], [-105.1016, 33.4819], [-105.1018, 33.4783], [-105.1065, 33.4793], [-105.1113, 33.4753], [-105.1218, 33.4802], [-105.1476, 33.4701], [-105.1466, 33.4725], [-105.1503, 33.4724], [-105.1507, 33.4752], [-105.1573, 33.4763], [-105.1587, 33.4835], [-105.1764, 33.4836], [-105.1912, 33.4892], [-105.1912, 33.4931], [-105.2009, 33.4935], [-105.2033, 33.4969], [-105.2066, 33.4876], [-105.2209, 33.4963], [-105.2434, 33.4904], [-105.2501, 33.4845], [-105.2676, 33.4905], [-105.2675, 33.476], [-105.3498, 33.4755], [-105.3498, 33.4899], [-105.3696, 33.4899], [-105.3696, 33.4971], [-105.3863, 33.4971], [-105.3863, 33.515], [-105.3925, 33.515], [-105.3985, 33.5064], [-105.4055, 33.5049], [-105.4099, 33.4993], [-105.4171, 33.4983], [-105.4274, 33.4915], [-105.4319, 33.4923], [-105.4315, 33.4894], [-105.4349, 33.4882], [-105.4331, 33.4867], [-105.4356, 33.4871], [-105.4405, 33.4755], [-105.4617, 33.4754], [-105.4617, 33.4722], [-105.4715, 33.4722], [-105.4715, 33.4688], [-105.4807, 33.4689], [-105.4808, 33.4652], [-105.4896, 33.4653], [-105.4897, 33.4616], [-105.497, 33.4617], [-105.4971, 33.4573], [-105.5053, 33.4573], [-105.5053, 33.4539], [-105.5138, 33.4539], [-105.5138, 33.4509], [-105.5181, 33.4509], [-105.5187, 33.4468], [-105.5272, 33.4476], [-105.5273, 33.4438], [-105.5359, 33.4438], [-105.5359, 33.4401], [-105.544, 33.4402], [-105.5462, 33.4377], [-105.5462, 33.4309], [-105.5843, 33.4331], [-105.5952, 33.4385], [-105.6133, 33.4356], [-105.6124, 33.4409], [-105.5972, 33.4536], [-105.6001, 33.4598], [-105.5959, 33.4599], [-105.5962, 33.4628], [-105.6127, 33.4598], [-105.6347, 33.4461], [-105.6495, 33.4439], [-105.6638, 33.4483], [-105.6724, 33.4471], [-105.6971, 33.4525], [-105.7113, 33.4513], [-105.7196, 33.4545], [-105.7285, 33.4529], [-105.7325, 33.4559], [-105.7377, 33.4545], [-105.7419, 33.458], [-105.7522, 33.455], [-105.7554, 33.4472], [-105.7674, 33.4383], [-105.7679, 33.4339], [-105.7904, 33.422], [-105.795, 33.4162], [-105.81, 33.4144], [-105.8183, 33.399], [-105.8213, 33.4078], [-105.8264, 33.4107], [-105.8267, 33.4169], [-105.8242, 33.4201], [-105.8296, 33.429], [-105.8354, 33.4307], [-105.8388, 33.4286], [-105.8396, 33.4307], [-105.84, 33.4291], [-105.8447, 33.43], [-105.847, 33.4326], [-105.8377, 33.451]]]}}, {"type": "Feature", "properties": {"fips": "35035000604", "gap_national": -2.0, "gap_stratum": -4.2, "burden": 8.5, "capacity": 12.6, "svi": 0.28, "top_decile_gap": 0.0, "stratum": "micropolitan", "scored": 1}, "geometry": {"type": "Polygon", "coordinates": [[[-106.0718, 32.8435], [-106.0737, 32.8466], [-106.0677, 32.8505], [-106.0672, 32.8321], [-106.0825, 32.8244], [-106.0882, 32.8334], [-106.0718, 32.8435]]]}}, {"type": "Feature", "properties": {"fips": "35001003723", "gap_national": 40.3, "gap_stratum": 45.0, "burden": 66.3, "capacity": 35.3, "svi": 0.83, "top_decile_gap": 0.0, "stratum": "metropolitan", "scored": 1}, "geometry": {"type": "Polygon", "coordinates": [[[-106.5837, 35.1744], [-106.5599, 35.1743], [-106.5599, 35.1589], [-106.5869, 35.1603], [-106.5837, 35.1744]]]}}, {"type": "Feature", "properties": {"fips": "35001003724", "gap_national": -16.8, "gap_stratum": -13.7, "burden": 33.8, "capacity": 50.1, "svi": 0.41, "top_decile_gap": 0.0, "stratum": "metropolitan", "scored": 1}, "geometry": {"type": "Polygon", "coordinates": [[[-106.5687, 35.1529], [-106.5688, 35.1599], [-106.5636, 35.1597], [-106.5599, 35.1589], [-106.5604, 35.1519], [-106.5539, 35.1461], [-106.5744, 35.1453], [-106.5687, 35.1529]]]}}, {"type": "Feature", "properties": {"fips": "35045000301", "gap_national": 39.5, "gap_stratum": 46.2, "burden": 51.0, "capacity": 18.7, "svi": 0.72, "top_decile_gap": 0.0, "stratum": "metropolitan", "scored": 1}, "geometry": {"type": "Polygon", "coordinates": [[[-108.2044, 36.7623], [-108.19, 36.7623], [-108.1848, 36.7689], [-108.1868, 36.7597], [-108.1831, 36.7569], [-108.1842, 36.7482], [-108.2068, 36.7484], [-108.2044, 36.7623]]]}}, {"type": "Feature", "properties": {"fips": "35041000100", "gap_national": 29.6, "gap_stratum": 4.6, "burden": 38.3, "capacity": 13.5, "svi": 0.75, "top_decile_gap": 0.0, "stratum": "micropolitan", "scored": 1}, "geometry": {"type": "Polygon", "coordinates": [[[-103.3314, 34.1933], [-103.3313, 34.1861], [-103.3177, 34.1862], [-103.3177, 34.1716], [-103.3264, 34.1715], [-103.3263, 34.1569], [-103.3439, 34.1567], [-103.3437, 34.1644], [-103.3403, 34.1647], [-103.3401, 34.1667], [-103.3436, 34.1713], [-103.3436, 34.1759], [-103.3348, 34.1773], [-103.3348, 34.1797], [-103.3392, 34.1839], [-103.3466, 34.1811], [-103.3314, 34.1933]]]}}, {"type": "Feature", "properties": {"fips": "35029000500", "gap_national": 76.6, "gap_stratum": 76.7, "burden": 90.8, "capacity": 24.9, "svi": 0.99, "top_decile_gap": 1.0, "stratum": "micropolitan", "scored": 1}, "geometry": {"type": "Polygon", "coordinates": [[[-108.2293, 32.5168], [-107.9238, 32.5174], [-107.924, 32.6044], [-107.2996, 32.6054], [-107.2978, 32.5183], [-107.2984, 32.243], [-107.3637, 32.2443], [-107.3846, 32.237], [-107.3929, 32.2365], [-107.4408, 32.2422], [-107.5673, 32.2803], [-107.6329, 32.2872], [-107.7029, 32.2788], [-107.7252, 32.2812], [-107.7305, 32.278], [-107.7564, 32.2868], [-107.7565, 32.276], [-107.7603, 32.2779], [-107.7612, 32.2753], [-107.7686, 32.2744], [-107.7681, 32.2723], [-107.7597, 32.2744], [-107.7586, 32.2676], [-107.7671, 32.2665], [-107.7666, 32.2635], [-107.7737, 32.2633], [-107.803, 32.2403], [-107.82, 32.2396], [-107.82, 32.2179], [-107.8072, 32.2183], [-107.8072, 32.2251], [-107.8027, 32.2251], [-107.8027, 32.219], [-107.7925, 32.2199], [-107.8063, 32.1812], [-107.7853, 32.1814], [-107.786, 32.0796], [-107.7835, 32.0781], [-107.7833, 32.0673], [-107.847, 32.067], [-107.9141, 31.8784], [-107.9184, 31.8727], [-107.9417, 31.855], [-107.9513, 31.8531], [-107.9526, 31.851], [-107.9263, 31.8426], [-107.9223, 31.8391], [-107.9104, 31.8371], [-107.9103, 31.8287], [-107.8935, 31.8102], [-107.8931, 31.7921], [-107.8638, 31.7921], [-107.8659, 31.7836], [-108.21, 31.7837], [-108.21, 31.8205], [-108.2171, 31.8205], [-108.217, 32.0799], [-108.23, 32.0799], [-108.2293, 32.5168]]]}}, {"type": "Feature", "properties": {"fips": "35037958900", "gap_national": 26.1, "gap_stratum": 24.0, "burden": 84.2, "capacity": 59.4, "svi": 0.55, "top_decile_gap": 0.0, "stratum": "rural", "scored": 1}, "geometry": {"type": "Polygon", "coordinates": [[[-104.129, 34.9546], [-104.1263, 34.9546], [-104.1256, 34.969], [-104.1251, 35.1421], [-103.8577, 35.2641], [-103.8575, 35.2424], [-103.7682, 35.2415], [-103.7742, 35.2351], [-103.7726, 35.1592], [-103.7749, 35.156], [-103.7726, 35.1531], [-103.7615, 35.1566], [-103.7434, 35.1518], [-103.7437, 35.1456], [-103.7395, 35.1482], [-103.7308, 35.1435], [-103.7226, 35.1431], [-103.7211, 35.1408], [-103.7171, 35.141], [-103.7155, 35.1441], [-103.7067, 35.1438], [-103.6988, 35.155], [-103.6836, 35.1583], [-103.6752, 35.1641], [-103.6743, 35.1682], [-103.6766, 35.1718], [-103.6844, 35.1718], [-103.6844, 35.1864], [-103.6942, 35.1864], [-103.6974, 35.189], [-103.7048, 35.1862], [-103.7025, 35.1911], [-103.7111, 35.188], [-103.7125, 35.2008], [-103.7101, 35.2123], [-103.7057, 35.2164], [-103.7, 35.2176], [-103.7153, 35.2245], [-103.7185, 35.2289], [-103.7175, 35.2315], [-103.7216, 35.2337], [-103.7174, 35.2382], [-103.7146, 35.2346], [-103.7156, 35.2414], [-103.6371, 35.2408], [-103.6371, 35.3897], [-103.389, 35.3896], [-103.3797, 35.3968], [-103.3794, 35.6525], [-103.3752, 35.6525], [-103.3751, 35.7395], [-103.0413, 35.7394], [-103.0426, 34.9541], [-103.2841, 34.9542], [-103.2843, 34.865], [-103.3898, 34.8654], [-103.3903, 34.7781], [-103.4956, 34.7786], [-103.496, 34.6914], [-103.7058, 34.6924], [-103.7061, 34.605], [-104.1289, 34.6052], [-104.129, 34.9546]]]}}, {"type": "Feature", "properties": {"fips": "35037958601", "gap_national": 60.4, "gap_stratum": 48.2, "burden": 80.9, "capacity": 31.8, "svi": 0.87, "top_decile_gap": 1.0, "stratum": "small_town", "scored": 1}, "geometry": {"type": "Polygon", "coordinates": [[[-103.7726, 35.1592], [-103.7728, 35.1721], [-103.7454, 35.1719], [-103.7328, 35.1778], [-103.73, 35.1668], [-103.7198, 35.1669], [-103.7198, 35.1688], [-103.7146, 35.1698], [-103.7146, 35.179], [-103.7058, 35.1822], [-103.7048, 35.1862], [-103.6974, 35.189], [-103.6942, 35.1864], [-103.6844, 35.1864], [-103.6844, 35.1718], [-103.6766, 35.1718], [-103.6743, 35.1682], [-103.6752, 35.1641], [-103.6836, 35.1583], [-103.6988, 35.155], [-103.7067, 35.1438], [-103.7155, 35.1441], [-103.7171, 35.141], [-103.7308, 35.1435], [-103.7395, 35.1482], [-103.7437, 35.1456], [-103.7434, 35.1518], [-103.7615, 35.1566], [-103.7726, 35.1531], [-103.7754, 35.1575], [-103.7726, 35.1592]]]}}, {"type": "Feature", "properties": {"fips": "35047957700", "gap_national": 69.6, "gap_stratum": 71.7, "burden": 81.5, "capacity": 23.4, "svi": 0.76, "top_decile_gap": 1.0, "stratum": "metropolitan", "scored": 1}, "geometry": {"type": "Polygon", "coordinates": [[[-105.718, 35.5533], [-105.7082, 35.5488], [-105.6903, 35.5324], [-105.673, 35.4955], [-105.6695, 35.4827], [-105.6461, 35.4677], [-105.635, 35.4565], [-105.5967, 35.4298], [-105.5531, 35.4214], [-105.5386, 35.4155], [-105.5152, 35.4148], [-105.4621, 35.3972], [-105.4205, 35.3958], [-105.398, 35.3984], [-105.3456, 35.3922], [-105.3236, 35.3952], [-105.3222, 35.3927], [-105.3176, 35.3933], [-105.312, 35.382], [-105.3101, 35.3552], [-105.3143, 35.3483], [-105.3287, 35.3432], [-105.3312, 35.3392], [-105.33, 35.3359], [-105.3365, 35.3309], [-105.3373, 35.3206], [-105.331, 35.3124], [-105.3316, 35.3081], [-105.3287, 35.3077], [-105.3282, 35.3011], [-105.3253, 35.2997], [-105.3274, 35.2958], [-105.3157, 35.2876], [-105.318, 35.2825], [-105.3218, 35.2826], [-105.3217, 35.2786], [-105.3197, 35.2764], [-105.3136, 35.2761], [-105.3067, 35.2796], [-105.3093, 35.2715], [-105.3061, 35.2722], [-105.3046, 35.2776], [-105.3026, 35.278], [-105.2999, 35.2712], [-105.3019, 35.2689], [-105.2978, 35.2682], [-105.2966, 35.2653], [-105.2915, 35.2712], [-105.2853, 35.2682], [-105.2782, 35.2698], [-105.282, 35.2657], [-105.2863, 35.2675], [-105.289, 35.2654], [-105.2855, 35.2617], [-105.2848, 35.2564], [-105.277, 35.2497], [-105.2734, 35.2498], [-105.2816, 35.2456], [-105.2811, 35.2431], [-105.2901, 35.2401], [-105.2913, 35.2373], [-105.2908, 35.042], [-105.7144, 35.0416], [-105.718, 35.5533]]]}}, {"type": "Feature", "properties": {"fips": "35013000500", "gap_national": 62.4, "gap_stratum": 68.7, "burden": 66.6, "capacity": 13.4, "svi": 0.94, "top_decile_gap": 1.0, "stratum": "metropolitan", "scored": 1}, "geometry": {"type": "Polygon", "coordinates": [[[-106.7941, 32.3222], [-106.7903, 32.3147], [-106.7782, 32.3165], [-106.7758, 32.3076], [-106.7925, 32.3037], [-106.8002, 32.3213], [-106.7941, 32.3222]]]}}, {"type": "Feature", "properties": {"fips": "35001002900", "gap_national": 54.5, "gap_stratum": 61.5, "burden": 60.2, "capacity": 13.9, "svi": 0.87, "top_decile_gap": 1.0, "stratum": "metropolitan", "scored": 1}, "geometry": {"type": "Polygon", "coordinates": [[[-106.655, 35.1227], [-106.6257, 35.1144], [-106.6292, 35.1055], [-106.6587, 35.1077], [-106.655, 35.1227]]]}}, {"type": "Feature", "properties": {"fips": "35001002700", "gap_national": 21.1, "gap_stratum": 26.4, "burden": 40.3, "capacity": 25.0, "svi": 0.72, "top_decile_gap": 0.0, "stratum": "metropolitan", "scored": 1}, "geometry": {"type": "Polygon", "coordinates": [[[-106.6617, 35.0984], [-106.6551, 35.1003], [-106.6534, 35.1071], [-106.6405, 35.1054], [-106.6433, 35.0903], [-106.6552, 35.0916], [-106.6565, 35.0852], [-106.665, 35.0902], [-106.6617, 35.0984]]]}}, {"type": "Feature", "properties": {"fips": "35001004725", "gap_national": 26.5, "gap_stratum": 32.3, "burden": 44.4, "capacity": 24.3, "svi": 0.43, "top_decile_gap": 0.0, "stratum": "metropolitan", "scored": 1}, "geometry": {"type": "Polygon", "coordinates": [[[-106.7101, 35.1578], [-106.703, 35.162], [-106.6956, 35.1629], [-106.6923, 35.1591], [-106.6938, 35.1525], [-106.7173, 35.1522], [-106.7192, 35.1576], [-106.7101, 35.1578]]]}}, {"type": "Feature", "properties": {"fips": "35001003501", "gap_national": 26.9, "gap_stratum": 32.8, "burden": 52.2, "capacity": 32.6, "svi": 0.59, "top_decile_gap": 0.0, "stratum": "metropolitan", "scored": 1}, "geometry": {"type": "Polygon", "coordinates": [[[-106.6347, 35.1725], [-106.6275, 35.1792], [-106.6133, 35.1759], [-106.6177, 35.1687], [-106.6284, 35.1366], [-106.6413, 35.1386], [-106.6347, 35.1725]]]}}, {"type": "Feature", "properties": {"fips": "35001003728", "gap_national": -3.2, "gap_stratum": -1.3, "burden": 24.3, "capacity": 30.7, "svi": 0.5, "top_decile_gap": 0.0, "stratum": "metropolitan", "scored": 1}, "geometry": {"type": "Polygon", "coordinates": [[[-106.5269, 35.1488], [-106.5188, 35.1442], [-106.5158, 35.1377], [-106.5287, 35.1352], [-106.5334, 35.1389], [-106.5269, 35.1488]]]}}, {"type": "Feature", "properties": {"fips": "35001000115", "gap_national": 29.1, "gap_stratum": 35.1, "burden": 42.5, "capacity": 19.2, "svi": 0.42, "top_decile_gap": 0.0, "stratum": "metropolitan", "scored": 1}, "geometry": {"type": "Polygon", "coordinates": [[[-106.5156, 35.1089], [-106.5154, 35.1015], [-106.5329, 35.1017], [-106.5331, 35.1089], [-106.5156, 35.1089]]]}}, {"type": "Feature", "properties": {"fips": "35001000601", "gap_national": 29.8, "gap_stratum": 35.8, "burden": 51.6, "capacity": 29.4, "svi": 0.72, "top_decile_gap": 0.0, "stratum": "metropolitan", "scored": 1}, "geometry": {"type": "Polygon", "coordinates": [[[-106.5507, 35.0903], [-106.5431, 35.0874], [-106.5775, 35.0874], [-106.5776, 35.1012], [-106.5507, 35.0903]]]}}, {"type": "Feature", "properties": {"fips": "35001000401", "gap_national": 3.7, "gap_stratum": 7.2, "burden": 33.2, "capacity": 33.6, "svi": 0.56, "top_decile_gap": 0.0, "stratum": "metropolitan", "scored": 1}, "geometry": {"type": "Polygon", "coordinates": [[[-106.6042, 35.1052], [-106.5776, 35.1012], [-106.5775, 35.0947], [-106.6044, 35.0948], [-106.6042, 35.1052]]]}}, {"type": "Feature", "properties": {"fips": "35001004300", "gap_national": 81.4, "gap_stratum": 84.0, "burden": 82.6, "capacity": 11.5, "svi": 0.99, "top_decile_gap": 1.0, "stratum": "metropolitan", "scored": 1}, "geometry": {"type": "Polygon", "coordinates": [[[-106.6816, 35.065], [-106.661, 35.0697], [-106.6592, 35.0563], [-106.6625, 35.0478], [-106.6765, 35.0536], [-106.6884, 35.0518], [-106.6816, 35.065]]]}}, {"type": "Feature", "properties": {"fips": "35001001102", "gap_national": 37.4, "gap_stratum": 44.1, "burden": 46.5, "capacity": 15.3, "svi": 0.67, "top_decile_gap": 0.0, "stratum": "metropolitan", "scored": 1}, "geometry": {"type": "Polygon", "coordinates": [[[-106.6133, 35.0737], [-106.6046, 35.0736], [-106.6043, 35.0583], [-106.6133, 35.0584], [-106.6133, 35.0737]]]}}, {"type": "Feature", "properties": {"fips": "35001000207", "gap_national": 25.8, "gap_stratum": 31.6, "burden": 43.9, "capacity": 24.4, "svi": 0.49, "top_decile_gap": 0.0, "stratum": "metropolitan", "scored": 1}, "geometry": {"type": "Polygon", "coordinates": [[[-106.5864, 35.1165], [-106.5689, 35.1164], [-106.5688, 35.1019], [-106.5776, 35.1037], [-106.5776, 35.1012], [-106.5878, 35.1054], [-106.5864, 35.1165]]]}}, {"type": "Feature", "properties": {"fips": "35001000501", "gap_national": 68.4, "gap_stratum": 69.7, "burden": 83.1, "capacity": 26.3, "svi": 0.74, "top_decile_gap": 1.0, "stratum": "metropolitan", "scored": 1}, "geometry": {"type": "Polygon", "coordinates": [[[-106.5862, 35.0874], [-106.5775, 35.0874], [-106.5775, 35.0728], [-106.5862, 35.0729], [-106.5862, 35.0874]]]}}, {"type": "Feature", "properties": {"fips": "35001000203", "gap_national": 32.1, "gap_stratum": 38.4, "burden": 47.4, "capacity": 22.1, "svi": 0.68, "top_decile_gap": 0.0, "stratum": "metropolitan", "scored": 1}, "geometry": {"type": "Polygon", "coordinates": [[[-106.5687, 35.1308], [-106.5688, 35.1235], [-106.5805, 35.1252], [-106.5864, 35.1233], [-106.5865, 35.1309], [-106.5687, 35.1308]]]}}, {"type": "Feature", "properties": {"fips": "35001003803", "gap_national": -33.3, "gap_stratum": -28.5, "burden": 35.6, "capacity": 62.3, "svi": 0.13, "top_decile_gap": 0.0, "stratum": "metropolitan", "scored": 1}, "geometry": {"type": "Polygon", "coordinates": [[[-106.2442, 35.2157], [-106.2436, 35.1417], [-106.3024, 35.1418], [-106.3047, 35.1476], [-106.3154, 35.1562], [-106.3731, 35.1697], [-106.3756, 35.1722], [-106.3773, 35.1818], [-106.3783, 35.1797], [-106.3814, 35.18], [-106.3898, 35.1851], [-106.3912, 35.181], [-106.3929, 35.1881], [-106.3988, 35.193], [-106.4013, 35.1943], [-106.4055, 35.1916], [-106.4054, 35.1995], [-106.4094, 35.2008], [-106.408, 35.2046], [-106.4133, 35.2082], [-106.4088, 35.2135], [-106.4187, 35.2174], [-106.2442, 35.2157]]]}}, {"type": "Feature", "properties": {"fips": "35001000204", "gap_national": 25.3, "gap_stratum": 31.0, "burden": 41.6, "capacity": 22.2, "svi": 0.46, "top_decile_gap": 0.0, "stratum": "metropolitan", "scored": 1}, "geometry": {"type": "Polygon", "coordinates": [[[-106.6041, 35.131], [-106.5865, 35.1309], [-106.5864, 35.1233], [-106.6029, 35.1233], [-106.6041, 35.131]]]}}, {"type": "Feature", "properties": {"fips": "35001003715", "gap_national": -34.7, "gap_stratum": -30.8, "burden": 32.3, "capacity": 60.8, "svi": 0.15, "top_decile_gap": 0.0, "stratum": "metropolitan", "scored": 1}, "geometry": {"type": "Polygon", "coordinates": [[[-106.5599, 35.1595], [-106.5244, 35.1589], [-106.5246, 35.1526], [-106.5294, 35.1457], [-106.5374, 35.1478], [-106.5399, 35.1513], [-106.5539, 35.1461], [-106.561, 35.1541], [-106.5599, 35.1595]]]}}, {"type": "Feature", "properties": {"fips": "35001000112", "gap_national": -41.9, "gap_stratum": -38.7, "burden": 27.6, "capacity": 61.9, "svi": 0.28, "top_decile_gap": 0.0, "stratum": "metropolitan", "scored": 1}, "geometry": {"type": "Polygon", "coordinates": [[[-106.4896, 35.1156], [-106.4889, 35.1096], [-106.48, 35.1127], [-106.48, 35.0987], [-106.4973, 35.1027], [-106.4975, 35.1156], [-106.4896, 35.1156]]]}}, {"type": "Feature", "properties": {"fips": "35001000113", "gap_national": 0.8, "gap_stratum": 4.0, "burden": 32.2, "capacity": 35.1, "svi": 0.28, "top_decile_gap": 0.0, "stratum": "metropolitan", "scored": 1}, "geometry": {"type": "Polygon", "coordinates": [[[-106.4975, 35.1156], [-106.4974, 35.1093], [-106.5156, 35.1089], [-106.5156, 35.1163], [-106.4975, 35.1156]]]}}, {"type": "Feature", "properties": {"fips": "35061971000", "gap_national": 43.9, "gap_stratum": 47.6, "burden": 70.8, "capacity": 36.7, "svi": 0.53, "top_decile_gap": 0.0, "stratum": "metropolitan", "scored": 1}, "geometry": {"type": "Polygon", "coordinates": [[[-106.7373, 34.6418], [-106.7379, 34.6528], [-106.6967, 34.6607], [-106.6861, 34.6684], [-106.6909, 34.6371], [-106.703, 34.6361], [-106.7211, 34.6231], [-106.7213, 34.5996], [-106.7349, 34.6], [-106.7365, 34.5983], [-106.7406, 34.6247], [-106.7474, 34.632], [-106.7373, 34.6418]]]}}, {"type": "Feature", "properties": {"fips": "35025000800", "gap_national": 72.5, "gap_stratum": 44.1, "burden": 73.2, "capacity": 10.4, "svi": 0.8, "top_decile_gap": 1.0, "stratum": "rural", "scored": 1}, "geometry": {"type": "Polygon", "coordinates": [[[-103.3576, 32.4713], [-103.3238, 32.4717], [-103.3278, 32.477], [-103.335, 32.5001], [-103.3335, 32.5433], [-103.3017, 32.5443], [-103.292, 32.5373], [-103.2565, 32.5367], [-103.2564, 32.5618], [-103.2648, 32.5743], [-103.265, 32.6008], [-103.2449, 32.6013], [-103.188, 32.5914], [-103.1277, 32.5913], [-103.1277, 32.5691], [-103.0647, 32.5622], [-103.0646, 32.3347], [-103.125, 32.3371], [-103.1252, 32.341], [-103.1628, 32.341], [-103.1582, 32.3471], [-103.1595, 32.399], [-103.3082, 32.3991], [-103.3125, 32.3951], [-103.3125, 32.3446], [-103.3158, 32.341], [-103.3664, 32.3405], [-103.3879, 32.3264], [-103.4368, 32.3264], [-103.4393, 32.3646], [-103.4379, 32.3708], [-103.4415, 32.3807], [-103.4323, 32.4099], [-103.4334, 32.4132], [-103.4421, 32.4187], [-103.3576, 32.4713]]]}}, {"type": "Feature", "properties": {"fips": "35025000502", "gap_national": 37.0, "gap_stratum": 9.8, "burden": 40.3, "capacity": 6.2, "svi": 0.87, "top_decile_gap": 0.0, "stratum": "micropolitan", "scored": 1}, "geometry": {"type": "Polygon", "coordinates": [[[-103.1277, 32.7646], [-103.1199, 32.7642], [-103.1217, 32.7568], [-103.1187, 32.7516], [-103.1106, 32.7468], [-103.1104, 32.7257], [-103.0648, 32.727], [-103.0648, 32.7138], [-103.0737, 32.7141], [-103.0736, 32.7101], [-103.1276, 32.7112], [-103.1277, 32.7646]]]}}, {"type": "Feature", "properties": {"fips": "35025000200", "gap_national": 69.9, "gap_stratum": 47.3, "burden": 67.7, "capacity": 4.4, "svi": 0.78, "top_decile_gap": 1.0, "stratum": "micropolitan", "scored": 1}, "geometry": {"type": "Polygon", "coordinates": [[[-103.1437, 32.7112], [-103.1436, 32.6966], [-103.1362, 32.6966], [-103.1374, 32.6821], [-103.1275, 32.6821], [-103.1275, 32.653], [-103.1432, 32.653], [-103.1438, 32.682], [-103.1595, 32.683], [-103.1638, 32.6894], [-103.1674, 32.6894], [-103.1685, 32.6929], [-103.1789, 32.691], [-103.1793, 32.6965], [-103.183, 32.6966], [-103.1834, 32.706], [-103.1871, 32.7115], [-103.1437, 32.7112]]]}}, {"type": "Feature", "properties": {"fips": "35025001004", "gap_national": 40.2, "gap_stratum": 11.8, "burden": 44.0, "capacity": 8.0, "svi": 0.75, "top_decile_gap": 0.0, "stratum": "micropolitan", "scored": 1}, "geometry": {"type": "Polygon", "coordinates": [[[-103.3521, 32.9668], [-103.3521, 32.9814], [-103.3349, 32.9813], [-103.3338, 32.9586], [-103.3424, 32.9586], [-103.3425, 32.9554], [-103.3684, 32.9544], [-103.3685, 32.9667], [-103.3521, 32.9668]]]}}, {"type": "Feature", "properties": {"fips": "35025000503", "gap_national": 17.6, "gap_stratum": -0.0, "burden": 28.2, "capacity": 13.7, "svi": 0.58, "top_decile_gap": 0.0, "stratum": "micropolitan", "scored": 1}, "geometry": {"type": "Polygon", "coordinates": [[[-103.1449, 32.7457], [-103.1277, 32.7475], [-103.1276, 32.7258], [-103.1448, 32.7258], [-103.1448, 32.7296], [-103.1411, 32.7301], [-103.1406, 32.7325], [-103.1449, 32.7325], [-103.1449, 32.7457]]]}}, {"type": "Feature", "properties": {"fips": "35005001101", "gap_national": 71.8, "gap_stratum": 52.8, "burden": 70.9, "capacity": 7.7, "svi": 0.78, "top_decile_gap": 1.0, "stratum": "micropolitan", "scored": 1}, "geometry": {"type": "Polygon", "coordinates": [[[-104.5896, 33.3138], [-104.574, 33.3207], [-104.5739, 33.3354], [-104.4729, 33.3356], [-104.4152, 33.256], [-104.5097, 33.2557], [-104.5098, 33.2514], [-104.5283, 33.2508], [-104.5305, 33.2522], [-104.5297, 33.259], [-104.5445, 33.2591], [-104.5444, 33.2537], [-104.559, 33.2515], [-104.5592, 33.283], [-104.5948, 33.2627], [-104.5946, 33.3011], [-104.599, 33.303], [-104.5896, 33.3138]]]}}, {"type": "Feature", "properties": {"fips": "35005000201", "gap_national": 54.0, "gap_stratum": 27.9, "burden": 59.3, "capacity": 13.3, "svi": 0.74, "top_decile_gap": 1.0, "stratum": "micropolitan", "scored": 1}, "geometry": {"type": "Polygon", "coordinates": [[[-104.5409, 33.3976], [-104.5196, 33.3998], [-104.5183, 33.3909], [-104.5272, 33.3909], [-104.5272, 33.3857], [-104.534, 33.3831], [-104.5359, 33.3797], [-104.5411, 33.3796], [-104.5409, 33.3976]]]}}, {"type": "Feature", "properties": {"fips": "35005000800", "gap_national": 41.1, "gap_stratum": 13.0, "burden": 48.8, "capacity": 14.1, "svi": 0.84, "top_decile_gap": 0.0, "stratum": "micropolitan", "scored": 1}, "geometry": {"type": "Polygon", "coordinates": [[[-104.5682, 33.3585], [-104.5462, 33.3689], [-104.5456, 33.3796], [-104.5359, 33.3797], [-104.5318, 33.3833], [-104.5324, 33.3506], [-104.5737, 33.3502], [-104.5682, 33.3585]]]}}, {"type": "Feature", "properties": {"fips": "35049001002", "gap_national": 51.4, "gap_stratum": 58.2, "burden": 59.6, "capacity": 16.5, "svi": 0.94, "top_decile_gap": 0.0, "stratum": "metropolitan", "scored": 1}, "geometry": {"type": "Polygon", "coordinates": [[[-105.9582, 35.675], [-105.9536, 35.6741], [-105.9565, 35.6591], [-105.9728, 35.6594], [-105.9773, 35.6627], [-105.9582, 35.675]]]}}, {"type": "Feature", "properties": {"fips": "35049010800", "gap_national": 5.8, "gap_stratum": 10.7, "burden": 48.4, "capacity": 46.1, "svi": 0.24, "top_decile_gap": 0.0, "stratum": "metropolitan", "scored": 1}, "geometry": {"type": "Polygon", "coordinates": [[[-105.916, 35.6223], [-105.9026, 35.6173], [-105.8968, 35.6191], [-105.8886, 35.6284], [-105.8807, 35.627], [-105.8762, 35.6311], [-105.8678, 35.6299], [-105.8569, 35.6348], [-105.8548, 35.642], [-105.856, 35.6473], [-105.8502, 35.6548], [-105.8577, 35.6626], [-105.8562, 35.6776], [-105.859, 35.6888], [-105.8454, 35.6866], [-105.8364, 35.6894], [-105.8214, 35.6893], [-105.8109, 35.7], [-105.8031, 35.7155], [-105.7958, 35.7235], [-105.7887, 35.7265], [-105.7855, 35.725], [-105.784, 35.7207], [-105.7772, 35.7285], [-105.7737, 35.7275], [-105.7654, 35.7241], [-105.7653, 35.7212], [-105.7557, 35.7197], [-105.7391, 35.7124], [-105.7309, 35.7049], [-105.7252, 35.6906], [-105.7185, 35.6881], [-105.7163, 35.6542], [-105.7185, 35.6532], [-105.718, 35.5533], [-105.7338, 35.5557], [-105.7542, 35.5647], [-105.7714, 35.5879], [-105.7809, 35.5911], [-105.7936, 35.579], [-105.8051, 35.5629], [-105.8171, 35.5578], [-105.8275, 35.5479], [-105.8514, 35.5374], [-105.8579, 35.5375], [-105.8726, 35.5457], [-105.8874, 35.5671], [-105.8972, 35.5763], [-105.9198, 35.6213], [-105.916, 35.6223]]]}}, {"type": "Feature", "properties": {"fips": "35049010601", "gap_national": -11.1, "gap_stratum": -9.1, "burden": 28.2, "capacity": 41.0, "svi": 0.45, "top_decile_gap": 0.0, "stratum": "metropolitan", "scored": 1}, "geometry": {"type": "Polygon", "coordinates": [[[-106.0244, 35.6118], [-105.9651, 35.6313], [-105.966, 35.6235], [-105.9613, 35.621], [-105.9637, 35.6144], [-105.9427, 35.591], [-105.9347, 35.5717], [-105.928, 35.567], [-105.9275, 35.5533], [-105.9738, 35.5593], [-105.9808, 35.5546], [-105.9855, 35.5671], [-105.9924, 35.5735], [-105.9915, 35.5767], [-106.0059, 35.5691], [-106.0292, 35.5646], [-106.0352, 35.5598], [-106.0517, 35.558], [-106.0537, 35.556], [-106.0535, 35.588], [-106.0622, 35.5904], [-106.0244, 35.6118]]]}}, {"type": "Feature", "properties": {"fips": "35015001100", "gap_national": 32.0, "gap_stratum": 5.6, "burden": 42.6, "capacity": 16.4, "svi": 0.52, "top_decile_gap": 0.0, "stratum": "micropolitan", "scored": 1}, "geometry": {"type": "Polygon", "coordinates": [[[-104.4299, 32.8389], [-104.3964, 32.8392], [-104.3968, 32.8424], [-104.3608, 32.8427], [-104.3608, 32.8282], [-104.3306, 32.8277], [-104.3305, 32.8134], [-104.3825, 32.8136], [-104.3828, 32.8177], [-104.4126, 32.8171], [-104.4126, 32.8135], [-104.4298, 32.8135], [-104.4299, 32.8389]]]}}, {"type": "Feature", "properties": {"fips": "35051962200", "gap_national": 63.5, "gap_stratum": 72.6, "burden": 94.1, "capacity": 38.9, "svi": 0.94, "top_decile_gap": 1.0, "stratum": "small_town", "scored": 1}, "geometry": {"type": "Polygon", "coordinates": [[[-107.2541, 33.152], [-107.2534, 33.1571], [-107.246, 33.1517], [-107.2431, 33.1604], [-107.221, 33.1481], [-107.2265, 33.134], [-107.2354, 33.1279], [-107.2517, 33.1285], [-107.2504, 33.1331], [-107.2576, 33.1332], [-107.2588, 33.1474], [-107.2541, 33.152]]]}}, {"type": "Feature", "properties": {"fips": "35039940700", "gap_national": 65.9, "gap_stratum": 50.3, "burden": 72.8, "capacity": 17.8, "svi": 0.93, "top_decile_gap": 1.0, "stratum": "micropolitan", "scored": 1}, "geometry": {"type": "Polygon", "coordinates": [[[-106.0932, 36.0061], [-106.0417, 36.0062], [-106.0417, 36.002], [-106.0712, 36.0016], [-106.0712, 35.9994], [-106.0649, 35.9967], [-106.0678, 35.9943], [-106.0659, 35.9893], [-106.0559, 35.9894], [-106.0656, 35.9818], [-106.0734, 35.9827], [-106.0731, 35.9878], [-106.0759, 35.9847], [-106.0882, 35.9871], [-106.0957, 35.9945], [-106.0924, 35.9921], [-106.0914, 35.9945], [-106.0938, 35.9968], [-106.093, 36.0022], [-106.0961, 36.002], [-106.0932, 36.0061]]]}}, {"type": "Feature", "properties": {"fips": "35045000611", "gap_national": 29.6, "gap_stratum": 34.8, "burden": 59.9, "capacity": 37.8, "svi": 0.61, "top_decile_gap": 0.0, "stratum": "metropolitan", "scored": 1}, "geometry": {"type": "Polygon", "coordinates": [[[-108.0585, 36.9892], [-108.0474, 36.9998], [-107.7806, 37.0], [-107.7729, 36.9767], [-107.7789, 36.9502], [-107.7901, 36.9358], [-107.8142, 36.9164], [-107.8377, 36.8854], [-107.8594, 36.8761], [-107.8927, 36.8497], [-107.9088, 36.842], [-107.9146, 36.825], [-107.9217, 36.8282], [-107.929, 36.8382], [-107.9274, 36.8504], [-107.9196, 36.8539], [-107.9193, 36.8593], [-107.9291, 36.8594], [-107.9524, 36.8656], [-107.9592, 36.8569], [-107.9706, 36.8512], [-107.9765, 36.8423], [-107.9783, 36.846], [-107.9833, 36.8443], [-107.9885, 36.8459], [-107.9906, 36.8415], [-107.9936, 36.8434], [-107.9967, 36.8492], [-107.994, 36.8536], [-108.0129, 36.844], [-108.0283, 36.8651], [-108.0381, 36.872], [-108.0463, 36.8875], [-108.0526, 36.8914], [-108.0634, 36.8917], [-108.0704, 36.8947], [-108.0829, 36.9035], [-108.0863, 36.9108], [-108.0999, 36.9197], [-108.1012, 36.9344], [-108.1085, 36.9512], [-108.1092, 36.9649], [-108.0585, 36.9892]]]}}, {"type": "Feature", "properties": {"fips": "35045000401", "gap_national": 61.0, "gap_stratum": 65.9, "burden": 70.6, "capacity": 20.3, "svi": 0.95, "top_decile_gap": 1.0, "stratum": "metropolitan", "scored": 1}, "geometry": {"type": "Polygon", "coordinates": [[[-108.2416, 36.7472], [-108.2389, 36.7572], [-108.2233, 36.757], [-108.2097, 36.7699], [-108.2112, 36.7637], [-108.206, 36.7598], [-108.2068, 36.7484], [-108.2023, 36.7484], [-108.2025, 36.7339], [-108.2449, 36.7336], [-108.2504, 36.7373], [-108.2416, 36.7472]]]}}, {"type": "Feature", "properties": {"fips": "35006974201", "gap_national": 58.4, "gap_stratum": 22.6, "burden": 61.0, "capacity": 10.1, "svi": 0.99, "top_decile_gap": 1.0, "stratum": "small_town", "scored": 1}, "geometry": {"type": "Polygon", "coordinates": [[[-107.8721, 35.1562], [-107.8543, 35.1517], [-107.8412, 35.145], [-107.8462, 35.1486], [-107.8442, 35.1515], [-107.8358, 35.1472], [-107.8278, 35.1471], [-107.8268, 35.1573], [-107.8299, 35.1612], [-107.8342, 35.1617], [-107.8282, 35.168], [-107.8109, 35.1777], [-107.804, 35.166], [-107.7979, 35.132], [-107.7888, 35.1192], [-107.777, 35.1119], [-107.7823, 35.1115], [-107.7718, 35.0948], [-107.7693, 35.0858], [-107.7704, 35.0846], [-107.8389, 35.1299], [-107.8493, 35.1419], [-107.8732, 35.1536], [-107.8721, 35.1562]]]}}, {"type": "Feature", "properties": {"fips": "35027960800", "gap_national": 43.3, "gap_stratum": 27.4, "burden": 70.5, "capacity": 37.0, "svi": 0.78, "top_decile_gap": 0.0, "stratum": "micropolitan", "scored": 1}, "geometry": {"type": "Polygon", "coordinates": [[[-105.6814, 33.3339], [-105.6676, 33.3309], [-105.6553, 33.324], [-105.6352, 33.3225], [-105.6153, 33.3263], [-105.6181, 33.3195], [-105.6127, 33.3129], [-105.6149, 33.3096], [-105.6141, 33.3052], [-105.726, 33.3048], [-105.7261, 33.3363], [-105.6814, 33.3339]]]}}, {"type": "Feature", "properties": {"fips": "35035000603", "gap_national": 34.3, "gap_stratum": 23.9, "burden": 77.1, "capacity": 49.2, "svi": 0.59, "top_decile_gap": 0.0, "stratum": "micropolitan", "scored": 1}, "geometry": {"type": "Polygon", "coordinates": [[[-105.9828, 33.0039], [-105.9748, 33.0078], [-105.9552, 33.0121], [-105.9383, 33.0119], [-105.9331, 33.0077], [-105.8977, 33.0201], [-105.8941, 33.0186], [-105.8864, 33.0212], [-105.8642, 33.0182], [-105.8463, 33.0261], [-105.8691, 33.0079], [-105.8674, 32.9968], [-105.8701, 32.9937], [-105.8754, 32.9905], [-105.9094, 32.9813], [-105.8989, 32.9674], [-105.8812, 32.9565], [-105.8757, 32.9477], [-105.8787, 32.9463], [-105.8925, 32.9535], [-105.909, 32.9522], [-105.9219, 32.9593], [-105.928, 32.96], [-105.9506, 32.9574], [-105.9702, 32.9402], [-106.0034, 33.0042], [-105.9828, 33.0039]]]}}, {"type": "Feature", "properties": {"fips": "35035000306", "gap_national": 19.2, "gap_stratum": -5.3, "burden": 56.2, "capacity": 42.7, "svi": 0.36, "top_decile_gap": 0.0, "stratum": "micropolitan", "scored": 1}, "geometry": {"type": "Polygon", "coordinates": [[[-105.9375, 32.9105], [-105.9346, 32.9105], [-105.9346, 32.9152], [-105.9258, 32.9153], [-105.9243, 32.92], [-105.9186, 32.9233], [-105.91, 32.9149], [-105.9079, 32.9151], [-105.9093, 32.9125], [-105.9069, 32.9135], [-105.9178, 32.9049], [-105.9289, 32.9041], [-105.9335, 32.8996], [-105.9375, 32.8999], [-105.9375, 32.9105]]]}}, {"type": "Feature", "properties": {"fips": "35043010601", "gap_national": -21.0, "gap_stratum": -13.7, "burden": 52.8, "capacity": 67.6, "svi": 0.31, "top_decile_gap": 0.0, "stratum": "metropolitan", "scored": 1}, "geometry": {"type": "Polygon", "coordinates": [[[-106.6407, 35.2213], [-106.6406, 35.2253], [-106.6349, 35.2278], [-106.6334, 35.2343], [-106.6152, 35.236], [-106.6101, 35.2414], [-106.6036, 35.2541], [-106.6075, 35.2702], [-106.5983, 35.2809], [-106.5951, 35.2579], [-106.5912, 35.2535], [-106.5902, 35.246], [-106.5859, 35.2386], [-106.5881, 35.2338], [-106.6105, 35.2137], [-106.6381, 35.2039], [-106.6434, 35.1978], [-106.6455, 35.2016], [-106.6425, 35.2073], [-106.646, 35.2087], [-106.6439, 35.2141], [-106.6477, 35.2151], [-106.6407, 35.2213]]]}}, {"type": "Feature", "properties": {"fips": "35043010503", "gap_national": 55.6, "gap_stratum": 61.2, "burden": 67.3, "capacity": 21.7, "svi": 0.7, "top_decile_gap": 1.0, "stratum": "metropolitan", "scored": 1}, "geometry": {"type": "Polygon", "coordinates": [[[-106.5569, 35.3241], [-106.5483, 35.3241], [-106.5545, 35.327], [-106.5536, 35.329], [-106.5394, 35.3261], [-106.5393, 35.3343], [-106.531, 35.3322], [-106.5286, 35.3344], [-106.5213, 35.3344], [-106.532, 35.3205], [-106.5348, 35.3082], [-106.5393, 35.3005], [-106.5583, 35.3092], [-106.5569, 35.3241]]]}}, {"type": "Feature", "properties": {"fips": "35043010721", "gap_national": 24.1, "gap_stratum": 29.2, "burden": 35.0, "capacity": 15.2, "svi": 0.34, "top_decile_gap": 0.0, "stratum": "metropolitan", "scored": 1}, "geometry": {"type": "Polygon", "coordinates": [[[-106.7168, 35.3063], [-106.697, 35.3063], [-106.6982, 35.2802], [-106.7047, 35.284], [-106.7168, 35.2844], [-106.7168, 35.3063]]]}}, {"type": "Feature", "properties": {"fips": "35053978302", "gap_national": 26.0, "gap_stratum": 3.7, "burden": 32.0, "capacity": 8.6, "svi": 0.61, "top_decile_gap": 0.0, "stratum": "small_town", "scored": 1}, "geometry": {"type": "Polygon", "coordinates": [[[-106.898, 34.091], [-106.8932, 34.0764], [-106.8913, 34.0534], [-106.9004, 34.0523], [-106.899, 34.0594], [-106.9065, 34.0623], [-106.9082, 34.0654], [-106.906, 34.0687], [-106.9102, 34.0842], [-106.898, 34.091]]]}}, {"type": "Feature", "properties": {"fips": "35053978301", "gap_national": 61.1, "gap_stratum": 33.2, "burden": 69.7, "capacity": 19.0, "svi": 0.65, "top_decile_gap": 1.0, "stratum": "small_town", "scored": 1}, "geometry": {"type": "Polygon", "coordinates": [[[-107.0536, 34.0545], [-107.0353, 34.0608], [-107.0282, 34.0656], [-107.0228, 34.0706], [-107.0202, 34.0803], [-106.9986, 34.0854], [-106.9913, 34.0846], [-106.984, 34.099], [-106.9708, 34.1064], [-106.9445, 34.1094], [-106.9279, 34.1075], [-106.9073, 34.098], [-106.8994, 34.0981], [-106.897, 34.0885], [-106.898, 34.091], [-106.9102, 34.0842], [-106.906, 34.0687], [-106.9082, 34.0654], [-106.9065, 34.0623], [-106.899, 34.0594], [-106.9004, 34.0523], [-106.8913, 34.0534], [-106.8921, 34.0452], [-106.8882, 34.0383], [-106.8935, 34.0252], [-106.8949, 34.004], [-106.8847, 33.9499], [-106.8926, 33.9491], [-106.9, 33.945], [-106.9063, 33.9368], [-106.9165, 33.9343], [-106.9315, 33.9393], [-106.934, 33.9429], [-106.9447, 33.9479], [-106.935, 33.9532], [-106.9361, 33.9552], [-106.9595, 33.9736], [-106.9608, 33.9793], [-106.9643, 33.9825], [-106.9697, 33.9843], [-106.9722, 34.0], [-106.9764, 34.0046], [-106.9914, 34.0074], [-107.0092, 34.0198], [-107.025, 34.017], [-107.0372, 34.0177], [-107.0571, 34.051], [-107.0536, 34.0545]]]}}, {"type": "Feature", "properties": {"fips": "35055940000", "gap_national": 52.3, "gap_stratum": 26.1, "burden": 67.7, "capacity": 25.8, "svi": 0.8, "top_decile_gap": 0.0, "stratum": "rural", "scored": 1}, "geometry": {"type": "Polygon", "coordinates": [[[-105.6626, 36.2384], [-105.6626, 36.1624], [-105.7562, 36.1626], [-105.7564, 36.2382], [-105.6626, 36.2384]]]}}, {"type": "Feature", "properties": {"fips": "35035000304", "gap_national": -16.6, "gap_stratum": -35.7, "burden": 33.3, "capacity": 49.4, "svi": 0.42, "top_decile_gap": 0.0, "stratum": "micropolitan", "scored": 1}, "geometry": {"type": "Polygon", "coordinates": [[[-105.9506, 32.9574], [-105.926, 32.96], [-105.9238, 32.9584], [-105.9294, 32.9575], [-105.9265, 32.9544], [-105.9311, 32.9538], [-105.9325, 32.9495], [-105.9264, 32.9483], [-105.9256, 32.9463], [-105.9277, 32.9461], [-105.9252, 32.9442], [-105.9317, 32.9449], [-105.9337, 32.9425], [-105.9312, 32.9405], [-105.9345, 32.9385], [-105.9281, 32.9331], [-105.9296, 32.9304], [-105.9261, 32.9305], [-105.9248, 32.9268], [-105.9201, 32.9264], [-105.9186, 32.9233], [-105.9243, 32.92], [-105.9258, 32.9153], [-105.935, 32.9152], [-105.9352, 32.9228], [-105.9524, 32.9235], [-105.9524, 32.9191], [-105.9607, 32.9191], [-105.961, 32.9262], [-105.9675, 32.9429], [-105.9506, 32.9574]]]}}, {"type": "Feature", "properties": {"fips": "35001940500", "gap_national": -45.7, "gap_stratum": -38.2, "burden": 43.1, "capacity": 78.5, "svi": 0.08, "top_decile_gap": 0.0, "stratum": "metropolitan", "scored": 1}, "geometry": {"type": "Polygon", "coordinates": [[[-106.6045, 35.2179], [-106.4594, 35.2179], [-106.4538, 35.2103], [-106.4367, 35.1971], [-106.4423, 35.196], [-106.4463, 35.1878], [-106.4768, 35.17], [-106.4867, 35.1676], [-106.4962, 35.1714], [-106.496, 35.1902], [-106.4977, 35.1914], [-106.6134, 35.2057], [-106.6231, 35.2088], [-106.6045, 35.2179]]]}}, {"type": "Feature", "properties": {"fips": "35001000109", "gap_national": 11.1, "gap_stratum": 16.0, "burden": 48.7, "capacity": 42.3, "svi": 0.44, "top_decile_gap": 0.0, "stratum": "metropolitan", "scored": 1}, "geometry": {"type": "Polygon", "coordinates": [[[-106.5157, 35.1307], [-106.5157, 35.1235], [-106.5333, 35.1234], [-106.5333, 35.1306], [-106.5157, 35.1307]]]}}, {"type": "Feature", "properties": {"fips": "35045000504", "gap_national": 22.2, "gap_stratum": 27.8, "burden": 49.3, "capacity": 33.7, "svi": 0.51, "top_decile_gap": 0.0, "stratum": "metropolitan", "scored": 1}, "geometry": {"type": "Polygon", "coordinates": [[[-108.5369, 36.7928], [-108.5211, 36.7928], [-108.5211, 36.8073], [-108.5368, 36.8074], [-108.5368, 36.8217], [-108.4888, 36.8217], [-108.4888, 36.8243], [-108.4811, 36.8243], [-108.4811, 36.827], [-108.4763, 36.827], [-108.4764, 36.831], [-108.4675, 36.8344], [-108.4674, 36.8398], [-108.4584, 36.8398], [-108.4585, 36.843], [-108.4627, 36.843], [-108.4628, 36.8501], [-108.3299, 36.8501], [-108.367, 36.816], [-108.3724, 36.8076], [-108.3758, 36.7908], [-108.3712, 36.766], [-108.3761, 36.7642], [-108.378, 36.7572], [-108.3814, 36.7545], [-108.3797, 36.7493], [-108.3833, 36.7475], [-108.3854, 36.7485], [-108.3884, 36.7452], [-108.4002, 36.7441], [-108.4047, 36.7412], [-108.4161, 36.7509], [-108.4242, 36.7465], [-108.4284, 36.7476], [-108.4393, 36.7411], [-108.4594, 36.7421], [-108.4672, 36.7468], [-108.4803, 36.7485], [-108.4924, 36.7554], [-108.5034, 36.754], [-108.5239, 36.7456], [-108.5376, 36.7464], [-108.5369, 36.7928]]]}}, {"type": "Feature", "properties": {"fips": "35001004716", "gap_national": 1.6, "gap_stratum": 3.7, "burden": 22.5, "capacity": 23.9, "svi": 0.66, "top_decile_gap": 0.0, "stratum": "metropolitan", "scored": 1}, "geometry": {"type": "Polygon", "coordinates": [[[-106.6581, 35.2179], [-106.6487, 35.2145], [-106.651, 35.2108], [-106.6425, 35.2073], [-106.6455, 35.2016], [-106.6429, 35.1954], [-106.6461, 35.1892], [-106.6504, 35.1863], [-106.6577, 35.191], [-106.6569, 35.1942], [-106.6608, 35.1982], [-106.6586, 35.2092], [-106.663, 35.2162], [-106.6581, 35.2179]]]}}, {"type": "Feature", "properties": {"fips": "35045000609", "gap_national": 59.3, "gap_stratum": 64.0, "burden": 70.7, "capacity": 22.2, "svi": 0.71, "top_decile_gap": 1.0, "stratum": "metropolitan", "scored": 1}, "geometry": {"type": "Polygon", "coordinates": [[[-108.0184, 36.8036], [-108.0107, 36.8071], [-108.0205, 36.809], [-108.0203, 36.8134], [-108.0128, 36.8169], [-108.0146, 36.8169], [-108.0147, 36.8209], [-108.0065, 36.8203], [-108.003, 36.8261], [-107.9936, 36.8261], [-107.9999, 36.8108], [-107.9997, 36.8063], [-107.9854, 36.7917], [-107.9799, 36.7756], [-107.9823, 36.7745], [-107.9902, 36.778], [-107.9968, 36.7882], [-108.0044, 36.7874], [-108.0131, 36.7913], [-108.0149, 36.7943], [-108.0125, 36.7958], [-108.0184, 36.7986], [-108.0206, 36.8039], [-108.0229, 36.8038], [-108.0207, 36.8049], [-108.0184, 36.8036]]]}}, {"type": "Feature", "properties": {"fips": "35049000500", "gap_national": -53.0, "gap_stratum": -45.9, "burden": 39.6, "capacity": 82.0, "svi": 0.2, "top_decile_gap": 0.0, "stratum": "metropolitan", "scored": 1}, "geometry": {"type": "Polygon", "coordinates": [[[-105.9344, 35.6816], [-105.9334, 35.6885], [-105.9275, 35.6873], [-105.9237, 35.6816], [-105.9176, 35.6817], [-105.9135, 35.6729], [-105.9144, 35.6697], [-105.9081, 35.6669], [-105.9254, 35.6684], [-105.9369, 35.6766], [-105.9381, 35.6816], [-105.9344, 35.6816]]]}}, {"type": "Feature", "properties": {"fips": "35049000900", "gap_national": 5.7, "gap_stratum": 9.9, "burden": 39.2, "capacity": 37.8, "svi": 0.5, "top_decile_gap": 0.0, "stratum": "metropolitan", "scored": 1}, "geometry": {"type": "Polygon", "coordinates": [[[-105.9654, 35.68], [-105.9645, 35.68], [-105.9622, 35.6723], [-105.9853, 35.6586], [-105.9872, 35.669], [-105.9654, 35.68]]]}}, {"type": "Feature", "properties": {"fips": "35049010311", "gap_national": -1.4, "gap_stratum": 2.7, "burden": 40.8, "capacity": 44.9, "svi": 0.51, "top_decile_gap": 0.0, "stratum": "metropolitan", "scored": 1}, "geometry": {"type": "Polygon", "coordinates": [[[-106.2227, 35.248], [-106.2081, 35.2366], [-106.1968, 35.2342], [-106.1898, 35.2301], [-106.1567, 35.2251], [-106.1562, 35.1328], [-106.1323, 35.1282], [-106.1245, 35.1234], [-106.1032, 35.1183], [-106.103, 35.0841], [-106.2438, 35.0846], [-106.2452, 35.2387], [-106.2227, 35.248]]]}}, {"type": "Feature", "properties": {"fips": "35041000401", "gap_national": 78.2, "gap_stratum": 71.6, "burden": 83.1, "capacity": 15.9, "svi": 0.72, "top_decile_gap": 1.0, "stratum": "micropolitan", "scored": 1}, "geometry": {"type": "Polygon", "coordinates": [[[-103.9488, 34.6051], [-103.7382, 34.6047], [-103.7401, 34.3031], [-103.1973, 34.3031], [-103.2256, 34.2691], [-103.3204, 34.2006], [-103.3697, 34.2004], [-103.3698, 34.1708], [-103.3621, 34.1703], [-103.6222, 33.979], [-103.6363, 33.9662], [-103.6494, 33.9475], [-103.6495, 33.9366], [-103.6624, 33.9366], [-103.6626, 33.9295], [-103.6667, 33.9293], [-103.6667, 33.9184], [-103.6805, 33.9147], [-103.6909, 33.9151], [-103.737, 33.8564], [-103.7779, 33.8404], [-103.8168, 33.8192], [-103.8419, 33.8192], [-103.8417, 34.0819], [-103.946, 34.0825], [-103.9457, 34.2596], [-103.9492, 34.2596], [-103.9488, 34.6051]]]}}, {"type": "Feature", "properties": {"fips": "35013001205", "gap_national": -19.2, "gap_stratum": -14.4, "burden": 40.6, "capacity": 57.0, "svi": 0.57, "top_decile_gap": 0.0, "stratum": "metropolitan", "scored": 1}, "geometry": {"type": "Polygon", "coordinates": [[[-106.7368, 32.3], [-106.7377, 32.3029], [-106.7324, 32.3035], [-106.728, 32.3077], [-106.7307, 32.315], [-106.726, 32.3152], [-106.7299, 32.3208], [-106.7269, 32.3233], [-106.7217, 32.3267], [-106.7144, 32.3211], [-106.7127, 32.313], [-106.709, 32.308], [-106.7089, 32.2991], [-106.7195, 32.2958], [-106.725, 32.2978], [-106.7387, 32.2871], [-106.7425, 32.2988], [-106.7368, 32.3]]]}}, {"type": "Feature", "properties": {"fips": "35025000703", "gap_national": 13.9, "gap_stratum": -2.9, "burden": 28.1, "capacity": 17.6, "svi": 0.5, "top_decile_gap": 0.0, "stratum": "micropolitan", "scored": 1}, "geometry": {"type": "Polygon", "coordinates": [[[-103.1636, 32.7839], [-103.1632, 32.7983], [-103.1449, 32.7984], [-103.1449, 32.7548], [-103.1643, 32.7549], [-103.1738, 32.762], [-103.1788, 32.7586], [-103.2033, 32.7836], [-103.1636, 32.7839]]]}}, {"type": "Feature", "properties": {"fips": "35006945800", "gap_national": 81.9, "gap_stratum": 85.7, "burden": 92.9, "capacity": 20.9, "svi": 0.91, "top_decile_gap": 1.0, "stratum": "rural", "scored": 1}, "geometry": {"type": "Polygon", "coordinates": [[[-108.5626, 34.8732], [-108.5583, 34.8787], [-108.5616, 34.88], [-108.5631, 34.8895], [-108.566, 34.8904], [-108.5608, 34.8937], [-108.5478, 34.8959], [-108.5413, 34.9025], [-108.5556, 34.9252], [-108.5556, 34.9296], [-108.5381, 34.9294], [-108.5385, 34.9438], [-108.5205, 34.9439], [-108.5208, 34.9591], [-108.4694, 34.9591], [-108.4697, 35.1332], [-108.452, 35.1333], [-108.4521, 35.1275], [-108.4403, 35.1327], [-108.4271, 35.1321], [-108.4219, 35.1285], [-108.4128, 35.1282], [-108.3905, 35.1192], [-108.3878, 35.115], [-108.3297, 35.0985], [-108.3118, 35.088], [-108.3117, 35.0763], [-108.3156, 35.0704], [-108.308, 35.0668], [-108.3204, 35.0462], [-108.3188, 35.0433], [-108.315, 35.0431], [-108.319, 35.0399], [-108.3231, 35.0233], [-108.3184, 35.0073], [-108.3228, 35.0041], [-108.3031, 35.003], [-108.2935, 35.0076], [-108.2934, 34.9675], [-108.2956, 34.9674], [-108.2957, 34.96], [-108.2925, 34.9599], [-108.2921, 34.9451], [-108.2738, 34.9456], [-108.2736, 34.9598], [-108.2564, 34.9593], [-108.2553, 34.814], [-108.2419, 34.8136], [-108.242, 34.8062], [-108.2555, 34.8067], [-108.2553, 34.7994], [-108.2737, 34.7993], [-108.274, 34.7845], [-108.257, 34.7846], [-108.2568, 34.7556], [-108.2473, 34.7555], [-108.2473, 34.7481], [-108.256, 34.7481], [-108.2562, 34.7118], [-108.2735, 34.7121], [-108.2733, 34.6972], [-108.3279, 34.6969], [-108.3278, 34.7118], [-108.3447, 34.7117], [-108.3449, 34.6969], [-108.3622, 34.6968], [-108.362, 34.7605], [-108.385, 34.7584], [-108.3833, 34.755], [-108.3792, 34.755], [-108.3792, 34.7404], [-108.3971, 34.7408], [-108.3968, 34.7551], [-108.4145, 34.7552], [-108.4141, 34.7696], [-108.4319, 34.7695], [-108.4318, 34.7767], [-108.4227, 34.7767], [-108.4223, 34.7842], [-108.4316, 34.7843], [-108.4318, 34.7988], [-108.4504, 34.7987], [-108.4506, 34.7841], [-108.4676, 34.784], [-108.4674, 34.7986], [-108.485, 34.7991], [-108.4853, 34.7849], [-108.4928, 34.785], [-108.493, 34.7776], [-108.5023, 34.7774], [-108.5024, 34.7849], [-108.538, 34.785], [-108.5377, 34.7991], [-108.5554, 34.7987], [-108.5553, 34.785], [-108.5717, 34.7845], [-108.5727, 34.8571], [-108.5723, 34.8616], [-108.5668, 34.8666], [-108.5737, 34.8678], [-108.5626, 34.8732]]]}}, {"type": "Feature", "properties": {"fips": "35061971100", "gap_national": 47.8, "gap_stratum": 52.8, "burden": 66.8, "capacity": 29.2, "svi": 0.68, "top_decile_gap": 0.0, "stratum": "metropolitan", "scored": 1}, "geometry": {"type": "Polygon", "coordinates": [[[-106.7646, 34.5415], [-106.7636, 34.5451], [-106.7645, 34.5537], [-106.7708, 34.5645], [-106.7692, 34.5737], [-106.7443, 34.5975], [-106.7442, 34.603], [-106.7519, 34.62], [-106.7482, 34.6307], [-106.7406, 34.6247], [-106.7365, 34.5983], [-106.7349, 34.6], [-106.7213, 34.5996], [-106.7211, 34.6231], [-106.703, 34.6361], [-106.6909, 34.6371], [-106.6852, 34.6731], [-106.6712, 34.6783], [-106.6682, 34.6832], [-106.6599, 34.6862], [-106.6597, 34.6946], [-106.5627, 34.6949], [-106.5661, 34.694], [-106.5284, 34.6833], [-106.521, 34.6843], [-106.5161, 34.6878], [-106.5169, 34.6893], [-106.4919, 34.6901], [-106.4923, 34.6882], [-106.473, 34.6784], [-106.4662, 34.671], [-106.4649, 34.6084], [-106.4712, 34.6084], [-106.4698, 34.5212], [-106.4169, 34.5217], [-106.4169, 34.4397], [-106.4563, 34.4371], [-106.5046, 34.457], [-106.7733, 34.5334], [-106.7646, 34.5415]]]}}, {"type": "Feature", "properties": {"fips": "35047957603", "gap_national": 39.1, "gap_stratum": 45.1, "burden": 58.0, "capacity": 27.7, "svi": 0.64, "top_decile_gap": 0.0, "stratum": "metropolitan", "scored": 1}, "geometry": {"type": "Polygon", "coordinates": [[[-105.7163, 35.6542], [-105.7185, 35.6881], [-105.7005, 35.6779], [-105.6926, 35.6765], [-105.6863, 35.666], [-105.6864, 35.662], [-105.6896, 35.6592], [-105.682, 35.6559], [-105.6836, 35.6531], [-105.6785, 35.636], [-105.6787, 35.6281], [-105.6845, 35.6199], [-105.6763, 35.6104], [-105.6809, 35.5915], [-105.6729, 35.5864], [-105.6696, 35.5764], [-105.6648, 35.5766], [-105.6638, 35.57], [-105.6678, 35.5678], [-105.6709, 35.5588], [-105.6668, 35.5465], [-105.6696, 35.5431], [-105.668, 35.5414], [-105.6731, 35.5387], [-105.6682, 35.5368], [-105.6686, 35.533], [-105.68, 35.5374], [-105.6804, 35.5401], [-105.6882, 35.5416], [-105.696, 35.551], [-105.7018, 35.5516], [-105.7023, 35.5545], [-105.7069, 35.5568], [-105.718, 35.5537], [-105.7185, 35.6532], [-105.7163, 35.6542]]]}}, {"type": "Feature", "properties": {"fips": "35055940102", "gap_national": 7.0, "gap_stratum": -18.1, "burden": 46.2, "capacity": 43.2, "svi": 0.41, "top_decile_gap": 0.0, "stratum": "micropolitan", "scored": 1}, "geometry": {"type": "Polygon", "coordinates": [[[-105.7305, 36.4857], [-105.7256, 36.4898], [-105.72, 36.485], [-105.7188, 36.4899], [-105.7214, 36.4923], [-105.7187, 36.4966], [-105.698, 36.5043], [-105.6689, 36.5109], [-105.6732, 36.515], [-105.6616, 36.5145], [-105.6368, 36.528], [-105.6355, 36.5236], [-105.6308, 36.5236], [-105.6144, 36.4747], [-105.5789, 36.4414], [-105.5723, 36.4204], [-105.5798, 36.4196], [-105.5798, 36.4173], [-105.5935, 36.4079], [-105.5937, 36.4038], [-105.62, 36.398], [-105.6306, 36.3899], [-105.6447, 36.3896], [-105.6636, 36.38], [-105.6673, 36.3801], [-105.6708, 36.375], [-105.6755, 36.3743], [-105.681, 36.3678], [-105.6834, 36.3693], [-105.6883, 36.3634], [-105.7152, 36.3518], [-105.7153, 36.3484], [-105.7207, 36.3459], [-105.7282, 36.3376], [-105.7327, 36.3446], [-105.7274, 36.3518], [-105.7297, 36.3578], [-105.7241, 36.3684], [-105.7287, 36.3797], [-105.722, 36.3882], [-105.7228, 36.3972], [-105.7198, 36.4049], [-105.7217, 36.4108], [-105.7175, 36.4172], [-105.7197, 36.4324], [-105.7278, 36.4412], [-105.7296, 36.4493], [-105.7289, 36.4657], [-105.733, 36.4762], [-105.7305, 36.4857]]]}}, {"type": "Feature", "properties": {"fips": "35027960403", "gap_national": 33.6, "gap_stratum": 17.5, "burden": 70.3, "capacity": 44.4, "svi": 0.76, "top_decile_gap": 0.0, "stratum": "micropolitan", "scored": 1}, "geometry": {"type": "Polygon", "coordinates": [[[-105.6758, 33.4039], [-105.6598, 33.4072], [-105.6433, 33.4151], [-105.6262, 33.4305], [-105.6105, 33.4366], [-105.5952, 33.4385], [-105.5843, 33.4331], [-105.5462, 33.4309], [-105.5462, 33.4377], [-105.544, 33.4402], [-105.5359, 33.4401], [-105.5359, 33.4438], [-105.5273, 33.4438], [-105.5272, 33.4476], [-105.5187, 33.4468], [-105.5181, 33.4509], [-105.5138, 33.4509], [-105.5138, 33.4539], [-105.5053, 33.4539], [-105.5053, 33.4573], [-105.4971, 33.4573], [-105.497, 33.4617], [-105.4951, 33.4617], [-105.4963, 33.4586], [-105.4903, 33.4478], [-105.4811, 33.4417], [-105.4827, 33.4393], [-105.4808, 33.4368], [-105.4645, 33.4317], [-105.4547, 33.424], [-105.4424, 33.4192], [-105.4389, 33.4148], [-105.4496, 33.4095], [-105.4698, 33.405], [-105.5003, 33.3822], [-105.5091, 33.3811], [-105.5203, 33.3744], [-105.53, 33.374], [-105.5475, 33.3589], [-105.5528, 33.3582], [-105.5529, 33.3558], [-105.5752, 33.3485], [-105.5765, 33.3423], [-105.5828, 33.3394], [-105.5832, 33.3353], [-105.5809, 33.3357], [-105.5793, 33.3299], [-105.5903, 33.326], [-105.598, 33.3261], [-105.5946, 33.3309], [-105.5968, 33.3312], [-105.6084, 33.3265], [-105.615, 33.3284], [-105.6344, 33.3263], [-105.6368, 33.3274], [-105.6409, 33.337], [-105.6439, 33.3477], [-105.6442, 33.3623], [-105.6433, 33.3707], [-105.6389, 33.3716], [-105.6377, 33.3774], [-105.6388, 33.3813], [-105.6469, 33.3845], [-105.6406, 33.3896], [-105.6177, 33.39], [-105.6564, 33.3911], [-105.6806, 33.3988], [-105.6758, 33.4039]]]}}, {"type": "Feature", "properties": {"fips": "35035000701", "gap_national": 51.2, "gap_stratum": 43.0, "burden": 79.8, "capacity": 38.6, "svi": 0.53, "top_decile_gap": 0.0, "stratum": "micropolitan", "scored": 1}, "geometry": {"type": "Polygon", "coordinates": [[[-106.3407, 32.9584], [-106.3405, 33.1359], [-106.3457, 33.3906], [-105.9316, 33.3899], [-105.9296, 33.2184], [-105.8274, 33.2178], [-105.8272, 33.1645], [-105.8469, 33.1598], [-105.8687, 33.162], [-105.8744, 33.1602], [-105.9391, 33.1082], [-105.979, 33.0833], [-106.0106, 33.0798], [-106.0107, 33.0695], [-106.0156, 33.0695], [-106.0147, 33.0594], [-105.9923, 33.0039], [-106.0034, 33.0042], [-105.9874, 32.9737], [-105.9896, 32.9663], [-106.007, 32.9539], [-106.0213, 32.951], [-106.0299, 32.9406], [-106.0406, 32.9332], [-106.0718, 32.9332], [-106.0921, 32.9092], [-106.0976, 32.9173], [-106.1357, 32.9169], [-106.1288, 32.8989], [-106.1497, 32.8842], [-106.1786, 32.8876], [-106.2529, 32.8876], [-106.292, 32.8807], [-106.3021, 32.8809], [-106.3459, 32.8964], [-106.3531, 32.9183], [-106.3764, 32.9104], [-106.3766, 32.9581], [-106.3407, 32.9584]]]}}, {"type": "Feature", "properties": {"fips": "35035000501", "gap_national": 44.2, "gap_stratum": 17.5, "burden": 55.8, "capacity": 19.7, "svi": 0.85, "top_decile_gap": 0.0, "stratum": "micropolitan", "scored": 1}, "geometry": {"type": "Polygon", "coordinates": [[[-105.9956, 32.8401], [-105.9977, 32.8426], [-105.998, 32.8599], [-105.9642, 32.8744], [-105.9738, 32.8223], [-105.9818, 32.8223], [-105.9821, 32.8202], [-105.9981, 32.8227], [-105.998, 32.8151], [-106.016, 32.8151], [-105.9956, 32.8401]]]}}, {"type": "Feature", "properties": {"fips": "35013001314", "gap_national": 81.3, "gap_stratum": 82.5, "burden": 86.7, "capacity": 16.2, "svi": 0.65, "top_decile_gap": 1.0, "stratum": "metropolitan", "scored": 1}, "geometry": {"type": "Polygon", "coordinates": [[[-106.7409, 32.6106], [-106.7443, 32.6167], [-106.7414, 32.618], [-106.7425, 32.6217], [-106.7158, 32.6372], [-106.7113, 32.6376], [-106.6823, 32.6525], [-106.6823, 32.6486], [-106.6646, 32.6486], [-106.6654, 32.6043], [-106.6481, 32.6045], [-106.6484, 32.5615], [-106.6303, 32.5609], [-106.6305, 32.532], [-106.614, 32.5323], [-106.614, 32.4893], [-106.5976, 32.4895], [-106.5981, 32.4494], [-106.5815, 32.4496], [-106.5813, 32.4313], [-106.6459, 32.409], [-106.6461, 32.417], [-106.6402, 32.417], [-106.6403, 32.4488], [-106.6806, 32.45], [-106.6832, 32.4489], [-106.6833, 32.4318], [-106.7288, 32.4331], [-106.7464, 32.5358], [-106.7409, 32.6106]]]}}, {"type": "Feature", "properties": {"fips": "35013001811", "gap_national": 56.5, "gap_stratum": 63.2, "burden": 62.4, "capacity": 14.5, "svi": 0.68, "top_decile_gap": 1.0, "stratum": "metropolitan", "scored": 1}, "geometry": {"type": "Polygon", "coordinates": [[[-106.6546, 32.0681], [-106.636, 32.068], [-106.622, 32.0394], [-106.6033, 32.0391], [-106.603, 32.0571], [-106.5885, 32.0247], [-106.6032, 32.0248], [-106.6033, 32.0284], [-106.6113, 32.0284], [-106.6113, 32.0248], [-106.6298, 32.0248], [-106.6275, 32.0159], [-106.6186, 31.9999], [-106.6194, 31.9947], [-106.6236, 31.991], [-106.6294, 31.9901], [-106.6461, 32.0128], [-106.6528, 32.0326], [-106.6611, 32.0466], [-106.6632, 32.0656], [-106.6546, 32.0681]]]}}, {"type": "Feature", "properties": {"fips": "35013001812", "gap_national": 82.6, "gap_stratum": 86.2, "burden": 80.8, "capacity": 7.3, "svi": 0.92, "top_decile_gap": 1.0, "stratum": "metropolitan", "scored": 1}, "geometry": {"type": "Polygon", "coordinates": [[[-106.665, 32.1156], [-106.6673, 32.1184], [-106.6482, 32.1189], [-106.6391, 32.1259], [-106.6505, 32.1472], [-106.6687, 32.1727], [-106.6632, 32.1788], [-106.6357, 32.2014], [-106.6157, 32.2093], [-106.5814, 32.205], [-106.5813, 32.0828], [-106.5287, 32.0828], [-106.4628, 32.0011], [-106.5826, 32.0008], [-106.5837, 32.0139], [-106.603, 32.0571], [-106.6033, 32.0391], [-106.622, 32.0394], [-106.636, 32.068], [-106.6546, 32.0681], [-106.6632, 32.0656], [-106.6614, 32.0761], [-106.6641, 32.0826], [-106.6574, 32.0925], [-106.6562, 32.0996], [-106.6688, 32.1135], [-106.665, 32.1156]]]}}, {"type": "Feature", "properties": {"fips": "35013000205", "gap_national": 51.1, "gap_stratum": 56.7, "burden": 65.6, "capacity": 24.5, "svi": 0.79, "top_decile_gap": 0.0, "stratum": "metropolitan", "scored": 1}, "geometry": {"type": "Polygon", "coordinates": [[[-106.8053, 32.3117], [-106.8006, 32.3045], [-106.8002, 32.2988], [-106.8034, 32.2952], [-106.7791, 32.2846], [-106.7851, 32.2795], [-106.7954, 32.283], [-106.7966, 32.2781], [-106.8135, 32.2989], [-106.8154, 32.3109], [-106.8053, 32.3117]]]}}, {"type": "Feature", "properties": {"fips": "35013001810", "gap_national": 68.5, "gap_stratum": 73.5, "burden": 72.2, "capacity": 14.1, "svi": 0.9, "top_decile_gap": 1.0, "stratum": "metropolitan", "scored": 1}, "geometry": {"type": "Polygon", "coordinates": [[[-106.3772, 32.0816], [-106.3773, 32.023], [-106.4112, 32.0237], [-106.4113, 32.0381], [-106.4649, 32.0381], [-106.4633, 32.0353], [-106.4829, 32.0267], [-106.5287, 32.0828], [-106.3772, 32.0816]]]}}, {"type": "Feature", "properties": {"fips": "35013001502", "gap_national": 43.8, "gap_stratum": 46.9, "burden": 72.9, "capacity": 38.8, "svi": 0.9, "top_decile_gap": 0.0, "stratum": "metropolitan", "scored": 1}, "geometry": {"type": "Polygon", "coordinates": [[[-106.8643, 32.2928], [-106.8687, 32.2931], [-106.8674, 32.3002], [-106.8535, 32.3003], [-106.8462, 32.304], [-106.8454, 32.3117], [-106.8509, 32.323], [-106.848, 32.3283], [-106.847, 32.3398], [-106.8491, 32.3496], [-106.8536, 32.3548], [-106.857, 32.3721], [-106.855, 32.3763], [-106.8405, 32.3759], [-106.8378, 32.3656], [-106.8416, 32.3455], [-106.8342, 32.335], [-106.8335, 32.3219], [-106.8238, 32.3025], [-106.8291, 32.2692], [-106.8252, 32.2636], [-106.8291, 32.2659], [-106.8433, 32.2864], [-106.886, 32.2817], [-106.8643, 32.2928]]]}}, {"type": "Feature", "properties": {"fips": "35061970306", "gap_national": 49.3, "gap_stratum": 57.0, "burden": 51.6, "capacity": 7.5, "svi": 0.7, "top_decile_gap": 0.0, "stratum": "metropolitan", "scored": 1}, "geometry": {"type": "Polygon", "coordinates": [[[-106.6974, 34.7592], [-106.6889, 34.7622], [-106.6787, 34.7759], [-106.6718, 34.7975], [-106.6523, 34.7976], [-106.6492, 34.7852], [-106.6527, 34.7795], [-106.6623, 34.7736], [-106.6695, 34.7591], [-106.5715, 34.759], [-106.5727, 34.7471], [-106.5925, 34.7505], [-106.6739, 34.7407], [-106.7007, 34.7538], [-106.6974, 34.7592]]]}}, {"type": "Feature", "properties": {"fips": "35061970104", "gap_national": 19.2, "gap_stratum": 24.6, "burden": 50.3, "capacity": 37.3, "svi": 0.62, "top_decile_gap": 0.0, "stratum": "metropolitan", "scored": 1}, "geometry": {"type": "Polygon", "coordinates": [[[-106.708, 34.8307], [-106.7021, 34.8353], [-106.7027, 34.8327], [-106.7006, 34.8322], [-106.6999, 34.8357], [-106.6912, 34.838], [-106.6913, 34.8406], [-106.6859, 34.8442], [-106.6842, 34.8421], [-106.6846, 34.8481], [-106.68, 34.8437], [-106.6627, 34.8442], [-106.6656, 34.8424], [-106.6646, 34.8385], [-106.6672, 34.8385], [-106.6675, 34.8365], [-106.6641, 34.8362], [-106.6674, 34.8155], [-106.6784, 34.8162], [-106.6787, 34.814], [-106.6841, 34.8171], [-106.6875, 34.8134], [-106.6967, 34.8159], [-106.7061, 34.8125], [-106.7131, 34.8306], [-106.708, 34.8307]]]}}, {"type": "Feature", "properties": {"fips": "35057963601", "gap_national": 66.0, "gap_stratum": 67.6, "burden": 82.1, "capacity": 27.7, "svi": 0.77, "top_decile_gap": 1.0, "stratum": "metropolitan", "scored": 1}, "geometry": {"type": "Polygon", "coordinates": [[[-106.4639, 34.8702], [-106.1497, 34.8701], [-106.1498, 34.9499], [-106.1472, 34.9532], [-106.1384, 34.9534], [-106.1385, 34.9678], [-106.051, 34.9679], [-106.0507, 34.9825], [-106.0277, 34.9824], [-105.9953, 34.9635], [-105.9863, 34.9663], [-105.9868, 34.9736], [-105.9795, 34.9807], [-105.9794, 35.0046], [-105.9238, 35.0066], [-105.7228, 35.0041], [-105.7044, 35.0106], [-105.664, 35.0083], [-105.6015, 34.8949], [-105.599, 34.8655], [-105.5187, 34.7282], [-105.5251, 34.7256], [-105.5473, 34.7255], [-105.5474, 34.7066], [-105.5525, 34.6993], [-105.5569, 34.6983], [-105.5572, 34.6921], [-105.5415, 34.6676], [-105.769, 34.6838], [-105.8454, 34.6486], [-105.8703, 34.6265], [-105.9462, 34.5825], [-105.9725, 34.575], [-105.9828, 34.5773], [-106.0138, 34.5937], [-106.0138, 34.6093], [-106.0173, 34.6237], [-106.0274, 34.638], [-106.0611, 34.6381], [-106.0611, 34.6091], [-106.2053, 34.6089], [-106.2077, 34.614], [-106.2184, 34.6111], [-106.2364, 34.6165], [-106.2365, 34.612], [-106.2405, 34.6089], [-106.29, 34.609], [-106.3023, 34.6243], [-106.3303, 34.6315], [-106.3378, 34.6291], [-106.3488, 34.6302], [-106.3548, 34.6187], [-106.3607, 34.6172], [-106.3614, 34.615], [-106.4002, 34.619], [-106.4038, 34.616], [-106.413, 34.6217], [-106.428, 34.6245], [-106.4359, 34.6284], [-106.4401, 34.6355], [-106.4278, 34.6487], [-106.4236, 34.6639], [-106.4263, 34.6672], [-106.4326, 34.661], [-106.4365, 34.6605], [-106.4385, 34.6543], [-106.4592, 34.669], [-106.4662, 34.6704], [-106.4639, 34.8702]], [[-106.0086, 34.7541], [-106.0086, 34.7687], [-106.0262, 34.7687], [-106.0261, 34.7541], [-106.0086, 34.7541]]]}}, {"type": "Feature", "properties": {"fips": "35049010205", "gap_national": -22.2, "gap_stratum": -14.9, "burden": 52.7, "capacity": 68.4, "svi": 0.12, "top_decile_gap": 0.0, "stratum": "metropolitan", "scored": 1}, "geometry": {"type": "Polygon", "coordinates": [[[-105.9301, 35.766], [-105.9289, 35.8268], [-105.8924, 35.8265], [-105.8937, 35.7689], [-105.9017, 35.7715], [-105.9172, 35.7699], [-105.9171, 35.7449], [-105.9123, 35.745], [-105.9087, 35.7408], [-105.8989, 35.7402], [-105.9002, 35.7387], [-105.8952, 35.7305], [-105.8729, 35.7324], [-105.8732, 35.7279], [-105.9127, 35.7264], [-105.9125, 35.7355], [-105.9151, 35.7414], [-105.9213, 35.7444], [-105.9258, 35.7565], [-105.9355, 35.7669], [-105.9301, 35.766]]]}}, {"type": "Feature", "properties": {"fips": "35049980200", "gap_national": null, "gap_stratum": null, "burden": null, "capacity": null, "svi": null, "top_decile_gap": null, "stratum": null, "scored": 0}, "geometry": {"type": "Polygon", "coordinates": [[[-105.9017, 35.7715], [-105.8937, 35.7689], [-105.8924, 35.8265], [-105.8747, 35.8264], [-105.875, 35.9137], [-105.8706, 35.9364], [-105.8653, 35.9265], [-105.8493, 35.912], [-105.8339, 35.9067], [-105.8225, 35.9075], [-105.8148, 35.8969], [-105.7962, 35.8891], [-105.7922, 35.8895], [-105.7885, 35.8842], [-105.7852, 35.8862], [-105.7701, 35.8846], [-105.7445, 35.896], [-105.7296, 35.9056], [-105.7266, 35.9118], [-105.7192, 35.9168], [-105.7222, 35.8121], [-105.7185, 35.6881], [-105.7252, 35.6906], [-105.7309, 35.7049], [-105.7391, 35.7124], [-105.7557, 35.7197], [-105.7653, 35.7212], [-105.7654, 35.7241], [-105.7772, 35.7285], [-105.784, 35.7207], [-105.7855, 35.725], [-105.7887, 35.7265], [-105.7958, 35.7235], [-105.8031, 35.7155], [-105.8109, 35.7], [-105.818, 35.6915], [-105.8237, 35.6887], [-105.8281, 35.6922], [-105.8282, 35.6963], [-105.8237, 35.7029], [-105.8266, 35.7069], [-105.8177, 35.7173], [-105.818, 35.7199], [-105.8314, 35.7281], [-105.8706, 35.7275], [-105.8732, 35.7279], [-105.8729, 35.7324], [-105.8952, 35.7305], [-105.9002, 35.7387], [-105.8989, 35.7402], [-105.9087, 35.7408], [-105.9123, 35.745], [-105.9171, 35.7449], [-105.9172, 35.7699], [-105.9017, 35.7715]]]}}, {"type": "Feature", "properties": {"fips": "35001004763", "gap_national": 3.7, "gap_stratum": 5.4, "burden": 19.2, "capacity": 17.8, "svi": 0.7, "top_decile_gap": 0.0, "stratum": "metropolitan", "scored": 1}, "geometry": {"type": "Polygon", "coordinates": [[[-106.6625, 35.2179], [-106.6591, 35.2056], [-106.6752, 35.2058], [-106.6771, 35.2179], [-106.6625, 35.2179]]]}}, {"type": "Feature", "properties": {"fips": "35001004761", "gap_national": 16.2, "gap_stratum": 19.8, "burden": 25.3, "capacity": 11.3, "svi": 0.13, "top_decile_gap": 0.0, "stratum": "metropolitan", "scored": 1}, "geometry": {"type": "Polygon", "coordinates": [[[-106.7231, 35.072], [-106.701, 35.0679], [-106.7035, 35.0612], [-106.7225, 35.0581], [-106.7231, 35.072]]]}}, {"type": "Feature", "properties": {"fips": "35001940800", "gap_national": null, "gap_stratum": null, "burden": null, "capacity": null, "svi": null, "top_decile_gap": null, "stratum": null, "scored": 0}, "geometry": {"type": "Polygon", "coordinates": [[[-106.9679, 35.0297], [-106.9687, 35.0326], [-106.9725, 35.0326], [-106.9727, 35.0445], [-106.9462, 35.0444], [-106.9429, 35.0386], [-106.9216, 35.0384], [-106.9415, 35.0338], [-106.9402, 35.0276], [-106.9374, 35.0265], [-106.9391, 35.0216], [-106.9354, 35.0222], [-106.9296, 35.0148], [-106.9299, 35.0109], [-106.927, 35.0117], [-106.9269, 35.0001], [-106.96, 35.0001], [-106.9672, 35.0096], [-106.9666, 35.0138], [-106.9744, 35.0047], [-106.9965, 35.0155], [-107.0098, 35.0155], [-107.0097, 35.0303], [-106.9679, 35.0297]]]}}, {"type": "Feature", "properties": {"fips": "35001000908", "gap_national": 90.8, "gap_stratum": 92.8, "burden": 87.1, "capacity": 3.1, "svi": 1.0, "top_decile_gap": 1.0, "stratum": "metropolitan", "scored": 1}, "geometry": {"type": "Polygon", "coordinates": [[[-106.5686, 35.0727], [-106.5593, 35.0728], [-106.5594, 35.0655], [-106.5643, 35.0654], [-106.5661, 35.0592], [-106.5688, 35.0585], [-106.5686, 35.0727]]]}}, {"type": "Feature", "properties": {"fips": "35001004900", "gap_national": 15.4, "gap_stratum": 18.9, "burden": 24.6, "capacity": 11.2, "svi": 0.74, "top_decile_gap": 0.0, "stratum": "metropolitan", "scored": 1}, "geometry": {"type": "Polygon", "coordinates": [[[-106.6343, 35.0914], [-106.6253, 35.0903], [-106.6268, 35.0814], [-106.624, 35.0811], [-106.6241, 35.075], [-106.6335, 35.0778], [-106.639, 35.0761], [-106.6343, 35.0914]]]}}, {"type": "Feature", "properties": {"fips": "35001003741", "gap_national": -56.5, "gap_stratum": -49.7, "burden": 37.1, "capacity": 82.8, "svi": 0.01, "top_decile_gap": 0.0, "stratum": "metropolitan", "scored": 1}, "geometry": {"type": "Polygon", "coordinates": [[[-106.4962, 35.1714], [-106.4867, 35.1676], [-106.4768, 35.17], [-106.4463, 35.1878], [-106.4423, 35.196], [-106.4367, 35.1971], [-106.4256, 35.1927], [-106.4156, 35.1827], [-106.4466, 35.167], [-106.4663, 35.165], [-106.4639, 35.1613], [-106.4744, 35.1557], [-106.4971, 35.1524], [-106.4962, 35.1714]]]}}, {"type": "Feature", "properties": {"fips": "35001980000", "gap_national": -3.3, "gap_stratum": -3.2, "burden": 8.5, "capacity": 14.2, "svi": 0.46, "top_decile_gap": 0.0, "stratum": "metropolitan", "scored": 1}, "geometry": {"type": "Polygon", "coordinates": [[[-106.6105, 35.0585], [-106.603, 35.0582], [-106.603, 35.0629], [-106.5952, 35.0629], [-106.5953, 35.0582], [-106.5865, 35.0584], [-106.5865, 35.0525], [-106.57, 35.0512], [-106.5688, 35.0585], [-106.5661, 35.0592], [-106.5643, 35.0654], [-106.5505, 35.0655], [-106.5505, 35.0673], [-106.5325, 35.0673], [-106.5328, 35.0432], [-106.4628, 35.043], [-106.4648, 34.9475], [-106.569, 34.9475], [-106.5689, 35.011], [-106.5861, 35.0113], [-106.5866, 35.0286], [-106.6123, 35.0304], [-106.6105, 35.0585]]]}}, {"type": "Feature", "properties": {"fips": "35001003744", "gap_national": -50.1, "gap_stratum": -49.4, "burden": 17.3, "capacity": 59.7, "svi": 0.0, "top_decile_gap": 0.0, "stratum": "metropolitan", "scored": 1}, "geometry": {"type": "Polygon", "coordinates": [[[-106.5244, 35.1952], [-106.5334, 35.1942], [-106.5334, 35.1772], [-106.5373, 35.1772], [-106.5373, 35.1815], [-106.5422, 35.1816], [-106.5422, 35.1888], [-106.5601, 35.1917], [-106.5606, 35.1999], [-106.5244, 35.1952]]]}}, {"type": "Feature", "properties": {"fips": "35045000207", "gap_national": 84.5, "gap_stratum": 86.6, "burden": 84.9, "capacity": 10.4, "svi": 0.9, "top_decile_gap": 1.0, "stratum": "metropolitan", "scored": 1}, "geometry": {"type": "Polygon", "coordinates": [[[-108.1865, 36.7429], [-108.1842, 36.7482], [-108.1752, 36.7482], [-108.1753, 36.7396], [-108.1679, 36.7428], [-108.1667, 36.7412], [-108.1687, 36.7364], [-108.1862, 36.7322], [-108.1909, 36.727], [-108.1976, 36.7283], [-108.198, 36.7339], [-108.1865, 36.7429]]]}}, {"type": "Feature", "properties": {"fips": "35043010728", "gap_national": -23.0, "gap_stratum": -20.8, "burden": 28.8, "capacity": 50.3, "svi": 0.12, "top_decile_gap": 0.0, "stratum": "metropolitan", "scored": 1}, "geometry": {"type": "Polygon", "coordinates": [[[-106.6363, 35.2967], [-106.6262, 35.2965], [-106.606, 35.2862], [-106.6278, 35.266], [-106.6381, 35.2742], [-106.6833, 35.2743], [-106.6363, 35.2967]]]}}, {"type": "Feature", "properties": {"fips": "35043010727", "gap_national": -0.4, "gap_stratum": 0.8, "burden": 17.2, "capacity": 19.8, "svi": 0.11, "top_decile_gap": 0.0, "stratum": "metropolitan", "scored": 1}, "geometry": {"type": "Polygon", "coordinates": [[[-106.6964, 35.3394], [-106.6871, 35.3441], [-106.6693, 35.3455], [-106.6644, 35.3619], [-106.6602, 35.3656], [-106.6587, 35.3661], [-106.6584, 35.3635], [-106.6527, 35.3654], [-106.6467, 35.3625], [-106.6467, 35.3576], [-106.6386, 35.358], [-106.6375, 35.3503], [-106.6327, 35.3442], [-106.6242, 35.3482], [-106.6153, 35.3481], [-106.6154, 35.3397], [-106.6025, 35.3349], [-106.597, 35.3292], [-106.6071, 35.3197], [-106.6243, 35.311], [-106.6367, 35.3077], [-106.6581, 35.3063], [-106.6571, 35.2869], [-106.6968, 35.2678], [-106.6985, 35.2811], [-106.6964, 35.3394]]]}}, {"type": "Feature", "properties": {"fips": "35043010725", "gap_national": 8.3, "gap_stratum": 11.6, "burden": 28.2, "capacity": 23.6, "svi": 0.33, "top_decile_gap": 0.0, "stratum": "metropolitan", "scored": 1}, "geometry": {"type": "Polygon", "coordinates": [[[-106.6346, 35.3714], [-106.631, 35.3658], [-106.5834, 35.3382], [-106.5964, 35.3279], [-106.6025, 35.3349], [-106.6154, 35.3397], [-106.6153, 35.3481], [-106.6242, 35.3482], [-106.6327, 35.3442], [-106.6375, 35.3503], [-106.6386, 35.358], [-106.6467, 35.3576], [-106.6467, 35.3625], [-106.6527, 35.3654], [-106.6584, 35.3635], [-106.6587, 35.3661], [-106.6346, 35.3714]]]}}, {"type": "Feature", "properties": {"fips": "35006974702", "gap_national": 25.9, "gap_stratum": 31.5, "burden": 39.1, "capacity": 18.5, "svi": 0.59, "top_decile_gap": 0.0, "stratum": "metropolitan", "scored": 1}, "geometry": {"type": "Polygon", "coordinates": [[[-107.8361, 35.2672], [-107.8354, 35.305], [-107.7342, 35.305], [-107.7342, 35.3481], [-107.6283, 35.3483], [-107.6288, 35.3043], [-107.2389, 35.3055], [-107.1785, 35.1822], [-107.1856, 35.183], [-107.1861, 35.1679], [-107.2303, 35.1678], [-107.2302, 35.1534], [-107.2383, 35.1534], [-107.238, 35.1467], [-107.2471, 35.1467], [-107.2471, 35.1391], [-107.2683, 35.139], [-107.2683, 35.1462], [-107.2752, 35.1462], [-107.2752, 35.1532], [-107.3713, 35.1538], [-107.3714, 35.1609], [-107.4326, 35.1608], [-107.4327, 35.1537], [-107.465, 35.1536], [-107.4674, 35.1552], [-107.4621, 35.1636], [-107.4621, 35.1685], [-107.4471, 35.1683], [-107.4471, 35.1754], [-107.4651, 35.1755], [-107.4653, 35.1897], [-107.4767, 35.1896], [-107.4768, 35.1682], [-107.4857, 35.1683], [-107.4857, 35.1627], [-107.4807, 35.159], [-107.4834, 35.1538], [-107.4821, 35.1467], [-107.4953, 35.1291], [-107.4945, 35.1249], [-107.5011, 35.1223], [-107.5024, 35.1185], [-107.5002, 35.1152], [-107.5039, 35.1116], [-107.504, 35.1059], [-107.4897, 35.0873], [-107.4948, 35.0866], [-107.4995, 35.0819], [-107.5021, 35.0829], [-107.5059, 35.0775], [-107.5008, 35.0729], [-107.4919, 35.0722], [-107.492, 35.0676], [-107.5448, 35.0676], [-107.5554, 35.0695], [-107.5561, 35.074], [-107.5535, 35.0739], [-107.5535, 35.0768], [-107.5563, 35.0768], [-107.5572, 35.0847], [-107.5668, 35.0847], [-107.566, 35.077], [-107.5597, 35.074], [-107.5938, 35.0749], [-107.5928, 35.0725], [-107.723, 35.0834], [-107.7513, 35.0913], [-107.7518, 35.0729], [-107.7704, 35.0846], [-107.7718, 35.0948], [-107.7823, 35.1115], [-107.777, 35.1119], [-107.7888, 35.1192], [-107.7979, 35.132], [-107.804, 35.166], [-107.8191, 35.1917], [-107.8356, 35.2334], [-107.8481, 35.2477], [-107.8361, 35.2672]]]}}, {"type": "Feature", "properties": {"fips": "35006974401", "gap_national": 70.7, "gap_stratum": 58.2, "burden": 82.4, "capacity": 23.2, "svi": 0.37, "top_decile_gap": 1.0, "stratum": "small_town", "scored": 1}, "geometry": {"type": "Polygon", "coordinates": [[[-107.8809, 35.1714], [-107.88, 35.175], [-107.8741, 35.1715], [-107.8639, 35.1709], [-107.8582, 35.1732], [-107.8556, 35.1802], [-107.8446, 35.1748], [-107.8361, 35.169], [-107.8362, 35.1612], [-107.8412, 35.1611], [-107.8415, 35.1643], [-107.8435, 35.1643], [-107.8444, 35.1611], [-107.8427, 35.1611], [-107.846, 35.1567], [-107.8421, 35.1546], [-107.8462, 35.1486], [-107.8412, 35.145], [-107.8543, 35.1517], [-107.8782, 35.1571], [-107.8839, 35.1608], [-107.8822, 35.1623], [-107.8878, 35.1702], [-107.8809, 35.1714]]]}}, {"type": "Feature", "properties": {"fips": "35031943803", "gap_national": 89.1, "gap_stratum": 90.4, "burden": 96.3, "capacity": 15.7, "svi": 0.83, "top_decile_gap": 1.0, "stratum": "micropolitan", "scored": 1}, "geometry": {"type": "Polygon", "coordinates": [[[-109.0461, 35.8287], [-109.0325, 35.8407], [-109.0199, 35.8407], [-109.0177, 35.8388], [-108.9954, 35.8476], [-108.9871, 35.8425], [-108.9821, 35.8431], [-108.9584, 35.8288], [-108.9593, 35.7886], [-108.9481, 35.779], [-108.9395, 35.7653], [-108.9282, 35.7552], [-108.9168, 35.7315], [-108.9191, 35.7217], [-108.9177, 35.7204], [-108.9209, 35.7139], [-108.9186, 35.7107], [-108.9132, 35.7134], [-108.9118, 35.7168], [-108.9024, 35.7208], [-108.8936, 35.7203], [-108.8665, 35.7295], [-108.8624, 35.7296], [-108.8611, 35.7264], [-108.8551, 35.7294], [-108.8488, 35.729], [-108.8365, 35.7396], [-108.8179, 35.7424], [-108.7914, 35.738], [-108.7747, 35.7411], [-108.7735, 35.6719], [-108.7692, 35.6597], [-109.0006, 35.6601], [-109.0462, 35.6606], [-109.0461, 35.8287]]]}}, {"type": "Feature", "properties": {"fips": "35031943906", "gap_national": 89.7, "gap_stratum": 89.2, "burden": 93.1, "capacity": 12.4, "svi": 0.92, "top_decile_gap": 1.0, "stratum": "micropolitan", "scored": 1}, "geometry": {"type": "Polygon", "coordinates": [[[-108.8855, 35.5829], [-108.8779, 35.5891], [-108.8712, 35.6064], [-108.8641, 35.6091], [-108.8581, 35.6069], [-108.8459, 35.6192], [-108.8418, 35.6212], [-108.8368, 35.6199], [-108.8286, 35.6352], [-108.8257, 35.6349], [-108.8381, 35.6452], [-108.8416, 35.6597], [-108.6459, 35.6588], [-108.6462, 35.6543], [-108.6438, 35.6517], [-108.6464, 35.6533], [-108.6634, 35.6435], [-108.6707, 35.6361], [-108.6757, 35.6371], [-108.6787, 35.6338], [-108.6871, 35.617], [-108.6877, 35.6077], [-108.6859, 35.605], [-108.6993, 35.5996], [-108.7057, 35.6003], [-108.7056, 35.6089], [-108.7236, 35.6087], [-108.7236, 35.6119], [-108.7259, 35.6085], [-108.7237, 35.6086], [-108.7242, 35.5944], [-108.7399, 35.5944], [-108.7401, 35.6088], [-108.7579, 35.6087], [-108.7559, 35.597], [-108.754, 35.5966], [-108.7567, 35.5944], [-108.7736, 35.5943], [-108.7717, 35.5901], [-108.7644, 35.5848], [-108.7658, 35.579], [-108.7631, 35.5754], [-108.7697, 35.5699], [-108.7748, 35.5695], [-108.7889, 35.5576], [-108.813, 35.5513], [-108.8217, 35.5537], [-108.8449, 35.5519], [-108.8456, 35.5556], [-108.8511, 35.5543], [-108.8554, 35.5587], [-108.8621, 35.5562], [-108.8717, 35.565], [-108.8845, 35.5713], [-108.8865, 35.5733], [-108.8855, 35.5829]]]}}, {"type": "Feature", "properties": {"fips": "35031943802", "gap_national": 84.0, "gap_stratum": 85.1, "burden": 91.9, "capacity": 17.9, "svi": 0.88, "top_decile_gap": 1.0, "stratum": "rural", "scored": 1}, "geometry": {"type": "Polygon", "coordinates": [[[-109.046, 36.0027], [-108.6591, 36.0028], [-108.6516, 35.9748], [-108.6562, 35.8978], [-108.6662, 35.8887], [-108.6751, 35.8843], [-108.6896, 35.8808], [-108.7284, 35.8638], [-108.7503, 35.8578], [-108.7545, 35.8544], [-108.7668, 35.808], [-108.7752, 35.7531], [-108.7747, 35.7411], [-108.7914, 35.738], [-108.8179, 35.7424], [-108.8365, 35.7396], [-108.8488, 35.729], [-108.8551, 35.7294], [-108.8611, 35.7264], [-108.8624, 35.7296], [-108.8665, 35.7295], [-108.8936, 35.7203], [-108.9024, 35.7208], [-108.9118, 35.7168], [-108.9132, 35.7134], [-108.9186, 35.7107], [-108.9209, 35.7139], [-108.9177, 35.7204], [-108.9191, 35.7217], [-108.9168, 35.7315], [-108.9282, 35.7552], [-108.9395, 35.7653], [-108.9481, 35.779], [-108.9593, 35.7886], [-108.9584, 35.8288], [-108.9821, 35.8431], [-108.9722, 35.8492], [-108.9818, 35.8631], [-108.9782, 35.8751], [-108.9692, 35.8808], [-108.9529, 35.8855], [-108.9486, 35.8908], [-108.9332, 35.8948], [-108.9261, 35.9016], [-108.9216, 35.9132], [-108.9289, 35.9151], [-108.9338, 35.9137], [-108.9467, 35.8981], [-108.9532, 35.8984], [-108.9885, 35.9045], [-108.9936, 35.9095], [-108.9921, 35.9149], [-108.9942, 35.9179], [-109.0183, 35.9169], [-109.0174, 35.9199], [-109.0195, 35.9211], [-109.0292, 35.9155], [-109.0329, 35.9151], [-109.0323, 35.9176], [-109.0461, 35.9093], [-109.046, 36.0027]]]}}, {"type": "Feature", "properties": {"fips": "35031943701", "gap_national": 90.7, "gap_stratum": 91.1, "burden": 94.9, "capacity": 12.7, "svi": 0.91, "top_decile_gap": 1.0, "stratum": "micropolitan", "scored": 1}, "geometry": {"type": "Polygon", "coordinates": [[[-108.7668, 35.808], [-108.7532, 35.8561], [-108.7284, 35.8638], [-108.6896, 35.8808], [-108.6751, 35.8843], [-108.6662, 35.8887], [-108.655, 35.8997], [-108.6515, 35.9734], [-108.6591, 36.0028], [-108.374, 36.0024], [-108.3776, 36.0014], [-108.3795, 35.9914], [-108.3753, 35.9525], [-108.3834, 35.9196], [-108.3929, 35.9019], [-108.4035, 35.9141], [-108.4112, 35.9307], [-108.423, 35.9321], [-108.4357, 35.9372], [-108.4527, 35.9378], [-108.4826, 35.9324], [-108.5187, 35.9204], [-108.5341, 35.9239], [-108.5494, 35.9241], [-108.5544, 35.9152], [-108.5556, 35.901], [-108.5326, 35.8957], [-108.5398, 35.8835], [-108.5405, 35.8735], [-108.5524, 35.8644], [-108.5552, 35.8587], [-108.5674, 35.8474], [-108.5675, 35.839], [-108.571, 35.8321], [-108.5797, 35.8347], [-108.6023, 35.8344], [-108.6067, 35.8299], [-108.6278, 35.833], [-108.639, 35.8212], [-108.667, 35.7994], [-108.6835, 35.7934], [-108.6878, 35.7868], [-108.6941, 35.785], [-108.6992, 35.776], [-108.6877, 35.7683], [-108.6878, 35.7627], [-108.6971, 35.7602], [-108.705, 35.745], [-108.6938, 35.7382], [-108.6923, 35.7281], [-108.6831, 35.7181], [-108.68, 35.7184], [-108.6795, 35.7158], [-108.6764, 35.715], [-108.6706, 35.7157], [-108.6691, 35.712], [-108.6645, 35.7107], [-108.6714, 35.6952], [-108.6606, 35.6737], [-108.668, 35.6704], [-108.6653, 35.6635], [-108.6624, 35.6629], [-108.6651, 35.6597], [-108.7692, 35.6597], [-108.7735, 35.6719], [-108.7748, 35.7566], [-108.7668, 35.808]]]}}, {"type": "Feature", "properties": {"fips": "35031943903", "gap_national": 86.6, "gap_stratum": 83.9, "burden": 89.3, "capacity": 12.6, "svi": 0.9, "top_decile_gap": 1.0, "stratum": "micropolitan", "scored": 1}, "geometry": {"type": "Polygon", "coordinates": [[[-108.7531, 35.3722], [-108.7535, 35.4036], [-108.7382, 35.4264], [-108.745, 35.4367], [-108.7461, 35.4508], [-108.7426, 35.468], [-108.7425, 35.4656], [-108.7243, 35.4655], [-108.7243, 35.4506], [-108.7069, 35.4506], [-108.7068, 35.4785], [-108.6974, 35.4781], [-108.7083, 35.4876], [-108.7088, 35.4911], [-108.705, 35.4922], [-108.7032, 35.4969], [-108.7135, 35.4961], [-108.7149, 35.5014], [-108.7196, 35.5014], [-108.7196, 35.5086], [-108.7115, 35.5081], [-108.7074, 35.5104], [-108.7065, 35.5229], [-108.6976, 35.5228], [-108.6972, 35.5173], [-108.6929, 35.518], [-108.6946, 35.5099], [-108.6889, 35.512], [-108.6888, 35.5229], [-108.672, 35.5232], [-108.6719, 35.5152], [-108.655, 35.5158], [-108.6551, 35.5231], [-108.6352, 35.5229], [-108.6352, 35.5315], [-108.6047, 35.5296], [-108.6053, 35.5258], [-108.6212, 35.5195], [-108.6216, 35.5042], [-108.6393, 35.4903], [-108.6257, 35.4769], [-108.6229, 35.4289], [-108.6074, 35.4017], [-108.6069, 35.3839], [-108.602, 35.3685], [-108.5931, 35.355], [-108.5942, 35.3521], [-108.6003, 35.3539], [-108.6149, 35.3505], [-108.6329, 35.352], [-108.6444, 35.348], [-108.6469, 35.3503], [-108.6463, 35.3537], [-108.6495, 35.3556], [-108.6617, 35.3503], [-108.7568, 35.3506], [-108.7531, 35.3722]]]}}, {"type": "Feature", "properties": {"fips": "35031946002", "gap_national": 93.5, "gap_stratum": 96.3, "burden": 97.5, "capacity": 11.2, "svi": 0.9, "top_decile_gap": 1.0, "stratum": "small_town", "scored": 1}, "geometry": {"type": "Polygon", "coordinates": [[[-108.19, 35.3893], [-108.1593, 35.3884], [-108.1308, 35.3834], [-108.0634, 35.3676], [-108.0107, 35.3453], [-107.9931, 35.3162], [-107.9906, 35.3053], [-108.2014, 35.3065], [-108.1964, 35.3104], [-108.1993, 35.3127], [-108.1975, 35.3167], [-108.2103, 35.3338], [-108.2127, 35.3422], [-108.2193, 35.3509], [-108.2139, 35.3644], [-108.2057, 35.3707], [-108.2045, 35.3764], [-108.2132, 35.3899], [-108.2244, 35.3963], [-108.19, 35.3893]]]}}, {"type": "Feature", "properties": {"fips": "35029000100", "gap_national": 74.2, "gap_stratum": 70.2, "burden": 85.6, "capacity": 22.7, "svi": 0.92, "top_decile_gap": 1.0, "stratum": "micropolitan", "scored": 1}, "geometry": {"type": "Polygon", "coordinates": [[[-107.7132, 32.2761], [-107.7145, 32.2691], [-107.6873, 32.268], [-107.64, 32.2466], [-107.6221, 32.2431], [-107.6027, 32.2428], [-107.6018, 32.2385], [-107.6256, 32.2386], [-107.7172, 32.2282], [-107.7172, 32.2252], [-107.7513, 32.2252], [-107.7516, 32.2614], [-107.7468, 32.2614], [-107.7469, 32.2649], [-107.7528, 32.2713], [-107.7132, 32.2761]]]}}, {"type": "Feature", "properties": {"fips": "35009000602", "gap_national": 17.0, "gap_stratum": -2.5, "burden": 31.8, "capacity": 18.9, "svi": 0.62, "top_decile_gap": 0.0, "stratum": "micropolitan", "scored": 1}, "geometry": {"type": "Polygon", "coordinates": [[[-103.4956, 34.7786], [-103.3903, 34.7781], [-103.3898, 34.8654], [-103.2843, 34.865], [-103.2841, 34.9542], [-103.0426, 34.9541], [-103.0435, 34.4191], [-103.1608, 34.4194], [-103.1608, 34.4339], [-103.1785, 34.4339], [-103.1784, 34.4484], [-103.214, 34.4484], [-103.2141, 34.4339], [-103.2493, 34.434], [-103.2495, 34.4192], [-103.3724, 34.4199], [-103.3718, 34.5508], [-103.3895, 34.5504], [-103.3904, 34.633], [-103.4954, 34.6335], [-103.4956, 34.7786]]]}}, {"type": "Feature", "properties": {"fips": "35009000603", "gap_national": 67.3, "gap_stratum": 48.9, "burden": 70.7, "capacity": 13.5, "svi": 0.76, "top_decile_gap": 1.0, "stratum": "micropolitan", "scored": 1}, "geometry": {"type": "Polygon", "coordinates": [[[-103.3196, 34.3654], [-103.3031, 34.3656], [-103.3023, 34.3833], [-103.2956, 34.3841], [-103.2977, 34.4026], [-103.3182, 34.4041], [-103.3196, 34.4197], [-103.2493, 34.4194], [-103.2495, 34.3757], [-103.2378, 34.3714], [-103.2318, 34.3756], [-103.1699, 34.3757], [-103.1699, 34.3902], [-103.1785, 34.3902], [-103.1784, 34.3957], [-103.1432, 34.3935], [-103.1433, 34.4049], [-103.1611, 34.4049], [-103.1608, 34.4194], [-103.0435, 34.4191], [-103.0439, 34.3026], [-103.3196, 34.3033], [-103.3196, 34.3654]]]}}, {"type": "Feature", "properties": {"fips": "35017964300", "gap_national": 47.8, "gap_stratum": 30.5, "burden": 69.4, "capacity": 31.9, "svi": 0.67, "top_decile_gap": 0.0, "stratum": "micropolitan", "scored": 1}, "geometry": {"type": "Polygon", "coordinates": [[[-108.3234, 32.7888], [-108.3263, 32.7924], [-108.3247, 32.7965], [-108.3265, 32.799], [-108.332, 32.8004], [-108.33, 32.8049], [-108.3251, 32.8072], [-108.3059, 32.8006], [-108.2946, 32.8004], [-108.2897, 32.7977], [-108.2903, 32.7953], [-108.2828, 32.7865], [-108.2807, 32.7866], [-108.2827, 32.7918], [-108.2802, 32.8052], [-108.276, 32.8088], [-108.2718, 32.8097], [-108.2685, 32.8057], [-108.2653, 32.8087], [-108.2649, 32.8136], [-108.2629, 32.8136], [-108.2576, 32.8061], [-108.2636, 32.7956], [-108.2555, 32.795], [-108.2566, 32.7867], [-108.2712, 32.7827], [-108.275, 32.7795], [-108.2873, 32.7815], [-108.305, 32.7613], [-108.3254, 32.7554], [-108.3243, 32.7582], [-108.329, 32.7627], [-108.3278, 32.7666], [-108.3324, 32.7755], [-108.3234, 32.7888]]]}}, {"type": "Feature", "properties": {"fips": "35017964500", "gap_national": 42.6, "gap_stratum": 24.3, "burden": 67.8, "capacity": 34.9, "svi": 0.87, "top_decile_gap": 0.0, "stratum": "micropolitan", "scored": 1}, "geometry": {"type": "Polygon", "coordinates": [[[-108.2107, 32.8351], [-108.2062, 32.8361], [-108.1951, 32.8279], [-108.187, 32.826], [-108.1859, 32.8235], [-108.1751, 32.8229], [-108.1667, 32.8382], [-108.167, 32.8346], [-108.1597, 32.8329], [-108.1555, 32.8176], [-108.1508, 32.8164], [-108.142, 32.8231], [-108.1427, 32.8204], [-108.1402, 32.8217], [-108.1273, 32.8328], [-108.1148, 32.835], [-108.1147, 32.8317], [-108.1128, 32.8314], [-108.1018, 32.8366], [-108.0992, 32.8358], [-108.099, 32.8314], [-108.1048, 32.8255], [-108.1075, 32.813], [-108.116, 32.8102], [-108.1337, 32.7935], [-108.1333, 32.7782], [-108.1384, 32.7695], [-108.1465, 32.7631], [-108.1504, 32.7452], [-108.1541, 32.7416], [-108.1533, 32.7251], [-108.164, 32.7239], [-108.1684, 32.7356], [-108.1663, 32.7466], [-108.1736, 32.7587], [-108.1828, 32.7645], [-108.1944, 32.7647], [-108.2009, 32.7701], [-108.2023, 32.7957], [-108.2002, 32.8035], [-108.2077, 32.8153], [-108.207, 32.8225], [-108.2101, 32.8246], [-108.212, 32.8305], [-108.2107, 32.8351]]]}}, {"type": "Feature", "properties": {"fips": "35059950200", "gap_national": 63.2, "gap_stratum": 40.1, "burden": 73.3, "capacity": 21.2, "svi": 0.9, "top_decile_gap": 1.0, "stratum": "rural", "scored": 1}, "geometry": {"type": "Polygon", "coordinates": [[[-104.0075, 36.6977], [-104.0079, 36.9962], [-103.0022, 37.0001], [-103.0024, 36.5004], [-103.0419, 36.5004], [-103.0413, 35.7394], [-103.3751, 35.7395], [-103.3749, 35.9987], [-103.3651, 35.9987], [-103.365, 36.0861], [-103.7945, 36.0857], [-103.794, 36.174], [-104.0089, 36.1745], [-104.0093, 36.6977], [-104.0075, 36.6977]]]}}, {"type": "Feature", "properties": {"fips": "35013001900", "gap_national": -0.8, "gap_stratum": -3.9, "burden": 13.1, "capacity": 15.7, "svi": 0.08, "top_decile_gap": 0.0, "stratum": "rural", "scored": 1}, "geometry": {"type": "Polygon", "coordinates": [[[-106.3405, 33.0528], [-106.3407, 32.9584], [-106.3766, 32.9581], [-106.3772, 32.0816], [-106.5813, 32.0828], [-106.5803, 32.3155], [-106.5753, 32.3155], [-106.5754, 32.3194], [-106.5715, 32.3194], [-106.5715, 32.3268], [-106.5756, 32.3268], [-106.5756, 32.334], [-106.58, 32.3339], [-106.5799, 32.3408], [-106.5676, 32.3407], [-106.5676, 32.3448], [-106.5139, 32.3447], [-106.5139, 32.3874], [-106.531, 32.3873], [-106.5311, 32.3943], [-106.5353, 32.3942], [-106.5354, 32.4012], [-106.548, 32.4014], [-106.548, 32.4361], [-106.5572, 32.4285], [-106.5679, 32.4258], [-106.5766, 32.4312], [-106.5813, 32.4313], [-106.5815, 32.4496], [-106.5981, 32.4494], [-106.5976, 32.4895], [-106.614, 32.4893], [-106.614, 32.5323], [-106.6305, 32.532], [-106.6303, 32.5609], [-106.6484, 32.5615], [-106.6481, 32.6045], [-106.6654, 32.6043], [-106.6646, 32.6486], [-106.6823, 32.6486], [-106.6823, 32.6919], [-106.7006, 32.6923], [-106.6998, 32.7353], [-106.7163, 32.7357], [-106.7166, 32.7792], [-106.7335, 32.7792], [-106.7337, 32.8228], [-106.7514, 32.8223], [-106.7516, 32.88], [-106.3405, 33.0528]]]}}, {"type": "Feature", "properties": {"fips": "35013001705", "gap_national": 77.8, "gap_stratum": 81.1, "burden": 79.9, "capacity": 12.7, "svi": 0.85, "top_decile_gap": 1.0, "stratum": "metropolitan", "scored": 1}, "geometry": {"type": "Polygon", "coordinates": [[[-106.5984, 31.8219], [-106.6012, 31.825], [-106.5938, 31.8249], [-106.588, 31.8221], [-106.5772, 31.8104], [-106.5709, 31.8102], [-106.5668, 31.8133], [-106.5471, 31.8073], [-106.5358, 31.7986], [-106.533, 31.7918], [-106.5279, 31.7905], [-106.5282, 31.7831], [-106.5693, 31.7839], [-106.5603, 31.7926], [-106.5606, 31.7953], [-106.5821, 31.8016], [-106.6026, 31.8214], [-106.5984, 31.8219]]]}}, {"type": "Feature", "properties": {"fips": "35013000300", "gap_national": 67.5, "gap_stratum": 71.2, "burden": 75.9, "capacity": 19.6, "svi": 0.83, "top_decile_gap": 1.0, "stratum": "metropolitan", "scored": 1}, "geometry": {"type": "Polygon", "coordinates": [[[-106.7961, 32.3327], [-106.7925, 32.329], [-106.7838, 32.3318], [-106.7814, 32.3305], [-106.7796, 32.3164], [-106.7903, 32.3147], [-106.7989, 32.3314], [-106.7961, 32.3327]]]}}, {"type": "Feature", "properties": {"fips": "35013000402", "gap_national": 63.8, "gap_stratum": 69.3, "burden": 69.6, "capacity": 15.9, "svi": 0.93, "top_decile_gap": 1.0, "stratum": "metropolitan", "scored": 1}, "geometry": {"type": "Polygon", "coordinates": [[[-106.7722, 32.3307], [-106.763, 32.3247], [-106.7558, 32.3278], [-106.7474, 32.3138], [-106.7685, 32.3091], [-106.7693, 32.3117], [-106.7654, 32.3142], [-106.779, 32.3277], [-106.7722, 32.3307]]]}}, {"type": "Feature", "properties": {"fips": "35041000300", "gap_national": 13.2, "gap_stratum": 0.8, "burden": 20.8, "capacity": 8.4, "svi": 0.86, "top_decile_gap": 0.0, "stratum": "micropolitan", "scored": 1}, "geometry": {"type": "Polygon", "coordinates": [[[-103.3621, 34.1703], [-103.3698, 34.1708], [-103.3697, 34.1859], [-103.3567, 34.1863], [-103.3567, 34.1824], [-103.3467, 34.181], [-103.3392, 34.1839], [-103.3348, 34.1797], [-103.3348, 34.1773], [-103.3436, 34.1759], [-103.3436, 34.1713], [-103.3401, 34.1667], [-103.3403, 34.1647], [-103.3437, 34.1644], [-103.3439, 34.1567], [-103.3701, 34.1562], [-103.3703, 34.1642], [-103.3621, 34.1703]]]}}, {"type": "Feature", "properties": {"fips": "35047957200", "gap_national": 62.1, "gap_stratum": 49.0, "burden": 74.8, "capacity": 23.9, "svi": 0.81, "top_decile_gap": 1.0, "stratum": "micropolitan", "scored": 1}, "geometry": {"type": "Polygon", "coordinates": [[[-105.2251, 35.667], [-105.2166, 35.6645], [-105.2042, 35.6678], [-105.1968, 35.664], [-105.1988, 35.6551], [-105.1952, 35.6446], [-105.2109, 35.6072], [-105.2243, 35.6049], [-105.2317, 35.6155], [-105.2252, 35.6184], [-105.2264, 35.6369], [-105.2319, 35.6593], [-105.2251, 35.667]]]}}, {"type": "Feature", "properties": {"fips": "35023970200", "gap_national": 74.8, "gap_stratum": 57.6, "burden": 79.7, "capacity": 15.9, "svi": 0.95, "top_decile_gap": 1.0, "stratum": "rural", "scored": 1}, "geometry": {"type": "Polygon", "coordinates": [[[-108.7174, 32.3581], [-108.718, 32.3682], [-108.7081, 32.3669], [-108.7088, 32.3561], [-108.6997, 32.3561], [-108.7007, 32.3498], [-108.6748, 32.342], [-108.6795, 32.3271], [-108.7297, 32.3268], [-108.7298, 32.3367], [-108.7174, 32.3581]]]}}, {"type": "Feature", "properties": {"fips": "35028000400", "gap_national": -15.8, "gap_stratum": -25.9, "burden": 22.5, "capacity": 39.6, "svi": 0.44, "top_decile_gap": 0.0, "stratum": "micropolitan", "scored": 1}, "geometry": {"type": "Polygon", "coordinates": [[[-106.3541, 35.8503], [-106.3545, 35.8626], [-106.3486, 35.8716], [-106.3188, 35.8778], [-106.3218, 35.8799], [-106.3179, 35.8857], [-106.3198, 35.8913], [-106.3137, 35.8922], [-106.2645, 35.8831], [-106.2532, 35.884], [-106.2472, 35.881], [-106.2483, 35.8557], [-106.277, 35.8555], [-106.2657, 35.8519], [-106.261, 35.8467], [-106.2493, 35.8428], [-106.2506, 35.8411], [-106.2405, 35.8346], [-106.228, 35.8322], [-106.2254, 35.8288], [-106.2057, 35.8293], [-106.2215, 35.8232], [-106.2225, 35.8151], [-106.2265, 35.8107], [-106.2358, 35.813], [-106.248, 35.8095], [-106.2482, 35.8055], [-106.2452, 35.8022], [-106.2483, 35.7963], [-106.2461, 35.7849], [-106.2635, 35.7891], [-106.2553, 35.7854], [-106.2566, 35.7842], [-106.2931, 35.8049], [-106.3198, 35.827], [-106.3319, 35.8283], [-106.3384, 35.8331], [-106.3609, 35.8343], [-106.3541, 35.8503]]]}}, {"type": "Feature", "properties": {"fips": "35005001102", "gap_national": 40.8, "gap_stratum": 21.5, "burden": 66.7, "capacity": 35.3, "svi": 0.42, "top_decile_gap": 0.0, "stratum": "micropolitan", "scored": 1}, "geometry": {"type": "Polygon", "coordinates": [[[-105.351, 32.8385], [-105.3525, 32.962], [-105.316, 32.9621], [-105.317, 33.1323], [-105.1086, 33.1317], [-105.0749, 33.1342], [-105.0065, 33.1344], [-105.0065, 33.1389], [-104.9054, 33.1389], [-104.9038, 33.3059], [-104.8851, 33.3058], [-104.8851, 33.3933], [-104.8924, 33.3982], [-104.8911, 33.8223], [-104.8946, 33.8244], [-104.8934, 34.0884], [-104.7864, 34.0877], [-104.7861, 34.0001], [-104.3174, 33.9959], [-104.3133, 33.9928], [-104.3048, 33.9936], [-104.3022, 33.9893], [-104.3032, 33.9847], [-104.3001, 33.9828], [-104.2795, 33.9913], [-104.275, 33.9835], [-104.2646, 33.9793], [-104.268, 33.9755], [-104.2793, 33.9705], [-104.2847, 33.963], [-104.2788, 33.953], [-104.2654, 33.9452], [-104.2676, 33.9419], [-104.2823, 33.9412], [-104.2817, 33.9377], [-104.2675, 33.9316], [-104.2629, 33.9258], [-104.2642, 33.9204], [-104.2668, 33.9201], [-104.2743, 33.926], [-104.278, 33.922], [-104.2767, 33.9126], [-104.2687, 33.9033], [-104.2689, 33.899], [-104.2763, 33.8896], [-104.2727, 33.8832], [-104.2738, 33.8753], [-104.2841, 33.87], [-104.2744, 33.8583], [-104.2779, 33.8554], [-104.2922, 33.8551], [-104.2855, 33.8482], [-104.2877, 33.8463], [-104.2944, 33.8441], [-104.3009, 33.8461], [-104.2929, 33.825], [-104.296, 33.8173], [-104.295, 33.8119], [-104.3038, 33.8093], [-104.2961, 33.8054], [-104.2946, 33.8018], [-104.3001, 33.795], [-104.2999, 33.7864], [-104.3073, 33.7823], [-104.3121, 33.7736], [-104.3127, 33.7659], [-104.3058, 33.7552], [-104.3059, 33.7507], [-104.3198, 33.7461], [-104.3222, 33.7431], [-104.3162, 33.7379], [-104.3156, 33.734], [-104.3229, 33.7292], [-104.3201, 33.7225], [-104.3242, 33.7085], [-104.3185, 33.698], [-104.319, 33.6901], [-104.3152, 33.68], [-104.3285, 33.6719], [-104.3375, 33.6606], [-104.3482, 33.6571], [-104.3563, 33.6424], [-104.3583, 33.6299], [-104.3622, 33.6266], [-104.3639, 33.6293], [-104.3671, 33.6273], [-104.3726, 33.6032], [-104.3635, 33.5969], [-104.3691, 33.5908], [-104.3727, 33.5812], [-104.38, 33.5773], [-104.3781, 33.5724], [-104.371, 33.5709], [-104.3663, 33.5615], [-104.37, 33.5552], [-104.3716, 33.5446], [-104.3795, 33.539], [-104.3668, 33.5298], [-104.3899, 33.5198], [-104.3825, 33.5156], [-104.3815, 33.5088], [-104.3843, 33.5046], [-104.3884, 33.5041], [-104.3849, 33.4951], [-104.3895, 33.4906], [-104.3913, 33.4827], [-104.3885, 33.4839], [-104.3857, 33.4808], [-104.3802, 33.4636], [-104.3758, 33.4599], [-104.3798, 33.45], [-104.3851, 33.4482], [-104.3817, 33.4412], [-104.389, 33.4409], [-104.386, 33.4364], [-104.3894, 33.4355], [-104.3995, 33.4169], [-104.3992, 33.4091], [-104.3961, 33.4063], [-104.4009, 33.4029], [-104.395, 33.3969], [-104.4179, 33.3977], [-104.4355, 33.3944], [-104.4701, 33.3943], [-104.47, 33.4092], [-104.4665, 33.4083], [-104.4588, 33.4116], [-104.4606, 33.416], [-104.4645, 33.4162], [-104.4721, 33.4241], [-104.4789, 33.4234], [-104.4781, 33.4275], [-104.4819, 33.4298], [-104.4891, 33.4292], [-104.4917, 33.4349], [-104.4862, 33.4484], [-104.4999, 33.4525], [-104.5592, 33.4522], [-104.5591, 33.423], [-104.5952, 33.4226], [-104.5956, 33.3798], [-104.5456, 33.3796], [-104.5462, 33.3689], [-104.5682, 33.3585], [-104.5737, 33.3502], [-104.5416, 33.3503], [-104.5417, 33.3356], [-104.5739, 33.3354], [-104.574, 33.3207], [-104.5896, 33.3138], [-104.599, 33.303], [-104.5946, 33.3011], [-104.5948, 33.2627], [-104.5592, 33.283], [-104.559, 33.2515], [-104.5444, 33.2537], [-104.5434, 33.2285], [-104.5687, 33.2022], [-104.5706, 33.193], [-104.5778, 33.1861], [-104.5785, 33.1678], [-104.5953, 33.1668], [-104.5945, 33.105], [-104.6002, 33.0987], [-104.6208, 33.0848], [-104.6241, 33.0797], [-104.6535, 33.0734], [-104.6703, 33.0517], [-104.731, 33.0449], [-104.7576, 33.025], [-104.7774, 33.0198], [-104.7843, 33.0144], [-104.7926, 32.9995], [-104.8146, 32.9861], [-104.8199, 32.9737], [-104.8308, 32.9702], [-104.8416, 32.9632], [-104.8422, 32.5205], [-105.354, 32.5188], [-105.351, 32.8385]]]}}, {"type": "Feature", "properties": {"fips": "35005001001", "gap_national": 3.4, "gap_stratum": -19.0, "burden": 38.4, "capacity": 38.9, "svi": 0.32, "top_decile_gap": 0.0, "stratum": "micropolitan", "scored": 1}, "geometry": {"type": "Polygon", "coordinates": [[[-104.4999, 33.4525], [-104.4862, 33.4484], [-104.4911, 33.4339], [-104.5026, 33.4232], [-104.5144, 33.4232], [-104.515, 33.4323], [-104.5232, 33.4322], [-104.5234, 33.4523], [-104.4999, 33.4525]]]}}, {"type": "Feature", "properties": {"fips": "35005000700", "gap_national": 66.7, "gap_stratum": 50.6, "burden": 72.4, "capacity": 16.4, "svi": 0.95, "top_decile_gap": 1.0, "stratum": "micropolitan", "scored": 1}, "geometry": {"type": "Polygon", "coordinates": [[[-104.5416, 33.3503], [-104.5324, 33.3506], [-104.5319, 33.3764], [-104.5188, 33.3764], [-104.5188, 33.3654], [-104.5134, 33.3653], [-104.5059, 33.3357], [-104.5417, 33.3356], [-104.5416, 33.3503]]]}}, {"type": "Feature", "properties": {"fips": "35005000202", "gap_national": 92.8, "gap_stratum": 92.1, "burden": 94.1, "capacity": 9.3, "svi": 0.86, "top_decile_gap": 1.0, "stratum": "micropolitan", "scored": 1}, "geometry": {"type": "Polygon", "coordinates": [[[-104.5591, 33.4016], [-104.5549, 33.3973], [-104.5409, 33.3971], [-104.5411, 33.3796], [-104.559, 33.3796], [-104.5591, 33.4016]]]}}, {"type": "Feature", "properties": {"fips": "35005000500", "gap_national": 81.9, "gap_stratum": 74.8, "burden": 83.4, "capacity": 11.8, "svi": 0.91, "top_decile_gap": 1.0, "stratum": "micropolitan", "scored": 1}, "geometry": {"type": "Polygon", "coordinates": [[[-104.5318, 33.3833], [-104.5272, 33.3857], [-104.5272, 33.3909], [-104.5174, 33.39], [-104.5195, 33.3896], [-104.5188, 33.3764], [-104.5318, 33.3777], [-104.5318, 33.3833]]]}}, {"type": "Feature", "properties": {"fips": "35005000600", "gap_national": 92.2, "gap_stratum": 91.9, "burden": 94.1, "capacity": 10.1, "svi": 0.91, "top_decile_gap": 1.0, "stratum": "micropolitan", "scored": 1}, "geometry": {"type": "Polygon", "coordinates": [[[-104.4881, 33.3906], [-104.488, 33.3796], [-104.4745, 33.3796], [-104.4744, 33.3502], [-104.4835, 33.3502], [-104.4729, 33.3356], [-104.5059, 33.3357], [-104.5134, 33.3653], [-104.5188, 33.3654], [-104.5195, 33.3896], [-104.4881, 33.3906]]]}}, {"type": "Feature", "properties": {"fips": "35005001300", "gap_national": 64.7, "gap_stratum": 25.6, "burden": 62.9, "capacity": 3.2, "svi": 0.89, "top_decile_gap": 1.0, "stratum": "rural", "scored": 1}, "geometry": {"type": "Polygon", "coordinates": [[[-104.594, 33.1079], [-104.5953, 33.1668], [-104.5785, 33.1678], [-104.5778, 33.1861], [-104.5706, 33.193], [-104.5687, 33.2022], [-104.5435, 33.2279], [-104.5445, 33.2591], [-104.5297, 33.259], [-104.5305, 33.2522], [-104.5283, 33.2508], [-104.5098, 33.2514], [-104.5097, 33.2557], [-104.3715, 33.2559], [-104.3722, 33.2408], [-104.3677, 33.2402], [-104.3599, 33.2438], [-104.3544, 33.2422], [-104.3553, 33.2399], [-104.3522, 33.2362], [-104.3568, 33.2344], [-104.3564, 33.232], [-104.3506, 33.2308], [-104.3489, 33.22], [-104.3462, 33.2178], [-104.3363, 33.2247], [-104.3337, 33.2341], [-104.3323, 33.223], [-104.3053, 33.2231], [-104.3017, 33.2269], [-104.2895, 33.227], [-104.2586, 33.2418], [-104.2274, 33.2392], [-104.2238, 33.2413], [-104.1513, 33.1338], [-104.1625, 33.1398], [-104.1761, 33.1273], [-104.1767, 33.1224], [-104.1841, 33.1155], [-104.198, 33.107], [-104.2007, 33.1235], [-104.198, 33.1279], [-104.198, 33.1371], [-104.2119, 33.132], [-104.2167, 33.1251], [-104.2261, 33.1191], [-104.2395, 33.1257], [-104.2462, 33.1392], [-104.3002, 33.1395], [-104.3006, 33.1332], [-104.3045, 33.1348], [-104.3143, 33.1327], [-104.3096, 33.143], [-104.3192, 33.1436], [-104.3288, 33.138], [-104.3299, 33.1395], [-104.388, 33.1395], [-104.3879, 33.119], [-104.395, 33.114], [-104.3964, 33.1083], [-104.4027, 33.106], [-104.4047, 33.1087], [-104.4117, 33.1091], [-104.4207, 33.1012], [-104.4286, 33.1025], [-104.444, 33.0984], [-104.4518, 33.102], [-104.4703, 33.0969], [-104.4881, 33.1037], [-104.4997, 33.1008], [-104.5011, 33.1053], [-104.513, 33.1071], [-104.5258, 33.102], [-104.5327, 33.1031], [-104.5448, 33.1006], [-104.5506, 33.0968], [-104.5487, 33.0902], [-104.5582, 33.0895], [-104.5646, 33.095], [-104.5675, 33.0902], [-104.5747, 33.0871], [-104.5829, 33.0937], [-104.6035, 33.0968], [-104.594, 33.1079]]]}}, {"type": "Feature", "properties": {"fips": "35049000300", "gap_national": 7.8, "gap_stratum": 12.4, "burden": 44.4, "capacity": 40.9, "svi": 0.42, "top_decile_gap": 0.0, "stratum": "metropolitan", "scored": 1}, "geometry": {"type": "Polygon", "coordinates": [[[-105.9536, 35.6964], [-105.952, 35.6986], [-105.9435, 35.6893], [-105.9449, 35.6866], [-105.9548, 35.6843], [-105.9536, 35.6964]]]}}, {"type": "Feature", "properties": {"fips": "35049000700", "gap_national": 0.7, "gap_stratum": 3.7, "burden": 31.3, "capacity": 34.4, "svi": 0.59, "top_decile_gap": 0.0, "stratum": "metropolitan", "scored": 1}, "geometry": {"type": "Polygon", "coordinates": [[[-105.9548, 35.6843], [-105.9449, 35.6866], [-105.9485, 35.6818], [-105.9461, 35.6816], [-105.9473, 35.6806], [-105.9622, 35.6723], [-105.9654, 35.68], [-105.9548, 35.6843]]]}}, {"type": "Feature", "properties": {"fips": "35049001103", "gap_national": -9.8, "gap_stratum": -8.7, "burden": 21.4, "capacity": 33.7, "svi": 0.54, "top_decile_gap": 0.0, "stratum": "metropolitan", "scored": 1}, "geometry": {"type": "Polygon", "coordinates": [[[-105.9773, 35.6627], [-105.9728, 35.6594], [-105.9565, 35.6591], [-105.9564, 35.6521], [-105.9849, 35.6521], [-105.9849, 35.6588], [-105.9773, 35.6627]]]}}, {"type": "Feature", "properties": {"fips": "35049001106", "gap_national": 7.7, "gap_stratum": 12.6, "burden": 46.5, "capacity": 42.9, "svi": 0.7, "top_decile_gap": 0.0, "stratum": "metropolitan", "scored": 1}, "geometry": {"type": "Polygon", "coordinates": [[[-106.0031, 35.6484], [-105.9922, 35.6551], [-105.9897, 35.6484], [-105.9902, 35.6388], [-106.0155, 35.6383], [-106.0164, 35.64], [-106.0031, 35.6484]]]}}, {"type": "Feature", "properties": {"fips": "35049010102", "gap_national": 19.1, "gap_stratum": -3.3, "burden": 36.4, "capacity": 22.5, "svi": 0.69, "top_decile_gap": 0.0, "stratum": "micropolitan", "scored": 1}, "geometry": {"type": "Polygon", "coordinates": [[[-105.7168, 36.0023], [-105.7192, 35.9168], [-105.7266, 35.9118], [-105.7296, 35.9056], [-105.7445, 35.896], [-105.7701, 35.8846], [-105.7852, 35.8862], [-105.7885, 35.8842], [-105.7922, 35.8895], [-105.7962, 35.8891], [-105.8148, 35.8969], [-105.8225, 35.9075], [-105.8339, 35.9067], [-105.8493, 35.912], [-105.8653, 35.9265], [-105.8706, 35.9364], [-105.875, 35.9137], [-105.8748, 35.8847], [-105.9179, 35.8845], [-105.9177, 35.9249], [-105.9904, 35.9251], [-105.9903, 35.9321], [-106.0417, 35.9315], [-106.0417, 36.002], [-105.7168, 36.0023]]]}}, {"type": "Feature", "properties": {"fips": "35049010304", "gap_national": -8.1, "gap_stratum": -3.7, "burden": 42.2, "capacity": 50.8, "svi": 0.62, "top_decile_gap": 0.0, "stratum": "metropolitan", "scored": 1}, "geometry": {"type": "Polygon", "coordinates": [[[-106.11, 35.6389], [-106.1012, 35.6476], [-106.0855, 35.6559], [-106.0757, 35.6654], [-106.0678, 35.6805], [-106.0538, 35.6894], [-106.0519, 35.6962], [-106.049, 35.6974], [-106.0454, 35.7044], [-106.0333, 35.7052], [-106.0219, 35.715], [-106.0045, 35.7106], [-105.9944, 35.7047], [-105.9919, 35.6985], [-106.0032, 35.6886], [-106.0195, 35.6685], [-106.0307, 35.6645], [-106.0417, 35.6538], [-106.0711, 35.6365], [-106.0717, 35.6024], [-106.0622, 35.5904], [-106.0666, 35.5875], [-106.0737, 35.5935], [-106.0818, 35.5953], [-106.0974, 35.5892], [-106.1133, 35.5745], [-106.1118, 35.5891], [-106.1226, 35.5974], [-106.11, 35.6389]]]}}, {"type": "Feature", "properties": {"fips": "35049001203", "gap_national": 39.0, "gap_stratum": 45.9, "burden": 44.4, "capacity": 10.4, "svi": 0.79, "top_decile_gap": 0.0, "stratum": "metropolitan", "scored": 1}, "geometry": {"type": "Polygon", "coordinates": [[[-106.0417, 35.6538], [-106.0307, 35.6645], [-106.0195, 35.6685], [-106.0032, 35.6886], [-105.9919, 35.6985], [-105.9895, 35.6859], [-105.9813, 35.6777], [-105.986, 35.675], [-105.9854, 35.6734], [-105.9979, 35.6645], [-106.0247, 35.6576], [-106.0453, 35.6447], [-106.0692, 35.6389], [-106.0417, 35.6538]]]}}, {"type": "Feature", "properties": {"fips": "35015000401", "gap_national": 39.4, "gap_stratum": 12.1, "burden": 52.9, "capacity": 21.1, "svi": 0.68, "top_decile_gap": 0.0, "stratum": "micropolitan", "scored": 1}, "geometry": {"type": "Polygon", "coordinates": [[[-104.3639, 32.4063], [-104.3585, 32.4104], [-104.3539, 32.4106], [-104.3505, 32.4149], [-104.3312, 32.4139], [-104.3122, 32.4204], [-104.3068, 32.4195], [-104.3098, 32.429], [-104.3257, 32.4348], [-104.3208, 32.4396], [-104.3059, 32.4442], [-104.3188, 32.4549], [-104.3267, 32.4846], [-104.2848, 32.4724], [-104.2729, 32.4785], [-104.2627, 32.4758], [-104.2665, 32.4513], [-104.2515, 32.4416], [-104.2512, 32.4375], [-104.2536, 32.4378], [-104.254, 32.4288], [-104.2631, 32.4288], [-104.2634, 32.4217], [-104.2771, 32.4217], [-104.2696, 32.4147], [-104.2526, 32.4145], [-104.2515, 32.4038], [-104.2424, 32.3999], [-104.2393, 32.3942], [-104.2421, 32.3963], [-104.2552, 32.3964], [-104.2553, 32.3849], [-104.2632, 32.3756], [-104.2671, 32.3667], [-104.2855, 32.3576], [-104.3023, 32.3633], [-104.3059, 32.3679], [-104.3143, 32.3706], [-104.3212, 32.3769], [-104.3349, 32.3758], [-104.3407, 32.3776], [-104.3614, 32.3735], [-104.358, 32.3869], [-104.3664, 32.3933], [-104.3673, 32.3985], [-104.3639, 32.4063]]]}}, {"type": "Feature", "properties": {"fips": "35015000200", "gap_national": 13.1, "gap_stratum": -10.3, "burden": 39.7, "capacity": 31.9, "svi": 0.46, "top_decile_gap": 0.0, "stratum": "micropolitan", "scored": 1}, "geometry": {"type": "Polygon", "coordinates": [[[-104.263, 32.4819], [-104.2572, 32.4869], [-104.2557, 32.4935], [-104.2513, 32.4976], [-104.2342, 32.4928], [-104.2248, 32.459], [-104.2127, 32.4483], [-104.1968, 32.4409], [-104.1931, 32.43], [-104.1875, 32.4291], [-104.1901, 32.4185], [-104.186, 32.4146], [-104.1846, 32.4082], [-104.1954, 32.4056], [-104.2065, 32.4065], [-104.2233, 32.4121], [-104.2243, 32.4179], [-104.2185, 32.4287], [-104.2224, 32.4356], [-104.228, 32.439], [-104.2406, 32.4397], [-104.2639, 32.4488], [-104.2669, 32.4527], [-104.263, 32.4819]]]}}, {"type": "Feature", "properties": {"fips": "35015000500", "gap_national": 57.6, "gap_stratum": 33.6, "burden": 62.9, "capacity": 14.0, "svi": 0.63, "top_decile_gap": 1.0, "stratum": "micropolitan", "scored": 1}, "geometry": {"type": "Polygon", "coordinates": [[[-104.2474, 32.4212], [-104.2316, 32.4204], [-104.2317, 32.4107], [-104.2289, 32.4108], [-104.2289, 32.408], [-104.2375, 32.4079], [-104.2393, 32.3942], [-104.2424, 32.3999], [-104.2515, 32.4038], [-104.2526, 32.4145], [-104.2474, 32.4212]]]}}, {"type": "Feature", "properties": {"fips": "35015000402", "gap_national": 61.1, "gap_stratum": 36.0, "burden": 62.7, "capacity": 9.2, "svi": 0.89, "top_decile_gap": 1.0, "stratum": "micropolitan", "scored": 1}, "geometry": {"type": "Polygon", "coordinates": [[[-104.2634, 32.4217], [-104.2631, 32.4288], [-104.254, 32.4288], [-104.2533, 32.4384], [-104.246, 32.4337], [-104.2481, 32.4305], [-104.2447, 32.4238], [-104.2509, 32.419], [-104.2526, 32.4145], [-104.2696, 32.4147], [-104.2771, 32.4217], [-104.2634, 32.4217]]]}}, {"type": "Feature", "properties": {"fips": "35025000900", "gap_national": 60.8, "gap_stratum": 26.1, "burden": 65.1, "capacity": 13.2, "svi": 0.82, "top_decile_gap": 1.0, "stratum": "rural", "scored": 1}, "geometry": {"type": "Polygon", "coordinates": [[[-103.7936, 32.5312], [-103.726, 32.5546], [-103.7227, 32.5515], [-103.6954, 32.548], [-103.6425, 32.5226], [-103.5415, 32.5225], [-103.5435, 32.5116], [-103.5338, 32.5066], [-103.518, 32.4591], [-103.5035, 32.4615], [-103.4712, 32.4415], [-103.4719, 32.4358], [-103.4334, 32.4132], [-103.4323, 32.4099], [-103.4415, 32.3807], [-103.4379, 32.3708], [-103.4393, 32.3646], [-103.4368, 32.3264], [-103.3879, 32.3264], [-103.3664, 32.3405], [-103.3158, 32.341], [-103.3125, 32.3446], [-103.3125, 32.3951], [-103.3082, 32.3991], [-103.1595, 32.399], [-103.1582, 32.3471], [-103.1628, 32.341], [-103.1252, 32.341], [-103.125, 32.3371], [-103.0646, 32.3347], [-103.0644, 32.0005], [-103.7229, 32.0002], [-103.7229, 32.5223], [-103.8142, 32.5224], [-103.8142, 32.5292], [-103.7936, 32.5312]]]}}, {"type": "Feature", "properties": {"fips": "35025001003", "gap_national": 67.5, "gap_stratum": 44.9, "burden": 67.0, "capacity": 7.1, "svi": 0.9, "top_decile_gap": 1.0, "stratum": "micropolitan", "scored": 1}, "geometry": {"type": "Polygon", "coordinates": [[[-103.3684, 32.944], [-103.3339, 32.944], [-103.3338, 32.9295], [-103.3666, 32.9294], [-103.3684, 32.944]]]}}, {"type": "Feature", "properties": {"fips": "35028000100", "gap_national": -41.8, "gap_stratum": -49.2, "burden": 17.5, "capacity": 54.4, "svi": 0.09, "top_decile_gap": 0.0, "stratum": "micropolitan", "scored": 1}, "geometry": {"type": "Polygon", "coordinates": [[[-106.3154, 35.9524], [-106.3168, 35.9585], [-106.3002, 35.9584], [-106.3004, 35.9734], [-106.2642, 35.9728], [-106.2642, 35.9655], [-106.2482, 35.9663], [-106.2483, 35.9594], [-106.2456, 35.9593], [-106.2472, 35.881], [-106.2532, 35.884], [-106.2645, 35.8831], [-106.3004, 35.8886], [-106.316, 35.9001], [-106.3017, 35.9014], [-106.3038, 35.9059], [-106.3012, 35.909], [-106.3066, 35.9145], [-106.3063, 35.9189], [-106.3098, 35.9202], [-106.3035, 35.927], [-106.2957, 35.926], [-106.2962, 35.929], [-106.3011, 35.9319], [-106.2961, 35.9352], [-106.309, 35.9381], [-106.3317, 35.9518], [-106.3154, 35.9524]]]}}, {"type": "Feature", "properties": {"fips": "35061970200", "gap_national": 37.3, "gap_stratum": 40.4, "burden": 72.3, "capacity": 43.3, "svi": 0.48, "top_decile_gap": 0.0, "stratum": "metropolitan", "scored": 1}, "geometry": {"type": "Polygon", "coordinates": [[[-106.7201, 34.8721], [-106.6845, 34.8711], [-106.6883, 34.8657], [-106.684, 34.8422], [-106.6859, 34.8442], [-106.6913, 34.8406], [-106.6912, 34.838], [-106.6999, 34.8357], [-106.7006, 34.8322], [-106.7027, 34.8327], [-106.7021, 34.8353], [-106.708, 34.8307], [-106.7132, 34.8307], [-106.714, 34.8273], [-106.7072, 34.8126], [-106.7133, 34.8078], [-106.7153, 34.808], [-106.712, 34.8128], [-106.7121, 34.817], [-106.7158, 34.8269], [-106.7166, 34.8495], [-106.721, 34.8606], [-106.7201, 34.8721]]]}}, {"type": "Feature", "properties": {"fips": "35001004715", "gap_national": 69.6, "gap_stratum": 76.3, "burden": 67.8, "capacity": 5.4, "svi": 0.97, "top_decile_gap": 1.0, "stratum": "metropolitan", "scored": 1}, "geometry": {"type": "Polygon", "coordinates": [[[-106.7921, 35.0243], [-106.722, 35.0247], [-106.7138, 35.0284], [-106.7189, 34.9918], [-106.7192, 34.9666], [-106.71, 34.947], [-106.7253, 34.9468], [-106.7254, 34.9565], [-106.8054, 34.9568], [-106.7921, 35.0243]]]}}, {"type": "Feature", "properties": {"fips": "35001000114", "gap_national": 23.9, "gap_stratum": 29.4, "burden": 40.3, "capacity": 22.1, "svi": 0.63, "top_decile_gap": 0.0, "stratum": "metropolitan", "scored": 1}, "geometry": {"type": "Polygon", "coordinates": [[[-106.5156, 35.1163], [-106.5156, 35.1089], [-106.5331, 35.1089], [-106.5332, 35.1162], [-106.5156, 35.1163]]]}}, {"type": "Feature", "properties": {"fips": "35001001101", "gap_national": -6.0, "gap_stratum": -2.7, "burden": 35.1, "capacity": 43.3, "svi": 0.2, "top_decile_gap": 0.0, "stratum": "metropolitan", "scored": 1}, "geometry": {"type": "Polygon", "coordinates": [[[-106.5862, 35.0729], [-106.5865, 35.0584], [-106.5953, 35.0582], [-106.5952, 35.0629], [-106.5977, 35.0629], [-106.603, 35.0629], [-106.6043, 35.0583], [-106.6046, 35.0736], [-106.5862, 35.0729]]]}}, {"type": "Feature", "properties": {"fips": "35001002200", "gap_national": 38.5, "gap_stratum": 45.1, "burden": 52.9, "capacity": 21.9, "svi": 0.76, "top_decile_gap": 0.0, "stratum": "metropolitan", "scored": 1}, "geometry": {"type": "Polygon", "coordinates": [[[-106.6753, 35.0954], [-106.6688, 35.0936], [-106.6565, 35.0852], [-106.6574, 35.0773], [-106.6674, 35.075], [-106.6812, 35.0891], [-106.6753, 35.0954]]]}}, {"type": "Feature", "properties": {"fips": "35001003002", "gap_national": -10.8, "gap_stratum": -6.5, "burden": 40.6, "capacity": 51.3, "svi": 0.38, "top_decile_gap": 0.0, "stratum": "metropolitan", "scored": 1}, "geometry": {"type": "Polygon", "coordinates": [[[-106.6899, 35.1309], [-106.6738, 35.1251], [-106.6755, 35.1179], [-106.6708, 35.1052], [-106.6923, 35.1065], [-106.6899, 35.1309]]]}}, {"type": "Feature", "properties": {"fips": "35061970101", "gap_national": 74.5, "gap_stratum": 79.7, "burden": 73.8, "capacity": 8.5, "svi": 0.88, "top_decile_gap": 1.0, "stratum": "metropolitan", "scored": 1}, "geometry": {"type": "Polygon", "coordinates": [[[-106.4645, 34.8105], [-106.4646, 34.808], [-106.4852, 34.8049], [-106.5168, 34.7948], [-106.5734, 34.7894], [-106.6131, 34.791], [-106.6259, 34.7975], [-106.6579, 34.7976], [-106.654, 34.8112], [-106.4645, 34.8105]]]}}, {"type": "Feature", "properties": {"fips": "35001000208", "gap_national": 74.2, "gap_stratum": 78.5, "burden": 76.3, "capacity": 12.4, "svi": 0.76, "top_decile_gap": 1.0, "stratum": "metropolitan", "scored": 1}, "geometry": {"type": "Polygon", "coordinates": [[[-106.6041, 35.1165], [-106.5864, 35.1165], [-106.5875, 35.1039], [-106.6042, 35.1052], [-106.6041, 35.1165]]]}}, {"type": "Feature", "properties": {"fips": "35001003730", "gap_national": -39.5, "gap_stratum": -37.5, "burden": 24.6, "capacity": 58.1, "svi": 0.11, "top_decile_gap": 0.0, "stratum": "metropolitan", "scored": 1}, "geometry": {"type": "Polygon", "coordinates": [[[-106.5422, 35.1745], [-106.5244, 35.1746], [-106.5247, 35.1597], [-106.5422, 35.1596], [-106.5422, 35.1745]]]}}, {"type": "Feature", "properties": {"fips": "35001003805", "gap_national": 2.8, "gap_stratum": 8.3, "burden": 54.6, "capacity": 53.1, "svi": 0.32, "top_decile_gap": 0.0, "stratum": "metropolitan", "scored": 1}, "geometry": {"type": "Polygon", "coordinates": [[[-106.48, 35.0728], [-106.4804, 35.1345], [-106.4664, 35.1336], [-106.4609, 35.1306], [-106.4573, 35.1327], [-106.4515, 35.1308], [-106.4444, 35.132], [-106.4362, 35.1274], [-106.4165, 35.1433], [-106.415, 35.1483], [-106.4156, 35.1827], [-106.4226, 35.1911], [-106.4367, 35.1971], [-106.4485, 35.2055], [-106.4594, 35.2179], [-106.4187, 35.2174], [-106.4103, 35.215], [-106.4097, 35.2114], [-106.4133, 35.2082], [-106.408, 35.2046], [-106.4094, 35.2008], [-106.4054, 35.1995], [-106.4055, 35.1916], [-106.4013, 35.1943], [-106.3988, 35.193], [-106.3929, 35.1881], [-106.3912, 35.181], [-106.3898, 35.1851], [-106.3814, 35.18], [-106.3783, 35.1797], [-106.3773, 35.1818], [-106.3756, 35.1722], [-106.3731, 35.1697], [-106.3477, 35.1632], [-106.3567, 35.1544], [-106.3657, 35.1356], [-106.3664, 35.1291], [-106.3732, 35.1154], [-106.3742, 35.1059], [-106.38, 35.0985], [-106.3817, 35.0914], [-106.3803, 35.0857], [-106.3903, 35.0806], [-106.4063, 35.0804], [-106.4236, 35.0656], [-106.4591, 35.0608], [-106.4807, 35.0628], [-106.4853, 35.0657], [-106.48, 35.0728]]]}}, {"type": "Feature", "properties": {"fips": "35001004401", "gap_national": 75.4, "gap_stratum": 80.4, "burden": 74.6, "capacity": 8.5, "svi": 0.79, "top_decile_gap": 1.0, "stratum": "metropolitan", "scored": 1}, "geometry": {"type": "Polygon", "coordinates": [[[-106.701, 35.0679], [-106.6816, 35.065], [-106.6884, 35.0518], [-106.7073, 35.0514], [-106.701, 35.0679]]]}}, {"type": "Feature", "properties": {"fips": "35001001800", "gap_national": -0.5, "gap_stratum": -0.3, "burden": 4.9, "capacity": 7.2, "svi": 0.75, "top_decile_gap": 0.0, "stratum": "metropolitan", "scored": 1}, "geometry": {"type": "Polygon", "coordinates": [[[-106.6219, 35.102], [-106.6219, 35.0985], [-106.6175, 35.0983], [-106.6175, 35.0921], [-106.6142, 35.0911], [-106.6132, 35.0875], [-106.6133, 35.081], [-106.6268, 35.0814], [-106.6253, 35.0903], [-106.6274, 35.099], [-106.6219, 35.102]]]}}, {"type": "Feature", "properties": {"fips": "35001004750", "gap_national": 19.4, "gap_stratum": 23.8, "burden": 30.9, "capacity": 15.2, "svi": 0.3, "top_decile_gap": 0.0, "stratum": "metropolitan", "scored": 1}, "geometry": {"type": "Polygon", "coordinates": [[[-106.7146, 35.113], [-106.7021, 35.1124], [-106.7044, 35.1066], [-106.7299, 35.0944], [-106.7297, 35.1043], [-106.7146, 35.113]]]}}, {"type": "Feature", "properties": {"fips": "35001001300", "gap_national": 80.3, "gap_stratum": 84.6, "burden": 77.9, "capacity": 6.4, "svi": 0.92, "top_decile_gap": 1.0, "stratum": "metropolitan", "scored": 1}, "geometry": {"type": "Polygon", "coordinates": [[[-106.6498, 35.07], [-106.6394, 35.0698], [-106.6376, 35.0476], [-106.6538, 35.0493], [-106.6498, 35.07]]]}}, {"type": "Feature", "properties": {"fips": "35001003100", "gap_national": -12.4, "gap_stratum": -6.9, "burden": 47.0, "capacity": 57.4, "svi": 0.09, "top_decile_gap": 0.0, "stratum": "metropolitan", "scored": 1}, "geometry": {"type": "Polygon", "coordinates": [[[-106.6784, 35.1458], [-106.6508, 35.1397], [-106.6584, 35.1338], [-106.6627, 35.1346], [-106.6659, 35.1239], [-106.6899, 35.1309], [-106.6784, 35.1458]]]}}, {"type": "Feature", "properties": {"fips": "35001004742", "gap_national": 39.6, "gap_stratum": 46.4, "burden": 47.8, "capacity": 14.5, "svi": 0.61, "top_decile_gap": 0.0, "stratum": "metropolitan", "scored": 1}, "geometry": {"type": "Polygon", "coordinates": [[[-106.7266, 35.124], [-106.7093, 35.1384], [-106.7065, 35.1277], [-106.7104, 35.125], [-106.7083, 35.1166], [-106.728, 35.1045], [-106.7297, 35.1043], [-106.731, 35.1101], [-106.7266, 35.124]]]}}, {"type": "Feature", "properties": {"fips": "35001000124", "gap_national": 60.7, "gap_stratum": 65.7, "burden": 70.1, "capacity": 19.9, "svi": 0.83, "top_decile_gap": 1.0, "stratum": "metropolitan", "scored": 1}, "geometry": {"type": "Polygon", "coordinates": [[[-106.5508, 35.102], [-106.5507, 35.0903], [-106.5776, 35.1012], [-106.5776, 35.1037], [-106.5508, 35.102]]]}}, {"type": "Feature", "properties": {"fips": "35001001400", "gap_national": 77.9, "gap_stratum": 82.2, "burden": 77.1, "capacity": 8.8, "svi": 0.94, "top_decile_gap": 1.0, "stratum": "metropolitan", "scored": 1}, "geometry": {"type": "Polygon", "coordinates": [[[-106.6597, 35.0756], [-106.6571, 35.0812], [-106.6477, 35.08], [-106.6498, 35.07], [-106.661, 35.0697], [-106.6674, 35.075], [-106.6597, 35.0756]]]}}, {"type": "Feature", "properties": {"fips": "35001004604", "gap_national": 32.0, "gap_stratum": 38.3, "burden": 43.4, "capacity": 17.1, "svi": 0.82, "top_decile_gap": 0.0, "stratum": "metropolitan", "scored": 1}, "geometry": {"type": "Polygon", "coordinates": [[[-106.7162, 35.0118], [-106.687, 35.0119], [-106.6857, 35.0145], [-106.6785, 35.015], [-106.6736, 35.0137], [-106.6874, 34.9989], [-106.6855, 34.9926], [-106.6871, 34.9845], [-106.6967, 34.9851], [-106.6966, 34.9867], [-106.7189, 34.9918], [-106.7162, 35.0118]]]}}, {"type": "Feature", "properties": {"fips": "35001000111", "gap_national": -9.8, "gap_stratum": -8.1, "burden": 25.4, "capacity": 37.4, "svi": 0.31, "top_decile_gap": 0.0, "stratum": "metropolitan", "scored": 1}, "geometry": {"type": "Polygon", "coordinates": [[[-106.4977, 35.1234], [-106.4975, 35.1156], [-106.5156, 35.1163], [-106.5157, 35.1235], [-106.4977, 35.1234]]]}}, {"type": "Feature", "properties": {"fips": "35001004736", "gap_national": 51.1, "gap_stratum": 59.1, "burden": 50.9, "capacity": 1.6, "svi": 0.77, "top_decile_gap": 0.0, "stratum": "metropolitan", "scored": 1}, "geometry": {"type": "Polygon", "coordinates": [[[-106.7866, 35.0631], [-106.7647, 35.0676], [-106.7524, 35.0245], [-106.7931, 35.0243], [-106.7866, 35.0631]]]}}, {"type": "Feature", "properties": {"fips": "35001003600", "gap_national": 53.4, "gap_stratum": 57.3, "burden": 72.0, "capacity": 29.7, "svi": 0.68, "top_decile_gap": 1.0, "stratum": "metropolitan", "scored": 1}, "geometry": {"type": "Polygon", "coordinates": [[[-106.6461, 35.1892], [-106.6434, 35.1978], [-106.6381, 35.2039], [-106.6231, 35.2088], [-106.5997, 35.2041], [-106.6053, 35.1873], [-106.6133, 35.1759], [-106.6433, 35.1829], [-106.6528, 35.1822], [-106.6461, 35.1892]]]}}, {"type": "Feature", "properties": {"fips": "35001004720", "gap_national": 21.5, "gap_stratum": 27.0, "burden": 51.5, "capacity": 36.6, "svi": 0.73, "top_decile_gap": 0.0, "stratum": "metropolitan", "scored": 1}, "geometry": {"type": "Polygon", "coordinates": [[[-106.7029, 35.2061], [-106.6968, 35.2039], [-106.6856, 35.2066], [-106.6787, 35.2023], [-106.681, 35.1983], [-106.6796, 35.1944], [-106.6841, 35.1898], [-106.6919, 35.1924], [-106.6985, 35.1968], [-106.7033, 35.1969], [-106.7029, 35.2061]]]}}, {"type": "Feature", "properties": {"fips": "35001004727", "gap_national": 28.9, "gap_stratum": 34.9, "burden": 51.9, "capacity": 30.5, "svi": 0.49, "top_decile_gap": 0.0, "stratum": "metropolitan", "scored": 1}, "geometry": {"type": "Polygon", "coordinates": [[[-106.7055, 35.1528], [-106.6983, 35.1525], [-106.7049, 35.1455], [-106.7128, 35.1454], [-106.7173, 35.1522], [-106.7055, 35.1528]]]}}, {"type": "Feature", "properties": {"fips": "35001004722", "gap_national": -6.7, "gap_stratum": -6.3, "burden": 14.5, "capacity": 23.6, "svi": 0.4, "top_decile_gap": 0.0, "stratum": "metropolitan", "scored": 1}, "geometry": {"type": "Polygon", "coordinates": [[[-106.6923, 35.1591], [-106.6791, 35.16], [-106.6727, 35.1761], [-106.6681, 35.1809], [-106.6528, 35.1822], [-106.6541, 35.1726], [-106.6655, 35.1626], [-106.6748, 35.1477], [-106.6784, 35.1458], [-106.6938, 35.1525], [-106.6923, 35.1591]]]}}, {"type": "Feature", "properties": {"fips": "35001004726", "gap_national": 4.9, "gap_stratum": 8.1, "burden": 30.0, "capacity": 29.2, "svi": 0.09, "top_decile_gap": 0.0, "stratum": "metropolitan", "scored": 1}, "geometry": {"type": "Polygon", "coordinates": [[[-106.7224, 35.1469], [-106.7225, 35.1525], [-106.7185, 35.1522], [-106.7209, 35.1563], [-106.7192, 35.1576], [-106.7105, 35.1422], [-106.7201, 35.1406], [-106.7252, 35.146], [-106.7224, 35.1469]]]}}, {"type": "Feature", "properties": {"fips": "35001003719", "gap_national": -25.4, "gap_stratum": -22.5, "burden": 31.1, "capacity": 53.8, "svi": 0.44, "top_decile_gap": 0.0, "stratum": "metropolitan", "scored": 1}, "geometry": {"type": "Polygon", "coordinates": [[[-106.5227, 35.1356], [-106.5007, 35.1414], [-106.4979, 35.1407], [-106.4979, 35.1307], [-106.5333, 35.1306], [-106.5334, 35.1371], [-106.5227, 35.1356]]]}}, {"type": "Feature", "properties": {"fips": "35013000103", "gap_national": 68.7, "gap_stratum": 73.8, "burden": 72.4, "capacity": 14.0, "svi": 0.89, "top_decile_gap": 1.0, "stratum": "metropolitan", "scored": 1}, "geometry": {"type": "Polygon", "coordinates": [[[-106.7953, 32.3509], [-106.7973, 32.3551], [-106.7897, 32.3574], [-106.7905, 32.3547], [-106.7861, 32.3494], [-106.788, 32.3482], [-106.7832, 32.3432], [-106.7847, 32.3399], [-106.781, 32.3358], [-106.7782, 32.3376], [-106.7829, 32.3315], [-106.7925, 32.329], [-106.7961, 32.3327], [-106.7989, 32.3314], [-106.8063, 32.3458], [-106.7953, 32.3509]]]}}, {"type": "Feature", "properties": {"fips": "35049000800", "gap_national": 15.6, "gap_stratum": 20.7, "burden": 45.5, "capacity": 35.7, "svi": 0.67, "top_decile_gap": 0.0, "stratum": "metropolitan", "scored": 1}, "geometry": {"type": "Polygon", "coordinates": [[[-105.9759, 35.6823], [-105.9539, 35.6887], [-105.9548, 35.6843], [-105.9848, 35.6702], [-105.986, 35.675], [-105.9759, 35.6823]]]}}, {"type": "Feature", "properties": {"fips": "35041000402", "gap_national": 46.6, "gap_stratum": 21.1, "burden": 58.3, "capacity": 20.1, "svi": 0.57, "top_decile_gap": 0.0, "stratum": "micropolitan", "scored": 1}, "geometry": {"type": "Polygon", "coordinates": [[[-103.7779, 33.8404], [-103.737, 33.8564], [-103.6909, 33.9151], [-103.6805, 33.9147], [-103.6667, 33.9184], [-103.6667, 33.9293], [-103.6626, 33.9295], [-103.6624, 33.9366], [-103.6495, 33.9366], [-103.6494, 33.9475], [-103.6363, 33.9662], [-103.6222, 33.979], [-103.3703, 34.1642], [-103.3701, 34.1562], [-103.3263, 34.1569], [-103.3264, 34.1715], [-103.3177, 34.1716], [-103.3177, 34.2008], [-103.3198, 34.201], [-103.2256, 34.2691], [-103.1973, 34.3031], [-103.0439, 34.3026], [-103.0439, 33.9746], [-103.0526, 33.5706], [-103.5101, 33.5701], [-103.5098, 33.6573], [-103.7183, 33.6562], [-103.7169, 33.8196], [-103.8168, 33.8192], [-103.7779, 33.8404]]]}}, {"type": "Feature", "properties": {"fips": "35049010310", "gap_national": -20.5, "gap_stratum": -16.4, "burden": 37.3, "capacity": 55.3, "svi": 0.15, "top_decile_gap": 0.0, "stratum": "metropolitan", "scored": 1}, "geometry": {"type": "Polygon", "coordinates": [[[-106.2417, 35.2849], [-106.2308, 35.2866], [-106.2212, 35.2809], [-106.1984, 35.2818], [-106.1742, 35.279], [-106.1727, 35.2808], [-106.1278, 35.2849], [-106.1073, 35.2831], [-106.0843, 35.2885], [-106.0841, 35.2917], [-106.0811, 35.2923], [-106.0736, 35.2889], [-106.0726, 35.28], [-106.0694, 35.2826], [-106.0608, 35.2719], [-106.0498, 35.2692], [-106.05, 35.2582], [-105.9799, 35.2589], [-105.9627, 35.2508], [-105.9497, 35.2504], [-105.9502, 35.2574], [-105.9426, 35.2717], [-105.925, 35.2756], [-105.9125, 35.261], [-105.9026, 35.2642], [-105.8924, 35.2596], [-105.8931, 35.2488], [-105.8846, 35.2419], [-105.8585, 35.2372], [-105.8566, 35.2291], [-105.8494, 35.2265], [-105.8405, 35.2166], [-105.8356, 35.2146], [-105.8059, 35.2195], [-105.7972, 35.2156], [-105.7896, 35.216], [-105.7752, 35.2201], [-105.7687, 35.2273], [-105.7686, 35.2589], [-105.7508, 35.2599], [-105.7508, 35.2736], [-105.7156, 35.2736], [-105.7144, 35.0416], [-106.103, 35.0406], [-106.1032, 35.1183], [-106.1245, 35.1234], [-106.1323, 35.1282], [-106.1562, 35.1328], [-106.1562, 35.2242], [-106.1884, 35.2297], [-106.2081, 35.2366], [-106.2227, 35.248], [-106.2452, 35.2387], [-106.2457, 35.2864], [-106.2417, 35.2849]]]}}, {"type": "Feature", "properties": {"fips": "35049001301", "gap_national": -10.6, "gap_stratum": -9.7, "burden": 20.0, "capacity": 32.9, "svi": 0.35, "top_decile_gap": 0.0, "stratum": "metropolitan", "scored": 1}, "geometry": {"type": "Polygon", "coordinates": [[[-106.0712, 35.6321], [-106.0453, 35.6357], [-106.0453, 35.6276], [-106.0462, 35.63], [-106.051, 35.6301], [-106.0534, 35.6268], [-106.0601, 35.6254], [-106.0608, 35.628], [-106.0676, 35.6278], [-106.0675, 35.6251], [-106.0713, 35.6227], [-106.0712, 35.6321]]]}}, {"type": "Feature", "properties": {"fips": "35049010900", "gap_national": -0.6, "gap_stratum": 4.2, "burden": 46.0, "capacity": 48.5, "svi": 0.46, "top_decile_gap": 0.0, "stratum": "metropolitan", "scored": 1}, "geometry": {"type": "Polygon", "coordinates": [[[-106.2445, 35.7571], [-106.2399, 35.7643], [-106.2243, 35.7671], [-106.2162, 35.7723], [-106.214, 35.7767], [-106.2085, 35.7778], [-106.2023, 35.7856], [-106.1979, 35.7876], [-106.1926, 35.8049], [-106.1805, 35.8088], [-106.1772, 35.8224], [-106.1691, 35.83], [-106.1687, 35.833], [-106.1631, 35.8364], [-106.1557, 35.8322], [-106.1364, 35.8129], [-106.1342, 35.8043], [-106.1211, 35.7896], [-106.102, 35.7494], [-106.0911, 35.7445], [-106.0809, 35.7438], [-106.0707, 35.7361], [-106.0686, 35.7316], [-106.0628, 35.7289], [-106.0432, 35.729], [-106.0279, 35.7225], [-106.0262, 35.7184], [-106.0197, 35.7147], [-106.0263, 35.7132], [-106.0289, 35.708], [-106.0363, 35.7039], [-106.0454, 35.7044], [-106.049, 35.6974], [-106.0519, 35.6962], [-106.0538, 35.6894], [-106.0678, 35.6805], [-106.0757, 35.6654], [-106.0855, 35.6559], [-106.1012, 35.6476], [-106.1088, 35.6404], [-106.1155, 35.6259], [-106.1226, 35.5974], [-106.1118, 35.5891], [-106.1133, 35.5745], [-106.0974, 35.5892], [-106.0818, 35.5953], [-106.0737, 35.5935], [-106.0666, 35.5875], [-106.1673, 35.5214], [-106.2077, 35.5211], [-106.2164, 35.5198], [-106.2306, 35.5136], [-106.2304, 35.4402], [-106.2488, 35.445], [-106.2505, 35.7558], [-106.2445, 35.7571]]]}}, {"type": "Feature", "properties": {"fips": "35061970405", "gap_national": -7.1, "gap_stratum": -5.6, "burden": 23.0, "capacity": 32.8, "svi": 0.29, "top_decile_gap": 0.0, "stratum": "metropolitan", "scored": 1}, "geometry": {"type": "Polygon", "coordinates": [[[-106.8534, 34.7785], [-106.8501, 34.8092], [-106.847, 34.8183], [-106.8049, 34.8238], [-106.7922, 34.8203], [-106.7809, 34.8202], [-106.7614, 34.8145], [-106.7854, 34.757], [-106.7913, 34.708], [-106.8053, 34.7237], [-106.8233, 34.7557], [-106.83, 34.7602], [-106.834, 34.7665], [-106.847, 34.7725], [-106.8589, 34.7731], [-106.8534, 34.7785]]]}}, {"type": "Feature", "properties": {"fips": "35061940300", "gap_national": 52.3, "gap_stratum": 57.2, "burden": 68.3, "capacity": 26.6, "svi": 0.3, "top_decile_gap": 0.0, "stratum": "metropolitan", "scored": 1}, "geometry": {"type": "Polygon", "coordinates": [[[-106.7144, 34.8796], [-106.7029, 34.8853], [-106.6964, 34.897], [-106.6849, 34.9063], [-106.4295, 34.9034], [-106.424, 34.9019], [-106.4181, 34.8923], [-106.4152, 34.893], [-106.4116, 34.8897], [-106.4118, 34.8703], [-106.4639, 34.8702], [-106.4645, 34.8105], [-106.6676, 34.8112], [-106.6641, 34.8362], [-106.6675, 34.8365], [-106.6672, 34.8385], [-106.6646, 34.8385], [-106.6656, 34.8424], [-106.6627, 34.8442], [-106.68, 34.8437], [-106.6846, 34.8481], [-106.6883, 34.8657], [-106.6845, 34.8711], [-106.7174, 34.8707], [-106.7201, 34.8721], [-106.7144, 34.8796]]]}}, {"type": "Feature", "properties": {"fips": "35001003806", "gap_national": -8.9, "gap_stratum": -4.0, "burden": 44.8, "capacity": 53.3, "svi": 0.12, "top_decile_gap": 0.0, "stratum": "metropolitan", "scored": 1}, "geometry": {"type": "Polygon", "coordinates": [[[-106.3671, 35.0989], [-106.3493, 35.1023], [-106.3279, 35.115], [-106.3198, 35.1147], [-106.299, 35.1042], [-106.2859, 35.1016], [-106.2438, 35.0839], [-106.2439, 35.0256], [-106.2967, 35.0263], [-106.3194, 35.0355], [-106.3246, 35.0323], [-106.3314, 35.032], [-106.3456, 35.0365], [-106.3619, 35.0324], [-106.3704, 35.0356], [-106.3817, 35.0358], [-106.3802, 35.0412], [-106.3824, 35.0503], [-106.3785, 35.0548], [-106.3878, 35.08], [-106.3671, 35.0989]]]}}, {"type": "Feature", "properties": {"fips": "35001004752", "gap_national": 29.5, "gap_stratum": 35.5, "burden": 41.4, "capacity": 17.6, "svi": 0.59, "top_decile_gap": 0.0, "stratum": "metropolitan", "scored": 1}, "geometry": {"type": "Polygon", "coordinates": [[[-106.6845, 35.1893], [-106.6807, 35.1922], [-106.6653, 35.1891], [-106.6625, 35.1861], [-106.6681, 35.1809], [-106.6877, 35.1799], [-106.6845, 35.1893]]]}}, {"type": "Feature", "properties": {"fips": "35001003736", "gap_national": 18.4, "gap_stratum": 22.9, "burden": 33.0, "capacity": 18.8, "svi": 0.83, "top_decile_gap": 0.0, "stratum": "metropolitan", "scored": 1}, "geometry": {"type": "Polygon", "coordinates": [[[-106.5997, 35.2041], [-106.5778, 35.2016], [-106.5901, 35.1464], [-106.6051, 35.1354], [-106.6053, 35.1873], [-106.5997, 35.2041]]]}}, {"type": "Feature", "properties": {"fips": "35001940700", "gap_national": 71.9, "gap_stratum": 72.9, "burden": 85.1, "capacity": 24.5, "svi": 0.65, "top_decile_gap": 1.0, "stratum": "metropolitan", "scored": 1}, "geometry": {"type": "Polygon", "coordinates": [[[-107.032, 34.9062], [-107.0342, 34.9131], [-107.0273, 34.9155], [-107.0245, 34.9204], [-107.021, 34.92], [-107.0211, 34.9223], [-107.0156, 34.9248], [-107.0174, 34.9266], [-107.0143, 34.9296], [-106.9992, 34.9363], [-106.9827, 34.9486], [-106.9812, 34.947], [-106.9813, 34.9524], [-106.9719, 34.9519], [-106.9689, 34.9494], [-106.9637, 34.9511], [-106.9638, 34.9529], [-106.9604, 34.9508], [-106.9517, 34.953], [-106.9457, 34.9574], [-106.7272, 34.9567], [-106.7254, 34.9565], [-106.7253, 34.9468], [-106.4377, 34.9473], [-106.4369, 34.9494], [-106.4318, 34.9473], [-106.3257, 34.9473], [-106.3258, 34.9423], [-106.3165, 34.9421], [-106.3165, 34.9385], [-106.3223, 34.9382], [-106.3219, 34.9335], [-106.3268, 34.9335], [-106.3269, 34.927], [-106.3204, 34.927], [-106.3188, 34.9015], [-106.3245, 34.8953], [-106.3283, 34.895], [-106.3364, 34.8833], [-106.3385, 34.8838], [-106.3499, 34.875], [-106.3556, 34.8719], [-106.3732, 34.8703], [-106.4118, 34.8703], [-106.4116, 34.8897], [-106.4152, 34.893], [-106.4181, 34.8923], [-106.424, 34.9019], [-106.4295, 34.9034], [-106.6849, 34.9063], [-106.6964, 34.897], [-106.7029, 34.8853], [-106.7144, 34.8796], [-106.7208, 34.8701], [-107.0245, 34.87], [-107.0257, 34.8758], [-107.0236, 34.8766], [-107.0267, 34.8787], [-107.0239, 34.8805], [-107.0257, 34.883], [-107.0224, 34.8847], [-107.0274, 34.886], [-107.025, 34.887], [-107.0278, 34.8939], [-107.0298, 34.8932], [-107.0294, 34.898], [-107.0346, 34.8999], [-107.0307, 34.9023], [-107.0373, 34.9059], [-107.032, 34.9062]]]}}, {"type": "Feature", "properties": {"fips": "35001004735", "gap_national": 42.0, "gap_stratum": 49.4, "burden": 43.4, "capacity": 3.2, "svi": 0.86, "top_decile_gap": 0.0, "stratum": "metropolitan", "scored": 1}, "geometry": {"type": "Polygon", "coordinates": [[[-106.7125, 35.0593], [-106.7035, 35.0612], [-106.7124, 35.0365], [-106.7205, 35.0377], [-106.7125, 35.0593]]]}}, {"type": "Feature", "properties": {"fips": "35001004744", "gap_national": -4.2, "gap_stratum": -2.5, "burden": 22.8, "capacity": 30.1, "svi": 0.27, "top_decile_gap": 0.0, "stratum": "metropolitan", "scored": 1}, "geometry": {"type": "Polygon", "coordinates": [[[-106.792, 35.1199], [-106.7876, 35.1159], [-106.7804, 35.1145], [-106.7803, 35.1115], [-106.7757, 35.1117], [-106.7616, 35.1011], [-106.7554, 35.1011], [-106.754, 35.1114], [-106.737, 35.1138], [-106.7278, 35.1179], [-106.7308, 35.114], [-106.7297, 35.1043], [-106.7404, 35.0953], [-106.7492, 35.0932], [-106.7467, 35.0859], [-106.7878, 35.0652], [-106.7977, 35.0818], [-106.7979, 35.1023], [-106.792, 35.1199]]]}}, {"type": "Feature", "properties": {"fips": "35001004733", "gap_national": 53.5, "gap_stratum": 61.5, "burden": 53.8, "capacity": 4.5, "svi": 0.79, "top_decile_gap": 1.0, "stratum": "metropolitan", "scored": 1}, "geometry": {"type": "Polygon", "coordinates": [[[-106.7225, 35.0581], [-106.7226, 35.051], [-106.7277, 35.0385], [-106.733, 35.039], [-106.7354, 35.0436], [-106.7373, 35.0433], [-106.7406, 35.0557], [-106.7225, 35.0581]]]}}, {"type": "Feature", "properties": {"fips": "35001004738", "gap_national": 39.5, "gap_stratum": 46.6, "burden": 41.3, "capacity": 3.6, "svi": 0.83, "top_decile_gap": 0.0, "stratum": "metropolitan", "scored": 1}, "geometry": {"type": "Polygon", "coordinates": [[[-106.7373, 35.0433], [-106.7354, 35.0436], [-106.733, 35.039], [-106.7124, 35.0365], [-106.7142, 35.0271], [-106.7198, 35.0249], [-106.7401, 35.0246], [-106.7373, 35.0433]]]}}, {"type": "Feature", "properties": {"fips": "35025000704", "gap_national": 53.8, "gap_stratum": 26.6, "burden": 57.3, "capacity": 10.7, "svi": 0.71, "top_decile_gap": 1.0, "stratum": "micropolitan", "scored": 1}, "geometry": {"type": "Polygon", "coordinates": [[[-103.1449, 32.7984], [-103.1175, 32.7984], [-103.1189, 32.7639], [-103.1277, 32.7646], [-103.1277, 32.7475], [-103.1449, 32.7457], [-103.1449, 32.7984]]]}}, {"type": "Feature", "properties": {"fips": "35035000401", "gap_national": 36.9, "gap_stratum": 14.3, "burden": 61.7, "capacity": 33.5, "svi": 0.72, "top_decile_gap": 0.0, "stratum": "micropolitan", "scored": 1}, "geometry": {"type": "Polygon", "coordinates": [[[-105.9435, 32.8981], [-105.9335, 32.8996], [-105.9289, 32.9041], [-105.9178, 32.9049], [-105.9069, 32.9135], [-105.9088, 32.9109], [-105.9051, 32.9078], [-105.915, 32.8981], [-105.9104, 32.8917], [-105.9398, 32.8901], [-105.9441, 32.8904], [-105.9435, 32.8981]]]}}, {"type": "Feature", "properties": {"fips": "35035000100", "gap_national": 84.2, "gap_stratum": 83.7, "burden": 91.5, "capacity": 17.4, "svi": 0.73, "top_decile_gap": 1.0, "stratum": "micropolitan", "scored": 1}, "geometry": {"type": "Polygon", "coordinates": [[[-105.9446, 32.8999], [-105.9436, 32.905], [-105.9435, 32.9017], [-105.9375, 32.9018], [-105.9374, 32.8981], [-105.9435, 32.8981], [-105.9441, 32.8904], [-105.9614, 32.8902], [-105.9616, 32.8997], [-105.9446, 32.8999]]]}}, {"type": "Feature", "properties": {"fips": "35043940700", "gap_national": 72.7, "gap_stratum": 51.4, "burden": 76.9, "capacity": 15.0, "svi": 0.85, "top_decile_gap": 1.0, "stratum": "rural", "scored": 1}, "geometry": {"type": "Polygon", "coordinates": [[[-106.4903, 35.4508], [-106.4902, 35.4653], [-106.4944, 35.4653], [-106.4946, 35.4728], [-106.4858, 35.4727], [-106.4858, 35.4778], [-106.4944, 35.4779], [-106.4944, 35.4947], [-106.4995, 35.4946], [-106.4992, 35.5093], [-106.5032, 35.5095], [-106.5032, 35.5239], [-106.4943, 35.5239], [-106.4941, 35.533], [-106.4871, 35.533], [-106.4005, 35.4766], [-106.3427, 35.4765], [-106.3425, 35.4708], [-106.3559, 35.4712], [-106.3552, 35.3656], [-106.3586, 35.3637], [-106.3997, 35.3652], [-106.3997, 35.3544], [-106.3948, 35.3542], [-106.3948, 35.3484], [-106.4042, 35.3483], [-106.4043, 35.3546], [-106.5137, 35.3596], [-106.5095, 35.3655], [-106.5097, 35.3681], [-106.5142, 35.3682], [-106.5159, 35.3731], [-106.5118, 35.3795], [-106.4954, 35.3802], [-106.4871, 35.3846], [-106.4872, 35.3877], [-106.4964, 35.3876], [-106.5012, 35.3823], [-106.5014, 35.3925], [-106.4872, 35.3932], [-106.4872, 35.3957], [-106.4918, 35.3959], [-106.4917, 35.3993], [-106.4948, 35.3993], [-106.4947, 35.4031], [-106.5044, 35.403], [-106.5046, 35.4073], [-106.5084, 35.4074], [-106.5085, 35.411], [-106.5127, 35.4111], [-106.5127, 35.4146], [-106.5301, 35.4149], [-106.5301, 35.4508], [-106.4903, 35.4508]]]}}, {"type": "Feature", "properties": {"fips": "35043940500", "gap_national": 73.0, "gap_stratum": 77.0, "burden": 76.8, "capacity": 14.5, "svi": 0.9, "top_decile_gap": 1.0, "stratum": "metropolitan", "scored": 1}, "geometry": {"type": "Polygon", "coordinates": [[[-106.5734, 35.3036], [-106.5634, 35.3068], [-106.5598, 35.3107], [-106.5401, 35.3008], [-106.5532, 35.286], [-106.555, 35.2918], [-106.56, 35.2951], [-106.5782, 35.2986], [-106.5734, 35.3036]]]}}, {"type": "Feature", "properties": {"fips": "35043940600", "gap_national": 76.4, "gap_stratum": 73.4, "burden": 87.3, "capacity": 22.1, "svi": 0.74, "top_decile_gap": 1.0, "stratum": "rural", "scored": 1}, "geometry": {"type": "Polygon", "coordinates": [[[-106.8497, 35.6532], [-106.8498, 35.6499], [-106.6801, 35.65], [-106.6805, 35.6392], [-106.6692, 35.639], [-106.6688, 35.6232], [-106.6243, 35.6236], [-106.6234, 35.5516], [-106.6389, 35.5517], [-106.7074, 35.5749], [-106.858, 35.5755], [-106.8583, 35.6531], [-106.8497, 35.6532]]]}}, {"type": "Feature", "properties": {"fips": "35045000708", "gap_national": 67.7, "gap_stratum": 72.5, "burden": 72.8, "capacity": 15.7, "svi": 0.8, "top_decile_gap": 1.0, "stratum": "metropolitan", "scored": 1}, "geometry": {"type": "Polygon", "coordinates": [[[-108.0962, 36.7136], [-108.0881, 36.7194], [-108.0863, 36.7276], [-108.0875, 36.743], [-108.046, 36.7436], [-108.0152, 36.739], [-108.0172, 36.7373], [-108.0171, 36.7276], [-108.0202, 36.7257], [-108.0226, 36.7173], [-108.022, 36.714], [-108.0175, 36.7146], [-108.0175, 36.7089], [-108.0127, 36.7071], [-108.0119, 36.7043], [-108.0149, 36.7008], [-108.0109, 36.7], [-108.0153, 36.6958], [-108.0258, 36.695], [-108.0265, 36.6967], [-108.04, 36.6897], [-108.0451, 36.6904], [-108.0542, 36.686], [-108.0591, 36.6892], [-108.0672, 36.6856], [-108.07, 36.6877], [-108.0806, 36.687], [-108.085, 36.6905], [-108.0957, 36.6894], [-108.0946, 36.7022], [-108.0988, 36.703], [-108.0962, 36.7136]]]}}, {"type": "Feature", "properties": {"fips": "35045942803", "gap_national": 83.0, "gap_stratum": 76.9, "burden": 88.0, "capacity": 15.5, "svi": 0.97, "top_decile_gap": 1.0, "stratum": "small_town", "scored": 1}, "geometry": {"type": "Polygon", "coordinates": [[[-108.7237, 36.7518], [-108.7284, 36.7589], [-108.7254, 36.7775], [-108.7296, 36.7813], [-108.7293, 36.7896], [-108.7163, 36.7926], [-108.7121, 36.7898], [-108.7066, 36.7918], [-108.6956, 36.7884], [-108.6939, 36.7816], [-108.6843, 36.7794], [-108.6774, 36.7621], [-108.6872, 36.7438], [-108.7053, 36.7356], [-108.7063, 36.7308], [-108.7301, 36.7367], [-108.7237, 36.7518]]]}}, {"type": "Feature", "properties": {"fips": "35045000900", "gap_national": 41.3, "gap_stratum": 47.5, "burden": 58.3, "capacity": 25.7, "svi": 0.6, "top_decile_gap": 0.0, "stratum": "metropolitan", "scored": 1}, "geometry": {"type": "Polygon", "coordinates": [[[-108.1284, 36.698], [-108.1223, 36.7017], [-108.1137, 36.7016], [-108.1105, 36.6956], [-108.1027, 36.694], [-108.1, 36.6909], [-108.0924, 36.6891], [-108.085, 36.6905], [-108.0806, 36.687], [-108.07, 36.6877], [-108.0672, 36.6856], [-108.0591, 36.6892], [-108.0542, 36.686], [-108.0451, 36.6904], [-108.04, 36.6897], [-108.0265, 36.6967], [-108.0228, 36.6958], [-108.0205, 36.6852], [-108.0139, 36.6837], [-108.0149, 36.6792], [-108.0224, 36.6752], [-108.0378, 36.675], [-108.0417, 36.6719], [-108.0395, 36.6606], [-108.0432, 36.6589], [-108.0475, 36.6611], [-108.0482, 36.6684], [-108.0515, 36.6713], [-108.0632, 36.6702], [-108.0683, 36.6731], [-108.0755, 36.6724], [-108.0748, 36.6756], [-108.0817, 36.6762], [-108.0989, 36.6847], [-108.1046, 36.6904], [-108.1105, 36.692], [-108.1137, 36.69], [-108.1165, 36.6943], [-108.1261, 36.6923], [-108.1277, 36.695], [-108.1338, 36.6956], [-108.1341, 36.698], [-108.1284, 36.698]]]}}, {"type": "Feature", "properties": {"fips": "35009000601", "gap_national": 60.0, "gap_stratum": 52.2, "burden": 80.6, "capacity": 31.9, "svi": 0.47, "top_decile_gap": 1.0, "stratum": "micropolitan", "scored": 1}, "geometry": {"type": "Polygon", "coordinates": [[[-103.7382, 34.6051], [-103.7061, 34.605], [-103.7058, 34.6924], [-103.496, 34.6914], [-103.4954, 34.6335], [-103.3904, 34.633], [-103.3895, 34.5504], [-103.3718, 34.5508], [-103.3724, 34.4199], [-103.3196, 34.4197], [-103.3196, 34.4124], [-103.3372, 34.4123], [-103.3372, 34.4055], [-103.3371, 34.3725], [-103.3236, 34.3726], [-103.3235, 34.3654], [-103.3196, 34.3654], [-103.3196, 34.3033], [-103.7401, 34.3031], [-103.7382, 34.6051]]]}}, {"type": "Feature", "properties": {"fips": "35045000610", "gap_national": 41.0, "gap_stratum": 47.5, "burden": 56.1, "capacity": 23.4, "svi": 0.62, "top_decile_gap": 0.0, "stratum": "metropolitan", "scored": 1}, "geometry": {"type": "Polygon", "coordinates": [[[-107.994, 36.8536], [-107.9967, 36.8492], [-107.9936, 36.8434], [-107.9906, 36.8415], [-107.9885, 36.8459], [-107.9833, 36.8443], [-107.9783, 36.846], [-107.9765, 36.8423], [-107.9706, 36.8512], [-107.9592, 36.8569], [-107.9524, 36.8656], [-107.9291, 36.8594], [-107.9193, 36.8593], [-107.9196, 36.8539], [-107.9274, 36.8504], [-107.929, 36.8382], [-107.9217, 36.8282], [-107.9146, 36.825], [-107.9205, 36.8072], [-107.9552, 36.795], [-107.9742, 36.782], [-107.9799, 36.7756], [-107.9854, 36.7917], [-107.9997, 36.8063], [-107.9999, 36.8108], [-107.9936, 36.8261], [-108.0095, 36.8267], [-108.0129, 36.844], [-107.994, 36.8536]]]}}, {"type": "Feature", "properties": {"fips": "35045000100", "gap_national": 60.4, "gap_stratum": 66.9, "burden": 64.7, "capacity": 13.2, "svi": 0.86, "top_decile_gap": 1.0, "stratum": "metropolitan", "scored": 1}, "geometry": {"type": "Polygon", "coordinates": [[[-108.207, 36.7231], [-108.2074, 36.7212], [-108.2027, 36.7204], [-108.1999, 36.7254], [-108.1927, 36.7258], [-108.1862, 36.7322], [-108.177, 36.733], [-108.1667, 36.7394], [-108.1673, 36.7328], [-108.1606, 36.7271], [-108.1576, 36.7186], [-108.1511, 36.7157], [-108.1523, 36.7125], [-108.1496, 36.709], [-108.15, 36.7072], [-108.172, 36.711], [-108.1866, 36.705], [-108.2093, 36.7063], [-108.2226, 36.7142], [-108.224, 36.7218], [-108.207, 36.7231]]]}}, {"type": "Feature", "properties": {"fips": "35045000707", "gap_national": 81.7, "gap_stratum": 83.3, "burden": 85.6, "capacity": 14.5, "svi": 0.85, "top_decile_gap": 1.0, "stratum": "metropolitan", "scored": 1}, "geometry": {"type": "Polygon", "coordinates": [[[-107.98, 36.7756], [-107.979, 36.7113], [-107.9847, 36.7112], [-107.9867, 36.6996], [-107.9973, 36.697], [-108.0149, 36.7008], [-108.0119, 36.7043], [-108.0127, 36.7071], [-108.0175, 36.7089], [-108.0175, 36.7146], [-108.022, 36.714], [-108.0226, 36.7173], [-108.0202, 36.7257], [-108.0171, 36.7276], [-108.0172, 36.7373], [-108.0152, 36.739], [-108.0537, 36.7436], [-107.98, 36.7756]]]}}, {"type": "Feature", "properties": {"fips": "35045000204", "gap_national": 55.9, "gap_stratum": 61.3, "burden": 68.1, "capacity": 22.5, "svi": 0.73, "top_decile_gap": 1.0, "stratum": "metropolitan", "scored": 1}, "geometry": {"type": "Polygon", "coordinates": [[[-108.1583, 36.7511], [-108.1539, 36.764], [-108.1225, 36.7797], [-108.121, 36.7714], [-108.1287, 36.7671], [-108.1301, 36.7624], [-108.1392, 36.7553], [-108.1547, 36.7461], [-108.1673, 36.7328], [-108.1679, 36.7428], [-108.1583, 36.7511]]]}}, {"type": "Feature", "properties": {"fips": "35057963201", "gap_national": 53.5, "gap_stratum": 57.4, "burden": 72.3, "capacity": 29.9, "svi": 0.49, "top_decile_gap": 1.0, "stratum": "metropolitan", "scored": 1}, "geometry": {"type": "Polygon", "coordinates": [[[-106.0677, 35.0406], [-106.0679, 35.0145], [-106.0658, 35.0104], [-106.0677, 35.0109], [-106.0676, 34.9971], [-106.0588, 34.9971], [-106.059, 34.9859], [-106.0507, 34.986], [-106.051, 34.9679], [-106.1385, 34.9678], [-106.1384, 34.9534], [-106.1472, 34.9532], [-106.1498, 34.9499], [-106.1498, 34.9535], [-106.2438, 34.9534], [-106.2439, 35.04], [-106.0677, 35.0406]]]}}, {"type": "Feature", "properties": {"fips": "35039000100", "gap_national": 69.4, "gap_stratum": 66.3, "burden": 85.8, "capacity": 27.9, "svi": 0.29, "top_decile_gap": 1.0, "stratum": "micropolitan", "scored": 1}, "geometry": {"type": "Polygon", "coordinates": [[[-105.9839, 36.0396], [-105.9845, 36.0474], [-105.9753, 36.0519], [-105.9694, 36.0522], [-105.9608, 36.047], [-105.9543, 36.0519], [-105.9438, 36.0486], [-105.9296, 36.048], [-105.9122, 36.04], [-105.9023, 36.0438], [-105.895, 36.0404], [-105.8652, 36.0501], [-105.8651, 36.0559], [-105.8587, 36.0538], [-105.8515, 36.0452], [-105.8404, 36.0401], [-105.8132, 36.0441], [-105.8094, 36.0524], [-105.8052, 36.0531], [-105.81, 36.0581], [-105.8023, 36.0633], [-105.7965, 36.0768], [-105.7978, 36.0794], [-105.7885, 36.0824], [-105.7805, 36.0913], [-105.772, 36.1149], [-105.7614, 36.1298], [-105.7359, 36.1001], [-105.5304, 36.013], [-105.5342, 36.0071], [-105.5301, 36.0018], [-105.5371, 35.9909], [-105.5575, 35.984], [-105.568, 35.9738], [-105.5864, 35.9735], [-105.5918, 35.9765], [-105.6034, 35.9733], [-105.6321, 35.9796], [-105.6444, 35.9689], [-105.6452, 35.9622], [-105.66, 35.9585], [-105.663, 35.962], [-105.6707, 35.9629], [-105.6809, 35.9686], [-105.6878, 35.969], [-105.6924, 35.9658], [-105.7076, 35.9687], [-105.7133, 35.9773], [-105.7175, 35.9787], [-105.7168, 36.0023], [-105.9877, 36.0021], [-105.9865, 36.011], [-105.99, 36.0263], [-105.9839, 36.0396]]]}}, {"type": "Feature", "properties": {"fips": "35015000800", "gap_national": 62.2, "gap_stratum": 39.1, "burden": 65.3, "capacity": 11.8, "svi": 0.67, "top_decile_gap": 1.0, "stratum": "micropolitan", "scored": 1}, "geometry": {"type": "Polygon", "coordinates": [[[-104.3256, 32.0113], [-104.3203, 32.0158], [-104.3223, 32.0183], [-104.3197, 32.0245], [-104.3108, 32.0336], [-104.2995, 32.0317], [-104.2909, 32.0402], [-104.2741, 32.0413], [-104.2485, 32.0515], [-104.2472, 32.0572], [-104.2517, 32.079], [-104.2393, 32.1192], [-104.2345, 32.1277], [-104.2332, 32.1428], [-104.2221, 32.1756], [-104.2215, 32.2113], [-104.2233, 32.2207], [-104.2213, 32.2228], [-104.2206, 32.2822], [-104.1995, 32.2934], [-104.1975, 32.3022], [-104.1919, 32.3081], [-104.1845, 32.3128], [-104.1762, 32.307], [-104.1523, 32.3126], [-104.061, 32.3117], [-104.025, 32.3239], [-104.0019, 32.3422], [-103.9878, 32.3414], [-103.9768, 32.3462], [-103.8901, 32.3621], [-103.7229, 32.4059], [-103.7229, 32.0002], [-104.3296, 32.0001], [-104.3256, 32.0113]]]}}, {"type": "Feature", "properties": {"fips": "35055952101", "gap_national": -15.3, "gap_stratum": -41.6, "burden": 42.9, "capacity": 56.2, "svi": 0.42, "top_decile_gap": 0.0, "stratum": "micropolitan", "scored": 1}, "geometry": {"type": "Polygon", "coordinates": [[[-105.6716, 36.573], [-105.6621, 36.5825], [-105.6373, 36.5876], [-105.6283, 36.5851], [-105.6099, 36.5865], [-105.6054, 36.5817], [-105.5897, 36.5945], [-105.5839, 36.5929], [-105.5811, 36.5957], [-105.5691, 36.5953], [-105.5579, 36.6052], [-105.5286, 36.6117], [-105.5234, 36.617], [-105.5145, 36.6164], [-105.5097, 36.6118], [-105.5006, 36.6116], [-105.4954, 36.6176], [-105.4864, 36.6178], [-105.4801, 36.6223], [-105.4681, 36.6206], [-105.4636, 36.6222], [-105.4616, 36.6323], [-105.4579, 36.6354], [-105.4527, 36.6321], [-105.4494, 36.625], [-105.4378, 36.6126], [-105.4257, 36.6134], [-105.4243, 36.609], [-105.4275, 36.5967], [-105.4245, 36.592], [-105.4259, 36.5769], [-105.4141, 36.5623], [-105.4169, 36.5566], [-105.4161, 36.5489], [-105.4279, 36.5432], [-105.4373, 36.5441], [-105.4456, 36.5485], [-105.4517, 36.5345], [-105.456, 36.5308], [-105.4753, 36.5305], [-105.4836, 36.5339], [-105.5354, 36.5187], [-105.5657, 36.5177], [-105.5803, 36.511], [-105.5931, 36.4989], [-105.5933, 36.455], [-105.6144, 36.4747], [-105.6308, 36.5236], [-105.6355, 36.5236], [-105.6368, 36.528], [-105.6589, 36.516], [-105.6668, 36.5208], [-105.6669, 36.5365], [-105.6701, 36.541], [-105.6745, 36.5638], [-105.6716, 36.573]]]}}, {"type": "Feature", "properties": {"fips": "35055952601", "gap_national": 22.0, "gap_stratum": -3.5, "burden": 53.5, "capacity": 38.0, "svi": 0.83, "top_decile_gap": 0.0, "stratum": "micropolitan", "scored": 1}, "geometry": {"type": "Polygon", "coordinates": [[[-105.5756, 36.4014], [-105.5631, 36.4013], [-105.5558, 36.3929], [-105.553, 36.3928], [-105.5576, 36.3853], [-105.5515, 36.3772], [-105.585, 36.3777], [-105.5898, 36.3797], [-105.5756, 36.4014]]]}}, {"type": "Feature", "properties": {"fips": "35027960402", "gap_national": -30.3, "gap_stratum": -69.1, "burden": 51.3, "capacity": 73.3, "svi": 0.24, "top_decile_gap": 0.0, "stratum": "rural", "scored": 1}, "geometry": {"type": "Polygon", "coordinates": [[[-105.81, 33.4144], [-105.795, 33.4162], [-105.7904, 33.422], [-105.7679, 33.4339], [-105.7674, 33.4383], [-105.7554, 33.4472], [-105.7522, 33.455], [-105.7419, 33.458], [-105.7377, 33.4545], [-105.7325, 33.4559], [-105.7285, 33.4529], [-105.7196, 33.4545], [-105.7113, 33.4513], [-105.6971, 33.4525], [-105.6724, 33.4471], [-105.6638, 33.4483], [-105.6495, 33.4439], [-105.6347, 33.4461], [-105.6127, 33.4598], [-105.6013, 33.4627], [-105.595, 33.4619], [-105.5959, 33.4599], [-105.6001, 33.4598], [-105.5972, 33.4536], [-105.6124, 33.4409], [-105.6133, 33.4356], [-105.6262, 33.4305], [-105.6389, 33.4175], [-105.6598, 33.4072], [-105.6758, 33.4039], [-105.6806, 33.3988], [-105.6949, 33.3999], [-105.7347, 33.3907], [-105.7845, 33.3904], [-105.7903, 33.3979], [-105.801, 33.4006], [-105.8118, 33.3973], [-105.8183, 33.399], [-105.81, 33.4144]]]}}, {"type": "Feature", "properties": {"fips": "35027960601", "gap_national": 47.8, "gap_stratum": 41.7, "burden": 81.3, "capacity": 42.5, "svi": 0.81, "top_decile_gap": 0.0, "stratum": "micropolitan", "scored": 1}, "geometry": {"type": "Polygon", "coordinates": [[[-105.6949, 33.3999], [-105.6806, 33.3988], [-105.6725, 33.3838], [-105.6724, 33.3753], [-105.6638, 33.3654], [-105.6677, 33.3549], [-105.675, 33.3507], [-105.674, 33.3413], [-105.676, 33.337], [-105.6846, 33.3336], [-105.7261, 33.3363], [-105.7272, 33.3906], [-105.7347, 33.3907], [-105.6949, 33.3999]]]}}, {"type": "Feature", "properties": {"fips": "35027960603", "gap_national": -27.1, "gap_stratum": -59.4, "burden": 53.4, "capacity": 72.7, "svi": 0.4, "top_decile_gap": 0.0, "stratum": "micropolitan", "scored": 1}, "geometry": {"type": "Polygon", "coordinates": [[[-105.6734, 33.3971], [-105.6564, 33.3911], [-105.6177, 33.39], [-105.6406, 33.3896], [-105.6469, 33.3845], [-105.6388, 33.3813], [-105.6377, 33.3774], [-105.6389, 33.3716], [-105.6433, 33.3707], [-105.6439, 33.3479], [-105.6538, 33.3513], [-105.6559, 33.3546], [-105.6593, 33.3491], [-105.6683, 33.3475], [-105.6751, 33.3486], [-105.675, 33.3507], [-105.6677, 33.3549], [-105.6638, 33.3654], [-105.6724, 33.3753], [-105.6725, 33.3838], [-105.6776, 33.3908], [-105.6786, 33.3968], [-105.6734, 33.3971]]]}}, {"type": "Feature", "properties": {"fips": "35029000402", "gap_national": 56.0, "gap_stratum": 51.6, "burden": 83.1, "capacity": 37.5, "svi": 0.64, "top_decile_gap": 1.0, "stratum": "micropolitan", "scored": 1}, "geometry": {"type": "Polygon", "coordinates": [[[-107.7172, 32.2282], [-107.6256, 32.2386], [-107.6018, 32.2385], [-107.6027, 32.2428], [-107.6221, 32.2431], [-107.64, 32.2466], [-107.6873, 32.268], [-107.7145, 32.2691], [-107.7132, 32.2761], [-107.6974, 32.2804], [-107.6329, 32.2872], [-107.5673, 32.2803], [-107.4408, 32.2422], [-107.3929, 32.2365], [-107.3846, 32.237], [-107.3637, 32.2443], [-107.2984, 32.243], [-107.2968, 31.7838], [-107.6279, 31.7836], [-107.7008, 32.0388], [-107.7044, 32.0433], [-107.698, 32.0521], [-107.6819, 32.058], [-107.6738, 32.0579], [-107.6666, 32.1349], [-107.681, 32.1379], [-107.7174, 32.1382], [-107.7172, 32.2282]]]}}, {"type": "Feature", "properties": {"fips": "35029000401", "gap_national": 72.3, "gap_stratum": 64.9, "burden": 81.9, "capacity": 21.0, "svi": 0.95, "top_decile_gap": 1.0, "stratum": "micropolitan", "scored": 1}, "geometry": {"type": "Polygon", "coordinates": [[[-107.9417, 31.855], [-107.9184, 31.8727], [-107.9141, 31.8784], [-107.847, 32.067], [-107.7833, 32.0673], [-107.7835, 32.0781], [-107.786, 32.0796], [-107.7853, 32.1814], [-107.8063, 32.1812], [-107.7906, 32.225], [-107.7172, 32.2252], [-107.7174, 32.1382], [-107.681, 32.1379], [-107.6666, 32.1349], [-107.6738, 32.0579], [-107.6819, 32.058], [-107.698, 32.0521], [-107.7044, 32.0433], [-107.7008, 32.0388], [-107.6279, 31.7836], [-107.8659, 31.7836], [-107.8638, 31.7921], [-107.8931, 31.7921], [-107.8935, 31.8102], [-107.9103, 31.8287], [-107.9104, 31.8371], [-107.9223, 31.8391], [-107.9263, 31.8426], [-107.9526, 31.851], [-107.9513, 31.8531], [-107.9417, 31.855]]]}}, {"type": "Feature", "properties": {"fips": "35031940302", "gap_national": 88.0, "gap_stratum": 84.8, "burden": 90.6, "capacity": 12.3, "svi": 0.98, "top_decile_gap": 1.0, "stratum": "rural", "scored": 1}, "geometry": {"type": "Polygon", "coordinates": [[[-108.887, 35.0763], [-108.8833, 35.0816], [-108.8805, 35.078], [-108.8773, 35.078], [-108.8728, 35.083], [-108.876, 35.0863], [-108.8709, 35.0936], [-108.851, 35.0932], [-108.8341, 35.0876], [-108.8515, 35.0686], [-108.8511, 35.0666], [-108.8267, 35.068], [-108.8185, 35.0762], [-108.8133, 35.0778], [-108.8145, 35.07], [-108.8076, 35.0634], [-108.8456, 35.0532], [-108.8455, 35.0485], [-108.8531, 35.0445], [-108.8556, 35.0482], [-108.8603, 35.0473], [-108.8661, 35.0515], [-108.8684, 35.0397], [-108.8747, 35.0399], [-108.8802, 35.0455], [-108.8827, 35.0521], [-108.8983, 35.0448], [-108.901, 35.0542], [-108.8993, 35.0599], [-108.9036, 35.071], [-108.9119, 35.0742], [-108.9122, 35.0788], [-108.9234, 35.0859], [-108.887, 35.0763]]]}}, {"type": "Feature", "properties": {"fips": "35031945202", "gap_national": 94.0, "gap_stratum": 93.2, "burden": 94.4, "capacity": 7.9, "svi": 0.92, "top_decile_gap": 1.0, "stratum": "micropolitan", "scored": 1}, "geometry": {"type": "Polygon", "coordinates": [[[-108.8848, 35.5035], [-108.8799, 35.5104], [-108.8659, 35.515], [-108.8647, 35.5239], [-108.8683, 35.5251], [-108.8597, 35.5458], [-108.8621, 35.5562], [-108.8554, 35.5587], [-108.8511, 35.5543], [-108.8456, 35.5556], [-108.8449, 35.5519], [-108.8407, 35.5515], [-108.8217, 35.5537], [-108.813, 35.5513], [-108.8036, 35.5534], [-108.7889, 35.5576], [-108.7748, 35.5695], [-108.7654, 35.5724], [-108.7631, 35.5754], [-108.7658, 35.579], [-108.7644, 35.5848], [-108.7579, 35.5798], [-108.7587, 35.5414], [-108.7644, 35.5398], [-108.7769, 35.5467], [-108.7843, 35.544], [-108.7885, 35.5459], [-108.7936, 35.5442], [-108.8134, 35.5309], [-108.8122, 35.5272], [-108.8148, 35.5216], [-108.8212, 35.52], [-108.8148, 35.5156], [-108.8125, 35.5088], [-108.8295, 35.5058], [-108.8372, 35.5], [-108.8476, 35.498], [-108.8606, 35.4966], [-108.8606, 35.5], [-108.8658, 35.4995], [-108.8658, 35.4954], [-108.8841, 35.4908], [-108.8837, 35.501], [-108.8895, 35.5011], [-108.8848, 35.5035]]]}}, {"type": "Feature", "properties": {"fips": "35061971301", "gap_national": 73.5, "gap_stratum": 73.1, "burden": 89.5, "capacity": 27.0, "svi": 0.83, "top_decile_gap": 1.0, "stratum": "metropolitan", "scored": 1}, "geometry": {"type": "Polygon", "coordinates": [[[-107.2029, 34.9576], [-107.0666, 34.9572], [-107.0255, 34.8704], [-107.0207, 34.8698], [-107.0202, 34.8664], [-107.0137, 34.8629], [-107.0097, 34.8576], [-107.0183, 34.8576], [-107.0097, 34.8554], [-107.0109, 34.8537], [-107.0055, 34.8494], [-107.0053, 34.8459], [-106.9981, 34.8412], [-107.0015, 34.8394], [-107.0009, 34.8377], [-106.9972, 34.8382], [-106.9934, 34.8295], [-106.9912, 34.8304], [-106.9935, 34.8247], [-106.9969, 34.8232], [-106.9945, 34.8221], [-106.9926, 34.8105], [-106.9909, 34.8108], [-106.9936, 34.8036], [-106.9886, 34.801], [-106.9912, 34.7984], [-106.9895, 34.7937], [-106.9794, 34.7891], [-106.966, 34.7785], [-106.9462, 34.7784], [-106.9269, 34.7841], [-106.9204, 34.7838], [-106.8905, 34.7632], [-106.8547, 34.7741], [-106.847, 34.7725], [-106.834, 34.7665], [-106.83, 34.7602], [-106.822, 34.7542], [-106.8053, 34.7237], [-106.7913, 34.708], [-106.7971, 34.6614], [-106.7957, 34.6521], [-106.7841, 34.6351], [-106.7829, 34.628], [-106.7978, 34.5438], [-106.8827, 34.5795], [-107.2017, 34.5788], [-107.202, 34.6088], [-107.2044, 34.6088], [-107.2029, 34.9576]], [[-106.8491, 34.6525], [-106.8491, 34.6351], [-106.8271, 34.635], [-106.8271, 34.6332], [-106.8228, 34.6332], [-106.8205, 34.635], [-106.8205, 34.6551], [-106.8491, 34.6561], [-106.8513, 34.6525], [-106.8491, 34.6525]]]}}, {"type": "Feature", "properties": {"fips": "35061970304", "gap_national": 26.8, "gap_stratum": 32.6, "burden": 52.5, "capacity": 33.0, "svi": 0.49, "top_decile_gap": 0.0, "stratum": "metropolitan", "scored": 1}, "geometry": {"type": "Polygon", "coordinates": [[[-106.7269, 34.7459], [-106.7201, 34.7654], [-106.708, 34.7764], [-106.7018, 34.7903], [-106.701, 34.7973], [-106.6737, 34.7962], [-106.6737, 34.7876], [-106.6787, 34.7759], [-106.6889, 34.7622], [-106.6974, 34.7592], [-106.7007, 34.7527], [-106.7063, 34.7525], [-106.7052, 34.737], [-106.7032, 34.735], [-106.7122, 34.7249], [-106.7129, 34.7196], [-106.7313, 34.7198], [-106.7269, 34.7459]]]}}, {"type": "Feature", "properties": {"fips": "35061970103", "gap_national": 50.5, "gap_stratum": 55.6, "burden": 67.6, "capacity": 27.5, "svi": 0.74, "top_decile_gap": 0.0, "stratum": "metropolitan", "scored": 1}, "geometry": {"type": "Polygon", "coordinates": [[[-106.7072, 34.8126], [-106.714, 34.8273], [-106.7132, 34.8307], [-106.7061, 34.8125], [-106.6967, 34.8159], [-106.6875, 34.8134], [-106.6841, 34.8171], [-106.6787, 34.814], [-106.6784, 34.8162], [-106.6674, 34.8155], [-106.6676, 34.8112], [-106.654, 34.8112], [-106.6579, 34.7976], [-106.6746, 34.7961], [-106.7147, 34.7978], [-106.713, 34.8032], [-106.7181, 34.8047], [-106.7072, 34.8126]]]}}, {"type": "Feature", "properties": {"fips": "35035000702", "gap_national": 62.9, "gap_stratum": 79.3, "burden": 96.7, "capacity": 40.7, "svi": 0.74, "top_decile_gap": 1.0, "stratum": "rural", "scored": 1}, "geometry": {"type": "Polygon", "coordinates": [[[-106.0107, 33.0695], [-106.0106, 33.0798], [-105.9813, 33.0823], [-105.9391, 33.1082], [-105.8744, 33.1602], [-105.8687, 33.162], [-105.8469, 33.1598], [-105.8272, 33.1645], [-105.8272, 33.1029], [-105.8251, 33.0852], [-105.8291, 33.077], [-105.8292, 33.0334], [-105.8377, 33.0337], [-105.8378, 33.0309], [-105.8487, 33.0227], [-105.8463, 33.0261], [-105.8642, 33.0182], [-105.8864, 33.0212], [-105.8941, 33.0186], [-105.8977, 33.0201], [-105.9331, 33.0077], [-105.9383, 33.0119], [-105.9552, 33.0121], [-105.9748, 33.0078], [-105.9828, 33.0039], [-105.9923, 33.0039], [-106.0147, 33.0594], [-106.0156, 33.0695], [-106.0107, 33.0695]]]}}, {"type": "Feature", "properties": {"fips": "35035000404", "gap_national": 33.4, "gap_stratum": 6.8, "burden": 52.3, "capacity": 26.7, "svi": 0.54, "top_decile_gap": 0.0, "stratum": "micropolitan", "scored": 1}, "geometry": {"type": "Polygon", "coordinates": [[[-105.9701, 32.8445], [-105.9628, 32.8446], [-105.963, 32.8379], [-105.9555, 32.8378], [-105.9556, 32.8362], [-105.942, 32.8432], [-105.9349, 32.8515], [-105.9349, 32.8692], [-105.9392, 32.8693], [-105.9392, 32.8755], [-105.9642, 32.8744], [-105.9614, 32.8902], [-105.9168, 32.8902], [-105.9143, 32.8867], [-105.9174, 32.8832], [-105.9145, 32.8802], [-105.9194, 32.8809], [-105.9183, 32.8769], [-105.9202, 32.8756], [-105.9151, 32.8728], [-105.9187, 32.8694], [-105.9153, 32.8665], [-105.9176, 32.8657], [-105.9172, 32.8635], [-105.9133, 32.8609], [-105.9172, 32.861], [-105.925, 32.8522], [-105.9271, 32.8444], [-105.9293, 32.845], [-105.9305, 32.8394], [-105.9252, 32.8355], [-105.9305, 32.8361], [-105.9301, 32.8317], [-105.934, 32.8251], [-105.9325, 32.8207], [-105.928, 32.8233], [-105.9285, 32.8198], [-105.9258, 32.8172], [-105.975, 32.8156], [-105.9701, 32.8445]]]}}, {"type": "Feature", "properties": {"fips": "35015001001", "gap_national": 24.8, "gap_stratum": 1.1, "burden": 37.9, "capacity": 18.2, "svi": 0.43, "top_decile_gap": 0.0, "stratum": "micropolitan", "scored": 1}, "geometry": {"type": "Polygon", "coordinates": [[[-104.4649, 32.864], [-104.4557, 32.8572], [-104.4175, 32.8571], [-104.4176, 32.8535], [-104.4127, 32.8535], [-104.4127, 32.8422], [-104.4048, 32.8422], [-104.4048, 32.8389], [-104.4299, 32.8389], [-104.4299, 32.8342], [-104.442, 32.8331], [-104.4546, 32.8227], [-104.4636, 32.8222], [-104.4645, 32.8427], [-104.4816, 32.8428], [-104.4816, 32.8641], [-104.4649, 32.864]]]}}, {"type": "Feature", "properties": {"fips": "35013000204", "gap_national": 19.0, "gap_stratum": 23.1, "burden": 27.0, "capacity": 10.1, "svi": 0.54, "top_decile_gap": 0.0, "stratum": "metropolitan", "scored": 1}, "geometry": {"type": "Polygon", "coordinates": [[[-106.8156, 32.3456], [-106.8142, 32.3429], [-106.8208, 32.3401], [-106.8076, 32.3267], [-106.808, 32.3193], [-106.8051, 32.3126], [-106.8154, 32.3109], [-106.8135, 32.2989], [-106.8099, 32.2941], [-106.8255, 32.2906], [-106.8246, 32.3061], [-106.8335, 32.3219], [-106.8357, 32.3375], [-106.8156, 32.3456]]]}}, {"type": "Feature", "properties": {"fips": "35013001208", "gap_national": -32.7, "gap_stratum": -32.3, "burden": 20.4, "capacity": 50.4, "svi": 0.17, "top_decile_gap": 0.0, "stratum": "metropolitan", "scored": 1}, "geometry": {"type": "Polygon", "coordinates": [[[-106.7376, 32.3679], [-106.7403, 32.3723], [-106.7295, 32.3802], [-106.7095, 32.3871], [-106.6901, 32.335], [-106.7175, 32.3235], [-106.7316, 32.3327], [-106.7346, 32.3462], [-106.7403, 32.3506], [-106.7376, 32.3679]]]}}, {"type": "Feature", "properties": {"fips": "35013001308", "gap_national": 6.7, "gap_stratum": 9.7, "burden": 27.5, "capacity": 24.5, "svi": 0.57, "top_decile_gap": 0.0, "stratum": "metropolitan", "scored": 1}, "geometry": {"type": "Polygon", "coordinates": [[[-106.9268, 32.7084], [-106.9043, 32.7362], [-106.8769, 32.7617], [-106.8877, 32.785], [-106.8879, 32.8228], [-106.7516, 32.88], [-106.7514, 32.8223], [-106.7337, 32.8228], [-106.7335, 32.7792], [-106.7166, 32.7792], [-106.7163, 32.7357], [-106.6998, 32.7353], [-106.7006, 32.6923], [-106.6823, 32.6919], [-106.6823, 32.6525], [-106.7372, 32.6262], [-106.7425, 32.6217], [-106.7414, 32.618], [-106.7443, 32.6167], [-106.7409, 32.6106], [-106.7461, 32.5311], [-106.7251, 32.4125], [-106.728, 32.3914], [-106.7344, 32.3914], [-106.7378, 32.3881], [-106.7598, 32.3882], [-106.7717, 32.3858], [-106.7729, 32.388], [-106.7902, 32.3809], [-106.799, 32.3966], [-106.8072, 32.393], [-106.8283, 32.4283], [-106.8385, 32.4302], [-106.8521, 32.4508], [-106.8902, 32.5296], [-106.8942, 32.5283], [-106.908, 32.5349], [-106.9569, 32.6201], [-106.9675, 32.6331], [-106.9268, 32.7084]]]}}, {"type": "Feature", "properties": {"fips": "35013001105", "gap_national": 58.2, "gap_stratum": 65.9, "burden": 58.8, "capacity": 6.7, "svi": 0.76, "top_decile_gap": 1.0, "stratum": "metropolitan", "scored": 1}, "geometry": {"type": "Polygon", "coordinates": [[[-106.7455, 32.2691], [-106.7493, 32.262], [-106.7505, 32.2608], [-106.7593, 32.2689], [-106.7619, 32.2679], [-106.7695, 32.281], [-106.7455, 32.2691]]]}}, {"type": "Feature", "properties": {"fips": "35013001318", "gap_national": 16.3, "gap_stratum": 21.3, "burden": 58.7, "capacity": 47.1, "svi": 0.6, "top_decile_gap": 0.0, "stratum": "metropolitan", "scored": 1}, "geometry": {"type": "Polygon", "coordinates": [[[-106.885, 32.4454], [-106.8798, 32.4383], [-106.8604, 32.4366], [-106.8422, 32.4155], [-106.8063, 32.3458], [-106.8138, 32.3421], [-106.8156, 32.3456], [-106.8357, 32.3375], [-106.8416, 32.3455], [-106.8378, 32.3656], [-106.839, 32.3734], [-106.8433, 32.3771], [-106.8563, 32.3762], [-106.8673, 32.3841], [-106.868, 32.3875], [-106.8628, 32.3922], [-106.8618, 32.4004], [-106.8679, 32.4187], [-106.8723, 32.4253], [-106.8828, 32.4274], [-106.8882, 32.4316], [-106.8972, 32.4452], [-106.885, 32.4454]]]}}, {"type": "Feature", "properties": {"fips": "35013000206", "gap_national": 41.9, "gap_stratum": 48.9, "burden": 49.5, "capacity": 14.1, "svi": 0.96, "top_decile_gap": 0.0, "stratum": "metropolitan", "scored": 1}, "geometry": {"type": "Polygon", "coordinates": [[[-106.7969, 32.3131], [-106.7925, 32.3037], [-106.7854, 32.3053], [-106.7748, 32.2878], [-106.7791, 32.2846], [-106.8034, 32.2952], [-106.8002, 32.2988], [-106.8006, 32.3045], [-106.8053, 32.3117], [-106.7969, 32.3131]]]}}, {"type": "Feature", "properties": {"fips": "35013000902", "gap_national": 28.7, "gap_stratum": 34.3, "burden": 32.7, "capacity": 5.2, "svi": 0.85, "top_decile_gap": 0.0, "stratum": "metropolitan", "scored": 1}, "geometry": {"type": "Polygon", "coordinates": [[[-106.7598, 32.2899], [-106.7629, 32.2951], [-106.7572, 32.2971], [-106.7593, 32.2952], [-106.7554, 32.2898], [-106.7502, 32.2909], [-106.7475, 32.2859], [-106.7695, 32.281], [-106.7791, 32.2846], [-106.7598, 32.2899]]]}}, {"type": "Feature", "properties": {"fips": "35013001106", "gap_national": 16.9, "gap_stratum": 21.5, "burden": 34.4, "capacity": 22.1, "svi": 0.49, "top_decile_gap": 0.0, "stratum": "metropolitan", "scored": 1}, "geometry": {"type": "Polygon", "coordinates": [[[-106.7505, 32.2608], [-106.7455, 32.2691], [-106.7337, 32.2625], [-106.6895, 32.2016], [-106.7009, 32.2015], [-106.7023, 32.2062], [-106.724, 32.2236], [-106.7338, 32.2236], [-106.7619, 32.2679], [-106.7505, 32.2608]]]}}, {"type": "Feature", "properties": {"fips": "35013001814", "gap_national": 74.9, "gap_stratum": 78.6, "burden": 78.1, "capacity": 14.0, "svi": 0.75, "top_decile_gap": 1.0, "stratum": "metropolitan", "scored": 1}, "geometry": {"type": "Polygon", "coordinates": [[[-106.7576, 32.2291], [-106.737, 32.2287], [-106.7338, 32.2236], [-106.724, 32.2236], [-106.7023, 32.2062], [-106.7009, 32.2015], [-106.6895, 32.2016], [-106.6524, 32.15], [-106.6873, 32.1499], [-106.6767, 32.1331], [-106.6828, 32.1288], [-106.7001, 32.1424], [-106.7007, 32.1494], [-106.7039, 32.1547], [-106.7166, 32.16], [-106.717, 32.1678], [-106.7307, 32.1869], [-106.7595, 32.2067], [-106.7576, 32.2291]]]}}, {"type": "Feature", "properties": {"fips": "35013001309", "gap_national": 68.7, "gap_stratum": 70.4, "burden": 82.4, "capacity": 25.3, "svi": 0.86, "top_decile_gap": 1.0, "stratum": "metropolitan", "scored": 1}, "geometry": {"type": "Polygon", "coordinates": [[[-106.9254, 32.486], [-106.9222, 32.4946], [-106.9241, 32.4981], [-106.9295, 32.4995], [-106.913, 32.514], [-106.908, 32.5349], [-106.8942, 32.5283], [-106.8902, 32.5296], [-106.8521, 32.4508], [-106.8385, 32.4302], [-106.8283, 32.4283], [-106.8063, 32.3915], [-106.8164, 32.3896], [-106.8261, 32.3842], [-106.844, 32.4183], [-106.8604, 32.4366], [-106.8798, 32.4383], [-106.885, 32.4454], [-106.8978, 32.4452], [-106.9044, 32.4651], [-106.9143, 32.4733], [-106.9298, 32.4815], [-106.9254, 32.486]]]}}, {"type": "Feature", "properties": {"fips": "35013001311", "gap_national": 14.6, "gap_stratum": 18.4, "burden": 28.0, "capacity": 16.7, "svi": 0.71, "top_decile_gap": 0.0, "stratum": "metropolitan", "scored": 1}, "geometry": {"type": "Polygon", "coordinates": [[[-106.8072, 32.393], [-106.799, 32.3966], [-106.7902, 32.3809], [-106.7729, 32.388], [-106.7717, 32.3858], [-106.7557, 32.3882], [-106.7552, 32.3707], [-106.7499, 32.3644], [-106.7577, 32.3582], [-106.7639, 32.3616], [-106.769, 32.3586], [-106.7708, 32.3569], [-106.765, 32.352], [-106.7698, 32.3481], [-106.7775, 32.3591], [-106.8078, 32.3904], [-106.8072, 32.393]]]}}, {"type": "Feature", "properties": {"fips": "35005000301", "gap_national": 53.6, "gap_stratum": 28.8, "burden": 60.9, "capacity": 15.9, "svi": 0.81, "top_decile_gap": 1.0, "stratum": "micropolitan", "scored": 1}, "geometry": {"type": "Polygon", "coordinates": [[[-104.5407, 33.4086], [-104.5404, 33.4161], [-104.5274, 33.416], [-104.5275, 33.3999], [-104.5461, 33.3962], [-104.5549, 33.3973], [-104.5591, 33.4016], [-104.559, 33.4085], [-104.5407, 33.4086]]]}}, {"type": "Feature", "properties": {"fips": "35037958602", "gap_national": 73.5, "gap_stratum": 65.8, "burden": 85.9, "capacity": 23.7, "svi": 0.77, "top_decile_gap": 1.0, "stratum": "small_town", "scored": 1}, "geometry": {"type": "Polygon", "coordinates": [[[-103.7682, 35.2415], [-103.7156, 35.2414], [-103.7146, 35.2346], [-103.7174, 35.2382], [-103.7216, 35.2337], [-103.7175, 35.2315], [-103.7185, 35.2289], [-103.7153, 35.2245], [-103.7, 35.2176], [-103.7057, 35.2164], [-103.7101, 35.2123], [-103.7125, 35.2008], [-103.7111, 35.188], [-103.7025, 35.1911], [-103.7058, 35.1822], [-103.7146, 35.179], [-103.7146, 35.1698], [-103.7198, 35.1688], [-103.7198, 35.1669], [-103.73, 35.1668], [-103.7328, 35.1778], [-103.7454, 35.1719], [-103.7728, 35.1721], [-103.7733, 35.2372], [-103.7682, 35.2415]]]}}, {"type": "Feature", "properties": {"fips": "35013001703", "gap_national": 26.1, "gap_stratum": 31.9, "burden": 49.7, "capacity": 30.7, "svi": 0.56, "top_decile_gap": 0.0, "stratum": "metropolitan", "scored": 1}, "geometry": {"type": "Polygon", "coordinates": [[[-106.729, 31.9457], [-106.6905, 31.9581], [-106.6785, 31.9564], [-106.6694, 31.959], [-106.6678, 31.9571], [-106.6672, 31.964], [-106.6709, 31.9707], [-106.6518, 31.9707], [-106.6496, 31.986], [-106.6554, 31.9976], [-106.6357, 31.9993], [-106.6294, 31.9901], [-106.6365, 31.9857], [-106.6395, 31.9803], [-106.6382, 31.9768], [-106.6301, 31.9713], [-106.6196, 31.9716], [-106.6194, 31.9648], [-106.6243, 31.9611], [-106.6251, 31.9545], [-106.6228, 31.9529], [-106.6147, 31.956], [-106.6161, 31.9484], [-106.6237, 31.9455], [-106.6225, 31.9349], [-106.6297, 31.9266], [-106.6287, 31.9236], [-106.6239, 31.9253], [-106.6118, 31.92], [-106.6337, 31.9098], [-106.6455, 31.8987], [-106.6453, 31.8949], [-106.6304, 31.8858], [-106.6501, 31.8858], [-106.6561, 31.8961], [-106.6571, 31.9035], [-106.6756, 31.8985], [-106.6866, 31.8884], [-106.7226, 31.8845], [-106.7599, 31.9183], [-106.729, 31.9457]]]}}, {"type": "Feature", "properties": {"fips": "35031945701", "gap_national": 63.7, "gap_stratum": 53.7, "burden": 78.5, "capacity": 26.4, "svi": 0.63, "top_decile_gap": 1.0, "stratum": "micropolitan", "scored": 1}, "geometry": {"type": "Polygon", "coordinates": [[[-108.8241, 35.3444], [-108.8089, 35.3475], [-108.7694, 35.3435], [-108.7665, 35.345], [-108.7579, 35.3417], [-108.7569, 35.3501], [-108.6617, 35.3503], [-108.6495, 35.3556], [-108.6437, 35.348], [-108.6329, 35.352], [-108.6149, 35.3505], [-108.6003, 35.3539], [-108.5949, 35.3517], [-108.5931, 35.355], [-108.5846, 35.3432], [-108.576, 35.3231], [-108.5724, 35.3069], [-108.6806, 35.3071], [-108.6816, 35.2188], [-108.7647, 35.2192], [-108.7659, 35.2312], [-108.7611, 35.2447], [-108.7694, 35.2451], [-108.7717, 35.2497], [-108.7904, 35.2493], [-108.7911, 35.2564], [-108.8004, 35.2599], [-108.8041, 35.2632], [-108.8036, 35.2657], [-108.8115, 35.2659], [-108.8279, 35.272], [-108.8299, 35.2708], [-108.8316, 35.2735], [-108.8219, 35.28], [-108.8226, 35.3071], [-108.8273, 35.3106], [-108.8269, 35.3137], [-108.8321, 35.32], [-108.826, 35.323], [-108.8278, 35.3298], [-108.8328, 35.3342], [-108.836, 35.3466], [-108.8387, 35.3479], [-108.8241, 35.3444]]]}}, {"type": "Feature", "properties": {"fips": "35031943904", "gap_national": 77.5, "gap_stratum": 68.6, "burden": 81.3, "capacity": 14.6, "svi": 0.84, "top_decile_gap": 1.0, "stratum": "micropolitan", "scored": 1}, "geometry": {"type": "Polygon", "coordinates": [[[-108.8658, 35.4954], [-108.8658, 35.4995], [-108.8606, 35.5], [-108.8606, 35.4952], [-108.8514, 35.4953], [-108.8514, 35.4925], [-108.8294, 35.4925], [-108.83, 35.4856], [-108.8391, 35.4856], [-108.8391, 35.4793], [-108.8219, 35.4792], [-108.8222, 35.4865], [-108.8132, 35.4863], [-108.813, 35.4794], [-108.7867, 35.4796], [-108.7865, 35.4654], [-108.769, 35.4651], [-108.7734, 35.466], [-108.7757, 35.4703], [-108.7813, 35.4728], [-108.785, 35.4838], [-108.7913, 35.483], [-108.7911, 35.49], [-108.7869, 35.49], [-108.7868, 35.4937], [-108.7953, 35.4935], [-108.7954, 35.5005], [-108.7777, 35.5008], [-108.7778, 35.4935], [-108.7598, 35.4938], [-108.7597, 35.4824], [-108.7618, 35.4813], [-108.7598, 35.4796], [-108.7422, 35.4796], [-108.746, 35.4465], [-108.7443, 35.434], [-108.7382, 35.4264], [-108.7535, 35.4036], [-108.7544, 35.3641], [-108.7773, 35.3638], [-108.786, 35.374], [-108.7929, 35.3775], [-108.7998, 35.387], [-108.8054, 35.3906], [-108.8126, 35.3906], [-108.8328, 35.4061], [-108.8412, 35.4152], [-108.8407, 35.4222], [-108.8468, 35.4231], [-108.845, 35.4293], [-108.8502, 35.4412], [-108.857, 35.4436], [-108.8593, 35.4494], [-108.8675, 35.4509], [-108.8674, 35.4533], [-108.8762, 35.4589], [-108.8877, 35.4757], [-108.8917, 35.4746], [-108.8921, 35.4877], [-108.8658, 35.4954]]]}}, {"type": "Feature", "properties": {"fips": "35047957300", "gap_national": 36.2, "gap_stratum": 8.9, "burden": 47.0, "capacity": 17.2, "svi": 0.97, "top_decile_gap": 0.0, "stratum": "micropolitan", "scored": 1}, "geometry": {"type": "Polygon", "coordinates": [[[-105.2185, 35.607], [-105.2109, 35.6072], [-105.2045, 35.625], [-105.1998, 35.6263], [-105.1869, 35.6198], [-105.1881, 35.6049], [-105.1927, 35.6041], [-105.1898, 35.5997], [-105.207, 35.5956], [-105.2138, 35.5967], [-105.2219, 35.5926], [-105.2252, 35.5947], [-105.2279, 35.5932], [-105.2338, 35.5993], [-105.2185, 35.607]]]}}, {"type": "Feature", "properties": {"fips": "35017964701", "gap_national": -14.8, "gap_stratum": -44.0, "burden": 60.3, "capacity": 69.4, "svi": 0.43, "top_decile_gap": 0.0, "stratum": "micropolitan", "scored": 1}, "geometry": {"type": "Polygon", "coordinates": [[[-108.3421, 32.8299], [-108.3371, 32.8384], [-108.3319, 32.8357], [-108.3232, 32.8364], [-108.3192, 32.8402], [-108.3197, 32.8546], [-108.3, 32.8472], [-108.295, 32.8519], [-108.2901, 32.8523], [-108.285, 32.8585], [-108.2851, 32.8628], [-108.2742, 32.8618], [-108.2755, 32.856], [-108.2726, 32.8543], [-108.2753, 32.8508], [-108.2694, 32.8529], [-108.2607, 32.8624], [-108.2551, 32.8652], [-108.2479, 32.8613], [-108.2477, 32.8575], [-108.2438, 32.8573], [-108.2457, 32.8532], [-108.2415, 32.8528], [-108.2364, 32.8565], [-108.2318, 32.8527], [-108.2248, 32.8587], [-108.2284, 32.8477], [-108.2125, 32.8411], [-108.2114, 32.8272], [-108.207, 32.8225], [-108.2077, 32.8153], [-108.2002, 32.8035], [-108.2025, 32.7878], [-108.2001, 32.7822], [-108.2566, 32.7867], [-108.2555, 32.795], [-108.2636, 32.7956], [-108.2575, 32.8041], [-108.2629, 32.8136], [-108.2649, 32.8136], [-108.2653, 32.8087], [-108.2685, 32.8057], [-108.2728, 32.81], [-108.2802, 32.8052], [-108.2827, 32.7918], [-108.2807, 32.7866], [-108.2842, 32.7876], [-108.2903, 32.7953], [-108.2897, 32.7977], [-108.2946, 32.8004], [-108.3059, 32.8006], [-108.3219, 32.8046], [-108.3226, 32.8068], [-108.33, 32.8049], [-108.332, 32.8004], [-108.3388, 32.7984], [-108.3397, 32.8048], [-108.3374, 32.8105], [-108.3494, 32.8129], [-108.3505, 32.8264], [-108.358, 32.8358], [-108.3421, 32.8299]]]}}, {"type": "Feature", "properties": {"fips": "35017964402", "gap_national": 57.2, "gap_stratum": 39.9, "burden": 70.2, "capacity": 23.7, "svi": 0.73, "top_decile_gap": 1.0, "stratum": "micropolitan", "scored": 1}, "geometry": {"type": "Polygon", "coordinates": [[[-108.3031, 32.7622], [-108.2873, 32.7815], [-108.2807, 32.7807], [-108.2817, 32.7709], [-108.2765, 32.7698], [-108.2747, 32.7645], [-108.2709, 32.7615], [-108.2612, 32.7407], [-108.2752, 32.7406], [-108.2796, 32.7547], [-108.2856, 32.7502], [-108.3004, 32.7569], [-108.3105, 32.7573], [-108.3129, 32.7604], [-108.3031, 32.7622]]]}}, {"type": "Feature", "properties": {"fips": "35017964401", "gap_national": 67.6, "gap_stratum": 64.6, "burden": 85.9, "capacity": 29.6, "svi": 0.89, "top_decile_gap": 1.0, "stratum": "micropolitan", "scored": 1}, "geometry": {"type": "Polygon", "coordinates": [[[-108.2807, 32.7807], [-108.275, 32.7795], [-108.2712, 32.7827], [-108.2525, 32.7874], [-108.2521, 32.7731], [-108.2587, 32.7613], [-108.2565, 32.7534], [-108.2599, 32.7537], [-108.263, 32.7618], [-108.2688, 32.7591], [-108.2661, 32.7534], [-108.2765, 32.7698], [-108.2817, 32.7709], [-108.2807, 32.7807]]]}}, {"type": "Feature", "properties": {"fips": "35049010701", "gap_national": -54.2, "gap_stratum": -46.9, "burden": 41.7, "capacity": 86.6, "svi": 0.03, "top_decile_gap": 0.0, "stratum": "metropolitan", "scored": 1}, "geometry": {"type": "Polygon", "coordinates": [[[-105.9091, 35.5596], [-105.8976, 35.5529], [-105.882, 35.5593], [-105.8695, 35.5432], [-105.8579, 35.5375], [-105.8481, 35.5387], [-105.8431, 35.525], [-105.8365, 35.5257], [-105.8561, 35.5146], [-105.861, 35.5037], [-105.876, 35.4833], [-105.9, 35.4654], [-105.9081, 35.4776], [-105.9074, 35.4828], [-105.9037, 35.486], [-105.9103, 35.4838], [-105.9104, 35.488], [-105.9176, 35.494], [-105.9205, 35.5258], [-105.9257, 35.5365], [-105.9275, 35.5533], [-105.9091, 35.5596]]]}}, {"type": "Feature", "properties": {"fips": "35049010702", "gap_national": -52.7, "gap_stratum": -45.9, "burden": 38.0, "capacity": 79.7, "svi": 0.18, "top_decile_gap": 0.0, "stratum": "metropolitan", "scored": 1}, "geometry": {"type": "Polygon", "coordinates": [[[-105.9651, 35.6313], [-105.9493, 35.6365], [-105.9359, 35.6375], [-105.928, 35.6348], [-105.921, 35.6247], [-105.8995, 35.58], [-105.882, 35.5593], [-105.8976, 35.5529], [-105.9091, 35.5596], [-105.9275, 35.5533], [-105.928, 35.567], [-105.9347, 35.5717], [-105.9427, 35.591], [-105.9603, 35.6085], [-105.9637, 35.6144], [-105.9613, 35.621], [-105.966, 35.6235], [-105.9651, 35.6313]]]}}, {"type": "Feature", "properties": {"fips": "35049000102", "gap_national": -57.5, "gap_stratum": -50.4, "burden": 40.7, "capacity": 90.0, "svi": 0.08, "top_decile_gap": 0.0, "stratum": "metropolitan", "scored": 1}, "geometry": {"type": "Polygon", "coordinates": [[[-105.9277, 35.7008], [-105.9127, 35.7264], [-105.8875, 35.7259], [-105.8922, 35.7245], [-105.8889, 35.7174], [-105.8912, 35.7142], [-105.8966, 35.7126], [-105.9053, 35.704], [-105.9116, 35.6961], [-105.9143, 35.6878], [-105.922, 35.6812], [-105.9275, 35.6873], [-105.9334, 35.6885], [-105.9356, 35.6926], [-105.9277, 35.7008]]]}}, {"type": "Feature", "properties": {"fips": "35045000614", "gap_national": 45.9, "gap_stratum": 53.0, "burden": 53.8, "capacity": 15.0, "svi": 0.39, "top_decile_gap": 0.0, "stratum": "metropolitan", "scored": 1}, "geometry": {"type": "Polygon", "coordinates": [[[-108.0728, 36.7953], [-108.0557, 36.8016], [-108.0527, 36.8003], [-108.0489, 36.8066], [-108.042, 36.8101], [-108.0367, 36.8075], [-108.0252, 36.8172], [-108.018, 36.8169], [-108.0147, 36.8209], [-108.0146, 36.8169], [-108.0128, 36.8169], [-108.0203, 36.8134], [-108.0205, 36.809], [-108.0107, 36.8071], [-108.0229, 36.8038], [-108.0206, 36.8039], [-108.0184, 36.7986], [-108.0125, 36.7958], [-108.0149, 36.7943], [-108.0131, 36.7913], [-108.0044, 36.7874], [-107.9968, 36.7882], [-107.9927, 36.7803], [-107.9823, 36.7745], [-108.0537, 36.7436], [-108.0778, 36.7434], [-108.0713, 36.7547], [-108.0686, 36.7699], [-108.0737, 36.7751], [-108.0796, 36.788], [-108.0728, 36.7953]]]}}, {"type": "Feature", "properties": {"fips": "35001004762", "gap_national": 44.2, "gap_stratum": 51.7, "burden": 46.5, "capacity": 6.2, "svi": 0.76, "top_decile_gap": 0.0, "stratum": "metropolitan", "scored": 1}, "geometry": {"type": "Polygon", "coordinates": [[[-106.73, 35.0756], [-106.7106, 35.08], [-106.7076, 35.0699], [-106.7231, 35.072], [-106.7225, 35.0581], [-106.7296, 35.0575], [-106.73, 35.0756]]]}}, {"type": "Feature", "properties": {"fips": "35043011102", "gap_national": -25.2, "gap_stratum": -17.2, "burden": 56.4, "capacity": 74.0, "svi": 0.33, "top_decile_gap": 0.0, "stratum": "metropolitan", "scored": 1}, "geometry": {"type": "Polygon", "coordinates": [[[-106.5881, 35.2338], [-106.5859, 35.2386], [-106.5902, 35.246], [-106.5912, 35.2535], [-106.5951, 35.2579], [-106.5983, 35.2809], [-106.5951, 35.2861], [-106.583, 35.2918], [-106.5782, 35.2986], [-106.56, 35.2951], [-106.555, 35.2918], [-106.5532, 35.286], [-106.5363, 35.3048], [-106.5338, 35.3162], [-106.5024, 35.3122], [-106.4734, 35.3001], [-106.458, 35.3073], [-106.4372, 35.3079], [-106.4371, 35.3154], [-106.4405, 35.3183], [-106.4438, 35.3279], [-106.4731, 35.3401], [-106.4778, 35.3444], [-106.4809, 35.358], [-106.4043, 35.3546], [-106.4042, 35.3483], [-106.3948, 35.3484], [-106.3948, 35.3542], [-106.3997, 35.3544], [-106.3997, 35.3652], [-106.3586, 35.3637], [-106.3552, 35.3656], [-106.3559, 35.4676], [-106.3388, 35.4664], [-106.2488, 35.4433], [-106.2489, 35.3046], [-106.2456, 35.3043], [-106.2442, 35.2157], [-106.6054, 35.2174], [-106.5881, 35.2338]]]}}, {"type": "Feature", "properties": {"fips": "35043011101", "gap_national": -28.3, "gap_stratum": -20.3, "burden": 59.8, "capacity": 80.6, "svi": 0.31, "top_decile_gap": 0.0, "stratum": "metropolitan", "scored": 1}, "geometry": {"type": "Polygon", "coordinates": [[[-106.5535, 35.3334], [-106.5367, 35.35], [-106.5153, 35.3592], [-106.5142, 35.3682], [-106.5097, 35.3681], [-106.5137, 35.3596], [-106.4809, 35.358], [-106.4778, 35.3444], [-106.4731, 35.3401], [-106.4438, 35.3279], [-106.4405, 35.3183], [-106.4371, 35.3154], [-106.4372, 35.3079], [-106.458, 35.3073], [-106.4734, 35.3001], [-106.5024, 35.3122], [-106.5338, 35.3162], [-106.5213, 35.3344], [-106.5286, 35.3344], [-106.531, 35.3322], [-106.5393, 35.3343], [-106.5394, 35.3261], [-106.5536, 35.329], [-106.5545, 35.327], [-106.5483, 35.3241], [-106.5569, 35.3241], [-106.5535, 35.3334]]]}}, {"type": "Feature", "properties": {"fips": "35043010733", "gap_national": 7.5, "gap_stratum": 9.9, "burden": 21.7, "capacity": 16.6, "svi": 0.35, "top_decile_gap": 0.0, "stratum": "metropolitan", "scored": 1}, "geometry": {"type": "Polygon", "coordinates": [[[-106.7277, 35.3167], [-106.7183, 35.3179], [-106.7127, 35.3132], [-106.713, 35.3111], [-106.7099, 35.3148], [-106.6969, 35.315], [-106.697, 35.3063], [-106.7261, 35.3063], [-106.7313, 35.3186], [-106.7277, 35.3167]]]}}, {"type": "Feature", "properties": {"fips": "35043010732", "gap_national": 18.2, "gap_stratum": 22.7, "burden": 66.0, "capacity": 51.7, "svi": 0.89, "top_decile_gap": 0.0, "stratum": "metropolitan", "scored": 1}, "geometry": {"type": "Polygon", "coordinates": [[[-106.6511, 35.2509], [-106.6418, 35.2571], [-106.6314, 35.2568], [-106.635, 35.2474], [-106.6545, 35.2212], [-106.6539, 35.2317], [-106.6588, 35.2313], [-106.6511, 35.2509]]]}}, {"type": "Feature", "properties": {"fips": "35045943300", "gap_national": 57.0, "gap_stratum": 61.1, "burden": 72.5, "capacity": 26.8, "svi": 0.8, "top_decile_gap": 1.0, "stratum": "metropolitan", "scored": 1}, "geometry": {"type": "Polygon", "coordinates": [[[-108.5364, 36.9993], [-108.0474, 36.9998], [-108.0585, 36.9892], [-108.1092, 36.9649], [-108.1085, 36.9512], [-108.1012, 36.9344], [-108.0999, 36.9197], [-108.085, 36.9081], [-108.1015, 36.8974], [-108.105, 36.8873], [-108.125, 36.8737], [-108.145, 36.8488], [-108.1557, 36.841], [-108.1688, 36.826], [-108.1774, 36.8047], [-108.188, 36.7959], [-108.1921, 36.7876], [-108.2057, 36.7784], [-108.2167, 36.7616], [-108.2253, 36.7565], [-108.2389, 36.7572], [-108.2365, 36.7665], [-108.2591, 36.7634], [-108.3529, 36.7643], [-108.3659, 36.7659], [-108.3713, 36.7688], [-108.3758, 36.7908], [-108.3724, 36.8076], [-108.367, 36.816], [-108.3299, 36.8501], [-108.5363, 36.8503], [-108.5364, 36.9993]]]}}, {"type": "Feature", "properties": {"fips": "35023970000", "gap_national": 38.7, "gap_stratum": 18.8, "burden": 67.9, "capacity": 38.2, "svi": 0.71, "top_decile_gap": 0.0, "stratum": "rural", "scored": 1}, "geometry": {"type": "Polygon", "coordinates": [[[-109.0471, 32.7778], [-108.8546, 32.7773], [-108.8529, 32.6034], [-108.6465, 32.6037], [-108.6468, 32.5165], [-108.537, 32.5166], [-108.5377, 32.0798], [-108.5246, 32.0798], [-108.5245, 31.8636], [-108.2171, 31.8641], [-108.2171, 31.8205], [-108.21, 31.8205], [-108.21, 31.7837], [-108.2084, 31.7836], [-108.2086, 31.3334], [-109.05, 31.3325], [-109.0471, 32.7778]], [[-108.6795, 32.3271], [-108.6748, 32.342], [-108.7007, 32.3498], [-108.6997, 32.3561], [-108.7088, 32.3561], [-108.7081, 32.3669], [-108.718, 32.3682], [-108.7174, 32.3581], [-108.7298, 32.3367], [-108.7297, 32.3268], [-108.6795, 32.3271]]]}}, {"type": "Feature", "properties": {"fips": "35006941500", "gap_national": 72.9, "gap_stratum": 66.6, "burden": 84.6, "capacity": 23.1, "svi": 0.7, "top_decile_gap": 1.0, "stratum": "rural", "scored": 1}, "geometry": {"type": "Polygon", "coordinates": [[[-107.9036, 34.7685], [-107.8828, 34.7944], [-107.8722, 34.804], [-107.8644, 34.8191], [-107.8643, 34.8314], [-107.8623, 34.833], [-107.8665, 34.8412], [-107.8742, 34.8455], [-107.8725, 34.8548], [-107.8739, 34.8626], [-107.8814, 34.8712], [-107.8838, 34.8713], [-107.8838, 34.8749], [-107.8794, 34.8759], [-107.8794, 34.8786], [-107.8715, 34.8786], [-107.8707, 34.8822], [-107.8664, 34.8823], [-107.8664, 34.8933], [-107.8621, 34.8931], [-107.8622, 34.8967], [-107.858, 34.8966], [-107.8579, 34.918], [-107.8536, 34.9183], [-107.8534, 34.9329], [-107.8447, 34.9327], [-107.8448, 34.9291], [-107.8421, 34.9291], [-107.836, 34.937], [-107.836, 34.9389], [-107.8402, 34.939], [-107.8403, 34.9432], [-107.8265, 34.9433], [-107.8265, 34.9396], [-107.8239, 34.9411], [-107.8171, 34.9599], [-107.8052, 34.9799], [-107.806, 34.987], [-107.7876, 34.9872], [-107.775, 34.9996], [-107.751, 35.0078], [-107.7513, 35.0913], [-107.723, 35.0834], [-107.5928, 35.0725], [-107.5938, 35.0749], [-107.5597, 35.074], [-107.566, 35.077], [-107.5668, 35.0847], [-107.5572, 35.0847], [-107.5563, 35.0768], [-107.5535, 35.0768], [-107.5535, 35.0739], [-107.5561, 35.074], [-107.5554, 35.0695], [-107.5448, 35.0676], [-107.5433, 34.8697], [-107.3095, 34.8701], [-107.3098, 34.8415], [-107.2922, 34.8415], [-107.2922, 34.8256], [-107.3098, 34.8256], [-107.3098, 34.8115], [-107.2922, 34.8115], [-107.2922, 34.797], [-107.2754, 34.7972], [-107.2756, 34.7834], [-107.2566, 34.7833], [-107.2566, 34.7972], [-107.2382, 34.7971], [-107.2383, 34.783], [-107.2209, 34.783], [-107.2209, 34.797], [-107.2033, 34.797], [-107.2044, 34.6088], [-107.202, 34.6088], [-107.2017, 34.5788], [-107.5337, 34.5806], [-107.7096, 34.5778], [-107.7078, 34.6096], [-107.7297, 34.6092], [-107.7295, 34.6961], [-107.8741, 34.6964], [-107.8828, 34.707], [-107.8825, 34.7297], [-107.8756, 34.739], [-107.8708, 34.74], [-107.8676, 34.7467], [-107.8616, 34.7495], [-107.8614, 34.7626], [-107.8868, 34.7725], [-107.8975, 34.7683], [-107.8966, 34.7654], [-107.9019, 34.7575], [-107.905, 34.7558], [-107.9036, 34.7685]]]}}, {"type": "Feature", "properties": {"fips": "35031973100", "gap_national": 55.9, "gap_stratum": 65.2, "burden": 89.1, "capacity": 41.8, "svi": 0.7, "top_decile_gap": 1.0, "stratum": "rural", "scored": 1}, "geometry": {"type": "Polygon", "coordinates": [[[-108.6202, 35.4446], [-108.619, 35.4363], [-108.5978, 35.4347], [-108.5914, 35.4418], [-108.5952, 35.4534], [-108.5779, 35.47], [-108.573, 35.4673], [-108.572, 35.4687], [-108.5664, 35.4635], [-108.5606, 35.4683], [-108.5445, 35.467], [-108.5389, 35.4639], [-108.5343, 35.4506], [-108.5337, 35.4403], [-108.5233, 35.4412], [-108.5073, 35.4835], [-108.507, 35.4911], [-108.5017, 35.4962], [-108.4267, 35.4778], [-108.4076, 35.465], [-108.2771, 35.4082], [-108.2244, 35.3963], [-108.2132, 35.3899], [-108.2045, 35.3764], [-108.2057, 35.3707], [-108.2139, 35.3644], [-108.2193, 35.3509], [-108.2127, 35.3422], [-108.2103, 35.3338], [-108.1975, 35.3167], [-108.1993, 35.3127], [-108.1964, 35.3104], [-108.2014, 35.3065], [-108.4687, 35.3067], [-108.4694, 34.9591], [-108.5044, 34.9591], [-108.5045, 34.9737], [-108.5221, 34.9737], [-108.5238, 34.9907], [-108.5418, 34.9898], [-108.5399, 35.1225], [-108.5415, 35.2475], [-108.5393, 35.263], [-108.5391, 35.3069], [-108.5724, 35.3069], [-108.576, 35.3231], [-108.5846, 35.3432], [-108.602, 35.3685], [-108.6069, 35.3839], [-108.6074, 35.4017], [-108.6214, 35.4234], [-108.6249, 35.4432], [-108.6202, 35.4446]]]}}, {"type": "Feature", "properties": {"fips": "35049001302", "gap_national": 32.7, "gap_stratum": 38.8, "burden": 35.1, "capacity": 2.4, "svi": 0.86, "top_decile_gap": 0.0, "stratum": "metropolitan", "scored": 1}, "geometry": {"type": "Polygon", "coordinates": [[[-106.0193, 35.6392], [-106.0175, 35.639], [-106.0243, 35.6279], [-106.0369, 35.6276], [-106.0386, 35.6315], [-106.0433, 35.6315], [-106.044, 35.6359], [-106.0193, 35.6392]]]}}, {"type": "Feature", "properties": {"fips": "35049010602", "gap_national": -48.6, "gap_stratum": -40.8, "burden": 47.7, "capacity": 88.7, "svi": 0.04, "top_decile_gap": 0.0, "stratum": "metropolitan", "scored": 1}, "geometry": {"type": "Polygon", "coordinates": [[[-105.9808, 35.5546], [-105.9738, 35.5593], [-105.9275, 35.5533], [-105.9272, 35.5425], [-105.9204, 35.5227], [-105.9391, 35.5227], [-105.9458, 35.5126], [-105.9499, 35.5113], [-105.9506, 35.5055], [-105.9557, 35.5008], [-105.9593, 35.501], [-105.9703, 35.4945], [-105.9772, 35.5029], [-105.9787, 35.5119], [-105.9753, 35.5324], [-105.983, 35.5452], [-105.9808, 35.5546]]]}}, {"type": "Feature", "properties": {"fips": "35049940400", "gap_national": 36.8, "gap_stratum": 42.0, "burden": 62.5, "capacity": 34.4, "svi": 0.74, "top_decile_gap": 0.0, "stratum": "metropolitan", "scored": 1}, "geometry": {"type": "Polygon", "coordinates": [[[-106.0217, 35.8389], [-106.0157, 35.8389], [-106.0195, 35.8513], [-106.0174, 35.8561], [-105.9904, 35.8559], [-105.9905, 35.849], [-105.9831, 35.8483], [-105.929, 35.8487], [-105.9301, 35.766], [-105.9355, 35.7669], [-105.9258, 35.7565], [-105.9213, 35.7444], [-105.9151, 35.7414], [-105.9125, 35.7355], [-105.9127, 35.7264], [-105.9319, 35.7263], [-105.9317, 35.739], [-105.9445, 35.7629], [-105.9441, 35.7667], [-106.0236, 35.7664], [-106.0217, 35.8389]]]}}, {"type": "Feature", "properties": {"fips": "35013001000", "gap_national": 5.5, "gap_stratum": 6.8, "burden": 11.5, "capacity": 5.3, "svi": 0.69, "top_decile_gap": 0.0, "stratum": "metropolitan", "scored": 1}, "geometry": {"type": "Polygon", "coordinates": [[[-106.7387, 32.2871], [-106.7315, 32.2622], [-106.7695, 32.281], [-106.7387, 32.2871]]]}}, {"type": "Feature", "properties": {"fips": "35001940601", "gap_national": -12.1, "gap_stratum": -12.6, "burden": 11.1, "capacity": 25.9, "svi": 0.12, "top_decile_gap": 0.0, "stratum": "metropolitan", "scored": 1}, "geometry": {"type": "Polygon", "coordinates": [[[-106.7453, 35.1743], [-106.7454, 35.1834], [-106.7498, 35.1843], [-106.7497, 35.196], [-106.7585, 35.1942], [-106.7585, 35.1998], [-106.7541, 35.1998], [-106.7526, 35.2033], [-106.7432, 35.189], [-106.7249, 35.1885], [-106.7167, 35.1806], [-106.7022, 35.1797], [-106.6988, 35.1738], [-106.7104, 35.172], [-106.7107, 35.1674], [-106.7149, 35.163], [-106.7248, 35.1672], [-106.7263, 35.1647], [-106.7242, 35.1622], [-106.7237, 35.1471], [-106.7278, 35.1464], [-106.7277, 35.16], [-106.7585, 35.1598], [-106.7586, 35.1743], [-106.7453, 35.1743]]]}}, {"type": "Feature", "properties": {"fips": "35001000906", "gap_national": 84.4, "gap_stratum": 86.6, "burden": 84.7, "capacity": 10.1, "svi": 0.97, "top_decile_gap": 1.0, "stratum": "metropolitan", "scored": 1}, "geometry": {"type": "Polygon", "coordinates": [[[-106.5864, 35.0656], [-106.5775, 35.0655], [-106.5776, 35.0553], [-106.5689, 35.0525], [-106.5834, 35.0513], [-106.5865, 35.0525], [-106.5864, 35.0656]]]}}, {"type": "Feature", "properties": {"fips": "35001002403", "gap_national": 78.8, "gap_stratum": 83.1, "burden": 77.4, "capacity": 8.0, "svi": 0.88, "top_decile_gap": 1.0, "stratum": "metropolitan", "scored": 1}, "geometry": {"type": "Polygon", "coordinates": [[[-106.7096, 35.0944], [-106.6998, 35.0943], [-106.6986, 35.0826], [-106.7106, 35.08], [-106.7096, 35.0944]]]}}, {"type": "Feature", "properties": {"fips": "35001004755", "gap_national": -6.7, "gap_stratum": -6.4, "burden": 13.5, "capacity": 22.5, "svi": 0.13, "top_decile_gap": 0.0, "stratum": "metropolitan", "scored": 1}, "geometry": {"type": "Polygon", "coordinates": [[[-106.7297, 35.218], [-106.6966, 35.218], [-106.6985, 35.2131], [-106.7143, 35.214], [-106.7277, 35.2119], [-106.7277, 35.2069], [-106.7523, 35.2029], [-106.7631, 35.218], [-106.7297, 35.218]]]}}, {"type": "Feature", "properties": {"fips": "35035000303", "gap_national": 72.0, "gap_stratum": 64.5, "burden": 81.9, "capacity": 21.4, "svi": 0.82, "top_decile_gap": 1.0, "stratum": "micropolitan", "scored": 1}, "geometry": {"type": "Polygon", "coordinates": [[[-105.9524, 32.9191], [-105.9524, 32.9235], [-105.9352, 32.9228], [-105.935, 32.9152], [-105.9606, 32.9151], [-105.9607, 32.9191], [-105.9524, 32.9191]]]}}, {"type": "Feature", "properties": {"fips": "35035000903", "gap_national": 75.5, "gap_stratum": 81.5, "burden": 71.9, "capacity": 2.7, "svi": 0.94, "top_decile_gap": 1.0, "stratum": "metropolitan", "scored": 1}, "geometry": {"type": "Polygon", "coordinates": [[[-106.3772, 32.0813], [-106.2732, 32.082], [-106.3161, 32.0126], [-106.3262, 32.0131], [-106.3272, 32.0219], [-106.3773, 32.0194], [-106.3772, 32.0813]]]}}, {"type": "Feature", "properties": {"fips": "35001003722", "gap_national": -12.5, "gap_stratum": -12.1, "burden": 17.5, "capacity": 32.1, "svi": 0.4, "top_decile_gap": 0.0, "stratum": "metropolitan", "scored": 1}, "geometry": {"type": "Polygon", "coordinates": [[[-106.5778, 35.2016], [-106.5606, 35.1999], [-106.5599, 35.1743], [-106.5837, 35.1744], [-106.5778, 35.2016]]]}}, {"type": "Feature", "properties": {"fips": "35053940000", "gap_national": 95.8, "gap_stratum": 96.8, "burden": 97.6, "capacity": 8.1, "svi": 0.93, "top_decile_gap": 1.0, "stratum": "rural", "scored": 1}, "geometry": {"type": "Polygon", "coordinates": [[[-107.7248, 34.5781], [-107.5337, 34.5806], [-107.3938, 34.5796], [-107.3934, 34.5669], [-107.3885, 34.562], [-107.3805, 34.5396], [-107.3792, 34.529], [-107.3807, 34.5243], [-107.3864, 34.5237], [-107.3936, 34.5069], [-107.3839, 34.496], [-107.39, 34.4854], [-107.397, 34.4847], [-107.3933, 34.4721], [-107.3933, 34.4483], [-107.3901, 34.443], [-107.3773, 34.4468], [-107.3729, 34.4444], [-107.3596, 34.4449], [-107.3467, 34.4287], [-107.3405, 34.4121], [-107.3437, 34.4059], [-107.3522, 34.4008], [-107.3494, 34.3935], [-107.3515, 34.3869], [-107.3676, 34.3709], [-107.3789, 34.3761], [-107.3792, 34.3688], [-107.3728, 34.3447], [-107.3752, 34.3316], [-107.38, 34.3242], [-107.3735, 34.312], [-107.3759, 34.3098], [-107.3752, 34.2907], [-107.3848, 34.2851], [-107.382, 34.2846], [-107.3828, 34.2777], [-107.3909, 34.2783], [-107.3992, 34.2826], [-107.4043, 34.2807], [-107.4089, 34.2766], [-107.4095, 34.2719], [-107.4159, 34.2691], [-107.4151, 34.2524], [-107.4256, 34.2582], [-107.433, 34.2662], [-107.4346, 34.2639], [-107.4317, 34.2588], [-107.4371, 34.2546], [-107.4364, 34.2512], [-107.4475, 34.2327], [-107.4647, 34.2329], [-107.4781, 34.2377], [-107.4845, 34.2306], [-107.4883, 34.2209], [-107.4952, 34.2201], [-107.4997, 34.212], [-107.5142, 34.2002], [-107.5542, 34.2076], [-107.5803, 34.2055], [-107.5901, 34.1999], [-107.6136, 34.2302], [-107.6718, 34.272], [-107.7121, 34.2552], [-107.7163, 34.2469], [-107.7163, 34.2599], [-107.7254, 34.2598], [-107.7248, 34.4439], [-107.7267, 34.5178], [-107.7248, 34.5781]]]}}, {"type": "Feature", "properties": {"fips": "35001000716", "gap_national": 69.9, "gap_stratum": 75.6, "burden": 70.7, "capacity": 10.2, "svi": 0.9, "top_decile_gap": 1.0, "stratum": "metropolitan", "scored": 1}, "geometry": {"type": "Polygon", "coordinates": [[[-106.5431, 35.0874], [-106.5324, 35.0833], [-106.5324, 35.0719], [-106.5504, 35.0739], [-106.5506, 35.0873], [-106.5431, 35.0874]]]}}, {"type": "Feature", "properties": {"fips": "35001004754", "gap_national": 3.0, "gap_stratum": 4.7, "burden": 18.8, "capacity": 17.9, "svi": 0.12, "top_decile_gap": 0.0, "stratum": "metropolitan", "scored": 1}, "geometry": {"type": "Polygon", "coordinates": [[[-106.7143, 35.214], [-106.6985, 35.2131], [-106.7029, 35.2061], [-106.7179, 35.2048], [-106.7277, 35.2065], [-106.7277, 35.2119], [-106.7143, 35.214]]]}}, {"type": "Feature", "properties": {"fips": "35001004757", "gap_national": 1.7, "gap_stratum": 3.3, "burden": 19.0, "capacity": 19.6, "svi": 0.26, "top_decile_gap": 0.0, "stratum": "metropolitan", "scored": 1}, "geometry": {"type": "Polygon", "coordinates": [[[-106.7458, 35.205], [-106.7365, 35.2032], [-106.7366, 35.1891], [-106.7432, 35.189], [-106.7523, 35.2029], [-106.7458, 35.205]]]}}, {"type": "Feature", "properties": {"fips": "35001000504", "gap_national": -11.5, "gap_stratum": -10.9, "burden": 18.8, "capacity": 32.5, "svi": 0.66, "top_decile_gap": 0.0, "stratum": "metropolitan", "scored": 1}, "geometry": {"type": "Polygon", "coordinates": [[[-106.5862, 35.0778], [-106.5862, 35.0729], [-106.6046, 35.0736], [-106.6045, 35.0792], [-106.5862, 35.0778]]]}}, {"type": "Feature", "properties": {"fips": "35043010722", "gap_national": 10.5, "gap_stratum": 13.7, "burden": 27.1, "capacity": 20.2, "svi": 0.4, "top_decile_gap": 0.0, "stratum": "metropolitan", "scored": 1}, "geometry": {"type": "Polygon", "coordinates": [[[-106.7168, 35.3063], [-106.7168, 35.2844], [-106.7047, 35.284], [-106.6974, 35.2803], [-106.6968, 35.2678], [-106.7368, 35.2486], [-106.7368, 35.258], [-106.7468, 35.258], [-106.7452, 35.2556], [-106.7512, 35.2445], [-106.7503, 35.2299], [-106.729, 35.218], [-106.7631, 35.218], [-106.8244, 35.3071], [-106.7168, 35.3063]]]}}, {"type": "Feature", "properties": {"fips": "35045000607", "gap_national": 44.7, "gap_stratum": 52.0, "burden": 49.7, "capacity": 10.8, "svi": 0.77, "top_decile_gap": 0.0, "stratum": "metropolitan", "scored": 1}, "geometry": {"type": "Polygon", "coordinates": [[[-108.1593, 36.7335], [-108.1474, 36.7321], [-108.1264, 36.735], [-108.118, 36.7392], [-108.1075, 36.7394], [-108.0871, 36.7348], [-108.0881, 36.7194], [-108.0962, 36.7136], [-108.0988, 36.7052], [-108.0989, 36.7029], [-108.0946, 36.7022], [-108.0957, 36.6894], [-108.1027, 36.694], [-108.1077, 36.6937], [-108.1137, 36.7016], [-108.1223, 36.7017], [-108.1284, 36.698], [-108.1341, 36.698], [-108.1442, 36.7018], [-108.15, 36.7072], [-108.1523, 36.7125], [-108.1511, 36.7157], [-108.1576, 36.7186], [-108.1624, 36.7293], [-108.1593, 36.7335]]]}}, {"type": "Feature", "properties": {"fips": "35057963202", "gap_national": 76.8, "gap_stratum": 67.3, "burden": 84.1, "capacity": 18.4, "svi": 0.85, "top_decile_gap": 1.0, "stratum": "rural", "scored": 1}, "geometry": {"type": "Polygon", "coordinates": [[[-106.0677, 35.0406], [-105.6828, 35.0416], [-105.664, 35.0083], [-105.7071, 35.0105], [-105.7228, 35.0041], [-105.9238, 35.0066], [-105.9794, 35.0046], [-105.9795, 34.9807], [-105.9868, 34.9736], [-105.9863, 34.9663], [-105.9976, 34.9633], [-106.0277, 34.9824], [-106.0507, 34.9825], [-106.0507, 34.986], [-106.059, 34.9859], [-106.0588, 34.9971], [-106.0676, 34.9971], [-106.0677, 35.0109], [-106.0658, 35.0104], [-106.0679, 35.0145], [-106.0677, 35.0406]]]}}, {"type": "Feature", "properties": {"fips": "35001004800", "gap_national": 42.9, "gap_stratum": 49.4, "burden": 57.1, "capacity": 22.6, "svi": 0.78, "top_decile_gap": 0.0, "stratum": "metropolitan", "scored": 1}, "geometry": {"type": "Polygon", "coordinates": [[[-106.673, 35.105], [-106.6531, 35.1067], [-106.6551, 35.1003], [-106.6617, 35.0984], [-106.6636, 35.0907], [-106.6753, 35.0954], [-106.6812, 35.0891], [-106.6881, 35.0927], [-106.6923, 35.1065], [-106.673, 35.105]]]}}, {"type": "Feature", "properties": {"fips": "35001004764", "gap_national": 1.8, "gap_stratum": 3.2, "burden": 17.3, "capacity": 17.5, "svi": 0.47, "top_decile_gap": 0.0, "stratum": "metropolitan", "scored": 1}, "geometry": {"type": "Polygon", "coordinates": [[[-106.6752, 35.2058], [-106.6591, 35.2056], [-106.6608, 35.1982], [-106.657, 35.192], [-106.6786, 35.2025], [-106.6752, 35.2058]]]}}, {"type": "Feature", "properties": {"fips": "35051962300", "gap_national": 38.4, "gap_stratum": 26.7, "burden": 80.3, "capacity": 48.7, "svi": 0.7, "top_decile_gap": 0.0, "stratum": "small_town", "scored": 1}, "geometry": {"type": "Polygon", "coordinates": [[[-107.2964, 33.1212], [-107.2588, 33.1474], [-107.2576, 33.1332], [-107.2504, 33.1331], [-107.2517, 33.1285], [-107.2489, 33.1285], [-107.2548, 33.1225], [-107.254, 33.1186], [-107.274, 33.1128], [-107.2941, 33.113], [-107.2975, 33.1107], [-107.2972, 33.1063], [-107.2938, 33.1032], [-107.303, 33.102], [-107.2964, 33.1212]]]}}, {"type": "Feature", "properties": {"fips": "35041000200", "gap_national": 46.7, "gap_stratum": 17.4, "burden": 49.9, "capacity": 8.6, "svi": 0.9, "top_decile_gap": 0.0, "stratum": "micropolitan", "scored": 1}, "geometry": {"type": "Polygon", "coordinates": [[[-103.3177, 34.2008], [-103.3177, 34.1862], [-103.3313, 34.1861], [-103.3314, 34.1933], [-103.3466, 34.1821], [-103.3567, 34.1824], [-103.3567, 34.1863], [-103.3697, 34.1859], [-103.3697, 34.2004], [-103.3177, 34.2008]]]}}, {"type": "Feature", "properties": {"fips": "35006974202", "gap_national": 67.0, "gap_stratum": 48.4, "burden": 77.7, "capacity": 22.1, "svi": 0.69, "top_decile_gap": 1.0, "stratum": "small_town", "scored": 1}, "geometry": {"type": "Polygon", "coordinates": [[[-107.8444, 35.1611], [-107.8435, 35.1643], [-107.8415, 35.1643], [-107.8412, 35.1611], [-107.8299, 35.1612], [-107.8268, 35.1573], [-107.8278, 35.1471], [-107.8358, 35.1472], [-107.8442, 35.1515], [-107.8421, 35.1546], [-107.846, 35.1567], [-107.8427, 35.1611], [-107.8444, 35.1611]]]}}, {"type": "Feature", "properties": {"fips": "35035000601", "gap_national": 25.4, "gap_stratum": 1.7, "burden": 28.9, "capacity": 2.6, "svi": null, "top_decile_gap": 0.0, "stratum": "rural", "scored": 1}, "geometry": {"type": "Polygon", "coordinates": [[[-106.3764, 32.9104], [-106.3531, 32.9183], [-106.3459, 32.8964], [-106.3021, 32.8809], [-106.2906, 32.8809], [-106.2529, 32.8876], [-106.1786, 32.8876], [-106.1506, 32.8841], [-106.1288, 32.8989], [-106.1357, 32.9169], [-106.0976, 32.9173], [-106.0921, 32.9092], [-106.0718, 32.9332], [-106.0662, 32.9329], [-106.0666, 32.8751], [-106.0645, 32.8734], [-106.0672, 32.8676], [-106.0677, 32.8505], [-106.0737, 32.8466], [-106.0718, 32.8435], [-106.0882, 32.8334], [-106.0825, 32.8244], [-106.1371, 32.7967], [-106.1369, 32.7611], [-106.1429, 32.7465], [-106.1337, 32.7198], [-106.1297, 32.7212], [-106.1188, 32.7142], [-106.1069, 32.6952], [-106.1031, 32.6935], [-106.0621, 32.7043], [-106.0515, 32.7028], [-106.0244, 32.7132], [-105.9916, 32.7165], [-106.0202, 32.5458], [-106.0315, 32.5198], [-106.0283, 32.4702], [-106.0329, 32.4427], [-106.0458, 32.4086], [-106.0912, 32.3645], [-106.1524, 32.4053], [-106.3257, 32.4004], [-106.3256, 32.3872], [-106.3769, 32.3887], [-106.3764, 32.9104]]]}}, {"type": "Feature", "properties": {"fips": "35001003804", "gap_national": -2.0, "gap_stratum": 2.9, "burden": 47.2, "capacity": 50.5, "svi": 0.37, "top_decile_gap": 0.0, "stratum": "metropolitan", "scored": 1}, "geometry": {"type": "Polygon", "coordinates": [[[-106.38, 35.0985], [-106.3742, 35.1059], [-106.3732, 35.1154], [-106.3664, 35.1291], [-106.3657, 35.1356], [-106.3567, 35.1544], [-106.3477, 35.1632], [-106.3328, 35.1616], [-106.3154, 35.1562], [-106.3047, 35.1476], [-106.3024, 35.1418], [-106.2436, 35.1417], [-106.2438, 35.0839], [-106.2859, 35.1016], [-106.299, 35.1042], [-106.3198, 35.1147], [-106.3263, 35.1153], [-106.3493, 35.1023], [-106.3685, 35.0982], [-106.3803, 35.0857], [-106.3817, 35.0914], [-106.38, 35.0985]]]}}, {"type": "Feature", "properties": {"fips": "35001004723", "gap_national": 2.6, "gap_stratum": 5.8, "burden": 30.2, "capacity": 31.5, "svi": 0.29, "top_decile_gap": 0.0, "stratum": "metropolitan", "scored": 1}, "geometry": {"type": "Polygon", "coordinates": [[[-106.6949, 35.1795], [-106.6681, 35.1809], [-106.6727, 35.1761], [-106.6791, 35.16], [-106.6928, 35.1594], [-106.6965, 35.1649], [-106.6955, 35.171], [-106.6985, 35.1761], [-106.6949, 35.1795]]]}}, {"type": "Feature", "properties": {"fips": "35001000300", "gap_national": 0.5, "gap_stratum": 3.2, "burden": 27.9, "capacity": 31.1, "svi": 0.36, "top_decile_gap": 0.0, "stratum": "metropolitan", "scored": 1}, "geometry": {"type": "Polygon", "coordinates": [[[-106.6292, 35.1055], [-106.6149, 35.1076], [-106.6042, 35.1052], [-106.6042, 35.0875], [-106.6143, 35.0875], [-106.6142, 35.0911], [-106.6175, 35.0921], [-106.6175, 35.0983], [-106.6219, 35.0985], [-106.6219, 35.102], [-106.6274, 35.099], [-106.6253, 35.0903], [-106.6343, 35.0914], [-106.6292, 35.1055]]]}}, {"type": "Feature", "properties": {"fips": "35019961600", "gap_national": 69.3, "gap_stratum": 45.0, "burden": 74.6, "capacity": 16.1, "svi": 0.9, "top_decile_gap": 1.0, "stratum": "rural", "scored": 1}, "geometry": {"type": "Polygon", "coordinates": [[[-105.3128, 34.607], [-105.2904, 34.6068], [-105.291, 35.2165], [-104.1251, 35.2157], [-104.1256, 34.969], [-104.1263, 34.9546], [-104.129, 34.9546], [-104.1291, 34.7793], [-104.3398, 34.7791], [-104.3397, 34.6922], [-104.4449, 34.6917], [-104.4448, 34.605], [-104.892, 34.6044], [-104.8917, 34.347], [-105.3131, 34.3472], [-105.3128, 34.607]]]}}, {"type": "Feature", "properties": {"fips": "35043010702", "gap_national": -6.7, "gap_stratum": -0.7, "burden": 53.0, "capacity": 58.1, "svi": 0.26, "top_decile_gap": 0.0, "stratum": "metropolitan", "scored": 1}, "geometry": {"type": "Polygon", "coordinates": [[[-106.5782, 35.3125], [-106.5714, 35.3303], [-106.5575, 35.3221], [-106.5613, 35.3087], [-106.5734, 35.3036], [-106.5811, 35.2969], [-106.583, 35.2918], [-106.5951, 35.2861], [-106.6075, 35.2702], [-106.6079, 35.2662], [-106.6278, 35.266], [-106.5782, 35.3125]]]}}, {"type": "Feature", "properties": {"fips": "35043010602", "gap_national": -33.6, "gap_stratum": -25.4, "burden": 53.3, "capacity": 78.2, "svi": 0.16, "top_decile_gap": 0.0, "stratum": "metropolitan", "scored": 1}, "geometry": {"type": "Polygon", "coordinates": [[[-106.635, 35.2474], [-106.6274, 35.2656], [-106.6072, 35.2663], [-106.6036, 35.2541], [-106.6077, 35.245], [-106.6152, 35.236], [-106.6334, 35.2343], [-106.6349, 35.2278], [-106.6406, 35.2253], [-106.6407, 35.2213], [-106.6477, 35.2151], [-106.6439, 35.2141], [-106.646, 35.2087], [-106.651, 35.2108], [-106.6487, 35.2145], [-106.6581, 35.2179], [-106.635, 35.2474]]]}}, {"type": "Feature", "properties": {"fips": "35025001005", "gap_national": 82.0, "gap_stratum": 71.1, "burden": 80.6, "capacity": 7.9, "svi": 0.88, "top_decile_gap": 1.0, "stratum": "micropolitan", "scored": 1}, "geometry": {"type": "Polygon", "coordinates": [[[-103.3726, 32.9512], [-103.3727, 32.9544], [-103.3425, 32.9554], [-103.3424, 32.9586], [-103.3338, 32.9586], [-103.3338, 32.9667], [-103.3166, 32.9667], [-103.3165, 32.9441], [-103.3857, 32.9439], [-103.3856, 32.9533], [-103.3726, 32.9512]]]}}, {"type": "Feature", "properties": {"fips": "35053978303", "gap_national": 52.9, "gap_stratum": 21.0, "burden": 61.7, "capacity": 17.7, "svi": 0.8, "top_decile_gap": 0.0, "stratum": "small_town", "scored": 1}, "geometry": {"type": "Polygon", "coordinates": [[[-106.9032, 34.1347], [-106.8924, 34.1195], [-106.8871, 34.1209], [-106.8792, 34.0966], [-106.8733, 34.0912], [-106.8726, 34.0868], [-106.866, 34.0824], [-106.8752, 34.0621], [-106.8738, 34.0559], [-106.8635, 34.0453], [-106.867, 34.0329], [-106.862, 34.0179], [-106.871, 34.005], [-106.8692, 33.9989], [-106.8598, 33.9879], [-106.8581, 33.9659], [-106.8475, 33.9523], [-106.8506, 33.9443], [-106.8509, 33.919], [-106.8791, 33.9168], [-106.8809, 33.9148], [-106.8786, 33.9219], [-106.8949, 34.004], [-106.8935, 34.0252], [-106.8882, 34.0383], [-106.8923, 34.0465], [-106.8932, 34.0764], [-106.9095, 34.1333], [-106.9032, 34.1347]]]}}, {"type": "Feature", "properties": {"fips": "35001000711", "gap_national": -6.8, "gap_stratum": -3.4, "burden": 35.6, "capacity": 44.3, "svi": 0.38, "top_decile_gap": 0.0, "stratum": "metropolitan", "scored": 1}, "geometry": {"type": "Polygon", "coordinates": [[[-106.49, 35.0887], [-106.4837, 35.084], [-106.48, 35.0849], [-106.48, 35.0728], [-106.4856, 35.0651], [-106.4967, 35.0695], [-106.4971, 35.0863], [-106.49, 35.0887]]]}}, {"type": "Feature", "properties": {"fips": "35001000125", "gap_national": -36.1, "gap_stratum": -33.0, "burden": 29.2, "capacity": 59.3, "svi": 0.04, "top_decile_gap": 0.0, "stratum": "metropolitan", "scored": 1}, "geometry": {"type": "Polygon", "coordinates": [[[-106.4973, 35.1027], [-106.4814, 35.0995], [-106.48, 35.0849], [-106.4837, 35.084], [-106.49, 35.0887], [-106.4971, 35.0863], [-106.4973, 35.1027]]]}}, {"type": "Feature", "properties": {"fips": "35061970901", "gap_national": 67.7, "gap_stratum": 71.0, "burden": 77.3, "capacity": 21.0, "svi": 0.95, "top_decile_gap": 1.0, "stratum": "metropolitan", "scored": 1}, "geometry": {"type": "Polygon", "coordinates": [[[-106.7787, 34.655], [-106.7761, 34.6628], [-106.767, 34.6613], [-106.7565, 34.7087], [-106.7557, 34.6993], [-106.7495, 34.691], [-106.7508, 34.6782], [-106.7435, 34.6753], [-106.7463, 34.6723], [-106.7456, 34.6614], [-106.7379, 34.6528], [-106.7373, 34.6418], [-106.7479, 34.631], [-106.7561, 34.6335], [-106.7675, 34.6293], [-106.7733, 34.633], [-106.774, 34.6297], [-106.7783, 34.6301], [-106.7808, 34.6392], [-106.7829, 34.6303], [-106.796, 34.653], [-106.7787, 34.655]]]}}, {"type": "Feature", "properties": {"fips": "35013001701", "gap_national": 39.2, "gap_stratum": 46.1, "burden": 46.2, "capacity": 12.7, "svi": 0.72, "top_decile_gap": 0.0, "stratum": "metropolitan", "scored": 1}, "geometry": {"type": "Polygon", "coordinates": [[[-107.2983, 32.2201], [-107.1578, 32.1841], [-107.152, 32.1811], [-107.133, 32.1621], [-107.1246, 32.1492], [-107.114, 32.1427], [-107.0161, 32.1064], [-106.9808, 32.0911], [-106.9125, 32.0554], [-106.7226, 31.8845], [-106.6866, 31.8884], [-106.6756, 31.8985], [-106.6571, 31.9035], [-106.6561, 31.8961], [-106.6501, 31.8858], [-106.6304, 31.8858], [-106.6292, 31.8837], [-106.6349, 31.8745], [-106.6359, 31.8662], [-106.6146, 31.8465], [-106.602, 31.8444], [-106.6053, 31.8279], [-106.5983, 31.823], [-106.6026, 31.8214], [-106.6113, 31.8301], [-106.6124, 31.827], [-106.6286, 31.8217], [-106.6199, 31.8153], [-106.5987, 31.8078], [-106.5974, 31.8017], [-106.5934, 31.7971], [-106.5693, 31.7839], [-107.2968, 31.7838], [-107.2983, 32.2201]]]}}, {"type": "Feature", "properties": {"fips": "35013001204", "gap_national": -47.4, "gap_stratum": -40.2, "burden": 41.0, "capacity": 77.9, "svi": 0.21, "top_decile_gap": 0.0, "stratum": "metropolitan", "scored": 1}, "geometry": {"type": "Polygon", "coordinates": [[[-106.725, 32.2978], [-106.7195, 32.2958], [-106.7089, 32.2991], [-106.7094, 32.3098], [-106.7175, 32.3235], [-106.6933, 32.3345], [-106.6285, 32.3421], [-106.6154, 32.3409], [-106.6116, 32.3444], [-106.6111, 32.341], [-106.5837, 32.3255], [-106.5827, 32.3224], [-106.5715, 32.3235], [-106.5715, 32.3194], [-106.5754, 32.3194], [-106.5753, 32.3155], [-106.5803, 32.3155], [-106.5814, 32.205], [-106.6157, 32.2093], [-106.6357, 32.2014], [-106.6687, 32.1727], [-106.7337, 32.2625], [-106.7313, 32.2641], [-106.7386, 32.2871], [-106.725, 32.2978]]]}}, {"type": "Feature", "properties": {"fips": "35047957400", "gap_national": 67.0, "gap_stratum": 52.7, "burden": 74.2, "capacity": 18.1, "svi": 0.89, "top_decile_gap": 1.0, "stratum": "micropolitan", "scored": 1}, "geometry": {"type": "Polygon", "coordinates": [[[-105.2252, 35.5947], [-105.2219, 35.5926], [-105.2138, 35.5967], [-105.207, 35.5956], [-105.187, 35.6004], [-105.187, 35.5651], [-105.2048, 35.5651], [-105.2048, 35.5725], [-105.2124, 35.5757], [-105.2229, 35.566], [-105.225, 35.5571], [-105.2346, 35.5575], [-105.2386, 35.59], [-105.2252, 35.5947]]]}}, {"type": "Feature", "properties": {"fips": "35049001102", "gap_national": -34.6, "gap_stratum": -31.9, "burden": 28.3, "capacity": 57.7, "svi": 0.61, "top_decile_gap": 0.0, "stratum": "metropolitan", "scored": 1}, "geometry": {"type": "Polygon", "coordinates": [[[-105.9388, 35.6546], [-105.9294, 35.6403], [-105.9305, 35.6362], [-105.9493, 35.6365], [-105.9562, 35.6343], [-105.9565, 35.6591], [-105.9388, 35.6546]]]}}, {"type": "Feature", "properties": {"fips": "35049010204", "gap_national": -49.7, "gap_stratum": -41.9, "burden": 48.5, "capacity": 92.7, "svi": 0.13, "top_decile_gap": 0.0, "stratum": "metropolitan", "scored": 1}, "geometry": {"type": "Polygon", "coordinates": [[[-106.1633, 35.8369], [-106.1612, 35.8373], [-106.1614, 35.8426], [-106.1571, 35.848], [-106.1589, 35.8556], [-106.0732, 35.8554], [-106.0734, 35.9143], [-106.0625, 35.9142], [-106.0628, 35.8564], [-106.0174, 35.8561], [-106.0195, 35.8513], [-106.0157, 35.8389], [-106.0217, 35.8389], [-106.0236, 35.7664], [-105.9441, 35.7667], [-105.9406, 35.7545], [-105.9471, 35.7546], [-105.947, 35.73], [-105.9488, 35.7264], [-105.985, 35.7266], [-105.9853, 35.7002], [-105.9919, 35.6985], [-105.9944, 35.7047], [-106.0045, 35.7106], [-106.0218, 35.7154], [-106.0279, 35.7225], [-106.048, 35.7302], [-106.061, 35.7287], [-106.0686, 35.7316], [-106.0707, 35.7361], [-106.0809, 35.7438], [-106.0911, 35.7445], [-106.102, 35.7494], [-106.1211, 35.7896], [-106.1342, 35.8043], [-106.1364, 35.8129], [-106.1557, 35.8322], [-106.1631, 35.8364], [-106.1661, 35.8347], [-106.1633, 35.8369]]]}}, {"type": "Feature", "properties": {"fips": "35025000701", "gap_national": 38.1, "gap_stratum": 10.4, "burden": 46.4, "capacity": 14.4, "svi": 0.82, "top_decile_gap": 0.0, "stratum": "micropolitan", "scored": 1}, "geometry": {"type": "Polygon", "coordinates": [[[-103.1793, 32.7984], [-103.1793, 32.8565], [-103.1278, 32.8565], [-103.1264, 32.8999], [-103.0646, 32.8999], [-103.0648, 32.727], [-103.1104, 32.7257], [-103.1106, 32.7468], [-103.1187, 32.7516], [-103.1217, 32.7568], [-103.1189, 32.7639], [-103.1175, 32.7984], [-103.1632, 32.7983], [-103.1636, 32.7839], [-103.2033, 32.7836], [-103.2177, 32.7984], [-103.1793, 32.7984]]]}}, {"type": "Feature", "properties": {"fips": "35049010500", "gap_national": -51.1, "gap_stratum": -44.0, "burden": 39.9, "capacity": 80.4, "svi": 0.06, "top_decile_gap": 0.0, "stratum": "metropolitan", "scored": 1}, "geometry": {"type": "Polygon", "coordinates": [[[-105.9143, 35.6878], [-105.9116, 35.6961], [-105.9053, 35.704], [-105.8889, 35.7174], [-105.8918, 35.7256], [-105.8675, 35.7289], [-105.8573, 35.7264], [-105.8314, 35.7281], [-105.818, 35.7199], [-105.8177, 35.7173], [-105.8266, 35.7069], [-105.8237, 35.7029], [-105.8282, 35.6963], [-105.8281, 35.6922], [-105.8237, 35.6887], [-105.8364, 35.6894], [-105.8529, 35.6867], [-105.8699, 35.6919], [-105.8827, 35.6895], [-105.89, 35.6906], [-105.8954, 35.6881], [-105.8951, 35.6702], [-105.9065, 35.6687], [-105.9144, 35.6697], [-105.9135, 35.6729], [-105.9176, 35.6817], [-105.922, 35.6812], [-105.9143, 35.6878]]]}}, {"type": "Feature", "properties": {"fips": "35049001105", "gap_national": -3.9, "gap_stratum": 0.1, "burden": 39.1, "capacity": 45.2, "svi": 0.46, "top_decile_gap": 0.0, "stratum": "metropolitan", "scored": 1}, "geometry": {"type": "Polygon", "coordinates": [[[-105.9738, 35.6521], [-105.9564, 35.6521], [-105.9563, 35.6386], [-105.9739, 35.6372], [-105.9738, 35.6521]]]}}, {"type": "Feature", "properties": {"fips": "35015000900", "gap_national": 39.6, "gap_stratum": 11.8, "burden": 49.6, "capacity": 16.7, "svi": 0.58, "top_decile_gap": 0.0, "stratum": "micropolitan", "scored": 1}, "geometry": {"type": "Polygon", "coordinates": [[[-104.8416, 32.9632], [-103.8145, 32.9651], [-103.8142, 32.5292], [-103.9466, 32.5183], [-104.0318, 32.5309], [-104.074, 32.5103], [-104.1085, 32.4851], [-104.1165, 32.4931], [-104.1228, 32.5313], [-104.1228, 32.5667], [-104.1362, 32.5714], [-104.152, 32.572], [-104.1901, 32.5603], [-104.1937, 32.5523], [-104.2259, 32.5286], [-104.2268, 32.4836], [-104.2306, 32.4801], [-104.2342, 32.4928], [-104.2444, 32.4972], [-104.27, 32.5001], [-104.2864, 32.5114], [-104.2986, 32.5255], [-104.3077, 32.5259], [-104.3191, 32.514], [-104.3378, 32.5106], [-104.3417, 32.5209], [-104.3492, 32.5232], [-104.3549, 32.522], [-104.3621, 32.5252], [-104.3796, 32.5156], [-104.4218, 32.585], [-104.4208, 32.6052], [-104.4105, 32.6242], [-104.4695, 32.6243], [-104.4856, 32.6171], [-104.504, 32.614], [-104.5333, 32.6121], [-104.5546, 32.6144], [-104.5781, 32.6025], [-104.5867, 32.6008], [-104.602, 32.6019], [-104.6462, 32.5987], [-104.6559, 32.6015], [-104.6642, 32.5978], [-104.6785, 32.5969], [-104.6906, 32.5931], [-104.6998, 32.5948], [-104.7067, 32.601], [-104.7128, 32.6008], [-104.7157, 32.5934], [-104.7359, 32.579], [-104.7481, 32.5758], [-104.7513, 32.5726], [-104.7711, 32.5715], [-104.7882, 32.5637], [-104.8082, 32.5595], [-104.8139, 32.5544], [-104.8215, 32.5532], [-104.8321, 32.5465], [-104.8373, 32.5412], [-104.8422, 32.5409], [-104.8416, 32.9632]], [[-104.4645, 32.8427], [-104.4636, 32.8222], [-104.4546, 32.8227], [-104.442, 32.8331], [-104.4299, 32.8342], [-104.4298, 32.8135], [-104.4126, 32.8135], [-104.4126, 32.8171], [-104.3828, 32.8177], [-104.3825, 32.8136], [-104.3305, 32.8134], [-104.3306, 32.8277], [-104.3608, 32.8282], [-104.3623, 32.8715], [-104.4126, 32.8716], [-104.4125, 32.8863], [-104.4298, 32.8863], [-104.4299, 32.8572], [-104.4557, 32.8572], [-104.4649, 32.864], [-104.4816, 32.8641], [-104.4816, 32.8428], [-104.4645, 32.8427]]]}}, {"type": "Feature", "properties": {"fips": "35028000200", "gap_national": -43.7, "gap_stratum": -42.5, "burden": 6.8, "capacity": 49.2, "svi": 0.05, "top_decile_gap": 0.0, "stratum": "micropolitan", "scored": 1}, "geometry": {"type": "Polygon", "coordinates": [[[-106.3995, 35.9601], [-106.3858, 35.9599], [-106.3861, 35.9527], [-106.3317, 35.9518], [-106.309, 35.9381], [-106.2961, 35.9352], [-106.3011, 35.9319], [-106.2962, 35.929], [-106.2957, 35.926], [-106.3035, 35.927], [-106.3098, 35.9202], [-106.3063, 35.9189], [-106.3066, 35.9145], [-106.3012, 35.909], [-106.3038, 35.9059], [-106.3017, 35.9014], [-106.316, 35.9001], [-106.3004, 35.8886], [-106.3109, 35.8918], [-106.3198, 35.8913], [-106.3179, 35.8857], [-106.3218, 35.8799], [-106.3188, 35.8778], [-106.3472, 35.8725], [-106.3535, 35.8656], [-106.3541, 35.8503], [-106.3584, 35.844], [-106.3609, 35.8343], [-106.3627, 35.8374], [-106.3633, 35.8333], [-106.3773, 35.8338], [-106.3875, 35.8305], [-106.3904, 35.8273], [-106.3966, 35.8295], [-106.3996, 35.8282], [-106.3995, 35.9601]]]}}, {"type": "Feature", "properties": {"fips": "35025001100", "gap_national": 41.5, "gap_stratum": 13.7, "burden": 51.2, "capacity": 16.7, "svi": 0.53, "top_decile_gap": 0.0, "stratum": "micropolitan", "scored": 1}, "geometry": {"type": "Polygon", "coordinates": [[[-103.7664, 32.9653], [-103.7664, 33.3953], [-103.7214, 33.3957], [-103.7208, 33.5695], [-103.0526, 33.5706], [-103.064, 33.0387], [-103.0646, 32.8999], [-103.1264, 32.8999], [-103.1278, 32.8565], [-103.351, 32.8569], [-103.3508, 32.6967], [-103.3828, 32.6952], [-103.5688, 32.6111], [-103.6846, 32.567], [-103.7538, 32.5464], [-103.7936, 32.5312], [-103.8142, 32.5292], [-103.8145, 32.9651], [-103.7664, 32.9653]], [[-103.3684, 32.944], [-103.3666, 32.9294], [-103.3338, 32.9295], [-103.3339, 32.944], [-103.3165, 32.9441], [-103.3166, 32.9667], [-103.3338, 32.9667], [-103.3349, 32.9813], [-103.3521, 32.9814], [-103.3521, 32.9668], [-103.3685, 32.9667], [-103.3684, 32.9544], [-103.3727, 32.9544], [-103.3726, 32.9512], [-103.3856, 32.9533], [-103.3857, 32.9439], [-103.3684, 32.944]]]}}, {"type": "Feature", "properties": {"fips": "35006946100", "gap_national": 78.8, "gap_stratum": 78.1, "burden": 92.0, "capacity": 23.6, "svi": 0.9, "top_decile_gap": 1.0, "stratum": "metropolitan", "scored": 1}, "geometry": {"type": "Polygon", "coordinates": [[[-107.5448, 35.0676], [-107.492, 35.0676], [-107.4919, 35.0722], [-107.5008, 35.0729], [-107.5059, 35.0775], [-107.5021, 35.0829], [-107.4995, 35.0819], [-107.4948, 35.0866], [-107.4897, 35.0873], [-107.504, 35.1059], [-107.5039, 35.1116], [-107.5002, 35.1152], [-107.5024, 35.1185], [-107.5011, 35.1223], [-107.4945, 35.1249], [-107.4953, 35.1291], [-107.4821, 35.1467], [-107.4834, 35.1538], [-107.4807, 35.159], [-107.4857, 35.1627], [-107.4857, 35.1683], [-107.4768, 35.1682], [-107.4767, 35.1896], [-107.4653, 35.1897], [-107.4651, 35.1755], [-107.4471, 35.1754], [-107.4471, 35.1683], [-107.4621, 35.1685], [-107.4621, 35.1636], [-107.4674, 35.1552], [-107.465, 35.1536], [-107.4327, 35.1537], [-107.4326, 35.1608], [-107.3714, 35.1609], [-107.3713, 35.1538], [-107.2752, 35.1532], [-107.2752, 35.1462], [-107.2683, 35.1462], [-107.2683, 35.139], [-107.2471, 35.1391], [-107.2471, 35.1467], [-107.238, 35.1467], [-107.2383, 35.1534], [-107.2302, 35.1534], [-107.2303, 35.1678], [-107.1861, 35.1679], [-107.1862, 35.1804], [-107.1841, 35.1837], [-107.1785, 35.1822], [-107.0666, 34.9572], [-107.2029, 34.9576], [-107.2033, 34.797], [-107.2209, 34.797], [-107.2209, 34.783], [-107.2383, 34.783], [-107.2382, 34.7971], [-107.2566, 34.7972], [-107.2566, 34.7833], [-107.2756, 34.7834], [-107.2754, 34.7972], [-107.2922, 34.797], [-107.2922, 34.8115], [-107.3098, 34.8115], [-107.3098, 34.8256], [-107.2922, 34.8256], [-107.2922, 34.8415], [-107.3098, 34.8415], [-107.3095, 34.8701], [-107.5433, 34.8697], [-107.5448, 35.0676]]]}}, {"type": "Feature", "properties": {"fips": "35043010705", "gap_national": 6.4, "gap_stratum": 10.4, "burden": 36.7, "capacity": 34.9, "svi": 0.36, "top_decile_gap": 0.0, "stratum": "metropolitan", "scored": 1}, "geometry": {"type": "Polygon", "coordinates": [[[-106.6968, 35.2678], [-106.687, 35.2727], [-106.679, 35.2638], [-106.6845, 35.2594], [-106.6825, 35.2559], [-106.6845, 35.2416], [-106.6969, 35.2415], [-106.6968, 35.2678]]]}}, {"type": "Feature", "properties": {"fips": "35043010713", "gap_national": 53.3, "gap_stratum": 60.2, "burden": 59.8, "capacity": 14.8, "svi": 0.58, "top_decile_gap": 1.0, "stratum": "metropolitan", "scored": 1}, "geometry": {"type": "Polygon", "coordinates": [[[-106.7492, 35.2504], [-106.7452, 35.2556], [-106.7468, 35.258], [-106.7368, 35.258], [-106.7368, 35.2486], [-106.7166, 35.2583], [-106.7132, 35.2542], [-106.7143, 35.2416], [-106.7511, 35.2419], [-106.7492, 35.2504]]]}}, {"type": "Feature", "properties": {"fips": "35043940200", "gap_national": 71.3, "gap_stratum": 44.1, "burden": 73.6, "capacity": 12.5, "svi": 0.78, "top_decile_gap": 1.0, "stratum": "rural", "scored": 1}, "geometry": {"type": "Polygon", "coordinates": [[[-106.5352, 35.6215], [-106.5354, 35.624], [-106.539, 35.6225], [-106.539, 35.6246], [-106.519, 35.6247], [-106.519, 35.635], [-106.3814, 35.5698], [-106.3126, 35.5701], [-106.2853, 35.5477], [-106.2487, 35.5465], [-106.2488, 35.4433], [-106.3388, 35.4664], [-106.3559, 35.4676], [-106.3559, 35.4712], [-106.3425, 35.4708], [-106.3427, 35.4765], [-106.4005, 35.4766], [-106.5168, 35.552], [-106.5344, 35.552], [-106.5343, 35.5484], [-106.5391, 35.5485], [-106.5357, 35.5493], [-106.5352, 35.6215]]]}}, {"type": "Feature", "properties": {"fips": "35053978100", "gap_national": 72.0, "gap_stratum": 63.2, "burden": 83.0, "capacity": 22.5, "svi": 0.88, "top_decile_gap": 1.0, "stratum": "rural", "scored": 1}, "geometry": {"type": "Polygon", "coordinates": [[[-107.0882, 33.6636], [-107.0176, 33.7313], [-106.9287, 33.8239], [-106.8791, 33.9168], [-106.8509, 33.919], [-106.8506, 33.9443], [-106.8475, 33.9523], [-106.8581, 33.9659], [-106.8598, 33.9879], [-106.8692, 33.9989], [-106.871, 34.005], [-106.862, 34.0179], [-106.867, 34.0329], [-106.8635, 34.0453], [-106.8738, 34.0559], [-106.8752, 34.0621], [-106.866, 34.0824], [-106.8726, 34.0868], [-106.8733, 34.0912], [-106.8792, 34.0966], [-106.8871, 34.1209], [-106.8924, 34.1195], [-106.9032, 34.1347], [-106.9095, 34.1333], [-106.9219, 34.1765], [-106.9247, 34.1911], [-106.9245, 34.208], [-106.8796, 34.3306], [-106.8742, 34.3606], [-106.8526, 34.3996], [-106.8321, 34.4282], [-106.7978, 34.5438], [-106.7683, 34.5313], [-106.5046, 34.457], [-106.4563, 34.4371], [-106.4169, 34.4397], [-106.416, 34.2598], [-105.926, 34.26], [-105.9247, 33.8256], [-106.0527, 33.8256], [-106.0527, 33.6503], [-106.1583, 33.6503], [-106.1583, 33.6524], [-106.2683, 33.6605], [-106.3737, 33.6605], [-106.3728, 33.4799], [-106.4743, 33.4802], [-106.4743, 33.4758], [-107.2205, 33.478], [-107.1507, 33.6097], [-107.0882, 33.6636]]]}}, {"type": "Feature", "properties": {"fips": "35001004602", "gap_national": 48.9, "gap_stratum": 55.2, "burden": 61.0, "capacity": 21.1, "svi": 0.58, "top_decile_gap": 0.0, "stratum": "metropolitan", "scored": 1}, "geometry": {"type": "Polygon", "coordinates": [[[-106.7189, 34.9918], [-106.6966, 34.9867], [-106.6967, 34.9851], [-106.6871, 34.9845], [-106.689, 34.9696], [-106.6857, 34.9592], [-106.6797, 34.9516], [-106.6808, 34.9469], [-106.71, 34.947], [-106.7191, 34.9649], [-106.7189, 34.9918]]]}}, {"type": "Feature", "properties": {"fips": "35001004001", "gap_national": 56.4, "gap_stratum": 63.6, "burden": 60.0, "capacity": 11.2, "svi": 0.94, "top_decile_gap": 1.0, "stratum": "metropolitan", "scored": 1}, "geometry": {"type": "Polygon", "coordinates": [[[-106.6859, 34.9868], [-106.6874, 34.9989], [-106.6728, 35.0138], [-106.6717, 35.0377], [-106.6625, 35.0478], [-106.6592, 35.0563], [-106.661, 35.0697], [-106.6498, 35.07], [-106.6538, 35.0493], [-106.6376, 35.0476], [-106.6381, 35.0234], [-106.6332, 35.0256], [-106.6287, 35.0368], [-106.6218, 35.0369], [-106.6219, 35.031], [-106.6194, 35.0282], [-106.5866, 35.0286], [-106.5861, 35.0113], [-106.5689, 35.011], [-106.569, 34.9475], [-106.6808, 34.9469], [-106.6797, 34.9516], [-106.6857, 34.9592], [-106.6892, 34.978], [-106.6859, 34.9868]]]}}, {"type": "Feature", "properties": {"fips": "35001003807", "gap_national": 27.0, "gap_stratum": 31.5, "burden": 64.9, "capacity": 44.5, "svi": 0.42, "top_decile_gap": 0.0, "stratum": "metropolitan", "scored": 1}, "geometry": {"type": "Polygon", "coordinates": [[[-106.4627, 35.0167], [-106.4605, 35.0171], [-106.4617, 35.0207], [-106.4581, 35.023], [-106.4593, 35.0264], [-106.4548, 35.0338], [-106.4509, 35.0552], [-106.4465, 35.0545], [-106.4447, 35.0618], [-106.4229, 35.0658], [-106.4063, 35.0804], [-106.3875, 35.0812], [-106.3874, 35.0761], [-106.3844, 35.0739], [-106.3785, 35.0548], [-106.3824, 35.0503], [-106.3802, 35.0412], [-106.3817, 35.0358], [-106.3704, 35.0356], [-106.3619, 35.0324], [-106.3456, 35.0365], [-106.3314, 35.032], [-106.3246, 35.0323], [-106.3194, 35.0355], [-106.2967, 35.0263], [-106.2439, 35.0256], [-106.2438, 34.9534], [-106.1498, 34.9535], [-106.1497, 34.8701], [-106.3732, 34.8703], [-106.3556, 34.8719], [-106.3499, 34.875], [-106.3385, 34.8838], [-106.3364, 34.8833], [-106.3283, 34.895], [-106.3245, 34.8953], [-106.3188, 34.9015], [-106.3204, 34.927], [-106.3269, 34.927], [-106.3268, 34.9335], [-106.3219, 34.9335], [-106.3223, 34.9382], [-106.3165, 34.9385], [-106.3165, 34.9421], [-106.3258, 34.9423], [-106.3257, 34.9473], [-106.4318, 34.9473], [-106.4369, 34.9494], [-106.4377, 34.9473], [-106.4648, 34.9475], [-106.4627, 35.0167]]]}}, {"type": "Feature", "properties": {"fips": "35001004728", "gap_national": 22.4, "gap_stratum": 27.9, "burden": 44.7, "capacity": 28.8, "svi": 0.31, "top_decile_gap": 0.0, "stratum": "metropolitan", "scored": 1}, "geometry": {"type": "Polygon", "coordinates": [[[-106.7049, 35.1455], [-106.6983, 35.1525], [-106.6861, 35.1496], [-106.7002, 35.1389], [-106.7015, 35.128], [-106.7065, 35.1277], [-106.7128, 35.1454], [-106.7049, 35.1455]]]}}, {"type": "Feature", "properties": {"fips": "35001002100", "gap_national": 28.8, "gap_stratum": 34.4, "burden": 34.8, "capacity": 9.1, "svi": 0.79, "top_decile_gap": 0.0, "stratum": "metropolitan", "scored": 1}, "geometry": {"type": "Polygon", "coordinates": [[[-106.6552, 35.0916], [-106.6433, 35.0903], [-106.6454, 35.0797], [-106.6571, 35.0812], [-106.6552, 35.0916]]]}}, {"type": "Feature", "properties": {"fips": "35001000402", "gap_national": -4.3, "gap_stratum": -1.7, "burden": 29.7, "capacity": 37.0, "svi": 0.29, "top_decile_gap": 0.0, "stratum": "metropolitan", "scored": 1}, "geometry": {"type": "Polygon", "coordinates": [[[-106.5776, 35.0947], [-106.5775, 35.0874], [-106.6042, 35.0875], [-106.6044, 35.0948], [-106.5776, 35.0947]]]}}, {"type": "Feature", "properties": {"fips": "35001003718", "gap_national": -2.2, "gap_stratum": 0.8, "burden": 31.7, "capacity": 37.2, "svi": 0.51, "top_decile_gap": 0.0, "stratum": "metropolitan", "scored": 1}, "geometry": {"type": "Polygon", "coordinates": [[[-106.5334, 35.1371], [-106.5333, 35.1306], [-106.551, 35.1307], [-106.551, 35.1384], [-106.5334, 35.1371]]]}}, {"type": "Feature", "properties": {"fips": "35001000108", "gap_national": 21.6, "gap_stratum": 27.1, "burden": 45.6, "capacity": 30.5, "svi": 0.43, "top_decile_gap": 0.0, "stratum": "metropolitan", "scored": 1}, "geometry": {"type": "Polygon", "coordinates": [[[-106.5157, 35.1307], [-106.4979, 35.1307], [-106.4977, 35.1234], [-106.5157, 35.1235], [-106.5157, 35.1307]]]}}, {"type": "Feature", "properties": {"fips": "35061970404", "gap_national": 60.4, "gap_stratum": 66.1, "burden": 67.7, "capacity": 17.2, "svi": 0.65, "top_decile_gap": 1.0, "stratum": "metropolitan", "scored": 1}, "geometry": {"type": "Polygon", "coordinates": [[[-106.7614, 34.8145], [-106.748, 34.8146], [-106.7358, 34.8075], [-106.7405, 34.7872], [-106.7669, 34.7914], [-106.7697, 34.7886], [-106.77, 34.7843], [-106.7736, 34.7848], [-106.7614, 34.8145]]]}}, {"type": "Feature", "properties": {"fips": "35055952602", "gap_national": 37.6, "gap_stratum": 12.4, "burden": 56.7, "capacity": 27.7, "svi": 0.76, "top_decile_gap": 0.0, "stratum": "micropolitan", "scored": 1}, "geometry": {"type": "Polygon", "coordinates": [[[-105.7448, 36.3312], [-105.7331, 36.3353], [-105.7308, 36.3392], [-105.7282, 36.3376], [-105.7239, 36.3405], [-105.7207, 36.3459], [-105.7153, 36.3484], [-105.7152, 36.3518], [-105.6883, 36.3634], [-105.6834, 36.3693], [-105.681, 36.3678], [-105.6755, 36.3743], [-105.672, 36.3742], [-105.6673, 36.3801], [-105.6636, 36.38], [-105.6574, 36.3846], [-105.6447, 36.3896], [-105.6306, 36.3899], [-105.62, 36.398], [-105.6092, 36.3989], [-105.5982, 36.4041], [-105.5937, 36.4038], [-105.5938, 36.4011], [-105.5912, 36.4], [-105.5756, 36.4014], [-105.5976, 36.3688], [-105.6155, 36.3548], [-105.7256, 36.3141], [-105.7302, 36.3102], [-105.7327, 36.3022], [-105.7349, 36.302], [-105.7534, 36.3207], [-105.7448, 36.3312]]]}}, {"type": "Feature", "properties": {"fips": "35025000702", "gap_national": 26.8, "gap_stratum": 5.8, "burden": 30.3, "capacity": 3.5, "svi": 0.65, "top_decile_gap": 0.0, "stratum": "micropolitan", "scored": 1}, "geometry": {"type": "Polygon", "coordinates": [[[-103.6846, 32.567], [-103.5688, 32.6111], [-103.3828, 32.6952], [-103.3508, 32.6967], [-103.351, 32.8569], [-103.1793, 32.8565], [-103.1793, 32.7984], [-103.2177, 32.7984], [-103.1738, 32.7534], [-103.1793, 32.7532], [-103.1792, 32.7257], [-103.1878, 32.7257], [-103.1875, 32.712], [-103.1834, 32.706], [-103.183, 32.6966], [-103.1793, 32.6965], [-103.1789, 32.691], [-103.1685, 32.6929], [-103.1674, 32.6894], [-103.1638, 32.6894], [-103.1595, 32.683], [-103.1438, 32.682], [-103.1432, 32.653], [-103.1275, 32.653], [-103.1275, 32.6821], [-103.0933, 32.6822], [-103.0932, 32.7112], [-103.0736, 32.7101], [-103.0737, 32.7141], [-103.0648, 32.7138], [-103.0647, 32.5622], [-103.1277, 32.5691], [-103.1277, 32.5913], [-103.188, 32.5914], [-103.2449, 32.6013], [-103.265, 32.6008], [-103.2648, 32.5743], [-103.2564, 32.5618], [-103.2565, 32.5367], [-103.292, 32.5373], [-103.3017, 32.5443], [-103.3335, 32.5433], [-103.335, 32.5001], [-103.3278, 32.477], [-103.3238, 32.4717], [-103.3576, 32.4713], [-103.4421, 32.4187], [-103.4719, 32.4358], [-103.4712, 32.4415], [-103.5035, 32.4615], [-103.518, 32.4591], [-103.5338, 32.5066], [-103.5435, 32.5116], [-103.5415, 32.5225], [-103.6425, 32.5226], [-103.6954, 32.548], [-103.7227, 32.5515], [-103.726, 32.5546], [-103.6846, 32.567]]]}}, {"type": "Feature", "properties": {"fips": "35017964702", "gap_national": 41.8, "gap_stratum": 18.9, "burden": 61.7, "capacity": 29.2, "svi": 0.67, "top_decile_gap": 0.0, "stratum": "micropolitan", "scored": 1}, "geometry": {"type": "Polygon", "coordinates": [[[-108.3129, 32.7604], [-108.3105, 32.7573], [-108.3004, 32.7569], [-108.2856, 32.7502], [-108.2796, 32.7547], [-108.2752, 32.7406], [-108.2612, 32.7407], [-108.2656, 32.7467], [-108.2688, 32.7591], [-108.263, 32.7618], [-108.2599, 32.7537], [-108.2565, 32.7534], [-108.2587, 32.7613], [-108.2521, 32.7731], [-108.2525, 32.7874], [-108.2014, 32.7824], [-108.2009, 32.7701], [-108.1944, 32.7647], [-108.1828, 32.7645], [-108.1779, 32.7615], [-108.1855, 32.7471], [-108.1913, 32.7275], [-108.1963, 32.7278], [-108.2047, 32.7239], [-108.21, 32.7138], [-108.2141, 32.7115], [-108.2184, 32.7004], [-108.2175, 32.6909], [-108.2153, 32.6897], [-108.2178, 32.68], [-108.215, 32.6786], [-108.2197, 32.6685], [-108.2168, 32.661], [-108.2194, 32.6595], [-108.2183, 32.6565], [-108.2226, 32.6536], [-108.242, 32.6812], [-108.2567, 32.6872], [-108.258, 32.6929], [-108.2685, 32.6983], [-108.2715, 32.7111], [-108.2783, 32.7179], [-108.2774, 32.7211], [-108.2796, 32.7217], [-108.282, 32.7304], [-108.2963, 32.7391], [-108.2972, 32.7191], [-108.2995, 32.7213], [-108.3078, 32.7317], [-108.305, 32.7397], [-108.3194, 32.7531], [-108.3201, 32.7575], [-108.3129, 32.7604]]]}}, {"type": "Feature", "properties": {"fips": "35031945201", "gap_national": 77.1, "gap_stratum": 64.4, "burden": 77.7, "capacity": 10.7, "svi": 0.72, "top_decile_gap": 1.0, "stratum": "micropolitan", "scored": 1}, "geometry": {"type": "Polygon", "coordinates": [[[-108.8372, 35.5], [-108.8295, 35.5058], [-108.8125, 35.5088], [-108.8148, 35.5156], [-108.8212, 35.52], [-108.8148, 35.5216], [-108.8122, 35.5272], [-108.8134, 35.5309], [-108.7936, 35.5442], [-108.7885, 35.5459], [-108.7843, 35.544], [-108.7769, 35.5467], [-108.7644, 35.5398], [-108.7587, 35.5414], [-108.7597, 35.5269], [-108.7559, 35.5187], [-108.7394, 35.5025], [-108.7422, 35.4796], [-108.7598, 35.4796], [-108.7618, 35.4813], [-108.7597, 35.4824], [-108.7598, 35.4938], [-108.7778, 35.4935], [-108.7777, 35.5008], [-108.7954, 35.5005], [-108.7953, 35.4935], [-108.7868, 35.4937], [-108.7869, 35.49], [-108.7911, 35.49], [-108.7913, 35.483], [-108.785, 35.4838], [-108.7813, 35.4728], [-108.7699, 35.465], [-108.7865, 35.4654], [-108.7867, 35.4796], [-108.813, 35.4794], [-108.8132, 35.4863], [-108.8222, 35.4865], [-108.8219, 35.4792], [-108.8391, 35.4793], [-108.8391, 35.4856], [-108.83, 35.4856], [-108.8294, 35.4925], [-108.8514, 35.4925], [-108.8514, 35.4953], [-108.8606, 35.4966], [-108.8372, 35.5]]]}}, {"type": "Feature", "properties": {"fips": "35061980400", "gap_national": null, "gap_stratum": null, "burden": null, "capacity": null, "svi": null, "top_decile_gap": null, "stratum": null, "scored": 0}, "geometry": {"type": "Polygon", "coordinates": [[[-106.8621, 34.836], [-106.8621, 34.8234], [-106.8418, 34.8249], [-106.8487, 34.8191], [-106.8668, 34.8189], [-106.8668, 34.8141], [-106.8865, 34.8117], [-106.8865, 34.836], [-106.8621, 34.836]]]}}, {"type": "Feature", "properties": {"fips": "35031943702", "gap_national": 87.0, "gap_stratum": 90.9, "burden": 95.2, "capacity": 17.1, "svi": 0.94, "top_decile_gap": 1.0, "stratum": "rural", "scored": 1}, "geometry": {"type": "Polygon", "coordinates": [[[-108.6971, 35.7602], [-108.6878, 35.7627], [-108.6877, 35.7683], [-108.6992, 35.776], [-108.6941, 35.785], [-108.6878, 35.7868], [-108.6835, 35.7934], [-108.667, 35.7994], [-108.639, 35.8212], [-108.6312, 35.831], [-108.6278, 35.833], [-108.6067, 35.8299], [-108.6023, 35.8344], [-108.5891, 35.835], [-108.571, 35.8321], [-108.5675, 35.839], [-108.5674, 35.8474], [-108.5552, 35.8587], [-108.5524, 35.8644], [-108.5405, 35.8735], [-108.5398, 35.8835], [-108.5326, 35.8957], [-108.5556, 35.901], [-108.5544, 35.9152], [-108.5494, 35.9241], [-108.5341, 35.9239], [-108.5187, 35.9204], [-108.4826, 35.9324], [-108.4527, 35.9378], [-108.4357, 35.9372], [-108.423, 35.9321], [-108.4112, 35.9307], [-108.4035, 35.9141], [-108.3929, 35.9019], [-108.3834, 35.9196], [-108.3753, 35.9525], [-108.3795, 35.9914], [-108.3776, 36.0014], [-108.2718, 36.0022], [-108.2695, 35.6585], [-108.343, 35.6565], [-108.4945, 35.6597], [-108.6651, 35.6597], [-108.6624, 35.6629], [-108.6653, 35.6635], [-108.668, 35.6704], [-108.6606, 35.6737], [-108.6714, 35.6952], [-108.6645, 35.7107], [-108.6691, 35.712], [-108.6706, 35.7157], [-108.6795, 35.7158], [-108.68, 35.7184], [-108.685, 35.7199], [-108.6923, 35.7281], [-108.6938, 35.7382], [-108.705, 35.745], [-108.6971, 35.7602]]]}}, {"type": "Feature", "properties": {"fips": "35031945503", "gap_national": 66.6, "gap_stratum": 52.2, "burden": 74.0, "capacity": 18.3, "svi": 0.61, "top_decile_gap": 1.0, "stratum": "micropolitan", "scored": 1}, "geometry": {"type": "Polygon", "coordinates": [[[-108.7187, 35.5301], [-108.7222, 35.5241], [-108.7203, 35.5224], [-108.7254, 35.517], [-108.7254, 35.5075], [-108.7284, 35.5085], [-108.7338, 35.5299], [-108.7187, 35.5301]]]}}, {"type": "Feature", "properties": {"fips": "35031943801", "gap_national": 90.4, "gap_stratum": 81.1, "burden": 88.2, "capacity": 6.0, "svi": 0.87, "top_decile_gap": 1.0, "stratum": "rural", "scored": 1}, "geometry": {"type": "Polygon", "coordinates": [[[-109.0461, 35.9093], [-109.0323, 35.9176], [-109.0329, 35.9151], [-109.0292, 35.9155], [-109.0195, 35.9211], [-109.0174, 35.9199], [-109.0183, 35.9169], [-108.9942, 35.9179], [-108.9921, 35.9149], [-108.9936, 35.9095], [-108.9885, 35.9045], [-108.9467, 35.8981], [-108.9338, 35.9137], [-108.9289, 35.9151], [-108.9216, 35.9132], [-108.9261, 35.9016], [-108.9332, 35.8948], [-108.9486, 35.8908], [-108.9529, 35.8855], [-108.9692, 35.8808], [-108.9782, 35.8751], [-108.9818, 35.8631], [-108.9722, 35.8492], [-108.9757, 35.8468], [-108.9871, 35.8425], [-108.9954, 35.8476], [-109.0177, 35.8388], [-109.0199, 35.8407], [-109.0325, 35.8407], [-109.043, 35.8295], [-109.0461, 35.8287], [-109.0461, 35.9093]]]}}, {"type": "Feature", "properties": {"fips": "35006974402", "gap_national": 80.9, "gap_stratum": 73.8, "burden": 87.2, "capacity": 17.0, "svi": 0.78, "top_decile_gap": 1.0, "stratum": "small_town", "scored": 1}, "geometry": {"type": "Polygon", "coordinates": [[[-107.9169, 35.2179], [-107.9115, 35.2147], [-107.9131, 35.218], [-107.8849, 35.218], [-107.8556, 35.1802], [-107.8582, 35.1732], [-107.8683, 35.1703], [-107.88, 35.175], [-107.8809, 35.1714], [-107.8878, 35.1702], [-107.882, 35.1608], [-107.892, 35.1597], [-107.904, 35.1753], [-107.9049, 35.1819], [-107.9011, 35.1824], [-107.9024, 35.1855], [-107.9315, 35.2181], [-107.9169, 35.2179]]]}}, {"type": "Feature", "properties": {"fips": "35049001207", "gap_national": 25.3, "gap_stratum": 30.4, "burden": 31.7, "capacity": 9.0, "svi": 0.79, "top_decile_gap": 0.0, "stratum": "metropolitan", "scored": 1}, "geometry": {"type": "Polygon", "coordinates": [[[-106.0247, 35.6576], [-106.0213, 35.6467], [-106.0299, 35.6464], [-106.0381, 35.6427], [-106.0408, 35.6482], [-106.0247, 35.6576]]]}}, {"type": "Feature", "properties": {"fips": "35013001313", "gap_national": 60.0, "gap_stratum": 65.7, "burden": 67.7, "capacity": 17.7, "svi": 0.77, "top_decile_gap": 1.0, "stratum": "metropolitan", "scored": 1}, "geometry": {"type": "Polygon", "coordinates": [[[-106.6777, 32.4506], [-106.6403, 32.4488], [-106.6402, 32.417], [-106.6461, 32.417], [-106.6459, 32.409], [-106.6573, 32.4051], [-106.6572, 32.4115], [-106.6657, 32.4113], [-106.6657, 32.4079], [-106.6831, 32.4082], [-106.6833, 32.4471], [-106.6777, 32.4506]]]}}, {"type": "Feature", "properties": {"fips": "35013001807", "gap_national": 93.7, "gap_stratum": 94.1, "burden": 93.1, "capacity": 6.8, "svi": 0.99, "top_decile_gap": 1.0, "stratum": "metropolitan", "scored": 1}, "geometry": {"type": "Polygon", "coordinates": [[[-106.5985, 32.0103], [-106.5986, 32.0008], [-106.6186, 31.9999], [-106.6237, 32.0103], [-106.5985, 32.0103]]]}}, {"type": "Feature", "properties": {"fips": "35001980600", "gap_national": null, "gap_stratum": null, "burden": null, "capacity": null, "svi": null, "top_decile_gap": null, "stratum": null, "scored": 0}, "geometry": {"type": "Polygon", "coordinates": [[[-106.7859, 35.1279], [-106.7845, 35.166], [-106.7866, 35.174], [-106.7835, 35.1798], [-106.7588, 35.1798], [-106.7585, 35.1845], [-106.7457, 35.1843], [-106.7453, 35.1743], [-106.7586, 35.1743], [-106.7585, 35.1598], [-106.7277, 35.16], [-106.7278, 35.1464], [-106.7237, 35.1471], [-106.7242, 35.1622], [-106.7263, 35.1647], [-106.7248, 35.1672], [-106.7149, 35.163], [-106.7107, 35.1674], [-106.7104, 35.172], [-106.6988, 35.1738], [-106.7018, 35.177], [-106.701, 35.1855], [-106.7076, 35.1871], [-106.7076, 35.1888], [-106.7033, 35.1888], [-106.7033, 35.1907], [-106.6863, 35.1899], [-106.6911, 35.1857], [-106.6913, 35.1796], [-106.6966, 35.1792], [-106.6981, 35.1721], [-106.7031, 35.1718], [-106.7028, 35.1671], [-106.7049, 35.1655], [-106.7053, 35.1691], [-106.7099, 35.1681], [-106.7144, 35.1587], [-106.7184, 35.1595], [-106.7209, 35.1563], [-106.7185, 35.1522], [-106.7225, 35.1525], [-106.7224, 35.1469], [-106.7252, 35.146], [-106.7247, 35.144], [-106.7201, 35.1406], [-106.7105, 35.1422], [-106.7093, 35.1384], [-106.7266, 35.124], [-106.7278, 35.1179], [-106.737, 35.1138], [-106.754, 35.1114], [-106.7554, 35.1011], [-106.7616, 35.1011], [-106.7757, 35.1117], [-106.7803, 35.1115], [-106.7804, 35.1145], [-106.7876, 35.1159], [-106.792, 35.1199], [-106.7859, 35.1279]]]}}, {"type": "Feature", "properties": {"fips": "35001003743", "gap_national": -30.8, "gap_stratum": -31.3, "burden": 16.6, "capacity": 46.2, "svi": 0.25, "top_decile_gap": 0.0, "stratum": "metropolitan", "scored": 1}, "geometry": {"type": "Polygon", "coordinates": [[[-106.5422, 35.1888], [-106.5422, 35.1816], [-106.5373, 35.1815], [-106.5373, 35.1772], [-106.5334, 35.1772], [-106.5334, 35.1747], [-106.5599, 35.1743], [-106.5601, 35.1917], [-106.5422, 35.1888]]]}}, {"type": "Feature", "properties": {"fips": "35001003742", "gap_national": -40.9, "gap_stratum": -35.6, "burden": 35.0, "capacity": 67.0, "svi": 0.17, "top_decile_gap": 0.0, "stratum": "metropolitan", "scored": 1}, "geometry": {"type": "Polygon", "coordinates": [[[-106.4961, 35.1531], [-106.4744, 35.1557], [-106.4639, 35.1613], [-106.4663, 35.165], [-106.4466, 35.167], [-106.4156, 35.1827], [-106.414, 35.155], [-106.4165, 35.1433], [-106.4362, 35.1274], [-106.4444, 35.132], [-106.4515, 35.1308], [-106.4573, 35.1327], [-106.4609, 35.1306], [-106.4664, 35.1336], [-106.4804, 35.1345], [-106.4804, 35.131], [-106.4866, 35.1334], [-106.4899, 35.1303], [-106.4979, 35.1307], [-106.4961, 35.1531]]]}}, {"type": "Feature", "properties": {"fips": "35001004759", "gap_national": 46.5, "gap_stratum": 54.2, "burden": 47.2, "capacity": 3.1, "svi": 0.9, "top_decile_gap": 0.0, "stratum": "metropolitan", "scored": 1}, "geometry": {"type": "Polygon", "coordinates": [[[-106.7299, 35.0944], [-106.7228, 35.0772], [-106.7427, 35.0727], [-106.7467, 35.0859], [-106.7299, 35.0944]]]}}, {"type": "Feature", "properties": {"fips": "35001004712", "gap_national": 39.9, "gap_stratum": 47.0, "burden": 42.1, "capacity": 4.9, "svi": 0.63, "top_decile_gap": 0.0, "stratum": "metropolitan", "scored": 1}, "geometry": {"type": "Polygon", "coordinates": [[[-106.7467, 35.0859], [-106.7408, 35.0556], [-106.7601, 35.0554], [-106.7647, 35.0676], [-106.7918, 35.0632], [-106.7467, 35.0859]]]}}, {"type": "Feature", "properties": {"fips": "35043010730", "gap_national": 12.0, "gap_stratum": 16.4, "burden": 36.6, "capacity": 29.8, "svi": 0.58, "top_decile_gap": 0.0, "stratum": "metropolitan", "scored": 1}, "geometry": {"type": "Polygon", "coordinates": [[[-106.6969, 35.2415], [-106.6966, 35.218], [-106.729, 35.218], [-106.7498, 35.229], [-106.7511, 35.2416], [-106.6969, 35.2415]]]}}, {"type": "Feature", "properties": {"fips": "35043010724", "gap_national": 20.4, "gap_stratum": 25.2, "burden": 35.5, "capacity": 19.9, "svi": 0.47, "top_decile_gap": 0.0, "stratum": "metropolitan", "scored": 1}, "geometry": {"type": "Polygon", "coordinates": [[[-106.5834, 35.3382], [-106.5714, 35.3303], [-106.5754, 35.3194], [-106.5883, 35.3239], [-106.5914, 35.3229], [-106.5961, 35.3282], [-106.5834, 35.3382]]]}}, {"type": "Feature", "properties": {"fips": "35061970701", "gap_national": 47.7, "gap_stratum": 53.9, "burden": 61.5, "capacity": 22.9, "svi": 0.59, "top_decile_gap": 0.0, "stratum": "metropolitan", "scored": 1}, "geometry": {"type": "Polygon", "coordinates": [[[-106.7867, 34.7521], [-106.7736, 34.7848], [-106.7632, 34.7831], [-106.761, 34.7909], [-106.7405, 34.7872], [-106.7416, 34.7821], [-106.7345, 34.7791], [-106.7283, 34.7946], [-106.7206, 34.8051], [-106.7182, 34.8046], [-106.7259, 34.7936], [-106.7263, 34.7861], [-106.7316, 34.7777], [-106.7338, 34.7641], [-106.7414, 34.7533], [-106.745, 34.7411], [-106.7384, 34.7269], [-106.7501, 34.7107], [-106.7513, 34.7049], [-106.7433, 34.6879], [-106.7435, 34.6753], [-106.7508, 34.6782], [-106.7495, 34.691], [-106.7557, 34.6993], [-106.7565, 34.7087], [-106.7611, 34.6926], [-106.7811, 34.6997], [-106.7905, 34.7118], [-106.7867, 34.7521]]]}}, {"type": "Feature", "properties": {"fips": "35031946001", "gap_national": 87.3, "gap_stratum": 78.3, "burden": 87.4, "capacity": 9.6, "svi": 0.89, "top_decile_gap": 1.0, "stratum": "rural", "scored": 1}, "geometry": {"type": "Polygon", "coordinates": [[[-108.353, 35.4662], [-108.3275, 35.49], [-108.3229, 35.4893], [-108.3174, 35.4805], [-108.3094, 35.4792], [-108.3087, 35.4758], [-108.2982, 35.4756], [-108.2998, 35.4742], [-108.2956, 35.4757], [-108.2968, 35.4737], [-108.2885, 35.4793], [-108.29, 35.4755], [-108.2873, 35.4733], [-108.29, 35.4724], [-108.2855, 35.4719], [-108.2931, 35.468], [-108.28, 35.4668], [-108.2848, 35.4703], [-108.2777, 35.4727], [-108.2751, 35.4773], [-108.2705, 35.4711], [-108.2639, 35.472], [-108.2646, 35.4685], [-108.2561, 35.4616], [-108.2582, 35.458], [-108.2558, 35.4584], [-108.2487, 35.4518], [-108.2395, 35.4568], [-108.2393, 35.453], [-108.2355, 35.4549], [-108.2327, 35.449], [-108.2175, 35.4503], [-108.2071, 35.4468], [-108.1863, 35.4548], [-108.1779, 35.45], [-108.1839, 35.4469], [-108.1737, 35.44], [-108.1605, 35.4428], [-108.1613, 35.4413], [-108.1479, 35.4415], [-108.1372, 35.445], [-108.1387, 35.4379], [-108.1474, 35.4239], [-108.1541, 35.4202], [-108.1828, 35.4151], [-108.187, 35.4076], [-108.1923, 35.4037], [-108.1953, 35.3959], [-108.202, 35.3967], [-108.208, 35.393], [-108.2728, 35.4065], [-108.3637, 35.4472], [-108.353, 35.4662]]]}}, {"type": "Feature", "properties": {"fips": "35001003746", "gap_national": -19.4, "gap_stratum": -19.6, "burden": 16.1, "capacity": 36.8, "svi": 0.21, "top_decile_gap": 0.0, "stratum": "metropolitan", "scored": 1}, "geometry": {"type": "Polygon", "coordinates": [[[-106.6177, 35.1687], [-106.61, 35.1825], [-106.6048, 35.1848], [-106.6052, 35.1535], [-106.6154, 35.1507], [-106.6233, 35.1514], [-106.6177, 35.1687]]]}}, {"type": "Feature", "properties": {"fips": "35013001702", "gap_national": 49.4, "gap_stratum": 54.3, "burden": 68.0, "capacity": 29.1, "svi": 0.76, "top_decile_gap": 0.0, "stratum": "metropolitan", "scored": 1}, "geometry": {"type": "Polygon", "coordinates": [[[-106.9411, 32.0733], [-106.9097, 32.1087], [-106.8899, 32.1221], [-106.7129, 32.0794], [-106.7057, 32.0826], [-106.6641, 32.0826], [-106.6614, 32.0761], [-106.6632, 32.0656], [-106.6611, 32.0466], [-106.6528, 32.0326], [-106.6455, 32.0114], [-106.6357, 31.9993], [-106.6554, 31.9976], [-106.6496, 31.986], [-106.6518, 31.9707], [-106.6709, 31.9707], [-106.6672, 31.964], [-106.6678, 31.9571], [-106.6694, 31.959], [-106.6785, 31.9564], [-106.6905, 31.9581], [-106.729, 31.9457], [-106.7599, 31.9183], [-106.9094, 32.0533], [-106.944, 32.0729], [-106.9411, 32.0733]]]}}, {"type": "Feature", "properties": {"fips": "35001004753", "gap_national": -4.8, "gap_stratum": -3.4, "burden": 21.2, "capacity": 29.0, "svi": 0.47, "top_decile_gap": 0.0, "stratum": "metropolitan", "scored": 1}, "geometry": {"type": "Polygon", "coordinates": [[[-106.6774, 35.2023], [-106.6504, 35.1863], [-106.6528, 35.1822], [-106.6681, 35.1809], [-106.6625, 35.1861], [-106.6653, 35.1891], [-106.6807, 35.1922], [-106.681, 35.1983], [-106.6774, 35.2023]]]}}, {"type": "Feature", "properties": {"fips": "35013001315", "gap_national": 49.5, "gap_stratum": 57.1, "burden": 52.8, "capacity": 9.3, "svi": 0.8, "top_decile_gap": 0.0, "stratum": "metropolitan", "scored": 1}, "geometry": {"type": "Polygon", "coordinates": [[[-106.6833, 32.4318], [-106.6831, 32.4082], [-106.6657, 32.4079], [-106.6657, 32.4113], [-106.6572, 32.4115], [-106.6573, 32.4051], [-106.7002, 32.3903], [-106.7, 32.4027], [-106.7264, 32.4028], [-106.7251, 32.4125], [-106.7288, 32.4331], [-106.6833, 32.4318]]]}}, {"type": "Feature", "properties": {"fips": "35001002302", "gap_national": 61.6, "gap_stratum": 68.4, "burden": 64.0, "capacity": 10.6, "svi": 0.87, "top_decile_gap": 1.0, "stratum": "metropolitan", "scored": 1}, "geometry": {"type": "Polygon", "coordinates": [[[-106.6847, 35.0858], [-106.6812, 35.0891], [-106.6661, 35.0738], [-106.6693, 35.0723], [-106.6899, 35.0737], [-106.6889, 35.0753], [-106.6916, 35.0769], [-106.6902, 35.0801], [-106.6943, 35.0836], [-106.6847, 35.0858]]]}}, {"type": "Feature", "properties": {"fips": "35001001202", "gap_national": 34.2, "gap_stratum": 40.6, "burden": 36.5, "capacity": 3.1, "svi": 0.91, "top_decile_gap": 0.0, "stratum": "metropolitan", "scored": 1}, "geometry": {"type": "Polygon", "coordinates": [[[-106.6335, 35.0778], [-106.6241, 35.075], [-106.6242, 35.0585], [-106.6105, 35.0585], [-106.6123, 35.0297], [-106.6194, 35.0282], [-106.6219, 35.031], [-106.6218, 35.0369], [-106.6287, 35.0368], [-106.6332, 35.0256], [-106.6381, 35.0234], [-106.6375, 35.0545], [-106.6399, 35.0745], [-106.6335, 35.0778]]]}}, {"type": "Feature", "properties": {"fips": "35001004760", "gap_national": 76.4, "gap_stratum": 81.9, "burden": 73.7, "capacity": 5.2, "svi": 0.86, "top_decile_gap": 1.0, "stratum": "metropolitan", "scored": 1}, "geometry": {"type": "Polygon", "coordinates": [[[-106.7091, 35.1049], [-106.7046, 35.1066], [-106.7106, 35.0911], [-106.7106, 35.08], [-106.7228, 35.0772], [-106.7299, 35.0944], [-106.7091, 35.1049]]]}}, {"type": "Feature", "properties": {"fips": "35035000502", "gap_national": 55.1, "gap_stratum": 50.9, "burden": 83.7, "capacity": 38.7, "svi": 0.7, "top_decile_gap": 1.0, "stratum": "micropolitan", "scored": 1}, "geometry": {"type": "Polygon", "coordinates": [[[-106.0645, 32.8734], [-106.0666, 32.8751], [-106.0662, 32.9329], [-106.0385, 32.9343], [-106.0213, 32.951], [-106.007, 32.9539], [-105.9896, 32.9663], [-105.9874, 32.9737], [-105.9702, 32.9402], [-105.9675, 32.9429], [-105.961, 32.9262], [-105.9603, 32.8998], [-105.9642, 32.8744], [-106.0114, 32.8546], [-106.0049, 32.8742], [-106.054, 32.8731], [-106.0675, 32.8563], [-106.0672, 32.8676], [-106.0645, 32.8734]]]}}, {"type": "Feature", "properties": {"fips": "35045000202", "gap_national": -16.9, "gap_stratum": -15.8, "burden": 23.8, "capacity": 41.6, "svi": 0.41, "top_decile_gap": 0.0, "stratum": "metropolitan", "scored": 1}, "geometry": {"type": "Polygon", "coordinates": [[[-108.2057, 36.7784], [-108.1921, 36.7876], [-108.188, 36.7959], [-108.1774, 36.8047], [-108.171, 36.8206], [-108.1411, 36.8131], [-108.1578, 36.7976], [-108.1559, 36.7851], [-108.1661, 36.7799], [-108.1662, 36.7768], [-108.1493, 36.7737], [-108.1486, 36.7669], [-108.1539, 36.764], [-108.1561, 36.7588], [-108.1668, 36.759], [-108.1714, 36.7561], [-108.1831, 36.7569], [-108.1868, 36.7597], [-108.1852, 36.769], [-108.189, 36.763], [-108.1927, 36.7614], [-108.2044, 36.7623], [-108.206, 36.7598], [-108.2112, 36.7638], [-108.2057, 36.7784]]]}}, {"type": "Feature", "properties": {"fips": "35039000200", "gap_national": 61.4, "gap_stratum": 64.8, "burden": 75.6, "capacity": 25.6, "svi": 0.73, "top_decile_gap": 1.0, "stratum": "metropolitan", "scored": 1}, "geometry": {"type": "Polygon", "coordinates": [[[-106.0644, 36.0164], [-106.0248, 36.0166], [-106.0255, 36.0898], [-106.0493, 36.0903], [-106.0484, 36.0921], [-105.9693, 36.1552], [-105.9672, 36.1623], [-105.9699, 36.1746], [-105.9805, 36.1858], [-105.978, 36.1925], [-105.9711, 36.1998], [-105.9579, 36.2096], [-105.946, 36.2094], [-105.9253, 36.2154], [-105.9222, 36.2274], [-105.9112, 36.2386], [-105.9044, 36.2405], [-105.9018, 36.2437], [-105.8985, 36.2444], [-105.8569, 36.2304], [-105.7614, 36.1298], [-105.772, 36.1149], [-105.7805, 36.0913], [-105.7885, 36.0824], [-105.7978, 36.0794], [-105.7965, 36.0768], [-105.8023, 36.0633], [-105.81, 36.0581], [-105.8052, 36.0531], [-105.8094, 36.0524], [-105.8132, 36.0441], [-105.8404, 36.0401], [-105.8515, 36.0452], [-105.8587, 36.0538], [-105.8651, 36.0559], [-105.8652, 36.0501], [-105.895, 36.0404], [-105.9023, 36.0438], [-105.9122, 36.04], [-105.9296, 36.048], [-105.9438, 36.0486], [-105.9543, 36.0519], [-105.9608, 36.047], [-105.9694, 36.0522], [-105.9753, 36.0519], [-105.9845, 36.0474], [-105.9839, 36.0396], [-105.9889, 36.0324], [-105.989, 36.0155], [-105.9865, 36.011], [-105.9877, 36.0021], [-106.0417, 36.002], [-106.0417, 36.0062], [-106.0651, 36.0062], [-106.0644, 36.0164]]]}}, {"type": "Feature", "properties": {"fips": "35055940101", "gap_national": 49.8, "gap_stratum": 39.7, "burden": 77.0, "capacity": 37.5, "svi": 0.84, "top_decile_gap": 0.0, "stratum": "micropolitan", "scored": 1}, "geometry": {"type": "Polygon", "coordinates": [[[-105.5935, 36.4079], [-105.5798, 36.4173], [-105.5798, 36.4196], [-105.5723, 36.4204], [-105.577, 36.4386], [-105.5933, 36.455], [-105.5931, 36.4989], [-105.5803, 36.511], [-105.5657, 36.5177], [-105.5354, 36.5187], [-105.4836, 36.5339], [-105.4753, 36.5305], [-105.456, 36.5308], [-105.4517, 36.5345], [-105.4456, 36.5485], [-105.4373, 36.5441], [-105.4279, 36.5432], [-105.4152, 36.5486], [-105.4174, 36.5409], [-105.4134, 36.5291], [-105.4116, 36.5329], [-105.4015, 36.538], [-105.4067, 36.5455], [-105.4034, 36.548], [-105.3921, 36.5474], [-105.3863, 36.5521], [-105.3777, 36.5523], [-105.3688, 36.5459], [-105.3677, 36.5427], [-105.3578, 36.541], [-105.3553, 36.5361], [-105.3478, 36.5321], [-105.3439, 36.5112], [-105.3381, 36.51], [-105.3372, 36.5052], [-105.3276, 36.5008], [-105.3254, 36.4962], [-105.3187, 36.4917], [-105.3222, 36.4867], [-105.3364, 36.4835], [-105.3396, 36.4705], [-105.3436, 36.4683], [-105.3494, 36.4557], [-105.3573, 36.4508], [-105.3536, 36.4464], [-105.3514, 36.4368], [-105.3531, 36.432], [-105.3507, 36.4252], [-105.352, 36.4211], [-105.3567, 36.4195], [-105.3583, 36.4146], [-105.3636, 36.4123], [-105.3664, 36.4067], [-105.3829, 36.4048], [-105.3876, 36.3993], [-105.4071, 36.4003], [-105.4154, 36.4091], [-105.4205, 36.407], [-105.4259, 36.4089], [-105.4345, 36.4019], [-105.4525, 36.4097], [-105.4623, 36.4063], [-105.4645, 36.4029], [-105.4686, 36.4027], [-105.4877, 36.4167], [-105.4998, 36.4043], [-105.4999, 36.401], [-105.5912, 36.4], [-105.5938, 36.4011], [-105.5935, 36.4079]]]}}, {"type": "Feature", "properties": {"fips": "35043010719", "gap_national": 3.2, "gap_stratum": 7.5, "burden": 41.6, "capacity": 42.0, "svi": 0.35, "top_decile_gap": 0.0, "stratum": "metropolitan", "scored": 1}, "geometry": {"type": "Polygon", "coordinates": [[[-106.6771, 35.2416], [-106.656, 35.2412], [-106.6625, 35.2179], [-106.6771, 35.2179], [-106.6771, 35.2416]]]}}, {"type": "Feature", "properties": {"fips": "35045000201", "gap_national": -15.1, "gap_stratum": -13.6, "burden": 25.6, "capacity": 41.8, "svi": 0.37, "top_decile_gap": 0.0, "stratum": "metropolitan", "scored": 1}, "geometry": {"type": "Polygon", "coordinates": [[[-108.1559, 36.7851], [-108.1578, 36.7976], [-108.1411, 36.8131], [-108.1296, 36.8093], [-108.1296, 36.8059], [-108.1239, 36.8058], [-108.1208, 36.8009], [-108.1192, 36.7907], [-108.1136, 36.7925], [-108.115, 36.7936], [-108.1119, 36.7964], [-108.1102, 36.7937], [-108.1035, 36.7918], [-108.1187, 36.7817], [-108.1486, 36.7669], [-108.1493, 36.7737], [-108.1662, 36.7768], [-108.1661, 36.7799], [-108.1559, 36.7851]]]}}, {"type": "Feature", "properties": {"fips": "35039940800", "gap_national": 52.8, "gap_stratum": 39.1, "burden": 73.5, "capacity": 31.6, "svi": 0.58, "top_decile_gap": 0.0, "stratum": "micropolitan", "scored": 1}, "geometry": {"type": "Polygon", "coordinates": [[[-106.3123, 36.0077], [-106.313, 36.0144], [-106.2958, 36.0147], [-106.296, 36.0219], [-106.2436, 36.023], [-106.2433, 36.0158], [-106.2255, 36.0158], [-106.2255, 36.0086], [-106.2066, 36.0079], [-106.2078, 36.0015], [-106.159, 36.0017], [-106.1592, 35.9948], [-106.1353, 35.9944], [-106.1352, 36.0062], [-106.0932, 36.0061], [-106.0961, 36.002], [-106.093, 36.0022], [-106.0919, 35.9926], [-106.0957, 35.9945], [-106.0882, 35.9871], [-106.0759, 35.9847], [-106.0731, 35.9878], [-106.0734, 35.9827], [-106.071, 35.9818], [-106.0648, 35.982], [-106.0581, 35.9869], [-106.0542, 35.9859], [-106.0543, 35.9308], [-106.2456, 35.9307], [-106.2456, 35.9593], [-106.2483, 35.9594], [-106.2472, 36.0014], [-106.3291, 36.0012], [-106.3293, 36.008], [-106.3123, 36.0077]]]}}, {"type": "Feature", "properties": {"fips": "35013001206", "gap_national": -17.5, "gap_stratum": -17.1, "burden": 20.2, "capacity": 38.9, "svi": 0.42, "top_decile_gap": 0.0, "stratum": "metropolitan", "scored": 1}, "geometry": {"type": "Polygon", "coordinates": [[[-106.7577, 32.3582], [-106.7525, 32.3538], [-106.7499, 32.3501], [-106.7549, 32.344], [-106.7537, 32.3409], [-106.7465, 32.3309], [-106.7399, 32.3293], [-106.7316, 32.3202], [-106.7474, 32.3138], [-106.7698, 32.3481], [-106.7577, 32.3582]]]}}, {"type": "Feature", "properties": {"fips": "35049940900", "gap_national": 49.9, "gap_stratum": 23.5, "burden": 57.3, "capacity": 15.3, "svi": 0.95, "top_decile_gap": 0.0, "stratum": "micropolitan", "scored": 1}, "geometry": {"type": "Polygon", "coordinates": [[[-106.0417, 36.002], [-106.0417, 35.9309], [-106.0543, 35.9308], [-106.0542, 35.9859], [-106.0576, 35.9867], [-106.0559, 35.9894], [-106.0659, 35.9893], [-106.0678, 35.9943], [-106.0649, 35.9967], [-106.0712, 35.9994], [-106.0712, 36.0016], [-106.0417, 36.002]]]}}, {"type": "Feature", "properties": {"fips": "35009000500", "gap_national": 77.8, "gap_stratum": 65.6, "burden": 78.5, "capacity": 10.8, "svi": 0.92, "top_decile_gap": 1.0, "stratum": "micropolitan", "scored": 1}, "geometry": {"type": "Polygon", "coordinates": [[[-103.2493, 34.4003], [-103.1784, 34.3957], [-103.1785, 34.3902], [-103.1699, 34.3902], [-103.1699, 34.3757], [-103.2318, 34.3756], [-103.2378, 34.3714], [-103.2495, 34.3757], [-103.2493, 34.4003]]]}}, {"type": "Feature", "properties": {"fips": "35001000713", "gap_national": 81.1, "gap_stratum": 84.2, "burden": 81.3, "capacity": 10.3, "svi": 0.89, "top_decile_gap": 1.0, "stratum": "metropolitan", "scored": 1}, "geometry": {"type": "Polygon", "coordinates": [[[-106.5152, 35.0701], [-106.495, 35.0677], [-106.4951, 35.0609], [-106.5024, 35.0614], [-106.5087, 35.0573], [-106.5153, 35.0563], [-106.5152, 35.0701]]]}}, {"type": "Feature", "properties": {"fips": "35001004729", "gap_national": 15.7, "gap_stratum": 20.8, "burden": 43.7, "capacity": 33.8, "svi": 0.54, "top_decile_gap": 0.0, "stratum": "metropolitan", "scored": 1}, "geometry": {"type": "Polygon", "coordinates": [[[-106.7002, 35.1389], [-106.6861, 35.1496], [-106.6784, 35.1458], [-106.6899, 35.1309], [-106.6923, 35.1065], [-106.7039, 35.1079], [-106.7002, 35.1389]]]}}, {"type": "Feature", "properties": {"fips": "35001003717", "gap_national": -9.8, "gap_stratum": -7.1, "burden": 31.8, "capacity": 43.2, "svi": 0.34, "top_decile_gap": 0.0, "stratum": "metropolitan", "scored": 1}, "geometry": {"type": "Polygon", "coordinates": [[[-106.5399, 35.1513], [-106.5374, 35.1478], [-106.5294, 35.1457], [-106.5334, 35.1371], [-106.5422, 35.1372], [-106.551, 35.1384], [-106.5539, 35.1461], [-106.5399, 35.1513]]]}}, {"type": "Feature", "properties": {"fips": "35015000600", "gap_national": 51.7, "gap_stratum": 22.8, "burden": 54.1, "capacity": 8.2, "svi": 0.52, "top_decile_gap": 0.0, "stratum": "micropolitan", "scored": 1}, "geometry": {"type": "Polygon", "coordinates": [[[-104.2553, 32.3849], [-104.2552, 32.3964], [-104.2421, 32.3963], [-104.2393, 32.394], [-104.2375, 32.4079], [-104.2289, 32.408], [-104.2202, 32.4121], [-104.2065, 32.4065], [-104.1954, 32.4056], [-104.1803, 32.4084], [-104.1588, 32.3909], [-104.1458, 32.3841], [-104.1688, 32.3821], [-104.1689, 32.371], [-104.1937, 32.3707], [-104.2031, 32.3783], [-104.2031, 32.3636], [-104.2369, 32.363], [-104.2376, 32.3704], [-104.2603, 32.3706], [-104.2671, 32.3667], [-104.2553, 32.3849]]]}}, {"type": "Feature", "properties": {"fips": "35029000200", "gap_national": 73.4, "gap_stratum": 64.1, "burden": 80.3, "capacity": 18.1, "svi": 0.81, "top_decile_gap": 1.0, "stratum": "micropolitan", "scored": 1}, "geometry": {"type": "Polygon", "coordinates": [[[-107.803, 32.2403], [-107.7834, 32.2541], [-107.76, 32.2541], [-107.76, 32.2571], [-107.7516, 32.2571], [-107.7513, 32.2252], [-107.7906, 32.225], [-107.7925, 32.2199], [-107.8027, 32.219], [-107.8027, 32.2251], [-107.8072, 32.2251], [-107.8072, 32.2183], [-107.82, 32.2179], [-107.82, 32.2396], [-107.803, 32.2403]]]}}, {"type": "Feature", "properties": {"fips": "35061970302", "gap_national": 27.1, "gap_stratum": 32.9, "burden": 42.0, "capacity": 20.8, "svi": 0.54, "top_decile_gap": 0.0, "stratum": "metropolitan", "scored": 1}, "geometry": {"type": "Polygon", "coordinates": [[[-106.7322, 34.6921], [-106.7269, 34.6902], [-106.7192, 34.7003], [-106.7127, 34.7171], [-106.7122, 34.7249], [-106.7032, 34.735], [-106.7052, 34.737], [-106.7063, 34.7525], [-106.6979, 34.7526], [-106.6739, 34.7407], [-106.5925, 34.7505], [-106.5727, 34.7471], [-106.5715, 34.759], [-106.5528, 34.7589], [-106.555, 34.7441], [-106.5188, 34.7282], [-106.5148, 34.7299], [-106.5115, 34.7367], [-106.503, 34.741], [-106.4922, 34.7394], [-106.4792, 34.7444], [-106.4668, 34.7453], [-106.4662, 34.671], [-106.473, 34.6784], [-106.4923, 34.6882], [-106.4919, 34.6901], [-106.5169, 34.6893], [-106.5161, 34.6878], [-106.521, 34.6843], [-106.5284, 34.6833], [-106.5661, 34.694], [-106.5627, 34.6949], [-106.6597, 34.6946], [-106.6599, 34.6862], [-106.6682, 34.6832], [-106.6712, 34.6783], [-106.6852, 34.6731], [-106.6861, 34.6684], [-106.6967, 34.6607], [-106.7188, 34.6577], [-106.7321, 34.6529], [-106.7361, 34.6529], [-106.7322, 34.6921]]]}}, {"type": "Feature", "properties": {"fips": "35049001306", "gap_national": 20.5, "gap_stratum": 24.7, "burden": 26.8, "capacity": 7.6, "svi": 0.7, "top_decile_gap": 0.0, "stratum": "metropolitan", "scored": 1}, "geometry": {"type": "Polygon", "coordinates": [[[-106.0388, 35.6274], [-106.0243, 35.6279], [-106.0316, 35.6161], [-106.0387, 35.6164], [-106.0503, 35.6097], [-106.0604, 35.6131], [-106.063, 35.6163], [-106.0683, 35.6161], [-106.0717, 35.6129], [-106.0717, 35.6171], [-106.0388, 35.6274]]]}}, {"type": "Feature", "properties": {"fips": "35049000202", "gap_national": -36.9, "gap_stratum": -34.2, "burden": 27.4, "capacity": 58.5, "svi": 0.26, "top_decile_gap": 0.0, "stratum": "metropolitan", "scored": 1}, "geometry": {"type": "Polygon", "coordinates": [[[-105.9648, 35.7074], [-105.965, 35.7017], [-105.9566, 35.7042], [-105.9533, 35.7016], [-105.9539, 35.6887], [-105.971, 35.6843], [-105.9813, 35.6777], [-105.9895, 35.6859], [-105.9919, 35.6985], [-105.9648, 35.7074]]]}}, {"type": "Feature", "properties": {"fips": "35045000615", "gap_national": 58.3, "gap_stratum": 64.6, "burden": 64.7, "capacity": 15.6, "svi": 0.78, "top_decile_gap": 1.0, "stratum": "metropolitan", "scored": 1}, "geometry": {"type": "Polygon", "coordinates": [[[-108.1547, 36.7461], [-108.1301, 36.7624], [-108.1287, 36.7671], [-108.1156, 36.7757], [-108.1112, 36.7758], [-108.1076, 36.7812], [-108.0936, 36.7871], [-108.0802, 36.7882], [-108.0686, 36.7699], [-108.0713, 36.7547], [-108.0778, 36.7434], [-108.0875, 36.743], [-108.0871, 36.7348], [-108.1122, 36.7394], [-108.1474, 36.7321], [-108.1593, 36.7335], [-108.1624, 36.7293], [-108.1664, 36.7315], [-108.1665, 36.7339], [-108.1547, 36.7461]]]}}, {"type": "Feature", "properties": {"fips": "35031945601", "gap_national": 24.2, "gap_stratum": -1.9, "burden": 47.6, "capacity": 30.3, "svi": 0.58, "top_decile_gap": 0.0, "stratum": "micropolitan", "scored": 1}, "geometry": {"type": "Polygon", "coordinates": [[[-108.679, 35.5374], [-108.6698, 35.5375], [-108.6715, 35.5507], [-108.6533, 35.5512], [-108.6534, 35.5446], [-108.6609, 35.5451], [-108.6624, 35.5376], [-108.6351, 35.5376], [-108.6352, 35.5229], [-108.6551, 35.5231], [-108.655, 35.5158], [-108.6719, 35.5152], [-108.672, 35.5232], [-108.6817, 35.523], [-108.6871, 35.5287], [-108.679, 35.5374]]]}}, {"type": "Feature", "properties": {"fips": "35031980000", "gap_national": null, "gap_stratum": null, "burden": null, "capacity": null, "svi": null, "top_decile_gap": null, "stratum": null, "scored": 0}, "geometry": {"type": "Polygon", "coordinates": [[[-108.6216, 35.5042], [-108.6212, 35.5195], [-108.6053, 35.5258], [-108.6047, 35.5296], [-108.5493, 35.514], [-108.5409, 35.5111], [-108.5398, 35.5087], [-108.5455, 35.4877], [-108.5448, 35.4798], [-108.5606, 35.4795], [-108.5606, 35.4683], [-108.5664, 35.4635], [-108.572, 35.4687], [-108.573, 35.4673], [-108.5779, 35.47], [-108.5952, 35.4534], [-108.5914, 35.4418], [-108.5978, 35.4347], [-108.619, 35.4363], [-108.6202, 35.4446], [-108.6249, 35.4432], [-108.6257, 35.4769], [-108.6393, 35.4903], [-108.6216, 35.5042]]]}}, {"type": "Feature", "properties": {"fips": "35047957800", "gap_national": 45.2, "gap_stratum": 19.6, "burden": 57.9, "capacity": 21.2, "svi": 0.96, "top_decile_gap": 0.0, "stratum": "micropolitan", "scored": 1}, "geometry": {"type": "Polygon", "coordinates": [[[-105.2461, 35.6389], [-105.2311, 35.6566], [-105.2264, 35.6369], [-105.2252, 35.6184], [-105.2317, 35.6155], [-105.2243, 35.6049], [-105.2338, 35.5993], [-105.2279, 35.5932], [-105.2386, 35.59], [-105.2553, 35.6056], [-105.2462, 35.6138], [-105.2607, 35.6322], [-105.2461, 35.6389]]]}}, {"type": "Feature", "properties": {"fips": "35001000122", "gap_national": 23.7, "gap_stratum": 29.4, "burden": 48.4, "capacity": 31.5, "svi": 0.58, "top_decile_gap": 0.0, "stratum": "metropolitan", "scored": 1}, "geometry": {"type": "Polygon", "coordinates": [[[-106.5509, 35.1165], [-106.5508, 35.102], [-106.5688, 35.1019], [-106.5689, 35.1164], [-106.5509, 35.1165]]]}}, {"type": "Feature", "properties": {"fips": "35049940300", "gap_national": 37.6, "gap_stratum": 43.8, "burden": 55.5, "capacity": 26.3, "svi": 0.57, "top_decile_gap": 0.0, "stratum": "metropolitan", "scored": 1}, "geometry": {"type": "Polygon", "coordinates": [[[-106.2456, 35.8916], [-106.2456, 35.9307], [-106.0625, 35.9308], [-106.0625, 35.9142], [-106.0734, 35.9143], [-106.0732, 35.8554], [-106.1589, 35.8556], [-106.1571, 35.848], [-106.1614, 35.8426], [-106.1612, 35.8373], [-106.1687, 35.833], [-106.1719, 35.8278], [-106.1828, 35.8265], [-106.1837, 35.8289], [-106.1936, 35.8304], [-106.2254, 35.8288], [-106.228, 35.8322], [-106.2405, 35.8346], [-106.2483, 35.8392], [-106.2485, 35.8728], [-106.2456, 35.8916]]]}}, {"type": "Feature", "properties": {"fips": "35015000300", "gap_national": 40.2, "gap_stratum": 12.2, "burden": 48.3, "capacity": 14.3, "svi": 0.75, "top_decile_gap": 0.0, "stratum": "micropolitan", "scored": 1}, "geometry": {"type": "Polygon", "coordinates": [[[-104.2406, 32.4397], [-104.2288, 32.4392], [-104.2303, 32.4204], [-104.2474, 32.4212], [-104.2447, 32.4238], [-104.2481, 32.4305], [-104.246, 32.4337], [-104.2505, 32.4351], [-104.2515, 32.4416], [-104.2566, 32.4455], [-104.2406, 32.4397]]]}}, {"type": "Feature", "properties": {"fips": "35001004724", "gap_national": 8.9, "gap_stratum": 13.4, "burden": 40.6, "capacity": 36.6, "svi": 0.26, "top_decile_gap": 0.0, "stratum": "metropolitan", "scored": 1}, "geometry": {"type": "Polygon", "coordinates": [[[-106.7144, 35.1587], [-106.7099, 35.1681], [-106.7053, 35.1691], [-106.7049, 35.1655], [-106.7028, 35.1671], [-106.7031, 35.1718], [-106.6967, 35.1735], [-106.6956, 35.1629], [-106.703, 35.162], [-106.7101, 35.1578], [-106.7183, 35.1576], [-106.7184, 35.1595], [-106.7144, 35.1587]]]}}, {"type": "Feature", "properties": {"fips": "35001000127", "gap_national": 35.1, "gap_stratum": 41.5, "burden": 49.7, "capacity": 21.8, "svi": 0.36, "top_decile_gap": 0.0, "stratum": "metropolitan", "scored": 1}, "geometry": {"type": "Polygon", "coordinates": [[[-106.5154, 35.1015], [-106.5153, 35.0936], [-106.5327, 35.0945], [-106.5329, 35.1017], [-106.5154, 35.1015]]]}}, {"type": "Feature", "properties": {"fips": "35061970800", "gap_national": 70.3, "gap_stratum": 73.4, "burden": 78.8, "capacity": 19.8, "svi": 0.84, "top_decile_gap": 1.0, "stratum": "metropolitan", "scored": 1}, "geometry": {"type": "Polygon", "coordinates": [[[-106.7905, 34.7118], [-106.7811, 34.6997], [-106.7603, 34.6925], [-106.767, 34.6613], [-106.7761, 34.6628], [-106.7787, 34.655], [-106.796, 34.653], [-106.7963, 34.6702], [-106.7905, 34.7118]]]}}, {"type": "Feature", "properties": {"fips": "35001000605", "gap_national": 76.3, "gap_stratum": 81.2, "burden": 75.3, "capacity": 8.2, "svi": 1.0, "top_decile_gap": 1.0, "stratum": "metropolitan", "scored": 1}, "geometry": {"type": "Polygon", "coordinates": [[[-106.5775, 35.0788], [-106.5721, 35.0784], [-106.5723, 35.0763], [-106.5686, 35.0759], [-106.5686, 35.0873], [-106.5599, 35.0873], [-106.5601, 35.075], [-106.5633, 35.0753], [-106.5633, 35.0727], [-106.5775, 35.0728], [-106.5775, 35.0788]]]}}, {"type": "Feature", "properties": {"fips": "35001003745", "gap_national": 41.9, "gap_stratum": 44.3, "burden": 75.3, "capacity": 42.2, "svi": 0.32, "top_decile_gap": 0.0, "stratum": "metropolitan", "scored": 1}, "geometry": {"type": "Polygon", "coordinates": [[[-106.6233, 35.1514], [-106.6154, 35.1507], [-106.6052, 35.1535], [-106.6051, 35.1354], [-106.6096, 35.1327], [-106.6143, 35.1352], [-106.6284, 35.1366], [-106.6233, 35.1514]]]}}, {"type": "Feature", "properties": {"fips": "35001004758", "gap_national": -7.2, "gap_stratum": -6.8, "burden": 15.0, "capacity": 24.6, "svi": 0.3, "top_decile_gap": 0.0, "stratum": "metropolitan", "scored": 1}, "geometry": {"type": "Polygon", "coordinates": [[[-106.7277, 35.2069], [-106.7277, 35.1891], [-106.7366, 35.1891], [-106.7365, 35.2032], [-106.7405, 35.2032], [-106.7405, 35.205], [-106.7277, 35.2069]]]}}, {"type": "Feature", "properties": {"fips": "35013001600", "gap_national": 60.9, "gap_stratum": 64.1, "burden": 76.2, "capacity": 26.7, "svi": 0.83, "top_decile_gap": 1.0, "stratum": "metropolitan", "scored": 1}, "geometry": {"type": "Polygon", "coordinates": [[[-106.903, 32.2096], [-106.8566, 32.2235], [-106.8289, 32.2183], [-106.8137, 32.2231], [-106.8062, 32.2223], [-106.7984, 32.2276], [-106.7721, 32.2106], [-106.7587, 32.2064], [-106.7307, 32.1869], [-106.717, 32.1678], [-106.7166, 32.16], [-106.7024, 32.1532], [-106.7001, 32.1424], [-106.6838, 32.13], [-106.678, 32.1205], [-106.6664, 32.1119], [-106.6562, 32.0996], [-106.6562, 32.0953], [-106.6641, 32.0826], [-106.7057, 32.0826], [-106.7129, 32.0794], [-106.8899, 32.1221], [-106.8835, 32.1271], [-106.9052, 32.1657], [-106.9089, 32.1897], [-106.903, 32.2096]]]}}, {"type": "Feature", "properties": {"fips": "35028000500", "gap_national": -58.2, "gap_stratum": -69.2, "burden": 17.1, "capacity": 64.9, "svi": 0.01, "top_decile_gap": 0.0, "stratum": "micropolitan", "scored": 1}, "geometry": {"type": "Polygon", "coordinates": [[[-106.4173, 35.8278], [-106.3966, 35.8295], [-106.3904, 35.8273], [-106.3875, 35.8305], [-106.3773, 35.8338], [-106.3633, 35.8333], [-106.3627, 35.8374], [-106.3609, 35.8343], [-106.3384, 35.8331], [-106.3319, 35.8283], [-106.3198, 35.827], [-106.2931, 35.8049], [-106.2624, 35.787], [-106.2553, 35.7854], [-106.2626, 35.7899], [-106.2501, 35.7872], [-106.2468, 35.7841], [-106.2483, 35.7963], [-106.2452, 35.8022], [-106.2487, 35.8079], [-106.2465, 35.8107], [-106.2358, 35.813], [-106.2265, 35.8107], [-106.2225, 35.8151], [-106.2215, 35.8232], [-106.2057, 35.8293], [-106.1936, 35.8304], [-106.1837, 35.8289], [-106.1828, 35.8265], [-106.1719, 35.8278], [-106.1781, 35.821], [-106.1805, 35.8088], [-106.1926, 35.8049], [-106.1979, 35.7876], [-106.2023, 35.7856], [-106.2085, 35.7778], [-106.214, 35.7767], [-106.2162, 35.7723], [-106.2243, 35.7671], [-106.2399, 35.7643], [-106.2445, 35.7571], [-106.2541, 35.7543], [-106.2578, 35.7697], [-106.2599, 35.7698], [-106.266, 35.7795], [-106.2826, 35.7919], [-106.3249, 35.8071], [-106.3387, 35.808], [-106.357, 35.8164], [-106.357, 35.807], [-106.3622, 35.8114], [-106.3704, 35.8131], [-106.3824, 35.808], [-106.4036, 35.8082], [-106.4111, 35.8109], [-106.4146, 35.8146], [-106.4137, 35.8172], [-106.418, 35.8184], [-106.4173, 35.8278]]]}}, {"type": "Feature", "properties": {"fips": "35061980200", "gap_national": 24.8, "gap_stratum": 29.7, "burden": 28.3, "capacity": 1.7, "svi": null, "top_decile_gap": 0.0, "stratum": "metropolitan", "scored": 1}, "geometry": {"type": "Polygon", "coordinates": [[[-106.7669, 34.7914], [-106.7619, 34.7909], [-106.7632, 34.7831], [-106.77, 34.7843], [-106.7669, 34.7914]]]}}, {"type": "Feature", "properties": {"fips": "35013001207", "gap_national": 46.1, "gap_stratum": 52.5, "burden": 58.7, "capacity": 21.2, "svi": 0.66, "top_decile_gap": 0.0, "stratum": "metropolitan", "scored": 1}, "geometry": {"type": "Polygon", "coordinates": [[[-106.5813, 32.4313], [-106.5635, 32.4258], [-106.548, 32.4361], [-106.548, 32.4014], [-106.5354, 32.4012], [-106.5353, 32.3942], [-106.5311, 32.3943], [-106.531, 32.3873], [-106.5139, 32.3874], [-106.5139, 32.3447], [-106.5676, 32.3448], [-106.5676, 32.3407], [-106.5799, 32.3408], [-106.58, 32.3339], [-106.5756, 32.334], [-106.5756, 32.3268], [-106.5715, 32.3268], [-106.5715, 32.3235], [-106.5802, 32.3217], [-106.6111, 32.341], [-106.6116, 32.3444], [-106.6154, 32.3409], [-106.6285, 32.3421], [-106.6901, 32.335], [-106.7095, 32.3871], [-106.5813, 32.4313]]]}}, {"type": "Feature", "properties": {"fips": "35045000613", "gap_national": 46.6, "gap_stratum": 52.1, "burden": 65.0, "capacity": 28.2, "svi": 0.66, "top_decile_gap": 0.0, "stratum": "metropolitan", "scored": 1}, "geometry": {"type": "Polygon", "coordinates": [[[-108.1557, 36.841], [-108.145, 36.8488], [-108.1295, 36.866], [-108.125, 36.8737], [-108.105, 36.8873], [-108.1015, 36.8974], [-108.085, 36.9081], [-108.0829, 36.9035], [-108.0704, 36.8947], [-108.0634, 36.8917], [-108.0526, 36.8914], [-108.0463, 36.8875], [-108.0381, 36.872], [-108.0283, 36.8651], [-108.0254, 36.8589], [-108.0175, 36.8512], [-108.0425, 36.8435], [-108.0369, 36.8342], [-108.0357, 36.8243], [-108.0239, 36.8268], [-108.0255, 36.8167], [-108.0353, 36.8082], [-108.042, 36.8101], [-108.0489, 36.8066], [-108.0527, 36.8003], [-108.0557, 36.8016], [-108.0728, 36.7953], [-108.0796, 36.788], [-108.0918, 36.7876], [-108.1076, 36.7812], [-108.1112, 36.7758], [-108.1156, 36.7757], [-108.121, 36.7714], [-108.1225, 36.7797], [-108.1035, 36.7918], [-108.1102, 36.7937], [-108.1119, 36.7964], [-108.115, 36.7936], [-108.1136, 36.7925], [-108.1192, 36.7907], [-108.1208, 36.8009], [-108.1239, 36.8058], [-108.1296, 36.8059], [-108.1296, 36.8093], [-108.1709, 36.8219], [-108.1557, 36.841]]]}}, {"type": "Feature", "properties": {"fips": "35031945300", "gap_national": 87.0, "gap_stratum": 82.1, "burden": 86.8, "capacity": 9.3, "svi": 0.96, "top_decile_gap": 1.0, "stratum": "micropolitan", "scored": 1}, "geometry": {"type": "Polygon", "coordinates": [[[-108.7567, 35.5944], [-108.754, 35.5966], [-108.7559, 35.597], [-108.7579, 35.6087], [-108.7401, 35.6088], [-108.7399, 35.5944], [-108.7242, 35.5944], [-108.7237, 35.6086], [-108.7259, 35.6085], [-108.7236, 35.6119], [-108.7236, 35.6087], [-108.7056, 35.6089], [-108.7058, 35.5946], [-108.6882, 35.5946], [-108.6906, 35.5579], [-108.6727, 35.5585], [-108.6719, 35.5532], [-108.676, 35.5505], [-108.6904, 35.5501], [-108.6891, 35.5375], [-108.679, 35.5374], [-108.6796, 35.5353], [-108.6873, 35.5293], [-108.7338, 35.5307], [-108.758, 35.5231], [-108.7598, 35.5588], [-108.7576, 35.5784], [-108.7717, 35.5901], [-108.7736, 35.5943], [-108.7567, 35.5944]]]}}, {"type": "Feature", "properties": {"fips": "35013001317", "gap_national": 39.0, "gap_stratum": 44.9, "burden": 59.7, "capacity": 29.5, "svi": 0.51, "top_decile_gap": 0.0, "stratum": "metropolitan", "scored": 1}, "geometry": {"type": "Polygon", "coordinates": [[[-106.8164, 32.3896], [-106.8081, 32.3902], [-106.786, 32.3675], [-106.7879, 32.3661], [-106.7865, 32.3641], [-106.7923, 32.3598], [-106.7897, 32.3574], [-106.7973, 32.3551], [-106.7953, 32.3509], [-106.8063, 32.3458], [-106.8261, 32.3842], [-106.8164, 32.3896]]]}}, {"type": "Feature", "properties": {"fips": "35035000305", "gap_national": 67.4, "gap_stratum": 59.2, "burden": 80.7, "capacity": 24.8, "svi": 0.68, "top_decile_gap": 1.0, "stratum": "micropolitan", "scored": 1}, "geometry": {"type": "Polygon", "coordinates": [[[-105.9346, 32.9152], [-105.9346, 32.9105], [-105.9375, 32.9105], [-105.9375, 32.9018], [-105.9435, 32.9017], [-105.9446, 32.9081], [-105.9606, 32.908], [-105.9606, 32.9151], [-105.9346, 32.9152]]]}}, {"type": "Feature", "properties": {"fips": "35043010726", "gap_national": -22.3, "gap_stratum": -21.2, "burden": 23.8, "capacity": 45.7, "svi": 0.1, "top_decile_gap": 0.0, "stratum": "metropolitan", "scored": 1}, "geometry": {"type": "Polygon", "coordinates": [[[-106.6367, 35.3077], [-106.6243, 35.311], [-106.6122, 35.3165], [-106.5961, 35.3282], [-106.5914, 35.3229], [-106.5883, 35.3239], [-106.5754, 35.3194], [-106.5782, 35.3125], [-106.606, 35.2862], [-106.6276, 35.2967], [-106.6363, 35.2967], [-106.6571, 35.2869], [-106.6581, 35.3063], [-106.6367, 35.3077]]]}}, {"type": "Feature", "properties": {"fips": "35045942802", "gap_national": 72.7, "gap_stratum": 60.2, "burden": 82.6, "capacity": 21.4, "svi": 0.88, "top_decile_gap": 1.0, "stratum": "small_town", "scored": 1}, "geometry": {"type": "Polygon", "coordinates": [[[-108.7355, 36.8257], [-108.7319, 36.8286], [-108.7256, 36.8258], [-108.7169, 36.8276], [-108.7151, 36.8236], [-108.7076, 36.8227], [-108.6918, 36.8245], [-108.6893, 36.8105], [-108.6503, 36.8037], [-108.6472, 36.8014], [-108.6342, 36.8061], [-108.6144, 36.8014], [-108.6043, 36.7781], [-108.6085, 36.7723], [-108.6025, 36.7697], [-108.6036, 36.7665], [-108.6114, 36.7667], [-108.6189, 36.7709], [-108.6329, 36.7697], [-108.636, 36.7761], [-108.6419, 36.7779], [-108.6619, 36.7701], [-108.6659, 36.7657], [-108.6725, 36.7657], [-108.6747, 36.763], [-108.6791, 36.7672], [-108.6843, 36.7794], [-108.6939, 36.7816], [-108.6956, 36.7884], [-108.7066, 36.7918], [-108.7121, 36.7898], [-108.7163, 36.7926], [-108.7308, 36.7895], [-108.7325, 36.797], [-108.7284, 36.8091], [-108.7395, 36.8161], [-108.7378, 36.8244], [-108.7433, 36.8282], [-108.7466, 36.8358], [-108.7355, 36.8257]]]}}, {"type": "Feature", "properties": {"fips": "35001004501", "gap_national": 90.6, "gap_stratum": 91.9, "burden": 89.1, "capacity": 6.8, "svi": 0.98, "top_decile_gap": 1.0, "stratum": "metropolitan", "scored": 1}, "geometry": {"type": "Polygon", "coordinates": [[[-106.6777, 35.0535], [-106.6625, 35.0478], [-106.6717, 35.0377], [-106.6728, 35.0272], [-106.6804, 35.0268], [-106.6777, 35.0535]]]}}, {"type": "Feature", "properties": {"fips": "35049010312", "gap_national": 21.9, "gap_stratum": 27.5, "burden": 48.2, "capacity": 32.9, "svi": 0.65, "top_decile_gap": 0.0, "stratum": "metropolitan", "scored": 1}, "geometry": {"type": "Polygon", "coordinates": [[[-106.2438, 35.0846], [-106.103, 35.0841], [-106.103, 35.0406], [-106.2439, 35.04], [-106.2438, 35.0846]]]}}, {"type": "Feature", "properties": {"fips": "35043010715", "gap_national": -4.2, "gap_stratum": 0.5, "burden": 44.0, "capacity": 49.5, "svi": 0.57, "top_decile_gap": 0.0, "stratum": "metropolitan", "scored": 1}, "geometry": {"type": "Polygon", "coordinates": [[[-106.679, 35.2638], [-106.677, 35.2627], [-106.6764, 35.2479], [-106.6725, 35.2455], [-106.6632, 35.2475], [-106.655, 35.2445], [-106.656, 35.2412], [-106.6845, 35.2416], [-106.6825, 35.2559], [-106.6841, 35.259], [-106.679, 35.2638]]]}}, {"type": "Feature", "properties": {"fips": "35001003739", "gap_national": -2.7, "gap_stratum": 0.1, "burden": 30.1, "capacity": 36.1, "svi": 0.59, "top_decile_gap": 0.0, "stratum": "metropolitan", "scored": 1}, "geometry": {"type": "Polygon", "coordinates": [[[-106.5767, 35.1423], [-106.5687, 35.1384], [-106.5687, 35.1308], [-106.5777, 35.1309], [-106.5767, 35.1423]]]}}, {"type": "Feature", "properties": {"fips": "35061941400", "gap_national": -0.5, "gap_stratum": 1.6, "burden": 24.0, "capacity": 27.8, "svi": 0.58, "top_decile_gap": 0.0, "stratum": "metropolitan", "scored": 1}, "geometry": {"type": "Polygon", "coordinates": [[[-106.7208, 34.8701], [-106.721, 34.8606], [-106.7166, 34.8495], [-106.7153, 34.8383], [-106.7161, 34.836], [-106.7296, 34.836], [-106.7358, 34.8075], [-106.748, 34.8146], [-106.7614, 34.8145], [-106.7553, 34.8287], [-106.7727, 34.8287], [-106.7685, 34.836], [-106.7936, 34.836], [-106.7976, 34.8288], [-106.807, 34.8262], [-106.8038, 34.8256], [-106.8063, 34.8245], [-106.8049, 34.8238], [-106.847, 34.8183], [-106.8545, 34.7763], [-106.8881, 34.7629], [-106.8932, 34.764], [-106.9204, 34.7838], [-106.9269, 34.7841], [-106.9462, 34.7784], [-106.966, 34.7785], [-106.9794, 34.7891], [-106.9895, 34.7937], [-106.9912, 34.7984], [-106.9886, 34.801], [-106.9936, 34.8036], [-106.9909, 34.8108], [-106.9926, 34.8105], [-106.9945, 34.8221], [-106.9969, 34.8232], [-106.9935, 34.8247], [-106.9912, 34.8304], [-106.9934, 34.8295], [-106.9972, 34.8382], [-107.0009, 34.8377], [-107.0015, 34.8394], [-106.9981, 34.8412], [-107.0053, 34.8459], [-107.0055, 34.8494], [-107.0109, 34.8537], [-107.0097, 34.8554], [-107.0183, 34.8576], [-107.0097, 34.8576], [-107.0106, 34.8594], [-107.0202, 34.8664], [-107.0207, 34.8698], [-107.0254, 34.8707], [-106.7208, 34.8701]], [[-106.8668, 34.8141], [-106.8668, 34.8189], [-106.8487, 34.8191], [-106.8418, 34.8249], [-106.8621, 34.8234], [-106.8621, 34.836], [-106.8865, 34.836], [-106.8865, 34.8117], [-106.8668, 34.8141]]]}}, {"type": "Feature", "properties": {"fips": "35031943907", "gap_national": 90.7, "gap_stratum": 91.8, "burden": 94.5, "capacity": 12.4, "svi": 0.92, "top_decile_gap": 1.0, "stratum": "rural", "scored": 1}, "geometry": {"type": "Polygon", "coordinates": [[[-109.0462, 35.6606], [-108.8416, 35.6597], [-108.8381, 35.6452], [-108.8257, 35.6349], [-108.8286, 35.6352], [-108.8368, 35.6199], [-108.8418, 35.6212], [-108.8459, 35.6192], [-108.8581, 35.6069], [-108.8641, 35.6091], [-108.8712, 35.6064], [-108.8779, 35.5891], [-108.8862, 35.5812], [-108.8865, 35.5733], [-108.8633, 35.5579], [-108.8597, 35.5487], [-108.8683, 35.5251], [-108.8647, 35.5239], [-108.8659, 35.515], [-108.8799, 35.5104], [-108.8848, 35.5035], [-108.8892, 35.5026], [-108.8895, 35.5011], [-108.8837, 35.501], [-108.8841, 35.4908], [-108.9053, 35.4847], [-108.9384, 35.4651], [-108.96, 35.4408], [-108.9881, 35.4215], [-109.0146, 35.3839], [-109.0424, 35.3698], [-109.0468, 35.3636], [-109.0462, 35.6606]]]}}, {"type": "Feature", "properties": {"fips": "35031945501", "gap_national": -5.9, "gap_stratum": -27.4, "burden": 37.2, "capacity": 45.1, "svi": 0.56, "top_decile_gap": 0.0, "stratum": "micropolitan", "scored": 1}, "geometry": {"type": "Polygon", "coordinates": [[[-108.7386, 35.5084], [-108.7398, 35.5192], [-108.7309, 35.519], [-108.7283, 35.5138], [-108.7286, 35.5051], [-108.7196, 35.5063], [-108.7196, 35.5014], [-108.7149, 35.5014], [-108.7135, 35.4961], [-108.7032, 35.4969], [-108.705, 35.4922], [-108.7088, 35.4911], [-108.7083, 35.4876], [-108.6974, 35.4781], [-108.7068, 35.4785], [-108.7069, 35.4506], [-108.7243, 35.4506], [-108.7243, 35.4655], [-108.7425, 35.4656], [-108.7386, 35.5084]]]}}, {"type": "Feature", "properties": {"fips": "35049010603", "gap_national": 3.1, "gap_stratum": 7.2, "burden": 39.9, "capacity": 40.6, "svi": 0.12, "top_decile_gap": 0.0, "stratum": "metropolitan", "scored": 1}, "geometry": {"type": "Polygon", "coordinates": [[[-106.0937, 35.4296], [-106.0888, 35.4306], [-106.083, 35.4357], [-106.077, 35.4507], [-106.07, 35.4543], [-106.0691, 35.4772], [-106.0525, 35.5576], [-106.0352, 35.5598], [-106.0292, 35.5646], [-106.0059, 35.5691], [-105.9915, 35.5767], [-105.9924, 35.5735], [-105.9855, 35.5671], [-105.9808, 35.5546], [-105.9827, 35.5421], [-105.9753, 35.5324], [-105.9787, 35.5119], [-105.9772, 35.5029], [-105.9703, 35.4945], [-105.9593, 35.501], [-105.9557, 35.5008], [-105.9506, 35.5055], [-105.9499, 35.5113], [-105.9458, 35.5126], [-105.9391, 35.5227], [-105.9204, 35.5227], [-105.9164, 35.4971], [-105.9176, 35.494], [-105.9104, 35.488], [-105.9103, 35.4838], [-105.9037, 35.486], [-105.9085, 35.4799], [-105.9009, 35.4643], [-105.918, 35.4488], [-105.9407, 35.4363], [-105.9513, 35.4261], [-105.9955, 35.3986], [-106.0194, 35.395], [-106.0284, 35.3962], [-106.087, 35.4248], [-106.117, 35.4351], [-106.0937, 35.4296]]]}}, {"type": "Feature", "properties": {"fips": "35045000705", "gap_national": 53.5, "gap_stratum": 60.1, "burden": 61.7, "capacity": 16.9, "svi": 0.78, "top_decile_gap": 1.0, "stratum": "metropolitan", "scored": 1}, "geometry": {"type": "Polygon", "coordinates": [[[-107.9847, 36.7112], [-107.979, 36.7113], [-107.98, 36.7756], [-107.9773, 36.7785], [-107.958, 36.7656], [-107.9614, 36.7638], [-107.9659, 36.7532], [-107.9652, 36.7495], [-107.9685, 36.7459], [-107.9667, 36.74], [-107.9699, 36.733], [-107.9518, 36.733], [-107.9517, 36.7257], [-107.9459, 36.7215], [-107.9458, 36.7185], [-107.952, 36.7185], [-107.952, 36.7107], [-107.9581, 36.7071], [-107.9654, 36.7064], [-107.9658, 36.7037], [-107.981, 36.6993], [-107.9867, 36.6996], [-107.9847, 36.7112]]]}}, {"type": "Feature", "properties": {"fips": "35013001310", "gap_national": 6.2, "gap_stratum": 9.1, "burden": 26.8, "capacity": 24.2, "svi": 0.38, "top_decile_gap": 0.0, "stratum": "metropolitan", "scored": 1}, "geometry": {"type": "Polygon", "coordinates": [[[-106.7557, 32.3882], [-106.7378, 32.3881], [-106.7344, 32.3914], [-106.728, 32.3914], [-106.7295, 32.3802], [-106.7499, 32.3644], [-106.7552, 32.3707], [-106.7557, 32.3882]]]}}, {"type": "Feature", "properties": {"fips": "35013001209", "gap_national": -9.0, "gap_stratum": -4.9, "burden": 39.5, "capacity": 49.2, "svi": 0.12, "top_decile_gap": 0.0, "stratum": "metropolitan", "scored": 1}, "geometry": {"type": "Polygon", "coordinates": [[[-106.7397, 32.3375], [-106.7384, 32.3411], [-106.7342, 32.3406], [-106.7316, 32.3327], [-106.7217, 32.3267], [-106.7316, 32.3202], [-106.7399, 32.3293], [-106.7465, 32.3309], [-106.7503, 32.336], [-106.7397, 32.3375]]]}}, {"type": "Feature", "properties": {"fips": "35045000206", "gap_national": 43.4, "gap_stratum": 50.6, "burden": 49.4, "capacity": 12.1, "svi": 0.87, "top_decile_gap": 0.0, "stratum": "metropolitan", "scored": 1}, "geometry": {"type": "Polygon", "coordinates": [[[-108.1803, 36.7577], [-108.1714, 36.7561], [-108.1668, 36.759], [-108.1561, 36.7588], [-108.1583, 36.7511], [-108.1753, 36.7396], [-108.1752, 36.7482], [-108.1842, 36.7482], [-108.1847, 36.7562], [-108.1803, 36.7577]]]}}, {"type": "Feature", "properties": {"fips": "35001002303", "gap_national": 58.6, "gap_stratum": 65.4, "burden": 62.9, "capacity": 12.8, "svi": 0.78, "top_decile_gap": 1.0, "stratum": "metropolitan", "scored": 1}, "geometry": {"type": "Polygon", "coordinates": [[[-106.6911, 35.0753], [-106.6742, 35.0725], [-106.6661, 35.0738], [-106.661, 35.0697], [-106.6816, 35.065], [-106.6974, 35.0684], [-106.6911, 35.0753]]]}}, {"type": "Feature", "properties": {"fips": "35001980300", "gap_national": null, "gap_stratum": null, "burden": null, "capacity": null, "svi": null, "top_decile_gap": null, "stratum": null, "scored": 0}, "geometry": {"type": "Polygon", "coordinates": [[[-106.5686, 35.0873], [-106.5686, 35.0759], [-106.5775, 35.0788], [-106.5775, 35.0874], [-106.5686, 35.0873]]]}}, {"type": "Feature", "properties": {"fips": "35043010714", "gap_national": -0.3, "gap_stratum": 3.9, "burden": 40.8, "capacity": 44.1, "svi": 0.51, "top_decile_gap": 0.0, "stratum": "metropolitan", "scored": 1}, "geometry": {"type": "Polygon", "coordinates": [[[-106.677, 35.2627], [-106.665, 35.2581], [-106.6418, 35.2571], [-106.6511, 35.2509], [-106.655, 35.2445], [-106.6632, 35.2475], [-106.6725, 35.2455], [-106.6764, 35.2479], [-106.677, 35.2627]]]}}, {"type": "Feature", "properties": {"fips": "35057963700", "gap_national": 45.6, "gap_stratum": 43.0, "burden": 80.8, "capacity": 43.8, "svi": 0.8, "top_decile_gap": 0.0, "stratum": "rural", "scored": 1}, "geometry": {"type": "Polygon", "coordinates": [[[-106.4649, 34.6084], [-106.4662, 34.6704], [-106.4592, 34.669], [-106.4385, 34.6543], [-106.4365, 34.6605], [-106.4326, 34.661], [-106.4263, 34.6672], [-106.4236, 34.6639], [-106.4278, 34.6487], [-106.4401, 34.6355], [-106.4359, 34.6284], [-106.428, 34.6245], [-106.413, 34.6217], [-106.4038, 34.616], [-106.4002, 34.619], [-106.3614, 34.615], [-106.3607, 34.6172], [-106.3548, 34.6187], [-106.3488, 34.6302], [-106.3378, 34.6291], [-106.3303, 34.6315], [-106.3023, 34.6243], [-106.29, 34.609], [-106.2405, 34.6089], [-106.2365, 34.612], [-106.2364, 34.6165], [-106.2184, 34.6111], [-106.2077, 34.614], [-106.2053, 34.6089], [-106.0611, 34.6091], [-106.0611, 34.6381], [-106.0274, 34.638], [-106.0173, 34.6237], [-106.0138, 34.6093], [-106.0138, 34.5937], [-105.9828, 34.5773], [-105.9725, 34.575], [-105.9462, 34.5825], [-105.8703, 34.6265], [-105.8454, 34.6486], [-105.769, 34.6838], [-105.5415, 34.6676], [-105.5572, 34.6921], [-105.5569, 34.6983], [-105.5525, 34.6993], [-105.5474, 34.7066], [-105.5473, 34.7255], [-105.5251, 34.7256], [-105.5187, 34.7282], [-105.599, 34.8655], [-105.6015, 34.8949], [-105.6828, 35.0416], [-105.2908, 35.042], [-105.2904, 34.6068], [-105.3128, 34.607], [-105.3132, 34.26], [-106.416, 34.2598], [-106.4169, 34.5217], [-106.4698, 34.5212], [-106.4712, 34.6084], [-106.4649, 34.6084]]]}}, {"type": "Feature", "properties": {"fips": "35061970305", "gap_national": 49.9, "gap_stratum": 54.8, "burden": 67.8, "capacity": 28.3, "svi": 0.48, "top_decile_gap": 0.0, "stratum": "metropolitan", "scored": 1}, "geometry": {"type": "Polygon", "coordinates": [[[-106.7384, 34.7269], [-106.745, 34.7411], [-106.7414, 34.7533], [-106.7338, 34.7641], [-106.7316, 34.7777], [-106.7263, 34.7861], [-106.7259, 34.7936], [-106.7182, 34.8046], [-106.713, 34.8032], [-106.7147, 34.7978], [-106.701, 34.7973], [-106.7018, 34.7903], [-106.708, 34.7764], [-106.7201, 34.7654], [-106.7269, 34.7459], [-106.7313, 34.7198], [-106.7158, 34.7201], [-106.7129, 34.7196], [-106.7127, 34.7171], [-106.7192, 34.7003], [-106.7269, 34.6902], [-106.7322, 34.6921], [-106.7351, 34.6808], [-106.7361, 34.6529], [-106.7456, 34.6614], [-106.7463, 34.6723], [-106.7429, 34.6769], [-106.7426, 34.6854], [-106.7509, 34.703], [-106.7511, 34.708], [-106.7384, 34.7269]]]}}, {"type": "Feature", "properties": {"fips": "35001004743", "gap_national": 17.2, "gap_stratum": 21.1, "burden": 26.3, "capacity": 11.4, "svi": 0.28, "top_decile_gap": 0.0, "stratum": "metropolitan", "scored": 1}, "geometry": {"type": "Polygon", "coordinates": [[[-106.7404, 35.0953], [-106.7297, 35.1043], [-106.7299, 35.0944], [-106.7467, 35.0859], [-106.7492, 35.0932], [-106.7404, 35.0953]]]}}, {"type": "Feature", "properties": {"fips": "35001003201", "gap_national": 50.9, "gap_stratum": 57.5, "burden": 60.5, "capacity": 18.2, "svi": 0.75, "top_decile_gap": 0.0, "stratum": "metropolitan", "scored": 1}, "geometry": {"type": "Polygon", "coordinates": [[[-106.6508, 35.1397], [-106.6143, 35.1352], [-106.6096, 35.1327], [-106.6217, 35.1238], [-106.6249, 35.1239], [-106.6389, 35.1299], [-106.6583, 35.1344], [-106.6508, 35.1397]]]}}, {"type": "Feature", "properties": {"fips": "35013000401", "gap_national": 79.9, "gap_stratum": 80.1, "burden": 89.3, "capacity": 20.1, "svi": 0.91, "top_decile_gap": 1.0, "stratum": "metropolitan", "scored": 1}, "geometry": {"type": "Polygon", "coordinates": [[[-106.7654, 32.3142], [-106.7693, 32.3117], [-106.7685, 32.3091], [-106.7758, 32.3076], [-106.7796, 32.3164], [-106.7798, 32.3287], [-106.7654, 32.3142]]]}}, {"type": "Feature", "properties": {"fips": "35031940500", "gap_national": 66.6, "gap_stratum": 33.1, "burden": 68.1, "capacity": 10.4, "svi": 0.95, "top_decile_gap": 1.0, "stratum": "rural", "scored": 1}, "geometry": {"type": "Polygon", "coordinates": [[[-108.9104, 35.1766], [-108.9104, 35.1621], [-108.8932, 35.1622], [-108.8929, 35.1694], [-108.8396, 35.1696], [-108.8398, 35.1595], [-108.851, 35.1507], [-108.8388, 35.1311], [-108.8514, 35.1222], [-108.8432, 35.111], [-108.7848, 35.1338], [-108.7866, 35.2061], [-108.7698, 35.2055], [-108.7689, 35.2192], [-108.6816, 35.2188], [-108.6806, 35.3071], [-108.5391, 35.3069], [-108.5393, 35.263], [-108.5415, 35.2475], [-108.5399, 35.1225], [-108.5418, 34.9898], [-108.5238, 34.9907], [-108.5221, 34.9737], [-108.5045, 34.9737], [-108.5044, 34.9591], [-109.0459, 34.9598], [-109.046, 35.1755], [-108.9104, 35.1766]], [[-108.9122, 35.0788], [-108.9119, 35.0742], [-108.9036, 35.071], [-108.8993, 35.0599], [-108.901, 35.0542], [-108.8983, 35.0448], [-108.8827, 35.0521], [-108.8802, 35.0455], [-108.8747, 35.0399], [-108.8684, 35.0397], [-108.8661, 35.0515], [-108.8603, 35.0473], [-108.8556, 35.0482], [-108.8531, 35.0445], [-108.8455, 35.0485], [-108.8456, 35.0532], [-108.8076, 35.0634], [-108.8145, 35.07], [-108.8133, 35.0778], [-108.8167, 35.0783], [-108.8167, 35.0845], [-108.8274, 35.0848], [-108.851, 35.0932], [-108.8709, 35.0936], [-108.876, 35.0863], [-108.8728, 35.083], [-108.8773, 35.078], [-108.8805, 35.078], [-108.8833, 35.0816], [-108.887, 35.0763], [-108.9235, 35.085], [-108.9122, 35.0788]]]}}, {"type": "Feature", "properties": {"fips": "35049001305", "gap_national": -2.2, "gap_stratum": -1.4, "burden": 15.0, "capacity": 19.2, "svi": 0.41, "top_decile_gap": 0.0, "stratum": "metropolitan", "scored": 1}, "geometry": {"type": "Polygon", "coordinates": [[[-106.0675, 35.6251], [-106.0676, 35.6278], [-106.0608, 35.628], [-106.0601, 35.6254], [-106.0534, 35.6268], [-106.051, 35.6301], [-106.0462, 35.63], [-106.0453, 35.6276], [-106.0453, 35.6357], [-106.0433, 35.6315], [-106.0386, 35.6315], [-106.0369, 35.6276], [-106.0687, 35.6171], [-106.0717, 35.6171], [-106.0713, 35.6227], [-106.0675, 35.6251]]]}}, {"type": "Feature", "properties": {"fips": "35045000506", "gap_national": 52.4, "gap_stratum": 58.8, "burden": 61.8, "capacity": 18.3, "svi": 0.84, "top_decile_gap": 0.0, "stratum": "metropolitan", "scored": 1}, "geometry": {"type": "Polygon", "coordinates": [[[-108.3597, 36.7635], [-108.358, 36.7647], [-108.2782, 36.7636], [-108.2844, 36.7526], [-108.2914, 36.7474], [-108.2899, 36.7419], [-108.2973, 36.733], [-108.2967, 36.7263], [-108.3017, 36.7211], [-108.3079, 36.7207], [-108.3142, 36.7239], [-108.3121, 36.7304], [-108.3598, 36.7434], [-108.3597, 36.7635]]]}}, {"type": "Feature", "properties": {"fips": "35001004756", "gap_national": -0.9, "gap_stratum": 0.8, "burden": 21.5, "capacity": 25.3, "svi": 0.29, "top_decile_gap": 0.0, "stratum": "metropolitan", "scored": 1}, "geometry": {"type": "Polygon", "coordinates": [[[-106.7002, 35.1969], [-106.6841, 35.1898], [-106.6877, 35.1799], [-106.6913, 35.1796], [-106.6911, 35.1857], [-106.6863, 35.1899], [-106.691, 35.1909], [-106.7076, 35.1888], [-106.7076, 35.1871], [-106.701, 35.1855], [-106.701, 35.1796], [-106.7139, 35.1798], [-106.7277, 35.1891], [-106.7277, 35.1921], [-106.7002, 35.1969]]]}}, {"type": "Feature", "properties": {"fips": "35001001701", "gap_national": -15.8, "gap_stratum": -14.5, "burden": 24.3, "capacity": 41.2, "svi": 0.04, "top_decile_gap": 0.0, "stratum": "metropolitan", "scored": 1}, "geometry": {"type": "Polygon", "coordinates": [[[-106.6132, 35.0875], [-106.6042, 35.0875], [-106.6046, 35.0736], [-106.6133, 35.0737], [-106.6132, 35.0875]]]}}, {"type": "Feature", "properties": {"fips": "35005000302", "gap_national": 56.6, "gap_stratum": 34.9, "burden": 65.7, "capacity": 18.8, "svi": 0.89, "top_decile_gap": 1.0, "stratum": "micropolitan", "scored": 1}, "geometry": {"type": "Polygon", "coordinates": [[[-104.5404, 33.4234], [-104.5026, 33.4232], [-104.5192, 33.4074], [-104.5196, 33.3998], [-104.5275, 33.3999], [-104.5274, 33.416], [-104.5404, 33.4161], [-104.5407, 33.4086], [-104.559, 33.4085], [-104.5591, 33.423], [-104.5404, 33.4234]]]}}, {"type": "Feature", "properties": {"fips": "35035940000", "gap_national": 79.7, "gap_stratum": 60.4, "burden": 80.0, "capacity": 10.4, "svi": 0.96, "top_decile_gap": 1.0, "stratum": "rural", "scored": 1}, "geometry": {"type": "Polygon", "coordinates": [[[-105.9316, 33.3899], [-105.7272, 33.3906], [-105.726, 33.3048], [-105.3174, 33.306], [-105.3162, 33.0027], [-105.4131, 33.0038], [-105.4133, 32.9925], [-105.4188, 32.9923], [-105.4189, 32.997], [-105.4219, 32.9992], [-105.4361, 32.9999], [-105.4362, 33.0043], [-105.8314, 33.0038], [-105.828, 33.054], [-105.8291, 33.077], [-105.8251, 33.0852], [-105.8272, 33.1029], [-105.8274, 33.2178], [-105.9296, 33.2184], [-105.9316, 33.3899]]]}}, {"type": "Feature", "properties": {"fips": "35049001107", "gap_national": 21.8, "gap_stratum": 27.4, "burden": 46.8, "capacity": 31.6, "svi": 0.68, "top_decile_gap": 0.0, "stratum": "metropolitan", "scored": 1}, "geometry": {"type": "Polygon", "coordinates": [[[-105.9849, 35.6588], [-105.9849, 35.6521], [-105.9738, 35.6521], [-105.9739, 35.6372], [-105.9902, 35.6388], [-105.9897, 35.6484], [-105.9922, 35.6551], [-105.9849, 35.6588]]]}}, {"type": "Feature", "properties": {"fips": "35043010734", "gap_national": 6.6, "gap_stratum": 9.3, "burden": 24.4, "capacity": 20.9, "svi": 0.13, "top_decile_gap": 0.0, "stratum": "metropolitan", "scored": 1}, "geometry": {"type": "Polygon", "coordinates": [[[-106.8927, 35.4342], [-106.8698, 35.4201], [-106.84, 35.4139], [-106.8332, 35.4111], [-106.8332, 35.4066], [-106.8149, 35.4064], [-106.8084, 35.4001], [-106.7961, 35.4025], [-106.7835, 35.4003], [-106.7732, 35.4042], [-106.7609, 35.4033], [-106.7548, 35.4079], [-106.7394, 35.4107], [-106.7251, 35.3932], [-106.6727, 35.3921], [-106.6725, 35.3776], [-106.6363, 35.3777], [-106.6346, 35.3714], [-106.6602, 35.3656], [-106.6644, 35.3619], [-106.6693, 35.3455], [-106.6871, 35.3441], [-106.6964, 35.3394], [-106.6969, 35.315], [-106.7099, 35.3148], [-106.713, 35.3111], [-106.7127, 35.3132], [-106.7183, 35.3179], [-106.7277, 35.3167], [-106.7313, 35.3186], [-106.7261, 35.3063], [-106.8244, 35.3071], [-106.9051, 35.4303], [-106.8927, 35.4342]]]}}, {"type": "Feature", "properties": {"fips": "35061970902", "gap_national": 37.5, "gap_stratum": 42.8, "burden": 62.3, "capacity": 33.6, "svi": 0.7, "top_decile_gap": 0.0, "stratum": "metropolitan", "scored": 1}, "geometry": {"type": "Polygon", "coordinates": [[[-106.7808, 34.6392], [-106.7783, 34.6301], [-106.774, 34.6297], [-106.7733, 34.633], [-106.7675, 34.6293], [-106.7561, 34.6335], [-106.7479, 34.631], [-106.7519, 34.62], [-106.7442, 34.603], [-106.7443, 34.5975], [-106.7578, 34.5866], [-106.7707, 34.5705], [-106.7704, 34.5625], [-106.7645, 34.5537], [-106.7646, 34.5415], [-106.7733, 34.5334], [-106.798, 34.5447], [-106.7808, 34.6392]]]}}, {"type": "Feature", "properties": {"fips": "35009000100", "gap_national": 87.2, "gap_stratum": 78.8, "burden": 83.7, "capacity": 4.2, "svi": 0.99, "top_decile_gap": 1.0, "stratum": "micropolitan", "scored": 1}, "geometry": {"type": "Polygon", "coordinates": [[[-103.2493, 34.4192], [-103.2318, 34.4193], [-103.2317, 34.4083], [-103.2293, 34.4065], [-103.2054, 34.4068], [-103.2053, 34.3975], [-103.2493, 34.4003], [-103.2493, 34.4192]]]}}, {"type": "Feature", "properties": {"fips": "35001003502", "gap_national": -0.1, "gap_stratum": 5.0, "burden": 49.4, "capacity": 51.0, "svi": 0.18, "top_decile_gap": 0.0, "stratum": "metropolitan", "scored": 1}, "geometry": {"type": "Polygon", "coordinates": [[[-106.6709, 35.1521], [-106.6655, 35.1626], [-106.6541, 35.1726], [-106.6528, 35.1822], [-106.6433, 35.1829], [-106.6275, 35.1792], [-106.6347, 35.1725], [-106.6413, 35.1386], [-106.6776, 35.1465], [-106.6709, 35.1521]]]}}, {"type": "Feature", "properties": {"fips": "35001003712", "gap_national": -10.3, "gap_stratum": -6.5, "burden": 37.5, "capacity": 48.5, "svi": 0.45, "top_decile_gap": 0.0, "stratum": "metropolitan", "scored": 1}, "geometry": {"type": "Polygon", "coordinates": [[[-106.5599, 35.1743], [-106.5422, 35.1745], [-106.5422, 35.1596], [-106.5599, 35.1595], [-106.5599, 35.1743]]]}}, {"type": "Feature", "properties": {"fips": "35001003707", "gap_national": 54.5, "gap_stratum": 59.9, "burden": 67.1, "capacity": 22.7, "svi": 0.75, "top_decile_gap": 1.0, "stratum": "metropolitan", "scored": 1}, "geometry": {"type": "Polygon", "coordinates": [[[-106.5773, 35.1454], [-106.5539, 35.1461], [-106.5512, 35.1412], [-106.551, 35.1307], [-106.5687, 35.1308], [-106.5687, 35.1384], [-106.5808, 35.1446], [-106.5865, 35.1449], [-106.5864, 35.148], [-106.5773, 35.1454]]]}}, {"type": "Feature", "properties": {"fips": "35001000118", "gap_national": 5.0, "gap_stratum": 8.0, "burden": 28.3, "capacity": 27.3, "svi": 0.53, "top_decile_gap": 0.0, "stratum": "metropolitan", "scored": 1}, "geometry": {"type": "Polygon", "coordinates": [[[-106.5687, 35.1308], [-106.551, 35.1307], [-106.551, 35.1236], [-106.5688, 35.1235], [-106.5687, 35.1308]]]}}, {"type": "Feature", "properties": {"fips": "35005001002", "gap_national": 28.1, "gap_stratum": 7.5, "burden": 64.2, "capacity": 43.0, "svi": 0.72, "top_decile_gap": 0.0, "stratum": "micropolitan", "scored": 1}, "geometry": {"type": "Polygon", "coordinates": [[[-104.5234, 33.4523], [-104.5232, 33.4322], [-104.515, 33.4323], [-104.5144, 33.4232], [-104.5591, 33.423], [-104.5592, 33.4522], [-104.5234, 33.4523]]]}}, {"type": "Feature", "properties": {"fips": "35049940600", "gap_national": 26.3, "gap_stratum": 32.1, "burden": 43.8, "capacity": 23.8, "svi": 0.73, "top_decile_gap": 0.0, "stratum": "metropolitan", "scored": 1}, "geometry": {"type": "Polygon", "coordinates": [[[-106.0625, 35.9308], [-105.9903, 35.9321], [-105.9904, 35.8559], [-106.0628, 35.8564], [-106.0625, 35.9308]]]}}, {"type": "Feature", "properties": {"fips": "35045000507", "gap_national": 62.0, "gap_stratum": 66.5, "burden": 72.3, "capacity": 21.3, "svi": 0.64, "top_decile_gap": 1.0, "stratum": "metropolitan", "scored": 1}, "geometry": {"type": "Polygon", "coordinates": [[[-108.3884, 36.7452], [-108.3854, 36.7485], [-108.3797, 36.7493], [-108.3814, 36.7545], [-108.378, 36.7572], [-108.3761, 36.7642], [-108.3712, 36.766], [-108.3713, 36.7688], [-108.358, 36.7647], [-108.3597, 36.7635], [-108.3598, 36.7432], [-108.3122, 36.7289], [-108.3142, 36.7239], [-108.3221, 36.7241], [-108.3278, 36.7205], [-108.3404, 36.7237], [-108.3491, 36.73], [-108.3633, 36.7267], [-108.3746, 36.7312], [-108.3901, 36.725], [-108.3949, 36.7271], [-108.4042, 36.7429], [-108.3884, 36.7452]]]}}, {"type": "Feature", "properties": {"fips": "35049000201", "gap_national": -57.7, "gap_stratum": -55.3, "burden": 20.4, "capacity": 67.1, "svi": 0.12, "top_decile_gap": 0.0, "stratum": "metropolitan", "scored": 1}, "geometry": {"type": "Polygon", "coordinates": [[[-105.9488, 35.7264], [-105.947, 35.73], [-105.9471, 35.7546], [-105.9408, 35.7558], [-105.9317, 35.739], [-105.9323, 35.7225], [-105.939, 35.7116], [-105.9536, 35.6964], [-105.9533, 35.7016], [-105.9559, 35.7041], [-105.965, 35.7017], [-105.9648, 35.7074], [-105.9853, 35.7002], [-105.985, 35.7266], [-105.9488, 35.7264]]]}}, {"type": "Feature", "properties": {"fips": "35039000302", "gap_national": 48.7, "gap_stratum": 23.4, "burden": 58.8, "capacity": 18.5, "svi": 0.56, "top_decile_gap": 0.0, "stratum": "micropolitan", "scored": 1}, "geometry": {"type": "Polygon", "coordinates": [[[-106.104, 36.1071], [-106.0994, 36.1133], [-106.0535, 36.1502], [-106.042, 36.1563], [-106.0314, 36.1573], [-106.028, 36.1515], [-106.02, 36.1461], [-106.021, 36.1436], [-106.0144, 36.142], [-106.001, 36.1479], [-105.9945, 36.144], [-105.9916, 36.1392], [-106.0493, 36.0903], [-106.1048, 36.0902], [-106.104, 36.1071]]]}}, {"type": "Feature", "properties": {"fips": "35001002000", "gap_national": 42.0, "gap_stratum": 49.4, "burden": 43.4, "capacity": 3.4, "svi": 0.93, "top_decile_gap": 0.0, "stratum": "metropolitan", "scored": 1}, "geometry": {"type": "Polygon", "coordinates": [[[-106.6405, 35.1054], [-106.6292, 35.1055], [-106.6361, 35.0852], [-106.6441, 35.0863], [-106.6405, 35.1054]]]}}, {"type": "Feature", "properties": {"fips": "35039944100", "gap_national": 67.4, "gap_stratum": 52.6, "burden": 73.8, "capacity": 17.1, "svi": 0.83, "top_decile_gap": 1.0, "stratum": "micropolitan", "scored": 1}, "geometry": {"type": "Polygon", "coordinates": [[[-106.1187, 36.0901], [-106.0255, 36.0898], [-106.0248, 36.0166], [-106.1187, 36.0163], [-106.1187, 36.0901]]]}}, {"type": "Feature", "properties": {"fips": "35025000400", "gap_national": 76.3, "gap_stratum": 59.2, "burden": 73.6, "capacity": 5.4, "svi": 0.98, "top_decile_gap": 1.0, "stratum": "micropolitan", "scored": 1}, "geometry": {"type": "Polygon", "coordinates": [[[-103.0932, 32.7112], [-103.0933, 32.6967], [-103.1275, 32.6966], [-103.1276, 32.7112], [-103.0932, 32.7112]]]}}, {"type": "Feature", "properties": {"fips": "35043010729", "gap_national": 6.2, "gap_stratum": 9.9, "burden": 33.6, "capacity": 31.9, "svi": 0.21, "top_decile_gap": 0.0, "stratum": "metropolitan", "scored": 1}, "geometry": {"type": "Polygon", "coordinates": [[[-106.6381, 35.2742], [-106.6274, 35.2656], [-106.6314, 35.2568], [-106.665, 35.2581], [-106.6752, 35.2611], [-106.6809, 35.2654], [-106.687, 35.2727], [-106.6834, 35.2744], [-106.6381, 35.2742]]]}}, {"type": "Feature", "properties": {"fips": "35013001402", "gap_national": 80.6, "gap_stratum": 60.5, "burden": 79.8, "capacity": 8.9, "svi": 0.94, "top_decile_gap": 1.0, "stratum": "rural", "scored": 1}, "geometry": {"type": "Polygon", "coordinates": [[[-107.2995, 32.7799], [-107.293, 32.7704], [-107.2836, 32.764], [-107.2894, 32.7553], [-107.2842, 32.7466], [-107.2847, 32.7381], [-107.275, 32.7345], [-107.2712, 32.7257], [-107.2551, 32.7177], [-107.2563, 32.7081], [-107.2543, 32.7042], [-107.2362, 32.6954], [-107.2116, 32.6941], [-107.1968, 32.6826], [-107.1804, 32.6839], [-107.1609, 32.6775], [-107.1484, 32.6802], [-107.1393, 32.6792], [-107.12, 32.6681], [-107.1129, 32.6587], [-107.1058, 32.6544], [-107.093, 32.6569], [-107.0763, 32.655], [-107.0763, 32.6482], [-107.0874, 32.6535], [-107.0956, 32.6544], [-107.1079, 32.6499], [-107.1453, 32.661], [-107.1489, 32.6649], [-107.1677, 32.6629], [-107.1852, 32.6486], [-107.1969, 32.6448], [-107.2066, 32.6373], [-107.2447, 32.6174], [-107.2584, 32.6143], [-107.2995, 32.5958], [-107.2995, 32.7799]]]}}, {"type": "Feature", "properties": {"fips": "35001000720", "gap_national": -31.0, "gap_stratum": -25.2, "burden": 40.0, "capacity": 64.2, "svi": 0.17, "top_decile_gap": 0.0, "stratum": "metropolitan", "scored": 1}, "geometry": {"type": "Polygon", "coordinates": [[[-106.5109, 35.0569], [-106.5024, 35.0614], [-106.4951, 35.0609], [-106.4937, 35.0684], [-106.4807, 35.0628], [-106.4447, 35.0618], [-106.4444, 35.0591], [-106.4465, 35.0545], [-106.4509, 35.0552], [-106.4548, 35.0338], [-106.4593, 35.0264], [-106.4581, 35.023], [-106.4617, 35.0207], [-106.4605, 35.0171], [-106.4627, 35.0167], [-106.4628, 35.043], [-106.5089, 35.0428], [-106.5109, 35.0569]]]}}, {"type": "Feature", "properties": {"fips": "35061970307", "gap_national": 85.4, "gap_stratum": 87.9, "burden": 84.0, "capacity": 7.9, "svi": 0.88, "top_decile_gap": 1.0, "stratum": "metropolitan", "scored": 1}, "geometry": {"type": "Polygon", "coordinates": [[[-106.6623, 34.7736], [-106.6497, 34.7829], [-106.6523, 34.7976], [-106.6259, 34.7975], [-106.6131, 34.791], [-106.5644, 34.7899], [-106.5168, 34.7948], [-106.4852, 34.8049], [-106.4646, 34.808], [-106.4668, 34.7453], [-106.4792, 34.7444], [-106.4922, 34.7394], [-106.503, 34.741], [-106.5115, 34.7367], [-106.5148, 34.7299], [-106.5188, 34.7282], [-106.555, 34.7441], [-106.5528, 34.7589], [-106.6691, 34.7596], [-106.6623, 34.7736]]]}}, {"type": "Feature", "properties": {"fips": "35047957501", "gap_national": 66.7, "gap_stratum": 62.9, "burden": 84.4, "capacity": 29.1, "svi": 0.73, "top_decile_gap": 1.0, "stratum": "micropolitan", "scored": 1}, "geometry": {"type": "Polygon", "coordinates": [[[-105.3365, 35.3309], [-105.33, 35.3359], [-105.3312, 35.3392], [-105.3287, 35.3432], [-105.3143, 35.3483], [-105.3101, 35.3552], [-105.312, 35.382], [-105.3176, 35.3933], [-105.3222, 35.3927], [-105.3236, 35.3952], [-105.3181, 35.3991], [-105.2815, 35.4467], [-105.2744, 35.4797], [-105.2695, 35.492], [-105.2495, 35.5212], [-105.2351, 35.5277], [-105.2311, 35.532], [-105.2213, 35.5683], [-105.2124, 35.5757], [-105.2048, 35.5725], [-105.2048, 35.5651], [-105.187, 35.5651], [-105.187, 35.6004], [-105.1898, 35.5997], [-105.1927, 35.6041], [-105.1881, 35.6049], [-105.1869, 35.6198], [-105.1998, 35.6263], [-105.2046, 35.624], [-105.1843, 35.6663], [-105.1708, 35.6784], [-105.0922, 35.7036], [-105.0309, 35.7434], [-105.0266, 35.7481], [-105.0315, 35.7496], [-105.0223, 35.7546], [-105.0245, 35.759], [-105.0201, 35.7636], [-105.0188, 35.7694], [-105.0147, 35.7685], [-105.0073, 35.7712], [-104.7506, 35.7831], [-104.5463, 35.7837], [-104.5464, 35.7807], [-104.3857, 35.7788], [-104.0217, 35.7815], [-103.9769, 35.8017], [-103.7236, 35.4228], [-103.637, 35.4223], [-103.6371, 35.2408], [-103.8575, 35.2424], [-103.8577, 35.2641], [-104.1251, 35.1421], [-104.1251, 35.2157], [-105.291, 35.2165], [-105.2901, 35.2401], [-105.2811, 35.2431], [-105.2816, 35.2456], [-105.2734, 35.2498], [-105.277, 35.2497], [-105.2848, 35.2564], [-105.2855, 35.2617], [-105.289, 35.2654], [-105.2863, 35.2675], [-105.282, 35.2657], [-105.2782, 35.2698], [-105.2853, 35.2682], [-105.2915, 35.2712], [-105.2966, 35.2653], [-105.2978, 35.2682], [-105.3019, 35.2689], [-105.2999, 35.2712], [-105.3026, 35.278], [-105.3046, 35.2776], [-105.3061, 35.2722], [-105.3093, 35.2715], [-105.3067, 35.2796], [-105.3136, 35.2761], [-105.3197, 35.2764], [-105.3218, 35.2826], [-105.318, 35.2825], [-105.3157, 35.2876], [-105.3274, 35.2958], [-105.3253, 35.2997], [-105.3286, 35.3019], [-105.3287, 35.3077], [-105.3316, 35.3081], [-105.331, 35.3124], [-105.3367, 35.3215], [-105.3365, 35.3309]]]}}, {"type": "Feature", "properties": {"fips": "35013000901", "gap_national": 87.1, "gap_stratum": 87.0, "burden": 92.0, "capacity": 14.6, "svi": 1.0, "top_decile_gap": 1.0, "stratum": "metropolitan", "scored": 1}, "geometry": {"type": "Polygon", "coordinates": [[[-106.7586, 32.3001], [-106.7572, 32.2971], [-106.7629, 32.2951], [-106.7598, 32.2899], [-106.7749, 32.2849], [-106.7773, 32.2858], [-106.7748, 32.2878], [-106.7803, 32.297], [-106.7586, 32.3001]]]}}, {"type": "Feature", "properties": {"fips": "35015001002", "gap_national": 75.6, "gap_stratum": 62.7, "burden": 77.1, "capacity": 11.8, "svi": 0.93, "top_decile_gap": 1.0, "stratum": "micropolitan", "scored": 1}, "geometry": {"type": "Polygon", "coordinates": [[[-104.4298, 32.8863], [-104.4125, 32.8863], [-104.4126, 32.8716], [-104.3623, 32.8715], [-104.3608, 32.8427], [-104.3968, 32.8424], [-104.3964, 32.8392], [-104.4048, 32.8389], [-104.4048, 32.8422], [-104.4127, 32.8422], [-104.4127, 32.8535], [-104.4176, 32.8535], [-104.4175, 32.8571], [-104.4299, 32.8572], [-104.4298, 32.8863]]]}}, {"type": "Feature", "properties": {"fips": "35013001103", "gap_national": 32.7, "gap_stratum": 37.5, "burden": 63.7, "capacity": 38.9, "svi": 0.78, "top_decile_gap": 0.0, "stratum": "metropolitan", "scored": 1}, "geometry": {"type": "Polygon", "coordinates": [[[-106.8183, 32.2663], [-106.8137, 32.2607], [-106.8132, 32.2533], [-106.8026, 32.2597], [-106.8009, 32.2574], [-106.7783, 32.2687], [-106.7817, 32.273], [-106.7763, 32.276], [-106.7737, 32.2747], [-106.7751, 32.2788], [-106.7699, 32.2807], [-106.737, 32.2287], [-106.7576, 32.2291], [-106.7595, 32.2067], [-106.7664, 32.208], [-106.8117, 32.2378], [-106.8173, 32.2482], [-106.8188, 32.2574], [-106.8252, 32.2636], [-106.8183, 32.2663]]]}}, {"type": "Feature", "properties": {"fips": "35005000400", "gap_national": 89.3, "gap_stratum": 87.2, "burden": 90.4, "capacity": 10.4, "svi": 0.89, "top_decile_gap": 1.0, "stratum": "micropolitan", "scored": 1}, "geometry": {"type": "Polygon", "coordinates": [[[-104.5179, 33.4091], [-104.4911, 33.4339], [-104.4891, 33.4292], [-104.4819, 33.4298], [-104.4782, 33.4278], [-104.4789, 33.4234], [-104.4721, 33.4241], [-104.4645, 33.4162], [-104.4606, 33.416], [-104.4588, 33.4116], [-104.4665, 33.4083], [-104.47, 33.4092], [-104.4701, 33.3943], [-104.4881, 33.3942], [-104.4881, 33.3906], [-104.5174, 33.39], [-104.5196, 33.3998], [-104.5179, 33.4091]]]}}, {"type": "Feature", "properties": {"fips": "35049010400", "gap_national": -55.4, "gap_stratum": -49.8, "burden": 31.7, "capacity": 75.3, "svi": 0.34, "top_decile_gap": 0.0, "stratum": "metropolitan", "scored": 1}, "geometry": {"type": "Polygon", "coordinates": [[[-105.9368, 35.6642], [-105.9369, 35.6766], [-105.9254, 35.6684], [-105.9081, 35.6669], [-105.9105, 35.6687], [-105.8951, 35.6702], [-105.8952, 35.6885], [-105.8699, 35.6919], [-105.8582, 35.6878], [-105.8558, 35.6696], [-105.8577, 35.6626], [-105.8502, 35.6548], [-105.856, 35.6473], [-105.8548, 35.642], [-105.8569, 35.6348], [-105.8678, 35.6299], [-105.8762, 35.6311], [-105.8807, 35.627], [-105.8886, 35.6284], [-105.8968, 35.6191], [-105.9041, 35.6171], [-105.916, 35.6223], [-105.9198, 35.6213], [-105.9251, 35.6316], [-105.9305, 35.6362], [-105.9294, 35.6403], [-105.9388, 35.6546], [-105.9396, 35.6595], [-105.9368, 35.6642]]]}}, {"type": "Feature", "properties": {"fips": "35049010308", "gap_national": 57.1, "gap_stratum": 63.4, "burden": 64.2, "capacity": 16.4, "svi": 0.81, "top_decile_gap": 1.0, "stratum": "metropolitan", "scored": 1}, "geometry": {"type": "Polygon", "coordinates": [[[-106.2164, 35.5198], [-106.2077, 35.5211], [-106.1673, 35.5214], [-106.0622, 35.5904], [-106.0535, 35.588], [-106.0536, 35.5736], [-106.0721, 35.5735], [-106.0717, 35.5585], [-106.0537, 35.5589], [-106.0538, 35.5487], [-106.0691, 35.4772], [-106.07, 35.4543], [-106.077, 35.4507], [-106.083, 35.4357], [-106.0888, 35.4306], [-106.0937, 35.4296], [-106.1245, 35.4376], [-106.1309, 35.44], [-106.1383, 35.4466], [-106.1548, 35.4531], [-106.169, 35.4682], [-106.1881, 35.4758], [-106.2003, 35.4868], [-106.2177, 35.4958], [-106.2302, 35.4997], [-106.2306, 35.5136], [-106.2164, 35.5198]]]}}, {"type": "Feature", "properties": {"fips": "35011960100", "gap_national": 39.8, "gap_stratum": 30.0, "burden": 75.5, "capacity": 44.1, "svi": 0.65, "top_decile_gap": 0.0, "stratum": "rural", "scored": 1}, "geometry": {"type": "Polygon", "coordinates": [[[-104.892, 34.6044], [-104.4448, 34.605], [-104.4449, 34.6917], [-104.3397, 34.6922], [-104.3398, 34.7791], [-104.1291, 34.7793], [-104.1289, 34.6052], [-103.9488, 34.6051], [-103.9492, 34.2596], [-103.9457, 34.2596], [-103.946, 34.0825], [-104.1556, 34.0832], [-104.1563, 33.9954], [-104.7861, 34.0001], [-104.7864, 34.0877], [-104.8934, 34.0884], [-104.892, 34.6044]]]}}, {"type": "Feature", "properties": {"fips": "35001004402", "gap_national": 62.6, "gap_stratum": 68.4, "burden": 68.4, "capacity": 15.7, "svi": 0.85, "top_decile_gap": 1.0, "stratum": "metropolitan", "scored": 1}, "geometry": {"type": "Polygon", "coordinates": [[[-106.7073, 35.0514], [-106.6884, 35.0518], [-106.6918, 35.0405], [-106.6904, 35.0363], [-106.6924, 35.0363], [-106.6905, 35.0357], [-106.6898, 35.0267], [-106.7138, 35.0284], [-106.7073, 35.0514]]]}}, {"type": "Feature", "properties": {"fips": "35001002401", "gap_national": 77.0, "gap_stratum": 80.1, "burden": 80.4, "capacity": 14.1, "svi": 0.77, "top_decile_gap": 1.0, "stratum": "metropolitan", "scored": 1}, "geometry": {"type": "Polygon", "coordinates": [[[-106.7046, 35.1066], [-106.6923, 35.1065], [-106.6881, 35.0927], [-106.6812, 35.0891], [-106.6847, 35.0858], [-106.6986, 35.0826], [-106.6998, 35.0943], [-106.7096, 35.0944], [-106.7046, 35.1066]]]}}, {"type": "Feature", "properties": {"fips": "35001000129", "gap_national": 40.3, "gap_stratum": 46.7, "burden": 56.4, "capacity": 24.5, "svi": 0.66, "top_decile_gap": 0.0, "stratum": "metropolitan", "scored": 1}, "geometry": {"type": "Polygon", "coordinates": [[[-106.4976, 35.0948], [-106.4971, 35.0863], [-106.515, 35.0868], [-106.5153, 35.0936], [-106.4976, 35.0948]]]}}, {"type": "Feature", "properties": {"fips": "35001000119", "gap_national": -18.6, "gap_stratum": -16.5, "burden": 28.9, "capacity": 47.3, "svi": 0.19, "top_decile_gap": 0.0, "stratum": "metropolitan", "scored": 1}, "geometry": {"type": "Polygon", "coordinates": [[[-106.5688, 35.1235], [-106.551, 35.1236], [-106.5509, 35.1165], [-106.5689, 35.1164], [-106.5688, 35.1235]]]}}, {"type": "Feature", "properties": {"fips": "35061970401", "gap_national": 63.4, "gap_stratum": 68.2, "burden": 71.5, "capacity": 18.8, "svi": 0.94, "top_decile_gap": 1.0, "stratum": "metropolitan", "scored": 1}, "geometry": {"type": "Polygon", "coordinates": [[[-106.7296, 34.836], [-106.7161, 34.836], [-106.712, 34.8128], [-106.7283, 34.7946], [-106.7345, 34.7791], [-106.7416, 34.7821], [-106.7296, 34.836]]]}}, {"type": "Feature", "properties": {"fips": "35001940602", "gap_national": 93.1, "gap_stratum": 93.1, "burden": 94.3, "capacity": 9.2, "svi": 0.95, "top_decile_gap": 1.0, "stratum": "metropolitan", "scored": 1}, "geometry": {"type": "Polygon", "coordinates": [[[-106.7631, 35.218], [-106.7526, 35.2033], [-106.7541, 35.1998], [-106.7585, 35.1998], [-106.7585, 35.1942], [-106.7497, 35.196], [-106.7486, 35.1888], [-106.7498, 35.1843], [-106.7585, 35.1845], [-106.7588, 35.1798], [-106.7835, 35.1798], [-106.7861, 35.1762], [-106.7845, 35.166], [-106.7859, 35.1279], [-106.7971, 35.109], [-106.7979, 35.085], [-106.7967, 35.0782], [-106.7878, 35.0652], [-106.7918, 35.0632], [-106.7866, 35.0631], [-106.7857, 35.0599], [-106.8054, 34.9568], [-106.9457, 34.9574], [-106.9517, 34.953], [-106.9604, 34.9508], [-106.9638, 34.9529], [-106.9637, 34.9511], [-106.9689, 34.9494], [-106.9719, 34.9519], [-106.9813, 34.9524], [-106.9812, 34.947], [-106.9827, 34.9486], [-106.9992, 34.9363], [-107.0143, 34.9296], [-107.0174, 34.9266], [-107.0156, 34.9248], [-107.0211, 34.9223], [-107.021, 34.92], [-107.0245, 34.9204], [-107.0273, 34.9155], [-107.0342, 34.9131], [-107.032, 34.9062], [-107.0373, 34.9059], [-107.0307, 34.9023], [-107.0346, 34.8999], [-107.0294, 34.898], [-107.0298, 34.8932], [-107.0278, 34.8939], [-107.025, 34.887], [-107.0274, 34.886], [-107.0224, 34.8847], [-107.0257, 34.883], [-107.0239, 34.8805], [-107.0267, 34.8787], [-107.0236, 34.8766], [-107.0257, 34.8758], [-107.025, 34.871], [-107.1968, 35.2195], [-106.7631, 35.218]], [[-106.9965, 35.0155], [-106.9744, 35.0047], [-106.9666, 35.0138], [-106.9672, 35.0096], [-106.96, 35.0001], [-106.9269, 35.0001], [-106.927, 35.0117], [-106.9299, 35.0109], [-106.9296, 35.0148], [-106.9354, 35.0222], [-106.9391, 35.0216], [-106.9374, 35.0265], [-106.9402, 35.0276], [-106.9415, 35.0338], [-106.9216, 35.0384], [-106.9429, 35.0386], [-106.9462, 35.0444], [-106.9727, 35.0445], [-106.9725, 35.0326], [-106.9687, 35.0326], [-106.9679, 35.0297], [-107.0097, 35.0303], [-107.0098, 35.0155], [-106.9965, 35.0155]], [[-106.8647, 35.0045], [-106.8556, 35.0045], [-106.8552, 35.0106], [-106.8663, 35.0107], [-106.8647, 35.0045]]]}}, {"type": "Feature", "properties": {"fips": "35045000612", "gap_national": 69.0, "gap_stratum": 73.8, "burden": 73.2, "capacity": 14.6, "svi": 0.84, "top_decile_gap": 1.0, "stratum": "metropolitan", "scored": 1}, "geometry": {"type": "Polygon", "coordinates": [[[-108.0175, 36.8512], [-108.0133, 36.8455], [-108.0095, 36.8267], [-108.003, 36.8261], [-108.0065, 36.8203], [-108.0112, 36.8217], [-108.018, 36.8169], [-108.0258, 36.8168], [-108.0239, 36.8268], [-108.0357, 36.8243], [-108.0369, 36.8342], [-108.0425, 36.8435], [-108.0175, 36.8512]]]}}, {"type": "Feature", "properties": {"fips": "35045000402", "gap_national": 69.5, "gap_stratum": 73.0, "burden": 77.3, "capacity": 19.0, "svi": 0.93, "top_decile_gap": 1.0, "stratum": "metropolitan", "scored": 1}, "geometry": {"type": "Polygon", "coordinates": [[[-108.2504, 36.7373], [-108.2449, 36.7336], [-108.2019, 36.7339], [-108.2018, 36.7281], [-108.1909, 36.727], [-108.1999, 36.7254], [-108.2027, 36.7204], [-108.2074, 36.7212], [-108.207, 36.7231], [-108.2245, 36.7217], [-108.23, 36.7264], [-108.2479, 36.7246], [-108.2505, 36.7257], [-108.2516, 36.7295], [-108.2495, 36.7333], [-108.252, 36.7358], [-108.2504, 36.7373]]]}}, {"type": "Feature", "properties": {"fips": "35043940300", "gap_national": null, "gap_stratum": null, "burden": null, "capacity": null, "svi": null, "top_decile_gap": null, "stratum": null, "scored": 0}, "geometry": {"type": "Polygon", "coordinates": [[[-106.2483, 35.8557], [-106.2483, 35.8392], [-106.2506, 35.8411], [-106.2493, 35.8428], [-106.277, 35.8555], [-106.2483, 35.8557]]]}}]}