{"type": "FeatureCollection", "features": [{"type": "Feature", "properties": {"fips": "44001030100", "gap_national": -71.1, "gap_stratum": -66.0, "burden": 29.4, "capacity": 90.8, "svi": 0.31, "top_decile_gap": 0.0, "stratum": "metropolitan", "scored": 1}, "geometry": {"type": "Polygon", "coordinates": [[[-71.3318, 41.765], [-71.3304, 41.739], [-71.3332, 41.7336], [-71.3411, 41.7304], [-71.3411, 41.7348], [-71.3482, 41.742], [-71.3558, 41.7451], [-71.3539, 41.7513], [-71.3318, 41.765]]]}}, {"type": "Feature", "properties": {"fips": "44003021600", "gap_national": -57.2, "gap_stratum": -50.0, "burden": 42.7, "capacity": 94.8, "svi": 0.1, "top_decile_gap": 0.0, "stratum": "metropolitan", "scored": 1}, "geometry": {"type": "Polygon", "coordinates": [[[-71.391, 41.692], [-71.3792, 41.6954], [-71.3783, 41.6885], [-71.3712, 41.6895], [-71.3699, 41.6876], [-71.3734, 41.6786], [-71.373, 41.6726], [-71.3779, 41.6666], [-71.3899, 41.6719], [-71.3894, 41.6834], [-71.3915, 41.684], [-71.391, 41.692]]]}}, {"type": "Feature", "properties": {"fips": "44003020101", "gap_national": -36.8, "gap_stratum": -28.8, "burden": 49.3, "capacity": 76.9, "svi": 0.56, "top_decile_gap": 0.0, "stratum": "metropolitan", "scored": 1}, "geometry": {"type": "Polygon", "coordinates": [[[-71.533, 41.6798], [-71.5275, 41.6806], [-71.5238, 41.6841], [-71.5007, 41.685], [-71.4992, 41.6629], [-71.5334, 41.6622], [-71.533, 41.6798]]]}}, {"type": "Feature", "properties": {"fips": "44005040800", "gap_national": -49.2, "gap_stratum": -41.5, "burden": 46.1, "capacity": 86.7, "svi": 0.5, "top_decile_gap": 0.0, "stratum": "metropolitan", "scored": 1}, "geometry": {"type": "Polygon", "coordinates": [[[-71.2979, 41.4885], [-71.2953, 41.4862], [-71.2974, 41.4848], [-71.2971, 41.4758], [-71.3108, 41.4751], [-71.3129, 41.4867], [-71.2979, 41.4885]]]}}, {"type": "Feature", "properties": {"fips": "44007014100", "gap_national": -10.3, "gap_stratum": -4.5, "burden": 49.4, "capacity": 57.8, "svi": 0.86, "top_decile_gap": 0.0, "stratum": "metropolitan", "scored": 1}, "geometry": {"type": "Polygon", "coordinates": [[[-71.4523, 41.8061], [-71.4422, 41.8072], [-71.4365, 41.7884], [-71.434, 41.7863], [-71.4459, 41.7883], [-71.4484, 41.7933], [-71.4526, 41.7953], [-71.4523, 41.8061]]]}}, {"type": "Feature", "properties": {"fips": "44007010200", "gap_national": -17.3, "gap_stratum": -9.9, "burden": 57.8, "capacity": 69.0, "svi": 0.7, "top_decile_gap": 0.0, "stratum": "metropolitan", "scored": 1}, "geometry": {"type": "Polygon", "coordinates": [[[-71.3736, 41.8325], [-71.373, 41.8381], [-71.3651, 41.8386], [-71.36, 41.8335], [-71.3663, 41.8239], [-71.3629, 41.8228], [-71.3676, 41.8141], [-71.3856, 41.819], [-71.3736, 41.8325]]]}}, {"type": "Feature", "properties": {"fips": "44007000400", "gap_national": 38.2, "gap_stratum": 43.3, "burden": 63.7, "capacity": 34.5, "svi": 0.95, "top_decile_gap": 0.0, "stratum": "metropolitan", "scored": 1}, "geometry": {"type": "Polygon", "coordinates": [[[-71.4119, 41.8095], [-71.4134, 41.8066], [-71.4102, 41.8022], [-71.4174, 41.8004], [-71.4209, 41.81], [-71.4119, 41.8095]]]}}, {"type": "Feature", "properties": {"fips": "44007011800", "gap_national": -29.1, "gap_stratum": -21.2, "burden": 51.7, "capacity": 72.7, "svi": 0.72, "top_decile_gap": 0.0, "stratum": "metropolitan", "scored": 1}, "geometry": {"type": "Polygon", "coordinates": [[[-71.4382, 41.8766], [-71.4219, 41.8787], [-71.4174, 41.8597], [-71.435, 41.8618], [-71.4413, 41.8691], [-71.4382, 41.8766]]]}}, {"type": "Feature", "properties": {"fips": "44007011100", "gap_national": 47.8, "gap_stratum": 53.8, "burden": 62.4, "capacity": 23.9, "svi": 0.96, "top_decile_gap": 0.0, "stratum": "metropolitan", "scored": 1}, "geometry": {"type": "Polygon", "coordinates": [[[-71.4046, 41.8948], [-71.3989, 41.8866], [-71.3923, 41.8826], [-71.4037, 41.8811], [-71.4071, 41.8919], [-71.4046, 41.8948]]]}}, {"type": "Feature", "properties": {"fips": "44007001200", "gap_national": 39.0, "gap_stratum": 42.8, "burden": 69.5, "capacity": 39.4, "svi": 0.99, "top_decile_gap": 0.0, "stratum": "metropolitan", "scored": 1}, "geometry": {"type": "Polygon", "coordinates": [[[-71.4223, 41.8174], [-71.4207, 41.8153], [-71.4246, 41.8088], [-71.428, 41.8091], [-71.4313, 41.8166], [-71.4223, 41.8174]]]}}, {"type": "Feature", "properties": {"fips": "44007002300", "gap_national": -45.7, "gap_stratum": -44.8, "burden": 19.4, "capacity": 58.3, "svi": 0.38, "top_decile_gap": 0.0, "stratum": "metropolitan", "scored": 1}, "geometry": {"type": "Polygon", "coordinates": [[[-71.4406, 41.8406], [-71.4405, 41.8431], [-71.4285, 41.841], [-71.4302, 41.8342], [-71.4445, 41.8324], [-71.4452, 41.8426], [-71.4406, 41.8406]]]}}, {"type": "Feature", "properties": {"fips": "44007003200", "gap_national": -74.8, "gap_stratum": -74.0, "burden": 9.8, "capacity": 71.9, "svi": 0.05, "top_decile_gap": 0.0, "stratum": "metropolitan", "scored": 1}, "geometry": {"type": "Polygon", "coordinates": [[[-71.4052, 41.8468], [-71.3913, 41.8466], [-71.3926, 41.8413], [-71.408, 41.842], [-71.4052, 41.8468]]]}}, {"type": "Feature", "properties": {"fips": "44007012103", "gap_national": -28.4, "gap_stratum": -20.6, "burden": 62.2, "capacity": 83.9, "svi": 0.62, "top_decile_gap": 0.0, "stratum": "metropolitan", "scored": 1}, "geometry": {"type": "Polygon", "coordinates": [[[-71.4713, 41.867], [-71.4633, 41.8613], [-71.48, 41.8587], [-71.4805, 41.8638], [-71.4823, 41.8639], [-71.4713, 41.867]]]}}, {"type": "Feature", "properties": {"fips": "44007001602", "gap_national": 4.6, "gap_stratum": 7.8, "burden": 30.5, "capacity": 30.1, "svi": 0.7, "top_decile_gap": 0.0, "stratum": "metropolitan", "scored": 1}, "geometry": {"type": "Polygon", "coordinates": [[[-71.4508, 41.8137], [-71.4493, 41.8106], [-71.4434, 41.8122], [-71.4413, 41.8048], [-71.4422, 41.8072], [-71.4523, 41.8061], [-71.4554, 41.8132], [-71.4508, 41.8137]]]}}, {"type": "Feature", "properties": {"fips": "44005040303", "gap_national": -41.5, "gap_stratum": -35.8, "burden": 36.1, "capacity": 68.4, "svi": 0.38, "top_decile_gap": 0.0, "stratum": "metropolitan", "scored": 1}, "geometry": {"type": "Polygon", "coordinates": [[[-71.3022, 41.546], [-71.3006, 41.5501], [-71.3066, 41.5543], [-71.3016, 41.562], [-71.2908, 41.5542], [-71.2916, 41.5385], [-71.2974, 41.5258], [-71.3051, 41.5257], [-71.3075, 41.5282], [-71.3068, 41.5302], [-71.3018, 41.531], [-71.3017, 41.5338], [-71.3088, 41.5386], [-71.3073, 41.5431], [-71.3093, 41.5463], [-71.3074, 41.5486], [-71.3022, 41.546]]]}}, {"type": "Feature", "properties": {"fips": "44005040302", "gap_national": -29.1, "gap_stratum": -21.0, "burden": 59.0, "capacity": 80.3, "svi": 0.63, "top_decile_gap": 0.0, "stratum": "metropolitan", "scored": 1}, "geometry": {"type": "Polygon", "coordinates": [[[-71.3002, 41.5182], [-71.3008, 41.5163], [-71.2933, 41.5189], [-71.2892, 41.5059], [-71.2949, 41.5019], [-71.2943, 41.4983], [-71.3105, 41.5194], [-71.3002, 41.5182]]]}}, {"type": "Feature", "properties": {"fips": "44005040600", "gap_national": -53.9, "gap_stratum": -49.5, "burden": 28.1, "capacity": 70.7, "svi": 0.43, "top_decile_gap": 0.0, "stratum": "metropolitan", "scored": 1}, "geometry": {"type": "Polygon", "coordinates": [[[-71.3076, 41.4992], [-71.3092, 41.5035], [-71.3047, 41.5074], [-71.3004, 41.5046], [-71.3007, 41.5002], [-71.3052, 41.4992], [-71.3022, 41.4954], [-71.3068, 41.4917], [-71.3099, 41.4935], [-71.3153, 41.4909], [-71.3157, 41.4939], [-71.3076, 41.4992]]]}}, {"type": "Feature", "properties": {"fips": "44007002600", "gap_national": 26.9, "gap_stratum": 32.3, "burden": 57.4, "capacity": 37.7, "svi": 0.84, "top_decile_gap": 0.0, "stratum": "metropolitan", "scored": 1}, "geometry": {"type": "Polygon", "coordinates": [[[-71.4237, 41.8378], [-71.4178, 41.8406], [-71.4154, 41.8362], [-71.4174, 41.832], [-71.4304, 41.8362], [-71.4285, 41.841], [-71.4237, 41.8378]]]}}, {"type": "Feature", "properties": {"fips": "44007003700", "gap_national": -46.3, "gap_stratum": -48.3, "burden": 6.6, "capacity": 50.9, "svi": 0.48, "top_decile_gap": 0.0, "stratum": "metropolitan", "scored": 1}, "geometry": {"type": "Polygon", "coordinates": [[[-71.4032, 41.8221], [-71.3828, 41.8227], [-71.3871, 41.8164], [-71.3929, 41.8151], [-71.395, 41.8108], [-71.398, 41.8103], [-71.4059, 41.8232], [-71.4032, 41.8221]]]}}, {"type": "Feature", "properties": {"fips": "44007017500", "gap_national": -13.5, "gap_stratum": -6.9, "burden": 52.6, "capacity": 62.3, "svi": 0.68, "top_decile_gap": 0.0, "stratum": "metropolitan", "scored": 1}, "geometry": {"type": "Polygon", "coordinates": [[[-71.5252, 41.9979], [-71.5211, 41.9933], [-71.5178, 41.9942], [-71.5185, 41.9925], [-71.5148, 41.9905], [-71.5158, 41.9833], [-71.5318, 41.9896], [-71.5332, 41.9934], [-71.5252, 41.9979]]]}}, {"type": "Feature", "properties": {"fips": "44007018200", "gap_national": -5.4, "gap_stratum": -1.8, "burden": 36.9, "capacity": 44.5, "svi": 0.6, "top_decile_gap": 0.0, "stratum": "metropolitan", "scored": 1}, "geometry": {"type": "Polygon", "coordinates": [[[-71.4933, 42.0149], [-71.4954, 42.0137], [-71.4918, 42.0156], [-71.4925, 42.0113], [-71.4897, 42.0075], [-71.4999, 42.0078], [-71.5002, 42.0153], [-71.4933, 42.0149]]]}}, {"type": "Feature", "properties": {"fips": "44001030300", "gap_national": -79.8, "gap_stratum": -76.6, "burden": 20.1, "capacity": 87.7, "svi": 0.04, "top_decile_gap": 0.0, "stratum": "metropolitan", "scored": 1}, "geometry": {"type": "Polygon", "coordinates": [[[-71.3179, 41.7762], [-71.2844, 41.762], [-71.2895, 41.7326], [-71.2941, 41.7331], [-71.2994, 41.7414], [-71.3073, 41.743], [-71.3174, 41.75], [-71.3199, 41.7745], [-71.3179, 41.7762]]]}}, {"type": "Feature", "properties": {"fips": "44001030602", "gap_national": -39.9, "gap_stratum": -31.7, "burden": 55.4, "capacity": 89.1, "svi": 0.35, "top_decile_gap": 0.0, "stratum": "metropolitan", "scored": 1}, "geometry": {"type": "Polygon", "coordinates": [[[-71.2893, 41.716], [-71.2875, 41.7238], [-71.2701, 41.7254], [-71.2697, 41.7292], [-71.2624, 41.7293], [-71.2634, 41.7239], [-71.2555, 41.7146], [-71.2914, 41.7096], [-71.294, 41.7103], [-71.2893, 41.716]]]}}, {"type": "Feature", "properties": {"fips": "44003021700", "gap_national": -26.1, "gap_stratum": -18.0, "burden": 56.2, "capacity": 74.5, "svi": 0.24, "top_decile_gap": 0.0, "stratum": "metropolitan", "scored": 1}, "geometry": {"type": "Polygon", "coordinates": [[[-71.4176, 41.7056], [-71.4018, 41.7013], [-71.387, 41.7014], [-71.3857, 41.6973], [-71.391, 41.692], [-71.3915, 41.684], [-71.4013, 41.6835], [-71.4072, 41.6945], [-71.4143, 41.6978], [-71.4203, 41.7041], [-71.4176, 41.7056]]]}}, {"type": "Feature", "properties": {"fips": "44007014200", "gap_national": 3.6, "gap_stratum": 7.5, "burden": 37.3, "capacity": 37.8, "svi": 0.37, "top_decile_gap": 0.0, "stratum": "metropolitan", "scored": 1}, "geometry": {"type": "Polygon", "coordinates": [[[-71.4741, 41.7417], [-71.4602, 41.7585], [-71.4519, 41.75], [-71.4465, 41.7489], [-71.444, 41.7433], [-71.4447, 41.7402], [-71.4537, 41.7374], [-71.4528, 41.7343], [-71.4553, 41.7324], [-71.4839, 41.7316], [-71.4741, 41.7417]]]}}, {"type": "Feature", "properties": {"fips": "44007011200", "gap_national": -19.9, "gap_stratum": -12.6, "burden": 53.6, "capacity": 67.5, "svi": 0.74, "top_decile_gap": 0.0, "stratum": "metropolitan", "scored": 1}, "geometry": {"type": "Polygon", "coordinates": [[[-71.4, 41.9148], [-71.3953, 41.9174], [-71.3964, 41.9192], [-71.3849, 41.9199], [-71.3861, 41.9171], [-71.3817, 41.9156], [-71.3817, 41.8971], [-71.3883, 41.8998], [-71.3943, 41.8977], [-71.4007, 41.9018], [-71.3972, 41.9104], [-71.403, 41.9114], [-71.4051, 41.9164], [-71.4, 41.9148]]]}}, {"type": "Feature", "properties": {"fips": "44007016000", "gap_national": -16.9, "gap_stratum": -11.6, "burden": 43.9, "capacity": 57.9, "svi": 0.81, "top_decile_gap": 0.0, "stratum": "metropolitan", "scored": 1}, "geometry": {"type": "Polygon", "coordinates": [[[-71.3802, 41.8879], [-71.3831, 41.8899], [-71.3815, 41.8932], [-71.3765, 41.894], [-71.3788, 41.8912], [-71.3787, 41.8853], [-71.367, 41.8852], [-71.3649, 41.8805], [-71.3834, 41.8766], [-71.3802, 41.8879]]]}}, {"type": "Feature", "properties": {"fips": "44007017000", "gap_national": -31.4, "gap_stratum": -23.3, "burden": 53.9, "capacity": 76.7, "svi": 0.73, "top_decile_gap": 0.0, "stratum": "metropolitan", "scored": 1}, "geometry": {"type": "Polygon", "coordinates": [[[-71.3544, 41.8702], [-71.3544, 41.8664], [-71.3406, 41.8659], [-71.3395, 41.8639], [-71.3414, 41.8607], [-71.3637, 41.8585], [-71.3644, 41.8704], [-71.3544, 41.8702]]]}}, {"type": "Feature", "properties": {"fips": "44007000200", "gap_national": 14.4, "gap_stratum": 19.5, "burden": 57.4, "capacity": 47.4, "svi": 0.86, "top_decile_gap": 0.0, "stratum": "metropolitan", "scored": 1}, "geometry": {"type": "Polygon", "coordinates": [[[-71.426, 41.7978], [-71.4174, 41.8004], [-71.4094, 41.794], [-71.4217, 41.7862], [-71.426, 41.7978]]]}}, {"type": "Feature", "properties": {"fips": "44007012402", "gap_national": -52.3, "gap_stratum": -45.4, "burden": 38.6, "capacity": 80.0, "svi": 0.21, "top_decile_gap": 0.0, "stratum": "metropolitan", "scored": 1}, "geometry": {"type": "Polygon", "coordinates": [[[-71.4858, 41.8175], [-71.4709, 41.8219], [-71.4666, 41.8107], [-71.4687, 41.8106], [-71.4668, 41.8078], [-71.4692, 41.8049], [-71.4671, 41.8045], [-71.4728, 41.8017], [-71.4763, 41.8053], [-71.4898, 41.8049], [-71.4942, 41.8087], [-71.4967, 41.8172], [-71.4858, 41.8175]]]}}, {"type": "Feature", "properties": {"fips": "44007003300", "gap_national": -78.5, "gap_stratum": -75.4, "burden": 19.6, "capacity": 85.0, "svi": 0.3, "top_decile_gap": 0.0, "stratum": "metropolitan", "scored": 1}, "geometry": {"type": "Polygon", "coordinates": [[[-71.4055, 41.8567], [-71.3911, 41.8569], [-71.3889, 41.8528], [-71.3933, 41.8468], [-71.4052, 41.8468], [-71.408, 41.842], [-71.4112, 41.846], [-71.4105, 41.8511], [-71.4055, 41.8567]]]}}, {"type": "Feature", "properties": {"fips": "44007015300", "gap_national": 40.6, "gap_stratum": 42.8, "burden": 76.0, "capacity": 43.9, "svi": 0.94, "top_decile_gap": 0.0, "stratum": "metropolitan", "scored": 1}, "geometry": {"type": "Polygon", "coordinates": [[[-71.3765, 41.894], [-71.3712, 41.8946], [-71.3763, 41.8845], [-71.3787, 41.8853], [-71.3788, 41.8912], [-71.3765, 41.894]]]}}, {"type": "Feature", "properties": {"fips": "44007011000", "gap_national": 69.7, "gap_stratum": 71.1, "burden": 83.1, "capacity": 25.0, "svi": 0.91, "top_decile_gap": 1.0, "stratum": "metropolitan", "scored": 1}, "geometry": {"type": "Polygon", "coordinates": [[[-71.3972, 41.8968], [-71.3909, 41.8887], [-71.3974, 41.8851], [-71.4046, 41.8948], [-71.3972, 41.8968]]]}}, {"type": "Feature", "properties": {"fips": "44007000700", "gap_national": 49.0, "gap_stratum": 47.2, "burden": 91.4, "capacity": 48.3, "svi": 0.96, "top_decile_gap": 0.0, "stratum": "metropolitan", "scored": 1}, "geometry": {"type": "Polygon", "coordinates": [[[-71.4183, 41.819], [-71.4119, 41.8151], [-71.4137, 41.8149], [-71.4112, 41.8102], [-71.421, 41.8098], [-71.4223, 41.8174], [-71.4183, 41.819]]]}}, {"type": "Feature", "properties": {"fips": "44007001000", "gap_national": 11.8, "gap_stratum": 16.6, "burden": 43.2, "capacity": 36.6, "svi": 0.73, "top_decile_gap": 0.0, "stratum": "metropolitan", "scored": 1}, "geometry": {"type": "Polygon", "coordinates": [[[-71.4359, 41.8225], [-71.4323, 41.824], [-71.4305, 41.8167], [-71.4395, 41.816], [-71.4359, 41.8225]]]}}, {"type": "Feature", "properties": {"fips": "44003020603", "gap_national": -20.2, "gap_stratum": -13.2, "burden": 68.6, "capacity": 83.2, "svi": 0.33, "top_decile_gap": 0.0, "stratum": "metropolitan", "scored": 1}, "geometry": {"type": "Polygon", "coordinates": [[[-71.5822, 41.6681], [-71.5808, 41.679], [-71.549, 41.6854], [-71.5401, 41.6802], [-71.533, 41.6798], [-71.5334, 41.6622], [-71.5898, 41.6605], [-71.5822, 41.6681]]]}}, {"type": "Feature", "properties": {"fips": "44003021401", "gap_national": -52.1, "gap_stratum": -44.9, "burden": 40.6, "capacity": 82.5, "svi": 0.21, "top_decile_gap": 0.0, "stratum": "metropolitan", "scored": 1}, "geometry": {"type": "Polygon", "coordinates": [[[-71.4147, 41.729], [-71.4166, 41.7331], [-71.4137, 41.7353], [-71.4077, 41.7352], [-71.3991, 41.7126], [-71.4071, 41.7098], [-71.4131, 41.713], [-71.4172, 41.7224], [-71.421, 41.7246], [-71.4202, 41.7275], [-71.4147, 41.729]]]}}, {"type": "Feature", "properties": {"fips": "44009050104", "gap_national": -69.8, "gap_stratum": -64.3, "burden": 31.3, "capacity": 92.9, "svi": 0.14, "top_decile_gap": 0.0, "stratum": "metropolitan", "scored": 1}, "geometry": {"type": "Polygon", "coordinates": [[[-71.4624, 41.6384], [-71.4591, 41.6379], [-71.4514, 41.6295], [-71.4489, 41.6325], [-71.4493, 41.6367], [-71.44, 41.6476], [-71.4239, 41.6539], [-71.4089, 41.6538], [-71.4076, 41.6343], [-71.4125, 41.6333], [-71.4117, 41.6312], [-71.4243, 41.6195], [-71.4411, 41.617], [-71.4451, 41.6204], [-71.4561, 41.618], [-71.4577, 41.6146], [-71.4585, 41.6231], [-71.4678, 41.6342], [-71.4624, 41.6384]]]}}, {"type": "Feature", "properties": {"fips": "44005040304", "gap_national": -39.8, "gap_stratum": -32.1, "burden": 46.0, "capacity": 76.1, "svi": 0.75, "top_decile_gap": 0.0, "stratum": "metropolitan", "scored": 1}, "geometry": {"type": "Polygon", "coordinates": [[[-71.2916, 41.5385], [-71.2908, 41.5542], [-71.2657, 41.5383], [-71.2759, 41.5262], [-71.3008, 41.5163], [-71.2916, 41.5385]]]}}, {"type": "Feature", "properties": {"fips": "44007002801", "gap_national": 4.0, "gap_stratum": 8.9, "burden": 48.5, "capacity": 47.4, "svi": 0.87, "top_decile_gap": 0.0, "stratum": "metropolitan", "scored": 1}, "geometry": {"type": "Polygon", "coordinates": [[[-71.443, 41.8566], [-71.429, 41.8461], [-71.4436, 41.8509], [-71.4467, 41.8541], [-71.443, 41.8566]]]}}, {"type": "Feature", "properties": {"fips": "44003021200", "gap_national": -38.7, "gap_stratum": -30.8, "burden": 47.2, "capacity": 76.4, "svi": 0.38, "top_decile_gap": 0.0, "stratum": "metropolitan", "scored": 1}, "geometry": {"type": "Polygon", "coordinates": [[[-71.4183, 41.7509], [-71.4048, 41.7603], [-71.4041, 41.7496], [-71.4081, 41.7374], [-71.4171, 41.7367], [-71.4174, 41.7413], [-71.4218, 41.7415], [-71.4274, 41.7455], [-71.4183, 41.7509]]]}}, {"type": "Feature", "properties": {"fips": "44007001800", "gap_national": 31.9, "gap_stratum": 37.5, "burden": 57.6, "capacity": 33.7, "svi": 0.93, "top_decile_gap": 0.0, "stratum": "metropolitan", "scored": 1}, "geometry": {"type": "Polygon", "coordinates": [[[-71.4544, 41.8216], [-71.4486, 41.8171], [-71.4616, 41.8122], [-71.4649, 41.8059], [-71.4692, 41.8049], [-71.4668, 41.8078], [-71.4687, 41.8106], [-71.4666, 41.8107], [-71.4709, 41.8219], [-71.4544, 41.8216]]]}}, {"type": "Feature", "properties": {"fips": "44005041000", "gap_national": -52.3, "gap_stratum": -49.5, "burden": 23.0, "capacity": 65.4, "svi": 0.5, "top_decile_gap": 0.0, "stratum": "metropolitan", "scored": 1}, "geometry": {"type": "Polygon", "coordinates": [[[-71.3117, 41.4918], [-71.3131, 41.4849], [-71.3108, 41.4751], [-71.3186, 41.4746], [-71.3191, 41.4769], [-71.3165, 41.4776], [-71.3195, 41.4879], [-71.3117, 41.4918]]]}}, {"type": "Feature", "properties": {"fips": "44007014300", "gap_national": -67.7, "gap_stratum": -61.9, "burden": 33.4, "capacity": 94.0, "svi": 0.44, "top_decile_gap": 0.0, "stratum": "metropolitan", "scored": 1}, "geometry": {"type": "Polygon", "coordinates": [[[-71.4611, 41.7835], [-71.4561, 41.7843], [-71.4526, 41.7795], [-71.4538, 41.7707], [-71.4614, 41.7631], [-71.4719, 41.7632], [-71.4722, 41.7702], [-71.4611, 41.7835]]]}}, {"type": "Feature", "properties": {"fips": "44007013500", "gap_national": -38.3, "gap_stratum": -36.6, "burden": 24.1, "capacity": 57.0, "svi": 0.74, "top_decile_gap": 0.0, "stratum": "metropolitan", "scored": 1}, "geometry": {"type": "Polygon", "coordinates": [[[-71.4088, 41.7781], [-71.4038, 41.781], [-71.4043, 41.7858], [-71.3825, 41.7851], [-71.3906, 41.7837], [-71.3912, 41.7798], [-71.4004, 41.778], [-71.404, 41.7732], [-71.4119, 41.7724], [-71.4088, 41.7781]]]}}, {"type": "Feature", "properties": {"fips": "44007018300", "gap_national": 21.4, "gap_stratum": 26.3, "burden": 60.5, "capacity": 44.8, "svi": 0.8, "top_decile_gap": 0.0, "stratum": "metropolitan", "scored": 1}, "geometry": {"type": "Polygon", "coordinates": [[[-71.5007, 42.0095], [-71.4988, 42.0072], [-71.4917, 42.0081], [-71.4875, 42.0057], [-71.4987, 42.0049], [-71.4982, 42.0031], [-71.5024, 42.0077], [-71.5007, 42.0095]]]}}, {"type": "Feature", "properties": {"fips": "44007001400", "gap_national": 55.8, "gap_stratum": 59.5, "burden": 73.4, "capacity": 28.8, "svi": 0.98, "top_decile_gap": 1.0, "stratum": "metropolitan", "scored": 1}, "geometry": {"type": "Polygon", "coordinates": [[[-71.4334, 41.8096], [-71.4296, 41.8126], [-71.428, 41.8091], [-71.4318, 41.8005], [-71.4399, 41.8034], [-71.4417, 41.8084], [-71.4334, 41.8096]]]}}, {"type": "Feature", "properties": {"fips": "44005041601", "gap_national": -38.9, "gap_stratum": -31.8, "burden": 43.1, "capacity": 72.6, "svi": 0.32, "top_decile_gap": 0.0, "stratum": "metropolitan", "scored": 1}, "geometry": {"type": "Polygon", "coordinates": [[[-71.1956, 41.6751], [-71.176, 41.6714], [-71.1799, 41.6601], [-71.1903, 41.6615], [-71.192, 41.6588], [-71.2037, 41.6608], [-71.1956, 41.6751]]]}}, {"type": "Feature", "properties": {"fips": "44007015600", "gap_national": -13.0, "gap_stratum": -7.0, "burden": 49.4, "capacity": 59.5, "svi": 0.39, "top_decile_gap": 0.0, "stratum": "metropolitan", "scored": 1}, "geometry": {"type": "Polygon", "coordinates": [[[-71.3623, 41.8894], [-71.354, 41.8942], [-71.3541, 41.8879], [-71.3676, 41.8863], [-71.3623, 41.8894]]]}}, {"type": "Feature", "properties": {"fips": "44007013600", "gap_national": -54.8, "gap_stratum": -50.9, "burden": 26.1, "capacity": 69.6, "svi": 0.35, "top_decile_gap": 0.0, "stratum": "metropolitan", "scored": 1}, "geometry": {"type": "Polygon", "coordinates": [[[-71.4238, 41.7773], [-71.4105, 41.772], [-71.404, 41.7732], [-71.4052, 41.7676], [-71.4107, 41.7666], [-71.4144, 41.763], [-71.4201, 41.7617], [-71.4187, 41.7641], [-71.422, 41.7646], [-71.4299, 41.7608], [-71.4238, 41.7773]]]}}, {"type": "Feature", "properties": {"fips": "44003021402", "gap_national": -23.0, "gap_stratum": -15.1, "burden": 59.7, "capacity": 75.3, "svi": 0.55, "top_decile_gap": 0.0, "stratum": "metropolitan", "scored": 1}, "geometry": {"type": "Polygon", "coordinates": [[[-71.3819, 41.7235], [-71.3847, 41.7162], [-71.3941, 41.7201], [-71.4016, 41.7181], [-71.407, 41.7335], [-71.3819, 41.7235]]]}}, {"type": "Feature", "properties": {"fips": "44005041602", "gap_national": -54.2, "gap_stratum": -46.6, "burden": 45.3, "capacity": 94.6, "svi": 0.18, "top_decile_gap": 0.0, "stratum": "metropolitan", "scored": 1}, "geometry": {"type": "Polygon", "coordinates": [[[-71.2139, 41.6391], [-71.2118, 41.6391], [-71.2037, 41.6608], [-71.192, 41.6588], [-71.1903, 41.6615], [-71.1799, 41.6601], [-71.1874, 41.6415], [-71.1865, 41.6296], [-71.192, 41.6294], [-71.1971, 41.6231], [-71.2015, 41.6229], [-71.2072, 41.6176], [-71.212, 41.6198], [-71.2118, 41.6235], [-71.2167, 41.6256], [-71.2139, 41.6391]]]}}, {"type": "Feature", "properties": {"fips": "44007017900", "gap_national": 47.1, "gap_stratum": 49.5, "burden": 76.0, "capacity": 38.7, "svi": 0.96, "top_decile_gap": 0.0, "stratum": "metropolitan", "scored": 1}, "geometry": {"type": "Polygon", "coordinates": [[[-71.5033, 42.0067], [-71.4982, 42.0031], [-71.4982, 41.9981], [-71.5079, 41.9985], [-71.5133, 42.0002], [-71.5033, 42.0067]]]}}, {"type": "Feature", "properties": {"fips": "44003021800", "gap_national": -23.8, "gap_stratum": -15.8, "burden": 58.5, "capacity": 74.8, "svi": 0.55, "top_decile_gap": 0.0, "stratum": "metropolitan", "scored": 1}, "geometry": {"type": "Polygon", "coordinates": [[[-71.3991, 41.7126], [-71.4016, 41.7181], [-71.3941, 41.7201], [-71.3847, 41.7162], [-71.3868, 41.714], [-71.3811, 41.7107], [-71.3845, 41.7035], [-71.3896, 41.7006], [-71.4177, 41.7058], [-71.3991, 41.7126]]]}}, {"type": "Feature", "properties": {"fips": "44007016400", "gap_national": 48.0, "gap_stratum": 50.6, "burden": 75.4, "capacity": 37.5, "svi": 0.94, "top_decile_gap": 0.0, "stratum": "metropolitan", "scored": 1}, "geometry": {"type": "Polygon", "coordinates": [[[-71.4021, 41.8674], [-71.3882, 41.8697], [-71.3996, 41.8568], [-71.4055, 41.8567], [-71.4021, 41.8674]]]}}, {"type": "Feature", "properties": {"fips": "44007015400", "gap_national": 4.2, "gap_stratum": 8.6, "burden": 42.9, "capacity": 42.4, "svi": 0.79, "top_decile_gap": 0.0, "stratum": "metropolitan", "scored": 1}, "geometry": {"type": "Polygon", "coordinates": [[[-71.3722, 41.8925], [-71.367, 41.8852], [-71.3763, 41.8845], [-71.3722, 41.8925]]]}}, {"type": "Feature", "properties": {"fips": "44007016100", "gap_national": 30.2, "gap_stratum": 36.1, "burden": 54.6, "capacity": 32.1, "svi": 0.84, "top_decile_gap": 0.0, "stratum": "metropolitan", "scored": 1}, "geometry": {"type": "Polygon", "coordinates": [[[-71.3968, 41.876], [-71.3894, 41.8803], [-71.3876, 41.8735], [-71.3847, 41.8734], [-71.3882, 41.8697], [-71.4021, 41.8674], [-71.3968, 41.876]]]}}, {"type": "Feature", "properties": {"fips": "44007010800", "gap_national": 44.7, "gap_stratum": 49.2, "burden": 68.4, "capacity": 33.6, "svi": 0.98, "top_decile_gap": 0.0, "stratum": "metropolitan", "scored": 1}, "geometry": {"type": "Polygon", "coordinates": [[[-71.3816, 41.8927], [-71.3831, 41.8899], [-71.3802, 41.8879], [-71.381, 41.8841], [-71.3915, 41.8827], [-71.3961, 41.8858], [-71.3816, 41.8927]]]}}, {"type": "Feature", "properties": {"fips": "44007003601", "gap_national": -22.5, "gap_stratum": -24.1, "burden": 4.9, "capacity": 31.5, "svi": 0.4, "top_decile_gap": 0.0, "stratum": "metropolitan", "scored": 1}, "geometry": {"type": "Polygon", "coordinates": [[[-71.3965, 41.8354], [-71.391, 41.8296], [-71.3905, 41.8265], [-71.3938, 41.8263], [-71.3942, 41.8228], [-71.4, 41.8224], [-71.4015, 41.8348], [-71.3965, 41.8354]]]}}, {"type": "Feature", "properties": {"fips": "44007017800", "gap_national": 19.6, "gap_stratum": 23.8, "burden": 67.7, "capacity": 52.1, "svi": 0.98, "top_decile_gap": 0.0, "stratum": "metropolitan", "scored": 1}, "geometry": {"type": "Polygon", "coordinates": [[[-71.512, 42.0001], [-71.4982, 41.9981], [-71.4965, 41.9959], [-71.5106, 41.9947], [-71.5171, 41.9958], [-71.519, 41.9983], [-71.512, 42.0001]]]}}, {"type": "Feature", "properties": {"fips": "44007012102", "gap_national": -47.0, "gap_stratum": -42.2, "burden": 31.2, "capacity": 68.3, "svi": 0.61, "top_decile_gap": 0.0, "stratum": "metropolitan", "scored": 1}, "geometry": {"type": "Polygon", "coordinates": [[[-71.4814, 41.8565], [-71.4752, 41.8548], [-71.4734, 41.85], [-71.471, 41.8505], [-71.4678, 41.8462], [-71.4687, 41.8393], [-71.4725, 41.837], [-71.4733, 41.839], [-71.4772, 41.8379], [-71.481, 41.8508], [-71.4861, 41.8543], [-71.4814, 41.8565]]]}}, {"type": "Feature", "properties": {"fips": "44007002101", "gap_national": -13.0, "gap_stratum": -8.4, "burden": 41.9, "capacity": 53.9, "svi": 0.54, "top_decile_gap": 0.0, "stratum": "metropolitan", "scored": 1}, "geometry": {"type": "Polygon", "coordinates": [[[-71.4516, 41.8387], [-71.4449, 41.839], [-71.4445, 41.8324], [-71.4528, 41.8324], [-71.4516, 41.8387]]]}}, {"type": "Feature", "properties": {"fips": "44007016600", "gap_national": -28.6, "gap_stratum": -22.4, "burden": 42.5, "capacity": 64.6, "svi": 0.67, "top_decile_gap": 0.0, "stratum": "metropolitan", "scored": 1}, "geometry": {"type": "Polygon", "coordinates": [[[-71.3846, 41.8726], [-71.3804, 41.8685], [-71.3767, 41.8575], [-71.3837, 41.8571], [-71.3839, 41.8653], [-71.3912, 41.8664], [-71.3846, 41.8726]]]}}, {"type": "Feature", "properties": {"fips": "44007001601", "gap_national": 39.3, "gap_stratum": 45.1, "burden": 60.3, "capacity": 29.9, "svi": 0.92, "top_decile_gap": 0.0, "stratum": "metropolitan", "scored": 1}, "geometry": {"type": "Polygon", "coordinates": [[[-71.4499, 41.8173], [-71.4395, 41.816], [-71.4408, 41.8086], [-71.4434, 41.8122], [-71.4493, 41.8106], [-71.4508, 41.8137], [-71.4555, 41.8132], [-71.4558, 41.8153], [-71.4499, 41.8173]]]}}, {"type": "Feature", "properties": {"fips": "44007012802", "gap_national": -64.5, "gap_stratum": -58.4, "burden": 34.9, "capacity": 90.5, "svi": 0.32, "top_decile_gap": 0.0, "stratum": "metropolitan", "scored": 1}, "geometry": {"type": "Polygon", "coordinates": [[[-71.5332, 41.9934], [-71.5318, 41.9896], [-71.5153, 41.9831], [-71.5054, 41.9687], [-71.5379, 41.9782], [-71.5535, 41.9905], [-71.5566, 41.9995], [-71.5332, 41.9934]]]}}, {"type": "Feature", "properties": {"fips": "44003020903", "gap_national": -77.8, "gap_stratum": -74.4, "burden": 20.9, "capacity": 86.2, "svi": 0.21, "top_decile_gap": 0.0, "stratum": "metropolitan", "scored": 1}, "geometry": {"type": "Polygon", "coordinates": [[[-71.4902, 41.6632], [-71.4865, 41.6207], [-71.4919, 41.6138], [-71.4957, 41.6026], [-71.5448, 41.602], [-71.5471, 41.6619], [-71.4902, 41.6632]]]}}, {"type": "Feature", "properties": {"fips": "44007000302", "gap_national": 46.6, "gap_stratum": 50.6, "burden": 70.6, "capacity": 34.2, "svi": 0.9, "top_decile_gap": 0.0, "stratum": "metropolitan", "scored": 1}, "geometry": {"type": "Polygon", "coordinates": [[[-71.4245, 41.8091], [-71.4222, 41.8128], [-71.4174, 41.8004], [-71.426, 41.7978], [-71.4245, 41.8091]]]}}, {"type": "Feature", "properties": {"fips": "44007016700", "gap_national": -5.9, "gap_stratum": -0.2, "burden": 51.4, "capacity": 56.5, "svi": 0.9, "top_decile_gap": 0.0, "stratum": "metropolitan", "scored": 1}, "geometry": {"type": "Polygon", "coordinates": [[[-71.3834, 41.8766], [-71.373, 41.8777], [-71.3718, 41.8726], [-71.3753, 41.8717], [-71.3739, 41.8691], [-71.3786, 41.8637], [-71.3846, 41.8741], [-71.3834, 41.8766]]]}}, {"type": "Feature", "properties": {"fips": "44007016900", "gap_national": -60.1, "gap_stratum": -53.6, "burden": 36.5, "capacity": 86.4, "svi": 0.07, "top_decile_gap": 0.0, "stratum": "metropolitan", "scored": 1}, "geometry": {"type": "Polygon", "coordinates": [[[-71.3543, 41.8785], [-71.3409, 41.8741], [-71.3389, 41.8761], [-71.334, 41.8623], [-71.3414, 41.8607], [-71.3406, 41.8659], [-71.3544, 41.8664], [-71.3543, 41.8785]]]}}, {"type": "Feature", "properties": {"fips": "44007002000", "gap_national": 19.4, "gap_stratum": 24.7, "burden": 47.8, "capacity": 34.8, "svi": 0.9, "top_decile_gap": 0.0, "stratum": "metropolitan", "scored": 1}, "geometry": {"type": "Polygon", "coordinates": [[[-71.4646, 41.8421], [-71.4629, 41.834], [-71.4645, 41.8337], [-71.4565, 41.8321], [-71.4536, 41.8358], [-71.4528, 41.8324], [-71.4569, 41.8286], [-71.4564, 41.8257], [-71.4539, 41.8251], [-71.4564, 41.822], [-71.4709, 41.8219], [-71.4713, 41.8241], [-71.4624, 41.8247], [-71.4624, 41.8274], [-71.4648, 41.831], [-71.4724, 41.8342], [-71.4725, 41.837], [-71.4646, 41.8421]]]}}, {"type": "Feature", "properties": {"fips": "44007012401", "gap_national": -49.2, "gap_stratum": -41.9, "burden": 41.4, "capacity": 80.2, "svi": 0.31, "top_decile_gap": 0.0, "stratum": "metropolitan", "scored": 1}, "geometry": {"type": "Polygon", "coordinates": [[[-71.5018, 41.8312], [-71.4928, 41.8311], [-71.4903, 41.8348], [-71.4816, 41.8368], [-71.4648, 41.831], [-71.4624, 41.8247], [-71.4713, 41.8241], [-71.4709, 41.8219], [-71.4858, 41.8175], [-71.4967, 41.8172], [-71.4994, 41.8222], [-71.5049, 41.8235], [-71.5079, 41.828], [-71.5018, 41.8312]]]}}, {"type": "Feature", "properties": {"fips": "44007011701", "gap_national": -46.0, "gap_stratum": -38.3, "burden": 45.2, "capacity": 81.4, "svi": 0.55, "top_decile_gap": 0.0, "stratum": "metropolitan", "scored": 1}, "geometry": {"type": "Polygon", "coordinates": [[[-71.4334, 41.918], [-71.4254, 41.9202], [-71.4302, 41.9234], [-71.4325, 41.9279], [-71.4054, 41.911], [-71.3988, 41.912], [-71.3972, 41.9104], [-71.4007, 41.9018], [-71.3943, 41.8977], [-71.4081, 41.894], [-71.4188, 41.9027], [-71.4316, 41.9067], [-71.4349, 41.9122], [-71.4334, 41.918]]]}}, {"type": "Feature", "properties": {"fips": "44007015000", "gap_national": -29.2, "gap_stratum": -24.9, "burden": 35.4, "capacity": 59.4, "svi": 0.43, "top_decile_gap": 0.0, "stratum": "metropolitan", "scored": 1}, "geometry": {"type": "Polygon", "coordinates": [[[-71.4064, 41.8807], [-71.4056, 41.8733], [-71.4199, 41.8698], [-71.4219, 41.8787], [-71.4064, 41.8807]]]}}, {"type": "Feature", "properties": {"fips": "44007015500", "gap_national": -0.9, "gap_stratum": 4.3, "burden": 49.5, "capacity": 51.6, "svi": 0.55, "top_decile_gap": 0.0, "stratum": "metropolitan", "scored": 1}, "geometry": {"type": "Polygon", "coordinates": [[[-71.3712, 41.8946], [-71.3545, 41.8965], [-71.354, 41.8942], [-71.3676, 41.8863], [-71.3722, 41.8926], [-71.3712, 41.8946]]]}}, {"type": "Feature", "properties": {"fips": "44007010900", "gap_national": 50.8, "gap_stratum": 56.7, "burden": 64.1, "capacity": 22.8, "svi": 0.95, "top_decile_gap": 0.0, "stratum": "metropolitan", "scored": 1}, "geometry": {"type": "Polygon", "coordinates": [[[-71.3863, 41.8996], [-71.3817, 41.8971], [-71.3816, 41.8927], [-71.3906, 41.888], [-71.3972, 41.8968], [-71.3863, 41.8996]]]}}, {"type": "Feature", "properties": {"fips": "44007013702", "gap_national": -41.1, "gap_stratum": -34.1, "burden": 41.5, "capacity": 73.0, "svi": 0.43, "top_decile_gap": 0.0, "stratum": "metropolitan", "scored": 1}, "geometry": {"type": "Polygon", "coordinates": [[[-71.4409, 41.7814], [-71.4357, 41.7789], [-71.4369, 41.772], [-71.4492, 41.771], [-71.4513, 41.7733], [-71.4409, 41.7814]]]}}, {"type": "Feature", "properties": {"fips": "44007013900", "gap_national": -53.2, "gap_stratum": -45.7, "burden": 44.3, "capacity": 89.9, "svi": 0.49, "top_decile_gap": 0.0, "stratum": "metropolitan", "scored": 1}, "geometry": {"type": "Polygon", "coordinates": [[[-71.4538, 41.7707], [-71.4499, 41.7687], [-71.4391, 41.7564], [-71.4406, 41.7522], [-71.4465, 41.7489], [-71.4519, 41.75], [-71.4612, 41.7596], [-71.4614, 41.7631], [-71.4538, 41.7707]]]}}, {"type": "Feature", "properties": {"fips": "44007001500", "gap_national": -10.3, "gap_stratum": -5.5, "burden": 43.7, "capacity": 53.4, "svi": 0.66, "top_decile_gap": 0.0, "stratum": "metropolitan", "scored": 1}, "geometry": {"type": "Polygon", "coordinates": [[[-71.4296, 41.7995], [-71.4217, 41.7862], [-71.434, 41.7863], [-71.4365, 41.7884], [-71.4399, 41.8034], [-71.4296, 41.7995]]]}}, {"type": "Feature", "properties": {"fips": "44007002200", "gap_national": 26.7, "gap_stratum": 32.5, "burden": 43.5, "capacity": 23.1, "svi": 0.8, "top_decile_gap": 0.0, "stratum": "metropolitan", "scored": 1}, "geometry": {"type": "Polygon", "coordinates": [[[-71.4293, 41.8344], [-71.4284, 41.8315], [-71.4395, 41.8246], [-71.4434, 41.8248], [-71.4445, 41.8324], [-71.4293, 41.8344]]]}}, {"type": "Feature", "properties": {"fips": "44007002700", "gap_national": 24.2, "gap_stratum": 29.7, "burden": 54.3, "capacity": 37.0, "svi": 0.98, "top_decile_gap": 0.0, "stratum": "metropolitan", "scored": 1}, "geometry": {"type": "Polygon", "coordinates": [[[-71.429, 41.8461], [-71.4308, 41.8476], [-71.4283, 41.8492], [-71.4294, 41.8525], [-71.4266, 41.8531], [-71.418, 41.8406], [-71.4238, 41.8378], [-71.4299, 41.8411], [-71.4294, 41.8442], [-71.433, 41.8445], [-71.4326, 41.8468], [-71.429, 41.8461]]]}}, {"type": "Feature", "properties": {"fips": "44007013202", "gap_national": -59.1, "gap_stratum": -52.2, "burden": 39.5, "capacity": 90.4, "svi": 0.03, "top_decile_gap": 0.0, "stratum": "metropolitan", "scored": 1}, "geometry": {"type": "Polygon", "coordinates": [[[-71.6131, 41.8578], [-71.6077, 41.8526], [-71.6115, 41.848], [-71.6121, 41.8428], [-71.6101, 41.8395], [-71.5942, 41.8342], [-71.5914, 41.8258], [-71.6015, 41.7894], [-71.6025, 41.7786], [-71.5889, 41.7507], [-71.5966, 41.7421], [-71.5957, 41.7383], [-71.59, 41.7368], [-71.579, 41.7402], [-71.5767, 41.7381], [-71.5827, 41.7369], [-71.5864, 41.7293], [-71.6684, 41.7275], [-71.691, 41.8565], [-71.6131, 41.8578]]]}}, {"type": "Feature", "properties": {"fips": "44007017400", "gap_national": 34.0, "gap_stratum": 38.2, "burden": 67.2, "capacity": 41.2, "svi": 0.95, "top_decile_gap": 0.0, "stratum": "metropolitan", "scored": 1}, "geometry": {"type": "Polygon", "coordinates": [[[-71.5297, 42.0098], [-71.5249, 42.0045], [-71.5182, 42.0046], [-71.5332, 41.9934], [-71.5399, 42.0099], [-71.5297, 42.0098]]]}}, {"type": "Feature", "properties": {"fips": "44007018100", "gap_national": 51.6, "gap_stratum": 53.9, "burden": 77.1, "capacity": 36.0, "svi": 0.94, "top_decile_gap": 0.0, "stratum": "metropolitan", "scored": 1}, "geometry": {"type": "Polygon", "coordinates": [[[-71.5116, 42.0163], [-71.4914, 42.0173], [-71.4934, 42.0143], [-71.4954, 42.0137], [-71.4933, 42.0149], [-71.5002, 42.0153], [-71.5007, 42.0095], [-71.5134, 42.0107], [-71.5116, 42.0163]]]}}, {"type": "Feature", "properties": {"fips": "44005041300", "gap_national": -63.7, "gap_stratum": -57.1, "burden": 37.6, "capacity": 97.1, "svi": 0.09, "top_decile_gap": 0.0, "stratum": "metropolitan", "scored": 1}, "geometry": {"type": "MultiPolygon", "coordinates": [[[[-71.345, 41.5379], [-71.3426, 41.529], [-71.3459, 41.5296], [-71.345, 41.5379]]], [[[-71.3944, 41.4672], [-71.3976, 41.4738], [-71.3994, 41.493], [-71.384, 41.4938], [-71.3835, 41.5011], [-71.3789, 41.5049], [-71.391, 41.5146], [-71.3921, 41.5245], [-71.3857, 41.539], [-71.3845, 41.5567], [-71.3814, 41.5588], [-71.379, 41.5678], [-71.3702, 41.574], [-71.3636, 41.5709], [-71.3599, 41.5563], [-71.3604, 41.5478], [-71.3647, 41.5414], [-71.3613, 41.5264], [-71.3656, 41.514], [-71.3634, 41.5101], [-71.3576, 41.5087], [-71.3589, 41.5033], [-71.366, 41.4988], [-71.3665, 41.4948], [-71.3595, 41.4831], [-71.3543, 41.4789], [-71.3642, 41.4765], [-71.3717, 41.4775], [-71.3751, 41.4738], [-71.3807, 41.4888], [-71.3862, 41.4877], [-71.3816, 41.4681], [-71.3845, 41.4641], [-71.389, 41.4655], [-71.3903, 41.455], [-71.3996, 41.4486], [-71.4006, 41.4609], [-71.3944, 41.4672]]], [[[-71.4036, 41.5046], [-71.3974, 41.5062], [-71.3963, 41.5037], [-71.4032, 41.4976], [-71.4051, 41.4982], [-71.4036, 41.5046]]]]}}, {"type": "Feature", "properties": {"fips": "44005041400", "gap_national": -61.0, "gap_stratum": -54.1, "burden": 39.9, "capacity": 96.5, "svi": 0.06, "top_decile_gap": 0.0, "stratum": "metropolitan", "scored": 1}, "geometry": {"type": "Polygon", "coordinates": [[[-71.1276, 41.5632], [-71.1206, 41.4974], [-71.1369, 41.4939], [-71.1411, 41.4899], [-71.1391, 41.4834], [-71.1457, 41.4812], [-71.1509, 41.4758], [-71.1593, 41.476], [-71.1631, 41.4717], [-71.1673, 41.4714], [-71.1702, 41.4684], [-71.1686, 41.4615], [-71.1863, 41.4603], [-71.194, 41.4564], [-71.1966, 41.4648], [-71.1924, 41.4666], [-71.1902, 41.4843], [-71.1994, 41.4918], [-71.2023, 41.4984], [-71.2064, 41.4992], [-71.2008, 41.5144], [-71.2083, 41.5289], [-71.2049, 41.5408], [-71.2117, 41.5454], [-71.1276, 41.5632]]]}}, {"type": "Feature", "properties": {"fips": "44005040900", "gap_national": -64.6, "gap_stratum": -63.3, "burden": 14.6, "capacity": 67.6, "svi": 0.34, "top_decile_gap": 0.0, "stratum": "metropolitan", "scored": 1}, "geometry": {"type": "MultiPolygon", "coordinates": [[[[-71.3263, 41.4547], [-71.3243, 41.4539], [-71.3256, 41.4521], [-71.3276, 41.4529], [-71.3263, 41.4547]]], [[[-71.3612, 41.4646], [-71.3479, 41.4706], [-71.3364, 41.482], [-71.3344, 41.4782], [-71.336, 41.4696], [-71.3191, 41.4769], [-71.3186, 41.4746], [-71.2971, 41.4758], [-71.2969, 41.4691], [-71.304, 41.4637], [-71.3044, 41.4545], [-71.3102, 41.4511], [-71.312, 41.4514], [-71.3126, 41.4565], [-71.3169, 41.4548], [-71.3203, 41.4598], [-71.3238, 41.4601], [-71.3348, 41.4495], [-71.3442, 41.454], [-71.3536, 41.4498], [-71.3562, 41.4505], [-71.3588, 41.4597], [-71.3629, 41.4617], [-71.3612, 41.4646]]]]}}, {"type": "Feature", "properties": {"fips": "44007011302", "gap_national": -57.2, "gap_stratum": -50.7, "burden": 36.0, "capacity": 82.0, "svi": 0.1, "top_decile_gap": 0.0, "stratum": "metropolitan", "scored": 1}, "geometry": {"type": "Polygon", "coordinates": [[[-71.3928, 41.9459], [-71.3845, 41.9494], [-71.3815, 41.9478], [-71.3817, 41.9156], [-71.3861, 41.9171], [-71.3849, 41.9199], [-71.3964, 41.9192], [-71.4021, 41.9303], [-71.3993, 41.9371], [-71.4037, 41.9465], [-71.3928, 41.9459]]]}}, {"type": "Feature", "properties": {"fips": "44007015900", "gap_national": -6.0, "gap_stratum": -0.4, "burden": 50.6, "capacity": 55.9, "svi": 0.61, "top_decile_gap": 0.0, "stratum": "metropolitan", "scored": 1}, "geometry": {"type": "Polygon", "coordinates": [[[-71.3541, 41.8879], [-71.3543, 41.8784], [-71.3649, 41.8805], [-71.3667, 41.8853], [-71.3541, 41.8879]]]}}, {"type": "Feature", "properties": {"fips": "44001030901", "gap_national": -56.1, "gap_stratum": -49.2, "burden": 38.2, "capacity": 83.9, "svi": 0.09, "top_decile_gap": 0.0, "stratum": "metropolitan", "scored": 1}, "geometry": {"type": "Polygon", "coordinates": [[[-71.2515, 41.7154], [-71.2444, 41.7012], [-71.2437, 41.6984], [-71.2458, 41.6972], [-71.2425, 41.6879], [-71.2347, 41.6774], [-71.2422, 41.6784], [-71.2453, 41.6751], [-71.259, 41.6735], [-71.2675, 41.7129], [-71.2515, 41.7154]]]}}, {"type": "Feature", "properties": {"fips": "44001030500", "gap_national": -32.7, "gap_stratum": -27.4, "burden": 37.4, "capacity": 63.4, "svi": 0.67, "top_decile_gap": 0.0, "stratum": "metropolitan", "scored": 1}, "geometry": {"type": "Polygon", "coordinates": [[[-71.2866, 41.7424], [-71.2769, 41.7332], [-71.2696, 41.7311], [-71.2701, 41.7254], [-71.2875, 41.7238], [-71.2898, 41.7338], [-71.2866, 41.7424]]]}}, {"type": "Feature", "properties": {"fips": "44003022201", "gap_national": -64.2, "gap_stratum": -58.2, "burden": 34.3, "capacity": 88.9, "svi": 0.19, "top_decile_gap": 0.0, "stratum": "metropolitan", "scored": 1}, "geometry": {"type": "Polygon", "coordinates": [[[-71.478, 41.674], [-71.477, 41.6914], [-71.4737, 41.7023], [-71.4593, 41.6971], [-71.4483, 41.6794], [-71.4501, 41.664], [-71.4902, 41.6632], [-71.478, 41.674]]]}}, {"type": "Feature", "properties": {"fips": "44003020500", "gap_national": -38.1, "gap_stratum": -30.0, "burden": 50.6, "capacity": 79.7, "svi": 0.3, "top_decile_gap": 0.0, "stratum": "metropolitan", "scored": 1}, "geometry": {"type": "Polygon", "coordinates": [[[-71.5165, 41.7248], [-71.5169, 41.7306], [-71.4839, 41.7316], [-71.4905, 41.7175], [-71.5008, 41.7116], [-71.5147, 41.7144], [-71.5108, 41.7163], [-71.5137, 41.7198], [-71.521, 41.7182], [-71.5216, 41.7238], [-71.5165, 41.7248]]]}}, {"type": "Feature", "properties": {"fips": "44003020701", "gap_national": -45.0, "gap_stratum": -37.0, "burden": 47.7, "capacity": 83.6, "svi": 0.29, "top_decile_gap": 0.0, "stratum": "metropolitan", "scored": 1}, "geometry": {"type": "Polygon", "coordinates": [[[-71.7006, 41.7267], [-71.7005, 41.7138], [-71.6942, 41.7001], [-71.6933, 41.691], [-71.6949, 41.6584], [-71.787, 41.6561], [-71.7897, 41.7252], [-71.7006, 41.7267]]]}}, {"type": "Feature", "properties": {"fips": "44003021002", "gap_national": -42.9, "gap_stratum": -34.8, "burden": 51.8, "capacity": 87.3, "svi": 0.45, "top_decile_gap": 0.0, "stratum": "metropolitan", "scored": 1}, "geometry": {"type": "Polygon", "coordinates": [[[-71.4014, 41.7666], [-71.3996, 41.7683], [-71.3941, 41.764], [-71.3885, 41.7638], [-71.3857, 41.7584], [-71.381, 41.7557], [-71.3802, 41.7498], [-71.394, 41.7513], [-71.4046, 41.7485], [-71.4052, 41.7676], [-71.4014, 41.7666]]]}}, {"type": "Feature", "properties": {"fips": "44009051504", "gap_national": -43.6, "gap_stratum": -35.5, "burden": 51.6, "capacity": 87.9, "svi": 0.22, "top_decile_gap": 0.0, "stratum": "metropolitan", "scored": 1}, "geometry": {"type": "Polygon", "coordinates": [[[-71.5146, 41.3848], [-71.5048, 41.4075], [-71.5032, 41.4176], [-71.4971, 41.4175], [-71.4948, 41.4273], [-71.49, 41.4317], [-71.4812, 41.4308], [-71.4783, 41.4069], [-71.4824, 41.3945], [-71.4704, 41.3918], [-71.4842, 41.3718], [-71.4809, 41.3602], [-71.4892, 41.3624], [-71.489, 41.3644], [-71.5029, 41.3742], [-71.5228, 41.3767], [-71.5146, 41.3848]]]}}, {"type": "Feature", "properties": {"fips": "44009041500", "gap_national": -28.3, "gap_stratum": -65.5, "burden": 66.3, "capacity": 91.1, "svi": 0.48, "top_decile_gap": 0.0, "stratum": "rural", "scored": 1}, "geometry": {"type": "Polygon", "coordinates": [[[-71.6105, 41.1626], [-71.6056, 41.1821], [-71.5975, 41.1852], [-71.595, 41.1884], [-71.5929, 41.1989], [-71.5895, 41.1966], [-71.5806, 41.2034], [-71.5769, 41.211], [-71.5777, 41.2312], [-71.5703, 41.2253], [-71.5625, 41.2242], [-71.5541, 41.213], [-71.5641, 41.1954], [-71.5663, 41.1843], [-71.5613, 41.1758], [-71.5546, 41.1734], [-71.5502, 41.1668], [-71.5444, 41.1649], [-71.5471, 41.1537], [-71.5659, 41.149], [-71.6, 41.1469], [-71.6116, 41.1539], [-71.6131, 41.1603], [-71.6105, 41.1626]]]}}, {"type": "Feature", "properties": {"fips": "44005041701", "gap_national": -42.8, "gap_stratum": -34.7, "burden": 53.6, "capacity": 90.4, "svi": 0.48, "top_decile_gap": 0.0, "stratum": "metropolitan", "scored": 1}, "geometry": {"type": "Polygon", "coordinates": [[[-71.192, 41.6294], [-71.1865, 41.6296], [-71.1882, 41.6318], [-71.1863, 41.6465], [-71.1761, 41.6681], [-71.1329, 41.6601], [-71.1357, 41.6285], [-71.153, 41.6242], [-71.1752, 41.6257], [-71.1982, 41.6153], [-71.2049, 41.618], [-71.192, 41.6294]]]}}, {"type": "Feature", "properties": {"fips": "44009050103", "gap_national": -49.5, "gap_stratum": -41.9, "burden": 43.6, "capacity": 83.3, "svi": 0.57, "top_decile_gap": 0.0, "stratum": "metropolitan", "scored": 1}, "geometry": {"type": "Polygon", "coordinates": [[[-71.4825, 41.6236], [-71.4713, 41.6291], [-71.4725, 41.6321], [-71.4697, 41.6345], [-71.4585, 41.6231], [-71.4577, 41.6146], [-71.4561, 41.618], [-71.4451, 41.6204], [-71.4411, 41.617], [-71.4243, 41.6195], [-71.4117, 41.6312], [-71.4125, 41.6333], [-71.4076, 41.6343], [-71.4032, 41.6275], [-71.4086, 41.622], [-71.4024, 41.6156], [-71.4043, 41.6118], [-71.4119, 41.6111], [-71.4169, 41.6049], [-71.4143, 41.6026], [-71.4036, 41.603], [-71.4038, 41.5893], [-71.4305, 41.5832], [-71.4351, 41.5855], [-71.4343, 41.5895], [-71.4463, 41.5933], [-71.4487, 41.5964], [-71.4442, 41.5972], [-71.457, 41.6033], [-71.4581, 41.6003], [-71.464, 41.5997], [-71.4611, 41.6032], [-71.4663, 41.6043], [-71.4667, 41.6004], [-71.4692, 41.5998], [-71.4725, 41.6026], [-71.4794, 41.6017], [-71.4845, 41.6037], [-71.4855, 41.613], [-71.488, 41.6152], [-71.4825, 41.6236]]]}}, {"type": "Feature", "properties": {"fips": "44009051304", "gap_national": -60.6, "gap_stratum": -53.6, "burden": 40.5, "capacity": 97.7, "svi": 0.05, "top_decile_gap": 0.0, "stratum": "metropolitan", "scored": 1}, "geometry": {"type": "Polygon", "coordinates": [[[-71.6001, 41.4325], [-71.552, 41.4272], [-71.5308, 41.4346], [-71.5173, 41.4307], [-71.5153, 41.4332], [-71.5051, 41.4357], [-71.4987, 41.4284], [-71.5237, 41.4252], [-71.5344, 41.4025], [-71.5439, 41.3983], [-71.5738, 41.3948], [-71.6139, 41.3938], [-71.6001, 41.4325]]]}}, {"type": "Feature", "properties": {"fips": "44007002900", "gap_national": 13.7, "gap_stratum": 18.7, "burden": 61.0, "capacity": 50.7, "svi": 0.87, "top_decile_gap": 0.0, "stratum": "metropolitan", "scored": 1}, "geometry": {"type": "Polygon", "coordinates": [[[-71.4055, 41.8567], [-71.4105, 41.8511], [-71.4112, 41.8401], [-71.4154, 41.8362], [-71.4299, 41.8613], [-71.4055, 41.8567]]]}}, {"type": "Feature", "properties": {"fips": "44007014700", "gap_national": -16.1, "gap_stratum": -10.3, "burden": 46.5, "capacity": 59.3, "svi": 0.93, "top_decile_gap": 0.0, "stratum": "metropolitan", "scored": 1}, "geometry": {"type": "Polygon", "coordinates": [[[-71.4723, 41.7965], [-71.4716, 41.7983], [-71.4676, 41.7981], [-71.4637, 41.805], [-71.4523, 41.8061], [-71.4511, 41.7839], [-71.4723, 41.781], [-71.4721, 41.7909], [-71.4797, 41.7969], [-71.4723, 41.7965]]]}}, {"type": "Feature", "properties": {"fips": "44005040102", "gap_national": -76.7, "gap_stratum": -72.6, "burden": 24.5, "capacity": 91.0, "svi": 0.02, "top_decile_gap": 0.0, "stratum": "metropolitan", "scored": 1}, "geometry": {"type": "Polygon", "coordinates": [[[-71.2589, 41.5481], [-71.2507, 41.5698], [-71.2537, 41.5911], [-71.25, 41.6006], [-71.2562, 41.6148], [-71.2512, 41.617], [-71.2459, 41.615], [-71.2452, 41.6205], [-71.2388, 41.6206], [-71.2407, 41.6192], [-71.2436, 41.5875], [-71.2378, 41.5776], [-71.2349, 41.5765], [-71.2382, 41.5588], [-71.2337, 41.5524], [-71.2366, 41.5359], [-71.228, 41.5283], [-71.2334, 41.5141], [-71.2657, 41.5383], [-71.2589, 41.5481]]]}}, {"type": "Feature", "properties": {"fips": "44005040101", "gap_national": -64.8, "gap_stratum": -59.3, "burden": 30.8, "capacity": 84.0, "svi": 0.25, "top_decile_gap": 0.0, "stratum": "metropolitan", "scored": 1}, "geometry": {"type": "Polygon", "coordinates": [[[-71.2536, 41.6325], [-71.2554, 41.6357], [-71.2463, 41.6398], [-71.2365, 41.6384], [-71.2332, 41.6402], [-71.2323, 41.6434], [-71.2254, 41.6471], [-71.2203, 41.6556], [-71.2166, 41.6391], [-71.2139, 41.6391], [-71.2167, 41.6256], [-71.2452, 41.6205], [-71.2459, 41.615], [-71.2512, 41.617], [-71.2562, 41.6148], [-71.2568, 41.6217], [-71.2536, 41.6325]]]}}, {"type": "Feature", "properties": {"fips": "44007002500", "gap_national": -19.3, "gap_stratum": -19.2, "burden": 18.4, "capacity": 38.7, "svi": 0.5, "top_decile_gap": 0.0, "stratum": "metropolitan", "scored": 1}, "geometry": {"type": "Polygon", "coordinates": [[[-71.4284, 41.8315], [-71.4304, 41.8362], [-71.4174, 41.832], [-71.4188, 41.826], [-71.4394, 41.8249], [-71.4284, 41.8315]]]}}, {"type": "Feature", "properties": {"fips": "44007003100", "gap_national": -41.6, "gap_stratum": -37.8, "burden": 29.7, "capacity": 63.3, "svi": 0.69, "top_decile_gap": 0.0, "stratum": "metropolitan", "scored": 1}, "geometry": {"type": "Polygon", "coordinates": [[[-71.4112, 41.8401], [-71.4112, 41.846], [-71.408, 41.842], [-71.399, 41.841], [-71.4016, 41.8357], [-71.4081, 41.834], [-71.4076, 41.8291], [-71.4174, 41.832], [-71.4112, 41.8401]]]}}, {"type": "Feature", "properties": {"fips": "44007003400", "gap_national": -86.3, "gap_stratum": -83.7, "burden": 17.9, "capacity": 96.6, "svi": 0.17, "top_decile_gap": 0.0, "stratum": "metropolitan", "scored": 1}, "geometry": {"type": "Polygon", "coordinates": [[[-71.399, 41.841], [-71.3926, 41.8413], [-71.3913, 41.8466], [-71.3933, 41.8468], [-71.3889, 41.8528], [-71.3911, 41.8569], [-71.375, 41.8574], [-71.3723, 41.8505], [-71.3731, 41.8366], [-71.3818, 41.8354], [-71.3838, 41.833], [-71.3846, 41.8353], [-71.3953, 41.8333], [-71.4016, 41.8357], [-71.399, 41.841]]]}}, {"type": "Feature", "properties": {"fips": "44007003500", "gap_national": -78.3, "gap_stratum": -77.6, "burden": 7.7, "capacity": 73.5, "svi": 0.37, "top_decile_gap": 0.0, "stratum": "metropolitan", "scored": 1}, "geometry": {"type": "Polygon", "coordinates": [[[-71.3846, 41.8353], [-71.3838, 41.833], [-71.3818, 41.8354], [-71.3731, 41.8366], [-71.3736, 41.8325], [-71.3828, 41.8227], [-71.3942, 41.8228], [-71.3938, 41.8263], [-71.3905, 41.8265], [-71.3943, 41.8335], [-71.3846, 41.8353]]]}}, {"type": "Feature", "properties": {"fips": "44007012602", "gap_national": -59.0, "gap_stratum": -52.0, "burden": 40.1, "capacity": 91.6, "svi": 0.42, "top_decile_gap": 0.0, "stratum": "metropolitan", "scored": 1}, "geometry": {"type": "Polygon", "coordinates": [[[-71.5215, 41.9], [-71.5091, 41.9103], [-71.5027, 41.9294], [-71.4892, 41.9385], [-71.4668, 41.8728], [-71.5146, 41.8665], [-71.5155, 41.8798], [-71.5229, 41.8959], [-71.5215, 41.9]]]}}, {"type": "Feature", "properties": {"fips": "44007012701", "gap_national": -50.5, "gap_stratum": -42.7, "burden": 48.6, "capacity": 94.9, "svi": 0.38, "top_decile_gap": 0.0, "stratum": "metropolitan", "scored": 1}, "geometry": {"type": "Polygon", "coordinates": [[[-71.5553, 41.9369], [-71.5496, 41.9218], [-71.5528, 41.9201], [-71.5529, 41.9157], [-71.5441, 41.9046], [-71.5433, 41.8987], [-71.5382, 41.8946], [-71.5326, 41.8792], [-71.5369, 41.8772], [-71.5405, 41.8815], [-71.5503, 41.8709], [-71.5794, 41.8818], [-71.5903, 41.9337], [-71.5553, 41.9369]]]}}, {"type": "Feature", "properties": {"fips": "44007017300", "gap_national": -8.1, "gap_stratum": -1.9, "burden": 54.8, "capacity": 60.4, "svi": 0.79, "top_decile_gap": 0.0, "stratum": "metropolitan", "scored": 1}, "geometry": {"type": "Polygon", "coordinates": [[[-71.5291, 42.015], [-71.5116, 42.0163], [-71.5182, 42.0046], [-71.5249, 42.0045], [-71.5305, 42.0113], [-71.5291, 42.015]]]}}, {"type": "Feature", "properties": {"fips": "44007017600", "gap_national": 36.7, "gap_stratum": 40.6, "burden": 68.6, "capacity": 40.4, "svi": 0.9, "top_decile_gap": 0.0, "stratum": "metropolitan", "scored": 1}, "geometry": {"type": "Polygon", "coordinates": [[[-71.52, 42.0022], [-71.5171, 41.9958], [-71.5125, 41.9959], [-71.5148, 41.9905], [-71.5252, 41.9979], [-71.52, 42.0022]]]}}, {"type": "Feature", "properties": {"fips": "44007018400", "gap_national": -13.7, "gap_stratum": -6.5, "burden": 61.9, "capacity": 69.9, "svi": 0.8, "top_decile_gap": 0.0, "stratum": "metropolitan", "scored": 1}, "geometry": {"type": "Polygon", "coordinates": [[[-71.4914, 42.0173], [-71.4581, 42.0178], [-71.4599, 42.0076], [-71.4697, 42.0018], [-71.4773, 42.0044], [-71.4804, 42.0024], [-71.4798, 42.0039], [-71.4875, 42.0057], [-71.4925, 42.0113], [-71.4914, 42.0173]]]}}, {"type": "Feature", "properties": {"fips": "44007018500", "gap_national": -30.5, "gap_stratum": -22.3, "burden": 55.2, "capacity": 77.4, "svi": 0.45, "top_decile_gap": 0.0, "stratum": "metropolitan", "scored": 1}, "geometry": {"type": "Polygon", "coordinates": [[[-71.4884, 42.0059], [-71.4798, 42.0039], [-71.4804, 42.0024], [-71.4773, 42.0044], [-71.4697, 42.0018], [-71.4637, 42.0036], [-71.4874, 41.9791], [-71.498, 42.0051], [-71.4884, 42.0059]]]}}, {"type": "Feature", "properties": {"fips": "44003020400", "gap_national": 12.1, "gap_stratum": 17.0, "burden": 64.8, "capacity": 54.9, "svi": 0.47, "top_decile_gap": 0.0, "stratum": "metropolitan", "scored": 1}, "geometry": {"type": "Polygon", "coordinates": [[[-71.5169, 41.7306], [-71.5165, 41.7248], [-71.5216, 41.7238], [-71.521, 41.7182], [-71.5185, 41.7172], [-71.5197, 41.7148], [-71.5341, 41.7222], [-71.5343, 41.7302], [-71.5169, 41.7306]]]}}, {"type": "Feature", "properties": {"fips": "44003020601", "gap_national": -49.0, "gap_stratum": -42.1, "burden": 38.5, "capacity": 76.7, "svi": 0.11, "top_decile_gap": 0.0, "stratum": "metropolitan", "scored": 1}, "geometry": {"type": "Polygon", "coordinates": [[[-71.5343, 41.7302], [-71.5333, 41.7009], [-71.5348, 41.7031], [-71.5409, 41.703], [-71.5429, 41.7007], [-71.5459, 41.7031], [-71.5469, 41.7092], [-71.5575, 41.7091], [-71.5578, 41.6943], [-71.5653, 41.6948], [-71.5666, 41.7007], [-71.5729, 41.7064], [-71.5717, 41.7219], [-71.5741, 41.7221], [-71.5765, 41.7293], [-71.5343, 41.7302]]]}}, {"type": "Feature", "properties": {"fips": "44003020604", "gap_national": -7.6, "gap_stratum": -1.0, "burden": 65.4, "capacity": 68.6, "svi": 0.58, "top_decile_gap": 0.0, "stratum": "metropolitan", "scored": 1}, "geometry": {"type": "Polygon", "coordinates": [[[-71.5575, 41.7091], [-71.5469, 41.7092], [-71.5459, 41.7031], [-71.5429, 41.7007], [-71.5409, 41.703], [-71.5348, 41.7031], [-71.533, 41.6798], [-71.5401, 41.6802], [-71.5541, 41.6872], [-71.5501, 41.6889], [-71.5474, 41.6964], [-71.5571, 41.6918], [-71.5575, 41.7091]]]}}, {"type": "Feature", "properties": {"fips": "44003020702", "gap_national": -43.6, "gap_stratum": -35.5, "burden": 51.2, "capacity": 87.2, "svi": 0.16, "top_decile_gap": 0.0, "stratum": "metropolitan", "scored": 1}, "geometry": {"type": "Polygon", "coordinates": [[[-71.6443, 41.7278], [-71.6457, 41.7142], [-71.6345, 41.7089], [-71.6272, 41.7024], [-71.6075, 41.696], [-71.6048, 41.6827], [-71.6078, 41.6715], [-71.6151, 41.6694], [-71.6224, 41.6597], [-71.6949, 41.6584], [-71.6933, 41.691], [-71.6942, 41.7001], [-71.7005, 41.7138], [-71.7006, 41.7267], [-71.6443, 41.7278]]]}}, {"type": "Feature", "properties": {"fips": "44003020904", "gap_national": -75.7, "gap_stratum": -71.3, "burden": 25.5, "capacity": 91.2, "svi": 0.1, "top_decile_gap": 0.0, "stratum": "metropolitan", "scored": 1}, "geometry": {"type": "Polygon", "coordinates": [[[-71.4919, 41.6138], [-71.4865, 41.6207], [-71.4902, 41.6632], [-71.4583, 41.6637], [-71.4672, 41.6519], [-71.4744, 41.6478], [-71.4657, 41.6431], [-71.4648, 41.6389], [-71.4687, 41.6386], [-71.4678, 41.6342], [-71.4725, 41.6321], [-71.4713, 41.6291], [-71.4861, 41.6198], [-71.488, 41.6152], [-71.4855, 41.613], [-71.4844, 41.6026], [-71.4957, 41.6026], [-71.4919, 41.6138]]]}}, {"type": "Feature", "properties": {"fips": "44003021100", "gap_national": -26.6, "gap_stratum": -18.6, "burden": 54.7, "capacity": 73.5, "svi": 0.37, "top_decile_gap": 0.0, "stratum": "metropolitan", "scored": 1}, "geometry": {"type": "Polygon", "coordinates": [[[-71.444, 41.7412], [-71.4465, 41.7489], [-71.4406, 41.7522], [-71.4406, 41.7579], [-71.4338, 41.7614], [-71.433, 41.7593], [-71.422, 41.7646], [-71.4187, 41.7641], [-71.4211, 41.7607], [-71.4197, 41.7568], [-71.4218, 41.7512], [-71.4188, 41.7507], [-71.4274, 41.7455], [-71.4218, 41.7415], [-71.4174, 41.7413], [-71.4171, 41.7367], [-71.4081, 41.7374], [-71.4077, 41.7352], [-71.4365, 41.7326], [-71.4428, 41.7197], [-71.4446, 41.7205], [-71.4427, 41.7295], [-71.4541, 41.7292], [-71.4548, 41.7269], [-71.4584, 41.7285], [-71.444, 41.7412]]]}}, {"type": "Feature", "properties": {"fips": "44003021300", "gap_national": -45.1, "gap_stratum": -37.0, "burden": 52.1, "capacity": 91.5, "svi": 0.34, "top_decile_gap": 0.0, "stratum": "metropolitan", "scored": 1}, "geometry": {"type": "Polygon", "coordinates": [[[-71.4046, 41.7485], [-71.394, 41.7513], [-71.3826, 41.7512], [-71.3802, 41.7498], [-71.3806, 41.7459], [-71.3761, 41.7442], [-71.3808, 41.7389], [-71.381, 41.7281], [-71.383, 41.7275], [-71.407, 41.7335], [-71.4081, 41.7374], [-71.4046, 41.7485]]]}}, {"type": "Feature", "properties": {"fips": "44003021501", "gap_national": -15.7, "gap_stratum": -8.4, "burden": 59.4, "capacity": 69.2, "svi": 0.51, "top_decile_gap": 0.0, "stratum": "metropolitan", "scored": 1}, "geometry": {"type": "Polygon", "coordinates": [[[-71.381, 41.7281], [-71.3765, 41.7216], [-71.3699, 41.7183], [-71.3573, 41.7182], [-71.3573, 41.7166], [-71.3655, 41.7118], [-71.3746, 41.7126], [-71.3801, 41.7082], [-71.383, 41.7088], [-71.3811, 41.7107], [-71.3868, 41.714], [-71.3819, 41.7235], [-71.3893, 41.7276], [-71.381, 41.7281]]]}}, {"type": "Feature", "properties": {"fips": "44003021502", "gap_national": -22.7, "gap_stratum": -14.8, "burden": 59.3, "capacity": 74.7, "svi": 0.24, "top_decile_gap": 0.0, "stratum": "metropolitan", "scored": 1}, "geometry": {"type": "Polygon", "coordinates": [[[-71.3857, 41.6973], [-71.387, 41.7014], [-71.383, 41.7088], [-71.3801, 41.7082], [-71.3746, 41.7126], [-71.3655, 41.7118], [-71.3656, 41.6937], [-71.3627, 41.6919], [-71.3649, 41.6884], [-71.3694, 41.6863], [-71.3712, 41.6895], [-71.3783, 41.6885], [-71.3792, 41.6954], [-71.391, 41.692], [-71.3857, 41.6973]]]}}, {"type": "Feature", "properties": {"fips": "44001030200", "gap_national": -84.4, "gap_stratum": -82.4, "burden": 13.6, "capacity": 84.5, "svi": 0.06, "top_decile_gap": 0.0, "stratum": "metropolitan", "scored": 1}, "geometry": {"type": "Polygon", "coordinates": [[[-71.3199, 41.7745], [-71.3191, 41.7525], [-71.3073, 41.743], [-71.2994, 41.7414], [-71.2958, 41.7377], [-71.3299, 41.7381], [-71.332, 41.7662], [-71.3199, 41.7745]]]}}, {"type": "Feature", "properties": {"fips": "44001030700", "gap_national": -53.8, "gap_stratum": -47.8, "burden": 33.7, "capacity": 75.9, "svi": 0.67, "top_decile_gap": 0.0, "stratum": "metropolitan", "scored": 1}, "geometry": {"type": "Polygon", "coordinates": [[[-71.2793, 41.6765], [-71.2686, 41.6779], [-71.2666, 41.6701], [-71.27, 41.6682], [-71.2694, 41.6666], [-71.2769, 41.6656], [-71.2793, 41.6765]]]}}, {"type": "Feature", "properties": {"fips": "44001030800", "gap_national": -51.5, "gap_stratum": -53.3, "burden": 6.7, "capacity": 54.4, "svi": 0.1, "top_decile_gap": 0.0, "stratum": "metropolitan", "scored": 1}, "geometry": {"type": "Polygon", "coordinates": [[[-71.2694, 41.6666], [-71.27, 41.6682], [-71.2674, 41.6688], [-71.2686, 41.6779], [-71.2604, 41.6797], [-71.259, 41.6735], [-71.2453, 41.6751], [-71.2422, 41.6784], [-71.2347, 41.6774], [-71.2384, 41.6656], [-71.2444, 41.6691], [-71.2503, 41.665], [-71.2596, 41.6426], [-71.2671, 41.6449], [-71.2701, 41.6524], [-71.2677, 41.6574], [-71.2766, 41.6666], [-71.2694, 41.6666]]]}}, {"type": "Feature", "properties": {"fips": "44001030902", "gap_national": -48.8, "gap_stratum": -40.9, "burden": 49.7, "capacity": 93.9, "svi": 0.23, "top_decile_gap": 0.0, "stratum": "metropolitan", "scored": 1}, "geometry": {"type": "Polygon", "coordinates": [[[-71.3026, 41.6817], [-71.2989, 41.6815], [-71.2931, 41.6883], [-71.2912, 41.7027], [-71.2953, 41.7072], [-71.294, 41.7103], [-71.2675, 41.7129], [-71.2604, 41.6797], [-71.2793, 41.6765], [-71.2788, 41.6783], [-71.2855, 41.6824], [-71.2891, 41.6796], [-71.2876, 41.6725], [-71.2905, 41.6624], [-71.2979, 41.6583], [-71.2992, 41.6495], [-71.3037, 41.6548], [-71.3061, 41.6726], [-71.3026, 41.6817]]]}}, {"type": "Feature", "properties": {"fips": "44003021902", "gap_national": -51.0, "gap_stratum": -43.7, "burden": 41.5, "capacity": 82.3, "svi": 0.26, "top_decile_gap": 0.0, "stratum": "metropolitan", "scored": 1}, "geometry": {"type": "Polygon", "coordinates": [[[-71.4261, 41.7213], [-71.4203, 41.7178], [-71.4233, 41.7168], [-71.4173, 41.7114], [-71.4131, 41.713], [-71.4071, 41.7098], [-71.4243, 41.7032], [-71.4358, 41.7091], [-71.4261, 41.7213]]]}}, {"type": "Feature", "properties": {"fips": "44003022100", "gap_national": -33.3, "gap_stratum": -25.5, "burden": 61.1, "capacity": 89.3, "svi": 0.3, "top_decile_gap": 0.0, "stratum": "metropolitan", "scored": 1}, "geometry": {"type": "Polygon", "coordinates": [[[-71.4806, 41.7242], [-71.4741, 41.7161], [-71.4709, 41.7162], [-71.4584, 41.7285], [-71.4548, 41.7269], [-71.4541, 41.7292], [-71.4465, 41.7301], [-71.4417, 41.7284], [-71.4509, 41.703], [-71.4614, 41.7034], [-71.4615, 41.7006], [-71.4658, 41.6992], [-71.4905, 41.7098], [-71.4806, 41.7242]]]}}, {"type": "Feature", "properties": {"fips": "44003022300", "gap_national": -16.9, "gap_stratum": -10.3, "burden": 69.7, "capacity": 81.0, "svi": 0.8, "top_decile_gap": 0.0, "stratum": "metropolitan", "scored": 1}, "geometry": {"type": "Polygon", "coordinates": [[[-71.5126, 41.7068], [-71.4905, 41.7175], [-71.4839, 41.7316], [-71.4553, 41.7324], [-71.4513, 41.7397], [-71.4462, 41.74], [-71.4675, 41.7216], [-71.4709, 41.7162], [-71.4741, 41.7161], [-71.4806, 41.7242], [-71.4868, 41.7175], [-71.501, 41.6876], [-71.5017, 41.6965], [-71.5189, 41.6959], [-71.5126, 41.7068]]]}}, {"type": "Feature", "properties": {"fips": "44003020102", "gap_national": -30.7, "gap_stratum": -23.1, "burden": 49.7, "capacity": 72.1, "svi": 0.49, "top_decile_gap": 0.0, "stratum": "metropolitan", "scored": 1}, "geometry": {"type": "Polygon", "coordinates": [[[-71.5251, 41.6856], [-71.5266, 41.6898], [-71.5255, 41.6922], [-71.5228, 41.6917], [-71.5221, 41.6959], [-71.5017, 41.6965], [-71.5007, 41.685], [-71.523, 41.6844], [-71.5275, 41.6806], [-71.533, 41.6802], [-71.5251, 41.6856]]]}}, {"type": "Feature", "properties": {"fips": "44003020200", "gap_national": -15.8, "gap_stratum": -8.7, "burden": 54.5, "capacity": 65.3, "svi": 0.55, "top_decile_gap": 0.0, "stratum": "metropolitan", "scored": 1}, "geometry": {"type": "Polygon", "coordinates": [[[-71.5234, 41.702], [-71.5201, 41.7139], [-71.5236, 41.7158], [-71.5197, 41.7148], [-71.5181, 41.7188], [-71.5137, 41.7198], [-71.5108, 41.7163], [-71.5147, 41.7144], [-71.5024, 41.7115], [-71.5126, 41.7068], [-71.5189, 41.6959], [-71.5226, 41.6956], [-71.5228, 41.6917], [-71.5255, 41.6922], [-71.5268, 41.6874], [-71.5251, 41.6856], [-71.5329, 41.6819], [-71.5331, 41.6953], [-71.5234, 41.702]]]}}, {"type": "Feature", "properties": {"fips": "44007014400", "gap_national": -57.7, "gap_stratum": -50.5, "burden": 42.1, "capacity": 94.5, "svi": 0.29, "top_decile_gap": 0.0, "stratum": "metropolitan", "scored": 1}, "geometry": {"type": "Polygon", "coordinates": [[[-71.4733, 41.7671], [-71.4703, 41.7623], [-71.4614, 41.7631], [-71.4602, 41.7585], [-71.4741, 41.7417], [-71.483, 41.7346], [-71.4733, 41.7671]]]}}, {"type": "Feature", "properties": {"fips": "44007012803", "gap_national": -57.5, "gap_stratum": -50.3, "burden": 41.2, "capacity": 91.3, "svi": 0.19, "top_decile_gap": 0.0, "stratum": "metropolitan", "scored": 1}, "geometry": {"type": "Polygon", "coordinates": [[[-71.5941, 41.9951], [-71.5853, 41.9948], [-71.5798, 41.9993], [-71.5695, 41.9991], [-71.5653, 41.9961], [-71.5568, 41.9967], [-71.5511, 41.9882], [-71.5344, 41.9764], [-71.5054, 41.9687], [-71.5153, 41.9831], [-71.4874, 41.9791], [-71.4891, 41.9747], [-71.4867, 41.9695], [-71.4883, 41.9684], [-71.4864, 41.9659], [-71.4873, 41.9585], [-71.4852, 41.9563], [-71.4881, 41.9549], [-71.4874, 41.9471], [-71.4843, 41.9456], [-71.4853, 41.9425], [-71.4882, 41.9444], [-71.5903, 41.9337], [-71.6004, 41.983], [-71.5941, 41.9951]]]}}, {"type": "Feature", "properties": {"fips": "44007014600", "gap_national": -73.1, "gap_stratum": -68.5, "burden": 26.4, "capacity": 88.4, "svi": 0.15, "top_decile_gap": 0.0, "stratum": "metropolitan", "scored": 1}, "geometry": {"type": "Polygon", "coordinates": [[[-71.535, 41.7933], [-71.5189, 41.7889], [-71.5061, 41.7889], [-71.5007, 41.7804], [-71.5114, 41.7819], [-71.5355, 41.7718], [-71.5198, 41.7637], [-71.5142, 41.753], [-71.4982, 41.7534], [-71.4795, 41.7464], [-71.4839, 41.7316], [-71.5474, 41.7312], [-71.5593, 41.7893], [-71.535, 41.7933]]]}}, {"type": "Feature", "properties": {"fips": "44007011403", "gap_national": -71.3, "gap_stratum": -66.7, "burden": 26.3, "capacity": 85.6, "svi": 0.26, "top_decile_gap": 0.0, "stratum": "metropolitan", "scored": 1}, "geometry": {"type": "Polygon", "coordinates": [[[-71.4727, 41.9943], [-71.4609, 41.9882], [-71.4606, 41.9785], [-71.4464, 41.9665], [-71.4411, 41.9503], [-71.4318, 41.9394], [-71.434, 41.9382], [-71.4429, 41.9477], [-71.4506, 41.9496], [-71.4552, 41.9556], [-71.4618, 41.9574], [-71.4649, 41.9691], [-71.4741, 41.9726], [-71.4788, 41.9772], [-71.4874, 41.9791], [-71.4727, 41.9943]]]}}, {"type": "Feature", "properties": {"fips": "44007010101", "gap_national": -62.2, "gap_stratum": -56.8, "burden": 30.0, "capacity": 79.8, "svi": 0.27, "top_decile_gap": 0.0, "stratum": "metropolitan", "scored": 1}, "geometry": {"type": "Polygon", "coordinates": [[[-71.3545, 41.8595], [-71.3545, 41.8478], [-71.352, 41.8456], [-71.36, 41.8335], [-71.3651, 41.8386], [-71.373, 41.8381], [-71.3723, 41.8505], [-71.375, 41.8574], [-71.3545, 41.8595]]]}}, {"type": "Feature", "properties": {"fips": "44007010102", "gap_national": -40.4, "gap_stratum": -32.4, "burden": 57.0, "capacity": 94.1, "svi": 0.53, "top_decile_gap": 0.0, "stratum": "metropolitan", "scored": 1}, "geometry": {"type": "Polygon", "coordinates": [[[-71.352, 41.8456], [-71.3545, 41.8478], [-71.3545, 41.8595], [-71.3345, 41.8612], [-71.3422, 41.8448], [-71.3352, 41.8355], [-71.3485, 41.8252], [-71.3511, 41.8309], [-71.36, 41.8335], [-71.352, 41.8456]]]}}, {"type": "Feature", "properties": {"fips": "44007000800", "gap_national": -42.1, "gap_stratum": -41.3, "burden": 19.9, "capacity": 56.3, "svi": 0.81, "top_decile_gap": 0.0, "stratum": "metropolitan", "scored": 1}, "geometry": {"type": "Polygon", "coordinates": [[[-71.4174, 41.832], [-71.4106, 41.8315], [-71.4049, 41.82], [-71.4153, 41.8169], [-71.4202, 41.8219], [-71.4174, 41.832]]]}}, {"type": "Feature", "properties": {"fips": "44007001900", "gap_national": 29.9, "gap_stratum": 35.7, "burden": 55.6, "capacity": 33.4, "svi": 0.9, "top_decile_gap": 0.0, "stratum": "metropolitan", "scored": 1}, "geometry": {"type": "Polygon", "coordinates": [[[-71.454, 41.8253], [-71.4336, 41.8242], [-71.4395, 41.816], [-71.4486, 41.8171], [-71.4564, 41.822], [-71.454, 41.8253]]]}}, {"type": "Feature", "properties": {"fips": "44007002102", "gap_national": -9.1, "gap_stratum": -7.1, "burden": 28.0, "capacity": 39.3, "svi": 0.73, "top_decile_gap": 0.0, "stratum": "metropolitan", "scored": 1}, "geometry": {"type": "Polygon", "coordinates": [[[-71.4547, 41.8322], [-71.4445, 41.8324], [-71.4434, 41.8248], [-71.4564, 41.8257], [-71.4547, 41.8322]]]}}, {"type": "Feature", "properties": {"fips": "44007010300", "gap_national": -12.9, "gap_stratum": -6.5, "burden": 71.0, "capacity": 78.3, "svi": 0.67, "top_decile_gap": 0.0, "stratum": "metropolitan", "scored": 1}, "geometry": {"type": "Polygon", "coordinates": [[[-71.3629, 41.8228], [-71.3663, 41.8239], [-71.36, 41.8335], [-71.353, 41.832], [-71.3497, 41.8295], [-71.3501, 41.8259], [-71.3459, 41.8259], [-71.3472, 41.8231], [-71.3393, 41.8066], [-71.3676, 41.8141], [-71.3629, 41.8228]]]}}, {"type": "Feature", "properties": {"fips": "44007016500", "gap_national": -68.1, "gap_stratum": -63.1, "burden": 28.7, "capacity": 84.9, "svi": 0.34, "top_decile_gap": 0.0, "stratum": "metropolitan", "scored": 1}, "geometry": {"type": "Polygon", "coordinates": [[[-71.3912, 41.8664], [-71.3839, 41.8653], [-71.3837, 41.8571], [-71.3996, 41.8568], [-71.3912, 41.8664]]]}}, {"type": "Feature", "properties": {"fips": "44007016800", "gap_national": -33.8, "gap_stratum": -26.6, "burden": 45.5, "capacity": 70.7, "svi": 0.41, "top_decile_gap": 0.0, "stratum": "metropolitan", "scored": 1}, "geometry": {"type": "Polygon", "coordinates": [[[-71.3543, 41.8784], [-71.3544, 41.8702], [-71.3644, 41.8704], [-71.3649, 41.8805], [-71.3543, 41.8784]]]}}, {"type": "Feature", "properties": {"fips": "44007017100", "gap_national": -10.1, "gap_stratum": -4.3, "burden": 50.0, "capacity": 58.1, "svi": 0.89, "top_decile_gap": 0.0, "stratum": "metropolitan", "scored": 1}, "geometry": {"type": "Polygon", "coordinates": [[[-71.3739, 41.8691], [-71.3753, 41.8717], [-71.3718, 41.8726], [-71.3728, 41.879], [-71.3649, 41.8805], [-71.3637, 41.8585], [-71.3767, 41.8575], [-71.3786, 41.8637], [-71.3739, 41.8691]]]}}, {"type": "Feature", "properties": {"fips": "44007000101", "gap_national": 15.2, "gap_stratum": 19.9, "burden": 38.2, "capacity": 28.6, "svi": 0.9, "top_decile_gap": 0.0, "stratum": "metropolitan", "scored": 1}, "geometry": {"type": "Polygon", "coordinates": [[[-71.3901, 41.8052], [-71.3744, 41.7922], [-71.3732, 41.7886], [-71.3723, 41.7902], [-71.3697, 41.7831], [-71.4017, 41.7859], [-71.4049, 41.7964], [-71.3901, 41.8052]]]}}, {"type": "Feature", "properties": {"fips": "44007010600", "gap_national": -42.6, "gap_stratum": -34.5, "burden": 51.4, "capacity": 86.2, "svi": 0.46, "top_decile_gap": 0.0, "stratum": "metropolitan", "scored": 1}, "geometry": {"type": "Polygon", "coordinates": [[[-71.3661, 41.7711], [-71.3661, 41.7786], [-71.3577, 41.7795], [-71.3589, 41.7761], [-71.3536, 41.7719], [-71.3567, 41.7668], [-71.3536, 41.7588], [-71.3558, 41.7451], [-71.3599, 41.7451], [-71.3623, 41.7509], [-71.3618, 41.7607], [-71.3646, 41.7647], [-71.3696, 41.7646], [-71.3661, 41.7711]]]}}, {"type": "Feature", "properties": {"fips": "44007010702", "gap_national": -54.1, "gap_stratum": -46.7, "burden": 42.9, "capacity": 88.7, "svi": 0.1, "top_decile_gap": 0.0, "stratum": "metropolitan", "scored": 1}, "geometry": {"type": "Polygon", "coordinates": [[[-71.3536, 41.7712], [-71.3495, 41.7685], [-71.332, 41.7662], [-71.3539, 41.7513], [-71.3536, 41.7588], [-71.3567, 41.7668], [-71.3536, 41.7712]]]}}, {"type": "Feature", "properties": {"fips": "44007013300", "gap_national": -52.7, "gap_stratum": -45.2, "burden": 44.5, "capacity": 89.3, "svi": 0.16, "top_decile_gap": 0.0, "stratum": "metropolitan", "scored": 1}, "geometry": {"type": "Polygon", "coordinates": [[[-71.691, 41.8565], [-71.6684, 41.7275], [-71.7897, 41.7252], [-71.7947, 41.8544], [-71.691, 41.8565]]]}}, {"type": "Feature", "properties": {"fips": "44007013102", "gap_national": -64.5, "gap_stratum": -58.4, "burden": 34.7, "capacity": 90.0, "svi": 0.09, "top_decile_gap": 0.0, "stratum": "metropolitan", "scored": 1}, "geometry": {"type": "Polygon", "coordinates": [[[-71.6707, 41.8819], [-71.6702, 41.8999], [-71.6672, 41.9057], [-71.6719, 41.9171], [-71.6667, 41.9318], [-71.5903, 41.9337], [-71.5746, 41.8587], [-71.6768, 41.8567], [-71.6742, 41.8737], [-71.6707, 41.8819]]]}}, {"type": "Feature", "properties": {"fips": "44007012300", "gap_national": -32.0, "gap_stratum": -23.8, "burden": 55.2, "capacity": 78.9, "svi": 0.32, "top_decile_gap": 0.0, "stratum": "metropolitan", "scored": 1}, "geometry": {"type": "Polygon", "coordinates": [[[-71.4955, 41.869], [-71.4882, 41.8619], [-71.4856, 41.8535], [-71.481, 41.8508], [-71.4772, 41.8379], [-71.4733, 41.839], [-71.4704, 41.8329], [-71.4816, 41.8368], [-71.4903, 41.8348], [-71.4928, 41.8311], [-71.5007, 41.8298], [-71.5051, 41.8353], [-71.502, 41.8468], [-71.526, 41.8566], [-71.5315, 41.8643], [-71.4955, 41.869]]]}}, {"type": "Feature", "properties": {"fips": "44007011702", "gap_national": -62.8, "gap_stratum": -57.5, "burden": 29.5, "capacity": 79.8, "svi": 0.47, "top_decile_gap": 0.0, "stratum": "metropolitan", "scored": 1}, "geometry": {"type": "Polygon", "coordinates": [[[-71.4359, 41.9076], [-71.4188, 41.9027], [-71.4081, 41.894], [-71.4047, 41.8948], [-71.4071, 41.8919], [-71.4037, 41.8811], [-71.4337, 41.8772], [-71.4473, 41.9025], [-71.4359, 41.9076]]]}}, {"type": "Feature", "properties": {"fips": "44007012104", "gap_national": -42.8, "gap_stratum": -35.8, "burden": 41.2, "capacity": 74.0, "svi": 0.65, "top_decile_gap": 0.0, "stratum": "metropolitan", "scored": 1}, "geometry": {"type": "Polygon", "coordinates": [[[-71.4727, 41.8708], [-71.4713, 41.867], [-71.4823, 41.8639], [-71.4805, 41.8638], [-71.48, 41.8587], [-71.471, 41.8589], [-71.4751, 41.8548], [-71.4814, 41.8565], [-71.4861, 41.8543], [-71.4882, 41.8619], [-71.4955, 41.869], [-71.4727, 41.8708]]]}}, {"type": "Feature", "properties": {"fips": "44007015100", "gap_national": 29.1, "gap_stratum": 33.0, "burden": 67.7, "capacity": 45.5, "svi": 0.89, "top_decile_gap": 0.0, "stratum": "metropolitan", "scored": 1}, "geometry": {"type": "Polygon", "coordinates": [[[-71.3923, 41.8826], [-71.3894, 41.8803], [-71.4013, 41.8704], [-71.4056, 41.8733], [-71.4064, 41.8807], [-71.3923, 41.8826]]]}}, {"type": "Feature", "properties": {"fips": "44007015700", "gap_national": -35.3, "gap_stratum": -28.4, "burden": 43.4, "capacity": 70.0, "svi": 0.39, "top_decile_gap": 0.0, "stratum": "metropolitan", "scored": 1}, "geometry": {"type": "Polygon", "coordinates": [[[-71.3387, 41.8984], [-71.3397, 41.8901], [-71.3541, 41.8879], [-71.3545, 41.8965], [-71.3387, 41.8984]]]}}, {"type": "Feature", "properties": {"fips": "44007012900", "gap_national": -39.9, "gap_stratum": -32.1, "burden": 46.7, "capacity": 76.9, "svi": 0.67, "top_decile_gap": 0.0, "stratum": "metropolitan", "scored": 1}, "geometry": {"type": "Polygon", "coordinates": [[[-71.7272, 41.9673], [-71.7192, 41.9655], [-71.7189, 41.9694], [-71.7145, 41.9652], [-71.7088, 41.9677], [-71.7099, 41.9754], [-71.7052, 41.9771], [-71.7019, 41.9739], [-71.6849, 41.9701], [-71.6789, 41.9711], [-71.6743, 41.9656], [-71.672, 41.9737], [-71.6669, 41.98], [-71.6671, 41.9747], [-71.6629, 41.9654], [-71.6642, 41.9635], [-71.6685, 41.9642], [-71.6689, 41.9621], [-71.6804, 41.9628], [-71.6802, 41.9599], [-71.6857, 41.9578], [-71.6853, 41.9479], [-71.6912, 41.947], [-71.7012, 41.9528], [-71.7028, 41.9516], [-71.7047, 41.9386], [-71.7005, 41.9309], [-71.7092, 41.9307], [-71.7064, 41.9553], [-71.7124, 41.9552], [-71.721, 41.9625], [-71.7307, 41.9654], [-71.7272, 41.9673]]]}}, {"type": "Feature", "properties": {"fips": "44007001700", "gap_national": 12.9, "gap_stratum": 17.7, "burden": 40.0, "capacity": 32.5, "svi": 0.76, "top_decile_gap": 0.0, "stratum": "metropolitan", "scored": 1}, "geometry": {"type": "Polygon", "coordinates": [[[-71.4616, 41.8122], [-71.4554, 41.8132], [-71.4523, 41.8061], [-71.4649, 41.8059], [-71.4616, 41.8122]]]}}, {"type": "Feature", "properties": {"fips": "44007013400", "gap_national": -62.8, "gap_stratum": -56.4, "burden": 36.4, "capacity": 90.6, "svi": 0.4, "top_decile_gap": 0.0, "stratum": "metropolitan", "scored": 1}, "geometry": {"type": "Polygon", "coordinates": [[[-71.4004, 41.778], [-71.3912, 41.7798], [-71.3855, 41.7687], [-71.3838, 41.7585], [-71.3885, 41.7638], [-71.3941, 41.764], [-71.3996, 41.7683], [-71.4014, 41.7666], [-71.4052, 41.7676], [-71.4052, 41.7717], [-71.4004, 41.778]]]}}, {"type": "Feature", "properties": {"fips": "44007013701", "gap_national": -34.4, "gap_stratum": -28.9, "burden": 37.9, "capacity": 65.0, "svi": 0.63, "top_decile_gap": 0.0, "stratum": "metropolitan", "scored": 1}, "geometry": {"type": "Polygon", "coordinates": [[[-71.4358, 41.7789], [-71.4309, 41.7821], [-71.4316, 41.7863], [-71.4206, 41.7862], [-71.426, 41.7715], [-71.437, 41.7723], [-71.4358, 41.7789]]]}}, {"type": "Feature", "properties": {"fips": "44007014000", "gap_national": -33.2, "gap_stratum": -26.3, "burden": 44.3, "capacity": 69.2, "svi": 0.57, "top_decile_gap": 0.0, "stratum": "metropolitan", "scored": 1}, "geometry": {"type": "Polygon", "coordinates": [[[-71.4511, 41.7839], [-71.4524, 41.7898], [-71.4504, 41.7939], [-71.4459, 41.7883], [-71.4316, 41.7863], [-71.4307, 41.7831], [-71.4358, 41.7789], [-71.4409, 41.7814], [-71.4538, 41.7707], [-71.4516, 41.7766], [-71.4561, 41.7843], [-71.4511, 41.7839]]]}}, {"type": "Feature", "properties": {"fips": "44009051400", "gap_national": -20.8, "gap_stratum": -22.6, "burden": 1.6, "capacity": 28.5, "svi": 0.3, "top_decile_gap": 0.0, "stratum": "metropolitan", "scored": 1}, "geometry": {"type": "Polygon", "coordinates": [[[-71.5443, 41.4942], [-71.5305, 41.5038], [-71.5149, 41.5013], [-71.5226, 41.4799], [-71.5511, 41.4826], [-71.5443, 41.4942]]]}}, {"type": "Feature", "properties": {"fips": "44009051202", "gap_national": -48.0, "gap_stratum": -40.1, "burden": 48.6, "capacity": 89.5, "svi": 0.52, "top_decile_gap": 0.0, "stratum": "metropolitan", "scored": 1}, "geometry": {"type": "Polygon", "coordinates": [[[-71.5069, 41.4486], [-71.5025, 41.4476], [-71.5004, 41.451], [-71.5019, 41.4523], [-71.4994, 41.4515], [-71.4981, 41.448], [-71.4901, 41.4464], [-71.4907, 41.4487], [-71.4858, 41.4511], [-71.4868, 41.4637], [-71.4635, 41.4662], [-71.4696, 41.4523], [-71.4793, 41.4422], [-71.4796, 41.4402], [-71.4751, 41.4389], [-71.49, 41.4317], [-71.4955, 41.4241], [-71.4987, 41.4256], [-71.4988, 41.4286], [-71.5051, 41.4357], [-71.5119, 41.4349], [-71.5069, 41.4486]]]}}, {"type": "Feature", "properties": {"fips": "44009051000", "gap_national": -50.4, "gap_stratum": -80.6, "burden": 49.5, "capacity": 98.8, "svi": 0.14, "top_decile_gap": 0.0, "stratum": "micropolitan", "scored": 1}, "geometry": {"type": "Polygon", "coordinates": [[[-71.8605, 41.3202], [-71.8306, 41.3412], [-71.8268, 41.3357], [-71.833, 41.3328], [-71.8318, 41.3294], [-71.8248, 41.3268], [-71.7797, 41.3414], [-71.7525, 41.3427], [-71.7301, 41.3517], [-71.7299, 41.3317], [-71.7517, 41.3254], [-71.7664, 41.3289], [-71.8153, 41.3202], [-71.8574, 41.3063], [-71.8627, 41.3109], [-71.8605, 41.3202]]]}}, {"type": "Feature", "properties": {"fips": "44009050802", "gap_national": -55.3, "gap_stratum": -85.0, "burden": 43.9, "capacity": 93.2, "svi": 0.31, "top_decile_gap": 0.0, "stratum": "micropolitan", "scored": 1}, "geometry": {"type": "Polygon", "coordinates": [[[-71.832, 41.3702], [-71.8297, 41.3676], [-71.8268, 41.3681], [-71.8262, 41.3708], [-71.8175, 41.371], [-71.816, 41.3671], [-71.8184, 41.3666], [-71.8075, 41.3573], [-71.8147, 41.3447], [-71.8226, 41.3431], [-71.8268, 41.3357], [-71.8306, 41.3412], [-71.8313, 41.3513], [-71.8368, 41.3551], [-71.8377, 41.3633], [-71.832, 41.3702]]]}}, {"type": "Feature", "properties": {"fips": "44009051305", "gap_national": -67.6, "gap_stratum": -61.7, "burden": 33.9, "capacity": 95.0, "svi": 0.45, "top_decile_gap": 0.0, "stratum": "metropolitan", "scored": 1}, "geometry": {"type": "Polygon", "coordinates": [[[-71.5149, 41.5013], [-71.4919, 41.4972], [-71.458, 41.4991], [-71.4501, 41.5018], [-71.4467, 41.4891], [-71.4516, 41.4532], [-71.4643, 41.4435], [-71.4748, 41.4389], [-71.4796, 41.4402], [-71.4793, 41.4422], [-71.4696, 41.4523], [-71.4635, 41.4662], [-71.5094, 41.4623], [-71.5226, 41.4799], [-71.5149, 41.5013]]]}}, {"type": "Feature", "properties": {"fips": "44009051101", "gap_national": -48.4, "gap_stratum": -40.5, "burden": 49.0, "capacity": 90.8, "svi": 0.12, "top_decile_gap": 0.0, "stratum": "metropolitan", "scored": 1}, "geometry": {"type": "Polygon", "coordinates": [[[-71.7275, 41.397], [-71.7275, 41.4017], [-71.7236, 41.4044], [-71.7233, 41.4076], [-71.73, 41.4145], [-71.7259, 41.4224], [-71.7262, 41.4274], [-71.719, 41.4283], [-71.7168, 41.4341], [-71.7075, 41.4354], [-71.6999, 41.4304], [-71.6971, 41.433], [-71.6853, 41.4347], [-71.6865, 41.437], [-71.6811, 41.446], [-71.6769, 41.4488], [-71.6717, 41.4611], [-71.6643, 41.4584], [-71.6552, 41.4591], [-71.6501, 41.4535], [-71.6494, 41.4489], [-71.6392, 41.4461], [-71.6325, 41.4488], [-71.6269, 41.4452], [-71.6213, 41.446], [-71.6386, 41.4381], [-71.6487, 41.4217], [-71.6482, 41.4159], [-71.6385, 41.3941], [-71.6421, 41.3848], [-71.6405, 41.3844], [-71.6455, 41.3796], [-71.6467, 41.37], [-71.6463, 41.3669], [-71.6364, 41.3646], [-71.6387, 41.3555], [-71.6967, 41.341], [-71.7052, 41.3343], [-71.716, 41.3311], [-71.7299, 41.3317], [-71.7313, 41.3985], [-71.7275, 41.397]]]}}, {"type": "Feature", "properties": {"fips": "44009050401", "gap_national": -80.7, "gap_stratum": -78.0, "burden": 16.9, "capacity": 83.9, "svi": 0.01, "top_decile_gap": 0.0, "stratum": "metropolitan", "scored": 1}, "geometry": {"type": "Polygon", "coordinates": [[[-71.5189, 41.5647], [-71.5178, 41.5626], [-71.5129, 41.564], [-71.5094, 41.5686], [-71.5037, 41.5716], [-71.4967, 41.5715], [-71.4956, 41.5739], [-71.4924, 41.5706], [-71.4853, 41.5515], [-71.4686, 41.54], [-71.4581, 41.4991], [-71.4919, 41.4972], [-71.5079, 41.5001], [-71.5122, 41.5153], [-71.5196, 41.5299], [-71.5189, 41.5647]]]}}, {"type": "Feature", "properties": {"fips": "44007011901", "gap_national": -28.7, "gap_stratum": -20.5, "burden": 55.4, "capacity": 76.0, "svi": 0.53, "top_decile_gap": 0.0, "stratum": "metropolitan", "scored": 1}, "geometry": {"type": "Polygon", "coordinates": [[[-71.4403, 41.8668], [-71.435, 41.8618], [-71.4467, 41.8541], [-71.4595, 41.8581], [-71.4611, 41.8617], [-71.4403, 41.8668]]]}}, {"type": "Feature", "properties": {"fips": "44007011902", "gap_national": -58.1, "gap_stratum": -50.9, "burden": 42.3, "capacity": 96.1, "svi": 0.19, "top_decile_gap": 0.0, "stratum": "metropolitan", "scored": 1}, "geometry": {"type": "Polygon", "coordinates": [[[-71.4633, 41.8735], [-71.4382, 41.8766], [-71.4403, 41.8668], [-71.4633, 41.8613], [-71.4748, 41.8717], [-71.4633, 41.8735]]]}}, {"type": "Feature", "properties": {"fips": "44003022202", "gap_national": -20.7, "gap_stratum": -14.2, "burden": 70.5, "capacity": 86.6, "svi": 0.67, "top_decile_gap": 0.0, "stratum": "metropolitan", "scored": 1}, "geometry": {"type": "Polygon", "coordinates": [[[-71.4905, 41.7098], [-71.4737, 41.7023], [-71.477, 41.6914], [-71.478, 41.674], [-71.4902, 41.6632], [-71.4992, 41.6629], [-71.501, 41.6889], [-71.4905, 41.7098]]]}}, {"type": "Feature", "properties": {"fips": "44003980000", "gap_national": null, "gap_stratum": null, "burden": null, "capacity": null, "svi": null, "top_decile_gap": null, "stratum": null, "scored": 0}, "geometry": {"type": "Polygon", "coordinates": [[[-71.4365, 41.7326], [-71.4166, 41.7331], [-71.4147, 41.729], [-71.4202, 41.7275], [-71.421, 41.7246], [-71.4172, 41.7224], [-71.4131, 41.713], [-71.4173, 41.7114], [-71.4233, 41.7168], [-71.4203, 41.7178], [-71.4261, 41.7213], [-71.4361, 41.7086], [-71.4415, 41.7105], [-71.4367, 41.7164], [-71.4428, 41.7197], [-71.4365, 41.7326]]]}}, {"type": "Feature", "properties": {"fips": "44005041702", "gap_national": -61.6, "gap_stratum": -55.4, "burden": 34.6, "capacity": 85.2, "svi": 0.14, "top_decile_gap": 0.0, "stratum": "metropolitan", "scored": 1}, "geometry": {"type": "Polygon", "coordinates": [[[-71.2187, 41.5627], [-71.2098, 41.5587], [-71.2084, 41.5812], [-71.2144, 41.5837], [-71.2147, 41.586], [-71.2094, 41.5906], [-71.2092, 41.594], [-71.2037, 41.5961], [-71.2127, 41.6101], [-71.212, 41.6198], [-71.1982, 41.6153], [-71.1752, 41.6257], [-71.153, 41.6242], [-71.1357, 41.6285], [-71.1405, 41.6239], [-71.1409, 41.6074], [-71.1316, 41.5939], [-71.1276, 41.5632], [-71.2117, 41.5454], [-71.216, 41.5472], [-71.2138, 41.5568], [-71.221, 41.5609], [-71.2187, 41.5627]]]}}, {"type": "Feature", "properties": {"fips": "44005041100", "gap_national": -48.2, "gap_stratum": -40.4, "burden": 47.7, "capacity": 88.0, "svi": 0.4, "top_decile_gap": 0.0, "stratum": "metropolitan", "scored": 1}, "geometry": {"type": "MultiPolygon", "coordinates": [[[[-71.3198, 41.5004], [-71.3205, 41.5065], [-71.3188, 41.5068], [-71.3152, 41.49], [-71.3212, 41.4881], [-71.323, 41.4994], [-71.3198, 41.5004]]], [[[-71.327, 41.4931], [-71.3254, 41.4876], [-71.3278, 41.483], [-71.3288, 41.4923], [-71.327, 41.4931]]], [[[-71.3413, 41.5005], [-71.3387, 41.4949], [-71.3431, 41.4949], [-71.3413, 41.5005]]]]}}, {"type": "Feature", "properties": {"fips": "44003021001", "gap_national": -38.5, "gap_stratum": -30.7, "burden": 46.9, "capacity": 75.9, "svi": 0.4, "top_decile_gap": 0.0, "stratum": "metropolitan", "scored": 1}, "geometry": {"type": "Polygon", "coordinates": [[[-71.4197, 41.7568], [-71.4211, 41.7607], [-71.4052, 41.7676], [-71.4048, 41.7603], [-71.4188, 41.7507], [-71.4218, 41.7512], [-71.4197, 41.7568]]]}}, {"type": "Feature", "properties": {"fips": "44007002802", "gap_national": 15.8, "gap_stratum": 20.4, "burden": 64.1, "capacity": 51.8, "svi": 0.93, "top_decile_gap": 0.0, "stratum": "metropolitan", "scored": 1}, "geometry": {"type": "Polygon", "coordinates": [[[-71.435, 41.8618], [-71.4299, 41.8613], [-71.4266, 41.8531], [-71.4288, 41.8537], [-71.4283, 41.8492], [-71.4308, 41.8476], [-71.443, 41.8566], [-71.435, 41.8618]]]}}, {"type": "Feature", "properties": {"fips": "44007011404", "gap_national": -78.1, "gap_stratum": -74.0, "burden": 24.3, "capacity": 93.7, "svi": 0.09, "top_decile_gap": 0.0, "stratum": "metropolitan", "scored": 1}, "geometry": {"type": "Polygon", "coordinates": [[[-71.3913, 41.9777], [-71.3815, 41.9827], [-71.3815, 41.9478], [-71.3845, 41.9494], [-71.3928, 41.9459], [-71.4037, 41.9465], [-71.4008, 41.9569], [-71.3998, 41.976], [-71.405, 41.9819], [-71.3913, 41.9777]]]}}, {"type": "Feature", "properties": {"fips": "44005040104", "gap_national": -77.0, "gap_stratum": -73.0, "burden": 23.8, "capacity": 89.8, "svi": 0.21, "top_decile_gap": 0.0, "stratum": "metropolitan", "scored": 1}, "geometry": {"type": "MultiPolygon", "coordinates": [[[[-71.2986, 41.5849], [-71.2972, 41.5798], [-71.3008, 41.5806], [-71.3015, 41.5857], [-71.2986, 41.5849]]], [[[-71.2944, 41.5714], [-71.2884, 41.5733], [-71.2851, 41.5771], [-71.2857, 41.5828], [-71.2891, 41.5827], [-71.2853, 41.5924], [-71.2782, 41.5926], [-71.276, 41.5896], [-71.27, 41.5891], [-71.265, 41.5938], [-71.2536, 41.5902], [-71.2507, 41.5698], [-71.2589, 41.5481], [-71.2657, 41.5383], [-71.3012, 41.5625], [-71.2944, 41.5714]]]]}}, {"type": "Feature", "properties": {"fips": "44009050702", "gap_national": -58.5, "gap_stratum": -51.9, "burden": 37.0, "capacity": 85.1, "svi": 0.2, "top_decile_gap": 0.0, "stratum": "metropolitan", "scored": 1}, "geometry": {"type": "Polygon", "coordinates": [[[-71.796, 41.4073], [-71.7984, 41.4089], [-71.7961, 41.4145], [-71.7977, 41.4169], [-71.7965, 41.4426], [-71.7826, 41.4504], [-71.7658, 41.4655], [-71.7442, 41.4803], [-71.7162, 41.4952], [-71.7173, 41.4846], [-71.7122, 41.4843], [-71.715, 41.4828], [-71.7137, 41.4778], [-71.7169, 41.477], [-71.7185, 41.4713], [-71.7166, 41.471], [-71.7209, 41.4659], [-71.7212, 41.4606], [-71.7123, 41.4598], [-71.7119, 41.4543], [-71.717, 41.4499], [-71.7162, 41.4434], [-71.7225, 41.4378], [-71.719, 41.4283], [-71.7262, 41.4274], [-71.7259, 41.4224], [-71.7292, 41.4177], [-71.73, 41.4145], [-71.7233, 41.4076], [-71.7236, 41.4044], [-71.7275, 41.4017], [-71.7275, 41.397], [-71.7351, 41.3997], [-71.7311, 41.4008], [-71.7421, 41.4013], [-71.7469, 41.4034], [-71.7479, 41.4067], [-71.7551, 41.408], [-71.7681, 41.3948], [-71.7705, 41.3982], [-71.7672, 41.3992], [-71.7727, 41.4004], [-71.7715, 41.3971], [-71.7762, 41.3935], [-71.7808, 41.3935], [-71.7792, 41.3873], [-71.782, 41.3886], [-71.7839, 41.3866], [-71.79, 41.3926], [-71.797, 41.393], [-71.7981, 41.3967], [-71.7947, 41.3979], [-71.7998, 41.3986], [-71.8035, 41.4041], [-71.796, 41.4073]]]}}, {"type": "Feature", "properties": {"fips": "44003021901", "gap_national": -33.8, "gap_stratum": -25.7, "burden": 51.0, "capacity": 76.0, "svi": 0.28, "top_decile_gap": 0.0, "stratum": "metropolitan", "scored": 1}, "geometry": {"type": "Polygon", "coordinates": [[[-71.4446, 41.7205], [-71.4367, 41.7164], [-71.4415, 41.7105], [-71.4243, 41.7032], [-71.446, 41.6998], [-71.4455, 41.6982], [-71.4523, 41.6993], [-71.4446, 41.7205]]]}}, {"type": "Feature", "properties": {"fips": "44003020800", "gap_national": -51.4, "gap_stratum": -44.0, "burden": 42.8, "capacity": 84.6, "svi": 0.21, "top_decile_gap": 0.0, "stratum": "metropolitan", "scored": 1}, "geometry": {"type": "Polygon", "coordinates": [[[-71.787, 41.6561], [-71.5471, 41.6619], [-71.5448, 41.602], [-71.7894, 41.5969], [-71.787, 41.6561]]]}}, {"type": "Feature", "properties": {"fips": "44003020602", "gap_national": -24.2, "gap_stratum": -16.8, "burden": 65.5, "capacity": 83.5, "svi": 0.43, "top_decile_gap": 0.0, "stratum": "metropolitan", "scored": 1}, "geometry": {"type": "Polygon", "coordinates": [[[-71.5914, 41.7014], [-71.5823, 41.6997], [-71.577, 41.7018], [-71.5735, 41.7104], [-71.5729, 41.7064], [-71.5666, 41.7007], [-71.5653, 41.6948], [-71.5578, 41.6943], [-71.5571, 41.6918], [-71.5474, 41.6964], [-71.5501, 41.6889], [-71.5541, 41.6872], [-71.5518, 41.6849], [-71.5872, 41.6785], [-71.588, 41.6876], [-71.5952, 41.6938], [-71.5914, 41.7014]]]}}, {"type": "Feature", "properties": {"fips": "44001030400", "gap_national": -87.8, "gap_stratum": -85.9, "burden": 13.9, "capacity": 90.0, "svi": 0.01, "top_decile_gap": 0.0, "stratum": "metropolitan", "scored": 1}, "geometry": {"type": "Polygon", "coordinates": [[[-71.3332, 41.7336], [-71.3304, 41.739], [-71.2958, 41.7377], [-71.2941, 41.7331], [-71.2895, 41.7326], [-71.2875, 41.7238], [-71.2893, 41.716], [-71.2953, 41.7072], [-71.2988, 41.711], [-71.3014, 41.7064], [-71.3038, 41.7066], [-71.308, 41.7128], [-71.3058, 41.7187], [-71.3071, 41.7216], [-71.3242, 41.7254], [-71.3395, 41.7248], [-71.3411, 41.7297], [-71.3332, 41.7336]]]}}, {"type": "Feature", "properties": {"fips": "44007013002", "gap_national": -59.6, "gap_stratum": -53.0, "burden": 36.6, "capacity": 85.8, "svi": 0.26, "top_decile_gap": 0.0, "stratum": "metropolitan", "scored": 1}, "geometry": {"type": "Polygon", "coordinates": [[[-71.7012, 41.9528], [-71.6912, 41.947], [-71.6853, 41.9479], [-71.6857, 41.9578], [-71.6802, 41.9599], [-71.6804, 41.9628], [-71.6689, 41.9621], [-71.6685, 41.9642], [-71.6642, 41.9635], [-71.6629, 41.9654], [-71.6671, 41.9747], [-71.6664, 41.9797], [-71.672, 41.9737], [-71.6743, 41.9656], [-71.6832, 41.9805], [-71.6837, 41.9933], [-71.68, 42.0049], [-71.6767, 42.0075], [-71.678, 42.0118], [-71.6067, 42.0134], [-71.5903, 41.9337], [-71.7005, 41.9309], [-71.7047, 41.9386], [-71.7012, 41.9528]]]}}, {"type": "Feature", "properties": {"fips": "44007011402", "gap_national": -81.9, "gap_stratum": -78.7, "burden": 20.2, "capacity": 91.4, "svi": 0.23, "top_decile_gap": 0.0, "stratum": "metropolitan", "scored": 1}, "geometry": {"type": "Polygon", "coordinates": [[[-71.4599, 42.0076], [-71.4581, 42.0178], [-71.3814, 42.0188], [-71.3815, 41.9827], [-71.3913, 41.9777], [-71.408, 41.9826], [-71.4161, 41.9825], [-71.4152, 41.9781], [-71.4185, 41.971], [-71.4256, 41.9725], [-71.4369, 41.9698], [-71.4429, 41.9716], [-71.4478, 41.9677], [-71.4606, 41.9785], [-71.4609, 41.9882], [-71.4727, 41.9943], [-71.4599, 42.0076]]]}}, {"type": "Feature", "properties": {"fips": "44007000102", "gap_national": 0.0, "gap_stratum": 5.0, "burden": 47.7, "capacity": 49.5, "svi": 0.77, "top_decile_gap": 0.0, "stratum": "metropolitan", "scored": 1}, "geometry": {"type": "Polygon", "coordinates": [[[-71.4176, 41.7896], [-71.4049, 41.7964], [-71.4017, 41.7859], [-71.4043, 41.7858], [-71.4038, 41.781], [-71.4088, 41.7781], [-71.41, 41.7738], [-71.4119, 41.7724], [-71.4238, 41.7773], [-71.4176, 41.7896]]]}}, {"type": "Feature", "properties": {"fips": "44007013101", "gap_national": -57.2, "gap_stratum": -50.1, "burden": 41.0, "capacity": 90.2, "svi": 0.04, "top_decile_gap": 0.0, "stratum": "metropolitan", "scored": 1}, "geometry": {"type": "Polygon", "coordinates": [[[-71.6667, 41.9318], [-71.6719, 41.9171], [-71.6672, 41.9057], [-71.6702, 41.8999], [-71.6707, 41.8819], [-71.6736, 41.8772], [-71.6768, 41.8567], [-71.7947, 41.8544], [-71.7977, 41.9286], [-71.6667, 41.9318]]]}}, {"type": "Feature", "properties": {"fips": "44007012500", "gap_national": -18.0, "gap_stratum": -10.7, "burden": 66.0, "capacity": 77.6, "svi": 0.8, "top_decile_gap": 0.0, "stratum": "metropolitan", "scored": 1}, "geometry": {"type": "Polygon", "coordinates": [[[-71.5298, 41.803], [-71.5165, 41.8059], [-71.4763, 41.8053], [-71.4728, 41.8017], [-71.4637, 41.805], [-71.4676, 41.7981], [-71.4814, 41.7965], [-71.4902, 41.7914], [-71.5031, 41.7891], [-71.5264, 41.7903], [-71.5342, 41.7932], [-71.5298, 41.803]]]}}, {"type": "Feature", "properties": {"fips": "44007012801", "gap_national": -58.1, "gap_stratum": -51.0, "burden": 41.2, "capacity": 92.5, "svi": 0.34, "top_decile_gap": 0.0, "stratum": "metropolitan", "scored": 1}, "geometry": {"type": "Polygon", "coordinates": [[[-71.5769, 42.0141], [-71.5291, 42.015], [-71.5297, 42.0098], [-71.5399, 42.0099], [-71.5332, 41.9934], [-71.5518, 41.9998], [-71.5566, 41.9995], [-71.5568, 41.9967], [-71.5653, 41.9961], [-71.5695, 41.9991], [-71.5798, 41.9993], [-71.5853, 41.9948], [-71.5948, 41.9947], [-71.6004, 41.983], [-71.6067, 42.0134], [-71.5769, 42.0141]]]}}, {"type": "Feature", "properties": {"fips": "44007013201", "gap_national": -67.0, "gap_stratum": -61.2, "burden": 32.8, "capacity": 90.5, "svi": 0.05, "top_decile_gap": 0.0, "stratum": "metropolitan", "scored": 1}, "geometry": {"type": "Polygon", "coordinates": [[[-71.5746, 41.8587], [-71.5485, 41.7303], [-71.5862, 41.7291], [-71.5827, 41.7369], [-71.5767, 41.7381], [-71.579, 41.7402], [-71.59, 41.7368], [-71.5957, 41.7383], [-71.5966, 41.7421], [-71.5889, 41.7507], [-71.6025, 41.7786], [-71.6015, 41.7894], [-71.5914, 41.8258], [-71.5968, 41.8361], [-71.6101, 41.8395], [-71.6115, 41.848], [-71.6077, 41.8526], [-71.6131, 41.8578], [-71.5746, 41.8587]]]}}, {"type": "Feature", "properties": {"fips": "44007012702", "gap_national": -66.5, "gap_stratum": -60.6, "burden": 34.2, "capacity": 93.3, "svi": 0.3, "top_decile_gap": 0.0, "stratum": "metropolitan", "scored": 1}, "geometry": {"type": "Polygon", "coordinates": [[[-71.5503, 41.8709], [-71.5405, 41.8815], [-71.5314, 41.8727], [-71.5315, 41.8643], [-71.5746, 41.8587], [-71.5794, 41.8818], [-71.5503, 41.8709]]]}}, {"type": "Feature", "properties": {"fips": "44007002400", "gap_national": -32.4, "gap_stratum": -33.9, "burden": 11.5, "capacity": 43.6, "svi": 0.29, "top_decile_gap": 0.0, "stratum": "metropolitan", "scored": 1}, "geometry": {"type": "Polygon", "coordinates": [[[-71.4467, 41.8541], [-71.4326, 41.8468], [-71.433, 41.8445], [-71.4294, 41.8442], [-71.4299, 41.8411], [-71.4405, 41.8431], [-71.4406, 41.8406], [-71.4452, 41.8426], [-71.4449, 41.839], [-71.4516, 41.8387], [-71.4565, 41.8321], [-71.4645, 41.8337], [-71.4629, 41.834], [-71.4646, 41.8421], [-71.4467, 41.8541]]]}}, {"type": "Feature", "properties": {"fips": "44009050500", "gap_national": -51.9, "gap_stratum": -44.5, "burden": 42.6, "capacity": 84.9, "svi": 0.32, "top_decile_gap": 0.0, "stratum": "metropolitan", "scored": 1}, "geometry": {"type": "Polygon", "coordinates": [[[-71.7894, 41.5969], [-71.5224, 41.6026], [-71.5181, 41.5922], [-71.5196, 41.5299], [-71.5122, 41.5153], [-71.5079, 41.5001], [-71.5305, 41.5038], [-71.613, 41.5251], [-71.6207, 41.5642], [-71.7917, 41.5461], [-71.7894, 41.5969]]]}}, {"type": "Feature", "properties": {"fips": "44009051306", "gap_national": -75.9, "gap_stratum": -71.8, "burden": 24.0, "capacity": 88.6, "svi": 0.25, "top_decile_gap": 0.0, "stratum": "metropolitan", "scored": 1}, "geometry": {"type": "Polygon", "coordinates": [[[-71.5305, 41.5038], [-71.5443, 41.4942], [-71.5511, 41.4826], [-71.5209, 41.4801], [-71.5127, 41.4686], [-71.5094, 41.4623], [-71.5282, 41.454], [-71.5159, 41.4329], [-71.5173, 41.4307], [-71.5308, 41.4346], [-71.552, 41.4272], [-71.6001, 41.4325], [-71.5951, 41.4462], [-71.5982, 41.4496], [-71.6089, 41.4522], [-71.5986, 41.458], [-71.597, 41.462], [-71.6059, 41.4757], [-71.6012, 41.4778], [-71.601, 41.4807], [-71.6043, 41.4865], [-71.6089, 41.4877], [-71.6077, 41.4938], [-71.6095, 41.498], [-71.6075, 41.5009], [-71.613, 41.5251], [-71.5305, 41.5038]]]}}, {"type": "Feature", "properties": {"fips": "44009051502", "gap_national": -71.2, "gap_stratum": -66.1, "burden": 29.7, "capacity": 92.0, "svi": 0.07, "top_decile_gap": 0.0, "stratum": "metropolitan", "scored": 1}, "geometry": {"type": "Polygon", "coordinates": [[[-71.4467, 41.4891], [-71.4501, 41.5018], [-71.4197, 41.5032], [-71.4214, 41.4986], [-71.4209, 41.4932], [-71.4186, 41.4921], [-71.4208, 41.49], [-71.4203, 41.4836], [-71.418, 41.4821], [-71.4184, 41.4727], [-71.4212, 41.4699], [-71.423, 41.4727], [-71.4307, 41.4706], [-71.43, 41.4611], [-71.4258, 41.456], [-71.4303, 41.453], [-71.4311, 41.4473], [-71.4391, 41.4392], [-71.4412, 41.4424], [-71.4461, 41.4434], [-71.4516, 41.4532], [-71.4467, 41.4891]]]}}, {"type": "Feature", "properties": {"fips": "44009051102", "gap_national": -54.0, "gap_stratum": -46.5, "burden": 45.7, "capacity": 95.4, "svi": 0.28, "top_decile_gap": 0.0, "stratum": "metropolitan", "scored": 1}, "geometry": {"type": "Polygon", "coordinates": [[[-71.6386, 41.4381], [-71.6184, 41.4467], [-71.6123, 41.452], [-71.5982, 41.4496], [-71.5951, 41.4462], [-71.6256, 41.3608], [-71.6383, 41.3554], [-71.6386, 41.3612], [-71.6356, 41.3626], [-71.6364, 41.3646], [-71.6463, 41.3669], [-71.6455, 41.3796], [-71.6405, 41.3844], [-71.6421, 41.3848], [-71.6385, 41.3941], [-71.6482, 41.4159], [-71.6487, 41.4217], [-71.6386, 41.4381]]]}}, {"type": "Feature", "properties": {"fips": "44009050301", "gap_national": -74.6, "gap_stratum": -70.3, "burden": 25.5, "capacity": 89.2, "svi": 0.08, "top_decile_gap": 0.0, "stratum": "metropolitan", "scored": 1}, "geometry": {"type": "Polygon", "coordinates": [[[-71.5184, 41.594], [-71.4925, 41.5947], [-71.4721, 41.5881], [-71.4655, 41.5896], [-71.459, 41.5868], [-71.4648, 41.5568], [-71.4687, 41.5537], [-71.4686, 41.54], [-71.4853, 41.5515], [-71.4924, 41.5706], [-71.4956, 41.5739], [-71.4967, 41.5715], [-71.5037, 41.5716], [-71.5178, 41.5626], [-71.5184, 41.594]]]}}, {"type": "Feature", "properties": {"fips": "44009050102", "gap_national": -77.6, "gap_stratum": -73.4, "burden": 25.1, "capacity": 94.7, "svi": 0.07, "top_decile_gap": 0.0, "stratum": "metropolitan", "scored": 1}, "geometry": {"type": "Polygon", "coordinates": [[[-71.4845, 41.6037], [-71.4794, 41.6017], [-71.4725, 41.6026], [-71.4692, 41.5998], [-71.4667, 41.6004], [-71.4663, 41.6043], [-71.4611, 41.6032], [-71.464, 41.5997], [-71.4581, 41.6003], [-71.457, 41.6033], [-71.4442, 41.5972], [-71.4487, 41.5964], [-71.4463, 41.5933], [-71.4343, 41.5895], [-71.4351, 41.5855], [-71.4305, 41.5832], [-71.4395, 41.5773], [-71.4409, 41.585], [-71.4464, 41.5832], [-71.4443, 41.5789], [-71.4469, 41.5774], [-71.4592, 41.5836], [-71.459, 41.5868], [-71.4655, 41.5896], [-71.4721, 41.5881], [-71.4925, 41.5947], [-71.5184, 41.594], [-71.5224, 41.6026], [-71.4845, 41.6037]]]}}, {"type": "Feature", "properties": {"fips": "44009050302", "gap_national": -58.1, "gap_stratum": -51.0, "burden": 41.8, "capacity": 94.4, "svi": 0.32, "top_decile_gap": 0.0, "stratum": "metropolitan", "scored": 1}, "geometry": {"type": "Polygon", "coordinates": [[[-71.4648, 41.5568], [-71.4592, 41.5836], [-71.4521, 41.5817], [-71.4464, 41.5745], [-71.4381, 41.5706], [-71.4441, 41.568], [-71.4422, 41.5638], [-71.436, 41.5622], [-71.4448, 41.56], [-71.441, 41.5548], [-71.4413, 41.5486], [-71.4536, 41.5484], [-71.4679, 41.5439], [-71.4687, 41.5537], [-71.4648, 41.5568]]]}}, {"type": "Feature", "properties": {"fips": "44009050701", "gap_national": -43.4, "gap_stratum": -35.3, "burden": 48.3, "capacity": 82.5, "svi": 0.23, "top_decile_gap": 0.0, "stratum": "metropolitan", "scored": 1}, "geometry": {"type": "Polygon", "coordinates": [[[-71.7917, 41.5461], [-71.715, 41.5542], [-71.7092, 41.5476], [-71.7008, 41.5489], [-71.697, 41.5448], [-71.6961, 41.54], [-71.6985, 41.5388], [-71.6946, 41.5329], [-71.6966, 41.5304], [-71.6872, 41.5284], [-71.6893, 41.5239], [-71.7055, 41.5146], [-71.7081, 41.5096], [-71.7125, 41.5078], [-71.7119, 41.5048], [-71.7155, 41.5048], [-71.7162, 41.4952], [-71.7442, 41.4803], [-71.7658, 41.4655], [-71.7826, 41.4504], [-71.7965, 41.4426], [-71.7917, 41.5461]]]}}, {"type": "Feature", "properties": {"fips": "44005040400", "gap_national": -67.6, "gap_stratum": -61.7, "burden": 33.9, "capacity": 95.1, "svi": 0.21, "top_decile_gap": 0.0, "stratum": "metropolitan", "scored": 1}, "geometry": {"type": "Polygon", "coordinates": [[[-71.2892, 41.5059], [-71.2933, 41.5189], [-71.2759, 41.5262], [-71.2657, 41.5382], [-71.2334, 41.5141], [-71.2407, 41.5056], [-71.2407, 41.5017], [-71.248, 41.4903], [-71.2443, 41.4857], [-71.2374, 41.4857], [-71.2404, 41.4761], [-71.2464, 41.4729], [-71.2459, 41.4816], [-71.2582, 41.4879], [-71.2676, 41.4882], [-71.2689, 41.4847], [-71.2766, 41.48], [-71.2823, 41.4883], [-71.2857, 41.489], [-71.2943, 41.4982], [-71.2949, 41.5019], [-71.2892, 41.5059]]]}}, {"type": "Feature", "properties": {"fips": "44005040700", "gap_national": -69.8, "gap_stratum": -64.5, "burden": 30.3, "capacity": 90.5, "svi": 0.11, "top_decile_gap": 0.0, "stratum": "metropolitan", "scored": 1}, "geometry": {"type": "Polygon", "coordinates": [[[-71.3099, 41.4935], [-71.3068, 41.4917], [-71.3022, 41.4954], [-71.3052, 41.4992], [-71.3007, 41.5002], [-71.3004, 41.5046], [-71.2857, 41.489], [-71.3088, 41.4858], [-71.3129, 41.4867], [-71.3099, 41.4935]]]}}, {"type": "Feature", "properties": {"fips": "44003021903", "gap_national": -51.3, "gap_stratum": -43.7, "burden": 45.3, "capacity": 88.6, "svi": 0.16, "top_decile_gap": 0.0, "stratum": "metropolitan", "scored": 1}, "geometry": {"type": "Polygon", "coordinates": [[[-71.4203, 41.7041], [-71.4143, 41.6978], [-71.4072, 41.6945], [-71.4013, 41.6835], [-71.43, 41.6863], [-71.4292, 41.6963], [-71.4455, 41.6982], [-71.446, 41.6998], [-71.4203, 41.7041]]]}}, {"type": "Feature", "properties": {"fips": "44003022400", "gap_national": -42.4, "gap_stratum": -34.3, "burden": 55.6, "capacity": 94.9, "svi": 0.05, "top_decile_gap": 0.0, "stratum": "metropolitan", "scored": 1}, "geometry": {"type": "Polygon", "coordinates": [[[-71.4648, 41.6389], [-71.4657, 41.6431], [-71.458, 41.6498], [-71.4555, 41.6474], [-71.4522, 41.6485], [-71.4402, 41.6668], [-71.4347, 41.6663], [-71.4243, 41.6703], [-71.4177, 41.6653], [-71.4086, 41.6632], [-71.4089, 41.6538], [-71.4239, 41.6539], [-71.4425, 41.6458], [-71.442, 41.6433], [-71.4493, 41.6367], [-71.4489, 41.6325], [-71.4514, 41.6295], [-71.4591, 41.6379], [-71.4624, 41.6384], [-71.4678, 41.6342], [-71.4687, 41.6386], [-71.4648, 41.6389]]]}}, {"type": "Feature", "properties": {"fips": "44007012200", "gap_national": -65.6, "gap_stratum": -59.8, "burden": 32.7, "capacity": 88.1, "svi": 0.35, "top_decile_gap": 0.0, "stratum": "metropolitan", "scored": 1}, "geometry": {"type": "Polygon", "coordinates": [[[-71.5315, 41.8643], [-71.526, 41.8566], [-71.502, 41.8468], [-71.5052, 41.8391], [-71.5018, 41.8312], [-71.5079, 41.8268], [-71.5026, 41.8221], [-71.4994, 41.8222], [-71.4942, 41.8087], [-71.491, 41.8058], [-71.5266, 41.804], [-71.5298, 41.803], [-71.5342, 41.7932], [-71.5593, 41.7893], [-71.5746, 41.8587], [-71.5315, 41.8643]]]}}, {"type": "Feature", "properties": {"fips": "44007011600", "gap_national": -73.9, "gap_stratum": -69.0, "burden": 28.3, "capacity": 94.6, "svi": 0.36, "top_decile_gap": 0.0, "stratum": "metropolitan", "scored": 1}, "geometry": {"type": "Polygon", "coordinates": [[[-71.4792, 41.9405], [-71.4744, 41.9405], [-71.4759, 41.9428], [-71.4566, 41.9404], [-71.4498, 41.9346], [-71.434, 41.9382], [-71.4307, 41.9334], [-71.4323, 41.9265], [-71.4254, 41.9202], [-71.4334, 41.918], [-71.4349, 41.9122], [-71.4316, 41.9067], [-71.4359, 41.9076], [-71.4473, 41.9025], [-71.4337, 41.8772], [-71.4668, 41.8728], [-71.484, 41.9259], [-71.4792, 41.9405]]]}}, {"type": "Feature", "properties": {"fips": "44007013001", "gap_national": -53.2, "gap_stratum": -45.7, "burden": 43.5, "capacity": 88.2, "svi": 0.16, "top_decile_gap": 0.0, "stratum": "metropolitan", "scored": 1}, "geometry": {"type": "Polygon", "coordinates": [[[-71.678, 42.0118], [-71.6767, 42.0075], [-71.68, 42.0049], [-71.6837, 41.9933], [-71.6832, 41.9805], [-71.6784, 41.9709], [-71.6849, 41.9701], [-71.7019, 41.9739], [-71.7061, 41.9771], [-71.7099, 41.9754], [-71.7088, 41.9677], [-71.7145, 41.9652], [-71.7189, 41.9694], [-71.7192, 41.9655], [-71.7301, 41.9668], [-71.7306, 41.9652], [-71.721, 41.9625], [-71.7124, 41.9552], [-71.7064, 41.9553], [-71.7092, 41.9307], [-71.7977, 41.9286], [-71.7992, 42.0081], [-71.678, 42.0118]]]}}, {"type": "Feature", "properties": {"fips": "44007000500", "gap_national": 52.6, "gap_stratum": 53.6, "burden": 81.3, "capacity": 38.7, "svi": 0.95, "top_decile_gap": 0.0, "stratum": "metropolitan", "scored": 1}, "geometry": {"type": "Polygon", "coordinates": [[[-71.4067, 41.8031], [-71.4049, 41.7964], [-71.4094, 41.794], [-71.4174, 41.8004], [-71.4067, 41.8031]]]}}, {"type": "Feature", "properties": {"fips": "44007001300", "gap_national": -16.2, "gap_stratum": -15.4, "burden": 22.4, "capacity": 39.9, "svi": 0.61, "top_decile_gap": 0.0, "stratum": "metropolitan", "scored": 1}, "geometry": {"type": "Polygon", "coordinates": [[[-71.4395, 41.816], [-71.4313, 41.8166], [-71.4296, 41.8126], [-71.4334, 41.8096], [-71.4408, 41.8086], [-71.4395, 41.816]]]}}, {"type": "Feature", "properties": {"fips": "44009050801", "gap_national": -40.2, "gap_stratum": -72.3, "burden": 44.0, "capacity": 74.5, "svi": 0.68, "top_decile_gap": 0.0, "stratum": "micropolitan", "scored": 1}, "geometry": {"type": "Polygon", "coordinates": [[[-71.8342, 41.3908], [-71.8325, 41.395], [-71.8223, 41.4004], [-71.8209, 41.397], [-71.825, 41.3833], [-71.8121, 41.3849], [-71.8156, 41.3836], [-71.8148, 41.3787], [-71.8165, 41.3752], [-71.8207, 41.374], [-71.8203, 41.3709], [-71.8262, 41.3708], [-71.8268, 41.3681], [-71.8297, 41.3676], [-71.832, 41.3702], [-71.8327, 41.3756], [-71.8306, 41.3788], [-71.8335, 41.3824], [-71.8327, 41.3872], [-71.8411, 41.3941], [-71.8342, 41.3908]]]}}, {"type": "Feature", "properties": {"fips": "44007014800", "gap_national": -60.8, "gap_stratum": -54.3, "burden": 36.6, "capacity": 87.8, "svi": 0.22, "top_decile_gap": 0.0, "stratum": "metropolitan", "scored": 1}, "geometry": {"type": "Polygon", "coordinates": [[[-71.4902, 41.7914], [-71.4797, 41.7969], [-71.4721, 41.7909], [-71.4723, 41.781], [-71.4826, 41.7782], [-71.5007, 41.7804], [-71.5061, 41.7889], [-71.4902, 41.7914]]]}}, {"type": "Feature", "properties": {"fips": "44007010501", "gap_national": -9.5, "gap_stratum": -3.2, "burden": 70.3, "capacity": 74.6, "svi": 0.63, "top_decile_gap": 0.0, "stratum": "metropolitan", "scored": 1}, "geometry": {"type": "Polygon", "coordinates": [[[-71.3646, 41.8125], [-71.3628, 41.8131], [-71.3393, 41.8066], [-71.3407, 41.7983], [-71.3339, 41.7945], [-71.3301, 41.7884], [-71.3634, 41.7981], [-71.3625, 41.8006], [-71.3667, 41.8014], [-71.3646, 41.8125]]]}}, {"type": "Feature", "properties": {"fips": "44007015200", "gap_national": 34.0, "gap_stratum": 32.6, "burden": 94.9, "capacity": 60.0, "svi": 0.97, "top_decile_gap": 0.0, "stratum": "metropolitan", "scored": 1}, "geometry": {"type": "Polygon", "coordinates": [[[-71.381, 41.8841], [-71.3847, 41.8734], [-71.3876, 41.8735], [-71.3877, 41.8788], [-71.3923, 41.8826], [-71.381, 41.8841]]]}}, {"type": "Feature", "properties": {"fips": "44007000600", "gap_national": 15.1, "gap_stratum": 20.1, "burden": 45.6, "capacity": 36.2, "svi": 0.85, "top_decile_gap": 0.0, "stratum": "metropolitan", "scored": 1}, "geometry": {"type": "Polygon", "coordinates": [[[-71.4049, 41.82], [-71.398, 41.8103], [-71.395, 41.8108], [-71.3901, 41.8052], [-71.4049, 41.7964], [-71.4067, 41.8031], [-71.4102, 41.8022], [-71.4131, 41.8059], [-71.4112, 41.8102], [-71.4137, 41.8149], [-71.4119, 41.8151], [-71.415, 41.8172], [-71.4049, 41.82]]]}}, {"type": "Feature", "properties": {"fips": "44007012601", "gap_national": -32.1, "gap_stratum": -34.6, "burden": 1.6, "capacity": 38.3, "svi": 0.2, "top_decile_gap": 0.0, "stratum": "metropolitan", "scored": 1}, "geometry": {"type": "Polygon", "coordinates": [[[-71.4908, 41.9432], [-71.4892, 41.9385], [-71.5027, 41.9294], [-71.5091, 41.9103], [-71.5215, 41.9], [-71.5229, 41.8959], [-71.5155, 41.8798], [-71.5146, 41.8665], [-71.5315, 41.8643], [-71.5313, 41.8726], [-71.5369, 41.8772], [-71.532, 41.8818], [-71.5364, 41.8861], [-71.5382, 41.8946], [-71.5433, 41.8987], [-71.5441, 41.9046], [-71.5529, 41.9157], [-71.5528, 41.9201], [-71.5496, 41.9218], [-71.5553, 41.9369], [-71.4908, 41.9432]]]}}, {"type": "Feature", "properties": {"fips": "44005041200", "gap_national": -12.6, "gap_stratum": -13.5, "burden": 6.6, "capacity": 22.9, "svi": 0.79, "top_decile_gap": 0.0, "stratum": "metropolitan", "scored": 1}, "geometry": {"type": "Polygon", "coordinates": [[[-71.326, 41.5143], [-71.3271, 41.5216], [-71.324, 41.5224], [-71.3209, 41.5195], [-71.3122, 41.5209], [-71.3187, 41.5142], [-71.3198, 41.5004], [-71.322, 41.4995], [-71.3231, 41.5031], [-71.3307, 41.5077], [-71.3293, 41.5138], [-71.326, 41.5143]]]}}, {"type": "Feature", "properties": {"fips": "44003022000", "gap_national": -46.3, "gap_stratum": -38.3, "burden": 49.3, "capacity": 87.9, "svi": 0.32, "top_decile_gap": 0.0, "stratum": "metropolitan", "scored": 1}, "geometry": {"type": "MultiPolygon", "coordinates": [[[[-71.4483, 41.6705], [-71.4483, 41.6794], [-71.4443, 41.6736], [-71.447, 41.6712], [-71.4449, 41.664], [-71.4502, 41.6655], [-71.4483, 41.6705]]], [[[-71.4615, 41.7006], [-71.4614, 41.7034], [-71.4542, 41.7035], [-71.4509, 41.703], [-71.4513, 41.699], [-71.4292, 41.6963], [-71.43, 41.6863], [-71.4413, 41.6864], [-71.4419, 41.69], [-71.4459, 41.6911], [-71.4502, 41.6865], [-71.4497, 41.6833], [-71.4539, 41.6858], [-71.4593, 41.6971], [-71.4658, 41.6992], [-71.4615, 41.7006]]]]}}, {"type": "Feature", "properties": {"fips": "44009051302", "gap_national": -60.3, "gap_stratum": -53.3, "burden": 40.6, "capacity": 96.5, "svi": 0.13, "top_decile_gap": 0.0, "stratum": "metropolitan", "scored": 1}, "geometry": {"type": "Polygon", "coordinates": [[[-71.614, 41.3935], [-71.5464, 41.3976], [-71.5344, 41.4025], [-71.5298, 41.4145], [-71.5206, 41.427], [-71.4987, 41.4284], [-71.4987, 41.4256], [-71.4955, 41.4241], [-71.4971, 41.4175], [-71.5032, 41.4176], [-71.5048, 41.4075], [-71.5146, 41.3848], [-71.5228, 41.3767], [-71.5315, 41.3765], [-71.5409, 41.373], [-71.5516, 41.3744], [-71.6256, 41.3608], [-71.614, 41.3935]]]}}, {"type": "Feature", "properties": {"fips": "44005040105", "gap_national": -59.3, "gap_stratum": -52.3, "burden": 40.6, "capacity": 94.0, "svi": 0.35, "top_decile_gap": 0.0, "stratum": "metropolitan", "scored": 1}, "geometry": {"type": "MultiPolygon", "coordinates": [[[[-71.2734, 41.607], [-71.2724, 41.615], [-71.2752, 41.6194], [-71.2719, 41.624], [-71.261, 41.6274], [-71.2554, 41.6357], [-71.2536, 41.6325], [-71.2568, 41.6173], [-71.25, 41.6006], [-71.2536, 41.5902], [-71.265, 41.5938], [-71.2683, 41.5892], [-71.2738, 41.5891], [-71.2806, 41.5929], [-71.2734, 41.607]]], [[[-71.2865, 41.6476], [-71.2782, 41.6473], [-71.2763, 41.6405], [-71.2721, 41.6371], [-71.2853, 41.6369], [-71.288, 41.6456], [-71.2865, 41.6476]]], [[[-71.3433, 41.6538], [-71.3516, 41.6586], [-71.3469, 41.6633], [-71.3489, 41.6653], [-71.3448, 41.667], [-71.344, 41.6615], [-71.3376, 41.658], [-71.3393, 41.655], [-71.3381, 41.6508], [-71.3324, 41.6438], [-71.3365, 41.6419], [-71.335, 41.6442], [-71.3371, 41.6467], [-71.3447, 41.6425], [-71.3437, 41.6399], [-71.3347, 41.6344], [-71.3171, 41.6314], [-71.3081, 41.6262], [-71.304, 41.6188], [-71.3026, 41.6055], [-71.3167, 41.5831], [-71.3261, 41.5786], [-71.3312, 41.5803], [-71.3359, 41.5859], [-71.337, 41.5947], [-71.3338, 41.6059], [-71.3296, 41.6091], [-71.3266, 41.6161], [-71.3256, 41.6241], [-71.3374, 41.6313], [-71.3474, 41.6313], [-71.3507, 41.6339], [-71.3538, 41.6475], [-71.3433, 41.6538]]], [[[-71.3607, 41.6611], [-71.3534, 41.6579], [-71.36, 41.6499], [-71.367, 41.6607], [-71.3607, 41.6611]]], [[[-71.3673, 41.606], [-71.3634, 41.6067], [-71.3648, 41.6014], [-71.3734, 41.5974], [-71.3673, 41.606]]]]}}, {"type": "Feature", "properties": {"fips": "44009050402", "gap_national": -71.1, "gap_stratum": -65.7, "burden": 31.2, "capacity": 96.6, "svi": 0.15, "top_decile_gap": 0.0, "stratum": "metropolitan", "scored": 1}, "geometry": {"type": "Polygon", "coordinates": [[[-71.4679, 41.5439], [-71.4536, 41.5484], [-71.4413, 41.5486], [-71.441, 41.5548], [-71.4448, 41.56], [-71.4344, 41.5616], [-71.4348, 41.5581], [-71.4302, 41.5582], [-71.4279, 41.5555], [-71.431, 41.5501], [-71.4286, 41.547], [-71.4248, 41.5494], [-71.4234, 41.5482], [-71.4267, 41.5436], [-71.4231, 41.5388], [-71.4177, 41.5363], [-71.4181, 41.5322], [-71.4155, 41.5299], [-71.4149, 41.5163], [-71.4197, 41.5032], [-71.4481, 41.5028], [-71.4581, 41.4991], [-71.4687, 41.5375], [-71.4679, 41.5439]]]}}, {"type": "Feature", "properties": {"fips": "44009050901", "gap_national": -55.6, "gap_stratum": -85.4, "burden": 40.2, "capacity": 86.2, "svi": 0.35, "top_decile_gap": 0.0, "stratum": "micropolitan", "scored": 1}, "geometry": {"type": "Polygon", "coordinates": [[[-71.8396, 41.4121], [-71.8341, 41.4116], [-71.8246, 41.4152], [-71.8203, 41.4194], [-71.7965, 41.4164], [-71.7984, 41.4089], [-71.796, 41.4073], [-71.8035, 41.4041], [-71.7998, 41.3986], [-71.7947, 41.3979], [-71.7981, 41.3967], [-71.797, 41.393], [-71.79, 41.3926], [-71.7839, 41.3866], [-71.7805, 41.3887], [-71.7762, 41.386], [-71.7748, 41.3807], [-71.7626, 41.3789], [-71.7641, 41.3724], [-71.7732, 41.3644], [-71.7684, 41.3515], [-71.7863, 41.3509], [-71.8092, 41.3582], [-71.8184, 41.3666], [-71.816, 41.3671], [-71.8207, 41.374], [-71.8165, 41.3752], [-71.8156, 41.3836], [-71.8121, 41.3849], [-71.825, 41.3833], [-71.8209, 41.397], [-71.8223, 41.4004], [-71.8325, 41.395], [-71.8342, 41.3908], [-71.8421, 41.3954], [-71.8435, 41.4058], [-71.8396, 41.4121]]]}}, {"type": "Feature", "properties": {"fips": "44007011405", "gap_national": -75.8, "gap_stratum": -71.6, "burden": 24.8, "capacity": 89.8, "svi": 0.26, "top_decile_gap": 0.0, "stratum": "metropolitan", "scored": 1}, "geometry": {"type": "Polygon", "coordinates": [[[-71.4429, 41.9716], [-71.4369, 41.9698], [-71.4256, 41.9725], [-71.4185, 41.971], [-71.4152, 41.9781], [-71.4161, 41.9825], [-71.405, 41.9819], [-71.3998, 41.976], [-71.4037, 41.946], [-71.4124, 41.9478], [-71.4247, 41.9387], [-71.4296, 41.9376], [-71.4403, 41.9488], [-71.4478, 41.9677], [-71.4429, 41.9716]]]}}, {"type": "Feature", "properties": {"fips": "44003020300", "gap_national": 12.0, "gap_stratum": 16.7, "burden": 68.2, "capacity": 57.6, "svi": 0.58, "top_decile_gap": 0.0, "stratum": "metropolitan", "scored": 1}, "geometry": {"type": "Polygon", "coordinates": [[[-71.5201, 41.7139], [-71.5234, 41.702], [-71.5331, 41.6953], [-71.5341, 41.7222], [-71.5201, 41.7139]]]}}, {"type": "Feature", "properties": {"fips": "44009050600", "gap_national": -75.8, "gap_stratum": -72.2, "burden": 21.3, "capacity": 84.0, "svi": 0.04, "top_decile_gap": 0.0, "stratum": "metropolitan", "scored": 1}, "geometry": {"type": "Polygon", "coordinates": [[[-71.7162, 41.4434], [-71.717, 41.4499], [-71.7119, 41.4543], [-71.7123, 41.4598], [-71.7212, 41.4606], [-71.7209, 41.4659], [-71.7166, 41.471], [-71.7185, 41.4713], [-71.7169, 41.477], [-71.7137, 41.4778], [-71.715, 41.4828], [-71.7122, 41.4843], [-71.7173, 41.4846], [-71.7178, 41.4868], [-71.7153, 41.4918], [-71.7165, 41.5031], [-71.7119, 41.5048], [-71.7125, 41.5078], [-71.7081, 41.5096], [-71.7055, 41.5146], [-71.6893, 41.5239], [-71.6872, 41.5284], [-71.6955, 41.5286], [-71.6946, 41.5329], [-71.6985, 41.5388], [-71.6961, 41.54], [-71.697, 41.5448], [-71.7008, 41.5489], [-71.7092, 41.5476], [-71.715, 41.5542], [-71.6207, 41.5642], [-71.6077, 41.5025], [-71.6089, 41.4877], [-71.6043, 41.4865], [-71.601, 41.4807], [-71.6012, 41.4778], [-71.6059, 41.4757], [-71.597, 41.462], [-71.5986, 41.458], [-71.6145, 41.4508], [-71.6184, 41.4467], [-71.6269, 41.4452], [-71.6325, 41.4488], [-71.6392, 41.4461], [-71.6494, 41.4489], [-71.6501, 41.4535], [-71.6552, 41.4591], [-71.6643, 41.4584], [-71.6717, 41.4611], [-71.6769, 41.4488], [-71.6811, 41.446], [-71.6865, 41.437], [-71.6853, 41.4347], [-71.6971, 41.433], [-71.6999, 41.4304], [-71.7075, 41.4354], [-71.7168, 41.4341], [-71.719, 41.4283], [-71.7212, 41.4384], [-71.7162, 41.4434]]]}}, {"type": "Feature", "properties": {"fips": "44007010701", "gap_national": -48.0, "gap_stratum": -40.1, "burden": 48.9, "capacity": 90.1, "svi": 0.33, "top_decile_gap": 0.0, "stratum": "metropolitan", "scored": 1}, "geometry": {"type": "Polygon", "coordinates": [[[-71.354, 41.7782], [-71.3489, 41.7801], [-71.3334, 41.7799], [-71.3247, 41.7712], [-71.332, 41.7662], [-71.3495, 41.7685], [-71.3551, 41.7745], [-71.354, 41.7782]]]}}, {"type": "Feature", "properties": {"fips": "44007015800", "gap_national": -39.7, "gap_stratum": -33.3, "burden": 39.5, "capacity": 70.0, "svi": 0.45, "top_decile_gap": 0.0, "stratum": "metropolitan", "scored": 1}, "geometry": {"type": "Polygon", "coordinates": [[[-71.3541, 41.8879], [-71.3397, 41.8901], [-71.3408, 41.8816], [-71.3389, 41.8761], [-71.3409, 41.8741], [-71.3543, 41.8785], [-71.3541, 41.8879]]]}}, {"type": "Feature", "properties": {"fips": "44007017700", "gap_national": -46.6, "gap_stratum": -39.2, "burden": 42.9, "capacity": 79.3, "svi": 0.4, "top_decile_gap": 0.0, "stratum": "metropolitan", "scored": 1}, "geometry": {"type": "Polygon", "coordinates": [[[-71.5125, 41.9959], [-71.5004, 41.9943], [-71.4965, 41.9959], [-71.4994, 42.0], [-71.4982, 42.0031], [-71.4932, 41.9957], [-71.4874, 41.9791], [-71.5153, 41.9831], [-71.5125, 41.9959]]]}}, {"type": "Feature", "properties": {"fips": "44009050902", "gap_national": -67.9, "gap_stratum": -91.4, "burden": 33.1, "capacity": 93.6, "svi": 0.18, "top_decile_gap": 0.0, "stratum": "micropolitan", "scored": 1}, "geometry": {"type": "Polygon", "coordinates": [[[-71.8253, 41.337], [-71.8226, 41.3431], [-71.8147, 41.3447], [-71.8075, 41.3573], [-71.7863, 41.3509], [-71.7684, 41.3515], [-71.7732, 41.3644], [-71.7641, 41.3724], [-71.7626, 41.3789], [-71.7748, 41.3807], [-71.7808, 41.3935], [-71.7762, 41.3935], [-71.7715, 41.3971], [-71.7727, 41.4004], [-71.7672, 41.3992], [-71.7705, 41.3982], [-71.7681, 41.3948], [-71.7551, 41.408], [-71.7479, 41.4067], [-71.7469, 41.4034], [-71.7421, 41.4013], [-71.7311, 41.4008], [-71.7351, 41.3997], [-71.7313, 41.3985], [-71.7301, 41.3517], [-71.7525, 41.3427], [-71.7797, 41.3414], [-71.8135, 41.3319], [-71.8206, 41.3273], [-71.8318, 41.3294], [-71.8318, 41.3339], [-71.8253, 41.337]]]}}, {"type": "Feature", "properties": {"fips": "44001030601", "gap_national": -60.2, "gap_stratum": -53.7, "burden": 36.1, "capacity": 85.9, "svi": 0.09, "top_decile_gap": 0.0, "stratum": "metropolitan", "scored": 1}, "geometry": {"type": "Polygon", "coordinates": [[[-71.2844, 41.762], [-71.2614, 41.7523], [-71.2248, 41.7105], [-71.2279, 41.7055], [-71.241, 41.6977], [-71.2437, 41.6984], [-71.2515, 41.7154], [-71.2555, 41.7146], [-71.2634, 41.7239], [-71.2624, 41.7293], [-71.2697, 41.7292], [-71.2696, 41.7311], [-71.2769, 41.7332], [-71.2866, 41.7424], [-71.2844, 41.762]]]}}, {"type": "Feature", "properties": {"fips": "44007000301", "gap_national": 19.3, "gap_stratum": 23.7, "burden": 66.6, "capacity": 51.4, "svi": 0.91, "top_decile_gap": 0.0, "stratum": "metropolitan", "scored": 1}, "geometry": {"type": "Polygon", "coordinates": [[[-71.428, 41.8091], [-71.4246, 41.8088], [-71.4265, 41.795], [-71.4316, 41.8008], [-71.428, 41.8091]]]}}, {"type": "Feature", "properties": {"fips": "44005040200", "gap_national": -37.1, "gap_stratum": -38.7, "burden": 10.4, "capacity": 46.4, "svi": 0.21, "top_decile_gap": 0.0, "stratum": "metropolitan", "scored": 1}, "geometry": {"type": "MultiPolygon", "coordinates": [[[[-71.3066, 41.5543], [-71.3006, 41.5501], [-71.3022, 41.546], [-71.3074, 41.5486], [-71.3093, 41.5463], [-71.3073, 41.5431], [-71.3111, 41.5441], [-71.3066, 41.5543]]], [[[-71.3081, 41.5394], [-71.3017, 41.5338], [-71.3018, 41.531], [-71.3068, 41.5302], [-71.3075, 41.5282], [-71.3051, 41.5257], [-71.2974, 41.5258], [-71.3002, 41.5182], [-71.3111, 41.5194], [-71.3127, 41.5214], [-71.3127, 41.5365], [-71.3081, 41.5394]]]]}}, {"type": "Feature", "properties": {"fips": "44007011301", "gap_national": -65.8, "gap_stratum": -60.6, "burden": 29.1, "capacity": 82.6, "svi": 0.16, "top_decile_gap": 0.0, "stratum": "metropolitan", "scored": 1}, "geometry": {"type": "Polygon", "coordinates": [[[-71.4296, 41.9376], [-71.4247, 41.9387], [-71.4124, 41.9478], [-71.4042, 41.9463], [-71.3993, 41.9371], [-71.4021, 41.9303], [-71.3953, 41.9174], [-71.4, 41.9148], [-71.4051, 41.9164], [-71.403, 41.9114], [-71.4054, 41.911], [-71.4217, 41.9221], [-71.4283, 41.9235], [-71.4309, 41.927], [-71.431, 41.9346], [-71.434, 41.9382], [-71.4296, 41.9376]]]}}, {"type": "Feature", "properties": {"fips": "44007003602", "gap_national": -27.6, "gap_stratum": -29.6, "burden": 5.2, "capacity": 36.1, "svi": 0.11, "top_decile_gap": 0.0, "stratum": "metropolitan", "scored": 1}, "geometry": {"type": "Polygon", "coordinates": [[[-71.4076, 41.8291], [-71.4081, 41.834], [-71.4016, 41.8357], [-71.4, 41.8224], [-71.4059, 41.8232], [-71.4097, 41.8289], [-71.4076, 41.8291]]]}}, {"type": "Feature", "properties": {"fips": "44007011500", "gap_national": -71.3, "gap_stratum": -66.3, "burden": 29.2, "capacity": 90.8, "svi": 0.52, "top_decile_gap": 0.0, "stratum": "metropolitan", "scored": 1}, "geometry": {"type": "Polygon", "coordinates": [[[-71.4853, 41.9425], [-71.4843, 41.9456], [-71.4874, 41.9471], [-71.4881, 41.9549], [-71.4852, 41.9563], [-71.4873, 41.9585], [-71.4864, 41.9659], [-71.4883, 41.9684], [-71.4867, 41.9695], [-71.4891, 41.9747], [-71.4874, 41.9791], [-71.4788, 41.9772], [-71.4741, 41.9726], [-71.4649, 41.9691], [-71.4618, 41.9574], [-71.4552, 41.9556], [-71.4506, 41.9496], [-71.4429, 41.9477], [-71.434, 41.9382], [-71.4498, 41.9346], [-71.4566, 41.9404], [-71.4759, 41.9428], [-71.4744, 41.9405], [-71.4792, 41.9405], [-71.4845, 41.925], [-71.4908, 41.9432], [-71.4853, 41.9425]]]}}, {"type": "Feature", "properties": {"fips": "44007013800", "gap_national": -58.3, "gap_stratum": -52.5, "burden": 32.2, "capacity": 78.5, "svi": 0.24, "top_decile_gap": 0.0, "stratum": "metropolitan", "scored": 1}, "geometry": {"type": "Polygon", "coordinates": [[[-71.4513, 41.7733], [-71.4492, 41.771], [-71.426, 41.7715], [-71.4299, 41.7608], [-71.433, 41.7593], [-71.4338, 41.7614], [-71.4388, 41.7578], [-71.442, 41.7583], [-71.4538, 41.7707], [-71.4513, 41.7733]]]}}, {"type": "Feature", "properties": {"fips": "44003020703", "gap_national": -50.3, "gap_stratum": -42.7, "burden": 45.8, "capacity": 87.9, "svi": 0.23, "top_decile_gap": 0.0, "stratum": "metropolitan", "scored": 1}, "geometry": {"type": "Polygon", "coordinates": [[[-71.6443, 41.7278], [-71.5765, 41.7293], [-71.5741, 41.7221], [-71.5717, 41.7219], [-71.5716, 41.7162], [-71.577, 41.7018], [-71.5823, 41.6997], [-71.5914, 41.7014], [-71.5954, 41.6934], [-71.588, 41.6876], [-71.5872, 41.6785], [-71.5808, 41.679], [-71.5822, 41.6681], [-71.5898, 41.6605], [-71.6224, 41.6597], [-71.6151, 41.6694], [-71.6078, 41.6715], [-71.6053, 41.6772], [-71.6075, 41.696], [-71.6272, 41.7024], [-71.6345, 41.7089], [-71.6457, 41.7142], [-71.6443, 41.7278]]]}}, {"type": "Feature", "properties": {"fips": "44007014502", "gap_national": -43.5, "gap_stratum": -35.5, "burden": 50.9, "capacity": 86.6, "svi": 0.42, "top_decile_gap": 0.0, "stratum": "metropolitan", "scored": 1}, "geometry": {"type": "Polygon", "coordinates": [[[-71.4826, 41.7782], [-71.4611, 41.7835], [-71.4722, 41.7702], [-71.4795, 41.7464], [-71.4837, 41.7485], [-71.4799, 41.7577], [-71.482, 41.7668], [-71.4884, 41.7734], [-71.5007, 41.7804], [-71.4826, 41.7782]]]}}, {"type": "Feature", "properties": {"fips": "44007010502", "gap_national": -52.8, "gap_stratum": -45.4, "burden": 42.7, "capacity": 86.2, "svi": 0.46, "top_decile_gap": 0.0, "stratum": "metropolitan", "scored": 1}, "geometry": {"type": "Polygon", "coordinates": [[[-71.3741, 41.8028], [-71.3625, 41.8006], [-71.3634, 41.7981], [-71.3301, 41.7884], [-71.3279, 41.7805], [-71.3179, 41.7762], [-71.3247, 41.7712], [-71.3334, 41.7799], [-71.3467, 41.7804], [-71.3532, 41.7788], [-71.3551, 41.7745], [-71.3589, 41.7761], [-71.3577, 41.7795], [-71.3661, 41.7786], [-71.3706, 41.7809], [-71.3705, 41.7875], [-71.3808, 41.7963], [-71.3741, 41.8028]]]}}, {"type": "Feature", "properties": {"fips": "44007012000", "gap_national": -53.6, "gap_stratum": -46.4, "burden": 40.5, "capacity": 84.1, "svi": 0.43, "top_decile_gap": 0.0, "stratum": "metropolitan", "scored": 1}, "geometry": {"type": "Polygon", "coordinates": [[[-71.4717, 41.8598], [-71.4611, 41.8617], [-71.4595, 41.8581], [-71.4467, 41.8541], [-71.4687, 41.8393], [-71.4692, 41.8493], [-71.4734, 41.85], [-71.4762, 41.8542], [-71.4717, 41.8598]]]}}, {"type": "Feature", "properties": {"fips": "44007001100", "gap_national": -36.7, "gap_stratum": -38.9, "burden": 6.1, "capacity": 43.8, "svi": 0.34, "top_decile_gap": 0.0, "stratum": "metropolitan", "scored": 1}, "geometry": {"type": "Polygon", "coordinates": [[[-71.4211, 41.8221], [-71.4183, 41.819], [-71.4305, 41.8167], [-71.4318, 41.8207], [-71.4211, 41.8221]]]}}, {"type": "Feature", "properties": {"fips": "44003020901", "gap_national": -68.2, "gap_stratum": -63.0, "burden": 29.4, "capacity": 86.2, "svi": 0.16, "top_decile_gap": 0.0, "stratum": "metropolitan", "scored": 1}, "geometry": {"type": "Polygon", "coordinates": [[[-71.4672, 41.6519], [-71.4583, 41.6637], [-71.4424, 41.6636], [-71.4522, 41.6485], [-71.4555, 41.6474], [-71.458, 41.6498], [-71.4657, 41.6431], [-71.4744, 41.6478], [-71.4672, 41.6519]]]}}, {"type": "Feature", "properties": {"fips": "44007018000", "gap_national": 26.4, "gap_stratum": 26.9, "burden": 86.8, "capacity": 60.8, "svi": 0.95, "top_decile_gap": 0.0, "stratum": "metropolitan", "scored": 1}, "geometry": {"type": "Polygon", "coordinates": [[[-71.5142, 42.0107], [-71.5007, 42.0095], [-71.5153, 41.9982], [-71.5181, 41.9989], [-71.5193, 42.0032], [-71.5142, 42.0107]]]}}, {"type": "Feature", "properties": {"fips": "44009051503", "gap_national": -48.5, "gap_stratum": -40.6, "burden": 49.1, "capacity": 91.3, "svi": 0.42, "top_decile_gap": 0.0, "stratum": "metropolitan", "scored": 1}, "geometry": {"type": "Polygon", "coordinates": [[[-71.466, 41.4426], [-71.4526, 41.4522], [-71.4461, 41.4434], [-71.4412, 41.4424], [-71.4391, 41.4392], [-71.4428, 41.4414], [-71.4558, 41.433], [-71.453, 41.4097], [-71.4623, 41.4013], [-71.4637, 41.3958], [-71.4704, 41.3918], [-71.4824, 41.3945], [-71.4783, 41.4069], [-71.4812, 41.4308], [-71.4896, 41.4319], [-71.466, 41.4426]]]}}, {"type": "Feature", "properties": {"fips": "44007016300", "gap_national": -43.2, "gap_stratum": -36.1, "burden": 41.3, "capacity": 74.3, "svi": 0.37, "top_decile_gap": 0.0, "stratum": "metropolitan", "scored": 1}, "geometry": {"type": "Polygon", "coordinates": [[[-71.4056, 41.8733], [-71.4013, 41.8704], [-71.3987, 41.8734], [-71.3984, 41.8717], [-71.404, 41.8641], [-71.4055, 41.8567], [-71.4174, 41.8597], [-71.4199, 41.8698], [-71.4056, 41.8733]]]}}, {"type": "Feature", "properties": {"fips": "44007000900", "gap_national": 13.6, "gap_stratum": 18.3, "burden": 40.0, "capacity": 32.0, "svi": 0.78, "top_decile_gap": 0.0, "stratum": "metropolitan", "scored": 1}, "geometry": {"type": "Polygon", "coordinates": [[[-71.4259, 41.8259], [-71.4188, 41.826], [-71.4208, 41.8218], [-71.4318, 41.8207], [-71.4336, 41.8242], [-71.4259, 41.8259]]]}}, {"type": "Feature", "properties": {"fips": "44009051201", "gap_national": -64.0, "gap_stratum": -58.1, "burden": 33.4, "capacity": 86.7, "svi": 0.22, "top_decile_gap": 0.0, "stratum": "metropolitan", "scored": 1}, "geometry": {"type": "Polygon", "coordinates": [[[-71.5081, 41.4626], [-71.4912, 41.4648], [-71.4868, 41.4637], [-71.486, 41.4601], [-71.4858, 41.4511], [-71.4907, 41.4487], [-71.4901, 41.4464], [-71.4981, 41.448], [-71.4994, 41.4515], [-71.5019, 41.4523], [-71.5004, 41.451], [-71.5025, 41.4476], [-71.5069, 41.4486], [-71.5119, 41.4349], [-71.5105, 41.4343], [-71.5159, 41.4329], [-71.5282, 41.454], [-71.5081, 41.4626]]]}}, {"type": "Feature", "properties": {"fips": "44007010400", "gap_national": -27.3, "gap_stratum": -19.4, "burden": 53.5, "capacity": 72.9, "svi": 0.82, "top_decile_gap": 0.0, "stratum": "metropolitan", "scored": 1}, "geometry": {"type": "Polygon", "coordinates": [[[-71.3856, 41.819], [-71.3628, 41.8131], [-71.3646, 41.8125], [-71.3667, 41.8014], [-71.3741, 41.8028], [-71.3808, 41.7963], [-71.3852, 41.8021], [-71.3935, 41.8071], [-71.3953, 41.8117], [-71.3856, 41.819]]]}}, {"type": "Feature", "properties": {"fips": "44005040500", "gap_national": -3.3, "gap_stratum": 2.0, "burden": 49.6, "capacity": 53.2, "svi": 0.87, "top_decile_gap": 0.0, "stratum": "metropolitan", "scored": 1}, "geometry": {"type": "Polygon", "coordinates": [[[-71.3122, 41.5209], [-71.3024, 41.507], [-71.3092, 41.5035], [-71.3076, 41.4992], [-71.3157, 41.4939], [-71.3177, 41.4948], [-71.3192, 41.5121], [-71.3122, 41.5209]]]}}, {"type": "Feature", "properties": {"fips": "44007014501", "gap_national": -82.2, "gap_stratum": -79.2, "burden": 19.5, "capacity": 90.7, "svi": 0.04, "top_decile_gap": 0.0, "stratum": "metropolitan", "scored": 1}, "geometry": {"type": "Polygon", "coordinates": [[[-71.5114, 41.7819], [-71.5007, 41.7804], [-71.4852, 41.7708], [-71.4806, 41.7635], [-71.4803, 41.7556], [-71.4837, 41.7485], [-71.4986, 41.7535], [-71.5142, 41.753], [-71.5198, 41.7637], [-71.5355, 41.7718], [-71.5114, 41.7819]]]}}]}