{"type": "FeatureCollection", "features": [{"type": "Feature", "properties": {"fips": "50021963300", "gap_national": 25.6, "gap_stratum": 13.1, "burden": 75.8, "capacity": 54.2, "svi": 0.68, "top_decile_gap": 0.0, "stratum": "micropolitan", "scored": 1}, "geometry": {"type": "Polygon", "coordinates": [[[-72.992, 43.6017], [-72.9881, 43.6066], [-72.9806, 43.6078], [-72.9787, 43.6054], [-72.9682, 43.6059], [-72.9673, 43.6029], [-72.9561, 43.6052], [-72.9564, 43.6077], [-72.9473, 43.6083], [-72.9464, 43.594], [-72.9904, 43.5867], [-73.0013, 43.5954], [-73.0113, 43.5997], [-73.0093, 43.6024], [-72.992, 43.6017]]]}}, {"type": "Feature", "properties": {"fips": "50025968300", "gap_national": -54.0, "gap_stratum": -75.9, "burden": 29.0, "capacity": 71.5, "svi": 0.23, "top_decile_gap": 0.0, "stratum": "rural", "scored": 1}, "geometry": {"type": "Polygon", "coordinates": [[[-72.6514, 42.9216], [-72.6445, 42.9375], [-72.6355, 42.9692], [-72.5221, 42.9658], [-72.5204, 42.9638], [-72.5322, 42.9549], [-72.5346, 42.9499], [-72.5274, 42.9431], [-72.5271, 42.9286], [-72.5242, 42.9185], [-72.5253, 42.9144], [-72.5302, 42.9116], [-72.5328, 42.8961], [-72.6774, 42.8997], [-72.6762, 42.9224], [-72.6514, 42.9216]]]}}, {"type": "Feature", "properties": {"fips": "50007000800", "gap_national": -45.0, "gap_stratum": -47.2, "burden": 5.4, "capacity": 49.5, "svi": 0.07, "top_decile_gap": 0.0, "stratum": "metropolitan", "scored": 1}, "geometry": {"type": "Polygon", "coordinates": [[[-73.2125, 44.4703], [-73.2078, 44.4631], [-73.201, 44.4629], [-73.1985, 44.4547], [-73.2142, 44.4554], [-73.2152, 44.471], [-73.2125, 44.4703]]]}}, {"type": "Feature", "properties": {"fips": "50007980000", "gap_national": null, "gap_stratum": null, "burden": null, "capacity": null, "svi": null, "top_decile_gap": null, "stratum": null, "scored": 0}, "geometry": {"type": "Polygon", "coordinates": [[[-73.1627, 44.4853], [-73.1623, 44.4819], [-73.1562, 44.4788], [-73.1496, 44.4789], [-73.1386, 44.4746], [-73.141, 44.4704], [-73.139, 44.4642], [-73.136, 44.4624], [-73.1392, 44.4595], [-73.1451, 44.4628], [-73.1541, 44.463], [-73.1535, 44.4656], [-73.1592, 44.474], [-73.1707, 44.4802], [-73.1627, 44.4853]]]}}, {"type": "Feature", "properties": {"fips": "50023955600", "gap_national": -30.0, "gap_stratum": -68.0, "burden": 50.6, "capacity": 72.5, "svi": 0.17, "top_decile_gap": 0.0, "stratum": "rural", "scored": 1}, "geometry": {"type": "Polygon", "coordinates": [[[-72.8932, 44.1653], [-72.8917, 44.1608], [-72.7705, 44.1267], [-72.8216, 44.0526], [-72.8969, 44.0737], [-72.9168, 44.0719], [-72.9343, 44.1636], [-72.8932, 44.1653]]]}}, {"type": "Feature", "properties": {"fips": "50015953200", "gap_national": -4.7, "gap_stratum": -9.7, "burden": 22.5, "capacity": 30.2, "svi": 0.54, "top_decile_gap": 0.0, "stratum": "rural", "scored": 1}, "geometry": {"type": "Polygon", "coordinates": [[[-72.7069, 44.7185], [-72.5969, 44.6793], [-72.6534, 44.5994], [-72.6625, 44.6025], [-72.6828, 44.5765], [-72.7095, 44.5807], [-72.7294, 44.5876], [-72.7311, 44.5852], [-72.7497, 44.5918], [-72.7265, 44.6243], [-72.7636, 44.6373], [-72.7069, 44.7185]]]}}, {"type": "Feature", "properties": {"fips": "50017959102", "gap_national": -4.4, "gap_stratum": -25.1, "burden": 48.0, "capacity": 52.7, "svi": 0.27, "top_decile_gap": 0.0, "stratum": "rural", "scored": 1}, "geometry": {"type": "Polygon", "coordinates": [[[-72.3473, 44.0957], [-72.3313, 44.0925], [-72.305, 44.1831], [-72.1703, 44.1921], [-72.2078, 44.0661], [-72.1916, 44.0616], [-72.2415, 43.9795], [-72.3816, 44.008], [-72.3473, 44.0957]]]}}, {"type": "Feature", "properties": {"fips": "50003970402", "gap_national": -39.2, "gap_stratum": -71.3, "burden": 41.3, "capacity": 71.2, "svi": 0.41, "top_decile_gap": 0.0, "stratum": "rural", "scored": 1}, "geometry": {"type": "Polygon", "coordinates": [[[-73.0017, 43.2109], [-73.003, 43.1871], [-73.0222, 43.1739], [-73.0413, 43.1722], [-73.0574, 43.1764], [-73.0579, 43.186], [-73.053, 43.1968], [-73.0672, 43.2127], [-73.0017, 43.2109]]]}}, {"type": "Feature", "properties": {"fips": "50007003401", "gap_national": -75.7, "gap_stratum": -73.7, "burden": 14.4, "capacity": 76.1, "svi": 0.31, "top_decile_gap": 0.0, "stratum": "metropolitan", "scored": 1}, "geometry": {"type": "Polygon", "coordinates": [[[-73.2215, 44.3915], [-73.2122, 44.4209], [-73.1417, 44.4017], [-73.1334, 44.3643], [-73.2386, 44.3536], [-73.2215, 44.3915]]]}}, {"type": "Feature", "properties": {"fips": "50009950200", "gap_national": 2.3, "gap_stratum": -25.1, "burden": 67.9, "capacity": 63.8, "svi": 0.7, "top_decile_gap": 0.0, "stratum": "rural", "scored": 1}, "geometry": {"type": "Polygon", "coordinates": [[[-71.8784, 44.8783], [-71.7664, 44.8194], [-71.8103, 44.7796], [-71.8072, 44.7741], [-71.8575, 44.7269], [-71.9748, 44.7872], [-71.8784, 44.8783]]]}}, {"type": "Feature", "properties": {"fips": "50011010800", "gap_national": 18.7, "gap_stratum": -6.0, "burden": 55.9, "capacity": 42.9, "svi": 0.6, "top_decile_gap": 0.0, "stratum": "micropolitan", "scored": 1}, "geometry": {"type": "Polygon", "coordinates": [[[-73.0842, 44.8075], [-73.0807, 44.8251], [-73.0752, 44.824], [-73.0753, 44.8204], [-73.0684, 44.8186], [-73.0711, 44.8147], [-73.0727, 44.803], [-73.0874, 44.8012], [-73.0943, 44.7948], [-73.0842, 44.8075]]]}}, {"type": "Feature", "properties": {"fips": "50027966300", "gap_national": -31.1, "gap_stratum": -64.5, "burden": 45.9, "capacity": 69.0, "svi": 0.68, "top_decile_gap": 0.0, "stratum": "rural", "scored": 1}, "geometry": {"type": "Polygon", "coordinates": [[[-72.7384, 43.417], [-72.7226, 43.4601], [-72.7274, 43.4611], [-72.7242, 43.4682], [-72.6608, 43.4536], [-72.6613, 43.3508], [-72.6795, 43.3516], [-72.681, 43.3221], [-72.7596, 43.3538], [-72.7624, 43.3713], [-72.7384, 43.417]]]}}, {"type": "Feature", "properties": {"fips": "50025967900", "gap_national": -19.5, "gap_stratum": -54.3, "burden": 53.3, "capacity": 66.8, "svi": 0.25, "top_decile_gap": 0.0, "stratum": "rural", "scored": 1}, "geometry": {"type": "Polygon", "coordinates": [[[-72.9202, 42.9927], [-72.7548, 42.9872], [-72.7721, 42.9319], [-72.777, 42.9223], [-72.9214, 42.9268], [-72.9202, 42.9927]]]}}, {"type": "Feature", "properties": {"fips": "50025967700", "gap_national": -10.5, "gap_stratum": -16.1, "burden": 27.8, "capacity": 40.2, "svi": 0.5, "top_decile_gap": 0.0, "stratum": "rural", "scored": 1}, "geometry": {"type": "Polygon", "coordinates": [[[-72.5976, 42.9911], [-72.5971, 43.0024], [-72.5916, 43.0092], [-72.5884, 43.0233], [-72.4596, 43.0204], [-72.4438, 43.009], [-72.4487, 43.0012], [-72.4569, 43.0013], [-72.4629, 42.9969], [-72.4653, 42.9896], [-72.4616, 42.9829], [-72.4738, 42.972], [-72.4817, 42.974], [-72.4926, 42.9676], [-72.5209, 42.9617], [-72.5221, 42.9658], [-72.6087, 42.9683], [-72.607, 42.991], [-72.5976, 42.9911]]]}}, {"type": "Feature", "properties": {"fips": "50001960100", "gap_national": -32.4, "gap_stratum": -29.4, "burden": 29.7, "capacity": 57.4, "svi": 0.15, "top_decile_gap": 0.0, "stratum": "metropolitan", "scored": 1}, "geometry": {"type": "Polygon", "coordinates": [[[-73.0706, 44.2838], [-73.07, 44.2801], [-73.0165, 44.2853], [-73.0204, 44.3037], [-72.9759, 44.295], [-72.9522, 44.1613], [-73.0164, 44.1551], [-73.0231, 44.1921], [-73.0497, 44.1895], [-73.0491, 44.1865], [-73.1771, 44.1739], [-73.1968, 44.2666], [-73.0706, 44.2838]]]}}, {"type": "Feature", "properties": {"fips": "50005957300", "gap_national": -5.1, "gap_stratum": -12.2, "burden": 26.5, "capacity": 34.6, "svi": 0.33, "top_decile_gap": 0.0, "stratum": "rural", "scored": 1}, "geometry": {"type": "Polygon", "coordinates": [[[-72.0577, 44.5984], [-71.9817, 44.5876], [-71.9895, 44.5642], [-72.0019, 44.5516], [-72.0031, 44.5472], [-72.0002, 44.5439], [-72.0059, 44.534], [-72.0029, 44.5336], [-72.0004, 44.5273], [-72.0009, 44.5208], [-72.0065, 44.5168], [-72.0193, 44.5006], [-72.0835, 44.5103], [-72.0577, 44.5984]]]}}, {"type": "Feature", "properties": {"fips": "50015953400", "gap_national": -4.2, "gap_stratum": -19.8, "burden": 40.8, "capacity": 46.9, "svi": 0.33, "top_decile_gap": 0.0, "stratum": "rural", "scored": 1}, "geometry": {"type": "Polygon", "coordinates": [[[-72.5256, 44.5726], [-72.4828, 44.6341], [-72.3682, 44.5923], [-72.4388, 44.5], [-72.4929, 44.423], [-72.5968, 44.4793], [-72.5256, 44.5726]]]}}, {"type": "Feature", "properties": {"fips": "50023955400", "gap_national": -23.4, "gap_stratum": -38.5, "burden": 27.9, "capacity": 49.8, "svi": 0.17, "top_decile_gap": 0.0, "stratum": "micropolitan", "scored": 1}, "geometry": {"type": "Polygon", "coordinates": [[[-72.5323, 44.2034], [-72.5339, 44.199], [-72.5218, 44.195], [-72.5226, 44.1924], [-72.5132, 44.1899], [-72.5143, 44.1871], [-72.5036, 44.1842], [-72.5036, 44.1819], [-72.4961, 44.1805], [-72.4937, 44.184], [-72.4879, 44.1829], [-72.4846, 44.185], [-72.4802, 44.1804], [-72.4711, 44.1787], [-72.4609, 44.1714], [-72.4453, 44.1583], [-72.4448, 44.155], [-72.4373, 44.1512], [-72.4434, 44.1288], [-72.5597, 44.1629], [-72.5382, 44.205], [-72.5323, 44.2034]]]}}, {"type": "Feature", "properties": {"fips": "50023955700", "gap_national": -58.6, "gap_stratum": -75.5, "burden": 24.3, "capacity": 71.0, "svi": 0.22, "top_decile_gap": 0.0, "stratum": "rural", "scored": 1}, "geometry": {"type": "Polygon", "coordinates": [[[-72.7895, 44.2396], [-72.7378, 44.213], [-72.7484, 44.2012], [-72.7408, 44.1971], [-72.7547, 44.1804], [-72.7493, 44.1767], [-72.771, 44.1538], [-72.7639, 44.1498], [-72.7831, 44.1303], [-72.8687, 44.1548], [-72.7895, 44.2396]]]}}, {"type": "Feature", "properties": {"fips": "50023955800", "gap_national": -66.1, "gap_stratum": -78.3, "burden": 18.9, "capacity": 72.1, "svi": 0.02, "top_decile_gap": 0.0, "stratum": "rural", "scored": 1}, "geometry": {"type": "Polygon", "coordinates": [[[-72.8959, 44.2763], [-72.7895, 44.2396], [-72.8687, 44.1548], [-72.8917, 44.1608], [-72.8932, 44.1653], [-72.9522, 44.1613], [-72.8959, 44.2763]]]}}, {"type": "Feature", "properties": {"fips": "50017959101", "gap_national": -12.7, "gap_stratum": -40.1, "burden": 46.2, "capacity": 56.9, "svi": 0.2, "top_decile_gap": 0.0, "stratum": "micropolitan", "scored": 1}, "geometry": {"type": "Polygon", "coordinates": [[[-72.4558, 44.1334], [-72.4434, 44.1288], [-72.4192, 44.2208], [-72.305, 44.1831], [-72.3313, 44.0925], [-72.3473, 44.0957], [-72.3816, 44.008], [-72.5024, 44.0504], [-72.4558, 44.1334]]]}}, {"type": "Feature", "properties": {"fips": "50019951200", "gap_national": -27.8, "gap_stratum": -64.6, "burden": 50.6, "capacity": 70.7, "svi": 0.43, "top_decile_gap": 0.0, "stratum": "rural", "scored": 1}, "geometry": {"type": "Polygon", "coordinates": [[[-72.1523, 44.909], [-72.1496, 44.9152], [-72.1494, 44.9266], [-72.1345, 44.9446], [-72.1248, 44.9642], [-72.1243, 44.9825], [-72.142, 45.006], [-72.0513, 45.0064], [-72.0658, 44.931], [-72.0975, 44.9303], [-72.0674, 44.9144], [-72.1194, 44.8644], [-72.1524, 44.8822], [-72.1492, 44.887], [-72.1523, 44.909]]]}}, {"type": "Feature", "properties": {"fips": "50019951100", "gap_national": -8.5, "gap_stratum": -42.2, "burden": 61.7, "capacity": 66.1, "svi": 0.16, "top_decile_gap": 0.0, "stratum": "rural", "scored": 1}, "geometry": {"type": "Polygon", "coordinates": [[[-72.0674, 44.9144], [-72.0975, 44.9303], [-72.0658, 44.931], [-72.0513, 45.0064], [-71.8993, 45.0082], [-71.9201, 44.9015], [-71.8779, 44.8788], [-71.9199, 44.8369], [-71.9748, 44.7872], [-72.1194, 44.8644], [-72.0674, 44.9144]]]}}, {"type": "Feature", "properties": {"fips": "50011010102", "gap_national": 12.8, "gap_stratum": -12.8, "burden": 51.0, "capacity": 43.0, "svi": 0.19, "top_decile_gap": 0.0, "stratum": "micropolitan", "scored": 1}, "geometry": {"type": "Polygon", "coordinates": [[[-72.8997, 44.9348], [-72.9812, 44.9649], [-72.9931, 45.0146], [-72.8326, 45.0165], [-72.8263, 44.9771], [-72.8224, 44.9206], [-72.8148, 44.9191], [-72.8393, 44.8564], [-73.0364, 44.8871], [-73.0554, 44.9107], [-72.8997, 44.9348]]]}}, {"type": "Feature", "properties": {"fips": "50021964300", "gap_national": -8.3, "gap_stratum": -41.8, "burden": 61.5, "capacity": 65.8, "svi": 0.3, "top_decile_gap": 0.0, "stratum": "rural", "scored": 1}, "geometry": {"type": "Polygon", "coordinates": [[[-73.251, 43.4086], [-73.1208, 43.404], [-73.1227, 43.3087], [-73.2545, 43.3147], [-73.251, 43.4086]]]}}, {"type": "Feature", "properties": {"fips": "50027966000", "gap_national": -10.8, "gap_stratum": -27.1, "burden": 41.3, "capacity": 51.9, "svi": 0.6, "top_decile_gap": 0.0, "stratum": "rural", "scored": 1}, "geometry": {"type": "Polygon", "coordinates": [[[-72.4505, 43.5254], [-72.3961, 43.5198], [-72.3984, 43.5108], [-72.3848, 43.5003], [-72.3804, 43.4916], [-72.383, 43.476], [-72.3925, 43.4674], [-72.3906, 43.4512], [-72.3957, 43.4385], [-72.3965, 43.4287], [-72.4549, 43.4352], [-72.4505, 43.5254]]]}}, {"type": "Feature", "properties": {"fips": "50007002201", "gap_national": -9.0, "gap_stratum": -9.6, "burden": 6.4, "capacity": 18.9, "svi": 0.68, "top_decile_gap": 0.0, "stratum": "metropolitan", "scored": 1}, "geometry": {"type": "Polygon", "coordinates": [[[-73.1957, 44.5219], [-73.1864, 44.5251], [-73.1699, 44.5216], [-73.158, 44.5165], [-73.1513, 44.5095], [-73.1433, 44.5096], [-73.1584, 44.4898], [-73.168, 44.4866], [-73.168, 44.4901], [-73.1709, 44.489], [-73.1711, 44.4933], [-73.1663, 44.4989], [-73.1705, 44.5014], [-73.1725, 44.4989], [-73.1983, 44.5073], [-73.1974, 44.51], [-73.2028, 44.5136], [-73.2008, 44.5187], [-73.2033, 44.5237], [-73.1957, 44.5219]]]}}, {"type": "Feature", "properties": {"fips": "50007002501", "gap_national": -34.8, "gap_stratum": -35.7, "burden": 14.1, "capacity": 47.1, "svi": 0.41, "top_decile_gap": 0.0, "stratum": "metropolitan", "scored": 1}, "geometry": {"type": "Polygon", "coordinates": [[[-73.1824, 44.5026], [-73.1725, 44.4989], [-73.1705, 44.5014], [-73.1663, 44.4989], [-73.1711, 44.4933], [-73.1865, 44.4922], [-73.1824, 44.5026]]]}}, {"type": "Feature", "properties": {"fips": "50007004200", "gap_national": -8.6, "gap_stratum": -9.1, "burden": 7.3, "capacity": 19.1, "svi": 0.38, "top_decile_gap": 0.0, "stratum": "metropolitan", "scored": 1}, "geometry": {"type": "Polygon", "coordinates": [[[-73.2059, 44.4849], [-73.2057, 44.4807], [-73.219, 44.4803], [-73.2222, 44.4843], [-73.2059, 44.4849]]]}}, {"type": "Feature", "properties": {"fips": "50007002400", "gap_national": -12.1, "gap_stratum": -12.3, "burden": 12.8, "capacity": 27.3, "svi": 0.71, "top_decile_gap": 0.0, "stratum": "metropolitan", "scored": 1}, "geometry": {"type": "Polygon", "coordinates": [[[-73.1932, 44.5017], [-73.1948, 44.5024], [-73.192, 44.5061], [-73.1824, 44.5026], [-73.1865, 44.4922], [-73.2017, 44.4911], [-73.1932, 44.5017]]]}}, {"type": "Feature", "properties": {"fips": "50023954800", "gap_national": -49.9, "gap_stratum": -60.1, "burden": 18.1, "capacity": 60.1, "svi": 0.33, "top_decile_gap": 0.0, "stratum": "micropolitan", "scored": 1}, "geometry": {"type": "Polygon", "coordinates": [[[-72.5721, 44.2627], [-72.5595, 44.2604], [-72.5661, 44.256], [-72.567, 44.2521], [-72.5709, 44.2518], [-72.5763, 44.259], [-72.5721, 44.2627]]]}}, {"type": "Feature", "properties": {"fips": "50015953000", "gap_national": 6.3, "gap_stratum": 10.7, "burden": 42.2, "capacity": 40.2, "svi": 0.22, "top_decile_gap": 0.0, "stratum": "metropolitan", "scored": 1}, "geometry": {"type": "Polygon", "coordinates": [[[-72.7804, 44.7402], [-72.7831, 44.7403], [-72.7822, 44.7443], [-72.7744, 44.7432], [-72.7682, 44.7664], [-72.7585, 44.7636], [-72.755, 44.777], [-72.7458, 44.7759], [-72.7467, 44.7902], [-72.7291, 44.804], [-72.6136, 44.8004], [-72.6167, 44.7958], [-72.5979, 44.7871], [-72.5944, 44.7903], [-72.5782, 44.7816], [-72.5277, 44.7623], [-72.4173, 44.7229], [-72.477, 44.642], [-72.5932, 44.6846], [-72.5969, 44.6793], [-72.7069, 44.7185], [-72.74, 44.6712], [-72.7955, 44.6922], [-72.7804, 44.7402]]]}}, {"type": "Feature", "properties": {"fips": "50001960300", "gap_national": -22.0, "gap_stratum": -39.9, "burden": 39.3, "capacity": 57.8, "svi": 0.6, "top_decile_gap": 0.0, "stratum": "rural", "scored": 1}, "geometry": {"type": "Polygon", "coordinates": [[[-73.2434, 44.1803], [-73.2394, 44.1552], [-73.2683, 44.153], [-73.2727, 44.177], [-73.2434, 44.1803]]]}}, {"type": "Feature", "properties": {"fips": "50007003000", "gap_national": -62.0, "gap_stratum": -62.3, "burden": 9.7, "capacity": 62.8, "svi": 0.04, "top_decile_gap": 0.0, "stratum": "metropolitan", "scored": 1}, "geometry": {"type": "Polygon", "coordinates": [[[-73.0518, 44.4247], [-73.0423, 44.422], [-73.0206, 44.4336], [-72.9188, 44.4287], [-72.9362, 44.3753], [-72.9521, 44.3454], [-73.0328, 44.3625], [-73.0354, 44.375], [-73.0814, 44.3703], [-73.0518, 44.4247]]]}}, {"type": "Feature", "properties": {"fips": "50019951900", "gap_national": 22.4, "gap_stratum": 8.9, "burden": 74.5, "capacity": 55.4, "svi": 0.66, "top_decile_gap": 0.0, "stratum": "rural", "scored": 1}, "geometry": {"type": "Polygon", "coordinates": [[[-72.2618, 44.9405], [-71.9393, 44.7694], [-72.0117, 44.6986], [-72.1145, 44.7496], [-72.0824, 44.7817], [-72.2004, 44.8254], [-72.1948, 44.8331], [-72.3088, 44.8751], [-72.2618, 44.9405]]]}}, {"type": "Feature", "properties": {"fips": "50027966501", "gap_national": -32.7, "gap_stratum": -60.5, "burden": 40.7, "capacity": 66.0, "svi": 0.14, "top_decile_gap": 0.0, "stratum": "rural", "scored": 1}, "geometry": {"type": "Polygon", "coordinates": [[[-72.6795, 43.3516], [-72.5454, 43.3452], [-72.5491, 43.2359], [-72.6854, 43.2226], [-72.6795, 43.3516]]]}}, {"type": "Feature", "properties": {"fips": "50011010101", "gap_national": 26.9, "gap_stratum": 32.0, "burden": 60.1, "capacity": 40.2, "svi": 0.32, "top_decile_gap": 0.0, "stratum": "metropolitan", "scored": 1}, "geometry": {"type": "Polygon", "coordinates": [[[-73.0597, 45.0159], [-72.9931, 45.0146], [-72.9812, 44.9649], [-72.8997, 44.9348], [-73.0554, 44.9107], [-73.1402, 44.9406], [-73.1619, 44.9513], [-73.1658, 44.9574], [-73.1658, 44.9662], [-73.1683, 44.9703], [-73.1541, 44.982], [-73.15, 44.9959], [-73.1545, 45.0025], [-73.168, 45.0092], [-73.1702, 45.014], [-73.0597, 45.0159]]]}}, {"type": "Feature", "properties": {"fips": "50021963600", "gap_national": -8.3, "gap_stratum": -21.4, "burden": 37.2, "capacity": 46.9, "svi": 0.57, "top_decile_gap": 0.0, "stratum": "rural", "scored": 1}, "geometry": {"type": "Polygon", "coordinates": [[[-73.238, 43.68], [-73.1084, 43.6762], [-73.0957, 43.6325], [-73.1119, 43.6325], [-73.1154, 43.5847], [-73.2432, 43.5875], [-73.238, 43.68]]]}}, {"type": "Feature", "properties": {"fips": "50023954100", "gap_national": -44.7, "gap_stratum": -68.3, "burden": 33.3, "capacity": 68.4, "svi": 0.13, "top_decile_gap": 0.0, "stratum": "rural", "scored": 1}, "geometry": {"type": "Polygon", "coordinates": [[[-72.4905, 44.4257], [-72.4343, 44.5061], [-72.3217, 44.4628], [-72.44, 44.3044], [-72.5506, 44.3456], [-72.4905, 44.4257]]]}}, {"type": "Feature", "properties": {"fips": "50027965100", "gap_national": -2.4, "gap_stratum": -16.9, "burden": 39.1, "capacity": 44.1, "svi": 0.29, "top_decile_gap": 0.0, "stratum": "rural", "scored": 1}, "geometry": {"type": "Polygon", "coordinates": [[[-72.5735, 43.8731], [-72.4595, 43.8381], [-72.5283, 43.7565], [-72.6447, 43.7901], [-72.5735, 43.8731]]]}}, {"type": "Feature", "properties": {"fips": "50027966200", "gap_national": -24.4, "gap_stratum": -55.8, "burden": 47.3, "capacity": 65.6, "svi": 0.28, "top_decile_gap": 0.0, "stratum": "rural", "scored": 1}, "geometry": {"type": "Polygon", "coordinates": [[[-72.6606, 43.4571], [-72.5304, 43.4436], [-72.5454, 43.3452], [-72.6613, 43.3508], [-72.6606, 43.4571]]]}}, {"type": "Feature", "properties": {"fips": "50011010700", "gap_national": 55.8, "gap_stratum": 37.1, "burden": 68.7, "capacity": 23.4, "svi": 0.72, "top_decile_gap": 1.0, "stratum": "micropolitan", "scored": 1}, "geometry": {"type": "Polygon", "coordinates": [[[-73.0977, 44.8192], [-73.094, 44.819], [-73.0899, 44.8243], [-73.0832, 44.8217], [-73.0811, 44.823], [-73.0842, 44.8075], [-73.0943, 44.7948], [-73.0906, 44.7996], [-73.0961, 44.8037], [-73.0945, 44.8058], [-73.1014, 44.8084], [-73.0977, 44.8192]]]}}, {"type": "Feature", "properties": {"fips": "50027965800", "gap_national": -56.7, "gap_stratum": -87.3, "burden": 36.1, "capacity": 81.5, "svi": 0.2, "top_decile_gap": 0.0, "stratum": "rural", "scored": 1}, "geometry": {"type": "Polygon", "coordinates": [[[-72.5768, 43.6591], [-72.568, 43.657], [-72.5653, 43.6613], [-72.4896, 43.6402], [-72.4724, 43.6386], [-72.4662, 43.6311], [-72.4791, 43.6163], [-72.529, 43.5333], [-72.6377, 43.5589], [-72.5768, 43.6591]]]}}, {"type": "Feature", "properties": {"fips": "50025968400", "gap_national": -31.3, "gap_stratum": -59.6, "burden": 40.1, "capacity": 64.6, "svi": 0.59, "top_decile_gap": 0.0, "stratum": "micropolitan", "scored": 1}, "geometry": {"type": "Polygon", "coordinates": [[[-72.6004, 42.8978], [-72.5958, 42.8926], [-72.5894, 42.877], [-72.5949, 42.8685], [-72.5942, 42.8662], [-72.5838, 42.8524], [-72.5856, 42.8495], [-72.5829, 42.8452], [-72.5832, 42.8388], [-72.5868, 42.8307], [-72.589, 42.8301], [-72.5894, 42.8249], [-72.6806, 42.8273], [-72.6774, 42.8997], [-72.6004, 42.8978]]]}}, {"type": "Feature", "properties": {"fips": "50007002800", "gap_national": -70.6, "gap_stratum": -69.9, "burden": 10.7, "capacity": 69.3, "svi": 0.01, "top_decile_gap": 0.0, "stratum": "metropolitan", "scored": 1}, "geometry": {"type": "Polygon", "coordinates": [[[-73.0287, 44.4424], [-73.0208, 44.4419], [-73.0191, 44.4516], [-73.0244, 44.4543], [-73.0212, 44.4599], [-73.025, 44.4612], [-73.0266, 44.4669], [-73.032, 44.468], [-72.9713, 44.5504], [-72.8882, 44.4703], [-72.9188, 44.4287], [-73.0206, 44.4336], [-73.0325, 44.4379], [-73.0329, 44.44], [-73.0287, 44.4424]]]}}, {"type": "Feature", "properties": {"fips": "50021963800", "gap_national": -18.1, "gap_stratum": -52.2, "burden": 53.3, "capacity": 66.0, "svi": 0.42, "top_decile_gap": 0.0, "stratum": "rural", "scored": 1}, "geometry": {"type": "Polygon", "coordinates": [[[-73.2477, 43.5232], [-73.2414, 43.5323], [-73.2457, 43.5405], [-73.2432, 43.5875], [-73.1154, 43.5847], [-73.1201, 43.5334], [-73.1353, 43.5336], [-73.1334, 43.5253], [-73.1684, 43.496], [-73.1785, 43.4962], [-73.1795, 43.4659], [-73.1191, 43.4358], [-73.1208, 43.404], [-73.251, 43.4086], [-73.2477, 43.5232]]]}}, {"type": "Feature", "properties": {"fips": "50019951800", "gap_national": -22.7, "gap_stratum": -62.2, "burden": 58.6, "capacity": 74.0, "svi": 0.65, "top_decile_gap": 0.0, "stratum": "rural", "scored": 1}, "geometry": {"type": "Polygon", "coordinates": [[[-72.2004, 44.8254], [-72.1444, 44.8048], [-72.0824, 44.7817], [-72.1145, 44.7496], [-72.0889, 44.6837], [-72.2589, 44.7441], [-72.2004, 44.8254]]]}}, {"type": "Feature", "properties": {"fips": "50023955000", "gap_national": -59.0, "gap_stratum": -79.5, "burden": 26.3, "capacity": 73.1, "svi": 0.18, "top_decile_gap": 0.0, "stratum": "micropolitan", "scored": 1}, "geometry": {"type": "Polygon", "coordinates": [[[-72.5506, 44.3456], [-72.4303, 44.2998], [-72.4804, 44.2338], [-72.5195, 44.2417], [-72.5246, 44.2379], [-72.5317, 44.2403], [-72.5251, 44.2492], [-72.5405, 44.2554], [-72.5361, 44.2614], [-72.5573, 44.2693], [-72.5555, 44.2719], [-72.5555, 44.2743], [-72.5587, 44.2755], [-72.5571, 44.2778], [-72.5657, 44.2809], [-72.5612, 44.2876], [-72.5663, 44.2895], [-72.5618, 44.2958], [-72.5719, 44.2997], [-72.5643, 44.3098], [-72.5739, 44.3133], [-72.5506, 44.3456]]]}}, {"type": "Feature", "properties": {"fips": "50027966502", "gap_national": -50.8, "gap_stratum": -84.2, "burden": 39.9, "capacity": 80.0, "svi": 0.23, "top_decile_gap": 0.0, "stratum": "rural", "scored": 1}, "geometry": {"type": "Polygon", "coordinates": [[[-72.866, 43.3486], [-72.8547, 43.3493], [-72.8533, 43.3764], [-72.822, 43.3757], [-72.822, 43.3787], [-72.8259, 43.3823], [-72.681, 43.3221], [-72.6854, 43.2226], [-72.8196, 43.256], [-72.8199, 43.2992], [-72.8686, 43.3008], [-72.866, 43.3486]]]}}, {"type": "Feature", "properties": {"fips": "50009950100", "gap_national": -5.0, "gap_stratum": -34.2, "burden": 74.7, "capacity": 74.8, "svi": 0.45, "top_decile_gap": 0.0, "stratum": "rural", "scored": 1}, "geometry": {"type": "Polygon", "coordinates": [[[-71.8993, 45.0082], [-71.7675, 45.0114], [-71.4646, 45.0136], [-71.4767, 45.0092], [-71.4806, 45.0023], [-71.4897, 45.0011], [-71.5043, 45.0082], [-71.5081, 45.0079], [-71.5293, 44.9998], [-71.5362, 44.9946], [-71.5371, 44.9926], [-71.5327, 44.9911], [-71.5381, 44.9898], [-71.5409, 44.9838], [-71.5366, 44.9834], [-71.522, 44.9685], [-71.5231, 44.9669], [-71.5189, 44.9679], [-71.5234, 44.964], [-71.5162, 44.9641], [-71.5148, 44.9587], [-71.5159, 44.9528], [-71.519, 44.9501], [-71.5173, 44.9447], [-71.5149, 44.9442], [-71.5162, 44.9399], [-71.523, 44.9393], [-71.5171, 44.9359], [-71.5135, 44.9288], [-71.5154, 44.9269], [-71.5045, 44.9191], [-71.4999, 44.9112], [-71.4934, 44.9116], [-71.496, 44.9089], [-71.4949, 44.9043], [-71.5011, 44.9044], [-71.5132, 44.8948], [-71.5141, 44.8931], [-71.5107, 44.8904], [-71.5289, 44.8769], [-71.5288, 44.8735], [-71.5455, 44.8661], [-71.5497, 44.8615], [-71.5484, 44.8547], [-71.5557, 44.8491], [-71.5514, 44.8422], [-71.5511, 44.837], [-71.5569, 44.8342], [-71.5624, 44.8233], [-71.5735, 44.8206], [-71.5769, 44.8152], [-71.5687, 44.8075], [-71.5731, 44.7979], [-71.5713, 44.7933], [-71.5797, 44.7847], [-71.5925, 44.7827], [-71.5952, 44.7802], [-71.5951, 44.7754], [-71.6118, 44.7643], [-71.6129, 44.759], [-71.6167, 44.7563], [-71.6319, 44.7525], [-71.6311, 44.7485], [-71.627, 44.747], [-71.6251, 44.7428], [-71.6262, 44.729], [-71.617, 44.7283], [-71.6187, 44.7225], [-71.6125, 44.7192], [-71.6039, 44.7076], [-71.6001, 44.706], [-71.6005, 44.6987], [-71.5941, 44.6969], [-71.598, 44.6918], [-71.5942, 44.6838], [-71.5961, 44.6776], [-71.5815, 44.6732], [-71.587, 44.6705], [-71.5851, 44.6631], [-71.5874, 44.6597], [-71.5813, 44.6555], [-71.5745, 44.6548], [-71.5788, 44.651], [-71.5716, 44.6499], [-71.5671, 44.6533], [-71.5628, 44.6524], [-71.5579, 44.6412], [-71.5636, 44.639], [-71.5633, 44.6366], [-71.5521, 44.6301], [-71.5472, 44.6304], [-71.5469, 44.6285], [-71.5511, 44.6278], [-71.5573, 44.6284], [-71.546, 44.6231], [-71.5542, 44.6254], [-71.5565, 44.6196], [-71.5539, 44.6056], [-71.5622, 44.6016], [-71.5573, 44.5994], [-71.5503, 44.6009], [-71.5554, 44.5938], [-71.5461, 44.5974], [-71.5474, 44.5918], [-71.5383, 44.5935], [-71.5401, 44.5885], [-71.5354, 44.5871], [-71.5374, 44.5834], [-71.5465, 44.5778], [-71.5544, 44.5813], [-71.5539, 44.5776], [-71.5482, 44.5727], [-71.5494, 44.5696], [-71.5568, 44.5703], [-71.6324, 44.6117], [-71.8575, 44.7269], [-71.8072, 44.7741], [-71.8103, 44.7796], [-71.7664, 44.8194], [-71.9201, 44.9015], [-71.8993, 45.0082]]]}}, {"type": "Feature", "properties": {"fips": "50011010500", "gap_national": 21.8, "gap_stratum": -1.5, "burden": 59.6, "capacity": 43.7, "svi": 0.38, "top_decile_gap": 0.0, "stratum": "micropolitan", "scored": 1}, "geometry": {"type": "Polygon", "coordinates": [[[-73.2391, 44.9535], [-73.2267, 44.9624], [-73.1921, 45.0136], [-73.1702, 45.014], [-73.168, 45.0092], [-73.1545, 45.0025], [-73.15, 44.9959], [-73.1541, 44.982], [-73.1683, 44.9703], [-73.1658, 44.9662], [-73.1658, 44.9574], [-73.1619, 44.9513], [-73.1402, 44.9406], [-73.0554, 44.9107], [-73.0364, 44.8871], [-73.0029, 44.8825], [-73.0093, 44.8586], [-73.0089, 44.8522], [-72.9891, 44.825], [-72.9968, 44.816], [-73.194, 44.8868], [-73.1918, 44.894], [-73.1928, 44.9087], [-73.209, 44.9119], [-73.2263, 44.9195], [-73.2339, 44.936], [-73.2388, 44.9414], [-73.241, 44.9496], [-73.2391, 44.9535]]]}}, {"type": "Feature", "properties": {"fips": "50021963200", "gap_national": 13.2, "gap_stratum": -11.7, "burden": 56.0, "capacity": 47.1, "svi": 0.59, "top_decile_gap": 0.0, "stratum": "micropolitan", "scored": 1}, "geometry": {"type": "Polygon", "coordinates": [[[-73.0071, 43.6081], [-73.0073, 43.6104], [-73.0057, 43.6087], [-73.0069, 43.6297], [-72.9763, 43.6306], [-72.9739, 43.6174], [-72.9802, 43.6177], [-72.9812, 43.6227], [-72.9851, 43.6218], [-72.9839, 43.616], [-72.988, 43.6155], [-72.9871, 43.6111], [-72.9825, 43.6115], [-72.9806, 43.6078], [-72.9881, 43.6066], [-72.992, 43.6017], [-73.0026, 43.6021], [-73.0115, 43.6073], [-73.0071, 43.6081]]]}}, {"type": "Feature", "properties": {"fips": "50021962800", "gap_national": -40.0, "gap_stratum": -73.4, "burden": 41.9, "capacity": 72.4, "svi": 0.42, "top_decile_gap": 0.0, "stratum": "rural", "scored": 1}, "geometry": {"type": "Polygon", "coordinates": [[[-72.8578, 43.6951], [-72.8456, 43.7234], [-72.7009, 43.6828], [-72.758, 43.5875], [-72.7728, 43.5916], [-72.7911, 43.495], [-72.7703, 43.4918], [-72.7747, 43.4796], [-72.7945, 43.4838], [-72.9279, 43.4777], [-72.9396, 43.6657], [-72.8578, 43.6951]]]}}, {"type": "Feature", "properties": {"fips": "50021962600", "gap_national": -4.7, "gap_stratum": -32.8, "burden": 54.8, "capacity": 58.2, "svi": 0.44, "top_decile_gap": 0.0, "stratum": "micropolitan", "scored": 1}, "geometry": {"type": "Polygon", "coordinates": [[[-73.0553, 43.6649], [-73.0549, 43.6595], [-73.051, 43.6596], [-73.0495, 43.6479], [-73.0517, 43.6478], [-73.0516, 43.643], [-73.0476, 43.6432], [-73.0472, 43.6389], [-73.0502, 43.6387], [-73.0496, 43.63], [-73.0485, 43.6269], [-73.0436, 43.627], [-73.0429, 43.6208], [-73.0478, 43.6207], [-73.0474, 43.6147], [-73.0321, 43.6108], [-73.0275, 43.6038], [-73.0284, 43.6003], [-73.0222, 43.5963], [-73.0197, 43.5916], [-73.0118, 43.5916], [-73.0122, 43.5714], [-73.0772, 43.5698], [-73.1046, 43.6628], [-73.0553, 43.6649]]]}}, {"type": "Feature", "properties": {"fips": "50021964200", "gap_national": -6.7, "gap_stratum": -36.3, "burden": 57.9, "capacity": 61.8, "svi": 0.39, "top_decile_gap": 0.0, "stratum": "rural", "scored": 1}, "geometry": {"type": "Polygon", "coordinates": [[[-73.1209, 43.403], [-72.8527, 43.3924], [-72.8547, 43.3493], [-72.866, 43.3486], [-72.8686, 43.3005], [-72.9753, 43.3042], [-72.9762, 43.2916], [-72.9913, 43.2916], [-72.9876, 43.305], [-73.1227, 43.3087], [-73.1209, 43.403]]]}}, {"type": "Feature", "properties": {"fips": "50021963700", "gap_national": 20.7, "gap_stratum": -0.0, "burden": 63.8, "capacity": 48.1, "svi": 0.39, "top_decile_gap": 0.0, "stratum": "rural", "scored": 1}, "geometry": {"type": "Polygon", "coordinates": [[[-73.2975, 43.626], [-73.2917, 43.6476], [-73.2813, 43.6689], [-73.2386, 43.6671], [-73.2457, 43.5405], [-73.2501, 43.5434], [-73.2486, 43.5539], [-73.2586, 43.5649], [-73.2694, 43.572], [-73.2797, 43.5742], [-73.2849, 43.5793], [-73.2946, 43.579], [-73.2921, 43.5845], [-73.2969, 43.5873], [-73.2928, 43.5939], [-73.2922, 43.6026], [-73.3003, 43.6108], [-73.302, 43.6239], [-73.2975, 43.626]]]}}, {"type": "Feature", "properties": {"fips": "50021963100", "gap_national": 21.6, "gap_stratum": -1.0, "burden": 61.0, "capacity": 45.2, "svi": 0.86, "top_decile_gap": 0.0, "stratum": "micropolitan", "scored": 1}, "geometry": {"type": "Polygon", "coordinates": [[[-72.9839, 43.616], [-72.9851, 43.6218], [-72.9812, 43.6227], [-72.9802, 43.6177], [-72.9739, 43.6174], [-72.9718, 43.6061], [-72.9787, 43.6054], [-72.9825, 43.6115], [-72.9871, 43.6111], [-72.988, 43.6155], [-72.9839, 43.616]]]}}, {"type": "Feature", "properties": {"fips": "50021963500", "gap_national": -22.6, "gap_stratum": -53.4, "burden": 58.5, "capacity": 73.8, "svi": 0.19, "top_decile_gap": 0.0, "stratum": "micropolitan", "scored": 1}, "geometry": {"type": "Polygon", "coordinates": [[[-73.1684, 43.496], [-73.1334, 43.5253], [-73.1353, 43.5336], [-73.1201, 43.5334], [-73.1119, 43.6325], [-73.0957, 43.6325], [-73.0772, 43.5698], [-73.0349, 43.5707], [-73.0508, 43.4942], [-73.0053, 43.4927], [-73.0072, 43.4481], [-73.0144, 43.4451], [-73.0217, 43.3993], [-73.1209, 43.403], [-73.1191, 43.4358], [-73.1795, 43.4659], [-73.1785, 43.4962], [-73.1684, 43.496]]]}}, {"type": "Feature", "properties": {"fips": "50021962500", "gap_national": -0.0, "gap_stratum": -26.8, "burden": 56.1, "capacity": 56.2, "svi": 0.3, "top_decile_gap": 0.0, "stratum": "micropolitan", "scored": 1}, "geometry": {"type": "Polygon", "coordinates": [[[-73.048, 43.6898], [-73.0478, 43.6922], [-73.0397, 43.6923], [-73.0377, 43.6801], [-73.0391, 43.6765], [-73.031, 43.6731], [-73.0278, 43.674], [-73.0343, 43.6665], [-73.0136, 43.6664], [-73.0122, 43.6636], [-73.0141, 43.6612], [-73.019, 43.6642], [-73.0188, 43.6589], [-73.0086, 43.6588], [-73.0081, 43.6499], [-73.0169, 43.6466], [-73.0153, 43.6378], [-73.0235, 43.6376], [-73.0248, 43.6256], [-73.0315, 43.6253], [-73.0323, 43.6233], [-73.0294, 43.6197], [-73.0254, 43.6222], [-73.0284, 43.619], [-73.0274, 43.6153], [-73.0216, 43.6178], [-73.0203, 43.614], [-73.0246, 43.6108], [-73.0373, 43.6108], [-73.041, 43.6143], [-73.0474, 43.6147], [-73.0478, 43.6207], [-73.0429, 43.6208], [-73.0436, 43.627], [-73.0485, 43.6269], [-73.0496, 43.63], [-73.0502, 43.6387], [-73.0472, 43.6389], [-73.0476, 43.6432], [-73.0516, 43.643], [-73.0517, 43.6478], [-73.0495, 43.6479], [-73.051, 43.6596], [-73.0549, 43.6595], [-73.0603, 43.687], [-73.048, 43.6898]]]}}, {"type": "Feature", "properties": {"fips": "50001960600", "gap_national": -28.3, "gap_stratum": -40.8, "burden": 33.1, "capacity": 57.2, "svi": 0.26, "top_decile_gap": 0.0, "stratum": "rural", "scored": 1}, "geometry": {"type": "Polygon", "coordinates": [[[-73.0322, 44.045], [-73.0312, 44.0605], [-73.0178, 44.0618], [-73.0373, 44.1551], [-73.017, 44.1576], [-73.0164, 44.1551], [-72.9984, 44.1558], [-72.9343, 44.1636], [-72.9168, 44.0719], [-72.8969, 44.0737], [-72.7423, 44.0297], [-72.81, 43.9361], [-72.8163, 43.9378], [-72.8653, 43.8617], [-72.8742, 43.8641], [-72.8766, 43.9028], [-72.9531, 43.8749], [-72.9802, 43.8826], [-72.9802, 43.8639], [-72.9729, 43.8667], [-72.9589, 43.8265], [-73.0171, 43.8049], [-73.027, 43.8421], [-73.0308, 43.8414], [-73.0321, 43.8447], [-73.0299, 43.8467], [-73.0314, 43.8567], [-73.04, 43.8935], [-73.0378, 43.9228], [-73.0483, 43.9222], [-73.0458, 43.9643], [-73.0581, 43.9629], [-73.0633, 44.0422], [-73.0322, 44.045]]]}}, {"type": "Feature", "properties": {"fips": "50027966600", "gap_national": 14.8, "gap_stratum": -13.6, "burden": 59.8, "capacity": 49.0, "svi": 0.44, "top_decile_gap": 0.0, "stratum": "small_town", "scored": 1}, "geometry": {"type": "Polygon", "coordinates": [[[-72.5465, 43.3349], [-72.5227, 43.3374], [-72.5122, 43.3289], [-72.4931, 43.3049], [-72.4858, 43.3024], [-72.4798, 43.2942], [-72.4733, 43.2911], [-72.4711, 43.2827], [-72.4604, 43.2726], [-72.4489, 43.2701], [-72.4409, 43.265], [-72.4317, 43.2669], [-72.4288, 43.2651], [-72.4277, 43.2612], [-72.4352, 43.2585], [-72.4387, 43.2529], [-72.4389, 43.2442], [-72.4338, 43.233], [-72.5491, 43.2359], [-72.5465, 43.3349]]]}}, {"type": "Feature", "properties": {"fips": "50025968100", "gap_national": -6.5, "gap_stratum": -25.1, "burden": 45.0, "capacity": 51.8, "svi": 0.52, "top_decile_gap": 0.0, "stratum": "rural", "scored": 1}, "geometry": {"type": "Polygon", "coordinates": [[[-72.926, 42.8299], [-72.8031, 42.8267], [-72.8067, 42.7442], [-72.8091, 42.7366], [-72.9303, 42.7392], [-72.926, 42.8299]]]}}, {"type": "Feature", "properties": {"fips": "50025967500", "gap_national": -33.7, "gap_stratum": -53.5, "burden": 35.4, "capacity": 62.4, "svi": 0.09, "top_decile_gap": 0.0, "stratum": "rural", "scored": 1}, "geometry": {"type": "Polygon", "coordinates": [[[-73.0031, 43.0237], [-73.0006, 43.0236], [-72.9994, 43.0979], [-72.9969, 43.119], [-72.8687, 43.1139], [-72.8723, 43.0536], [-72.7339, 43.0504], [-72.7548, 42.9872], [-72.9202, 42.9927], [-72.9214, 42.9268], [-73.0081, 42.9301], [-73.0031, 43.0237]]]}}, {"type": "Feature", "properties": {"fips": "50017959700", "gap_national": -27.4, "gap_stratum": -56.6, "burden": 42.3, "capacity": 63.6, "svi": 0.39, "top_decile_gap": 0.0, "stratum": "micropolitan", "scored": 1}, "geometry": {"type": "Polygon", "coordinates": [[[-72.2336, 43.993], [-72.0991, 43.9573], [-72.1063, 43.9495], [-72.1186, 43.946], [-72.1169, 43.9344], [-72.1204, 43.9196], [-72.1513, 43.9017], [-72.1586, 43.8928], [-72.1592, 43.8883], [-72.1727, 43.8843], [-72.1736, 43.8797], [-72.169, 43.8717], [-72.2847, 43.9032], [-72.2336, 43.993]]]}}, {"type": "Feature", "properties": {"fips": "50019951400", "gap_national": 14.4, "gap_stratum": -7.4, "burden": 50.3, "capacity": 41.1, "svi": 0.43, "top_decile_gap": 0.0, "stratum": "rural", "scored": 1}, "geometry": {"type": "Polygon", "coordinates": [[[-72.2117, 44.9246], [-72.2106, 44.927], [-72.2127, 44.9294], [-72.2062, 44.9332], [-72.2036, 44.9436], [-72.1929, 44.9632], [-72.194, 44.9537], [-72.1916, 44.951], [-72.18, 44.951], [-72.1802, 44.9462], [-72.1696, 44.9484], [-72.1708, 44.9427], [-72.175, 44.9425], [-72.177, 44.9378], [-72.175, 44.9359], [-72.181, 44.9321], [-72.1941, 44.9325], [-72.1986, 44.9236], [-72.1981, 44.9184], [-72.1957, 44.9172], [-72.1979, 44.915], [-72.1948, 44.9134], [-72.1967, 44.9117], [-72.1841, 44.9046], [-72.188, 44.9009], [-72.2139, 44.9149], [-72.2163, 44.9233], [-72.2117, 44.9246]]]}}, {"type": "Feature", "properties": {"fips": "50005957100", "gap_national": 5.4, "gap_stratum": -18.1, "burden": 56.7, "capacity": 53.0, "svi": 0.23, "top_decile_gap": 0.0, "stratum": "rural", "scored": 1}, "geometry": {"type": "Polygon", "coordinates": [[[-71.9733, 44.6793], [-71.8427, 44.6112], [-71.9089, 44.5479], [-71.8566, 44.4962], [-71.9036, 44.4545], [-71.9332, 44.4411], [-71.9582, 44.4914], [-71.9318, 44.5802], [-71.9998, 44.5902], [-71.9733, 44.6793]]]}}, {"type": "Feature", "properties": {"fips": "50005957700", "gap_national": -1.5, "gap_stratum": -21.9, "burden": 48.3, "capacity": 51.0, "svi": 0.37, "top_decile_gap": 0.0, "stratum": "rural", "scored": 1}, "geometry": {"type": "Polygon", "coordinates": [[[-72.3739, 44.5842], [-72.263, 44.5424], [-72.3217, 44.4628], [-72.4343, 44.5061], [-72.3739, 44.5842]]]}}, {"type": "Feature", "properties": {"fips": "50007000300", "gap_national": -3.4, "gap_stratum": -2.9, "burden": 12.9, "capacity": 18.2, "svi": 0.83, "top_decile_gap": 0.0, "stratum": "metropolitan", "scored": 1}, "geometry": {"type": "Polygon", "coordinates": [[[-73.2501, 44.5227], [-73.2478, 44.527], [-73.2418, 44.529], [-73.2367, 44.5217], [-73.2382, 44.5163], [-73.2308, 44.5133], [-73.2258, 44.5167], [-73.2188, 44.516], [-73.226, 44.5132], [-73.2282, 44.509], [-73.2246, 44.5062], [-73.2167, 44.5103], [-73.203, 44.5012], [-73.2013, 44.4943], [-73.2017, 44.4911], [-73.204, 44.4911], [-73.2024, 44.489], [-73.2055, 44.4897], [-73.2059, 44.4849], [-73.2233, 44.4831], [-73.2269, 44.4871], [-73.2229, 44.491], [-73.2338, 44.5061], [-73.2353, 44.514], [-73.2462, 44.5212], [-73.2541, 44.5221], [-73.2555, 44.5247], [-73.2501, 44.5227]]]}}, {"type": "Feature", "properties": {"fips": "50007000600", "gap_national": -5.8, "gap_stratum": -5.5, "burden": 13.3, "capacity": 21.4, "svi": 0.39, "top_decile_gap": 0.0, "stratum": "metropolitan", "scored": 1}, "geometry": {"type": "Polygon", "coordinates": [[[-73.2024, 44.489], [-73.204, 44.4911], [-73.2017, 44.4911], [-73.1901, 44.4873], [-73.1818, 44.4885], [-73.1815, 44.4853], [-73.1761, 44.4848], [-73.19, 44.4725], [-73.1927, 44.4822], [-73.1904, 44.4832], [-73.1931, 44.4856], [-73.1965, 44.4832], [-73.1942, 44.4815], [-73.2057, 44.4807], [-73.2061, 44.4887], [-73.2024, 44.489]]]}}, {"type": "Feature", "properties": {"fips": "50007001100", "gap_national": -51.0, "gap_stratum": -52.8, "burden": 6.7, "capacity": 54.1, "svi": 0.26, "top_decile_gap": 0.0, "stratum": "metropolitan", "scored": 1}, "geometry": {"type": "Polygon", "coordinates": [[[-73.229, 44.4595], [-73.224, 44.456], [-73.2086, 44.4551], [-73.2094, 44.4459], [-73.2315, 44.447], [-73.2371, 44.4536], [-73.229, 44.4595]]]}}, {"type": "Feature", "properties": {"fips": "50007003501", "gap_national": -73.7, "gap_stratum": -72.6, "burden": 11.5, "capacity": 72.1, "svi": 0.02, "top_decile_gap": 0.0, "stratum": "metropolitan", "scored": 1}, "geometry": {"type": "Polygon", "coordinates": [[[-73.1653, 44.3622], [-73.1451, 44.2734], [-73.2705, 44.2601], [-73.3134, 44.2642], [-73.311, 44.2742], [-73.3242, 44.31], [-73.324, 44.3338], [-73.327, 44.3434], [-73.1653, 44.3622]]]}}, {"type": "Feature", "properties": {"fips": "50003970900", "gap_national": 30.1, "gap_stratum": 7.8, "burden": 61.8, "capacity": 39.3, "svi": 0.65, "top_decile_gap": 0.0, "stratum": "micropolitan", "scored": 1}, "geometry": {"type": "Polygon", "coordinates": [[[-73.2084, 42.9271], [-73.21, 42.9327], [-73.146, 42.931], [-73.1498, 42.8832], [-73.1818, 42.8839], [-73.1839, 42.8917], [-73.2023, 42.8947], [-73.2121, 42.9009], [-73.2084, 42.9271]]]}}, {"type": "Feature", "properties": {"fips": "50003970500", "gap_national": -57.6, "gap_stratum": -83.6, "burden": 31.1, "capacity": 76.5, "svi": 0.11, "top_decile_gap": 0.0, "stratum": "rural", "scored": 1}, "geometry": {"type": "Polygon", "coordinates": [[[-73.0017, 43.2109], [-72.9785, 43.2096], [-72.9753, 43.3042], [-72.8199, 43.2992], [-72.8196, 43.256], [-72.8481, 43.2628], [-72.8516, 43.2048], [-72.8621, 43.2052], [-72.8687, 43.1139], [-72.9969, 43.119], [-72.9971, 43.117], [-73.0075, 43.1166], [-73.0017, 43.2109]]]}}, {"type": "Feature", "properties": {"fips": "50007002602", "gap_national": -43.8, "gap_stratum": -45.9, "burden": 7.1, "capacity": 49.4, "svi": 0.19, "top_decile_gap": 0.0, "stratum": "metropolitan", "scored": 1}, "geometry": {"type": "Polygon", "coordinates": [[[-73.1112, 44.4905], [-73.0957, 44.5018], [-73.0815, 44.4975], [-73.0866, 44.4835], [-73.094, 44.4789], [-73.0972, 44.4731], [-73.1005, 44.4719], [-73.1035, 44.4774], [-73.1127, 44.4833], [-73.1155, 44.4829], [-73.1112, 44.4905]]]}}, {"type": "Feature", "properties": {"fips": "50007002601", "gap_national": -28.7, "gap_stratum": -29.0, "burden": 17.3, "capacity": 45.1, "svi": 0.67, "top_decile_gap": 0.0, "stratum": "metropolitan", "scored": 1}, "geometry": {"type": "Polygon", "coordinates": [[[-73.1357, 44.5029], [-73.1382, 44.5039], [-73.1353, 44.5037], [-73.1292, 44.5001], [-73.1268, 44.5033], [-73.1224, 44.5018], [-73.12, 44.5043], [-73.1155, 44.5038], [-73.1166, 44.5061], [-73.1127, 44.5075], [-73.0967, 44.5009], [-73.1112, 44.4905], [-73.1155, 44.4816], [-73.1244, 44.4765], [-73.1359, 44.475], [-73.1374, 44.4785], [-73.144, 44.4799], [-73.1445, 44.4838], [-73.1357, 44.5029]]]}}, {"type": "Feature", "properties": {"fips": "50007002101", "gap_national": -50.9, "gap_stratum": -51.5, "burden": 12.7, "capacity": 57.2, "svi": 0.01, "top_decile_gap": 0.0, "stratum": "metropolitan", "scored": 1}, "geometry": {"type": "Polygon", "coordinates": [[[-73.2528, 44.641], [-73.238, 44.6456], [-73.2332, 44.6498], [-73.2336, 44.6714], [-73.2279, 44.6902], [-73.2289, 44.7229], [-73.1043, 44.6768], [-73.1075, 44.6716], [-73.1095, 44.6564], [-73.1138, 44.6555], [-73.1246, 44.6391], [-73.1266, 44.6415], [-73.1299, 44.6363], [-73.1404, 44.637], [-73.1452, 44.6448], [-73.1546, 44.6405], [-73.1582, 44.6422], [-73.1718, 44.6318], [-73.178, 44.6152], [-73.1957, 44.613], [-73.2016, 44.6038], [-73.2176, 44.6051], [-73.2319, 44.6136], [-73.2545, 44.6079], [-73.257, 44.629], [-73.2528, 44.641]]]}}, {"type": "Feature", "properties": {"fips": "50007002702", "gap_national": -50.3, "gap_stratum": -49.3, "burden": 18.5, "capacity": 60.6, "svi": 0.13, "top_decile_gap": 0.0, "stratum": "metropolitan", "scored": 1}, "geometry": {"type": "Polygon", "coordinates": [[[-73.0702, 44.5056], [-73.0576, 44.5105], [-73.0661, 44.517], [-73.0566, 44.5412], [-73.0546, 44.5635], [-72.9713, 44.5504], [-73.032, 44.468], [-73.0371, 44.4711], [-73.0472, 44.4709], [-73.0504, 44.476], [-73.0569, 44.473], [-73.0613, 44.4779], [-73.0686, 44.4789], [-73.0632, 44.4866], [-73.0708, 44.4962], [-73.0702, 44.5056]]]}}, {"type": "Feature", "properties": {"fips": "50023955100", "gap_national": 34.6, "gap_stratum": 12.0, "burden": 61.3, "capacity": 35.1, "svi": 0.7, "top_decile_gap": 0.0, "stratum": "micropolitan", "scored": 1}, "geometry": {"type": "Polygon", "coordinates": [[[-72.5143, 44.2119], [-72.5135, 44.2137], [-72.5031, 44.2115], [-72.5022, 44.2162], [-72.4984, 44.2153], [-72.4972, 44.2124], [-72.4957, 44.2147], [-72.4922, 44.2139], [-72.4961, 44.2057], [-72.4829, 44.1996], [-72.4865, 44.19], [-72.4837, 44.1853], [-72.5161, 44.2108], [-72.5335, 44.2142], [-72.5325, 44.2161], [-72.5143, 44.2119]]]}}, {"type": "Feature", "properties": {"fips": "50023954500", "gap_national": -23.1, "gap_stratum": -53.2, "burden": 47.1, "capacity": 64.5, "svi": 0.43, "top_decile_gap": 0.0, "stratum": "rural", "scored": 1}, "geometry": {"type": "Polygon", "coordinates": [[[-72.6391, 44.272], [-72.6163, 44.2594], [-72.6023, 44.2577], [-72.5998, 44.2512], [-72.5879, 44.2486], [-72.5902, 44.2437], [-72.5533, 44.2349], [-72.5476, 44.2415], [-72.5335, 44.2413], [-72.5246, 44.2379], [-72.5198, 44.2411], [-72.564, 44.1548], [-72.6837, 44.1853], [-72.6391, 44.272]]]}}, {"type": "Feature", "properties": {"fips": "50023954000", "gap_national": -10.2, "gap_stratum": -32.7, "burden": 47.6, "capacity": 56.4, "svi": 0.46, "top_decile_gap": 0.0, "stratum": "rural", "scored": 1}, "geometry": {"type": "Polygon", "coordinates": [[[-72.4303, 44.2998], [-72.44, 44.3044], [-72.3217, 44.4628], [-72.2238, 44.4249], [-72.2289, 44.4216], [-72.2285, 44.4193], [-72.2209, 44.4219], [-72.2195, 44.4183], [-72.2228, 44.4162], [-72.2222, 44.4142], [-72.2171, 44.4111], [-72.27, 44.3405], [-72.3176, 44.2984], [-72.3163, 44.2726], [-72.3684, 44.2041], [-72.426, 44.2231], [-72.4804, 44.2338], [-72.4303, 44.2998]]]}}, {"type": "Feature", "properties": {"fips": "50015953500", "gap_national": -14.8, "gap_stratum": -28.8, "burden": 37.9, "capacity": 52.0, "svi": 0.53, "top_decile_gap": 0.0, "stratum": "rural", "scored": 1}, "geometry": {"type": "Polygon", "coordinates": [[[-72.7497, 44.5918], [-72.7311, 44.5852], [-72.7294, 44.5876], [-72.7095, 44.5807], [-72.6828, 44.5765], [-72.6625, 44.6025], [-72.6534, 44.5994], [-72.6502, 44.6039], [-72.6369, 44.6004], [-72.6332, 44.5938], [-72.6292, 44.5985], [-72.6274, 44.5977], [-72.6294, 44.592], [-72.6252, 44.5865], [-72.623, 44.5894], [-72.6201, 44.5873], [-72.611, 44.5892], [-72.5679, 44.5734], [-72.5589, 44.5844], [-72.5256, 44.5726], [-72.5968, 44.4793], [-72.7069, 44.5236], [-72.6925, 44.5448], [-72.7517, 44.5587], [-72.7532, 44.5573], [-72.7697, 44.5634], [-72.7497, 44.5918]]]}}, {"type": "Feature", "properties": {"fips": "50001960200", "gap_national": -57.8, "gap_stratum": -54.6, "burden": 23.0, "capacity": 69.3, "svi": 0.15, "top_decile_gap": 0.0, "stratum": "metropolitan", "scored": 1}, "geometry": {"type": "Polygon", "coordinates": [[[-73.3987, 44.1622], [-73.3954, 44.1669], [-73.3969, 44.1738], [-73.3897, 44.1812], [-73.3906, 44.1909], [-73.384, 44.1932], [-73.3823, 44.1972], [-73.362, 44.2085], [-73.3499, 44.2304], [-73.3423, 44.2345], [-73.3432, 44.238], [-73.3305, 44.2443], [-73.3236, 44.2439], [-73.3134, 44.2642], [-73.2705, 44.2601], [-73.1968, 44.2666], [-73.1737, 44.1536], [-73.2403, 44.1642], [-73.2434, 44.1803], [-73.2727, 44.177], [-73.2706, 44.1653], [-73.4004, 44.1528], [-73.3987, 44.1622]]]}}, {"type": "Feature", "properties": {"fips": "50001960700", "gap_national": -42.5, "gap_stratum": -77.4, "burden": 42.5, "capacity": 75.0, "svi": 0.44, "top_decile_gap": 0.0, "stratum": "rural", "scored": 1}, "geometry": {"type": "Polygon", "coordinates": [[[-73.1616, 44.0375], [-73.1639, 44.0478], [-73.0665, 44.057], [-73.0633, 44.0422], [-73.0581, 43.9629], [-73.1168, 43.957], [-73.1175, 43.9758], [-73.1404, 43.9915], [-73.1492, 44.0006], [-73.1592, 44.0048], [-73.167, 44.0151], [-73.1653, 44.0215], [-73.1676, 44.0289], [-73.1616, 44.0375]]]}}, {"type": "Feature", "properties": {"fips": "50007002301", "gap_national": -28.2, "gap_stratum": -27.6, "burden": 21.8, "capacity": 48.4, "svi": 0.2, "top_decile_gap": 0.0, "stratum": "metropolitan", "scored": 1}, "geometry": {"type": "Polygon", "coordinates": [[[-73.2545, 44.6079], [-73.2319, 44.6136], [-73.2176, 44.6051], [-73.2016, 44.6038], [-73.1984, 44.6078], [-73.1432, 44.5876], [-73.1379, 44.5835], [-73.1584, 44.5751], [-73.1551, 44.5692], [-73.1573, 44.5658], [-73.168, 44.5713], [-73.1719, 44.5661], [-73.1731, 44.5702], [-73.178, 44.5718], [-73.1805, 44.5613], [-73.1848, 44.5545], [-73.1877, 44.5544], [-73.1991, 44.5566], [-73.2033, 44.5625], [-73.2092, 44.5625], [-73.2098, 44.5662], [-73.2264, 44.5762], [-73.2677, 44.591], [-73.2545, 44.6079]]]}}, {"type": "Feature", "properties": {"fips": "50027966800", "gap_national": -29.9, "gap_stratum": -59.0, "burden": 43.1, "capacity": 66.0, "svi": 0.28, "top_decile_gap": 0.0, "stratum": "rural", "scored": 1}, "geometry": {"type": "Polygon", "coordinates": [[[-72.9531, 43.8749], [-72.8766, 43.9028], [-72.8742, 43.8641], [-72.8653, 43.8617], [-72.8163, 43.9378], [-72.81, 43.9361], [-72.791, 43.9622], [-72.787, 43.9608], [-72.7923, 43.9533], [-72.7856, 43.952], [-72.7907, 43.9449], [-72.7717, 43.9401], [-72.7765, 43.9329], [-72.7703, 43.9311], [-72.7746, 43.9246], [-72.7122, 43.9077], [-72.7093, 43.9112], [-72.5735, 43.8731], [-72.6447, 43.7901], [-72.7706, 43.8245], [-72.7828, 43.8043], [-72.7885, 43.8072], [-72.7844, 43.8108], [-72.7846, 43.814], [-72.7917, 43.8164], [-72.7943, 43.821], [-72.7906, 43.8237], [-72.796, 43.8263], [-72.7967, 43.8294], [-72.8311, 43.839], [-72.8376, 43.8292], [-72.8734, 43.8396], [-72.8746, 43.8581], [-72.9589, 43.8265], [-72.9729, 43.8667], [-72.9802, 43.8639], [-72.9802, 43.8826], [-72.9531, 43.8749]]]}}, {"type": "Feature", "properties": {"fips": "50027965901", "gap_national": -36.7, "gap_stratum": -69.1, "burden": 42.5, "capacity": 70.3, "svi": 0.32, "top_decile_gap": 0.0, "stratum": "rural", "scored": 1}, "geometry": {"type": "Polygon", "coordinates": [[[-72.7728, 43.5916], [-72.758, 43.5875], [-72.6944, 43.6941], [-72.5869, 43.6646], [-72.5881, 43.6625], [-72.5768, 43.6591], [-72.6381, 43.558], [-72.6449, 43.5599], [-72.6608, 43.4536], [-72.7751, 43.4784], [-72.7703, 43.4918], [-72.7911, 43.495], [-72.7728, 43.5916]]]}}, {"type": "Feature", "properties": {"fips": "50023955501", "gap_national": 12.6, "gap_stratum": -11.9, "burden": 56.6, "capacity": 47.9, "svi": 0.45, "top_decile_gap": 0.0, "stratum": "micropolitan", "scored": 1}, "geometry": {"type": "Polygon", "coordinates": [[[-72.7639, 44.1498], [-72.771, 44.1538], [-72.7493, 44.1767], [-72.7547, 44.1804], [-72.7408, 44.1971], [-72.7484, 44.2012], [-72.7378, 44.213], [-72.6837, 44.1853], [-72.6466, 44.1757], [-72.6567, 44.1659], [-72.6567, 44.1614], [-72.6534, 44.1598], [-72.6553, 44.1574], [-72.6549, 44.1492], [-72.6591, 44.1502], [-72.6687, 44.1352], [-72.6648, 44.1341], [-72.6655, 44.1227], [-72.6866, 44.1109], [-72.6917, 44.1105], [-72.7037, 44.1136], [-72.705, 44.1166], [-72.7167, 44.1181], [-72.7283, 44.1149], [-72.7831, 44.1303], [-72.7639, 44.1498]]]}}, {"type": "Feature", "properties": {"fips": "50003970601", "gap_national": -9.0, "gap_stratum": -38.1, "burden": 54.9, "capacity": 61.0, "svi": 0.25, "top_decile_gap": 0.0, "stratum": "micropolitan", "scored": 1}, "geometry": {"type": "Polygon", "coordinates": [[[-73.1405, 43.0259], [-73.0032, 43.0215], [-73.0081, 42.9301], [-72.9214, 42.9268], [-72.9303, 42.7392], [-73.1425, 42.7435], [-73.1373, 42.8355], [-73.1523, 42.8366], [-73.1405, 43.0259]]]}}, {"type": "Feature", "properties": {"fips": "50003970401", "gap_national": -31.5, "gap_stratum": -72.2, "burden": 56.2, "capacity": 79.5, "svi": 0.44, "top_decile_gap": 0.0, "stratum": "rural", "scored": 1}, "geometry": {"type": "Polygon", "coordinates": [[[-73.1312, 43.1921], [-73.1278, 43.2136], [-73.0672, 43.2127], [-73.0582, 43.2008], [-73.0533, 43.198], [-73.0579, 43.186], [-73.0574, 43.1764], [-73.047, 43.1728], [-73.0222, 43.1739], [-73.003, 43.1871], [-73.0075, 43.1166], [-73.1349, 43.1205], [-73.1312, 43.1921]]]}}, {"type": "Feature", "properties": {"fips": "50007002304", "gap_national": -27.9, "gap_stratum": -26.0, "burden": 26.8, "capacity": 52.0, "svi": 0.25, "top_decile_gap": 0.0, "stratum": "metropolitan", "scored": 1}, "geometry": {"type": "Polygon", "coordinates": [[[-73.2381, 44.5363], [-73.2389, 44.545], [-73.2282, 44.5625], [-73.2033, 44.5625], [-73.1964, 44.5554], [-73.1848, 44.5545], [-73.1992, 44.5396], [-73.1933, 44.5234], [-73.1957, 44.5219], [-73.2033, 44.5237], [-73.2008, 44.5187], [-73.2028, 44.5136], [-73.1974, 44.51], [-73.1983, 44.5073], [-73.1925, 44.5055], [-73.1948, 44.5024], [-73.1932, 44.5017], [-73.2021, 44.4927], [-73.203, 44.5012], [-73.2126, 44.506], [-73.2142, 44.5093], [-73.2188, 44.5097], [-73.2246, 44.5062], [-73.2282, 44.509], [-73.226, 44.5132], [-73.2188, 44.516], [-73.2258, 44.5167], [-73.2308, 44.5133], [-73.2382, 44.5163], [-73.2367, 44.5217], [-73.2422, 44.5321], [-73.2381, 44.5363]]]}}, {"type": "Feature", "properties": {"fips": "50027965501", "gap_national": -42.4, "gap_stratum": -64.2, "burden": 30.5, "capacity": 64.5, "svi": 0.28, "top_decile_gap": 0.0, "stratum": "micropolitan", "scored": 1}, "geometry": {"type": "Polygon", "coordinates": [[[-72.4265, 43.7219], [-72.422, 43.7212], [-72.4193, 43.717], [-72.4162, 43.7045], [-72.4074, 43.7017], [-72.3965, 43.6822], [-72.3832, 43.6722], [-72.3782, 43.6694], [-72.3555, 43.6657], [-72.3308, 43.6555], [-72.3383, 43.6455], [-72.3386, 43.6399], [-72.3458, 43.6445], [-72.3488, 43.6388], [-72.3552, 43.6188], [-72.354, 43.6108], [-72.4673, 43.6312], [-72.4724, 43.6386], [-72.4781, 43.6392], [-72.4265, 43.7219]]]}}, {"type": "Feature", "properties": {"fips": "50027965600", "gap_national": -9.4, "gap_stratum": -28.2, "burden": 33.4, "capacity": 44.4, "svi": 0.65, "top_decile_gap": 0.0, "stratum": "micropolitan", "scored": 1}, "geometry": {"type": "Polygon", "coordinates": [[[-72.3458, 43.6445], [-72.3386, 43.6399], [-72.3373, 43.6475], [-72.3296, 43.6573], [-72.3207, 43.6624], [-72.3154, 43.6823], [-72.3093, 43.6805], [-72.3064, 43.6839], [-72.3034, 43.6741], [-72.3058, 43.6665], [-72.314, 43.6562], [-72.3141, 43.6428], [-72.3291, 43.6356], [-72.3272, 43.6305], [-72.3344, 43.6193], [-72.3347, 43.6145], [-72.3282, 43.6063], [-72.354, 43.6108], [-72.3552, 43.6188], [-72.3458, 43.6445]]]}}, {"type": "Feature", "properties": {"fips": "50027965700", "gap_national": -29.4, "gap_stratum": -56.9, "burden": 39.6, "capacity": 62.9, "svi": 0.17, "top_decile_gap": 0.0, "stratum": "micropolitan", "scored": 1}, "geometry": {"type": "Polygon", "coordinates": [[[-72.4791, 43.6163], [-72.4662, 43.6311], [-72.3282, 43.6063], [-72.3285, 43.6008], [-72.3499, 43.5877], [-72.3734, 43.5797], [-72.3801, 43.5736], [-72.3799, 43.5666], [-72.3828, 43.5617], [-72.3804, 43.5409], [-72.3891, 43.5283], [-72.3942, 43.5274], [-72.3961, 43.5198], [-72.529, 43.5333], [-72.4791, 43.6163]]]}}, {"type": "Feature", "properties": {"fips": "50027965000", "gap_national": -70.9, "gap_stratum": -80.9, "burden": 13.8, "capacity": 71.7, "svi": 0.08, "top_decile_gap": 0.0, "stratum": "micropolitan", "scored": 1}, "geometry": {"type": "Polygon", "coordinates": [[[-72.3393, 43.8104], [-72.2054, 43.771], [-72.2181, 43.7657], [-72.2342, 43.746], [-72.2645, 43.7339], [-72.2718, 43.7334], [-72.2753, 43.7275], [-72.2996, 43.7063], [-72.3053, 43.6925], [-72.4222, 43.7262], [-72.3393, 43.8104]]]}}, {"type": "Feature", "properties": {"fips": "50025967200", "gap_national": -34.6, "gap_stratum": -62.5, "burden": 40.0, "capacity": 66.7, "svi": 0.31, "top_decile_gap": 0.0, "stratum": "rural", "scored": 1}, "geometry": {"type": "Polygon", "coordinates": [[[-72.7711, 43.1648], [-72.7643, 43.1722], [-72.7653, 43.1845], [-72.755, 43.1924], [-72.7453, 43.1942], [-72.7398, 43.2053], [-72.7346, 43.2076], [-72.7386, 43.2127], [-72.738, 43.2165], [-72.7337, 43.2239], [-72.7277, 43.2264], [-72.7303, 43.2332], [-72.6854, 43.2226], [-72.6763, 43.2227], [-72.5555, 43.2353], [-72.5568, 43.1278], [-72.5729, 43.0709], [-72.5767, 43.071], [-72.5856, 43.0232], [-72.5884, 43.0233], [-72.5916, 43.0092], [-72.5971, 43.0024], [-72.5976, 42.9911], [-72.607, 42.991], [-72.6087, 42.9683], [-72.6471, 42.9695], [-72.6455, 42.9782], [-72.6315, 42.9825], [-72.6345, 42.9893], [-72.6324, 42.9944], [-72.6393, 42.9964], [-72.6383, 42.9986], [-72.6417, 43.0031], [-72.6392, 43.004], [-72.6399, 43.0062], [-72.6505, 43.0139], [-72.6483, 43.0158], [-72.65, 43.019], [-72.7427, 43.0233], [-72.7081, 43.1257], [-72.7714, 43.1417], [-72.7737, 43.1558], [-72.7711, 43.1648]]]}}, {"type": "Feature", "properties": {"fips": "50025968000", "gap_national": -46.9, "gap_stratum": -69.2, "burden": 31.6, "capacity": 68.6, "svi": 0.09, "top_decile_gap": 0.0, "stratum": "rural", "scored": 1}, "geometry": {"type": "Polygon", "coordinates": [[[-72.9214, 42.9268], [-72.7977, 42.9223], [-72.8031, 42.8267], [-72.926, 42.8299], [-72.9214, 42.9268]]]}}, {"type": "Feature", "properties": {"fips": "50025967100", "gap_national": -48.3, "gap_stratum": -71.9, "burden": 31.9, "capacity": 69.8, "svi": 0.21, "top_decile_gap": 0.0, "stratum": "rural", "scored": 1}, "geometry": {"type": "Polygon", "coordinates": [[[-72.5555, 43.2353], [-72.4338, 43.233], [-72.4405, 43.219], [-72.4377, 43.2028], [-72.4503, 43.1925], [-72.4434, 43.1797], [-72.4514, 43.173], [-72.4595, 43.1827], [-72.4631, 43.1832], [-72.4624, 43.166], [-72.4749, 43.1506], [-72.4774, 43.1354], [-72.4717, 43.1259], [-72.558, 43.1278], [-72.5555, 43.2353]]]}}, {"type": "Feature", "properties": {"fips": "50011010400", "gap_national": -14.8, "gap_stratum": -38.6, "burden": 39.6, "capacity": 53.2, "svi": 0.16, "top_decile_gap": 0.0, "stratum": "micropolitan", "scored": 1}, "geometry": {"type": "Polygon", "coordinates": [[[-72.9754, 44.8078], [-72.9968, 44.816], [-72.9891, 44.825], [-73.0089, 44.8522], [-73.0093, 44.8586], [-73.0029, 44.8825], [-72.8345, 44.8555], [-72.8395, 44.8382], [-72.779, 44.8389], [-72.7402, 44.8368], [-72.6784, 44.8394], [-72.6782, 44.8025], [-72.7291, 44.804], [-72.7467, 44.7902], [-72.7458, 44.7759], [-72.755, 44.777], [-72.7585, 44.7636], [-72.7682, 44.7664], [-72.7744, 44.7432], [-72.7822, 44.7443], [-72.7831, 44.7403], [-72.7804, 44.7402], [-72.7861, 44.7277], [-73.0848, 44.773], [-72.9754, 44.8078]]]}}, {"type": "Feature", "properties": {"fips": "50011010900", "gap_national": -19.3, "gap_stratum": -16.3, "burden": 32.7, "capacity": 50.9, "svi": 0.13, "top_decile_gap": 0.0, "stratum": "metropolitan", "scored": 1}, "geometry": {"type": "Polygon", "coordinates": [[[-73.1823, 44.7687], [-73.168, 44.7762], [-73.1491, 44.7963], [-73.0848, 44.773], [-73.038, 44.6512], [-73.2289, 44.7229], [-73.2115, 44.744], [-73.1823, 44.7687]]]}}, {"type": "Feature", "properties": {"fips": "50011011000", "gap_national": -34.6, "gap_stratum": -33.3, "burden": 23.5, "capacity": 54.1, "svi": 0.11, "top_decile_gap": 0.0, "stratum": "metropolitan", "scored": 1}, "geometry": {"type": "Polygon", "coordinates": [[[-72.9518, 44.752], [-72.7861, 44.7277], [-72.7955, 44.6922], [-72.8511, 44.7111], [-72.8923, 44.6553], [-72.9027, 44.6462], [-72.9156, 44.6456], [-72.9227, 44.6498], [-72.9263, 44.6478], [-72.9271, 44.645], [-72.9238, 44.6415], [-72.9271, 44.6405], [-72.9236, 44.6366], [-72.9261, 44.6348], [-72.9241, 44.6331], [-73.038, 44.6512], [-73.0848, 44.773], [-72.9518, 44.752]]]}}, {"type": "Feature", "properties": {"fips": "50021962400", "gap_national": -7.1, "gap_stratum": -35.5, "burden": 58.0, "capacity": 62.3, "svi": 0.29, "top_decile_gap": 0.0, "stratum": "micropolitan", "scored": 1}, "geometry": {"type": "Polygon", "coordinates": [[[-73.0806, 43.7543], [-73.0772, 43.7587], [-73.0591, 43.751], [-73.0564, 43.7552], [-73.0027, 43.7568], [-72.94, 43.6695], [-73.0343, 43.6665], [-73.0278, 43.674], [-73.031, 43.6731], [-73.0391, 43.6765], [-73.0377, 43.6801], [-73.0397, 43.6923], [-73.0444, 43.6924], [-73.0614, 43.6867], [-73.0553, 43.6649], [-73.1046, 43.6628], [-73.1313, 43.7521], [-73.0806, 43.7543]]]}}, {"type": "Feature", "properties": {"fips": "50001960400", "gap_national": -49.8, "gap_stratum": -78.2, "burden": 34.8, "capacity": 73.6, "svi": 0.16, "top_decile_gap": 0.0, "stratum": "rural", "scored": 1}, "geometry": {"type": "Polygon", "coordinates": [[[-73.4292, 44.0794], [-73.4163, 44.0994], [-73.4113, 44.1127], [-73.4158, 44.1328], [-73.4033, 44.1443], [-73.4004, 44.1528], [-73.2706, 44.1653], [-73.2683, 44.153], [-73.2394, 44.1552], [-73.2403, 44.1642], [-73.1737, 44.1536], [-73.1771, 44.1739], [-73.1496, 44.1767], [-73.1446, 44.1492], [-73.112, 44.1441], [-73.096, 44.0544], [-73.1808, 44.046], [-73.1816, 44.0361], [-73.1771, 44.0199], [-73.2567, 44.012], [-73.256, 44.0353], [-73.4074, 44.0202], [-73.4108, 44.0269], [-73.4231, 44.0328], [-73.4377, 44.045], [-73.4292, 44.0794]]]}}, {"type": "Feature", "properties": {"fips": "50001960900", "gap_national": -37.9, "gap_stratum": -66.6, "burden": 39.4, "capacity": 68.5, "svi": 0.3, "top_decile_gap": 0.0, "stratum": "rural", "scored": 1}, "geometry": {"type": "Polygon", "coordinates": [[[-73.406, 44.0115], [-73.4074, 44.0202], [-73.256, 44.0353], [-73.2567, 44.012], [-73.1905, 44.0189], [-73.1898, 43.988], [-73.1864, 43.9885], [-73.1854, 43.9815], [-73.1735, 43.9676], [-73.1699, 43.9518], [-73.1639, 43.9524], [-73.1685, 43.9354], [-73.1752, 43.9303], [-73.173, 43.925], [-73.1745, 43.9132], [-73.1793, 43.9084], [-73.1838, 43.8981], [-73.1887, 43.8944], [-73.1865, 43.8903], [-73.1803, 43.8891], [-73.1738, 43.882], [-73.1768, 43.8681], [-73.1722, 43.8635], [-73.1675, 43.8625], [-73.1614, 43.8652], [-73.1557, 43.8397], [-73.2189, 43.8373], [-73.2063, 43.7668], [-73.363, 43.7532], [-73.3506, 43.7719], [-73.3548, 43.7767], [-73.3575, 43.7859], [-73.3764, 43.7988], [-73.3808, 43.811], [-73.3925, 43.8208], [-73.3884, 43.8324], [-73.3766, 43.8394], [-73.3722, 43.8453], [-73.382, 43.855], [-73.3741, 43.8756], [-73.3835, 43.891], [-73.3959, 43.903], [-73.4077, 43.9299], [-73.4055, 43.9488], [-73.4068, 43.9673], [-73.4126, 43.9827], [-73.406, 44.0115]]]}}, {"type": "Feature", "properties": {"fips": "50003971000", "gap_national": -7.6, "gap_stratum": -32.4, "burden": 42.3, "capacity": 50.5, "svi": 0.62, "top_decile_gap": 0.0, "stratum": "micropolitan", "scored": 1}, "geometry": {"type": "Polygon", "coordinates": [[[-73.2747, 42.9344], [-73.21, 42.9327], [-73.2084, 42.9271], [-73.2121, 42.9009], [-73.2023, 42.8947], [-73.2015, 42.8917], [-73.2055, 42.893], [-73.2139, 42.886], [-73.2125, 42.8813], [-73.2141, 42.8761], [-73.2061, 42.8619], [-73.2044, 42.8527], [-73.2144, 42.8477], [-73.215, 42.8419], [-73.2181, 42.8383], [-73.2785, 42.8375], [-73.2747, 42.9344]]]}}, {"type": "Feature", "properties": {"fips": "50003970800", "gap_national": -26.9, "gap_stratum": -57.2, "burden": 44.7, "capacity": 65.1, "svi": 0.11, "top_decile_gap": 0.0, "stratum": "micropolitan", "scored": 1}, "geometry": {"type": "Polygon", "coordinates": [[[-73.27, 43.0307], [-73.1405, 43.0258], [-73.146, 42.931], [-73.2747, 42.9344], [-73.27, 43.0307]]]}}, {"type": "Feature", "properties": {"fips": "50007002701", "gap_national": -63.7, "gap_stratum": -62.9, "burden": 13.4, "capacity": 66.1, "svi": 0.24, "top_decile_gap": 0.0, "stratum": "metropolitan", "scored": 1}, "geometry": {"type": "Polygon", "coordinates": [[[-73.0979, 44.5705], [-73.0546, 44.5635], [-73.0566, 44.5412], [-73.0661, 44.517], [-73.0576, 44.5105], [-73.0702, 44.5056], [-73.0717, 44.5031], [-73.0708, 44.4962], [-73.0632, 44.4866], [-73.0671, 44.4795], [-73.076, 44.4824], [-73.0877, 44.4788], [-73.089, 44.4836], [-73.0866, 44.4835], [-73.0815, 44.4975], [-73.1127, 44.5075], [-73.1166, 44.5061], [-73.1155, 44.5038], [-73.12, 44.5043], [-73.1224, 44.5018], [-73.1268, 44.5033], [-73.1292, 44.5001], [-73.1353, 44.5037], [-73.1382, 44.5039], [-73.1357, 44.5029], [-73.1371, 44.5009], [-73.1402, 44.5007], [-73.1477, 44.4933], [-73.1433, 44.4918], [-73.144, 44.4901], [-73.1544, 44.4883], [-73.1584, 44.4898], [-73.0979, 44.5705]]]}}, {"type": "Feature", "properties": {"fips": "50013020200", "gap_national": -44.1, "gap_stratum": -38.8, "burden": 34.1, "capacity": 68.6, "svi": 0.13, "top_decile_gap": 0.0, "stratum": "metropolitan", "scored": 1}, "geometry": {"type": "Polygon", "coordinates": [[[-73.3865, 44.6269], [-73.3868, 44.6364], [-73.3786, 44.6415], [-73.3845, 44.6467], [-73.378, 44.6529], [-73.3791, 44.6568], [-73.3741, 44.6623], [-73.3697, 44.6635], [-73.3727, 44.6687], [-73.3718, 44.677], [-73.3672, 44.6785], [-73.3701, 44.6849], [-73.3653, 44.6875], [-73.3613, 44.6945], [-73.366, 44.6976], [-73.3656, 44.7418], [-73.352, 44.7607], [-73.3446, 44.754], [-73.3145, 44.7511], [-73.3095, 44.7571], [-73.2895, 44.7657], [-73.2855, 44.7716], [-73.2561, 44.7825], [-73.259, 44.7731], [-73.2563, 44.7594], [-73.2357, 44.7365], [-73.2289, 44.7229], [-73.2279, 44.6902], [-73.2336, 44.6714], [-73.2338, 44.6487], [-73.2528, 44.641], [-73.2549, 44.6362], [-73.257, 44.629], [-73.2543, 44.6068], [-73.2584, 44.6004], [-73.2677, 44.591], [-73.2938, 44.5784], [-73.3615, 44.5635], [-73.3744, 44.5755], [-73.3757, 44.582], [-73.3818, 44.5893], [-73.3768, 44.5955], [-73.3768, 44.5996], [-73.3829, 44.6122], [-73.3898, 44.6172], [-73.3865, 44.6269]]]}}, {"type": "Feature", "properties": {"fips": "50015953100", "gap_national": -26.5, "gap_stratum": -26.3, "burden": 19.8, "capacity": 45.5, "svi": 0.22, "top_decile_gap": 0.0, "stratum": "metropolitan", "scored": 1}, "geometry": {"type": "Polygon", "coordinates": [[[-72.9238, 44.6415], [-72.9271, 44.645], [-72.9263, 44.6478], [-72.9227, 44.6498], [-72.9156, 44.6456], [-72.904, 44.6458], [-72.8923, 44.6553], [-72.8511, 44.7111], [-72.74, 44.6712], [-72.7636, 44.6373], [-72.7265, 44.6243], [-72.7844, 44.5411], [-72.827, 44.5507], [-72.91, 44.6312], [-72.9261, 44.6348], [-72.9236, 44.6366], [-72.926, 44.6406], [-72.9238, 44.6415]]]}}, {"type": "Feature", "properties": {"fips": "50015953600", "gap_national": -48.3, "gap_stratum": -53.7, "burden": 21.7, "capacity": 61.7, "svi": 0.31, "top_decile_gap": 0.0, "stratum": "rural", "scored": 1}, "geometry": {"type": "Polygon", "coordinates": [[[-72.8036, 44.5062], [-72.8308, 44.5164], [-72.81, 44.5467], [-72.7844, 44.5411], [-72.7697, 44.5634], [-72.7532, 44.5573], [-72.7517, 44.5587], [-72.6925, 44.5448], [-72.7069, 44.5236], [-72.5968, 44.4793], [-72.6544, 44.3982], [-72.7659, 44.4426], [-72.8386, 44.4592], [-72.8036, 44.5062]]]}}, {"type": "Feature", "properties": {"fips": "50017959400", "gap_national": -10.5, "gap_stratum": -26.7, "burden": 41.1, "capacity": 51.6, "svi": 0.45, "top_decile_gap": 0.0, "stratum": "rural", "scored": 1}, "geometry": {"type": "Polygon", "coordinates": [[[-72.6373, 44.0007], [-72.5103, 43.9662], [-72.5587, 43.899], [-72.5735, 43.8731], [-72.7028, 43.9094], [-72.6373, 44.0007]]]}}, {"type": "Feature", "properties": {"fips": "50007002900", "gap_national": -59.3, "gap_stratum": -58.6, "burden": 14.1, "capacity": 63.6, "svi": 0.18, "top_decile_gap": 0.0, "stratum": "metropolitan", "scored": 1}, "geometry": {"type": "Polygon", "coordinates": [[[-73.038, 44.6512], [-72.91, 44.6312], [-72.827, 44.5507], [-72.81, 44.5467], [-72.8308, 44.5164], [-72.8036, 44.5062], [-72.8386, 44.4592], [-72.805, 44.4517], [-72.8391, 44.4034], [-72.8045, 44.3905], [-72.8261, 44.3592], [-72.8558, 44.3653], [-72.8794, 44.3296], [-72.9521, 44.3454], [-72.9362, 44.3753], [-72.9188, 44.4287], [-72.8882, 44.4703], [-72.9713, 44.5504], [-73.0979, 44.5705], [-73.038, 44.6512]]]}}, {"type": "Feature", "properties": {"fips": "50017959800", "gap_national": -18.1, "gap_stratum": -38.5, "burden": 42.8, "capacity": 58.0, "svi": 0.46, "top_decile_gap": 0.0, "stratum": "rural", "scored": 1}, "geometry": {"type": "Polygon", "coordinates": [[[-72.1916, 44.0616], [-72.0791, 44.0297], [-72.0829, 44.0216], [-72.0903, 44.024], [-72.0953, 44.0219], [-72.0952, 44.0167], [-72.0901, 44.0099], [-72.0933, 44.0094], [-72.0976, 44.0152], [-72.1025, 44.0149], [-72.1057, 44.0111], [-72.1044, 44.0022], [-72.117, 43.9945], [-72.1122, 43.9868], [-72.1147, 43.9683], [-72.1101, 43.9672], [-72.1051, 43.9699], [-72.0911, 43.9664], [-72.1005, 43.9632], [-72.0991, 43.9573], [-72.2247, 43.99], [-72.2327, 43.9927], [-72.1916, 44.0616]]]}}, {"type": "Feature", "properties": {"fips": "50017959600", "gap_national": -58.8, "gap_stratum": -82.7, "burden": 29.7, "capacity": 76.2, "svi": 0.05, "top_decile_gap": 0.0, "stratum": "micropolitan", "scored": 1}, "geometry": {"type": "Polygon", "coordinates": [[[-72.2715, 43.8998], [-72.169, 43.8717], [-72.1679, 43.8691], [-72.1828, 43.8655], [-72.1879, 43.8561], [-72.1829, 43.8451], [-72.1822, 43.834], [-72.1889, 43.8213], [-72.1833, 43.8082], [-72.1908, 43.8008], [-72.1951, 43.7923], [-72.2055, 43.7846], [-72.2054, 43.771], [-72.3393, 43.8104], [-72.2715, 43.8998]]]}}, {"type": "Feature", "properties": {"fips": "50019951500", "gap_national": 32.2, "gap_stratum": 28.6, "burden": 80.9, "capacity": 53.3, "svi": 0.7, "top_decile_gap": 0.0, "stratum": "rural", "scored": 1}, "geometry": {"type": "Polygon", "coordinates": [[[-72.2384, 44.9439], [-72.2419, 44.9445], [-72.2397, 44.9466], [-72.2422, 44.948], [-72.2416, 44.9515], [-72.2339, 44.9508], [-72.2075, 44.9603], [-72.203, 44.9626], [-72.2044, 44.9656], [-72.2022, 44.9662], [-72.2012, 44.9634], [-72.1929, 44.9632], [-72.2036, 44.9436], [-72.2062, 44.9332], [-72.2127, 44.9294], [-72.2106, 44.927], [-72.2117, 44.9246], [-72.2172, 44.9218], [-72.2145, 44.9214], [-72.2139, 44.9149], [-72.2432, 44.9306], [-72.2393, 44.9344], [-72.2437, 44.9367], [-72.2384, 44.9439]]]}}, {"type": "Feature", "properties": {"fips": "50005957900", "gap_national": -24.2, "gap_stratum": -58.7, "burden": 46.8, "capacity": 65.0, "svi": 0.4, "top_decile_gap": 0.0, "stratum": "small_town", "scored": 1}, "geometry": {"type": "Polygon", "coordinates": [[[-72.0457, 44.3984], [-72.0355, 44.3887], [-71.9332, 44.4411], [-71.8377, 44.3477], [-71.8526, 44.3409], [-71.8725, 44.3366], [-71.9094, 44.3484], [-71.9174, 44.3465], [-71.9291, 44.3376], [-71.9354, 44.3358], [-71.9452, 44.3377], [-71.9811, 44.3375], [-71.9846, 44.3362], [-71.9883, 44.3298], [-72.0039, 44.3241], [-72.0189, 44.3202], [-72.0291, 44.3224], [-72.0338, 44.3173], [-72.0319, 44.3157], [-72.0327, 44.3025], [-72.0395, 44.2959], [-72.0589, 44.2862], [-72.0684, 44.2713], [-72.0671, 44.2682], [-72.0586, 44.2691], [-72.0612, 44.2634], [-72.0592, 44.2559], [-72.1879, 44.2767], [-72.0457, 44.3984]]]}}, {"type": "Feature", "properties": {"fips": "50005957600", "gap_national": -37.5, "gap_stratum": -72.8, "burden": 44.6, "capacity": 72.8, "svi": 0.17, "top_decile_gap": 0.0, "stratum": "rural", "scored": 1}, "geometry": {"type": "Polygon", "coordinates": [[[-72.2238, 44.4249], [-72.2106, 44.4197], [-72.1378, 44.5186], [-72.1262, 44.5176], [-72.0835, 44.5103], [-72.0457, 44.3984], [-72.0942, 44.3572], [-72.1709, 44.3714], [-72.1677, 44.3853], [-72.2278, 44.3969], [-72.2171, 44.4111], [-72.2222, 44.4142], [-72.2228, 44.4162], [-72.2195, 44.4183], [-72.2209, 44.4219], [-72.2285, 44.4193], [-72.2289, 44.4216], [-72.2238, 44.4249]]]}}, {"type": "Feature", "properties": {"fips": "50005957500", "gap_national": 21.4, "gap_stratum": -4.2, "burden": 64.8, "capacity": 48.5, "svi": 0.68, "top_decile_gap": 0.0, "stratum": "small_town", "scored": 1}, "geometry": {"type": "Polygon", "coordinates": [[[-72.0171, 44.403], [-72.013, 44.4209], [-72.0104, 44.4235], [-72.0178, 44.4313], [-72.0145, 44.4406], [-72.0178, 44.4442], [-72.0136, 44.4723], [-72.0153, 44.4765], [-72.0126, 44.4761], [-72.0123, 44.478], [-72.0164, 44.478], [-72.0152, 44.4805], [-72.0046, 44.4881], [-72.0002, 44.4945], [-72.0036, 44.4949], [-72.0033, 44.4968], [-72.0006, 44.4978], [-71.9582, 44.4914], [-71.9332, 44.4411], [-72.023, 44.395], [-72.0244, 44.3995], [-72.0171, 44.403]]]}}, {"type": "Feature", "properties": {"fips": "50005957800", "gap_national": -20.3, "gap_stratum": -57.3, "burden": 55.4, "capacity": 69.3, "svi": 0.32, "top_decile_gap": 0.0, "stratum": "rural", "scored": 1}, "geometry": {"type": "Polygon", "coordinates": [[[-72.3163, 44.2726], [-72.3176, 44.2984], [-72.27, 44.3405], [-72.2278, 44.3969], [-72.1677, 44.3853], [-72.1709, 44.3714], [-72.0942, 44.3572], [-72.1879, 44.2767], [-72.0592, 44.2559], [-72.0479, 44.2385], [-72.0536, 44.226], [-72.0525, 44.2189], [-72.0554, 44.2128], [-72.0595, 44.2103], [-72.059, 44.2021], [-72.0646, 44.1969], [-72.0662, 44.1898], [-72.0575, 44.1794], [-72.053, 44.1679], [-72.0476, 44.1618], [-72.0424, 44.1608], [-72.0436, 44.1571], [-72.1703, 44.1921], [-72.305, 44.1831], [-72.3684, 44.2041], [-72.3163, 44.2726]]]}}, {"type": "Feature", "properties": {"fips": "50019951600", "gap_national": -17.8, "gap_stratum": -47.1, "burden": 49.5, "capacity": 62.8, "svi": 0.4, "top_decile_gap": 0.0, "stratum": "rural", "scored": 1}, "geometry": {"type": "Polygon", "coordinates": [[[-72.4489, 45.0085], [-72.3101, 45.0038], [-72.2467, 45.0046], [-72.2318, 44.9856], [-72.2263, 44.9537], [-72.2339, 44.9508], [-72.2416, 44.9515], [-72.2422, 44.948], [-72.2397, 44.9466], [-72.2419, 44.9445], [-72.2384, 44.9439], [-72.2437, 44.9367], [-72.2393, 44.9344], [-72.2432, 44.9306], [-72.2618, 44.9405], [-72.3325, 44.8422], [-72.4046, 44.8417], [-72.4038, 44.8351], [-72.5326, 44.8335], [-72.5414, 44.926], [-72.5365, 44.9261], [-72.5539, 45.0083], [-72.4489, 45.0085]]]}}, {"type": "Feature", "properties": {"fips": "50023954300", "gap_national": -45.1, "gap_stratum": -41.9, "burden": 17.7, "capacity": 56.7, "svi": 0.38, "top_decile_gap": 0.0, "stratum": "rural", "scored": 1}, "geometry": {"type": "Polygon", "coordinates": [[[-72.805, 44.4517], [-72.7659, 44.4426], [-72.6544, 44.3982], [-72.6713, 44.3758], [-72.6632, 44.3728], [-72.6683, 44.3663], [-72.6601, 44.3636], [-72.6715, 44.3475], [-72.6782, 44.3497], [-72.6948, 44.3261], [-72.7046, 44.3296], [-72.7166, 44.3125], [-72.724, 44.3143], [-72.7332, 44.3221], [-72.7397, 44.3227], [-72.7442, 44.3276], [-72.7556, 44.3289], [-72.7628, 44.3336], [-72.7621, 44.3421], [-72.7727, 44.3436], [-72.7766, 44.3513], [-72.7976, 44.3548], [-72.8031, 44.3598], [-72.8249, 44.3581], [-72.8257, 44.3601], [-72.8045, 44.3905], [-72.8391, 44.4034], [-72.805, 44.4517]]]}}, {"type": "Feature", "properties": {"fips": "50023954900", "gap_national": -30.3, "gap_stratum": -60.2, "burden": 43.4, "capacity": 66.5, "svi": 0.44, "top_decile_gap": 0.0, "stratum": "micropolitan", "scored": 1}, "geometry": {"type": "Polygon", "coordinates": [[[-72.5934, 44.2562], [-72.5902, 44.2606], [-72.5849, 44.2615], [-72.5661, 44.2498], [-72.5497, 44.2489], [-72.5496, 44.2402], [-72.5533, 44.2349], [-72.5902, 44.2437], [-72.5879, 44.2486], [-72.5998, 44.2512], [-72.6019, 44.253], [-72.6008, 44.2565], [-72.5934, 44.2562]]]}}, {"type": "Feature", "properties": {"fips": "50023954600", "gap_national": -58.3, "gap_stratum": -61.8, "burden": 9.3, "capacity": 60.1, "svi": 0.05, "top_decile_gap": 0.0, "stratum": "micropolitan", "scored": 1}, "geometry": {"type": "Polygon", "coordinates": [[[-72.5739, 44.3133], [-72.5719, 44.3125], [-72.5782, 44.3055], [-72.5774, 44.3008], [-72.5794, 44.2984], [-72.579, 44.2946], [-72.5758, 44.292], [-72.5775, 44.2868], [-72.5725, 44.2867], [-72.5712, 44.2841], [-72.5718, 44.2746], [-72.5688, 44.2655], [-72.5774, 44.258], [-72.5868, 44.262], [-72.5944, 44.256], [-72.6118, 44.2595], [-72.5739, 44.3133]]]}}, {"type": "Feature", "properties": {"fips": "50023954200", "gap_national": -46.6, "gap_stratum": -68.8, "burden": 30.1, "capacity": 67.1, "svi": 0.25, "top_decile_gap": 0.0, "stratum": "micropolitan", "scored": 1}, "geometry": {"type": "Polygon", "coordinates": [[[-72.7046, 44.3296], [-72.6948, 44.3261], [-72.6782, 44.3497], [-72.6715, 44.3475], [-72.6601, 44.3636], [-72.6683, 44.3663], [-72.6632, 44.3728], [-72.6713, 44.3758], [-72.5968, 44.4793], [-72.4929, 44.423], [-72.6125, 44.2586], [-72.6243, 44.2627], [-72.6334, 44.27], [-72.6523, 44.2758], [-72.6591, 44.2751], [-72.6615, 44.2821], [-72.6696, 44.2866], [-72.6697, 44.2893], [-72.6954, 44.2985], [-72.6956, 44.3105], [-72.7094, 44.3145], [-72.7166, 44.3125], [-72.7046, 44.3296]]]}}, {"type": "Feature", "properties": {"fips": "50023955200", "gap_national": 17.5, "gap_stratum": -8.0, "burden": 51.8, "capacity": 40.1, "svi": 0.6, "top_decile_gap": 0.0, "stratum": "micropolitan", "scored": 1}, "geometry": {"type": "Polygon", "coordinates": [[[-72.5335, 44.2142], [-72.5161, 44.2108], [-72.4842, 44.1851], [-72.4879, 44.1829], [-72.4937, 44.184], [-72.4961, 44.1805], [-72.5143, 44.1871], [-72.5132, 44.1899], [-72.5226, 44.1924], [-72.5218, 44.195], [-72.5339, 44.199], [-72.5323, 44.2034], [-72.5382, 44.205], [-72.5335, 44.2142]]]}}, {"type": "Feature", "properties": {"fips": "50013020100", "gap_national": -8.1, "gap_stratum": -1.9, "burden": 54.3, "capacity": 60.0, "svi": 0.24, "top_decile_gap": 0.0, "stratum": "metropolitan", "scored": 1}, "geometry": {"type": "Polygon", "coordinates": [[[-73.3798, 44.857], [-73.3691, 44.8667], [-73.3603, 44.8972], [-73.3562, 44.9045], [-73.339, 44.9177], [-73.3382, 44.9648], [-73.3502, 44.9762], [-73.3546, 44.9874], [-73.3431, 45.0108], [-73.1921, 45.0136], [-73.2267, 44.9624], [-73.2391, 44.9535], [-73.241, 44.9496], [-73.2388, 44.9414], [-73.2339, 44.936], [-73.2263, 44.9195], [-73.2064, 44.9112], [-73.1949, 44.9105], [-73.1917, 44.9068], [-73.1918, 44.894], [-73.1966, 44.875], [-73.2033, 44.8664], [-73.207, 44.8524], [-73.2076, 44.8464], [-73.2025, 44.8355], [-73.2089, 44.8235], [-73.2244, 44.818], [-73.2361, 44.8102], [-73.2561, 44.7825], [-73.2855, 44.7716], [-73.2895, 44.7657], [-73.3095, 44.7571], [-73.3145, 44.7511], [-73.3419, 44.7533], [-73.352, 44.7607], [-73.3471, 44.773], [-73.3338, 44.7852], [-73.3344, 44.8022], [-73.3535, 44.8204], [-73.3696, 44.8291], [-73.3795, 44.838], [-73.3814, 44.8488], [-73.3798, 44.857]]]}}, {"type": "Feature", "properties": {"fips": "50007004002", "gap_national": -45.2, "gap_stratum": -44.2, "burden": 19.9, "capacity": 58.4, "svi": 0.38, "top_decile_gap": 0.0, "stratum": "metropolitan", "scored": 1}, "geometry": {"type": "Polygon", "coordinates": [[[-73.1692, 44.4909], [-73.168, 44.4866], [-73.1626, 44.4898], [-73.1544, 44.4883], [-73.144, 44.4901], [-73.1433, 44.4918], [-73.1477, 44.4933], [-73.1402, 44.5007], [-73.1371, 44.5009], [-73.1405, 44.4958], [-73.1401, 44.4899], [-73.1445, 44.4838], [-73.144, 44.4799], [-73.1363, 44.4777], [-73.1348, 44.4725], [-73.1382, 44.4696], [-73.1358, 44.4622], [-73.1369, 44.459], [-73.135, 44.4573], [-73.1399, 44.4494], [-73.1353, 44.4424], [-73.1394, 44.4356], [-73.1432, 44.4355], [-73.1436, 44.4376], [-73.157, 44.436], [-73.1576, 44.4499], [-73.1695, 44.457], [-73.1728, 44.4745], [-73.1803, 44.4809], [-73.1692, 44.4909]], [[-73.1592, 44.474], [-73.1535, 44.4656], [-73.1541, 44.463], [-73.1451, 44.4628], [-73.1392, 44.4595], [-73.136, 44.4624], [-73.139, 44.4642], [-73.141, 44.4704], [-73.1386, 44.4746], [-73.1496, 44.4789], [-73.1562, 44.4788], [-73.1623, 44.4819], [-73.1627, 44.4853], [-73.1707, 44.4802], [-73.1592, 44.474]]]}}, {"type": "Feature", "properties": {"fips": "50027965502", "gap_national": -29.6, "gap_stratum": -56.8, "burden": 39.2, "capacity": 62.7, "svi": 0.49, "top_decile_gap": 0.0, "stratum": "micropolitan", "scored": 1}, "geometry": {"type": "Polygon", "coordinates": [[[-72.4222, 43.7262], [-72.3053, 43.6925], [-72.306, 43.6835], [-72.3093, 43.6805], [-72.3154, 43.6823], [-72.3207, 43.6624], [-72.3308, 43.6555], [-72.3555, 43.6657], [-72.3782, 43.6694], [-72.3965, 43.6822], [-72.406, 43.7002], [-72.4162, 43.7045], [-72.4193, 43.717], [-72.422, 43.7212], [-72.4264, 43.722], [-72.4222, 43.7262]]]}}, {"type": "Feature", "properties": {"fips": "50023955502", "gap_national": -10.7, "gap_stratum": -8.4, "burden": 13.3, "capacity": 26.4, "svi": 0.28, "top_decile_gap": 0.0, "stratum": "rural", "scored": 1}, "geometry": {"type": "Polygon", "coordinates": [[[-72.7705, 44.1267], [-72.7283, 44.1149], [-72.7167, 44.1181], [-72.705, 44.1166], [-72.7037, 44.1136], [-72.6887, 44.1103], [-72.6713, 44.1179], [-72.6701, 44.1213], [-72.6655, 44.1227], [-72.6648, 44.1341], [-72.6687, 44.1352], [-72.6591, 44.1502], [-72.6549, 44.1492], [-72.6553, 44.1574], [-72.6534, 44.1598], [-72.6567, 44.1614], [-72.6567, 44.1659], [-72.6499, 44.1746], [-72.6466, 44.1757], [-72.5866, 44.1603], [-72.6291, 44.0878], [-72.6345, 44.0893], [-72.6829, 44.0128], [-72.8216, 44.0526], [-72.7705, 44.1267]]]}}, {"type": "Feature", "properties": {"fips": "50025968200", "gap_national": -4.3, "gap_stratum": -8.3, "burden": 20.0, "capacity": 27.1, "svi": 0.43, "top_decile_gap": 0.0, "stratum": "rural", "scored": 1}, "geometry": {"type": "Polygon", "coordinates": [[[-72.8067, 42.7442], [-72.7977, 42.9223], [-72.777, 42.9223], [-72.7766, 42.9246], [-72.6762, 42.9224], [-72.6862, 42.7332], [-72.8091, 42.7366], [-72.8067, 42.7442]]]}}, {"type": "Feature", "properties": {"fips": "50027965400", "gap_national": -39.4, "gap_stratum": -60.5, "burden": 33.7, "capacity": 65.0, "svi": 0.16, "top_decile_gap": 0.0, "stratum": "rural", "scored": 1}, "geometry": {"type": "Polygon", "coordinates": [[[-72.8039, 43.741], [-72.8193, 43.7463], [-72.7706, 43.8245], [-72.5283, 43.7565], [-72.4595, 43.8381], [-72.3393, 43.8104], [-72.4264, 43.722], [-72.4781, 43.6392], [-72.4896, 43.6402], [-72.5653, 43.6613], [-72.568, 43.657], [-72.5768, 43.6591], [-72.5881, 43.6625], [-72.5869, 43.6646], [-72.6944, 43.6941], [-72.7009, 43.6828], [-72.8201, 43.7167], [-72.8039, 43.741]]]}}, {"type": "Feature", "properties": {"fips": "50027966700", "gap_national": 28.6, "gap_stratum": 3.3, "burden": 64.1, "capacity": 42.5, "svi": 0.67, "top_decile_gap": 0.0, "stratum": "small_town", "scored": 1}, "geometry": {"type": "Polygon", "coordinates": [[[-72.4063, 43.3382], [-72.4102, 43.3304], [-72.3955, 43.313], [-72.4017, 43.3034], [-72.4078, 43.2829], [-72.4216, 43.2634], [-72.4277, 43.2612], [-72.4317, 43.2669], [-72.4409, 43.265], [-72.4489, 43.2701], [-72.4604, 43.2726], [-72.4711, 43.2827], [-72.4733, 43.2911], [-72.4798, 43.2942], [-72.4858, 43.3024], [-72.4931, 43.3049], [-72.5191, 43.3355], [-72.5276, 43.338], [-72.5465, 43.3349], [-72.5454, 43.3452], [-72.4063, 43.3382]]]}}, {"type": "Feature", "properties": {"fips": "50021964000", "gap_national": -20.4, "gap_stratum": -50.5, "burden": 59.9, "capacity": 73.3, "svi": 0.37, "top_decile_gap": 0.0, "stratum": "micropolitan", "scored": 1}, "geometry": {"type": "Polygon", "coordinates": [[[-73.0144, 43.4451], [-73.0072, 43.4481], [-73.0053, 43.4927], [-72.985, 43.492], [-72.9847, 43.4958], [-72.9622, 43.4947], [-72.9617, 43.4846], [-72.9286, 43.484], [-72.9279, 43.4777], [-72.7945, 43.4838], [-72.7242, 43.4682], [-72.7274, 43.4611], [-72.7226, 43.4601], [-72.7384, 43.417], [-72.7624, 43.3713], [-72.7596, 43.3538], [-72.8259, 43.3823], [-72.822, 43.3787], [-72.822, 43.3757], [-72.8524, 43.3764], [-72.8527, 43.3924], [-73.0217, 43.3995], [-73.0144, 43.4451]]]}}, {"type": "Feature", "properties": {"fips": "50021962700", "gap_national": -38.0, "gap_stratum": -71.3, "burden": 52.9, "capacity": 82.4, "svi": 0.34, "top_decile_gap": 0.0, "stratum": "micropolitan", "scored": 1}, "geometry": {"type": "Polygon", "coordinates": [[[-73.0248, 43.6256], [-73.0235, 43.6376], [-73.0153, 43.6378], [-73.0169, 43.6466], [-73.0081, 43.6499], [-73.0086, 43.6588], [-73.0188, 43.6589], [-73.019, 43.6642], [-73.0141, 43.6612], [-73.0122, 43.6636], [-73.0136, 43.6664], [-72.94, 43.6695], [-72.9342, 43.5748], [-73.0122, 43.5714], [-73.0118, 43.5916], [-73.0197, 43.5916], [-73.0222, 43.5963], [-73.0284, 43.6003], [-73.0275, 43.6038], [-73.0321, 43.6108], [-73.0246, 43.6108], [-73.0202, 43.6148], [-73.0227, 43.6185], [-73.0274, 43.6153], [-73.0284, 43.619], [-73.0254, 43.6222], [-73.0307, 43.6199], [-73.0315, 43.6253], [-73.0248, 43.6256]], [[-73.0026, 43.6021], [-73.0093, 43.6024], [-73.0113, 43.5997], [-73.0013, 43.5954], [-72.9904, 43.5867], [-72.9464, 43.594], [-72.9462, 43.618], [-72.948, 43.6218], [-72.9545, 43.62], [-72.957, 43.6211], [-72.9573, 43.6255], [-72.9624, 43.6244], [-72.9596, 43.6278], [-72.9757, 43.627], [-72.9763, 43.6306], [-72.979, 43.6312], [-73.0069, 43.6297], [-73.0057, 43.6087], [-73.0085, 43.6098], [-73.0071, 43.6081], [-73.0115, 43.6073], [-73.0026, 43.6021]]]}}, {"type": "Feature", "properties": {"fips": "50021962100", "gap_national": -47.5, "gap_stratum": -76.2, "burden": 37.3, "capacity": 74.2, "svi": 0.09, "top_decile_gap": 0.0, "stratum": "micropolitan", "scored": 1}, "geometry": {"type": "Polygon", "coordinates": [[[-72.8746, 43.8581], [-72.8734, 43.8396], [-72.8376, 43.8292], [-72.8311, 43.839], [-72.7967, 43.8294], [-72.796, 43.8263], [-72.7906, 43.8237], [-72.7943, 43.821], [-72.7917, 43.8164], [-72.7846, 43.814], [-72.7844, 43.8108], [-72.7885, 43.8072], [-72.7828, 43.8043], [-72.8193, 43.7463], [-72.8039, 43.741], [-72.8201, 43.7167], [-72.8456, 43.7234], [-72.8578, 43.6951], [-72.9396, 43.6657], [-72.94, 43.6695], [-73.003, 43.7574], [-73.0168, 43.805], [-72.8746, 43.8581]]]}}, {"type": "Feature", "properties": {"fips": "50021962300", "gap_national": -21.8, "gap_stratum": -59.5, "burden": 55.0, "capacity": 70.1, "svi": 0.23, "top_decile_gap": 0.0, "stratum": "rural", "scored": 1}, "geometry": {"type": "Polygon", "coordinates": [[[-73.4216, 43.603], [-73.4237, 43.6124], [-73.4177, 43.6217], [-73.4279, 43.6344], [-73.4265, 43.6426], [-73.4155, 43.6525], [-73.4041, 43.6813], [-73.4047, 43.6902], [-73.3955, 43.6968], [-73.3859, 43.7113], [-73.3706, 43.7253], [-73.3703, 43.7423], [-73.363, 43.7532], [-73.2063, 43.7668], [-73.2189, 43.8373], [-73.1557, 43.8397], [-73.1084, 43.6762], [-73.238, 43.68], [-73.2386, 43.6671], [-73.2813, 43.6689], [-73.2917, 43.6476], [-73.2975, 43.626], [-73.302, 43.6239], [-73.3062, 43.628], [-73.3106, 43.6241], [-73.3239, 43.6276], [-73.3422, 43.6261], [-73.3476, 43.6225], [-73.3586, 43.6251], [-73.3719, 43.6245], [-73.3699, 43.6191], [-73.376, 43.6126], [-73.3725, 43.6048], [-73.3772, 43.5986], [-73.3835, 43.5974], [-73.3817, 43.593], [-73.387, 43.5895], [-73.3824, 43.5861], [-73.3853, 43.5833], [-73.3825, 43.5792], [-73.3842, 43.5755], [-73.3914, 43.5736], [-73.392, 43.5699], [-73.3981, 43.5681], [-73.4056, 43.5712], [-73.4204, 43.5815], [-73.4286, 43.584], [-73.4312, 43.5883], [-73.4216, 43.603]]]}}, {"type": "Feature", "properties": {"fips": "50011010200", "gap_national": 23.3, "gap_stratum": 2.3, "burden": 62.7, "capacity": 45.5, "svi": 0.58, "top_decile_gap": 0.0, "stratum": "rural", "scored": 1}, "geometry": {"type": "Polygon", "coordinates": [[[-72.8393, 44.8564], [-72.8148, 44.9191], [-72.8224, 44.9206], [-72.8263, 44.9771], [-72.8326, 45.0165], [-72.7034, 45.0156], [-72.6723, 44.922], [-72.6616, 44.8401], [-72.7402, 44.8368], [-72.779, 44.8389], [-72.8395, 44.8382], [-72.8345, 44.8555], [-72.8393, 44.8564]]]}}, {"type": "Feature", "properties": {"fips": "50007003304", "gap_national": -57.1, "gap_stratum": -58.3, "burden": 7.6, "capacity": 58.5, "svi": 0.31, "top_decile_gap": 0.0, "stratum": "metropolitan", "scored": 1}, "geometry": {"type": "Polygon", "coordinates": [[[-73.276, 44.5299], [-73.2712, 44.5242], [-73.269, 44.5161], [-73.2769, 44.5062], [-73.2724, 44.5008], [-73.2739, 44.4972], [-73.2315, 44.447], [-73.2094, 44.4459], [-73.2086, 44.4552], [-73.1892, 44.4545], [-73.1877, 44.446], [-73.1968, 44.4167], [-73.2184, 44.4227], [-73.2172, 44.4263], [-73.221, 44.4418], [-73.2316, 44.443], [-73.2334, 44.444], [-73.2316, 44.4466], [-73.2688, 44.4475], [-73.2763, 44.4386], [-73.2938, 44.4382], [-73.3001, 44.4547], [-73.2989, 44.4713], [-73.3044, 44.4857], [-73.3067, 44.5003], [-73.3208, 44.5136], [-73.3211, 44.5199], [-73.276, 44.5299]]]}}, {"type": "Feature", "properties": {"fips": "50007002104", "gap_national": 9.0, "gap_stratum": 13.7, "burden": 44.0, "capacity": 39.6, "svi": 0.51, "top_decile_gap": 0.0, "stratum": "metropolitan", "scored": 1}, "geometry": {"type": "Polygon", "coordinates": [[[-73.178, 44.6152], [-73.1718, 44.6318], [-73.1582, 44.6422], [-73.1546, 44.6405], [-73.1452, 44.6448], [-73.1407, 44.6371], [-73.1299, 44.6363], [-73.1266, 44.6415], [-73.1246, 44.6391], [-73.116, 44.6526], [-73.1151, 44.6513], [-73.1165, 44.6463], [-73.1131, 44.6416], [-73.1138, 44.6358], [-73.131, 44.5921], [-73.1284, 44.5819], [-73.1965, 44.607], [-73.1984, 44.6078], [-73.197, 44.612], [-73.178, 44.6152]]]}}, {"type": "Feature", "properties": {"fips": "50007003101", "gap_national": -65.6, "gap_stratum": -64.5, "burden": 13.7, "capacity": 67.7, "svi": 0.29, "top_decile_gap": 0.0, "stratum": "metropolitan", "scored": 1}, "geometry": {"type": "Polygon", "coordinates": [[[-73.135, 44.4573], [-73.1382, 44.4696], [-73.1348, 44.4725], [-73.1359, 44.475], [-73.1244, 44.4765], [-73.1127, 44.4833], [-73.1035, 44.4774], [-73.1005, 44.4719], [-73.0972, 44.4731], [-73.0923, 44.4806], [-73.0855, 44.4784], [-73.076, 44.4824], [-73.0671, 44.4779], [-73.0613, 44.4779], [-73.0569, 44.473], [-73.0504, 44.476], [-73.0472, 44.4709], [-73.0371, 44.4711], [-73.0266, 44.4669], [-73.025, 44.4612], [-73.0212, 44.4599], [-73.0244, 44.4543], [-73.0191, 44.4516], [-73.0208, 44.4419], [-73.0287, 44.4424], [-73.0329, 44.44], [-73.0325, 44.4379], [-73.0206, 44.4336], [-73.0338, 44.4262], [-73.0374, 44.4303], [-73.0453, 44.4333], [-73.1314, 44.4412], [-73.1353, 44.4424], [-73.1399, 44.4494], [-73.135, 44.4573]]]}}, {"type": "Feature", "properties": {"fips": "50007002202", "gap_national": -45.6, "gap_stratum": -46.3, "burden": 13.8, "capacity": 54.4, "svi": 0.16, "top_decile_gap": 0.0, "stratum": "metropolitan", "scored": 1}, "geometry": {"type": "Polygon", "coordinates": [[[-73.1848, 44.5545], [-73.1805, 44.5613], [-73.178, 44.5718], [-73.1731, 44.5702], [-73.1719, 44.5661], [-73.168, 44.5713], [-73.1573, 44.5658], [-73.1551, 44.5692], [-73.1584, 44.5751], [-73.1378, 44.5851], [-73.0979, 44.5705], [-73.1433, 44.5096], [-73.1513, 44.5095], [-73.158, 44.5165], [-73.1699, 44.5216], [-73.1864, 44.5251], [-73.1933, 44.5234], [-73.1992, 44.5396], [-73.1848, 44.5545]]]}}, {"type": "Feature", "properties": {"fips": "50007004100", "gap_national": -3.3, "gap_stratum": -3.2, "burden": 8.7, "capacity": 14.3, "svi": 0.42, "top_decile_gap": 0.0, "stratum": "metropolitan", "scored": 1}, "geometry": {"type": "Polygon", "coordinates": [[[-73.2034, 44.4807], [-73.203, 44.4763], [-73.211, 44.476], [-73.2112, 44.4805], [-73.2034, 44.4807]]]}}, {"type": "Feature", "properties": {"fips": "50007003503", "gap_national": -60.4, "gap_stratum": -60.7, "burden": 10.1, "capacity": 61.8, "svi": 0.03, "top_decile_gap": 0.0, "stratum": "metropolitan", "scored": 1}, "geometry": {"type": "Polygon", "coordinates": [[[-72.8794, 44.3296], [-72.906, 44.2806], [-72.895, 44.2781], [-72.9522, 44.1613], [-72.9759, 44.295], [-73.0204, 44.3037], [-73.0328, 44.3625], [-72.8794, 44.3296]]]}}, {"type": "Feature", "properties": {"fips": "50001960800", "gap_national": -20.8, "gap_stratum": -13.2, "burden": 5.3, "capacity": 30.2, "svi": 0.42, "top_decile_gap": 0.0, "stratum": "small_town", "scored": 1}, "geometry": {"type": "Polygon", "coordinates": [[[-73.1771, 44.0199], [-73.1816, 44.0361], [-73.1808, 44.046], [-73.1639, 44.0478], [-73.1616, 44.0375], [-73.1676, 44.0289], [-73.1653, 44.0215], [-73.167, 44.0151], [-73.1592, 44.0048], [-73.1492, 44.0006], [-73.1404, 43.9915], [-73.1175, 43.9758], [-73.1168, 43.957], [-73.1699, 43.9518], [-73.1735, 43.9676], [-73.1854, 43.9815], [-73.1864, 43.9885], [-73.1898, 43.988], [-73.1905, 44.0189], [-73.1771, 44.0199]]]}}, {"type": "Feature", "properties": {"fips": "50015953300", "gap_national": -9.1, "gap_stratum": -27.9, "burden": 44.3, "capacity": 53.0, "svi": 0.48, "top_decile_gap": 0.0, "stratum": "rural", "scored": 1}, "geometry": {"type": "Polygon", "coordinates": [[[-72.5932, 44.6846], [-72.477, 44.642], [-72.5256, 44.5726], [-72.5589, 44.5844], [-72.5679, 44.5734], [-72.611, 44.5892], [-72.6201, 44.5873], [-72.623, 44.5894], [-72.6252, 44.5865], [-72.6294, 44.592], [-72.6274, 44.5977], [-72.6292, 44.5985], [-72.6332, 44.5938], [-72.6369, 44.6004], [-72.6502, 44.6039], [-72.5932, 44.6846]]]}}, {"type": "Feature", "properties": {"fips": "50023955300", "gap_national": -53.9, "gap_stratum": -73.0, "burden": 26.0, "capacity": 68.9, "svi": 0.02, "top_decile_gap": 0.0, "stratum": "micropolitan", "scored": 1}, "geometry": {"type": "Polygon", "coordinates": [[[-72.5195, 44.2417], [-72.4192, 44.2208], [-72.4373, 44.1512], [-72.4404, 44.1515], [-72.4453, 44.1583], [-72.4711, 44.1787], [-72.4802, 44.1804], [-72.4845, 44.1836], [-72.4865, 44.19], [-72.4829, 44.1996], [-72.4961, 44.2057], [-72.4922, 44.2139], [-72.4957, 44.2147], [-72.4972, 44.2124], [-72.4984, 44.2153], [-72.5022, 44.2162], [-72.5031, 44.2115], [-72.5135, 44.2137], [-72.5143, 44.2119], [-72.5325, 44.2161], [-72.5195, 44.2417]]]}}, {"type": "Feature", "properties": {"fips": "50001960500", "gap_national": -35.7, "gap_stratum": -51.8, "burden": 32.6, "capacity": 61.6, "svi": 0.47, "top_decile_gap": 0.0, "stratum": "rural", "scored": 1}, "geometry": {"type": "Polygon", "coordinates": [[[-73.0491, 44.1865], [-73.0497, 44.1895], [-73.0231, 44.1921], [-73.017, 44.1576], [-73.0373, 44.1551], [-73.0178, 44.0618], [-73.0312, 44.0605], [-73.0322, 44.045], [-73.0633, 44.0422], [-73.0665, 44.057], [-73.096, 44.0544], [-73.112, 44.1441], [-73.1446, 44.1492], [-73.1496, 44.1767], [-73.0491, 44.1865]]]}}, {"type": "Feature", "properties": {"fips": "50025968600", "gap_national": -18.4, "gap_stratum": -48.1, "burden": 47.6, "capacity": 61.7, "svi": 0.65, "top_decile_gap": 0.0, "stratum": "micropolitan", "scored": 1}, "geometry": {"type": "Polygon", "coordinates": [[[-72.553, 42.8967], [-72.5328, 42.8961], [-72.5407, 42.8894], [-72.5528, 42.885], [-72.5563, 42.8553], [-72.5835, 42.8502], [-72.5942, 42.8662], [-72.5949, 42.8685], [-72.5894, 42.877], [-72.5958, 42.8926], [-72.6004, 42.8978], [-72.553, 42.8967]]]}}, {"type": "Feature", "properties": {"fips": "50003971200", "gap_national": 18.7, "gap_stratum": -5.8, "burden": 56.6, "capacity": 43.5, "svi": 0.71, "top_decile_gap": 0.0, "stratum": "micropolitan", "scored": 1}, "geometry": {"type": "Polygon", "coordinates": [[[-73.2055, 42.893], [-73.2015, 42.8917], [-73.2023, 42.8947], [-73.1839, 42.8917], [-73.1818, 42.8839], [-73.1592, 42.8833], [-73.1863, 42.8789], [-73.1867, 42.8732], [-73.204, 42.8747], [-73.2022, 42.8806], [-73.2139, 42.886], [-73.2055, 42.893]]]}}, {"type": "Feature", "properties": {"fips": "50005957000", "gap_national": 1.8, "gap_stratum": -22.6, "burden": 56.3, "capacity": 55.0, "svi": 0.39, "top_decile_gap": 0.0, "stratum": "rural", "scored": 1}, "geometry": {"type": "Polygon", "coordinates": [[[-72.2101, 44.6126], [-72.1466, 44.7035], [-72.0889, 44.6837], [-72.1145, 44.7496], [-72.0117, 44.6986], [-71.9393, 44.7694], [-71.8373, 44.7166], [-71.9103, 44.647], [-71.9733, 44.6793], [-71.9998, 44.5902], [-72.0577, 44.5984], [-72.0835, 44.5103], [-72.1378, 44.5186], [-72.2106, 44.4197], [-72.3217, 44.4628], [-72.2101, 44.6126]]]}}, {"type": "Feature", "properties": {"fips": "50005957200", "gap_national": 11.5, "gap_stratum": -17.6, "burden": 63.1, "capacity": 53.9, "svi": 0.44, "top_decile_gap": 0.0, "stratum": "small_town", "scored": 1}, "geometry": {"type": "Polygon", "coordinates": [[[-72.0009, 44.5208], [-72.0004, 44.5273], [-72.0029, 44.5336], [-72.0059, 44.534], [-72.0002, 44.5439], [-72.0031, 44.5472], [-72.0019, 44.5516], [-71.9895, 44.5642], [-71.9817, 44.5876], [-71.9318, 44.5802], [-71.9582, 44.4914], [-72.0193, 44.5006], [-72.0009, 44.5208]]]}}, {"type": "Feature", "properties": {"fips": "50007001000", "gap_national": -24.9, "gap_stratum": -26.5, "burden": 7.6, "capacity": 35.2, "svi": 0.41, "top_decile_gap": 0.0, "stratum": "metropolitan", "scored": 1}, "geometry": {"type": "Polygon", "coordinates": [[[-73.2222, 44.4843], [-73.219, 44.4803], [-73.2112, 44.4805], [-73.2107, 44.4738], [-73.2152, 44.471], [-73.2142, 44.4554], [-73.224, 44.456], [-73.229, 44.4595], [-73.2267, 44.4615], [-73.2272, 44.4733], [-73.2318, 44.4815], [-73.2222, 44.4843]]]}}, {"type": "Feature", "properties": {"fips": "50007003600", "gap_national": -30.7, "gap_stratum": -31.7, "burden": 13.8, "capacity": 43.9, "svi": 0.56, "top_decile_gap": 0.0, "stratum": "metropolitan", "scored": 1}, "geometry": {"type": "Polygon", "coordinates": [[[-73.19, 44.4725], [-73.1803, 44.4809], [-73.1778, 44.4795], [-73.1728, 44.4745], [-73.1695, 44.457], [-73.1583, 44.4507], [-73.1578, 44.4479], [-73.1884, 44.45], [-73.1938, 44.4742], [-73.19, 44.4725]]]}}, {"type": "Feature", "properties": {"fips": "50023954700", "gap_national": -67.9, "gap_stratum": -85.7, "burden": 22.1, "capacity": 76.7, "svi": 0.24, "top_decile_gap": 0.0, "stratum": "micropolitan", "scored": 1}, "geometry": {"type": "Polygon", "coordinates": [[[-72.5748, 44.3108], [-72.5719, 44.3125], [-72.5643, 44.3098], [-72.5719, 44.2997], [-72.5618, 44.2958], [-72.5663, 44.2895], [-72.5612, 44.2876], [-72.5657, 44.2809], [-72.5571, 44.2778], [-72.5587, 44.2755], [-72.5555, 44.2743], [-72.5555, 44.2719], [-72.5573, 44.2693], [-72.5361, 44.2614], [-72.5405, 44.2554], [-72.5251, 44.2492], [-72.5317, 44.2403], [-72.5433, 44.242], [-72.5496, 44.2402], [-72.5497, 44.2489], [-72.5709, 44.2518], [-72.567, 44.2521], [-72.5661, 44.256], [-72.5595, 44.2604], [-72.572, 44.2632], [-72.5682, 44.2672], [-72.5718, 44.2746], [-72.5712, 44.2841], [-72.5725, 44.2867], [-72.5775, 44.2868], [-72.5758, 44.292], [-72.579, 44.2946], [-72.5748, 44.3108]]]}}, {"type": "Feature", "properties": {"fips": "50017959500", "gap_national": -12.6, "gap_stratum": -44.6, "burden": 55.4, "capacity": 64.0, "svi": 0.38, "top_decile_gap": 0.0, "stratum": "rural", "scored": 1}, "geometry": {"type": "Polygon", "coordinates": [[[-72.5587, 43.899], [-72.5103, 43.9662], [-72.5382, 44.0625], [-72.3816, 44.008], [-72.2415, 43.9795], [-72.2847, 43.9032], [-72.2715, 43.8998], [-72.3393, 43.8104], [-72.4595, 43.8381], [-72.5744, 43.8733], [-72.5587, 43.899]]]}}, {"type": "Feature", "properties": {"fips": "50017959000", "gap_national": -7.9, "gap_stratum": -41.9, "burden": 64.0, "capacity": 67.6, "svi": 0.43, "top_decile_gap": 0.0, "stratum": "rural", "scored": 1}, "geometry": {"type": "Polygon", "coordinates": [[[-72.1703, 44.1921], [-72.0389, 44.1564], [-72.0428, 44.151], [-72.0419, 44.1376], [-72.0334, 44.1311], [-72.0369, 44.1253], [-72.0464, 44.1239], [-72.0523, 44.1199], [-72.0551, 44.1104], [-72.0524, 44.1011], [-72.0483, 44.0969], [-72.0431, 44.0972], [-72.04, 44.1034], [-72.0309, 44.0997], [-72.0337, 44.0901], [-72.0451, 44.0879], [-72.0332, 44.0815], [-72.0318, 44.0785], [-72.038, 44.0765], [-72.0431, 44.0793], [-72.0525, 44.0767], [-72.0489, 44.069], [-72.0573, 44.0583], [-72.0676, 44.058], [-72.0691, 44.0548], [-72.0619, 44.0506], [-72.0783, 44.0434], [-72.0794, 44.0406], [-72.0748, 44.033], [-72.0783, 44.03], [-72.2078, 44.0661], [-72.1703, 44.1921]]]}}, {"type": "Feature", "properties": {"fips": "50019951700", "gap_national": -7.9, "gap_stratum": -31.3, "burden": 49.8, "capacity": 56.5, "svi": 0.59, "top_decile_gap": 0.0, "stratum": "rural", "scored": 1}, "geometry": {"type": "Polygon", "coordinates": [[[-72.4038, 44.8351], [-72.4046, 44.8417], [-72.3325, 44.8422], [-72.3088, 44.8751], [-72.1948, 44.8331], [-72.3682, 44.5923], [-72.4828, 44.6341], [-72.4173, 44.7229], [-72.5782, 44.7816], [-72.5326, 44.8335], [-72.4038, 44.8351]]]}}, {"type": "Feature", "properties": {"fips": "50025967400", "gap_national": -24.8, "gap_stratum": -49.7, "burden": 42.7, "capacity": 62.3, "svi": 0.25, "top_decile_gap": 0.0, "stratum": "rural", "scored": 1}, "geometry": {"type": "Polygon", "coordinates": [[[-72.8648, 43.1662], [-72.7081, 43.1257], [-72.7339, 43.0504], [-72.8723, 43.0536], [-72.8648, 43.1662]]]}}, {"type": "Feature", "properties": {"fips": "50025968700", "gap_national": -12.9, "gap_stratum": -40.3, "burden": 46.2, "capacity": 57.1, "svi": 0.38, "top_decile_gap": 0.0, "stratum": "micropolitan", "scored": 1}, "geometry": {"type": "Polygon", "coordinates": [[[-72.6806, 42.8273], [-72.5454, 42.824], [-72.5396, 42.8048], [-72.5184, 42.7907], [-72.5089, 42.7799], [-72.5084, 42.7746], [-72.5148, 42.7714], [-72.5161, 42.7659], [-72.5131, 42.7638], [-72.508, 42.7644], [-72.5007, 42.7677], [-72.4979, 42.7729], [-72.4911, 42.7725], [-72.4776, 42.7612], [-72.4731, 42.7459], [-72.461, 42.7332], [-72.4585, 42.7269], [-72.6862, 42.7332], [-72.6806, 42.8273]]]}}, {"type": "Feature", "properties": {"fips": "50007002502", "gap_national": -16.7, "gap_stratum": -18.0, "burden": 4.8, "capacity": 26.0, "svi": 0.26, "top_decile_gap": 0.0, "stratum": "metropolitan", "scored": 1}, "geometry": {"type": "Polygon", "coordinates": [[[-73.176, 44.4931], [-73.1707, 44.4933], [-73.1737, 44.4859], [-73.1791, 44.4841], [-73.1818, 44.4885], [-73.1901, 44.4873], [-73.2017, 44.4911], [-73.176, 44.4931]]]}}, {"type": "Feature", "properties": {"fips": "50003971600", "gap_national": -31.4, "gap_stratum": -62.8, "burden": 44.2, "capacity": 67.9, "svi": 0.28, "top_decile_gap": 0.0, "stratum": "rural", "scored": 1}, "geometry": {"type": "Polygon", "coordinates": [[[-73.2594, 43.2169], [-73.1278, 43.2136], [-73.1312, 43.1921], [-73.1349, 43.1205], [-72.9971, 43.117], [-72.9994, 43.0979], [-73.0006, 43.0236], [-73.0031, 43.0237], [-73.0032, 43.0215], [-73.27, 43.0307], [-73.2594, 43.2169]]]}}, {"type": "Feature", "properties": {"fips": "50003971400", "gap_national": -43.2, "gap_stratum": -81.0, "burden": 47.0, "capacity": 80.6, "svi": 0.11, "top_decile_gap": 0.0, "stratum": "rural", "scored": 1}, "geometry": {"type": "Polygon", "coordinates": [[[-73.2545, 43.3147], [-72.9876, 43.305], [-72.9913, 43.2916], [-72.9762, 43.2916], [-72.9785, 43.2096], [-73.2594, 43.2169], [-73.2545, 43.3147]]]}}, {"type": "Feature", "properties": {"fips": "50021962200", "gap_national": 0.9, "gap_stratum": -27.5, "burden": 66.8, "capacity": 63.8, "svi": 0.45, "top_decile_gap": 0.0, "stratum": "rural", "scored": 1}, "geometry": {"type": "Polygon", "coordinates": [[[-73.0299, 43.8467], [-73.0321, 43.8447], [-73.0308, 43.8414], [-73.027, 43.8421], [-73.0027, 43.7568], [-73.0564, 43.7552], [-73.0591, 43.751], [-73.0772, 43.7587], [-73.0806, 43.7543], [-73.1313, 43.7521], [-73.1562, 43.8424], [-73.0299, 43.8467]]]}}, {"type": "Feature", "properties": {"fips": "50009950500", "gap_national": 19.5, "gap_stratum": 6.6, "burden": 75.9, "capacity": 58.3, "svi": 0.61, "top_decile_gap": 0.0, "stratum": "rural", "scored": 1}, "geometry": {"type": "Polygon", "coordinates": [[[-71.9036, 44.4545], [-71.8566, 44.4962], [-71.9089, 44.5479], [-71.8427, 44.6112], [-71.9103, 44.647], [-71.8373, 44.7166], [-71.6324, 44.6117], [-71.5568, 44.5705], [-71.559, 44.5644], [-71.5621, 44.5632], [-71.5915, 44.5652], [-71.5978, 44.5572], [-71.5971, 44.5538], [-71.572, 44.5382], [-71.5745, 44.5317], [-71.5829, 44.5234], [-71.5943, 44.5217], [-71.5768, 44.5026], [-71.5813, 44.5017], [-71.5878, 44.5067], [-71.5859, 44.5001], [-71.589, 44.4982], [-71.5914, 44.5013], [-71.5939, 44.501], [-71.5993, 44.4863], [-71.6095, 44.4842], [-71.6178, 44.4858], [-71.627, 44.4743], [-71.6318, 44.474], [-71.6349, 44.4774], [-71.6263, 44.4802], [-71.6255, 44.4835], [-71.6328, 44.4839], [-71.6474, 44.4721], [-71.639, 44.4644], [-71.6435, 44.4606], [-71.6526, 44.4605], [-71.6564, 44.4552], [-71.6597, 44.4415], [-71.6635, 44.4378], [-71.6793, 44.4343], [-71.677, 44.4268], [-71.6827, 44.4273], [-71.6839, 44.424], [-71.7022, 44.4138], [-71.7146, 44.4096], [-71.7366, 44.4094], [-71.7423, 44.4014], [-71.762, 44.407], [-71.7786, 44.3998], [-71.7939, 44.3993], [-71.8035, 44.3919], [-71.8003, 44.3843], [-71.8144, 44.3819], [-71.8158, 44.3755], [-71.8122, 44.3715], [-71.8163, 44.3674], [-71.8124, 44.3573], [-71.8188, 44.3529], [-71.8377, 44.3477], [-71.9332, 44.4411], [-71.9036, 44.4545]]]}}, {"type": "Feature", "properties": {"fips": "50019952000", "gap_national": -40.1, "gap_stratum": -79.8, "burden": 51.9, "capacity": 83.7, "svi": 0.39, "top_decile_gap": 0.0, "stratum": "rural", "scored": 1}, "geometry": {"type": "Polygon", "coordinates": [[[-72.2589, 44.7441], [-72.1466, 44.7035], [-72.2101, 44.6126], [-72.263, 44.5424], [-72.3739, 44.5842], [-72.2589, 44.7441]]]}}, {"type": "Feature", "properties": {"fips": "50023954400", "gap_national": -44.1, "gap_stratum": -41.0, "burden": 18.0, "capacity": 56.2, "svi": 0.02, "top_decile_gap": 0.0, "stratum": "rural", "scored": 1}, "geometry": {"type": "Polygon", "coordinates": [[[-72.8843, 44.3223], [-72.8558, 44.3653], [-72.8216, 44.3574], [-72.8154, 44.3603], [-72.8093, 44.3583], [-72.8031, 44.3598], [-72.7976, 44.3548], [-72.7766, 44.3513], [-72.7727, 44.3436], [-72.7621, 44.3421], [-72.7628, 44.3336], [-72.7556, 44.3289], [-72.7442, 44.3276], [-72.7408, 44.3234], [-72.7332, 44.3221], [-72.724, 44.3143], [-72.7005, 44.3134], [-72.6956, 44.3105], [-72.6954, 44.2985], [-72.6697, 44.2893], [-72.6696, 44.2866], [-72.6615, 44.2821], [-72.6591, 44.2751], [-72.6523, 44.2758], [-72.6391, 44.272], [-72.6837, 44.1853], [-72.7895, 44.2396], [-72.906, 44.2806], [-72.8843, 44.3223]]]}}, {"type": "Feature", "properties": {"fips": "50007000900", "gap_national": -14.5, "gap_stratum": -15.7, "burden": 4.8, "capacity": 23.7, "svi": 0.37, "top_decile_gap": 0.0, "stratum": "metropolitan", "scored": 1}, "geometry": {"type": "Polygon", "coordinates": [[[-73.2055, 44.4762], [-73.205, 44.4697], [-73.2076, 44.4634], [-73.2139, 44.4736], [-73.2055, 44.4762]]]}}, {"type": "Feature", "properties": {"fips": "50027966100", "gap_national": -31.2, "gap_stratum": -60.8, "burden": 42.9, "capacity": 66.7, "svi": 0.29, "top_decile_gap": 0.0, "stratum": "rural", "scored": 1}, "geometry": {"type": "Polygon", "coordinates": [[[-72.5388, 43.381], [-72.5304, 43.4436], [-72.5003, 43.4387], [-72.3965, 43.4287], [-72.4038, 43.3919], [-72.4154, 43.3802], [-72.4151, 43.3659], [-72.4134, 43.3627], [-72.4039, 43.3581], [-72.3901, 43.3569], [-72.4063, 43.3382], [-72.5454, 43.3453], [-72.5388, 43.381]]]}}, {"type": "Feature", "properties": {"fips": "50025967300", "gap_national": -23.7, "gap_stratum": -39.3, "burden": 36.6, "capacity": 56.9, "svi": 0.19, "top_decile_gap": 0.0, "stratum": "rural", "scored": 1}, "geometry": {"type": "Polygon", "coordinates": [[[-72.8516, 43.2048], [-72.8481, 43.2628], [-72.7303, 43.2332], [-72.7281, 43.231], [-72.7294, 43.2283], [-72.7277, 43.2264], [-72.7337, 43.2239], [-72.738, 43.2165], [-72.7386, 43.2127], [-72.7346, 43.2076], [-72.7398, 43.2053], [-72.7453, 43.1942], [-72.755, 43.1924], [-72.7653, 43.1845], [-72.7643, 43.1722], [-72.7711, 43.1648], [-72.7737, 43.1558], [-72.7714, 43.1417], [-72.8648, 43.1662], [-72.8621, 43.2052], [-72.8516, 43.2048]]]}}, {"type": "Feature", "properties": {"fips": "50019951300", "gap_national": -23.7, "gap_stratum": -63.9, "burden": 59.0, "capacity": 75.3, "svi": 0.31, "top_decile_gap": 0.0, "stratum": "rural", "scored": 1}, "geometry": {"type": "Polygon", "coordinates": [[[-72.142, 45.006], [-72.1347, 44.9981], [-72.1243, 44.9825], [-72.1248, 44.9642], [-72.1345, 44.9446], [-72.1489, 44.928], [-72.1496, 44.9152], [-72.1523, 44.909], [-72.1491, 44.888], [-72.1524, 44.8822], [-72.188, 44.9009], [-72.1841, 44.9046], [-72.1967, 44.9117], [-72.1948, 44.9134], [-72.1979, 44.915], [-72.1957, 44.9172], [-72.1981, 44.9184], [-72.1986, 44.9236], [-72.1941, 44.9325], [-72.181, 44.9321], [-72.175, 44.9359], [-72.177, 44.9378], [-72.175, 44.9425], [-72.1708, 44.9427], [-72.1696, 44.9484], [-72.1802, 44.9462], [-72.18, 44.951], [-72.1916, 44.951], [-72.194, 44.9537], [-72.1929, 44.9632], [-72.2012, 44.9634], [-72.2022, 44.9662], [-72.2044, 44.9656], [-72.203, 44.9626], [-72.2263, 44.9537], [-72.2318, 44.9856], [-72.2467, 45.0046], [-72.142, 45.006]]]}}, {"type": "Feature", "properties": {"fips": "50025967600", "gap_national": -28.5, "gap_stratum": -53.2, "burden": 40.8, "capacity": 63.2, "svi": 0.4, "top_decile_gap": 0.0, "stratum": "rural", "scored": 1}, "geometry": {"type": "Polygon", "coordinates": [[[-72.5729, 43.0709], [-72.5568, 43.1278], [-72.4383, 43.1253], [-72.433, 43.1197], [-72.4331, 43.1126], [-72.4406, 43.1061], [-72.4431, 43.1008], [-72.4352, 43.0866], [-72.4362, 43.0817], [-72.4674, 43.0526], [-72.4603, 43.0407], [-72.463, 43.0285], [-72.4596, 43.0204], [-72.5856, 43.0232], [-72.5767, 43.071], [-72.5729, 43.0709]]]}}, {"type": "Feature", "properties": {"fips": "50003971100", "gap_national": -24.9, "gap_stratum": -54.1, "burden": 43.4, "capacity": 62.8, "svi": 0.55, "top_decile_gap": 0.0, "stratum": "micropolitan", "scored": 1}, "geometry": {"type": "Polygon", "coordinates": [[[-73.215, 42.8419], [-73.2144, 42.8477], [-73.2044, 42.8527], [-73.2061, 42.8619], [-73.2141, 42.8761], [-73.2133, 42.8842], [-73.2022, 42.8806], [-73.204, 42.8747], [-73.1867, 42.8732], [-73.1863, 42.8789], [-73.1638, 42.8832], [-73.1498, 42.8832], [-73.1523, 42.8366], [-73.2181, 42.8383], [-73.215, 42.8419]]]}}, {"type": "Feature", "properties": {"fips": "50005957400", "gap_national": 3.1, "gap_stratum": -20.5, "burden": 44.8, "capacity": 44.9, "svi": 0.7, "top_decile_gap": 0.0, "stratum": "small_town", "scored": 1}, "geometry": {"type": "Polygon", "coordinates": [[[-72.0006, 44.4978], [-72.0033, 44.4968], [-72.0036, 44.4949], [-72.0002, 44.4945], [-72.0046, 44.4881], [-72.0098, 44.4859], [-72.0164, 44.478], [-72.0123, 44.478], [-72.0126, 44.4761], [-72.0153, 44.4765], [-72.0136, 44.4723], [-72.0178, 44.4442], [-72.0145, 44.4406], [-72.0178, 44.4313], [-72.0104, 44.4235], [-72.013, 44.4209], [-72.014, 44.4105], [-72.0182, 44.4015], [-72.0244, 44.3995], [-72.023, 44.395], [-72.0355, 44.3887], [-72.0457, 44.3984], [-72.0835, 44.5103], [-72.0006, 44.4978]]]}}, {"type": "Feature", "properties": {"fips": "50007000100", "gap_national": -41.1, "gap_stratum": -40.0, "burden": 21.2, "capacity": 56.7, "svi": 0.66, "top_decile_gap": 0.0, "stratum": "metropolitan", "scored": 1}, "geometry": {"type": "Polygon", "coordinates": [[[-73.2675, 44.5399], [-73.2635, 44.5386], [-73.2629, 44.5348], [-73.2668, 44.5282], [-73.2657, 44.5253], [-73.2587, 44.5233], [-73.2555, 44.5247], [-73.2541, 44.5221], [-73.2462, 44.5212], [-73.2353, 44.514], [-73.2307, 44.5023], [-73.2369, 44.5011], [-73.2645, 44.5215], [-73.2683, 44.5277], [-73.2711, 44.5267], [-73.2732, 44.5308], [-73.2703, 44.5327], [-73.274, 44.5378], [-73.2675, 44.5399]]]}}, {"type": "Feature", "properties": {"fips": "50007003301", "gap_national": -82.3, "gap_stratum": -81.4, "burden": 7.1, "capacity": 76.6, "svi": 0.06, "top_decile_gap": 0.0, "stratum": "metropolitan", "scored": 1}, "geometry": {"type": "Polygon", "coordinates": [[[-73.1877, 44.446], [-73.1884, 44.45], [-73.1578, 44.4479], [-73.157, 44.436], [-73.1436, 44.4376], [-73.1432, 44.4355], [-73.1394, 44.4356], [-73.1463, 44.4279], [-73.1447, 44.412], [-73.1514, 44.4108], [-73.1546, 44.4052], [-73.1966, 44.4174], [-73.1877, 44.446]]]}}, {"type": "Feature", "properties": {"fips": "50001961000", "gap_national": -39.3, "gap_stratum": -73.9, "burden": 41.2, "capacity": 71.1, "svi": 0.3, "top_decile_gap": 0.0, "stratum": "small_town", "scored": 1}, "geometry": {"type": "Polygon", "coordinates": [[[-73.1838, 43.8981], [-73.1793, 43.9084], [-73.1745, 43.9132], [-73.173, 43.925], [-73.1752, 43.9303], [-73.1685, 43.9354], [-73.1639, 43.9524], [-73.0458, 43.9643], [-73.0483, 43.9222], [-73.0378, 43.9228], [-73.04, 43.8935], [-73.0299, 43.8467], [-73.1562, 43.8424], [-73.1614, 43.8652], [-73.1675, 43.8625], [-73.1722, 43.8635], [-73.1768, 43.8681], [-73.1738, 43.882], [-73.1803, 43.8891], [-73.1876, 43.8913], [-73.1877, 43.8964], [-73.1838, 43.8981]]]}}, {"type": "Feature", "properties": {"fips": "50017959300", "gap_national": -23.3, "gap_stratum": -57.3, "burden": 50.2, "capacity": 67.1, "svi": 0.2, "top_decile_gap": 0.0, "stratum": "rural", "scored": 1}, "geometry": {"type": "Polygon", "coordinates": [[[-72.791, 43.9622], [-72.7423, 44.0297], [-72.6829, 44.0128], [-72.6345, 44.0893], [-72.5382, 44.0625], [-72.5103, 43.9662], [-72.6373, 44.0007], [-72.7028, 43.9094], [-72.7093, 43.9112], [-72.7122, 43.9077], [-72.7746, 43.9246], [-72.7703, 43.9311], [-72.7765, 43.9329], [-72.7717, 43.9401], [-72.7907, 43.9449], [-72.7856, 43.952], [-72.7923, 43.9533], [-72.787, 43.9608], [-72.791, 43.9622]]]}}, {"type": "Feature", "properties": {"fips": "50007002103", "gap_national": -28.6, "gap_stratum": -27.6, "burden": 23.0, "capacity": 49.6, "svi": 0.06, "top_decile_gap": 0.0, "stratum": "metropolitan", "scored": 1}, "geometry": {"type": "Polygon", "coordinates": [[[-73.1138, 44.6358], [-73.1131, 44.6416], [-73.1165, 44.6463], [-73.1138, 44.6555], [-73.1095, 44.6564], [-73.1075, 44.6716], [-73.1043, 44.6768], [-73.038, 44.6512], [-73.0979, 44.5705], [-73.1284, 44.5819], [-73.131, 44.5921], [-73.1138, 44.6358]]]}}, {"type": "Feature", "properties": {"fips": "50027965902", "gap_national": -56.4, "gap_stratum": -78.9, "burden": 28.6, "capacity": 73.2, "svi": 0.08, "top_decile_gap": 0.0, "stratum": "rural", "scored": 1}, "geometry": {"type": "Polygon", "coordinates": [[[-72.6449, 43.5599], [-72.531, 43.5334], [-72.4505, 43.5254], [-72.4549, 43.4352], [-72.6606, 43.4571], [-72.6449, 43.5599]]]}}, {"type": "Feature", "properties": {"fips": "50021963400", "gap_national": -26.5, "gap_stratum": -58.9, "burden": 52.9, "capacity": 71.6, "svi": 0.35, "top_decile_gap": 0.0, "stratum": "micropolitan", "scored": 1}, "geometry": {"type": "Polygon", "coordinates": [[[-73.0349, 43.5707], [-72.9342, 43.5748], [-72.9286, 43.484], [-72.9617, 43.4846], [-72.9622, 43.4947], [-72.9847, 43.4958], [-72.985, 43.492], [-73.0508, 43.4942], [-73.0349, 43.5707]]]}}, {"type": "Feature", "properties": {"fips": "50021963000", "gap_national": -37.7, "gap_stratum": -69.5, "burden": 44.6, "capacity": 73.0, "svi": 0.37, "top_decile_gap": 0.0, "stratum": "micropolitan", "scored": 1}, "geometry": {"type": "Polygon", "coordinates": [[[-72.9596, 43.6278], [-72.9624, 43.6244], [-72.9573, 43.6255], [-72.957, 43.6211], [-72.948, 43.6218], [-72.9456, 43.6085], [-72.9564, 43.6077], [-72.9561, 43.6052], [-72.9673, 43.6029], [-72.9682, 43.6059], [-72.9716, 43.6052], [-72.9757, 43.627], [-72.9596, 43.6278]]]}}, {"type": "Feature", "properties": {"fips": "50011010300", "gap_national": 23.7, "gap_stratum": 8.9, "burden": 71.3, "capacity": 52.3, "svi": 0.72, "top_decile_gap": 0.0, "stratum": "rural", "scored": 1}, "geometry": {"type": "Polygon", "coordinates": [[[-72.5899, 45.0132], [-72.5539, 45.0083], [-72.5365, 44.9261], [-72.5414, 44.926], [-72.5326, 44.8335], [-72.5782, 44.7816], [-72.5944, 44.7903], [-72.5979, 44.7871], [-72.6167, 44.7958], [-72.6136, 44.8004], [-72.6782, 44.8025], [-72.6784, 44.8394], [-72.6616, 44.8401], [-72.6723, 44.922], [-72.7034, 45.0156], [-72.5899, 45.0132]]]}}, {"type": "Feature", "properties": {"fips": "50007002303", "gap_national": -45.1, "gap_stratum": -44.3, "burden": 19.3, "capacity": 57.8, "svi": 0.1, "top_decile_gap": 0.0, "stratum": "metropolitan", "scored": 1}, "geometry": {"type": "Polygon", "coordinates": [[[-73.2938, 44.5784], [-73.2677, 44.591], [-73.2264, 44.5762], [-73.2098, 44.5662], [-73.2092, 44.5625], [-73.2282, 44.5625], [-73.2389, 44.545], [-73.2381, 44.5363], [-73.2422, 44.5321], [-73.2399, 44.5288], [-73.2478, 44.527], [-73.2501, 44.5227], [-73.2657, 44.5253], [-73.2668, 44.5282], [-73.2626, 44.5371], [-73.2675, 44.5399], [-73.274, 44.5378], [-73.2702, 44.5315], [-73.3212, 44.5203], [-73.322, 44.5253], [-73.3295, 44.5292], [-73.3316, 44.5359], [-73.339, 44.5433], [-73.3388, 44.548], [-73.3568, 44.5579], [-73.3615, 44.5635], [-73.2938, 44.5784]]]}}, {"type": "Feature", "properties": {"fips": "50025967000", "gap_national": 8.2, "gap_stratum": -17.8, "burden": 49.4, "capacity": 45.1, "svi": 0.57, "top_decile_gap": 0.0, "stratum": "small_town", "scored": 1}, "geometry": {"type": "Polygon", "coordinates": [[[-72.4736, 43.1541], [-72.4624, 43.166], [-72.4631, 43.1832], [-72.46, 43.183], [-72.4514, 43.173], [-72.4518, 43.1535], [-72.4569, 43.1466], [-72.452, 43.1389], [-72.4409, 43.1358], [-72.4408, 43.1315], [-72.4429, 43.1302], [-72.4383, 43.1253], [-72.4717, 43.1259], [-72.4767, 43.1328], [-72.4736, 43.1541]]]}}, {"type": "Feature", "properties": {"fips": "50011010600", "gap_national": -26.8, "gap_stratum": -54.2, "burden": 40.1, "capacity": 61.5, "svi": 0.28, "top_decile_gap": 0.0, "stratum": "micropolitan", "scored": 1}, "geometry": {"type": "Polygon", "coordinates": [[[-73.253, 44.7882], [-73.2419, 44.8044], [-73.2274, 44.8163], [-73.2078, 44.825], [-73.2025, 44.8355], [-73.2076, 44.8464], [-73.207, 44.8524], [-73.2033, 44.8664], [-73.1966, 44.875], [-73.194, 44.8868], [-72.9754, 44.8078], [-73.0848, 44.773], [-73.1491, 44.7963], [-73.168, 44.7762], [-73.1823, 44.7687], [-73.205, 44.7501], [-73.2289, 44.7229], [-73.2357, 44.7365], [-73.2563, 44.7594], [-73.259, 44.7731], [-73.253, 44.7882]], [[-73.0945, 44.8058], [-73.0961, 44.8037], [-73.0906, 44.7996], [-73.0952, 44.7951], [-73.0935, 44.7944], [-73.0874, 44.8012], [-73.0727, 44.803], [-73.0711, 44.8147], [-73.0684, 44.8186], [-73.0753, 44.8204], [-73.0752, 44.824], [-73.0807, 44.8251], [-73.0832, 44.8217], [-73.0899, 44.8243], [-73.094, 44.819], [-73.0977, 44.8192], [-73.1014, 44.8084], [-73.0945, 44.8058]]]}}, {"type": "Feature", "properties": {"fips": "50025967800", "gap_national": -20.8, "gap_stratum": -57.6, "burden": 54.9, "capacity": 69.1, "svi": 0.25, "top_decile_gap": 0.0, "stratum": "rural", "scored": 1}, "geometry": {"type": "Polygon", "coordinates": [[[-72.7427, 43.0233], [-72.65, 43.019], [-72.6483, 43.0158], [-72.6505, 43.0139], [-72.6399, 43.0062], [-72.6392, 43.004], [-72.6417, 43.0031], [-72.6383, 42.9986], [-72.6393, 42.9964], [-72.6324, 42.9944], [-72.6345, 42.9893], [-72.6315, 42.9825], [-72.6447, 42.9788], [-72.6471, 42.9742], [-72.6471, 42.9695], [-72.6355, 42.9692], [-72.6445, 42.9375], [-72.6514, 42.9216], [-72.7766, 42.9246], [-72.7721, 42.9319], [-72.7427, 43.0233]]]}}, {"type": "Feature", "properties": {"fips": "50007000200", "gap_national": -63.9, "gap_stratum": -62.0, "burden": 17.3, "capacity": 69.1, "svi": 0.27, "top_decile_gap": 0.0, "stratum": "metropolitan", "scored": 1}, "geometry": {"type": "Polygon", "coordinates": [[[-73.269, 44.5161], [-73.2712, 44.5242], [-73.2759, 44.5298], [-73.2732, 44.5308], [-73.2711, 44.5267], [-73.2683, 44.5277], [-73.2645, 44.5215], [-73.2369, 44.5011], [-73.2307, 44.5023], [-73.2229, 44.491], [-73.2269, 44.4871], [-73.2233, 44.4831], [-73.2318, 44.4815], [-73.2272, 44.4733], [-73.2267, 44.4615], [-73.2371, 44.4536], [-73.2739, 44.4972], [-73.2724, 44.5008], [-73.2769, 44.5062], [-73.269, 44.5161]]]}}, {"type": "Feature", "properties": {"fips": "50007003502", "gap_national": -55.4, "gap_stratum": -55.3, "burden": 13.8, "capacity": 60.8, "svi": 0.21, "top_decile_gap": 0.0, "stratum": "metropolitan", "scored": 1}, "geometry": {"type": "Polygon", "coordinates": [[[-73.1334, 44.3643], [-73.1417, 44.4017], [-73.1165, 44.3951], [-73.0893, 44.3695], [-73.0354, 44.375], [-73.0165, 44.2853], [-73.07, 44.2801], [-73.0706, 44.2838], [-73.1451, 44.2734], [-73.1653, 44.3622], [-73.1334, 44.3643]]]}}, {"type": "Feature", "properties": {"fips": "50007003102", "gap_national": -63.6, "gap_stratum": -63.0, "burden": 12.8, "capacity": 65.7, "svi": 0.16, "top_decile_gap": 0.0, "stratum": "metropolitan", "scored": 1}, "geometry": {"type": "Polygon", "coordinates": [[[-73.1514, 44.4108], [-73.1447, 44.412], [-73.1463, 44.4279], [-73.1353, 44.4424], [-73.0453, 44.4333], [-73.0374, 44.4303], [-73.0338, 44.4262], [-73.0423, 44.422], [-73.0518, 44.4247], [-73.0814, 44.3703], [-73.0893, 44.3695], [-73.1165, 44.3951], [-73.1546, 44.4052], [-73.1514, 44.4108]]]}}, {"type": "Feature", "properties": {"fips": "50017959200", "gap_national": -4.3, "gap_stratum": -29.1, "burden": 43.2, "capacity": 48.9, "svi": 0.41, "top_decile_gap": 0.0, "stratum": "micropolitan", "scored": 1}, "geometry": {"type": "Polygon", "coordinates": [[[-72.5866, 44.1603], [-72.564, 44.1548], [-72.5597, 44.1629], [-72.4558, 44.1334], [-72.5024, 44.0504], [-72.6291, 44.0878], [-72.5866, 44.1603]]]}}, {"type": "Feature", "properties": {"fips": "50007003402", "gap_national": -67.7, "gap_stratum": -61.9, "burden": 33.3, "capacity": 93.7, "svi": 0.35, "top_decile_gap": 0.0, "stratum": "metropolitan", "scored": 1}, "geometry": {"type": "Polygon", "coordinates": [[[-73.3336, 44.3723], [-73.315, 44.3885], [-73.3105, 44.4026], [-73.296, 44.4283], [-73.2938, 44.4382], [-73.2763, 44.4386], [-73.2709, 44.4467], [-73.2664, 44.4478], [-73.2316, 44.4466], [-73.2334, 44.444], [-73.2316, 44.443], [-73.221, 44.4418], [-73.2172, 44.4263], [-73.2184, 44.4227], [-73.2123, 44.4199], [-73.2215, 44.3915], [-73.2386, 44.3536], [-73.327, 44.3434], [-73.3346, 44.3569], [-73.3336, 44.3723]]]}}, {"type": "Feature", "properties": {"fips": "50025968500", "gap_national": 0.8, "gap_stratum": -24.2, "burden": 44.9, "capacity": 46.7, "svi": 0.8, "top_decile_gap": 0.0, "stratum": "micropolitan", "scored": 1}, "geometry": {"type": "Polygon", "coordinates": [[[-72.5868, 42.8307], [-72.5832, 42.8388], [-72.5852, 42.8501], [-72.5563, 42.8553], [-72.5572, 42.853], [-72.5486, 42.842], [-72.5454, 42.824], [-72.5894, 42.8249], [-72.589, 42.8301], [-72.5868, 42.8307]]]}}, {"type": "Feature", "properties": {"fips": "50003971300", "gap_national": -3.0, "gap_stratum": -30.4, "burden": 54.0, "capacity": 56.5, "svi": 0.49, "top_decile_gap": 0.0, "stratum": "micropolitan", "scored": 1}, "geometry": {"type": "Polygon", "coordinates": [[[-73.2837, 42.8139], [-73.2871, 42.8201], [-73.2854, 42.8341], [-73.2787, 42.8334], [-73.2785, 42.8374], [-73.2494, 42.837], [-73.2485, 42.8393], [-73.1373, 42.8355], [-73.1425, 42.7435], [-73.2764, 42.746], [-73.2909, 42.8019], [-73.2837, 42.8139]]]}}, {"type": "Feature", "properties": {"fips": "50007003900", "gap_national": -7.1, "gap_stratum": -7.6, "burden": 4.4, "capacity": 15.4, "svi": 0.48, "top_decile_gap": 0.0, "stratum": "metropolitan", "scored": 1}, "geometry": {"type": "Polygon", "coordinates": [[[-73.2034, 44.4807], [-73.1942, 44.4815], [-73.1965, 44.4832], [-73.1931, 44.4856], [-73.1904, 44.4832], [-73.1927, 44.4822], [-73.19, 44.4725], [-73.1938, 44.4742], [-73.19, 44.4544], [-73.1985, 44.4547], [-73.201, 44.4629], [-73.2076, 44.4634], [-73.2034, 44.4807]]]}}]}