fips,ACCESS2,BPHIGH,BPMED,CHD,CHECKUP,CHOLSCREEN,CSMOKING,DIABETES,OBESITY,STROKE,svi,stratum,hpsa_score,burden,capacity,gap_national,gap_stratum,top_decile_gap
00059,11.0,34.4,77.0,6.4,77.7,87.5,11.4,12.0,32.8,3.4,,,,18.23920640288581,69.54895164017586,-68.58302333446059,,False
01001,8.8,42.0,78.2,6.7,81.0,86.8,14.5,13.3,39.8,3.7,0.2663,metropolitan,15.0,47.753917258482694,53.88273588096043,-9.841055123435922,15.362595419847324,False
01003,8.3,43.8,79.2,7.5,80.7,87.9,13.0,13.4,35.2,3.8,0.3487,metropolitan,,43.61684139330402,83.01699357456883,-55.96888738586406,-32.919847328244266,False
01005,14.3,50.2,79.2,9.5,81.4,84.2,20.2,19.6,46.8,5.8,0.9927,small_town,19.0,94.44820200653817,27.59130875887724,85.57659790328034,83.45588235294117,True
01007,12.6,46.3,77.4,8.5,79.2,83.6,19.7,16.2,43.9,4.7,0.8451,metropolitan,17.0,83.97305827978808,27.937943862022323,75.9891782211701,83.58778625954199,True
01009,11.5,41.2,78.3,8.0,79.5,85.0,16.6,13.8,36.1,4.1,0.6166,metropolitan,11.0,55.94634201330177,58.04869800473453,-6.493067297937088,16.31679389312977,False
01011,17.7,56.6,79.7,10.7,82.1,82.6,24.7,24.6,51.3,7.3,0.8985,rural,22.0,99.219366475031,22.924416638484953,92.154210348326,93.04267161410019,True
01013,11.3,51.0,81.1,9.1,82.8,86.1,18.3,18.9,40.4,5.5,0.6872,rural,14.0,87.07304700710178,59.85796415285763,24.923909367602292,20.686456400742117,False
01015,10.6,44.8,77.1,7.7,79.3,84.7,16.3,14.8,38.6,4.2,0.8145,metropolitan,12.0,63.129861345958744,53.82355427798444,9.50287453500168,30.057251908396935,False
01017,11.5,48.7,79.9,8.6,81.5,85.9,17.7,17.9,41.5,5.2,0.8295,micropolitan,18.0,84.55360162326683,37.34359147784917,61.61650321271559,54.462659380692166,False
01019,10.0,45.9,81.1,9.6,80.4,86.4,17.5,16.0,39.5,4.8,0.406,metropolitan,,80.09807237064592,80.20586743320933,-10.855596888738589,0.0954198473282446,False
01021,11.6,43.1,77.5,7.6,79.0,84.8,16.9,14.1,40.0,4.0,0.5336,metropolitan,15.0,62.03922894825837,40.98326006087251,30.503889076766995,48.95038167938932,False
01023,11.0,52.7,82.8,10.0,83.3,86.8,18.2,20.1,44.4,6.0,0.6548,rural,14.0,93.41675121181378,63.461701048359814,25.295908014879956,23.840445269016698,False
01025,11.0,49.5,80.8,8.7,82.4,86.2,17.7,18.4,43.9,5.3,0.8365,rural,14.0,87.38022770826286,59.946736557321614,25.025363544132574,21.15027829313543,False
01027,11.0,47.6,80.1,9.3,80.7,85.6,18.2,16.5,42.5,4.9,0.6223,rural,11.0,85.909142148574,65.21178559350693,15.725397362191401,10.667903525046384,False
01029,10.1,42.9,78.9,8.4,79.2,85.2,17.8,14.6,37.4,4.3,0.5196,metropolitan,14.0,66.19885018599932,51.371745011836325,17.179573892458585,35.209923664122144,False
01031,11.3,43.5,78.1,7.6,79.4,85.1,16.6,14.8,41.0,4.2,0.6802,micropolitan,13.0,66.55957614699584,52.56594521474467,16.165032127155897,11.111111111111114,False
01033,9.8,44.3,78.9,8.0,80.5,86.1,16.2,15.0,37.5,4.3,0.4467,metropolitan,17.0,63.50467816480667,40.76132904971254,32.97260737233683,50.8587786259542,False
01035,12.7,54.7,82.7,11.1,83.1,85.9,20.5,22.1,46.4,6.7,0.5122,rural,14.0,97.55946342013301,59.545147108555966,32.76969901927629,32.74582560296845,False
01037,10.9,50.2,82.3,9.8,82.3,87.5,17.8,18.6,41.9,5.5,0.4808,small_town,14.0,89.78412805771615,64.01547176192086,21.305377071356105,10.661764705882362,False
01039,10.4,46.4,80.1,9.2,80.9,85.7,17.6,16.3,37.9,4.9,0.7121,small_town,15.0,77.61526321722467,52.1284240784579,28.27189719310111,11.764705882352942,False
01041,11.2,46.6,79.2,8.5,81.0,85.4,18.1,16.6,40.5,4.8,0.685,rural,11.0,80.35452598354188,63.23765640852214,12.91849847818736,5.751391465677187,False
01043,10.1,42.3,77.8,7.9,79.3,85.2,16.6,13.4,36.4,4.0,0.4909,micropolitan,12.0,55.010709051967076,56.59452147446736,-4.700710179235713,-10.564663023679415,False
01045,11.5,44.3,77.7,8.1,79.8,84.7,17.5,15.8,41.3,4.4,0.7766,micropolitan,18.0,74.41945665652123,28.37123774095367,65.43794386202232,63.57012750455374,True
01047,12.3,55.2,81.9,9.6,84.2,86.2,19.5,22.4,46.3,6.6,0.9189,micropolitan,12.0,95.25419907563973,67.35500507270882,19.107203246533643,14.754098360655732,False
01049,14.7,44.5,77.0,8.9,78.2,83.1,19.6,15.7,38.6,4.6,0.756,micropolitan,9.0,76.91917483936422,51.81137977680082,27.89989854582346,23.49726775956284,False
01051,9.2,41.6,77.7,6.7,80.3,86.1,15.1,13.0,38.9,3.7,0.4397,metropolitan,15.0,46.36737684590238,49.76327358809604,-5.309435238417315,19.370229007633583,False
01053,13.1,48.6,79.0,9.5,80.5,83.6,21.2,18.5,43.9,5.5,0.8473,rural,10.0,93.2983880058618,59.20908014879946,31.163341224213724,29.87012987012986,False
01055,10.8,46.3,78.6,8.5,80.2,85.4,17.8,16.3,43.8,4.5,0.672,metropolitan,13.0,80.90125126817719,56.20350016909029,24.653364896854924,37.977099236641216,False
01057,11.0,47.6,79.8,9.4,80.6,85.0,18.7,16.6,40.6,5.0,0.7458,rural,11.0,85.21305377071356,63.110838687859314,18.92120392289482,14.100185528756967,False
01059,15.7,44.4,77.9,8.9,78.5,83.1,19.2,16.4,42.2,4.7,0.7576,metropolitan,15.0,83.02333446060196,35.72455191072033,63.290497125464995,72.70992366412214,True
01061,11.8,45.5,79.7,9.3,80.1,84.8,19.4,16.4,42.3,4.9,0.5822,metropolitan,13.0,86.00214181039343,55.457389245857286,31.53533987149138,42.74809160305344,False
01063,14.6,59.8,83.5,11.9,85.0,85.7,22.3,27.1,52.7,8.4,0.9157,metropolitan,21.0,99.29263893585842,33.9871491376395,78.35644234020967,80.91603053435114,True
01065,12.4,51.1,80.7,9.0,82.5,85.6,18.9,19.7,47.6,5.8,0.8826,metropolitan,19.0,92.13448314733402,35.1750084545147,72.99628001352721,77.67175572519083,True
01067,10.3,48.1,80.5,8.9,81.7,86.9,16.6,16.7,41.3,4.9,0.6195,metropolitan,12.0,81.61143050388908,68.38645586743321,5.529252620899555,17.032442748091597,False
01069,10.4,44.5,79.6,7.9,81.4,85.7,16.0,15.7,40.5,4.5,0.7175,metropolitan,,70.296471649194,76.77333446060196,-17.24721001014541,-2.194656488549626,False
01071,11.2,45.9,79.2,9.2,79.8,84.6,19.0,16.0,39.3,4.7,0.7194,metropolitan,16.0,80.12625408634878,39.98774095366926,51.91072032465336,63.16793893129771,False
01073,9.1,42.7,78.2,6.6,81.2,86.8,13.7,15.1,37.4,4.1,0.7251,metropolitan,12.0,49.92672753917259,65.46964829218803,-25.684815691579303,-1.956106870228993,False
01075,10.9,47.7,80.4,9.6,80.6,85.3,18.8,16.7,40.8,5.1,0.4731,rural,16.0,86.6136850411453,45.24856273249915,49.5434562056138,48.237476808905384,False
01077,9.0,39.6,78.5,7.4,79.7,85.0,14.2,12.9,35.6,3.9,0.4919,metropolitan,12.0,41.229850073272466,59.796668921203924,-28.204261075414273,-1.5267175572519136,False
01079,10.5,44.3,78.9,8.4,79.8,85.0,18.5,15.5,39.5,4.6,0.3624,metropolitan,16.0,74.98309097057829,41.15657761244505,44.70747379100439,56.96564885496184,False
01081,8.8,37.5,74.8,5.8,79.0,83.7,12.9,12.5,38.4,3.2,0.6446,metropolitan,16.0,28.970803742531846,34.94250929996618,0.7439972945552924,22.80534351145038,False
01083,9.2,40.7,75.9,6.4,79.5,86.4,14.2,12.5,39.6,3.4,0.3233,micropolitan,,39.97294555292527,71.96060196144742,-48.66418667568481,-53.734061930783234,False
01085,13.9,56.5,82.1,10.4,83.9,85.3,21.6,24.1,51.2,7.2,0.9042,metropolitan,16.0,98.31191522939916,46.702739262766315,54.649983090970586,58.49236641221374,False
01087,11.2,50.6,80.0,8.2,83.8,85.1,15.6,20.0,46.7,5.7,0.9656,small_town,19.0,83.40096945102017,34.50287453500169,65.94521474467366,57.72058823529412,True
01089,8.0,38.6,75.3,5.8,80.3,87.2,11.8,12.1,39.9,3.2,0.3509,metropolitan,,30.670161199413823,76.625380453162,-66.14812309773419,-42.461832061068705,False
01091,11.5,51.5,80.9,9.0,83.0,86.4,17.5,19.8,43.1,5.5,0.6691,small_town,17.0,88.70195017472663,44.80892796753467,51.910720324653376,40.07352941176471,False
01093,11.0,45.9,79.2,9.4,79.7,84.7,18.5,15.5,42.4,4.8,0.6946,rural,15.0,84.08014879945891,45.71778829895164,45.85728779168077,42.857142857142854,False
01095,12.5,41.7,77.6,7.8,78.2,84.7,16.6,14.5,37.6,4.0,0.6201,micropolitan,13.0,58.223424642092205,47.417145755833616,13.96685830233345,8.014571948998181,False
01097,10.2,43.1,79.4,7.3,79.6,85.5,15.4,16.1,39.0,4.3,0.8304,metropolitan,18.0,61.98850185999324,34.280943523841735,42.77984443692933,60.59160305343512,False
01099,12.1,51.3,81.2,9.7,82.5,85.4,19.7,19.7,43.8,5.9,0.7416,rural,17.0,93.92965843760568,41.980892796753466,61.21068650659453,63.17254174397032,False
01101,10.2,46.3,78.2,6.9,83.0,86.5,14.4,16.4,46.1,4.5,0.929,metropolitan,17.0,68.00247999098185,41.919597565099764,36.05005072708826,51.145038167938935,False
01103,11.2,44.5,78.7,7.7,79.3,85.6,16.1,14.7,38.6,4.0,0.6787,metropolitan,8.0,60.61887047683462,64.75735542779844,-11.531958065607036,8.68320610687023,False
01105,13.8,56.9,82.1,10.9,84.1,84.5,21.9,24.6,52.9,7.4,0.9214,rural,17.0,98.84454965618306,39.996195468380115,67.12884680419344,70.40816326530611,True
01107,13.4,48.3,79.2,8.7,81.2,84.7,18.7,18.0,48.0,5.2,0.8918,metropolitan,19.0,88.80904069439748,28.755918160297597,79.47243828204262,84.73282442748092,True
01109,10.3,40.6,74.7,6.8,79.5,81.5,14.9,14.1,40.3,4.0,0.8002,micropolitan,19.0,53.04926163904859,20.542357118701382,47.8863713222861,48.45173041894354,False
01111,10.2,46.1,79.9,8.7,81.2,85.8,16.9,16.1,37.8,4.7,0.559,rural,15.0,73.57964152857625,52.58074061548867,23.19918836658777,14.842300556586267,False
01113,11.9,46.7,78.4,7.5,80.6,85.0,18.1,17.3,43.0,4.8,0.8963,metropolitan,19.0,78.91162213955586,28.438873858640513,69.6313831586067,78.91221374045801,True
01115,9.2,41.8,77.9,7.1,79.9,86.4,15.2,13.0,39.6,3.7,0.2587,metropolitan,,49.301093450569276,75.23038552587082,-41.10585052417991,-16.841603053435108,False
01117,7.1,40.2,76.3,5.7,79.7,88.2,10.5,11.2,31.7,3.0,0.1238,metropolitan,,19.121294104385075,79.5168244842746,-79.81061887047684,-61.73664122137404,False
01119,11.1,50.0,79.7,8.5,83.2,83.6,16.3,19.7,47.2,5.8,0.9255,rural,20.0,86.26423176642993,29.84655055799797,75.78626986810956,73.09833024118737,True
01121,10.9,48.2,78.8,8.3,81.7,85.8,17.7,17.2,45.6,4.8,0.908,micropolitan,20.0,83.52496900011273,31.829134257693603,70.03719986472777,64.11657559198542,True
01123,10.0,48.5,81.1,9.0,82.4,87.2,16.3,16.8,39.5,4.9,0.8692,rural,18.0,78.61007778153534,44.453838349678726,42.4416638484951,37.94063079777365,False
01125,9.3,38.9,75.8,5.8,80.8,83.2,13.6,12.0,41.0,3.4,0.651,metropolitan,20.0,36.086686957501975,24.131298613459585,23.03009807237064,44.75190839694656,False
01127,10.7,44.1,78.4,8.6,79.9,84.7,18.4,15.1,35.8,4.4,0.6398,metropolitan,17.0,68.33220606470523,34.43523841731485,50.16909029421711,64.8854961832061,False
01129,9.7,47.4,80.4,8.7,81.1,86.3,17.3,17.0,41.1,4.9,0.3217,metropolitan,16.0,81.87915680306617,49.82034156239432,36.01623266824485,47.328244274809165,False
01131,14.4,56.7,82.1,10.8,83.8,85.2,21.6,23.8,51.2,7.3,0.9819,rural,18.0,98.58527787171683,37.254819073385185,71.98173824822454,74.76808905380335,True
01133,11.7,46.9,80.2,9.9,80.0,84.5,19.6,16.5,39.1,5.0,0.6125,rural,10.0,84.17596663284861,63.04954345620561,17.517754480892805,11.873840445269025,False
02013,15.7,33.2,66.8,5.5,64.2,77.1,17.0,12.8,30.7,3.2,0.7754,rural,15.0,25.48190733851877,22.315691579303348,13.155224890091308,-0.09276437847866426,False
02016,13.0,30.7,63.3,4.5,63.4,77.4,16.2,10.8,31.9,2.6,0.5033,rural,9.0,15.485852778717168,41.348917822117016,-23.706459249239096,-28.66419294990724,False
02020,9.5,31.5,67.6,5.1,70.7,80.4,14.0,8.9,35.0,2.8,0.6052,metropolitan,11.0,12.433772968098298,42.849594183293874,-29.387893134934053,-16.793893129770996,False
02050,15.9,37.5,63.5,7.7,63.6,69.6,31.0,13.8,39.1,4.8,0.9424,rural,17.0,64.77003719986473,11.48545823469733,66.82448427460263,52.96846011131725,True
02060,9.7,36.3,71.3,7.6,68.1,81.9,16.5,11.3,34.9,4.1,0.2332,rural,7.0,39.42903843986022,48.74450456543795,-12.478863713222871,-27.92207792207792,False
02063,8.8,33.4,70.8,6.2,68.2,81.7,14.8,9.6,31.1,3.2,0.6876,rural,13.0,16.466576485176414,39.08310787960771,-18.160297598917822,-25.04638218923933,False
02066,9.5,38.3,73.2,8.0,70.2,82.2,17.8,11.4,33.6,4.1,0.5247,rural,13.0,45.251380904069435,39.20781197159283,13.036861684139332,-1.391465677179962,False
02068,9.3,32.0,67.1,5.6,67.1,81.3,16.3,8.6,31.3,2.9,0.0353,rural,13.0,15.979032803517077,37.58243151843084,-16.40175853905986,-22.634508348794064,False
02070,13.3,34.4,67.7,7.4,63.7,74.5,25.7,13.0,38.5,4.4,0.8931,rural,,54.492165483034604,48.45916469394657,7.101792357118704,-6.122448979591837,False
02090,9.9,30.3,65.4,4.8,65.8,78.5,13.8,7.9,35.3,2.5,0.4925,metropolitan,15.0,10.78232442791117,27.12419682110247,-4.633074061548869,4.675572519083971,False
02100,7.7,38.5,74.3,7.6,72.3,85.2,13.8,10.8,34.0,3.8,0.4594,rural,9.0,32.25960996505467,56.226750084545145,-33.479878254988165,-48.51576994434137,False
02105,10.2,42.8,76.3,9.6,72.5,83.7,19.5,14.8,37.1,5.1,0.6376,rural,9.0,75.96099650546725,50.7439972945553,28.542441663848493,21.057513914656766,False
02110,8.5,32.4,71.3,5.7,68.6,82.3,13.9,8.9,35.0,3.0,0.3528,micropolitan,13.0,14.28249351820539,40.20755833615151,-22.793371660466686,-36.79417122040073,False
02122,9.9,35.4,71.8,7.0,66.1,80.5,16.1,9.8,32.3,3.6,0.4725,rural,13.0,26.631721339195128,37.04345620561379,-5.951978356442343,-17.532467532467532,False
02130,9.5,34.8,70.7,6.4,69.5,81.5,15.9,10.1,37.7,3.4,0.5027,micropolitan,11.0,28.331078796077104,43.38011498140007,-15.421034832600608,-28.415300546448083,False
02150,10.5,31.0,68.7,5.4,67.6,79.1,15.0,9.8,31.5,2.9,0.637,small_town,,13.152406718521023,51.61481230977342,-44.234020967196486,-57.720588235294116,False
02158,18.1,38.5,64.9,8.5,64.1,67.5,36.6,16.5,46.5,5.4,0.8568,rural,18.0,82.55551797993462,7.059519783564425,86.8785931687521,79.68460111317255,True
02164,12.1,38.2,70.7,8.2,68.4,77.9,24.7,14.6,39.4,4.8,0.7926,rural,8.0,70.11610866869576,43.87047683462969,34.83260060872506,27.829313543599262,False
02170,9.7,32.0,67.3,6.0,70.8,80.0,17.3,9.0,37.5,3.1,0.4792,metropolitan,13.0,25.312817044301656,37.09629692255665,-7.169428474805546,13.358778625954198,False
02180,13.5,33.6,66.7,7.1,64.0,72.4,28.7,13.0,38.6,4.3,0.8683,rural,,52.12208319242475,48.275278998985456,5.03889076766994,-8.256029684601117,False
02185,11.2,34.9,65.6,5.8,64.6,77.2,20.8,10.8,42.3,3.2,0.7747,rural,16.0,39.97294555292526,19.901927629354073,31.755157253973625,14.192949907235622,False
02188,14.2,36.8,66.0,7.5,66.1,72.9,28.3,14.1,40.6,4.5,0.8734,rural,,64.6234922782099,47.85255326344268,21.203922894825837,10.667903525046384,False
02195,9.8,35.6,73.1,7.1,68.7,82.0,14.9,10.5,30.8,3.6,0.6857,rural,11.0,24.75481907338519,43.735204599256,-19.648292188028414,-29.220779220779225,False
02198,11.1,39.4,73.6,8.9,70.4,80.6,22.0,14.0,38.4,4.8,0.818,rural,11.0,71.25183181152069,42.06332431518431,38.72167737571864,31.53988868274582,False
02220,8.8,33.7,70.5,6.1,69.0,82.2,13.8,9.9,29.8,3.3,0.4442,small_town,9.0,14.65731033705332,48.24146094014204,-37.301318904294895,-50.36764705882353,False
02230,9.7,33.6,70.1,6.1,68.7,82.8,15.4,9.1,36.2,3.2,0.3328,rural,9.0,21.680193890204038,46.95214744673656,-28.576259722691915,-38.03339517625231,False
02240,11.5,35.5,69.0,7.0,65.9,78.2,18.3,10.2,35.7,3.7,0.6755,rural,13.0,34.60151053996167,34.22387554954345,8.01487994589111,-5.473098330241186,False
02275,10.2,40.8,76.2,9.4,71.8,83.5,17.0,12.9,34.8,4.8,0.5342,rural,11.0,61.943411114868674,46.690057490700035,19.88501859993236,8.34879406307978,False
02282,12.1,40.5,72.8,8.9,69.2,81.1,20.5,13.7,35.4,4.8,0.3723,rural,9.0,66.9653928531169,44.01843084206967,31.416976665539394,23.469387755102048,False
02290,13.5,41.4,71.9,9.7,69.4,77.1,27.4,16.5,36.9,5.6,0.8807,rural,,80.503889076767,49.35111599594183,35.27223537368955,29.591836734693878,False
04001,14.1,36.0,75.8,9.3,72.0,78.8,22.4,17.5,35.8,6.0,0.965,rural,17.0,71.87182955698343,16.067805207981063,72.60737233682786,61.87384044526902,True
04003,14.2,39.0,77.2,8.3,75.3,85.2,12.8,13.7,31.2,4.3,0.9325,metropolitan,17.0,44.31856611430504,24.137639499492728,33.75042272573554,55.43893129770992,False
04005,10.1,27.0,68.9,5.4,68.6,80.8,11.5,9.3,23.6,3.1,0.8031,metropolitan,17.0,5.210799233457333,17.029506256340888,-1.0821778829895163,2.862595419847328,False
04007,12.1,39.3,80.5,9.8,77.5,86.5,15.4,15.0,31.4,5.2,0.847,micropolitan,18.0,61.71795738924586,32.87960771051742,44.538383496787276,38.79781420765026,False
04009,16.0,32.2,70.9,6.4,70.8,80.7,15.2,11.4,36.0,3.6,0.8486,micropolitan,18.0,25.90463307406155,9.367602299628002,19.51301995265472,16.39344262295082,False
04011,16.1,29.8,70.4,5.3,71.2,83.5,11.6,10.6,33.1,2.9,0.3598,rural,18.0,8.913876676812084,10.984528238079136,4.058167061210687,-0.7421150278293134,False
04012,16.6,46.3,83.6,13.3,79.1,88.0,14.1,17.5,33.2,6.8,0.9195,rural,17.0,71.57592154210347,41.92805207981062,39.41494758200879,32.65306122448979,False
04013,12.9,30.8,72.9,5.7,73.3,85.4,10.8,10.6,30.4,3.0,0.713,metropolitan,20.0,8.245970014654494,13.286269868109567,2.5701724721001016,9.064885496183207,False
04015,13.1,42.0,79.0,10.0,75.0,86.2,16.1,14.2,32.7,5.2,0.8489,metropolitan,18.0,65.57039792582573,26.348495096381466,58.741968211024684,73.47328244274809,False
04017,13.0,40.7,75.6,8.9,71.6,81.0,18.8,15.1,37.6,5.2,0.9806,rural,17.0,72.98782549881636,16.91325667906662,73.55427798444369,63.4508348794063,True
04019,12.7,34.1,73.8,6.7,75.7,85.2,10.5,11.0,31.1,3.6,0.888,metropolitan,20.0,16.790666215759217,14.776378085897866,9.77341900574907,22.99618320610687,False
04021,13.7,36.2,76.1,6.9,75.4,84.8,12.3,12.9,38.4,3.8,0.797,metropolitan,19.0,34.764964491038214,16.0128508623605,26.851538721677375,47.80534351145038,False
04023,25.7,35.7,75.4,7.5,73.0,83.4,11.6,15.5,34.2,4.1,0.9383,micropolitan,16.0,38.85131326795175,21.096127832262425,29.21880284071694,26.593806921675775,False
04025,10.6,38.0,79.4,8.8,77.1,88.3,12.0,12.1,27.0,4.5,0.5991,metropolitan,16.0,39.817946116559575,43.78804531619885,-2.3334460601961453,21.94656488549618,False
04027,24.1,35.3,75.9,7.9,73.7,81.8,12.7,14.5,37.4,4.2,0.9978,metropolitan,16.0,44.293202570172475,20.81501521812648,36.15150490361854,58.206106870229014,False
05001,11.1,45.4,79.9,8.6,80.8,86.2,17.3,15.2,39.1,4.7,0.7226,small_town,,74.29263893585842,77.1284240784579,-13.172133919513016,-25.0,False
05003,12.9,49.4,80.8,10.2,81.4,85.1,20.0,18.3,45.1,5.7,0.8237,small_town,17.0,94.32420245744561,39.169766655393985,67.12884680419343,60.661764705882355,True
05005,10.0,47.0,82.3,11.1,82.0,87.4,16.6,15.0,37.7,5.2,0.4333,micropolitan,13.0,77.55889978581895,68.77747717281028,0.8116334122421449,-1.0928961748633839,False
05007,10.9,32.8,75.6,5.6,78.4,85.6,11.7,10.3,35.3,2.8,0.3268,metropolitan,,12.216773757186338,65.3132397700372,-67.29793709841054,-53.43511450381679,False
05009,9.5,40.7,78.0,8.5,79.3,85.5,16.4,13.1,40.7,4.1,0.2647,micropolitan,13.0,62.757862698681095,55.46161650321272,6.1548867095028825,2.367941712204015,False
05011,15.2,48.7,79.6,9.4,80.7,84.7,18.9,17.6,42.5,5.3,0.8864,small_town,16.0,89.37267500845451,39.36844775109908,62.80013527223538,53.67647058823529,True
05013,10.2,45.5,79.8,8.5,80.5,86.5,16.0,14.6,39.2,4.6,0.4967,rural,17.0,69.92729117348664,42.72489009130876,36.827866080486984,29.22077922077922,False
05015,13.7,45.3,80.1,9.7,79.6,85.7,17.0,15.0,37.6,4.7,0.6421,rural,17.0,74.21373013189042,36.56788975312817,52.062901589448764,45.54730983302412,False
05017,14.3,53.0,81.5,10.3,82.1,85.2,19.7,20.5,47.1,6.3,0.9987,rural,20.0,96.13628677713899,31.95806560703415,80.26716266486304,81.91094619666049,True
05019,10.4,40.3,75.7,7.2,79.2,81.4,15.0,12.9,40.0,3.9,0.8339,micropolitan,19.0,49.828091534212604,20.49163003043625,43.82820426107541,43.169398907103826,False
05021,11.0,43.3,78.8,9.3,78.5,84.6,18.3,14.1,40.2,4.6,0.3929,rural,15.0,75.8172697553827,42.64245857287792,43.21947920189381,37.105751391465674,False
05023,10.1,45.3,81.4,10.3,80.7,87.1,17.4,15.1,37.9,5.0,0.3532,rural,16.0,77.51662721226468,51.71415285762597,28.643895840378768,21.985157699443413,False
05025,10.1,46.5,79.4,9.3,80.0,85.8,17.7,15.0,42.4,4.7,0.286,micropolitan,15.0,81.75233908240334,50.18811295231654,35.27223537368955,30.418943533697643,False
05027,11.0,42.8,77.6,7.9,80.0,82.6,16.1,14.4,37.7,4.4,0.7598,micropolitan,19.0,61.77713899222186,24.101707811971593,55.69834291511668,55.73770491803278,False
05029,11.2,46.8,79.5,9.4,79.6,85.0,18.8,15.6,41.4,4.8,0.7461,small_town,10.0,84.09423965731033,62.68811295231654,17.855935069327018,2.57352941176471,False
05031,10.6,39.1,74.2,6.7,77.6,83.6,15.8,11.6,39.1,3.5,0.8342,metropolitan,17.0,39.84330966069214,24.376479540074403,27.89989854582347,49.61832061068702,False
05033,11.6,41.9,76.2,8.1,78.3,84.6,16.8,13.0,38.8,4.0,0.7531,metropolitan,15.0,58.313606132341334,37.622590463307404,32.19479201893811,51.71755725190839,False
05035,12.3,47.4,77.5,7.9,81.4,84.8,18.5,16.5,46.7,4.9,0.9205,metropolitan,18.0,82.30188253860895,29.567551572539738,71.93101115995941,80.43893129770993,True
05037,12.2,46.5,79.1,9.1,79.6,84.0,19.8,16.1,45.0,5.0,0.9227,small_town,17.0,87.78604441438394,32.444200202908355,73.45282380791343,67.27941176470588,True
05039,11.1,49.8,81.9,9.2,82.0,87.6,16.3,17.1,41.9,5.3,0.6885,rural,17.0,84.34787509863601,48.051234359147784,41.73148461278323,38.58998144712431,False
05041,16.0,52.8,80.7,10.8,81.6,83.8,22.3,21.2,46.6,6.7,0.9749,rural,20.0,98.19637019501748,27.42010483598241,87.38586405140344,88.8682745825603,True
05043,12.0,44.7,77.9,8.5,80.0,83.2,17.4,15.2,43.8,4.7,0.7668,small_town,12.0,79.02153083079698,52.70755833615151,28.5424416638485,11.764705882352942,False
05045,9.1,35.4,74.1,6.0,77.4,83.2,13.6,10.8,39.8,3.1,0.5326,metropolitan,15.0,26.113177770262652,36.2825498816368,-5.072708826513356,15.648854961832065,False
05047,11.5,44.6,78.7,9.5,78.8,84.3,19.5,14.6,39.8,4.7,0.6198,metropolitan,18.0,79.29771164468492,27.694876564085224,71.1531958065607,80.34351145038168,True
05049,11.3,49.1,81.5,11.5,80.9,85.5,20.4,17.1,39.6,5.7,0.6535,rural,16.0,89.4882200428362,47.028238079134255,48.66418667568482,48.14471243042672,False
05051,10.3,45.8,81.0,9.3,80.2,87.1,15.5,14.8,39.1,4.5,0.8661,metropolitan,16.0,71.4378311351595,50.18388569496111,24.382820426107543,39.50381679389313,False
05053,9.3,40.2,77.5,7.5,78.2,85.9,15.6,12.0,36.9,3.7,0.1852,metropolitan,13.0,42.93202570172472,53.88696313831586,-16.33412242137301,10.114503816793892,False
05055,11.2,42.5,75.7,8.0,78.0,83.3,18.5,12.5,42.3,4.0,0.6917,micropolitan,15.0,64.27403900349452,35.329303347987825,44.20020290835306,37.70491803278689,False
05057,14.2,46.2,79.5,8.9,79.8,85.2,17.7,16.6,45.6,5.0,0.8998,small_town,19.0,85.43850749633638,28.0267162664863,77.66317213391952,70.58823529411765,True
05059,11.3,43.3,77.5,8.5,78.4,84.3,18.6,13.9,37.1,4.4,0.6437,metropolitan,15.0,66.90621125014091,39.313493405478525,39.95603652350355,56.25000000000001,False
05061,12.5,44.3,79.4,8.6,79.7,85.2,17.1,15.2,39.4,4.6,0.8797,rural,12.0,73.30346071468831,57.56679066621576,14.406493067297937,5.751391465677173,False
05063,11.6,41.3,77.6,8.4,78.7,83.8,17.1,13.4,41.6,4.2,0.8241,micropolitan,16.0,66.93439296584376,33.63205951978356,50.33818058843423,43.715846994535525,False
05065,11.8,47.6,80.2,10.9,79.7,84.8,19.8,15.9,41.2,5.3,0.671,rural,18.0,88.98094916018488,32.486472776462634,74.38282042610754,73.14471243042672,True
05067,13.6,44.4,76.7,8.9,77.9,82.2,21.1,15.4,43.9,4.8,0.7101,metropolitan,12.0,84.9002367264119,45.23376733175516,47.92018938112953,57.44274809160305,False
05069,12.1,50.9,79.4,8.3,82.3,85.1,17.3,17.6,45.9,5.2,0.9096,micropolitan,20.0,85.01859993236388,30.239685492052754,74.16300304362528,67.94171220400729,True
05071,13.8,42.5,78.1,8.9,77.7,83.3,18.3,14.6,37.4,4.4,0.895,small_town,15.0,69.25374816818848,35.777392627663176,48.69800473452824,36.39705882352942,False
05073,14.1,52.6,82.2,11.8,81.5,85.0,21.5,20.6,46.0,6.7,0.8075,rural,10.0,97.97937098410551,66.37216773757186,22.319918836658772,22.448979591836746,False
05075,11.6,43.7,77.5,9.3,78.6,82.8,19.8,14.4,43.7,4.7,0.7003,small_town,12.0,82.25115545034383,49.65759215421035,36.996956374704084,22.794117647058826,False
05077,15.8,51.7,78.5,10.1,80.0,82.3,22.3,19.7,46.9,6.3,0.9714,rural,20.0,97.1451921993011,20.415539398038547,93.33784240784578,92.67161410018554,True
05079,14.7,43.2,73.2,7.6,76.2,80.6,19.9,13.8,42.6,4.2,0.5864,micropolitan,16.0,69.87374591365123,22.20789651673994,67.07811971592831,68.12386156648452,True
05081,10.8,46.3,80.2,9.2,80.4,85.9,17.8,15.7,41.3,4.9,0.4197,metropolitan,16.0,82.62033592605117,46.22505918160297,43.490023672641186,54.1030534351145,False
05083,10.6,44.9,79.2,9.0,79.4,85.2,18.0,14.4,38.1,4.5,0.5444,rural,15.0,72.20155563070679,46.764034494420024,31.29861345958743,24.58256029684601,False
05085,9.8,39.0,75.5,6.5,78.4,85.1,16.0,11.3,36.1,3.3,0.4063,metropolitan,,33.05715251944539,65.39144403111261,-47.37910043963476,-22.900763358778626,False
05087,12.4,44.1,77.5,9.0,78.3,84.2,19.0,13.9,40.8,4.4,0.5272,metropolitan,12.0,75.66508849058731,49.816114305038894,29.692255664524858,43.41603053435114,False
05089,10.5,46.3,82.7,11.3,80.7,87.3,18.0,16.4,37.9,5.4,0.4588,rural,17.0,82.27651899447638,47.56087250591816,40.41258031788974,36.92022263450835,False
05091,12.2,44.8,78.6,8.5,79.8,84.0,19.1,15.3,38.1,4.7,0.9354,metropolitan,19.0,74.29263893585842,25.642543118025024,68.83665877578628,79.29389312977099,True
05093,12.5,46.4,77.3,8.1,79.8,83.7,18.8,15.2,46.6,4.6,0.9335,micropolitan,19.0,80.03607259609964,22.770121745011835,76.69935745688197,76.6848816029144,True
05095,12.3,52.3,82.1,10.4,82.2,86.5,19.1,19.1,43.5,6.1,0.9341,rural,9.0,94.14947582008794,73.29218802840717,10.145417653026712,8.163265306122454,False
05097,10.9,47.8,81.9,11.1,81.3,86.8,17.8,16.4,40.9,5.4,0.5765,rural,15.0,87.41122759553603,56.83970240108218,30.571525194453834,27.087198515769956,False
05099,12.4,51.0,80.9,10.3,81.2,85.2,20.4,18.3,44.0,5.9,0.8527,rural,18.0,94.8427460263781,35.92957389245857,73.18227933716605,74.39703153988869,True
05101,10.1,47.4,81.1,10.4,80.6,86.7,17.8,15.3,38.6,5.0,0.1985,micropolitan,15.0,80.50952541990755,55.945637470409196,24.45045654379438,19.854280510018214,False
05103,11.3,49.5,80.8,9.3,82.0,86.2,18.2,17.7,43.5,5.4,0.7464,small_town,17.0,89.40085672415738,43.88315860669597,54.58234697328372,43.38235294117647,False
05105,10.2,43.8,79.8,9.1,79.2,85.6,17.6,14.1,38.9,4.5,0.4292,rural,18.0,71.93946567467027,34.55571525194454,53.415623943185665,46.28942486085342,False
05107,13.5,55.6,82.2,10.7,83.4,85.5,21.0,21.7,48.4,6.9,0.9628,small_town,14.0,97.93428023898095,57.68304024349003,36.18532296246195,25.367647058823536,False
05109,11.4,44.3,79.1,9.1,79.5,85.3,17.4,14.4,38.3,4.5,0.5972,rural,12.0,71.50828542441664,58.004311802502535,11.599594183293881,1.484230055658628,False
05111,12.6,43.0,77.9,9.1,78.4,83.1,20.4,14.6,41.4,4.7,0.7381,metropolitan,19.0,80.22207191973847,20.38594859655056,78.72844098748732,87.5,True
05113,11.7,44.8,80.4,10.1,79.8,85.2,18.6,15.5,40.0,4.9,0.6863,rural,15.0,82.4230639161312,48.3429151166723,39.09367602299627,34.972170686456394,False
05115,12.1,38.7,76.1,7.7,76.5,83.2,16.4,12.7,44.6,3.9,0.8171,micropolitan,11.0,56.422613008679974,47.01766993574569,12.343591477849174,6.01092896174864,False
05117,10.6,46.7,80.7,9.6,80.7,86.2,17.3,15.1,40.3,4.8,0.4601,rural,16.0,80.20516289031677,48.37461954683801,36.320595197835644,30.890538033395167,False
05119,10.4,42.2,76.4,6.7,80.7,86.4,13.4,12.9,40.5,3.9,0.7811,metropolitan,16.0,47.596099650546726,42.09502874535002,10.38214406493067,33.20610687022901,False
05121,11.7,43.6,78.1,9.4,78.5,83.4,20.0,14.7,41.4,4.7,0.7051,small_town,16.0,81.43106752339082,33.42281028068989,65.50557997970915,56.617647058823536,True
05123,15.1,50.1,78.6,9.3,80.3,83.4,21.8,18.9,48.2,5.7,0.9777,small_town,,94.66520121745013,65.68523841731485,22.150828542441673,12.5,False
05125,9.2,40.0,77.5,7.1,79.5,86.8,14.2,11.3,34.5,3.5,0.2864,metropolitan,,31.819975200090184,74.75904633074062,-62.8339533310788,-38.07251908396947,False
05127,12.4,44.1,78.9,9.5,78.9,84.6,18.5,14.8,37.0,4.7,0.7537,rural,10.0,73.88400405816705,58.346719648292186,13.933040243490012,4.638218923933209,False
05129,11.9,49.3,81.5,11.9,80.5,85.4,20.9,17.6,39.9,5.8,0.517,rural,18.0,90.91139668583025,36.79404802164356,68.48156915793034,68.73840445269016,True
05131,12.9,40.7,76.9,7.7,77.7,84.4,16.1,13.1,36.2,3.9,0.8696,metropolitan,15.0,49.425092999661814,35.94436929320257,24.34900236726412,47.04198473282443,False
05133,20.5,40.2,76.4,8.6,76.7,81.8,18.8,15.2,41.4,4.4,0.825,small_town,12.0,74.01363995040019,41.06991883665877,43.82820426107543,29.779411764705884,False
05135,11.1,46.7,81.4,10.8,81.0,85.6,19.3,16.2,39.4,5.3,0.5838,rural,10.0,85.64141584939692,69.20231653703077,8.860331416976663,3.5250463821892453,False
05137,11.2,47.9,82.4,11.8,80.9,85.9,19.7,17.0,39.8,5.7,0.7709,rural,16.0,89.03731259159058,48.85018599932364,44.808927967534665,43.22820037105751,False
05139,11.4,46.4,80.1,8.7,80.8,85.7,17.6,16.0,39.4,4.9,0.6682,micropolitan,10.0,78.14507947243828,67.0612106865066,4.058167061210682,2.9143897996356998,False
05141,11.3,47.4,82.2,11.1,80.6,86.2,19.3,16.2,39.6,5.4,0.7763,rural,18.0,86.61086686957502,40.05749070003382,58.94487656408523,57.42115027829314,False
05143,12.7,34.6,69.7,5.8,75.1,82.1,13.4,10.1,35.4,2.9,0.7658,metropolitan,14.0,16.35948596550558,32.70206290158945,-7.439972945552924,8.110687022900763,False
05145,10.9,40.4,77.3,7.9,77.5,83.7,17.4,12.6,39.7,4.0,0.8482,micropolitan,17.0,57.25679179348439,26.667653026716266,48.08927967534664,45.90163934426229,False
05147,12.6,49.8,81.8,10.7,81.2,85.3,20.2,18.3,39.2,6.0,0.7671,rural,21.0,89.53894713110135,31.80165708488333,76.02299628001353,75.139146567718,True
05149,15.3,43.5,77.0,8.7,77.7,84.1,18.4,14.7,42.0,4.3,0.7738,rural,16.0,75.89054221621012,28.770713561041596,66.35103145079472,59.183673469387756,True
06001,7.1,28.5,70.9,4.8,72.6,87.5,9.3,11.0,22.8,2.8,0.5129,metropolitan,,4.441438394769474,68.52806898884003,-78.45789651673995,-71.66030534351145,False
06003,5.7,35.7,75.9,7.5,75.5,88.7,11.0,11.6,28.4,3.8,0.4044,rural,10.0,23.636004959981964,66.0741460940142,-58.23469732837336,-70.68645640074212,False
06005,7.5,37.6,75.6,7.8,74.0,88.4,12.2,11.8,29.6,4.0,0.5647,rural,,30.960432871153202,71.50828542441664,-59.62123774095366,-75.51020408163265,False
06007,8.3,32.2,71.6,6.5,72.1,83.2,12.8,10.7,29.3,3.5,0.8225,metropolitan,16.0,15.03212715590125,27.741376394994926,-1.6570848833276983,11.450381679389313,False
06009,7.1,37.8,78.1,8.7,76.6,88.5,13.4,13.2,29.8,4.5,0.3357,rural,11.0,44.96956374704092,66.67018938112952,-34.29151166723031,-50.92764378478664,False
06011,17.6,32.0,71.3,6.8,69.6,82.9,13.4,13.4,35.0,3.7,0.84,small_town,,28.285988050952543,49.13129861345959,-26.445722015556306,-43.38235294117647,False
06013,7.8,31.2,72.9,5.5,72.7,87.6,9.3,11.3,28.0,3.0,0.4785,metropolitan,,7.927516627212266,68.11379776800811,-75.58336151504903,-65.36259541984734,False
06015,9.7,36.0,73.3,7.7,72.7,85.2,15.0,12.5,31.0,4.1,0.9004,micropolitan,16.0,36.622139555856165,29.220916469394655,18.02502536354413,10.200364298724956,False
06017,5.7,33.6,75.4,6.8,75.3,88.9,10.4,10.8,27.7,3.4,0.1896,micropolitan,15.0,13.924585728779169,49.42086574230639,-39.820764288129865,-51.73041894353369,False
06019,14.6,31.7,71.2,6.2,70.8,82.2,13.2,12.7,37.7,3.4,0.9618,metropolitan,19.0,25.490361853229626,8.162833953331077,19.44538383496787,37.69083969465649,False
06021,13.7,32.7,72.1,7.0,71.3,83.7,13.9,12.6,32.1,3.8,0.8622,small_town,12.0,26.6373576823357,39.00913087588772,-9.0632397700372,-23.897058823529413,False
06023,7.5,32.9,73.2,7.1,71.9,83.9,14.2,11.4,31.3,3.7,0.8269,micropolitan,14.0,23.404914891218578,40.778238079134255,-15.7084883327697,-30.05464480874317,False
06025,22.1,33.2,69.9,6.7,68.9,81.1,12.9,15.0,34.7,3.7,0.9936,micropolitan,15.0,31.132341336940595,22.248055461616502,18.769022658099423,12.386156648451731,False
06027,7.9,35.1,75.5,7.6,75.0,88.0,12.0,12.4,28.2,3.9,0.6147,micropolitan,17.0,27.14181039341675,35.37791680757525,-1.8430842069665196,-15.300546448087434,False
06029,16.7,32.0,68.2,6.2,70.7,81.4,14.6,13.3,36.0,3.5,0.9685,metropolitan,18.0,28.25216999210912,9.01462631044978,21.914102130537707,41.221374045801525,False
06031,17.6,30.4,66.7,5.8,67.8,79.9,14.8,12.1,34.7,3.3,0.9507,metropolitan,17.0,20.786833502423626,11.565776124450458,14.30503889076767,30.343511450381676,False
06033,10.1,39.6,76.1,8.9,74.3,86.2,15.2,14.1,32.7,4.7,0.9055,small_town,17.0,56.31552248900912,28.40928305715252,44.217111937774774,30.147058823529406,False
06035,12.0,33.7,69.6,7.1,69.9,82.1,15.9,11.5,34.2,3.8,0.8231,small_town,,30.59125239544584,51.22379100439635,-27.426445722015558,-47.05882352941177,False
06037,11.7,30.2,71.7,5.3,71.8,84.9,11.2,12.6,26.5,3.2,0.8629,metropolitan,18.0,11.982865516852668,16.289736219141023,4.633074061548866,14.503816793893133,False
06039,17.9,33.2,70.3,7.0,69.8,81.9,14.8,13.5,36.5,3.9,0.9593,metropolitan,,36.50941269304475,48.262597226919176,-15.488670950287457,9.637404580152676,False
06041,5.5,32.6,76.4,6.4,74.6,90.1,8.2,10.2,21.3,3.2,0.37,metropolitan,,8.809604328711531,75.43118025025365,-85.12005410889415,-74.04580152671755,False
06043,7.3,39.0,78.4,9.1,76.2,88.6,12.6,13.5,30.5,4.6,0.8613,rural,14.0,48.26400631270431,57.15251944538383,-14.677037538045319,-30.612244897959187,False
06045,10.3,38.5,75.4,8.5,74.3,86.4,14.3,13.7,29.3,4.4,0.9726,micropolitan,15.0,47.286100777815356,38.53990530943524,16.807575245180924,8.743169398907106,False
06047,18.2,31.2,68.1,6.1,68.9,80.5,14.1,13.0,33.8,3.4,0.973,metropolitan,17.0,22.756735430052984,11.720071017923573,15.826851538721677,32.729007633587784,False
06049,8.6,41.3,78.4,10.0,76.5,87.6,14.8,14.9,31.9,5.2,0.8186,rural,17.0,62.98895276744448,38.49129184984782,36.62495772742644,25.139146567717997,False
06051,8.2,31.5,72.0,6.3,72.5,86.4,11.7,10.5,31.2,3.2,0.3891,small_town,,11.46432194792019,64.76158268515387,-67.02739262766318,-81.61764705882352,False
06053,15.9,32.0,70.5,6.2,71.6,83.6,11.9,12.5,31.1,3.4,0.8686,metropolitan,16.0,17.021756284522606,20.168244842746027,7.135610415962124,21.18320610687023,False
06055,9.7,33.0,74.2,6.5,73.9,87.2,10.4,11.4,27.9,3.4,0.6831,metropolitan,,13.53567805207981,65.13992221846466,-65.64085221508284,-50.8587786259542,False
06057,5.6,37.5,77.8,7.9,76.6,89.4,11.0,11.5,27.5,4.0,0.2148,micropolitan,9.0,29.083530605343256,71.35187690226581,-61.41359485965506,-70.67395264116576,False
06059,8.9,29.1,73.5,5.5,73.4,87.2,9.2,11.5,23.9,2.9,0.5692,metropolitan,13.0,6.65652124901364,49.78863713222861,-46.77037538045316,-38.16793893129771,False
06061,5.6,32.7,73.4,5.9,74.6,88.5,9.4,9.8,27.3,3.1,0.1992,metropolitan,15.0,7.755608161424867,47.70037199864728,-42.50929996618194,-33.587786259541986,False
06063,6.4,40.4,78.6,9.3,77.2,89.2,13.0,13.5,29.9,4.6,0.4088,rural,15.0,51.01454176530266,55.178390260399055,-7.406154886709508,-22.82003710575139,False
06065,12.7,33.3,70.8,6.0,71.8,85.0,11.5,12.4,36.8,3.3,0.8199,metropolitan,16.0,21.280013527223534,24.247548190733852,7.270882651335814,23.854961832061072,False
06067,8.7,30.9,71.6,5.7,70.4,85.2,11.8,11.2,29.6,3.2,0.7509,metropolitan,,10.463871040468945,60.01437267500846,-60.83868785931687,-47.70992366412214,False
06069,13.9,29.9,68.7,5.3,69.4,84.8,10.9,11.3,31.5,2.9,0.5094,micropolitan,,8.581332431518431,52.59342238755495,-49.323638823131546,-60.10928961748634,False
06071,14.3,31.9,68.8,5.6,69.6,83.6,12.3,12.1,33.3,3.2,0.8858,metropolitan,18.0,15.294217111937774,11.293118025025365,9.570510652688537,22.32824427480916,False
06073,8.7,28.7,68.4,5.2,72.6,85.7,10.0,10.0,25.3,2.8,0.7057,metropolitan,17.0,4.0638034043512565,25.92576936083869,-8.18397024010822,-4.866412213740458,False
06075,6.3,27.0,72.2,4.9,72.8,87.1,8.8,10.2,17.2,2.6,0.482,metropolitan,,2.6124450456543795,69.10931687521136,-80.53770713561042,-74.76145038167938,False
06077,12.8,30.4,70.9,5.7,70.7,83.8,12.6,12.3,30.7,3.3,0.8718,metropolitan,16.0,14.722128283169878,21.920443016570847,3.7876225904633083,16.793893129770993,False
06079,7.5,31.8,72.6,6.4,72.1,85.4,10.2,10.0,26.1,3.3,0.5227,metropolitan,,9.483147334009695,63.53779168075752,-66.24957727426447,-54.770992366412216,False
06081,6.6,29.2,73.1,5.2,71.6,88.2,8.0,10.6,22.3,2.7,0.2899,metropolitan,,3.959531056250705,70.316198850186,-81.4169766655394,-74.71374045801527,False
06083,11.7,30.4,70.0,6.0,70.6,83.4,10.7,10.8,26.1,3.2,0.8667,metropolitan,12.0,8.78705895614925,39.5988332769699,-26.411903956712884,-16.793893129770993,False
06085,6.8,27.0,71.0,4.5,71.2,86.5,8.1,10.5,21.9,2.4,0.3614,metropolitan,,2.420809378874986,66.60678052079811,-76.4288129861346,-71.27862595419847,False
06087,8.7,30.5,72.5,5.9,71.4,85.4,10.0,10.2,25.8,3.1,0.6131,metropolitan,7.0,6.974974636455866,55.81459249239094,-56.34088603314169,-45.80152671755725,False
06089,7.1,35.9,73.5,7.3,73.8,85.9,13.8,11.7,29.3,3.9,0.7649,metropolitan,13.0,27.76180813887949,50.479793709841054,-28.982076428812988,-5.820610687022899,False
06091,7.5,42.8,79.2,10.3,77.2,88.8,15.1,15.3,32.5,5.2,0.3522,rural,,66.33975876451359,79.50625634088604,-23.977003719986484,-37.012987012987004,False
06093,7.6,39.4,77.4,9.2,75.9,87.4,14.4,13.9,31.8,4.7,0.7884,rural,16.0,54.244166384849514,42.90454852891444,17.551572539736213,5.287569573283861,False
06095,9.1,33.3,72.1,5.8,72.6,86.4,11.3,12.1,31.3,3.3,0.6201,metropolitan,,14.896854920527561,63.110838687859314,-60.821778829895166,-44.274809160305345,False
06097,8.4,31.6,73.8,6.4,73.2,87.4,10.6,10.7,26.1,3.3,0.5562,metropolitan,,10.46105286889866,67.28102806898883,-72.33682786608048,-60.20992366412214,False
06099,14.0,31.8,69.8,6.1,71.0,83.2,13.4,11.9,36.4,3.4,0.8511,metropolitan,13.0,21.58437605681434,34.68041934392966,-6.121068650659453,12.595419847328241,False
06101,11.9,33.3,71.5,6.8,71.4,83.7,13.9,12.8,29.5,3.7,0.8641,metropolitan,17.0,25.076090632397698,17.824230639161314,15.657761244504563,33.396946564885496,False
06103,10.8,35.9,73.9,8.1,72.5,84.9,15.1,13.0,31.6,4.3,0.9271,micropolitan,16.0,42.007665426671174,27.23410551234359,27.933716604666895,22.768670309653913,False
06105,7.0,43.7,79.0,11.0,77.0,87.7,16.9,15.9,33.3,5.7,0.7206,rural,15.0,73.65009581783339,53.65657761244505,21.575921542103472,13.172541743970307,False
06107,18.2,31.2,68.6,6.2,67.9,81.2,14.0,13.1,35.0,3.4,0.9147,metropolitan,16.0,24.081276068087025,16.9555292526209,15.353398714913766,32.776717557251914,False
06109,7.0,36.8,76.5,8.0,76.1,88.0,12.3,12.1,29.0,4.1,0.6319,micropolitan,9.0,32.44842746026378,66.87098410551235,-50.760906323977,-58.287795992714024,False
06111,10.3,30.7,71.3,5.8,73.8,86.9,10.4,11.4,25.7,3.1,0.6249,metropolitan,,8.832149701273813,62.70924923909368,-65.67467027392628,-54.48473282442748,False
06113,8.9,26.0,68.7,4.9,70.5,81.9,9.8,9.3,25.7,2.7,0.7366,metropolitan,,2.5701724721001016,55.18895840378762,-57.72742644572202,-50.954198473282446,False
06115,11.0,30.9,69.4,6.0,70.0,82.6,14.5,11.3,30.8,3.4,0.9268,metropolitan,11.0,16.996392740390036,41.88577950625634,-23.2668244842746,-7.442748091603054,False
08001,17.2,27.3,66.9,4.7,70.1,83.3,13.4,9.7,33.2,2.6,0.7264,metropolitan,16.0,8.544696201104722,18.665454852891443,0.6425431180250252,7.824427480916031,False
08003,18.0,29.0,70.8,6.2,69.5,80.9,12.7,11.3,30.3,3.4,0.8253,micropolitan,,13.468041934392966,47.86946229286439,-37.91004396347649,-50.455373406193075,False
08005,11.5,27.8,71.0,4.9,70.2,85.6,10.5,8.5,26.1,2.7,0.4661,metropolitan,16.0,2.7956261977229175,26.409790328035168,-9.570510652688535,-7.5381679389312986,False
08007,9.6,35.4,77.4,7.9,75.3,89.1,12.0,11.7,27.6,3.9,0.3484,rural,11.0,26.910720324653365,60.40750760906324,-46.449103821440644,-60.76066790352505,False
08009,12.8,37.8,76.8,9.6,74.1,84.9,16.9,13.4,29.9,5.0,0.5472,rural,21.0,57.60624506819974,14.02815353398715,57.05106526885357,41.65120593692022,False
08011,22.1,36.9,71.6,9.2,69.5,79.2,20.0,14.7,33.7,4.9,0.8804,rural,18.0,63.58076879720437,7.949357456881977,66.21575921542104,51.5769944341373,True
08013,7.8,21.9,69.1,4.8,69.3,85.0,8.8,7.1,16.7,2.5,0.209,metropolitan,15.0,0.8229060985232782,35.65691579303348,-24.04463983767332,-20.801526717557252,False
08014,7.8,24.5,70.1,4.4,71.6,87.0,8.7,7.1,22.3,2.3,0.0436,metropolitan,,0.5213617405027619,65.9663510314508,-76.46263104497802,-72.23282442748092,False
08015,9.3,32.3,75.2,7.1,73.8,87.3,12.1,10.2,25.7,3.6,0.6096,small_town,17.0,15.711306504339985,30.82727426445722,-5.309435238417315,-11.764705882352942,False
08017,11.1,33.8,75.1,7.6,73.8,86.4,13.9,11.3,28.8,3.9,0.0837,rural,11.0,26.220268289933497,51.45840378762259,-32.22861007778154,-44.71243042671614,False
08019,7.3,30.3,74.3,6.1,74.4,88.8,10.1,9.0,23.9,3.0,0.1394,rural,17.0,5.830796978920077,36.13882313155225,-22.184646601285092,-22.17068645640074,False
08021,18.8,32.9,74.3,7.5,72.7,84.7,13.0,13.8,30.3,3.9,0.8377,micropolitan,17.0,30.58843422387554,17.581163341224215,21.23774095366926,16.939890710382514,False
08023,19.6,38.1,77.9,9.4,75.1,86.7,13.5,17.0,31.6,4.8,0.8727,rural,22.0,56.50997632735881,17.492390936760238,54.007439972945555,38.49721706864563,False
08025,21.1,31.0,65.9,6.4,66.3,78.2,18.0,11.0,31.7,3.5,0.86,rural,18.0,25.31845338744223,7.023588096043287,19.648292188028407,5.287569573283859,False
08027,7.6,38.2,79.1,8.8,77.8,89.9,12.2,12.4,26.6,4.4,0.1012,rural,14.0,40.51121632284974,60.498393642204945,-30.402434900236727,-47.40259740259741,False
08029,11.9,37.5,76.9,8.8,74.1,86.4,14.5,12.4,26.7,4.5,0.581,rural,17.0,43.93811295231654,27.635694961109238,29.489347311464325,13.543599257884974,False
08031,12.5,21.7,65.4,4.1,69.6,84.0,10.3,7.1,21.6,2.3,0.5603,metropolitan,19.0,0.9356329613346861,10.291258031788974,-1.1836320595197836,-0.2862595419847329,False
08033,10.2,35.1,74.5,7.9,73.5,85.8,14.9,11.5,27.3,4.1,0.1858,rural,17.0,32.77533536241687,25.729201893811293,17.585390598579643,3.3395176252319096,False
08035,6.3,25.8,70.2,4.3,74.6,88.4,7.8,6.8,25.3,2.2,0.022,metropolitan,,0.6059068876113177,71.31594521474467,-85.01859993236388,-80.05725190839695,False
08037,11.3,25.2,69.7,5.1,71.6,86.7,10.3,8.5,24.3,2.6,0.3497,small_town,,2.3165370307744335,59.88121406831248,-66.1650321271559,-75.73529411764706,False
08039,7.9,29.9,72.9,5.9,73.8,88.0,11.2,8.9,24.8,3.0,0.0006,metropolitan,16.0,5.926614812309773,38.5039736219141,-26.14135948596551,-19.083969465648856,False
08041,9.5,28.1,68.1,4.9,73.7,84.6,10.7,8.7,28.3,2.7,0.4604,metropolitan,12.0,3.376169541201669,44.95476834629692,-39.97294555292526,-34.54198473282443,False
08043,13.4,32.6,74.0,7.6,71.9,84.2,15.5,11.4,30.6,3.9,0.6688,micropolitan,16.0,29.630255889978585,23.395755833615148,16.266486303686165,9.653916211293259,False
08045,13.8,27.2,69.8,5.5,70.9,84.4,12.2,8.9,24.0,2.9,0.6058,micropolitan,10.0,5.24179912073047,43.61472776462631,-36.05005072708826,-46.81238615664846,False
08047,7.3,31.1,73.5,6.2,74.1,88.9,11.4,9.6,25.5,3.1,0.0967,rural,16.0,8.099425092999661,40.782465336489686,-29.18498478187352,-29.03525046382189,False
08049,8.6,29.8,72.1,6.2,72.8,86.9,11.8,9.1,24.3,3.1,0.1565,small_town,,7.476609175966633,65.18219479201895,-70.88265133581332,-83.08823529411764,False
08051,7.4,24.2,68.7,4.6,70.2,84.0,9.6,7.1,23.8,2.3,0.1222,rural,12.0,0.9187239319129749,46.60762597226919,-44.436929320257015,-41.1873840445269,False
08053,6.0,34.1,78.5,7.5,78.1,91.1,8.4,10.0,23.5,3.5,0.0869,rural,,15.432307518881748,82.13772404463984,-85.4920527561718,-95.64007421150278,False
08055,13.4,37.6,78.6,9.1,76.0,88.3,12.9,13.9,27.5,4.6,0.5383,rural,15.0,46.90846578739713,44.09029421711194,5.74907000338181,-7.328385899814471,False
08057,13.0,38.8,76.9,9.6,74.4,86.3,16.9,13.9,30.0,4.9,0.3751,rural,8.0,59.85514598128734,55.95197835644234,1.7754480892796707,-12.384044526901661,False
08059,8.4,27.7,69.7,5.1,73.2,87.3,9.9,8.3,23.1,2.6,0.0948,metropolitan,18.0,2.184082966971029,26.665539398038554,-10.07778153533987,-8.396946564885496,False
08061,10.1,36.1,77.3,8.7,75.2,87.2,13.8,11.8,27.1,4.4,0.3312,rural,5.0,38.22286100777815,63.50608725059182,-37.13222861007779,-54.63821892393321,False
08063,13.2,33.3,74.6,7.7,71.9,85.0,14.5,11.4,29.4,4.0,0.6825,rural,14.0,28.714350129635893,35.521643557659786,-0.5749070003381789,-12.337662337662339,False
08065,11.9,26.4,69.2,4.9,70.0,85.5,10.2,8.4,23.9,2.5,0.1152,small_town,16.0,1.9079021530830802,25.407930334798785,-9.097057828880622,-10.294117647058824,False
08067,8.6,28.6,72.8,6.2,73.1,86.8,11.7,9.3,20.9,3.2,0.258,micropolitan,,7.454063803404352,65.34917145755833,-71.22083192424755,-77.23132969034609,False
08069,8.6,25.6,71.0,5.1,69.8,84.1,9.6,7.3,23.5,2.6,0.1524,metropolitan,15.0,1.7500845451471088,32.90285762597227,-19.242475481907338,-15.744274809160308,False
08071,16.8,35.5,76.0,8.5,73.0,85.6,13.7,13.7,32.5,4.4,0.9068,small_town,12.0,43.523841731484616,43.75634088603314,2.0629015894487637,-21.691176470588236,False
08073,14.5,32.6,71.7,7.3,70.3,83.1,15.5,10.8,29.8,3.8,0.385,rural,16.0,26.180813887949498,20.153449442002028,15.184308420696649,0.9276437847866408,False
08075,14.7,33.6,71.2,7.5,70.5,82.0,16.0,11.2,29.7,4.0,0.6004,micropolitan,12.0,31.06470521925375,36.646094014203584,-0.9807237064592513,-13.479052823315115,False
08077,11.0,31.1,71.9,6.7,72.0,85.0,12.7,9.8,29.8,3.5,0.6462,metropolitan,14.0,14.009130875887726,36.635525870815016,-16.773757186337505,-3.0534351145038165,False
08079,6.9,34.3,76.8,7.3,76.2,89.5,10.5,10.5,25.7,3.6,0.056,rural,7.0,17.089392402209448,70.73892458572878,-71.22083192424756,-81.3543599257885,False
08081,12.8,32.3,71.2,7.0,70.7,83.5,15.6,10.8,28.5,3.7,0.8164,small_town,17.0,23.830458798331644,16.577189719310113,15.285762597226919,8.455882352941176,False
08083,10.8,33.9,75.6,7.8,73.6,86.4,14.7,11.8,28.4,4.1,0.6061,small_town,15.0,31.605794160748506,37.84452147446737,-2.2827189719310077,-19.117647058823525,False
08085,12.6,34.1,77.0,8.0,73.3,86.9,13.4,11.5,27.5,4.1,0.5164,micropolitan,15.0,29.478074625183186,38.32008792695299,-4.988163679404799,-17.759562841530055,False
08087,17.9,31.6,70.4,6.6,70.3,83.3,13.8,10.9,32.1,3.5,0.8371,micropolitan,14.0,18.00247999098185,29.210348326006088,-1.0145417653026705,-11.475409836065571,False
08089,18.8,35.6,74.9,8.5,72.6,83.5,15.3,14.5,34.6,4.6,0.9535,rural,18.0,51.61199413820313,12.33725059181603,50.35508961785593,33.85899814471243,False
08091,6.2,34.0,77.6,7.0,77.6,91.0,9.1,10.0,23.3,3.4,0.0834,rural,,12.695862924134822,79.77045992560028,-86.16841393304026,-94.06307977736549,False
08093,7.3,32.7,75.6,6.7,74.9,89.3,11.3,10.2,23.5,3.3,0.0032,metropolitan,16.0,11.588321497012737,42.53466351031451,-29.35407507609063,-17.17557251908397,False
08095,14.6,34.1,74.8,8.0,72.5,84.9,14.3,11.9,28.9,4.2,0.4203,rural,12.0,33.16706121068651,41.873097734190054,-7.710517416300306,-20.12987012987013,False
08097,6.9,28.8,73.8,5.8,74.2,89.2,8.3,8.4,20.7,2.8,0.0617,small_town,,3.3479878254988162,72.2480554616165,-84.78187352045992,-90.80882352941177,False
08099,18.3,32.5,73.1,7.6,70.4,82.9,15.0,12.6,29.2,4.0,0.9615,small_town,16.0,31.95806560703416,19.202316537030775,22.015556307067975,11.029411764705882,False
08101,16.3,32.2,73.5,6.9,72.9,84.9,13.9,12.3,32.1,3.7,0.8533,metropolitan,,24.250366362304135,53.89119039567129,-37.65640852215083,-15.410305343511446,False
08103,9.9,31.1,72.9,6.5,72.3,85.5,13.1,9.6,26.7,3.3,0.5167,rural,16.0,11.94059294329839,29.318143388569496,-6.814338856949612,-10.946196660482375,False
08105,15.9,33.4,75.0,7.4,73.5,85.9,12.5,12.2,27.7,3.8,0.7868,rural,20.0,23.9516401758539,13.886540412580315,16.43557659790328,2.9684601113172544,False
08107,7.5,27.9,72.2,5.5,72.8,87.6,10.2,8.3,23.7,2.8,0.1314,micropolitan,11.0,3.311351595085109,57.68515387216774,-61.71795738924586,-69.03460837887067,False
08109,15.8,38.3,77.1,9.3,75.0,86.8,14.6,15.1,29.1,4.7,0.6608,rural,19.0,54.762709953781986,20.574061548867093,50.08454514710856,34.78664192949907,False
08111,8.3,32.4,74.6,6.9,74.2,88.4,11.2,10.2,26.4,3.4,0.4276,rural,7.0,12.915680306617064,64.36422049374366,-65.30267162664863,-72.35621521335807,False
08113,7.3,28.7,72.4,5.7,73.4,87.9,9.8,8.7,26.3,2.8,0.2911,small_town,11.0,4.041258031788975,58.74830909705783,-63.070679742982755,-74.26470588235294,False
08115,12.0,37.8,78.2,9.3,75.8,87.6,13.6,13.0,28.0,4.7,0.6729,rural,7.0,47.164919400293094,63.24188366587758,-25.820087926952986,-42.11502782931355,False
08117,9.1,26.3,69.4,5.0,71.6,86.2,10.5,7.9,24.4,2.5,0.1696,small_town,,2.116446849284184,61.67991207304701,-68.61684139330403,-78.67647058823529,False
08119,7.6,33.4,76.1,6.9,75.5,89.2,11.3,10.2,24.1,3.5,0.0496,micropolitan,18.0,14.104948709277421,34.090716942847486,-11.667230300980725,-25.500910746812387,False
08121,10.8,32.6,74.2,7.4,72.6,86.0,13.4,10.5,26.4,3.8,0.2848,rural,15.0,21.11374140457671,35.54066621575922,-7.795062563408862,-17.207792207792206,False
08123,13.7,27.8,68.4,5.1,67.6,83.1,12.7,9.5,33.8,2.7,0.5889,metropolitan,14.0,8.310787960771052,30.05791342576936,-10.889414947582008,-2.7671755725190845,False
08125,15.7,31.4,72.6,7.2,71.5,84.2,13.9,10.9,28.4,3.8,0.6783,rural,13.0,21.3645586743321,35.89575583361515,-8.52215082854244,-18.089053803339517,False
09110,9.8,32.5,76.4,5.7,81.8,89.4,11.1,11.0,31.9,3.2,0.5877,,18.0,11.475594634201329,39.08310787960772,-22.996280013527223,,False
09120,14.1,30.6,77.2,5.5,78.0,88.6,10.7,10.3,28.1,3.4,0.8142,,18.0,8.598241460940143,29.588687859316877,-9.841055123435915,,False
09130,6.4,33.5,77.7,6.1,82.8,90.9,9.8,9.4,29.0,3.2,0.1534,,13.0,9.302784353511441,70.63958403787623,-78.28880622252284,,False
09140,10.3,33.3,76.3,6.3,80.4,89.5,11.8,10.6,32.5,3.4,0.5641,,18.0,14.572765189944763,36.72852553263443,-16.43557659790328,,False
09150,7.6,35.1,76.8,6.4,80.0,89.2,13.2,10.3,33.3,3.4,0.2409,,8.0,18.306842520572655,74.3172979370984,-75.0760906323977,,False
09160,7.1,32.4,78.8,6.6,81.6,91.1,10.9,10.0,28.2,3.4,0.2727,,9.0,11.791229850073272,79.97970916469396,-87.08150152181265,,False
09170,10.1,32.8,75.2,5.9,80.2,88.9,10.8,10.4,33.4,3.2,0.6637,,16.0,11.923683913876678,44.29531619885019,-32.48224551910721,,False
09180,9.6,34.4,76.0,6.1,80.7,88.5,10.8,10.0,32.5,3.3,0.4865,,18.0,12.907225791906212,37.214660128508626,-18.802840716942846,,False
09190,9.9,28.2,77.3,5.0,78.4,90.4,8.5,8.5,24.7,2.8,0.4664,,14.0,2.350355089617856,54.56755157253974,-56.81433885694961,,False
10001,9.5,39.5,77.8,6.6,82.3,86.6,13.5,14.3,43.5,3.8,0.8151,metropolitan,16.0,50.022545372562284,47.207896516739936,4.091985120054105,27.480916030534345,False
10003,8.6,35.2,75.6,5.9,79.2,87.4,11.6,12.2,33.4,3.4,0.5132,metropolitan,16.0,19.059294329838803,43.69081839702401,-24.721001014541763,-7.061068702290072,False
10005,9.4,43.4,83.5,9.1,83.7,89.9,14.0,14.2,33.8,4.4,0.5183,micropolitan,14.0,57.44842746026379,69.11988501859993,-22.42137301318904,-24.772313296903462,False
11001,6.5,28.5,71.6,3.8,75.8,89.3,9.4,7.8,24.7,2.8,0.6262,metropolitan,21.0,1.9163566677939352,28.41351031450795,-12.850862360500507,-10.687022900763358,False
12001,11.7,30.7,74.4,5.6,77.3,82.7,11.2,10.5,30.9,3.0,0.6099,metropolitan,15.0,8.34178784804419,32.439972945552924,-14.203584714237403,-5.200381679389313,False
12003,13.4,36.7,75.2,6.9,76.0,83.8,16.6,12.3,35.3,3.6,0.6188,metropolitan,15.0,35.878142261300866,31.16334122421373,14.271220831924246,37.02290076335878,False
12005,12.5,37.7,76.6,7.3,76.3,85.5,14.6,11.9,33.4,3.7,0.7407,metropolitan,8.0,32.499154548528914,55.34536692593845,-31.890429489347316,-6.297709923664122,False
12007,15.8,38.5,77.8,8.6,76.9,83.1,19.3,14.4,34.9,4.6,0.8867,rural,12.0,62.24213730131891,44.99070003381806,23.334460601961453,11.966604823747687,False
12009,11.6,38.8,79.1,7.9,79.7,88.2,12.5,13.1,34.0,3.9,0.4817,metropolitan,14.0,38.54976890993124,56.807997970916475,-26.208995603652347,0.5725190839694747,False
12011,16.7,36.3,78.4,6.7,79.5,87.5,11.8,13.5,30.6,3.7,0.7814,metropolitan,15.0,27.02062901589449,46.32862698681095,-22.21846466012851,-0.0954198473282517,False
12013,16.8,40.3,77.2,9.2,77.2,82.5,20.2,15.2,40.0,4.8,0.8756,rural,13.0,77.47999098185097,40.51403449442002,48.630368616841395,44.0630797773655,False
12015,11.4,45.1,83.9,10.7,83.1,90.8,12.8,15.6,30.6,5.0,0.5953,metropolitan,,62.82268064479765,86.78559350693271,-32.90497125464998,-17.366412213740446,False
12017,12.4,42.6,83.8,11.1,81.9,89.0,15.2,15.8,32.3,5.3,0.5698,metropolitan,15.0,67.81648066734303,59.50287453500169,5.579979709164689,23.473282442748086,False
12019,11.7,36.9,76.8,6.6,78.1,86.9,13.5,12.2,34.9,3.4,0.3649,metropolitan,17.0,26.434449329275168,32.54988163679405,1.6570848833276983,22.614503816793892,False
12021,15.2,39.2,83.3,9.4,80.5,90.0,10.3,13.7,26.6,4.4,0.6141,metropolitan,,45.84601510539962,81.62622590463309,-52.11362867771389,-29.007633587786273,False
12023,15.5,41.5,78.1,8.9,77.9,84.3,18.2,15.1,39.7,4.6,0.9138,micropolitan,11.0,74.19118475932815,50.78415623943185,26.61481230977342,22.58652094717668,False
12027,26.1,42.4,78.8,10.7,76.6,82.5,19.6,17.6,41.0,5.5,0.9981,micropolitan,12.0,87.56340886033144,44.84274602637809,50.99763273588096,42.80510018214936,False
12029,16.2,43.3,79.7,10.6,77.0,84.0,20.0,16.1,34.7,5.3,0.7719,rural,18.0,77.46871829556984,23.097734190057494,74.0277308082516,66.51205936920223,True
12031,13.6,35.4,75.4,6.3,76.4,85.3,13.9,12.8,34.3,3.5,0.7935,metropolitan,20.0,26.369631383158605,15.740192762935406,18.025025363544135,36.6412213740458,False
12033,12.4,38.8,76.2,7.2,77.1,84.8,14.2,12.8,35.8,3.8,0.839,metropolitan,13.0,38.468041934392964,44.242475481907334,-4.937436591139672,19.847328244274813,False
12035,11.4,39.2,82.0,9.0,81.4,89.6,12.2,13.7,30.6,4.4,0.3121,metropolitan,,47.13955585616052,84.49442002029085,-52.079810618870475,-30.629770992366417,False
12037,13.9,44.0,80.2,9.8,79.4,86.5,16.6,15.3,32.3,4.9,0.9017,rural,18.0,68.73802277082629,34.46271559012513,50.557997970916475,42.30055658627087,False
12039,18.0,44.6,81.5,9.3,80.5,85.4,18.6,19.2,44.6,5.9,0.9742,metropolitan,17.0,90.02085446962012,37.51902265809942,66.58775786269868,72.6145038167939,True
12041,14.0,36.3,78.1,8.3,77.1,84.5,17.0,12.8,34.5,4.2,0.7337,metropolitan,12.0,47.86382594972381,48.28373351369631,-0.7778153533987151,22.80534351145038,False
12043,23.7,44.0,78.9,10.9,77.2,83.4,19.7,17.7,37.1,5.5,0.9058,metropolitan,17.0,82.85988050952541,23.989685492052757,78.93134934054785,86.35496183206106,True
12045,13.0,40.5,77.8,8.3,77.7,86.4,15.5,14.1,35.3,4.2,0.7082,rural,14.0,54.76270995378198,46.64355765979033,11.430503889076768,-0.6493506493506516,False
12047,19.4,44.3,78.1,9.9,77.9,82.4,20.6,17.6,41.5,5.5,0.9803,rural,22.0,89.54176530267164,13.434223875549547,91.9851200541089,88.40445269016698,True
12049,26.1,36.9,76.1,8.6,74.9,80.9,17.6,15.6,39.9,4.4,0.993,small_town,13.0,66.53703077443355,35.54912073047007,46.60128508623605,33.455882352941174,False
12051,31.5,37.2,74.3,8.0,74.4,80.3,17.4,16.8,37.6,4.2,0.9946,micropolitan,14.0,59.948145643106756,29.77045992560027,46.90564761582685,43.351548269581045,False
12053,14.7,38.5,81.0,8.9,79.1,87.3,14.3,14.9,36.1,4.4,0.6602,metropolitan,12.0,55.98297824371548,62.29075076090632,-12.93540750760905,8.778625954198475,False
12055,17.9,46.1,83.1,11.7,81.9,88.6,14.3,18.3,36.7,5.6,0.8673,metropolitan,15.0,75.23390824033368,56.452908353060536,18.53229624619548,33.68320610687024,False
12057,16.1,34.4,75.0,6.0,76.6,85.6,12.1,12.5,31.6,3.2,0.7789,metropolitan,18.0,17.754480892796753,19.426361176868447,8.35306053432533,22.99618320610687,False
12059,15.1,41.0,77.2,9.0,76.8,83.1,19.2,14.5,36.3,4.6,0.8081,rural,10.0,68.69011385413144,48.4950963814677,24.247548190733852,15.306122448979593,False
12061,12.2,40.0,83.2,9.7,82.1,90.1,11.5,14.3,26.6,4.6,0.5145,metropolitan,,50.8764513583587,85.14964491038215,-46.97328373351369,-27.194656488549626,False
12063,16.5,41.9,77.4,9.1,77.4,83.8,19.0,15.6,38.7,5.0,0.8085,rural,,76.9614474129185,58.54117348664187,16.84139330402435,8.348794063079765,False
12065,14.1,46.3,79.3,9.3,79.5,86.7,17.1,16.3,35.1,5.2,0.7439,metropolitan,16.0,74.1235486416413,42.1225059181603,41.98512005410889,54.29389312977099,False
12067,18.1,39.4,76.5,8.8,75.3,81.6,19.3,14.6,34.7,4.5,0.8409,rural,15.0,63.89922218464661,28.307828880622253,53.97362191410214,42.39332096474953,False
12069,14.3,38.9,80.5,8.5,79.9,88.4,12.3,14.5,35.3,4.2,0.6214,metropolitan,16.0,48.59373238642768,47.313577950625636,1.9614474129184956,25.190839694656482,False
12071,15.7,39.6,80.7,8.9,80.5,88.6,11.9,14.5,30.4,4.3,0.7086,metropolitan,14.0,47.87791680757525,58.477764626310446,-17.179573892458585,8.206106870229007,False
12073,11.2,32.6,74.1,5.5,76.0,83.6,11.3,10.6,33.1,3.0,0.6952,metropolitan,16.0,10.709051967083758,26.885356780520798,-4.39634764964491,4.770992366412214,False
12075,15.5,42.6,79.7,9.9,78.9,85.8,17.8,16.1,33.8,5.0,0.7582,metropolitan,16.0,72.32555517979935,39.05774433547514,46.12783226242813,59.44656488549619,False
12077,18.0,39.5,75.4,8.4,75.4,81.3,19.3,14.3,44.5,4.3,0.8266,metropolitan,17.0,72.30864615037764,16.735711870138655,72.87791680757523,83.68320610687024,True
12079,16.6,43.9,80.2,9.4,79.7,85.1,18.8,16.8,38.0,5.5,0.8638,rural,22.0,80.67297937098412,24.554024349002376,75.88772404463984,69.75881261595548,True
12081,13.4,39.5,81.2,8.8,80.5,88.9,12.4,14.0,32.1,4.2,0.6332,metropolitan,,46.99582910607598,80.62225228271897,-49.89854582346974,-26.43129770992367,False
12083,15.6,40.9,81.8,9.7,81.1,87.6,14.8,14.9,36.4,4.8,0.8196,metropolitan,16.0,64.9475820087927,49.027730808251604,19.54683801149813,37.78625954198473,False
12085,12.2,37.0,83.0,9.4,80.2,89.7,11.4,13.6,27.0,4.4,0.4642,metropolitan,10.0,43.32656972156465,74.08902603990529,-47.328373351369635,-21.46946564885497,False
12086,25.6,33.8,77.0,6.8,75.9,86.2,11.3,15.4,29.5,3.6,0.881,metropolitan,18.0,27.14181039341675,21.028491714575583,15.471761920865742,34.92366412213741,False
12087,13.5,38.0,80.3,7.9,79.3,89.1,12.0,13.2,25.8,3.7,0.6822,micropolitan,,32.35542779844437,77.4644910382144,-65.23503550896179,-71.40255009107467,False
12089,9.9,36.9,80.4,7.4,79.4,88.5,12.4,11.6,33.7,3.6,0.2539,metropolitan,11.0,26.693721113741404,70.29506256340886,-62.02231991883666,-39.31297709923664,False
12091,11.7,32.7,75.7,6.1,76.1,85.8,12.8,10.8,30.7,3.1,0.5266,metropolitan,8.0,12.870589561492503,55.785001690902945,-51.40344944200203,-35.30534351145038,False
12093,21.0,41.4,78.5,9.4,77.6,84.1,18.2,15.6,43.9,4.7,0.9637,micropolitan,15.0,81.41415849396911,35.356780520798104,62.15759215421036,55.373406193078324,True
12095,16.1,32.0,74.4,5.6,76.2,85.7,11.9,11.7,33.5,3.0,0.7951,metropolitan,,13.282042610754141,58.30656070341563,-55.05579979709164,-39.026717557251914,False
12097,21.8,34.8,74.8,5.9,75.6,85.1,11.8,13.4,39.8,3.1,0.8307,metropolitan,,29.266711757411787,55.634934054785255,-35.81332431518431,-10.49618320610687,False
12099,14.6,36.3,81.1,7.9,79.9,87.9,11.2,13.7,26.6,4.0,0.8008,metropolitan,16.0,33.491150941269304,47.39389584037876,-17.88975312817044,5.725190839694655,False
12101,14.5,38.2,78.2,7.7,77.4,87.0,13.5,12.8,31.8,3.8,0.7041,metropolitan,,35.077781535339874,67.31695975650999,-48.52891444031113,-23.473282442748086,False
12103,11.5,37.3,79.9,8.2,79.5,88.5,12.2,13.1,31.5,4.0,0.7095,metropolitan,15.0,36.7658663059407,53.41773757186337,-23.063916131214064,3.4351145038167985,False
12105,19.2,36.2,78.2,7.7,77.3,85.0,14.4,13.6,40.2,4.0,0.8912,metropolitan,,48.28091534212603,61.075414271220836,-21.06865065945214,3.9122137404580215,False
12107,18.0,43.4,80.5,10.8,78.5,84.0,21.0,17.5,33.1,5.7,0.9835,micropolitan,18.0,79.17371209559239,26.2618363205952,72.84409874873181,71.5846994535519,True
12109,8.9,34.6,78.5,6.5,80.7,89.3,10.1,10.6,29.2,3.1,0.1266,metropolitan,17.0,12.160410325780632,46.29692255664525,-36.05005072708827,-22.805343511450378,False
12111,16.0,39.9,79.8,8.4,78.1,87.7,13.5,14.5,31.5,4.3,0.7906,metropolitan,11.0,49.016458121970466,61.020459925600264,-20.020290835306042,4.961832061068705,False
12113,10.8,35.3,76.0,6.4,78.7,86.5,13.4,10.9,32.1,3.2,0.3213,metropolitan,16.0,17.77984443692932,38.13831586066959,-15.488670950287453,1.3358778625954173,False
12115,10.3,41.4,84.1,9.4,82.8,90.8,10.5,13.0,29.2,4.4,0.3653,metropolitan,,47.13673768459024,87.96499830909707,-53.22962461954685,-32.91984732824427,False
12117,13.0,32.2,76.3,5.9,78.1,87.3,10.8,11.0,29.5,3.0,0.3996,metropolitan,,9.68605568707023,67.06966520121745,-72.57355427798444,-61.164122137404576,False
12119,10.4,48.0,87.2,12.1,87.0,93.3,9.9,16.0,29.5,5.5,0.3026,metropolitan,18.0,63.36376958629241,49.25177544808928,17.111937774771732,35.877862595419856,False
12121,16.2,40.9,78.0,9.3,77.5,84.5,17.9,15.0,38.3,4.7,0.8457,rural,15.0,72.3706459249239,35.741460940142034,52.04599256002706,44.99072356215213,False
12123,15.8,44.3,77.9,9.7,77.3,84.2,19.2,15.9,40.8,5.1,0.8062,rural,12.0,84.69451020178109,46.92678390260399,44.47074737910043,41.836734693877546,False
12125,17.3,41.0,74.5,8.5,74.8,81.9,20.1,14.5,41.6,4.5,0.6669,rural,15.0,75.24236275504451,26.716266486303688,68.54920527561717,60.85343228200371,True
12127,13.9,39.1,80.3,8.3,79.4,87.0,13.7,13.5,32.7,4.1,0.6987,metropolitan,15.0,44.6511103595987,49.94081839702401,-7.676699357456876,17.461832061068698,False
12129,12.8,37.4,77.1,6.9,76.4,85.7,15.3,12.6,38.9,3.5,0.3058,metropolitan,14.0,39.372675008454515,42.43532296246195,-0.43963476496449516,23.75954198473282,False
12131,11.4,36.3,79.1,7.4,77.1,87.3,13.8,12.3,30.1,3.6,0.6287,metropolitan,17.0,27.846353285988055,35.895755833615155,-2.231991883665877,19.27480916030534,False
12133,15.7,42.3,77.3,8.9,76.3,83.0,19.5,15.1,40.1,4.6,0.8043,metropolitan,13.0,76.89381129523166,40.526716266486304,48.021643557659786,60.30534351145039,False
13001,17.9,43.5,79.8,9.1,77.4,83.9,20.3,17.4,40.6,5.2,0.9122,small_town,19.0,85.08059970691016,20.677629354075073,83.97024010821778,78.67647058823529,True
13003,25.2,42.5,77.1,8.7,75.8,81.3,22.0,18.0,44.0,5.1,0.8444,rural,21.0,87.10686506594521,9.173148461278327,90.9367602299628,85.99257884972171,True
13005,15.7,40.4,77.8,7.9,77.2,84.1,18.8,14.9,36.9,4.4,0.889,rural,17.0,63.49058730695524,24.070003381805886,58.082516063577955,45.45454545454545,False
13007,16.4,51.6,84.3,11.3,82.2,87.0,20.0,22.9,43.3,6.9,0.7162,metropolitan,16.0,96.13628677713899,49.727341900574906,48.61345958741969,53.721374045801525,False
13009,13.6,40.1,78.3,7.2,79.0,83.6,15.8,15.3,38.7,4.4,0.923,micropolitan,21.0,58.64896854920528,19.30165708488333,55.93506932702063,57.74134790528233,False
13011,14.2,39.0,77.9,7.6,76.9,85.3,17.3,13.8,34.5,4.0,0.3373,rural,17.0,49.74354638710404,26.86844775109909,38.45113290497126,23.654916512059366,False
13013,14.7,35.6,75.4,5.7,76.3,85.4,15.0,12.2,35.3,3.2,0.4887,metropolitan,,25.307180701161087,58.760990869124115,-45.147108555968885,-22.32824427480916,False
13015,13.3,36.8,77.3,6.2,77.2,86.0,15.2,12.0,38.7,3.4,0.454,metropolitan,,33.527787171683016,64.01969901927629,-44.639837673317544,-19.94274809160305,False
13017,17.2,46.6,80.4,9.0,79.6,84.5,21.3,19.1,41.5,5.6,0.9265,micropolitan,20.0,89.96167286664412,24.900659452147448,85.25532634426784,82.33151183970857,True
13019,15.9,41.7,79.2,8.8,77.4,84.1,20.7,16.0,38.1,4.8,0.6748,micropolitan,14.0,76.04272348100552,42.13518769022658,44.132566790666225,38.25136612021858,False
13021,14.5,44.6,79.1,7.3,81.0,85.9,16.8,16.9,44.7,4.8,0.9644,metropolitan,20.0,75.55799797091647,28.878508623605,65.84376056814338,76.62213740458014,True
13023,13.2,40.2,78.7,7.7,79.3,85.6,16.6,14.7,37.7,4.3,0.7063,small_town,21.0,59.18723931912975,24.530774433547517,52.215082854244166,40.80882352941177,False
13025,14.4,40.3,78.8,8.4,77.0,84.4,19.6,14.4,39.0,4.4,0.3974,metropolitan,15.0,68.7182955698343,37.180842069665204,45.316198850186,60.305343511450374,False
13027,16.4,47.9,82.2,10.0,80.9,86.1,19.8,20.0,40.2,5.9,0.9275,metropolitan,17.0,90.43794386202232,40.71271559012513,61.481230977341895,67.74809160305344,False
13029,10.6,32.8,73.8,4.7,77.5,87.2,12.3,10.0,33.5,2.6,0.3115,metropolitan,,9.438056588885132,66.8477341900575,-72.2015556307068,-61.35496183206108,False
13031,12.5,35.1,73.1,5.6,76.4,82.0,14.1,11.5,38.9,3.3,0.8374,micropolitan,20.0,26.53308533423515,11.27620899560365,19.614474129184984,16.029143897996356,False
13033,15.0,45.7,80.5,8.3,79.9,85.9,19.0,18.3,40.1,5.2,0.7483,metropolitan,,81.9101566903393,73.05968887385865,-0.7101792357118768,11.259541984732834,False
13035,14.5,39.6,76.8,6.8,77.4,84.6,17.4,13.8,38.2,4.0,0.5565,metropolitan,19.0,52.43490023672641,17.832685153872166,49.17145755833615,67.36641221374046,False
13037,18.6,46.9,77.5,8.1,78.5,83.2,20.8,18.5,43.6,5.4,0.9688,metropolitan,17.0,87.12377409536693,23.826936083868787,83.59824146094016,89.12213740458014,True
13039,12.9,35.7,75.2,6.2,76.5,84.8,14.8,12.3,37.2,3.5,0.6618,micropolitan,16.0,30.523616277758986,28.049966181941155,12.140683124788636,3.6429872495446283,False
13043,17.2,42.7,79.5,8.4,78.5,84.7,18.6,16.5,42.2,4.9,0.916,rural,17.0,80.32634426783902,29.64575583361515,69.39465674670274,63.821892393320965,True
13045,13.9,36.7,75.6,6.3,76.1,84.3,16.1,12.8,34.2,3.5,0.8428,micropolitan,17.0,32.572427009356325,21.42162664863037,20.831924247548194,15.482695810564664,False
13047,11.1,36.3,78.3,6.9,77.7,87.0,14.7,12.5,34.1,3.6,0.3086,metropolitan,,30.5968887385864,70.66706121068651,-58.708150152181254,-34.637404580152676,False
13049,21.2,41.2,75.5,7.8,75.5,82.2,20.1,16.1,41.5,4.5,0.8855,metropolitan,13.0,74.6195468380115,36.39245857287791,53.02671626648629,65.17175572519082,False
13051,12.4,38.8,78.1,6.1,79.7,86.8,13.3,13.1,33.0,3.7,0.805,metropolitan,,30.87306955247435,72.22903280351707,-60.77105174163003,-36.164122137404576,False
13053,17.2,25.7,58.9,3.4,69.4,74.7,13.5,7.5,35.8,2.0,0.6554,metropolitan,,9.612783226242813,46.93312478863713,-39.26276631721339,-28.62595419847328,False
13055,17.2,42.0,78.5,8.9,76.6,83.4,21.3,16.0,35.2,4.9,0.9481,micropolitan,18.0,73.35136963138315,19.538383496787283,72.3706459249239,75.04553734061932,True
13057,10.7,34.1,77.0,5.7,77.1,88.1,11.7,11.0,33.5,2.9,0.1969,metropolitan,,13.050952541990755,69.8765640852215,-74.179912073047,-59.2557251908397,False
13059,12.7,31.1,73.3,5.1,75.3,81.4,12.3,10.9,30.2,3.0,0.7502,metropolitan,20.0,9.25769360838688,10.141190395671286,4.362529590801488,11.641221374045802,False
13061,14.5,52.1,84.2,10.5,83.7,88.5,17.2,21.5,41.2,6.6,0.9061,rural,16.0,90.6352158719423,53.132397700372,39.80385525870815,38.40445269016698,False
13063,16.8,41.4,77.3,5.7,80.0,85.8,16.0,16.2,45.2,4.3,0.9488,metropolitan,,63.51031450794725,66.71457558336151,-10.957051065268857,8.110687022900763,False
13065,16.7,43.8,79.2,8.8,78.0,83.7,21.2,17.3,41.9,5.2,0.9348,rural,22.0,86.43895840378762,17.185914778491714,87.55495434562057,82.28200371057514,True
13067,10.7,32.1,75.8,4.9,77.6,88.5,10.4,10.9,29.9,2.8,0.3993,metropolitan,,7.30188253860895,69.70113290497125,-78.52553263442678,-68.60687022900763,False
13069,19.0,41.5,77.0,7.8,77.4,82.8,20.7,16.1,39.3,4.7,0.9609,micropolitan,19.0,73.01318904294894,14.55021981738248,74.4673655732161,78.14207650273224,True
13071,19.9,43.0,78.0,8.1,77.8,84.0,19.2,16.7,35.7,4.7,0.9847,micropolitan,,69.7243828204261,59.663510314507946,7.169428474805542,4.735883424408016,False
13073,10.1,36.7,76.5,5.4,79.3,88.0,11.9,11.9,33.1,3.0,0.23,metropolitan,18.0,17.340209671964832,34.2302164355766,-8.691241122759553,7.251908396946565,False
13075,16.2,42.6,78.8,8.3,78.1,84.2,19.7,16.5,37.6,4.9,0.9338,small_town,,74.1066396122196,62.66063577950626,7.473791004396347,-9.191176470588246,False
13077,10.8,35.7,78.1,5.7,78.3,88.0,12.3,12.4,35.7,3.2,0.2402,metropolitan,,21.685830233344607,73.17805207981061,-70.67974298275278,-49.904580152671755,False
13079,13.3,42.5,80.5,7.9,78.8,86.8,17.1,15.5,37.3,4.5,0.6837,metropolitan,,65.42667117574118,74.15032127155901,-19.377747717281025,-0.8587786259542014,False
13081,15.8,47.5,80.7,9.4,80.4,85.8,19.9,19.4,44.6,5.7,0.978,micropolitan,20.0,92.69529928982077,30.01564085221508,80.96043287115319,73.77049180327869,True
13083,11.5,37.9,79.5,7.4,78.2,86.6,15.2,12.6,35.1,3.8,0.4388,metropolitan,16.0,38.738586405140346,41.88155224890092,-0.47345282380791787,23.759541984732827,False
13085,10.9,35.8,78.8,6.6,78.2,87.7,12.6,11.6,31.6,3.3,0.1861,metropolitan,,19.34111148686732,73.77620899560365,-73.28373351369632,-53.721374045801525,False
13087,16.4,44.8,79.9,8.3,79.9,85.3,18.9,17.8,42.2,5.2,0.9679,micropolitan,22.0,83.65178672077555,24.938704768346298,79.06662157592154,77.4134790528233,True
13089,11.9,37.4,77.5,5.1,79.1,88.3,11.5,13.0,31.8,3.5,0.7903,metropolitan,,22.398827640626763,72.81662157592154,-69.59756509976327,-48.473282442748086,False
13091,14.9,44.7,79.5,8.6,79.1,85.5,18.7,16.7,40.4,5.0,0.8559,rural,19.0,81.284522601736,27.098833276969902,74.12918498478187,68.83116883116884,True
13093,16.9,47.2,80.1,8.6,79.8,86.1,18.1,18.3,41.0,5.3,0.9313,rural,21.0,84.5592379664074,27.46026378085898,77.44335475143727,73.46938775510205,True
13095,15.5,47.1,80.1,7.8,82.0,85.7,17.7,19.0,41.9,5.5,0.9761,metropolitan,22.0,81.91861120505017,29.102553263442683,72.23537368955023,80.8206106870229,True
13097,13.0,37.4,78.1,5.4,79.4,87.5,13.7,13.6,36.3,3.5,0.7012,metropolitan,,31.349340547852552,72.41291849847819,-60.46668921203923,-35.68702290076337,False
13099,15.4,47.4,81.5,8.8,81.1,86.4,18.8,18.9,40.7,5.6,0.9357,rural,12.0,86.60241235486417,64.03872167737572,18.26175177544809,13.821892393320965,False
13101,19.4,36.1,76.4,6.6,75.1,84.7,16.3,13.6,38.3,3.6,0.4623,metropolitan,12.0,41.35384962236501,42.750253635441325,1.4879945891105848,25.763358778625957,False
13103,11.5,34.6,75.5,5.4,76.7,86.5,14.1,11.3,37.9,3.0,0.2851,metropolitan,,22.508736331867883,64.3409705782888,-56.52688535678052,-35.54389312977099,False
13105,14.5,44.2,80.8,8.6,79.8,86.6,17.8,16.6,38.2,4.9,0.9224,rural,21.0,75.62281591703302,30.6412749408184,63.544132566790665,56.4935064935065,True
13107,16.7,43.9,77.8,8.0,77.9,83.8,20.3,16.4,42.7,4.8,0.9494,small_town,20.0,80.8279788073498,16.300304362529587,81.83970240108216,76.1029411764706,True
13109,17.6,43.2,78.6,8.0,78.6,84.4,19.2,16.8,42.4,4.8,0.9784,rural,,79.58798331642431,63.18270206290159,12.174501183632074,4.730983302411872,False
13111,11.5,44.8,83.5,10.2,80.9,89.0,16.1,16.5,38.2,5.0,0.6172,rural,16.0,77.08544696201105,53.897531281704424,24.653364896854924,17.068645640074216,False
13113,9.0,37.1,80.9,6.0,81.1,90.4,9.6,12.6,30.7,3.3,0.1686,metropolitan,,19.451020178108443,86.55098072370646,-83.86878593168753,-68.51145038167938,False
13115,14.8,38.6,77.6,7.1,77.6,85.0,16.0,14.1,37.3,3.9,0.9284,metropolitan,18.0,48.0188253860895,22.472100101454178,40.24349002367265,61.16412213740458,False
13117,8.5,30.2,75.4,4.6,79.2,89.5,9.2,9.9,27.7,2.4,0.07,metropolitan,,3.1676248450005637,76.17729117348665,-89.55021981738248,-83.68320610687023,False
13119,14.1,40.7,78.6,8.2,77.6,84.5,17.9,14.7,39.0,4.4,0.8314,rural,18.0,67.02739262766318,23.585982414609404,62.90158944876564,52.13358070500928,True
13121,10.1,33.4,76.5,4.6,77.7,87.9,9.9,10.9,28.2,2.9,0.6599,metropolitan,,7.597790553488896,70.52544808927968,-79.57389245857289,-69.8473282442748,False
13123,13.6,41.9,82.5,9.1,79.8,88.4,15.0,15.2,34.2,4.5,0.545,rural,16.0,61.219141021305376,49.66604666892121,13.797768008116329,0.742115027829314,False
13125,13.1,40.5,79.1,7.9,77.5,85.5,18.1,14.5,37.6,4.3,0.6621,metropolitan,15.0,62.315409762146324,41.431349340547854,29.895164017585394,47.90076335877863,False
13127,12.5,44.0,80.6,7.9,80.7,88.1,14.4,15.3,35.1,4.4,0.7744,metropolitan,18.0,57.014429038439864,40.73173824822455,24.974636455867426,44.99045801526718,False
13129,16.6,38.2,77.2,7.3,75.9,84.6,17.3,13.9,35.3,3.9,0.7318,micropolitan,16.0,47.57073610641415,27.30385525870815,35.035508961785595,30.601092896174865,False
13131,16.8,44.0,80.1,8.6,79.5,86.0,17.9,17.2,38.5,5.0,0.944,micropolitan,19.0,77.08262879044076,29.43016570848833,66.79066621575922,63.57012750455374,True
13133,11.0,44.9,84.0,8.6,83.4,90.9,12.1,15.6,33.7,4.6,0.5081,rural,,57.5216999210912,87.42602299628001,-39.567128846804195,-54.91651205936921,False
13135,15.6,33.4,76.0,5.1,76.9,87.0,11.7,12.6,34.9,3.0,0.6433,metropolitan,,16.88648404914891,63.22708826513358,-59.01251268177207,-41.50763358778626,False
13137,15.2,37.1,78.4,7.2,77.5,85.6,15.0,12.9,32.2,3.8,0.728,micropolitan,16.0,34.948145643106756,33.81171795738925,9.266148123097729,-2.7322404371584668,False
13139,18.0,36.4,77.8,6.7,76.8,86.0,14.0,13.2,32.3,3.5,0.8136,metropolitan,,28.624168639386767,62.447159283057154,-47.36219141021305,-23.61641221374046,False
13141,18.7,53.0,81.7,10.5,81.5,85.5,21.9,22.8,44.8,7.0,0.9666,rural,21.0,97.73419005749071,29.89939127494082,83.6996956374704,85.62152133580705,True
13143,12.6,37.3,77.1,6.8,77.0,85.2,17.4,12.6,36.2,3.7,0.3089,metropolitan,,40.52248900913088,62.06036523503551,-32.24551910720325,-6.4885496183206115,False
13145,9.6,37.5,79.9,6.4,80.2,89.1,12.2,12.6,33.0,3.5,0.0675,metropolitan,12.0,25.14090857851426,69.29320257017247,-62.14068312478864,-40.171755725190835,False
13147,12.9,42.1,81.0,8.3,79.5,87.3,16.0,15.3,35.1,4.5,0.7681,rural,17.0,61.59113966858302,41.72303009807237,28.407169428474816,17.532467532467535,False
13149,13.5,39.6,78.8,7.8,77.5,85.2,18.3,14.3,35.6,4.2,0.6459,metropolitan,19.0,56.91861120505016,23.16325667906662,50.49036185322963,68.3206106870229,False
13151,11.7,38.8,78.1,5.2,79.9,88.1,12.9,13.4,45.2,3.5,0.4018,metropolitan,,41.35948596550558,75.23038552587082,-51.28508623605004,-25.429389312977094,False
13153,11.3,38.7,76.5,5.5,79.6,87.4,13.0,13.1,39.7,3.3,0.4887,metropolitan,,34.76214631946794,71.84012512681772,-55.901251268177205,-30.820610687022914,False
13155,15.2,43.1,79.7,8.3,78.9,85.3,18.3,16.2,40.3,4.8,0.8282,micropolitan,20.0,76.80644797655282,24.91334122421373,71.99864727764626,71.40255009107467,True
13157,12.9,34.7,76.8,6.0,77.1,86.3,14.6,11.6,33.0,3.2,0.3264,metropolitan,,20.524743546387104,64.30292526208996,-58.20087926952993,-38.35877862595421,False
13159,13.2,40.2,79.4,7.5,78.4,86.1,17.3,14.6,37.1,4.2,0.5492,metropolitan,18.0,57.57524518092661,30.52713899222185,43.118025025363536,61.92748091603054,False
13161,18.6,41.2,78.3,8.5,76.5,83.1,20.6,16.4,40.4,4.8,0.8785,rural,14.0,78.66080486980047,37.62470409198512,54.8190733851877,49.90723562152133,False
13163,16.8,47.1,80.4,8.5,80.3,85.2,19.9,18.5,41.3,5.5,0.9583,rural,15.0,86.77995716379212,46.125718633750424,47.95400743997294,46.19666048237477,False
13165,18.2,45.5,78.6,8.7,78.5,83.0,21.9,18.2,42.5,5.5,0.8352,rural,16.0,89.09649419456656,30.63704768346297,77.37571863375042,76.43784786641929,True
13167,17.4,47.5,79.3,9.3,78.5,83.8,21.5,18.0,43.5,5.4,0.9322,micropolitan,18.0,91.88930222071919,24.070003381805886,87.40277308082516,84.51730418943535,True
13169,11.8,40.2,79.4,7.1,79.2,87.0,15.9,14.4,39.8,4.2,0.3675,metropolitan,,57.28215533761695,74.54556983429151,-29.928982076428817,-8.492366412213727,False
13171,12.4,38.7,78.0,6.8,78.6,85.6,15.5,13.6,36.6,3.9,0.4092,metropolitan,,44.0959305602525,67.16477849171457,-36.692593845113294,-11.450381679389317,False
13173,16.4,41.5,77.6,7.9,77.2,83.4,19.7,15.9,40.9,4.6,0.8011,metropolitan,21.0,74.6364558674332,13.580064254311804,76.7331755157254,86.64122137404581,True
13175,14.3,45.3,79.7,8.2,80.1,85.8,18.1,16.4,44.0,4.9,0.9014,micropolitan,19.0,81.58043061661594,30.275617179573892,69.9357456881975,64.29872495446267,True
13177,10.5,36.8,76.3,5.5,78.4,87.6,13.1,11.8,39.2,3.2,0.2606,metropolitan,6.0,27.324991545485286,65.97903280351707,-54.3794386202232,-31.965648854961827,False
13179,15.4,34.3,71.7,4.8,76.4,82.2,14.3,11.6,32.3,3.1,0.9007,metropolitan,17.0,16.883665877578625,17.26834629692256,8.826513358133242,22.328244274809162,False
13181,13.1,47.1,83.0,9.8,81.3,87.9,18.0,18.2,38.0,5.5,0.5488,metropolitan,17.0,83.16424303911622,46.584376056814335,43.42238755495435,53.530534351145036,False
13183,16.5,36.1,73.1,5.4,76.0,83.4,17.2,12.4,38.4,3.3,0.8851,metropolitan,18.0,35.09750873633187,13.996449103821442,28.102806898884005,49.332061068702295,False
13185,14.2,35.9,76.0,6.0,77.8,83.3,15.0,12.9,38.7,3.7,0.8702,metropolitan,19.0,36.42204937436591,15.940987487318226,29.320257017247208,51.14503816793893,False
13187,11.4,33.7,76.7,6.5,76.8,83.6,13.5,11.5,28.9,3.3,0.3608,metropolitan,16.0,17.25566452485627,29.318143388569496,-1.673993912749408,13.167938931297712,False
13189,14.2,44.4,80.4,8.0,80.0,86.6,17.3,16.7,38.9,4.9,0.6567,small_town,20.0,73.50073272460827,31.552248900913085,59.756509976327365,50.36764705882352,False
13191,14.9,50.8,83.7,11.2,81.8,87.7,19.2,20.4,40.7,6.4,0.7098,metropolitan,22.0,92.5346635103145,36.388231315522496,70.61210686506594,75.19083969465649,True
13193,20.2,49.4,79.6,9.5,79.9,83.3,22.7,21.1,43.8,6.3,0.9866,rural,17.0,95.31901702175628,30.005072708826514,82.82042610754142,84.2300556586271,True
13195,14.9,40.0,78.9,8.0,77.6,85.0,18.2,14.7,38.1,4.3,0.7423,metropolitan,16.0,63.37504227257356,33.58555968887386,45.99256002705445,63.454198473282446,False
13197,16.2,46.5,82.0,9.4,80.1,86.6,18.5,18.7,38.6,5.5,0.8877,metropolitan,15.0,83.80396798557096,51.20476834629692,35.914778491714586,46.75572519083969,False
13199,14.7,45.0,81.1,8.6,79.8,86.3,18.6,17.6,41.4,5.2,0.9074,metropolitan,20.0,83.95896742193666,31.302840716942846,71.32228610077783,79.67557251908397,True
13201,14.2,46.1,81.7,9.6,80.6,86.8,17.8,17.8,41.8,5.5,0.945,rural,19.0,87.68459023785368,36.189550219817384,67.14575583361515,65.67717996289426,True
13205,16.0,47.2,80.0,8.4,79.9,85.6,19.3,18.4,45.1,5.3,0.9914,small_town,12.0,87.74659001239995,58.00642543118025,28.77916807575245,13.970588235294116,False
13207,11.2,39.1,78.8,6.7,79.2,87.5,14.2,13.1,34.9,3.8,0.329,metropolitan,,36.870138654041256,75.04438620223199,-56.94961109232331,-31.48854961832062,False
13209,14.6,42.1,78.2,7.7,78.7,84.9,17.0,15.4,39.4,4.4,0.7547,micropolitan,20.0,66.60748506369067,21.053855258708147,64.25431180250253,64.84517304189436,True
13211,10.6,39.9,80.2,6.7,79.4,88.7,13.0,12.9,31.7,3.7,0.266,small_town,,32.087701499267276,79.98393642204938,-67.90666215759215,-81.98529411764706,False
13213,16.4,36.8,76.8,7.1,76.0,84.7,17.0,13.3,41.5,3.7,0.6847,metropolitan,16.0,50.36918047570736,27.10940142035847,38.924585728779164,59.25572519083969,False
13215,14.2,40.9,79.2,6.3,79.3,86.1,15.1,15.0,40.3,4.1,0.9446,metropolitan,18.0,55.17134483147334,31.24365911396686,39.49949272911734,58.77862595419847,False
13217,13.0,40.4,77.6,5.9,79.9,86.6,14.8,14.4,42.4,3.8,0.6577,metropolitan,,51.544358020516285,70.82135610415962,-32.05951978356441,-8.969465648854964,False
13219,7.5,33.4,78.8,5.4,79.8,90.0,9.3,10.1,28.8,2.7,0.0137,metropolitan,,6.690339307857062,84.0040581670612,-94.1156577612445,-88.07251908396947,False
13221,12.8,39.9,79.6,7.4,79.0,87.2,15.3,14.1,36.4,4.1,0.4645,metropolitan,,50.138090406943974,74.0721170104836,-38.2144064930673,-14.026717557251914,False
13223,11.5,35.0,76.1,5.0,77.7,87.3,12.7,11.6,38.4,2.9,0.1429,metropolitan,,21.003832713335587,67.63823131552249,-63.425769360838686,-43.12977099236642,False
13225,13.7,40.3,78.2,6.6,79.9,86.3,14.3,14.9,39.3,4.1,0.8772,small_town,20.0,51.49644910382145,27.155901251268176,40.44639837673317,26.838235294117652,False
13227,11.3,40.7,80.1,7.9,79.1,87.7,15.1,13.6,35.0,4.0,0.3392,metropolitan,,48.98827640626761,77.29328711531959,-43.55765979032803,-20.03816793893131,False
13229,14.0,39.5,78.5,7.9,77.4,85.0,18.2,14.3,36.4,4.2,0.3051,micropolitan,18.0,58.341787848044184,24.1630030436253,51.64017585390599,50.45537340619309,False
13231,10.9,36.6,77.9,6.3,77.7,86.8,14.9,11.9,36.0,3.4,0.0665,metropolitan,,28.567805207981063,69.83851876902266,-59.85796415285762,-36.164122137404576,False
13233,16.6,38.8,77.5,7.3,76.4,84.1,17.9,14.1,40.4,4.1,0.8285,metropolitan,17.0,59.412693044752565,22.417145755833616,54.44707473791004,71.75572519083968,False
13235,15.2,43.6,80.5,8.7,80.3,86.2,18.9,16.8,40.8,5.1,0.9376,rural,20.0,82.26806447976553,30.829387893134935,70.00338180588435,65.86270871985158,True
13237,12.9,45.2,82.3,9.1,81.5,88.5,15.5,17.1,39.4,4.9,0.5679,rural,18.0,76.08217788298951,43.447751099086915,42.23875549543457,36.92022263450835,False
13239,15.3,54.7,85.8,12.1,83.9,88.9,19.3,23.6,42.3,7.3,0.8202,small_town,19.0,95.23165370307744,41.84562056137977,62.32668244842746,56.617647058823536,True
13241,12.2,43.8,82.6,9.3,80.6,88.9,14.6,15.5,34.2,4.6,0.441,rural,15.0,63.33276969901927,57.86692593845113,2.705444707473788,-10.853432282003702,False
13243,16.8,54.6,84.6,12.0,83.5,86.8,21.1,24.9,45.6,7.9,0.9882,rural,17.0,98.23018825386089,44.76242813662496,58.26851538721677,61.410018552875684,False
13245,14.5,41.9,78.1,6.6,79.8,85.0,16.2,16.7,36.6,4.4,0.9513,metropolitan,18.0,58.08251606357795,27.394741291849854,48.02164355765979,65.55343511450383,False
13247,13.6,43.2,79.9,6.5,80.9,87.9,14.1,17.0,39.0,4.4,0.777,metropolitan,15.0,58.13606132341337,53.13662495772743,4.633074061548875,26.622137404580158,False
13249,12.8,41.5,80.4,7.8,79.0,87.0,16.0,15.1,37.4,4.4,0.4973,micropolitan,14.0,60.79923345733289,54.952231991883664,4.666892120392298,0.9107468123861651,False
13251,14.3,46.1,81.4,8.5,80.6,86.7,18.2,17.8,40.0,5.2,0.699,rural,15.0,81.7213391951302,52.47083192424755,31.822793371660467,26.159554730983302,False
13253,13.3,47.0,82.9,9.5,81.4,87.9,17.0,18.0,39.4,5.4,0.8813,rural,20.0,82.94724382820426,38.5356780520798,58.03178897531282,54.45269016697588,False
13255,15.0,43.1,79.6,7.7,79.0,86.0,17.0,16.0,39.7,4.6,0.8206,micropolitan,21.0,69.84556419794838,25.602384173148458,64.051403449442,62.84153005464481,True
13257,13.7,41.1,79.9,8.3,78.1,85.4,17.8,14.9,38.5,4.5,0.7836,micropolitan,17.0,67.88693495660016,32.65767669935745,52.45180926614812,46.44808743169399,False
13259,28.1,43.1,75.4,7.9,75.1,80.0,20.7,17.9,41.6,5.2,0.9736,metropolitan,15.0,81.72697553827076,25.936337504227257,75.92154210348326,84.16030534351144,True
13261,14.9,43.6,79.0,7.7,80.0,84.9,16.4,16.7,39.5,4.8,0.9631,micropolitan,18.0,70.62619772291737,28.884849509638148,60.737233682786595,58.834244080145716,False
13263,15.1,52.4,84.3,10.4,82.8,88.4,18.7,22.1,43.1,6.6,0.6923,metropolitan,18.0,94.2706571976102,43.67602299628002,58.77578626986812,63.07251908396946,False
13265,15.8,52.2,84.4,10.4,82.8,88.5,18.1,21.7,41.7,6.6,0.692,rural,10.0,92.46984556419795,74.02561717957389,8.251606357795055,5.102040816326536,False
13267,18.7,42.5,76.4,7.9,76.9,82.4,20.2,16.0,40.7,4.6,0.9287,rural,19.0,75.71863375042273,13.02629354075076,78.01826175177544,67.99628942486086,True
13269,16.9,48.6,82.1,10.3,80.2,85.1,21.7,20.2,42.4,6.3,0.9555,rural,16.0,95.08229060985234,42.084460601961446,61.71795738924585,63.72912801484229,False
13271,22.8,47.5,79.6,10.1,77.9,83.0,22.7,20.5,43.0,6.1,0.9765,rural,22.0,95.2401082177883,16.285508961785595,95.0287453500169,93.32096474953617,True
13273,17.6,49.6,81.7,9.9,81.3,85.6,21.1,21.2,43.6,6.4,0.9809,metropolitan,13.0,95.47683462969225,58.60246871829557,33.75042272573555,40.17175572519084,False
13275,12.8,43.2,81.1,7.8,80.7,87.2,15.9,16.0,39.2,4.6,0.8158,micropolitan,20.0,67.31484612783225,35.667483936422045,47.345282380791346,40.619307832422585,False
13277,16.1,41.0,78.5,7.4,78.6,84.9,17.5,15.8,39.4,4.4,0.8759,micropolitan,18.0,65.66339758764512,25.023249915454855,60.06087250591816,58.6520947176685,False
13279,16.6,41.1,78.6,7.7,78.4,84.7,17.5,15.5,40.6,4.5,0.9857,micropolitan,20.0,69.33265697215647,19.99281366249577,67.83902603990532,69.58105646630237,True
13281,9.8,45.5,85.0,10.1,82.6,90.1,12.8,15.9,31.9,4.9,0.5622,rural,15.0,63.03967985570961,63.565268853567815,-6.188704768346284,-20.129870129870127,False
13283,18.5,44.3,78.7,9.2,77.9,82.2,22.5,18.3,41.2,5.5,0.9389,rural,18.0,88.97249464547401,20.377494081839703,87.82549881636794,84.04452690166977,True
13285,13.8,40.5,78.4,7.1,78.8,85.9,16.9,15.0,36.0,4.3,0.9023,micropolitan,18.0,55.67016119941382,28.728440987487318,43.45620561379776,39.526411657559194,False
13287,17.0,45.9,80.1,9.2,79.6,84.6,20.2,18.5,44.4,5.6,0.9675,small_town,22.0,91.28621350467817,22.998393642204945,87.96077105174163,86.02941176470587,True
13289,14.6,47.8,82.9,9.3,81.2,87.6,18.4,18.6,39.7,5.7,0.6538,metropolitan,20.0,86.10359598692368,37.178728440987484,63.69631383158607,72.04198473282443,True
13291,10.7,45.0,84.1,9.9,81.8,90.0,14.2,15.7,34.5,4.8,0.4932,rural,17.0,66.13403223988276,51.23647277646263,17.28102806898884,6.957328385899807,False
13293,14.1,42.1,79.8,8.1,78.7,85.8,18.8,16.3,39.2,4.7,0.6468,micropolitan,19.0,73.41900574907,28.090125126817718,64.55867433209335,63.57012750455374,True
13295,12.7,39.6,79.0,7.7,78.0,86.1,16.7,13.5,38.0,4.0,0.6796,metropolitan,16.0,53.903167624845004,38.34122421373013,25.583361515049038,46.51717557251908,False
13297,12.9,38.0,78.4,6.6,78.0,86.6,14.9,13.0,38.3,3.7,0.4095,metropolitan,,39.953218351933266,68.74365911396686,-43.99729455529252,-18.606870229007633,False
13299,16.4,43.3,78.5,8.4,78.8,84.1,19.6,16.8,41.3,4.9,0.9596,micropolitan,19.0,81.29297711644683,21.421626648630365,79.10043963476495,79.23497267759562,True
13301,15.3,50.3,82.6,9.4,81.7,87.4,18.6,20.2,43.5,6.1,0.8123,small_town,19.0,92.09502874535002,38.62867771389922,66.57084883327697,61.02941176470588,True
13303,15.7,47.1,80.1,8.3,80.3,85.5,19.3,18.7,43.1,5.4,0.9115,small_town,19.0,86.69259384511331,29.93109570510653,75.9891782211701,69.85294117647058,True
13305,16.3,42.7,78.2,8.0,77.9,83.8,20.0,15.8,43.3,4.6,0.9434,micropolitan,20.0,78.33953331078796,17.116165032127153,78.96516739939128,81.78506375227686,True
13307,14.6,50.7,83.8,10.7,82.2,87.7,18.5,21.0,42.2,6.4,0.8447,metropolitan,15.0,93.24484274602639,56.964406493067294,35.06932702062901,42.2709923664122,False
13309,19.2,43.8,75.7,8.1,76.6,81.7,21.0,16.0,41.3,4.8,0.7716,rural,19.0,80.00225453725623,11.650321271559012,82.51606357795062,74.39703153988869,True
13311,11.5,39.8,80.3,7.9,78.5,87.3,14.7,13.2,35.0,4.0,0.3455,rural,15.0,45.713561041596215,50.69749746364559,-7.64288129861346,-22.91280148423006,False
13313,22.1,35.7,77.0,6.9,76.4,84.3,15.6,14.1,37.9,3.7,0.8836,metropolitan,16.0,41.94002930898433,26.223791004396347,28.931349340547854,51.145038167938935,False
13315,17.8,46.2,78.4,9.1,78.3,83.7,20.2,17.4,42.6,5.3,0.8212,micropolitan,16.0,88.84285875324089,30.700456543794385,76.78390260399053,69.39890710382512,True
13317,15.1,47.4,82.4,9.3,81.2,87.3,17.8,18.9,40.6,5.6,0.6083,rural,20.0,86.71513921767557,36.233936422049375,66.08048698004734,64.10018552875695,True
13319,13.9,45.9,81.4,8.5,80.4,86.6,18.0,17.7,41.0,5.2,0.784,rural,20.0,82.826062450682,33.69124112275955,66.65539398038553,62.894248608534326,True
13321,14.2,44.5,80.6,8.6,79.5,86.1,18.9,16.9,38.9,5.0,0.8571,metropolitan,19.0,78.98489460038327,31.514203584714235,65.4041258031789,75.57251908396947,True
15001,6.6,31.0,76.9,7.6,75.5,82.2,14.5,12.5,27.2,4.4,0.636,micropolitan,15.0,32.52451809266148,40.201217450118364,-5.512343591477855,-18.032786885245905,False
15003,5.2,31.6,77.4,5.8,78.3,82.7,9.8,12.4,25.3,3.5,0.5708,metropolitan,14.0,13.631495885469507,49.949272911734866,-41.35948596550559,-26.43129770992367,False
15005,10.9,46.6,80.7,12.8,78.5,86.4,16.6,22.1,38.5,7.3,0.1871,micropolitan,,84.85796415285763,75.2282718971931,-0.27054447074738164,-1.4571948998178499,False
15007,6.3,33.1,75.6,6.8,75.3,83.1,12.0,12.0,23.9,3.9,0.3964,micropolitan,10.0,20.71074287002593,55.73004734528238,-44.16638484950963,-55.91985428051001,False
15009,6.3,30.7,74.6,6.6,74.2,83.9,13.2,12.2,26.2,3.8,0.4938,micropolitan,10.0,20.20347198737459,55.258708150152174,-43.55765979032803,-55.373406193078324,False
16001,8.5,31.2,69.2,5.4,76.4,83.1,10.4,9.0,29.0,2.8,0.1931,metropolitan,,5.168526659903055,59.87910043963477,-64.45722015556306,-55.8206106870229,False
16003,9.8,40.7,78.5,9.6,77.6,84.9,14.3,13.9,34.2,4.9,0.2017,rural,15.0,59.15342126028633,42.6255495434562,24.281366249577268,12.708719851576994,False
16005,10.1,31.0,70.9,5.9,74.2,79.0,12.9,9.7,33.0,3.1,0.4995,metropolitan,12.0,11.489685492052756,41.24746364558674,-27.358809604328712,-15.648854961832058,False
16007,9.4,34.1,75.1,7.6,74.9,81.9,13.3,11.6,31.0,3.9,0.2024,rural,13.0,26.803629804982524,41.921711193777476,-14.677037538045315,-25.324675324675326,False
16009,11.3,38.0,75.9,9.1,75.2,81.4,16.8,13.5,36.3,4.8,0.6717,rural,15.0,60.63859767782662,31.275363544132567,45.620561379776795,33.30241187384044,False
16011,12.4,33.0,70.9,6.5,73.6,79.2,14.0,11.2,39.0,3.4,0.5469,metropolitan,16.0,26.65144854018713,21.055968887385863,14.778491714575583,33.87404580152672,False
16013,10.5,31.0,75.2,6.6,76.3,85.4,9.6,10.2,23.1,3.3,0.4025,small_town,16.0,9.314057039792582,31.698089279675344,-12.411227595536017,-17.279411764705884,False
16015,7.7,38.0,76.7,8.1,78.1,86.6,11.7,12.1,31.9,4.0,0.1075,metropolitan,14.0,34.054785255326344,53.235965505579976,-26.54717619208657,-1.0496183206106835,False
16017,8.8,36.7,75.8,8.4,75.6,84.5,12.9,11.8,32.2,4.2,0.412,micropolitan,12.0,36.21632284973509,49.65547852553264,-17.822117010483595,-27.3224043715847,False
16019,10.7,29.9,69.9,5.6,74.6,81.0,11.4,9.4,33.3,3.0,0.4473,metropolitan,14.0,8.471423740277308,33.94487656408522,-16.300304362529587,-7.5381679389312986,False
16021,11.2,36.1,76.5,8.5,75.4,82.1,14.7,12.6,33.3,4.4,0.5037,rural,8.0,43.75774997181828,51.28508623605005,-11.261413594859654,-27.08719851576995,False
16023,13.1,40.3,77.2,10.5,75.5,81.0,17.3,15.2,35.5,5.4,0.7009,rural,11.0,71.43783113515951,45.417653026716266,32.837335136963134,25.78849721706866,False
16025,10.0,36.0,75.5,7.9,76.3,84.8,12.4,11.8,29.7,4.0,0.3271,rural,8.0,29.649983090970583,55.457389245857286,-35.0524179912073,-49.53617810760667,False
16027,13.6,30.9,69.0,5.9,72.4,80.5,12.4,11.2,35.3,3.2,0.6217,metropolitan,11.0,15.156126704993797,39.313493405478525,-20.003381805884345,-4.723282442748086,False
16029,9.9,32.5,72.7,6.8,73.6,81.1,13.6,10.5,34.8,3.6,0.1231,rural,14.0,21.11374140457671,35.151758539059855,-7.118701386540412,-16.37291280148423,False
16031,15.8,32.3,70.9,6.5,71.5,78.8,13.0,11.0,37.5,3.4,0.56,micropolitan,14.0,21.82392064028858,28.500169090294218,3.212715590125125,-6.921675774134794,False
16033,19.5,36.3,74.0,8.5,74.2,80.2,13.9,13.8,36.0,4.3,0.5412,rural,7.0,47.474918273024464,44.96322286100778,4.971254649983095,-8.34879406307978,False
16035,10.1,38.5,77.0,9.1,77.1,84.0,14.1,13.1,31.8,4.7,0.5912,rural,12.0,50.0,49.44834291511667,0.27054447074737453,-14.56400742115028,False
16037,8.9,40.3,78.2,9.4,78.3,85.6,12.7,13.4,31.5,4.7,0.3713,rural,12.0,51.561267049938,58.23469732837335,-11.870138654041263,-27.829313543599255,False
16039,13.6,31.7,68.8,6.2,70.3,77.1,13.8,10.4,34.2,3.3,0.8155,micropolitan,13.0,16.42994025476271,32.77815353398715,-7.473791004396347,-20.400728597449913,False
16041,10.1,30.9,70.4,6.0,72.0,79.6,12.9,9.4,35.7,3.2,0.1101,metropolitan,6.0,14.299402547627102,48.611345958741964,-38.518769022658105,-23.09160305343511,False
16043,11.3,30.9,72.9,6.6,73.4,80.8,12.9,10.5,32.7,3.4,0.5504,rural,8.0,15.229399165821214,47.18464660128509,-34.62969225566452,-40.63079777365492,False
16045,10.6,35.1,74.9,7.5,76.1,83.0,12.9,11.5,32.9,3.9,0.6153,metropolitan,12.0,27.350355089617853,44.849086912411224,-19.25938451132905,2.910305343511446,False
16047,17.9,34.9,73.3,8.0,73.6,79.3,15.0,13.0,34.1,4.2,0.8059,rural,17.0,41.063577950625636,14.193016570848833,35.91477849171457,18.367346938775512,False
16049,9.7,37.9,76.3,9.2,76.2,83.9,13.1,12.8,31.8,4.6,0.5199,rural,15.0,46.2884680419344,36.261413594859654,19.107203246533654,4.916512059369204,False
16051,10.2,28.7,68.7,5.5,72.2,80.2,12.2,9.1,33.1,2.9,0.1212,metropolitan,14.0,8.133243151843084,32.945130199526545,-15.15049036185323,-6.48854961832061,False
16053,20.4,33.0,70.5,7.0,71.8,77.6,15.7,12.6,35.8,3.8,0.5826,rural,14.0,33.94205839251494,27.41165032127156,16.84139330402435,2.504638218923933,False
16055,8.8,30.1,73.1,6.7,73.8,83.0,12.1,9.9,31.7,3.5,0.2746,metropolitan,15.0,13.71885920414835,33.30444707473791,-10.787960771051742,2.671755725190838,False
16057,8.2,28.1,68.9,5.3,72.0,76.2,10.0,7.8,29.0,2.7,0.2825,micropolitan,16.0,3.3846240559125245,25.5474298275279,-8.217788298951639,-13.479052823315119,False
16059,9.3,39.6,78.0,9.3,77.1,84.9,13.4,12.7,30.4,4.7,0.4073,rural,15.0,48.97700371998647,41.76318904294894,12.783226242813662,-0.27829313543600165,False
16061,10.5,42.3,78.6,10.4,77.3,83.5,15.5,15.1,35.2,5.3,0.7146,rural,13.0,69.03393078570623,48.19707473791004,25.262089956036526,16.79035250463822,False
16063,17.2,32.1,70.7,6.7,72.2,78.8,14.2,11.5,34.2,3.5,0.6742,rural,16.0,21.98173824822455,17.896094014203584,12.850862360500505,0.18552875695732762,False
16065,10.9,17.3,52.4,3.0,67.3,63.7,10.0,4.9,26.2,1.7,0.4318,micropolitan,17.0,1.0539961672866645,15.114558674332095,-2.637808589786946,-3.8251366120218577,False
16067,18.1,34.0,72.0,6.9,71.6,79.0,13.5,12.3,36.4,3.7,0.5978,small_town,14.0,28.894713110134145,28.13451132904971,10.415962123774097,-2.2058823529411757,False
16069,9.5,35.7,74.7,7.4,76.2,82.2,13.5,10.8,37.7,3.9,0.5892,metropolitan,15.0,32.797880734979145,33.904717619208654,6.42543118025025,29.00763358778626,False
16071,8.9,33.2,73.4,7.0,74.5,82.3,12.4,10.5,31.9,3.6,0.0792,rural,12.0,18.309660692142938,45.12385864051403,-27.9506256340886,-35.250463821892396,False
16073,17.4,35.8,73.1,8.2,73.0,78.9,16.4,13.4,33.4,4.4,0.7432,rural,13.0,48.20200653815804,33.27696990192763,27.358809604328712,13.265306122448983,False
16075,13.5,35.5,74.6,7.7,73.6,80.5,14.3,11.8,31.4,4.0,0.6713,micropolitan,14.0,31.932702062901587,32.099678728440985,8.014879945891106,-4.371584699453553,False
16077,17.2,33.6,72.1,7.4,73.1,79.2,13.8,12.1,37.5,3.9,0.762,rural,16.0,33.62078683350243,18.703500169090294,23.943185661143048,7.421150278293135,False
16079,11.3,37.4,74.6,8.7,75.5,81.1,15.9,13.5,36.1,4.6,0.7493,rural,15.0,55.40807124337729,30.516570848833275,40.886033141697666,28.293135435992582,False
16081,9.6,29.7,70.6,5.3,74.4,83.6,10.7,9.2,32.0,2.7,0.2052,rural,10.0,5.622252282718972,48.35559688873858,-45.147108555968885,-45.36178107606679,False
16083,13.0,31.0,71.2,6.5,72.6,80.2,13.3,11.0,33.3,3.5,0.5756,metropolitan,14.0,17.560027054447076,30.67509299966182,-3.347987825498816,12.500000000000004,False
16085,9.0,39.0,77.2,8.5,77.1,85.2,13.2,13.1,34.0,4.3,0.1365,rural,15.0,46.01510539961672,41.701893811295236,8.82651335813324,-4.359925788497215,False
16087,13.3,38.3,76.7,9.6,76.1,82.1,15.2,14.5,33.4,4.9,0.9093,small_town,16.0,58.789877127719535,25.79683801149814,50.89617855935069,38.60294117647059,False
17001,7.3,37.2,77.6,7.3,78.7,87.0,14.4,12.0,37.8,3.7,0.2965,micropolitan,15.0,36.69541201668357,52.34824146094014,-21.37301318904295,-30.78324225865209,False
17003,10.1,47.9,81.8,10.2,81.6,87.3,19.6,19.0,45.3,6.0,0.8941,metropolitan,21.0,94.37211137414045,39.34308420696652,66.68921203922895,70.80152671755724,True
17005,8.8,35.5,75.6,6.9,77.2,84.8,15.1,11.6,39.0,3.6,0.5253,metropolitan,15.0,34.86360049599819,39.54176530267163,-1.5894487656408494,22.13740458015267,False
17007,11.8,34.9,76.3,6.7,77.3,86.4,14.1,12.2,36.8,3.5,0.4655,metropolitan,15.0,28.73971367376846,40.16739939127494,-9.536692593845117,13.167938931297716,False
17009,12.1,36.4,71.4,6.5,75.2,82.5,17.8,11.7,41.5,3.5,0.4753,rural,15.0,43.06729793709841,29.00109908691241,26.530267162664863,11.734693877551022,False
17011,9.1,37.9,79.0,8.0,79.3,87.2,14.8,13.2,38.1,4.1,0.3544,small_town,11.0,49.07000338180588,67.15209671964828,-29.928982076428817,-51.470588235294116,False
17013,6.4,38.0,79.7,7.5,80.2,89.5,12.9,11.9,35.3,3.7,0.0541,metropolitan,14.0,32.22579190621125,67.32752789989854,-52.01217450118364,-27.576335877862597,False
17015,9.1,39.3,78.7,8.2,78.6,86.6,15.3,13.3,38.8,4.1,0.2304,rural,15.0,54.6077105174163,49.92602299628001,5.072708826513356,-8.71985157699443,False
17017,12.6,37.4,76.6,7.4,77.6,85.7,15.8,13.4,40.6,3.9,0.4998,rural,13.0,50.84826964265585,47.34739600946905,4.971254649983088,-7.977736549165122,False
17019,7.5,28.7,73.1,5.0,75.0,82.9,11.1,9.6,31.1,2.7,0.4658,metropolitan,18.0,5.191072032465336,22.04091985120054,-4.227257355427799,0.0954198473282446,False
17021,8.7,37.5,76.9,7.4,77.4,85.9,16.1,12.3,38.1,3.8,0.1966,micropolitan,18.0,43.32656972156465,29.68802840716943,25.78626986810957,18.943533697632056,False
17023,7.3,36.8,77.8,7.3,78.5,87.2,14.9,12.0,37.3,3.7,0.0745,rural,13.0,36.44177657535791,61.43050388907677,-36.72641190395671,-53.988868274582565,False
17025,9.0,39.7,78.4,8.5,78.3,85.8,17.8,13.9,41.5,4.4,0.5813,rural,15.0,69.18047570736105,47.000760906323976,27.764626310449785,19.57328385899814,False
17027,7.5,35.5,76.4,6.6,78.3,87.1,14.0,11.3,40.2,3.4,0.1168,rural,8.0,31.433885694961106,68.52172810280689,-54.48089279675347,-69.75881261595548,False
17029,8.2,34.0,75.8,6.9,77.1,83.8,14.8,11.4,37.7,3.6,0.5574,micropolitan,16.0,30.20798106188705,33.786354413256674,3.889076766993572,-8.925318761384336,False
17031,11.8,31.0,74.7,5.3,77.5,87.9,11.1,11.8,31.0,3.2,0.7964,metropolitan,20.0,11.131777702626536,23.336574230639158,-0.811633412242136,8.778625954198475,False
17033,8.3,37.6,76.8,7.2,78.0,86.4,15.4,12.1,40.1,3.7,0.1919,small_town,15.0,43.25893360387781,46.810534325329726,-4.091985120054105,-28.676470588235293,False
17035,7.1,37.2,78.2,7.3,78.8,87.6,14.5,11.9,38.7,3.7,0.015,rural,15.0,38.01713448314734,54.84020967196483,-23.774095366925934,-40.44526901669758,False
17037,9.2,30.4,72.5,5.5,75.6,83.4,12.6,10.3,35.1,2.9,0.5523,metropolitan,17.0,11.726411903956715,23.374619546838012,-0.4396347649644916,9.541984732824428,False
17039,7.7,37.2,77.8,7.3,78.5,87.1,15.3,12.2,38.2,3.7,0.0493,metropolitan,13.0,39.87149137639499,60.58716604666892,-31.349340547852556,-4.866412213740453,False
17041,9.4,35.4,76.3,6.9,77.3,85.8,15.1,11.7,38.5,3.5,0.4578,rural,14.0,33.26287904407621,46.539989854582345,-16.063577950625636,-28.942486085343226,False
17043,7.2,30.7,76.9,5.3,78.5,88.8,9.5,10.0,29.2,2.7,0.2284,metropolitan,,4.95434562056138,78.32262428136625,-90.83530605343255,-83.77862595419847,False
17045,8.1,40.3,79.4,8.6,79.3,87.1,16.4,13.6,37.5,4.4,0.343,small_town,17.0,61.174050276180814,44.78990530943524,22.353736895502195,3.308823529411761,False
17047,8.3,40.2,79.3,8.7,78.9,86.7,17.3,14.1,40.3,4.5,0.3058,rural,16.0,69.36929320257018,47.801826175177546,26.580994250930004,18.6456400742115,False
17049,7.3,35.2,76.9,6.8,77.9,86.8,14.1,11.3,34.3,3.5,0.2081,micropolitan,16.0,24.15736670048473,43.94656746702739,-20.426107541427125,-33.87978142076503,False
17051,9.8,37.6,75.8,7.6,76.9,84.4,17.4,12.7,39.8,4.0,0.5644,small_town,17.0,52.57580881524067,26.55563070679743,42.57693608386879,29.044117647058826,False
17053,8.5,37.1,77.3,7.5,78.1,86.3,15.8,12.4,37.7,3.8,0.3824,rural,15.0,42.292300755269984,46.97751099086912,-5.478525532634428,-19.666048237476808,False
17055,8.7,38.7,78.5,8.4,78.8,85.8,17.7,13.9,41.6,4.4,0.4871,small_town,17.0,67.31484612783227,38.22708826513359,42.50929996618194,27.57352941176471,False
17057,8.8,39.2,77.4,7.9,78.3,86.1,16.8,13.0,39.9,4.1,0.2106,micropolitan,7.0,57.16661030323525,66.20519107203248,-17.940480216435574,-19.85428051001822,False
17059,8.7,41.6,80.3,9.3,79.5,87.1,17.4,14.6,40.8,4.8,0.4521,rural,12.0,76.2174501183632,68.0355935069327,0.8792695299289903,-7.792207792207776,False
17061,8.1,38.9,78.3,8.1,78.3,86.4,17.2,13.2,40.2,4.1,0.1044,rural,16.0,59.46905647615827,44.59333784240785,20.933378424078455,9.554730983302413,False
17063,8.3,32.3,74.8,5.7,77.2,86.7,13.3,10.3,36.4,3.0,0.0773,metropolitan,,16.22421373013189,69.55106526885356,-70.30774433547515,-53.05343511450381,False
17065,8.3,39.9,78.9,8.7,78.8,86.4,17.0,13.9,40.0,4.4,0.3029,rural,17.0,66.93439296584376,41.30241799120731,36.13459587419682,28.293135435992575,False
17067,7.3,39.6,79.6,8.2,79.7,88.1,14.7,13.2,38.8,4.1,0.0885,rural,14.0,53.17326118814113,64.23528914440311,-19.513019952654716,-34.87940630797773,False
17069,8.4,42.1,80.5,9.3,79.9,87.7,16.9,14.7,39.7,4.7,0.2383,small_town,10.0,73.73182279337166,74.87106865065945,-11.68413933040243,-25.183823529411754,False
17071,7.6,41.8,81.1,8.9,80.6,88.6,15.1,14.1,38.6,4.5,0.0391,micropolitan,14.0,64.38112952316537,67.89609401420358,-11.903956712884678,-13.843351548269595,False
17073,7.9,36.4,78.4,7.2,78.5,88.0,13.8,11.9,36.9,3.6,0.126,micropolitan,14.0,31.670612106865068,58.615150490361856,-38.552587081501514,-47.72313296903461,False
17075,9.6,40.0,79.0,8.4,78.6,86.7,16.4,13.9,40.6,4.3,0.2673,rural,15.0,64.87430954796527,49.86472776462631,18.126479540074385,6.771799628942482,False
17077,8.4,33.6,74.5,6.5,77.7,82.3,13.8,11.6,39.8,3.5,0.8479,micropolitan,20.0,29.695073836095144,19.07127155901251,19.648292188028407,14.936247723132968,False
17079,6.9,36.9,78.5,7.3,78.9,88.0,14.3,12.0,38.2,3.7,0.0875,rural,,36.6531394431293,81.37681772066284,-63.54413256679066,-82.0964749536178,False
17081,8.4,38.5,77.2,7.6,78.2,86.3,16.1,13.0,39.8,4.0,0.7117,micropolitan,17.0,52.32217337391501,36.67145755833616,26.411903956712887,19.12568306010928,False
17083,6.9,36.2,77.9,7.1,78.7,87.3,14.0,11.7,39.0,3.6,0.0318,metropolitan,,34.14214857400518,78.95248562732499,-64.6601285086236,-40.744274809160295,False
17085,6.8,40.4,81.4,8.5,81.1,89.7,13.0,13.2,36.1,4.2,0.076,rural,,49.36309322511554,90.86489685492052,-50.287453500169086,-67.25417439703155,False
17087,10.4,38.4,75.4,7.7,77.2,84.6,16.8,12.9,41.4,4.0,0.3834,rural,15.0,56.06752339082404,36.50870815015218,31.197159283057154,18.831168831168828,False
17089,11.6,30.4,75.0,5.7,76.2,87.0,11.0,11.5,35.1,3.0,0.5084,metropolitan,,12.800135272235373,64.40649306729793,-65.53939803855259,-50.667938931297705,False
17091,9.9,37.7,76.8,7.0,78.2,85.9,14.7,13.0,39.8,3.8,0.7241,metropolitan,10.0,43.89584037876225,59.36126141359486,-24.45045654379438,2.099236641221374,False
17093,8.8,29.6,72.7,4.4,76.8,87.5,11.0,9.4,39.7,2.4,0.0996,metropolitan,,13.896404013076316,68.64220493743659,-71.18701386540413,-56.011450381679396,False
17095,9.3,38.7,78.3,8.2,79.0,85.9,16.0,13.5,39.2,4.3,0.644,micropolitan,15.0,58.00642543118025,47.88214406493067,12.749408183970232,6.5573770491803245,False
17097,9.2,32.4,74.8,5.4,76.9,88.2,10.4,11.2,32.9,2.9,0.475,metropolitan,17.0,10.227144628564988,34.34223875549544,-15.725397362191412,-5.725190839694655,False
17099,9.3,36.4,77.6,7.3,78.3,86.5,15.0,12.4,37.8,3.7,0.3894,micropolitan,8.0,38.14113403223988,65.68312478863713,-41.02130537707136,-45.537340619307834,False
17101,10.6,38.1,75.2,7.5,76.8,84.3,17.6,12.8,40.7,4.0,0.5657,small_town,16.0,54.86698230188254,29.833868785931685,40.85221508285424,27.573529411764707,False
17103,9.1,38.0,77.9,7.6,78.6,86.9,15.3,12.8,38.9,3.9,0.3777,micropolitan,8.0,46.877465900124,67.91088941494758,-34.25769360838688,-39.162112932604735,False
17105,8.8,36.6,77.4,7.3,77.9,86.3,15.3,12.2,35.9,3.8,0.328,rural,,36.70104835982415,71.22294555292527,-52.215082854244166,-70.03710575139146,False
17107,8.5,35.6,76.2,6.9,77.7,85.9,15.1,11.6,38.5,3.6,0.2921,micropolitan,14.0,34.102694172021195,48.924163003043624,-19.885018599932362,-30.236794171220406,False
17109,8.0,34.1,75.2,6.8,76.9,82.9,13.8,11.4,36.3,3.5,0.539,micropolitan,17.0,25.154999436365685,27.477172810280692,7.7781535339871475,-0.7285974499089249,False
17111,7.9,33.7,75.3,5.6,77.4,88.0,11.5,10.5,32.1,2.9,0.0923,metropolitan,,10.655506707248337,72.97091646939467,-80.35170781197161,-67.36641221374046,False
17113,6.8,30.9,73.7,5.2,77.1,85.1,11.2,9.5,34.5,2.7,0.1903,metropolitan,,8.243151843084208,67.61709502874535,-74.56881974974637,-64.12213740458016,False
17115,8.1,39.2,78.4,7.5,79.3,86.9,15.0,13.3,42.1,4.1,0.5396,metropolitan,17.0,55.28970803742532,42.64879945891106,19.88501859993236,40.17175572519084,False
17117,7.8,38.2,78.2,7.7,78.7,86.9,15.9,12.8,37.0,4.0,0.1161,metropolitan,12.0,46.804193439296576,64.22472100101454,-28.15353398714913,-3.053435114503813,False
17119,7.3,35.5,76.3,6.4,78.3,87.0,13.3,11.2,38.7,3.4,0.2561,metropolitan,14.0,26.75572088828768,54.67534663510314,-36.52350355089618,-12.786259541984734,False
17121,8.3,38.5,78.1,7.9,78.5,86.0,17.0,13.3,39.5,4.1,0.6036,micropolitan,17.0,56.69315747942735,38.16579303347988,29.04971254649983,22.586520947176687,False
17123,8.1,38.9,79.4,8.1,79.3,87.7,15.2,13.0,38.6,4.1,0.0894,rural,9.0,52.1136286777139,73.9939127494082,-35.2045992560027,-51.948051948051955,False
17125,7.7,39.1,79.2,8.3,79.2,87.2,16.0,13.3,37.3,4.2,0.1254,rural,9.0,54.683801149814,73.39998309097058,-31.788975312817037,-47.773654916512065,False
17127,8.4,39.9,79.2,8.3,79.0,86.9,16.6,14.1,40.8,4.4,0.5625,metropolitan,16.0,66.22139555856161,47.97937098410551,22.793371660466697,39.98091603053435,False
17129,6.7,36.8,78.1,7.0,79.0,88.1,14.1,11.7,37.9,3.6,0.0283,metropolitan,,32.98106188704768,81.14009130875888,-68.07575245180928,-45.0381679389313,False
17131,7.8,37.6,78.3,7.6,78.8,87.3,15.3,12.4,38.6,3.9,0.064,metropolitan,14.0,44.642655844887834,58.25160635779507,-21.15319580656071,5.3435114503816905,False
17133,5.6,33.9,77.3,5.9,79.4,89.4,11.3,10.1,35.5,3.0,0.001,metropolitan,,13.814677037538047,82.2518599932364,-87.3182279337166,-74.1412213740458,False
17135,8.6,37.4,77.6,7.6,78.0,86.1,16.1,12.6,39.1,3.9,0.3191,small_town,17.0,47.48900913087589,36.06061887047683,21.474467365573215,4.411764705882348,False
17137,8.6,38.0,77.6,7.6,78.5,86.0,15.6,12.6,39.9,3.9,0.4935,micropolitan,15.0,48.66982301882538,47.29244166384849,2.164355765979032,-6.375227686703099,False
17139,8.4,36.1,76.7,7.1,77.3,86.0,16.0,11.6,38.4,3.7,0.4827,metropolitan,,37.901589448765634,69.41579303347987,-47.8863713222861,-21.851145038167928,False
17141,8.9,36.9,77.6,7.1,78.4,87.3,14.0,12.2,40.9,3.6,0.3131,metropolitan,8.0,39.47976552812535,68.08209333784241,-43.62529590801488,-17.74809160305344,False
17143,8.0,36.9,77.1,6.7,78.5,86.7,13.8,12.6,34.8,3.7,0.6656,metropolitan,16.0,30.6166159395784,43.86413594859655,-14.068312478863714,8.778625954198482,False
17145,10.2,38.5,76.4,7.9,77.6,84.7,17.4,13.2,40.7,4.2,0.6001,small_town,17.0,59.90587306955248,27.89989854582347,49.54345620561379,36.76470588235295,False
17147,6.2,35.4,78.0,6.6,79.1,88.6,12.5,10.9,35.1,3.3,0.0045,metropolitan,,19.947018374478642,82.055292526209,-81.60297598917822,-64.12213740458017,False
17149,8.5,39.4,78.4,8.2,78.7,86.2,16.8,13.3,40.6,4.2,0.2771,rural,14.0,61.66723030098073,54.63518769022657,6.509976327358807,-6.957328385899821,False
17151,7.1,43.0,81.9,9.4,81.6,89.8,15.0,14.9,39.6,4.7,0.3277,micropolitan,18.0,70.8685604779619,52.13476496449103,21.034832600608716,17.486338797814206,False
17153,11.1,45.3,80.2,9.5,80.0,85.3,20.0,18.4,45.6,5.7,0.6357,rural,20.0,92.0048472551009,30.749070003381803,79.43862022319918,79.59183673469389,True
17155,7.4,37.4,79.3,7.6,79.6,88.7,13.1,12.1,36.1,3.7,0.0048,micropolitan,11.0,33.66869575019727,73.21609739600947,-58.77578626986811,-66.3023679417122,False
17157,9.3,39.1,77.2,7.7,78.1,86.1,16.3,12.9,38.8,4.0,0.4897,rural,16.0,51.96426558448879,39.34519783564423,21.55901251268177,8.580705009276432,False
17159,7.7,37.5,78.2,7.7,78.6,86.9,15.5,12.5,39.4,4.0,0.413,small_town,14.0,47.89200766542667,57.16520121745012,-15.049036185322962,-38.23529411764706,False
17161,10.0,36.1,78.0,7.3,78.3,86.6,14.5,13.1,39.6,3.9,0.7556,metropolitan,18.0,43.301206177432086,32.365995941832935,21.846466012850865,45.896946564885496,False
17163,7.8,39.0,77.8,6.5,80.2,87.5,14.2,13.1,38.8,3.8,0.532,metropolitan,17.0,41.627212264682676,44.72649644910382,-1.8938112952316501,22.99618320610687,False
17165,8.3,39.2,78.6,8.2,78.8,86.5,16.7,13.5,40.3,4.3,0.6557,small_town,19.0,62.095592379664076,34.62335136963138,42.27257355427798,29.044117647058826,False
17167,7.1,37.0,77.5,6.6,79.6,87.7,13.2,11.9,39.6,3.5,0.4041,metropolitan,15.0,32.84297148010371,55.265049036185324,-31.2817044301657,-5.5343511450381655,False
17169,8.7,41.4,79.1,8.7,79.3,87.0,17.2,14.4,40.4,4.5,0.4957,rural,13.0,71.42655844887837,62.29709164693947,4.802164355765981,-5.380333951762523,False
17171,7.3,37.4,78.6,7.5,79.0,87.3,15.1,12.3,38.4,3.8,0.0512,micropolitan,18.0,41.880847706008346,40.80360162326682,5.546161650321274,-5.100182149362475,False
17173,7.4,38.9,79.4,8.1,79.4,87.8,15.2,13.0,37.6,4.1,0.1069,micropolitan,11.0,50.63127043174388,72.09798782549882,-35.30605343253296,-39.526411657559194,False
17175,7.8,38.5,78.8,7.9,78.9,87.2,15.1,12.7,38.2,4.0,0.0579,metropolitan,16.0,47.94273475369181,48.86709502874535,-1.589448765640853,22.42366412213741,False
17177,8.2,40.1,80.0,8.3,80.2,88.0,15.0,13.9,40.6,4.3,0.5218,micropolitan,14.0,61.458685604779625,63.97108555968887,-8.995603652350354,-10.20036429872495,False
17179,6.9,35.3,77.1,6.6,78.7,87.5,13.5,11.2,36.3,3.4,0.1085,metropolitan,,23.94318566114305,78.00769360838689,-74.02773080825162,-53.24427480916031,False
17181,9.3,39.8,78.8,8.7,78.8,86.3,17.1,14.1,39.8,4.4,0.602,small_town,17.0,67.06684702964716,38.99644910382144,40.987487318227934,25.36764705882353,False
17183,9.7,42.2,77.2,8.2,79.6,85.9,17.2,14.4,43.8,4.4,0.6806,micropolitan,19.0,72.37064592492392,29.728187352045992,61.21068650659451,57.92349726775957,False
17185,7.9,38.4,78.8,8.2,78.7,86.3,15.8,13.3,39.8,4.2,0.4209,small_town,16.0,56.896065832487885,46.497717281028066,14.034494420020295,-5.514705882352935,False
17187,9.5,36.1,77.3,7.3,77.7,85.7,14.5,12.3,37.0,3.7,0.5441,small_town,16.0,35.11441776575358,37.62047683462969,2.43490023672641,-13.970588235294116,False
17189,6.7,36.5,78.3,7.2,79.0,88.1,13.8,11.7,36.8,3.6,0.0347,rural,15.0,31.18306842520572,56.48461278322625,-35.272235373689554,-50.0,False
17191,8.5,39.7,78.6,8.5,78.8,86.4,17.0,13.6,39.9,4.3,0.4843,small_town,16.0,64.20076654266713,45.388062225228275,25.160635779506265,6.617647058823536,False
17193,8.9,40.9,79.4,9.2,79.1,86.2,18.1,14.5,39.2,4.7,0.3999,small_town,18.0,72.9821891556758,37.16604666892121,49.74636455867433,37.13235294117647,False
17195,9.6,37.1,78.7,7.6,78.5,87.1,14.6,13.0,36.2,3.8,0.3236,micropolitan,14.0,39.64603765077218,54.72607372336827,-21.339195130199528,-28.96174863387978,False
17197,9.1,32.0,76.4,5.3,77.5,87.7,11.6,10.7,38.0,2.9,0.244,metropolitan,,15.660579416074851,71.41951301995266,-73.65573216097395,-56.58396946564885,False
17199,7.5,37.2,77.4,7.2,78.4,87.2,14.7,12.4,40.1,3.7,0.3948,micropolitan,14.0,41.82448427460264,56.24154548528915,-21.373013189042943,-29.326047358834245,False
17201,10.7,38.2,77.9,7.3,78.9,86.2,15.5,13.9,42.0,4.0,0.7728,metropolitan,18.0,54.72325555179799,31.588180588434227,37.94386202231992,57.63358778625954,False
17203,6.1,34.7,77.0,6.4,78.8,88.0,12.4,10.6,37.3,3.2,0.0175,metropolitan,11.0,20.581106977792807,68.67602299628001,-65.20121745011836,-45.70610687022901,False
18001,10.1,39.2,78.0,8.1,79.4,83.7,19.4,14.1,41.7,4.1,0.5355,rural,9.0,66.85266599030548,60.32930334798783,2.908353060534324,-9.090909090909093,False
18003,8.9,36.7,76.7,6.4,79.3,85.4,14.4,12.9,39.4,3.4,0.5374,metropolitan,19.0,35.776688084770605,28.614305038890766,17.585390598579643,39.69465648854962,False
18005,8.4,37.1,77.6,6.6,80.5,86.2,14.8,12.4,38.9,3.3,0.287,metropolitan,,34.89178221170105,76.67822117010483,-61.54886709502874,-37.11832061068702,False
18007,9.7,39.8,78.3,8.0,79.4,84.9,18.8,14.2,42.4,4.0,0.3369,metropolitan,,66.44121294104384,70.57828880622253,-13.459587419682123,4.484732824427482,False
18009,9.5,43.9,80.5,9.6,80.0,85.3,20.8,16.4,44.3,4.8,0.4801,rural,17.0,87.79168075752453,41.2411227595536,57.896516739939116,57.97773654916512,False
18011,5.9,33.4,77.1,5.4,80.6,88.5,11.6,10.5,32.9,2.6,0.0331,metropolitan,,10.024236275504451,83.16494758200879,-91.17348664186676,-82.06106870229007,False
18013,6.8,43.0,82.4,8.5,82.4,89.2,15.9,14.7,36.1,4.1,0.1712,metropolitan,11.0,60.153872167737575,81.80165708488333,-33.9871491376395,-15.648854961832072,False
18015,8.7,40.6,79.2,8.0,80.7,86.7,17.5,13.9,41.6,3.9,0.0821,metropolitan,,63.5159508510878,80.25870815015219,-28.542441663848493,-10.496183206106878,False
18017,12.3,41.0,79.0,8.1,78.8,85.0,18.5,15.3,47.4,4.1,0.5587,micropolitan,14.0,72.87228046443467,47.89482583699696,29.759891782211696,24.772313296903455,False
18019,8.3,39.8,77.4,6.7,80.1,86.4,16.4,12.5,43.9,3.4,0.3093,metropolitan,,49.12636681321158,76.45629015894488,-42.40784578965167,-18.60687022900764,False
18021,8.1,41.5,78.2,7.8,80.4,86.1,18.0,14.2,43.3,3.8,0.1718,metropolitan,11.0,65.34776237177319,67.09925600270545,-9.485965505579983,8.587786259541986,False
18023,11.6,38.2,77.7,7.2,79.0,84.8,17.5,13.4,40.2,3.6,0.3443,micropolitan,16.0,51.08781422613009,35.81966520121745,26.952992898207647,18.579234972677597,False
18025,10.3,45.6,81.0,10.4,80.4,84.7,23.5,17.8,43.6,5.2,0.3124,metropolitan,11.0,93.05884342238755,64.73410551234359,22.55664524856273,28.62595419847328,False
18027,10.8,38.8,76.6,7.8,77.9,83.1,19.7,13.8,41.4,3.9,0.6239,micropolitan,11.0,62.25340998760004,50.60449780182617,13.391951301995263,9.471766848816031,False
18029,7.1,38.4,79.4,7.2,80.5,87.3,16.3,12.4,35.8,3.5,0.0312,metropolitan,,38.76113177770262,84.3845113290497,-62.309773419005744,-39.6469465648855,False
18031,7.9,37.9,78.1,7.1,79.0,86.0,16.4,12.4,37.6,3.5,0.0159,rural,,40.44639837673318,75.41215759215422,-52.806898884004056,-71.47495361781075,False
18033,8.1,38.2,77.5,7.1,79.4,85.8,16.8,12.8,43.7,3.5,0.1384,micropolitan,11.0,50.47345282380792,63.58429151166723,-21.71119377747717,-25.865209471766846,False
18035,8.3,36.2,76.5,7.2,79.1,82.5,16.8,13.5,36.6,3.7,0.6309,metropolitan,15.0,42.75729906436704,41.90057490700034,4.362529590801493,28.24427480916031,False
18037,8.8,38.0,78.8,7.4,80.1,86.8,15.4,13.2,40.0,3.6,0.1619,micropolitan,,46.7619208657423,78.77071356104159,-48.258369969563745,-51.36612021857924,False
18039,12.6,38.3,75.6,7.1,79.2,84.1,17.0,13.6,43.8,3.7,0.8132,metropolitan,13.0,54.97407282155337,45.94606019614474,13.019952654717628,34.0648854961832,False
18041,9.4,42.6,79.2,8.9,80.1,84.9,20.2,15.4,44.9,4.4,0.6293,micropolitan,17.0,81.20843196933829,38.32008792695299,56.323977003719996,50.36429872495446,False
18043,7.3,38.8,77.8,6.7,80.3,87.1,14.9,12.5,37.6,3.3,0.1915,metropolitan,,36.103595986923686,80.56941156577612,-63.81467703753805,-39.599236641221374,False
18045,8.6,40.7,79.3,8.2,80.0,85.9,18.5,14.1,42.6,4.0,0.2924,rural,10.0,68.07011610866869,68.9169766655394,-9.232330064254313,-20.593692022263447,False
18047,7.5,40.4,79.1,7.6,80.6,86.8,16.8,13.7,40.8,3.7,0.1199,rural,8.0,57.146883102243265,76.21956374704092,-32.19479201893811,-48.88682745825603,False
18049,9.4,41.2,80.0,8.5,80.1,85.8,18.6,14.6,41.7,4.2,0.5415,small_town,12.0,72.13955585616051,64.42128846804194,1.9614474129185027,-16.911764705882362,False
18051,8.0,38.4,78.9,7.5,80.1,85.7,17.6,13.0,39.4,3.7,0.2342,metropolitan,,50.99481456431068,77.93794386202231,-41.42712208319242,-18.511450381679396,False
18053,9.1,41.0,79.3,8.1,80.9,84.4,17.8,15.2,41.1,4.1,0.7649,micropolitan,16.0,68.77465900124001,44.28474805546162,32.56679066621576,25.683060109289627,False
18055,8.7,41.5,79.7,8.5,79.7,85.7,19.4,14.7,40.7,4.2,0.5275,rural,,72.3142824935182,77.32076428812987,-15.860669597565092,-26.71614100185529,False
18057,5.2,32.0,77.4,4.9,80.9,89.4,9.5,9.6,32.5,2.3,0.0302,metropolitan,,5.650433998421824,84.8241460940142,-95.06256340886033,-90.2671755725191,False
18059,6.7,37.4,77.2,6.1,79.0,87.9,13.6,11.3,39.9,3.0,0.0185,metropolitan,,29.452711081050612,79.39846127832263,-69.96956374704091,-46.66030534351146,False
18061,7.4,39.2,78.9,7.3,80.1,87.3,16.2,12.8,42.7,3.6,0.1009,metropolitan,,51.72472100101454,82.46110923233007,-44.67365573216098,-24.045801526717554,False
18063,6.9,35.2,77.5,5.6,79.2,88.0,12.8,11.1,36.4,2.8,0.0904,metropolitan,,18.00811633412242,80.19741291849849,-81.67061210686506,-64.59923664122138,False
18065,8.5,40.8,78.5,7.9,79.3,85.5,18.0,13.5,43.7,3.9,0.3045,micropolitan,14.0,64.66858302333445,54.16173486641867,10.923233006425441,6.739526411657565,False
18067,8.4,40.1,79.1,7.7,79.9,86.2,17.9,14.4,36.5,4.0,0.4505,metropolitan,10.0,56.40852215082854,69.56586066959755,-24.619546838011495,-2.862595419847324,False
18069,7.9,40.7,78.5,7.3,80.4,85.9,16.6,13.3,39.9,3.6,0.1362,micropolitan,12.0,52.61526321722466,65.23292188028407,-21.677375718633748,-23.315118397085612,False
18071,10.1,37.8,78.2,7.3,78.9,85.5,17.3,13.6,39.6,3.6,0.4556,micropolitan,,50.171908465787396,70.34790328035172,-33.276969901927636,-37.34061930783241,False
18073,8.4,38.6,78.5,7.2,78.5,86.7,15.8,12.7,40.2,3.5,0.1005,metropolitan,,45.7163792131665,75.87292864389585,-46.5336489685492,-21.56488549618321,False
18075,10.0,42.0,79.3,8.6,79.3,84.5,20.2,15.0,43.6,4.3,0.4626,small_town,7.0,77.72799008003608,65.83319242475483,6.070341562394319,-10.29411764705884,False
18077,8.4,39.2,78.7,7.5,80.5,85.7,17.2,13.5,36.6,3.7,0.5832,micropolitan,10.0,48.762822680644796,68.55343253297261,-32.363882313155216,-36.97632058287797,False
18079,8.9,40.7,78.6,7.8,79.8,85.2,19.5,14.3,41.2,3.9,0.3573,small_town,14.0,65.47176192086575,53.783395333107876,12.833953331078796,-6.617647058823536,False
18081,7.1,37.8,76.5,6.0,80.8,87.0,14.1,11.9,38.8,2.9,0.1117,metropolitan,,29.827527899898545,79.61827866080486,-69.83429151166723,-46.851145038167935,False
18083,8.3,38.6,78.5,7.6,79.7,84.7,17.5,13.2,36.8,3.8,0.497,micropolitan,14.0,49.05027618081389,53.472691917483935,-7.253973621914099,-14.845173041894355,False
18085,9.2,39.8,77.4,7.2,78.8,85.5,16.6,13.0,38.7,3.5,0.3926,micropolitan,,47.24946454740164,70.20840378762259,-37.13222861007778,-41.53005464480875,False
18087,12.0,36.1,75.8,7.2,76.2,82.0,19.6,12.4,39.6,3.6,0.3961,rural,7.0,46.761920865742304,51.26817720662834,-7.372336827866079,-22.356215213358066,False
18089,10.7,39.0,78.7,7.1,79.6,86.7,17.0,15.1,39.9,4.0,0.7031,metropolitan,17.0,57.72179010258145,39.22260737233683,28.89753128170444,48.85496183206107,False
18091,9.5,41.7,78.7,7.7,79.8,86.2,17.6,15.0,37.0,3.9,0.5046,metropolitan,15.0,58.57287791680758,50.5622252282719,9.130875887724052,30.1526717557252,False
18093,8.0,40.1,79.9,7.9,80.2,86.1,16.9,13.9,42.0,3.9,0.2981,micropolitan,8.0,61.836320595197826,74.63222861007779,-24.822455191072024,-24.772313296903462,False
18095,9.0,40.6,78.5,7.5,80.1,85.6,18.5,14.0,36.4,3.8,0.5985,metropolitan,17.0,54.00180362980498,39.42762935407508,23.469732837335133,44.46564885496184,False
18097,10.7,38.2,75.7,5.9,79.1,85.1,15.0,13.0,38.3,3.5,0.826,metropolitan,19.0,37.19986472776463,23.928390260399055,24.89009130875888,46.469465648854964,False
18099,10.3,40.1,79.4,7.9,78.6,85.5,17.4,14.0,43.2,3.9,0.4493,rural,,63.71322286100777,71.64144403111261,-18.32938789313492,-32.653061224489804,False
18101,8.5,41.5,79.8,8.6,80.1,85.9,18.7,14.6,39.1,4.2,0.1613,rural,16.0,69.10156690339308,48.56273249915455,24.518092661481234,15.677179962894243,False
18103,9.8,40.1,77.9,8.1,79.5,84.5,19.2,14.6,44.3,4.0,0.3904,micropolitan,13.0,69.60883778604442,53.071102468718294,18.464660128508633,14.025500910746814,False
18105,7.0,29.7,74.0,5.4,78.1,82.2,12.2,9.9,32.5,2.7,0.4302,metropolitan,11.0,7.842971480103709,54.67746026378086,-53.432532972607376,-42.36641221374045,False
18107,9.1,39.7,78.5,7.8,80.3,85.1,17.5,13.5,39.2,3.9,0.455,micropolitan,9.0,56.80024799909818,66.57930334798783,-19.310111599594194,-21.67577413479053,False
18109,7.6,38.9,78.4,7.2,79.2,86.6,16.3,13.4,37.8,3.5,0.0538,metropolitan,,45.26265359035059,78.25921542103484,-49.306729793709835,-24.522900763358777,False
18111,9.9,40.7,79.7,8.3,79.4,85.8,18.3,14.4,43.5,4.1,0.3229,rural,11.0,70.44301657084884,64.35576597903281,0.6425431180250314,-10.018552875695732,False
18113,10.5,37.3,77.1,7.2,79.0,85.2,17.0,13.2,39.6,3.6,0.5418,rural,12.0,47.46646375831361,54.45975650997633,-11.126141359485963,-26.901669758812613,False
18115,7.3,41.7,81.0,8.4,81.6,88.1,16.6,14.3,39.5,4.1,0.1734,metropolitan,11.0,64.60376507721789,78.25710179235712,-24.95772742644573,-6.297709923664129,False
18117,8.9,41.8,79.9,8.5,80.4,85.7,19.1,14.7,39.7,4.2,0.5791,rural,11.0,70.53037988952768,67.63823131552249,-4.7683462969225445,-15.21335807050093,False
18119,8.4,41.3,79.7,8.4,80.4,86.2,18.5,14.5,41.7,4.1,0.238,rural,10.0,70.63465223762822,71.46389922218464,-10.348326006087248,-21.428571428571416,False
18121,9.7,42.4,80.1,9.1,80.3,85.1,20.7,15.4,42.3,4.5,0.6424,rural,16.0,81.24788637132228,45.31408522150828,43.28711531958065,39.61038961038961,False
18123,8.5,40.4,78.3,7.7,79.2,85.4,18.3,13.4,37.6,3.8,0.3182,small_town,9.0,54.686619321384285,66.21787284409875,-21.068650659452146,-42.64705882352941,False
18125,8.3,40.9,79.9,8.4,80.3,86.3,18.6,14.5,37.9,4.1,0.0465,rural,10.0,64.55867433209333,72.10855596888739,-17.957389245857286,-31.910946196660483,False
18127,8.3,38.5,76.4,6.6,79.8,87.1,14.5,12.5,39.9,3.2,0.1374,metropolitan,,37.74940818397024,76.08006425431181,-56.9496110923233,-31.297709923664115,False
18129,6.8,39.7,79.5,7.4,81.2,87.8,15.3,12.9,40.4,3.6,0.0092,metropolitan,,48.658550332544245,86.59113966858303,-50.45654379438621,-30.248091603053425,False
18131,8.9,41.7,79.6,8.6,80.2,86.2,18.3,14.5,38.7,4.2,0.3866,rural,12.0,67.94611655957614,65.74019276293541,-3.8890767669935684,-14.842300556586252,False
18133,8.0,36.5,77.4,6.9,78.8,84.8,16.4,12.4,38.4,3.4,0.1502,metropolitan,9.0,38.318678841167845,63.58217788298952,-37.23368278660804,-11.354961832061072,False
18135,9.2,41.0,79.9,8.5,79.7,85.7,18.7,14.4,38.7,4.2,0.5113,small_town,15.0,67.10066508849059,51.76487994589111,17.822117010483595,-0.735294117647058,False
18137,7.7,38.2,78.7,7.3,80.1,86.1,16.9,12.5,36.2,3.6,0.2062,rural,,41.65539398038552,79.0602806898884,-54.683801149814,-72.72727272727272,False
18139,8.4,40.1,79.6,8.2,80.3,85.7,18.6,14.3,39.1,4.0,0.2125,small_town,8.0,63.23695186562958,72.5080317889753,-20.22319918836658,-36.76470588235294,False
18141,9.0,37.2,77.3,6.5,80.0,85.3,14.9,12.9,35.3,3.4,0.6134,metropolitan,12.0,31.831247886371326,58.98292188028407,-38.72167737571864,-13.07251908396946,False
18143,9.4,40.6,78.0,7.8,79.0,84.5,20.0,14.1,42.3,3.9,0.5807,small_town,,66.38203133806786,69.00997632735881,-11.193777477172816,-29.77941176470589,False
18145,8.5,40.3,79.3,7.6,80.1,86.1,17.9,13.9,41.2,3.7,0.2832,micropolitan,,59.72269191748393,78.56146432194792,-31.450794724382817,-31.329690346083794,False
18147,7.3,40.9,79.4,7.6,80.8,87.6,16.0,13.4,39.9,3.6,0.0369,metropolitan,11.0,53.088716041032576,74.20527561717958,-34.79878254988165,-12.595419847328245,False
18149,9.6,41.2,80.0,8.6,79.3,85.3,19.9,15.0,42.4,4.3,0.2829,rural,16.0,75.97790553488896,44.11354413256679,40.547852553263446,35.25046382189238,False
18151,7.8,39.2,79.4,7.8,80.3,86.4,15.4,13.5,34.8,3.7,0.1651,micropolitan,11.0,44.231202795626196,70.45781197159283,-41.359485965505584,-44.80874316939891,False
18153,9.5,41.1,78.0,8.1,79.1,84.3,19.9,14.1,43.6,4.0,0.574,metropolitan,10.0,70.07101792357118,59.95519107203246,7.000338180588429,23.664122137404576,False
18155,9.5,42.8,79.2,8.7,79.7,85.4,20.4,14.9,40.4,4.3,0.5886,micropolitan,,75.64254311802502,74.24966181941156,-8.657423063916127,-9.471766848816017,False
18157,8.6,29.4,72.4,5.3,77.4,81.2,13.0,10.0,27.9,2.7,0.5087,metropolitan,15.0,7.155337616954121,35.37580317889753,-19.783564423402098,-11.927480916030536,False
18159,7.4,39.7,80.2,7.8,80.9,87.5,15.7,13.5,36.5,3.8,0.0382,metropolitan,,48.509187239319125,86.18532296246195,-50.49036185322962,-30.057251908396935,False
18161,7.1,39.2,79.6,7.5,80.7,87.5,15.9,13.0,37.6,3.6,0.0897,micropolitan,14.0,45.34719873745914,65.26673993912749,-31.315522489009126,-34.97267759562841,False
18163,8.2,38.4,78.6,7.3,81.9,85.6,16.2,12.8,38.2,3.7,0.5612,metropolitan,13.0,45.116108668695745,62.669090294217106,-27.42644572201555,-2.1946564885496116,False
18165,8.1,40.9,79.6,8.2,80.6,85.8,18.6,14.3,40.6,4.0,0.391,metropolitan,12.0,66.78502987261864,66.88366587757862,-7.304700710179233,9.92366412213741,False
18167,8.9,37.5,77.4,7.4,79.2,83.1,17.6,13.7,41.0,3.8,0.7286,metropolitan,17.0,54.71198286551686,31.99188366587758,37.23368278660804,57.15648854961832,False
18169,8.0,40.0,80.3,8.1,80.6,86.4,16.8,13.8,38.1,4.0,0.147,micropolitan,14.0,57.23988276406268,62.73461278322624,-12.106865065945222,-14.754098360655739,False
18171,7.9,40.5,80.2,8.2,80.4,86.9,17.4,14.1,41.6,4.0,0.0315,metropolitan,9.0,65.4971254649983,76.35272235373691,-21.880284071694277,-4.007633587786259,False
18173,6.1,35.3,79.2,6.3,81.1,88.3,13.0,11.6,34.0,3.1,0.0194,metropolitan,,19.09874873182279,87.0582516063578,-84.34223875549544,-69.65648854961832,False
18175,9.0,42.3,78.6,8.3,79.9,85.2,19.8,14.7,41.5,4.1,0.3382,metropolitan,10.0,72.4495547288919,65.06805884342239,1.7247210010145295,16.12595419847328,False
18177,9.0,40.9,79.4,8.3,80.1,85.2,19.1,14.7,37.9,4.2,0.7515,micropolitan,12.0,65.79585165144854,62.521136286777136,-1.115995941832935,-3.096539162112933,False
18179,8.0,39.2,78.4,7.2,79.5,86.3,16.4,12.7,41.9,3.5,0.0531,micropolitan,,50.08172697553828,77.45815015218126,-42.34020967196483,-44.62659380692168,False
18181,9.4,40.3,80.2,8.1,80.8,86.7,16.4,14.6,44.6,4.0,0.2221,micropolitan,12.0,66.06357795062563,67.92357118701386,-10.010145417653021,-12.568306010928964,False
18183,7.6,38.1,79.3,7.3,80.1,86.7,15.8,12.6,39.7,3.5,0.0735,micropolitan,,44.22556645248563,81.65793033479878,-54.176530267162676,-54.644808743169385,False
19001,7.2,39.6,80.8,8.3,78.3,85.2,16.7,13.1,39.9,4.1,0.0554,rural,11.0,59.618419569383384,67.23030098072371,-17.010483598241464,-31.632653061224495,False
19003,6.5,39.8,81.7,8.4,80.1,86.7,15.6,13.2,39.1,4.1,0.091,rural,10.0,56.972156464885586,77.92103483260061,-34.2915116672303,-51.0204081632653,False
19005,8.2,39.6,81.1,8.5,77.8,85.6,16.2,13.1,42.3,4.1,0.2164,rural,15.0,62.54931800247999,51.695130199526545,12.073047007101792,-1.0204081632653086,False
19007,8.2,43.3,81.5,9.6,79.4,84.3,19.6,15.4,43.4,4.8,0.4547,small_town,15.0,84.68605568707024,52.4031958065607,35.47514372675009,20.588235294117638,False
19009,7.2,40.2,81.4,8.8,79.4,86.3,16.3,13.6,37.6,4.3,0.0611,rural,12.0,60.889414947582004,70.44090294217112,-20.392289482583706,-35.343228200371065,False
19011,6.1,36.2,79.6,7.0,78.9,86.1,14.9,11.1,40.8,3.4,0.007,metropolitan,11.0,35.968323751549995,69.8131552248901,-51.2174501183632,-25.667938931297712,False
19013,7.2,33.9,77.0,6.5,78.7,83.0,15.6,11.6,40.4,3.3,0.5667,metropolitan,12.0,33.53624168639387,56.01538721677376,-31.991883665877577,-6.0114503816793885,False
19015,6.2,36.4,78.3,6.6,78.3,85.9,14.3,11.2,43.4,3.3,0.0255,micropolitan,,35.53432532972607,76.45206290158944,-60.06087250591816,-64.66302367941712,False
19017,5.8,33.4,78.3,6.4,77.8,85.1,13.2,9.9,37.6,3.1,0.021,small_town,,19.87656408522151,73.81002705444708,-72.84409874873182,-85.66176470588235,False
19019,6.4,35.6,78.5,6.7,77.8,85.2,15.3,11.1,37.6,3.3,0.0655,rural,9.0,29.500619997745464,66.8181433885695,-53.73689550219818,-68.08905380333951,False
19021,12.8,34.3,77.3,7.1,77.0,82.1,15.6,13.0,38.1,3.6,0.6258,micropolitan,14.0,37.82549881636794,38.22074737910044,5.207981061887047,-4.007285974499084,False
19023,6.9,38.8,80.3,8.0,79.3,85.6,15.7,12.6,39.3,4.0,0.0325,rural,11.0,51.7331755157254,69.82160973960094,-30.520798106188707,-46.614100185528756,False
19025,7.1,37.1,80.1,7.8,78.5,85.2,15.6,12.3,39.8,3.8,0.092,micropolitan,,46.37019501747267,77.45392289482584,-47.48055461616503,-49.90892531876139,False
19027,6.9,37.2,80.1,7.5,79.0,85.6,15.2,12.0,39.7,3.7,0.0815,micropolitan,,42.41630030436253,79.64998309097058,-54.548528914440304,-57.74134790528234,False
19029,7.6,39.8,81.2,8.7,79.4,85.1,17.5,13.9,40.7,4.3,0.2144,small_town,16.0,67.93484387329501,49.18202570172472,22.590463307406168,5.882352941176471,False
19031,6.5,36.6,80.0,7.2,78.7,86.1,15.2,11.9,40.8,3.6,0.0089,rural,11.0,41.23548641641303,69.83429151166723,-44.23402096719648,-61.688311688311686,False
19033,7.1,37.6,80.7,7.9,78.5,85.6,15.5,12.5,40.1,3.9,0.1343,micropolitan,,49.39127494081839,79.32871153195808,-44.808927967534665,-47.7231329690346,False
19035,7.9,40.3,81.5,8.7,79.4,85.6,16.4,13.7,40.6,4.3,0.1546,rural,10.0,66.11712321046106,71.89930672979371,-15.826851538721698,-28.57142857142857,False
19037,7.7,38.6,80.1,7.9,77.7,85.6,15.5,12.6,39.4,3.9,0.0433,rural,7.0,49.797091646939464,70.84460601961447,-34.528238079134255,-51.484230055658614,False
19039,11.3,38.2,79.3,8.4,77.0,82.6,18.8,14.2,43.1,4.3,0.8107,metropolitan,16.0,69.08747604554166,32.98528914440311,53.09435238417315,67.84351145038167,False
19041,6.9,37.0,80.1,7.6,78.3,85.5,15.3,12.3,35.2,3.8,0.1826,micropolitan,,37.8536805320708,78.07744335475144,-58.69124112275955,-62.204007285974505,False
19043,7.7,41.3,81.2,9.1,79.8,85.4,17.8,13.9,41.0,4.5,0.2752,rural,13.0,73.23300642543118,64.86092323300642,2.6378085897869568,-6.679035250463812,False
19045,7.4,38.4,79.4,7.8,78.0,84.8,16.9,12.7,39.3,3.9,0.3446,micropolitan,10.0,51.91353849622365,65.01733175515724,-22.15082854244165,-24.590163934426243,False
19047,13.5,37.7,79.1,8.0,77.6,83.1,16.7,14.3,42.6,4.0,0.7563,small_town,16.0,61.0810506143614,31.930588434223875,45.011836320595194,31.98529411764706,False
19049,5.5,29.4,75.2,4.6,75.9,85.8,10.9,8.8,32.8,2.3,0.0515,metropolitan,15.0,4.765528125352271,44.663087588772406,-38.55258708150152,-32.06106870229008,False
19051,8.8,37.0,78.7,7.6,77.1,83.2,17.5,12.0,37.5,3.8,0.4585,rural,9.0,44.2875662270319,59.22598917822118,-23.53736895502199,-40.72356215213358,False
19053,8.1,35.3,79.4,7.9,76.5,81.8,15.9,12.4,39.6,3.9,0.524,rural,14.0,46.06583248788186,47.46998647277646,-1.7923571187013891,-15.39888682745826,False
19055,7.0,37.7,80.4,7.9,78.5,85.2,16.3,12.5,39.7,3.9,0.0248,rural,,50.479089166948484,78.10492052756172,-42.306391613121406,-60.01855287569574,False
19057,7.4,35.5,79.8,7.5,79.8,84.8,15.9,12.3,34.6,3.8,0.4174,micropolitan,16.0,36.174050276180814,47.461531958065606,-14.47412918498479,-25.13661202185792,False
19059,5.6,38.5,82.3,7.9,79.9,88.0,13.1,12.1,37.2,3.8,0.055,micropolitan,,39.00631270431744,89.40860669597565,-63.4426783902604,-63.20582877959927,False
19061,6.4,31.2,78.7,6.5,78.1,84.6,13.6,10.4,34.3,3.3,0.2281,metropolitan,10.0,16.708939240220946,64.83344606019614,-61.98850185999322,-45.038167938931295,False
19063,8.9,38.4,79.7,8.0,78.2,84.3,16.2,12.7,42.5,4.0,0.2494,small_town,,56.70724833727877,71.11092323300643,-26.530267162664863,-44.48529411764706,False
19065,7.4,38.8,80.2,8.2,79.4,84.5,16.9,13.1,38.5,4.1,0.2179,rural,15.0,55.95197835644234,52.36937774771729,3.3479878254988265,-10.482374768089052,False
19067,7.4,37.9,80.5,8.0,78.2,85.1,16.2,12.9,39.8,4.0,0.1196,small_town,15.0,53.24653364896855,51.7331755157254,0.9130875887724059,-19.852941176470587,False
19069,10.0,39.0,80.8,8.6,78.4,85.0,17.0,14.1,40.7,4.2,0.2132,rural,17.0,65.5196708375606,37.28229624619547,41.697666553939804,31.81818181818182,False
19071,6.6,38.6,80.9,8.0,79.5,86.6,15.2,12.7,39.9,3.9,0.0146,rural,,50.84263329951528,84.45848833276969,-46.838011498140006,-63.450834879406294,False
19073,7.1,38.6,81.3,8.3,79.1,85.7,16.5,13.1,35.8,4.1,0.1664,rural,15.0,51.63172133919513,56.507862698681095,-8.860331416976663,-24.118738404452685,False
19075,5.9,35.4,79.4,6.9,78.7,86.5,13.9,11.1,37.5,3.4,0.0029,rural,,27.167173937549318,80.83361515049036,-73.89245857287793,-89.51762523191096,False
19077,6.4,37.8,80.8,7.7,78.2,86.6,14.6,12.4,37.2,3.8,0.0178,rural,,40.68594296020741,82.025701724721,-58.67433209333784,-76.90166975881262,False
19079,7.5,36.9,80.1,7.3,79.4,85.9,14.7,12.1,36.5,3.6,0.1289,small_town,9.0,34.53387442227483,72.90962123774096,-57.35542779844437,-75.0,False
19081,7.5,38.0,80.7,7.9,79.3,85.7,15.5,12.6,42.2,3.9,0.0713,rural,,52.787171683012055,80.42357118701386,-41.832938789313495,-58.34879406307977,False
19083,7.5,38.5,80.1,7.9,78.8,85.3,16.2,12.9,38.9,4.0,0.1514,rural,,52.04035621688649,77.66528576259722,-39.66858302333446,-56.58627087198515,False
19085,6.7,37.0,80.0,7.4,79.0,85.6,15.8,12.5,35.2,3.7,0.0388,metropolitan,,37.749408183970246,79.67111937774771,-60.61887047683464,-36.16412213740458,False
19087,7.8,37.3,78.8,7.5,77.4,84.1,16.1,12.5,38.8,3.7,0.2001,small_town,12.0,44.32420245744561,57.06163341224214,-19.479201893811293,-44.852941176470594,False
19089,7.5,37.2,79.8,7.7,77.8,84.6,16.6,12.4,38.0,3.8,0.0846,rural,,45.44301657084884,73.71491376394995,-43.82820426107541,-61.688311688311686,False
19091,7.7,38.8,80.3,8.3,78.5,85.0,16.8,13.2,41.4,4.1,0.1941,small_town,13.0,61.21914102130537,60.1898038552587,-3.956712884680421,-23.52941176470589,False
19093,7.4,37.4,80.4,7.9,77.8,85.1,16.0,12.4,41.0,3.9,0.0445,rural,,51.13854131439522,75.9426783902604,-39.059857964152854,-56.586270871985164,False
19095,6.6,36.8,79.6,7.1,79.1,86.1,14.8,11.7,43.4,3.5,0.0484,rural,,41.09739600946906,80.51022996280014,-57.05106526885357,-75.32467532467531,False
19097,6.9,38.5,80.5,7.9,78.6,85.5,16.3,12.7,40.3,3.9,0.078,small_town,7.0,53.18171570285199,74.12707135610415,-34.39296584376058,-52.94117647058823,False
19099,7.2,36.8,78.1,7.1,78.3,84.6,16.5,11.9,38.3,3.6,0.2078,micropolitan,8.0,39.58121970465562,65.83319242475483,-39.448765640852216,-43.89799635701276,False
19101,6.8,39.1,80.1,8.3,79.5,85.6,14.0,13.2,39.6,4.0,0.6774,small_town,13.0,52.06290158944876,64.57558336151504,-21.373013189042958,-43.01470588235294,False
19103,6.3,28.1,74.2,4.8,76.4,81.2,10.9,8.8,30.4,2.5,0.3863,metropolitan,17.0,3.657986698230188,27.982330064254313,-11.15995941832939,-8.206106870229007,False
19105,6.9,36.4,79.2,7.4,79.0,85.2,16.0,11.9,39.7,3.7,0.1082,rural,12.0,42.46420922105738,63.98165370307744,-32.93878931349341,-49.81447124304266,False
19107,7.3,39.6,80.1,8.2,78.0,84.5,17.6,13.4,41.4,4.1,0.0633,rural,16.0,63.66249577274264,44.25092999661819,26.783902603990533,16.60482374768089,False
19109,7.0,38.0,81.6,8.4,79.7,86.3,14.9,13.1,38.2,4.1,0.203,rural,9.0,51.076541539848954,77.31653703077444,-40.649306729793715,-57.69944341372913,False
19111,7.4,37.7,80.0,8.0,78.2,84.9,17.5,12.9,37.6,4.0,0.2631,micropolitan,15.0,51.741630030436255,50.46077105174163,0.9807237064592513,-5.464480874316948,False
19113,6.4,31.3,78.1,6.2,78.0,84.8,13.5,11.2,35.4,3.1,0.1944,metropolitan,,17.376845902378538,72.7489854582347,-73.72336827866081,-55.43893129770992,False
19115,9.8,36.3,79.7,7.4,78.4,85.1,15.7,12.8,40.2,3.7,0.2676,rural,13.0,45.12174501183632,55.45316198850186,-15.793033479878261,-32.28200371057514,False
19117,8.1,39.7,80.8,8.7,78.8,84.3,18.4,13.9,39.8,4.3,0.3458,rural,14.0,67.50648179461166,55.50600270544471,12.140683124788637,1.0204081632653086,False
19119,7.5,37.3,79.6,7.2,79.1,85.3,16.0,11.8,42.2,3.5,0.0286,rural,,44.26502085446962,77.31865065945215,-49.8478187352046,-68.6456400742115,False
19121,5.9,33.5,77.6,6.2,77.8,86.0,14.2,10.5,37.2,3.1,0.0035,metropolitan,,21.38992221846466,74.81400067636118,-73.23300642543118,-52.862595419847324,False
19123,7.1,36.0,78.6,7.2,76.8,83.4,16.3,11.7,38.6,3.6,0.1575,micropolitan,16.0,38.52722353736896,38.840040581670614,5.444707473791006,-3.09653916211294,False
19125,5.9,34.5,78.1,6.5,78.1,85.4,13.3,10.5,39.4,3.2,0.099,micropolitan,,25.14090857851426,74.61743320933378,-69.41156577612445,-77.04918032786885,False
19127,11.0,34.7,77.9,7.1,78.8,84.0,15.2,12.7,44.1,3.6,0.6799,micropolitan,16.0,43.66756848156916,35.22150828542442,18.00811633412242,8.925318761384332,False
19129,5.9,35.9,79.5,6.7,78.6,86.7,13.8,11.3,39.2,3.3,0.0811,metropolitan,,29.497801826175177,81.27324991545485,-71.86337504227258,-49.33206106870228,False
19131,6.8,37.8,80.7,7.8,78.7,85.6,15.3,12.2,40.1,3.8,0.085,rural,15.0,46.99582910607598,55.159367602299625,-12.969225566452494,-29.035250463821896,False
19133,7.3,39.5,81.0,8.3,79.4,85.3,16.3,13.1,42.2,4.1,0.0951,rural,14.0,61.60804869800473,60.2489854582347,-3.6185322962461868,-17.9035250463822,False
19135,6.6,36.7,79.3,7.2,78.4,85.4,15.5,11.7,38.2,3.6,0.1203,rural,,37.10122872280464,76.87901589448765,-58.60669597565099,-76.71614100185528,False
19137,7.4,38.7,80.3,8.1,78.7,84.9,16.5,12.9,39.5,4.1,0.1432,small_town,,55.84770600834179,76.98469732837336,-34.49442002029084,-50.73529411764706,False
19139,10.0,35.4,78.5,7.0,76.8,84.1,15.9,12.3,41.4,3.5,0.4792,micropolitan,16.0,41.48630368616842,34.51132904971254,16.638484950963818,6.7395264116575575,False
19141,8.4,36.9,78.6,7.9,77.6,83.9,16.4,12.4,38.8,3.9,0.3681,rural,,47.74546274377184,68.60838687859317,-33.8518769022658,-50.278293135436,False
19143,9.6,39.4,80.7,8.8,78.2,84.4,17.1,14.0,39.5,4.4,0.251,rural,,66.14812309773419,71.6858302333446,-15.45485289144402,-28.200371057513898,False
19145,8.3,40.8,80.2,8.5,78.5,84.5,18.0,13.6,42.9,4.3,0.3878,small_town,14.0,70.60928869349566,53.922894825837,17.754480892796757,-2.205882352941188,False
19147,6.9,37.3,80.3,7.7,78.6,85.2,15.1,12.1,40.0,3.8,0.1422,rural,,44.88220042836209,78.3162833953331,-49.98309097057828,-68.73840445269018,False
19149,7.0,35.0,79.0,6.8,77.8,85.7,14.5,11.2,39.4,3.3,0.0624,rural,,30.315071581557884,75.64888400405817,-65.67467027392628,-82.28200371057514,False
19151,7.8,38.7,81.5,8.4,79.6,85.9,15.9,13.3,36.2,4.2,0.1476,rural,14.0,52.86326231540976,61.86591139668583,-16.063577950625643,-31.354359925788494,False
19153,7.5,31.2,75.7,5.5,75.3,83.5,13.3,10.1,37.0,2.8,0.4477,metropolitan,14.0,15.170217562845224,43.37800135272235,-27.324991545485297,-12.02290076335878,False
19155,8.2,35.3,79.1,7.0,77.3,84.0,17.0,11.7,39.1,3.6,0.4944,metropolitan,10.0,39.197948371096835,60.741460940142034,-32.39770037199864,-6.0114503816793885,False
19157,7.0,35.2,79.4,7.2,77.3,83.5,14.7,11.4,40.5,3.6,0.2348,rural,7.0,36.726411903956716,66.36371322286101,-44.30165708488333,-61.03896103896105,False
19159,6.4,37.9,81.0,7.7,79.6,86.4,14.8,12.2,42.7,3.8,0.2176,rural,,48.44718746477286,84.50710179235712,-50.1521812647954,-67.25417439703155,False
19161,7.0,37.9,80.7,8.1,79.1,86.2,15.1,12.5,41.3,3.9,0.0614,rural,14.0,51.57253973621914,62.01386540412581,-17.788298951640165,-33.76623376623375,False
19163,6.9,32.8,78.4,6.3,78.8,84.9,14.0,11.0,40.6,3.3,0.3252,metropolitan,17.0,27.897080374253182,39.064085221508286,-7.744335475143728,14.026717557251906,False
19165,7.0,37.4,81.2,7.9,79.3,86.2,15.2,12.5,37.8,3.9,0.029,small_town,,44.603201442903845,83.18397024010821,-54.548528914440304,-70.58823529411765,False
19167,7.9,32.5,76.3,5.9,76.9,83.3,12.9,9.8,33.0,2.9,0.1311,small_town,,11.76868447751099,64.5058336151505,-66.53703077443355,-80.51470588235294,False
19169,6.1,26.4,70.4,4.7,74.6,78.3,11.1,8.1,30.8,2.3,0.2364,metropolitan,17.0,3.32826062450682,24.961954683801153,-7.879607710517415,-5.629770992366412,False
19171,9.3,37.7,79.8,8.2,77.9,84.3,17.4,13.6,40.2,4.1,0.4384,small_town,16.0,59.64096494194567,39.63053770713561,29.962800135272232,12.5,False
19173,8.5,39.1,80.4,8.0,78.3,84.9,16.3,12.9,39.7,4.0,0.1292,rural,16.0,54.959981963701956,43.859908691241124,17.010483598241457,5.936920222634505,False
19175,7.3,37.2,79.2,7.4,78.5,84.3,15.8,12.1,37.2,3.7,0.3767,small_town,,39.51921993010935,73.73182279337166,-51.26817720662834,-72.05882352941177,False
19177,8.0,40.2,80.8,8.8,78.3,84.4,18.5,13.9,39.5,4.4,0.3608,rural,11.0,68.81129523165372,64.24374365911396,-0.8961785593507017,-11.873840445269025,False
19179,10.0,35.8,79.1,7.6,77.3,82.8,18.0,13.5,41.7,3.9,0.7852,micropolitan,15.0,55.28688986585504,40.21601285086236,23.943185661143048,15.482695810564664,False
19181,5.7,32.3,78.0,5.6,77.1,85.7,12.6,9.7,38.7,2.8,0.0741,metropolitan,,17.106301431631156,73.83750422725736,-75.19445383834969,-57.29961832061069,False
19183,7.8,37.3,79.9,7.3,78.1,85.0,15.1,12.0,38.6,3.6,0.1397,metropolitan,15.0,38.76113177770262,49.678728440987484,-14.457220155563071,11.498091603053432,False
19185,7.8,38.8,80.5,8.6,78.6,84.5,17.2,13.1,40.6,4.3,0.4168,rural,14.0,63.546950738360955,55.5651843084207,7.237064592492402,-6.12244897959183,False
19187,8.0,36.9,77.7,7.1,77.8,83.0,16.0,11.8,41.2,3.6,0.3439,micropolitan,10.0,43.132115883214965,58.325583361515044,-23.43591477849172,-29.326047358834245,False
19189,7.0,36.4,79.5,7.2,78.5,84.8,14.3,11.6,38.4,3.6,0.1403,rural,15.0,34.16187577499718,50.64042948934731,-22.489009130875893,-36.827458256029686,False
19191,5.8,34.1,80.0,7.0,79.1,85.3,12.4,10.7,34.7,3.4,0.0522,small_town,,19.80329162439409,79.78314169766655,-79.77680081163341,-89.33823529411764,False
19193,10.6,34.5,77.6,6.6,76.9,82.5,16.1,12.1,39.1,3.4,0.7197,metropolitan,14.0,34.94250929996618,41.09950963814677,-4.362529590801486,19.1793893129771,False
19195,6.8,38.1,79.9,7.7,79.2,86.1,15.5,12.4,40.5,3.8,0.0232,rural,,48.52891444031113,81.03229624619547,-47.954007439972955,-65.67717996289424,False
19197,9.9,38.4,80.9,8.6,78.8,84.8,16.0,13.9,40.7,4.2,0.3971,rural,15.0,62.2055010709052,48.452823807913425,16.57084883327697,4.174397031539883,False
20001,9.1,36.5,80.3,7.8,77.7,84.0,16.5,12.5,37.4,3.9,0.5854,small_town,14.0,45.04001803629805,50.42483936422049,-7.913425769360849,-31.249999999999993,False
20003,9.7,39.2,80.0,8.4,76.8,83.8,18.1,13.1,40.1,4.2,0.4085,rural,15.0,62.974861909593066,42.686844775109904,28.81298613459588,17.71799628942486,False
20005,8.8,34.8,78.3,6.9,75.2,81.6,15.3,11.2,37.0,3.4,0.4728,micropolitan,8.0,29.179348438732948,56.91579303347988,-38.011498140006765,-48.998178506375226,False
20007,8.6,40.9,82.1,8.9,78.3,86.0,16.4,13.8,38.6,4.3,0.5107,rural,10.0,64.22613008679967,69.8765640852215,-15.33648968549204,-29.40630797773654,False
20009,11.7,38.3,79.9,8.2,78.0,84.2,16.3,13.4,38.8,4.0,0.7006,micropolitan,14.0,54.59925600270544,47.102215082854244,10.043963476496451,3.6429872495446247,False
20011,9.0,38.2,80.0,7.9,77.9,83.4,16.9,12.7,36.7,4.0,0.5126,small_town,15.0,49.10382144064931,44.7835644234021,7.642881298613467,-12.867647058823529,False
20013,9.0,40.4,80.8,8.4,78.7,85.3,17.7,13.5,39.6,4.2,0.1893,rural,7.0,64.19231202795626,70.50431180250254,-16.131214068312488,-30.148423005565867,False
20015,8.3,34.5,78.1,6.2,77.0,84.9,14.4,10.7,39.0,3.1,0.1295,metropolitan,,25.67636117686845,68.69293202570172,-60.50050727088266,-38.74045801526718,False
20017,10.7,40.0,81.4,8.9,78.4,84.7,16.4,13.9,38.2,4.3,0.2358,rural,13.0,62.726862811407955,55.930842069665204,5.275617179573885,-8.441558441558442,False
20019,10.7,42.6,81.8,10.1,78.1,84.5,19.1,15.2,40.4,5.0,0.5781,rural,16.0,81.96088377860444,41.02341900574907,52.26580994250931,49.30426716141001,False
20021,9.5,38.8,80.3,8.5,77.9,83.9,18.9,13.4,43.8,4.3,0.4718,metropolitan,17.0,69.0395671288468,34.5345789651674,50.65945214744674,65.17175572519085,False
20023,11.4,41.5,82.1,9.8,78.6,85.1,17.7,14.8,38.0,4.7,0.2953,rural,20.0,72.97937098410551,29.542188028407168,62.05613797768008,54.73098330241187,False
20025,9.8,37.8,80.6,7.7,78.0,85.9,13.9,12.1,36.8,3.7,0.2354,rural,,37.05613797768008,74.2855935069327,-55.69834291511668,-73.74768089053802,False
20027,8.7,39.9,81.4,8.4,78.1,85.7,16.5,12.8,39.6,4.1,0.4636,small_town,14.0,58.70533198061097,56.643134934054785,-0.40581670612107956,-21.32352941176471,False
20029,8.6,38.6,79.4,7.7,76.9,84.0,15.9,12.3,41.4,3.8,0.3427,small_town,13.0,51.00326907902153,52.701217450118364,-3.3479878254988193,-25.36764705882353,False
20031,8.7,38.5,81.2,8.1,78.5,85.6,16.2,12.7,36.9,3.9,0.2743,rural,,48.43873295006199,77.07558336151504,-44.09874873182279,-61.87384044526902,False
20033,8.9,40.2,82.4,8.6,79.5,86.5,15.1,13.3,39.2,4.2,0.2577,rural,,58.64051403449442,81.81856611430504,-35.77950625634088,-51.85528756957327,False
20035,10.7,37.6,79.2,7.4,76.3,83.5,15.7,12.8,40.9,3.7,0.7871,micropolitan,14.0,47.948371096832375,43.99095366925938,7.744335475143728,-1.8214936247723017,False
20037,9.7,35.1,76.9,6.9,75.6,80.3,16.4,11.2,36.8,3.5,0.7213,micropolitan,18.0,32.222973734640966,19.965336489685495,21.575921542103483,17.122040072859747,False
20039,8.1,40.2,83.0,8.9,78.8,87.6,14.1,13.4,36.6,4.2,0.0681,rural,14.0,53.7904407620336,64.31349340547852,-19.141021305377073,-34.69387755102039,False
20041,8.6,37.1,79.6,7.5,77.8,85.6,15.0,11.9,39.5,3.7,0.1884,micropolitan,,41.20166835756961,73.59866418667568,-49.03618532296246,-53.916211293260474,False
20043,8.3,35.9,79.2,7.1,77.3,84.4,15.3,11.5,37.5,3.5,0.1861,metropolitan,,33.06560703415624,70.10906323977004,-55.12343591477849,-30.24809160305344,False
20045,7.5,26.6,74.0,4.8,76.5,80.7,11.6,8.4,30.5,2.5,0.3602,metropolitan,16.0,3.9426220268289938,31.364135948596548,-15.59012512681772,-11.54580152671756,False
20047,13.4,39.9,81.0,8.6,77.6,84.8,16.7,14.3,39.9,4.2,0.4639,rural,10.0,65.24349002367263,59.04421711193777,3.53398714913763,-8.905380333951769,False
20049,9.5,43.7,83.0,10.3,79.6,86.1,18.4,15.8,40.5,5.0,0.336,rural,12.0,83.38406042159848,67.23664186675686,9.350693270206293,3.3858998144712444,False
20051,8.6,31.7,76.8,6.1,76.1,80.7,13.1,9.8,36.5,3.0,0.2393,micropolitan,8.0,15.94803291624394,55.277730808251604,-47.41291849847819,-59.19854280510018,False
20053,9.5,37.9,79.5,7.5,77.1,84.8,14.7,11.7,39.1,3.7,0.1731,rural,,40.44639837673318,68.93811295231654,-43.77747717281028,-61.08534322820036,False
20055,21.1,32.9,75.8,6.2,72.7,80.8,15.3,13.1,37.3,3.2,0.8966,micropolitan,,29.962800135272232,50.511498140006765,-26.91917483936422,-38.069216757741344,False
20057,21.9,33.2,74.8,6.4,72.2,80.1,15.5,13.1,39.1,3.3,0.7359,micropolitan,13.0,34.37042047119829,33.226242813662495,9.367602299628,-2.003642987249542,False
20059,8.8,36.2,79.3,7.0,76.3,84.0,16.1,11.5,40.3,3.5,0.224,micropolitan,,39.316311577048815,67.6551403449442,-43.32093337842409,-48.26958105646631,False
20061,13.1,29.5,68.6,4.9,73.1,77.1,16.4,9.3,34.5,2.7,0.7353,micropolitan,17.0,16.15375944087476,14.636878593168753,9.232330064254311,4.918032786885247,False
20063,8.4,38.0,81.8,8.0,77.3,86.1,15.2,12.3,37.4,3.9,0.0372,rural,14.0,44.65392853116898,57.40192762935408,-19.749746364558675,-36.363636363636374,False
20065,8.4,42.4,83.4,9.5,79.7,86.8,15.3,14.3,36.7,4.6,0.2765,rural,15.0,65.21812647954009,59.276716266486304,2.85762597226919,-9.647495361781075,False
20067,17.4,31.5,76.8,5.9,74.1,83.9,12.6,11.8,35.4,2.9,0.3363,small_town,14.0,15.995941832938788,34.7015556307068,-10.957051065268855,-19.48529411764706,False
20069,12.9,33.7,78.0,7.0,74.5,82.6,15.6,11.2,39.5,3.4,0.2816,rural,13.0,33.141697666553945,41.53280351707812,-7.304700710179237,-19.666048237476808,False
20071,10.0,35.7,80.2,7.1,78.1,86.7,13.4,11.7,36.8,3.4,0.2689,rural,,27.733626423176645,75.45443016570849,-68.05884342238755,-83.90538033395177,False
20073,9.0,42.0,82.4,9.4,78.2,86.1,17.4,14.4,40.7,4.5,0.2978,rural,16.0,74.7914553037989,47.687690226581,32.43151843084206,25.881261595547308,False
20075,17.0,33.7,76.7,6.4,74.7,83.6,14.5,11.8,40.2,3.2,0.3398,rural,,30.261526321722467,54.72396009469057,-33.141697666553945,-47.30983302411874,False
20077,11.4,40.6,81.3,9.3,77.4,83.6,19.2,14.8,41.9,4.7,0.6316,rural,14.0,78.52835080599708,47.787030774433546,35.948596550557994,30.983302411873836,False
20079,9.8,35.0,79.7,7.2,78.2,85.0,13.8,12.2,36.5,3.5,0.4193,micropolitan,,29.585165144854017,70.95028745350017,-60.16232668244844,-69.2167577413479,False
20081,16.4,34.9,77.9,7.4,74.6,81.8,16.2,13.2,41.8,3.7,0.4143,rural,,47.844098748731824,55.296753466351035,-11.903956712884678,-27.64378478664193,False
20083,8.1,36.8,80.8,7.2,78.2,86.8,13.3,11.5,36.5,3.5,0.0646,rural,,29.100439634764967,79.98393642204937,-71.08555968887386,-86.92022263450835,False
20085,8.8,36.5,80.2,7.6,77.4,85.3,15.8,12.3,37.8,3.7,0.2472,metropolitan,,40.97339646037651,72.98359824146095,-48.731822793371656,-22.80534351145038,False
20087,7.5,35.6,80.7,7.1,78.9,86.4,14.6,11.3,34.7,3.4,0.0197,metropolitan,,26.31890429489347,81.4634764964491,-75.31281704430165,-54.58015267175571,False
20089,9.2,44.5,84.2,10.8,80.5,86.5,17.3,15.8,39.1,5.1,0.0455,rural,16.0,80.61661593957841,53.04573892458573,29.658437605681435,23.37662337662337,False
20091,6.6,32.0,76.8,5.0,79.1,87.9,9.7,9.4,31.2,2.5,0.0605,metropolitan,,5.2417991207304695,79.17018938112952,-91.34257693608387,-84.25572519083968,False
20093,16.5,34.4,78.2,7.1,74.1,82.5,15.7,12.9,37.6,3.6,0.5358,rural,,37.126592266937216,55.903364896854924,-26.919174839364224,-43.042671614100186,False
20095,8.8,37.3,79.5,7.4,77.1,85.1,16.4,12.0,39.8,3.7,0.1079,rural,20.0,44.89910945778379,27.274264457220156,31.58606695975651,16.048237476808904,False
20097,8.6,37.2,80.7,7.7,78.1,85.2,13.9,11.8,39.0,3.7,0.2879,rural,,38.78931349340548,74.86472776462631,-53.90598579641529,-72.72727272727272,False
20099,10.2,40.4,79.4,8.4,77.1,84.0,17.9,13.4,41.3,4.3,0.4941,small_town,,67.60793597114194,66.408099425093,-5.309435238417308,-24.26470588235295,False
20101,9.3,39.1,81.9,8.3,79.0,86.9,14.4,13.1,36.6,4.0,0.0716,rural,8.0,47.95682561154322,74.46102468718294,-41.56239431856611,-59.183673469387756,False
20103,8.5,32.9,77.7,6.0,76.2,85.1,13.6,10.8,39.8,3.0,0.2475,micropolitan,,23.664186675684814,67.29582346973284,-60.36523503550896,-69.03460837887069,False
20105,8.5,42.0,82.6,9.4,79.5,86.3,16.2,14.2,40.2,4.5,0.1021,rural,8.0,71.37301318904294,76.10754142712207,-15.691579303347979,-27.736549165120593,False
20107,8.2,37.4,81.3,8.0,78.4,86.1,16.1,12.5,37.2,3.9,0.2733,rural,9.0,46.05737797317101,71.91410213053771,-41.224213730131886,-58.71985157699444,False
20109,9.7,37.2,80.2,7.9,77.1,84.5,15.9,12.5,39.8,3.9,0.28,rural,,49.084094239657304,69.3418160297599,-33.27696990192762,-50.278293135436,False
20111,13.1,34.0,76.3,6.6,75.0,80.4,14.8,11.5,37.8,3.3,0.7222,micropolitan,15.0,27.53917258482696,29.47243828204261,7.406154886709503,-3.096539162112933,False
20113,7.9,35.0,79.4,6.7,76.8,84.7,13.6,10.5,37.0,3.3,0.1635,micropolitan,,23.48382369518656,71.18067297937098,-66.40175853905986,-75.40983606557378,False
20115,8.4,37.7,81.2,8.0,77.1,84.8,15.0,12.2,38.7,3.9,0.1355,rural,13.0,45.56137977680081,57.454768346296916,-18.769022658099423,-34.87940630797773,False
20117,9.0,38.9,81.4,8.6,77.9,85.1,17.3,13.0,37.4,4.2,0.181,rural,,57.5414271220832,74.41875211362867,-29.489347311464336,-45.45454545454546,False
20119,12.8,36.4,78.7,7.6,76.0,83.7,15.8,12.5,36.8,3.7,0.2628,rural,14.0,40.0039454401984,40.9515556307068,3.094352384173142,-10.296846011131727,False
20121,7.7,33.5,79.5,6.5,76.5,85.8,13.8,10.8,35.0,3.2,0.0757,metropolitan,,19.214293766204488,74.04675346635103,-73.79100439634766,-54.29389312977099,False
20123,8.4,38.7,81.1,8.2,77.7,85.3,15.6,12.8,39.0,3.9,0.1285,rural,17.0,51.42599481456431,39.94335475143727,19.648292188028407,6.864564007421155,False
20125,10.5,40.0,80.4,8.4,76.9,83.5,17.9,13.8,38.9,4.3,0.8209,small_town,17.0,64.20358471423741,31.497294555292527,49.8478187352046,39.33823529411765,False
20127,8.5,40.8,82.5,8.8,79.3,86.8,15.2,13.5,36.7,4.2,0.1569,rural,13.0,57.11588321497013,66.82871153195806,-19.242475481907327,-33.85899814471242,False
20129,14.1,38.2,80.7,8.3,77.4,84.3,16.6,14.0,37.9,4.2,0.3077,rural,,57.35824597001465,65.91985120054109,-17.044301657084873,-31.818181818181813,False
20131,8.0,36.9,80.1,7.5,77.1,85.3,14.7,11.4,38.7,3.6,0.057,rural,,36.856047796189834,73.97277646263105,-55.22489009130876,-73.09833024118737,False
20133,9.4,38.3,80.3,8.1,77.4,84.0,16.6,13.1,39.5,4.0,0.6911,small_town,10.0,55.15161763048135,60.83657423063916,-11.768684477510995,-33.08823529411765,False
20135,10.4,39.1,82.1,8.5,78.3,85.8,15.1,13.2,35.2,4.1,0.0999,rural,,49.81400067636118,75.31704430165709,-40.54785255326344,-58.34879406307978,False
20137,10.7,37.8,78.7,8.0,76.2,82.9,17.4,12.7,42.7,3.9,0.223,rural,10.0,57.3497914553038,53.7876225904633,2.6716266486303653,-11.502782931354353,False
20139,8.6,39.0,80.3,7.8,78.1,85.4,16.4,12.5,41.8,3.8,0.1909,metropolitan,,54.111712321046106,74.78018261751775,-34.4436929320257,-12.022900763358777,False
20141,8.3,40.7,83.1,9.4,79.8,86.5,15.7,14.0,38.8,4.4,0.0687,rural,9.0,65.56194341111487,76.61269868109571,-22.083192424754827,-35.807050092764385,False
20143,8.0,37.6,80.5,7.8,77.8,85.7,15.6,12.2,38.3,3.8,0.042,micropolitan,,44.20865742306392,76.551403449442,-49.239093676023,-51.183970856102,False
20145,10.5,38.7,80.3,8.0,77.3,85.3,16.5,12.7,38.2,3.9,0.3019,small_town,,50.81445158381243,70.41553939803856,-32.566790666215766,-52.57352941176471,False
20147,8.9,39.8,82.4,8.9,78.6,85.7,16.2,13.6,40.5,4.3,0.3137,rural,10.0,65.2124901363995,69.40945214744673,-13.222861007778164,-26.437847866419297,False
20149,7.7,33.2,77.3,5.9,75.4,84.7,13.6,9.7,35.8,2.9,0.0544,metropolitan,,15.886033141697666,66.75050727088265,-66.18194115657762,-49.61832061068702,False
20151,9.4,35.9,80.2,7.6,77.5,84.2,14.8,12.1,36.5,3.7,0.3341,small_town,14.0,35.627324991545485,49.801318904294895,-19.005749070003386,-37.867647058823536,False
20153,9.4,41.7,83.3,9.9,79.4,86.8,16.8,14.7,41.9,4.7,0.3958,rural,9.0,77.55326344267839,74.56247886371322,-7.13561041596212,-16.233766233766232,False
20155,10.2,35.4,79.8,7.9,78.5,84.3,16.9,13.2,44.0,3.9,0.5011,micropolitan,14.0,55.244617292300745,49.70831924247548,6.729793709841047,0.1821493624772259,False
20157,8.5,41.9,83.1,9.6,79.6,86.3,16.3,14.3,41.2,4.6,0.041,rural,9.0,74.1235486416413,75.36988501859994,-11.92086574230639,-22.63450834879407,False
20159,10.0,36.0,79.4,7.1,77.5,84.0,14.5,11.9,39.5,3.5,0.1823,rural,,35.44696201104723,67.31484612783225,-47.8863713222861,-64.65677179962894,False
20161,9.3,23.2,68.7,4.3,71.1,74.5,11.8,7.2,26.4,2.2,0.567,metropolitan,15.0,2.4433547514372678,28.618532296246194,-12.681772066283393,-10.400763358778624,False
20163,8.6,38.1,81.4,7.8,78.7,86.2,15.0,12.3,40.6,3.8,0.071,rural,10.0,47.691917483936415,70.62267500845451,-37.030774433547506,-54.08163265306122,False
20165,9.0,41.2,82.3,9.1,78.8,86.3,16.3,13.9,38.7,4.4,0.0916,rural,11.0,66.09739600946905,69.09029421711193,-11.768684477510988,-24.211502782931355,False
20167,9.6,41.3,82.5,9.2,78.6,85.7,17.1,13.9,41.5,4.5,0.3226,small_town,12.0,73.0582797880735,64.051403449442,3.922894825836991,-13.602941176470594,False
20169,10.1,35.5,78.9,7.3,76.6,84.1,15.1,12.1,41.1,3.6,0.5008,micropolitan,14.0,40.95930560252508,45.27815353398715,-3.9398038552587025,-13.661202185792348,False
20171,11.1,35.0,79.3,7.1,76.9,85.1,13.3,11.4,38.1,3.4,0.4349,rural,,27.925262089956036,66.95552925262089,-55.73216097396009,-69.75881261595546,False
20173,11.4,34.7,78.0,6.5,73.6,82.8,15.1,12.0,38.6,3.4,0.7292,metropolitan,14.0,31.484612783226243,38.55470071017923,-3.331078796077108,19.6087786259542,False
20175,24.8,31.5,74.4,6.0,72.2,79.5,15.0,13.4,42.7,3.2,0.8578,micropolitan,13.0,36.39950400180363,32.816198850186,12.681772066283393,2.0036429872495454,False
20177,9.6,39.0,78.8,7.1,79.4,86.0,15.2,12.5,38.3,3.5,0.6137,metropolitan,10.0,40.747942734753686,65.56053432532971,-37.47040919851201,-12.30916030534351,False
20179,7.8,37.0,81.3,7.8,78.3,86.3,13.7,11.8,34.0,3.7,0.0706,rural,,31.97497463645587,80.31154886709504,-68.48156915793034,-85.34322820037106,False
20181,10.3,37.4,79.8,7.7,76.4,84.0,15.1,12.3,38.2,3.7,0.4992,small_town,14.0,41.610303235260965,46.19758200879269,-4.700710179235706,-29.411764705882348,False
20183,7.8,40.8,83.5,9.0,80.1,87.5,14.7,13.3,39.0,4.3,0.0404,rural,,60.12850862360501,87.30343253297261,-36.35441325667907,-51.48423005565862,False
20185,10.3,38.3,81.1,8.1,78.0,85.5,15.3,13.1,41.0,4.0,0.2272,rural,10.0,54.85570961560139,64.38747040919851,-17.855935069327018,-33.024118738404454,False
20187,19.2,36.6,79.4,8.1,75.9,82.9,16.3,14.7,39.5,4.1,0.3786,rural,11.0,56.839702401082185,48.186506594521475,10.517416300304362,-2.040816326530617,False
20189,19.0,37.8,79.1,8.4,76.1,81.8,18.1,14.9,41.3,4.2,0.6879,rural,14.0,66.91466576485176,37.79168075752452,42.5938451132905,33.58070500927644,False
20191,8.9,37.5,79.3,7.7,78.5,84.8,16.8,12.4,39.9,3.8,0.3322,metropolitan,12.0,49.34900236726412,58.69124112275955,-15.894487656408522,9.351145038167935,False
20193,8.3,33.0,78.4,6.4,75.7,83.9,12.7,10.2,35.0,3.1,0.1247,small_town,,15.519670837560591,66.44191748393642,-65.77612445045655,-81.61764705882354,False
20195,7.2,39.2,82.6,8.0,79.7,87.9,13.9,12.3,40.5,3.8,0.0105,rural,,47.796189832036966,87.8635441325668,-51.910720324653354,-68.83116883116884,False
20197,7.9,36.2,80.7,7.3,77.6,85.9,14.2,11.5,35.1,3.5,0.0636,metropolitan,,28.5029872618645,77.22987825498817,-68.95502198173824,-46.183206106870216,False
20199,9.7,39.9,82.4,8.9,78.9,85.9,15.5,13.7,36.6,4.3,0.1756,rural,17.0,57.972607372336824,42.43743659113967,23.097734190057494,11.410018552875705,False
20201,8.3,37.3,81.6,7.9,78.3,86.1,14.9,11.9,34.0,3.8,0.0802,rural,11.0,36.441776575357906,68.43506932702063,-48.19073385187691,-65.39888682745826,False
20203,14.6,39.2,81.0,8.8,76.8,84.6,16.0,14.5,41.7,4.2,0.4858,rural,14.0,66.53984894600383,45.59942509299967,27.764626310449792,18.83116883116884,False
20205,9.5,40.3,81.1,8.8,77.9,84.7,17.7,13.8,39.8,4.3,0.4566,rural,12.0,67.48393642204937,59.306307067974295,5.444707473791013,-5.844155844155857,False
20207,8.6,40.8,81.9,8.9,79.0,86.2,16.6,13.6,39.6,4.3,0.2491,rural,,65.85221508285424,80.37495772742645,-25.735542779844437,-39.14656771799629,False
20209,17.3,37.0,76.0,6.7,75.7,81.1,17.6,14.5,40.7,3.8,0.9386,metropolitan,16.0,52.91962574681546,22.57778153533987,46.466012850862356,65.17175572519085,False
22001,10.4,44.6,78.9,8.7,80.3,84.1,21.9,16.5,41.8,4.9,0.8832,metropolitan,15.0,85.09469056476159,45.90167399391275,46.871829556983435,56.39312977099237,False
22003,11.7,44.0,76.2,8.0,79.0,83.1,21.7,15.3,44.2,4.5,0.903,small_town,11.0,79.65561943411116,51.177291173486644,31.34934054785254,16.911764705882355,False
22005,7.9,38.9,76.7,5.9,81.4,87.2,15.4,12.2,35.5,3.3,0.384,metropolitan,12.0,31.715702851989622,66.41655393980386,-50.59181602975989,-26.431297709923662,False
22007,10.0,45.3,80.7,8.9,82.2,86.0,20.5,16.7,38.4,5.1,0.7296,metropolitan,15.0,81.03370533198061,55.516570848833275,25.80317889753129,39.2175572519084,False
22009,11.4,48.2,79.2,9.6,80.9,83.8,23.2,17.7,43.0,5.5,0.9682,rural,17.0,93.13493405478526,35.14119039567129,73.79100439634765,74.95361781076068,True
22011,8.6,39.7,77.5,7.5,80.4,85.2,18.5,13.4,40.7,4.0,0.5498,metropolitan,9.0,59.95096381467704,66.20519107203248,-14.52485627324991,5.248091603053439,False
22013,10.8,52.5,82.7,11.1,83.6,85.8,23.8,22.1,47.5,6.8,0.9755,rural,19.0,98.89245857287791,39.67703753804532,67.63611768684477,70.77922077922076,True
22015,8.1,39.3,77.7,6.7,81.6,86.8,16.1,13.2,40.9,3.8,0.7773,metropolitan,18.0,50.63127043174389,40.71694284748056,17.213391951301986,39.59923664122137,False
22017,8.9,47.1,80.9,8.4,83.9,87.0,18.2,17.2,42.2,5.1,0.9329,metropolitan,14.0,83.73069552474355,65.20544470747379,13.375042272573566,23.95038167938931,False
22019,8.3,42.2,78.1,7.2,81.1,86.0,17.1,14.2,43.0,4.0,0.7149,metropolitan,19.0,63.66249577274265,36.0859824146094,41.83293878931349,59.541984732824424,False
22021,10.7,45.2,78.7,9.4,80.5,83.6,23.0,16.7,38.6,5.2,0.9052,rural,15.0,84.10269417202119,44.872336827866086,47.48055461616503,44.8051948051948,False
22023,7.6,41.3,79.6,8.0,81.1,87.1,17.0,13.3,36.4,4.0,0.2984,metropolitan,11.0,55.103708713786496,73.62614135948596,-31.044978018261745,-9.064885496183194,False
22025,12.0,46.5,79.4,9.3,80.8,84.1,22.7,17.7,41.8,5.3,0.8581,rural,18.0,90.28294442565664,31.368363205951983,77.27426445722014,76.71614100185528,True
22027,13.2,54.3,81.6,11.6,83.2,84.2,25.7,22.8,48.5,7.1,0.8069,rural,12.0,99.34900236726412,61.808843422387554,30.131890429489346,30.519480519480524,False
22029,11.2,50.1,80.4,10.1,82.5,84.4,22.8,19.8,45.6,6.0,0.9949,micropolitan,17.0,96.71401194904746,39.715082854244166,66.79066621575922,57.5591985428051,True
22031,9.5,47.4,80.7,8.9,82.8,86.3,20.7,17.8,44.4,5.3,0.8101,metropolitan,17.0,90.33367151392174,46.764034494420024,50.0,56.39312977099236,False
22033,7.6,40.3,77.6,6.3,81.8,86.4,14.0,13.9,35.3,3.8,0.846,metropolitan,,39.488220042836204,80.10018599932364,-58.50524179912073,-33.87404580152671,False
22035,16.1,53.0,76.6,10.1,81.3,80.3,28.4,22.0,51.2,6.8,0.8781,rural,19.0,98.48946003832714,19.893473114643218,94.1156577612445,93.87755102040816,True
22037,8.8,47.7,80.2,8.1,82.2,87.1,18.3,16.1,42.2,4.7,0.5937,metropolitan,15.0,79.98816367940479,59.06958065607034,18.59993236388233,31.774809160305345,False
22039,11.7,45.1,78.3,8.8,80.9,83.4,22.1,16.8,44.7,5.0,0.999,rural,13.0,88.28204261075415,52.13687859316875,39.05985796415287,36.64192949907236,False
22041,10.7,48.1,80.6,9.9,82.0,84.7,22.7,18.4,42.0,5.7,0.8053,rural,13.0,93.46747830007892,60.181349340547854,29.658437605681442,28.20037105751392,False
22043,11.0,42.0,75.7,7.5,79.1,83.9,20.1,13.7,39.9,4.0,0.7219,metropolitan,20.0,63.44831473340096,19.8152688535678,61.379776800811634,77.09923664122137,False
22045,10.4,44.8,80.2,8.5,82.8,85.3,20.4,17.1,42.5,4.9,0.936,micropolitan,15.0,84.71423740277307,52.836489685492054,34.815691579303355,29.143897996357012,False
22047,10.2,44.4,78.9,7.8,81.7,86.1,18.9,16.5,43.0,4.7,0.8501,metropolitan,16.0,78.7115319580656,46.559012512681775,38.65404125803178,50.19083969465649,False
22049,9.8,47.9,80.6,9.6,82.3,85.7,20.6,17.7,44.9,5.4,0.8301,rural,12.0,92.66993574568819,66.92171119377747,18.39702401082178,16.883116883116884,False
22051,10.0,42.7,80.2,7.5,83.2,88.2,14.9,16.2,41.6,4.1,0.8295,metropolitan,16.0,63.79776800811635,53.770713561041596,10.720324653364905,31.106870229007626,False
22053,9.1,42.8,79.2,8.1,80.5,85.3,19.9,14.8,42.7,4.4,0.5549,small_town,15.0,75.63972494645473,50.9130875887724,27.866080486980046,13.235294117647058,False
22055,7.9,39.1,77.5,6.5,81.8,86.9,16.0,13.0,34.5,3.6,0.735,metropolitan,10.0,37.82549881636793,71.65623943185662,-51.33581332431519,-25.286259541984727,False
22057,9.2,43.1,78.0,7.9,80.5,85.4,19.1,14.7,47.2,4.2,0.7416,metropolitan,14.0,73.99673092097846,53.70730470071018,21.981738248224552,36.92748091603054,False
22059,11.3,38.4,75.7,7.0,78.6,83.7,18.6,13.1,38.6,3.8,0.4648,rural,15.0,50.05636343140569,36.8151843084207,23.097734190057494,9.461966604823747,False
22061,8.4,38.9,74.0,6.7,80.2,81.4,15.9,13.5,42.6,4.0,0.7786,micropolitan,18.0,53.94825836996957,27.05867433209334,43.49002367264119,40.43715846994535,False
22063,8.3,40.1,76.1,6.6,81.2,85.7,17.1,12.7,38.9,3.4,0.4709,metropolitan,12.0,45.254199075639725,61.48757186337504,-25.363544132566787,0.1908396946564892,False
22065,13.0,53.4,80.6,10.5,83.5,83.9,25.5,22.6,49.9,7.0,1.0,small_town,19.0,98.88964040130763,31.63890767669936,81.53533987149137,80.14705882352942,True
22067,10.8,52.6,81.0,10.0,83.2,85.4,23.0,20.3,44.8,6.2,0.9558,micropolitan,15.0,96.90282944425657,53.87850862360501,42.20493743659113,34.79052823315118,False
22069,8.9,43.6,78.0,7.7,81.6,83.8,17.7,15.5,40.1,4.6,0.9281,micropolitan,17.0,71.37019501747267,37.14702401082178,47.886371322286095,42.98724954462659,False
22071,8.3,41.9,79.7,7.0,81.6,87.3,15.0,16.2,34.4,4.5,0.8381,metropolitan,12.0,54.08634877691355,71.04962800135272,-29.556983429151167,-6.965648854961842,False
22073,8.6,44.6,77.6,7.5,81.9,85.8,17.9,15.4,43.9,4.4,0.8845,metropolitan,14.0,73.86991320031564,56.66638484950964,16.638484950963814,31.6793893129771,False
22075,9.1,40.0,77.6,6.8,80.3,86.3,16.8,13.8,38.7,3.8,0.651,metropolitan,10.0,51.02299628001352,66.51800811633412,-25.904633074061557,-2.862595419847324,False
22077,9.2,47.5,81.8,9.1,83.4,87.4,18.5,17.1,39.9,5.2,0.7127,metropolitan,13.0,84.00405816706122,70.26124450456544,5.478525532634421,16.603053435114504,False
22079,8.7,43.8,79.4,7.9,81.9,86.3,18.7,15.6,40.7,4.5,0.9071,metropolitan,16.0,74.37154773982641,50.496702739262766,27.30808251606358,41.173664122137396,False
22081,11.1,49.7,81.1,9.9,82.7,85.4,23.2,19.8,43.9,6.0,0.6662,rural,15.0,95.95592379664073,53.52130537707136,42.64457220155563,42.949907235621524,False
22083,10.2,46.7,79.9,9.0,82.2,85.2,21.4,17.7,43.1,5.3,0.8632,metropolitan,16.0,90.04903618532296,46.47658099425093,50.456543794386214,57.156488549618324,False
22085,9.5,47.1,80.6,9.9,82.2,85.6,21.1,17.9,44.7,5.3,0.8848,rural,16.0,93.07857062337955,49.59841055123436,47.17619208657423,47.03153988868275,False
22087,11.1,42.0,76.6,7.4,80.3,84.9,20.2,15.3,42.8,4.2,0.9026,metropolitan,,71.55619434111149,67.76716266486304,-4.15962123774095,11.068702290076345,False
22089,7.8,41.2,78.4,6.5,81.9,87.8,15.1,13.2,37.7,3.6,0.4451,metropolitan,,43.256115432307524,83.65530943523842,-56.67906662157593,-33.969465648854964,False
22091,10.6,49.3,81.7,9.8,83.4,86.1,21.8,19.8,42.7,6.1,0.9478,metropolitan,15.0,94.67365573216097,56.69808927967535,36.422049374365905,43.12977099236643,False
22093,7.8,46.0,81.4,7.8,83.8,88.3,16.5,16.5,43.7,4.8,0.2701,metropolitan,12.0,77.0375380453162,76.8705613797768,-10.24687182955698,2.290076335877856,False
22095,9.5,46.4,80.2,7.2,83.7,87.6,16.7,17.2,41.8,4.6,0.7152,metropolitan,20.0,73.36264231766431,40.7697835644234,43.69293202570172,56.39312977099236,False
22097,10.7,47.3,79.5,9.0,82.4,84.8,22.0,18.2,40.4,5.5,0.9262,micropolitan,13.0,88.46522376282269,58.80960432871153,27.96753466351032,23.86156648451731,False
22099,9.7,43.7,79.8,8.0,81.4,86.1,19.7,15.5,45.3,4.6,0.7041,metropolitan,18.0,79.27798444369293,39.748900913087596,51.40344944200203,62.69083969465649,False
22101,11.1,47.4,80.3,9.2,82.6,85.9,21.3,18.1,45.0,5.4,0.9109,micropolitan,15.0,92.15139217675573,53.607964152857626,40.243490023672635,32.786885245901644,False
22103,6.9,38.9,80.2,7.0,80.9,88.4,14.5,13.3,37.4,3.6,0.4868,metropolitan,,40.37594408747605,88.10238417314847,-61.616503212715585,-40.55343511450381,False
22105,9.5,40.7,77.0,7.3,80.5,85.0,18.6,14.6,43.0,4.1,0.8651,metropolitan,11.0,66.373576823357,60.08412242137301,2.8576259722692043,21.46946564885497,False
22107,11.3,57.3,85.1,12.8,85.4,87.2,22.8,25.1,48.4,7.9,0.8454,rural,23.0,99.3715477398264,39.16131214068313,69.27629354075076,72.17068645640074,True
22109,9.3,41.4,78.6,7.7,81.5,85.8,18.8,15.2,41.3,4.2,0.7821,metropolitan,13.0,69.54683801149814,60.777392627663176,5.241799120730462,21.946564885496194,False
22111,9.9,48.4,81.7,10.2,82.3,86.4,20.8,18.4,37.0,5.6,0.8724,metropolitan,15.0,85.55968887385865,57.938789313493416,26.986810957051063,38.26335877862595,False
22113,9.2,42.5,78.8,8.1,80.3,85.1,20.2,15.0,42.8,4.4,0.7875,metropolitan,16.0,76.0680870251381,43.81340886033142,41.39330402434899,53.62595419847328,False
22115,10.0,38.8,74.8,6.8,79.4,83.1,18.3,12.5,38.5,3.7,0.832,small_town,11.0,46.91410213053771,52.925262089956036,-9.333784240784574,-33.82352941176471,False
22117,10.1,46.9,80.4,9.3,80.6,85.4,21.7,17.8,45.5,5.3,0.9822,micropolitan,19.0,92.20211926502084,35.0376225904633,73.41900574907001,64.84517304189436,True
22119,10.1,49.4,81.5,10.2,82.4,85.3,22.8,19.5,44.6,6.0,0.8775,micropolitan,12.0,96.33637695862926,66.73359824146094,21.06865065945216,16.393442622950815,False
22121,8.0,42.6,78.0,6.5,82.1,87.2,16.2,14.0,41.6,3.9,0.6341,metropolitan,,57.335700597452366,81.80377071356105,-37.402773080825156,-18.225190839694648,False
22123,9.5,45.6,80.8,9.4,81.7,86.1,20.0,16.5,40.1,5.1,0.6325,rural,,84.96223650095818,81.20984105512343,-6.053432532972593,-12.80148423005565,False
22125,8.7,44.4,77.7,6.9,81.4,87.7,17.0,14.6,40.7,4.0,0.4668,rural,16.0,62.56059068876113,49.663933040243485,15.45485289144402,2.6901669758812616,False
22127,11.1,46.6,79.3,8.9,81.2,84.9,20.6,17.1,45.9,5.0,0.7401,small_town,12.0,89.07394882200428,60.20248562732499,26.00608725059182,13.235294117647058,False
23001,9.1,33.5,74.9,7.5,79.6,85.1,16.3,12.1,35.8,3.7,0.6007,metropolitan,,35.23559914327584,68.35052417991207,-49.67872844098749,-24.332061068702274,False
23003,9.4,43.3,79.3,9.5,82.7,86.9,17.9,14.8,40.0,4.5,0.6545,rural,13.0,76.44572201555631,65.2075583361515,5.9181602975989165,-2.6901669758812545,False
23005,6.4,32.1,74.0,6.0,80.1,87.9,10.9,8.9,26.7,2.9,0.1413,metropolitan,16.0,6.9073385187690235,48.552164355765974,-44.84274602637808,-36.06870229007633,False
23007,8.2,36.6,75.8,8.3,79.5,86.0,15.6,11.3,34.6,3.9,0.4569,rural,18.0,39.02322173373915,33.452401082177886,15.556307067974302,0.6493506493506516,False
23009,7.5,35.8,78.7,7.9,82.9,88.5,13.3,11.2,29.4,3.8,0.2183,rural,15.0,27.51099086912411,61.07752789989855,-46.60128508623605,-60.667903525046384,False
23011,8.2,34.6,76.6,7.6,81.1,86.4,15.4,11.8,32.5,3.6,0.357,micropolitan,15.0,30.151617630481343,51.92551572539736,-28.846804193439304,-40.07285974499089,False
23013,7.6,36.2,78.4,8.1,82.3,88.7,13.6,11.2,28.8,3.9,0.1724,rural,,30.148799458911057,85.22573554277984,-73.45282380791342,-89.05380333951763,False
23015,7.2,38.8,79.9,8.4,83.6,89.0,12.7,11.8,30.9,3.9,0.1094,rural,,35.62168864840491,89.33674332093338,-68.04193439296586,-85.43599257884972,False
23017,8.9,38.1,78.0,9.0,81.6,86.8,17.8,13.7,35.0,4.4,0.3452,rural,18.0,58.64615037763499,39.63476496449104,28.948258369969558,17.16141001855288,False
23019,8.4,37.2,74.7,7.7,81.8,85.5,15.6,11.5,38.0,3.6,0.4416,metropolitan,15.0,39.361402322173376,48.412664863036866,-12.022319918836658,12.977099236641223,False
23021,9.2,40.5,78.8,10.1,82.4,87.2,18.0,13.8,34.6,4.7,0.4804,rural,13.0,66.11430503889076,65.0997632735881,-5.0050727088265035,-17.06864564007421,False
23023,7.4,35.0,77.0,7.7,82.3,88.2,13.9,10.8,29.6,3.6,0.1015,micropolitan,,24.45327471536467,82.84790328035172,-77.84917145755834,-82.87795992714027,False
23025,9.5,39.3,76.5,9.3,82.8,86.2,19.7,13.9,37.2,4.4,0.3,rural,14.0,66.72866644121295,55.070595197835644,12.292864389584032,1.298701298701296,False
23027,8.1,36.1,78.5,8.2,82.0,87.6,15.4,11.7,34.3,3.8,0.2902,rural,15.0,37.23368278660805,58.10153872167737,-30.537707135610418,-47.309833024118745,False
23029,9.6,43.1,78.5,9.8,82.5,86.5,18.3,14.9,39.8,4.6,0.6694,rural,15.0,77.69699019276294,53.70519107203246,25.90463307406155,18.9239332096475,False
23031,7.3,35.3,78.1,7.2,80.9,88.1,13.4,10.4,33.1,3.4,0.1304,metropolitan,10.0,21.401194904745804,74.61320595197836,-72.84409874873182,-52.194656488549626,False
24001,9.4,39.6,76.4,7.9,79.7,86.4,17.7,13.3,36.6,4.2,0.5552,micropolitan,18.0,55.64197948371097,33.1797429827528,37.16604666892121,29.69034608378871,False
24003,7.1,34.5,75.0,5.3,79.6,90.1,10.6,10.4,34.5,2.9,0.1639,metropolitan,,11.765866305940705,79.42171119377747,-86.50659452147447,-73.56870229007633,False
24005,8.1,36.7,77.5,6.2,80.3,89.2,11.1,13.1,34.0,3.5,0.5571,metropolitan,18.0,24.757637244955472,41.76530267162665,-16.334122421373014,3.6259541984732806,False
24009,6.5,36.9,77.2,5.5,79.4,90.1,11.1,10.9,36.3,3.0,0.0057,metropolitan,13.0,18.289933491150943,65.76344267839026,-62.29286438958404,-44.1793893129771,False
24011,10.6,41.3,76.9,7.7,78.7,87.2,17.4,14.2,41.7,4.3,0.7579,rural,17.0,66.88084770600834,35.68016570848833,46.73655732160974,37.569573283859,False
24013,6.3,34.4,76.1,6.0,76.2,89.7,10.9,10.3,37.7,2.9,0.0277,metropolitan,15.0,17.190846578739713,50.81374704091985,-39.09367602299628,-21.374045801526716,False
24015,8.0,39.2,77.8,6.6,77.4,88.1,15.3,13.2,41.3,3.5,0.322,metropolitan,16.0,46.53646714011949,45.373266824484276,2.7223537368954993,26.71755725190841,False
24017,7.5,41.4,77.2,5.2,81.1,90.3,11.5,13.4,41.9,3.4,0.174,metropolitan,16.0,40.474580092436035,52.65260399053094,-16.94284748055462,9.44656488549618,False
24019,10.1,44.2,80.4,8.7,81.8,88.7,16.1,16.6,41.8,4.9,0.7824,micropolitan,19.0,78.54525983541878,42.22396009469057,46.330740615488665,40.6193078324226,False
24021,7.7,33.9,75.8,5.4,78.7,89.8,9.2,10.6,34.7,2.8,0.1234,metropolitan,13.0,10.957051065268852,61.17898207642881,-61.88704768346298,-48.18702290076337,False
24023,7.9,42.4,79.7,8.3,80.0,88.7,14.2,14.1,36.3,4.2,0.2564,rural,15.0,54.95716379213167,59.55360162326683,-10.145417653026712,-24.860853432282006,False
24025,6.8,35.9,76.0,5.8,79.7,89.8,10.9,11.6,35.8,3.1,0.0789,metropolitan,14.0,18.47311464321948,60.542779844436936,-54.244166384849514,-34.732824427480914,False
24027,5.7,34.5,75.7,4.8,80.8,91.6,7.4,10.4,30.0,2.6,0.1483,metropolitan,,7.127155901251268,83.21356104159622,-93.60838687859318,-86.83206106870229,False
24029,7.9,43.0,80.6,8.1,80.8,89.4,11.9,13.7,35.1,4.2,0.4353,small_town,17.0,48.48100552361627,52.07981061887048,-5.850524179912071,-27.941176470588232,False
24031,8.7,32.7,76.3,5.3,77.5,91.0,7.2,10.8,26.1,2.9,0.4893,metropolitan,16.0,6.738248224551911,43.58513696313831,-35.13696313831586,-27.480916030534353,False
24033,12.5,40.0,76.5,5.5,78.2,89.6,10.5,15.2,42.2,3.9,0.8161,metropolitan,18.0,46.719648292188026,30.74907000338181,28.542441663848496,51.04961832061068,False
24035,6.7,38.4,78.9,6.7,77.8,90.3,11.7,11.6,29.4,3.4,0.043,micropolitan,16.0,21.750648179461166,51.31679066621576,-36.15150490361853,-48.45173041894354,False
24037,7.6,34.7,76.0,5.7,77.5,88.6,12.7,11.4,37.4,3.0,0.2466,metropolitan,10.0,20.107654153984896,66.04878254988164,-61.21068650659451,-42.270992366412216,False
24039,10.9,42.7,74.7,7.5,79.6,85.6,16.9,14.2,38.4,4.3,0.8794,metropolitan,20.0,61.21632284973509,23.482414609401417,55.46161650321272,71.7557251908397,False
24041,7.7,41.6,82.1,8.4,82.8,91.5,10.9,13.1,30.1,4.3,0.3338,micropolitan,,43.9634764964491,91.71880284071693,-57.710517416300306,-56.73952641165756,False
24043,9.4,38.9,76.7,7.2,79.5,87.7,15.1,13.3,39.0,3.8,0.6325,metropolitan,17.0,46.812647954007446,39.29024349002367,14.55867433209334,38.26335877862595,False
24045,9.1,36.7,78.7,6.5,81.0,87.4,13.4,12.6,39.6,3.7,0.7916,metropolitan,15.0,36.02186901138541,55.33057152519446,-27.494081839702403,-0.9541984732824389,False
24047,7.1,42.1,81.5,8.1,83.1,91.2,12.3,13.7,33.1,4.2,0.4305,micropolitan,15.0,46.688648404914886,67.35289144403112,-33.851876902265815,-38.25136612021858,False
24510,10.1,40.6,76.4,6.4,80.4,87.5,15.8,14.4,38.7,4.4,0.8565,metropolitan,22.0,54.92052756171796,29.461870138654042,41.52857625972268,60.305343511450374,False
25001,3.6,38.2,83.1,8.0,85.3,92.9,10.5,10.7,26.3,3.8,0.1279,metropolitan,,26.88253860895051,95.10694961109232,-78.39026039905309,-60.11450381679389,False
25003,4.8,34.8,79.2,7.8,81.7,90.3,12.7,10.9,31.2,3.7,0.4235,metropolitan,15.0,24.3715477398264,64.12115319580656,-54.17653026716266,-32.5381679389313,False
25005,5.9,33.5,75.5,6.8,81.9,89.0,15.8,10.8,32.1,3.5,0.6227,metropolitan,17.0,24.09536692593845,47.69614474129185,-27.764626310449778,-7.34732824427482,False
25007,3.9,36.0,79.6,7.3,83.4,92.2,10.8,10.6,25.5,3.5,0.133,micropolitan,11.0,18.304024349002365,80.33268515387216,-81.63679404802164,-88.52459016393442,False
25009,6.2,32.1,76.4,6.2,81.1,89.7,11.4,10.3,30.0,3.1,0.6055,metropolitan,15.0,10.241235486416413,58.54328711531958,-58.36996956374705,-45.229007633587784,False
25011,4.7,36.3,77.7,7.3,82.1,90.5,12.8,10.8,26.3,3.6,0.4375,micropolitan,10.0,21.818284297148008,78.04573892458572,-76.09063239770036,-83.42440801457195,False
25013,8.1,34.7,76.5,7.0,80.4,87.8,14.8,12.1,34.9,3.7,0.8177,metropolitan,14.0,29.785255326344267,58.45662833953331,-39.90530943523842,-14.599236641221374,False
25015,4.2,26.7,75.0,5.5,80.6,87.7,9.7,8.2,22.2,2.7,0.2708,metropolitan,14.0,2.6124450456543795,60.41384849509639,-66.94284748055462,-60.353053435114504,False
25017,4.0,27.6,73.3,4.9,79.9,90.6,9.1,8.5,23.8,2.5,0.2854,metropolitan,17.0,1.5838124225002819,45.161903956712884,-41.393304024349,-36.92748091603054,False
25019,4.5,29.4,75.3,5.1,81.4,91.6,9.1,8.6,27.7,2.5,0.1031,micropolitan,11.0,2.663172133919513,72.95823469732838,-85.81332431518432,-90.89253187613843,False
25021,3.8,29.8,76.0,5.2,81.5,91.2,9.2,9.0,23.5,2.7,0.2959,metropolitan,,2.8435351144177656,84.35280689888401,-96.55055799797091,-94.08396946564886,False
25023,4.4,32.6,77.1,6.2,82.1,90.7,11.9,10.3,29.7,3.2,0.3064,metropolitan,,11.3290497125465,85.96339195130199,-91.07203246533649,-81.29770992366412,False
25025,6.6,27.4,73.0,4.8,78.5,87.0,11.1,9.3,24.2,2.8,0.7849,metropolitan,17.0,3.345169653928531,38.662495772742645,-28.238079134257692,-23.66412213740458,False
25027,5.4,33.2,75.4,6.0,81.3,89.4,12.3,10.4,32.6,3.1,0.51,metropolitan,10.0,12.66768120843197,74.1925938451133,-80.18261751775448,-65.36259541984734,False
26001,6.2,46.0,84.1,11.0,84.2,90.8,15.9,16.0,39.0,5.2,0.1298,rural,13.0,79.16243940931125,78.60373689550221,-10.010145417653021,-19.109461966604826,False
26003,7.0,40.6,79.2,8.7,80.7,88.0,16.0,13.2,36.1,4.3,0.2908,rural,,57.20888287678954,85.43709841055124,-39.29658437605681,-54.9165120593692,False
26005,7.2,34.7,77.0,7.1,79.5,87.3,14.8,11.6,35.6,3.5,0.1677,metropolitan,15.0,28.232442791117123,53.591055123435915,-33.243151843084206,-8.969465648854964,False
26007,7.0,41.6,80.4,9.5,81.5,87.5,17.8,14.2,41.3,4.6,0.4165,micropolitan,15.0,76.16390485852777,62.78745350016909,9.671964829218808,7.8324225865209485,False
26009,5.5,39.9,81.1,8.5,82.4,89.9,13.4,12.8,36.4,4.0,0.0566,rural,,46.911283958967424,92.48393642204937,-54.108894149475816,-71.33580705009277,False
26011,7.3,42.7,81.0,9.8,81.4,88.2,17.8,14.7,38.6,4.7,0.377,rural,17.0,74.82245519107202,53.37123774095367,23.503550896178567,15.21335807050093,False
26013,7.9,40.9,78.3,9.0,80.1,86.4,18.6,14.5,40.3,4.6,0.4178,rural,15.0,74.26163904858528,53.73266824484275,22.252282718971927,13.914656771799628,False
26015,6.3,35.3,78.1,7.2,79.7,87.7,14.9,11.2,37.0,3.5,0.0668,metropolitan,,30.44188930222072,82.26876902265809,-71.93101115995941,-50.19083969465648,False
26017,7.3,37.7,78.6,7.8,80.0,87.4,15.7,12.6,38.0,3.9,0.294,metropolitan,14.0,46.23210461052869,61.92086574230639,-25.228271897193103,0.09541984732825881,False
26019,5.6,39.9,81.2,8.5,82.2,90.0,13.5,12.8,35.4,4.1,0.0818,metropolitan,12.0,46.6689212039229,79.42171119377748,-48.900913087588776,-25.0,False
26021,7.3,39.8,78.7,8.0,80.2,87.8,15.0,13.5,38.8,4.2,0.6338,metropolitan,17.0,54.9318002479991,47.61371322286101,9.705782888062224,30.629770992366424,False
26023,8.7,39.6,77.1,8.3,79.0,85.8,18.0,13.3,36.0,4.2,0.7181,micropolitan,15.0,57.00315635215872,46.75769360838688,13.628677713899215,7.8324225865209485,False
26025,7.7,39.4,78.1,7.6,80.0,86.5,16.7,13.3,42.5,4.0,0.6815,metropolitan,15.0,59.0632397700372,53.783395333107876,4.751437267500847,26.431297709923662,False
26027,7.3,39.3,79.3,8.3,80.5,87.8,16.3,13.1,36.2,4.2,0.2122,metropolitan,16.0,53.500169090294214,54.123689550219815,-2.840716942847486,20.22900763358779,False
26029,5.4,38.9,81.0,8.2,82.2,90.0,13.1,12.3,35.0,3.9,0.1518,rural,,39.476947356555065,92.22396009469057,-63.307406154886706,-80.98330241187384,False
26031,6.8,42.4,81.5,9.5,82.2,88.7,16.7,14.6,41.1,4.6,0.2599,small_town,19.0,75.52699808364333,49.53288806222523,30.131890429489346,16.176470588235304,False
26033,7.4,38.6,76.5,7.8,79.5,85.3,17.6,12.7,35.6,4.0,0.6373,micropolitan,16.0,48.75718633750423,42.703753804531615,11.09232330064254,2.185792349726775,False
26035,7.9,44.5,80.5,10.2,81.5,87.2,19.5,15.4,40.5,5.1,0.693,rural,11.0,84.63532859880509,75.20079472438282,-0.5072708826513264,-7.421150278293126,False
26037,5.8,33.9,77.7,6.6,80.8,88.5,12.9,10.6,35.2,3.2,0.0414,metropolitan,,18.29556983429151,84.43101115995941,-84.17314846127833,-68.9885496183206,False
26039,6.9,42.4,81.4,10.0,82.2,88.6,17.6,14.9,37.5,4.8,0.3707,rural,13.0,73.69236839138766,74.94293202570172,-11.903956712884678,-22.356215213358084,False
26041,6.7,40.1,80.6,9.1,81.1,88.2,16.4,13.8,39.9,4.4,0.335,micropolitan,15.0,66.92875662270318,63.93304024349003,-1.92762935407508,-4.007285974499098,False
26043,5.9,39.2,79.9,8.3,81.6,88.6,15.1,12.6,38.1,4.0,0.0945,micropolitan,13.0,50.363544132566794,73.11041596212377,-36.96313831586067,-40.43715846994536,False
26045,6.3,35.9,77.1,6.8,80.8,88.1,13.3,11.4,38.9,3.4,0.1782,metropolitan,14.0,29.246984556419793,62.713476496449104,-47.210010145417655,-23.282442748091604,False
26047,5.3,37.6,79.2,7.5,81.7,89.5,12.8,11.5,32.7,3.6,0.1149,micropolitan,,27.575808815240677,88.77240446398378,-76.9022658099425,-80.14571948998179,False
26049,7.3,39.0,78.3,7.8,80.3,86.9,17.0,13.2,40.6,4.2,0.6573,metropolitan,11.0,59.3309660692143,70.35213053770713,-22.015556307067968,-1.3358778625954102,False
26051,7.2,43.4,81.8,10.1,82.1,88.3,18.2,15.0,40.6,4.9,0.5202,rural,12.0,81.2225228271897,77.56383158606695,-7.000338180588443,-15.306122448979607,False
26053,6.5,43.8,81.9,10.3,82.7,89.1,16.6,15.2,37.0,4.9,0.2418,rural,15.0,73.81354976890992,67.51352722353737,-1.2850862360500486,-10.482374768089059,False
26055,5.5,35.2,78.4,6.8,80.7,88.7,12.8,10.7,35.3,3.3,0.2033,metropolitan,,20.722015556307067,85.76471085559689,-82.44842746026379,-66.1259541984733,False
26057,8.2,35.8,75.8,7.3,78.4,84.7,16.6,11.6,36.7,3.7,0.4171,micropolitan,13.0,37.31822793371661,51.485880960432866,-19.614474129184977,-28.779599271402553,False
26059,7.4,40.5,78.7,8.7,80.1,86.1,17.8,13.5,37.6,4.2,0.483,micropolitan,15.0,62.56340886033141,54.55064254311803,7.67669935745689,3.6429872495446176,False
26061,6.2,31.5,75.0,6.6,77.6,82.7,13.1,10.0,33.7,3.2,0.4213,micropolitan,14.0,14.930672979370982,45.99044639837673,-32.90497125464998,-45.71948998178506,False
26063,7.0,41.8,81.1,9.4,81.5,88.3,16.6,14.3,38.6,4.6,0.2046,rural,14.0,69.9554728891895,69.63349678728441,-8.234697328373343,-19.29499072356215,False
26065,6.9,32.0,72.9,5.6,78.2,84.2,13.0,10.2,34.5,2.9,0.5759,metropolitan,14.0,12.529590801487993,47.02612445045655,-37.166046668921204,-23.473282442748094,False
26067,7.7,35.8,73.6,6.7,78.3,85.6,16.3,11.1,40.2,3.4,0.3296,metropolitan,13.0,36.62777589899673,53.12394318566114,-22.861007778153535,3.8167938931297627,False
26069,7.7,45.7,82.3,10.9,82.5,88.6,18.2,15.9,38.8,5.3,0.4362,small_town,17.0,82.74715364671401,55.17416300304363,28.610077781535338,12.867647058823536,False
26071,6.7,45.0,82.9,10.3,82.5,89.5,16.6,15.3,39.0,5.0,0.3239,rural,18.0,78.17607935971142,53.79184984781873,26.107541427122086,19.016697588126156,False
26073,7.5,32.1,71.8,6.2,77.6,80.6,15.8,10.5,39.5,3.2,0.5711,micropolitan,16.0,28.001352722353733,31.848156915793034,4.36252959080149,-8.014571948998178,False
26075,7.1,38.9,76.3,7.5,78.5,86.6,15.4,12.5,39.2,3.7,0.5014,metropolitan,15.0,45.871378649532176,49.697751099086915,-5.698342915116662,19.179389312977108,False
26077,6.4,31.4,75.1,5.9,78.9,85.8,12.9,9.7,37.4,3.1,0.4257,metropolitan,14.0,16.47784917145756,53.187352045992554,-43.25329726073723,-25.19083969465649,False
26079,7.3,40.3,79.2,8.7,80.2,87.0,17.8,13.5,38.7,4.3,0.3035,metropolitan,13.0,64.73340096945101,66.60889414947582,-9.14778491714577,9.351145038167942,False
26081,7.4,32.2,74.6,5.7,79.0,86.7,13.0,10.3,34.8,2.9,0.4464,metropolitan,12.0,13.276406267613572,61.03314169766655,-59.6550557997971,-44.27480916030535,False
26083,4.7,42.7,83.4,9.5,84.0,91.4,11.5,13.4,33.7,4.3,0.0076,rural,14.0,51.7331755157254,74.93025025363545,-37.28440987487318,-54.035250463821896,False
26085,10.7,45.7,80.7,10.9,81.3,86.8,20.9,17.2,40.5,5.6,0.721,rural,20.0,90.04621801375269,37.237910043963474,67.07811971592832,66.97588126159555,True
26087,7.0,37.2,78.3,7.6,79.7,87.4,16.1,11.9,35.5,3.7,0.2065,metropolitan,,38.24822455191072,81.48884004058166,-61.345958741968204,-37.3091603053435,False
26089,4.7,39.6,82.8,8.3,84.0,91.9,10.6,12.2,31.7,3.8,0.0118,metropolitan,,34.79032803517078,94.88079134257694,-69.86810957051065,-49.33206106870229,False
26091,7.6,37.6,77.4,7.6,78.6,86.7,15.5,12.4,40.6,3.8,0.4403,micropolitan,14.0,47.62428136624957,55.590547852553264,-12.88468041934393,-19.85428051001822,False
26093,4.7,32.3,78.3,6.2,80.9,89.5,11.9,9.7,32.3,3.0,0.0041,metropolitan,,10.818960658324878,86.41570848833277,-91.61312140683125,-82.63358778625954,False
26095,8.2,41.7,77.7,8.9,80.2,86.4,18.1,14.1,40.9,4.5,0.5313,rural,16.0,73.74591365122309,46.821102468718294,32.97260737233682,26.623376623376622,False
26097,7.3,43.2,82.1,10.4,82.7,88.8,17.7,16.4,41.2,5.2,0.6211,rural,16.0,84.37042047119829,60.96339195130199,20.662833953331074,15.027829313543606,False
26099,6.5,37.7,78.8,6.8,81.5,87.9,15.2,11.4,37.5,3.5,0.4079,metropolitan,,33.95614925036636,86.0542779844437,-69.52992898207643,-48.568702290076345,False
26101,7.1,40.8,80.5,9.1,81.7,88.4,15.6,13.7,36.6,4.4,0.3583,rural,15.0,60.742870025927175,64.07253973621914,-10.314507947243833,-24.768089053803344,False
26103,5.9,34.0,77.2,6.9,80.3,85.7,13.5,10.6,36.4,3.3,0.2291,micropolitan,,22.489009130875885,77.85973960094691,-75.27899898545823,-82.69581056466302,False
26105,7.0,40.7,80.9,8.9,81.7,88.5,15.7,13.8,40.4,4.4,0.3812,micropolitan,13.0,66.41866756848157,73.71491376394994,-17.3824822455191,-19.12568306010928,False
26107,7.3,37.4,78.0,8.2,79.9,85.0,16.7,12.4,37.1,4.1,0.6102,micropolitan,15.0,49.56600157817607,50.44597565099763,-1.9276293540750729,-8.925318761384332,False
26109,6.9,42.0,80.2,9.3,81.5,88.5,16.7,13.9,38.9,4.5,0.1553,micropolitan,15.0,69.21711193777476,63.8231315522489,0.40581670612105825,-1.4571948998178499,False
26111,5.8,35.5,77.8,7.1,80.1,88.2,13.2,10.8,31.8,3.4,0.1683,metropolitan,,20.730470071017923,83.29599256002706,-81.56915793033481,-64.31297709923665,False
26113,7.4,40.2,79.1,8.6,80.8,87.2,17.3,13.3,39.3,4.2,0.4757,rural,15.0,63.12704317438846,58.579218802840714,1.352722353736894,-12.615955473098332,False
26115,6.7,37.6,78.4,7.4,79.5,87.8,15.2,12.3,40.6,3.6,0.1588,metropolitan,,44.13820313380679,82.21804193439297,-54.75143726750085,-31.39312977099236,False
26117,8.3,37.7,75.4,7.6,79.7,85.4,18.3,12.4,42.5,3.8,0.4607,rural,14.0,54.67816480667343,50.99551910720325,3.3479878254988122,-10.204081632653065,False
26119,7.0,45.7,83.3,11.2,83.1,89.4,18.3,16.5,38.6,5.4,0.4311,rural,16.0,83.51651448540187,62.58665877578627,17.517754480892776,11.781076066790348,False
26121,7.8,36.7,77.0,7.4,79.6,86.6,17.1,12.7,44.3,3.9,0.63,metropolitan,14.0,53.55371435012964,56.273249915454855,-6.188704768346298,17.270992366412216,False
26123,8.0,39.8,78.8,8.5,80.0,86.8,18.0,13.2,37.8,4.2,0.5463,metropolitan,16.0,60.52587081501522,49.70620561379777,12.681772066283393,32.82442748091603,False
26125,5.2,34.5,78.7,5.9,81.2,90.0,10.8,10.2,31.3,3.0,0.1435,metropolitan,16.0,10.926051177995717,57.186337504227254,-55.32634426783903,-41.221374045801525,False
26127,9.3,39.2,79.7,8.7,79.5,87.0,16.7,13.7,40.6,4.3,0.6252,rural,16.0,65.29703528350807,48.3873013189043,20.967196482921878,10.482374768089059,False
26129,7.4,43.4,81.2,10.1,81.4,88.0,18.3,15.3,39.4,4.9,0.4766,rural,17.0,79.78525532634426,53.24653364896855,28.407169428474795,21.985157699443413,False
26131,6.3,47.8,84.1,11.6,84.3,90.9,16.3,16.5,37.0,5.5,0.1269,rural,17.0,79.02434900236726,59.17314846127832,17.551572539736213,10.11131725417438,False
26133,7.6,40.4,79.1,9.1,80.8,86.9,18.1,13.7,39.6,4.4,0.5924,rural,15.0,69.31856611430504,57.72954007439973,10.043963476496458,-0.18552875695732496,False
26135,8.1,45.4,82.1,11.2,81.9,88.1,19.4,16.5,38.4,5.5,0.5797,rural,16.0,84.38451132904972,58.43971931011159,24.890091308758883,19.294990723562137,False
26137,6.2,38.2,78.6,7.9,81.1,88.1,15.1,12.3,38.1,3.8,0.2759,small_town,13.0,44.40311126141359,69.63772404463984,-39.7362191410213,-62.5,False
26139,6.5,31.3,76.6,5.8,80.7,86.9,11.4,9.4,32.3,2.9,0.1371,metropolitan,15.0,8.34178784804419,55.0938451132905,-53.56780520798107,-41.74618320610688,False
26141,6.5,44.5,83.2,10.8,83.5,89.8,16.3,15.6,40.9,5.1,0.1957,rural,13.0,81.5325216999211,77.7519445383835,-6.695975650997639,-14.935064935064943,False
26143,6.5,45.1,83.4,10.7,83.3,90.2,16.5,15.7,39.2,5.1,0.3898,small_town,16.0,79.64152857625972,63.544132566790665,11.66723030098072,-3.67647058823529,False
26145,8.2,40.1,79.3,8.0,81.1,86.3,16.2,14.1,36.6,4.3,0.6707,metropolitan,17.0,56.8537932589336,45.491630030436255,15.59012512681771,36.164122137404576,False
26147,6.7,38.7,78.6,7.7,80.9,87.7,16.3,12.2,36.5,3.8,0.2914,metropolitan,14.0,44.20020290835307,64.5058336151505,-32.00879269529929,-6.297709923664122,False
26149,8.8,37.6,77.4,7.8,78.9,86.0,17.4,12.8,38.3,3.9,0.5905,micropolitan,15.0,50.2282718971931,47.34739600946906,4.058167061210682,-3.825136612021865,False
26151,7.7,40.8,79.7,8.9,80.6,87.2,17.9,13.8,40.0,4.4,0.4613,rural,15.0,69.84556419794836,58.951217450118364,8.623605005072704,-1.8552875695732851,False
26153,7.0,43.9,82.0,10.3,82.6,88.9,18.1,15.8,40.3,5.1,0.552,rural,16.0,83.19524292638935,61.41782211701048,18.870476834629685,12.708719851576987,False
26155,6.8,37.6,78.0,7.7,80.6,87.2,16.3,12.5,38.8,3.8,0.1489,micropolitan,14.0,46.936647503099984,62.123774095366926,-24.518092661481226,-28.961748633879786,False
26157,7.4,39.4,79.0,8.4,79.9,87.1,17.3,13.2,41.7,4.2,0.2841,rural,11.0,64.49667455754705,71.18067297937098,-16.68921203922895,-30.426716141001847,False
26159,8.7,38.4,78.5,8.0,80.3,87.2,16.4,13.5,39.4,4.0,0.6494,rural,16.0,55.39679855709616,48.92627663172134,8.082516063577948,-5.287569573283854,False
26161,5.2,28.2,74.7,5.1,77.2,86.6,9.8,8.7,27.5,2.7,0.3223,metropolitan,,3.0464434674783,72.66444031112614,-85.35678052079811,-79.19847328244275,False
26163,8.1,40.3,77.3,7.4,80.9,87.1,16.9,14.3,37.4,4.4,0.861,metropolitan,22.0,57.99515274489911,34.07592154210349,38.383496787284415,57.44274809160304,False
26165,7.4,39.2,78.1,8.4,79.9,86.6,17.4,13.0,39.0,4.1,0.5056,micropolitan,14.0,58.89414947582009,59.17948934731146,-4.700710179235706,-8.014571948998181,False
27001,7.4,41.9,83.4,10.2,79.7,88.3,16.4,15.2,33.2,5.0,0.2838,rural,13.0,68.12929771164468,72.1867602299628,-14.034494420020295,-26.06679035250464,False
27003,7.5,31.3,77.2,5.7,73.2,85.2,13.6,10.6,36.2,3.0,0.1807,metropolitan,14.0,16.252395445834743,46.588603314169774,-32.499154548528914,-16.507633587786255,False
27005,7.5,37.9,80.3,7.8,77.6,86.1,15.4,11.8,37.3,3.9,0.3808,micropolitan,10.0,42.56566339758765,68.98672641190396,-41.30875887724044,-46.448087431693985,False
27007,8.2,32.3,76.0,6.9,73.2,81.8,17.5,11.3,38.5,3.7,0.755,micropolitan,15.0,36.21068650659452,35.04184984781874,8.961785593506935,-2.1857923497267784,False
27009,8.0,30.8,74.4,5.9,74.2,83.4,16.0,10.2,41.5,3.1,0.3719,metropolitan,14.0,29.27798444369293,40.86701048359824,-10.043963476496451,12.69083969465649,False
27011,7.9,37.0,81.7,8.8,77.2,86.7,15.5,13.2,37.6,4.4,0.0881,rural,15.0,54.579528801713444,54.71127832262428,-2.4349002367264134,-16.79035250463822,False
27013,7.9,28.9,73.0,5.5,73.0,79.7,13.5,9.4,33.8,2.9,0.3831,metropolitan,15.0,10.714688310224325,33.270629015894485,-13.324315184308418,-2.1946564885496187,False
27015,8.1,34.3,79.2,7.2,76.8,85.2,14.6,11.5,35.5,3.7,0.1145,micropolitan,,29.10325780633525,71.53998985458234,-61.54886709502874,-70.67395264116576,False
27017,8.0,33.3,76.4,6.8,73.2,84.3,16.2,11.7,38.8,3.5,0.3678,micropolitan,,34.02942171119378,63.11929320257018,-42.62766317213392,-50.36429872495445,False
27019,5.8,26.8,75.6,5.0,75.2,86.8,11.3,8.5,32.0,2.5,0.0337,metropolitan,,4.630255889978582,71.73655732160974,-83.26006087250592,-75.85877862595419,False
27021,7.4,39.2,81.6,9.0,77.8,87.0,16.9,14.2,36.9,4.4,0.3465,rural,13.0,62.55495434562056,65.80148799458911,-10.75414271220832,-24.860853432282006,False
27023,9.9,34.8,79.4,8.2,75.0,84.6,16.3,12.8,40.4,4.1,0.6452,rural,14.0,52.217901025814456,45.86785593506933,9.824146094014196,-2.782931354359924,False
27025,7.0,32.3,77.0,6.2,75.4,85.6,14.8,10.3,36.5,3.1,0.0426,metropolitan,,20.662833953331077,69.55951978356443,-66.58775786269868,-46.469465648854964,False
27027,7.2,29.8,72.6,5.5,72.7,82.1,13.7,9.3,32.9,2.8,0.4381,metropolitan,18.0,10.221508285424417,20.637470409198514,0.10145417653026811,8.587786259541984,False
27029,8.9,34.8,79.3,8.2,74.1,84.0,18.8,12.8,34.5,4.3,0.7779,rural,13.0,48.92627663172133,49.78229624619547,-1.7247210010145437,-16.69758812615955,False
27031,6.3,37.2,81.7,8.1,78.8,89.0,13.0,12.9,35.3,4.0,0.084,rural,,39.54458347424191,87.60356780520799,-62.36050050727089,-79.87012987012986,False
27033,10.2,37.0,79.5,8.4,76.0,84.9,15.8,13.1,39.2,4.2,0.4903,rural,14.0,54.26671175741179,46.90142035847143,10.077781535339874,-2.597402597402599,False
27035,7.0,36.3,79.5,7.9,76.6,86.6,14.8,11.8,37.5,3.8,0.2087,rural,13.0,38.92458572877917,61.11345958741968,-33.074061548867085,-50.46382189239332,False
27037,7.1,29.7,77.3,5.1,75.5,87.2,11.3,9.7,34.5,2.7,0.1492,metropolitan,,7.955698342915117,73.47607372336827,-82.98951640175854,-72.6145038167939,False
27039,7.1,29.6,75.9,5.7,73.5,85.2,13.5,9.6,35.2,2.9,0.0401,metropolitan,,12.6620448652914,66.04455529252621,-68.07575245180928,-54.00763358778625,False
27041,6.9,33.5,79.5,7.3,77.1,86.7,13.7,11.4,35.2,3.7,0.1174,micropolitan,,26.50772179010258,78.07744335475144,-71.81264795400743,-78.59744990892533,False
27043,9.3,36.5,79.8,8.4,75.9,85.1,16.4,12.8,37.6,4.2,0.1629,rural,11.0,51.49926727539172,58.577105174163,-12.64795400743997,-28.571428571428577,False
27045,7.6,36.2,78.9,7.5,75.9,85.8,15.5,11.8,40.5,3.8,0.2004,rural,11.0,43.55202344718746,61.88070679742982,-28.576259722691915,-45.91836734693878,False
27047,9.8,35.9,80.1,8.1,75.7,85.2,16.1,12.9,36.0,4.1,0.4986,micropolitan,15.0,45.922105737797324,44.234020967196486,4.261075414271232,-5.100182149362482,False
27049,7.7,34.4,78.2,6.9,74.8,85.6,14.7,10.9,36.0,3.5,0.1645,micropolitan,9.0,26.225904633074066,62.51902265809943,-49.8478187352046,-58.10564663023679,False
27051,8.0,36.9,80.2,8.4,76.2,85.6,16.6,12.7,39.7,4.1,0.1998,rural,14.0,54.72607372336828,53.8172133919513,-0.6594521474467356,-14.888682745825605,False
27053,7.5,28.7,72.8,5.0,74.7,85.9,11.1,8.1,27.1,2.8,0.4108,metropolitan,18.0,3.6861684139330397,26.786016232668246,-9.299966181941157,-6.583969465648854,False
27055,6.8,33.2,79.9,7.2,76.2,87.1,13.8,11.3,34.1,3.6,0.0207,metropolitan,,23.923458460151053,78.74957727426445,-74.77172810280689,-54.293893129770986,False
27057,6.9,35.2,82.0,8.3,78.6,87.7,14.2,13.3,35.4,4.1,0.2809,rural,12.0,42.35430052981626,72.52705444707473,-46.65201217450117,-64.51762523191096,False
27059,8.0,31.9,76.8,6.5,73.5,84.2,16.2,10.5,32.8,3.3,0.0913,metropolitan,,21.528012625408632,63.5652688535678,-55.765979032803514,-35.11450381679389,False
27061,7.1,37.8,79.8,8.3,76.9,86.5,16.0,13.7,36.0,4.1,0.4012,micropolitan,14.0,51.26254086348777,57.57101792357119,-11.24450456543795,-16.666666666666657,False
27063,7.7,35.3,79.7,7.5,76.3,86.3,14.1,11.7,35.8,3.8,0.0856,rural,13.0,31.870702288355314,59.365488670950285,-39.60094690564761,-54.9165120593692,False
27065,8.5,35.8,79.3,7.8,74.0,84.5,17.8,12.8,37.6,4.0,0.2612,rural,8.0,48.46691466576485,61.1916638484951,-21.13628677713899,-37.38404452690167,False
27067,10.0,33.4,79.1,7.2,75.8,84.9,14.4,12.3,40.6,3.7,0.5383,micropolitan,9.0,37.833953331078796,59.204852891444034,-31.65370307744336,-38.4335154826958,False
27069,7.0,36.9,81.2,8.2,77.5,87.2,14.3,12.5,34.0,4.0,0.0958,rural,13.0,39.45722015556307,65.96212377409537,-39.97294555292525,-57.05009276437848,False
27071,7.3,39.0,81.4,8.7,77.4,86.9,15.9,13.4,37.0,4.3,0.3118,small_town,15.0,56.77206628339533,56.137977680081164,-2.4349002367264134,-22.426470588235297,False
27073,7.3,36.3,81.4,8.3,77.8,87.2,14.0,12.2,34.0,4.0,0.0535,rural,11.0,37.67895389471311,71.49771728102806,-51.47108555968888,-69.20222634508349,False
27075,7.2,35.8,81.4,8.4,76.6,87.5,15.1,12.5,35.4,4.2,0.0805,rural,15.0,44.028294442565674,56.42543118025026,-19.039567128846812,-35.89981447124305,False
27077,7.0,37.2,81.2,8.1,77.7,87.6,15.3,12.9,36.2,4.0,0.0417,rural,13.0,45.27392627663172,66.88577950625634,-34.291511667230296,-50.74211502782932,False
27079,7.7,32.8,77.8,6.5,75.3,85.7,14.3,10.9,35.3,3.3,0.0694,metropolitan,13.0,20.798106188704768,53.679827527899896,-40.26039905309436,-19.08396946564885,False
27081,7.7,35.8,80.5,7.9,77.3,86.3,15.0,12.0,36.6,4.0,0.069,rural,14.0,39.91094577837899,57.729540074399736,-26.310449780182616,-43.042671614100186,False
27083,8.5,31.8,77.6,6.6,75.0,84.2,14.7,11.0,37.9,3.4,0.5348,micropolitan,15.0,25.56363431405704,39.60306053432533,-11.498140006763613,-24.225865209471763,False
27085,8.3,33.5,78.0,6.8,74.4,85.0,14.9,11.4,42.0,3.5,0.1126,micropolitan,,35.41314395220381,66.6659621237741,-46.533648968549215,-53.18761384335155,False
27087,11.4,38.1,78.3,9.7,75.0,81.1,24.5,16.8,43.8,5.3,0.9577,rural,16.0,84.75932814789765,28.646009469056473,75.97226919174838,72.6808905380334,True
27089,8.2,36.1,79.8,7.8,76.0,86.0,15.3,12.1,39.0,3.9,0.1133,rural,11.0,43.388569496110925,62.918498478187345,-30.19952654717619,-47.03153988868275,False
27091,8.4,35.1,80.6,8.3,76.5,85.8,15.6,13.0,36.3,4.1,0.2867,small_town,13.0,45.64028858076879,58.435492052756175,-20.22319918836658,-44.85294117647058,False
27093,7.8,34.2,79.5,7.4,76.1,85.5,15.6,12.2,37.1,3.7,0.1018,rural,,36.01341449667456,72.70459925600271,-55.12343591477848,-73.09833024118738,False
27095,8.3,35.8,77.3,7.2,74.1,84.1,17.5,12.0,38.5,3.7,0.5406,metropolitan,14.0,41.81039341675122,43.66545485289144,0.37199864727764975,24.80916030534351,False
27097,7.7,35.4,79.5,7.7,75.8,85.1,16.4,12.0,37.2,3.8,0.1448,rural,13.0,40.49712546499831,55.59054785255326,-21.897193101115995,-38.49721706864564,False
27099,10.6,33.2,77.4,7.0,74.3,83.5,15.8,11.8,37.9,3.7,0.5021,micropolitan,14.0,34.18723931912975,39.55444707473791,-2.3334460601961418,-13.296903460837886,False
27101,8.3,36.8,81.1,8.4,76.5,86.7,14.6,12.6,36.3,4.1,0.0983,rural,10.0,44.642655844887834,68.75634088603314,-38.21440649306731,-55.56586270871985,False
27103,7.3,29.5,76.7,6.0,73.1,83.7,13.7,9.8,33.2,3.1,0.1877,metropolitan,,12.729680982978245,63.78508623605005,-64.1866756848157,-49.522900763358784,False
27105,16.5,33.0,78.2,7.7,73.4,82.0,16.7,13.5,38.6,4.0,0.8323,micropolitan,14.0,47.26919174839364,35.13062225228272,23.09773419005749,14.025500910746814,False
27107,8.3,36.8,79.0,7.9,75.4,85.2,15.9,12.5,35.6,4.0,0.2806,rural,14.0,43.06166159395784,49.55402434900236,-9.0632397700372,-24.489795918367346,False
27109,6.7,30.1,76.1,5.5,73.1,85.9,11.2,9.5,36.4,2.8,0.2361,metropolitan,,10.90068763386315,68.27020629015894,-73.2499154548529,-60.1145038167939,False
27111,7.5,33.5,81.5,8.1,76.5,86.8,15.3,12.1,34.3,4.0,0.3303,rural,14.0,36.91522939916582,59.572624281366245,-33.51369631383159,-50.37105751391466,False
27113,7.9,34.2,77.2,6.8,75.1,84.6,15.4,11.2,40.2,3.5,0.1416,small_town,9.0,34.454965618306844,58.51369631383159,-34.93405478525532,-57.35294117647059,False
27115,8.7,38.5,78.7,8.1,76.3,84.9,18.1,13.1,39.6,4.1,0.4919,rural,16.0,58.8716041032578,37.84240784578965,32.53297260737234,20.59369202226345,False
27117,9.1,36.3,79.4,7.9,76.2,84.9,16.5,12.7,38.5,4.1,0.2288,rural,16.0,49.3518205388344,38.220747379100445,20.155563070679744,6.029684601113175,False
27119,8.3,32.0,78.5,7.1,74.9,84.5,15.3,11.3,39.4,3.6,0.4365,rural,7.0,33.21778829895164,61.67568481569158,-41.13966858302334,-56.86456400742115,False
27121,7.2,36.8,80.6,8.1,77.7,86.8,14.6,12.2,38.9,4.0,0.028,rural,11.0,45.062563408860335,69.79624619546838,-39.330402434900236,-56.771799628942475,False
27123,7.8,30.1,74.8,5.7,74.5,84.2,12.5,10.5,32.1,3.0,0.7076,metropolitan,14.0,10.13132679517529,42.617095028745354,-30.706797429827525,-20.324427480916032,False
27125,7.6,35.6,79.6,7.7,76.6,86.0,15.5,12.0,38.6,3.8,0.0891,rural,7.0,40.96212377409537,69.8131552248901,-44.52147446736557,-61.87384044526902,False
27127,8.5,35.1,79.6,7.9,75.5,84.9,16.3,12.8,36.5,4.1,0.1794,rural,15.0,44.972381918611205,44.75608725059182,2.2489009130875814,-11.59554730983303,False
27129,9.8,35.6,79.5,8.0,75.5,84.9,16.6,13.1,38.8,4.0,0.2482,rural,13.0,50.05072708826513,51.206881974974635,-2.6716266486303653,-17.346938775510203,False
27131,8.7,31.8,75.6,6.0,74.8,83.0,13.9,10.1,37.5,3.1,0.4598,micropolitan,8.0,19.079021530830797,54.064507947243825,-42.881298613459585,-54.826958105646625,False
27133,8.0,33.2,78.2,7.2,75.7,84.9,15.4,11.4,36.6,3.7,0.1304,metropolitan,16.0,31.42824935182054,37.82127155901251,-2.3672641190395645,20.70610687022901,False
27135,7.8,32.5,79.2,7.2,75.2,85.2,15.6,11.8,35.9,3.7,0.2504,rural,9.0,31.281704430165714,63.48917822117011,-46.07710517416301,-61.131725417439704,False
27137,6.8,32.1,78.5,7.0,74.9,84.4,15.2,11.2,35.2,3.5,0.3054,metropolitan,16.0,25.532634426783904,38.78719986472777,-9.671964829218805,10.97328244274809,False
27139,6.6,30.3,74.4,4.8,74.3,86.1,12.2,9.4,32.0,2.5,0.1034,metropolitan,,6.352158719422839,68.29134257693607,-76.9022658099425,-68.22519083969466,False
27141,7.1,28.7,73.6,5.0,71.9,84.4,14.2,9.0,39.0,2.6,0.1047,metropolitan,,17.20493743659114,62.447159283057154,-57.64288129861346,-39.74236641221375,False
27143,9.0,34.0,78.2,7.2,74.9,84.8,15.7,11.5,38.8,3.6,0.1139,rural,13.0,35.258144515838126,49.3764795400744,-18.70138654041258,-33.85899814471244,False
27145,7.9,30.1,75.7,6.1,74.3,82.4,14.0,10.1,36.0,3.2,0.4572,metropolitan,14.0,17.03866531394431,41.15869124112276,-21.914102130537707,-6.10687022900764,False
27147,8.2,33.3,77.8,6.7,74.5,85.2,14.2,10.9,37.4,3.4,0.3105,micropolitan,,24.93518205388344,67.05909705782888,-58.92796753466351,-67.57741347905281,False
27149,9.7,28.7,75.2,6.0,72.1,81.3,13.1,9.7,36.8,3.0,0.1728,rural,16.0,14.981400067636116,25.534748055461616,1.0145417653026723,-6.215213358070502,False
27151,9.1,37.9,80.2,8.6,76.3,85.2,16.6,13.2,38.4,4.3,0.5119,rural,15.0,57.79506256340886,45.97353736895502,16.232668244842742,4.17439703153989,False
27153,10.4,38.0,79.5,8.7,75.3,84.8,17.8,13.3,39.3,4.4,0.5915,rural,13.0,62.833953331078796,49.98097734190057,15.049036185322962,2.2263450834879492,False
27155,8.5,37.9,80.6,8.7,76.7,86.3,15.9,13.2,38.7,4.4,0.1829,rural,15.0,57.96415285762597,50.83276969901928,7.744335475143728,-5.565862708719855,False
27157,7.0,33.6,80.5,7.4,76.9,87.1,13.9,11.6,37.5,3.7,0.0986,metropolitan,7.0,30.88997858189607,74.98309097057829,-64.1866756848157,-39.885496183206115,False
27159,8.8,34.9,79.0,7.9,74.8,84.0,17.2,12.7,38.4,4.1,0.7448,small_town,16.0,48.824822455191075,35.50473452823808,24.585728779168075,8.82352941176471,False
27161,8.9,32.4,77.0,6.8,75.0,84.5,15.4,11.4,39.1,3.5,0.2195,small_town,12.0,31.681884793146207,50.25574907000338,-24.721001014541763,-43.75,False
27163,5.8,29.4,76.9,5.2,76.2,87.3,10.9,10.3,32.5,2.7,0.0503,metropolitan,,6.7917934843873295,74.7125464998309,-85.76259722691917,-76.43129770992367,False
27165,13.4,34.5,79.0,7.6,75.7,84.7,14.9,12.9,36.8,3.9,0.6583,rural,11.0,38.896404013076314,51.71203922894826,-17.517754480892798,-33.85899814471243,False
27167,8.0,35.4,78.7,7.6,75.2,85.0,16.6,12.3,38.6,3.9,0.1556,micropolitan,10.0,44.290384398602185,60.287030774433546,-25.39736219141021,-29.872495446265944,False
27169,7.3,30.0,76.8,6.1,72.8,81.5,13.0,9.8,33.8,3.1,0.2377,micropolitan,10.0,12.33231879156803,53.42830571525194,-47.784917145755834,-59.92714025500911,False
27171,6.8,30.8,75.2,5.2,74.9,85.3,12.8,9.2,35.4,2.7,0.0235,metropolitan,,10.66677939352948,66.9090294217112,-71.45755833615152,-59.16030534351145,False
27173,8.5,35.6,79.4,7.7,75.9,85.0,16.0,12.4,38.8,3.9,0.237,rural,13.0,44.37774771728103,53.679827527899896,-13.577950625634088,-30.24118738404453,False
28001,15.2,51.7,82.2,9.7,83.1,86.0,20.2,20.6,41.2,6.3,0.971,micropolitan,19.0,92.77984443692931,36.20857287791681,71.22083192424755,63.20582877959928,True
28003,11.8,45.7,80.3,8.3,80.4,85.6,19.3,15.0,40.0,4.5,0.8944,micropolitan,20.0,75.67636117686845,31.400067636117683,62.495772742644576,57.55919854280509,True
28005,12.6,52.4,84.3,10.9,83.5,87.5,20.4,20.6,45.0,6.5,0.7894,rural,18.0,96.77882989516401,44.29531619885019,58.62360500507271,61.41001855287569,False
28007,12.2,48.4,81.7,8.5,82.5,86.7,18.2,16.9,42.6,5.3,0.957,small_town,20.0,85.24687182955698,37.49788637132228,62.563408860331414,53.30882352941177,True
28009,12.7,48.3,81.2,8.8,81.7,86.4,19.4,17.4,42.4,5.2,0.7725,metropolitan,17.0,87.61977229173714,43.39068312478864,54.007439972945555,61.641221374045806,False
28011,13.7,51.9,81.4,8.9,84.1,85.6,19.8,20.5,46.5,6.1,0.994,micropolitan,23.0,93.02220719197385,31.97708826513358,78.28880622252282,70.30965391621129,True
28013,14.0,49.0,81.3,9.5,81.3,85.6,20.1,18.2,41.1,5.6,0.8988,rural,20.0,90.31676248450007,32.19479201893811,76.05681433885695,75.69573283858998,True
28015,13.0,50.1,82.7,10.3,82.4,86.6,19.4,18.6,40.0,5.9,0.7,micropolitan,21.0,90.13076316086124,36.24873182279337,69.09029421711193,60.83788706739526,True
28017,14.0,47.8,80.8,8.8,81.3,85.4,19.9,18.4,43.3,5.6,0.9542,rural,18.0,89.9250366362304,35.301826175177546,70.98410551234358,70.96474953617812,True
28019,11.4,47.9,82.7,9.0,82.3,87.5,17.2,16.9,40.2,5.2,0.7932,micropolitan,18.0,82.41179122985007,44.52992898207643,46.449103821440644,39.344262295081975,False
28021,13.9,51.2,79.7,8.5,84.0,83.9,18.7,20.4,47.8,6.1,0.819,rural,14.0,90.57039792582573,51.42035847142374,42.171119377747715,41.09461966604823,False
28023,11.7,49.5,82.2,9.3,82.6,87.0,19.0,17.8,38.6,5.5,0.8021,micropolitan,19.0,84.43242024574455,40.64296584376057,55.901251268177205,47.90528233151184,False
28025,13.1,50.5,81.6,8.8,83.6,86.5,19.1,19.1,47.6,5.8,0.7913,small_town,20.0,91.48348551459814,36.65032127155901,69.15793033479878,64.33823529411765,True
28027,15.1,53.4,81.1,9.1,84.2,85.0,21.1,21.8,46.4,6.5,0.9895,micropolitan,23.0,95.00901814902493,29.483006425431185,83.19242475481909,76.6848816029144,True
28029,12.3,48.6,81.6,8.5,82.8,86.4,17.8,18.2,41.8,5.4,0.7976,metropolitan,22.0,85.16232668244844,35.217281028068996,67.02739262766318,75.28625954198473,True
28031,11.6,46.3,80.4,7.9,81.7,86.4,18.0,15.6,40.4,4.7,0.7674,rural,20.0,75.45372562281591,35.30816706121068,56.20561379776802,49.62894248608534,False
28033,9.7,40.0,78.1,5.6,81.1,87.6,13.9,12.4,37.3,3.4,0.3563,metropolitan,,32.78660804869801,78.66925938451132,-65.84376056814338,-41.984732824427475,False
28035,10.8,39.5,77.0,6.2,80.0,84.1,15.2,13.1,35.8,3.8,0.9497,metropolitan,20.0,39.40085672415737,23.254142712208317,28.40716942847481,50.57251908396947,False
28037,12.1,50.3,82.4,9.7,82.3,86.5,20.0,18.5,40.4,5.7,0.5787,rural,22.0,90.30830796978921,35.94648292188028,69.90192762935409,69.48051948051949,True
28039,11.3,39.8,77.9,7.2,78.2,84.6,18.2,13.1,37.2,3.9,0.8384,rural,15.0,51.05399616728666,39.99830909705783,19.005749070003382,6.12244897959183,False
28041,13.4,43.1,75.9,7.4,78.5,83.6,19.2,14.0,41.9,4.2,0.7776,rural,14.0,68.21102468718296,39.66012850862361,40.243490023672635,32.096474953617815,False
28043,12.3,48.2,81.7,8.5,81.3,86.2,18.5,17.6,46.1,5.3,0.8492,micropolitan,21.0,87.43940931123888,34.276716266486304,70.44301657084884,61.930783242258656,True
28045,9.7,43.3,81.9,8.2,81.1,88.0,15.7,14.3,37.3,4.3,0.4776,metropolitan,18.0,61.06977792808026,45.6966520121745,20.459925600270545,39.98091603053435,False
28047,11.1,42.3,78.8,7.2,81.3,86.2,16.3,14.1,36.5,4.0,0.9182,metropolitan,18.0,53.11689775673543,36.42204937436591,27.86608048698005,48.18702290076337,False
28049,11.1,47.9,80.5,7.0,83.5,87.2,15.9,17.0,44.0,4.9,0.9154,metropolitan,20.0,74.28700259271784,38.51031450794724,49.256002705444715,61.49809160305344,False
28051,15.6,55.3,81.3,9.4,84.2,84.2,22.4,23.3,50.7,7.0,0.992,metropolitan,21.0,96.88028407169429,29.018008116334123,84.7480554616165,86.73664122137404,True
28053,16.0,57.3,82.7,10.8,84.5,85.3,23.2,24.7,52.4,7.7,0.9787,rural,22.0,99.16018487205501,31.602975989178226,81.70443016570849,84.04452690166977,True
28055,21.3,46.1,73.4,7.8,77.8,78.3,21.6,16.4,45.3,5.1,0.9539,rural,22.0,84.05196708375605,7.668244842746031,88.19749746364558,81.16883116883116,True
28057,10.4,40.0,77.9,7.1,79.3,85.1,16.1,12.2,36.2,3.7,0.2463,rural,19.0,41.6976665539398,27.33133243151843,27.392627663172135,12.337662337662337,False
28059,11.1,45.0,79.2,7.1,81.1,86.9,15.4,15.0,40.7,4.0,0.8288,metropolitan,16.0,61.205050163453954,47.24382820426108,17.65302671626649,36.6412213740458,False
28061,12.4,50.6,82.5,9.1,83.5,87.2,18.7,19.0,44.9,5.8,0.6281,rural,15.0,91.47221282831701,57.73165370307744,32.46533648968549,30.612244897959187,False
28063,15.0,57.1,82.8,9.8,84.8,86.2,21.5,23.6,51.5,7.2,0.8991,rural,22.0,97.55382707699243,34.249239093676024,77.40953669259386,79.77736549165121,True
28065,12.9,54.8,84.1,10.3,84.6,87.5,20.0,21.8,45.4,6.8,0.8743,rural,18.0,96.4970127381355,44.202316537030775,58.74196821102469,61.50278293135435,False
28067,11.9,46.5,80.3,8.1,81.2,85.9,17.6,16.0,41.6,4.7,0.791,micropolitan,21.0,77.9308984330966,32.044724382820434,63.78085897869463,58.287795992714024,True
28069,12.7,49.9,81.4,8.9,83.1,85.9,17.5,18.4,43.7,5.7,0.95,micropolitan,21.0,88.33276969901927,34.0780351707812,71.52519445383834,63.3879781420765,True
28071,9.2,34.1,76.1,5.4,79.2,83.5,12.9,10.9,34.4,3.1,0.4391,micropolitan,15.0,15.13921767557209,40.80782888062225,-23.063916131214068,-37.70491803278689,False
28073,9.5,40.5,78.3,6.4,81.2,87.0,14.8,12.4,38.7,3.6,0.6032,metropolitan,16.0,40.587306955247435,47.95400743997295,-9.31687521136287,15.505725190839698,False
28075,12.0,47.5,81.5,8.4,82.2,86.7,18.5,16.7,42.1,5.2,0.959,micropolitan,20.0,83.92796753466352,37.311887047683456,60.90632397700371,54.28051001821493,False
28077,13.6,50.2,81.5,9.6,81.8,85.4,21.7,18.8,46.3,5.8,0.8505,rural,19.0,95.27110810506144,34.365488670950285,76.32735880960433,78.10760667903524,True
28079,13.6,47.9,80.4,8.3,81.6,85.9,19.3,17.0,42.8,5.1,0.9574,rural,20.0,85.0355089617856,32.31738248224552,71.08555968887387,67.99628942486085,True
28081,10.2,44.3,78.8,6.6,81.5,87.1,15.4,13.9,36.4,3.8,0.7455,micropolitan,18.0,48.286551685266595,39.51428812986135,16.1650321271559,7.4681238615664824,False
28083,14.6,51.5,81.1,8.5,84.2,85.0,20.9,20.9,43.4,6.2,0.9411,micropolitan,23.0,91.42148574005186,29.68168752113629,80.48698004734528,74.31693989071039,True
28085,11.1,45.3,80.2,7.8,80.7,86.4,18.0,15.7,40.5,4.6,0.6042,micropolitan,21.0,74.23063916131214,33.46508285424417,58.167061210686505,52.459016393442624,False
28087,11.0,45.1,80.5,7.2,81.8,86.6,15.9,15.5,37.5,4.5,0.7521,micropolitan,21.0,62.09559237966406,35.57659790328035,40.7845789651674,34.97267759562842,False
28089,8.1,40.3,79.7,5.7,82.4,89.1,12.0,12.4,36.3,3.4,0.3554,metropolitan,20.0,29.255439071130652,43.52806898884003,-14.710855596888738,7.919847328244273,False
28091,12.8,48.0,80.6,8.8,81.3,85.6,20.4,17.2,43.5,5.3,0.8928,small_town,17.0,89.17822117010483,40.10610415962124,61.07541427122083,51.10294117647059,False
28093,14.2,49.3,81.3,8.7,82.0,85.3,20.3,18.5,41.9,5.6,0.8699,metropolitan,21.0,89.30785706233796,30.951978356442343,76.96990192762935,82.53816793893131,True
28095,11.7,47.9,81.7,8.6,82.1,86.6,18.7,16.7,42.9,5.1,0.6163,rural,19.0,85.60477961898322,39.15919851200541,60.16232668244842,57.421150278293126,False
28097,12.8,51.2,83.1,10.0,83.2,86.7,19.4,19.6,43.5,6.1,0.9599,rural,18.0,94.06211250140909,42.34020967196483,60.83868785931687,62.70871985157698,False
28099,12.8,44.4,79.6,8.5,80.3,84.3,21.0,16.5,43.1,4.9,0.9402,small_town,13.0,84.6719648292188,53.91021305377071,32.63442678390261,17.279411764705884,False
28101,11.7,44.6,79.5,8.0,80.7,85.1,18.4,15.7,40.9,4.8,0.6793,rural,21.0,76.89944763837222,28.297260737233685,68.17720662833955,61.41001855287569,True
28103,15.2,52.2,81.9,9.2,83.2,85.5,21.3,21.2,46.4,6.5,0.964,rural,21.0,95.26828993349118,32.074315184308425,79.60771051741631,81.0760667903525,True
28105,10.1,34.6,73.4,5.3,78.3,80.1,12.4,10.9,34.5,3.2,0.6939,micropolitan,19.0,15.311126141359487,17.553686168413932,7.270882651335815,2.1857923497267766,False
28107,13.2,48.6,81.0,8.8,82.3,85.8,20.4,18.4,46.3,5.5,0.8626,small_town,21.0,91.39612219591929,32.56044978018262,76.25972269191749,72.42647058823529,True
28109,11.2,42.8,80.6,8.1,80.5,86.1,17.6,14.4,38.0,4.4,0.6907,rural,18.0,65.80712433772969,38.10872505918161,40.81839702401082,30.98330241187384,False
28111,11.7,46.7,80.1,8.6,81.1,85.6,19.5,16.2,43.7,4.9,0.6914,metropolitan,17.0,85.19896291286214,40.08074061548867,57.76124450456543,67.08015267175573,False
28113,13.5,50.2,80.5,8.7,83.4,85.5,20.3,18.9,46.0,5.7,0.9812,micropolitan,22.0,91.7568481569158,30.871660466689214,78.96516739939126,70.85610200364299,True
28115,12.4,42.0,78.2,7.2,79.0,85.1,17.7,13.8,38.9,4.0,0.6087,rural,17.0,58.178333896967644,31.484612783226247,42.4416638484951,29.591836734693878,False
28117,11.0,41.9,78.7,7.6,79.7,84.8,17.5,13.9,40.5,4.2,0.6993,small_town,19.0,64.15567579754256,28.21060196144741,54.26107541427122,40.99264705882352,False
28119,15.4,54.8,82.1,9.7,83.8,85.1,23.2,22.8,51.2,7.0,0.9551,rural,23.0,97.81028068988839,30.43413933040243,83.12478863713224,85.43599257884972,True
28121,8.9,40.7,78.2,6.0,80.8,88.1,13.1,12.1,36.6,3.4,0.3732,metropolitan,18.0,31.385976778266258,41.15235035508962,-8.589786946229289,14.2175572519084,False
28123,16.5,46.7,80.2,8.6,80.7,84.8,20.6,18.3,43.4,5.4,0.9217,rural,15.0,88.98094916018488,45.57194792018939,50.84545147108555,50.510204081632665,False
28125,15.2,58.4,84.5,11.3,84.9,86.6,22.8,25.2,50.3,7.8,0.9838,rural,22.0,99.25036636230415,35.492052756171795,75.95536016232668,79.0352504638219,True
28127,11.9,46.2,81.1,8.1,81.8,86.6,18.1,16.2,40.2,4.9,0.7808,metropolitan,20.0,77.73080825160635,36.4051403449442,56.205613797768,66.88931297709924,False
28129,12.5,48.5,81.3,9.3,81.4,85.8,19.8,16.9,43.6,5.3,0.7251,rural,20.0,90.12230864615039,33.832854244166384,73.60500507270882,73.46938775510205,True
28131,10.8,43.0,78.4,7.4,80.2,85.5,17.1,14.0,41.0,4.1,0.8587,rural,17.0,63.64276857175065,36.61650321271559,40.412580317889756,29.406307977736546,False
28133,16.2,50.4,79.3,8.1,82.5,83.3,21.4,19.3,48.6,5.8,0.9303,small_town,20.0,90.2885807687972,25.014795400743992,85.39059857964152,83.45588235294117,True
28135,15.8,50.7,79.8,8.6,81.2,84.1,20.7,18.9,44.9,5.7,0.9141,rural,21.0,91.43839476947356,25.010568143388568,86.37132228610078,85.2504638218924,True
28137,11.1,41.8,79.0,7.1,80.4,85.6,16.4,14.2,36.1,4.1,0.8915,metropolitan,16.0,53.11407958516514,42.96795738924585,16.13121406831248,36.92748091603054,False
28139,12.4,43.5,79.8,8.1,80.4,84.9,18.7,15.3,43.3,4.6,0.8839,rural,18.0,77.43208206515612,32.53719986472777,62.495772742644576,56.58627087198515,True
28141,11.6,44.5,81.0,9.0,80.3,85.7,19.0,15.0,39.5,4.7,0.7467,rural,18.0,77.59553601623266,36.91241122759554,55.05579979709165,49.721706864564005,False
28143,16.1,52.8,80.1,8.5,83.3,84.1,23.5,21.4,51.0,6.3,0.9602,metropolitan,23.0,93.83947694735656,25.849678728440992,87.18295569834292,89.69465648854963,True
28145,12.8,43.0,78.6,7.7,79.4,85.0,18.5,14.1,41.6,4.3,0.6977,small_town,15.0,69.34956600157817,42.999661819411564,35.61041596212378,19.485294117647058,False
28147,13.0,49.6,81.5,9.0,82.2,86.3,19.3,17.8,43.1,5.5,0.8982,rural,17.0,89.77003719986472,43.58090970578289,55.69834291511666,56.30797773654916,False
28149,10.5,46.4,81.6,7.5,83.1,87.9,16.1,16.2,43.8,4.7,0.8279,micropolitan,20.0,74.27854807800699,41.44191748393642,43.388569496110925,37.340619307832426,False
28151,14.4,53.9,82.1,9.1,83.4,86.1,20.7,21.0,44.2,6.5,0.9971,micropolitan,22.0,94.14102130537707,33.53483260060873,77.0375380453162,68.12386156648452,True
28153,13.2,47.7,81.0,9.0,81.6,85.4,20.2,17.8,44.2,5.5,0.9119,rural,22.0,90.76203359260512,30.50600270544471,79.10043963476497,79.12801484230056,True
28155,10.7,43.2,79.7,7.3,80.6,86.5,16.9,13.7,36.5,4.1,0.6112,micropolitan,20.0,55.37425318453387,34.185830233344596,35.44132566790667,27.50455373406193,False
28157,14.3,52.9,81.3,9.1,83.1,85.5,20.6,20.6,47.4,6.2,0.8349,rural,16.0,94.52992898207644,45.965082854244166,54.3794386202232,56.21521335807051,False
28159,13.1,50.8,82.2,9.6,83.4,86.2,19.8,19.5,41.7,5.9,0.8543,rural,19.0,92.18802840716943,37.96922556645249,67.70375380453162,68.27458256029685,True
28161,13.2,50.7,82.4,9.6,82.2,86.2,20.7,19.0,40.1,5.8,0.7429,rural,22.0,90.46612557772517,34.23867095028746,73.28373351369632,73.37662337662339,True
28163,18.6,49.5,77.7,8.3,80.1,82.3,23.5,18.5,50.5,5.5,0.9975,micropolitan,20.0,91.0128508623605,18.424501183632056,91.10585052417991,90.52823315118397,True
29001,8.2,30.3,73.9,6.1,76.3,78.3,14.3,10.0,34.7,3.1,0.4006,micropolitan,18.0,15.674670273926276,20.656493067297937,5.309435238417315,-0.5464480874316955,False
29003,7.7,38.3,78.5,7.1,78.5,85.8,15.4,11.6,36.0,3.6,0.0169,metropolitan,13.0,35.359598692368394,58.9427629354075,-34.34223875549543,-7.9198473282442805,False
29005,8.9,43.5,81.3,9.4,80.2,85.7,18.0,14.9,41.6,4.7,0.2249,rural,15.0,79.92334573328823,55.12132228610078,25.481907338518766,18.692022263450838,False
29007,10.0,39.6,78.7,8.3,78.9,83.0,20.2,14.1,40.0,4.4,0.7105,micropolitan,18.0,68.89584037876226,28.136624957727427,59.79032803517079,57.377049180327866,False
29009,12.0,40.9,80.0,9.2,78.3,83.7,20.2,15.0,37.8,4.7,0.5768,rural,17.0,73.74309547965281,31.45713561041596,60.263780858978706,52.968460111317256,False
29011,10.9,41.8,79.5,9.5,78.6,82.6,21.6,15.2,40.7,4.9,0.6767,rural,17.0,82.24270093563295,31.39161312140683,69.27629354075077,64.84230055658627,True
29013,10.1,40.2,78.4,8.5,78.2,83.1,20.5,13.8,41.2,4.4,0.7114,rural,17.0,71.90564761582685,29.86134595874197,60.29759891782212,52.50463821892393,False
29015,9.2,45.5,83.4,10.9,81.8,87.1,19.3,16.7,38.9,5.4,0.5364,rural,16.0,85.12287228046443,55.48063916131214,30.791342576936096,25.974025974025977,False
29017,9.9,41.7,79.0,8.9,79.1,83.9,20.6,14.1,39.3,4.6,0.4241,metropolitan,17.0,73.87554954345622,33.91317213391952,56.84815691579303,68.79770992366412,False
29019,7.5,30.1,73.2,5.2,76.6,81.3,12.2,9.5,29.8,2.7,0.4244,metropolitan,17.0,6.183068425205726,26.373858640514037,-7.439972945552924,-2.385496183206107,False
29021,10.6,37.9,77.4,7.6,77.9,82.8,18.6,13.0,42.9,3.9,0.8218,metropolitan,18.0,58.17551572539736,23.087166046668923,52.38417314846127,69.94274809160305,False
29023,11.3,42.5,78.3,9.0,78.4,81.9,22.1,15.3,41.1,4.8,0.8412,micropolitan,20.0,81.86224777364447,19.876564085221506,81.06188704768347,83.06010928961749,True
29025,9.2,39.1,78.9,8.1,78.5,84.1,18.5,13.0,38.9,4.1,0.3163,rural,16.0,58.654604892345844,38.990108217788304,30.70679742982753,18.36734693877551,False
29027,8.6,37.0,77.1,7.1,77.7,83.6,16.7,11.9,36.9,3.6,0.2447,metropolitan,8.0,38.22004283620787,59.274602637808584,-31.18025025363545,-4.293893129770986,False
29029,7.9,42.3,82.4,9.4,81.8,87.8,16.4,14.7,35.6,4.6,0.3493,small_town,16.0,66.44403111261413,58.58767331755157,5.647615826851535,-15.441176470588232,False
29031,8.2,35.4,77.1,6.6,78.7,83.3,14.9,11.2,34.7,3.4,0.3099,metropolitan,16.0,24.836546048923463,37.254819073385185,-8.031788975312818,12.022900763358784,False
29033,9.3,39.9,80.1,8.6,79.1,84.7,18.3,13.9,38.6,4.4,0.1378,rural,16.0,65.94521474467366,43.00600270544471,31.924247548190735,23.00556586270872,False
29035,10.9,43.3,79.7,9.7,79.3,82.7,22.6,15.7,40.0,5.0,0.4823,rural,17.0,84.27460263780858,33.1057659790328,68.98884004058166,65.39888682745826,True
29037,8.0,35.3,77.6,6.4,78.4,85.7,14.9,11.5,38.0,3.3,0.1257,metropolitan,,28.607259609965055,72.54396347649644,-63.47649644910383,-39.50381679389313,False
29039,10.2,42.6,80.7,9.9,79.3,83.7,20.3,15.6,39.8,5.0,0.6643,rural,16.0,82.42588208770151,41.48207642881298,51.84308420696653,49.257884972170686,False
29041,8.9,41.0,81.1,9.1,79.9,85.3,17.8,14.0,38.3,4.6,0.1747,rural,15.0,69.18329387893134,53.4367602299628,17.31484612783226,7.606679035250465,False
29043,7.4,35.0,77.2,6.3,78.6,85.7,14.8,10.7,36.3,3.2,0.1107,metropolitan,11.0,23.56836884229512,62.61836320595198,-52.48562732499154,-31.297709923664122,False
29045,9.9,42.0,79.7,9.5,78.8,83.6,21.0,14.9,41.7,4.8,0.265,rural,16.0,82.3103370533198,39.36422049374366,55.833615150490374,52.040816326530624,False
29047,8.0,34.9,75.1,5.8,77.2,85.2,14.2,10.8,37.4,3.0,0.2692,metropolitan,,22.01837447863826,66.65962123774095,-60.46668921203921,-40.26717557251908,False
29049,8.2,38.3,78.3,7.5,78.3,85.1,17.0,12.0,39.5,3.8,0.1661,metropolitan,10.0,48.10900687633862,62.83818058843422,-23.74027730808252,0.6679389312977122,False
29051,7.6,36.9,76.4,6.3,79.2,85.5,13.9,11.0,36.6,3.3,0.2049,metropolitan,10.0,25.34663510314508,63.81890429489347,-52.68853567805208,-30.725190839694648,False
29053,8.7,37.5,78.2,7.3,78.3,84.5,16.6,12.2,37.5,3.8,0.3716,small_town,7.0,42.83338969676473,64.06197159283057,-32.803517078119704,-57.352941176470594,False
29055,10.2,39.2,79.3,8.7,78.6,83.5,20.3,14.1,41.9,4.4,0.657,rural,18.0,72.8497350918724,28.74957727426446,63.036861684139325,55.56586270871985,True
29057,9.6,43.8,81.0,10.0,80.1,84.7,20.9,16.0,40.7,5.1,0.595,rural,16.0,86.21068650659453,45.55503889076767,48.427460263780866,46.753246753246756,False
29059,10.2,41.0,79.6,9.1,78.4,83.0,21.4,14.9,39.5,4.7,0.5466,metropolitan,16.0,76.84872055010709,37.26750084545147,53.66925938451132,65.17175572519083,False
29061,10.1,41.1,79.3,9.1,78.6,83.5,19.6,14.2,38.4,4.6,0.5157,rural,12.0,71.88028407169429,55.1551403449442,17.010483598241464,7.699443413729135,False
29063,9.3,39.2,78.5,7.8,78.5,84.3,17.4,12.5,38.9,4.0,0.1753,metropolitan,13.0,53.5396234922782,52.718126479540075,-0.30436252959081145,22.70992366412213,False
29065,9.8,41.7,79.9,9.2,79.4,84.2,19.9,14.6,39.5,4.7,0.6551,small_town,16.0,76.19208657423064,41.6976665539398,45.21474467365572,33.088235294117645,False
29067,10.1,42.9,80.4,9.6,79.8,84.5,20.1,15.3,38.0,4.9,0.5969,metropolitan,16.0,78.0492616390486,43.25118363205952,44.33547514372674,55.534351145038165,False
29069,12.9,44.1,78.8,9.3,78.4,82.0,22.8,16.0,46.2,5.0,0.9707,rural,21.0,88.81749520910832,18.388569496110925,89.04294893473114,84.87940630797775,True
29071,8.1,37.4,78.7,7.3,78.9,85.2,16.4,12.2,39.6,3.7,0.1066,metropolitan,8.0,44.837109683237514,67.8369124112276,-36.59113966858302,-11.259541984732834,False
29073,8.4,40.7,80.3,8.6,79.8,85.6,17.6,13.5,39.3,4.3,0.2488,rural,14.0,65.53657986698231,58.73562732499154,4.396347649644909,-7.977736549165115,False
29075,9.6,38.9,78.6,8.0,77.8,83.6,19.3,13.2,41.2,4.1,0.4066,rural,12.0,63.090406943974756,53.2993743659114,10.38214406493067,-2.5046382189239296,False
29077,8.4,33.1,76.4,6.5,77.5,82.8,15.4,11.0,36.7,3.4,0.5317,metropolitan,16.0,26.076541539848947,33.5010145417653,0.16909029421711352,20.80152671755725,False
29079,10.2,41.0,79.8,9.2,79.1,83.5,19.4,14.3,39.0,4.7,0.679,small_town,17.0,73.73182279337166,34.37817044301657,55.850524179912085,46.13970588235295,False
29081,9.9,41.3,80.0,9.4,79.4,83.9,19.7,14.7,39.3,4.8,0.4378,rural,16.0,76.51053996167288,41.32144064930673,46.094014203584706,41.55844155844156,False
29083,9.8,41.3,79.8,9.1,79.2,84.2,19.7,14.4,38.5,4.6,0.6526,small_town,17.0,72.717281028069,36.09232330064255,51.53872167737572,38.97058823529412,False
29085,10.7,50.1,84.2,13.1,82.1,85.8,23.2,19.7,43.0,6.7,0.6157,rural,16.0,97.00710179235712,50.91942847480554,46.87182955698344,47.959183673469376,False
29087,8.7,41.3,81.1,9.1,80.0,85.6,17.6,14.1,36.6,4.5,0.1705,rural,,66.53421260286326,79.639414947582,-23.977003719986484,-37.10575139146568,False
29089,8.2,36.7,78.0,7.3,78.6,83.5,15.7,12.0,34.8,3.7,0.35,rural,16.0,34.89178221170104,38.69842746026378,0.2705444707473781,-13.543599257884976,False
29091,10.8,40.7,78.4,9.1,78.4,82.2,21.6,14.9,36.8,4.8,0.7693,micropolitan,18.0,72.89764400856724,25.082431518430845,67.46702739262766,67.03096539162112,True
29093,10.0,42.5,79.5,9.3,79.3,83.8,20.5,15.0,42.3,4.7,0.6074,rural,19.0,82.07361064141584,28.607964152857626,72.97937098410551,68.27458256029684,True
29095,10.0,35.7,75.5,6.2,77.2,84.5,15.8,12.1,37.2,3.6,0.6866,metropolitan,19.0,32.9782437154774,20.17669935745688,22.21846466012851,43.225190839694655,False
29097,10.9,37.3,75.8,7.2,77.0,82.1,18.5,12.8,40.0,3.8,0.7451,metropolitan,17.0,50.77499718182843,23.006848156915794,43.16875211362868,63.31106870229007,False
29099,7.9,35.5,77.4,6.6,78.7,84.9,16.5,11.2,40.3,3.3,0.1136,metropolitan,10.0,36.219141021305376,62.27595536016232,-38.315860669597576,-12.5,False
29101,8.6,30.1,71.9,5.5,76.5,79.5,15.2,9.6,35.3,2.9,0.3815,micropolitan,16.0,16.103032352609628,28.30360162326682,-1.4203584714237412,-10.928961748633881,False
29103,10.7,42.0,80.1,9.7,78.7,82.5,21.2,15.1,39.5,4.9,0.2679,rural,18.0,80.42779844436929,29.04337166046669,70.40919851200542,65.12059369202227,True
29105,10.7,39.8,78.3,8.6,78.2,82.2,21.1,14.0,38.5,4.5,0.7327,micropolitan,17.0,68.8902040356217,28.40928305715252,59.40142035847143,56.46630236794171,False
29107,8.6,37.0,78.1,7.2,78.0,85.0,16.5,11.8,37.0,3.7,0.1101,rural,16.0,38.98094916018487,39.24797091646939,5.072708826513352,-9.92578849721707,False
29109,11.6,39.1,77.9,8.4,77.8,82.2,20.4,13.7,40.1,4.3,0.7362,rural,17.0,67.35148235824597,26.04624619546838,61.109232330064245,51.0204081632653,False
29111,9.7,37.2,77.8,7.9,77.5,81.4,18.8,12.7,36.6,4.1,0.4486,micropolitan,17.0,51.118814113403225,27.375718633750424,39.73621914102131,36.06557377049181,False
29113,8.7,34.3,75.1,6.3,77.1,83.3,17.6,11.1,39.9,3.3,0.1976,metropolitan,12.0,35.210235599143274,49.05098072370646,-18.599932363882314,6.393129770992367,False
29115,9.6,39.3,79.7,8.5,79.1,84.1,18.8,13.5,35.7,4.3,0.1263,small_town,15.0,59.48314733400969,46.37301318904295,17.585390598579643,-2.573529411764703,False
29117,9.5,38.3,78.0,7.8,78.5,83.6,18.7,12.6,39.4,4.1,0.3073,small_town,16.0,55.98297824371548,36.19800473452824,32.00879269529929,16.54411764705883,False
29119,13.9,41.0,77.3,9.0,77.7,80.7,23.3,15.8,43.0,4.8,0.8899,rural,18.0,83.38969676473903,18.640091308758876,83.69969563747041,77.08719851576996,True
29121,8.5,39.1,80.1,8.2,79.6,85.2,16.9,12.9,34.4,4.1,0.3388,small_town,15.0,50.380453161988505,51.99737910043964,-3.2127155901251214,-25.36764705882353,False
29123,9.6,38.6,78.4,7.9,77.9,83.8,19.3,13.2,37.7,4.1,0.5097,small_town,18.0,56.60015781760794,27.06078796077105,46.56746702739263,34.19117647058823,False
29125,9.3,40.1,79.6,8.5,79.1,84.7,18.8,13.6,38.2,4.3,0.4814,rural,12.0,64.22894825836997,59.547260737233685,1.2681772066283372,-12.012987012987011,False
29127,8.8,38.2,77.6,7.5,78.6,83.6,17.3,12.8,39.6,3.9,0.4368,micropolitan,15.0,51.77826626084996,42.47336827866081,15.65776124450457,7.6502732240437155,False
29129,10.5,43.4,80.6,9.8,79.7,84.3,20.0,15.6,41.1,4.9,0.4878,rural,15.0,84.27742080937888,48.06391613121407,41.52857625972269,38.12615955473097,False
29131,9.2,38.8,79.0,8.2,78.8,84.0,18.6,13.2,37.5,4.1,0.3793,rural,16.0,57.16379213166497,39.609401420358466,27.05444707473791,15.027829313543595,False
29133,12.8,44.4,78.8,9.2,79.1,81.3,23.6,16.7,47.6,5.2,0.9106,rural,20.0,90.4802164355766,20.548698004734526,89.07676699357457,86.17810760667903,True
29135,10.3,36.3,76.6,7.1,77.1,83.1,18.0,11.9,39.2,3.7,0.5367,metropolitan,7.0,43.76620448652914,55.52291173486642,-18.025025363544138,8.778625954198468,False
29137,9.5,42.2,81.1,9.6,80.2,85.0,19.3,15.0,37.8,4.9,0.5059,rural,18.0,76.03708713786496,37.83606695975651,52.07981061887047,46.01113172541744,False
29139,9.5,40.4,79.3,8.5,78.5,83.9,19.5,13.9,37.3,4.4,0.4187,rural,16.0,65.4407620335926,38.88231315522489,39.29658437605681,29.31354359925788,False
29141,11.1,43.0,80.7,10.1,78.4,83.7,21.1,15.8,38.2,5.1,0.8657,rural,17.0,81.29015894487657,33.716604666892124,64.82921880284073,60.57513914656772,True
29143,11.2,43.6,79.9,9.1,78.8,83.2,21.4,16.1,43.2,5.1,0.7891,rural,19.0,86.7855935069327,26.293540750760904,81.06188704768347,78.20037105751392,True
29145,10.0,38.4,78.4,7.9,78.6,83.7,17.9,13.4,38.8,4.1,0.5682,metropolitan,16.0,57.00597452372901,36.56788975312817,32.07642881298614,51.526717557251914,False
29147,8.2,33.0,75.5,6.7,77.4,79.8,14.7,10.6,36.1,3.3,0.2151,micropolitan,16.0,22.883553150715816,31.708657423063915,-0.4734528238079143,-12.932604735883423,False
29149,10.9,43.8,80.6,10.4,79.2,82.8,22.8,16.5,41.1,5.4,0.6589,rural,18.0,89.18949385638598,30.666638484950965,77.27426445722016,76.25231910946196,True
29151,7.6,35.9,77.5,6.9,78.2,84.6,16.0,11.2,35.6,3.5,0.0181,metropolitan,12.0,30.591252395445835,57.06797429827528,-36.86168413933041,-11.832061068702295,False
29153,11.2,47.7,82.6,12.0,80.7,84.8,23.1,18.3,42.5,6.1,0.5632,rural,19.0,95.30492616390485,34.722691917483935,75.71863375042273,77.64378478664193,True
29155,13.1,45.0,79.7,9.7,80.3,81.5,24.8,17.9,44.9,5.6,0.9364,rural,21.0,93.42802389809492,23.00050727088265,89.5840378762259,88.49721706864564,True
29157,9.0,38.4,78.7,7.7,78.3,84.4,17.5,12.5,36.0,3.9,0.3175,small_town,15.0,46.857738699132,44.498224551910724,4.937436591139665,-17.647058823529413,False
29159,10.6,36.3,77.6,7.4,78.2,83.4,17.9,12.6,36.1,3.9,0.6936,micropolitan,14.0,43.83947694735656,43.64220493743659,2.8745350016909015,-6.1930783242258585,False
29161,8.7,35.4,75.7,7.1,76.6,81.2,16.4,11.7,34.6,3.6,0.6402,micropolitan,17.0,32.29906436703866,25.338180588434227,17.55157253973622,9.653916211293259,False
29163,10.8,40.3,77.7,8.3,78.2,82.3,20.3,13.5,38.3,4.3,0.7216,rural,17.0,64.78130988614586,27.33978694622929,56.57761244504566,44.990723562152134,False
29165,7.0,33.9,76.1,5.6,80.1,86.5,12.1,10.0,37.0,2.8,0.1632,metropolitan,,15.319580656070343,77.35880960432871,-81.1295231653703,-65.0763358778626,False
29167,9.8,38.0,78.0,8.1,78.3,82.1,18.9,13.0,38.7,4.1,0.6077,metropolitan,16.0,57.16661030323527,34.221761920865745,37.26750084545148,56.58396946564885,False
29169,10.6,28.5,67.9,4.5,74.0,77.4,15.0,8.6,35.8,2.5,0.6927,micropolitan,16.0,13.499041821666102,22.609485965505577,1.8599932363882319,-5.28233151183971,False
29171,8.6,40.8,80.5,8.7,80.4,85.5,17.1,13.6,35.0,4.3,0.3258,rural,16.0,59.29714801037087,48.94318566114305,12.343591477849174,-0.8348794063079694,False
29173,8.8,41.8,80.6,8.8,79.8,85.5,18.9,14.1,40.1,4.5,0.1168,rural,18.0,73.14846127832263,38.94149475820088,47.10855596888739,40.16697588126161,False
29175,9.8,37.8,76.8,7.6,77.3,82.5,19.4,12.7,37.7,4.0,0.6268,micropolitan,17.0,51.85435689324766,26.01242813662496,42.171119377747715,38.61566484517305,False
29177,9.1,39.8,78.5,7.9,78.1,84.3,18.7,13.3,39.6,4.0,0.0932,metropolitan,12.0,59.990418216661034,55.32000338180588,3.1788975312816987,24.809160305343504,False
29179,10.7,43.2,80.6,10.2,79.1,83.7,21.8,15.9,41.2,5.2,0.6354,rural,17.0,87.2055010709052,35.388484950963814,68.31247886371322,66.97588126159555,True
29181,11.2,41.8,79.0,9.7,78.7,82.2,23.0,15.6,41.3,5.0,0.476,rural,18.0,84.97350918723932,26.32735880960433,79.30334798782549,75.51020408163265,True
29183,6.4,31.9,77.2,5.6,78.2,86.9,12.2,10.3,35.7,2.8,0.034,metropolitan,17.0,12.619772291737121,41.036100777815356,-25.97226919174839,-12.97709923664122,False
29185,10.2,45.0,81.0,10.5,79.9,84.7,20.9,16.2,37.6,5.3,0.6182,rural,16.0,83.08251606357796,44.35449780182617,47.36219141021306,44.573283858998145,False
29186,8.4,39.4,78.6,7.9,79.0,85.0,17.1,12.5,37.2,3.9,0.1537,small_town,17.0,50.318453387442226,37.390091308758876,22.48900913087589,5.147058823529413,False
29187,10.5,39.2,75.8,7.7,77.2,81.7,20.7,12.9,40.3,4.0,0.7257,micropolitan,17.0,60.125690452034725,23.484528238079136,54.17653026716266,54.644808743169406,False
29189,7.0,36.9,79.3,6.1,79.5,86.8,13.2,11.5,31.3,3.4,0.3401,metropolitan,20.0,20.488107315973398,38.34122421373013,-13.57795062563409,4.818702290076338,False
29195,10.7,35.3,76.9,7.1,77.4,82.1,16.2,12.4,37.7,3.7,0.44,micropolitan,17.0,38.44549656183068,24.926022996280015,25.904633074061547,21.675774134790522,False
29197,8.5,38.2,78.7,7.6,78.2,84.3,17.3,12.2,38.8,3.9,0.2329,micropolitan,16.0,49.12073047007102,39.61996956374704,17.04430165708488,8.561020036429866,False
29199,10.7,38.3,77.9,8.4,77.8,82.2,19.1,12.8,37.1,4.3,0.3169,rural,16.0,57.766880847706005,32.14617855935069,40.95366925938451,28.38589981447124,False
29201,9.8,39.8,78.4,7.8,79.2,83.5,19.2,13.4,38.1,4.2,0.665,metropolitan,19.0,59.452147446736554,26.3231315522489,50.896178559350695,68.1297709923664,False
29203,10.1,42.5,80.4,9.5,79.4,84.5,20.7,15.2,37.0,4.9,0.4429,rural,17.0,76.27663172133919,37.464068312478865,53.128170443016565,47.30983302411873,False
29205,10.0,42.6,79.7,9.6,78.5,83.2,20.5,14.9,40.3,4.8,0.3968,rural,13.0,80.84770600834179,52.53424078457896,30.774433547514377,24.67532467532468,False
29207,10.8,40.2,77.8,8.8,77.0,82.6,21.6,14.2,37.6,4.6,0.4359,small_town,18.0,70.0879269529929,22.106442340209675,67.39939127494083,57.352941176470594,True
29209,8.4,45.5,83.4,10.2,82.0,87.8,17.3,15.6,41.1,5.0,0.4337,rural,16.0,83.35587870589562,58.23892458572878,24.010821778829907,17.810760667903523,False
29211,13.2,41.1,79.6,8.9,78.8,83.8,18.7,15.1,40.1,4.5,0.5068,rural,17.0,74.58009243602751,30.90336489685492,61.988501859993235,55.009276437847866,False
29213,9.5,39.4,79.2,8.3,78.8,84.4,16.8,13.3,35.7,4.2,0.7941,micropolitan,16.0,54.52880171344831,40.04269529928982,22.99628001352722,15.11839708561019,False
29215,11.2,43.8,79.0,9.6,78.9,82.4,21.7,15.8,42.1,4.9,0.8575,rural,16.0,86.56577612445045,35.65057490700033,67.3655732160974,65.30612244897958,True
29217,10.1,40.5,79.0,9.0,78.7,82.9,20.5,14.3,37.8,4.6,0.5733,small_town,17.0,70.95028745350017,31.8122252282719,56.67906662157593,45.22058823529412,False
29219,8.9,37.8,77.3,7.3,77.9,84.4,17.1,12.3,39.0,3.7,0.1689,metropolitan,11.0,45.944651110359594,55.82093337842407,-15.65776124450457,10.49618320610687,False
29221,11.0,41.0,78.1,8.8,77.8,81.7,22.9,14.8,41.9,4.6,0.7957,metropolitan,18.0,79.15962123774096,23.006848156915794,75.66790666215759,84.58969465648855,True
29223,11.4,45.4,81.0,11.1,79.2,83.4,23.9,17.4,41.5,5.7,0.6675,rural,20.0,92.50366362304136,26.872675008454507,85.39059857964152,85.15769944341372,True
29225,9.7,37.1,76.6,7.4,77.3,82.4,19.4,12.2,41.7,3.8,0.5437,metropolitan,17.0,52.8745350016909,25.847565099763276,43.591477849171454,62.30916030534351,False
29227,9.3,43.8,81.4,9.9,80.0,85.1,19.2,15.5,40.2,5.0,0.2237,rural,8.0,82.89933491150941,71.52308082516063,2.23199188366587,-4.916512059369197,False
29229,11.5,41.3,79.1,9.5,78.6,81.9,23.0,15.5,42.2,5.0,0.749,rural,17.0,84.75932814789765,29.5464152857626,74.75481907338518,71.47495361781077,True
29510,9.2,37.5,74.8,6.1,80.5,84.2,16.5,13.3,37.0,3.9,0.8139,metropolitan,22.0,42.309209784691696,22.78068988840041,32.3300642543118,54.484732824427475,False
30001,9.5,34.0,75.2,7.4,72.8,82.0,13.1,10.5,28.3,3.8,0.2043,small_town,13.0,21.916920302107993,40.7845789651674,-16.942847480554615,-30.882352941176467,False
30003,14.1,35.6,72.5,8.3,70.2,77.2,24.7,15.1,35.5,5.0,0.7646,rural,19.0,63.27922443918386,7.431518430842068,65.80994250929996,51.113172541743964,True
30005,11.9,36.9,74.2,8.3,70.7,79.8,20.8,14.3,41.1,4.7,0.9443,rural,13.0,69.40874760455416,35.88730131890429,48.86709502874534,40.723562152133574,False
30007,9.2,35.3,75.7,7.2,72.5,84.5,13.9,10.4,30.7,3.7,0.0827,metropolitan,13.0,23.286551685266602,44.00363544132567,-21.71119377747717,-2.099236641221374,False
30009,8.5,40.1,77.1,8.0,74.9,86.1,13.4,11.8,33.0,4.1,0.1241,rural,,39.53331078796078,67.81577612445045,-43.084206966520135,-60.20408163265306,False
30011,9.5,39.9,78.9,9.2,74.7,85.1,15.0,12.3,32.9,4.7,0.4069,rural,9.0,52.395445834742425,59.24289820764289,-12.749408183970239,-27.829313543599255,False
30013,10.0,33.9,74.5,6.7,74.1,81.9,14.4,10.4,35.3,3.6,0.4435,metropolitan,14.0,23.6670048472551,36.335390598579636,-7.304700710179237,12.118320610687022,False
30015,10.3,37.5,76.4,7.9,73.6,82.8,16.6,12.2,35.6,4.2,0.2584,rural,13.0,46.38710404689437,41.5306898884004,9.53669259384511,-3.525046382189238,False
30017,9.1,33.7,74.6,6.8,72.2,82.6,14.5,10.5,32.6,3.6,0.3589,small_town,15.0,21.947920189381133,32.36176868447751,-2.1305377071356126,-11.029411764705882,False
30019,9.1,36.5,77.5,8.1,73.9,84.8,13.3,11.2,33.5,4.1,0.1228,rural,9.0,34.015330853342356,56.332431518430845,-31.991883665877584,-47.30983302411874,False
30021,9.0,33.2,74.2,6.8,70.6,83.3,13.5,10.1,32.8,3.5,0.0764,small_town,,18.546387104046897,57.38713222861008,-48.52891444031112,-65.44117647058823,False
30023,10.7,38.1,76.7,8.8,72.6,82.6,17.0,12.9,32.4,4.6,0.6417,small_town,16.0,53.71153195806561,26.517585390598576,43.76056814338857,30.88235294117647,False
30025,9.1,32.7,74.7,6.8,70.6,82.5,14.3,10.2,31.4,3.6,0.1508,rural,7.0,19.84556419794837,51.63172133919513,-38.14677037538045,-48.237476808905384,False
30027,9.4,37.3,76.6,8.0,73.8,83.9,14.6,11.4,31.2,4.2,0.3837,small_town,12.0,36.87859316875211,47.353736895502195,-13.25667906662158,-34.19117647058823,False
30029,9.0,31.1,73.6,6.5,71.1,83.4,12.8,9.3,31.2,3.4,0.2094,micropolitan,14.0,12.921316649757637,37.284409874873184,-18.938112952316537,-32.24043715846995,False
30031,8.3,23.7,67.3,4.3,68.0,79.9,9.7,6.7,23.0,2.3,0.0783,metropolitan,,0.7609063239770038,55.22066283395333,-58.9110585052418,-52.862595419847324,False
30033,9.3,36.6,77.1,8.3,73.5,84.0,14.8,11.5,30.6,4.3,0.0652,rural,7.0,38.49622365009582,55.98368278660805,-25.160635779506258,-42.30055658627087,False
30035,14.3,36.2,71.3,8.5,68.7,76.3,26.5,15.5,39.7,5.3,0.9752,rural,20.0,72.76800811633412,5.051572539736217,76.7331755157254,66.51205936920223,True
30037,11.0,43.3,80.1,10.6,76.3,85.7,16.1,14.7,32.5,5.4,0.1451,rural,8.0,68.48156915793034,63.24399729455529,0.6087250591816087,-10.204081632653057,False
30039,9.7,39.4,78.6,9.0,75.0,85.1,14.3,12.3,30.4,4.6,0.2246,rural,15.0,47.85255326344267,40.888146770375386,13.087588772404466,0.649350649350648,False
30041,11.5,36.3,72.5,7.5,71.6,79.1,18.2,12.1,38.5,4.0,0.4419,small_town,13.0,47.51437267500845,35.802756171795735,22.083192424754817,5.514705882352946,False
30043,8.1,33.4,75.5,6.7,73.2,85.5,12.7,10.3,32.8,3.5,0.1158,rural,15.0,17.348664186675684,39.56078796077105,-18.633750422725733,-25.41743970315399,False
30045,9.3,39.9,78.5,9.2,74.9,84.9,14.9,12.9,31.5,4.7,0.049,rural,14.0,53.12817044301658,45.637470409198514,11.159959418329393,-1.2059369202226335,False
30047,10.2,36.4,76.0,8.3,74.9,83.3,15.5,12.2,33.0,4.5,0.7541,rural,17.0,44.26220268289933,22.9772573554278,34.73114643219479,17.625231910946198,False
30049,8.1,30.6,74.4,6.0,74.7,84.5,12.0,9.3,31.0,3.2,0.1906,metropolitan,8.0,9.429602074174275,56.3260906323977,-55.08961785593507,-42.74809160305344,False
30051,11.8,39.4,77.2,9.6,73.3,81.8,17.7,13.1,34.0,5.1,0.6592,rural,15.0,62.735317326118825,31.254227257355428,48.292188028407175,36.45640074211503,False
30053,10.7,42.6,78.4,9.9,76.0,84.6,16.7,14.0,37.8,5.1,0.5628,rural,9.0,72.0691015669034,56.61143050388908,14.778491714575594,5.473098330241193,False
30055,8.4,38.1,77.4,8.1,74.0,85.7,12.7,11.1,32.4,4.1,0.0121,rural,11.0,34.17314846127833,56.258454514710856,-31.4169766655394,-46.84601113172542,False
30057,8.7,35.8,78.0,7.7,74.4,86.4,12.2,10.6,28.7,3.8,0.098,rural,,23.993912749408185,69.32702062901589,-63.1383158606696,-76.25231910946195,False
30059,8.8,39.0,79.5,9.1,76.3,86.3,13.3,12.5,32.3,4.6,0.0188,rural,10.0,47.19873745913652,64.1909029421711,-27.460263780858973,-43.970315398886825,False
30061,9.7,39.3,78.7,9.1,74.4,85.4,15.0,12.8,36.0,4.6,0.2218,metropolitan,16.0,55.222071919738475,35.97818735204599,31.788975312817044,52.09923664122137,False
30063,8.5,26.3,70.8,5.2,70.7,80.7,11.5,8.3,26.2,2.8,0.2762,metropolitan,14.0,3.8355315071581555,35.7055292526209,-22.421373013189044,-17.557251908396946,False
30065,10.4,38.8,77.8,8.6,73.9,84.4,15.4,12.7,35.6,4.5,0.2278,rural,15.0,52.567354300529814,36.47700371998647,27.223537368955018,14.749536178107604,False
30067,8.2,34.0,76.1,7.3,72.9,84.9,13.5,10.5,30.4,3.7,0.1623,rural,16.0,21.89437492954571,32.84367602299628,-2.8068988840040596,-12.708719851576994,False
30069,8.5,39.6,78.8,9.0,75.0,86.6,13.9,12.4,32.9,4.5,0.0013,rural,5.0,48.289369856836885,67.46914102130538,-31.51843084206967,-47.95918367346938,False
30071,9.3,35.8,77.4,8.2,73.5,83.8,15.1,12.0,38.8,4.3,0.2081,rural,13.0,47.252282718971934,45.26124450456544,4.058167061210689,-9.276437847866418,False
30073,11.7,37.6,76.8,8.9,72.0,81.6,19.1,13.6,37.2,4.9,0.7967,rural,20.0,64.47976552812536,11.652434900236726,66.28339533310788,52.22634508348794,True
30075,9.2,37.1,78.5,8.4,74.9,86.0,13.3,11.9,30.4,4.2,0.1521,rural,11.0,36.825047908916694,57.86269868109571,-30.757524518092666,-47.44897959183674,False
30077,11.2,35.0,72.9,7.6,70.6,80.7,16.9,11.3,35.8,3.9,0.2319,rural,7.0,37.97204373802277,47.21846466012851,-11.464321947920183,-26.252319109461965,False
30079,12.2,44.8,82.0,12.3,76.8,86.1,17.5,16.2,33.5,6.3,0.3567,rural,15.0,76.49363093225115,46.88873858640514,36.016232668244854,30.333951762523192,False
30081,9.1,34.3,76.2,7.5,73.9,85.7,12.7,10.4,31.9,3.8,0.1511,small_town,,23.05546161650321,64.11058505241799,-55.63070679742984,-72.42647058823529,False
30083,9.3,31.3,72.5,6.2,70.2,82.4,13.8,9.2,37.9,3.2,0.2644,small_town,7.0,19.420020290835307,50.245180926614815,-36.42204937436591,-50.73529411764706,False
30085,12.9,36.0,71.0,7.5,68.9,76.2,23.4,14.1,41.0,4.6,0.7665,rural,19.0,64.44031112614135,7.602722353736894,67.33175515725397,53.06122448979592,True
30087,12.2,39.4,73.8,8.2,71.0,79.6,20.2,13.6,39.5,4.6,0.9408,rural,17.0,67.29511892684026,16.11641866756848,68.31247886371322,55.936920222634505,True
30089,10.5,40.4,79.6,10.2,73.5,85.0,16.6,13.7,34.9,5.2,0.5778,rural,16.0,65.79866982301883,35.08623605005073,46.53364896854921,37.01298701298702,False
30091,9.9,37.5,76.9,7.9,73.9,84.3,14.7,11.5,35.5,4.1,0.1642,rural,15.0,39.53331078796077,35.730892796753466,12.17450118363206,-2.504638218923933,False
30093,10.0,32.5,74.4,6.8,71.4,81.0,14.1,10.2,32.3,3.6,0.4534,micropolitan,19.0,19.738473678277536,12.990361853229622,12.783226242813663,8.37887067395264,False
30095,8.7,35.1,76.3,7.3,73.9,85.3,12.9,10.8,30.2,3.8,0.0608,rural,13.0,23.100552361627773,47.861007778153535,-29.252620899560366,-39.23933209647495,False
30097,8.6,36.1,77.9,7.9,73.9,85.5,13.0,10.9,29.4,4.0,0.0242,rural,14.0,28.691804757073612,46.7006256340886,-21.50828542441664,-33.116883116883116,False
30099,9.5,35.0,76.0,7.8,72.1,83.4,14.1,11.0,30.9,4.1,0.3662,rural,16.0,30.475707361064142,27.77519445383835,12.445045654379438,-0.9276437847866408,False
30101,13.2,34.1,71.2,7.5,68.0,78.0,19.3,11.5,35.6,4.0,0.6023,rural,15.0,40.91985120054108,24.270798106188707,29.286438958403792,13.358070500927646,False
30103,9.0,40.0,79.5,9.2,75.8,86.3,13.1,12.5,33.2,4.6,0.0719,rural,7.0,49.165821215195585,66.99780182617518,-29.540074399729455,-46.150278293135436,False
30105,9.3,39.3,76.8,8.2,74.0,84.0,14.1,11.6,32.7,4.3,0.2027,rural,13.0,41.5849396911284,44.93785931687521,-2.4518092661481177,-16.09461966604824,False
30107,11.7,38.9,77.3,9.1,72.8,82.4,17.0,13.0,32.0,4.7,0.1273,rural,14.0,56.50152181264795,36.50448089279675,31.51843084206967,19.202226345083492,False
30109,9.3,37.2,77.3,8.2,73.5,84.1,14.4,11.6,32.5,4.2,0.273,rural,10.0,38.31867884116786,52.82169428474805,-19.749746364558675,-36.36363636363636,False
30111,9.0,31.7,72.7,6.0,74.8,83.2,13.9,9.5,34.0,3.2,0.2889,metropolitan,,14.665764851764175,58.48410551234359,-53.9398038552587,-36.641221374045806,False
31001,9.8,35.6,78.7,7.1,77.3,83.7,13.6,11.8,41.2,3.4,0.4769,micropolitan,,35.074963363769584,65.6788975312817,-45.24856273249915,-51.36612021857924,False
31003,8.7,38.7,82.2,8.2,78.3,85.2,14.4,12.9,42.4,4.0,0.0767,rural,9.0,54.60207417427572,69.30377071356105,-26.310449780182616,-41.83673469387756,False
31005,7.3,37.3,80.8,8.0,77.3,84.9,13.6,12.1,41.7,3.9,0.0751,rural,14.0,46.418103934167505,55.36227595536016,-14.305038890767669,-30.333951762523192,False
31007,8.9,39.2,83.1,8.2,79.3,88.0,12.8,13.1,38.5,3.9,0.0124,rural,7.0,46.60692142937662,79.10255326344267,-48.765640852215085,-66.6048237476809,False
31009,7.9,39.7,82.1,8.3,77.5,86.3,15.1,13.3,39.3,4.0,0.0799,rural,5.0,54.97125464998309,75.0,-33.34460601961448,-49.35064935064935,False
31011,9.2,37.4,81.8,8.2,77.4,85.4,14.8,12.7,33.1,4.1,0.0162,rural,,42.01893811295231,74.48638823131552,-49.4081839702401,-67.53246753246754,False
31013,10.8,36.6,80.3,7.7,75.5,84.2,14.8,13.0,38.8,3.8,0.4963,small_town,10.0,43.740840942396574,57.47167737571863,-21.406831247886373,-46.691176470588246,False
31015,8.4,43.0,84.5,9.8,79.6,86.6,14.7,14.8,37.9,4.8,0.0601,rural,13.0,68.55484161875775,67.71009469056476,-7.067974298275274,-18.08905380333951,False
31017,10.0,39.3,81.5,8.5,77.0,84.9,14.7,13.2,40.2,4.2,0.1444,rural,13.0,57.52451809266148,55.20798106188705,0.47345282380790366,-13.91465677179962,False
31019,9.2,32.0,76.6,5.9,74.9,81.7,12.2,9.6,37.3,2.9,0.3828,micropolitan,14.0,14.978581896065831,39.48892458572878,-20.6966520121745,-33.51548269581056,False
31021,8.7,39.9,81.9,8.3,77.6,85.2,15.2,13.1,40.3,4.1,0.1798,rural,,57.530154435802054,75.24095366925938,-30.791342576936074,-47.12430426716141,False
31023,8.8,34.8,80.0,7.1,76.4,84.9,14.1,11.3,38.6,3.5,0.0738,rural,,30.484161875774998,70.51487994589111,-58.67433209333784,-74.11873840445269,False
31025,7.5,34.5,79.9,6.4,77.9,85.6,13.0,10.8,40.2,3.2,0.0379,metropolitan,13.0,26.268177206628337,60.17500845451471,-46.70273926276633,-23.759541984732834,False
31027,7.5,35.5,82.0,7.3,76.4,85.6,12.5,11.3,40.2,3.6,0.0067,rural,8.0,33.01206177432082,70.90378762259047,-56.34088603314169,-72.8200371057514,False
31029,11.2,36.8,81.4,8.1,76.6,85.2,14.0,12.7,36.9,4.0,0.272,rural,8.0,42.25566452485627,63.87385864051403,-33.10787960771052,-50.0,False
31031,8.6,37.5,80.8,8.2,76.1,84.7,15.4,13.1,40.8,4.1,0.3016,rural,13.0,55.09525419907564,55.3073216097396,-2.5025363544132517,-16.697588126159552,False
31033,9.6,37.5,81.1,7.9,76.3,84.3,15.1,12.9,34.7,4.0,0.2857,small_town,16.0,42.43320933378424,39.182448427460265,9.367602299628,-12.5,False
31035,9.6,35.5,80.2,7.3,76.5,84.6,14.9,11.8,40.1,3.6,0.0942,rural,10.0,38.23695186562958,60.238417314846124,-32.80351707811972,-50.27829313543599,False
31037,19.8,32.1,77.5,6.6,72.5,81.3,14.4,13.2,38.8,3.5,0.364,micropolitan,12.0,32.82042610754143,39.655901251268176,-4.261075414271218,-16.211293260473585,False
31039,10.1,37.5,80.9,7.7,77.0,84.7,13.5,12.1,40.4,3.8,0.0795,rural,,42.56566339758765,69.96956374704092,-42.96584376056814,-60.38961038961038,False
31041,8.3,37.9,81.2,7.7,77.0,85.0,14.1,12.2,40.0,3.8,0.1425,rural,,43.814113403223985,74.10382144064931,-46.871829556983435,-65.3061224489796,False
31043,17.5,31.7,76.4,6.3,74.7,81.2,14.7,12.8,44.3,3.3,0.7321,metropolitan,14.0,36.083868785931685,32.57947243828204,12.30977341900575,36.06870229007634,False
31045,7.8,32.2,78.3,6.5,74.5,81.4,12.3,10.6,35.5,3.2,0.3156,small_town,10.0,16.4891218577387,55.70891105850524,-47.64964491038215,-62.86764705882353,False
31047,18.0,35.0,78.2,7.0,73.3,81.7,15.0,13.5,41.1,3.6,0.7311,rural,14.0,43.01375267726299,34.56205613797768,18.092661481230984,3.6178107606679006,False
31049,9.1,41.6,83.3,9.1,79.3,87.3,14.6,14.2,39.8,4.4,0.063,rural,10.0,65.38721677375717,74.253889076767,-19.54683801149814,-33.11688311688313,False
31051,12.0,36.8,81.3,8.3,76.2,84.1,15.3,13.2,43.3,4.1,0.3789,metropolitan,13.0,56.88761131777702,50.496702739262766,6.746702739262766,28.101145038167942,False
31053,12.2,34.1,79.3,7.0,75.6,82.9,15.0,11.9,39.7,3.6,0.5135,micropolitan,,35.51459812873407,61.53829895164017,-38.07913425769361,-45.17304189435336,False
31055,10.3,30.6,75.5,5.3,75.5,83.9,13.4,9.8,36.9,2.9,0.594,metropolitan,,14.623492278209897,59.162580317889756,-55.32634426783902,-38.16793893129771,False
31057,9.2,41.2,83.4,9.0,79.2,86.6,14.3,14.2,37.0,4.4,0.0156,rural,16.0,59.62969225566453,50.925769360838686,9.502874535001695,-3.6178107606679006,False
31059,8.1,36.9,81.4,7.6,78.3,86.0,14.0,12.3,42.1,3.7,0.0083,rural,,43.90993123661369,79.08775786269868,-52.113628677713905,-70.87198515769946,False
31061,8.9,41.9,82.3,9.5,78.4,85.6,15.9,14.2,39.2,4.6,0.1129,rural,7.0,69.65392853116897,72.21423740277308,-12.445045654379442,-24.118738404452692,False
31063,8.1,36.5,81.7,7.9,77.3,84.6,13.0,11.9,37.4,3.8,0.3153,rural,14.0,35.88659677601172,54.41114305038891,-26.107541427122086,-42.2077922077922,False
31065,9.5,39.6,81.9,8.7,78.0,85.1,14.9,13.5,44.4,4.2,0.1931,rural,16.0,63.811858865967764,43.70772742644572,28.102806898884012,18.27458256029685,False
31067,8.9,39.6,80.5,7.9,78.2,84.6,15.8,12.6,41.8,3.9,0.2307,micropolitan,,55.253071807011615,72.88214406493067,-30.064254311802493,-33.1511839708561,False
31069,9.2,44.0,83.7,10.2,79.1,86.7,15.9,15.5,40.2,5.0,0.42,rural,10.0,78.40153308533424,72.70248562732499,-3.9905309435238365,-12.801484230055664,False
31071,7.2,38.0,83.3,8.4,78.6,86.8,12.4,12.3,38.8,4.0,0.0557,rural,11.0,44.456656521249016,73.64093676022996,-44.94420020290835,-63.358070500927646,False
31073,8.0,37.6,81.9,8.0,78.1,86.8,13.2,12.4,38.4,3.8,0.0293,rural,10.0,41.02694172021193,72.39812309773419,-47.98782549881637,-65.95547309833023,False
31075,7.3,37.6,81.5,7.8,77.7,86.4,13.3,12.1,36.5,3.8,0.168,rural,7.0,36.66723030098072,75.45443016570849,-57.913425769360835,-76.66975881261595,False
31077,8.9,37.8,81.5,8.3,76.5,85.1,14.3,12.6,34.7,4.1,0.062,rural,13.0,42.965843760568156,56.86717957389246,-21.203922894825837,-38.03339517625233,False
31079,16.1,32.8,77.8,6.7,74.1,82.1,14.6,12.0,41.2,3.5,0.7343,metropolitan,14.0,34.39014767219028,35.00169090294217,6.594521474467367,29.389312977099237,False
31081,7.5,34.3,80.4,6.8,77.4,85.6,12.5,10.5,40.7,3.3,0.0229,rural,,27.544808927967537,76.41190395671288,-68.98884004058168,-84.60111317254174,False
31083,8.2,39.4,82.6,8.5,78.4,86.6,14.0,13.0,35.4,4.1,0.3312,rural,,47.53409987600046,81.45713561041596,-49.47582008792695,-67.53246753246754,False
31085,9.6,40.8,83.5,9.5,78.6,86.4,14.4,14.1,41.0,4.5,0.0547,rural,7.0,67.50929996618196,74.08902603990532,-16.70612106865066,-29.22077922077922,False
31087,8.8,40.4,82.4,8.7,77.9,85.6,14.8,13.4,41.6,4.3,0.2574,rural,16.0,63.20877014992673,46.33074061548867,22.15082854244166,10.946196660482371,False
31089,9.2,36.6,82.0,8.2,77.3,85.0,14.3,12.9,38.4,4.0,0.1098,rural,13.0,45.8093788749859,57.34063239770037,-18.363205951978358,-34.50834879406308,False
31091,8.3,39.8,82.7,8.6,78.3,86.1,14.6,13.3,39.7,4.3,0.1021,rural,14.0,58.49678728440988,59.84316875211363,-6.323977003719989,-21.24304267161409,False
31093,7.8,37.6,80.6,7.3,77.6,85.5,13.7,11.5,38.6,3.6,0.2202,metropolitan,,35.08341787848045,76.25126817720663,-60.568143388569496,-35.49618320610687,False
31095,8.8,37.6,81.7,8.1,77.6,85.7,14.6,13.4,37.4,4.0,0.2736,small_town,,47.26919174839364,76.12867771389922,-44.65674670273926,-63.602941176470594,False
31097,12.3,34.3,77.5,6.8,73.0,82.1,15.6,11.6,38.1,3.5,0.2927,rural,,32.237064592492395,56.279590801488,-33.682786608048694,-48.88682745825603,False
31099,7.8,33.3,80.0,6.7,76.6,85.9,12.4,10.8,38.3,3.3,0.1028,rural,,22.621463194679293,75.12893134934055,-72.43828204261075,-86.2708719851577,False
31101,9.4,38.4,82.2,8.5,76.9,86.4,14.0,13.2,35.4,4.2,0.2603,small_town,14.0,47.525645361289605,56.1739093676023,-13.865404125803188,-36.764705882352935,False
31103,8.9,41.7,84.2,10.1,78.8,86.3,13.9,14.2,36.6,4.8,0.0226,rural,6.0,63.33276969901928,76.0800642543118,-24.416638484950965,-39.79591836734694,False
31105,11.6,40.9,82.6,9.7,77.8,85.1,17.0,15.2,42.1,4.9,0.4308,rural,10.0,78.83834967872845,63.00727088265133,11.80250253635441,4.452690166975884,False
31107,8.9,38.8,83.0,8.9,78.2,85.1,16.0,14.1,39.8,4.5,0.2717,rural,13.0,64.8884004058167,60.08412242137301,1.1667230300980833,-11.688311688311678,False
31109,8.7,30.0,76.6,5.5,75.7,82.4,11.7,9.6,34.4,2.8,0.4031,metropolitan,,8.90542216210123,61.53407169428475,-63.747040919851194,-52.19465648854961,False
31111,10.0,37.5,79.9,8.0,76.1,84.1,15.1,12.9,40.1,4.0,0.4617,micropolitan,14.0,50.88772404463984,46.69428474805546,6.4930672979371025,-0.5464480874316919,False
31113,7.1,38.8,82.6,7.8,78.7,87.5,12.5,12.0,35.9,3.8,0.0471,rural,7.0,36.01905083981513,80.45950287453499,-63.81467703753805,-82.00371057513915,False
31115,7.0,40.1,84.0,8.7,79.7,87.7,12.7,13.5,36.4,4.2,0.202,rural,7.0,50.69608837786044,83.17551572539736,-46.533648968549215,-63.72912801484231,False
31117,6.9,40.3,83.8,9.2,79.9,87.4,13.2,13.3,38.5,4.4,0.0016,rural,14.0,57.197610190508406,68.22582008792695,-21.271559012512682,-36.270871985157704,False
31119,10.7,35.1,79.1,6.7,75.1,83.5,14.4,11.8,40.0,3.4,0.4633,micropolitan,,32.87960771051741,63.00727088265134,-43.59147784917146,-51.54826958105647,False
31121,9.3,36.1,80.1,7.5,76.2,84.6,15.0,11.7,39.3,3.7,0.1947,rural,,39.08522150828542,69.0374535001691,-45.6205613797768,-63.265306122448976,False
31123,11.8,37.2,81.1,8.3,76.4,83.9,15.9,13.3,41.6,4.2,0.3143,rural,13.0,58.46578739713673,50.35508961785593,9.333784240784581,-4.267161410018545,False
31125,8.7,37.4,80.1,7.8,76.5,84.0,16.5,12.7,41.0,3.9,0.05,rural,8.0,52.618081388794955,63.30740615488671,-18.29556983429152,-33.39517625231911,False
31127,9.1,33.7,79.5,7.4,75.4,82.2,14.8,11.7,40.7,3.7,0.4712,rural,9.0,38.36376958629241,57.9683801149814,-28.576259722691915,-45.91836734693877,False
31129,8.4,40.0,82.4,8.4,78.8,86.5,13.5,12.7,41.8,4.1,0.014,rural,10.0,55.427798444369294,72.74687182955698,-29.62461954683802,-45.640074211502785,False
31131,9.0,36.7,79.3,7.0,77.6,85.2,13.4,11.9,40.7,3.4,0.2698,small_town,,35.24123548641642,70.98833276969901,-53.73689550219817,-72.05882352941177,False
31133,9.6,42.2,83.4,9.9,78.1,85.3,15.7,14.4,37.5,4.9,0.49,rural,14.0,69.38902040356217,55.40877578626987,14.237402773080817,4.081632653061227,False
31135,8.9,36.7,80.6,7.6,77.2,85.3,13.8,11.9,40.6,3.7,0.14,rural,14.0,40.46612557772517,52.98233006425431,-17.51775448089279,-33.48794063079778,False
31137,9.3,35.3,79.8,7.3,75.7,84.0,14.5,11.5,38.6,3.7,0.3242,small_town,,34.55360162326682,67.24298275279,-49.17145755833616,-69.48529411764704,False
31139,7.9,34.4,80.1,7.0,76.4,84.8,13.7,10.9,38.9,3.5,0.0439,micropolitan,8.0,28.889076766993572,66.06569157930335,-53.128170443016565,-61.38433515482696,False
31141,12.4,34.9,78.8,6.8,76.6,84.2,13.5,11.9,41.8,3.4,0.371,micropolitan,,34.02942171119378,62.85931687521136,-42.32330064254312,-50.0,False
31143,9.1,37.0,81.1,7.6,75.3,85.5,13.6,12.0,40.4,3.7,0.0477,rural,,40.48585277871717,72.16562394318566,-48.393642204937436,-66.14100185528758,False
31145,9.0,38.6,79.5,7.6,76.4,83.9,14.3,12.1,42.1,3.8,0.3522,small_town,16.0,47.17619208657424,37.182955698342916,18.633750422725733,0.367647058823529,False
31147,8.7,41.1,81.8,8.4,76.7,85.2,15.7,14.0,45.3,4.2,0.2883,rural,14.0,67.5741179122985,53.960940142035845,14.643219479201882,4.267161410018552,False
31149,8.0,38.3,82.8,8.2,78.6,86.6,13.4,12.5,38.8,3.9,0.0423,rural,13.0,45.09074512456319,66.26859993236388,-33.44606019614474,-50.09276437847866,False
31151,14.4,32.0,77.7,6.5,73.7,81.8,14.1,11.8,40.4,3.3,0.4989,rural,,29.379438620223198,55.322117010483595,-35.136963138315856,-49.350649350649356,False
31153,7.9,30.1,75.8,4.7,76.6,84.8,11.1,9.4,35.9,2.5,0.0776,metropolitan,,8.524969000112726,65.88603314169767,-71.05174163003045,-60.59160305343511,False
31155,7.2,34.8,79.0,6.4,76.0,85.2,12.8,10.5,39.3,3.1,0.0108,metropolitan,,23.740277308082515,72.02612445045654,-67.29793709841054,-45.89694656488549,False
31157,12.1,37.7,80.2,7.5,77.2,83.9,14.0,13.0,39.1,3.8,0.7356,micropolitan,14.0,43.25047908916694,45.65649306729794,-2.0967196482921864,-10.746812386156648,False
31159,7.4,32.0,77.7,6.0,74.2,83.0,12.6,9.5,34.5,3.0,0.0563,small_town,,12.39150039454402,64.85880960432871,-66.48630368616841,-81.25,False
31161,9.8,40.7,82.3,8.9,76.7,85.7,15.0,13.9,36.0,4.5,0.3462,rural,13.0,58.798331642430384,57.71685830233345,-2.1981738248224616,-16.326530612244895,False
31163,9.1,39.9,82.7,9.0,78.0,85.6,15.1,13.7,41.4,4.4,0.2641,rural,11.0,65.52530718070118,65.90505579979708,-6.8312478863713295,-19.016697588126156,False
31165,10.2,43.9,83.7,10.9,78.3,84.9,16.8,16.0,42.6,5.2,0.3204,rural,7.0,84.66632848607823,68.94234020967197,8.116334122421378,2.5046382189239296,False
31167,8.7,34.3,80.4,7.1,76.1,85.4,13.6,11.5,39.8,3.5,0.0054,micropolitan,8.0,31.67624845000563,66.10162326682448,-50.32127155901251,-57.74134790528233,False
31169,8.5,38.4,82.5,8.4,77.6,85.4,15.0,13.2,40.0,4.2,0.1301,rural,12.0,56.140795851651454,63.527223537368954,-14.507947243828198,-29.406307977736546,False
31171,8.1,36.0,81.5,7.3,77.9,86.5,11.9,11.3,36.6,3.6,0.0019,rural,7.0,27.203810167963027,74.54768346296922,-67.12884680419344,-82.56029684601113,False
31173,10.9,35.8,76.0,6.9,74.8,78.8,21.0,13.4,45.4,3.9,0.798,rural,14.0,57.02006538158043,35.75414271220832,34.12242137301318,21.428571428571427,False
31175,8.6,38.5,82.3,8.5,77.4,85.4,14.0,12.9,41.8,4.2,0.1464,rural,11.0,56.18025025363544,65.20544470747379,-17.467027392627664,-32.374768089053816,False
31177,7.0,34.2,79.6,6.3,77.5,86.0,12.2,10.7,41.2,3.1,0.0143,metropolitan,,25.611543230751888,77.0523334460602,-71.52519445383837,-50.0,False
31179,8.9,29.0,76.5,5.8,74.3,79.3,12.0,9.7,37.3,2.9,0.1626,small_town,8.0,13.504678164806672,52.836489685492054,-45.637470409198514,-60.66176470588235,False
31181,8.8,37.4,80.7,7.6,76.2,85.3,14.6,12.9,39.1,3.8,0.0375,micropolitan,11.0,44.13538496223649,61.67568481569158,-27.30808251606358,-31.51183970856102,False
31183,7.5,40.6,83.4,8.5,79.6,88.2,12.8,13.2,38.4,4.0,0.0385,rural,5.0,50.83699695637471,83.31501521812649,-46.432194792018926,-63.450834879406315,False
31185,9.2,34.0,78.7,7.1,74.3,83.4,14.1,11.2,40.9,3.5,0.1359,small_town,,33.44606019614474,63.7470409198512,-44.16638484950964,-64.33823529411765,False
32001,11.4,35.4,73.9,7.3,71.9,84.3,16.1,11.7,37.8,3.8,0.6271,micropolitan,10.0,38.38913313042498,46.89719310111599,-9.942509299966176,-18.397085610200364,False
32003,15.4,34.5,71.9,6.2,73.7,84.8,14.8,12.4,31.4,3.4,0.8635,metropolitan,18.0,23.44436929320257,14.533310787960772,15.5563070679743,32.44274809160306,False
32005,8.6,38.2,79.5,8.5,78.3,89.6,12.0,12.2,27.1,4.2,0.2059,micropolitan,13.0,37.11531958065607,64.10424416638485,-40.14203584714237,-46.44808743169398,False
32007,13.9,32.1,71.1,6.2,71.1,82.7,17.1,11.0,38.0,3.3,0.6185,micropolitan,16.0,29.356893247660917,20.261244504565436,18.329387893134932,12.750455373406192,False
32009,14.7,44.8,79.8,12.1,77.3,87.0,18.2,17.7,36.1,6.1,0.9077,rural,8.0,81.33524969000112,63.749154548528914,13.155224890091304,6.493506493506501,False
32011,12.3,41.5,76.5,9.9,74.3,84.1,21.8,16.1,38.8,5.2,0.4254,rural,13.0,81.8340660579416,41.26437267500845,51.47108555968887,48.7012987012987,False
32013,14.0,32.0,72.4,6.6,72.3,83.7,15.6,11.5,36.2,3.5,0.616,micropolitan,14.0,26.941720211926498,32.23283733513696,2.739262766317214,-10.018214936247723,False
32015,13.9,36.0,73.2,7.7,71.8,83.2,17.8,13.0,35.1,4.1,0.5762,rural,17.0,46.28001352722354,16.490530943523844,41.46094014203585,24.025974025974026,False
32017,9.4,37.0,76.4,7.9,75.0,86.8,15.0,11.8,31.6,4.0,0.5749,rural,15.0,36.3290497125465,42.06543794386202,-4.15962123774095,-18.18181818181818,False
32019,12.4,37.5,74.5,7.5,73.5,85.1,15.9,12.3,35.2,3.9,0.5593,metropolitan,13.0,40.17021756284522,41.048782549881636,2.908353060534324,26.908396946564885,False
32021,13.9,44.0,78.8,11.1,76.1,84.7,21.4,17.6,38.2,6.0,0.5501,rural,15.0,86.20223199188365,37.08784240784579,63.94994927291174,61.4100185528757,True
32023,13.1,42.3,77.9,10.1,75.1,86.9,17.7,15.7,39.7,5.2,0.7954,micropolitan,19.0,80.23616277758991,23.47184646601285,76.39499492729118,76.32058287795992,True
32027,15.0,35.4,72.3,7.4,70.9,83.4,17.0,12.1,35.7,3.8,0.6761,rural,15.0,38.530041708939244,26.00820087926953,25.092999661819412,9.09090909090909,False
32029,8.7,38.5,79.0,8.4,78.3,89.7,12.1,12.4,31.6,4.1,0.1836,metropolitan,19.0,38.20595197835644,37.326682448427455,7.000338180588436,31.20229007633587,False
32031,12.0,29.7,71.7,6.1,74.5,84.8,12.6,10.0,28.5,3.2,0.6971,metropolitan,14.0,9.8438732950062,36.25718633750423,-19.58065607034156,-9.446564885496183,False
32033,13.2,36.4,74.7,8.1,72.9,84.1,17.5,12.6,34.4,4.2,0.2498,rural,12.0,47.176192086574225,41.49053094352384,10.652688535678053,-2.226345083487942,False
32510,12.9,34.5,74.2,7.2,72.9,85.4,14.4,12.1,33.1,3.7,0.8508,metropolitan,,28.150715815578852,57.14406493067298,-39.49949272911735,-15.267175572519086,False
33001,6.6,35.7,77.7,7.0,77.9,89.0,12.2,10.5,30.5,3.6,0.1454,micropolitan,7.0,19.69901927629354,74.1017078119716,-73.60500507270883,-82.14936247723134,False
33003,6.2,35.1,82.2,7.8,79.8,90.7,10.7,10.7,30.7,3.8,0.1406,rural,7.0,23.131552248900917,85.28703077443356,-80.3517078119716,-93.50649350649351,False
33005,7.0,33.3,77.3,6.6,74.7,87.4,11.9,9.5,29.9,3.4,0.1702,micropolitan,11.0,13.169315747942735,62.612022319918836,-61.853229624619544,-71.03825136612022,False
33007,8.6,38.2,80.1,8.4,78.7,87.6,15.2,13.0,36.4,4.4,0.4862,rural,7.0,51.67681208431969,75.13104497801825,-37.673317551572545,-54.730983302411886,False
33009,6.7,31.8,77.3,6.4,74.8,87.0,10.5,9.3,25.8,3.2,0.2619,rural,15.0,8.508059970691015,48.05757524518093,-42.407845789651674,-43.69202226345084,False
33011,7.4,31.5,76.8,5.6,77.6,88.1,10.7,9.2,33.1,2.9,0.2234,metropolitan,11.0,8.02333446060196,64.96871829556983,-70.03719986472775,-59.82824427480916,False
33013,6.7,31.8,76.1,5.9,79.3,88.2,10.6,9.1,33.2,3.1,0.2109,micropolitan,11.0,9.432420245744561,68.34629692255665,-74.53500169090294,-82.51366120218579,False
33015,5.9,34.7,77.0,5.7,78.9,89.8,9.9,9.1,31.2,2.9,0.02,metropolitan,,8.964603765077218,80.98156915793034,-90.39567128846804,-80.8206106870229,False
33017,6.7,30.9,73.0,5.3,76.8,85.8,10.7,8.6,32.4,2.8,0.1833,metropolitan,7.0,6.216886484049148,63.63290497125465,-69.05647615826851,-60.40076335877863,False
33019,7.8,36.1,77.5,7.3,76.6,87.5,13.0,11.2,33.5,3.8,0.2186,rural,15.0,26.786720775560813,49.042526208995604,-27.832262428136627,-40.44526901669759,False
34001,11.9,36.1,79.9,6.8,80.0,88.7,12.9,12.7,30.7,3.7,0.853,metropolitan,,26.14981400067637,78.98207642881299,-73.1146432194792,-51.526717557251914,False
34003,9.8,32.5,77.3,5.2,79.0,90.8,8.4,9.7,25.6,2.8,0.4372,metropolitan,,4.974072821553376,76.03990530943524,-88.29895164017586,-80.82061068702289,False
34005,8.3,34.0,77.5,5.6,79.8,89.9,10.9,10.5,30.2,3.1,0.2434,metropolitan,,10.272235373689549,80.23123097734191,-88.87385864051403,-78.14885496183206,False
34007,11.6,33.4,76.5,5.7,77.6,88.3,13.1,11.4,29.8,3.3,0.7795,metropolitan,,14.65167399391275,69.13890767669936,-71.35610415962124,-54.86641221374047,False
34009,8.3,38.9,82.4,7.8,81.0,91.0,11.8,11.7,33.5,3.9,0.3541,metropolitan,12.0,33.22060647052192,76.3231315522489,-62.90158944876565,-38.64503816793893,False
34011,18.4,38.8,75.9,7.0,76.8,85.9,16.5,13.5,40.4,4.0,0.9793,metropolitan,11.0,53.65516852665991,48.99391274940818,5.478525532634421,27.480916030534345,False
34013,14.5,31.7,78.5,5.6,77.3,88.0,12.4,12.0,29.6,3.6,0.9415,metropolitan,13.0,15.708488332769699,53.088011498140006,-43.828204261075406,-25.954198473282442,False
34015,8.4,36.6,77.1,5.4,77.4,88.8,11.9,10.3,31.5,3.0,0.2173,metropolitan,,13.38913313042498,74.61109232330064,-80.01352722353737,-64.79007633587787,False
34017,14.6,28.6,71.3,4.7,75.6,87.1,10.6,10.5,27.9,2.6,0.7827,metropolitan,,4.416074850636908,60.56180250253635,-66.11430503889078,-58.30152671755725,False
34019,6.6,31.7,78.8,5.8,79.1,91.4,8.8,9.2,26.3,2.8,0.035,metropolitan,,5.1516176304813435,84.26826175177544,-95.23165370307744,-90.7442748091603,False
34021,11.4,31.2,76.1,5.4,78.6,88.9,10.5,11.1,25.4,3.1,0.7445,metropolitan,,7.814789764400857,71.16376394994927,-80.25025363544133,-70.13358778625954,False
34023,10.8,33.2,76.6,5.1,78.8,89.0,10.0,11.6,29.9,2.8,0.6647,metropolitan,,9.387329500619998,72.86100777815354,-81.16334122421374,-69.75190839694656,False
34025,7.7,32.9,78.8,5.7,79.3,90.5,9.7,9.8,30.4,2.9,0.2138,metropolitan,,7.64851764175403,82.90708488332768,-92.93202570172473,-85.68702290076335,False
34027,7.9,31.0,77.4,5.1,78.6,90.7,8.4,9.0,22.8,2.6,0.1667,metropolitan,,2.8632623154097625,78.8468041934393,-92.35711870138654,-87.21374045801528,False
34029,9.5,35.0,80.5,7.0,77.9,89.1,13.3,11.4,29.8,3.6,0.4133,metropolitan,10.0,21.64073948822004,70.57828880622252,-67.2303009807237,-46.469465648854964,False
34031,18.3,32.4,76.8,6.1,74.9,87.3,12.3,12.7,31.0,3.4,0.9112,metropolitan,,18.09829782437155,62.11320595197836,-56.61143050388908,-37.88167938931299,False
34033,11.0,37.4,78.0,6.9,78.3,87.8,14.7,11.9,34.0,3.8,0.6739,metropolitan,18.0,31.95242926389358,33.20510652688536,6.695975650997632,29.77099236641222,False
34035,8.5,30.6,77.4,4.9,79.1,90.7,8.2,10.1,26.3,2.6,0.1912,metropolitan,,3.6438958403787622,78.5741460940142,-91.71457558336151,-86.06870229007633,False
34037,8.3,33.3,76.7,5.8,78.3,89.7,11.2,9.5,26.9,2.9,0.0458,metropolitan,,7.876789538947132,76.23013189042949,-86.50659452147447,-76.52671755725191,False
34039,15.0,33.7,77.0,5.5,76.9,88.9,11.4,11.6,29.7,3.2,0.8145,metropolitan,13.0,12.453500169090292,50.79683801149814,-43.69293202570172,-29.484732824427482,False
34041,9.1,34.5,79.5,6.1,77.8,89.7,11.6,10.0,32.5,3.2,0.245,metropolitan,,13.09604328711532,78.48326006087251,-84.40987487318228,-70.03816793893128,False
35001,14.0,33.5,71.2,6.5,67.7,84.5,12.0,11.6,33.0,3.4,0.7929,metropolitan,18.0,17.610754142712207,12.861430503889078,11.3290497125465,25.286259541984734,False
35003,10.0,47.1,83.4,12.4,76.6,89.3,14.8,17.7,31.6,6.1,0.4483,rural,17.0,72.19310111599593,44.06281704430165,36.38823131552248,30.426716141001855,False
35005,20.2,36.9,73.1,7.5,69.2,81.4,15.1,14.3,39.8,4.0,0.9701,micropolitan,15.0,50.80036072596099,23.435914778491714,42.84748055461617,40.80145719489981,False
35006,16.1,36.8,73.6,8.3,68.4,81.0,19.4,16.6,39.1,4.7,0.9663,small_town,20.0,68.56047796189833,5.637047683462967,72.40446398376733,63.23529411764706,True
35007,15.8,39.2,78.7,9.3,72.3,85.8,13.2,15.5,31.5,4.7,0.7989,small_town,19.0,55.04452711081051,19.534156239431855,51.5049036185323,38.970588235294116,False
35009,17.6,32.2,69.8,6.4,66.4,78.6,14.4,12.0,39.4,3.5,0.9395,micropolitan,18.0,29.819073385187693,7.776039905309436,23.875549543456206,20.76502732240437,False
35011,15.3,40.6,78.7,9.8,72.4,86.2,14.1,15.3,32.5,4.9,0.5043,rural,14.0,60.55405253071806,42.471254649983095,26.03990530943524,14.378478664192947,False
35013,19.7,32.5,72.8,6.7,69.7,81.0,12.1,13.7,35.9,3.6,0.9873,metropolitan,18.0,27.57299064367039,8.90471761920866,21.37301318904295,40.267175572519086,False
35015,16.9,32.2,71.7,6.3,66.3,82.1,13.3,11.6,39.8,3.3,0.6382,micropolitan,16.0,26.11881411340322,18.1264795400744,16.4693946567467,11.657559198542803,False
35017,15.7,39.7,80.1,9.8,72.9,86.1,12.7,15.9,32.8,4.9,0.7404,micropolitan,18.0,58.11915229399165,25.598156915793034,50.1521812647954,47.72313296903461,False
35019,24.5,37.2,73.7,8.3,67.5,81.2,13.9,16.5,36.8,4.3,0.8791,rural,18.0,53.44944200202909,8.832854244166386,53.50016909029422,37.291280148423006,False
35021,16.4,47.5,82.6,12.9,76.0,88.4,14.3,19.6,35.3,6.4,0.6615,rural,8.0,75.14654492165484,66.97243828204262,1.0821778829895123,-8.163265306122469,False
35023,19.6,39.2,77.1,9.2,70.9,83.6,14.7,16.4,34.5,4.8,0.9179,rural,14.0,61.134595874196826,32.9979709164694,43.490023672641186,31.44712430426716,False
35025,21.6,32.3,70.3,6.2,65.0,78.8,14.8,12.0,37.0,3.4,0.9399,micropolitan,13.0,25.88208770149927,30.52291173486642,4.159621237740957,-8.378870673952637,False
35027,12.4,41.3,80.3,9.6,74.7,87.8,12.6,14.4,30.0,4.7,0.8346,micropolitan,14.0,54.80780069890656,51.15826851538722,3.6523503550896237,-2.732240437158474,False
35028,5.7,28.0,73.5,4.9,71.7,88.4,7.1,8.0,25.4,2.4,0.0099,micropolitan,,1.3668132115883214,71.2440818397024,-84.54514710855597,-90.1639344262295,False
35029,25.8,39.0,76.2,10.1,68.6,79.8,16.9,17.7,35.7,5.3,0.9997,micropolitan,18.0,71.46037650772179,10.00169090294217,74.19682110246872,78.5063752276867,True
35031,15.1,38.2,72.2,9.5,66.1,76.5,26.8,19.0,41.3,6.0,0.9695,rural,19.0,84.96787284409875,6.450794724382819,89.82076428812985,83.85899814471243,True
35033,19.4,40.9,80.4,9.6,74.2,87.8,10.6,18.5,33.1,4.7,0.6169,micropolitan,18.0,58.93642204937436,29.034917145755834,46.90564761582685,43.715846994535525,False
35035,15.7,34.2,73.3,7.2,69.1,80.8,14.9,12.7,37.1,3.9,0.9294,micropolitan,18.0,36.796866193213845,9.955191072032466,31.65370307744335,30.41894353369763,False
35037,17.5,41.9,79.0,10.3,72.7,84.5,15.8,17.2,37.6,5.4,0.8711,small_town,14.0,75.35227144628566,38.472269191748396,50.32127155901251,38.23529411764706,False
35039,19.3,36.8,76.0,8.4,70.9,84.1,14.2,17.2,39.9,4.5,0.763,micropolitan,18.0,61.02186901138541,13.2144064930673,61.1768684477511,64.48087431693989,False
35041,16.2,30.9,70.5,6.5,65.0,78.6,13.4,11.5,32.6,3.4,0.951,micropolitan,15.0,17.35148235824597,22.569327020629018,5.782888062225228,-1.8214936247723124,False
35043,12.3,34.0,74.6,6.4,69.7,86.2,11.2,11.8,32.6,3.4,0.3933,metropolitan,15.0,17.106301431631156,33.76944538383496,-7.997970916469397,7.967557251908392,False
35045,12.9,34.2,73.5,8.3,69.8,80.8,20.1,14.5,35.1,4.7,0.9669,metropolitan,16.0,57.35824597001466,20.476834629692256,53.36489685492053,70.99236641221373,False
35047,20.1,37.1,76.7,8.5,71.2,84.9,11.6,17.1,37.3,4.4,0.9854,micropolitan,21.0,53.13944312929772,10.071440649306732,52.8576259722692,54.6448087431694,False
35049,13.1,33.2,76.7,7.6,72.0,87.8,10.0,12.6,25.6,3.8,0.7633,metropolitan,20.0,23.469732837335133,19.85331416976665,12.918498478187354,30.152671755725187,False
35051,14.7,46.2,82.1,12.7,74.7,87.2,15.8,18.2,36.8,6.4,0.7677,small_town,10.0,79.33998421823921,62.089956036523496,13.527223537368954,-3.308823529411768,False
35053,18.0,36.6,74.9,8.7,69.0,81.1,15.5,15.7,36.2,4.6,0.8972,small_town,17.0,58.08533423514823,13.774518092661484,57.62597226919174,47.4264705882353,False
35055,13.8,38.1,78.4,8.7,72.3,87.8,11.2,15.2,27.9,4.4,0.6955,micropolitan,19.0,46.02919625746816,23.886117686844774,36.11768684477511,32.96903460837887,False
35057,17.8,39.8,77.0,9.6,69.9,82.7,17.0,16.5,34.5,5.0,0.7712,rural,18.0,68.68165933942059,12.897362191410213,70.61210686506594,58.998144712430424,True
35059,17.0,38.2,75.5,8.7,69.3,83.1,15.3,14.7,34.3,4.5,0.9526,rural,12.0,55.37988952767444,38.0009299966182,28.30571525194454,15.76994434137291,False
35061,18.6,35.2,74.8,7.4,69.3,83.3,13.5,14.6,35.4,3.9,0.8823,metropolitan,19.0,38.15522489009131,8.659536692593843,33.88569496110923,55.72519083969466,False
36001,5.5,31.7,77.0,5.5,79.4,88.1,10.5,9.2,29.8,3.0,0.461,metropolitan,,6.540976214631947,80.88011498140007,-92.42475481907339,-85.11450381679388,False
36003,6.0,35.5,77.8,7.3,80.0,86.7,13.8,11.1,34.4,3.7,0.4543,rural,16.0,27.009356329613343,50.18177206628339,-29.1511667230301,-42.02226345083488,False
36005,15.6,36.5,76.3,7.0,81.6,86.8,13.2,16.1,33.5,4.4,0.9965,metropolitan,19.0,42.4219366475031,28.504396347649646,26.36117686844775,48.95038167938932,False
36007,6.4,35.0,76.2,7.1,81.2,86.9,13.2,10.9,33.1,3.7,0.7248,metropolitan,17.0,23.475369180475706,44.7983598241461,-22.99628001352723,-2.6717557251908417,False
36009,6.6,38.1,78.0,8.0,81.2,87.7,16.5,12.1,35.7,4.1,0.6809,rural,17.0,46.49137639499492,48.41055123435915,-3.1788975312816987,-17.717996289424857,False
36011,6.6,36.8,78.0,7.7,81.3,88.7,15.1,11.8,35.7,3.9,0.5208,micropolitan,15.0,37.749408183970246,60.12639499492729,-33.63205951978356,-40.619307832422585,False
36013,7.3,37.3,79.0,7.9,81.4,88.2,14.9,12.6,36.3,4.0,0.7229,micropolitan,17.0,42.77420809378875,50.139499492729115,-10.4159621237741,-17.85063752276867,False
36015,6.4,36.8,78.8,7.3,81.1,88.6,14.9,11.5,30.7,3.8,0.6093,metropolitan,17.0,30.303798895276746,50.968041934392964,-27.426445722015558,-3.530534351145043,False
36017,6.4,37.1,79.2,8.1,80.2,88.9,15.3,12.3,36.3,4.1,0.4833,rural,16.0,44.44256566339758,55.68988840040581,-17.17957389245857,-34.230055658627094,False
36019,6.3,34.1,77.2,7.0,79.9,87.4,14.4,10.7,33.2,3.5,0.4445,micropolitan,17.0,22.68064479765528,45.15133581332432,-24.34900236726412,-38.25136612021858,False
36021,5.7,37.0,81.0,7.8,82.0,90.9,12.4,11.8,30.8,3.9,0.427,rural,17.0,29.937436591139672,56.71922556645249,-36.96313831586066,-51.76252319109462,False
36023,5.8,31.1,75.9,6.2,79.0,86.4,12.8,9.3,30.5,3.1,0.3684,micropolitan,15.0,10.438507496336376,50.955360162326684,-45.82346973283733,-56.83060109289618,False
36025,6.5,39.6,79.8,8.5,81.8,89.0,14.5,12.5,32.8,4.3,0.5142,rural,16.0,46.5533761695412,58.64685492052756,-19.851200541088943,-36.2708719851577,False
36027,6.5,33.4,77.8,6.0,80.0,89.9,11.0,9.9,28.2,3.1,0.447,metropolitan,,9.491601848720551,83.77367264119039,-91.64693946567466,-83.11068702290076,False
36029,5.9,33.0,78.8,6.5,82.9,89.0,12.4,10.8,32.8,3.4,0.4913,metropolitan,19.0,16.052305264344493,46.52942171119378,-32.499154548528914,-16.41221374045802,False
36031,5.8,37.9,79.5,8.1,81.5,90.2,13.5,11.8,34.8,4.0,0.3516,rural,,37.69304475256454,89.28601623266825,-65.47176192086573,-82.9313543599258,False
36033,6.9,36.4,77.6,7.6,79.4,87.8,16.3,12.2,40.7,3.9,0.5597,small_town,14.0,48.17664299402548,60.38003043625295,-20.493743659113967,-43.382352941176464,False
36035,6.7,38.3,79.2,7.8,80.7,88.5,16.0,12.1,35.8,4.0,0.3977,micropolitan,16.0,43.9634764964491,55.83995603652351,-18.244842746026386,-25.227686703096545,False
36037,5.9,35.1,78.4,6.9,80.7,89.1,13.5,10.7,30.2,3.5,0.2335,micropolitan,13.0,19.966745575470636,69.74551910720325,-67.43320933378423,-76.50273224043715,False
36039,6.6,36.6,79.4,7.6,81.6,89.6,13.5,11.7,34.4,3.9,0.4076,rural,16.0,32.098974185548414,57.9831755157254,-36.827866080486984,-52.41187384044527,False
36041,5.4,41.5,82.7,9.3,83.8,91.8,13.4,13.4,31.0,4.5,0.1654,rural,9.0,52.43771840829668,87.43025025363545,-45.62056137977679,-61.317254174397036,False
36043,5.9,36.4,78.3,7.6,80.6,89.1,14.6,11.3,37.0,3.9,0.2755,micropolitan,16.0,36.31214068312479,55.070595197835644,-26.36117686844775,-35.70127504553735,False
36045,7.2,30.8,73.8,6.0,79.4,85.6,13.9,10.0,37.8,3.1,0.6653,metropolitan,15.0,18.991658212151957,47.237487318227934,-31.704430165708487,-13.788167938931291,False
36047,8.9,30.4,74.2,5.7,80.0,88.6,12.1,12.0,25.1,3.6,0.8874,metropolitan,18.0,14.155675797542555,36.31214068312479,-15.860669597565101,-1.8129770992366403,False
36049,6.2,36.3,79.1,7.7,81.1,88.6,15.1,11.8,40.9,3.9,0.1925,rural,14.0,45.17247210010146,66.99780182617518,-34.84950963814677,-51.71614100185529,False
36051,5.7,33.7,77.8,6.6,79.9,88.1,12.3,10.1,30.8,3.4,0.2294,metropolitan,13.0,14.834855145981289,66.77798444369293,-67.23030098072371,-51.33587786259542,False
36053,5.3,33.7,78.5,6.7,81.2,88.8,12.5,10.3,36.4,3.4,0.1801,rural,15.0,20.27674444820201,61.665116672303014,-53.770713561041596,-65.39888682745824,False
36055,6.0,33.7,77.1,6.3,79.6,89.1,11.6,11.2,31.4,3.3,0.5943,metropolitan,17.0,14.49949272911735,46.45755833615151,-33.851876902265815,-18.511450381679385,False
36057,8.3,35.3,78.7,7.4,79.3,88.1,15.2,11.5,38.8,3.8,0.7881,micropolitan,15.0,37.81986247322737,55.19741291849848,-24.788637132228608,-33.151183970856096,False
36059,6.0,31.8,80.3,5.4,82.1,91.3,8.5,10.1,28.4,2.9,0.2778,metropolitan,,5.856160523052644,91.26437267500845,-96.31383158606695,-92.27099236641222,False
36061,6.8,27.2,74.8,4.9,79.7,89.2,8.2,8.9,19.2,2.7,0.7283,metropolitan,16.0,1.7331755157253974,49.08902603990531,-48.73182279337166,-44.083969465648856,False
36063,5.8,37.0,78.1,7.0,82.5,89.3,13.7,11.3,39.5,3.7,0.4454,metropolitan,17.0,35.03550896178559,51.608471423740276,-22.79337166046669,2.4809160305343454,False
36065,6.7,36.6,78.3,7.3,80.4,88.3,14.2,11.5,36.1,3.7,0.6828,metropolitan,17.0,31.89606583248788,48.558505241799125,-21.812647954007442,2.4809160305343454,False
36067,5.8,35.6,78.0,6.5,82.0,88.8,11.9,10.9,36.9,3.4,0.588,metropolitan,16.0,22.210010145417655,55.84841055123436,-42.94893473114643,-21.087786259541986,False
36069,5.4,34.1,78.6,6.8,81.5,90.1,11.5,10.5,30.7,3.4,0.2682,micropolitan,16.0,15.43794386202232,57.30047345282381,-51.20054108894149,-62.29508196721311,False
36071,8.6,31.9,76.0,5.8,79.4,88.3,12.0,11.2,32.2,3.2,0.7299,metropolitan,13.0,12.439409311238867,59.91080486980047,-58.97869462292865,-43.89312977099236,False
36073,7.2,35.7,77.6,7.5,80.3,88.2,15.7,11.7,32.9,3.9,0.58,small_town,15.0,34.09423965731033,57.05740615488671,-32.9387893134934,-54.41176470588235,False
36075,6.4,35.2,77.0,7.2,80.3,87.2,15.7,11.2,36.4,3.7,0.5962,metropolitan,14.0,33.003607259609964,60.49416638484951,-40.24349002367264,-14.599236641221367,False
36077,5.9,32.1,78.9,6.8,78.5,86.7,12.1,10.2,29.9,3.4,0.3287,rural,12.0,13.913313042498027,66.92805207981061,-68.61684139330401,-75.88126159554731,False
36079,6.3,30.4,77.9,5.8,80.7,90.9,9.6,9.7,27.5,2.9,0.1187,metropolitan,,5.647615826851538,85.41807575245181,-95.23165370307744,-90.55343511450381,False
36081,10.6,33.6,78.6,6.0,81.1,89.6,10.9,14.3,24.0,3.5,0.8024,metropolitan,18.0,20.90237853680532,40.873351369631386,-18.092661481230977,0.6679389312977158,False
36083,5.7,32.1,76.9,6.0,79.6,88.8,11.9,9.9,31.5,3.1,0.4047,metropolitan,,10.410325780633526,81.68540750760906,-89.98985458234696,-79.58015267175573,False
36085,7.6,34.1,77.9,5.8,81.8,89.9,12.1,11.9,30.3,3.2,0.5956,metropolitan,18.0,14.865855033254425,45.311971592830574,-31.552248900913085,-15.935114503816799,False
36087,8.2,32.3,78.0,6.3,80.2,88.8,11.4,11.3,30.5,3.4,0.7471,metropolitan,,13.786495321835195,81.27536354413257,-86.54041258031789,-72.90076335877863,False
36089,6.5,36.5,77.2,7.3,81.2,86.4,15.3,11.9,41.8,3.8,0.7108,rural,16.0,44.56938338406042,49.92179573892459,-7.778153533987151,-23.747680890538035,False
36091,4.7,32.3,78.6,6.0,80.7,90.6,10.6,9.6,33.1,3.0,0.0649,metropolitan,,9.891782211701049,87.08361515049037,-92.62766317213392,-85.20992366412213,False
36093,6.2,33.0,77.2,6.1,79.7,88.7,12.1,10.2,34.3,3.3,0.4874,metropolitan,17.0,14.423402096719649,46.43430842069665,-33.88569496110924,-18.60687022900763,False
36095,5.9,36.8,79.2,7.6,81.5,89.0,13.4,11.3,32.4,3.8,0.3172,metropolitan,14.0,28.93698568368843,67.98486641866756,-56.37470409198512,-32.44274809160306,False
36097,6.0,37.8,79.6,8.2,81.4,89.5,15.1,12.4,31.7,4.1,0.3159,rural,16.0,41.6215759215421,58.53271897193101,-25.448089279675344,-42.16141001855288,False
36099,7.2,36.4,78.2,7.8,81.0,88.3,15.3,11.6,34.7,4.0,0.5737,micropolitan,15.0,37.4535001690903,59.07380791342577,-31.991883665877587,-39.16211293260474,False
36101,5.9,35.7,79.0,7.5,81.0,88.6,14.6,11.5,34.8,3.8,0.4683,micropolitan,13.0,31.718521023559912,70.88265133581332,-57.72742644572201,-65.7559198542805,False
36103,7.2,31.7,77.2,5.7,81.5,90.5,9.6,10.0,29.7,3.0,0.2596,metropolitan,,7.093337842407846,84.10128508623606,-93.91274940818398,-87.5,False
36105,8.5,35.8,77.6,7.2,80.4,88.9,13.7,12.1,31.9,3.7,0.8654,rural,17.0,27.34753691804757,44.88924585728779,-19.37774771728103,-30.241187384044522,False
36107,5.8,36.9,79.2,7.6,81.3,89.5,13.9,11.3,30.5,3.8,0.1505,metropolitan,15.0,29.097621463194685,63.24188366587758,-48.10618870476834,-24.141221374045806,False
36109,4.7,26.1,72.0,4.8,76.5,86.1,9.0,7.6,24.6,2.4,0.3907,metropolitan,16.0,1.1300867996843649,39.27333446060196,-30.639161312140683,-26.81297709923664,False
36111,6.5,37.0,77.9,6.8,81.5,89.7,11.8,10.9,30.5,3.5,0.5511,metropolitan,14.0,20.02874535001691,65.68735204599255,-60.568143388569496,-41.412213740458014,False
36113,5.3,35.8,80.1,7.2,81.9,90.2,12.2,11.2,31.0,3.6,0.1954,metropolitan,8.0,21.832375154999436,84.64871491376395,-81.21406831247887,-64.12213740458014,False
36115,6.2,36.2,78.7,7.4,81.7,89.1,14.7,11.2,31.4,3.8,0.4127,rural,16.0,29.106075977905533,56.909452147446736,-38.04531619885019,-52.50463821892393,False
36117,6.2,34.0,78.8,7.3,80.8,89.4,13.9,11.2,37.4,3.7,0.3633,metropolitan,15.0,29.742982752789988,61.80461616503213,-45.21474467365573,-20.706106870229007,False
36119,7.5,29.8,77.3,5.6,80.6,90.8,9.2,10.5,26.0,3.0,0.6685,metropolitan,15.0,5.8533423514823575,57.784494420020295,-60.297598917822114,-50.66793893129771,False
36121,7.0,36.6,77.3,7.3,80.5,88.5,15.1,11.2,35.6,3.7,0.2399,rural,16.0,32.620335926051176,51.959333784240776,-26.141359485965506,-40.723562152133574,False
36123,6.8,35.8,79.3,7.9,80.9,87.9,14.8,11.6,33.9,4.0,0.5724,rural,15.0,35.36241686393868,60.99721001014542,-37.70713561041597,-54.54545454545455,False
37001,11.7,36.5,77.4,6.7,80.0,87.0,13.9,12.2,38.5,3.8,0.7136,metropolitan,11.0,35.035508961785595,61.8468887385864,-39.36422049374366,-13.74045801526718,False
37003,11.1,39.1,77.9,8.0,79.3,86.8,16.8,12.7,36.5,4.1,0.4559,metropolitan,14.0,51.327358809604334,52.37360500507271,-2.215082854244166,21.469465648854957,False
37005,12.4,44.9,81.7,10.5,81.7,88.2,17.2,16.0,36.5,5.3,0.7168,rural,15.0,77.40953669259385,57.634426783902605,18.63375042272574,11.038961038961041,False
37007,14.0,46.6,78.7,8.8,81.2,85.7,19.7,17.2,43.3,5.5,0.9529,metropolitan,17.0,88.4060421598467,36.18532296246195,67.73757186337504,74.61832061068702,True
37009,10.2,42.9,81.1,9.4,81.4,88.8,15.5,14.0,36.2,4.6,0.4518,rural,17.0,64.31912974861909,49.03407169428475,18.667568481569155,6.864564007421151,False
37011,10.8,39.9,78.3,8.4,79.7,86.9,15.8,12.9,37.1,4.2,0.7191,rural,14.0,54.34843873295006,54.337166046668926,-2.164355765979032,-16.60482374768089,False
37013,10.9,45.0,81.4,9.2,82.3,88.8,16.1,15.6,36.8,5.0,0.8066,rural,18.0,72.25228271897193,45.555038890767676,33.54751437267501,27.08719851576994,False
37015,13.2,50.0,81.4,9.6,83.2,87.6,18.3,19.3,43.0,6.3,0.9586,small_town,19.0,91.7906662157592,39.89896854920527,63.64558674332094,56.25,True
37017,12.0,46.3,81.0,9.1,82.3,87.9,16.8,16.6,41.3,5.3,0.8326,rural,19.0,82.9585165144854,40.376648630368614,54.480892796753466,51.57699443413729,False
37019,7.9,41.6,83.2,8.8,84.3,91.5,12.4,13.5,32.8,4.3,0.2275,metropolitan,17.0,49.45891105850524,56.85027054447075,-12.37740953669259,12.881679389312971,False
37021,9.0,36.1,77.6,6.7,79.1,88.5,12.3,10.9,31.3,3.4,0.5994,metropolitan,17.0,18.73238642768572,41.41232668244843,-21.034832600608723,-4.007633587786266,False
37023,11.6,40.4,78.9,8.6,80.3,86.9,17.0,13.8,36.8,4.4,0.7079,metropolitan,13.0,61.881411340322394,59.5197835644234,-1.876902265809946,18.845419847328245,False
37025,9.9,34.7,75.2,5.5,78.8,88.1,12.4,10.8,33.3,3.1,0.4321,metropolitan,8.0,14.228948258369968,65.77189719310113,-66.06357795062564,-50.71564885496184,False
37027,11.3,39.8,78.4,8.4,80.0,86.9,17.0,13.2,33.4,4.3,0.6503,metropolitan,13.0,54.14834855145981,58.37419682110247,-9.164693946567468,14.408396946564878,False
37029,8.2,35.6,76.9,6.1,79.9,88.8,13.1,10.7,35.2,3.3,0.2523,metropolitan,15.0,19.63420133017698,54.12580317889753,-42.52620899560365,-22.041984732824424,False
37031,8.0,40.5,81.1,8.1,82.3,90.3,12.7,12.5,34.0,4.0,0.3888,micropolitan,16.0,41.091759666328485,59.32744335475144,-27.66317213391951,-34.426229508196734,False
37033,11.8,44.1,80.0,8.5,81.4,87.5,16.9,15.5,39.3,5.0,0.7302,metropolitan,17.0,74.56318340660579,44.16215759215421,38.95840378762259,51.7175572519084,False
37035,10.9,37.4,77.0,7.1,78.9,87.3,14.7,12.1,37.4,3.7,0.6818,metropolitan,12.0,36.36004959981964,58.460855596888734,-32.22861007778153,-5.438931297709914,False
37037,9.3,39.9,80.6,7.8,82.6,90.5,11.5,12.9,30.1,4.0,0.2949,rural,12.0,36.59959418329388,73.82482245519107,-55.52925262089956,-73.65491651205937,False
37039,9.2,44.8,82.5,10.3,82.9,89.8,15.6,15.2,34.8,5.1,0.3729,rural,14.0,70.12456318340661,68.75211362867772,-6.763611768684484,-17.346938775510203,False
37041,11.2,47.1,81.5,9.5,82.8,88.5,16.8,17.0,40.4,5.5,0.7394,small_town,21.0,83.89133130424982,40.07862698681096,56.002705444707466,43.382352941176464,False
37043,8.5,44.3,83.0,9.9,83.0,90.5,13.8,14.3,35.3,4.8,0.4232,rural,15.0,63.22004283620786,65.64930672979371,-9.43523841731485,-23.098330241187384,False
37045,10.9,41.1,78.0,7.8,80.2,86.7,16.4,13.6,38.6,4.4,0.8524,micropolitan,11.0,60.018599932363884,63.48917822117011,-9.621237740953674,-11.111111111111114,False
37047,12.3,44.6,78.1,8.6,80.8,86.4,18.3,15.6,41.1,5.1,0.937,metropolitan,18.0,80.74907000338182,33.81383158606696,64.051403449442,74.42748091603053,True
37049,10.2,39.5,78.6,7.4,80.9,87.3,14.0,12.5,36.9,4.0,0.8126,micropolitan,13.0,42.20775560816142,62.06036523503551,-30.351707811971593,-35.33697632058288,False
37051,11.8,37.6,74.1,5.7,79.3,84.9,14.8,12.2,40.1,3.6,0.943,metropolitan,19.0,37.1463194679292,21.64355765979033,26.61481230977342,48.56870229007633,False
37053,8.1,35.2,77.3,6.3,80.0,89.1,13.2,10.7,34.5,3.2,0.0862,metropolitan,,18.523841731484612,80.20798106188704,-81.1126141359486,-63.69274809160305,False
37055,7.3,38.0,80.3,7.1,81.9,90.8,11.4,11.2,31.6,3.5,0.2071,micropolitan,,22.9624619546838,89.72987825498817,-81.63679404802164,-85.42805100182149,False
37057,11.1,38.6,78.6,7.6,79.5,87.2,15.8,12.7,36.2,4.1,0.553,metropolitan,16.0,46.254649983090964,44.38197497463646,4.227257355427803,28.339694656488547,False
37059,9.4,39.1,79.2,7.5,80.3,88.8,13.5,12.1,33.4,3.9,0.4057,metropolitan,16.0,35.37932589336038,50.866587757862696,-21.10246871829557,4.293893129770986,False
37061,15.8,42.9,79.4,8.4,80.4,86.6,16.3,15.5,39.4,4.9,0.9144,rural,18.0,71.79573892458573,33.94910382144065,54.27798444369293,46.93877551020408,False
37063,9.6,32.9,75.1,5.0,80.4,87.4,10.7,10.5,36.1,3.0,0.686,metropolitan,,12.569045203471987,74.03407169428475,-79.9120730470071,-65.07633587786259,False
37065,13.0,47.6,80.9,8.8,82.5,87.5,17.7,17.9,43.7,5.7,0.9605,metropolitan,22.0,87.5831360613234,35.718211024687186,68.04193439296584,75.38167938931298,True
37067,10.9,36.7,77.1,6.5,80.0,87.7,13.4,12.4,41.2,3.7,0.8126,metropolitan,20.0,37.9100439634765,30.65607034156239,17.788298951640172,41.412213740458014,False
37069,11.1,38.6,77.2,6.8,80.2,87.8,14.8,12.8,38.8,3.9,0.6491,metropolitan,16.0,43.284297148010374,44.08183970240108,1.0821778829895194,25.47709923664123,False
37071,10.9,37.1,77.2,6.7,79.7,87.2,15.0,12.3,36.2,3.7,0.65,metropolitan,14.0,34.26332995152745,52.94217111937775,-25.684815691579303,-0.1431297709923669,False
37073,10.1,44.6,81.0,8.6,81.5,88.4,16.6,15.8,39.0,5.1,0.4053,metropolitan,,75.04790891669485,84.323216097396,-18.363205951978358,-7.44274809160305,False
37075,9.9,40.5,79.5,8.7,80.4,87.9,15.7,13.1,35.1,4.3,0.6933,rural,14.0,54.89798218915567,60.316621575921545,-11.66723030098072,-26.623376623376622,False
37077,11.6,40.7,78.2,7.2,80.5,87.6,15.4,13.6,36.2,4.2,0.6612,metropolitan,18.0,49.93800022545372,36.45375380453162,23.672641190395673,45.80152671755725,False
37079,16.9,43.0,76.4,8.1,78.8,84.2,19.6,15.9,42.8,4.9,0.9863,rural,19.0,79.9120730470071,18.23004734528238,79.81061887047683,71.89239332096474,True
37081,10.3,36.9,76.9,6.1,80.6,87.3,13.0,12.2,38.0,3.6,0.7865,metropolitan,18.0,30.075526998083646,35.56180250253635,0.7101792357118697,23.18702290076336,False
37083,13.6,49.7,80.8,9.8,82.7,86.9,19.8,19.4,42.6,6.3,0.987,micropolitan,18.0,93.38293315297035,40.09130875887725,64.42340209671964,55.55555555555556,True
37085,12.1,37.7,74.6,6.2,79.0,86.2,15.3,11.8,36.9,3.5,0.7372,metropolitan,14.0,32.60906323977004,45.9249239093676,-15.962123774095364,7.729007633587784,False
37087,9.0,40.2,80.4,8.3,80.6,89.0,13.9,12.4,33.3,4.1,0.3646,micropolitan,13.0,43.70420471198286,68.5661143050389,-39.29658437605682,-43.89799635701276,False
37089,9.9,38.8,80.8,8.2,81.5,89.6,12.7,12.5,30.3,4.1,0.4286,metropolitan,12.0,38.12422500281817,72.14660128508623,-51.43726750084545,-25.381679389312986,False
37091,12.9,48.1,81.2,9.1,83.2,87.0,17.6,18.9,42.5,6.0,0.9427,small_town,17.0,88.5384962236501,45.27603990530944,50.96381467703753,38.97058823529412,False
37093,13.0,38.2,74.5,6.0,79.3,85.6,16.5,13.3,38.5,3.8,0.8909,metropolitan,16.0,44.360838687859314,33.832854244166384,21.525194453838353,45.22900763358779,False
37095,13.7,46.5,79.6,9.6,80.9,86.7,19.0,17.0,41.0,5.5,0.874,rural,16.0,87.80858978694623,45.121745011836325,50.99763273588096,50.27829313543599,False
37097,9.1,36.4,76.7,6.2,80.2,88.3,12.9,10.7,32.8,3.3,0.3773,metropolitan,16.0,18.442114755946342,46.730216435576594,-30.90970578288806,-13.454198473282442,False
37099,9.8,35.5,76.6,7.4,78.7,84.6,14.2,12.1,34.5,3.8,0.7862,rural,15.0,31.436703866531392,41.02341900574907,-8.133243151843082,-19.526901669758814,False
37101,11.4,35.1,75.5,5.9,79.3,87.4,14.2,11.6,35.1,3.3,0.5294,metropolitan,15.0,22.077556081614247,45.257017247210015,-24.923909367602295,-5.152671755725187,False
37103,11.8,46.3,81.3,9.4,81.9,87.6,18.1,17.0,40.0,5.5,0.6736,metropolitan,18.0,84.70578288806223,42.83479878254988,52.18126479540075,61.06870229007634,False
37105,13.8,38.4,77.5,7.2,79.6,86.8,15.5,13.5,37.8,4.0,0.8953,micropolitan,14.0,47.41573667004847,49.94293202570172,-4.19343929658438,-11.29326047358834,False
37107,13.9,46.9,80.6,9.5,82.2,86.6,19.3,17.8,42.4,5.8,0.9984,micropolitan,19.0,90.35903505805435,36.21068650659452,69.42847480554616,61.202185792349724,True
37109,9.4,37.6,78.4,7.0,79.7,88.5,14.0,11.5,35.0,3.6,0.2517,metropolitan,14.0,29.41889302220719,58.60458234697329,-40.7845789651674,-15.744274809160302,False
37111,11.2,39.8,78.5,8.3,80.0,87.0,17.0,13.0,35.2,4.3,0.7518,micropolitan,17.0,54.59361965956487,39.48469732837335,24.14609401420359,17.486338797814213,False
37113,10.4,43.5,81.5,9.6,82.0,89.0,14.9,14.2,35.3,4.7,0.4906,small_town,19.0,63.83722241010033,43.61684139330403,28.407169428474795,9.558823529411768,False
37115,8.8,38.3,78.1,7.6,80.5,87.9,13.9,11.6,34.6,3.8,0.35,metropolitan,13.0,34.17314846127832,63.66038214406493,-43.23638823131552,-18.702290076335885,False
37117,11.8,47.5,82.0,9.5,82.9,88.4,17.3,17.8,40.4,5.8,0.9306,small_town,16.0,85.85559688873859,53.806645248562724,34.2915116672303,19.852941176470594,False
37119,10.1,31.0,73.7,4.8,78.6,87.7,10.8,10.1,29.7,2.8,0.6115,metropolitan,17.0,5.641979483710968,34.53669259384512,-19.41156577612445,-13.16793893129771,False
37121,9.3,40.3,80.0,8.4,81.0,88.8,14.6,12.8,37.2,4.2,0.5689,rural,14.0,52.01217450118363,63.77451809266148,-19.817382482245513,-35.343228200371065,False
37123,13.5,42.8,79.9,8.8,81.2,87.3,16.4,15.1,38.7,4.8,0.7741,rural,17.0,71.3645586743321,42.141528576259724,38.58640514034494,31.3543599257885,False
37125,8.4,38.3,79.6,7.3,81.7,89.8,11.4,11.5,32.6,3.7,0.3306,metropolitan,16.0,26.972720099199638,55.64972945552925,-38.11295231653703,-14.122137404580144,False
37127,11.6,42.5,79.5,7.5,81.5,87.8,15.6,15.0,38.4,4.6,0.8902,metropolitan,17.0,61.881411340322394,44.04590801487995,24.805546161650312,43.46374045801526,False
37129,8.4,34.7,76.4,6.3,79.9,87.6,11.6,10.6,31.1,3.3,0.4289,metropolitan,17.0,14.279675346635102,41.312986134595874,-24.85627324991545,-10.782442748091597,False
37131,11.7,52.0,83.8,10.6,85.0,89.6,17.2,20.3,42.7,6.7,0.8906,rural,16.0,91.92875662270319,55.960432871153195,35.64423402096721,33.858998144712444,False
37133,11.7,28.8,68.2,4.7,76.5,81.1,13.3,8.6,33.4,2.6,0.7948,metropolitan,12.0,8.127606808702515,41.17560027054447,-30.064254311802504,-21.56488549618321,False
37135,7.5,30.2,75.7,5.2,79.1,87.1,9.3,9.3,28.0,2.7,0.3945,metropolitan,,3.7538045316198847,75.57913425769361,-88.80622252282718,-82.3473282442748,False
37137,9.6,46.0,82.4,9.6,83.2,90.2,14.3,15.2,36.0,5.0,0.5616,rural,17.0,67.974298275279,52.8428305715252,17.111937774771725,6.864564007421144,False
37139,10.0,39.3,77.7,6.7,81.1,87.5,13.9,13.0,38.3,4.0,0.7626,micropolitan,15.0,42.69811746139106,52.46237740953669,-13.949949272911724,-21.857923497267763,False
37141,9.6,37.3,77.3,6.8,79.6,88.3,14.3,11.8,36.3,3.6,0.5606,metropolitan,17.0,31.369067748844557,40.65987487318228,-7.43997294555292,15.83969465648855,False
37143,9.9,44.9,82.1,9.2,82.9,89.6,15.2,15.3,37.3,5.0,0.5921,rural,17.0,70.4317438845677,51.91706121068651,21.034832600608716,11.688311688311678,False
37145,10.8,43.2,79.4,8.2,81.1,87.9,16.2,14.9,38.8,4.7,0.5393,metropolitan,20.0,67.94329838800586,36.455867433209335,45.82346973283733,60.68702290076337,False
37147,10.2,34.7,76.1,6.0,79.3,84.9,13.8,12.0,39.0,3.6,0.9001,metropolitan,18.0,29.711982865516855,27.244673655732164,12.749408183970242,33.20610687022901,False
37149,8.8,43.8,82.8,9.5,82.9,90.7,13.0,14.1,35.2,4.7,0.3583,rural,15.0,59.79314620674106,65.00464998309097,-12.73249915454852,-27.458256029684605,False
37151,13.0,39.1,77.6,7.8,79.4,86.3,16.7,13.2,39.9,4.1,0.6475,micropolitan,13.0,56.95524743546387,53.17255664524856,2.8745350016909015,-3.0965391621129257,False
37153,13.4,43.9,78.5,8.8,80.7,85.5,19.5,16.4,42.9,5.2,0.986,micropolitan,19.0,85.12287228046443,28.774940818397027,76.31044978018262,72.49544626593806,True
37155,16.2,45.6,78.2,9.3,81.3,83.5,22.5,18.4,47.9,5.8,0.9962,micropolitan,19.0,93.39984218239205,23.998140006763613,88.60331416976666,85.97449908925317,True
37157,11.7,42.5,79.6,8.4,80.9,87.4,17.3,14.5,37.3,4.7,0.8514,micropolitan,18.0,67.23593732386428,39.15074399729456,40.852215082854244,35.701275045537336,False
37159,11.7,37.7,76.8,7.3,79.6,86.7,15.9,12.7,37.4,4.0,0.8435,metropolitan,17.0,44.72438282042611,34.98055461616504,20.12174501183632,43.511450381679396,False
37161,11.2,41.7,79.4,8.9,80.1,87.0,17.3,14.4,38.1,4.7,0.8072,micropolitan,17.0,69.58065607034156,41.26014541765303,38.89076766993574,32.422586520947185,False
37163,15.4,42.6,78.5,8.1,79.8,86.1,17.2,15.6,41.8,4.7,0.9459,small_town,16.0,74.6759102694172,39.26065268853568,48.3260060872506,34.9264705882353,False
37165,14.2,46.1,77.3,9.0,80.6,84.5,21.3,17.4,45.2,5.6,0.9959,micropolitan,22.0,91.01003269079023,20.620561379776802,89.38112952316537,88.34244080145719,True
37167,10.8,38.4,77.7,7.6,79.0,86.8,16.0,12.7,36.3,4.0,0.6631,micropolitan,12.0,45.634652237628224,58.88569496110923,-21.102468718295576,-26.593806921675785,False
37169,9.8,41.0,79.7,8.4,80.8,88.1,16.2,13.2,37.1,4.3,0.4324,metropolitan,14.0,58.18960658324878,61.65243490023673,-9.0632397700372,12.40458015267177,False
37171,12.5,40.4,78.9,8.7,80.1,86.8,17.1,13.7,40.9,4.5,0.8005,micropolitan,16.0,69.34956600157818,43.80495434562056,34.19005749070003,28.051001821493635,False
37173,11.4,41.7,77.4,8.7,80.1,85.9,19.8,15.2,40.7,4.8,0.901,rural,20.0,78.26907902153083,27.077696990192756,71.25464998309097,65.0278293135436,True
37175,7.9,42.3,81.6,9.0,83.1,90.4,12.0,12.9,33.7,4.3,0.4773,micropolitan,16.0,49.05027618081389,60.45612106865066,-19.428474805546166,-24.68123861566484,False
37177,14.1,46.2,81.0,9.7,81.3,87.1,18.1,17.5,41.3,5.7,0.854,rural,16.0,87.92131664975763,48.16325667906662,45.14710855596888,43.87755102040816,False
37179,9.3,33.6,75.5,5.5,79.7,88.4,11.9,10.5,33.4,2.9,0.2008,metropolitan,12.0,11.684139330402436,61.91241122759554,-62.32668244842746,-48.18702290076335,False
37181,13.2,45.1,79.8,8.3,82.4,87.2,17.3,16.8,42.6,5.2,0.9672,micropolitan,18.0,81.3211588321497,39.16131214068313,55.140344944200194,49.72677595628416,False
37183,7.9,32.2,74.0,4.7,80.2,89.1,9.6,9.5,29.3,2.6,0.3621,metropolitan,18.0,4.587983316424303,38.884426783902605,-27.696990192762936,-21.946564885496183,False
37185,12.7,50.4,82.5,10.5,83.8,88.3,18.6,20.0,43.9,6.5,0.9879,rural,22.0,94.22556645248564,38.935153872167746,67.60229962800135,69.10946196660481,True
37187,12.8,51.8,83.3,11.1,84.2,88.5,19.0,20.6,43.6,6.8,0.8603,rural,20.0,95.13865404125802,41.06569157930334,63.71322286100778,66.6048237476809,True
37189,8.8,31.3,73.8,6.3,77.6,82.0,12.3,9.8,33.0,3.1,0.4238,micropolitan,18.0,11.872956825611544,21.840125126817725,0.9807237064592496,-5.828779599271402,False
37191,13.0,41.1,77.8,7.4,80.1,85.9,16.2,14.2,39.5,4.4,0.9564,metropolitan,17.0,60.75977905534889,34.25557997970917,41.224213730131886,59.54198473282443,False
37193,11.8,41.5,79.5,9.0,80.3,87.0,17.1,13.9,38.0,4.7,0.707,micropolitan,18.0,68.19129748619095,37.31188704768346,44.43692932025701,38.06921675774135,False
37195,13.8,44.7,79.6,8.6,81.9,86.6,18.0,16.8,38.4,5.2,0.952,micropolitan,17.0,77.67444482020066,40.74653364896855,48.427460263780866,41.712204007285976,False
37197,11.9,40.6,78.8,8.4,80.0,87.1,16.3,13.3,36.3,4.3,0.6233,metropolitan,18.0,57.10461052868899,35.68439296584376,34.49442002029083,54.19847328244275,False
37199,10.4,41.4,80.4,9.1,80.9,88.1,15.9,13.7,35.6,4.5,0.5307,rural,14.0,61.15432307518881,62.10052417991207,-6.628339533310786,-21.150278293135436,False
38001,8.0,41.2,83.2,9.7,78.2,85.9,15.3,14.1,34.8,4.8,0.2052,rural,,62.7747717281028,80.02620899560365,-29.286438958403792,-44.71243042671615,False
38003,6.8,36.2,80.2,7.5,75.0,84.5,13.3,11.5,37.7,3.7,0.1842,small_town,,32.85424416638485,72.53762259046331,-58.84342238755494,-76.1029411764706,False
38005,9.8,40.3,78.1,9.0,75.3,80.1,22.0,15.4,43.3,4.8,0.7426,rural,17.0,81.77488445496562,25.20924923909368,76.69935745688197,71.05751391465677,True
38007,7.2,38.5,80.9,8.4,77.3,85.9,13.5,12.1,36.4,3.9,0.0095,rural,7.0,41.84421147559463,73.00262089956036,-47.768008116334116,-65.49165120593692,False
38009,6.7,38.8,81.1,8.0,77.1,86.3,13.4,11.9,37.7,3.9,0.111,rural,14.0,41.5849396911284,59.76707811971593,-27.78153533987149,-44.57328385899815,False
38011,7.9,36.7,80.9,7.8,76.6,85.9,13.6,11.4,36.3,3.8,0.2421,rural,9.0,33.97305827978807,68.99518092661481,-52.62089956036523,-68.83116883116884,False
38013,6.9,37.2,80.1,7.3,76.5,86.3,13.1,11.1,37.3,3.5,0.0363,rural,15.0,29.948709277420807,52.65260399053095,-30.0642543118025,-44.15584415584416,False
38015,6.3,30.8,77.4,5.9,75.2,84.6,11.8,9.3,35.2,2.9,0.1963,metropolitan,,10.878142261300868,68.3716604666892,-73.48664186675686,-60.49618320610688,False
38017,6.3,27.5,73.7,4.8,74.3,81.8,11.2,7.9,33.8,2.4,0.2485,metropolitan,,5.354525983541879,62.035001690902945,-67.23030098072371,-58.87404580152671,False
38019,6.6,39.7,82.1,8.5,79.1,87.3,12.4,11.8,39.5,4.0,0.0955,rural,,47.14801037087138,86.26141359485965,-52.58708150152181,-69.75881261595546,False
38021,7.4,35.1,78.6,7.3,75.0,83.5,13.8,11.2,38.7,3.6,0.146,rural,,31.698793822567918,67.42264119039567,-52.756171795738936,-68.08905380333952,False
38023,7.6,38.6,81.5,8.6,77.8,86.4,14.1,12.6,37.4,4.1,0.2768,rural,13.0,48.559914327584266,64.16765302671627,-25.464998309097062,-41.65120593692022,False
38025,7.8,35.2,78.3,7.1,74.9,84.1,14.8,11.5,36.7,3.6,0.4104,rural,17.0,30.760342689662945,31.315522489009133,8.048698004734533,-4.916512059369204,False
38027,8.1,39.1,81.1,8.8,77.0,84.6,16.2,13.5,38.7,4.4,0.4082,rural,17.0,61.4615037763499,37.99670273926277,35.30605343253296,23.46938775510204,False
38029,7.5,40.8,82.9,9.5,78.6,86.3,14.7,13.5,38.1,4.6,0.0506,rural,10.0,62.467591026941726,73.81848156915792,-22.759553601623267,-38.12615955473099,False
38031,6.6,37.8,80.9,7.8,77.1,86.3,13.3,11.8,35.7,3.8,0.0127,rural,,35.05241799120731,79.69436929320257,-64.1866756848157,-81.81818181818181,False
38033,7.6,41.1,82.4,9.4,78.0,85.9,15.6,13.7,37.6,4.5,0.1982,rural,12.0,63.8597677826626,66.93016570848833,-11.092323300642548,-24.304267161410017,False
38035,7.1,28.2,73.9,5.4,73.0,79.7,11.3,9.1,35.2,2.7,0.3198,metropolitan,,8.307969789200767,59.972100101454174,-62.411227595536026,-51.04961832061069,False
38037,8.0,44.5,83.7,11.0,78.9,86.3,16.4,15.2,41.3,5.3,0.2097,rural,14.0,82.22861007778152,62.44504565437944,16.26648630368618,9.740259740259745,False
38039,6.5,41.0,82.9,9.0,78.4,87.3,12.3,12.3,36.8,4.3,0.0407,rural,13.0,50.05354525983541,69.41367940480217,-32.160973960094694,-48.88682745825603,False
38041,7.3,37.3,80.8,8.1,76.8,85.5,14.5,11.7,37.4,3.9,0.1495,rural,16.0,40.95930560252508,45.86574230639161,-4.9543456205613765,-19.01669758812616,False
38043,7.4,39.7,82.5,8.9,78.0,86.5,14.5,12.8,39.9,4.3,0.0321,rural,14.0,58.08251606357794,61.75811633412242,-9.570510652688533,-24.304267161410024,False
38045,7.3,38.2,82.5,8.8,77.8,86.2,13.8,12.5,34.4,4.2,0.0305,rural,12.0,44.83710968323752,67.97641190395672,-36.726411903956716,-53.896103896103895,False
38047,8.1,40.5,82.6,9.6,77.3,85.1,14.9,13.2,39.8,4.6,0.0754,rural,11.0,64.8686732048247,65.51826175177544,-6.966520121745006,-19.85157699443414,False
38049,7.5,38.4,80.5,7.8,76.7,85.4,15.2,11.9,42.1,3.8,0.0907,rural,11.0,49.281366249577275,64.5671288468042,-25.262089956036526,-42.11502782931353,False
38051,8.6,42.4,83.6,10.1,78.8,86.4,15.6,14.4,35.8,5.0,0.1368,rural,17.0,67.62202682899336,45.91858302333446,28.40716942847481,19.944341372912803,False
38053,9.4,30.4,72.2,5.4,71.0,81.0,15.2,9.6,41.1,2.8,0.468,small_town,17.0,24.5631834066058,19.21077105174163,14.474129184984783,6.61764705882353,False
38055,6.6,39.0,82.4,8.1,78.6,87.2,13.6,12.1,40.2,3.9,0.0662,rural,17.0,47.27764626310449,49.88163679404802,-4.2272573554277955,-19.109461966604822,False
38057,7.5,38.2,80.8,8.2,76.6,85.5,15.1,12.2,39.8,4.0,0.3296,rural,17.0,50.183181152068535,40.292103483260064,17.179573892458578,4.359925788497215,False
38059,7.1,32.6,77.1,6.2,75.2,83.9,13.5,9.6,38.6,3.0,0.0519,metropolitan,,20.262653590350578,66.06780520798107,-61.14305038890767,-42.17557251908398,False
38061,10.1,34.7,75.0,6.9,72.9,81.1,19.2,12.8,42.2,3.7,0.7156,rural,17.0,49.3151843084207,20.06256340886033,43.52384173148461,26.623376623376622,False
38063,6.9,40.0,82.4,8.5,78.2,87.2,13.2,12.4,39.6,4.0,0.0468,rural,17.0,50.439634764964495,48.75718633750423,1.6909029421711281,-12.708719851576994,False
38065,6.4,37.3,81.7,7.9,77.8,86.9,13.1,11.7,34.6,3.8,0.0808,rural,10.0,33.031788975312814,74.28136624957727,-60.78796077105174,-77.73654916512059,False
38067,8.0,38.5,81.2,8.6,76.5,85.7,14.7,12.8,41.9,4.1,0.1206,rural,11.0,57.042610754142714,65.18008116334121,-16.36794048021644,-31.447124304267163,False
38069,7.0,36.9,81.2,8.0,77.7,85.9,14.2,12.1,40.7,3.9,0.1155,rural,,45.86574230639161,79.55486980047345,-50.05072708826513,-67.99628942486086,False
38071,7.7,36.8,80.0,8.1,76.9,83.9,15.4,12.3,40.8,4.0,0.4747,small_town,17.0,50.47063465223763,35.99932363882313,25.532634426783904,9.558823529411764,False
38073,7.7,36.9,79.9,7.8,76.9,84.7,14.8,12.1,37.9,3.8,0.0935,rural,10.0,40.573216097396006,63.776631721339186,-34.764964491038214,-51.57699443413729,False
38075,7.0,36.2,79.4,7.2,75.5,85.3,14.1,11.1,39.0,3.5,0.0245,rural,8.0,32.68797204373802,66.81602975989178,-50.388907676699354,-65.49165120593692,False
38077,7.1,34.7,78.3,7.0,74.7,82.7,13.2,10.5,36.1,3.4,0.2459,micropolitan,,22.801826175177542,66.41866756848157,-59.519783564423406,-68.1238615664845,False
38079,10.8,40.3,76.3,8.5,74.4,78.9,25.9,17.9,50.2,5.0,0.8934,rural,17.0,85.20741742757298,20.584629692255668,84.37605681433885,78.7569573283859,True
38081,7.5,36.7,79.9,7.7,76.2,85.3,13.8,11.8,41.2,3.7,0.0251,rural,,41.44966745575471,73.57964152857626,-48.714913763949944,-66.55844155844156,False
38083,7.5,44.1,84.5,10.5,80.0,88.2,13.8,13.9,36.2,5.0,0.0073,rural,,64.82640063127043,88.70899560365235,-30.70679742982753,-44.24860853432282,False
38085,13.3,41.3,75.4,9.9,73.5,74.2,32.9,20.2,49.1,6.0,0.9176,rural,23.0,92.99684364784127,6.731907338518768,96.48292188028407,93.97031539888683,True
38087,6.9,44.4,84.2,10.3,79.1,87.8,15.2,14.6,38.3,4.9,0.0134,rural,7.0,71.91128395896742,82.35754142712209,-21.13628677713899,-32.18923933209648,False
38089,8.5,31.7,75.2,6.0,73.6,81.8,14.1,9.5,37.4,3.0,0.3112,micropolitan,,18.363205951978358,58.98926276631721,-51.47108555968886,-61.56648451730419,False
38091,7.1,38.8,81.5,8.7,77.3,86.3,14.2,12.7,35.0,4.1,0.0299,rural,,46.5167399391275,80.12977680081164,-50.05072708826513,-67.81076066790354,False
38093,7.9,33.7,78.8,7.3,73.8,82.9,15.3,10.9,39.7,3.6,0.4419,micropolitan,,35.125690452034725,65.70426107541428,-45.265471761920864,-51.73041894353371,False
38095,8.6,43.3,82.6,10.1,78.5,85.8,16.9,15.0,43.9,4.9,0.2297,rural,15.0,82.09615601397813,53.96516739939128,29.590801487994597,23.84044526901669,False
38097,6.8,34.3,78.9,6.8,75.4,85.2,12.3,10.5,38.2,3.3,0.0697,rural,,23.035734415511218,72.06205613797768,-68.21102468718296,-81.53988868274583,False
38099,9.9,37.4,80.3,8.2,77.0,84.9,14.8,12.4,35.8,4.1,0.3385,rural,9.0,43.65629579528801,62.597226919174844,-29.421711193777476,-46.56771799628943,False
38101,7.7,31.4,74.9,5.3,72.2,82.1,12.6,8.8,33.9,2.7,0.2571,metropolitan,,9.102694172021193,59.88332769699019,-61.58268515387218,-49.42748091603054,False
38103,7.3,40.6,83.4,9.5,78.5,86.4,14.7,13.8,37.8,4.6,0.2437,rural,17.0,62.48450005636342,47.641190395671295,18.566114305038894,7.050092764378483,False
38105,9.5,30.4,72.6,5.1,70.4,80.0,15.6,8.9,40.4,2.7,0.5062,micropolitan,,23.433096606921428,54.27164355765979,-39.330402434900236,-51.183970856102,False
39001,9.6,40.6,80.8,9.2,79.3,83.7,21.9,15.7,40.3,4.6,0.6516,rural,12.0,79.13707586517866,59.88121406831248,16.28339533310789,8.534322820037104,False
39003,8.3,38.7,79.9,7.9,81.3,85.5,17.0,14.5,39.7,3.9,0.5673,metropolitan,15.0,58.316424303911624,55.14245857287791,1.7247210010145366,24.045801526717554,False
39005,8.2,40.4,79.8,8.2,79.8,85.3,17.7,13.9,38.3,4.0,0.3096,micropolitan,11.0,60.196144741291846,66.97877916807575,-15.860669597565092,-16.39344262295083,False
39007,10.0,41.7,80.7,9.2,78.5,84.6,20.1,16.2,45.8,4.5,0.8247,micropolitan,15.0,83.24878818622479,47.07262428136625,42.4416638484951,36.794171220400735,False
39009,7.8,33.4,73.0,6.2,76.4,79.8,15.2,11.5,34.5,3.1,0.5772,micropolitan,16.0,21.832375154999436,30.16782211701048,0.9976327358809591,-11.11111111111111,False
39011,7.2,37.6,80.0,7.5,79.7,86.6,15.3,12.2,39.5,3.5,0.0261,small_town,6.0,41.84421147559463,78.11337504227257,-53.65235035508961,-73.52941176470588,False
39013,8.2,41.4,80.7,8.6,80.0,85.9,18.1,14.5,40.9,4.1,0.3067,metropolitan,16.0,70.35001690902942,50.407930334798785,23.233006425431185,39.0267175572519,False
39015,8.7,42.2,80.6,8.7,80.4,85.3,19.7,14.5,41.6,4.2,0.3691,metropolitan,15.0,74.66181941156577,53.929235711870135,22.083192424754827,37.02290076335878,False
39017,7.9,35.3,77.8,6.6,80.3,85.2,14.6,12.5,39.0,3.3,0.4346,metropolitan,18.0,32.70488107315973,35.878846804193444,2.8745350016909086,25.66793893129771,False
39019,8.4,41.1,81.6,9.1,80.5,86.1,19.0,14.9,38.9,4.4,0.3255,rural,16.0,72.44391838575133,52.35246871829557,22.556645248562724,14.192949907235622,False
39021,7.6,38.0,79.9,7.5,79.4,86.3,16.4,12.7,43.2,3.6,0.1123,micropolitan,12.0,51.26254086348777,67.6255495434562,-27.612445045654376,-31.056466302367937,False
39023,8.9,41.6,80.4,8.4,80.3,85.7,17.9,15.0,42.2,4.2,0.6627,metropolitan,16.0,72.45519107203246,48.58809604328711,28.035170781197174,42.27099236641221,False
39025,7.2,36.2,78.5,7.0,79.3,86.8,15.6,12.6,34.7,3.3,0.1479,metropolitan,14.0,31.605794160748506,59.64026039905309,-40.32803517078119,-14.790076335877863,False
39027,8.1,38.1,79.9,8.0,79.4,85.0,17.7,13.5,39.7,3.9,0.3038,micropolitan,14.0,56.76924811182505,56.46981738248225,-2.9759891782211696,-8.1967213114754,False
39029,8.6,42.1,80.5,8.8,79.4,85.8,18.5,15.2,41.1,4.3,0.4162,micropolitan,14.0,75.20290835306054,58.41858302333446,15.218126479540075,12.750455373406183,False
39031,9.4,41.3,80.6,9.1,79.4,84.5,20.1,15.3,41.5,4.5,0.6351,micropolitan,16.0,79.01307631608613,43.85356780520799,43.89584037876226,38.069216757741344,False
39033,8.7,40.0,81.0,8.8,79.1,85.4,18.3,14.6,39.5,4.2,0.3856,micropolitan,16.0,68.33220606470523,46.96060196144741,27.07135610415962,21.85792349726775,False
39035,8.4,38.5,78.8,6.9,80.1,87.4,14.8,13.4,35.3,4.0,0.7305,metropolitan,20.0,41.09175966632848,37.10052417991207,11.261413594859658,35.400763358778626,False
39037,8.3,39.7,80.8,8.5,79.8,85.6,17.7,14.3,36.4,4.1,0.0961,micropolitan,11.0,59.8438732950062,69.03322624281367,-19.513019952654723,-20.94717668488161,False
39039,9.2,37.2,79.6,7.6,79.4,86.0,15.9,13.3,35.3,3.6,0.2529,micropolitan,9.0,40.719761019050836,69.13468041934394,-43.69293202570172,-49.18032786885246,False
39041,5.0,31.3,78.9,5.0,81.6,89.0,10.1,10.1,31.5,2.5,0.0239,metropolitan,16.0,5.8392514936309325,57.52240446398377,-59.79032803517077,-50.57251908396947,False
39043,7.7,41.6,80.0,8.3,82.0,87.6,14.9,14.4,40.1,4.0,0.4015,metropolitan,18.0,60.7005974523729,47.21212377409537,17.145755833615155,36.6412213740458,False
39045,7.1,36.3,77.7,6.6,79.8,86.9,14.4,12.2,35.6,3.3,0.196,metropolitan,14.0,27.64062676135723,59.51766993574569,-43.963476496449104,-19.942748091603058,False
39047,9.4,41.6,78.8,8.2,78.2,84.3,19.9,14.3,41.3,4.1,0.3913,micropolitan,15.0,70.53037988952768,43.68025025363544,35.69496110923234,30.23679417122041,False
39049,8.4,32.9,76.2,5.6,79.6,85.3,13.9,11.8,33.7,3.1,0.6497,metropolitan,20.0,17.447300191635666,27.699103821440644,0.7439972945552924,15.458015267175572,False
39051,8.5,37.8,80.5,7.4,79.5,86.6,15.1,13.3,37.0,3.6,0.0585,metropolitan,,41.29466801938902,80.83784240784578,-57.051065268853556,-32.72900763358779,False
39053,9.3,41.5,80.4,9.2,79.7,84.3,20.8,15.3,36.6,4.4,0.601,micropolitan,15.0,71.93946567467027,49.4525701724721,26.29354075076091,22.586520947176673,False
39055,6.4,37.5,81.5,7.4,80.9,88.4,12.8,12.4,32.6,3.5,0.0961,metropolitan,,28.42971480103709,90.30055799797091,-76.4288129861346,-57.44274809160305,False
39057,6.5,35.4,79.1,6.4,79.6,86.7,12.3,11.2,37.8,3.1,0.1658,metropolitan,15.0,22.401645812197046,56.983429151166725,-44.673655732160974,-22.709923664122137,False
39059,9.1,40.2,80.4,8.9,79.5,84.7,19.0,14.8,38.3,4.3,0.5352,micropolitan,13.0,68.72956825611543,58.92796753466351,7.541427122083192,4.37158469945355,False
39061,7.7,36.3,79.2,6.5,79.7,86.2,13.9,13.2,35.6,3.5,0.5908,metropolitan,19.0,30.51797993461842,37.698681095705105,-3.145079472438283,19.27480916030535,False
39063,7.5,36.2,80.0,6.9,79.2,86.0,14.5,12.5,39.3,3.3,0.1604,micropolitan,14.0,35.01296358922331,59.75228271897193,-36.48968549205276,-44.99089253187614,False
39065,8.7,38.1,77.5,7.5,77.8,82.1,17.7,12.9,40.3,3.6,0.5177,small_town,15.0,51.16954120166836,39.85458234697329,19.513019952654716,0.7352941176470651,False
39067,8.6,43.0,81.2,9.1,79.5,85.9,19.0,15.6,41.4,4.4,0.5262,rural,15.0,79.17934843873296,54.93955021981738,25.126817720662835,18.274582560296842,False
39069,8.5,38.1,79.7,7.6,79.9,86.5,15.8,13.1,38.6,3.7,0.0977,small_town,,46.587194228384625,80.00929996618194,-49.74636455867433,-67.64705882352942,False
39071,9.0,40.1,80.1,8.5,78.5,84.8,19.5,14.7,41.3,4.2,0.4763,small_town,13.0,71.57592154210347,56.92002029083531,13.645586743320933,-5.147058823529406,False
39073,8.7,42.5,81.1,9.2,80.1,84.9,20.5,15.7,36.1,4.4,0.4976,small_town,17.0,72.37910043963475,42.62132228610078,39.617855935069336,24.63235294117647,False
39075,12.3,35.3,76.6,7.8,75.1,80.0,21.5,12.7,38.2,3.9,0.3923,rural,11.0,50.777815353398715,44.71592830571525,9.908691241122753,-2.968460111317249,False
39077,9.0,37.7,79.8,7.7,79.7,85.4,17.2,13.5,35.0,3.8,0.301,micropolitan,10.0,46.24055912523954,67.40361853229624,-34.494420020290825,-38.9799635701275,False
39079,9.1,42.7,78.5,8.4,78.9,84.1,20.1,14.9,44.9,4.1,0.5663,small_town,15.0,76.01454176530268,44.66942847480554,39.567128846804195,25.000000000000007,False
39081,8.0,41.9,81.0,8.7,80.3,85.9,17.6,15.1,42.5,4.2,0.433,metropolitan,15.0,73.96573103370534,57.118701386540415,16.029759891782213,30.916030534351144,False
39083,7.6,37.5,80.0,7.5,78.2,85.3,15.5,12.6,37.1,3.6,0.2822,micropolitan,7.0,40.24349002367264,70.91435576597904,-46.905647615826844,-51.73041894353371,False
39085,7.1,37.9,81.1,7.3,81.3,88.0,14.5,12.9,36.9,3.5,0.1438,metropolitan,16.0,37.523954458347426,58.562309773418995,-31.078796077105174,-4.675572519083971,False
39087,8.6,42.9,80.4,8.6,80.3,85.2,19.6,15.1,41.6,4.3,0.3672,metropolitan,16.0,76.58381242250029,47.945552925262085,33.91951301995265,46.37404580152673,False
39089,7.2,35.5,78.7,6.8,79.2,86.1,15.4,12.9,37.5,3.4,0.2256,metropolitan,13.0,34.89460038327134,62.20409198512005,-40.14203584714238,-14.790076335877863,False
39091,7.8,39.0,80.3,8.0,79.6,86.1,17.5,14.0,39.3,3.9,0.1578,micropolitan,10.0,58.214970127381356,72.07262428136625,-25.735542779844437,-28.233151183970854,False
39093,8.6,38.8,80.6,7.6,80.2,86.8,15.0,14.2,36.8,3.7,0.4499,metropolitan,19.0,46.05174163003044,40.547852553263446,11.193777477172809,35.01908396946564,False
39095,9.0,37.2,79.9,7.5,80.8,85.8,16.4,14.0,36.1,3.9,0.678,metropolitan,19.0,46.646375831360615,37.151251268177205,17.923571187013863,41.12595419847328,False
39097,8.4,37.5,77.6,6.8,78.8,85.4,16.5,12.4,37.3,3.4,0.195,metropolitan,11.0,37.89877127719536,61.12402773080825,-34.66351031450795,-8.492366412213734,False
39099,9.1,40.2,81.7,8.4,79.4,86.1,16.9,14.8,38.6,4.3,0.6179,metropolitan,15.0,64.44312929771165,54.78736895502199,9.807237064592499,29.866412213740453,False
39101,9.5,41.3,78.8,8.3,79.1,84.3,19.6,14.8,44.2,4.1,0.6443,micropolitan,11.0,73.5740051854357,59.51132904971254,11.29523165370307,9.289617486338798,False
39103,6.2,37.1,80.3,6.8,80.3,88.0,13.1,11.9,36.3,3.2,0.0111,metropolitan,,26.6570848833277,87.58665877578628,-77.71389922218464,-59.63740458015268,False
39105,9.6,45.1,81.1,10.3,79.8,84.4,22.5,17.3,44.5,5.0,0.5848,rural,18.0,91.98512005410889,35.92746026378086,71.32228610077783,71.5213358070501,True
39107,7.2,37.8,79.6,7.3,79.0,86.4,15.0,12.1,36.3,3.5,0.0223,rural,7.0,35.40750760906324,75.15852215082855,-58.97869462292864,-77.27272727272727,False
39109,7.2,37.2,80.1,7.3,79.2,86.7,15.3,12.7,33.6,3.5,0.0643,micropolitan,15.0,34.17314846127832,57.237064592492395,-33.19242475481907,-42.258652094717675,False
39111,8.7,43.3,82.1,9.9,80.4,85.7,20.0,16.1,40.4,4.8,0.4263,rural,14.0,83.586968774659,61.33327696990193,19.310111599594194,13.450834879406315,False
39113,7.9,37.0,78.9,7.2,80.8,85.9,15.2,14.5,37.0,3.9,0.6904,metropolitan,15.0,44.972381918611205,54.63941494758201,-14.457220155563078,11.832061068702302,False
39115,8.8,43.1,81.7,9.4,80.8,85.7,19.5,16.0,41.1,4.6,0.5425,rural,15.0,81.80024799909819,56.55647615826852,25.16063577950625,18.73840445269017,False
39117,8.0,38.2,79.9,7.8,80.0,86.1,17.8,13.8,40.0,3.8,0.1486,metropolitan,11.0,56.42824935182053,69.7539736219141,-24.890091308758876,-3.053435114503813,False
39119,8.2,39.9,80.6,8.0,81.4,85.0,18.1,14.4,43.9,3.9,0.511,micropolitan,11.0,66.31439522038102,69.63349678728441,-12.191410213053757,-14.38979963570128,False
39121,8.8,47.9,84.6,11.9,81.8,87.8,18.5,18.0,41.6,5.4,0.5902,micropolitan,11.0,90.61548867095028,77.23833276969901,3.1112614135948604,0.9107468123861793,False
39123,7.0,41.9,82.8,8.5,81.2,89.2,14.0,13.8,38.0,3.9,0.105,metropolitan,10.0,54.20471198286551,82.76758539059858,-41.968211024687164,-21.946564885496187,False
39125,8.7,40.0,79.9,8.1,79.7,86.0,17.2,14.1,41.3,3.9,0.1387,rural,8.0,62.91568030661707,72.19732837335137,-20.35847142374027,-35.52875695732839,False
39127,8.8,40.5,80.0,8.3,79.2,84.9,19.3,14.3,38.6,4.0,0.3688,metropolitan,16.0,64.02885807687971,44.29954345620562,26.952992898207633,45.32442748091602,False
39129,8.5,38.7,77.0,7.1,78.5,84.4,17.9,12.6,39.8,3.5,0.3592,metropolitan,10.0,48.26682448427459,59.20908014879946,-18.244842746026386,7.156488549618324,False
39131,10.2,43.7,80.0,9.6,79.7,83.4,22.9,16.2,43.2,4.8,0.6701,rural,15.0,87.70713561041596,46.25464998309097,48.66418667568482,47.49536178107606,False
39133,7.1,34.7,78.9,6.8,79.1,84.7,14.5,11.8,32.9,3.3,0.3293,metropolitan,18.0,23.306278886258596,36.0542779844437,-7.1017923571187005,12.022900763358784,False
39135,7.5,39.0,80.6,7.9,79.5,86.5,17.0,13.4,39.7,3.8,0.0328,metropolitan,,55.35734415511217,82.62808589786945,-40.04058167061211,-20.610687022900763,False
39137,7.3,36.6,80.1,7.0,80.3,87.4,14.0,12.3,43.7,3.3,0.0102,rural,7.0,39.27403900349453,80.0008454514711,-58.708150152181275,-77.08719851576996,False
39139,9.2,38.9,79.5,8.3,78.6,84.8,18.0,14.5,39.0,4.1,0.5329,metropolitan,14.0,62.59159057603427,51.75219817382482,12.03922894825837,32.15648854961833,False
39141,9.3,40.7,78.8,8.1,78.0,84.2,19.8,15.0,44.3,4.1,0.5931,micropolitan,15.0,72.6214631946793,43.34418329387893,38.45113290497125,33.33333333333333,False
39143,9.2,39.7,80.5,8.0,80.1,86.1,16.6,14.4,40.7,3.9,0.2622,micropolitan,14.0,60.96268740840943,59.230216435576594,-2.6716266486303653,-5.282331511839715,False
39145,9.5,43.6,79.6,9.0,80.9,83.8,20.8,15.3,44.7,4.4,0.7474,micropolitan,16.0,82.51606357795063,43.39279675346635,48.7994589110585,42.25865209471766,False
39147,8.2,36.0,79.7,7.4,78.5,85.3,16.4,13.2,35.8,3.6,0.2265,micropolitan,14.0,39.772855371435014,54.99027730808252,-21.643557659790332,-29.326047358834252,False
39149,8.0,38.2,79.5,7.7,78.7,85.3,17.0,13.3,39.6,3.7,0.1467,micropolitan,,51.93890204035622,75.55377071356105,-37.9100439634765,-39.70856102003642,False
39151,7.8,38.5,80.3,7.9,79.1,86.2,17.1,13.7,40.4,3.9,0.3147,metropolitan,14.0,57.651335813324316,60.0968041934393,-7.98106188704768,13.835877862595424,False
39153,7.4,37.5,80.2,7.0,81.2,86.6,14.6,13.7,37.6,3.6,0.4407,metropolitan,19.0,39.94476383722241,43.00811633412243,-0.8454514710855534,23.473282442748094,False
39155,8.7,40.2,81.5,8.9,80.5,85.7,18.4,15.5,39.7,4.4,0.5533,metropolitan,13.0,72.52000901814903,65.03424078457897,1.8261751775448118,16.412213740458014,False
39157,9.1,39.9,80.1,8.2,79.7,85.2,17.5,13.6,43.4,4.0,0.4216,micropolitan,15.0,65.06594521474467,51.05258708150153,16.36794048021644,11.839708561020032,False
39159,6.3,32.0,76.6,5.2,79.3,87.4,12.6,10.2,39.8,2.6,0.0172,micropolitan,,18.309660692142938,78.85525870815016,-79.89516401758539,-87.61384335154827,False
39161,8.1,38.8,79.9,7.8,79.4,86.0,16.5,13.2,37.3,3.7,0.0449,micropolitan,7.0,48.348551459812874,73.82904971254649,-40.24349002367264,-44.62659380692167,False
39163,9.5,41.2,80.6,8.9,79.1,84.3,21.2,15.4,40.3,4.4,0.3595,rural,17.0,76.9417202119265,37.776885356780525,53.09435238417315,47.30983302411873,False
39165,6.0,32.2,79.4,5.8,79.7,87.9,12.2,11.0,32.6,2.8,0.0461,metropolitan,15.0,11.441776575357908,59.99323638823132,-59.99323638823131,-45.61068702290076,False
39167,7.7,41.2,80.4,8.6,80.9,86.2,17.0,13.8,43.7,4.1,0.3274,micropolitan,16.0,69.27347536918047,52.9802164355766,18.126479540074385,13.479052823315122,False
39169,8.5,37.1,78.8,7.6,78.6,84.7,16.3,12.9,37.5,3.7,0.4123,micropolitan,,44.03674895727652,71.76826175177544,-43.69293202570172,-47.54098360655738,False
39171,9.0,39.9,79.9,8.3,79.0,85.4,17.8,14.4,40.6,4.0,0.1785,small_town,13.0,65.21530830796979,58.9427629354075,3.669259384511335,-17.647058823529413,False
39173,7.0,33.1,77.4,6.1,79.2,84.4,12.7,10.7,37.4,2.9,0.1562,metropolitan,19.0,18.095479652801263,30.74695637470409,-3.145079472438283,12.881679389312978,False
39175,7.4,39.1,79.6,7.6,79.8,86.6,15.5,13.0,35.6,3.6,0.0487,small_town,,42.05275617179573,81.89888400405817,-56.983429151166725,-74.63235294117646,False
40001,13.5,44.0,76.7,9.6,77.8,81.7,25.8,17.5,46.2,5.3,0.9472,rural,18.0,92.09502874535002,18.62318227933717,91.76530267162664,89.05380333951763,True
40003,11.2,42.7,77.5,8.3,77.9,85.7,17.9,13.5,40.6,4.0,0.3048,rural,10.0,66.1650321271559,57.74010821778829,6.6959756509976245,-4.823747680890548,False
40005,12.7,42.7,76.7,8.9,76.6,82.6,21.3,14.6,40.3,4.6,0.8556,rural,13.0,77.8773531732612,41.40387216773757,47.210010145417655,43.228200371057525,False
40007,15.2,41.3,78.3,8.4,79.1,85.5,15.3,13.9,38.4,4.1,0.4034,rural,11.0,58.71096832375154,55.90547852553264,0.7439972945552995,-13.358070500927631,False
40009,14.8,40.9,75.3,7.9,76.2,81.3,20.0,13.3,40.0,4.0,0.8403,micropolitan,19.0,63.35813324315185,11.971592830571524,64.69394656746702,68.30601092896175,True
40011,12.1,43.1,79.1,8.6,79.6,85.4,17.6,14.3,38.3,4.3,0.7553,rural,14.0,67.75729906436705,50.644656746702736,20.155563070679754,10.482374768089045,False
40013,11.5,40.3,76.5,8.1,78.5,83.2,19.0,13.4,40.0,4.2,0.8416,micropolitan,15.0,64.66576485176417,36.59959418329388,41.73148461278323,36.0655737704918,False
40015,15.8,41.6,74.7,8.2,76.6,81.2,21.5,14.9,40.2,4.3,0.8705,rural,15.0,72.7341900574907,28.504396347649646,63.155224890091304,55.565862708719855,True
40017,9.4,35.6,73.6,5.6,78.2,85.5,13.4,10.4,39.0,2.8,0.3433,metropolitan,,22.305827978807347,65.617602299628,-58.36996956374704,-38.07251908396947,False
40019,11.1,41.3,76.7,7.7,78.7,84.5,18.0,13.7,39.7,4.0,0.7751,micropolitan,15.0,61.261413594859654,39.36633412242137,32.56679066621576,28.051001821493628,False
40021,10.8,40.6,77.0,8.1,78.8,82.8,18.9,14.3,42.9,4.2,0.9236,micropolitan,17.0,70.33874422274828,27.76251268177207,61.954683801149805,61.02003642987249,False
40023,11.9,46.1,79.9,9.9,79.7,84.4,21.5,17.2,45.4,5.3,0.9485,small_town,18.0,92.62202682899334,31.186591139668586,79.40480216435577,78.6764705882353,True
40025,13.0,41.9,81.1,8.7,80.5,88.0,13.0,13.7,37.6,4.1,0.3134,rural,7.0,54.337166046668926,74.68718295569835,-34.02096719648292,-50.74211502782931,False
40027,9.4,34.2,74.6,5.9,77.3,83.9,13.2,10.9,36.3,3.0,0.5527,metropolitan,,18.49847818735205,61.618616841393305,-55.22489009130875,-36.16412213740459,False
40029,12.6,45.5,79.0,10.4,79.0,83.1,23.1,17.2,42.6,5.4,0.8358,rural,18.0,92.35148235824597,26.037791680757525,86.03314169766655,85.52875695732838,True
40031,12.1,37.5,73.9,6.6,78.0,82.8,17.6,12.8,43.0,3.6,0.9211,metropolitan,17.0,49.49554728891895,22.415032127155904,42.306391613121406,63.358778625954194,False
40033,11.3,44.2,79.5,9.2,79.2,85.0,19.3,15.4,43.1,4.7,0.3859,metropolitan,13.0,83.36433322060647,54.49780182617518,30.402434900236727,42.4618320610687,False
40035,12.0,44.7,77.8,9.6,78.7,83.4,22.2,15.9,41.8,5.1,0.9316,small_town,17.0,87.80577161537593,27.971761920865745,79.87825498816369,74.26470588235294,True
40037,10.1,39.5,77.5,8.0,79.2,85.1,18.4,13.4,39.8,4.1,0.5205,metropolitan,16.0,61.33186788411678,38.290497125464995,34.83260060872506,53.4351145038168,False
40039,12.0,35.1,74.6,6.9,76.0,81.3,15.4,11.8,41.0,3.4,0.7607,micropolitan,15.0,37.36050050727088,30.19952654717619,17.61920865742307,8.196721311475407,False
40041,10.8,47.1,81.0,10.4,80.3,85.9,20.5,16.7,37.8,5.3,0.7878,rural,15.0,84.52823807913427,52.65049036185323,34.798782549881636,30.241187384044515,False
40043,10.1,41.8,78.5,8.3,78.8,85.1,17.5,13.5,38.2,4.1,0.3347,rural,13.0,61.613685041145295,53.64178221170105,8.082516063577962,-5.194805194805191,False
40045,10.6,43.7,80.2,9.1,79.8,86.6,16.4,14.1,39.6,4.4,0.5323,rural,20.0,70.41483485514598,34.16469394656746,52.99289820764288,45.17625231910946,False
40047,12.3,38.9,75.7,7.3,78.1,83.6,16.9,12.6,41.7,3.7,0.7706,metropolitan,14.0,52.09671964829218,39.550219817382484,21.339195130199528,42.461832061068705,False
40049,12.0,41.7,77.4,8.2,78.4,84.1,19.2,14.1,38.6,4.2,0.546,rural,17.0,65.96494194566564,27.580740615488672,57.592154210348326,46.93877551020408,False
40051,10.0,39.3,77.3,7.1,78.0,85.1,16.3,12.0,38.4,3.6,0.434,metropolitan,,42.98275278998985,66.35314507947243,-36.38823131552249,-11.259541984732827,False
40053,9.6,42.4,79.7,8.8,79.9,86.3,16.9,13.5,36.3,4.3,0.2208,metropolitan,14.0,62.1265922669372,57.46322286100778,2.029083530605348,22.80534351145038,False
40055,12.9,40.8,75.7,7.6,76.8,83.4,17.9,13.0,42.1,3.9,0.727,rural,13.0,60.62168864840492,41.095282380791346,28.339533310787964,17.439703153988873,False
40057,16.7,44.7,79.5,9.4,79.7,84.9,17.8,17.0,42.4,4.8,0.7572,rural,12.0,84.39860218690114,54.878254988163675,30.9773419005749,26.25231910946198,False
40059,13.8,41.9,78.9,8.5,79.0,86.1,16.2,14.0,39.4,4.1,0.4028,rural,14.0,63.47931462067411,49.67661481230978,16.672303009807237,4.359925788497215,False
40061,11.6,44.1,78.8,9.5,79.2,84.2,20.7,15.4,42.2,4.9,0.8387,rural,17.0,85.43850749633638,32.14829218802841,71.81264795400745,68.9239332096475,True
40063,13.3,43.0,76.2,9.0,77.4,82.1,21.8,15.1,41.9,4.7,0.7945,rural,19.0,82.18351933265699,15.30901251268177,83.90260399053093,76.53061224489797,True
40065,13.9,39.1,75.8,7.3,77.4,83.3,16.1,13.2,40.4,3.7,0.6981,micropolitan,15.0,50.88772404463983,32.28567805207981,32.16097396009469,23.861566484517304,False
40067,13.0,45.6,79.5,10.1,79.1,84.2,20.9,16.3,41.2,5.1,0.8056,rural,17.0,88.26513358133245,31.91579303347988,74.50118363205952,73.09833024118737,True
40069,11.7,42.3,77.5,9.3,78.2,82.6,21.0,15.3,39.4,4.8,0.875,rural,18.0,79.31462067410665,22.33471423740278,76.5640852215083,69.10946196660483,True
40071,11.2,41.4,77.8,8.6,77.8,84.3,18.7,14.1,42.6,4.3,0.8549,micropolitan,17.0,73.40773306278886,28.345874196821104,64.18667568481568,62.659380692167574,True
40073,12.1,38.1,76.7,7.2,77.4,85.0,15.6,11.9,37.1,3.6,0.398,rural,16.0,38.09604328711532,31.564930672979372,16.73993912749408,1.391465677179962,False
40075,12.9,45.4,79.6,10.1,79.5,84.6,19.9,16.6,42.7,5.1,0.741,rural,16.0,89.20076654266711,38.62233682786608,64.25431180250254,63.729128014842296,True
40077,12.2,45.1,79.1,10.6,78.4,83.2,22.4,17.0,42.3,5.5,0.8396,rural,17.0,91.93721113741405,29.284325329726077,81.46770375380454,81.26159554730982,True
40079,12.7,42.5,77.8,9.1,78.5,82.7,21.9,15.1,40.3,4.7,0.924,small_town,18.0,80.1262540863488,22.56509976327359,77.10517416300304,70.58823529411764,True
40081,10.3,43.3,79.0,8.6,78.7,84.7,18.9,14.1,44.1,4.3,0.4101,rural,17.0,76.07654153984895,33.788468041934394,59.756509976327365,53.52504638218924,False
40083,9.4,39.8,76.8,6.9,78.9,86.0,15.3,12.0,40.2,3.5,0.3003,metropolitan,17.0,43.14902491263668,34.963645586743326,17.88975312817044,41.50763358778626,False
40085,13.7,41.6,77.8,8.5,78.3,84.4,18.5,14.4,38.8,4.3,0.7961,rural,16.0,68.34066057941608,32.24340547852553,53.43253297260737,44.43413729128015,False
40087,9.8,38.8,75.2,6.6,77.7,85.7,15.4,11.3,38.5,3.3,0.2991,metropolitan,,35.30605343253297,65.46964829218803,-44.65674670273926,-19.51335877862595,False
40089,12.4,42.6,77.5,8.9,78.5,83.2,21.2,15.5,42.6,4.8,0.8976,small_town,18.0,83.02615263217224,22.746871829556987,80.28407169428475,73.8970588235294,True
40091,11.3,49.1,81.1,11.1,80.8,85.3,21.8,17.7,44.8,5.6,0.7528,rural,16.0,95.42892571299741,45.977764626310446,54.97125464998309,57.05009276437847,False
40093,11.0,40.8,79.3,8.4,78.5,85.8,16.9,13.3,41.9,4.1,0.3579,rural,13.0,65.26603539623493,55.10441325667907,10.517416300304376,-1.2987012987013031,False
40095,13.6,43.9,79.8,9.6,79.6,85.3,18.7,15.7,39.4,4.8,0.8769,rural,17.0,80.0445271108105,35.16021305377072,60.973960094690575,56.2152133580705,False
40097,10.5,43.2,76.8,8.7,78.8,84.4,20.3,14.6,41.8,4.5,0.7499,metropolitan,17.0,78.44380565888851,29.69648292188029,67.50084545147108,77.09923664122137,True
40099,11.0,43.0,79.0,8.7,79.7,85.6,17.9,14.3,41.4,4.4,0.5775,small_town,16.0,74.2926389358584,41.993574568819746,42.47548190733852,29.411764705882355,False
40101,12.1,42.6,76.7,8.5,78.9,83.2,20.7,15.2,41.5,4.6,0.9774,micropolitan,17.0,78.73971367376845,26.48376733175516,72.23537368955022,71.03825136612022,True
40103,9.4,41.7,79.1,8.2,80.1,86.3,16.8,13.3,41.6,4.1,0.4458,small_town,16.0,64.70240108217787,46.6393304024349,23.706459249239096,4.411764705882362,False
40105,10.2,43.5,78.4,9.0,79.6,85.0,20.3,15.2,40.5,4.7,0.6529,metropolitan,17.0,80.21079923345734,35.082008792695305,61.41359485965505,71.7557251908397,False
40107,13.5,46.0,77.6,10.1,78.0,82.1,24.4,17.3,45.8,5.4,0.8715,rural,18.0,93.89865855033254,20.417653026716266,91.5454852891444,89.79591836734693,True
40109,12.5,37.1,76.4,6.7,78.1,84.4,14.3,12.6,37.7,3.5,0.8431,metropolitan,19.0,34.19851200541089,19.381974974636456,24.382820426107543,45.51526717557252,False
40111,11.1,43.8,77.1,8.6,78.6,83.8,20.0,15.4,45.0,4.6,0.922,metropolitan,18.0,82.12715590125129,24.38070679742983,77.71389922218465,85.49618320610686,True
40113,10.1,45.6,79.3,8.7,80.4,86.1,17.9,14.4,46.4,4.5,0.6207,metropolitan,16.0,79.3230751888175,45.86785593506933,40.36185322962462,52.19465648854962,False
40115,11.8,41.0,77.8,9.1,78.1,82.6,21.3,15.2,41.7,4.7,0.9252,micropolitan,19.0,80.58279788073499,19.969563747040915,79.40480216435577,81.23861566484518,True
40117,10.7,42.1,78.4,8.8,79.0,84.9,19.3,14.3,39.7,4.4,0.4979,rural,16.0,72.93428023898095,38.26936083868786,47.95400743997295,40.90909090909092,False
40119,9.4,30.6,71.0,5.7,75.3,78.5,14.0,9.8,33.9,2.9,0.6408,micropolitan,18.0,12.83677150264908,16.746280013527226,5.072708826513358,-0.18214936247723124,False
40121,11.2,43.5,77.6,8.9,79.1,84.2,19.2,14.3,40.1,4.5,0.868,micropolitan,15.0,75.5129072257919,40.80360162326683,45.82346973283733,38.9799635701275,False
40123,9.8,40.2,75.4,7.4,78.6,84.7,16.5,12.3,39.9,3.8,0.6561,micropolitan,14.0,50.93563296133468,44.749746364558675,10.179235711870135,1.8214936247723088,False
40125,10.3,40.9,75.7,7.5,79.5,84.3,18.1,13.0,41.2,3.9,0.7496,micropolitan,17.0,59.64378311351595,29.89516401758539,46.33074061548868,42.076502732240435,False
40127,12.2,46.9,79.8,11.0,79.5,84.1,23.6,17.7,39.1,5.6,0.8896,rural,16.0,89.47131101341449,38.76394994927291,64.25431180250254,63.63636363636364,True
40129,10.0,43.8,80.1,9.3,80.2,86.1,17.4,14.6,40.3,4.5,0.2835,rural,10.0,75.60590688761131,68.90429489347311,-1.3865404125803167,-10.853432282003723,False
40131,9.0,37.8,76.4,7.2,78.0,85.8,15.7,12.4,40.1,3.6,0.3878,metropolitan,,44.155112163228495,68.45831924247548,-38.45113290497124,-13.072519083969475,False
40133,12.3,44.4,77.8,9.6,79.1,82.8,22.5,16.1,45.0,5.0,0.9523,small_town,19.0,89.5079472438282,21.55901251268177,87.55495434562056,85.29411764705883,True
40135,12.2,44.7,78.0,9.7,79.2,83.3,22.8,16.6,47.1,5.1,0.8183,metropolitan,19.0,91.26930447525645,22.620054108894152,88.16367940480217,91.79389312977099,True
40137,11.3,43.7,78.3,8.8,79.6,84.9,18.6,14.2,39.1,4.4,0.6892,micropolitan,18.0,72.19591928756623,29.607710517416304,61.075414271220836,58.28779599271403,False
40139,21.5,37.5,74.3,7.0,75.0,81.8,16.0,13.7,44.1,3.5,0.9084,micropolitan,16.0,50.25363544132566,20.686083868785932,44.03111261413595,42.9872495446266,False
40141,15.9,43.6,79.6,9.2,79.2,85.0,18.1,16.2,44.0,4.7,0.9125,rural,17.0,83.33615150490361,32.22649644910382,69.12411227595535,65.12059369202227,True
40143,11.6,35.6,76.1,6.6,76.6,84.8,14.7,11.7,35.7,3.4,0.7846,metropolitan,14.0,26.90226580994251,40.444284748055466,-11.565776124450455,10.400763358778626,False
40145,9.4,38.7,76.9,6.8,78.1,86.0,15.5,11.9,36.1,3.5,0.4489,metropolitan,17.0,35.15950851087814,33.50312817044302,10.145417653026715,33.778625954198475,False
40147,10.0,39.6,78.1,8.2,78.9,85.5,16.9,13.2,42.4,4.1,0.5867,micropolitan,16.0,62.87904407620335,39.892627663172135,33.58133243151843,27.868852459016395,False
40149,10.9,40.5,78.8,8.4,78.8,85.3,17.5,13.4,39.5,4.1,0.5947,rural,17.0,62.68459023785368,34.42044301657085,43.35475143726751,31.725417439703154,False
40151,10.1,36.1,75.3,7.2,77.2,82.1,14.7,11.1,36.6,3.5,0.5584,small_town,11.0,30.20516289031676,48.53736895502198,-23.672641190395673,-42.279411764705884,False
40153,12.2,39.5,76.2,7.5,77.0,84.2,16.9,12.1,41.5,3.7,0.7611,micropolitan,14.0,51.99244730019163,39.33674332093338,21.711193777477174,15.300546448087431,False
41001,7.7,38.7,76.6,9.0,76.2,85.8,13.8,13.6,37.7,4.4,0.4811,small_town,17.0,55.117799571637924,33.46719648292188,36.2529590801488,21.691176470588232,False
41003,6.7,27.4,70.2,5.7,71.5,80.4,9.6,9.3,25.9,2.8,0.5005,metropolitan,12.0,3.945440198399279,45.79599256002705,-41.25803178897531,-35.20992366412214,False
41005,6.7,32.1,72.3,6.1,73.9,86.0,10.5,10.5,34.0,3.1,0.3023,metropolitan,12.0,11.827866080486979,53.85103145079472,-49.03618532296245,-34.25572519083969,False
41007,8.2,37.1,75.1,8.0,75.4,85.4,13.2,12.6,34.8,4.0,0.5813,micropolitan,14.0,37.8142261300868,45.045654379438616,-7.64288129861346,-17.850637522768665,False
41009,8.1,34.9,72.9,7.2,72.3,84.2,14.3,12.1,33.5,3.7,0.2453,metropolitan,11.0,28.615714124675907,49.56881974974637,-26.54717619208657,-3.1488549618320576,False
41011,8.6,40.7,76.6,9.4,76.3,85.3,15.2,14.2,34.1,4.7,0.7661,micropolitan,17.0,60.44414383947694,30.647615826851542,46.19546838011498,41.34790528233151,False
41013,7.9,37.7,75.8,7.9,74.9,85.8,13.0,12.5,36.1,3.9,0.356,micropolitan,8.0,38.273588096043284,60.671711193777476,-33.31078796077105,-39.344262295081975,False
41015,8.1,43.6,79.2,10.5,77.6,88.1,13.4,15.7,38.4,5.2,0.6067,micropolitan,16.0,71.00665088490587,47.92864389584037,27.696990192762932,23.13296903460838,False
41017,6.8,33.0,73.0,6.4,75.1,85.8,10.6,10.2,27.2,3.2,0.2634,metropolitan,13.0,10.382144064930673,51.20899560365235,-46.229286438958404,-34.06488549618321,False
41019,8.6,39.4,75.5,9.1,76.0,84.7,14.5,14.3,37.6,4.5,0.6487,micropolitan,17.0,59.86078232442791,27.912580317889752,49.458911058505244,48.087431693989075,False
41021,9.1,41.1,77.5,9.8,76.1,85.7,14.8,14.8,35.4,4.9,0.5282,rural,15.0,64.18949385638598,42.22818735204599,30.90970578288806,20.50092764378479,False
41023,8.0,41.0,78.0,10.0,75.9,86.0,14.4,14.6,33.6,4.9,0.5784,rural,15.0,61.424867545936195,45.73047007101792,20.95028745350016,9.46196660482375,False
41025,8.9,42.0,76.5,9.8,74.5,84.3,16.2,15.0,38.8,4.9,0.8034,small_town,9.0,73.3034607146883,54.825414271220836,19.141021305377073,0.735294117647058,False
41027,11.3,32.1,72.4,6.4,72.4,84.6,11.4,11.3,31.5,3.2,0.7111,micropolitan,11.0,13.23131552248901,45.134426783902605,-32.83733513696314,-46.26593806921676,False
41029,9.3,36.1,72.9,7.5,75.5,84.7,12.9,12.7,32.8,3.8,0.7025,metropolitan,14.0,30.664524856273246,40.511920865742304,-7.811971592830574,15.362595419847327,False
41031,11.2,35.5,72.7,7.6,72.7,83.0,14.6,13.4,35.5,3.9,0.9278,rural,15.0,38.851313267951745,29.235711870138655,21.170104835982414,5.565862708719852,False
41033,9.6,39.0,77.0,9.5,75.2,84.4,15.5,14.8,33.8,4.9,0.7817,metropolitan,15.0,61.00214181039342,37.18929658437606,35.88096043287116,54.29389312977099,False
41035,10.3,40.0,73.9,8.6,73.6,83.0,15.1,14.1,37.9,4.3,0.8438,micropolitan,17.0,59.00687633863149,20.639584037876226,55.02198173824823,56.4663023679417,False
41037,10.0,40.6,76.0,9.4,74.8,84.1,15.6,14.7,37.7,4.7,0.8517,rural,17.0,66.67512118137752,24.21584376056814,61.88704768346298,51.11317254174398,False
41039,8.1,33.3,72.7,6.8,72.2,81.7,12.2,10.8,34.3,3.6,0.7375,metropolitan,14.0,19.566565212490136,37.876225904633074,-13.88231315522489,4.1030534351145,False
41041,8.3,41.6,78.1,9.5,77.1,87.2,13.6,14.9,35.7,4.7,0.7165,micropolitan,16.0,61.292413482132794,43.58725059181603,25.109908691241124,19.672131147540973,False
41043,8.9,34.4,72.8,7.1,73.4,83.0,14.2,12.0,40.1,3.7,0.6586,metropolitan,13.0,36.17968661932139,41.64059857964153,-3.618532296246201,20.324427480916036,False
41045,15.7,36.3,70.7,7.8,70.6,79.6,15.9,13.9,41.2,4.0,0.9908,micropolitan,17.0,54.2836207868335,12.95443016570849,53.195806560703424,54.82695810564664,False
41047,12.3,33.3,70.3,6.5,72.4,82.2,12.4,12.5,43.4,3.5,0.902,metropolitan,15.0,33.64051403449442,26.887470409198514,17.348664186675684,38.454198473282446,False
41049,17.8,35.5,71.9,7.9,71.1,80.2,16.0,14.5,39.2,4.1,0.7735,rural,13.0,53.133806786157145,32.220155563070676,35.20459925600271,22.07792207792208,False
41051,7.5,28.5,68.2,5.2,70.7,84.4,12.0,9.5,28.9,2.7,0.5927,metropolitan,,5.3376169541201675,60.18980385525871,-64.930672979371,-56.29770992366412,False
41053,8.9,31.5,72.3,6.6,71.4,82.8,11.8,10.9,32.5,3.4,0.6395,micropolitan,15.0,14.660128508623606,31.624112275955362,-7.541427122083192,-20.036429872495447,False
41055,9.0,40.2,76.1,9.4,75.3,85.0,15.3,14.2,36.6,4.7,0.3376,rural,12.0,63.028407169428476,50.29802164355766,14.846127832262418,2.1335807050092725,False
41057,8.7,37.6,76.9,8.6,75.9,86.1,13.2,13.5,32.1,4.3,0.6507,small_town,8.0,44.39747491827302,61.709502874535005,-26.783902603990533,-51.83823529411765,False
41059,13.6,32.7,71.2,7.0,72.1,80.8,14.6,12.5,37.7,3.6,0.9259,micropolitan,15.0,31.949611092323305,25.359316875211363,17.078119715928302,9.107468123861567,False
41061,8.1,35.9,73.9,7.8,73.5,82.7,13.7,12.2,35.8,3.9,0.7187,micropolitan,15.0,35.30887160410326,34.636033141697666,8.251606357795062,-3.278688524590166,False
41063,6.6,38.5,77.0,8.3,77.1,87.7,11.8,12.6,34.2,4.1,0.4461,rural,7.0,39.66858302333446,70.62478863713223,-47.176192086574225,-64.84230055658627,False
41065,11.4,35.4,74.1,7.9,72.9,83.2,14.5,13.3,37.9,4.0,0.8937,micropolitan,15.0,43.87893134934055,29.867686844775108,26.242813662495774,19.48998178506375,False
41067,7.8,29.9,68.1,5.0,70.3,84.1,9.7,9.9,32.4,2.6,0.3703,metropolitan,,5.424980272799008,59.13298951640176,-62.78322624281367,-53.76908396946565,False
41069,8.5,45.2,80.1,11.3,78.5,87.6,14.1,16.5,35.8,5.6,0.2479,rural,15.0,71.68019389020402,55.12132228610078,16.993574568819753,7.560296846011141,False
41071,9.4,33.2,72.1,6.4,72.5,83.7,11.8,11.2,37.0,3.3,0.7232,micropolitan,11.0,19.651110359598693,46.288468041934394,-29.11734866418668,-41.89435336976321,False
44001,5.0,32.4,77.5,6.0,86.1,90.4,10.1,9.8,25.6,2.9,0.1327,metropolitan,,7.1327922443918395,87.32034156239433,-94.9949272911735,-89.8854961832061,False
44003,6.3,36.8,77.4,6.4,85.6,90.0,12.7,11.8,33.0,3.3,0.2116,metropolitan,,21.311013414496674,86.58268515387218,-82.41460940142036,-66.1259541984733,False
44005,5.4,35.1,79.1,6.9,85.4,90.7,9.2,10.3,27.4,3.3,0.2787,metropolitan,,13.673768459023785,90.07228610077783,-90.02367264119039,-79.19847328244275,False
44007,10.1,33.0,76.8,6.2,83.1,88.4,12.2,11.6,33.4,3.2,0.8097,metropolitan,15.0,15.993123661368502,53.45366925938451,-44.20020290835306,-26.431297709923662,False
44009,4.9,33.1,78.9,6.4,85.5,89.9,9.5,9.0,27.0,3.1,0.1324,metropolitan,15.0,8.485514598128734,64.65167399391275,-69.25938451132905,-58.396946564885496,False
45001,12.5,43.7,82.5,8.6,81.9,86.2,16.0,16.9,37.6,5.0,0.5988,metropolitan,13.0,71.95919287566228,63.677291173486644,3.4156239431856648,18.225190839694662,False
45003,11.8,38.9,81.8,7.1,81.6,87.6,13.4,13.9,34.4,4.1,0.6322,metropolitan,15.0,40.79866982301882,57.397700371998646,-24.585728779168086,1.908396946564885,False
45005,17.6,50.1,82.3,9.1,82.4,85.2,19.0,21.6,46.7,6.4,0.9955,rural,21.0,93.03347987825498,30.520798106188703,80.58843422387555,81.16883116883116,True
45007,12.2,38.0,80.0,7.2,78.7,86.2,14.2,13.3,36.3,4.0,0.6303,metropolitan,9.0,41.241122759553605,65.35762597226919,-36.62495772742644,-11.068702290076331,False
45009,14.1,47.1,83.1,8.7,83.2,86.3,16.3,19.5,42.0,5.9,0.958,rural,17.0,84.35914778491714,44.35449780182617,48.71491376394995,46.33580705009276,False
45011,15.9,45.7,82.0,9.2,81.4,84.6,19.5,19.4,44.2,5.9,0.9612,rural,16.0,91.21575921542103,42.826344267839026,58.09942509299966,58.90538033395177,False
45013,10.6,38.2,83.9,7.5,82.6,89.1,9.6,12.7,29.6,4.0,0.469,metropolitan,8.0,31.098523278097172,80.78922894825837,-70.07101792357119,-47.137404580152676,False
45015,11.6,36.4,78.2,5.6,79.7,86.2,12.9,12.9,37.9,3.3,0.5447,metropolitan,9.0,28.145079472438283,64.54176530267162,-51.504903618532296,-28.244274809160302,False
45017,11.6,45.3,83.3,8.2,83.5,88.6,14.1,17.3,40.7,5.0,0.7273,metropolitan,12.0,72.3368278660805,72.569327020629,-10.213053770713557,4.866412213740446,False
45019,9.5,32.3,79.5,5.5,79.4,88.1,10.5,11.4,30.0,3.2,0.4343,metropolitan,,10.539961672866642,79.624619546838,-87.79168075752452,-76.52671755725191,False
45021,14.0,39.8,79.8,7.7,79.2,84.9,17.3,15.0,38.8,4.4,0.7798,micropolitan,18.0,62.8142261300868,29.411143050388915,50.997632735880956,48.45173041894353,False
45023,13.8,43.8,81.1,8.3,80.7,85.6,17.8,16.9,37.9,5.1,0.7047,metropolitan,14.0,74.5970014654492,54.80216435576598,20.831924247548194,35.68702290076337,False
45025,15.5,44.6,81.8,8.5,81.1,85.3,18.1,18.1,45.2,5.2,0.9462,metropolitan,17.0,85.34550783451697,39.09367602299628,60.07778153533988,68.89312977099237,False
45027,14.3,48.1,83.1,9.3,83.4,86.7,16.9,19.6,38.0,5.8,0.9691,rural,16.0,81.64243039116222,50.23461278322624,35.03550896178559,29.591836734693885,False
45029,13.8,44.1,82.0,8.4,80.9,86.0,17.6,17.3,39.3,5.2,0.966,rural,13.0,77.75335362416864,60.91477849171457,13.763949949272913,6.029684601113175,False
45031,13.1,44.6,81.4,8.0,83.3,86.2,16.4,17.6,45.6,5.0,0.8921,metropolitan,13.0,79.5147108555969,63.009384511329046,12.309773419005737,24.904580152671755,False
45033,16.6,47.4,81.2,9.1,81.0,83.8,21.0,20.3,45.3,6.0,0.9745,small_town,18.0,93.3152970352835,31.474044639837672,79.37098410551235,78.67647058823529,True
45035,11.2,35.3,78.9,5.9,80.4,87.1,13.2,12.8,35.4,3.4,0.6306,metropolitan,8.0,24.670273926276632,70.375380453162,-64.08522150828543,-42.55725190839695,False
45037,14.9,40.3,80.4,7.7,80.6,85.5,16.3,16.2,39.9,4.6,0.8476,metropolitan,11.0,66.5088490587307,62.250591816029754,0.13527223537370503,18.320610687022906,False
45039,13.6,49.1,83.9,9.1,83.5,87.8,17.2,20.5,45.7,5.9,0.8893,metropolitan,15.0,89.88558223424643,58.26217450118364,30.30098072370646,39.122137404580144,False
45041,12.2,42.6,80.9,7.0,82.3,86.9,14.8,15.5,40.6,4.5,0.8256,metropolitan,13.0,62.32104610528688,64.24374365911396,-8.57287791680757,11.450381679389324,False
45043,9.8,44.1,84.8,8.6,84.1,90.3,11.9,16.9,31.8,4.8,0.5301,micropolitan,10.0,58.158606695975664,80.24391274940818,-35.136963138315856,-34.97267759562841,False
45045,11.4,35.6,79.4,6.1,78.8,87.0,11.3,12.2,32.5,3.3,0.6246,metropolitan,8.0,18.453387442227484,68.08420696652013,-66.14812309773419,-47.519083969465655,False
45047,12.6,40.8,81.0,7.5,81.9,86.3,15.0,15.4,36.8,4.5,0.8466,micropolitan,16.0,56.9693382933153,48.09139330402434,10.787960771051736,4.371584699453557,False
45049,16.6,46.7,81.3,8.6,81.3,84.9,19.1,20.2,41.6,5.6,0.9621,rural,19.0,87.36613685041146,31.085136963138318,75.0760906323977,73.46938775510203,True
45051,11.9,42.0,83.9,8.1,82.6,88.2,14.6,14.9,32.3,4.3,0.7022,metropolitan,12.0,53.122534099876,71.7006256340886,-31.5522489009131,-8.969465648854978,False
45053,14.8,43.3,82.6,8.3,82.2,87.8,14.0,17.0,35.0,4.8,0.8829,metropolitan,8.0,61.66723030098073,75.39524856273249,-26.090632397700375,-6.202290076335871,False
45055,11.9,40.1,80.7,7.0,81.0,86.8,14.5,14.8,36.6,4.1,0.4782,micropolitan,9.0,48.65573216097396,71.79785255326345,-37.53804531619886,-42.4408014571949,False
45057,11.4,37.3,81.0,7.1,81.4,88.3,12.6,14.1,36.1,3.9,0.4575,metropolitan,10.0,37.91286213504678,73.80157253973621,-53.533987149137644,-27.480916030534353,False
45059,14.0,40.5,80.8,7.7,80.6,85.2,16.5,15.6,36.3,4.5,0.8947,rural,17.0,60.3962349227821,37.772658099425094,34.35914778491714,22.541743970315398,False
45061,15.9,48.3,81.8,8.6,82.4,85.1,18.6,20.1,43.7,5.9,0.9704,rural,18.0,89.23458460151055,35.70130199526547,69.66520121745012,69.10946196660483,True
45063,10.7,37.1,79.1,6.2,81.9,87.5,13.0,12.3,36.2,3.5,0.4855,metropolitan,9.0,27.463081952429263,72.49535001690903,-64.32194792018939,-41.03053435114503,False
45065,12.2,51.5,86.8,11.1,85.5,90.7,14.6,20.6,36.9,6.3,0.6087,metropolitan,19.0,78.53398714913764,44.60813324315184,42.154210348326004,53.81679389312977,False
45067,16.1,49.6,82.9,9.5,83.4,85.5,20.1,22.0,45.3,6.4,0.8753,metropolitan,22.0,94.73283733513695,31.86083868785932,79.67534663510314,83.20610687022901,True
45069,17.6,49.1,81.0,9.0,80.9,83.9,21.0,20.5,41.0,6.0,0.9405,small_town,21.0,90.64930672979371,25.644656746702744,85.28914440311127,83.08823529411765,True
45071,13.2,42.4,82.2,7.8,81.3,86.3,15.3,16.1,38.1,4.5,0.8027,micropolitan,18.0,63.231315522489005,39.40860669597566,34.93405478525533,30.236794171220396,False
45073,12.0,39.8,82.5,8.7,81.6,87.3,14.7,15.3,38.2,4.6,0.6968,micropolitan,13.0,62.72404463983768,66.15235035508962,-11.227595536016224,-11.657559198542799,False
45075,14.5,47.3,82.5,8.4,83.9,86.2,16.4,19.0,42.2,5.7,0.9516,micropolitan,12.0,83.16706121068651,66.26648630368616,11.024687182955702,9.107468123861565,False
45077,11.6,34.9,76.2,6.7,77.7,82.9,13.5,12.1,35.4,3.6,0.5717,metropolitan,15.0,26.290722579190625,34.54091985120054,-1.4879945891105812,18.797709923664122,False
45079,11.1,36.5,76.5,5.4,80.7,85.7,11.2,13.0,34.7,3.5,0.7922,metropolitan,12.0,23.368278660804872,57.09545147108556,-44.13256679066621,-22.232824427480914,False
45081,16.1,42.4,82.4,8.5,81.0,86.4,15.9,16.8,43.6,4.9,0.8228,rural,9.0,77.42362755044526,70.10906323977005,-1.454176530267162,-10.11131725417441,False
45083,13.0,38.2,79.3,6.5,78.8,85.6,14.2,13.5,37.9,3.7,0.7486,metropolitan,12.0,39.38112952316536,56.32186337504227,-24.535001690902938,2.3377862595419856,False
45085,12.7,41.6,80.5,7.0,81.9,86.0,15.0,15.8,42.7,4.6,0.8762,metropolitan,12.0,65.10258144515838,64.02603990530943,-4.294893473114655,14.122137404580144,False
45087,14.8,47.4,82.4,9.4,81.4,85.2,19.2,19.1,44.0,5.8,0.9173,small_town,15.0,91.8329387893135,50.33606695975651,44.74129184984782,36.02941176470589,False
45089,15.5,49.9,83.3,8.6,83.3,86.6,17.5,20.4,45.0,6.0,0.9634,rural,20.0,88.73013189042949,36.500253635441325,66.99357456881975,65.95547309833024,True
45091,9.7,35.5,78.9,5.3,78.7,88.2,11.3,11.8,37.3,3.1,0.3436,metropolitan,9.0,19.938563859767786,69.83640514034495,-67.8390260399053,-48.09160305343511,False
46003,9.9,34.7,77.4,7.6,76.7,85.6,15.4,12.2,36.4,3.8,0.104,rural,,36.825047908916694,66.19673655732161,-43.91274940818396,-60.62152133580705,False
46005,12.3,34.9,77.4,7.8,76.0,83.9,16.9,13.4,35.4,4.0,0.7289,micropolitan,16.0,44.78074625183181,28.988417314846124,28.982076428812988,23.679417122040075,False
46007,13.7,38.9,76.1,9.8,75.0,78.8,28.0,18.7,42.4,5.7,0.811,rural,18.0,87.26186450231091,14.313493405478528,89.51640175853906,84.78664192949907,True
46009,10.4,36.7,76.3,8.1,75.1,83.3,17.7,12.8,37.0,4.1,0.1899,rural,11.0,50.8172697553827,48.01741630030436,3.6523503550896166,-9.740259740259738,False
46011,7.3,25.5,72.3,5.0,74.0,80.4,10.7,8.5,35.7,2.5,0.154,micropolitan,15.0,7.234246420922106,34.6550557997971,-18.633750422725736,-30.41894353369763,False
46013,8.2,31.7,77.9,6.5,78.2,85.1,14.1,11.2,35.1,3.3,0.2669,micropolitan,15.0,19.81174613910495,45.73047007101792,-28.085897869462293,-40.983606557377044,False
46015,8.9,37.0,78.7,8.2,77.7,85.9,16.4,13.2,38.2,4.2,0.3872,rural,14.0,53.22680644797655,51.885356780520794,0.7101792357118697,-13.358070500927639,False
46017,14.6,35.6,71.5,8.0,73.1,75.7,31.7,17.5,48.5,4.9,0.9892,rural,17.0,76.14417765753579,14.169766655393982,78.28880622252282,68.92393320964749,True
46019,9.9,35.8,77.4,7.9,75.9,84.7,16.8,12.5,35.7,4.0,0.5431,small_town,14.0,43.82256791793484,43.23427460263781,3.584714237402764,-18.750000000000004,False
46021,8.2,40.0,82.4,9.4,80.1,89.2,13.7,13.8,33.0,4.5,0.0878,rural,9.0,53.53398714913763,80.46373013189043,-41.0889414947582,-57.7922077922078,False
46023,10.3,38.3,78.1,9.0,77.1,83.7,20.4,15.3,40.4,4.7,0.6777,rural,21.0,74.71536467140119,19.02054447074738,74.4673655732161,64.28571428571428,True
46025,10.4,36.6,79.4,8.6,76.6,86.0,16.5,13.1,34.1,4.3,0.3659,rural,17.0,50.04790891669486,34.31898884004058,27.967534663510314,14.285714285714292,False
46027,8.1,24.5,69.7,4.9,72.0,77.9,12.4,8.1,34.7,2.5,0.6367,micropolitan,15.0,7.3328824258820875,31.39161312140683,-13.510314507947243,-24.043715846994534,False
46029,8.7,33.2,77.2,7.4,77.5,84.6,16.2,12.1,35.9,3.8,0.2415,micropolitan,,35.328598805095254,66.50955360162327,-46.43219479201894,-52.823315118397076,False
46031,14.0,40.1,76.1,10.4,75.1,78.2,29.6,19.9,43.5,6.0,0.7324,rural,20.0,90.93676022996281,9.950963814677035,94.28474805546162,91.1873840445269,True
46033,7.0,40.3,82.4,8.9,80.9,90.3,13.9,13.9,33.9,4.3,0.2937,rural,,52.347536918047574,91.41444031112613,-46.330740615488665,-62.24489795918368,False
46035,9.3,35.6,77.6,7.5,75.9,84.8,15.6,12.2,38.0,3.8,0.3742,micropolitan,14.0,39.96167286664412,44.63561041596212,-3.719986472776462,-13.479052823315115,False
46037,8.8,39.2,81.1,9.5,78.7,86.9,16.6,14.7,34.8,4.7,0.1282,rural,13.0,63.3665877578627,64.08522150828543,-6.797429827527907,-20.408163265306122,False
46039,8.2,34.6,78.7,7.6,77.3,86.7,14.8,11.9,33.3,3.8,0.0213,rural,16.0,31.281704430165707,44.198089279675344,-14.203584714237405,-25.97402597402597,False
46041,13.4,38.1,72.0,8.3,72.6,77.7,29.5,18.0,43.6,5.1,0.8263,rural,17.0,80.55179799346183,14.882059519783567,82.00879269529929,73.93320964749536,True
46043,9.3,38.2,80.0,8.9,78.2,86.1,15.8,13.6,35.1,4.4,0.3166,rural,7.0,54.799346184195684,69.6778829895164,-26.37808589786946,-41.65120593692021,False
46045,7.6,36.5,79.8,8.1,78.5,87.6,14.7,12.4,33.7,4.0,0.0258,micropolitan,16.0,38.778040807124334,50.80740615488671,-16.334122421373017,-24.408014571948996,False
46047,8.9,43.1,81.7,10.5,79.9,87.9,17.4,16.4,38.0,5.2,0.6277,rural,15.0,78.77353173261189,59.37605681433886,16.84139330402435,9.276437847866433,False
46049,9.3,38.6,80.1,9.5,77.8,85.3,17.2,14.4,36.3,4.7,0.3627,rural,11.0,64.832036974411,61.77291173486642,-1.0314507947243783,-14.146567717996291,False
46051,9.4,36.5,79.8,8.2,78.2,87.1,14.7,12.8,37.3,4.1,0.231,rural,,45.448652913989406,76.54506256340886,-47.37910043963477,-65.67717996289424,False
46053,9.0,38.9,80.3,9.2,78.6,86.7,16.2,14.1,35.9,4.6,0.1817,rural,,60.864051403449444,78.14085221508284,-29.92898207642881,-46.10389610389609,False
46055,8.5,38.0,80.6,9.1,77.8,86.8,15.7,13.5,33.7,4.5,0.2389,rural,7.0,54.111712321046106,73.10830233344606,-32.27933716604666,-48.60853432282005,False
46057,9.1,30.3,75.3,6.2,74.5,83.9,14.6,10.1,34.6,3.1,0.1336,rural,,16.50603088716041,60.08623605005073,-55.157253973621906,-64.47124304267163,False
46059,7.1,35.7,80.0,7.9,78.5,87.8,13.0,11.9,33.9,3.8,0.048,rural,,30.808251606357796,82.72742644572202,-71.5928305715252,-87.94063079777365,False
46061,8.3,33.9,76.5,6.9,76.1,85.0,16.8,12.1,36.6,3.5,0.0003,micropolitan,,33.69687746590012,65.69157930334799,-47.10855596888739,-53.91621129326046,False
46063,7.5,34.0,78.3,7.0,77.3,87.5,13.3,11.2,35.3,3.4,0.0264,rural,9.0,22.410100326907905,69.28686168413932,-64.55867433209335,-77.27272727272728,False
46065,7.3,32.0,76.5,6.3,76.7,86.7,13.7,10.8,34.0,3.2,0.3013,micropolitan,15.0,16.624394093112386,47.19944200202909,-33.344606019614474,-45.9016393442623,False
46067,8.0,35.3,78.9,7.7,77.2,86.7,14.6,12.1,34.4,3.8,0.1209,rural,,33.14451583812422,75.32549881636794,-62.12377409536692,-79.49907235621521,False
46069,9.1,37.4,79.5,8.8,77.9,86.2,16.3,13.6,35.3,4.4,0.0153,rural,9.0,54.714801037087135,66.83082516063578,-22.15082854244165,-36.82745825602968,False
46071,13.9,40.2,76.0,10.3,74.4,78.1,28.5,18.6,40.9,6.0,0.9771,rural,16.0,88.30176981174613,22.493236388231313,85.72877916807575,82.46753246753246,True
46073,8.9,39.2,81.5,8.9,79.5,88.4,14.5,13.8,35.6,4.4,0.1976,rural,17.0,54.3963476496449,48.57330064254312,6.831247886371322,-6.493506493506501,False
46075,8.1,41.0,81.5,9.5,79.7,88.1,16.2,14.7,35.4,4.6,0.2036,rural,10.0,64.91376394994927,76.94031112614135,-23.165370307744325,-37.291280148423,False
46077,8.5,35.5,79.3,7.9,77.3,86.6,14.7,12.1,35.6,3.9,0.1114,rural,15.0,36.794048021643555,49.89220493743659,-17.78829895164018,-33.30241187384045,False
46079,7.7,35.8,78.8,7.5,78.0,86.7,13.2,12.0,32.5,3.6,0.09,small_town,,26.907902153083082,76.84942509299967,-70.13865404125804,-83.45588235294117,False
46081,8.0,33.0,78.3,7.6,75.7,86.3,14.2,11.4,32.7,3.8,0.3449,micropolitan,,27.116446849284188,71.89296584376056,-63.94994927291173,-72.6775956284153,False
46083,6.7,28.9,75.2,5.1,77.4,85.9,11.6,8.8,34.9,2.6,0.0309,metropolitan,,7.631608612332319,70.77062901589449,-79.84443692932025,-70.13358778625954,False
46085,10.8,38.7,77.6,9.2,76.5,82.7,21.4,15.8,40.1,4.8,0.867,rural,18.0,77.22071919738474,21.38358133243152,75.14372675008454,66.79035250463822,True
46087,7.9,32.8,77.2,6.7,76.6,86.6,14.0,11.0,36.1,3.4,0.0366,metropolitan,,22.508736331867883,71.7302164355766,-68.1264795400744,-46.9942748091603,False
46089,10.2,40.9,82.0,10.3,79.1,87.0,16.2,14.8,34.9,5.1,0.1788,rural,13.0,67.71502649081276,63.59908691241123,-0.574907000338186,-11.688311688311693,False
46091,9.2,36.0,78.8,7.8,77.4,87.1,15.2,12.7,35.9,3.9,0.1193,rural,13.0,40.1758539059858,57.77603990530943,-26.073723368278657,-42.949907235621524,False
46093,8.4,31.3,74.2,6.1,75.3,84.6,14.1,9.5,30.4,3.0,0.1744,metropolitan,13.0,12.275955360162328,46.36033141697666,-36.05005072708826,-22.70992366412214,False
46095,14.6,42.5,77.3,11.5,75.5,78.6,30.2,21.1,45.6,6.6,0.8552,rural,16.0,95.12738135497688,24.471592830571524,89.07676699357457,89.14656771799629,True
46097,8.7,37.7,80.1,8.6,77.9,86.4,15.9,13.3,35.7,4.3,0.2154,rural,13.0,52.5335362416864,60.297598917822114,-14.457220155563064,-29.82374768089055,False
46099,8.8,31.7,72.9,5.5,76.6,85.0,14.2,10.6,37.4,2.8,0.3748,metropolitan,,18.23638823131552,63.05377071356104,-57.86269868109571,-39.31297709923665,False
46101,8.1,34.1,78.1,7.2,77.4,86.7,14.5,12.1,33.6,3.7,0.2431,rural,7.0,28.3705331980611,68.72886371322286,-57.9979709164694,-72.26345083487941,False
46102,19.1,38.9,69.3,9.7,71.0,71.6,39.8,21.1,47.0,6.3,0.9545,rural,16.0,89.97858189606582,16.65962123774095,91.1058505241799,87.569573283859,True
46103,8.5,34.6,77.3,7.0,76.3,85.7,15.0,12.1,33.7,3.5,0.5539,metropolitan,15.0,27.584263329951526,43.25541088941495,-15.860669597565106,5.725190839694655,False
46105,8.4,38.7,81.2,9.3,78.9,87.6,16.0,14.3,36.0,4.6,0.3417,rural,13.0,60.94577837898771,66.5750760906324,-14.135948596550563,-28.20037105751392,False
46107,7.2,37.9,81.1,8.5,79.6,88.4,13.6,13.1,34.8,4.1,0.0296,rural,15.0,44.25656633975876,61.9377747717281,-27.629354075076094,-45.361781076066784,False
46109,10.4,39.6,79.0,9.5,77.4,84.3,20.3,16.3,43.0,5.0,0.6694,rural,14.0,83.0346071468831,46.22083192424755,43.92965843760568,40.44526901669758,False
46111,9.3,35.9,78.5,7.8,77.1,86.2,16.1,12.6,36.3,3.9,0.167,rural,17.0,42.26975538270771,35.31873520459926,16.249577274264457,1.9944341372912788,False
46115,8.4,37.3,80.0,8.3,78.2,87.2,15.1,12.9,36.0,4.2,0.1381,rural,11.0,47.25791906211251,68.16452485627325,-33.9871491376395,-50.371057513914664,False
46117,7.1,33.6,78.3,6.9,77.8,87.5,13.4,11.1,35.2,3.4,0.0452,micropolitan,15.0,21.657648517641757,53.00346635103145,-38.586405140344944,-51.001821493624774,False
46119,7.7,37.6,79.8,8.1,78.8,88.0,13.7,12.5,34.7,3.9,0.027,rural,15.0,38.499041821666104,57.2687690226581,-27.155901251268176,-44.063079777365495,False
46121,17.6,38.5,69.4,9.5,73.2,72.5,37.2,20.7,49.3,6.2,0.9475,rural,22.0,88.96685830233343,3.1493067297937136,93.57456881974974,89.33209647495362,True
46123,10.1,39.9,80.1,9.8,78.0,84.8,18.9,15.3,37.0,5.0,0.6236,rural,17.0,73.31473340096944,34.87698681095705,54.582346973283734,47.95918367346938,False
46125,8.3,34.3,77.8,7.3,76.8,86.3,15.0,11.8,34.0,3.6,0.0725,metropolitan,,28.781986247322735,71.40049036185323,-61.71795738924586,-37.690839694656496,False
46127,7.6,32.0,76.8,6.4,76.3,86.9,12.8,10.6,31.2,3.2,0.0627,metropolitan,,13.394769473565548,72.05360162326683,-76.76699357456882,-61.54580152671757,False
46129,8.3,36.7,79.6,8.4,78.4,86.3,15.7,13.4,34.3,4.2,0.5024,rural,8.0,47.7905534888964,70.8023334460602,-37.04768346296922,-54.081632653061234,False
46135,8.8,35.0,77.5,7.1,76.9,86.1,13.8,11.8,38.3,3.6,0.2014,micropolitan,,31.431067523390823,69.52147446736558,-56.10415962123774,-64.48087431693989,False
46137,13.7,39.4,72.9,9.2,74.2,77.6,30.4,18.7,47.2,5.5,0.8842,rural,18.0,88.09040694397476,11.963138315860672,91.1058505241799,86.64192949907235,True
47001,11.0,41.8,77.0,7.8,79.0,87.0,18.5,14.1,42.0,3.9,0.6363,metropolitan,13.0,65.89166948483823,54.909959418329386,11.396685830233345,30.534351145038165,False
47003,15.1,39.4,75.2,7.0,76.9,84.8,19.4,13.5,44.4,3.7,0.7261,micropolitan,17.0,59.20133017698118,22.11489685492053,54.44707473791005,54.82695810564664,False
47005,12.9,46.0,80.3,10.0,79.2,86.7,22.4,16.9,40.8,5.0,0.4508,rural,16.0,88.89358584150602,44.16638484950964,53.46635103145079,53.43228200371057,False
47007,15.6,45.7,77.8,10.2,77.7,84.6,25.6,17.3,41.9,5.2,0.6997,rural,12.0,91.53703077443355,48.05546161650321,48.42746026378086,48.79406307977736,False
47009,10.2,40.8,78.2,7.5,79.5,88.0,16.6,13.4,36.3,3.7,0.2313,metropolitan,,49.01645812197046,76.26394994927291,-42.475481907338526,-18.41603053435115,False
47011,11.9,40.8,76.6,7.3,77.4,86.4,17.6,13.4,41.5,3.7,0.6726,metropolitan,14.0,57.74151730357344,45.4387893134934,17.11193777477174,37.59541984732825,False
47013,13.2,43.5,77.8,9.3,77.6,85.0,22.8,15.7,42.6,4.7,0.7143,micropolitan,14.0,85.34550783451697,42.88129861345959,52.94217111937776,45.53734061930783,False
47015,12.6,41.5,77.1,8.2,77.3,85.8,20.8,14.5,43.1,4.2,0.2739,metropolitan,17.0,73.8417314846128,28.364896854920527,64.66012850862361,75.38167938931298,True
47017,12.0,42.0,78.0,8.4,77.5,85.9,19.8,15.2,42.8,4.4,0.5457,rural,16.0,77.1333558787059,35.940142035847146,56.71288468041934,50.55658627087199,False
47019,11.9,44.7,78.0,9.3,78.8,86.5,20.5,15.9,37.9,4.6,0.6666,metropolitan,15.0,78.1394431292977,45.252789989854584,40.54785255326345,52.38549618320611,False
47021,10.7,38.1,76.1,6.6,77.4,87.2,17.4,12.4,39.6,3.3,0.1995,metropolitan,8.0,42.67275391725848,61.781366249577275,-29.354075076090638,-3.2442748091603093,False
47023,12.1,39.8,76.2,7.5,77.5,84.3,19.4,13.9,39.0,3.9,0.4553,metropolitan,15.0,58.434787509863604,35.38214406493067,36.79404802164356,56.20229007633587,False
47025,12.4,42.6,77.4,8.5,78.0,85.2,20.9,15.0,42.3,4.3,0.5619,rural,15.0,77.35880960432871,39.07253973621914,51.33581332431518,45.54730983302412,False
47027,13.4,47.4,80.6,10.8,78.9,86.4,23.1,17.8,39.9,5.4,0.6605,rural,11.0,90.52812535227145,62.84029421711194,23.84173148461278,21.706864564007432,False
47029,14.0,45.5,79.1,10.0,78.3,85.6,23.9,17.2,40.3,5.1,0.7369,micropolitan,16.0,88.7104046894375,36.929320257017245,66.21575921542103,58.65209471766849,True
47031,12.6,41.6,76.7,7.9,77.6,85.9,19.9,13.9,39.5,4.0,0.6411,micropolitan,14.0,64.51358358696878,43.96559012512682,28.440987487318225,22.04007285974499,False
47033,14.2,42.7,77.8,8.0,78.5,86.2,19.5,15.5,42.1,4.4,0.7203,metropolitan,16.0,75.5692706571976,36.381890429489346,53.956712884680414,66.26908396946564,False
47035,11.5,49.0,82.3,10.9,81.4,88.8,19.4,17.3,39.5,5.3,0.3506,micropolitan,14.0,87.7381354976891,64.0344944200203,19.411565776124448,15.846994535519116,False
47037,11.8,33.3,73.2,5.1,75.3,85.9,14.0,11.2,32.3,2.9,0.7171,metropolitan,17.0,14.237402773080824,24.77806898884004,0.8454514710855587,12.881679389312975,False
47039,14.0,46.5,79.6,10.4,79.1,85.8,23.8,17.8,43.0,5.3,0.4496,rural,17.0,93.40266035396235,34.84950963814677,74.39972945552925,75.41743970315399,True
47041,14.4,43.6,77.3,8.9,77.2,85.1,22.2,15.9,40.4,4.5,0.8018,metropolitan,14.0,80.83643332206066,41.014964491038214,50.896178559350695,61.45038167938932,False
47043,11.2,37.6,76.0,6.8,76.6,86.5,18.0,12.7,37.6,3.5,0.2316,metropolitan,,42.57129974072822,65.00464998309097,-34.511329049712536,-9.064885496183209,False
47045,12.5,42.6,76.8,8.0,78.1,85.8,20.1,14.9,39.4,4.2,0.6335,micropolitan,17.0,69.575019727201,29.250507270882654,59.147784917145756,56.102003642987256,False
47047,10.3,45.1,79.9,8.0,80.6,89.4,16.5,15.9,39.0,4.3,0.3668,metropolitan,13.0,68.48438732950062,65.94732837335137,-3.821440649306737,12.5,False
47049,12.9,45.6,79.6,10.0,78.6,86.2,22.5,17.1,44.9,5.1,0.4413,rural,8.0,92.13448314733402,65.02367264119039,21.491376394994916,19.387755102040813,False
47051,10.9,40.7,77.9,7.8,78.5,86.1,17.7,13.9,35.0,3.9,0.4219,micropolitan,14.0,53.21553376169541,49.463138315860675,4.56543794386203,-1.275045537340624,False
47053,12.2,41.5,76.5,7.6,78.2,86.1,20.1,14.7,39.6,4.2,0.7833,small_town,14.0,66.80757524518093,45.476834629692256,28.23807913425769,8.823529411764703,False
47055,11.8,43.1,78.7,8.4,78.8,86.8,19.5,15.4,39.8,4.4,0.4524,rural,16.0,74.4870927742081,41.78009807237065,43.050388907676705,37.10575139146568,False
47057,12.7,43.3,79.1,9.1,78.1,86.3,21.3,15.7,41.2,4.5,0.6128,metropolitan,19.0,81.72979370984105,27.800557997970913,73.58809604328711,81.96564885496183,True
47059,12.3,42.3,79.1,8.9,77.9,86.1,20.6,15.4,40.6,4.4,0.615,micropolitan,13.0,77.98162552136175,53.01403449442002,27.22353736895502,22.768670309653913,False
47061,14.1,44.5,78.6,9.6,78.0,84.8,24.2,16.5,40.6,5.0,0.5192,rural,14.0,87.0335926051178,43.90006763611768,52.35035508961787,51.762523191094616,False
47063,14.9,41.4,76.7,8.2,77.5,85.3,20.9,15.2,40.5,4.3,0.8591,metropolitan,14.0,73.29500619997745,40.9515556307068,43.134934054785255,55.91603053435114,False
47065,10.7,38.3,76.2,6.6,78.0,87.7,15.4,12.7,34.5,3.6,0.5635,metropolitan,9.0,34.90869124112276,62.4387047683463,-40.31112614135948,-15.076335877862597,False
47067,16.1,49.5,79.7,12.1,78.2,83.4,29.4,20.3,43.0,6.3,0.8419,rural,17.0,97.1057377973171,27.94639837673318,86.33750422725737,87.47680890538034,True
47069,14.8,45.9,76.7,8.3,79.4,85.0,22.2,17.2,43.7,4.9,0.8871,small_town,15.0,86.08668695750197,38.71533648968549,61.176868447751104,51.102941176470594,False
47071,13.1,45.7,80.1,10.1,79.3,86.3,22.7,17.1,38.1,5.1,0.503,small_town,16.0,84.87769135384963,42.94682110246872,52.18126479540075,40.80882352941177,False
47073,12.0,43.9,79.1,9.2,77.7,86.3,21.2,16.0,41.1,4.6,0.5555,metropolitan,15.0,83.13042498027279,44.658860331416975,46.973283733513696,57.25190839694656,False
47075,15.3,51.2,80.2,9.4,80.9,86.7,22.9,20.7,46.6,5.9,0.8883,small_town,18.0,95.89110585052418,36.50870815015218,72.25228271897194,68.75,True
47077,12.6,43.0,78.0,8.4,78.1,85.8,21.5,15.4,38.8,4.4,0.6274,rural,17.0,74.0277308082516,30.96888738586405,61.31214068312479,54.452690166975884,False
47079,12.3,45.1,80.9,9.7,80.3,87.3,21.0,16.9,38.2,5.0,0.6118,micropolitan,16.0,83.02051628903168,48.44225566452486,39.330402434900236,33.51548269581057,False
47081,12.7,41.4,76.1,7.9,77.1,85.4,20.9,14.1,38.4,4.1,0.4181,rural,13.0,64.55303798895277,45.33310787960771,25.76936083868786,15.67717996289425,False
47083,12.1,42.4,77.9,8.3,77.6,86.3,20.2,14.7,39.5,4.2,0.3847,rural,18.0,70.63747040919851,27.96964829218803,62.022319918836665,53.15398886827458,False
47085,12.1,42.4,78.1,8.5,78.1,86.3,20.6,15.0,41.2,4.3,0.3735,rural,14.0,75.89336038778042,48.24780182617518,32.4653364896855,25.695732838589983,False
47087,13.5,44.8,79.5,10.1,78.7,85.8,23.2,17.0,39.4,5.0,0.7035,micropolitan,11.0,86.31777702626538,59.04633074061549,25.76936083868786,21.311475409836063,False
47089,11.1,40.9,77.8,8.0,78.3,87.0,18.1,13.6,37.3,4.0,0.4954,metropolitan,14.0,58.336151504903626,50.68692932025702,8.69124112275955,29.866412213740468,False
47091,14.2,46.2,78.9,10.1,78.6,85.4,23.2,17.5,40.0,5.1,0.6882,rural,9.0,88.73858640514037,59.83682786608049,26.378085897869468,22.727272727272734,False
47093,9.9,36.5,75.0,6.2,77.8,86.4,15.0,12.0,33.5,3.2,0.3738,metropolitan,13.0,25.20009018149025,51.0187690226581,-32.49915454852891,-10.782442748091604,False
47095,20.3,48.3,74.2,9.8,75.5,79.8,29.4,19.0,47.2,5.6,0.9345,micropolitan,20.0,96.02919625746814,7.456881974974634,98.17382482245519,98.72495446265937,True
47097,15.2,45.5,76.7,8.3,78.3,84.4,23.4,17.2,47.2,4.9,0.9246,small_town,,87.13786495321835,60.361007778153535,24.010821778829893,9.92647058823529,False
47099,12.8,42.0,76.8,8.5,77.2,85.0,21.4,14.9,41.5,4.3,0.7391,micropolitan,15.0,76.24563183406606,36.30791342576936,55.19107203246533,49.544626593806925,False
47101,12.6,42.0,78.0,8.6,77.1,86.0,20.8,14.9,39.2,4.4,0.5288,rural,13.0,73.62755044527111,49.42086574230639,28.18735204599256,20.40816326530613,False
47103,11.8,42.1,78.0,8.0,78.2,87.0,18.9,14.8,40.5,4.2,0.3726,micropolitan,16.0,69.89347311464321,39.64533310787961,42.1373013189043,37.15846994535519,False
47105,11.5,44.8,80.9,9.0,80.5,89.2,15.9,15.1,36.4,4.3,0.1715,metropolitan,,65.9762146319468,82.00033818058844,-26.85153872167737,-10.782442748091597,False
47107,12.4,43.3,78.2,8.3,78.8,86.4,19.7,15.4,46.8,4.2,0.5705,micropolitan,14.0,77.82662608499605,49.80343253297261,32.025701724720996,27.504553734061936,False
47109,12.9,44.3,78.6,9.0,78.1,85.7,22.0,16.2,39.4,4.7,0.3404,rural,18.0,81.14643219479203,27.821694284748055,72.77646263104498,67.25417439703153,True
47111,14.4,39.4,75.5,7.9,76.4,84.2,22.7,14.6,43.1,4.1,0.5686,rural,16.0,70.1471085559689,26.223791004396347,63.797768008116336,54.73098330241187,True
47113,11.9,43.7,79.1,7.7,81.8,86.8,18.4,16.2,43.8,4.3,0.8969,metropolitan,16.0,75.0,46.65201217450118,34.731146432194784,47.805343511450374,False
47115,13.0,44.0,78.7,9.2,78.3,86.0,21.7,16.2,40.6,4.7,0.4951,metropolitan,17.0,83.567241573667,32.83310787960771,68.65065945214745,77.86259541984732,True
47117,11.9,39.9,76.0,7.1,76.9,86.2,18.8,13.6,40.0,3.7,0.3513,micropolitan,16.0,55.68988840040581,33.32135610415962,37.03077443354751,29.690346083788704,False
47119,11.0,39.0,75.9,6.6,76.8,87.2,16.4,12.6,35.2,3.4,0.2214,micropolitan,,36.963138315860675,66.68921203922895,-44.606019614474135,-50.81967213114754,False
47121,13.0,44.9,78.8,9.3,78.3,86.1,22.2,15.9,40.8,4.7,0.4881,rural,14.0,84.49160184872055,48.68743659113967,40.58167061210687,36.920222634508356,False
47123,12.8,45.2,78.4,9.3,78.5,86.3,21.7,15.9,39.1,4.7,0.7569,rural,16.0,81.60015781760794,38.632904971254646,56.30706797429827,52.133580705009265,False
47125,11.7,33.9,69.8,4.8,76.3,84.9,15.6,10.8,38.4,2.7,0.5997,metropolitan,,23.520459925600267,57.83522150828543,-45.24856273249915,-23.091603053435115,False
47127,11.0,42.7,78.6,8.5,78.7,87.4,18.8,14.7,38.8,4.2,0.2262,micropolitan,14.0,69.41156577612445,53.71998647277647,17.281028068988853,12.568306010928964,False
47129,13.4,42.4,76.0,8.5,76.9,84.6,22.2,14.8,43.4,4.3,0.6122,metropolitan,19.0,78.10844324202458,16.983006425431178,78.89753128170443,87.59541984732824,True
47131,13.5,43.7,78.3,9.0,78.5,85.9,21.1,16.2,40.2,4.7,0.6064,micropolitan,17.0,81.78333896967648,31.8883158606696,67.94048021643557,62.29508196721311,True
47133,13.4,43.5,77.8,9.1,78.0,85.2,22.7,15.7,40.9,4.6,0.252,micropolitan,12.0,82.52169992109118,50.89195130199526,35.170781197159286,30.05464480874317,False
47135,14.3,44.6,78.4,9.6,77.9,85.0,23.6,16.4,40.1,4.9,0.4677,rural,14.0,85.68932476609177,43.67813662495773,51.843084206966516,50.46382189239332,False
47137,13.4,49.0,81.8,12.1,80.1,86.9,23.5,19.1,41.8,5.9,0.3283,rural,19.0,95.30210799233457,36.24450456543794,72.8102806898884,74.39703153988867,True
47139,11.6,43.8,78.2,8.7,78.3,86.8,20.7,15.1,43.7,4.3,0.5157,metropolitan,16.0,80.09243602750536,40.08708150152181,51.60635779506256,62.786259541984734,False
47141,12.1,37.0,74.7,6.9,76.2,83.9,17.6,12.4,37.5,3.5,0.5536,micropolitan,15.0,40.34494420020291,32.24551910720325,18.498478187352045,9.471766848816028,False
47143,13.7,43.2,78.0,8.7,78.2,85.2,21.5,15.7,42.5,4.4,0.7238,small_town,15.0,81.11543230751887,39.448765640852216,53.973621914102125,40.80882352941176,False
47145,11.0,43.3,79.4,8.8,79.7,87.5,18.9,14.7,37.0,4.4,0.3083,micropolitan,14.0,69.94701837447863,57.103905985796416,11.937774771728101,9.289617486338798,False
47147,12.2,38.2,75.2,6.6,76.6,86.6,18.0,12.7,37.0,3.4,0.279,metropolitan,8.0,41.11430503889077,57.325836996956376,-23.977003719986477,2.671755725190849,False
47149,11.3,34.0,72.2,5.0,76.3,86.0,14.6,10.9,37.9,2.7,0.4267,metropolitan,11.0,21.017923571187016,50.7144064930673,-35.74568819749746,-15.458015267175576,False
47151,14.8,44.1,76.9,9.6,76.3,82.8,26.4,16.6,43.4,4.9,0.7388,rural,10.0,89.2430391162214,47.4763273588096,47.48055461616504,47.40259740259741,False
47153,14.1,44.7,78.4,9.8,78.2,85.4,22.7,16.7,39.4,4.9,0.504,metropolitan,14.0,85.02423627550445,45.27181264795401,47.987825498816356,57.347328244274806,False
47155,12.4,40.8,77.9,8.2,78.5,87.1,18.8,14.4,38.4,4.1,0.566,micropolitan,16.0,64.20640288580769,39.69394656746703,35.610415962123774,29.32604735883423,False
47157,12.2,43.0,76.5,6.5,81.2,87.2,17.2,15.9,39.7,4.2,0.8708,metropolitan,21.0,62.817044301657084,28.322624281366252,52.417991207304695,69.08396946564885,False
47159,11.7,39.1,76.7,7.5,76.8,86.1,19.7,13.5,39.1,3.8,0.4146,metropolitan,13.0,56.194341111486864,48.245688197497465,9.841055123435915,30.8206106870229,False
47161,10.9,41.4,77.9,8.0,78.3,87.1,18.7,14.0,38.1,4.0,0.3885,metropolitan,17.0,61.591139668583025,35.84502874535002,39.499492729117335,57.729007633587784,False
47163,11.1,42.0,79.9,8.5,79.6,87.5,19.2,15.2,37.8,4.2,0.4839,metropolitan,15.0,68.65065945214745,52.85128508623605,17.61920865742306,35.209923664122144,False
47165,10.3,37.0,76.0,6.4,77.8,88.0,15.3,12.2,40.6,3.3,0.2927,metropolitan,16.0,37.74659001239995,39.51428812986134,2.3334460601961418,26.7175572519084,False
47167,11.5,42.1,76.5,7.0,77.9,86.4,19.0,14.2,44.1,3.8,0.4158,metropolitan,17.0,64.16976665539399,31.068227933716607,50.38890767669935,67.27099236641222,False
47169,14.3,35.9,70.7,6.0,73.5,81.7,20.8,11.7,39.1,3.2,0.2157,metropolitan,16.0,38.749859091421484,20.30563070679743,29.793709841055126,52.09923664122137,False
47171,13.1,45.2,79.5,9.7,78.9,86.6,21.4,16.5,39.3,4.8,0.5371,metropolitan,15.0,83.88569496110922,47.31357795062563,42.475481907338526,52.38549618320611,False
47173,12.5,41.2,77.6,8.3,77.6,85.9,21.3,14.6,40.3,4.2,0.3783,metropolitan,15.0,71.54210348326006,40.471761920865745,42.27257355427798,56.488549618320604,False
47175,12.3,45.1,79.1,9.5,79.1,87.1,21.1,16.0,39.2,4.7,0.623,rural,14.0,82.03697441100213,53.39871491376395,30.875887724044638,25.04638218923934,False
47177,14.8,42.1,76.3,8.2,77.6,85.1,21.4,15.5,42.3,4.2,0.7805,micropolitan,14.0,75.98072370645924,40.146263104497805,47.68346296922557,41.34790528233151,False
47179,10.8,36.9,76.4,7.3,77.2,85.8,16.9,12.8,35.5,3.6,0.5857,metropolitan,15.0,39.86303686168414,39.789059857964155,4.768346296922552,29.293893129771,False
47181,14.0,42.7,77.1,8.9,77.1,84.7,23.1,15.4,40.5,4.6,0.7474,rural,10.0,80.3319806109796,51.310449780182616,31.788975312817037,25.695732838589983,False
47183,12.3,38.3,76.2,7.8,76.8,83.2,19.0,13.9,39.1,4.0,0.608,micropolitan,17.0,58.45733288242588,22.427713899222184,53.432532972607376,53.18761384335154,False
47185,13.0,43.3,77.9,9.0,78.1,85.6,22.1,15.6,39.7,4.6,0.5154,micropolitan,15.0,79.7993461841957,40.514034494420024,50.76090632397701,43.89799635701275,False
47187,6.9,35.0,76.3,5.1,78.7,90.1,10.4,10.0,29.4,2.5,0.0165,metropolitan,,7.797880734979145,79.14059857964153,-89.61785593506933,-80.43893129770991,False
47189,9.6,35.7,75.7,5.9,78.8,88.2,14.4,11.3,31.2,3.0,0.175,metropolitan,12.0,18.523841731484612,59.80512343591478,-52.80689888400406,-33.15839694656489,False
48001,19.1,38.6,74.3,6.9,72.7,82.9,17.4,13.9,39.9,3.9,0.896,micropolitan,9.0,53.714350129635896,43.50904633074062,16.09739600946905,8.743169398907106,False
48003,25.9,31.9,71.8,5.6,70.8,82.1,14.5,12.7,36.7,3.1,0.6834,micropolitan,16.0,23.867095028745354,17.847480554616165,14.541765302671626,9.471766848816028,False
48005,18.8,41.3,77.1,7.9,75.1,84.4,17.1,14.9,40.8,4.2,0.9917,micropolitan,16.0,66.99357456881975,25.788383496787283,61.075414271220836,59.016393442622956,False
48007,16.0,43.5,81.4,9.1,78.2,88.3,14.1,15.9,36.0,4.6,0.7614,micropolitan,14.0,64.07958516514485,54.85500507270883,9.097057828880615,4.735883424408016,False
48009,12.3,38.1,78.5,7.5,76.0,86.8,14.6,12.7,34.9,3.8,0.2657,metropolitan,15.0,38.00586179686619,42.498731822793374,-2.4010821778829907,22.137404580152662,False
48011,11.4,38.0,79.4,7.4,77.0,88.3,12.8,12.6,33.3,3.7,0.0865,metropolitan,11.0,31.884793146206743,62.45138654041258,-43.96347649644911,-19.274809160305345,False
48013,27.4,36.8,74.9,6.6,73.1,83.6,13.7,15.4,42.2,3.5,0.8664,metropolitan,12.0,45.335926051178,38.42154210348326,14.609401420358473,38.26335877862595,False
48015,17.2,39.5,79.0,7.9,75.6,86.1,14.6,14.7,37.3,4.2,0.7133,metropolitan,16.0,53.415623943185665,33.56442340209672,33.78424078457896,54.103053435114504,False
48017,30.2,35.6,75.4,7.2,72.4,82.7,14.4,15.5,38.8,3.8,0.7843,small_town,13.0,45.15274489910946,34.42255664524856,21.440649306729792,4.7794117647058805,False
48019,14.1,42.6,82.2,9.1,78.8,89.0,13.9,15.7,35.5,4.5,0.5899,metropolitan,17.0,61.64750309998874,42.705867433209335,27.020629015894485,45.229007633587784,False
48021,21.6,35.7,75.5,6.5,73.3,84.6,14.0,13.4,40.2,3.5,0.7566,metropolitan,12.0,37.68177206628339,40.53305715251945,0.40581670612106535,24.904580152671755,False
48023,15.3,41.3,79.3,8.9,75.8,85.6,16.2,14.9,36.1,4.6,0.462,rural,16.0,64.73340096945101,33.59824146094014,47.70037199864727,37.01298701298701,False
48025,27.7,34.2,70.5,5.9,70.1,80.7,14.8,13.9,39.2,3.2,0.9166,micropolitan,16.0,34.215421034832595,16.69555292526209,25.938451132904973,23.315118397085612,False
48027,16.2,33.2,72.3,5.4,75.6,83.7,13.3,12.6,43.2,3.2,0.937,metropolitan,17.0,30.96888738586405,17.674163003043624,21.64355765979033,42.17557251908397,False
48029,21.9,33.5,72.6,5.4,72.0,83.8,12.2,13.9,34.1,3.0,0.9192,metropolitan,18.0,20.693833840604213,11.17052756171796,14.338856949611092,30.34351145038168,False
48031,11.9,38.7,80.9,7.4,78.2,89.5,11.5,13.1,34.5,3.7,0.2339,rural,11.0,33.761695412016685,66.90480216435577,-49.442002029083525,-65.0278293135436,False
48033,11.4,39.6,80.6,7.9,78.2,89.4,12.4,13.2,33.2,3.9,0.0267,rural,7.0,39.265584488783674,72.52705444707473,-50.43963476496448,-68.69202226345084,False
48035,14.7,40.0,80.5,8.4,77.3,87.6,14.2,14.3,35.9,4.3,0.5794,metropolitan,13.0,53.65798669823019,55.95831924247548,-5.749070003381803,17.843511450381683,False
48037,14.1,38.9,77.4,7.1,75.1,84.9,16.0,13.8,36.7,4.1,0.8766,metropolitan,18.0,48.80227708262879,19.842746026378087,43.11802502536354,63.740458015267166,False
48039,16.2,34.6,75.2,5.1,76.0,86.4,11.6,12.0,36.3,2.9,0.6519,metropolitan,12.0,17.50084545147109,47.133919513019954,-32.431518430842075,-15.171755725190842,False
48041,15.6,27.8,68.9,4.6,71.4,79.2,11.7,9.7,29.4,2.6,0.804,metropolitan,18.0,4.489347311464321,9.147784917145758,1.2850862360500506,4.293893129770993,False
48043,15.8,35.0,78.3,6.6,76.1,87.7,9.7,12.8,32.8,3.3,0.6478,small_town,16.0,20.099199639274037,36.189550219817384,-10.094690564761585,-20.220588235294116,False
48045,20.5,43.4,80.2,9.9,76.5,85.9,16.8,17.5,39.5,5.2,0.5479,rural,14.0,80.8477060083418,45.78331078796077,42.06966520121744,37.84786641929499,False
48047,37.8,38.3,75.5,8.1,72.1,80.8,15.4,19.8,42.6,4.4,0.9163,small_town,22.0,68.28993349115093,4.400574907000342,72.23537368955022,63.23529411764706,True
48049,16.6,38.1,78.1,7.8,75.1,85.3,15.3,14.0,34.9,4.1,0.9135,micropolitan,12.0,47.17337391500394,47.17619208657423,0.30436252959079724,-7.832422586520941,False
48051,15.9,39.3,78.8,7.4,76.1,86.8,14.1,14.0,35.9,4.0,0.5049,rural,15.0,44.856836884229516,41.09316875211363,8.691241122759557,-4.730983302411872,False
48053,14.7,38.3,79.4,7.7,76.5,87.5,13.1,13.5,35.3,3.9,0.5819,small_town,,40.198399278548074,69.16638484950964,-44.43692932025702,-67.64705882352942,False
48055,25.9,34.9,75.2,6.5,73.0,83.4,14.4,14.6,42.2,3.6,0.8956,metropolitan,10.0,43.51538721677375,42.62132228610078,4.210348326006084,28.339694656488554,False
48057,22.0,36.8,77.9,7.3,74.7,85.8,13.0,14.7,34.8,3.8,0.72,micropolitan,14.0,37.40840942396573,39.85880960432871,1.3189042948934784,-9.289617486338798,False
48059,12.5,38.5,78.8,7.6,76.4,87.0,14.7,13.2,36.2,3.9,0.2956,metropolitan,,43.28711531958066,68.64431856611431,-39.90530943523841,-14.599236641221381,False
48061,35.9,34.0,75.7,7.1,71.5,82.4,13.0,18.3,40.3,3.9,0.9844,metropolitan,16.0,46.77319355202345,19.80258708150152,40.20967196482922,61.545801526717554,False
48063,19.8,40.9,78.4,8.3,75.6,84.0,17.2,16.1,40.0,4.7,0.917,rural,16.0,72.30300980723706,27.59130875887724,64.0683124788637,55.93692022263452,True
48065,11.5,36.0,77.8,6.8,75.7,87.5,13.1,11.7,34.0,3.4,0.083,rural,15.0,23.247097283282603,43.0651843084207,-20.020290835306053,-29.22077922077922,False
48067,13.5,42.8,80.1,8.7,77.3,86.1,17.2,15.7,39.3,4.9,0.8619,metropolitan,14.0,74.88727313718859,49.046753466351035,30.064254311802493,43.702290076335885,False
48069,27.7,36.2,76.3,7.2,73.1,83.8,13.3,15.5,38.2,3.8,0.7801,rural,13.0,42.74320820651561,36.69893473114643,13.561041596212384,-0.742115027829314,False
48071,15.9,32.1,72.7,5.2,72.2,84.7,13.4,10.8,35.0,2.9,0.4798,metropolitan,12.0,13.949949272911736,39.932786608048694,-22.590463307406154,-8.206106870229007,False
48073,19.1,38.7,77.0,7.8,75.0,83.9,16.9,14.7,35.7,4.3,0.9717,micropolitan,15.0,55.29252620899561,30.29041258031789,40.95366925938451,33.87978142076502,False
48075,21.6,34.0,72.5,6.3,71.2,81.3,14.7,12.0,36.1,3.4,0.7178,small_town,,25.758088152406717,48.44648292188028,-27.86608048698005,-43.75,False
48077,11.3,39.3,79.8,7.9,76.9,87.6,14.2,13.2,34.9,4.0,0.1772,metropolitan,14.0,44.05647615826852,52.94217111937775,-13.10449780182617,13.215648854961835,False
48079,32.3,39.8,76.0,8.8,72.5,80.8,19.3,18.6,42.6,4.9,0.938,rural,15.0,81.60015781760792,25.1669766655394,76.42881298613459,70.7792207792208,True
48081,16.8,42.3,81.1,9.6,77.0,86.8,15.3,15.9,36.3,4.9,0.6379,rural,15.0,69.00293089843309,45.373266824484276,30.588434223875552,22.820037105751396,False
48083,14.5,41.9,80.8,9.0,77.4,87.2,15.5,15.4,37.2,4.6,0.6449,rural,16.0,66.56803066170669,41.655393980385526,35.0355089617856,26.62337662337663,False
48085,10.1,30.4,74.3,4.3,75.0,87.7,9.3,9.5,32.3,2.3,0.2997,metropolitan,,4.292075301544358,66.02975989178222,-74.36591139668583,-68.03435114503817,False
48087,20.2,39.9,78.2,8.2,75.3,84.9,16.5,15.5,39.3,4.4,0.8498,rural,18.0,65.671852102356,19.62292864389584,64.45722015556308,51.66975881261595,True
48089,17.7,40.0,79.9,7.9,76.6,87.0,13.6,14.9,36.2,4.2,0.7639,rural,,51.031450794724385,68.35475143726751,-28.94825836996955,-44.8051948051948,False
48091,12.9,34.3,77.2,5.8,77.3,88.5,10.5,11.2,35.0,3.0,0.2749,metropolitan,,14.361402322173374,68.58090970578289,-70.54447074737911,-54.7709923664122,False
48093,18.1,40.1,79.7,8.5,76.2,86.5,14.5,14.8,36.7,4.3,0.7267,rural,,56.983429151166725,66.4989854582347,-18.802840716942846,-33.58070500927644,False
48095,23.7,38.5,75.2,7.6,72.8,83.0,15.8,14.2,37.1,4.0,0.7534,rural,17.0,50.42836207868336,15.511920865742308,47.5820087926953,30.612244897959183,False
48097,15.2,37.4,77.8,7.2,75.1,85.8,14.5,13.0,36.1,3.8,0.6946,micropolitan,15.0,38.01995265471762,36.470662833953334,8.285424416638481,-1.2750455373406169,False
48099,16.0,30.4,70.9,4.9,72.7,81.9,14.1,10.3,37.3,2.8,0.833,metropolitan,13.0,16.13685041145305,33.72083192424755,-8.927967534663509,6.3931297709923705,False
48101,19.7,45.1,81.3,10.2,77.6,86.3,17.6,18.8,40.6,5.5,0.6732,rural,,86.88986585503325,69.77933716604667,8.99560365235034,4.359925788497208,False
48103,30.5,34.3,73.9,6.4,71.5,82.2,14.3,15.0,39.7,3.5,0.7092,rural,16.0,39.237402773080824,18.75,31.43388569496111,13.404452690166973,False
48105,28.2,37.7,77.5,7.7,73.8,85.1,14.3,16.5,37.7,4.1,0.4098,rural,,51.96426558448879,56.89042948934731,-9.080148799458918,-24.53617810760668,False
48107,27.2,39.5,77.8,8.4,74.3,83.6,15.9,17.1,40.5,4.5,0.9504,metropolitan,17.0,69.34674783000789,19.71381467703754,68.24484274602636,81.0114503816794,True
48109,31.3,40.2,77.8,8.7,73.5,82.6,16.1,19.3,40.3,4.7,0.8393,rural,17.0,73.90373125915906,18.299797091646937,73.89245857287793,64.28571428571429,True
48111,27.4,35.1,73.1,6.7,71.2,80.6,16.9,14.7,39.6,3.6,0.6039,small_town,13.0,46.34483147334009,32.07008792695299,26.175177544808925,9.558823529411764,False
48113,20.6,33.1,74.0,5.3,75.2,84.1,12.5,12.5,35.7,3.2,0.8925,metropolitan,17.0,19.217111937774774,17.720662833953334,10.517416300304362,25.95419847328244,False
48115,29.9,36.0,72.6,7.0,70.5,79.5,17.1,15.3,39.4,3.9,0.9876,small_town,16.0,51.992447300191635,17.02105174163003,49.103821440649305,37.49999999999999,False
48117,34.7,35.5,74.0,7.1,71.4,80.5,15.7,16.4,40.7,3.9,0.7245,micropolitan,15.0,52.75053545259835,23.473960094690565,45.41765302671627,44.26229508196722,False
48119,13.4,39.1,78.5,7.8,75.8,86.0,15.9,13.7,37.1,4.1,0.3665,micropolitan,11.0,52.06008341787848,53.93769022658099,-4.159621237740957,-10.01821493624773,False
48121,11.2,29.5,72.4,4.3,74.2,86.7,9.8,9.9,33.7,2.4,0.3796,metropolitan,,5.602525081726976,61.779252620899555,-66.68921203922895,-57.919847328244266,False
48123,21.2,40.2,78.4,8.2,75.3,85.2,16.0,16.0,37.6,4.4,0.8441,small_town,13.0,62.94104385074963,43.81974974636456,26.58099425092999,7.352941176470587,False
48125,18.7,43.0,81.4,9.6,77.4,86.9,15.1,16.7,37.5,5.0,0.7588,rural,11.0,72.03810167963026,60.297598917822114,8.13324315184309,-1.623376623376629,False
48127,41.1,42.3,76.9,9.9,72.9,79.1,18.9,23.4,46.8,5.5,0.9994,small_town,15.0,90.5760342689663,25.961701048359824,84.8833276969902,81.98529411764704,True
48129,14.6,39.4,79.8,8.4,76.2,85.4,14.3,14.0,34.2,4.4,0.3353,rural,17.0,51.32454063803405,29.626733175515724,36.692593845113294,22.91280148423005,False
48131,35.4,38.4,76.0,8.2,72.2,81.5,14.8,18.8,41.2,4.3,0.9768,rural,20.0,65.01239995490926,6.795316198850184,68.41393304024348,54.916512059369204,True
48133,15.9,38.7,78.7,8.2,75.2,84.9,15.6,14.1,35.5,4.3,0.8616,rural,12.0,53.125352271446296,47.62639499492729,7.338518769022663,-5.102040816326536,False
48135,28.0,30.5,71.1,5.3,69.0,81.6,14.2,12.8,40.0,3.0,0.9421,metropolitan,12.0,27.293991658212153,34.40564761582685,-0.06763611768684186,20.70610687022901,False
48137,25.2,44.6,82.0,10.5,77.5,87.1,15.0,19.3,38.2,5.3,0.6844,rural,9.0,77.48562732499155,64.29235711870139,8.082516063577955,0.09276437847864827,False
48139,15.6,34.2,74.0,5.3,74.1,85.6,12.6,11.6,37.2,3.0,0.5695,metropolitan,,19.104385074963364,56.6600439634765,-47.00710179235712,-26.717557251908392,False
48141,29.0,33.1,74.6,5.8,74.7,83.4,12.1,15.4,34.0,3.2,0.9825,metropolitan,20.0,24.611092323300642,8.34460601961447,18.566114305038887,36.16412213740458,False
48143,14.7,30.9,73.7,5.8,72.2,81.6,12.9,10.8,33.4,3.1,0.7996,micropolitan,17.0,12.88468041934393,15.374535001690905,5.7490700033818065,0.7285974499089249,False
48145,19.5,40.9,78.0,8.1,75.6,84.4,17.1,16.1,40.0,4.7,0.972,metropolitan,17.0,71.26310449780182,22.459418329387894,67.87284409874873,79.86641221374046,True
48147,15.3,37.5,76.7,7.4,74.3,84.4,16.6,13.2,39.2,3.9,0.643,rural,16.0,49.76327358809604,25.763019952654716,39.584037876225906,24.489795918367342,False
48149,14.2,39.3,80.9,8.0,78.0,88.5,12.3,13.8,33.9,4.1,0.5234,rural,,43.06729793709841,74.94504565437944,-49.019276293540756,-67.20779220779221,False
48151,15.7,40.0,79.8,8.0,76.9,87.8,13.4,14.5,36.1,4.1,0.4248,rural,15.0,49.427911171232104,45.37960771051742,6.898884004058168,-6.493506493506501,False
48153,27.6,38.9,77.9,8.3,74.2,83.9,15.2,17.0,39.1,4.4,0.7722,micropolitan,9.0,63.54131439522038,48.412664863036866,18.583023334460606,13.843351548269581,False
48155,18.4,45.4,81.4,10.9,77.5,85.7,18.0,18.2,40.1,5.7,0.6071,rural,11.0,87.31259159057605,57.69783564423402,28.948258369969565,25.602968460111327,False
48157,12.6,31.8,76.1,4.6,75.3,87.9,9.8,12.0,30.1,2.7,0.4515,metropolitan,,8.691241122759553,65.03001352722353,-69.56374704091986,-58.778625954198475,False
48159,12.5,38.4,79.2,7.5,76.7,87.6,13.1,13.0,35.3,3.8,0.3821,rural,6.0,37.10686506594521,65.95155563070679,-43.118025025363536,-59.740259740259745,False
48161,16.1,41.0,78.6,7.9,76.1,85.9,16.0,14.7,38.2,4.4,0.8088,rural,12.0,61.292413482132794,50.437521136286776,12.461954683801153,-0.6493506493506516,False
48163,37.0,33.1,70.5,6.2,68.5,78.0,15.0,15.3,40.5,3.4,0.9698,small_town,10.0,40.57885244053658,37.59088603314169,9.841055123435918,-9.558823529411764,False
48165,25.6,30.8,70.2,5.5,68.8,79.7,16.4,11.8,36.1,3.1,0.6745,rural,13.0,23.965731033705335,30.645502198173823,2.401082177882987,-8.256029684601113,False
48167,15.0,35.7,76.1,5.9,74.8,86.6,12.3,12.3,34.0,3.3,0.7378,metropolitan,15.0,20.488107315973394,35.984528238079136,-9.435238417314848,8.587786259541986,False
48169,30.9,35.5,72.8,6.9,70.3,80.4,16.9,14.9,39.9,3.8,0.6984,rural,14.0,50.06199977454627,27.54903618532296,37.94386202231991,23.283858998144716,False
48171,13.7,40.3,81.9,8.3,78.7,89.4,11.1,13.6,32.8,4.1,0.6392,micropolitan,,43.33220606470522,78.28246533648968,-52.07981061887047,-55.00910746812386,False
48173,15.4,32.4,74.6,5.5,73.9,86.7,10.8,10.9,34.0,2.8,0.2784,rural,9.0,10.71187013865404,52.22565099763274,-47.074737910043964,-51.20593692022263,False
48175,18.1,40.5,80.3,8.5,76.6,87.3,14.2,15.6,37.0,4.4,0.5243,metropolitan,15.0,59.47469281929884,44.47708826513358,21.068650659452146,40.935114503816806,False
48177,25.8,38.8,77.4,7.9,74.2,83.8,15.8,16.0,39.4,4.3,0.9087,small_town,14.0,61.39386765866306,34.72480554616165,41.19039567128847,27.94117647058823,False
48179,20.1,37.6,75.7,7.3,73.5,83.5,16.4,13.9,38.5,3.9,0.8645,micropolitan,18.0,49.675910269417194,13.172133919513021,47.37910043963476,47.540983606557376,False
48181,13.7,36.1,76.5,6.7,75.2,85.7,14.4,12.5,33.9,3.6,0.6888,metropolitan,14.0,28.88062225228272,40.12301318904295,-9.333784240784581,13.454198473282439,False
48183,16.3,37.6,76.2,6.7,74.5,84.4,15.3,13.5,36.8,3.9,0.8731,metropolitan,13.0,41.83575696088378,39.27756171795739,8.420696652012172,32.91984732824427,False
48185,18.5,38.7,77.1,7.5,74.7,84.7,15.7,14.4,37.1,4.1,0.8676,metropolitan,16.0,51.36681321158832,26.022996280013526,41.596212377409536,61.25954198473282,False
48187,17.1,33.8,75.8,5.6,75.1,86.1,12.5,12.8,34.7,3.0,0.5256,metropolitan,,19.14102130537707,59.02308082516063,-50.92999661819412,-30.820610687022906,False
48189,28.9,36.3,74.0,7.1,72.1,81.4,15.7,15.6,38.9,3.8,0.9332,micropolitan,15.0,48.796640739488225,24.124957727426448,39.63476496449104,36.24772313296904,False
48191,21.3,42.7,80.5,9.5,76.4,85.5,15.6,17.5,39.1,5.1,0.8689,rural,20.0,76.19772291737122,21.658353060534324,74.16300304362531,65.49165120593692,True
48193,14.6,41.3,80.4,8.9,76.8,86.6,15.3,14.6,36.1,4.6,0.6634,rural,15.0,62.30413707586518,44.631383158606695,24.315184308420697,13.079777365491651,False
48195,23.4,34.6,75.5,6.7,73.1,83.6,13.6,13.6,36.8,3.6,0.4836,rural,12.0,32.366700484725506,38.95417653026716,-2.874535001690898,-16.048237476808904,False
48197,17.5,40.5,79.4,8.6,76.0,85.8,15.8,15.2,37.6,4.5,0.4222,rural,,64.22894825836997,64.16553939803856,-5.732160973960092,-19.063079777365488,False
48199,12.6,36.7,77.0,6.8,74.8,85.5,15.6,12.4,34.0,3.7,0.6465,metropolitan,12.0,33.2826062450682,47.70459925600271,-18.532296246195468,5.152671755725194,False
48201,21.3,32.8,73.7,5.4,73.2,83.7,12.7,13.2,37.3,3.3,0.9201,metropolitan,18.0,24.10382144064931,12.106865065945216,17.247210010145416,34.54198473282443,False
48203,14.4,38.6,77.6,7.1,76.0,85.1,15.2,13.8,38.8,4.1,0.9036,micropolitan,16.0,49.76327358809604,29.958572877916804,33.97024010821779,26.95810564663024,False
48205,18.8,34.9,74.5,6.3,72.8,85.0,13.4,12.0,34.5,3.3,0.4683,small_town,13.0,21.626648630368617,37.75997632735881,-11.701048359824146,-23.897058823529417,False
48207,20.2,39.3,77.8,8.2,74.6,84.2,16.3,14.9,36.6,4.3,0.812,rural,19.0,58.567241573667,14.68549205275617,57.964152857625976,42.4860853432282,False
48209,16.6,29.0,71.7,4.7,71.6,84.2,10.8,10.2,34.5,2.5,0.6723,metropolitan,,7.211701048359824,51.45629015894488,-49.03618532296247,-39.31297709923665,False
48211,16.4,34.1,77.2,6.3,75.0,87.0,11.7,11.6,32.7,3.3,0.5577,rural,,16.455303798895272,62.67754480892797,-58.77578626986811,-67.9035250463822,False
48213,14.9,40.6,79.5,8.3,76.8,86.1,16.1,14.5,35.4,4.4,0.8291,micropolitan,14.0,58.62924134821329,46.63510314507947,16.19885018599932,10.928961748633874,False
48215,37.4,33.4,73.8,6.5,71.6,80.2,13.3,17.4,44.2,3.6,0.9841,metropolitan,20.0,45.251380904069435,4.8169597565099735,43.67602299628001,64.31297709923663,False
48217,16.6,38.8,78.4,7.8,75.5,85.7,15.3,14.2,36.9,4.1,0.8562,metropolitan,16.0,51.338631495885465,31.586066959756508,34.02096719648293,54.770992366412216,False
48219,23.2,35.1,75.5,6.7,73.0,83.7,14.5,14.1,36.1,3.6,0.93,metropolitan,14.0,34.638146770375386,31.98131552248901,11.159959418329393,33.87404580152673,False
48221,11.7,38.0,80.0,7.4,77.8,88.5,12.0,12.5,33.2,3.7,0.525,micropolitan,,30.54616165032127,75.24095366925938,-65.04903618532296,-71.76684881602915,False
48223,16.1,37.5,77.7,7.3,74.9,84.9,15.5,13.4,37.5,4.0,0.7525,micropolitan,16.0,45.76992447300191,28.117602299628,31.146432194792013,26.047358834244086,False
48225,17.9,43.4,79.0,8.9,76.5,85.3,17.9,16.8,38.2,5.1,0.9625,rural,13.0,77.17844662383045,46.53576259722692,37.301318904294895,31.81818181818182,False
48227,23.5,34.8,73.5,6.3,72.2,83.0,15.1,13.7,38.4,3.4,0.8816,micropolitan,13.0,35.523052643444935,33.91528576259723,9.874873182279334,-1.4571948998178499,False
48229,38.6,33.0,66.6,6.0,67.3,75.4,18.7,14.3,41.0,3.3,0.9943,rural,21.0,44.76101905083982,1.217450118363208,43.18566114305039,25.324675324675326,False
48231,16.2,35.6,75.2,6.5,73.8,84.2,15.2,12.3,36.7,3.5,0.8746,metropolitan,16.0,31.484612783226243,23.42323300642543,18.14338856949611,38.88358778625955,False
48233,16.7,36.0,76.7,7.0,74.5,85.2,14.8,12.9,35.1,3.7,0.3245,micropolitan,12.0,33.68842295118927,44.350270544470746,-11.70104835982415,-24.22586520947177,False
48235,14.5,37.7,78.5,7.3,76.1,87.6,12.8,13.4,35.1,3.7,0.2962,rural,13.0,34.90587306955248,51.31467703753805,-22.69191748393642,-37.662337662337656,False
48237,18.0,37.5,75.6,7.6,73.2,82.9,17.5,13.4,37.8,4.0,0.9418,rural,9.0,51.293540750760904,44.68633750422726,10.821778829895159,-1.8552875695732922,False
48239,19.7,38.6,78.1,7.8,75.1,85.1,15.0,14.7,37.7,4.2,0.8094,small_town,10.0,53.30571525194455,50.3043625295908,3.1112614135948604,-16.911764705882348,False
48241,15.0,43.2,79.7,9.0,76.2,84.7,18.9,16.3,41.1,5.0,0.8737,small_town,14.0,82.31315522489008,43.08632059519783,49.1038214406493,35.661764705882355,False
48243,17.5,50.1,85.4,12.3,81.9,91.1,14.4,21.2,37.9,6.1,0.4738,rural,10.0,79.64434674783001,74.11438958403787,-4.666892120392276,-13.543599257884964,False
48245,18.9,39.8,76.7,7.0,75.4,84.1,16.1,15.6,41.3,4.3,0.9723,metropolitan,18.0,62.00822906098523,16.219986472776466,61.54886709502874,77.48091603053436,False
48247,40.6,41.6,77.4,9.9,73.2,80.3,17.2,22.8,44.7,5.3,0.6427,rural,23.0,86.89550219817382,6.554362529590803,91.57930334798782,86.64192949907235,True
48249,32.9,37.3,76.3,7.6,73.1,82.8,14.6,18.0,40.6,4.0,0.9491,micropolitan,19.0,56.58324878818623,9.879100439634765,56.81433885694961,59.01639344262295,False
48251,16.3,33.8,74.5,5.9,72.8,84.7,14.4,11.9,33.4,3.2,0.6284,metropolitan,,20.189381129523163,53.84257693608387,-41.29184984781873,-20.706106870229014,False
48253,22.3,36.2,72.2,6.6,71.3,81.1,17.1,13.0,38.7,3.6,0.5829,metropolitan,16.0,41.99921091196032,17.76504903618532,35.475143726750076,57.347328244274806,False
48255,28.2,35.3,71.2,6.4,70.8,80.4,16.0,14.0,38.9,3.5,0.9367,rural,10.0,40.40130763160861,38.61810957051065,7.98106188704768,-6.493506493506494,False
48257,16.8,32.5,72.3,5.0,73.3,84.3,14.0,11.2,38.0,2.9,0.7089,metropolitan,,19.828655168526662,52.409536692593846,-39.195130199526545,-19.08396946564885,False
48259,11.5,34.9,78.0,6.1,77.0,89.1,10.0,11.1,34.3,3.1,0.3411,rural,,14.789764400856726,71.20392289482584,-74.19682110246872,-83.20964749536179,False
48261,35.1,38.2,77.1,8.3,72.8,83.5,15.1,18.5,37.9,4.4,0.6678,rural,5.0,61.32341336940593,48.63882313155225,15.1166723030098,2.597402597402599,False
48263,12.0,38.9,80.7,7.7,78.2,89.6,11.5,12.9,32.5,4.0,0.2393,rural,7.0,35.940142035847146,72.16773757186337,-54.63307406154887,-72.35621521335807,False
48265,15.7,40.3,81.6,8.7,78.1,88.1,12.4,14.7,34.4,4.4,0.7442,micropolitan,8.0,52.310900687633875,68.75634088603314,-28.018261751775455,-31.14754098360656,False
48267,16.9,43.8,82.0,9.9,78.1,87.5,14.8,16.6,36.8,5.0,0.4948,rural,13.0,71.4011949047458,57.809857964152854,11.701048359824142,1.6697588126159602,False
48269,16.1,45.0,80.8,10.4,77.5,87.4,17.5,16.8,37.8,5.3,0.4438,rural,6.0,80.56870702288354,67.31273249915455,5.9181602975989165,-1.2987012987013031,False
48271,25.4,39.2,78.7,8.6,74.9,85.2,12.2,15.8,36.8,4.3,0.6265,rural,7.0,54.34280238980949,54.76834629692256,-2.7392627663172178,-17.34693877551021,False
48273,27.9,31.5,72.3,6.0,71.1,79.9,12.1,14.0,37.1,3.2,0.9924,micropolitan,10.0,24.969000112726864,38.88654041258032,-10.382144064930674,-22.768670309653917,False
48275,19.1,40.3,79.0,8.2,75.8,85.7,15.6,15.6,37.8,4.4,0.6564,rural,10.0,62.09277420809379,54.005326344267836,7.60906323977003,-5.936920222634512,False
48277,14.2,39.9,77.9,7.8,75.5,84.9,16.7,14.3,38.5,4.3,0.8536,micropolitan,15.0,59.753691804757075,35.23207642881299,38.518769022658105,32.42258652094718,False
48279,27.3,38.2,77.2,7.9,73.8,83.7,15.2,16.6,40.0,4.2,0.8221,rural,15.0,60.31450794724384,29.142712208319246,48.22455191072032,35.52875695732839,False
48281,14.5,38.5,78.8,7.5,76.5,86.9,14.2,14.0,35.1,3.9,0.658,metropolitan,12.0,42.39939127494082,54.187098410551236,-17.483936422049382,9.160305343511453,False
48283,39.7,33.6,71.4,6.9,68.2,76.6,15.3,15.5,38.8,3.8,0.9128,rural,20.0,44.307293428023904,2.9252620899560338,42.57693608386879,24.489795918367346,False
48285,15.4,40.6,80.3,8.4,77.0,87.0,14.4,14.6,36.3,4.4,0.5752,rural,13.0,56.70724833727877,54.04337166046669,0.8285424416638492,-13.358070500927646,False
48287,18.6,40.6,78.8,8.1,75.7,85.3,16.4,15.4,39.8,4.4,0.7856,rural,11.0,66.66384849509639,50.81163341224214,18.735204599256,8.34879406307978,False
48289,15.7,41.6,80.4,8.8,76.9,86.5,15.9,15.3,36.2,4.6,0.6974,rural,16.0,64.97012738135497,38.647700371998646,38.992221846466016,28.756957328385894,False
48291,23.8,35.4,73.2,6.5,71.6,81.2,17.8,13.9,40.1,3.7,0.9739,metropolitan,15.0,47.49746364558674,23.736050050727087,38.28204261075414,58.969465648854964,False
48293,18.1,41.9,79.0,8.4,76.4,85.2,16.6,16.1,39.7,4.7,0.9065,small_town,20.0,72.15646488558224,18.699272911734866,71.55901251268178,63.23529411764706,True
48295,20.1,38.6,78.3,8.0,75.3,85.9,14.5,14.8,36.7,4.1,0.7703,small_town,15.0,51.11317777026266,36.56577612445046,25.194453838349673,8.823529411764703,False
48297,25.3,40.0,76.3,8.5,73.7,83.1,16.8,16.2,39.7,4.4,0.9039,rural,13.0,69.35238417314848,36.322708826513356,47.649644910382136,39.332096474953616,False
48299,12.2,44.8,84.2,10.0,80.6,90.2,12.5,15.7,35.8,4.9,0.6192,small_town,16.0,65.24349002367263,53.455782888062224,13.070679742982747,-6.617647058823529,False
48303,17.6,30.3,72.7,5.4,71.9,82.1,12.6,11.4,35.4,3.0,0.8422,metropolitan,16.0,13.997858189606582,19.109316875211363,5.005072708826513,16.889312977099237,False
48305,21.9,37.5,76.1,7.5,73.8,83.7,15.9,15.2,38.6,4.0,0.6898,metropolitan,19.0,52.88298951640175,11.219141021305376,52.28271897193101,70.32442748091603,False
48307,19.0,40.4,79.8,8.6,76.2,86.1,15.1,15.5,36.4,4.4,0.7897,small_town,14.0,60.8725059181603,45.41342576936084,20.696652012174503,0.735294117647058,False
48309,16.8,34.3,75.4,6.2,74.2,83.4,13.5,12.5,34.8,3.5,0.8861,metropolitan,9.0,24.081276068087025,45.73892458572878,-24.11227595536016,-3.4828244274809137,False
48311,22.3,42.1,79.6,9.5,75.7,85.0,15.9,17.8,38.6,4.9,0.8104,rural,7.0,74.97181828429714,56.65370307744335,17.9573892458573,8.905380333951754,False
48313,21.3,36.1,73.2,6.7,72.2,81.2,16.2,13.1,37.1,3.8,0.9131,rural,16.0,40.02367264119039,18.61050050727088,32.87115319580656,15.120593692022265,False
48315,13.6,46.8,82.3,10.1,78.9,87.3,17.7,18.1,39.1,5.6,0.7315,metropolitan,14.0,84.94532747153646,56.78686168413934,28.305715251944534,39.69465648854961,False
48317,21.8,32.3,73.0,5.5,71.8,83.7,14.0,12.1,36.0,3.0,0.5966,metropolitan,14.0,19.8399278548078,30.343253297260738,-1.082177882989516,16.12595419847328,False
48319,14.4,41.2,82.2,8.8,78.9,89.5,11.5,14.4,33.5,4.3,0.2724,rural,9.0,50.721451921993015,71.22083192424756,-33.9871491376395,-50.7421150278293,False
48321,22.6,39.6,78.2,7.9,75.0,84.7,15.3,16.4,39.4,4.3,0.9758,micropolitan,19.0,61.827866080486984,16.25803178897531,61.244504565437936,64.66302367941712,False
48323,38.8,34.4,73.0,6.6,70.9,79.9,14.2,17.8,43.9,3.6,0.9901,metropolitan,10.0,48.14846127832262,38.956290158944874,17.348664186675684,40.458015267175576,False
48325,21.6,37.1,76.1,6.6,74.7,85.5,12.6,14.4,39.5,3.4,0.741,metropolitan,10.0,37.77195355653252,48.05757524518092,-13.493405478525531,11.545801526717561,False
48327,20.5,44.2,82.6,10.3,78.6,88.2,14.0,17.6,36.5,5.2,0.8606,rural,13.0,71.43501296358924,59.64871491376395,8.623605005072704,-1.484230055658628,False
48329,20.0,30.5,71.3,4.7,71.8,84.1,12.0,10.8,35.9,2.6,0.7397,metropolitan,12.0,11.213504678164805,37.55706797429828,-20.76428812986134,-8.96946564885496,False
48331,17.6,40.2,78.6,8.0,75.4,85.8,15.3,14.9,37.1,4.3,0.798,small_town,14.0,57.3695186562958,42.215505579979705,22.725735542779837,5.882352941176471,False
48333,13.4,40.4,81.4,8.6,77.9,88.4,12.7,14.1,33.0,4.3,0.4693,rural,13.0,49.357456881974976,59.737487318227934,-17.55157253973622,-34.044526901669755,False
48335,24.2,35.4,71.6,6.5,70.9,80.4,16.0,13.3,38.4,3.5,0.6958,small_town,14.0,38.21722466463758,27.56805884342239,22.658099425093,7.352941176470589,False
48337,14.1,38.7,78.9,8.0,75.4,86.0,15.7,13.4,35.0,4.1,0.5959,rural,8.0,48.53173261188141,58.53271897193101,-16.553939803855258,-32.79220779220779,False
48339,14.7,31.9,75.0,5.3,73.8,86.4,11.8,11.4,31.8,2.9,0.5212,metropolitan,,10.49487092774208,59.276716266486304,-59.50287453500169,-46.087786259541986,False
48341,29.3,34.5,73.1,6.5,71.3,81.3,15.7,14.9,39.0,3.6,0.882,micropolitan,17.0,42.16266486303686,12.886794048021645,37.67331755157254,37.340619307832426,False
48343,14.7,42.7,79.9,8.4,77.4,86.2,16.7,15.9,39.0,4.8,0.7792,rural,13.0,72.00146544921655,52.43067297937098,21.778829895164016,13.17254174397032,False
48345,15.1,41.8,81.2,9.1,77.5,87.7,14.4,14.7,35.2,4.5,0.1721,rural,9.0,59.85514598128734,66.06146432194792,-14.457220155563085,-28.896103896103895,False
48347,16.7,35.0,75.4,6.8,73.5,81.3,14.9,13.2,33.2,3.8,0.9952,micropolitan,16.0,32.41742757299064,20.933378424078455,20.93337842407846,15.664845173041893,False
48349,20.8,38.4,76.9,7.6,74.6,83.5,16.6,15.3,38.1,4.2,0.979,micropolitan,12.0,57.251155450343816,41.17348664186676,24.315184308420697,16.939890710382514,False
48351,16.2,46.2,80.8,10.5,76.9,84.0,22.2,18.6,42.8,6.0,0.8463,rural,18.0,94.31011159959418,24.723114643219482,88.56949611092323,88.5899814471243,True
48353,22.9,40.3,77.6,8.5,74.4,83.5,17.3,16.5,40.5,4.6,0.9815,micropolitan,15.0,73.399278548078,30.05157253973622,61.75177544808928,57.741347905282325,False
48355,24.6,36.2,75.7,6.5,74.2,84.5,13.1,15.8,39.7,3.5,0.9351,metropolitan,12.0,40.587306955247435,40.87123774095367,3.9398038552587096,28.101145038167942,False
48357,26.1,34.8,74.4,6.7,72.1,82.3,14.9,14.1,39.2,3.6,0.8244,small_town,17.0,39.967309209784695,14.288129861345961,34.562056137977685,20.220588235294116,False
48359,15.0,36.3,76.3,6.8,74.7,85.8,15.3,13.3,36.1,3.6,0.392,metropolitan,12.0,36.28395896742194,46.12994589110585,-11.667230300980727,13.358778625954194,False
48361,13.4,36.6,76.2,6.7,74.4,84.8,15.7,12.4,38.4,3.6,0.6853,micropolitan,16.0,37.786044414383944,26.972015556307067,22.759553601623267,16.93989071038251,False
48363,16.7,38.6,78.7,8.0,74.9,85.0,16.3,14.4,39.4,4.2,0.8015,micropolitan,16.0,59.206966520121746,29.907845789651674,45.78965167399391,41.53005464480875,False
48365,13.9,39.3,78.1,7.5,76.2,85.9,15.6,13.8,37.4,4.2,0.7331,small_town,13.0,51.857175064817945,47.59469056476158,5.951978356442346,-14.705882352941181,False
48367,12.1,34.0,75.6,5.9,75.0,86.7,12.9,10.7,35.5,3.1,0.2638,metropolitan,,16.799120730470072,62.821271559012516,-58.60669597565099,-41.31679389312977,False
48369,28.6,34.9,75.4,6.8,72.5,83.6,13.4,15.0,37.0,3.6,0.6596,rural,14.0,35.807687972043745,31.31552248900913,14.000676361176868,-0.6493506493506498,False
48371,31.1,36.2,73.3,6.9,71.0,81.4,15.8,16.5,40.2,3.7,0.9049,small_town,19.0,50.583361515049035,6.626225904633074,50.422725735542784,37.5,False
48373,17.3,40.7,77.7,8.1,74.8,84.6,18.9,15.4,39.2,4.3,0.9208,rural,18.0,68.59147784917145,18.246956374704094,68.2786608048698,56.86456400742115,True
48375,23.8,37.6,74.8,7.2,72.8,81.9,17.3,15.3,41.8,4.1,0.9889,metropolitan,10.0,60.49768909931237,41.37639499492729,27.59553601623268,46.087786259541986,False
48377,34.8,42.9,80.0,10.6,75.5,83.7,14.6,22.2,41.0,5.5,0.9933,rural,16.0,80.96325104272348,29.540074399729455,70.34156239431856,65.39888682745826,True
48379,12.4,40.5,80.4,8.3,77.4,87.7,14.6,14.1,35.8,4.3,0.4706,metropolitan,12.0,54.04125803178897,60.684392965843756,-13.493405478525531,9.637404580152676,False
48381,14.0,32.8,74.7,5.6,74.1,85.7,12.0,10.8,35.1,3.0,0.3519,metropolitan,14.0,13.532859880509525,37.821271559012516,-19.174839364220496,-5.725190839694658,False
48383,27.0,34.3,73.9,5.9,72.2,84.0,13.1,14.5,39.1,3.2,0.5052,rural,12.0,32.24270093563296,38.100270544470746,-1.6909029421711175,-14.842300556586267,False
48385,18.3,45.5,82.5,10.5,78.5,87.7,16.4,18.3,38.1,5.4,0.783,rural,18.0,80.68988840040582,35.773165370307744,60.53432532972607,55.75139146567719,False
48387,14.3,44.8,81.3,9.7,78.0,86.4,17.5,16.9,38.5,5.3,0.6895,rural,18.0,80.63916131214069,32.85001690902943,65.23503550896179,60.296846011131734,True
48389,37.3,35.6,72.7,7.0,70.1,79.9,15.6,17.6,40.7,3.8,0.9548,micropolitan,16.0,52.508172697553825,16.95130199526547,49.81400067636118,51.00182149362478,False
48391,24.3,40.8,79.3,8.6,75.6,85.4,15.0,17.6,39.7,4.6,0.9653,rural,13.0,69.43411114868674,45.9862191410213,30.030436252959078,22.170686456400745,False
48393,11.0,36.3,78.5,6.9,76.1,88.1,12.4,11.6,33.7,3.5,0.0576,rural,7.0,23.258369969563745,65.76766993574569,-58.09942509299967,-70.22263450834879,False
48395,17.4,40.8,79.3,8.0,76.7,86.2,15.7,15.4,37.9,4.5,0.8546,metropolitan,16.0,62.47322737008229,35.22150828542442,41.849847818735206,59.82824427480915,False
48397,11.3,30.5,74.2,4.5,74.5,87.7,10.0,9.4,35.1,2.5,0.1164,metropolitan,,7.005974523729005,64.23740277308082,-69.9357456881975,-60.40076335877863,False
48399,19.3,38.2,78.5,7.8,75.2,85.9,14.3,14.7,35.9,4.1,0.5148,metropolitan,15.0,47.7933716604667,36.93988840040582,20.02029083530605,42.84351145038168,False
48401,16.9,39.0,76.7,7.1,74.5,84.4,16.1,13.9,37.5,4.0,0.7973,micropolitan,16.0,49.54627437718408,25.264203584714238,39.83767331755158,35.70127504553734,False
48403,12.5,45.9,82.7,10.4,79.0,88.2,16.2,16.6,35.5,5.4,0.5609,rural,16.0,75.4565437943862,48.909367602299625,30.774433547514363,23.191094619666046,False
48405,17.5,49.7,82.5,11.9,78.4,85.2,21.8,20.9,43.5,6.8,0.9885,rural,12.0,96.99864727764627,56.687521136286776,37.57186337504226,37.29128014842301,False
48407,17.6,42.7,79.6,9.0,76.5,85.3,17.5,16.4,39.0,4.8,0.8091,metropolitan,17.0,76.0652688535678,28.2993743659114,67.43320933378425,77.86259541984734,True
48409,24.9,38.0,75.0,6.8,72.7,83.8,14.4,15.4,41.3,3.6,0.9249,metropolitan,18.0,48.92064028858076,12.377409536692596,46.56746702739263,66.79389312977099,False
48411,20.7,38.2,77.2,8.2,74.0,83.4,14.9,14.2,35.8,4.2,0.6389,rural,15.0,50.687633863149586,29.208234697328376,36.38823131552249,22.17068645640074,False
48413,22.5,37.1,78.1,7.4,75.2,86.6,12.3,14.8,36.0,3.8,0.5803,rural,17.0,38.913313042498025,27.07558336151505,24.382820426107543,8.534322820037106,False
48415,21.3,35.3,75.4,6.7,73.5,83.9,14.2,13.6,38.1,3.6,0.5332,micropolitan,15.0,35.95423289369857,27.603990530943527,19.27629354075076,12.750455373406197,False
48417,11.4,36.8,78.8,7.0,76.5,87.7,12.5,12.3,33.8,3.6,0.3936,rural,19.0,26.88817495209108,29.10466689212039,7.169428474805546,-4.8237476808905395,False
48419,18.9,42.0,78.5,8.5,75.8,83.8,18.5,16.4,41.1,4.8,0.8778,small_town,18.0,78.45507834516967,18.92754480892797,78.15353398714913,72.05882352941177,True
48421,20.9,34.2,76.1,6.5,73.5,85.4,12.3,12.9,35.4,3.3,0.6309,rural,13.0,23.590914214857403,39.95815015218126,-14.000676361176868,-23.654916512059366,False
48423,15.3,36.4,76.9,6.5,75.5,85.5,13.6,13.2,37.5,3.7,0.8234,metropolitan,12.0,34.34505692706572,46.5780351707812,-14.947582008792697,8.87404580152672,False
48425,13.4,36.6,78.0,6.9,75.8,87.4,13.4,12.3,34.3,3.5,0.5135,rural,,27.246082741517302,66.68498478187352,-55.66452485627324,-69.38775510204081,False
48427,43.5,36.6,72.7,7.6,70.3,77.7,16.9,20.0,45.0,4.2,0.9905,micropolitan,20.0,66.34539510765416,3.6354413256679043,70.27392627663173,73.58834244080145,True
48429,18.4,37.7,77.0,7.7,74.1,83.8,15.6,13.8,36.3,4.0,0.9898,small_town,17.0,47.30864615037763,19.18963476496449,41.59621237740954,28.30882352941176,False
48431,15.6,31.1,74.4,5.1,73.3,86.7,11.2,10.5,33.2,2.7,0.1419,rural,13.0,8.34178784804419,42.95316198850186,-32.73588096043287,-33.30241187384045,False
48433,17.2,42.7,81.4,9.4,77.6,87.2,15.0,15.8,35.8,4.9,0.2994,rural,5.0,67.30639161312142,67.62977680081164,-7.947243828204265,-19.48051948051949,False
48435,27.2,39.2,78.4,8.2,74.9,85.3,14.0,17.4,38.3,4.2,0.7687,rural,13.0,58.21778829895164,43.473114643219475,21.7450118363206,10.29684601113172,False
48437,26.5,39.3,75.5,8.2,73.1,81.0,17.6,16.6,40.5,4.4,0.9103,rural,18.0,70.20629015894488,10.914778491714577,73.01318904294894,61.873840445269025,True
48439,16.8,31.4,72.7,5.1,72.6,84.9,12.7,11.7,33.2,3.0,0.7585,metropolitan,16.0,12.972043738022771,22.765894487656407,1.318904294893473,12.595419847328245,False
48441,15.7,32.7,73.7,5.8,72.9,83.2,12.9,11.2,34.3,3.1,0.7591,metropolitan,15.0,15.144854018712662,26.85365235035509,-0.13527223537369082,12.786259541984734,False
48443,16.8,39.6,81.6,7.8,78.4,90.2,9.2,15.0,33.8,3.7,0.0859,rural,7.0,39.237402773080824,71.19546838011499,-48.69800473452824,-66.51205936920223,False
48445,29.2,37.6,75.3,7.6,72.5,81.6,16.7,16.4,40.7,4.2,0.9828,small_town,18.0,62.16322849735092,10.635779506256341,63.544132566790665,53.30882352941177,True
48447,13.1,43.1,81.7,9.7,78.0,87.6,14.9,15.4,35.5,4.9,0.1581,rural,7.0,67.11193777477173,70.316198850186,-12.089956036523503,-24.21150278293137,False
48449,24.8,37.8,76.5,7.5,73.8,82.8,16.5,15.6,38.6,4.2,0.8995,micropolitan,13.0,57.070792469845564,36.35441325667907,32.76969901927629,26.047358834244086,False
48451,19.3,34.8,75.2,6.4,73.8,84.6,12.8,12.9,36.8,3.4,0.8113,metropolitan,12.0,26.851538721677375,40.73173824822455,-12.157592154210352,9.208015267175576,False
48453,13.9,26.6,70.2,4.1,72.7,86.5,9.5,9.0,30.4,2.2,0.5702,metropolitan,,2.384173148461278,57.83310787960771,-62.56340886033141,-56.10687022900763,False
48455,14.5,43.9,81.5,9.5,77.8,87.1,16.8,16.4,37.7,5.0,0.9185,rural,17.0,75.97508736331868,37.876225904633074,51.792357118701375,45.54730983302412,False
48457,17.3,42.0,78.0,9.0,75.0,83.0,19.3,15.3,38.7,4.8,0.9319,rural,14.0,75.75245180926616,36.08175515725397,55.02198173824822,48.051948051948045,False
48459,14.1,38.8,78.2,7.7,75.2,85.2,16.6,13.9,37.6,4.2,0.6017,metropolitan,16.0,54.745800924360275,30.80402434900237,39.16131214068312,58.68320610687022,False
48461,27.2,37.9,76.5,7.7,72.9,82.6,16.6,16.6,40.9,4.2,0.77,rural,13.0,63.349678728440985,35.71821102468718,42.13730131890429,30.98330241187384,False
48463,28.5,35.5,75.6,7.0,73.0,82.9,13.1,15.7,40.1,3.7,0.9911,micropolitan,16.0,43.61402322173374,20.70722015556307,34.96787284409875,33.1511839708561,False
48465,32.3,33.0,73.2,6.4,70.7,81.0,13.0,15.6,37.8,3.4,0.9437,micropolitan,14.0,33.138879494983655,28.00769360838688,15.18430842069665,7.4681238615664824,False
48467,13.9,38.8,78.4,7.7,75.7,86.1,15.6,13.4,36.0,4.0,0.5714,rural,16.0,47.39319129748619,33.86878593168752,25.329726073723364,11.410018552875695,False
48469,22.5,35.4,76.4,6.8,73.6,84.6,13.9,14.5,37.2,3.7,0.9198,metropolitan,9.0,37.29004621801375,47.229032803517086,-12.445045654379442,12.213740458015266,False
48471,18.1,36.2,73.0,6.4,72.6,80.8,16.2,13.3,39.3,3.6,0.9392,micropolitan,18.0,41.57366700484725,10.01648630368617,37.774771728102806,37.340619307832426,False
48473,17.6,31.2,70.6,5.0,73.4,82.0,12.2,11.1,36.6,2.9,0.8317,metropolitan,14.0,14.155675797542552,29.523165370307744,-5.005072708826512,7.538167938931297,False
48475,26.0,34.8,74.1,6.4,72.4,83.0,14.5,14.4,37.6,3.5,0.7235,small_town,16.0,35.47514372675008,19.772996280013526,25.938451132904973,13.60294117647059,False
48477,13.2,38.5,79.3,7.2,77.3,87.0,12.1,13.2,35.7,3.8,0.6522,micropolitan,,35.78796077105174,69.88079134257694,-51.741630030436255,-58.105646630236784,False
48479,36.2,31.6,72.1,5.8,70.8,80.8,12.7,16.1,42.1,3.2,0.9831,metropolitan,18.0,36.38259497238192,8.331924247548192,31.450794724382817,53.33969465648855,False
48481,21.3,38.1,77.5,7.3,75.0,84.9,14.2,15.0,40.0,4.0,0.9456,micropolitan,13.0,51.327358809604334,41.31932702062902,16.892120392289485,8.37887067395264,False
48483,17.3,39.8,78.9,8.3,75.7,85.6,16.0,14.7,37.2,4.3,0.9045,rural,12.0,59.347875098635996,49.61109232330064,11.667230300980727,-1.5769944341372906,False
48485,15.9,34.8,74.4,6.2,73.9,83.0,14.6,12.1,35.3,3.4,0.8167,metropolitan,15.0,25.30999887273137,27.31019614474129,8.21778829895164,26.62213740458015,False
48487,21.3,40.3,77.5,8.5,74.8,83.1,18.2,16.5,39.6,4.7,0.9561,small_town,17.0,73.71491376394995,19.259384511329053,72.91173486641866,64.33823529411765,True
48489,40.8,36.5,73.1,7.7,70.1,78.0,16.4,18.8,43.2,4.2,0.985,micropolitan,18.0,64.60376507721791,8.023334460601962,67.46702739262767,71.03825136612022,True
48491,12.2,29.2,73.1,4.5,75.3,87.6,9.9,9.8,32.6,2.4,0.3207,metropolitan,,4.779618983203697,63.34122421373013,-69.496110923233,-62.022900763358784,False
48493,17.5,34.2,76.8,6.3,75.4,86.7,12.4,13.1,35.3,3.3,0.2972,metropolitan,9.0,23.65009581783339,54.332938789313495,-39.059857964152854,-16.984732824427482,False
48495,27.6,33.8,73.5,6.1,71.6,83.1,14.1,14.1,37.6,3.3,0.4448,small_town,13.0,31.247886371322284,33.623605005072704,5.140344944200201,-9.191176470588237,False
48497,15.2,34.5,75.4,6.4,74.0,85.3,14.8,11.9,34.1,3.4,0.5422,metropolitan,,24.250366362304135,56.7361345958742,-42.35711870138654,-19.799618320610683,False
48499,13.6,41.2,80.9,8.8,77.6,87.2,14.8,14.6,34.3,4.5,0.7655,rural,14.0,58.1304249802728,52.927375718633755,5.005072708826511,-8.812615955473092,False
48501,27.1,32.6,73.5,6.0,71.7,83.1,12.9,13.5,37.6,3.2,0.587,rural,,26.25126817720663,49.80765979032804,-29.489347311464325,-41.74397031539889,False
48503,15.2,38.1,78.2,7.5,75.5,86.0,14.5,13.4,37.1,3.9,0.5345,small_town,16.0,43.62811407958517,32.4970409198512,22.049374365911394,4.4117647058823515,False
48505,42.8,38.2,74.8,8.4,71.4,78.8,17.1,20.8,43.7,4.6,0.9968,micropolitan,19.0,74.87881862247774,6.609316875211362,79.03280351707812,83.24225865209472,True
48507,42.4,40.6,75.6,9.0,72.2,78.8,18.0,22.6,47.5,4.9,0.909,small_town,19.0,84.24642092210574,7.423063916131213,88.5356780520798,82.72058823529412,True
49001,10.6,29.6,70.3,5.7,70.9,81.0,9.3,9.8,28.5,3.0,0.1457,rural,,5.692706571976102,52.646263104497805,-51.50490361853229,-52.96846011131725,False
49003,10.3,28.9,69.4,5.4,73.8,80.3,9.8,9.3,32.6,2.9,0.1215,micropolitan,9.0,6.025250817269755,46.48080825160636,-40.9367602299628,-51.00182149362477,False
49005,9.7,24.6,64.0,4.3,68.4,75.9,8.1,7.8,27.9,2.4,0.3478,metropolitan,13.0,1.1751775448089279,36.1916638484951,-25.160635779506254,-21.85114503816794,False
49007,11.8,33.6,73.6,7.4,73.5,80.5,11.9,12.8,35.0,3.9,0.6297,micropolitan,17.0,29.602074174275728,17.576936083868787,20.35847142374028,15.482695810564662,False
49009,9.7,39.6,76.1,8.9,76.2,84.9,11.0,13.5,33.1,4.4,0.1849,rural,7.0,47.100101454176524,57.471677375718635,-17.07811971592831,-33.024118738404454,False
49011,8.8,26.9,65.8,4.5,73.2,82.2,7.4,8.2,32.7,2.4,0.0678,metropolitan,,3.159170330289708,56.41274940818397,-59.55360162326682,-52.57633587786259,False
49013,11.2,31.3,68.8,6.4,71.3,79.4,11.8,11.0,31.6,3.4,0.5361,small_town,10.0,13.716041032578064,42.7016401758539,-27.730808251606362,-38.60294117647059,False
49015,9.8,34.0,71.5,6.8,72.1,81.3,11.0,11.2,30.6,3.5,0.2269,rural,16.0,16.6413031225341,23.989685492052754,3.956712884680421,-4.3599257884972165,False
49017,9.0,34.7,74.4,7.3,75.7,84.1,9.3,11.6,28.6,3.7,0.3423,rural,12.0,20.15274489910946,47.856780520798104,-31.68752113628678,-40.63079777365492,False
49019,10.1,33.3,73.1,6.9,72.5,83.2,10.2,11.2,28.3,3.6,0.4582,small_town,16.0,16.125577725171908,25.340294217111936,2.1981738248224527,-3.6764705882352944,False
49021,10.0,27.6,67.6,5.6,71.4,77.5,9.9,9.4,35.3,3.0,0.4114,micropolitan,7.0,8.89696764739037,47.491122759553605,-41.088941494758195,-52.82331511839709,False
49023,9.7,28.5,67.7,5.3,69.2,78.9,10.3,9.0,32.6,2.8,0.0659,metropolitan,,5.582797880734979,52.75405816706121,-51.94453838349679,-42.93893129770992,False
49025,8.4,35.6,75.6,7.3,75.3,84.5,9.3,11.8,33.3,3.7,0.259,rural,13.0,23.650095817833392,46.99230639161312,-26.851538721677375,-36.92022263450835,False
49027,11.7,33.8,72.8,7.1,74.0,81.0,10.8,11.8,34.1,3.6,0.4502,rural,,21.533648968549205,53.27189719310112,-39.16131214068312,-50.09276437847866,False
49029,6.5,27.9,69.2,4.7,71.8,83.4,7.6,8.1,25.0,2.5,0.0,metropolitan,12.0,1.301995265471762,47.57566790666216,-46.22928643895841,-41.98473282442748,False
49031,13.0,40.6,77.5,10.2,75.3,82.2,12.3,15.2,33.0,5.2,0.5402,rural,12.0,59.39860218690112,44.06493067297937,21.711193777477177,10.667903525046384,False
49033,8.6,33.9,73.8,7.3,74.6,83.1,10.1,11.6,32.7,3.7,0.2141,rural,15.0,21.38992221846466,34.49864727764626,-5.968887385864054,-15.30612244897959,False
49035,11.6,27.5,65.8,4.4,69.2,81.6,8.2,8.5,29.9,2.5,0.4512,metropolitan,12.0,2.1756284522601734,37.97556645248562,-27.86608048698005,-24.141221374045802,False
49037,12.0,37.3,72.4,8.0,73.4,78.1,15.7,15.4,34.2,4.7,0.9567,rural,7.0,54.06380340435126,46.825329726073726,9.87487318227933,-2.782931354359931,False
49039,11.8,28.4,68.3,6.1,69.7,76.7,11.2,10.4,29.2,3.3,0.5116,rural,11.0,9.22105737797317,39.41494758200879,-25.769360838687856,-27.179962894248607,False
49041,9.6,32.9,71.6,6.4,73.2,81.3,10.4,10.5,36.4,3.3,0.2886,small_town,14.0,16.61030323526096,35.13062225228272,-10.771051741630032,-19.11764705882353,False
49043,7.3,27.7,72.1,5.0,75.4,85.8,6.6,8.7,19.8,2.5,0.0509,micropolitan,,1.4203584714237403,66.54125803178897,-76.96990192762935,-81.9672131147541,False
49045,10.7,28.8,65.1,4.3,69.6,80.2,9.5,8.9,37.6,2.4,0.1766,micropolitan,10.0,9.257693608386878,42.86227595536016,-31.958065607034154,-44.08014571948998,False
49047,11.3,30.7,68.8,5.8,69.3,77.6,12.6,10.5,35.5,3.2,0.5297,micropolitan,10.0,14.274039003494535,41.93650659452147,-26.07372336827866,-39.70856102003643,False
49049,9.6,23.0,59.6,3.7,68.4,77.4,6.4,6.9,29.7,2.0,0.2555,metropolitan,,1.1864502310900689,52.50676361176868,-54.07507609063241,-48.2824427480916,False
49051,8.4,27.1,71.2,5.0,73.9,84.2,7.3,8.4,24.3,2.6,0.0748,micropolitan,,1.6373576823357008,59.97421373013189,-66.75684815691578,-73.04189435336977,False
49053,10.0,34.2,73.1,6.9,72.5,82.7,8.0,10.7,33.1,3.5,0.3875,metropolitan,11.0,16.666666666666668,44.849086912411224,-28.89753128170443,-12.547709923664126,False
49055,9.0,37.9,75.6,8.3,75.2,83.6,10.7,13.1,34.3,4.2,0.1053,rural,16.0,40.34212602863263,30.1551403449442,21.643557659790325,6.679035250463823,False
49057,11.3,29.4,66.5,4.9,73.1,81.4,9.1,9.0,34.7,2.6,0.3471,metropolitan,,6.025250817269755,52.4940818397024,-51.04835982414609,-41.69847328244275,False
50001,5.9,31.8,76.6,6.0,78.3,86.3,9.9,8.2,27.3,3.2,0.139,rural,,7.180701161086688,75.01690902942171,-85.89786946229286,-90.35250463821892,False
50003,6.1,35.6,77.7,7.3,77.7,86.9,11.9,10.0,30.5,3.7,0.349,rural,10.0,20.68537932589336,67.99332093337841,-64.22049374365912,-75.88126159554731,False
50005,6.6,34.9,76.5,7.1,76.9,85.5,13.7,10.1,31.3,3.7,0.2844,rural,,22.043738022770825,70.38806222522828,-66.41866756848157,-79.12801484230054,False
50007,5.3,25.2,73.5,4.8,75.4,84.5,8.5,6.6,22.7,2.6,0.2205,metropolitan,,1.034268966294668,65.70426107541428,-75.70172472100101,-71.18320610687022,False
50009,8.1,39.9,80.8,9.5,78.2,86.2,16.3,12.5,34.2,4.9,0.4155,rural,9.0,58.36715139217676,71.34130875887723,-24.518092661481234,-40.1669758812616,False
50011,6.8,34.0,75.6,6.8,75.9,85.2,13.0,9.6,36.9,3.4,0.1219,micropolitan,,21.44346747830008,67.70164017585391,-63.17213391951303,-72.67759562841529,False
50013,5.5,35.5,77.1,6.7,77.3,88.1,11.3,9.7,30.7,3.4,0.006,metropolitan,12.0,15.381580430616616,64.26910720324653,-62.529590801488006,-45.61068702290076,False
50015,6.1,29.4,75.8,6.0,73.1,86.0,11.9,8.3,29.2,3.1,0.1409,rural,,7.465336489685494,68.70561379776801,-76.83462969225566,-79.87012987012986,False
50017,6.1,34.3,78.4,6.9,76.6,86.9,12.1,9.7,32.6,3.6,0.0939,rural,8.0,18.008116334122423,70.46626648630368,-70.17247210010146,-80.70500927643785,False
50019,7.1,36.0,79.2,7.6,78.8,85.5,13.9,10.7,33.2,4.0,0.3548,rural,,30.213617405027616,77.14110585052418,-67.12884680419344,-83.48794063079778,False
50021,6.6,36.5,79.3,7.5,78.0,86.2,12.9,10.3,35.5,3.8,0.3955,rural,,28.460714688310222,78.11126141359486,-69.9357456881975,-85.89981447124303,False
50023,5.8,30.3,77.5,6.1,74.8,86.2,11.5,8.9,27.1,3.2,0.161,rural,,7.837335136963137,72.25650997632735,-81.90733851876902,-86.36363636363636,False
50025,6.3,32.5,78.8,7.1,75.4,86.8,12.2,9.8,25.9,3.7,0.3185,rural,10.0,16.444031112614134,67.34443692932025,-66.92593845113291,-76.25231910946196,False
50027,5.7,33.2,79.0,6.7,74.5,87.9,11.1,9.5,28.8,3.6,0.1499,rural,,13.871040468943749,77.85339871491377,-83.02333446060196,-92.11502782931355,False
51001,12.0,47.4,82.3,9.7,82.1,87.8,16.5,18.2,40.0,5.3,0.8597,rural,17.0,83.66024123548642,47.670781197159286,41.6976665539398,38.68274582560297,False
51003,6.4,32.2,78.0,5.7,79.7,88.5,9.0,10.2,28.2,2.9,0.2469,metropolitan,,6.7664299402547625,82.91765302671627,-93.64220493743659,-87.11832061068702,False
51005,8.8,42.5,81.1,9.2,80.6,87.6,16.6,15.1,39.0,4.6,0.3102,small_town,19.0,72.24382820426108,42.735458234697326,38.95840378762258,23.52941176470589,False
51007,10.3,43.0,80.4,8.5,80.1,86.6,17.7,16.6,39.3,4.8,0.3853,metropolitan,16.0,75.5692706571976,48.26471085559689,31.94115657761244,45.27671755725191,False
51009,9.1,41.2,79.9,8.1,80.0,87.2,15.6,15.1,39.3,4.4,0.4022,metropolitan,16.0,64.17540299853455,50.23249915454853,16.4693946567467,35.68702290076335,False
51011,9.0,41.4,79.8,8.1,80.1,87.1,15.8,14.8,38.9,4.3,0.1441,metropolitan,16.0,62.7944989290948,50.230385525870815,14.677037538045326,34.25572519083969,False
51013,6.4,25.9,71.1,3.8,76.5,88.2,7.0,8.0,25.3,1.9,0.1597,metropolitan,13.0,0.6059068876113178,56.60720324653365,-61.24450456543794,-55.34351145038168,False
51015,8.6,38.1,78.8,7.6,80.0,87.4,14.5,13.2,40.8,3.8,0.2129,metropolitan,,48.63882313155225,80.04311802502536,-46.838011498140006,-23.56870229007633,False
51017,10.4,47.3,82.6,11.6,81.2,87.3,19.3,18.4,38.8,5.8,0.1674,rural,11.0,87.67331755157255,72.95823469732838,5.46161650321271,0.5565862708719891,False
51019,7.2,37.8,79.9,7.7,79.7,88.8,13.2,13.5,36.9,3.8,0.0853,metropolitan,7.0,40.90857851425994,80.47429827527901,-57.38924585728779,-32.91984732824428,False
51021,9.0,40.0,79.2,8.3,79.1,87.2,16.0,13.8,36.5,4.1,0.0974,rural,12.0,55.23052643444934,64.92855935069326,-17.822117010483602,-32.745825602968466,False
51023,7.2,39.4,80.4,7.6,80.6,89.1,13.0,13.0,35.1,3.7,0.013,metropolitan,11.0,37.6620448652914,77.356695975651,-58.606695975651,-33.77862595419847,False
51025,12.3,45.6,79.7,8.6,80.9,85.9,17.9,18.2,43.4,5.4,0.8311,rural,18.0,85.8330515161763,35.599847818735206,66.79066621575922,64.4712430426716,True
51027,11.7,44.2,80.3,10.6,79.7,84.9,21.6,17.4,38.9,5.4,0.5975,rural,17.0,86.45868560477963,36.75600270544471,64.52485627324992,62.52319109461966,True
51029,11.2,43.6,78.8,8.3,79.7,85.9,18.4,16.6,43.6,4.8,0.6758,rural,8.0,80.97452372900462,66.47362191410213,8.082516063577955,1.3914656771799798,False
51031,8.7,39.3,79.5,7.8,80.1,87.3,15.3,14.2,35.6,4.1,0.4152,metropolitan,14.0,50.2846353285988,60.96550557997972,-18.261751775448083,6.297709923664115,False
51033,10.1,39.4,77.7,6.7,79.1,86.9,15.2,14.0,41.9,3.9,0.399,metropolitan,16.0,52.85198962912862,42.68261751775448,16.57084883327697,36.92748091603053,False
51035,10.0,43.4,81.1,9.9,80.5,87.2,17.9,15.9,41.4,4.9,0.2797,small_town,12.0,83.04587983316424,68.83454514710854,6.560703415623948,-6.985294117647058,False
51036,9.5,47.7,83.2,9.1,83.0,89.1,16.6,19.4,42.1,5.6,0.2685,metropolitan,14.0,86.23605005072709,68.25329726073723,10.923233006425434,20.89694656488551,False
51037,11.2,45.2,81.3,9.9,81.4,86.4,19.2,18.6,42.6,5.6,0.7436,rural,17.0,90.652124901364,44.650405816706126,54.44707473791004,55.19480519480519,False
51041,8.2,36.5,77.2,5.6,79.3,88.6,11.5,12.4,36.4,3.1,0.2943,metropolitan,,22.162101228722804,78.30994250929996,-76.02299628001353,-55.72519083969466,False
51043,7.4,37.1,80.0,7.1,80.6,89.6,11.7,12.2,32.8,3.5,0.0598,metropolitan,,24.999999999999996,87.32456881974974,-79.1680757524518,-62.02290076335878,False
51045,8.4,40.7,80.7,8.7,80.1,88.0,15.6,14.3,36.5,4.3,0.0589,metropolitan,12.0,59.835418780295335,71.56958065607034,-23.317551572539728,-2.528625954198475,False
51047,10.4,37.4,77.1,6.6,78.6,87.2,13.7,12.8,38.5,3.5,0.4327,micropolitan,10.0,34.77905534888964,62.65006763611768,-40.95366925938451,-48.2695810564663,False
51049,9.2,43.2,81.3,8.4,80.7,88.1,15.4,16.1,39.5,4.7,0.4426,metropolitan,18.0,70.31338067861572,45.6036523503551,31.619885018599938,46.755725190839705,False
51051,11.1,44.3,80.6,10.6,79.4,85.3,20.6,16.9,39.1,5.3,0.4629,rural,18.0,85.68087025138091,34.547260737233685,68.31247886371322,65.95547309833024,True
51053,8.7,40.8,79.0,7.0,80.6,88.0,14.6,14.7,40.7,4.1,0.3261,metropolitan,10.0,56.0365235035509,73.09562056137977,-29.759891782211717,-8.015267175572518,False
51057,10.3,45.9,81.7,8.9,82.3,88.0,16.9,18.0,42.6,5.2,0.8272,rural,19.0,84.33660241235486,43.18354751437267,51.0652688535678,48.51576994434137,False
51059,7.4,29.6,76.2,5.0,77.8,89.5,8.1,10.7,24.0,2.5,0.2412,metropolitan,16.0,3.7650772179010255,45.88053770713561,-41.49475820087927,-35.68702290076336,False
51061,8.1,34.0,77.8,6.2,79.3,88.6,11.5,11.6,32.7,3.1,0.0732,metropolitan,,15.049036185322962,79.45130199526548,-83.29387893134934,-67.74809160305344,False
51063,8.0,39.4,80.4,8.3,80.1,88.2,15.0,13.5,32.7,4.1,0.0929,metropolitan,10.0,47.78491714575583,76.46685830233343,-44.30165708488333,-20.515267175572518,False
51065,7.3,37.3,79.4,6.7,80.8,89.1,12.5,12.6,39.1,3.5,0.0582,metropolitan,12.0,33.66587757862698,73.36193777477172,-58.9110585052418,-33.87404580152672,False
51067,8.6,41.2,81.5,8.7,80.7,88.0,15.0,15.1,34.8,4.4,0.321,metropolitan,16.0,59.09423965731034,55.64761582685154,1.4541765302671692,23.473282442748086,False
51069,9.4,35.1,77.7,6.6,79.0,87.8,13.0,11.8,37.5,3.4,0.2545,metropolitan,16.0,25.901814902491264,44.96956374704092,-21.102468718295572,0.3816793893129784,False
51071,8.6,39.9,79.4,8.1,78.9,87.1,16.0,13.8,36.1,4.1,0.1037,metropolitan,12.0,53.5424416638485,65.54573892458572,-21.034832600608723,0.7633587786259568,False
51073,7.8,38.5,79.3,7.1,80.1,88.6,13.5,12.8,35.8,3.6,0.0344,metropolitan,7.0,34.666328486078235,78.85103145079472,-63.93304024349002,-39.83778625954197,False
51075,6.0,38.4,81.1,6.8,81.5,90.9,10.1,12.2,33.0,3.4,0.0592,metropolitan,,24.210911960320146,91.83716604666893,-80.45316198850186,-63.54961832061068,False
51077,11.5,45.0,81.0,10.4,80.1,86.0,19.8,17.5,41.1,5.3,0.5851,rural,12.0,88.98658550332544,63.67729117348664,21.170104835982414,17.996289424860848,False
51079,9.0,37.6,78.4,7.1,78.9,87.4,14.2,12.7,37.8,3.6,0.2199,metropolitan,,37.26750084545147,76.57676699357458,-58.06560703415623,-33.20610687022901,False
51081,13.0,44.3,76.1,7.5,79.2,84.3,19.2,17.1,45.3,4.8,0.8979,rural,17.0,79.69225566452486,26.980470071017926,72.64119039567129,66.6048237476809,True
51083,11.2,47.4,82.2,10.0,81.1,87.1,18.4,19.3,40.2,5.9,0.7684,small_town,19.0,88.64840491489122,40.16317213391951,60.33141697666554,49.63235294117647,False
51085,6.6,34.9,78.3,6.1,79.2,88.8,11.8,11.6,32.9,3.2,0.0274,metropolitan,,16.43557659790328,82.5879269529929,-84.8833276969902,-70.0381679389313,False
51087,7.8,36.6,77.9,5.7,80.3,88.5,11.4,12.3,32.8,3.3,0.3414,metropolitan,,19.372111374140456,81.77417991207304,-81.8735204599256,-64.40839694656488,False
51089,11.2,45.9,81.8,9.8,81.6,87.0,17.8,18.0,41.9,5.4,0.7757,micropolitan,15.0,88.00022545372563,57.086996956374705,30.70679742982753,25.318761384335147,False
51091,7.3,44.0,84.3,9.9,83.5,91.2,12.8,15.2,33.0,4.6,0.1352,rural,13.0,60.134144966745566,77.36092323300642,-29.86134595874197,-45.91836734693877,False
51093,7.7,39.2,79.6,6.9,80.9,88.9,13.2,13.8,36.6,3.8,0.2243,metropolitan,,39.984218239206406,86.17898207642881,-61.176868447751104,-39.31297709923665,False
51095,6.5,38.4,81.0,7.1,82.6,90.9,9.7,12.5,32.1,3.5,0.1763,metropolitan,,26.020178108443243,92.14152857625973,-79.06662157592154,-61.35496183206107,False
51097,9.5,44.9,81.2,8.9,81.3,87.9,16.4,17.0,40.7,4.9,0.1973,metropolitan,15.0,79.39634764964491,59.74594183293879,16.94284748055462,30.343511450381683,False
51099,8.2,34.3,76.3,5.8,78.5,87.3,13.1,11.6,36.1,3.2,0.0528,rural,13.0,20.037199864727764,57.97894825836997,-48.495096381467704,-59.92578849721707,False
51101,7.9,36.5,77.3,6.3,78.6,87.4,13.8,12.2,34.9,3.4,0.0334,metropolitan,7.0,25.572088828767892,71.11726411903956,-64.30503889076766,-41.98473282442749,False
51103,8.3,49.1,85.4,10.8,84.2,91.1,13.4,18.1,35.1,5.6,0.5075,rural,12.0,71.90846578739713,78.78762259046331,-17.855935069327018,-29.035250463821882,False
51105,12.0,44.4,79.5,10.2,79.2,84.4,21.2,17.3,42.3,5.2,0.8788,rural,15.0,90.24067185210235,43.78381805884342,55.596888738586415,56.40074211502783,False
51107,6.8,29.8,75.0,4.2,79.1,89.6,8.4,9.5,28.1,2.2,0.1059,metropolitan,,2.3869913200315636,78.71998647277647,-92.49239093676023,-87.78625954198475,False
51109,8.6,40.0,79.4,7.5,80.1,88.0,14.9,14.1,36.7,4.0,0.2542,metropolitan,9.0,49.219366475031,74.76327358809604,-40.480216435576594,-16.125954198473266,False
51111,12.5,46.0,80.8,9.5,80.5,86.2,18.9,18.9,46.1,5.5,0.9243,rural,14.0,91.35103145079472,56.524771728102806,34.49442002029084,32.56029684601113,False
51113,8.4,39.4,80.3,7.8,80.3,88.3,14.1,13.7,37.8,4.0,0.1594,rural,11.0,48.72900462180138,73.98757186337504,-39.90530943523841,-57.328385899814464,False
51115,7.4,43.1,83.3,9.2,82.8,90.2,13.1,15.2,35.1,4.6,0.1002,metropolitan,12.0,60.11723593732386,79.5464152857626,-31.924247548190735,-12.69083969465649,False
51117,10.1,46.7,82.3,9.6,82.3,88.1,16.3,18.6,41.2,5.4,0.7308,rural,13.0,84.98196370195018,69.76031450794724,7.33851876902267,1.855287569573278,False
51119,7.7,45.0,83.9,9.8,83.9,90.7,13.1,16.5,37.8,5.0,0.3042,rural,11.0,70.06819975200091,81.98977003719986,-22.455191072032463,-34.41558441558442,False
51121,7.7,29.4,71.9,5.3,75.3,81.1,11.8,9.6,28.0,2.7,0.2873,metropolitan,16.0,5.334798782549882,29.476665539398038,-12.106865065945213,-7.251908396946566,False
51125,8.3,43.4,82.5,9.1,82.3,89.7,13.7,15.6,35.2,4.6,0.2536,metropolitan,11.0,61.87295682561154,79.53161988501859,-29.793709841055133,-11.164122137404576,False
51127,7.2,35.6,77.3,6.1,79.1,88.6,12.3,11.9,35.1,3.2,0.0025,metropolitan,,20.265471761920868,79.86134595874196,-79.20189381129522,-60.7824427480916,False
51131,10.0,47.1,83.7,9.8,83.1,89.6,14.4,18.5,39.5,5.4,0.79,rural,17.0,78.58471423740279,52.59342238755495,28.42407845789652,21.61410018552877,False
51133,7.6,46.5,84.5,9.9,84.5,91.6,12.0,16.8,36.0,5.0,0.1922,rural,12.0,67.23311915229401,80.11920865742306,-23.706459249239103,-36.54916512059368,False
51135,11.7,43.2,77.7,7.9,79.7,85.2,18.0,16.7,43.5,4.7,0.8425,metropolitan,10.0,77.95062563408858,59.60855596888738,15.860669597565092,29.293893129771007,False
51137,8.7,38.4,79.2,7.1,80.5,88.1,13.7,12.9,37.1,3.7,0.2593,metropolitan,,37.72122646826739,82.20536016232668,-63.00304362529591,-39.50381679389313,False
51139,9.5,40.0,79.5,8.4,79.1,86.7,17.0,14.1,34.6,4.2,0.363,rural,10.0,56.82561154323076,68.02925262089956,-21.84646601285086,-36.82745825602968,False
51141,9.8,43.4,82.3,10.1,80.5,87.9,17.2,16.4,39.9,5.1,0.2558,rural,18.0,81.23943185661143,44.95265471761922,43.997294555292534,40.1669758812616,False
51143,10.2,45.9,81.1,9.5,81.4,87.0,18.1,17.5,41.6,5.2,0.7054,micropolitan,15.0,86.670048472551,57.28779168075753,29.08353060534325,23.861566484517297,False
51145,7.1,37.6,78.6,6.7,80.0,89.0,12.8,12.1,36.4,3.4,0.0022,metropolitan,,28.288806222522826,84.09917145755833,-74.73791004396347,-54.29389312977099,False
51147,10.2,35.8,75.7,6.6,77.1,80.8,14.6,13.5,37.2,3.9,0.6106,small_town,17.0,38.039679855709615,23.241460940142037,26.682448427460265,12.132352941176471,False
51149,10.9,34.0,71.9,5.4,76.5,83.4,13.8,11.5,38.4,3.1,0.3805,metropolitan,,22.818735204599253,57.160973960094694,-44.67365573216097,-22.80534351145038,False
51153,10.4,32.8,75.3,4.8,79.3,88.0,11.1,11.4,34.3,2.7,0.4117,metropolitan,16.0,11.148686732048247,41.57084883327697,-28.30571525194454,-16.603053435114504,False
51155,8.5,39.3,79.8,8.3,80.0,87.2,15.7,14.1,35.7,4.2,0.2011,micropolitan,11.0,54.16243940931124,70.9376056814339,-29.252620899560362,-32.42258652094717,False
51157,7.8,42.0,82.1,8.9,81.6,89.5,13.5,14.7,35.2,4.4,0.0573,metropolitan,10.0,57.12715590125126,81.4782718971931,-37.53804531619885,-17.938931297709928,False
51159,12.5,42.5,77.0,8.0,78.7,85.8,17.3,15.1,37.1,4.5,0.5485,rural,13.0,65.26321722466464,50.10356780520798,18.227933716604667,6.864564007421151,False
51161,7.2,36.3,79.4,6.9,80.7,88.7,11.9,12.0,34.4,3.4,0.1333,metropolitan,,23.404914891218578,86.19589110585054,-80.3686168413933,-63.45419847328245,False
51163,7.7,40.9,81.0,8.7,80.6,88.7,13.8,14.0,34.0,4.2,0.125,rural,13.0,51.82053883440424,71.64144403111263,-32.938789313493416,-49.350649350649356,False
51165,9.7,36.6,78.3,7.2,78.8,86.5,13.9,12.3,33.1,3.6,0.2526,metropolitan,14.0,29.128621350467814,53.280351707811974,-31.856611430503893,-7.156488549618317,False
51167,10.0,42.9,80.1,9.5,79.2,86.1,19.0,15.7,39.6,4.8,0.3468,rural,18.0,79.69789200766543,36.65877578626987,57.25397362191411,52.319109461966605,False
51169,10.1,43.6,80.8,10.1,80.1,86.2,18.6,16.4,38.3,5.0,0.4712,metropolitan,17.0,80.18825386089505,43.14550219817382,46.39837673317553,57.34732824427481,False
51171,10.4,38.7,79.4,8.3,79.4,86.8,15.9,14.1,36.2,4.2,0.4298,small_town,10.0,54.33152970352835,67.32541427122084,-23.740277308082504,-45.220588235294116,False
51173,9.9,40.9,80.1,9.3,79.4,85.9,18.3,15.4,38.1,4.7,0.6841,rural,9.0,73.28936985683688,68.73520459925601,-3.7538045316198776,-12.987012987012989,False
51175,8.7,43.2,80.7,7.8,81.3,88.5,15.0,15.9,38.4,4.5,0.4279,small_town,12.0,63.33558787058956,73.05546161650321,-20.764288129861356,-37.49999999999999,False
51177,9.4,36.5,76.2,5.9,78.3,87.4,12.8,12.6,40.3,3.2,0.2654,metropolitan,,31.295795288017132,71.56958065607034,-59.40142035847141,-34.780534351145036,False
51179,8.8,31.5,75.2,4.8,77.4,87.5,11.0,10.7,35.7,2.7,0.2428,metropolitan,12.0,10.621688648404914,57.38924585728779,-56.00270544470747,-42.461832061068705,False
51181,8.5,45.8,82.5,8.6,82.6,89.4,14.4,17.3,39.9,5.0,0.448,metropolitan,14.0,73.71773193552023,69.74974636455867,-4.802164355765981,9.351145038167928,False
51183,11.7,43.5,77.2,7.4,79.9,85.2,17.1,16.2,45.5,4.6,0.7385,metropolitan,10.0,74.2362755044527,59.13298951640176,12.96922556645248,27.719465648854964,False
51185,10.0,43.1,79.6,9.3,80.1,85.7,18.1,15.9,40.4,4.7,0.5883,small_town,14.0,79.53725622815917,55.59054785255326,24.095366925938457,8.088235294117652,False
51187,9.5,36.1,76.8,7.0,77.6,86.3,15.0,12.7,38.0,3.5,0.496,metropolitan,7.0,36.10641415849397,63.575836996956376,-40.41258031788975,-14.790076335877863,False
51191,8.0,40.0,80.0,8.3,80.1,87.7,14.8,13.8,38.3,4.1,0.2549,metropolitan,14.0,55.06707248337279,63.8379269529929,-16.266486303686158,5.438931297709928,False
51193,11.2,45.4,82.7,10.0,82.4,88.1,17.1,18.3,41.0,5.5,0.8193,rural,13.0,86.32623154097621,68.84511329049712,10.043963476496444,5.287569573283861,False
51195,10.9,41.8,76.8,8.6,78.3,84.2,19.4,15.1,43.5,4.4,0.8046,rural,14.0,77.77026265359036,43.358978694622934,43.997294555292534,39.6103896103896,False
51197,8.6,40.3,79.6,8.5,79.5,86.9,16.7,14.3,38.8,4.3,0.4139,small_town,11.0,64.15567579754256,69.04379438620222,-14.22049374365912,-32.904411764705884,False
51199,6.7,33.4,78.1,5.7,80.5,89.2,10.0,11.1,31.5,2.9,0.1543,metropolitan,,10.283508059970691,84.57473791004398,-91.64693946567466,-82.91984732824427,False
51510,7.9,30.3,73.1,4.4,78.0,88.6,9.0,9.9,32.0,2.4,0.3178,metropolitan,13.0,4.466801938902041,57.385018599932366,-60.39905309435238,-52.3854961832061,False
51520,9.6,41.0,79.5,8.7,79.6,86.2,17.2,14.8,39.2,4.5,0.7696,metropolitan,14.0,69.74129184984781,56.32186337504227,13.070679742982755,30.200381679389302,False
51530,10.0,36.2,76.7,7.5,77.4,82.9,15.8,12.9,37.0,3.9,0.4983,small_town,13.0,42.45011836320595,45.43456205613798,-2.468718295569829,-26.838235294117652,False
51540,7.7,30.2,73.3,5.1,77.2,83.7,11.1,10.4,33.0,2.8,0.5727,metropolitan,,7.7386991320031555,63.88231315522489,-68.61684139330403,-58.96946564885497,False
51550,8.3,36.5,76.8,5.6,80.5,87.7,12.5,12.8,40.1,3.2,0.4149,metropolitan,,30.613797768008116,78.56357795062564,-68.04193439296586,-44.46564885496184,False
51570,8.7,36.4,77.5,6.4,79.5,87.7,12.8,12.3,37.4,3.4,0.5651,metropolitan,,27.63499041821666,77.16224213730132,-69.6313831586067,-47.23282442748092,False
51580,11.0,42.4,79.2,9.0,79.1,84.6,19.9,16.6,40.7,5.0,0.3128,small_town,19.0,82.4822455191072,27.565945214744673,75.0760906323977,67.6470588235294,True
51590,12.4,47.7,80.5,9.0,81.8,85.6,19.1,19.9,41.7,5.8,0.9796,micropolitan,18.0,89.31631157704881,36.93354751437268,66.95975650997633,58.83424408014572,True
51595,13.3,47.6,80.8,8.8,82.4,86.5,18.6,20.0,44.4,5.9,0.9233,small_town,17.0,90.04621801375269,43.11168413933041,56.62833953331079,47.426470588235304,False
51600,8.4,31.2,75.4,5.0,78.6,88.0,9.2,11.1,31.8,2.5,0.3551,metropolitan,,6.921429376620448,74.1017078119716,-84.76496449103823,-75.38167938931298,False
51610,5.0,29.2,75.9,4.4,79.6,90.4,6.7,8.9,29.1,2.2,0.2189,metropolitan,,2.012174501183632,81.45713561041597,-95.46838011498141,-91.88931297709922,False
51620,10.6,45.2,80.3,8.1,82.1,86.8,16.8,18.1,43.8,5.2,0.7938,small_town,12.0,81.29579528801713,67.90032127155901,5.884342238755508,-9.558823529411768,False
51630,8.8,30.2,72.5,4.8,76.8,83.8,11.7,10.2,39.5,2.7,0.7636,metropolitan,,15.632397700371998,61.09443692932026,-57.423063916131206,-40.17175572519085,False
51640,13.2,40.9,77.7,8.6,78.5,84.2,19.2,16.3,39.4,4.7,0.9532,small_town,12.0,75.31281704430167,49.87952316537031,29.117348664186686,14.338235294117638,False
51650,9.7,39.9,77.5,6.4,81.3,86.4,14.1,15.0,40.3,4.1,0.748,metropolitan,16.0,51.90226580994251,45.22108555968887,10.652688535678053,32.729007633587784,False
51660,13.0,27.8,68.0,5.0,74.3,77.3,13.2,10.2,34.0,2.7,0.8648,metropolitan,14.0,9.764964491038215,30.700456543794385,-10.601961447412917,-1.2404580152671763,False
51670,13.6,43.4,77.9,8.1,79.7,84.1,20.3,17.7,45.8,5.1,0.8801,metropolitan,20.0,84.4831473340097,21.597057828880622,82.68515387216775,89.98091603053435,True
51678,7.4,25.3,69.7,4.4,74.7,79.3,9.2,7.8,29.1,2.3,0.0474,small_town,13.0,1.558448878367715,42.96161650321271,-37.284409874873184,-44.48529411764706,False
51680,8.9,32.5,72.9,5.4,77.2,81.8,12.3,11.0,36.4,3.2,0.7066,metropolitan,13.0,16.2608499605456,43.800727088265134,-27.1897193101116,-11.354961832061072,False
51683,15.3,30.9,73.5,4.9,75.8,85.8,12.0,12.0,35.8,2.7,0.4884,metropolitan,16.0,14.003494532747155,27.728694622928643,-2.671626648630369,9.541984732824428,False
51685,17.8,33.1,72.9,5.3,75.8,84.2,13.8,13.8,38.6,3.0,0.6532,metropolitan,16.0,28.116897756735426,23.290074399729455,14.744673655732162,34.2557251908397,False
51690,12.2,44.9,79.5,8.4,80.7,85.6,19.1,18.6,44.9,5.3,0.9297,micropolitan,15.0,86.56295795288018,48.60500507270883,42.74602637808589,36.247723132969035,False
51700,10.3,37.6,75.3,5.9,79.3,85.3,14.1,13.5,40.8,3.6,0.8406,metropolitan,11.0,40.973396460376506,55.99847818735205,-22.117010483598236,4.770992366412223,False
51710,10.8,36.2,74.5,5.5,78.7,83.5,13.7,12.7,40.3,3.4,0.8594,metropolitan,16.0,32.975425543907114,31.150659452147444,10.686506594521472,32.729007633587784,False
51720,10.5,40.0,77.3,8.1,78.0,83.7,19.8,14.9,40.8,4.4,0.769,small_town,14.0,71.13346860556872,43.238501859993235,36.8616841393304,19.48529411764705,False
51730,11.8,46.4,79.7,7.4,82.7,86.6,16.9,19.2,46.6,5.4,0.9733,metropolitan,19.0,80.60816142486755,36.62073047007102,58.336151504903626,68.70229007633588,False
51735,6.3,34.8,78.0,6.4,79.5,89.1,11.2,11.0,33.2,3.1,0.0038,metropolitan,,15.17021756284523,83.07617517754481,-86.23605005072709,-72.13740458015266,False
51740,10.9,40.5,77.5,6.7,79.7,85.5,16.4,15.8,40.8,4.3,0.8355,metropolitan,20.0,62.301318904294895,26.18785931687521,54.54852891444031,70.89694656488548,False
51750,9.2,27.5,65.9,4.9,74.0,75.8,14.0,9.2,34.4,2.6,0.3408,micropolitan,11.0,10.26659903054898,44.13256679066622,-33.615150490361856,-46.44808743169399,False
51760,10.0,36.2,73.9,5.6,78.2,84.8,14.2,12.9,37.7,3.5,0.8333,metropolitan,16.0,31.1492503663623,32.77181264795401,6.222522827189721,28.912213740458014,False
51770,10.7,39.6,77.5,7.4,78.2,85.9,16.5,15.1,42.0,4.3,0.8521,metropolitan,13.0,64.071130650434,52.003719986472774,13.594859655055807,33.49236641221374,False
51775,7.7,35.4,77.8,6.7,78.8,86.5,13.0,12.0,35.2,3.4,0.3248,metropolitan,,23.900913087588776,76.16249577274264,-72.20155563070679,-51.14503816793894,False
51790,8.1,37.1,78.6,7.0,79.6,87.5,13.5,12.9,36.4,3.7,0.6048,metropolitan,,34.325329726073726,80.1255495434562,-65.60703415623942,-42.08015267175573,False
51800,8.5,39.2,77.3,5.9,80.8,88.0,13.2,13.7,42.5,3.6,0.4788,metropolitan,,43.746477285537146,79.62884680419344,-52.95908014879945,-28.721374045801525,False
51810,8.1,35.4,76.2,5.7,80.1,87.4,11.9,12.3,36.7,3.1,0.307,metropolitan,,21.542103483260064,77.25312817044302,-75.61717957389246,-55.72519083969466,False
51820,10.3,37.6,77.5,7.1,78.6,86.2,15.2,13.2,38.6,3.8,0.7601,metropolitan,,43.805658888513136,70.09849509638147,-41.56239431856611,-15.74427480916031,False
51830,7.8,28.5,72.6,5.1,76.5,81.2,9.7,9.4,31.1,2.7,0.3802,metropolitan,16.0,4.365347762371773,30.489093676022996,-14.068312478863714,-9.541984732824428,False
51840,12.7,37.5,76.9,7.4,78.3,84.4,15.5,14.2,37.6,3.9,0.9033,metropolitan,16.0,47.38473678277533,31.611430503889075,28.40716942847481,50.57251908396947,False
53001,24.0,32.4,69.8,6.8,67.3,77.0,14.0,13.3,37.6,3.8,0.98,micropolitan,13.0,33.801149814000674,30.24179912073047,12.817044301657088,1.8214936247723124,False
53003,8.1,37.4,76.9,8.1,76.2,84.7,13.3,12.6,35.3,4.3,0.4283,metropolitan,15.0,41.878029534438056,41.04244166384849,5.038890767669933,29.103053435114507,False
53005,10.6,29.2,70.3,5.8,71.1,83.2,10.4,10.4,36.2,3.1,0.6405,metropolitan,15.0,12.208319242475483,28.969394656746704,-6.154886709502875,4.580152671755725,False
53007,11.8,32.4,73.2,6.7,71.4,84.1,11.4,10.7,29.1,3.5,0.7999,metropolitan,9.0,14.228948258369968,47.237487318227934,-35.948596550557994,-21.087786259541982,False
53009,7.5,38.8,78.4,8.4,73.1,86.6,11.8,12.1,31.0,4.4,0.5861,micropolitan,16.0,39.51076541539849,41.551826175177546,1.0483598241460967,-9.107468123861565,False
53011,8.0,31.1,72.0,5.6,68.8,83.8,11.0,9.6,35.3,3.0,0.4257,metropolitan,15.0,10.573779731710067,33.777899898545826,-14.237402773080824,-3.435114503816793,False
53013,8.1,36.8,77.5,8.1,74.1,86.1,11.9,12.2,32.4,4.2,0.3576,rural,14.0,34.87487318227934,48.63882313155224,-18.701386540412575,-33.116883116883116,False
53015,9.2,35.4,72.9,7.2,71.5,83.1,13.4,11.4,40.5,3.8,0.7124,metropolitan,13.0,36.159959418329386,40.467534663510314,-1.2512681772066259,23.473282442748086,False
53017,14.0,32.4,71.7,6.6,71.0,82.3,11.7,11.0,35.8,3.5,0.8116,metropolitan,9.0,18.99447638372224,43.2934562056138,-23.97700371998647,-6.488549618320608,False
53019,8.5,41.1,77.6,10.0,73.6,85.5,16.0,15.1,40.2,5.2,0.7159,rural,10.0,75.92154210348328,57.63019952654717,17.28102806898884,8.905380333951761,False
53021,19.6,27.8,67.6,5.3,67.8,77.8,12.1,10.8,35.2,3.0,0.9147,metropolitan,13.0,11.4051403449442,30.41088941494758,-8.792695299289822,2.3854961832061043,False
53023,7.1,37.7,76.9,7.7,74.4,86.4,11.4,11.5,31.0,3.9,0.2456,rural,13.0,28.81016796302559,54.4555292526209,-34.22387554954345,-47.86641929499072,False
53025,17.3,32.7,71.0,6.5,69.5,79.5,12.6,11.5,38.7,3.5,0.931,micropolitan,14.0,24.980272799008002,27.663172133919513,7.304700710179237,-1.4571948998178499,False
53027,9.9,39.4,75.0,8.1,70.4,83.5,15.0,13.6,37.0,4.2,0.8215,micropolitan,14.0,52.44899109457783,36.43895840378762,27.25735542779844,20.036429872495447,False
53029,7.1,34.7,75.7,6.8,73.9,85.9,9.5,10.2,31.3,3.5,0.3032,micropolitan,15.0,15.347762371773193,42.83057152519446,-26.24281366249577,-39.526411657559194,False
53031,5.8,41.0,79.3,9.2,78.7,90.0,9.5,13.1,28.7,4.4,0.3643,rural,16.0,45.95874196821102,54.12580317889753,-12.833953331078803,-28.756957328385894,False
53033,6.8,26.7,68.1,4.0,70.0,85.6,7.2,7.3,22.6,2.3,0.3761,metropolitan,18.0,0.46218013752677267,24.34900236726412,-9.0632397700372,-8.301526717557252,False
53035,7.0,33.2,72.9,5.8,72.1,84.2,10.4,9.8,31.8,3.1,0.3334,metropolitan,13.0,9.649419456656522,45.977764626310446,-37.58877240446399,-26.81297709923664,False
53037,8.1,30.2,70.8,6.1,69.4,80.9,11.1,9.7,34.7,3.2,0.3366,micropolitan,13.0,11.399504001803628,40.304785255326344,-25.735542779844437,-39.70856102003643,False
53039,9.1,34.1,76.6,7.8,71.5,84.8,12.1,11.7,32.9,4.0,0.6414,rural,12.0,28.18453387442227,48.2520290835306,-25.09299966181941,-37.10575139146568,False
53041,9.4,36.3,74.3,7.2,68.7,82.9,14.4,12.1,39.0,3.9,0.7028,micropolitan,10.0,39.03731259159058,47.27553263442678,-10.077781535339867,-18.57923497267759,False
53043,7.2,36.7,76.5,8.1,75.2,86.1,11.7,11.7,37.6,4.1,0.2113,rural,12.0,38.03122534099876,56.624112275955355,-26.783902603990533,-43.970315398886825,False
53045,9.2,36.8,75.5,7.7,72.4,84.3,13.0,12.2,35.9,4.0,0.573,metropolitan,9.0,35.83023334460602,52.32710517416301,-22.556645248562727,3.339694656488547,False
53047,12.3,37.6,74.8,8.6,72.7,82.6,15.5,13.3,32.6,4.5,0.9453,rural,14.0,50.19445383834968,33.591900574907,29.590801487994586,16.141001855287573,False
53049,8.5,42.1,79.5,9.2,74.8,87.0,13.1,14.9,36.4,4.7,0.7038,small_town,16.0,61.15150490361854,43.40759215421035,25.025363544132567,6.25,False
53051,7.8,38.5,76.6,8.8,73.2,85.3,13.6,13.3,38.9,4.5,0.4314,rural,15.0,55.6166159395784,40.74019276293541,23.537368955021982,12.337662337662334,False
53053,8.6,32.3,70.3,5.3,70.4,82.9,11.6,10.6,36.9,3.0,0.5434,metropolitan,16.0,14.496674557547061,26.067382482245517,-0.20290835306053445,12.5,False
53055,6.0,37.0,78.8,8.0,74.1,89.4,8.9,10.9,24.7,3.9,0.1527,rural,9.0,25.61999774546275,71.11515049036186,-64.1866756848157,-78.29313543599258,False
53057,9.9,33.2,74.5,6.9,71.1,84.5,11.4,10.8,33.0,3.6,0.5982,metropolitan,13.0,18.05320707924698,41.73148461278323,-22.218464660128504,-5.5343511450381655,False
53059,7.3,36.2,75.9,7.4,73.8,85.9,12.0,11.2,32.8,3.8,0.2345,rural,13.0,25.479089166948484,51.46474467365573,-32.9387893134934,-45.17625231910946,False
53061,7.7,29.6,70.8,4.9,71.9,84.8,10.1,9.1,30.6,2.7,0.3557,metropolitan,16.0,4.184984781873521,30.78500169090294,-14.74467365573216,-10.400763358778626,False
53063,7.3,31.1,70.1,6.0,72.8,82.9,11.7,10.2,34.7,3.2,0.5638,metropolitan,16.0,12.55495434562056,29.244166384849507,-6.222522827189719,5.152671755725189,False
53065,8.0,37.6,75.3,8.7,72.9,84.2,14.0,12.6,34.3,4.4,0.4652,rural,16.0,45.871378649532176,31.362022319918836,26.902265809942513,12.337662337662335,False
53067,7.3,34.5,71.6,5.8,69.2,84.0,10.2,10.3,31.2,3.1,0.3939,metropolitan,12.0,10.855596888738589,47.10644234020967,-38.65404125803179,-26.335877862595417,False
53069,8.0,42.9,78.8,10.2,75.5,86.7,13.3,14.7,39.1,5.1,0.2039,rural,14.0,69.16356667793936,53.50862360500507,17.111937774771718,7.328385899814478,False
53071,10.8,31.6,72.5,6.5,70.3,81.4,11.1,10.6,34.1,3.4,0.8078,metropolitan,14.0,14.553037988952767,32.85213053770714,-9.43523841731485,5.152671755725194,False
53073,7.8,28.4,72.0,5.7,70.3,82.3,10.8,8.8,26.5,3.0,0.5002,metropolitan,11.0,5.129072257919062,47.38755495434562,-43.79438620223199,-37.21374045801527,False
53075,8.0,23.9,66.4,4.5,67.0,73.7,10.1,7.4,28.5,2.5,0.5186,micropolitan,15.0,1.9896291286213506,30.320003381805883,-15.319580656070345,-24.408014571948996,False
53077,18.8,32.7,71.7,6.5,68.4,79.2,12.9,12.9,39.7,3.6,0.9647,metropolitan,14.0,31.684702964716497,27.31442340209672,14.643219479201894,35.59160305343511,False
54001,9.3,46.4,79.5,9.3,80.5,85.3,21.4,16.9,43.3,4.5,0.4563,rural,19.0,87.16886484049148,34.310534325329726,70.13865404125804,68.73840445269016,True
54003,8.7,39.6,75.8,6.7,79.8,86.9,17.4,13.5,38.7,3.4,0.2704,metropolitan,,47.294555292526205,74.38070679742982,-42.543118025025365,-17.843511450381683,False
54005,9.1,48.1,80.7,9.7,81.0,86.9,21.9,17.3,46.7,4.6,0.4003,metropolitan,20.0,90.94803291624395,39.340970578288804,64.35576597903281,70.0381679389313,True
54007,10.3,49.0,81.3,11.1,81.6,85.9,24.1,19.1,41.5,5.4,0.6013,rural,17.0,94.1945665652125,44.60813324315184,56.898884004058175,59.09090909090909,False
54009,7.4,44.6,81.1,8.7,81.6,88.2,16.9,15.5,40.0,4.1,0.378,metropolitan,16.0,71.66892120392289,58.62149137639499,10.652688535678053,26.812977099236633,False
54011,8.3,39.8,79.4,8.1,80.7,85.2,17.8,14.9,44.1,3.9,0.7276,metropolitan,18.0,67.23875549543457,38.51031450794724,41.95130199526548,57.68129770992367,False
54013,10.6,51.4,83.0,12.5,81.9,86.4,26.2,21.1,40.8,6.0,0.4696,metropolitan,19.0,95.29083530605344,40.73596550557998,64.72776462631045,68.70229007633588,True
54015,10.2,48.4,81.3,10.8,81.0,86.0,24.3,18.8,41.9,5.2,0.538,rural,21.0,93.79720437380227,35.31873520459926,73.77409536692595,75.0,True
54017,9.8,45.5,79.1,9.4,79.8,85.6,21.5,16.4,41.0,4.4,0.2625,rural,14.0,83.84905873069552,54.17441663848495,31.146432194792013,26.066790352504633,False
54019,9.2,45.6,80.6,9.7,80.5,86.9,21.7,17.9,40.5,4.7,0.7019,metropolitan,20.0,87.02513809040693,38.37504227257355,62.59722691917483,70.51526717557252,True
54021,11.4,43.5,75.7,8.2,79.2,83.8,20.7,15.5,42.9,4.1,0.4849,rural,14.0,76.25972269191747,42.79886709502874,43.59147784917147,38.12615955473099,False
54023,8.2,45.6,81.9,9.7,82.0,88.1,19.2,16.6,43.2,4.6,0.2695,rural,16.0,86.26986810957051,58.18608386878592,27.291173486641867,22.44897959183674,False
54025,9.2,46.9,81.4,10.1,81.8,87.6,20.8,17.3,40.4,4.8,0.4537,small_town,19.0,87.57749971818286,43.66122759553602,53.500169090294214,40.808823529411754,False
54027,8.5,46.0,82.1,9.5,80.9,88.0,20.3,16.9,39.2,4.5,0.4699,metropolitan,15.0,81.89606583248789,62.032888062225226,16.4693946567467,28.530534351145022,False
54029,8.0,46.3,81.2,9.2,82.4,88.1,18.6,16.6,44.0,4.4,0.2969,metropolitan,16.0,84.13651223086462,58.21778829895164,24.957727426445743,37.11832061068702,False
54031,9.7,48.7,81.8,10.4,82.2,87.4,21.6,19.0,41.9,5.0,0.3942,rural,18.0,92.49520910833051,45.76428812986135,53.398714913763946,54.45269016697588,False
54033,8.1,43.0,80.1,8.5,81.8,87.4,18.8,15.6,40.2,4.0,0.4703,micropolitan,14.0,71.91973847367828,65.37876225904634,0.47345282380791787,0.364298724954466,False
54035,8.2,46.5,81.2,9.2,81.7,87.3,19.7,17.2,42.8,4.4,0.2934,rural,10.0,85.13696313831586,77.8745350016909,-2.3672641190395467,-9.090909090909093,False
54037,7.7,40.5,76.8,6.8,80.8,88.3,15.1,13.4,38.3,3.3,0.217,micropolitan,12.0,42.77138992221847,67.7777308082516,-39.26276631721339,-44.26229508196721,False
54039,7.8,46.2,79.8,8.7,81.9,88.0,18.9,15.6,40.3,4.2,0.5339,metropolitan,17.0,76.68526659903056,50.92154210348326,28.98207642881298,42.08015267175572,False
54041,9.0,44.2,80.2,9.2,80.4,86.5,21.2,16.9,40.3,4.4,0.5568,small_town,15.0,82.02851989629129,55.68566114305039,26.71626648630368,10.661764705882362,False
54043,10.4,47.2,81.1,10.4,81.3,85.5,24.6,18.5,45.6,5.1,0.3983,metropolitan,21.0,94.6877465900124,33.88780858978695,76.80081163341224,80.62977099236642,True
54045,10.1,47.8,80.9,10.2,80.9,85.7,24.0,18.2,45.0,5.0,0.6624,rural,19.0,94.03111261413595,36.83420696652012,70.51065268853569,71.70686456400742,True
54047,13.9,51.0,80.7,11.8,80.0,83.2,28.7,21.6,46.2,6.1,0.8721,rural,22.0,98.58245970014654,24.09325329726074,90.86912411227595,91.92949907235621,True
54049,7.7,41.9,78.6,7.9,80.8,86.4,17.7,14.7,42.1,3.7,0.4394,micropolitan,15.0,65.0236726411904,55.67297937098411,8.927967534663502,4.553734061930783,False
54051,8.1,45.7,81.5,9.4,81.5,87.5,20.4,16.4,37.5,4.4,0.2167,micropolitan,17.0,77.62089956036523,51.79235711870139,28.643895840378768,24.225865209471763,False
54053,9.1,45.8,81.2,9.7,81.5,86.7,21.9,17.0,41.3,4.7,0.2774,micropolitan,12.0,87.65640852215084,70.56560703415624,8.657423063916127,5.282331511839715,False
54055,8.8,45.3,81.4,9.5,82.1,86.6,21.1,17.2,40.8,4.7,0.7343,micropolitan,19.0,86.10359598692368,42.78618532296246,53.686168413933046,46.265938069216766,False
54057,7.4,43.0,80.6,8.4,81.0,87.9,17.5,15.2,39.3,4.0,0.2135,micropolitan,15.0,67.50366362304136,62.436591139668586,1.1498140006763435,-0.5464480874316848,False
54059,11.7,50.1,80.8,11.5,81.1,84.6,27.6,20.4,43.5,5.7,0.6761,rural,19.0,96.93946567467027,32.54565437943862,79.67534663510315,81.16883116883118,True
54061,7.1,31.9,73.8,5.6,77.1,83.6,13.9,10.8,31.9,2.7,0.3325,metropolitan,18.0,12.507045428925712,25.494589110585054,-1.5218126479540075,9.35114503816794,False
54063,8.8,47.7,82.2,10.3,82.3,87.6,20.5,17.9,41.1,4.9,0.3901,rural,14.0,89.65731033705333,67.09925600270545,15.640852215082859,12.801484230055664,False
54065,8.2,46.7,81.1,9.4,81.9,88.4,19.4,16.8,39.2,4.4,0.1759,metropolitan,12.0,80.51516176304814,75.01902265809942,-5.072708826513363,7.156488549618331,False
54067,8.6,46.6,81.2,9.9,81.0,87.5,20.7,16.8,40.6,4.6,0.2794,rural,20.0,86.01623266824483,41.96398376733175,54.78525532634427,53.246753246753244,False
54069,7.4,42.5,80.4,8.3,81.0,87.5,16.3,15.0,39.5,3.9,0.4741,metropolitan,11.0,63.62585954232893,75.87081501521811,-23.740277308082526,-4.293893129770979,False
54071,8.6,48.4,83.2,10.9,82.9,88.8,19.3,18.2,36.5,5.1,0.2666,rural,19.0,83.01769811746139,47.89693946567467,40.378762259046326,36.82745825602969,False
54073,8.4,43.5,78.5,8.1,79.7,86.6,19.7,14.9,44.0,3.9,0.4295,rural,13.0,72.84691692030212,61.77291173486642,7.3216097396009445,-2.2727272727272663,False
54075,10.0,49.9,82.7,11.4,81.5,87.3,22.2,19.2,40.6,5.4,0.5546,rural,11.0,92.934843873295,73.91148123097733,8.657423063916127,5.84415584415585,False
54077,9.4,43.1,78.4,8.5,79.5,86.1,20.6,15.3,37.7,4.1,0.4591,metropolitan,11.0,69.87374591365123,63.590632397700375,1.640175853905987,17.557251908396964,False
54079,6.9,43.7,79.0,7.5,82.3,88.3,16.3,14.1,38.3,3.6,0.077,metropolitan,,54.452711081050616,87.10897869462293,-43.32093337842407,-25.477099236641223,False
54081,9.5,47.2,80.1,9.5,81.9,86.4,20.5,17.7,43.1,4.7,0.7887,metropolitan,14.0,88.94713110134144,60.986641866756855,24.89009130875887,33.87404580152671,False
54083,9.0,45.7,79.6,9.1,79.8,86.2,20.0,16.0,45.9,4.3,0.5189,micropolitan,13.0,83.96460376507723,61.88916131214068,18.870476834629685,16.575591985428048,False
54085,9.6,47.6,81.8,10.5,81.6,86.7,23.3,17.9,42.9,5.0,0.2609,rural,18.0,93.02502536354412,44.187521136286776,56.81433885694961,58.534322820037104,False
54087,10.3,49.1,81.5,11.0,80.8,86.1,23.9,19.4,41.6,5.3,0.6141,rural,18.0,94.12411227595537,40.678897531281706,64.051403449442,66.41929499072356,True
54089,10.0,48.9,82.4,11.0,82.5,87.4,22.6,19.4,39.8,5.4,0.6752,rural,18.0,91.43557659790328,46.00524179912073,52.045992560027045,52.411873840445274,False
54091,9.0,44.9,80.0,9.0,80.3,86.7,20.5,15.9,42.0,4.3,0.3538,metropolitan,17.0,81.61143050388908,45.06679066621576,44.318566114305035,55.29580152671756,False
54093,7.8,48.1,82.4,9.9,82.7,89.2,18.5,16.9,39.3,4.6,0.2615,rural,14.0,82.41179122985007,70.96719648292189,2.654717619208654,-4.267161410018545,False
54095,8.1,48.0,82.3,10.0,82.2,88.2,20.2,17.6,42.8,4.7,0.1349,rural,17.0,89.69112839589674,53.8468041934393,37.6056814338857,35.52875695732838,False
54097,8.9,44.9,79.9,9.4,81.0,85.9,20.9,16.5,36.6,4.4,0.6045,small_town,15.0,76.52744899109457,54.675346635103146,23.2668244842746,6.985294117647044,False
54099,9.0,46.5,81.0,9.7,81.6,86.7,21.5,16.9,42.6,4.6,0.3694,metropolitan,17.0,88.32431518430842,48.068143388569496,45.41765302671627,53.244274809160295,False
54101,10.4,49.9,82.6,11.5,82.0,86.7,24.2,19.5,42.9,5.5,0.4916,rural,19.0,95.93901476721902,41.44614474129185,63.34122421373013,66.41929499072356,True
54103,8.6,45.6,81.1,9.7,81.0,87.2,20.6,16.7,42.4,4.6,0.3201,small_town,18.0,87.01950174726637,45.53390260399053,49.13763949949273,34.92647058823528,False
54105,8.6,47.6,81.9,10.4,81.6,87.6,21.4,18.1,42.8,4.9,0.2552,metropolitan,14.0,91.95693833840603,66.76952992898208,18.261751775448076,24.427480916030547,False
54107,7.9,45.3,80.0,9.0,82.2,87.7,18.9,16.6,43.5,4.2,0.3869,metropolitan,17.0,81.54097621463194,50.91520121745012,33.71660466689212,45.324427480916036,False
54109,10.5,49.7,80.6,10.7,80.8,85.6,24.6,18.7,44.6,5.1,0.5173,metropolitan,20.0,95.31619885018601,33.894149475820086,77.27426445722016,80.8206106870229,True
55001,9.3,43.5,82.4,10.6,80.5,87.8,17.5,16.7,40.3,5.0,0.5259,rural,13.0,83.02333446060196,68.86202231991882,6.374704091985123,0.18552875695732496,False
55003,8.2,36.3,80.2,8.4,78.0,85.0,17.3,13.9,41.2,4.3,0.4852,small_town,,62.242137301318905,74.28136624957727,-23.824822455191068,-40.07352941176471,False
55005,8.0,36.6,80.5,8.3,78.5,86.5,15.4,13.2,38.3,4.1,0.4009,rural,,50.38327133355878,79.74721001014541,-44.13256679066621,-61.59554730983302,False
55007,6.2,41.2,83.2,9.1,80.8,89.6,13.3,13.9,39.1,4.3,0.097,rural,,59.86078232442791,92.17534663510315,-37.521136286777136,-52.5974025974026,False
55009,8.2,31.5,76.7,6.2,77.6,85.2,13.4,10.5,41.1,3.1,0.3007,metropolitan,11.0,24.79427347536918,57.573131552248896,-43.52384173148461,-20.99236641221374,False
55011,7.8,36.6,80.3,8.1,78.8,87.0,15.0,12.8,39.6,3.9,0.0595,rural,12.0,47.77928080261526,68.36109232330064,-33.44606019614474,-49.90723562152134,False
55013,7.6,41.2,83.2,10.0,80.5,88.9,16.1,15.5,39.0,4.9,0.1928,rural,16.0,73.8952767444482,59.15201217450119,12.512681772066273,3.7105751391465702,False
55015,7.0,31.0,78.2,6.1,77.5,86.9,12.9,10.3,33.3,3.0,0.0115,metropolitan,,12.430954796528013,76.54928982076429,-83.29387893134933,-69.75190839694656,False
55017,7.6,34.7,78.2,7.2,76.0,85.6,15.6,11.7,41.7,3.6,0.1056,metropolitan,,40.5365798669823,70.84671964829218,-46.36455867433211,-20.801526717557252,False
55019,11.2,33.7,77.9,8.2,74.5,82.9,18.3,12.5,37.9,4.1,0.6347,rural,9.0,49.520910833051516,51.99949272911735,-4.294893473114641,-19.666048237476815,False
55021,7.4,32.8,79.1,6.9,76.0,86.6,14.4,11.3,33.6,3.4,0.0993,metropolitan,,21.950738360951416,75.20502198173824,-73.04700710179236,-52.480916030534345,False
55023,8.2,38.5,81.3,8.8,78.5,86.3,16.4,13.8,37.4,4.4,0.2905,rural,13.0,59.73960094690565,63.80622252282719,-10.821778829895166,-25.51020408163265,False
55025,6.6,25.6,74.3,4.8,73.6,84.8,9.8,8.2,32.4,2.4,0.1855,metropolitan,,3.4748055461616505,64.77003719986473,-72.8102806898884,-66.79389312977099,False
55027,8.5,33.4,78.2,7.0,78.8,85.7,14.9,11.3,42.8,3.5,0.1584,rural,,36.393867658663055,73.35982414609401,-55.22489009130875,-73.37662337662337,False
55029,6.3,38.8,82.7,8.5,81.5,90.0,11.9,13.0,36.6,4.1,0.0525,small_town,,45.237290046218014,92.83268515387218,-56.10415962123774,-69.8529411764706,False
55031,7.1,35.5,78.6,7.2,78.0,86.2,14.3,11.7,41.0,3.5,0.2946,metropolitan,,36.881411340322394,76.3083361515049,-58.13324315184309,-32.91984732824427,False
55033,7.3,29.9,75.9,6.0,75.2,82.7,13.7,9.9,38.8,3.0,0.188,micropolitan,,19.3833840604216,63.20383834967873,-57.017247210010154,-66.8488160291439,False
55035,7.1,29.0,75.4,5.8,75.2,83.2,12.6,9.4,30.0,2.9,0.1616,metropolitan,,7.8288806222522815,63.516655393980386,-67.63611768684477,-57.44274809160306,False
55037,6.9,40.7,82.6,9.0,81.1,89.5,14.5,14.3,37.5,4.3,0.112,micropolitan,18.0,59.57896516739939,52.303855258708154,7.778153533987144,3.096539162112933,False
55039,8.1,34.4,78.3,6.9,78.2,85.7,14.8,11.5,43.8,3.5,0.1887,metropolitan,,37.63386314958854,73.08927967534663,-53.601623266824475,-27.95801526717557,False
55041,9.1,43.2,82.5,9.9,80.2,87.0,19.9,16.7,46.0,5.0,0.3799,rural,17.0,88.74140457671064,48.19918836658776,45.58674332093337,44.24860853432282,False
55043,8.2,31.7,77.6,7.0,76.2,82.7,15.0,11.5,40.9,3.5,0.2224,rural,14.0,34.06042159846691,44.352384173148465,-11.362867771389922,-23.840445269016694,False
55045,7.1,35.9,79.1,7.0,77.8,87.1,13.6,11.3,40.3,3.5,0.0684,micropolitan,,33.341787848044184,78.76859993236388,-65.20121745011836,-71.22040072859745,False
55047,8.8,37.8,80.9,8.6,78.3,86.3,16.0,13.7,40.4,4.3,0.4228,rural,,61.17968661932139,77.82803517078119,-28.98207642881298,-44.89795918367347,False
55049,6.7,33.3,79.5,7.0,77.6,87.4,13.8,11.3,38.7,3.4,0.0051,rural,,27.767444482020068,80.2481400067636,-72.77646263104498,-88.12615955473099,False
55051,6.9,39.6,83.7,9.8,80.7,89.4,14.8,14.8,34.7,4.7,0.0926,small_town,15.0,60.60196144741292,66.46939465674672,-14.372675008454522,-35.66176470588234,False
55053,9.1,38.1,78.7,8.3,77.6,85.1,17.7,13.4,40.4,4.1,0.5231,rural,9.0,60.84150603088716,62.24002367264119,-7.203246533648979,-21.799628942486088,False
55055,7.9,31.1,77.6,6.5,76.4,85.6,13.4,10.7,40.7,3.2,0.1276,micropolitan,,25.572088828767892,69.73706459249239,-62.275955360162335,-70.85610200364299,False
55057,9.2,39.7,79.7,8.7,77.7,85.3,18.5,14.2,42.1,4.3,0.4273,rural,16.0,71.3617405027618,41.37005410889415,39.97294555292526,33.30241187384045,False
55059,9.4,33.6,77.2,6.3,76.7,85.6,14.5,11.4,40.1,3.2,0.5215,metropolitan,16.0,28.89753128170443,36.12614135948596,-1.7247210010145366,20.324427480916036,False
55061,7.5,35.4,79.4,7.6,79.0,87.0,14.7,12.1,41.3,3.7,0.0064,metropolitan,,42.17957389245857,80.63704768346298,-56.00270544470747,-31.6793893129771,False
55063,6.6,30.0,76.9,6.1,78.5,84.6,12.6,10.1,37.5,3.0,0.182,metropolitan,,16.035396234922782,71.29058167061211,-73.18227933716605,-55.91603053435115,False
55065,8.8,36.4,79.2,7.9,78.2,85.5,15.9,12.5,41.9,3.9,0.1339,rural,15.0,50.9525419907564,47.80816706121069,4.328711531958071,-8.905380333951761,False
55067,8.5,39.2,81.6,9.0,78.8,86.4,17.2,14.1,37.1,4.5,0.1607,rural,16.0,63.718859204148345,50.082431518430845,16.300304362529594,4.174397031539883,False
55069,7.8,38.4,79.9,8.5,79.1,87.1,16.0,13.1,42.8,4.1,0.1775,rural,,60.906323977003716,81.42965843760568,-32.938789313493395,-48.886827458256036,False
55071,8.0,36.9,78.7,7.7,78.4,86.6,14.9,12.2,39.1,3.8,0.1346,micropolitan,,42.58257242700936,76.60847142374027,-51.268177206628344,-54.462659380692166,False
55073,7.7,34.4,77.5,6.9,77.0,86.2,14.3,10.9,36.3,3.4,0.1473,metropolitan,15.0,25.18318115206854,47.032465336489686,-25.634088603314172,-4.580152671755727,False
55075,7.7,38.2,81.5,8.7,79.4,87.4,16.1,13.9,37.8,4.2,0.1088,micropolitan,14.0,57.72179010258145,64.84612783226243,-14.89685492052756,-16.393442622950808,False
55077,8.5,40.6,82.2,9.3,80.0,87.4,17.0,14.6,43.4,4.6,0.2227,rural,15.0,75.80317889753128,59.976327358809606,12.884680419343923,3.6178107606679077,False
55078,9.6,38.9,78.6,8.6,78.1,83.8,23.4,18.2,45.4,5.0,0.5743,rural,15.0,83.38406042159848,42.07600608725059,51.792357118701396,48.93320964749537,False
55079,10.8,35.2,76.7,6.2,78.3,84.8,14.6,13.1,38.6,3.6,0.8276,metropolitan,17.0,34.666328486078235,28.920781197159286,15.708488332769702,37.35687022900764,False
55081,9.0,36.0,78.3,7.8,77.3,85.1,17.1,12.8,44.4,3.9,0.4432,small_town,11.0,54.75707361064141,57.75701724721001,-7.372336827866079,-30.14705882352942,False
55083,7.4,37.1,80.5,8.0,79.5,87.4,15.7,12.9,42.7,3.9,0.0204,rural,14.0,53.756622703190175,64.22472100101454,-18.887385864051396,-34.41558441558441,False
55085,6.5,39.1,81.3,8.6,80.5,88.9,14.1,13.8,35.2,4.1,0.036,rural,,49.582910607597796,89.83344606019614,-49.88163679404802,-66.88311688311688,False
55087,7.1,33.3,76.9,6.0,78.7,86.1,12.7,10.3,36.6,3.0,0.0671,metropolitan,,16.838575132454064,74.6216604666892,-76.63172133919512,-59.16030534351144,False
55089,5.5,30.3,80.0,6.3,80.2,88.9,10.3,10.1,30.3,3.0,0.0395,micropolitan,,8.307969789200767,88.0791342576936,-94.26783902603991,-96.35701275045537,False
55091,7.2,36.3,81.0,7.9,79.3,87.7,14.2,12.4,36.6,3.8,0.0442,rural,11.0,38.09040694397475,74.67027392627664,-54.717619208657425,-73.37662337662337,False
55093,6.7,30.8,76.1,5.9,75.1,84.2,13.0,9.8,33.2,2.9,0.0216,rural,,11.128959531056251,65.7549881636794,-68.81974974636456,-74.02597402597402,False
55095,7.2,36.1,80.2,7.5,78.0,87.4,14.3,12.4,35.6,3.8,0.0703,rural,,34.76496449103821,81.41697666553941,-66.28339533310789,-84.04452690166976,False
55097,7.2,29.0,77.2,6.2,77.4,84.1,12.8,9.6,35.1,3.1,0.1063,micropolitan,9.0,12.983316424303913,61.08175515725398,-59.993236388231324,-69.58105646630237,False
55099,7.8,40.1,83.4,9.7,80.8,88.0,16.7,14.8,42.5,4.7,0.2253,rural,15.0,76.03145079472439,63.94994927291174,7.575245180926615,-1.2059369202226264,False
55101,9.6,34.6,78.4,6.7,77.4,86.3,14.7,12.5,42.3,3.5,0.4674,metropolitan,13.0,38.50185999323639,54.70493743659114,-22.624281366249576,4.1030534351144965,False
55103,8.7,37.2,80.9,8.8,78.2,86.1,16.4,13.6,37.5,4.4,0.3764,small_town,13.0,57.659790328035164,61.15150490361853,-9.36760229962799,-30.147058823529406,False
55105,8.8,33.4,77.5,6.7,76.8,85.4,14.7,12.3,41.9,3.4,0.2988,metropolitan,,35.940142035847146,67.71854920527562,-48.072370645924934,-22.709923664122137,False
55107,8.4,39.7,82.1,9.6,80.2,86.7,17.5,14.9,41.1,4.7,0.216,rural,15.0,75.36636230413707,59.16258031788975,13.96685830233345,4.916512059369211,False
55109,6.1,32.0,77.3,5.7,76.2,87.2,12.6,9.6,36.3,2.9,0.0086,metropolitan,,13.732950061999773,74.92602299628001,-80.11498140006763,-64.88549618320612,False
55111,8.0,34.0,79.2,7.1,77.5,86.3,14.9,12.3,40.4,3.5,0.2323,micropolitan,,37.02795626197723,75.34029421711193,-57.22015556307069,-62.11293260473589,False
55113,7.6,41.4,82.4,9.6,80.8,87.9,17.3,15.2,34.3,4.8,0.3758,rural,11.0,68.32938789313494,77.94851200541089,-20.49374365911396,-33.20964749536178,False
55115,8.1,35.9,80.9,8.1,79.1,86.3,16.7,12.9,40.4,4.1,0.1769,rural,,54.09198512005412,80.72370645924923,-40.75076090632396,-57.606679035250465,False
55117,7.9,35.4,77.7,6.9,77.9,86.1,13.7,11.5,36.6,3.4,0.16,metropolitan,8.0,26.44572201555631,66.76530267162664,-56.74670273926276,-34.54198473282444,False
55119,8.3,37.3,81.0,8.2,79.2,86.2,16.3,12.8,44.3,4.1,0.189,rural,11.0,58.530605343253285,69.66731484612782,-21.812647954007453,-37.01298701298701,False
55121,9.0,35.3,78.5,7.5,77.7,85.8,15.8,12.3,41.3,3.7,0.1989,rural,,44.63983767331755,71.19546838011499,-41.88366587757863,-59.78664192949907,False
55123,8.0,36.5,80.2,8.4,78.2,86.0,16.1,12.9,38.8,4.1,0.4779,rural,15.0,52.167173937549315,52.46237740953669,-1.2005410889414847,-15.584415584415588,False
55125,6.3,41.6,82.9,9.4,80.7,89.9,14.2,13.8,38.4,4.4,0.0729,rural,12.0,61.97441100214181,78.91232668244842,-29.1511667230301,-44.8051948051948,False
55127,8.4,32.7,78.4,6.8,77.3,85.5,12.8,11.2,38.4,3.3,0.2074,micropolitan,,23.793822567917932,70.8023334460602,-65.48867095028746,-74.13479052823315,False
55129,7.4,40.4,82.6,9.2,80.5,88.4,15.7,14.4,35.6,4.5,0.119,rural,15.0,61.577048810731604,64.32617517754481,-9.841055123435908,-24.397031539888687,False
55131,6.2,32.9,79.3,6.5,79.2,88.0,12.1,10.5,36.4,3.2,0.008,micropolitan,,17.746026378085897,83.92374027730807,-84.27460263780858,-89.43533697632058,False
55133,5.7,33.6,78.6,6.2,79.5,88.7,10.3,10.5,33.4,2.9,0.0191,metropolitan,,11.90959305602525,84.21964829218803,-89.95603652350354,-79.19847328244275,False
55135,8.2,36.7,79.7,7.7,78.4,86.5,15.7,13.1,38.2,3.8,0.1142,rural,16.0,45.18656295795287,47.357964152857626,-2.603990530943527,-16.512059369202227,False
55137,8.9,39.1,81.7,8.9,79.3,87.3,16.5,14.4,39.7,4.4,0.3917,rural,11.0,66.23830458798331,71.74078457896516,-15.454852891444048,-28.107606679035257,False
55139,7.7,32.4,77.3,6.3,78.0,84.6,14.2,11.2,40.0,3.2,0.1549,metropolitan,,26.910720324653365,69.31856611430504,-60.38214406493067,-37.40458015267176,False
55141,7.9,35.9,79.4,7.8,77.7,86.5,15.5,12.6,40.0,3.9,0.1791,micropolitan,,46.812647954007446,76.65074399729455,-46.11092323300643,-48.998178506375226,False
56001,10.3,25.4,65.7,4.7,67.7,76.0,10.5,7.5,27.0,2.4,0.2533,micropolitan,21.0,1.9332656972156463,6.854497801826176,0.3381805884342238,0.546448087431694,False
56003,13.1,35.7,75.5,8.2,68.9,82.4,15.7,12.6,33.8,4.0,0.531,rural,11.0,41.286213504678166,41.611007778153535,3.2127155901251214,-10.111317254174399,False
56005,12.5,29.6,70.7,5.6,67.2,80.9,15.3,9.9,35.9,2.9,0.2367,micropolitan,11.0,17.38811858865968,39.37901589448766,-18.1264795400744,-30.783242258652095,False
56007,14.7,34.6,73.6,7.4,69.3,81.5,15.6,12.9,38.6,3.8,0.5377,rural,13.0,41.44966745575471,33.953331078796076,17.50084545147109,3.2931354359925784,False
56009,12.0,34.3,74.4,7.1,70.8,82.5,15.4,11.5,37.3,3.6,0.2781,small_town,14.0,32.16942847480555,32.947243828204265,7.067974298275281,-6.25,False
56011,9.5,34.4,76.0,7.3,72.6,85.4,13.5,11.5,32.6,3.6,0.0722,rural,16.0,24.15736670048472,31.416976665539394,1.4541765302671656,-9.369202226345084,False
56013,11.7,35.4,73.3,7.6,66.9,81.9,16.4,12.4,33.9,3.9,0.7642,micropolitan,17.0,38.16649757637245,16.549712546499833,31.416976665539398,30.601092896174862,False
56015,12.1,35.8,75.4,8.0,72.0,83.0,13.9,12.3,36.8,3.9,0.2918,small_town,16.0,38.22849735091872,23.72548190733852,26.61481230977342,12.5,False
56017,10.9,39.1,79.1,9.7,74.3,85.1,14.9,14.5,35.1,4.8,0.1938,rural,12.0,60.35959869236839,51.73317551572539,9.299966181941151,-4.267161410018552,False
56019,10.5,37.1,78.1,8.8,72.0,85.0,14.7,13.1,35.6,4.3,0.1709,small_town,7.0,48.96291286213505,56.94327020629016,-13.391951301995263,-35.661764705882355,False
56021,12.0,30.3,72.8,5.9,70.3,82.2,13.3,10.5,33.8,3.1,0.2514,metropolitan,18.0,13.24258820877015,12.8191579303348,7.101792357118702,17.748091603053435,False
56023,10.0,34.5,73.6,6.8,69.9,84.0,14.1,11.4,35.4,3.5,0.118,rural,12.0,24.93518205388344,43.24484274602638,-18.549205275617176,-28.478664192949907,False
56025,11.6,30.2,73.5,6.2,70.6,82.1,14.9,11.1,36.6,3.2,0.3987,metropolitan,18.0,21.499830909705782,13.520882651335814,14.102130537707135,30.534351145038165,False
56027,11.6,36.4,77.6,8.7,71.8,83.5,16.1,13.0,36.3,4.4,0.419,rural,14.0,52.32499154548529,37.56340886033142,25.16063577950625,12.523191094619673,False
56029,10.0,34.0,76.6,7.4,71.4,85.0,12.5,11.7,31.5,3.7,0.1072,small_town,8.0,23.385187690226584,54.19555292526209,-39.39803855258708,-56.61764705882353,False
56031,12.1,38.7,77.4,9.0,72.0,84.6,15.0,13.5,35.8,4.4,0.3309,rural,9.0,54.72607372336828,51.12656408522151,3.466351031450799,-9.972170686456401,False
56033,9.7,34.0,75.6,7.0,72.0,84.7,12.9,10.9,30.6,3.5,0.2211,micropolitan,14.0,18.800022545372563,39.269107203246534,-16.638484950963814,-29.14389799635702,False
56035,9.5,34.4,75.6,7.3,72.3,85.9,12.7,11.2,33.3,3.6,0.1225,rural,17.0,22.790553488896403,27.14533310787961,6.019614474129188,-4.916512059369202,False
56037,14.1,31.1,70.3,6.2,69.0,80.4,16.1,11.1,36.3,3.2,0.4722,micropolitan,13.0,24.081276068087025,32.83099425093,-0.676361176868447,-14.02550091074681,False
56039,9.2,27.0,71.2,5.0,69.0,85.3,9.2,8.4,24.0,2.4,0.1693,micropolitan,,1.558448878367715,59.042103483260064,-64.98140006763612,-71.40255009107467,False
56041,11.8,31.6,73.5,6.5,67.8,81.9,14.8,11.0,34.4,3.3,0.2803,micropolitan,14.0,20.234471874647728,31.951724721001014,-3.009807237064594,-15.664845173041892,False
56043,13.6,36.1,76.6,8.5,70.0,83.3,15.4,13.7,33.3,4.3,0.2192,small_town,13.0,47.72009919963927,37.79168075752452,18.51538721677376,0.3676470588235219,False
56045,12.0,34.6,74.9,7.9,69.2,82.8,15.7,12.6,35.7,3.9,0.3331,rural,14.0,39.78130988614587,33.04235711870139,16.80757524518093,2.133580705009276,False
